day,s,i,r,edgecount,suscedgecount
1,497,3,0,0.9946666666666667,0.9973381874300429
2,495,5,0,0.9911666666666666,0.9955861738905217
3,488,11,1,0.9825,0.991089161046841
4,484,13,3,0.9811666666666666,0.9902807222421847
5,482,15,3,0.9793333333333333,0.9892958085272715
6,477,18,5,0.9758333333333333,0.987337222374138
7,470,24,6,0.967,0.9823966500659378
8,460,31,9,0.9536666666666667,0.9747789042680346
9,447,42,11,0.9383333333333334,0.9654418307720516
10,432,56,12,0.9178333333333333,0.9524013767663123
11,422,64,14,0.9143333333333333,0.949272214285093
12,406,77,17,0.9053333333333333,0.9416984193392417
13,388,89,23,0.8935,0.9313367082640951
14,372,102,26,0.8841666666666667,0.9220691572725234
15,354,110,36,0.8771666666666667,0.9131381203746715
16,336,124,40,0.8663333333333333,0.9005276790104688
17,315,140,45,0.8585,0.8878402560300421
18,288,165,47,0.8383333333333334,0.8601332414398537
19,263,184,53,0.8391666666666666,0.8473051834739717
20,234,200,66,0.8138333333333333,0.8011464347343203
21,205,220,75,0.8078333333333333,0.7658197309544075
22,185,235,80,0.8021666666666667,0.7328059620233534
23,165,244,91,0.8043333333333333,0.7038698935866261
24,134,268,98,0.8156666666666667,0.6559934103558374
25,114,272,114,0.837,0.6424429788789056
26,95,277,128,0.8591666666666666,0.6296994008618723
27,83,278,139,0.8755,0.6247407420587096
28,73,276,151,0.8935,0.6352468270484947
29,55,284,161,0.9138333333333334,0.6074901251581092
30,49,279,172,0.9228333333333333,0.6046601782981552
31,37,278,185,0.9418333333333333,0.6052606452606453
32,29,278,193,0.9533333333333334,0.5926749038068377
33,23,270,207,0.9628333333333333,0.5903812224322621
34,20,262,218,0.9708333333333333,0.6289601449275362
35,12,255,233,0.9816666666666667,0.609903381642512
36,10,250,240,0.986,0.642391304347826
37,9,242,249,0.9873333333333333,0.6411030595813204
38,9,232,259,0.9876666666666667,0.6503623188405797
39,6,226,268,0.9916666666666667,0.6446256038647343
40,5,225,270,0.9931666666666666,0.6521739130434783
41,5,217,278,0.9938333333333333,0.6855072463768115
42,5,213,282,0.9938333333333333,0.6855072463768115
43,3,205,292,0.9963333333333333,0.6841787439613526
44,3,199,298,0.9963333333333333,0.6841787439613526
45,2,192,306,0.9981666666666666,0.7653985507246377
46,2,185,313,0.9985,0.8070652173913043
47,2,172,326,0.999,0.8713768115942029
48,2,167,331,0.999,0.8713768115942029
49,2,162,336,0.999,0.8713768115942029
50,2,161,337,0.999,0.8713768115942029
51,2,150,348,0.9993333333333333,0.9148550724637681
52,2,146,352,0.9993333333333333,0.9148550724637681
53,2,140,358,0.9993333333333333,0.9148550724637681
54,2,135,363,0.9993333333333333,0.9148550724637681
55,2,127,371,0.9993333333333333,0.9148550724637681
56,2,124,374,0.9993333333333333,0.9148550724637681
57,2,119,379,0.9993333333333333,0.9148550724637681
58,2,110,388,0.9995,0.9365942028985508
59,2,106,392,0.9995,0.9365942028985508
60,2,102,396,0.9995,0.9365942028985508
61,2,100,398,0.9995,0.9365942028985508
62,2,95,403,0.9995,0.9365942028985508
63,2,90,408,0.9995,0.9365942028985508
64,2,87,411,0.9995,0.9365942028985508
65,2,85,413,0.9995,0.9365942028985508
66,2,82,416,0.9996666666666667,0.957427536231884
67,2,80,418,0.9996666666666667,0.957427536231884
68,2,78,420,0.9996666666666667,0.957427536231884
69,2,75,423,0.9996666666666667,0.957427536231884
70,1,71,428,0.9998333333333334,0.9565217391304348
71,1,66,433,0.9998333333333334,0.9565217391304348
72,1,62,437,0.9998333333333334,0.9565217391304348
73,1,61,438,0.9998333333333334,0.9565217391304348
74,1,59,440,0.9998333333333334,0.9565217391304348
75,1,57,442,0.9998333333333334,0.9565217391304348
76,1,53,446,1.0,1.0
77,1,52,447,1.0,1.0
78,1,46,453,1.0,1.0
79,1,43,456,1.0,1.0
80,1,41,458,1.0,1.0
81,1,40,459,1.0,1.0
82,1,40,459,1.0,1.0
83,1,37,462,1.0,1.0
84,1,34,465,1.0,1.0
85,1,31,468,1.0,1.0
86,1,31,468,1.0,1.0
87,1,31,468,1.0,1.0
88,1,31,468,1.0,1.0
89,1,29,470,1.0,1.0
90,1,29,470,1.0,1.0
91,1,27,472,1.0,1.0
92,1,27,472,1.0,1.0
93,1,25,474,1.0,1.0
94,1,23,476,1.0,1.0
95,1,22,477,1.0,1.0
96,1,22,477,1.0,1.0
97,1,20,479,1.0,1.0
98,1,19,480,1.0,1.0
99,1,19,480,1.0,1.0
100,1,18,481,1.0,1.0
101,1,17,482,1.0,1.0
102,1,17,482,1.0,1.0
103,1,15,484,1.0,1.0
104,1,15,484,1.0,1.0
105,1,15,484,1.0,1.0
106,1,15,484,1.0,1.0
107,1,13,486,1.0,1.0
108,1,11,488,1.0,1.0
109,1,11,488,1.0,1.0
110,1,10,489,1.0,1.0
111,1,9,490,1.0,1.0
112,1,9,490,1.0,1.0
113,1,9,490,1.0,1.0
114,1,9,490,1.0,1.0
115,1,8,491,1.0,1.0
116,1,8,491,1.0,1.0
117,1,8,491,1.0,1.0
118,1,8,491,1.0,1.0
119,1,8,491,1.0,1.0
120,1,8,491,1.0,1.0
121,1,7,492,1.0,1.0
122,1,7,492,1.0,1.0
123,1,6,493,1.0,1.0
124,1,5,494,1.0,1.0
125,1,4,495,1.0,1.0
126,1,2,497,1.0,1.0
127,1,2,497,1.0,1.0
128,1,2,497,1.0,1.0
129,1,2,497,1.0,1.0
130,1,2,497,1.0,1.0
131,1,2,497,1.0,1.0
132,1,2,497,1.0,1.0
133,1,2,497,1.0,1.0
134,1,2,497,1.0,1.0
135,1,2,497,1.0,1.0
136,1,2,497,1.0,1.0
137,1,2,497,1.0,1.0
138,1,2,497,1.0,1.0
139,1,2,497,1.0,1.0
140,1,2,497,1.0,1.0
141,1,2,497,1.0,1.0
142,1,2,497,1.0,1.0
143,1,2,497,1.0,1.0
144,1,2,497,1.0,1.0
145,1,2,497,1.0,1.0
146,1,2,497,1.0,1.0
147,1,2,497,1.0,1.0
148,1,2,497,1.0,1.0
149,1,2,497,1.0,1.0
150,1,2,497,1.0,1.0
151,1,2,497,1.0,1.0
152,1,2,497,1.0,1.0
153,1,2,497,1.0,1.0
154,1,2,497,1.0,1.0
155,1,2,497,1.0,1.0
156,1,2,497,1.0,1.0
157,1,2,497,1.0,1.0
158,1,2,497,1.0,1.0
159,1,2,497,1.0,1.0
160,1,2,497,1.0,1.0
161,1,2,497,1.0,1.0
162,1,2,497,1.0,1.0
163,1,1,498,1.0,1.0
164,1,1,498,1.0,1.0
165,1,1,498,1.0,1.0
166,1,1,498,1.0,1.0
167,1,1,498,1.0,1.0
168,1,1,498,1.0,1.0
169,1,1,498,1.0,1.0
170,1,1,498,1.0,1.0
171,1,1,498,1.0,1.0
172,1,1,498,1.0,1.0
173,1,1,498,1.0,1.0
174,1,1,498,1.0,1.0
175,1,1,498,1.0,1.0
176,1,1,498,1.0,1.0
177,1,1,498,1.0,1.0
178,1,1,498,1.0,1.0
179,1,1,498,1.0,1.0
180,1,1,498,1.0,1.0
181,1,1,498,1.0,1.0
182,1,1,498,1.0,1.0
183,1,1,498,1.0,1.0
184,1,1,498,1.0,1.0
185,1,1,498,1.0,1.0
186,1,1,498,1.0,1.0
187,1,1,498,1.0,1.0
188,1,1,498,1.0,1.0
189,1,1,498,1.0,1.0
190,1,1,498,1.0,1.0
191,1,1,498,1.0,1.0
192,1,1,498,1.0,1.0
193,1,1,498,1.0,1.0
194,1,0,499,1.0,1.0
195,1,0,499,1.0,1.0
196,1,0,499,1.0,1.0
197,1,0,499,1.0,1.0
198,1,0,499,1.0,1.0
199,1,0,499,1.0,1.0
200,1,0,499,1.0,1.0
1,497,3,0,0.9943333333333333,1.0
2,494,6,0,0.9886666666666667,0.9971489561277286
3,492,7,1,0.9878333333333333,0.9967074489216311
4,490,9,1,0.9853333333333333,0.9954087332927637
5,484,15,1,0.977,0.9910298606037218
6,482,15,3,0.9768333333333333,0.9908282149726626
7,475,21,4,0.9681666666666666,0.9860587686686728
8,464,29,7,0.9531666666666667,0.977601963151278
9,453,40,7,0.9308333333333333,0.9645952937531362
10,435,55,10,0.9046666666666666,0.9478739652152224
11,418,69,13,0.8896666666666667,0.9365718064325638
12,398,84,18,0.867,0.9188788080192968
13,372,105,23,0.8405,0.8950977517509007
14,346,129,25,0.8078333333333333,0.8631437313210291
15,319,146,35,0.7871666666666667,0.8353049617940296
16,289,166,45,0.7745,0.8070874273801018
17,259,187,54,0.7665,0.7766218829907223
18,229,211,60,0.7701666666666667,0.7506558518472947
19,200,226,74,0.7915,0.740778156306313
20,173,243,84,0.7956666666666666,0.705816624762998
21,147,261,92,0.8078333333333333,0.6739088280432909
22,128,268,104,0.8226666666666667,0.6543743299395368
23,103,280,117,0.8485,0.633350230041885
24,87,282,131,0.87,0.6272977958020043
25,69,285,146,0.8943333333333333,0.618693009531834
26,58,288,154,0.9091666666666667,0.6094744851857132
27,48,286,166,0.9255,0.6120949930032915
28,37,282,181,0.9406666666666667,0.5988493087354455
29,30,282,188,0.9525,0.6053421694453098
30,28,274,198,0.9568333333333333,0.6156955698280097
31,20,272,208,0.9705,0.6328738178885653
32,15,271,214,0.9775,0.6250834789405386
33,14,262,224,0.9795,0.6340466203402043
34,10,256,234,0.986,0.6491675329984503
35,10,248,242,0.9868333333333333,0.6700744095019586
36,8,234,258,0.9905,0.7051529006303645
37,8,224,268,0.9908333333333333,0.7158261626618306
38,8,210,282,0.9911666666666666,0.7258544871577783
39,8,201,291,0.9915,0.735882811653726
40,8,195,297,0.9916666666666667,0.7411058973286988
41,8,188,304,0.9921666666666666,0.7567933216081386
42,5,185,310,0.995,0.748200210219401
43,5,181,314,0.995,0.748200210219401
44,5,170,325,0.9953333333333333,0.7649431519865482
45,4,165,331,0.9965,0.7817732965753996
46,4,161,335,0.9965,0.7817732965753996
47,3,152,345,0.9976666666666667,0.8028473118205071
48,2,147,351,0.9981666666666666,0.7630246899090627
49,2,139,359,0.9985,0.8066261007610092
50,1,135,364,0.999,0.7412239844830893
51,1,130,369,0.999,0.7412239844830893
52,1,125,374,0.999,0.7412239844830893
53,1,118,381,0.9991666666666666,0.7848253953350359
54,1,117,382,0.9991666666666666,0.7848253953350359
55,1,111,388,0.9993333333333333,0.8284268061869823
56,1,105,394,0.9996666666666667,0.9156296278908751
57,1,103,396,0.9996666666666667,0.9156296278908751
58,1,102,397,0.9996666666666667,0.9156296278908751
59,1,99,400,0.9996666666666667,0.9156296278908751
60,0,97,403,1.0,
61,0,96,404,1.0,
62,0,90,410,1.0,
63,0,85,415,1.0,
64,0,84,416,1.0,
65,0,77,423,1.0,
66,0,74,426,1.0,
67,0,73,427,1.0,
68,0,72,428,1.0,
69,0,69,431,1.0,
70,0,67,433,1.0,
71,0,63,437,1.0,
72,0,62,438,1.0,
73,0,59,441,1.0,
74,0,56,444,1.0,
75,0,56,444,1.0,
76,0,55,445,1.0,
77,0,51,449,1.0,
78,0,49,451,1.0,
79,0,48,452,1.0,
80,0,45,455,1.0,
81,0,44,456,1.0,
82,0,42,458,1.0,
83,0,41,459,1.0,
84,0,39,461,1.0,
85,0,39,461,1.0,
86,0,37,463,1.0,
87,0,35,465,1.0,
88,0,34,466,1.0,
89,0,34,466,1.0,
90,0,31,469,1.0,
91,0,29,471,1.0,
92,0,29,471,1.0,
93,0,25,475,1.0,
94,0,24,476,1.0,
95,0,23,477,1.0,
96,0,20,480,1.0,
97,0,19,481,1.0,
98,0,19,481,1.0,
99,0,19,481,1.0,
100,0,19,481,1.0,
101,0,18,482,1.0,
102,0,18,482,1.0,
103,0,18,482,1.0,
104,0,17,483,1.0,
105,0,16,484,1.0,
106,0,15,485,1.0,
107,0,13,487,1.0,
108,0,12,488,1.0,
109,0,11,489,1.0,
110,0,11,489,1.0,
111,0,9,491,1.0,
112,0,9,491,1.0,
113,0,8,492,1.0,
114,0,7,493,1.0,
115,0,7,493,1.0,
116,0,7,493,1.0,
117,0,6,494,1.0,
118,0,5,495,1.0,
119,0,5,495,1.0,
120,0,5,495,1.0,
121,0,4,496,1.0,
122,0,4,496,1.0,
123,0,4,496,1.0,
124,0,4,496,1.0,
125,0,4,496,1.0,
126,0,4,496,1.0,
127,0,4,496,1.0,
128,0,4,496,1.0,
129,0,4,496,1.0,
130,0,4,496,1.0,
131,0,4,496,1.0,
132,0,3,497,1.0,
133,0,3,497,1.0,
134,0,3,497,1.0,
135,0,2,498,1.0,
136,0,2,498,1.0,
137,0,2,498,1.0,
138,0,1,499,1.0,
139,0,1,499,1.0,
140,0,1,499,1.0,
141,0,1,499,1.0,
142,0,1,499,1.0,
143,0,1,499,1.0,
144,0,1,499,1.0,
145,0,1,499,1.0,
146,0,1,499,1.0,
147,0,1,499,1.0,
148,0,1,499,1.0,
149,0,1,499,1.0,
150,0,1,499,1.0,
151,0,1,499,1.0,
152,0,0,500,1.0,
153,0,0,500,1.0,
154,0,0,500,1.0,
155,0,0,500,1.0,
156,0,0,500,1.0,
157,0,0,500,1.0,
158,0,0,500,1.0,
159,0,0,500,1.0,
160,0,0,500,1.0,
161,0,0,500,1.0,
162,0,0,500,1.0,
163,0,0,500,1.0,
164,0,0,500,1.0,
165,0,0,500,1.0,
166,0,0,500,1.0,
167,0,0,500,1.0,
168,0,0,500,1.0,
169,0,0,500,1.0,
170,0,0,500,1.0,
171,0,0,500,1.0,
172,0,0,500,1.0,
173,0,0,500,1.0,
174,0,0,500,1.0,
175,0,0,500,1.0,
176,0,0,500,1.0,
177,0,0,500,1.0,
178,0,0,500,1.0,
179,0,0,500,1.0,
180,0,0,500,1.0,
181,0,0,500,1.0,
182,0,0,500,1.0,
183,0,0,500,1.0,
184,0,0,500,1.0,
185,0,0,500,1.0,
186,0,0,500,1.0,
187,0,0,500,1.0,
188,0,0,500,1.0,
189,0,0,500,1.0,
190,0,0,500,1.0,
191,0,0,500,1.0,
192,0,0,500,1.0,
193,0,0,500,1.0,
194,0,0,500,1.0,
195,0,0,500,1.0,
196,0,0,500,1.0,
197,0,0,500,1.0,
198,0,0,500,1.0,
199,0,0,500,1.0,
200,0,0,500,1.0,
1,499,1,0,1.0,1.0
2,499,0,1,1.0,1.0
3,499,0,1,1.0,1.0
4,499,0,1,1.0,1.0
5,499,0,1,1.0,1.0
6,499,0,1,1.0,1.0
7,499,0,1,1.0,1.0
8,499,0,1,1.0,1.0
9,499,0,1,1.0,1.0
10,499,0,1,1.0,1.0
11,499,0,1,1.0,1.0
12,499,0,1,1.0,1.0
13,499,0,1,1.0,1.0
14,499,0,1,1.0,1.0
15,499,0,1,1.0,1.0
16,499,0,1,1.0,1.0
17,499,0,1,1.0,1.0
18,499,0,1,1.0,1.0
19,499,0,1,1.0,1.0
20,499,0,1,1.0,1.0
21,499,0,1,1.0,1.0
22,499,0,1,1.0,1.0
23,499,0,1,1.0,1.0
24,499,0,1,1.0,1.0
25,499,0,1,1.0,1.0
26,499,0,1,1.0,1.0
27,499,0,1,1.0,1.0
28,499,0,1,1.0,1.0
29,499,0,1,1.0,1.0
30,499,0,1,1.0,1.0
31,499,0,1,1.0,1.0
32,499,0,1,1.0,1.0
33,499,0,1,1.0,1.0
34,499,0,1,1.0,1.0
35,499,0,1,1.0,1.0
36,499,0,1,1.0,1.0
37,499,0,1,1.0,1.0
38,499,0,1,1.0,1.0
39,499,0,1,1.0,1.0
40,499,0,1,1.0,1.0
41,499,0,1,1.0,1.0
42,499,0,1,1.0,1.0
43,499,0,1,1.0,1.0
44,499,0,1,1.0,1.0
45,499,0,1,1.0,1.0
46,499,0,1,1.0,1.0
47,499,0,1,1.0,1.0
48,499,0,1,1.0,1.0
49,499,0,1,1.0,1.0
50,499,0,1,1.0,1.0
51,499,0,1,1.0,1.0
52,499,0,1,1.0,1.0
53,499,0,1,1.0,1.0
54,499,0,1,1.0,1.0
55,499,0,1,1.0,1.0
56,499,0,1,1.0,1.0
57,499,0,1,1.0,1.0
58,499,0,1,1.0,1.0
59,499,0,1,1.0,1.0
60,499,0,1,1.0,1.0
61,499,0,1,1.0,1.0
62,499,0,1,1.0,1.0
63,499,0,1,1.0,1.0
64,499,0,1,1.0,1.0
65,499,0,1,1.0,1.0
66,499,0,1,1.0,1.0
67,499,0,1,1.0,1.0
68,499,0,1,1.0,1.0
69,499,0,1,1.0,1.0
70,499,0,1,1.0,1.0
71,499,0,1,1.0,1.0
72,499,0,1,1.0,1.0
73,499,0,1,1.0,1.0
74,499,0,1,1.0,1.0
75,499,0,1,1.0,1.0
76,499,0,1,1.0,1.0
77,499,0,1,1.0,1.0
78,499,0,1,1.0,1.0
79,499,0,1,1.0,1.0
80,499,0,1,1.0,1.0
81,499,0,1,1.0,1.0
82,499,0,1,1.0,1.0
83,499,0,1,1.0,1.0
84,499,0,1,1.0,1.0
85,499,0,1,1.0,1.0
86,499,0,1,1.0,1.0
87,499,0,1,1.0,1.0
88,499,0,1,1.0,1.0
89,499,0,1,1.0,1.0
90,499,0,1,1.0,1.0
91,499,0,1,1.0,1.0
92,499,0,1,1.0,1.0
93,499,0,1,1.0,1.0
94,499,0,1,1.0,1.0
95,499,0,1,1.0,1.0
96,499,0,1,1.0,1.0
97,499,0,1,1.0,1.0
98,499,0,1,1.0,1.0
99,499,0,1,1.0,1.0
100,499,0,1,1.0,1.0
101,499,0,1,1.0,1.0
102,499,0,1,1.0,1.0
103,499,0,1,1.0,1.0
104,499,0,1,1.0,1.0
105,499,0,1,1.0,1.0
106,499,0,1,1.0,1.0
107,499,0,1,1.0,1.0
108,499,0,1,1.0,1.0
109,499,0,1,1.0,1.0
110,499,0,1,1.0,1.0
111,499,0,1,1.0,1.0
112,499,0,1,1.0,1.0
113,499,0,1,1.0,1.0
114,499,0,1,1.0,1.0
115,499,0,1,1.0,1.0
116,499,0,1,1.0,1.0
117,499,0,1,1.0,1.0
118,499,0,1,1.0,1.0
119,499,0,1,1.0,1.0
120,499,0,1,1.0,1.0
121,499,0,1,1.0,1.0
122,499,0,1,1.0,1.0
123,499,0,1,1.0,1.0
124,499,0,1,1.0,1.0
125,499,0,1,1.0,1.0
126,499,0,1,1.0,1.0
127,499,0,1,1.0,1.0
128,499,0,1,1.0,1.0
129,499,0,1,1.0,1.0
130,499,0,1,1.0,1.0
131,499,0,1,1.0,1.0
132,499,0,1,1.0,1.0
133,499,0,1,1.0,1.0
134,499,0,1,1.0,1.0
135,499,0,1,1.0,1.0
136,499,0,1,1.0,1.0
137,499,0,1,1.0,1.0
138,499,0,1,1.0,1.0
139,499,0,1,1.0,1.0
140,499,0,1,1.0,1.0
141,499,0,1,1.0,1.0
142,499,0,1,1.0,1.0
143,499,0,1,1.0,1.0
144,499,0,1,1.0,1.0
145,499,0,1,1.0,1.0
146,499,0,1,1.0,1.0
147,499,0,1,1.0,1.0
148,499,0,1,1.0,1.0
149,499,0,1,1.0,1.0
150,499,0,1,1.0,1.0
151,499,0,1,1.0,1.0
152,499,0,1,1.0,1.0
153,499,0,1,1.0,1.0
154,499,0,1,1.0,1.0
155,499,0,1,1.0,1.0
156,499,0,1,1.0,1.0
157,499,0,1,1.0,1.0
158,499,0,1,1.0,1.0
159,499,0,1,1.0,1.0
160,499,0,1,1.0,1.0
161,499,0,1,1.0,1.0
162,499,0,1,1.0,1.0
163,499,0,1,1.0,1.0
164,499,0,1,1.0,1.0
165,499,0,1,1.0,1.0
166,499,0,1,1.0,1.0
167,499,0,1,1.0,1.0
168,499,0,1,1.0,1.0
169,499,0,1,1.0,1.0
170,499,0,1,1.0,1.0
171,499,0,1,1.0,1.0
172,499,0,1,1.0,1.0
173,499,0,1,1.0,1.0
174,499,0,1,1.0,1.0
175,499,0,1,1.0,1.0
176,499,0,1,1.0,1.0
177,499,0,1,1.0,1.0
178,499,0,1,1.0,1.0
179,499,0,1,1.0,1.0
180,499,0,1,1.0,1.0
181,499,0,1,1.0,1.0
182,499,0,1,1.0,1.0
183,499,0,1,1.0,1.0
184,499,0,1,1.0,1.0
185,499,0,1,1.0,1.0
186,499,0,1,1.0,1.0
187,499,0,1,1.0,1.0
188,499,0,1,1.0,1.0
189,499,0,1,1.0,1.0
190,499,0,1,1.0,1.0
191,499,0,1,1.0,1.0
192,499,0,1,1.0,1.0
193,499,0,1,1.0,1.0
194,499,0,1,1.0,1.0
195,499,0,1,1.0,1.0
196,499,0,1,1.0,1.0
197,499,0,1,1.0,1.0
198,499,0,1,1.0,1.0
199,499,0,1,1.0,1.0
200,499,0,1,1.0,1.0
1,497,3,0,0.995,1.0
2,497,3,0,0.995,1.0
3,496,4,0,0.9935,0.99923326565693
4,493,7,0,0.9873333333333333,0.9960594367113699
5,488,11,1,0.9805,0.992508828202071
6,487,11,2,0.9813333333333333,0.9929293695921674
7,482,16,2,0.9766666666666667,0.9904057796920486
8,476,21,3,0.9685,0.9859501223358311
9,469,27,4,0.9563333333333334,0.9792069237612092
10,456,39,5,0.942,0.9706954876157619
11,448,45,7,0.9368333333333333,0.9671921489894715
12,432,61,7,0.914,0.9526054194783697
13,414,75,11,0.9,0.9419154546969174
14,395,90,15,0.8913333333333333,0.9335512370320992
15,381,101,18,0.8808333333333334,0.9241826629213686
16,359,120,21,0.861,0.9055827077491146
17,333,141,26,0.8375,0.8804614610028945
18,313,155,32,0.8403333333333334,0.874587381518191
19,287,172,41,0.8216666666666667,0.8464052389683576
20,265,184,51,0.8225,0.8344029282300928
21,246,196,58,0.8195,0.8182299536580114
22,222,211,67,0.8046666666666666,0.7816307570613757
23,197,229,74,0.8075,0.7573000071160524
24,180,239,81,0.7985,0.7215128629636081
25,152,259,89,0.8148333333333333,0.6969673184770344
26,130,272,98,0.8253333333333334,0.6655447864786312
27,107,282,111,0.8521666666666666,0.6553095823995629
28,85,295,120,0.8695,0.6152670054023921
29,79,291,130,0.8806666666666667,0.6211223018913176
30,65,295,140,0.8985,0.6075329755794733
31,49,301,150,0.9215,0.5965888396971898
32,41,302,157,0.933,0.5861611789425526
33,38,293,169,0.9393333333333334,0.5951667951128472
34,30,295,175,0.9503333333333334,0.5785431411073275
35,26,279,195,0.9586666666666667,0.5959319073650107
36,22,274,204,0.9676666666666667,0.6254724627765328
37,20,258,222,0.9723333333333334,0.646792320481168
38,18,251,231,0.9748333333333333,0.641763816596659
39,15,247,238,0.979,0.6418263373728157
40,14,240,246,0.9808333333333333,0.6521762933460082
41,12,223,265,0.985,0.6824019279849508
42,6,218,276,0.9923333333333333,0.6711666646127656
43,4,209,287,0.9948333333333333,0.6657613535453991
44,4,197,299,0.9951666666666666,0.6881393413642964
45,4,191,305,0.9951666666666666,0.6881393413642964
46,3,179,318,0.9963333333333333,0.6808097395569475
47,3,175,322,0.9965,0.6953392157060285
48,3,165,332,0.9968333333333333,0.723187378325101
49,3,155,342,0.997,0.7377168544741821
50,3,150,347,0.997,0.7377168544741821
51,2,148,350,0.998,0.7306250863537972
52,1,142,357,0.9988333333333334,0.6974148551558974
53,1,134,365,0.9988333333333334,0.6974148551558974
54,1,128,371,0.9988333333333334,0.6974148551558974
55,1,121,378,0.999,0.7410032836031409
56,1,120,379,0.999,0.7410032836031409
57,0,116,384,1.0,
58,0,112,388,1.0,
59,0,108,392,1.0,
60,0,102,398,1.0,
61,0,94,406,1.0,
62,0,88,412,1.0,
63,0,86,414,1.0,
64,0,84,416,1.0,
65,0,81,419,1.0,
66,0,78,422,1.0,
67,0,74,426,1.0,
68,0,72,428,1.0,
69,0,70,430,1.0,
70,0,69,431,1.0,
71,0,67,433,1.0,
72,0,65,435,1.0,
73,0,62,438,1.0,
74,0,61,439,1.0,
75,0,60,440,1.0,
76,0,57,443,1.0,
77,0,55,445,1.0,
78,0,51,449,1.0,
79,0,48,452,1.0,
80,0,47,453,1.0,
81,0,44,456,1.0,
82,0,40,460,1.0,
83,0,40,460,1.0,
84,0,39,461,1.0,
85,0,39,461,1.0,
86,0,36,464,1.0,
87,0,34,466,1.0,
88,0,33,467,1.0,
89,0,30,470,1.0,
90,0,29,471,1.0,
91,0,24,476,1.0,
92,0,24,476,1.0,
93,0,23,477,1.0,
94,0,22,478,1.0,
95,0,22,478,1.0,
96,0,21,479,1.0,
97,0,20,480,1.0,
98,0,20,480,1.0,
99,0,20,480,1.0,
100,0,20,480,1.0,
101,0,19,481,1.0,
102,0,17,483,1.0,
103,0,17,483,1.0,
104,0,17,483,1.0,
105,0,16,484,1.0,
106,0,15,485,1.0,
107,0,14,486,1.0,
108,0,14,486,1.0,
109,0,14,486,1.0,
110,0,14,486,1.0,
111,0,12,488,1.0,
112,0,10,490,1.0,
113,0,8,492,1.0,
114,0,7,493,1.0,
115,0,7,493,1.0,
116,0,6,494,1.0,
117,0,6,494,1.0,
118,0,6,494,1.0,
119,0,6,494,1.0,
120,0,6,494,1.0,
121,0,6,494,1.0,
122,0,6,494,1.0,
123,0,6,494,1.0,
124,0,6,494,1.0,
125,0,6,494,1.0,
126,0,6,494,1.0,
127,0,5,495,1.0,
128,0,5,495,1.0,
129,0,5,495,1.0,
130,0,5,495,1.0,
131,0,5,495,1.0,
132,0,5,495,1.0,
133,0,5,495,1.0,
134,0,5,495,1.0,
135,0,5,495,1.0,
136,0,5,495,1.0,
137,0,5,495,1.0,
138,0,5,495,1.0,
139,0,5,495,1.0,
140,0,5,495,1.0,
141,0,5,495,1.0,
142,0,5,495,1.0,
143,0,5,495,1.0,
144,0,5,495,1.0,
145,0,4,496,1.0,
146,0,4,496,1.0,
147,0,4,496,1.0,
148,0,4,496,1.0,
149,0,3,497,1.0,
150,0,3,497,1.0,
151,0,3,497,1.0,
152,0,3,497,1.0,
153,0,3,497,1.0,
154,0,3,497,1.0,
155,0,3,497,1.0,
156,0,3,497,1.0,
157,0,3,497,1.0,
158,0,3,497,1.0,
159,0,2,498,1.0,
160,0,2,498,1.0,
161,0,1,499,1.0,
162,0,1,499,1.0,
163,0,1,499,1.0,
164,0,1,499,1.0,
165,0,1,499,1.0,
166,0,1,499,1.0,
167,0,1,499,1.0,
168,0,1,499,1.0,
169,0,1,499,1.0,
170,0,1,499,1.0,
171,0,1,499,1.0,
172,0,1,499,1.0,
173,0,0,500,1.0,
174,0,0,500,1.0,
175,0,0,500,1.0,
176,0,0,500,1.0,
177,0,0,500,1.0,
178,0,0,500,1.0,
179,0,0,500,1.0,
180,0,0,500,1.0,
181,0,0,500,1.0,
182,0,0,500,1.0,
183,0,0,500,1.0,
184,0,0,500,1.0,
185,0,0,500,1.0,
186,0,0,500,1.0,
187,0,0,500,1.0,
188,0,0,500,1.0,
189,0,0,500,1.0,
190,0,0,500,1.0,
191,0,0,500,1.0,
192,0,0,500,1.0,
193,0,0,500,1.0,
194,0,0,500,1.0,
195,0,0,500,1.0,
196,0,0,500,1.0,
197,0,0,500,1.0,
198,0,0,500,1.0,
199,0,0,500,1.0,
200,0,0,500,1.0,
1,497,3,0,0.9946666666666667,1.0
2,495,5,0,0.9915,0.9983735359872605
3,492,8,0,0.9851666666666666,0.9950710970490322
4,490,10,0,0.9821666666666666,0.9935040072159272
5,483,16,1,0.9738333333333333,0.988920865552887
6,478,20,2,0.9726666666666667,0.9881639100500498
7,476,22,2,0.9715,0.9874883755082517
8,473,23,4,0.9743333333333334,0.9889469130350359
9,468,27,5,0.9723333333333334,0.9877546387401116
10,463,32,5,0.9666666666666667,0.9845223075416945
11,454,38,8,0.9616666666666667,0.9814653697097018
12,445,44,11,0.95,0.9744734806926347
13,437,51,12,0.937,0.9665310673010629
14,416,63,21,0.9268333333333333,0.9587177174352093
15,401,74,25,0.9015,0.9413366662118504
16,378,95,27,0.8811666666666667,0.9242243019294315
17,363,107,30,0.8646666666666667,0.9096591825355299
18,343,121,36,0.8551666666666666,0.8972243896227228
19,322,139,39,0.837,0.8760588947829376
20,302,155,43,0.8311666666666667,0.8630462157063292
21,276,175,49,0.8045,0.8253776576599899
22,250,193,57,0.7923333333333333,0.7945150071276058
23,213,222,65,0.7763333333333333,0.739249664700831
24,192,233,75,0.7805,0.7159571089940939
25,159,255,86,0.7998333333333333,0.6864263420677712
26,136,261,103,0.8225,0.6745991541479961
27,112,269,119,0.8371666666666666,0.6370093049926329
28,92,279,129,0.8571666666666666,0.6115915936878327
29,80,281,139,0.868,0.5865634989034667
30,64,287,149,0.8896666666666667,0.5683926224615822
31,48,291,161,0.915,0.5556310553000207
32,37,287,176,0.9371666666666667,0.574755031381514
33,31,283,186,0.9495,0.5909051677266622
34,28,277,195,0.953,0.5773047649161577
35,21,276,203,0.9661666666666666,0.5953407223635893
36,14,270,216,0.978,0.6050579325732771
37,12,252,236,0.9825,0.6334047235420927
38,11,247,242,0.985,0.6589506567660418
39,10,240,250,0.9865,0.6621767466503082
40,8,231,261,0.9888333333333333,0.6498500315857633
41,6,225,269,0.9921666666666666,0.6708910645208717
42,6,214,280,0.9928333333333333,0.6996521886767757
43,5,210,285,0.9946666666666667,0.7313197001158023
44,4,206,290,0.9961666666666666,0.7574771856639084
45,4,199,297,0.9961666666666666,0.7574771856639084
46,4,195,301,0.9961666666666666,0.7574771856639084
47,4,186,310,0.9961666666666666,0.7574771856639084
48,4,176,320,0.9965,0.7783668442613545
49,4,170,326,0.9965,0.7783668442613545
50,2,164,334,0.9983333333333333,0.793807026702945
51,2,157,341,0.9983333333333333,0.793807026702945
52,2,150,348,0.9983333333333333,0.793807026702945
53,2,145,353,0.9983333333333333,0.793807026702945
54,2,138,360,0.9983333333333333,0.793807026702945
55,1,135,364,0.9988333333333334,0.7102483923131613
56,1,131,368,0.999,0.7520277095080531
57,1,127,372,0.999,0.7520277095080531
58,1,121,378,0.999,0.7520277095080531
59,1,115,384,0.999,0.7520277095080531
60,1,109,390,0.999,0.7520277095080531
61,1,107,392,0.999,0.7520277095080531
62,1,100,399,0.999,0.7520277095080531
63,1,97,402,0.999,0.7520277095080531
64,1,95,404,0.999,0.7520277095080531
65,1,93,406,0.999,0.7520277095080531
66,1,90,409,0.999,0.7520277095080531
67,0,90,410,1.0,
68,0,86,414,1.0,
69,0,83,417,1.0,
70,0,78,422,1.0,
71,0,73,427,1.0,
72,0,67,433,1.0,
73,0,61,439,1.0,
74,0,55,445,1.0,
75,0,53,447,1.0,
76,0,50,450,1.0,
77,0,47,453,1.0,
78,0,45,455,1.0,
79,0,44,456,1.0,
80,0,42,458,1.0,
81,0,40,460,1.0,
82,0,39,461,1.0,
83,0,38,462,1.0,
84,0,37,463,1.0,
85,0,37,463,1.0,
86,0,37,463,1.0,
87,0,33,467,1.0,
88,0,32,468,1.0,
89,0,32,468,1.0,
90,0,30,470,1.0,
91,0,30,470,1.0,
92,0,30,470,1.0,
93,0,27,473,1.0,
94,0,26,474,1.0,
95,0,26,474,1.0,
96,0,25,475,1.0,
97,0,24,476,1.0,
98,0,23,477,1.0,
99,0,22,478,1.0,
100,0,22,478,1.0,
101,0,21,479,1.0,
102,0,20,480,1.0,
103,0,19,481,1.0,
104,0,18,482,1.0,
105,0,18,482,1.0,
106,0,18,482,1.0,
107,0,16,484,1.0,
108,0,16,484,1.0,
109,0,15,485,1.0,
110,0,14,486,1.0,
111,0,13,487,1.0,
112,0,13,487,1.0,
113,0,12,488,1.0,
114,0,11,489,1.0,
115,0,11,489,1.0,
116,0,10,490,1.0,
117,0,10,490,1.0,
118,0,10,490,1.0,
119,0,9,491,1.0,
120,0,9,491,1.0,
121,0,9,491,1.0,
122,0,7,493,1.0,
123,0,7,493,1.0,
124,0,7,493,1.0,
125,0,7,493,1.0,
126,0,7,493,1.0,
127,0,7,493,1.0,
128,0,6,494,1.0,
129,0,6,494,1.0,
130,0,6,494,1.0,
131,0,6,494,1.0,
132,0,6,494,1.0,
133,0,6,494,1.0,
134,0,6,494,1.0,
135,0,6,494,1.0,
136,0,4,496,1.0,
137,0,4,496,1.0,
138,0,4,496,1.0,
139,0,4,496,1.0,
140,0,4,496,1.0,
141,0,3,497,1.0,
142,0,3,497,1.0,
143,0,3,497,1.0,
144,0,3,497,1.0,
145,0,3,497,1.0,
146,0,2,498,1.0,
147,0,2,498,1.0,
148,0,1,499,1.0,
149,0,1,499,1.0,
150,0,1,499,1.0,
151,0,1,499,1.0,
152,0,1,499,1.0,
153,0,1,499,1.0,
154,0,1,499,1.0,
155,0,1,499,1.0,
156,0,1,499,1.0,
157,0,1,499,1.0,
158,0,1,499,1.0,
159,0,1,499,1.0,
160,0,1,499,1.0,
161,0,1,499,1.0,
162,0,1,499,1.0,
163,0,1,499,1.0,
164,0,1,499,1.0,
165,0,1,499,1.0,
166,0,1,499,1.0,
167,0,1,499,1.0,
168,0,1,499,1.0,
169,0,1,499,1.0,
170,0,1,499,1.0,
171,0,1,499,1.0,
172,0,1,499,1.0,
173,0,1,499,1.0,
174,0,1,499,1.0,
175,0,1,499,1.0,
176,0,0,500,1.0,
177,0,0,500,1.0,
178,0,0,500,1.0,
179,0,0,500,1.0,
180,0,0,500,1.0,
181,0,0,500,1.0,
182,0,0,500,1.0,
183,0,0,500,1.0,
184,0,0,500,1.0,
185,0,0,500,1.0,
186,0,0,500,1.0,
187,0,0,500,1.0,
188,0,0,500,1.0,
189,0,0,500,1.0,
190,0,0,500,1.0,
191,0,0,500,1.0,
192,0,0,500,1.0,
193,0,0,500,1.0,
194,0,0,500,1.0,
195,0,0,500,1.0,
196,0,0,500,1.0,
197,0,0,500,1.0,
198,0,0,500,1.0,
199,0,0,500,1.0,
200,0,0,500,1.0,
1,499,1,0,1.0,1.0
2,497,3,0,0.9945,0.9971957038674736
3,493,7,0,0.9868333333333333,0.9932319989150398
4,489,11,0,0.9816666666666667,0.9905678003570775
5,484,16,0,0.9716666666666667,0.9852850350631522
6,479,21,0,0.9676666666666667,0.9830012350966331
7,470,30,0,0.9556666666666667,0.9761897552031686
8,460,39,1,0.9533333333333334,0.9744026578336598
9,452,47,1,0.9505,0.9724429310909688
10,442,57,1,0.9436666666666667,0.9679636542842326
11,434,64,2,0.9405,0.9656433384213388
12,423,71,6,0.9243333333333333,0.9551090584742553
13,411,79,10,0.909,0.9444452616313401
14,393,92,15,0.8955,0.9332281185561416
15,381,99,20,0.8838333333333334,0.9234161435793298
16,351,124,25,0.8461666666666666,0.890295432302121
17,332,136,32,0.8265,0.8693184009547288
18,314,149,37,0.8101666666666667,0.8488230418616738
19,283,171,46,0.785,0.8100785935015464
20,259,184,57,0.788,0.7954194733697839
21,235,196,69,0.7863333333333333,0.7725322281788516
22,208,215,77,0.78,0.7349694539713353
23,185,226,89,0.7888333333333334,0.7139888376410114
24,165,241,94,0.7953333333333333,0.6887306860903699
25,141,256,103,0.8113333333333334,0.6643672742100124
26,119,268,113,0.827,0.6364837762408092
27,107,265,128,0.8458333333333333,0.6392423910912328
28,84,272,144,0.8831666666666667,0.6517309683070552
29,73,275,152,0.8978333333333334,0.6495210408015649
30,55,274,171,0.9226666666666666,0.6479252512967928
31,41,274,185,0.9398333333333333,0.6323548190939495
32,34,276,190,0.9483333333333334,0.6171287685034489
33,30,269,201,0.9563333333333334,0.6332942468159859
34,27,262,211,0.9606666666666667,0.6339984384911921
35,24,257,219,0.9668333333333333,0.6517265041721564
36,21,251,228,0.971,0.6510715854194116
37,18,248,234,0.9763333333333334,0.6687179768701508
38,18,239,243,0.9765,0.6709401990923731
39,17,231,252,0.9795,0.6978388746803068
40,14,227,259,0.9825,0.6874171842650103
41,12,221,267,0.9845,0.6777294685990337
42,11,218,271,0.9863333333333333,0.6884321475625823
43,10,209,281,0.9883333333333333,0.7057898550724638
44,7,208,285,0.9905,0.6566666666666665
45,6,198,296,0.9926666666666667,0.6924879227053139
46,5,190,305,0.9941666666666666,0.7059855072463768
47,4,186,310,0.9961666666666666,0.757481884057971
48,3,181,316,0.997,0.7421497584541062
49,3,173,324,0.9973333333333333,0.7711352657004831
50,3,166,331,0.9973333333333333,0.7711352657004831
51,1,162,337,0.9988333333333334,0.6956521739130435
52,1,160,339,0.999,0.7391304347826086
53,1,156,343,0.999,0.7391304347826086
54,1,155,344,0.999,0.7391304347826086
55,1,145,354,0.999,0.7391304347826086
56,1,141,358,0.999,0.7391304347826086
57,1,135,364,0.999,0.7391304347826086
58,1,128,371,0.999,0.7391304347826086
59,1,126,373,0.999,0.7391304347826086
60,1,121,378,0.9991666666666666,0.782608695652174
61,1,117,382,0.9991666666666666,0.782608695652174
62,1,112,387,0.9991666666666666,0.782608695652174
63,1,107,392,0.9993333333333333,0.8260869565217391
64,1,100,399,0.9995,0.8695652173913043
65,1,92,407,0.9995,0.8695652173913043
66,1,89,410,0.9995,0.8695652173913043
67,1,88,411,0.9995,0.8695652173913043
68,1,86,413,0.9995,0.8695652173913043
69,1,84,415,0.9995,0.8695652173913043
70,0,84,416,1.0,
71,0,78,422,1.0,
72,0,77,423,1.0,
73,0,76,424,1.0,
74,0,72,428,1.0,
75,0,67,433,1.0,
76,0,67,433,1.0,
77,0,64,436,1.0,
78,0,60,440,1.0,
79,0,60,440,1.0,
80,0,60,440,1.0,
81,0,60,440,1.0,
82,0,60,440,1.0,
83,0,57,443,1.0,
84,0,54,446,1.0,
85,0,52,448,1.0,
86,0,50,450,1.0,
87,0,48,452,1.0,
88,0,46,454,1.0,
89,0,43,457,1.0,
90,0,41,459,1.0,
91,0,39,461,1.0,
92,0,38,462,1.0,
93,0,36,464,1.0,
94,0,35,465,1.0,
95,0,35,465,1.0,
96,0,34,466,1.0,
97,0,33,467,1.0,
98,0,32,468,1.0,
99,0,31,469,1.0,
100,0,30,470,1.0,
101,0,30,470,1.0,
102,0,29,471,1.0,
103,0,28,472,1.0,
104,0,26,474,1.0,
105,0,26,474,1.0,
106,0,25,475,1.0,
107,0,24,476,1.0,
108,0,23,477,1.0,
109,0,22,478,1.0,
110,0,21,479,1.0,
111,0,21,479,1.0,
112,0,19,481,1.0,
113,0,17,483,1.0,
114,0,17,483,1.0,
115,0,17,483,1.0,
116,0,17,483,1.0,
117,0,17,483,1.0,
118,0,17,483,1.0,
119,0,16,484,1.0,
120,0,14,486,1.0,
121,0,13,487,1.0,
122,0,13,487,1.0,
123,0,13,487,1.0,
124,0,13,487,1.0,
125,0,13,487,1.0,
126,0,12,488,1.0,
127,0,12,488,1.0,
128,0,12,488,1.0,
129,0,11,489,1.0,
130,0,10,490,1.0,
131,0,10,490,1.0,
132,0,9,491,1.0,
133,0,9,491,1.0,
134,0,9,491,1.0,
135,0,8,492,1.0,
136,0,8,492,1.0,
137,0,8,492,1.0,
138,0,8,492,1.0,
139,0,8,492,1.0,
140,0,7,493,1.0,
141,0,7,493,1.0,
142,0,7,493,1.0,
143,0,7,493,1.0,
144,0,6,494,1.0,
145,0,6,494,1.0,
146,0,6,494,1.0,
147,0,6,494,1.0,
148,0,4,496,1.0,
149,0,3,497,1.0,
150,0,3,497,1.0,
151,0,3,497,1.0,
152,0,2,498,1.0,
153,0,2,498,1.0,
154,0,2,498,1.0,
155,0,2,498,1.0,
156,0,2,498,1.0,
157,0,1,499,1.0,
158,0,1,499,1.0,
159,0,1,499,1.0,
160,0,1,499,1.0,
161,0,1,499,1.0,
162,0,1,499,1.0,
163,0,1,499,1.0,
164,0,1,499,1.0,
165,0,1,499,1.0,
166,0,1,499,1.0,
167,0,1,499,1.0,
168,0,1,499,1.0,
169,0,1,499,1.0,
170,0,1,499,1.0,
171,0,1,499,1.0,
172,0,1,499,1.0,
173,0,1,499,1.0,
174,0,1,499,1.0,
175,0,1,499,1.0,
176,0,1,499,1.0,
177,0,1,499,1.0,
178,0,1,499,1.0,
179,0,1,499,1.0,
180,0,1,499,1.0,
181,0,1,499,1.0,
182,0,1,499,1.0,
183,0,1,499,1.0,
184,0,1,499,1.0,
185,0,1,499,1.0,
186,0,1,499,1.0,
187,0,1,499,1.0,
188,0,1,499,1.0,
189,0,1,499,1.0,
190,0,1,499,1.0,
191,0,1,499,1.0,
192,0,1,499,1.0,
193,0,1,499,1.0,
194,0,1,499,1.0,
195,0,1,499,1.0,
196,0,1,499,1.0,
197,0,1,499,1.0,
198,0,1,499,1.0,
199,0,1,499,1.0,
200,0,1,499,1.0,
1,499,1,0,1.0,1.0
2,498,1,1,1.0,1.0
3,497,2,1,0.9971666666666666,0.9985693475742466
4,497,2,1,0.9971666666666666,0.9985693475742466
5,493,6,1,0.9903333333333333,0.9950881048574849
6,489,10,1,0.983,0.9913102504620243
7,485,14,1,0.9783333333333334,0.9888313854082568
8,481,18,1,0.9746666666666667,0.9868164505957149
9,476,21,3,0.9703333333333334,0.9843197289557356
10,473,23,4,0.97,0.9840508726803423
11,466,30,4,0.9536666666666667,0.9750154575784359
12,454,40,6,0.9416666666666667,0.9678824143040768
13,445,48,7,0.9328333333333333,0.9622658879957365
14,434,59,7,0.9283333333333333,0.9586376701839534
15,419,73,8,0.9068333333333334,0.9443842351484771
16,402,86,12,0.8893333333333333,0.9311272513267971
17,382,98,20,0.8795,0.9210839236641649
18,354,119,27,0.8658333333333333,0.9050970839935468
19,334,136,30,0.8461666666666666,0.8846645218397368
20,312,148,40,0.8373333333333334,0.8692322222401654
21,291,163,46,0.8248333333333333,0.8493616169344542
22,265,179,56,0.8163333333333334,0.8263521064661344
23,241,200,59,0.8135,0.8062473133337286
24,209,225,66,0.81,0.7718998088105641
25,183,247,70,0.8228333333333333,0.7561909849080197
26,156,258,86,0.8426666666666667,0.746779322498386
27,145,261,94,0.8508333333333333,0.7416542378161568
28,121,271,108,0.8745,0.7400806559592044
29,99,283,118,0.8858333333333334,0.7097241581431304
30,82,290,128,0.8925,0.6694282140623604
31,75,278,147,0.9026666666666666,0.6724325548847289
32,61,284,155,0.9163333333333333,0.6542889386688387
33,44,290,166,0.9311666666666667,0.6055408902691511
34,36,283,181,0.9423333333333334,0.5966243961352657
35,29,280,191,0.9535,0.5953898050974512
36,22,271,207,0.9645,0.5932147562582345
37,19,263,218,0.9695,0.5963005339435545
38,13,260,227,0.9796666666666667,0.6079988851727982
39,12,251,237,0.9818333333333333,0.6204710144927535
40,9,243,248,0.9861666666666666,0.6141304347826086
41,8,231,261,0.9873333333333333,0.6041666666666667
42,5,224,271,0.9928333333333333,0.6416666666666666
43,4,213,283,0.9941666666666666,0.6354166666666666
44,4,200,296,0.995,0.6875
45,3,196,301,0.9963333333333333,0.6944444444444445
46,2,189,309,0.9976666666666667,0.7083333333333333
47,2,182,316,0.9978333333333333,0.7291666666666666
48,2,177,321,0.9978333333333333,0.7291666666666666
49,1,173,326,0.9988333333333334,0.7083333333333334
50,1,163,336,0.9988333333333334,0.7083333333333334
51,0,159,341,1.0,
52,0,150,350,1.0,
53,0,144,356,1.0,
54,0,136,364,1.0,
55,0,132,368,1.0,
56,0,124,376,1.0,
57,0,117,383,1.0,
58,0,113,387,1.0,
59,0,108,392,1.0,
60,0,105,395,1.0,
61,0,100,400,1.0,
62,0,96,404,1.0,
63,0,93,407,1.0,
64,0,87,413,1.0,
65,0,86,414,1.0,
66,0,81,419,1.0,
67,0,76,424,1.0,
68,0,74,426,1.0,
69,0,71,429,1.0,
70,0,68,432,1.0,
71,0,67,433,1.0,
72,0,60,440,1.0,
73,0,57,443,1.0,
74,0,57,443,1.0,
75,0,52,448,1.0,
76,0,50,450,1.0,
77,0,47,453,1.0,
78,0,45,455,1.0,
79,0,45,455,1.0,
80,0,45,455,1.0,
81,0,44,456,1.0,
82,0,42,458,1.0,
83,0,38,462,1.0,
84,0,37,463,1.0,
85,0,35,465,1.0,
86,0,35,465,1.0,
87,0,35,465,1.0,
88,0,34,466,1.0,
89,0,33,467,1.0,
90,0,33,467,1.0,
91,0,32,468,1.0,
92,0,32,468,1.0,
93,0,28,472,1.0,
94,0,28,472,1.0,
95,0,25,475,1.0,
96,0,23,477,1.0,
97,0,23,477,1.0,
98,0,22,478,1.0,
99,0,22,478,1.0,
100,0,20,480,1.0,
101,0,18,482,1.0,
102,0,18,482,1.0,
103,0,14,486,1.0,
104,0,13,487,1.0,
105,0,13,487,1.0,
106,0,12,488,1.0,
107,0,12,488,1.0,
108,0,11,489,1.0,
109,0,11,489,1.0,
110,0,11,489,1.0,
111,0,10,490,1.0,
112,0,10,490,1.0,
113,0,10,490,1.0,
114,0,10,490,1.0,
115,0,9,491,1.0,
116,0,8,492,1.0,
117,0,8,492,1.0,
118,0,8,492,1.0,
119,0,8,492,1.0,
120,0,7,493,1.0,
121,0,6,494,1.0,
122,0,6,494,1.0,
123,0,6,494,1.0,
124,0,6,494,1.0,
125,0,6,494,1.0,
126,0,4,496,1.0,
127,0,4,496,1.0,
128,0,4,496,1.0,
129,0,4,496,1.0,
130,0,4,496,1.0,
131,0,3,497,1.0,
132,0,3,497,1.0,
133,0,3,497,1.0,
134,0,3,497,1.0,
135,0,3,497,1.0,
136,0,3,497,1.0,
137,0,3,497,1.0,
138,0,3,497,1.0,
139,0,3,497,1.0,
140,0,3,497,1.0,
141,0,3,497,1.0,
142,0,3,497,1.0,
143,0,3,497,1.0,
144,0,3,497,1.0,
145,0,3,497,1.0,
146,0,3,497,1.0,
147,0,3,497,1.0,
148,0,3,497,1.0,
149,0,3,497,1.0,
150,0,3,497,1.0,
151,0,3,497,1.0,
152,0,3,497,1.0,
153,0,3,497,1.0,
154,0,2,498,1.0,
155,0,2,498,1.0,
156,0,2,498,1.0,
157,0,2,498,1.0,
158,0,2,498,1.0,
159,0,2,498,1.0,
160,0,2,498,1.0,
161,0,2,498,1.0,
162,0,2,498,1.0,
163,0,2,498,1.0,
164,0,2,498,1.0,
165,0,2,498,1.0,
166,0,2,498,1.0,
167,0,2,498,1.0,
168,0,2,498,1.0,
169,0,2,498,1.0,
170,0,2,498,1.0,
171,0,2,498,1.0,
172,0,2,498,1.0,
173,0,2,498,1.0,
174,0,1,499,1.0,
175,0,1,499,1.0,
176,0,1,499,1.0,
177,0,1,499,1.0,
178,0,1,499,1.0,
179,0,1,499,1.0,
180,0,1,499,1.0,
181,0,1,499,1.0,
182,0,0,500,1.0,
183,0,0,500,1.0,
184,0,0,500,1.0,
185,0,0,500,1.0,
186,0,0,500,1.0,
187,0,0,500,1.0,
188,0,0,500,1.0,
189,0,0,500,1.0,
190,0,0,500,1.0,
191,0,0,500,1.0,
192,0,0,500,1.0,
193,0,0,500,1.0,
194,0,0,500,1.0,
195,0,0,500,1.0,
196,0,0,500,1.0,
197,0,0,500,1.0,
198,0,0,500,1.0,
199,0,0,500,1.0,
200,0,0,500,1.0,
1,499,1,0,1.0,1.0
2,499,1,0,1.0,1.0
3,499,1,0,1.0,1.0
4,497,3,0,0.9946666666666667,0.9973025382455878
5,494,5,1,0.9921666666666666,0.9960155811154755
6,492,7,1,0.9878333333333333,0.993799645035064
7,491,7,2,0.9885,0.9941264603338454
8,489,8,3,0.9875,0.9935896679414952
9,485,11,4,0.9858333333333333,0.9926667581633964
10,479,16,5,0.9808333333333333,0.9899064966379117
11,477,18,5,0.9776666666666667,0.9882456462809212
12,473,20,7,0.9728333333333333,0.985602736265481
13,466,25,9,0.9681666666666666,0.9827753792826568
14,459,32,9,0.9601666666666666,0.9781020361905083
15,448,42,10,0.95,0.9719184748280245
16,431,55,14,0.9316666666666666,0.9600220260514823
17,419,65,16,0.911,0.9466304157105236
18,398,79,23,0.8951666666666667,0.9336899199773353
19,375,99,26,0.8726666666666667,0.914707537486668
20,356,108,36,0.8701666666666666,0.9084378733951279
21,336,123,41,0.858,0.8940787135138842
22,315,137,48,0.841,0.8736293200703138
23,293,153,54,0.8371666666666666,0.8608468916452297
24,265,175,60,0.8316666666666667,0.840894483421965
25,246,186,68,0.8298333333333333,0.8267042230774999
26,233,190,77,0.8373333333333334,0.8249645456241838
27,214,204,82,0.8316666666666667,0.8026887865622119
28,184,221,95,0.843,0.7860071670610422
29,163,233,104,0.8548333333333333,0.7769812929135415
30,144,237,119,0.8631666666666666,0.7623624166694819
31,122,242,136,0.8761666666666666,0.7464035358796586
32,106,247,147,0.8916666666666667,0.7453024996605799
33,96,249,155,0.904,0.7509307329144286
34,83,255,162,0.9141666666666667,0.7426145323159468
35,62,268,170,0.9221666666666667,0.6876756973741546
36,58,264,178,0.9235,0.6719120097793263
37,51,264,185,0.9315,0.6658063746426918
38,37,261,202,0.9438333333333333,0.6240150351019916
39,32,253,215,0.9538333333333333,0.6420188823857302
40,22,249,229,0.966,0.6167687747035574
41,18,247,235,0.9713333333333334,0.6041988727858293
42,16,240,244,0.9755,0.6181793478260871
43,14,233,253,0.979,0.6257556935817804
44,11,229,260,0.984,0.6344466403162055
45,8,225,267,0.9881666666666666,0.6298188405797102
46,7,220,273,0.9896666666666667,0.630248447204969
47,7,207,286,0.9905,0.660031055900621
48,4,198,298,0.9956666666666667,0.7320833333333333
49,4,190,306,0.9958333333333333,0.7424999999999999
50,4,183,313,0.996,0.7525
51,4,173,323,0.9961666666666666,0.7629166666666666
52,4,162,334,0.9963333333333333,0.7733333333333333
53,3,156,341,0.9973333333333333,0.7777777777777778
54,3,148,349,0.9975,0.7916666666666666
55,3,139,358,0.9978333333333333,0.8194444444444445
56,3,131,366,0.9983333333333333,0.8611111111111112
57,3,122,375,0.9983333333333333,0.8611111111111112
58,3,115,382,0.9983333333333333,0.8611111111111112
59,2,109,389,0.9988333333333334,0.8541666666666667
60,2,104,394,0.9988333333333334,0.8541666666666667
61,2,99,399,0.9988333333333334,0.8541666666666667
62,2,96,402,0.9988333333333334,0.8541666666666667
63,2,94,404,0.9988333333333334,0.8541666666666667
64,1,90,409,0.9993333333333333,0.8333333333333334
65,1,88,411,0.9993333333333333,0.8333333333333334
66,1,86,413,0.9993333333333333,0.8333333333333334
67,1,82,417,0.9993333333333333,0.8333333333333334
68,1,76,423,0.9993333333333333,0.8333333333333334
69,1,67,432,0.9995,0.875
70,1,62,437,0.9995,0.875
71,1,62,437,0.9995,0.875
72,1,57,442,0.9996666666666667,0.9166666666666666
73,1,57,442,0.9996666666666667,0.9166666666666666
74,1,53,446,0.9996666666666667,0.9166666666666666
75,1,51,448,0.9996666666666667,0.9166666666666666
76,1,51,448,0.9996666666666667,0.9166666666666666
77,1,47,452,0.9996666666666667,0.9166666666666666
78,1,44,455,0.9996666666666667,0.9166666666666666
79,1,44,455,0.9996666666666667,0.9166666666666666
80,1,42,457,0.9998333333333334,0.9583333333333334
81,1,41,458,0.9998333333333334,0.9583333333333334
82,1,41,458,0.9998333333333334,0.9583333333333334
83,1,40,459,0.9998333333333334,0.9583333333333334
84,1,37,462,0.9998333333333334,0.9583333333333334
85,1,36,463,0.9998333333333334,0.9583333333333334
86,1,36,463,0.9998333333333334,0.9583333333333334
87,1,36,463,0.9998333333333334,0.9583333333333334
88,1,34,465,0.9998333333333334,0.9583333333333334
89,1,32,467,0.9998333333333334,0.9583333333333334
90,1,30,469,0.9998333333333334,0.9583333333333334
91,1,29,470,0.9998333333333334,0.9583333333333334
92,1,27,472,0.9998333333333334,0.9583333333333334
93,1,26,473,0.9998333333333334,0.9583333333333334
94,1,25,474,0.9998333333333334,0.9583333333333334
95,1,25,474,0.9998333333333334,0.9583333333333334
96,1,23,476,0.9998333333333334,0.9583333333333334
97,1,22,477,0.9998333333333334,0.9583333333333334
98,1,22,477,0.9998333333333334,0.9583333333333334
99,1,19,480,0.9998333333333334,0.9583333333333334
100,1,19,480,0.9998333333333334,0.9583333333333334
101,1,17,482,1.0,1.0
102,1,17,482,1.0,1.0
103,1,14,485,1.0,1.0
104,1,14,485,1.0,1.0
105,1,14,485,1.0,1.0
106,1,14,485,1.0,1.0
107,1,13,486,1.0,1.0
108,1,13,486,1.0,1.0
109,1,11,488,1.0,1.0
110,1,10,489,1.0,1.0
111,1,9,490,1.0,1.0
112,1,9,490,1.0,1.0
113,1,9,490,1.0,1.0
114,1,9,490,1.0,1.0
115,1,8,491,1.0,1.0
116,1,8,491,1.0,1.0
117,1,8,491,1.0,1.0
118,1,7,492,1.0,1.0
119,1,7,492,1.0,1.0
120,1,6,493,1.0,1.0
121,1,6,493,1.0,1.0
122,1,6,493,1.0,1.0
123,1,6,493,1.0,1.0
124,1,6,493,1.0,1.0
125,1,6,493,1.0,1.0
126,1,5,494,1.0,1.0
127,1,5,494,1.0,1.0
128,1,5,494,1.0,1.0
129,1,4,495,1.0,1.0
130,1,4,495,1.0,1.0
131,1,4,495,1.0,1.0
132,1,3,496,1.0,1.0
133,1,3,496,1.0,1.0
134,1,3,496,1.0,1.0
135,1,3,496,1.0,1.0
136,1,3,496,1.0,1.0
137,1,3,496,1.0,1.0
138,1,3,496,1.0,1.0
139,1,3,496,1.0,1.0
140,1,3,496,1.0,1.0
141,1,3,496,1.0,1.0
142,1,3,496,1.0,1.0
143,1,3,496,1.0,1.0
144,1,2,497,1.0,1.0
145,1,2,497,1.0,1.0
146,1,2,497,1.0,1.0
147,1,2,497,1.0,1.0
148,1,2,497,1.0,1.0
149,1,2,497,1.0,1.0
150,1,2,497,1.0,1.0
151,1,2,497,1.0,1.0
152,1,2,497,1.0,1.0
153,1,2,497,1.0,1.0
154,1,1,498,1.0,1.0
155,1,1,498,1.0,1.0
156,1,1,498,1.0,1.0
157,1,1,498,1.0,1.0
158,1,1,498,1.0,1.0
159,1,1,498,1.0,1.0
160,1,1,498,1.0,1.0
161,1,1,498,1.0,1.0
162,1,1,498,1.0,1.0
163,1,0,499,1.0,1.0
164,1,0,499,1.0,1.0
165,1,0,499,1.0,1.0
166,1,0,499,1.0,1.0
167,1,0,499,1.0,1.0
168,1,0,499,1.0,1.0
169,1,0,499,1.0,1.0
170,1,0,499,1.0,1.0
171,1,0,499,1.0,1.0
172,1,0,499,1.0,1.0
173,1,0,499,1.0,1.0
174,1,0,499,1.0,1.0
175,1,0,499,1.0,1.0
176,1,0,499,1.0,1.0
177,1,0,499,1.0,1.0
178,1,0,499,1.0,1.0
179,1,0,499,1.0,1.0
180,1,0,499,1.0,1.0
181,1,0,499,1.0,1.0
182,1,0,499,1.0,1.0
183,1,0,499,1.0,1.0
184,1,0,499,1.0,1.0
185,1,0,499,1.0,1.0
186,1,0,499,1.0,1.0
187,1,0,499,1.0,1.0
188,1,0,499,1.0,1.0
189,1,0,499,1.0,1.0
190,1,0,499,1.0,1.0
191,1,0,499,1.0,1.0
192,1,0,499,1.0,1.0
193,1,0,499,1.0,1.0
194,1,0,499,1.0,1.0
195,1,0,499,1.0,1.0
196,1,0,499,1.0,1.0
197,1,0,499,1.0,1.0
198,1,0,499,1.0,1.0
199,1,0,499,1.0,1.0
200,1,0,499,1.0,1.0
1,497,3,0,0.9945,1.0
2,496,4,0,0.9931666666666666,0.9993306220076716
3,495,5,0,0.992,0.9987254788023424
4,490,10,0,0.9816666666666667,0.9933973628225142
5,485,14,1,0.9795,0.9921220861978666
6,478,21,1,0.9623333333333334,0.9829822905411711
7,468,30,2,0.9496666666666667,0.9757642008267049
8,456,40,4,0.9343333333333333,0.9665903956183879
9,449,46,5,0.9243333333333333,0.9604279088642537
10,434,61,5,0.9001666666666667,0.9451326384627282
11,424,67,9,0.8913333333333333,0.9385976636890011
12,407,81,12,0.8748333333333334,0.9258308388382102
13,382,101,17,0.8571666666666666,0.9092517363764743
14,358,119,23,0.8381666666666666,0.8896381346502265
15,337,138,25,0.8233333333333334,0.8713895073967747
16,315,151,34,0.83,0.8671295842713451
17,297,157,46,0.8358333333333333,0.8639683264537841
18,270,180,50,0.827,0.8418304301787497
19,246,191,63,0.8305,0.8301248151902907
20,217,211,72,0.8265,0.8025648243585192
21,193,224,83,0.83,0.7825160642446098
22,168,239,93,0.8491666666666666,0.778020537999505
23,146,252,102,0.8586666666666667,0.7602792702998042
24,134,248,118,0.8646666666666667,0.7499992045711381
25,114,258,128,0.8745,0.7262824341707617
26,103,261,136,0.8768333333333334,0.7021386343504765
27,96,257,147,0.8858333333333334,0.7039261577367113
28,80,265,155,0.8945,0.6703050684387425
29,72,264,164,0.9071666666666667,0.677462851871167
30,61,267,172,0.9201666666666667,0.6738759035636247
31,47,271,182,0.9333333333333333,0.6475413086072375
32,41,262,197,0.941,0.6420895365612534
33,34,258,208,0.952,0.6480022278313005
34,26,257,217,0.9625,0.63938541128551
35,21,248,231,0.969,0.6301043282700707
36,18,238,244,0.9735,0.631776763335038
37,16,226,258,0.977,0.6410545968579437
38,13,225,262,0.9805,0.6259145457197818
39,13,217,270,0.981,0.6358360338439176
40,10,212,278,0.986,0.6503538260156462
41,8,207,285,0.9885,0.6405913611800351
42,7,200,293,0.9905,0.6635922452881803
43,6,197,297,0.9921666666666666,0.676699522583551
44,5,189,306,0.993,0.6515963875987422
45,4,184,312,0.9946666666666667,0.6682583391194388
46,4,179,317,0.9948333333333333,0.6782860290882837
47,4,174,322,0.995,0.6887315394724973
48,4,168,328,0.9951666666666666,0.6996312024821113
49,4,166,330,0.9951666666666666,0.6996312024821113
50,4,159,337,0.9951666666666666,0.6996312024821113
51,2,156,342,0.9981666666666666,0.7734400871622148
52,2,154,344,0.9983333333333333,0.7934954670999047
53,2,149,349,0.9983333333333333,0.7934954670999047
54,2,145,353,0.9983333333333333,0.7934954670999047
55,2,133,365,0.9985,0.8135508470375945
56,2,129,369,0.9985,0.8135508470375945
57,1,123,376,0.9993333333333333,0.8423259573829756
58,1,118,381,0.9993333333333333,0.8423259573829756
59,1,109,390,0.9995,0.8824367172583554
60,1,104,395,0.9995,0.8824367172583554
61,1,95,404,0.9995,0.8824367172583554
62,1,91,408,0.9996666666666667,0.9225474771337352
63,1,87,412,0.9996666666666667,0.9225474771337352
64,0,86,414,1.0,
65,0,85,415,1.0,
66,0,83,417,1.0,
67,0,79,421,1.0,
68,0,76,424,1.0,
69,0,74,426,1.0,
70,0,70,430,1.0,
71,0,69,431,1.0,
72,0,69,431,1.0,
73,0,66,434,1.0,
74,0,65,435,1.0,
75,0,62,438,1.0,
76,0,61,439,1.0,
77,0,57,443,1.0,
78,0,55,445,1.0,
79,0,54,446,1.0,
80,0,54,446,1.0,
81,0,49,451,1.0,
82,0,48,452,1.0,
83,0,47,453,1.0,
84,0,46,454,1.0,
85,0,42,458,1.0,
86,0,42,458,1.0,
87,0,42,458,1.0,
88,0,39,461,1.0,
89,0,39,461,1.0,
90,0,36,464,1.0,
91,0,33,467,1.0,
92,0,28,472,1.0,
93,0,25,475,1.0,
94,0,24,476,1.0,
95,0,24,476,1.0,
96,0,24,476,1.0,
97,0,24,476,1.0,
98,0,24,476,1.0,
99,0,22,478,1.0,
100,0,21,479,1.0,
101,0,20,480,1.0,
102,0,20,480,1.0,
103,0,19,481,1.0,
104,0,18,482,1.0,
105,0,16,484,1.0,
106,0,16,484,1.0,
107,0,16,484,1.0,
108,0,16,484,1.0,
109,0,16,484,1.0,
110,0,15,485,1.0,
111,0,14,486,1.0,
112,0,14,486,1.0,
113,0,13,487,1.0,
114,0,12,488,1.0,
115,0,12,488,1.0,
116,0,12,488,1.0,
117,0,12,488,1.0,
118,0,12,488,1.0,
119,0,12,488,1.0,
120,0,10,490,1.0,
121,0,9,491,1.0,
122,0,9,491,1.0,
123,0,8,492,1.0,
124,0,7,493,1.0,
125,0,7,493,1.0,
126,0,7,493,1.0,
127,0,6,494,1.0,
128,0,6,494,1.0,
129,0,5,495,1.0,
130,0,4,496,1.0,
131,0,4,496,1.0,
132,0,3,497,1.0,
133,0,3,497,1.0,
134,0,3,497,1.0,
135,0,2,498,1.0,
136,0,2,498,1.0,
137,0,0,500,1.0,
138,0,0,500,1.0,
139,0,0,500,1.0,
140,0,0,500,1.0,
141,0,0,500,1.0,
142,0,0,500,1.0,
143,0,0,500,1.0,
144,0,0,500,1.0,
145,0,0,500,1.0,
146,0,0,500,1.0,
147,0,0,500,1.0,
148,0,0,500,1.0,
149,0,0,500,1.0,
150,0,0,500,1.0,
151,0,0,500,1.0,
152,0,0,500,1.0,
153,0,0,500,1.0,
154,0,0,500,1.0,
155,0,0,500,1.0,
156,0,0,500,1.0,
157,0,0,500,1.0,
158,0,0,500,1.0,
159,0,0,500,1.0,
160,0,0,500,1.0,
161,0,0,500,1.0,
162,0,0,500,1.0,
163,0,0,500,1.0,
164,0,0,500,1.0,
165,0,0,500,1.0,
166,0,0,500,1.0,
167,0,0,500,1.0,
168,0,0,500,1.0,
169,0,0,500,1.0,
170,0,0,500,1.0,
171,0,0,500,1.0,
172,0,0,500,1.0,
173,0,0,500,1.0,
174,0,0,500,1.0,
175,0,0,500,1.0,
176,0,0,500,1.0,
177,0,0,500,1.0,
178,0,0,500,1.0,
179,0,0,500,1.0,
180,0,0,500,1.0,
181,0,0,500,1.0,
182,0,0,500,1.0,
183,0,0,500,1.0,
184,0,0,500,1.0,
185,0,0,500,1.0,
186,0,0,500,1.0,
187,0,0,500,1.0,
188,0,0,500,1.0,
189,0,0,500,1.0,
190,0,0,500,1.0,
191,0,0,500,1.0,
192,0,0,500,1.0,
193,0,0,500,1.0,
194,0,0,500,1.0,
195,0,0,500,1.0,
196,0,0,500,1.0,
197,0,0,500,1.0,
198,0,0,500,1.0,
199,0,0,500,1.0,
200,0,0,500,1.0,
1,498,2,0,0.9976666666666667,0.9988174436877947
2,497,3,0,0.9955,0.9977169870341946
3,495,5,0,0.9908333333333333,0.9953454438988035
4,492,8,0,0.9856666666666667,0.9926783146746031
5,487,13,0,0.9755,0.9873542010172668
6,479,19,2,0.9663333333333334,0.9823356423311039
7,475,21,4,0.9651666666666666,0.9815804409168253
8,470,25,5,0.9591666666666666,0.9782388544234057
9,460,34,6,0.9448333333333333,0.9700846651772929
10,450,44,6,0.9306666666666666,0.9616012747317095
11,436,55,9,0.9223333333333333,0.9555890720434997
12,419,70,11,0.9058333333333334,0.9438490994322686
13,405,77,18,0.8993333333333333,0.9380076856405358
14,395,85,20,0.8933333333333333,0.9326094417415276
15,381,94,25,0.8843333333333333,0.9242461304529089
16,361,111,28,0.864,0.9060296575550099
17,338,130,32,0.8526666666666667,0.8912905987237092
18,314,148,38,0.8405,0.8731874420901006
19,294,158,48,0.8486666666666667,0.871455572345102
20,264,186,50,0.8303333333333334,0.8397299847044576
21,237,204,59,0.8213333333333334,0.8122430832584934
22,211,219,70,0.8253333333333334,0.7936450368399677
23,184,233,83,0.819,0.7545093108774583
24,156,253,91,0.8168333333333333,0.7068894099830555
25,137,263,100,0.8338333333333333,0.6971441998179541
26,109,287,104,0.8435,0.6397690283390324
27,88,290,122,0.8638333333333333,0.6107665761445406
28,79,286,135,0.8781666666666667,0.6126428744618069
29,69,282,149,0.895,0.6180830878846001
30,58,284,158,0.9066666666666666,0.5962390607892857
31,54,274,172,0.9155,0.6071739921377601
32,42,278,180,0.9325,0.5991548720430708
33,33,276,191,0.9451666666666667,0.5869726606287871
34,28,267,205,0.9555,0.6031033097337445
35,23,258,219,0.964,0.6112905336629345
36,20,256,224,0.9696666666666667,0.6246399108138238
37,16,247,237,0.9758333333333333,0.6283995261984392
38,12,243,245,0.9818333333333333,0.6296502229654404
39,11,232,257,0.9843333333333333,0.6500947603121516
40,8,228,264,0.9886666666666667,0.6466847826086957
41,3,225,272,0.9956666666666667,0.636135265700483
42,2,214,284,0.9975,0.6933333333333334
43,2,203,295,0.9975,0.6933333333333334
44,2,196,302,0.9976666666666667,0.7133333333333334
45,2,187,311,0.9976666666666667,0.7133333333333334
46,2,176,322,0.9978333333333333,0.7341666666666666
47,2,168,330,0.9978333333333333,0.7341666666666666
48,2,161,337,0.9981666666666666,0.775
49,2,155,343,0.9981666666666666,0.775
50,2,152,346,0.9981666666666666,0.775
51,2,146,352,0.9981666666666666,0.775
52,2,141,357,0.9981666666666666,0.775
53,2,137,361,0.9981666666666666,0.775
54,2,132,366,0.9981666666666666,0.775
55,2,123,375,0.9981666666666666,0.775
56,2,119,379,0.9981666666666666,0.775
57,2,110,388,0.9981666666666666,0.775
58,2,107,391,0.9981666666666666,0.775
59,2,99,399,0.9981666666666666,0.775
60,2,93,405,0.9981666666666666,0.775
61,2,90,408,0.9981666666666666,0.775
62,2,87,411,0.9983333333333333,0.7949999999999999
63,2,86,412,0.9983333333333333,0.7949999999999999
64,2,86,412,0.9983333333333333,0.7949999999999999
65,2,83,415,0.9983333333333333,0.7949999999999999
66,2,79,419,0.9986666666666667,0.8358333333333333
67,2,79,419,0.9986666666666667,0.8358333333333333
68,2,76,422,0.9986666666666667,0.8358333333333333
69,2,69,429,0.999,0.8766666666666667
70,2,66,432,0.999,0.8766666666666667
71,2,65,433,0.999,0.8766666666666667
72,2,61,437,0.999,0.8766666666666667
73,2,57,441,0.9995,0.9383333333333332
74,2,55,443,0.9996666666666667,0.9583333333333333
75,2,52,446,0.9996666666666667,0.9583333333333333
76,2,52,446,0.9996666666666667,0.9583333333333333
77,2,50,448,0.9996666666666667,0.9583333333333333
78,2,49,449,0.9996666666666667,0.9583333333333333
79,2,46,452,0.9996666666666667,0.9583333333333333
80,1,44,455,1.0,1.0
81,1,43,456,1.0,1.0
82,1,41,458,1.0,1.0
83,1,39,460,1.0,1.0
84,1,37,462,1.0,1.0
85,1,36,463,1.0,1.0
86,1,34,465,1.0,1.0
87,1,34,465,1.0,1.0
88,1,32,467,1.0,1.0
89,1,30,469,1.0,1.0
90,1,30,469,1.0,1.0
91,1,28,471,1.0,1.0
92,1,27,472,1.0,1.0
93,1,27,472,1.0,1.0
94,1,26,473,1.0,1.0
95,1,25,474,1.0,1.0
96,1,24,475,1.0,1.0
97,1,22,477,1.0,1.0
98,1,20,479,1.0,1.0
99,1,19,480,1.0,1.0
100,1,17,482,1.0,1.0
101,1,17,482,1.0,1.0
102,1,17,482,1.0,1.0
103,1,16,483,1.0,1.0
104,1,15,484,1.0,1.0
105,1,14,485,1.0,1.0
106,1,13,486,1.0,1.0
107,1,12,487,1.0,1.0
108,1,12,487,1.0,1.0
109,1,12,487,1.0,1.0
110,1,11,488,1.0,1.0
111,1,11,488,1.0,1.0
112,1,11,488,1.0,1.0
113,1,11,488,1.0,1.0
114,1,11,488,1.0,1.0
115,1,10,489,1.0,1.0
116,1,10,489,1.0,1.0
117,1,10,489,1.0,1.0
118,1,10,489,1.0,1.0
119,1,10,489,1.0,1.0
120,1,10,489,1.0,1.0
121,1,8,491,1.0,1.0
122,1,8,491,1.0,1.0
123,1,7,492,1.0,1.0
124,1,7,492,1.0,1.0
125,1,5,494,1.0,1.0
126,1,5,494,1.0,1.0
127,1,5,494,1.0,1.0
128,1,5,494,1.0,1.0
129,1,5,494,1.0,1.0
130,1,5,494,1.0,1.0
131,1,5,494,1.0,1.0
132,1,5,494,1.0,1.0
133,1,5,494,1.0,1.0
134,1,5,494,1.0,1.0
135,1,5,494,1.0,1.0
136,1,5,494,1.0,1.0
137,1,5,494,1.0,1.0
138,1,5,494,1.0,1.0
139,1,5,494,1.0,1.0
140,1,5,494,1.0,1.0
141,1,5,494,1.0,1.0
142,1,5,494,1.0,1.0
143,1,5,494,1.0,1.0
144,1,5,494,1.0,1.0
145,1,5,494,1.0,1.0
146,1,5,494,1.0,1.0
147,1,5,494,1.0,1.0
148,1,5,494,1.0,1.0
149,1,5,494,1.0,1.0
150,1,5,494,1.0,1.0
151,1,5,494,1.0,1.0
152,1,5,494,1.0,1.0
153,1,5,494,1.0,1.0
154,1,5,494,1.0,1.0
155,1,5,494,1.0,1.0
156,1,5,494,1.0,1.0
157,1,5,494,1.0,1.0
158,1,5,494,1.0,1.0
159,1,4,495,1.0,1.0
160,1,4,495,1.0,1.0
161,1,4,495,1.0,1.0
162,1,4,495,1.0,1.0
163,1,3,496,1.0,1.0
164,1,3,496,1.0,1.0
165,1,3,496,1.0,1.0
166,1,3,496,1.0,1.0
167,1,3,496,1.0,1.0
168,1,3,496,1.0,1.0
169,1,3,496,1.0,1.0
170,1,3,496,1.0,1.0
171,1,3,496,1.0,1.0
172,1,3,496,1.0,1.0
173,1,3,496,1.0,1.0
174,1,3,496,1.0,1.0
175,1,3,496,1.0,1.0
176,1,2,497,1.0,1.0
177,1,2,497,1.0,1.0
178,1,2,497,1.0,1.0
179,1,2,497,1.0,1.0
180,1,2,497,1.0,1.0
181,1,1,498,1.0,1.0
182,1,1,498,1.0,1.0
183,1,1,498,1.0,1.0
184,1,1,498,1.0,1.0
185,1,1,498,1.0,1.0
186,1,1,498,1.0,1.0
187,1,1,498,1.0,1.0
188,1,1,498,1.0,1.0
189,1,1,498,1.0,1.0
190,1,1,498,1.0,1.0
191,1,1,498,1.0,1.0
192,1,1,498,1.0,1.0
193,1,1,498,1.0,1.0
194,1,1,498,1.0,1.0
195,1,1,498,1.0,1.0
196,1,1,498,1.0,1.0
197,1,1,498,1.0,1.0
198,1,1,498,1.0,1.0
199,1,1,498,1.0,1.0
200,1,1,498,1.0,1.0
1,498,2,0,0.9978333333333333,0.9989075415882644
2,494,5,1,0.9933333333333333,0.9965278238161533
3,492,7,1,0.9883333333333333,0.9939632577861635
4,489,9,2,0.9856666666666667,0.9925493643311728
5,489,8,3,0.9875,0.9934986949270758
6,485,12,3,0.9798333333333333,0.989523897222687
7,482,15,3,0.976,0.9875158884219861
8,470,27,3,0.9565,0.9767454342519097
9,460,36,4,0.9471666666666667,0.9712840701446561
10,449,46,5,0.9306666666666666,0.961215643327583
11,437,54,9,0.9226666666666666,0.9554272459540591
12,420,70,10,0.9011666666666667,0.9407844267533708
13,408,79,13,0.8875,0.9305135754768108
14,394,87,19,0.8925,0.9313526649870723
15,368,105,27,0.8801666666666667,0.9181459060700554
16,345,124,31,0.87,0.9052899114234968
17,316,149,35,0.85,0.8808265685322648
18,283,178,39,0.8161666666666667,0.8368266360054653
19,258,192,50,0.8163333333333334,0.8210553332747469
20,239,197,64,0.8198333333333333,0.8110529610465941
21,211,214,75,0.815,0.7802703176348345
22,200,215,85,0.8231666666666667,0.7784400599400598
23,184,217,99,0.8286666666666667,0.7668449422348288
24,165,226,109,0.8261666666666667,0.736068274281713
25,142,241,117,0.8281666666666667,0.6972332122867945
26,128,243,129,0.836,0.6793845647106517
27,112,252,136,0.846,0.6556365509490509
28,98,252,150,0.8663333333333333,0.6579723795872863
29,82,258,160,0.8838333333333334,0.6443734941269406
30,69,263,168,0.8958333333333334,0.6203800473838281
31,58,260,182,0.9103333333333333,0.6113866143851151
32,48,257,195,0.928,0.6232213861018209
33,36,259,205,0.9465,0.627032701597919
34,28,252,220,0.9586666666666667,0.6298727902532251
35,22,249,229,0.968,0.6354515050167224
36,18,248,234,0.9736666666666667,0.6320896816548991
37,13,243,244,0.9808333333333333,0.6311722836806448
38,10,235,255,0.9853333333333333,0.6339587513935341
39,10,226,264,0.9858333333333333,0.6463065774804906
40,9,217,274,0.9873333333333333,0.6498978075065032
41,7,207,286,0.9901666666666666,0.6453105590062113
42,7,202,291,0.9905,0.6577329192546584
43,7,197,296,0.9913333333333333,0.6872981366459628
44,5,188,307,0.995,0.752463768115942
45,5,181,314,0.9951666666666666,0.7611594202898551
46,4,173,323,0.9971666666666666,0.8231521739130435
47,4,166,330,0.9971666666666666,0.8231521739130435
48,2,161,337,0.9991666666666666,0.8913043478260869
49,2,152,346,0.9991666666666666,0.8913043478260869
50,2,144,354,0.9993333333333333,0.9130434782608695
51,2,136,362,0.9995,0.9347826086956521
52,2,130,368,0.9995,0.9347826086956521
53,2,126,372,0.9998333333333334,0.9782608695652174
54,2,122,376,0.9998333333333334,0.9782608695652174
55,2,116,382,0.9998333333333334,0.9782608695652174
56,2,108,390,0.9998333333333334,0.9782608695652174
57,2,101,397,0.9998333333333334,0.9782608695652174
58,2,97,401,1.0,1.0
59,2,94,404,1.0,1.0
60,2,91,407,1.0,1.0
61,2,88,410,1.0,1.0
62,2,84,414,1.0,1.0
63,2,82,416,1.0,1.0
64,2,79,419,1.0,1.0
65,2,74,424,1.0,1.0
66,2,73,425,1.0,1.0
67,2,70,428,1.0,1.0
68,2,68,430,1.0,1.0
69,2,64,434,1.0,1.0
70,2,62,436,1.0,1.0
71,2,60,438,1.0,1.0
72,2,56,442,1.0,1.0
73,1,56,443,1.0,1.0
74,1,55,444,1.0,1.0
75,1,53,446,1.0,1.0
76,1,51,448,1.0,1.0
77,1,48,451,1.0,1.0
78,1,46,453,1.0,1.0
79,1,44,455,1.0,1.0
80,1,40,459,1.0,1.0
81,1,38,461,1.0,1.0
82,1,38,461,1.0,1.0
83,1,35,464,1.0,1.0
84,1,33,466,1.0,1.0
85,1,33,466,1.0,1.0
86,1,33,466,1.0,1.0
87,1,32,467,1.0,1.0
88,1,32,467,1.0,1.0
89,1,29,470,1.0,1.0
90,1,29,470,1.0,1.0
91,1,29,470,1.0,1.0
92,1,28,471,1.0,1.0
93,1,27,472,1.0,1.0
94,1,25,474,1.0,1.0
95,1,24,475,1.0,1.0
96,1,21,478,1.0,1.0
97,1,19,480,1.0,1.0
98,1,19,480,1.0,1.0
99,1,18,481,1.0,1.0
100,1,18,481,1.0,1.0
101,1,17,482,1.0,1.0
102,1,17,482,1.0,1.0
103,1,17,482,1.0,1.0
104,1,17,482,1.0,1.0
105,1,16,483,1.0,1.0
106,1,16,483,1.0,1.0
107,1,16,483,1.0,1.0
108,1,16,483,1.0,1.0
109,1,16,483,1.0,1.0
110,1,15,484,1.0,1.0
111,1,15,484,1.0,1.0
112,1,14,485,1.0,1.0
113,1,13,486,1.0,1.0
114,1,12,487,1.0,1.0
115,1,12,487,1.0,1.0
116,1,11,488,1.0,1.0
117,1,10,489,1.0,1.0
118,1,10,489,1.0,1.0
119,1,10,489,1.0,1.0
120,1,9,490,1.0,1.0
121,1,7,492,1.0,1.0
122,1,7,492,1.0,1.0
123,1,7,492,1.0,1.0
124,1,7,492,1.0,1.0
125,1,7,492,1.0,1.0
126,1,7,492,1.0,1.0
127,1,7,492,1.0,1.0
128,1,7,492,1.0,1.0
129,1,7,492,1.0,1.0
130,1,6,493,1.0,1.0
131,1,5,494,1.0,1.0
132,1,5,494,1.0,1.0
133,1,5,494,1.0,1.0
134,1,5,494,1.0,1.0
135,1,5,494,1.0,1.0
136,1,5,494,1.0,1.0
137,1,4,495,1.0,1.0
138,1,4,495,1.0,1.0
139,1,3,496,1.0,1.0
140,1,2,497,1.0,1.0
141,1,2,497,1.0,1.0
142,1,2,497,1.0,1.0
143,1,2,497,1.0,1.0
144,1,2,497,1.0,1.0
145,1,2,497,1.0,1.0
146,1,2,497,1.0,1.0
147,1,2,497,1.0,1.0
148,1,2,497,1.0,1.0
149,1,2,497,1.0,1.0
150,1,2,497,1.0,1.0
151,1,2,497,1.0,1.0
152,1,2,497,1.0,1.0
153,1,2,497,1.0,1.0
154,1,2,497,1.0,1.0
155,1,2,497,1.0,1.0
156,1,1,498,1.0,1.0
157,1,1,498,1.0,1.0
158,1,1,498,1.0,1.0
159,1,1,498,1.0,1.0
160,1,1,498,1.0,1.0
161,1,1,498,1.0,1.0
162,1,1,498,1.0,1.0
163,1,1,498,1.0,1.0
164,1,1,498,1.0,1.0
165,1,1,498,1.0,1.0
166,1,1,498,1.0,1.0
167,1,1,498,1.0,1.0
168,1,1,498,1.0,1.0
169,1,1,498,1.0,1.0
170,1,1,498,1.0,1.0
171,1,1,498,1.0,1.0
172,1,0,499,1.0,1.0
173,1,0,499,1.0,1.0
174,1,0,499,1.0,1.0
175,1,0,499,1.0,1.0
176,1,0,499,1.0,1.0
177,1,0,499,1.0,1.0
178,1,0,499,1.0,1.0
179,1,0,499,1.0,1.0
180,1,0,499,1.0,1.0
181,1,0,499,1.0,1.0
182,1,0,499,1.0,1.0
183,1,0,499,1.0,1.0
184,1,0,499,1.0,1.0
185,1,0,499,1.0,1.0
186,1,0,499,1.0,1.0
187,1,0,499,1.0,1.0
188,1,0,499,1.0,1.0
189,1,0,499,1.0,1.0
190,1,0,499,1.0,1.0
191,1,0,499,1.0,1.0
192,1,0,499,1.0,1.0
193,1,0,499,1.0,1.0
194,1,0,499,1.0,1.0
195,1,0,499,1.0,1.0
196,1,0,499,1.0,1.0
197,1,0,499,1.0,1.0
198,1,0,499,1.0,1.0
199,1,0,499,1.0,1.0
200,1,0,499,1.0,1.0
1,497,2,1,0.9975,0.9987205843758201
2,496,3,1,0.994,0.9969167436992648
3,495,3,2,0.995,0.9974305372566242
4,495,3,2,0.995,0.9974305372566242
5,493,5,2,0.9933333333333333,0.9965519780216843
6,489,8,3,0.9855,0.9925291842767615
7,487,9,4,0.986,0.9927721230582582
8,481,15,4,0.9765,0.9877246361360074
9,476,19,5,0.9715,0.984981261870648
10,470,25,5,0.9615,0.9794841194369409
11,461,34,5,0.9501666666666667,0.9729416479336314
12,450,41,9,0.9393333333333334,0.966247210921124
13,437,52,11,0.9256666666666666,0.9575237477675046
14,423,59,18,0.9126666666666666,0.948302666600539
15,412,68,20,0.9095,0.9449069069737073
16,396,83,21,0.8931666666666667,0.9324611073672339
17,373,100,27,0.8796666666666667,0.919203866227412
18,352,117,31,0.8713333333333333,0.9085548159387092
19,330,134,36,0.8545,0.889651697568035
20,296,160,44,0.8271666666666667,0.8538295095360313
21,271,178,51,0.815,0.8290530541589421
22,246,193,61,0.7983333333333333,0.794862181205412
23,209,224,67,0.7805,0.737201286220425
24,193,237,70,0.7858333333333334,0.7220985420760145
25,171,247,82,0.7928333333333333,0.6963293419014243
26,145,263,92,0.801,0.6559836195788219
27,126,273,101,0.8158333333333333,0.6343574512673891
28,102,293,105,0.8386666666666667,0.6049133042291611
29,83,303,114,0.863,0.5874822078567494
30,70,302,128,0.8828333333333334,0.5806922621891566
31,61,300,139,0.898,0.5807700923452882
32,49,297,154,0.9211666666666667,0.5959843956694001
33,45,286,169,0.9303333333333333,0.6102814673249456
34,40,281,179,0.9371666666666667,0.6049507087115783
35,32,282,186,0.9476666666666667,0.5865784012183469
36,28,275,197,0.9531666666666667,0.576943041430619
37,20,269,211,0.9668333333333333,0.5806382783882784
38,18,257,225,0.9715,0.6004038151864238
39,17,251,232,0.9735,0.6060148206439766
40,15,241,244,0.9773333333333334,0.6172891118543293
41,13,233,254,0.981,0.6302606367990984
42,13,220,267,0.9825,0.6598755313805481
43,10,216,274,0.9875,0.6826352922439878
44,8,212,280,0.9901666666666666,0.6878342490842491
45,8,207,285,0.9906666666666667,0.7036856983596114
46,7,204,289,0.9928333333333333,0.7389948353923509
47,7,193,300,0.9933333333333333,0.7564148067253658
48,4,183,313,0.9958333333333333,0.7263975155279503
49,4,173,323,0.9958333333333333,0.7263975155279503
50,2,164,334,0.9983333333333333,0.780952380952381
51,2,154,344,0.9985,0.8009523809523809
52,2,147,351,0.9985,0.8009523809523809
53,1,140,359,0.9991666666666666,0.7619047619047619
54,1,136,363,0.9991666666666666,0.7619047619047619
55,1,133,366,0.9991666666666666,0.7619047619047619
56,1,128,371,0.9993333333333333,0.8095238095238095
57,1,121,378,0.9993333333333333,0.8095238095238095
58,1,117,382,0.9995,0.8571428571428571
59,1,109,390,0.9996666666666667,0.9047619047619048
60,1,106,393,0.9996666666666667,0.9047619047619048
61,1,102,397,0.9996666666666667,0.9047619047619048
62,1,97,402,0.9998333333333334,0.9523809523809523
63,1,94,405,0.9998333333333334,0.9523809523809523
64,1,88,411,0.9998333333333334,0.9523809523809523
65,1,84,415,1.0,1.0
66,1,79,420,1.0,1.0
67,1,78,421,1.0,1.0
68,1,76,423,1.0,1.0
69,1,74,425,1.0,1.0
70,1,68,431,1.0,1.0
71,0,67,433,1.0,
72,0,66,434,1.0,
73,0,62,438,1.0,
74,0,59,441,1.0,
75,0,56,444,1.0,
76,0,54,446,1.0,
77,0,53,447,1.0,
78,0,51,449,1.0,
79,0,51,449,1.0,
80,0,50,450,1.0,
81,0,48,452,1.0,
82,0,45,455,1.0,
83,0,44,456,1.0,
84,0,44,456,1.0,
85,0,41,459,1.0,
86,0,39,461,1.0,
87,0,37,463,1.0,
88,0,36,464,1.0,
89,0,35,465,1.0,
90,0,34,466,1.0,
91,0,31,469,1.0,
92,0,31,469,1.0,
93,0,31,469,1.0,
94,0,30,470,1.0,
95,0,28,472,1.0,
96,0,26,474,1.0,
97,0,26,474,1.0,
98,0,25,475,1.0,
99,0,25,475,1.0,
100,0,24,476,1.0,
101,0,23,477,1.0,
102,0,22,478,1.0,
103,0,22,478,1.0,
104,0,22,478,1.0,
105,0,22,478,1.0,
106,0,22,478,1.0,
107,0,22,478,1.0,
108,0,21,479,1.0,
109,0,20,480,1.0,
110,0,19,481,1.0,
111,0,19,481,1.0,
112,0,18,482,1.0,
113,0,15,485,1.0,
114,0,15,485,1.0,
115,0,14,486,1.0,
116,0,14,486,1.0,
117,0,13,487,1.0,
118,0,13,487,1.0,
119,0,13,487,1.0,
120,0,12,488,1.0,
121,0,12,488,1.0,
122,0,11,489,1.0,
123,0,11,489,1.0,
124,0,11,489,1.0,
125,0,11,489,1.0,
126,0,11,489,1.0,
127,0,11,489,1.0,
128,0,10,490,1.0,
129,0,10,490,1.0,
130,0,8,492,1.0,
131,0,8,492,1.0,
132,0,8,492,1.0,
133,0,8,492,1.0,
134,0,7,493,1.0,
135,0,7,493,1.0,
136,0,6,494,1.0,
137,0,6,494,1.0,
138,0,5,495,1.0,
139,0,5,495,1.0,
140,0,5,495,1.0,
141,0,5,495,1.0,
142,0,5,495,1.0,
143,0,5,495,1.0,
144,0,5,495,1.0,
145,0,5,495,1.0,
146,0,5,495,1.0,
147,0,5,495,1.0,
148,0,5,495,1.0,
149,0,5,495,1.0,
150,0,5,495,1.0,
151,0,5,495,1.0,
152,0,4,496,1.0,
153,0,4,496,1.0,
154,0,4,496,1.0,
155,0,4,496,1.0,
156,0,4,496,1.0,
157,0,4,496,1.0,
158,0,4,496,1.0,
159,0,4,496,1.0,
160,0,4,496,1.0,
161,0,4,496,1.0,
162,0,4,496,1.0,
163,0,4,496,1.0,
164,0,4,496,1.0,
165,0,4,496,1.0,
166,0,4,496,1.0,
167,0,4,496,1.0,
168,0,4,496,1.0,
169,0,4,496,1.0,
170,0,4,496,1.0,
171,0,4,496,1.0,
172,0,4,496,1.0,
173,0,4,496,1.0,
174,0,3,497,1.0,
175,0,3,497,1.0,
176,0,3,497,1.0,
177,0,3,497,1.0,
178,0,3,497,1.0,
179,0,3,497,1.0,
180,0,3,497,1.0,
181,0,3,497,1.0,
182,0,3,497,1.0,
183,0,3,497,1.0,
184,0,3,497,1.0,
185,0,3,497,1.0,
186,0,3,497,1.0,
187,0,3,497,1.0,
188,0,3,497,1.0,
189,0,3,497,1.0,
190,0,3,497,1.0,
191,0,3,497,1.0,
192,0,3,497,1.0,
193,0,3,497,1.0,
194,0,3,497,1.0,
195,0,3,497,1.0,
196,0,3,497,1.0,
197,0,3,497,1.0,
198,0,3,497,1.0,
199,0,3,497,1.0,
200,0,3,497,1.0,
1,498,2,0,0.9978333333333333,1.0
2,495,5,0,0.9916666666666667,0.9968800547109578
3,493,7,0,0.987,0.9945154601277618
4,491,9,0,0.9843333333333333,0.9931411646004455
5,488,12,0,0.9806666666666667,0.9912312871923492
6,488,12,0,0.9806666666666667,0.9912312871923492
7,484,16,0,0.9798333333333333,0.9907229112777631
8,482,17,1,0.9811666666666666,0.9914094975995387
9,478,21,1,0.9788333333333333,0.990041028473714
10,475,23,2,0.9766666666666667,0.9888338861045117
11,470,28,2,0.9723333333333334,0.9863888739253777
12,464,33,3,0.9701666666666666,0.9850572470414083
13,456,40,4,0.9673333333333334,0.9832455204928887
14,447,47,6,0.9693333333333334,0.9840714198167246
15,442,52,6,0.9615,0.9794246225674547
16,436,56,8,0.9583333333333334,0.9773133601491621
17,427,65,8,0.9465,0.9698541606309953
18,411,75,14,0.932,0.9597638727849482
19,391,88,21,0.914,0.9459366277483212
20,379,93,28,0.9011666666666667,0.9356478469263538
21,358,110,32,0.8871666666666667,0.9219296145452328
22,336,127,37,0.8801666666666667,0.911525447430369
23,313,146,41,0.8621666666666666,0.8904740040246872
24,288,165,47,0.8498333333333333,0.8702123348690072
25,269,174,57,0.843,0.854625868778176
26,252,183,65,0.8405,0.8422779873068734
27,236,191,73,0.8548333333333333,0.8466070157038038
28,217,198,85,0.8555,0.8341763895530308
29,197,213,90,0.8443333333333334,0.8023868647941971
30,176,225,99,0.8448333333333333,0.7793167749712829
31,161,235,104,0.8465,0.7616365027301276
32,140,249,111,0.8536666666666667,0.7381673980926862
33,112,269,119,0.8538333333333333,0.6730120704794817
34,95,272,133,0.8661666666666666,0.6475432600227767
35,84,273,143,0.8788333333333334,0.6389967356792998
36,70,278,152,0.8881666666666667,0.6003500669674199
37,59,280,161,0.9008333333333334,0.5790176549656256
38,50,279,171,0.9156666666666666,0.5779413277895608
39,42,278,180,0.9301666666666667,0.5844705975992093
40,39,271,190,0.9373333333333334,0.598093103337071
41,32,267,201,0.9481666666666667,0.5958428296115511
42,25,261,214,0.96,0.6009812661690165
43,20,252,228,0.9688333333333333,0.6124747237138741
44,17,241,242,0.9741666666666666,0.6231939589857858
45,13,237,250,0.9811666666666666,0.640504801990881
46,12,228,260,0.9841666666666666,0.6718085983087456
47,10,223,267,0.9865,0.6635844926185576
48,8,214,278,0.9895,0.6730116246483131
49,7,208,285,0.9911666666666666,0.6854918354401923
50,7,202,291,0.9916666666666667,0.7033895510620111
51,6,202,292,0.9925,0.6862811865344955
52,5,197,298,0.9936666666666667,0.6842523642251549
53,5,191,304,0.9936666666666667,0.6842523642251549
54,5,180,315,0.9941666666666666,0.709280148374948
55,4,165,331,0.9956666666666667,0.7301765345324781
56,3,160,337,0.9966666666666667,0.7269180863062127
57,3,157,340,0.9968333333333333,0.7402662378527691
58,2,147,351,0.998,0.7550048218520917
59,1,143,356,0.9988333333333334,0.7091205509108044
60,1,139,360,0.9988333333333334,0.7091205509108044
61,1,122,377,0.999,0.7508335244937929
62,1,119,380,0.999,0.7508335244937929
63,1,116,383,0.999,0.7508335244937929
64,0,114,386,1.0,
65,0,108,392,1.0,
66,0,105,395,1.0,
67,0,103,397,1.0,
68,0,93,407,1.0,
69,0,90,410,1.0,
70,0,86,414,1.0,
71,0,83,417,1.0,
72,0,79,421,1.0,
73,0,78,422,1.0,
74,0,75,425,1.0,
75,0,73,427,1.0,
76,0,67,433,1.0,
77,0,66,434,1.0,
78,0,63,437,1.0,
79,0,60,440,1.0,
80,0,58,442,1.0,
81,0,56,444,1.0,
82,0,55,445,1.0,
83,0,55,445,1.0,
84,0,55,445,1.0,
85,0,54,446,1.0,
86,0,53,447,1.0,
87,0,50,450,1.0,
88,0,44,456,1.0,
89,0,43,457,1.0,
90,0,43,457,1.0,
91,0,41,459,1.0,
92,0,41,459,1.0,
93,0,39,461,1.0,
94,0,38,462,1.0,
95,0,37,463,1.0,
96,0,36,464,1.0,
97,0,33,467,1.0,
98,0,29,471,1.0,
99,0,28,472,1.0,
100,0,28,472,1.0,
101,0,28,472,1.0,
102,0,28,472,1.0,
103,0,27,473,1.0,
104,0,25,475,1.0,
105,0,25,475,1.0,
106,0,24,476,1.0,
107,0,23,477,1.0,
108,0,22,478,1.0,
109,0,19,481,1.0,
110,0,19,481,1.0,
111,0,19,481,1.0,
112,0,18,482,1.0,
113,0,17,483,1.0,
114,0,17,483,1.0,
115,0,15,485,1.0,
116,0,14,486,1.0,
117,0,13,487,1.0,
118,0,13,487,1.0,
119,0,13,487,1.0,
120,0,12,488,1.0,
121,0,12,488,1.0,
122,0,11,489,1.0,
123,0,9,491,1.0,
124,0,9,491,1.0,
125,0,9,491,1.0,
126,0,8,492,1.0,
127,0,8,492,1.0,
128,0,8,492,1.0,
129,0,8,492,1.0,
130,0,8,492,1.0,
131,0,7,493,1.0,
132,0,7,493,1.0,
133,0,7,493,1.0,
134,0,7,493,1.0,
135,0,6,494,1.0,
136,0,5,495,1.0,
137,0,5,495,1.0,
138,0,5,495,1.0,
139,0,5,495,1.0,
140,0,5,495,1.0,
141,0,5,495,1.0,
142,0,5,495,1.0,
143,0,5,495,1.0,
144,0,5,495,1.0,
145,0,5,495,1.0,
146,0,5,495,1.0,
147,0,5,495,1.0,
148,0,5,495,1.0,
149,0,5,495,1.0,
150,0,5,495,1.0,
151,0,5,495,1.0,
152,0,4,496,1.0,
153,0,4,496,1.0,
154,0,4,496,1.0,
155,0,4,496,1.0,
156,0,4,496,1.0,
157,0,4,496,1.0,
158,0,4,496,1.0,
159,0,3,497,1.0,
160,0,3,497,1.0,
161,0,3,497,1.0,
162,0,3,497,1.0,
163,0,3,497,1.0,
164,0,2,498,1.0,
165,0,2,498,1.0,
166,0,2,498,1.0,
167,0,2,498,1.0,
168,0,2,498,1.0,
169,0,2,498,1.0,
170,0,1,499,1.0,
171,0,1,499,1.0,
172,0,1,499,1.0,
173,0,1,499,1.0,
174,0,1,499,1.0,
175,0,1,499,1.0,
176,0,1,499,1.0,
177,0,1,499,1.0,
178,0,1,499,1.0,
179,0,1,499,1.0,
180,0,1,499,1.0,
181,0,1,499,1.0,
182,0,1,499,1.0,
183,0,1,499,1.0,
184,0,1,499,1.0,
185,0,1,499,1.0,
186,0,1,499,1.0,
187,0,1,499,1.0,
188,0,1,499,1.0,
189,0,1,499,1.0,
190,0,1,499,1.0,
191,0,1,499,1.0,
192,0,1,499,1.0,
193,0,1,499,1.0,
194,0,1,499,1.0,
195,0,1,499,1.0,
196,0,1,499,1.0,
197,0,1,499,1.0,
198,0,1,499,1.0,
199,0,1,499,1.0,
200,0,1,499,1.0,
1,499,1,0,1.0,1.0
2,497,3,0,0.9943333333333333,0.99713268462503
3,494,5,1,0.9911666666666666,0.9955079008300273
4,489,10,1,0.9818333333333333,0.9906756839378873
5,485,14,1,0.9771666666666666,0.9881762450906332
6,480,19,1,0.9698333333333333,0.9842154730836796
7,472,25,3,0.9633333333333334,0.9805092708473326
8,461,36,3,0.9445,0.969853946288446
9,452,44,4,0.9288333333333333,0.9606611613522926
10,439,56,5,0.91,0.948875847850791
11,424,71,5,0.8873333333333333,0.9337838024856073
12,405,86,9,0.868,0.9187771490353348
13,387,99,14,0.8536666666666667,0.9057909841804911
14,360,123,17,0.8245,0.8785901368045088
15,323,153,24,0.8051666666666667,0.8495149486399992
16,294,176,30,0.782,0.814982144445321
17,264,196,40,0.7795,0.7912364584251937
18,239,214,47,0.7896666666666666,0.7801859639225476
19,218,229,53,0.7905,0.7595207895267727
20,192,243,65,0.805,0.7461603570627574
21,169,255,76,0.822,0.7365511378824988
22,146,263,91,0.8428333333333333,0.7307817263802969
23,131,274,95,0.847,0.7083007970628282
24,106,283,111,0.8643333333333333,0.6804594842310183
25,89,285,126,0.8826666666666667,0.6702767804306641
26,77,284,139,0.8948333333333334,0.6594528551106755
27,65,287,148,0.9065,0.6416932735293939
28,55,288,157,0.915,0.616221631537837
29,46,289,165,0.9275,0.6083270688563693
30,39,287,174,0.9386666666666666,0.6114929892354641
31,30,284,186,0.9515,0.6026534951897271
32,19,282,199,0.9675,0.5790300025425883
33,16,274,210,0.972,0.5698948268921096
34,14,265,221,0.9756666666666667,0.573223487462618
35,11,259,230,0.9808333333333333,0.5736019616454399
36,8,254,238,0.9865,0.5844202898550726
37,6,246,248,0.9901666666666666,0.5922826086956522
38,6,240,254,0.9901666666666666,0.5922826086956522
39,6,232,262,0.9906666666666667,0.6131159420289855
40,4,227,269,0.9938333333333333,0.6130072463768116
41,3,221,276,0.9951666666666666,0.6005555555555555
42,3,214,283,0.9955,0.6277777777777778
43,2,210,288,0.9976666666666667,0.7116666666666667
44,1,204,295,0.9983333333333333,0.5833333333333334
45,1,196,303,0.9985,0.625
46,1,190,309,0.9985,0.625
47,1,184,315,0.9985,0.625
48,0,176,324,1.0,
49,0,168,332,1.0,
50,0,163,337,1.0,
51,0,153,347,1.0,
52,0,148,352,1.0,
53,0,145,355,1.0,
54,0,138,362,1.0,
55,0,131,369,1.0,
56,0,129,371,1.0,
57,0,126,374,1.0,
58,0,123,377,1.0,
59,0,117,383,1.0,
60,0,111,389,1.0,
61,0,105,395,1.0,
62,0,102,398,1.0,
63,0,95,405,1.0,
64,0,88,412,1.0,
65,0,87,413,1.0,
66,0,84,416,1.0,
67,0,79,421,1.0,
68,0,76,424,1.0,
69,0,73,427,1.0,
70,0,68,432,1.0,
71,0,65,435,1.0,
72,0,59,441,1.0,
73,0,55,445,1.0,
74,0,51,449,1.0,
75,0,46,454,1.0,
76,0,42,458,1.0,
77,0,40,460,1.0,
78,0,37,463,1.0,
79,0,35,465,1.0,
80,0,34,466,1.0,
81,0,34,466,1.0,
82,0,32,468,1.0,
83,0,32,468,1.0,
84,0,31,469,1.0,
85,0,31,469,1.0,
86,0,31,469,1.0,
87,0,30,470,1.0,
88,0,28,472,1.0,
89,0,27,473,1.0,
90,0,26,474,1.0,
91,0,25,475,1.0,
92,0,24,476,1.0,
93,0,23,477,1.0,
94,0,23,477,1.0,
95,0,23,477,1.0,
96,0,22,478,1.0,
97,0,22,478,1.0,
98,0,22,478,1.0,
99,0,22,478,1.0,
100,0,21,479,1.0,
101,0,20,480,1.0,
102,0,19,481,1.0,
103,0,19,481,1.0,
104,0,19,481,1.0,
105,0,17,483,1.0,
106,0,17,483,1.0,
107,0,16,484,1.0,
108,0,15,485,1.0,
109,0,14,486,1.0,
110,0,14,486,1.0,
111,0,13,487,1.0,
112,0,13,487,1.0,
113,0,13,487,1.0,
114,0,13,487,1.0,
115,0,13,487,1.0,
116,0,11,489,1.0,
117,0,11,489,1.0,
118,0,11,489,1.0,
119,0,11,489,1.0,
120,0,11,489,1.0,
121,0,11,489,1.0,
122,0,8,492,1.0,
123,0,8,492,1.0,
124,0,8,492,1.0,
125,0,7,493,1.0,
126,0,7,493,1.0,
127,0,7,493,1.0,
128,0,7,493,1.0,
129,0,7,493,1.0,
130,0,7,493,1.0,
131,0,6,494,1.0,
132,0,5,495,1.0,
133,0,4,496,1.0,
134,0,4,496,1.0,
135,0,4,496,1.0,
136,0,4,496,1.0,
137,0,4,496,1.0,
138,0,4,496,1.0,
139,0,3,497,1.0,
140,0,3,497,1.0,
141,0,3,497,1.0,
142,0,3,497,1.0,
143,0,3,497,1.0,
144,0,3,497,1.0,
145,0,3,497,1.0,
146,0,3,497,1.0,
147,0,3,497,1.0,
148,0,3,497,1.0,
149,0,3,497,1.0,
150,0,3,497,1.0,
151,0,3,497,1.0,
152,0,3,497,1.0,
153,0,3,497,1.0,
154,0,3,497,1.0,
155,0,3,497,1.0,
156,0,3,497,1.0,
157,0,3,497,1.0,
158,0,3,497,1.0,
159,0,3,497,1.0,
160,0,3,497,1.0,
161,0,3,497,1.0,
162,0,3,497,1.0,
163,0,3,497,1.0,
164,0,3,497,1.0,
165,0,3,497,1.0,
166,0,3,497,1.0,
167,0,2,498,1.0,
168,0,2,498,1.0,
169,0,2,498,1.0,
170,0,2,498,1.0,
171,0,2,498,1.0,
172,0,2,498,1.0,
173,0,2,498,1.0,
174,0,2,498,1.0,
175,0,2,498,1.0,
176,0,2,498,1.0,
177,0,2,498,1.0,
178,0,2,498,1.0,
179,0,2,498,1.0,
180,0,2,498,1.0,
181,0,2,498,1.0,
182,0,2,498,1.0,
183,0,2,498,1.0,
184,0,1,499,1.0,
185,0,1,499,1.0,
186,0,1,499,1.0,
187,0,1,499,1.0,
188,0,1,499,1.0,
189,0,1,499,1.0,
190,0,0,500,1.0,
191,0,0,500,1.0,
192,0,0,500,1.0,
193,0,0,500,1.0,
194,0,0,500,1.0,
195,0,0,500,1.0,
196,0,0,500,1.0,
197,0,0,500,1.0,
198,0,0,500,1.0,
199,0,0,500,1.0,
200,0,0,500,1.0,
1,499,1,0,1.0,1.0
2,499,1,0,1.0,1.0
3,498,2,0,0.9978333333333333,0.9989007809895709
4,496,4,0,0.9931666666666666,0.9965342911529798
5,495,4,1,0.9935,0.9966956398893158
6,494,5,1,0.991,0.9954084731791122
7,493,6,1,0.9898333333333333,0.994792217219239
8,487,12,1,0.9821666666666666,0.9907797480322255
9,481,18,1,0.9705,0.9845045591366662
10,473,25,2,0.9606666666666667,0.9790357788487212
11,466,31,3,0.9558333333333333,0.9759931489484577
12,453,43,4,0.9405,0.9667622163413505
13,441,53,6,0.927,0.95817374294107
14,432,61,7,0.9223333333333333,0.9545128708106768
15,416,75,9,0.9095,0.9451170632175021
16,400,87,13,0.9003333333333333,0.9372243273031315
17,381,101,18,0.8796666666666667,0.9204569833064641
18,356,125,19,0.8431666666666666,0.8892320694286986
19,339,136,25,0.8288333333333333,0.8731538981731364
20,312,155,33,0.8083333333333333,0.8460349122263838
21,282,178,40,0.7868333333333334,0.8106780055693098
22,246,204,50,0.7741666666666667,0.7699493742972005
23,219,223,58,0.7733333333333333,0.7400421469867569
24,186,243,71,0.7878333333333334,0.713699435985551
25,169,253,78,0.797,0.6984787988788503
26,145,263,92,0.8233333333333334,0.6942976508748623
27,129,265,106,0.8361666666666666,0.6812965508819906
28,106,277,117,0.8583333333333333,0.6647892850928125
29,80,288,132,0.887,0.6450563594014681
30,70,288,142,0.9003333333333333,0.6414897286978031
31,60,290,150,0.911,0.6268855323420541
32,51,291,158,0.9245,0.6276267054911556
33,43,289,168,0.9348333333333333,0.6190355162195403
34,37,277,186,0.9455,0.6293245023679805
35,28,277,195,0.958,0.6230514775079993
36,23,271,206,0.9671666666666666,0.6408162914590136
37,20,264,216,0.9723333333333334,0.652831545266328
38,16,261,223,0.9803333333333333,0.6888519315829098
39,14,253,233,0.9836666666666667,0.7037848538624936
40,11,243,246,0.9858333333333333,0.6761471861471862
41,7,237,256,0.9911666666666666,0.6794217687074829
42,7,226,267,0.9916666666666667,0.6972789115646257
43,7,217,276,0.992,0.7091836734693878
44,6,210,284,0.9931666666666666,0.7103174603174603
45,4,205,291,0.9958333333333333,0.7336309523809524
46,4,192,304,0.996,0.7440476190476191
47,4,185,311,0.996,0.7440476190476191
48,4,181,315,0.9961666666666666,0.7559523809523809
49,4,176,320,0.9961666666666666,0.7559523809523809
50,3,170,327,0.9971666666666666,0.7579365079365079
51,3,160,337,0.9971666666666666,0.7579365079365079
52,3,153,344,0.9973333333333333,0.7718253968253969
53,2,151,347,0.9983333333333333,0.7797619047619048
54,2,146,352,0.9983333333333333,0.7797619047619048
55,2,134,364,0.9985,0.8005952380952381
56,2,130,368,0.9986666666666667,0.8214285714285714
57,2,124,374,0.9988333333333334,0.8422619047619048
58,2,122,376,0.9988333333333334,0.8422619047619048
59,2,116,382,0.999,0.8630952380952381
60,1,110,389,0.9993333333333333,0.8095238095238095
61,1,105,394,0.9993333333333333,0.8095238095238095
62,1,100,399,0.9993333333333333,0.8095238095238095
63,1,90,409,0.9995,0.8571428571428571
64,1,87,412,0.9995,0.8571428571428571
65,1,85,414,0.9995,0.8571428571428571
66,1,84,415,0.9995,0.8571428571428571
67,1,82,417,0.9995,0.8571428571428571
68,1,81,418,0.9995,0.8571428571428571
69,1,80,419,0.9995,0.8571428571428571
70,1,77,422,0.9995,0.8571428571428571
71,1,76,423,0.9995,0.8571428571428571
72,1,72,427,0.9995,0.8571428571428571
73,1,69,430,0.9996666666666667,0.9047619047619048
74,1,67,432,0.9996666666666667,0.9047619047619048
75,1,61,438,0.9996666666666667,0.9047619047619048
76,1,59,440,0.9996666666666667,0.9047619047619048
77,1,57,442,0.9996666666666667,0.9047619047619048
78,1,55,444,0.9996666666666667,0.9047619047619048
79,1,53,446,0.9996666666666667,0.9047619047619048
80,1,50,449,0.9996666666666667,0.9047619047619048
81,1,48,451,0.9996666666666667,0.9047619047619048
82,1,44,455,0.9998333333333334,0.9523809523809523
83,1,41,458,0.9998333333333334,0.9523809523809523
84,1,40,459,0.9998333333333334,0.9523809523809523
85,1,39,460,0.9998333333333334,0.9523809523809523
86,1,39,460,0.9998333333333334,0.9523809523809523
87,1,38,461,0.9998333333333334,0.9523809523809523
88,1,37,462,0.9998333333333334,0.9523809523809523
89,1,36,463,0.9998333333333334,0.9523809523809523
90,1,36,463,0.9998333333333334,0.9523809523809523
91,1,33,466,0.9998333333333334,0.9523809523809523
92,1,31,468,0.9998333333333334,0.9523809523809523
93,1,31,468,0.9998333333333334,0.9523809523809523
94,1,31,468,0.9998333333333334,0.9523809523809523
95,1,30,469,0.9998333333333334,0.9523809523809523
96,1,30,469,0.9998333333333334,0.9523809523809523
97,0,29,471,1.0,
98,0,26,474,1.0,
99,0,26,474,1.0,
100,0,25,475,1.0,
101,0,22,478,1.0,
102,0,21,479,1.0,
103,0,21,479,1.0,
104,0,21,479,1.0,
105,0,21,479,1.0,
106,0,19,481,1.0,
107,0,18,482,1.0,
108,0,18,482,1.0,
109,0,18,482,1.0,
110,0,17,483,1.0,
111,0,17,483,1.0,
112,0,17,483,1.0,
113,0,17,483,1.0,
114,0,15,485,1.0,
115,0,15,485,1.0,
116,0,15,485,1.0,
117,0,14,486,1.0,
118,0,12,488,1.0,
119,0,11,489,1.0,
120,0,10,490,1.0,
121,0,9,491,1.0,
122,0,9,491,1.0,
123,0,9,491,1.0,
124,0,9,491,1.0,
125,0,8,492,1.0,
126,0,6,494,1.0,
127,0,6,494,1.0,
128,0,6,494,1.0,
129,0,6,494,1.0,
130,0,5,495,1.0,
131,0,5,495,1.0,
132,0,5,495,1.0,
133,0,5,495,1.0,
134,0,5,495,1.0,
135,0,5,495,1.0,
136,0,5,495,1.0,
137,0,5,495,1.0,
138,0,5,495,1.0,
139,0,5,495,1.0,
140,0,5,495,1.0,
141,0,5,495,1.0,
142,0,5,495,1.0,
143,0,4,496,1.0,
144,0,4,496,1.0,
145,0,4,496,1.0,
146,0,4,496,1.0,
147,0,4,496,1.0,
148,0,4,496,1.0,
149,0,4,496,1.0,
150,0,4,496,1.0,
151,0,4,496,1.0,
152,0,2,498,1.0,
153,0,2,498,1.0,
154,0,2,498,1.0,
155,0,1,499,1.0,
156,0,1,499,1.0,
157,0,1,499,1.0,
158,0,1,499,1.0,
159,0,1,499,1.0,
160,0,1,499,1.0,
161,0,1,499,1.0,
162,0,1,499,1.0,
163,0,1,499,1.0,
164,0,1,499,1.0,
165,0,1,499,1.0,
166,0,1,499,1.0,
167,0,1,499,1.0,
168,0,1,499,1.0,
169,0,1,499,1.0,
170,0,1,499,1.0,
171,0,1,499,1.0,
172,0,1,499,1.0,
173,0,1,499,1.0,
174,0,1,499,1.0,
175,0,1,499,1.0,
176,0,1,499,1.0,
177,0,1,499,1.0,
178,0,1,499,1.0,
179,0,1,499,1.0,
180,0,1,499,1.0,
181,0,1,499,1.0,
182,0,1,499,1.0,
183,0,1,499,1.0,
184,0,1,499,1.0,
185,0,1,499,1.0,
186,0,1,499,1.0,
187,0,0,500,1.0,
188,0,0,500,1.0,
189,0,0,500,1.0,
190,0,0,500,1.0,
191,0,0,500,1.0,
192,0,0,500,1.0,
193,0,0,500,1.0,
194,0,0,500,1.0,
195,0,0,500,1.0,
196,0,0,500,1.0,
197,0,0,500,1.0,
198,0,0,500,1.0,
199,0,0,500,1.0,
200,0,0,500,1.0,
1,499,1,0,1.0,1.0
2,499,1,0,1.0,1.0
3,499,1,0,1.0,1.0
4,496,4,0,0.9931666666666666,0.996572261451732
5,494,6,0,0.989,0.9944848601788401
6,492,8,0,0.9855,0.9926963173211848
7,492,7,1,0.9881666666666666,0.9940491617784831
8,488,10,2,0.984,0.9918420162339442
9,484,14,2,0.98,0.9897307746750794
10,477,20,3,0.9781666666666666,0.9886350218917899
11,472,24,4,0.9758333333333333,0.987242610619545
12,466,28,6,0.965,0.9812834225238591
13,459,34,7,0.9535,0.9747042865883445
14,451,42,7,0.9426666666666667,0.9684040044919251
15,439,51,10,0.9276666666666666,0.9589654860012391
16,426,63,11,0.9113333333333333,0.9481409211323479
17,409,75,16,0.9,0.9388888243640023
18,394,87,19,0.8816666666666667,0.9249140167850165
19,373,100,27,0.8731666666666666,0.9149938625611782
20,349,121,30,0.8496666666666667,0.8924123853113514
21,312,152,36,0.8368333333333333,0.8691766896755749
22,275,184,41,0.8135,0.8300827167854836
23,252,201,47,0.8016666666666666,0.802453485380504
24,235,208,57,0.7908333333333334,0.7765085903920316
25,209,220,71,0.7976666666666666,0.7572734324825026
26,188,234,78,0.795,0.7267445671041879
27,164,252,84,0.8075,0.705739538828086
28,140,269,91,0.8278333333333333,0.6915537133673779
29,111,288,101,0.8416666666666667,0.642423928076102
30,83,300,117,0.8713333333333333,0.6117765497990747
31,59,306,135,0.9008333333333334,0.5774758783343896
32,48,303,149,0.9185,0.5734738585689673
33,41,298,161,0.9321666666666667,0.585058954830959
34,35,290,175,0.9406666666666667,0.5753081845690542
35,30,280,190,0.9511666666666667,0.5917834701530353
36,24,274,202,0.9633333333333334,0.6152033715077193
37,18,267,215,0.9728333333333333,0.6198495546321633
38,14,260,226,0.978,0.6023230754752493
39,13,248,239,0.9801666666666666,0.6122565116043377
40,8,245,247,0.9886666666666667,0.638012187088274
41,8,238,254,0.9891666666666666,0.6539023386034256
42,5,232,263,0.9938333333333333,0.686494071146245
43,3,230,267,0.9961666666666666,0.677979797979798
44,2,222,276,0.9971666666666666,0.6525000000000001
45,2,212,286,0.9975,0.6941666666666667
46,2,205,293,0.9975,0.6941666666666667
47,2,198,300,0.9976666666666667,0.7141666666666666
48,1,187,312,0.9988333333333334,0.72
49,1,172,327,0.999,0.76
50,0,164,336,1.0,
51,0,158,342,1.0,
52,0,147,353,1.0,
53,0,142,358,1.0,
54,0,136,364,1.0,
55,0,129,371,1.0,
56,0,124,376,1.0,
57,0,120,380,1.0,
58,0,115,385,1.0,
59,0,108,392,1.0,
60,0,102,398,1.0,
61,0,99,401,1.0,
62,0,97,403,1.0,
63,0,92,408,1.0,
64,0,90,410,1.0,
65,0,86,414,1.0,
66,0,82,418,1.0,
67,0,79,421,1.0,
68,0,77,423,1.0,
69,0,73,427,1.0,
70,0,71,429,1.0,
71,0,68,432,1.0,
72,0,65,435,1.0,
73,0,64,436,1.0,
74,0,63,437,1.0,
75,0,59,441,1.0,
76,0,58,442,1.0,
77,0,57,443,1.0,
78,0,56,444,1.0,
79,0,53,447,1.0,
80,0,53,447,1.0,
81,0,53,447,1.0,
82,0,52,448,1.0,
83,0,51,449,1.0,
84,0,49,451,1.0,
85,0,47,453,1.0,
86,0,43,457,1.0,
87,0,40,460,1.0,
88,0,37,463,1.0,
89,0,33,467,1.0,
90,0,32,468,1.0,
91,0,32,468,1.0,
92,0,30,470,1.0,
93,0,28,472,1.0,
94,0,26,474,1.0,
95,0,26,474,1.0,
96,0,24,476,1.0,
97,0,24,476,1.0,
98,0,22,478,1.0,
99,0,22,478,1.0,
100,0,21,479,1.0,
101,0,21,479,1.0,
102,0,19,481,1.0,
103,0,19,481,1.0,
104,0,19,481,1.0,
105,0,19,481,1.0,
106,0,18,482,1.0,
107,0,15,485,1.0,
108,0,14,486,1.0,
109,0,14,486,1.0,
110,0,13,487,1.0,
111,0,13,487,1.0,
112,0,13,487,1.0,
113,0,13,487,1.0,
114,0,12,488,1.0,
115,0,11,489,1.0,
116,0,10,490,1.0,
117,0,9,491,1.0,
118,0,8,492,1.0,
119,0,8,492,1.0,
120,0,8,492,1.0,
121,0,8,492,1.0,
122,0,7,493,1.0,
123,0,6,494,1.0,
124,0,6,494,1.0,
125,0,6,494,1.0,
126,0,6,494,1.0,
127,0,6,494,1.0,
128,0,6,494,1.0,
129,0,6,494,1.0,
130,0,6,494,1.0,
131,0,6,494,1.0,
132,0,6,494,1.0,
133,0,5,495,1.0,
134,0,4,496,1.0,
135,0,4,496,1.0,
136,0,4,496,1.0,
137,0,4,496,1.0,
138,0,4,496,1.0,
139,0,4,496,1.0,
140,0,4,496,1.0,
141,0,3,497,1.0,
142,0,3,497,1.0,
143,0,3,497,1.0,
144,0,3,497,1.0,
145,0,3,497,1.0,
146,0,3,497,1.0,
147,0,3,497,1.0,
148,0,3,497,1.0,
149,0,3,497,1.0,
150,0,3,497,1.0,
151,0,3,497,1.0,
152,0,3,497,1.0,
153,0,3,497,1.0,
154,0,3,497,1.0,
155,0,3,497,1.0,
156,0,2,498,1.0,
157,0,2,498,1.0,
158,0,2,498,1.0,
159,0,2,498,1.0,
160,0,2,498,1.0,
161,0,2,498,1.0,
162,0,2,498,1.0,
163,0,2,498,1.0,
164,0,2,498,1.0,
165,0,1,499,1.0,
166,0,1,499,1.0,
167,0,1,499,1.0,
168,0,0,500,1.0,
169,0,0,500,1.0,
170,0,0,500,1.0,
171,0,0,500,1.0,
172,0,0,500,1.0,
173,0,0,500,1.0,
174,0,0,500,1.0,
175,0,0,500,1.0,
176,0,0,500,1.0,
177,0,0,500,1.0,
178,0,0,500,1.0,
179,0,0,500,1.0,
180,0,0,500,1.0,
181,0,0,500,1.0,
182,0,0,500,1.0,
183,0,0,500,1.0,
184,0,0,500,1.0,
185,0,0,500,1.0,
186,0,0,500,1.0,
187,0,0,500,1.0,
188,0,0,500,1.0,
189,0,0,500,1.0,
190,0,0,500,1.0,
191,0,0,500,1.0,
192,0,0,500,1.0,
193,0,0,500,1.0,
194,0,0,500,1.0,
195,0,0,500,1.0,
196,0,0,500,1.0,
197,0,0,500,1.0,
198,0,0,500,1.0,
199,0,0,500,1.0,
200,0,0,500,1.0,
1,497,2,1,0.9975,1.0
2,495,4,1,0.9933333333333333,0.9978949329024004
3,493,6,1,0.9903333333333333,0.9963676735944528
4,488,11,1,0.982,0.9920897169791094
5,482,14,4,0.9786666666666667,0.9901713159736865
6,482,14,4,0.9786666666666667,0.9901713159736865
7,476,19,5,0.968,0.9843641151177311
8,472,23,5,0.9626666666666667,0.9814570002421009
9,466,28,6,0.9575,0.9783966199579482
10,460,32,8,0.9503333333333334,0.9740876116440592
11,449,43,8,0.938,0.9665407813885936
12,436,52,12,0.9336666666666666,0.9630121851375704
13,431,56,13,0.9251666666666667,0.9575753930756444
14,422,64,14,0.9183333333333333,0.9526074762017488
15,404,78,18,0.9056666666666666,0.9425773667707528
16,390,89,21,0.8933333333333333,0.9327399732319273
17,377,99,24,0.8821666666666667,0.9228625089039366
18,352,120,28,0.8611666666666666,0.9024497856717829
19,329,135,36,0.8471666666666666,0.8850503457545981
20,302,158,40,0.8285,0.8593697645550116
21,264,191,45,0.7988333333333333,0.8107862576239993
22,243,205,52,0.7916666666666666,0.7875067799296636
23,218,217,65,0.789,0.7599161550817685
24,189,231,80,0.7966666666666666,0.7331760433337591
25,170,238,92,0.8035,0.7133399196392892
26,148,256,96,0.8136666666666666,0.6873693930126045
27,127,269,104,0.8301666666666667,0.6673591985973294
28,109,276,115,0.8436666666666667,0.6433151072555365
29,92,279,129,0.8646666666666667,0.6354929459937619
30,77,281,142,0.8808333333333334,0.6165311307171171
31,67,276,157,0.8951666666666667,0.6126215409570632
32,54,279,167,0.913,0.6016046078548773
33,45,280,175,0.9246666666666666,0.5858777985200707
34,36,281,183,0.9391666666666667,0.5811999003975019
35,28,276,196,0.9523333333333334,0.5762044378199176
36,22,273,205,0.9631666666666666,0.5870073888080801
37,21,259,220,0.9665,0.6068745768555119
38,18,248,234,0.9726666666666667,0.6271089473838782
39,14,241,245,0.98,0.6467957414939864
40,11,233,256,0.9851666666666666,0.6697398546245144
41,11,225,264,0.9853333333333333,0.6735325246068388
42,8,215,277,0.99,0.6953991063096122
43,8,205,287,0.9905,0.7106266762886447
44,8,198,294,0.991,0.7258542462676769
45,6,194,300,0.9933333333333333,0.7271625694255707
46,5,189,306,0.9945,0.7287466962210862
47,5,179,316,0.9948333333333333,0.7451006891848689
48,4,171,325,0.9965,0.7849408734635426
49,3,164,333,0.9975,0.7929340628668703
50,3,158,339,0.9976666666666667,0.8062842612046521
51,3,154,343,0.9976666666666667,0.8062842612046521
52,3,148,349,0.9976666666666667,0.8062842612046521
53,1,143,356,0.999,0.7609613052535598
54,1,138,361,0.999,0.7609613052535598
55,1,132,367,0.999,0.7609613052535598
56,1,126,373,0.9991666666666666,0.801011900266905
57,1,120,379,0.9991666666666666,0.801011900266905
58,1,116,383,0.9991666666666666,0.801011900266905
59,1,112,387,0.9993333333333333,0.8410624952802502
60,0,104,396,1.0,
61,0,101,399,1.0,
62,0,98,402,1.0,
63,0,91,409,1.0,
64,0,85,415,1.0,
65,0,82,418,1.0,
66,0,78,422,1.0,
67,0,73,427,1.0,
68,0,68,432,1.0,
69,0,65,435,1.0,
70,0,61,439,1.0,
71,0,60,440,1.0,
72,0,58,442,1.0,
73,0,56,444,1.0,
74,0,55,445,1.0,
75,0,52,448,1.0,
76,0,51,449,1.0,
77,0,48,452,1.0,
78,0,46,454,1.0,
79,0,45,455,1.0,
80,0,44,456,1.0,
81,0,43,457,1.0,
82,0,43,457,1.0,
83,0,41,459,1.0,
84,0,38,462,1.0,
85,0,35,465,1.0,
86,0,33,467,1.0,
87,0,33,467,1.0,
88,0,32,468,1.0,
89,0,32,468,1.0,
90,0,30,470,1.0,
91,0,29,471,1.0,
92,0,29,471,1.0,
93,0,29,471,1.0,
94,0,25,475,1.0,
95,0,24,476,1.0,
96,0,22,478,1.0,
97,0,22,478,1.0,
98,0,21,479,1.0,
99,0,20,480,1.0,
100,0,20,480,1.0,
101,0,19,481,1.0,
102,0,16,484,1.0,
103,0,16,484,1.0,
104,0,15,485,1.0,
105,0,15,485,1.0,
106,0,14,486,1.0,
107,0,14,486,1.0,
108,0,13,487,1.0,
109,0,12,488,1.0,
110,0,12,488,1.0,
111,0,12,488,1.0,
112,0,11,489,1.0,
113,0,11,489,1.0,
114,0,11,489,1.0,
115,0,11,489,1.0,
116,0,10,490,1.0,
117,0,10,490,1.0,
118,0,10,490,1.0,
119,0,9,491,1.0,
120,0,8,492,1.0,
121,0,8,492,1.0,
122,0,8,492,1.0,
123,0,8,492,1.0,
124,0,8,492,1.0,
125,0,8,492,1.0,
126,0,7,493,1.0,
127,0,6,494,1.0,
128,0,6,494,1.0,
129,0,6,494,1.0,
130,0,5,495,1.0,
131,0,5,495,1.0,
132,0,5,495,1.0,
133,0,5,495,1.0,
134,0,5,495,1.0,
135,0,4,496,1.0,
136,0,4,496,1.0,
137,0,4,496,1.0,
138,0,3,497,1.0,
139,0,3,497,1.0,
140,0,3,497,1.0,
141,0,2,498,1.0,
142,0,2,498,1.0,
143,0,2,498,1.0,
144,0,2,498,1.0,
145,0,2,498,1.0,
146,0,2,498,1.0,
147,0,1,499,1.0,
148,0,1,499,1.0,
149,0,1,499,1.0,
150,0,1,499,1.0,
151,0,1,499,1.0,
152,0,1,499,1.0,
153,0,1,499,1.0,
154,0,1,499,1.0,
155,0,1,499,1.0,
156,0,1,499,1.0,
157,0,1,499,1.0,
158,0,1,499,1.0,
159,0,1,499,1.0,
160,0,1,499,1.0,
161,0,1,499,1.0,
162,0,1,499,1.0,
163,0,1,499,1.0,
164,0,1,499,1.0,
165,0,1,499,1.0,
166,0,1,499,1.0,
167,0,1,499,1.0,
168,0,1,499,1.0,
169,0,1,499,1.0,
170,0,1,499,1.0,
171,0,1,499,1.0,
172,0,1,499,1.0,
173,0,1,499,1.0,
174,0,1,499,1.0,
175,0,1,499,1.0,
176,0,1,499,1.0,
177,0,1,499,1.0,
178,0,1,499,1.0,
179,0,1,499,1.0,
180,0,0,500,1.0,
181,0,0,500,1.0,
182,0,0,500,1.0,
183,0,0,500,1.0,
184,0,0,500,1.0,
185,0,0,500,1.0,
186,0,0,500,1.0,
187,0,0,500,1.0,
188,0,0,500,1.0,
189,0,0,500,1.0,
190,0,0,500,1.0,
191,0,0,500,1.0,
192,0,0,500,1.0,
193,0,0,500,1.0,
194,0,0,500,1.0,
195,0,0,500,1.0,
196,0,0,500,1.0,
197,0,0,500,1.0,
198,0,0,500,1.0,
199,0,0,500,1.0,
200,0,0,500,1.0,
1,497,3,0,0.994,0.9969930396201064
2,493,7,0,0.989,0.9944454921860336
3,489,11,0,0.9801666666666666,0.9898640731249426
4,487,13,0,0.979,0.9892258085633677
5,479,18,3,0.9753333333333334,0.9870918180485213
6,470,26,4,0.9605,0.978925366030824
7,459,35,6,0.9423333333333334,0.9684936472352406
8,447,43,10,0.9308333333333333,0.9613121554960871
9,434,55,11,0.9088333333333334,0.9474702688096797
10,417,68,15,0.8933333333333333,0.9360710346624224
11,395,87,18,0.8645,0.9142918038361076
12,382,95,23,0.861,0.9089755781310529
13,364,106,30,0.8545,0.9000170769843489
14,342,128,30,0.8413333333333334,0.8838109042552216
15,320,147,33,0.8256666666666667,0.8633443388586052
16,296,161,43,0.8298333333333333,0.8558508063127629
17,279,172,49,0.8291666666666667,0.8462820004264605
18,251,193,56,0.8178333333333333,0.8180577185964333
19,226,206,68,0.8258333333333333,0.8065962759825784
20,205,220,75,0.8315,0.7933523302431044
21,179,235,86,0.8371666666666666,0.7712524901218125
22,159,240,101,0.8476666666666667,0.7590129745379951
23,139,255,106,0.852,0.7319313540176849
24,126,258,116,0.8565,0.7130269770487161
25,109,264,127,0.8691666666666666,0.6979484529564307
26,96,265,139,0.8828333333333334,0.6933364710470689
27,83,264,153,0.8936666666666667,0.6781356220172353
28,69,274,157,0.9068333333333334,0.6606197939846332
29,56,276,168,0.9163333333333333,0.6241324345943912
30,44,280,176,0.9343333333333333,0.6236693017127799
31,37,276,187,0.9448333333333333,0.6237228165489036
32,32,262,206,0.9521666666666667,0.622462444711086
33,24,261,215,0.9606666666666667,0.5863327765229939
34,23,249,228,0.9635,0.6000305239813747
35,19,244,237,0.9706666666666667,0.6103001079774536
36,14,241,245,0.9796666666666667,0.6287523863300261
37,13,228,259,0.9806666666666667,0.6194479433609869
38,11,221,268,0.9851666666666666,0.6528737402255188
39,9,208,283,0.9895,0.6995843528452224
40,8,196,296,0.9905,0.6932823969508752
41,7,191,302,0.9918333333333333,0.6991550375090748
42,6,185,309,0.9936666666666667,0.7273284083066692
43,6,176,318,0.994,0.7422093606876216
44,6,174,320,0.9943333333333333,0.7558204717987326
45,6,170,324,0.9946666666666667,0.7694315829098438
46,6,162,332,0.9953333333333333,0.7982255787690571
47,4,158,338,0.9976666666666667,0.8493064182194616
48,3,153,344,0.998,0.8257418909592822
49,3,149,348,0.998,0.8257418909592822
50,3,143,354,0.998,0.8257418909592822
51,2,137,361,0.9988333333333334,0.8436853002070394
52,2,130,368,0.999,0.865424430641822
53,2,124,374,0.9993333333333333,0.9089026915113871
54,2,113,385,0.9993333333333333,0.9089026915113871
55,2,109,389,0.9995,0.9306418219461698
56,2,104,394,0.9995,0.9306418219461698
57,2,100,398,0.9996666666666667,0.9523809523809523
58,2,95,403,0.9996666666666667,0.9523809523809523
59,1,92,407,1.0,1.0
60,1,86,413,1.0,1.0
61,1,84,415,1.0,1.0
62,1,79,420,1.0,1.0
63,1,75,424,1.0,1.0
64,1,67,432,1.0,1.0
65,1,64,435,1.0,1.0
66,1,63,436,1.0,1.0
67,1,58,441,1.0,1.0
68,1,55,444,1.0,1.0
69,1,54,445,1.0,1.0
70,1,51,448,1.0,1.0
71,1,49,450,1.0,1.0
72,1,49,450,1.0,1.0
73,1,48,451,1.0,1.0
74,1,47,452,1.0,1.0
75,1,46,453,1.0,1.0
76,1,46,453,1.0,1.0
77,1,44,455,1.0,1.0
78,1,43,456,1.0,1.0
79,1,42,457,1.0,1.0
80,1,40,459,1.0,1.0
81,1,38,461,1.0,1.0
82,1,38,461,1.0,1.0
83,1,37,462,1.0,1.0
84,1,34,465,1.0,1.0
85,1,33,466,1.0,1.0
86,1,30,469,1.0,1.0
87,1,29,470,1.0,1.0
88,1,28,471,1.0,1.0
89,1,27,472,1.0,1.0
90,1,24,475,1.0,1.0
91,1,23,476,1.0,1.0
92,1,22,477,1.0,1.0
93,1,22,477,1.0,1.0
94,1,22,477,1.0,1.0
95,1,21,478,1.0,1.0
96,1,21,478,1.0,1.0
97,1,21,478,1.0,1.0
98,1,19,480,1.0,1.0
99,1,16,483,1.0,1.0
100,1,15,484,1.0,1.0
101,1,13,486,1.0,1.0
102,1,13,486,1.0,1.0
103,1,13,486,1.0,1.0
104,1,13,486,1.0,1.0
105,1,12,487,1.0,1.0
106,1,11,488,1.0,1.0
107,1,10,489,1.0,1.0
108,1,10,489,1.0,1.0
109,1,10,489,1.0,1.0
110,1,10,489,1.0,1.0
111,1,10,489,1.0,1.0
112,1,10,489,1.0,1.0
113,1,9,490,1.0,1.0
114,1,9,490,1.0,1.0
115,1,9,490,1.0,1.0
116,1,8,491,1.0,1.0
117,1,8,491,1.0,1.0
118,1,8,491,1.0,1.0
119,1,7,492,1.0,1.0
120,1,7,492,1.0,1.0
121,1,7,492,1.0,1.0
122,1,7,492,1.0,1.0
123,1,7,492,1.0,1.0
124,1,7,492,1.0,1.0
125,1,6,493,1.0,1.0
126,1,5,494,1.0,1.0
127,1,5,494,1.0,1.0
128,1,5,494,1.0,1.0
129,1,5,494,1.0,1.0
130,1,5,494,1.0,1.0
131,1,5,494,1.0,1.0
132,1,5,494,1.0,1.0
133,1,4,495,1.0,1.0
134,1,4,495,1.0,1.0
135,1,4,495,1.0,1.0
136,1,4,495,1.0,1.0
137,1,4,495,1.0,1.0
138,1,4,495,1.0,1.0
139,1,4,495,1.0,1.0
140,1,3,496,1.0,1.0
141,1,3,496,1.0,1.0
142,1,3,496,1.0,1.0
143,1,3,496,1.0,1.0
144,1,2,497,1.0,1.0
145,1,2,497,1.0,1.0
146,1,2,497,1.0,1.0
147,1,2,497,1.0,1.0
148,1,2,497,1.0,1.0
149,1,2,497,1.0,1.0
150,1,2,497,1.0,1.0
151,1,2,497,1.0,1.0
152,1,2,497,1.0,1.0
153,1,2,497,1.0,1.0
154,1,2,497,1.0,1.0
155,1,2,497,1.0,1.0
156,1,2,497,1.0,1.0
157,1,1,498,1.0,1.0
158,1,1,498,1.0,1.0
159,1,1,498,1.0,1.0
160,1,0,499,1.0,1.0
161,1,0,499,1.0,1.0
162,1,0,499,1.0,1.0
163,1,0,499,1.0,1.0
164,1,0,499,1.0,1.0
165,1,0,499,1.0,1.0
166,1,0,499,1.0,1.0
167,1,0,499,1.0,1.0
168,1,0,499,1.0,1.0
169,1,0,499,1.0,1.0
170,1,0,499,1.0,1.0
171,1,0,499,1.0,1.0
172,1,0,499,1.0,1.0
173,1,0,499,1.0,1.0
174,1,0,499,1.0,1.0
175,1,0,499,1.0,1.0
176,1,0,499,1.0,1.0
177,1,0,499,1.0,1.0
178,1,0,499,1.0,1.0
179,1,0,499,1.0,1.0
180,1,0,499,1.0,1.0
181,1,0,499,1.0,1.0
182,1,0,499,1.0,1.0
183,1,0,499,1.0,1.0
184,1,0,499,1.0,1.0
185,1,0,499,1.0,1.0
186,1,0,499,1.0,1.0
187,1,0,499,1.0,1.0
188,1,0,499,1.0,1.0
189,1,0,499,1.0,1.0
190,1,0,499,1.0,1.0
191,1,0,499,1.0,1.0
192,1,0,499,1.0,1.0
193,1,0,499,1.0,1.0
194,1,0,499,1.0,1.0
195,1,0,499,1.0,1.0
196,1,0,499,1.0,1.0
197,1,0,499,1.0,1.0
198,1,0,499,1.0,1.0
199,1,0,499,1.0,1.0
200,1,0,499,1.0,1.0
1,498,2,0,0.9968333333333333,1.0
2,496,4,0,0.9931666666666666,0.9981197262031234
3,493,7,0,0.987,0.9949359700387678
4,490,9,1,0.9836666666666667,0.993171947460071
5,487,12,1,0.9818333333333333,0.9921788942486416
6,483,16,1,0.979,0.9906055334667192
7,479,20,1,0.9736666666666667,0.9876783288693591
8,474,25,1,0.9681666666666666,0.9846076745017581
9,468,29,3,0.9623333333333334,0.9812739998091523
10,461,35,4,0.9621666666666666,0.9809266326951994
11,446,47,7,0.94,0.9678198092131547
12,437,55,8,0.9328333333333333,0.9628958324350652
13,431,56,13,0.9303333333333333,0.9609505905396581
14,417,67,16,0.9145,0.9500642240196109
15,402,80,18,0.8955,0.9362467537392273
16,381,98,21,0.8791666666666667,0.9219794460810844
17,352,124,24,0.8633333333333333,0.9040171376683231
18,333,136,31,0.86,0.8958708898049946
19,315,149,36,0.8575,0.8876280443726648
20,294,168,38,0.854,0.8763975672280337
21,263,190,47,0.8463333333333334,0.8543859880393075
22,235,208,57,0.8295,0.8192433022496788
23,206,228,66,0.8256666666666667,0.7892542771909209
24,175,253,72,0.8128333333333333,0.7329980245864244
25,155,264,81,0.8136666666666666,0.7002815898109847
26,131,277,92,0.8268333333333333,0.6696538091381378
27,106,295,99,0.847,0.6389979178519835
28,93,300,107,0.8635,0.6326178425447004
29,74,308,118,0.8823333333333333,0.6025063681390612
30,61,301,138,0.9041666666666667,0.6076778351542084
31,54,296,150,0.919,0.6252512639582247
32,42,298,160,0.9343333333333333,0.6085955122415762
33,38,288,174,0.9408333333333333,0.6096661186573946
34,34,280,186,0.9496666666666667,0.6288701663517526
35,27,278,195,0.9605,0.6329067306071288
36,22,275,203,0.9661666666666666,0.6168069619167628
37,18,262,220,0.9718333333333333,0.609008048435321
38,13,259,228,0.979,0.5934873680850354
39,12,248,240,0.982,0.6222415685757143
40,8,242,250,0.9875,0.6064859378783996
41,6,231,263,0.9905,0.6030082074941554
42,6,220,274,0.991,0.6238745897996201
43,4,214,282,0.994,0.6232697671240993
44,4,206,290,0.994,0.6232697671240993
45,4,200,296,0.9941666666666666,0.6337029582768319
46,4,194,302,0.9948333333333333,0.6763429569010424
47,3,188,309,0.9955,0.6259914691639427
48,2,186,312,0.997,0.6259914691639427
49,2,182,316,0.9973333333333333,0.6677242337748722
50,2,179,319,0.9973333333333333,0.6677242337748722
51,2,174,324,0.9975,0.6885906160803369
52,1,169,330,0.999,0.7511897629967312
53,1,164,335,0.999,0.7511897629967312
54,1,156,343,0.999,0.7511897629967312
55,1,153,346,0.999,0.7511897629967312
56,1,146,353,0.999,0.7511897629967312
57,1,143,356,0.999,0.7511897629967312
58,1,137,362,0.9991666666666666,0.7929225276076607
59,1,134,365,0.9991666666666666,0.7929225276076607
60,1,131,368,0.9991666666666666,0.7929225276076607
61,1,128,371,0.9991666666666666,0.7929225276076607
62,1,117,382,0.9993333333333333,0.8346552922185903
63,1,113,386,0.9993333333333333,0.8346552922185903
64,1,109,390,0.9993333333333333,0.8346552922185903
65,1,106,393,0.9993333333333333,0.8346552922185903
66,1,103,396,0.9993333333333333,0.8346552922185903
67,1,98,401,0.9993333333333333,0.8346552922185903
68,0,98,402,1.0,
69,0,96,404,1.0,
70,0,93,407,1.0,
71,0,90,410,1.0,
72,0,82,418,1.0,
73,0,82,418,1.0,
74,0,77,423,1.0,
75,0,74,426,1.0,
76,0,72,428,1.0,
77,0,71,429,1.0,
78,0,71,429,1.0,
79,0,70,430,1.0,
80,0,66,434,1.0,
81,0,64,436,1.0,
82,0,61,439,1.0,
83,0,59,441,1.0,
84,0,59,441,1.0,
85,0,59,441,1.0,
86,0,58,442,1.0,
87,0,54,446,1.0,
88,0,52,448,1.0,
89,0,52,448,1.0,
90,0,52,448,1.0,
91,0,48,452,1.0,
92,0,46,454,1.0,
93,0,45,455,1.0,
94,0,44,456,1.0,
95,0,44,456,1.0,
96,0,42,458,1.0,
97,0,41,459,1.0,
98,0,40,460,1.0,
99,0,37,463,1.0,
100,0,36,464,1.0,
101,0,34,466,1.0,
102,0,34,466,1.0,
103,0,31,469,1.0,
104,0,31,469,1.0,
105,0,29,471,1.0,
106,0,29,471,1.0,
107,0,28,472,1.0,
108,0,28,472,1.0,
109,0,26,474,1.0,
110,0,23,477,1.0,
111,0,23,477,1.0,
112,0,21,479,1.0,
113,0,18,482,1.0,
114,0,17,483,1.0,
115,0,16,484,1.0,
116,0,16,484,1.0,
117,0,16,484,1.0,
118,0,16,484,1.0,
119,0,14,486,1.0,
120,0,14,486,1.0,
121,0,12,488,1.0,
122,0,12,488,1.0,
123,0,12,488,1.0,
124,0,11,489,1.0,
125,0,11,489,1.0,
126,0,10,490,1.0,
127,0,10,490,1.0,
128,0,9,491,1.0,
129,0,7,493,1.0,
130,0,7,493,1.0,
131,0,5,495,1.0,
132,0,5,495,1.0,
133,0,5,495,1.0,
134,0,4,496,1.0,
135,0,4,496,1.0,
136,0,4,496,1.0,
137,0,3,497,1.0,
138,0,3,497,1.0,
139,0,3,497,1.0,
140,0,3,497,1.0,
141,0,3,497,1.0,
142,0,3,497,1.0,
143,0,3,497,1.0,
144,0,3,497,1.0,
145,0,3,497,1.0,
146,0,3,497,1.0,
147,0,3,497,1.0,
148,0,3,497,1.0,
149,0,3,497,1.0,
150,0,3,497,1.0,
151,0,2,498,1.0,
152,0,2,498,1.0,
153,0,2,498,1.0,
154,0,2,498,1.0,
155,0,2,498,1.0,
156,0,2,498,1.0,
157,0,2,498,1.0,
158,0,2,498,1.0,
159,0,2,498,1.0,
160,0,2,498,1.0,
161,0,2,498,1.0,
162,0,2,498,1.0,
163,0,2,498,1.0,
164,0,2,498,1.0,
165,0,2,498,1.0,
166,0,2,498,1.0,
167,0,2,498,1.0,
168,0,2,498,1.0,
169,0,2,498,1.0,
170,0,2,498,1.0,
171,0,2,498,1.0,
172,0,2,498,1.0,
173,0,2,498,1.0,
174,0,2,498,1.0,
175,0,2,498,1.0,
176,0,2,498,1.0,
177,0,2,498,1.0,
178,0,2,498,1.0,
179,0,2,498,1.0,
180,0,2,498,1.0,
181,0,2,498,1.0,
182,0,2,498,1.0,
183,0,2,498,1.0,
184,0,1,499,1.0,
185,0,1,499,1.0,
186,0,1,499,1.0,
187,0,1,499,1.0,
188,0,1,499,1.0,
189,0,1,499,1.0,
190,0,1,499,1.0,
191,0,1,499,1.0,
192,0,1,499,1.0,
193,0,1,499,1.0,
194,0,1,499,1.0,
195,0,1,499,1.0,
196,0,1,499,1.0,
197,0,1,499,1.0,
198,0,1,499,1.0,
199,0,1,499,1.0,
200,0,1,499,1.0,
1,498,1,1,1.0,1.0
2,497,2,1,0.9975,0.9987336668230727
3,496,3,1,0.9975,0.9987311137319904
4,493,6,1,0.9898333333333333,0.9948038013079021
5,490,9,1,0.9875,0.9935768868812347
6,485,14,1,0.9755,0.9873145046762258
7,479,19,2,0.9673333333333334,0.9829028523105858
8,472,26,2,0.9568333333333333,0.9770695205031056
9,459,38,3,0.9363333333333334,0.9652921065126236
10,447,47,6,0.9288333333333333,0.9601699350050679
11,436,53,11,0.9255,0.9571936182935386
12,425,62,13,0.9183333333333333,0.9518434872695744
13,409,77,14,0.9015,0.9398339427955671
14,395,87,18,0.89,0.9303011781834016
15,380,99,21,0.8821666666666667,0.9223398395612354
16,361,115,24,0.8615,0.9039519718129859
17,334,138,28,0.8255,0.8691075172525314
18,301,162,37,0.7916666666666666,0.8265130674772448
19,273,177,50,0.7901666666666667,0.8070179009938526
20,243,201,56,0.781,0.7735220481194716
21,225,217,58,0.778,0.7522875379049292
22,191,238,71,0.7851666666666667,0.7175750772484212
23,168,251,81,0.8035,0.7057217924415129
24,146,263,91,0.8135,0.67932629461069
25,120,272,108,0.8275,0.6392486824769432
26,105,275,120,0.8416666666666667,0.6214980774918664
27,89,278,133,0.8615,0.6091985949240468
28,73,283,144,0.8845,0.6031688234338621
29,54,294,152,0.9105,0.5847417410823208
30,45,295,160,0.9248333333333333,0.5804227785097351
31,37,287,176,0.939,0.5863960403090839
32,33,280,187,0.9456666666666667,0.5863149279354811
33,28,268,204,0.9555,0.6007427536231883
34,21,264,215,0.9678333333333333,0.6137715665976536
35,17,261,222,0.9745,0.6210187553282183
36,12,257,231,0.982,0.6217753623188406
37,11,249,240,0.984,0.6330105401844531
38,11,240,249,0.9853333333333333,0.6636561264822134
39,8,226,266,0.989,0.6541666666666667
40,6,217,277,0.9915,0.6478623188405798
41,6,210,284,0.9916666666666667,0.6548067632850242
42,6,205,289,0.9916666666666667,0.6548067632850242
43,5,192,303,0.9938333333333333,0.6937971014492754
44,5,185,310,0.9941666666666666,0.7101304347826086
45,5,181,314,0.9943333333333333,0.718463768115942
46,4,170,326,0.9956666666666667,0.7314492753623187
47,4,167,329,0.9956666666666667,0.7314492753623187
48,4,161,335,0.9958333333333333,0.7418659420289855
49,2,162,336,0.998,0.76
50,2,155,343,0.998,0.76
51,2,146,352,0.998,0.76
52,2,139,359,0.998,0.76
53,2,133,365,0.998,0.76
54,2,130,368,0.998,0.76
55,2,117,381,0.998,0.76
56,1,111,388,0.999,0.76
57,1,108,391,0.999,0.76
58,1,105,394,0.9991666666666666,0.8
59,1,101,398,0.9993333333333333,0.84
60,1,100,399,0.9993333333333333,0.84
61,1,93,406,0.9995,0.88
62,1,90,409,0.9995,0.88
63,0,86,414,1.0,
64,0,86,414,1.0,
65,0,83,417,1.0,
66,0,79,421,1.0,
67,0,77,423,1.0,
68,0,75,425,1.0,
69,0,70,430,1.0,
70,0,69,431,1.0,
71,0,65,435,1.0,
72,0,62,438,1.0,
73,0,59,441,1.0,
74,0,59,441,1.0,
75,0,56,444,1.0,
76,0,54,446,1.0,
77,0,53,447,1.0,
78,0,50,450,1.0,
79,0,49,451,1.0,
80,0,44,456,1.0,
81,0,44,456,1.0,
82,0,41,459,1.0,
83,0,40,460,1.0,
84,0,38,462,1.0,
85,0,35,465,1.0,
86,0,33,467,1.0,
87,0,31,469,1.0,
88,0,30,470,1.0,
89,0,30,470,1.0,
90,0,30,470,1.0,
91,0,30,470,1.0,
92,0,27,473,1.0,
93,0,26,474,1.0,
94,0,26,474,1.0,
95,0,25,475,1.0,
96,0,25,475,1.0,
97,0,25,475,1.0,
98,0,25,475,1.0,
99,0,23,477,1.0,
100,0,22,478,1.0,
101,0,22,478,1.0,
102,0,20,480,1.0,
103,0,19,481,1.0,
104,0,19,481,1.0,
105,0,16,484,1.0,
106,0,14,486,1.0,
107,0,14,486,1.0,
108,0,13,487,1.0,
109,0,13,487,1.0,
110,0,12,488,1.0,
111,0,11,489,1.0,
112,0,11,489,1.0,
113,0,11,489,1.0,
114,0,11,489,1.0,
115,0,11,489,1.0,
116,0,11,489,1.0,
117,0,8,492,1.0,
118,0,8,492,1.0,
119,0,8,492,1.0,
120,0,7,493,1.0,
121,0,7,493,1.0,
122,0,7,493,1.0,
123,0,7,493,1.0,
124,0,7,493,1.0,
125,0,7,493,1.0,
126,0,5,495,1.0,
127,0,5,495,1.0,
128,0,5,495,1.0,
129,0,5,495,1.0,
130,0,5,495,1.0,
131,0,5,495,1.0,
132,0,5,495,1.0,
133,0,5,495,1.0,
134,0,5,495,1.0,
135,0,5,495,1.0,
136,0,5,495,1.0,
137,0,4,496,1.0,
138,0,4,496,1.0,
139,0,3,497,1.0,
140,0,3,497,1.0,
141,0,3,497,1.0,
142,0,3,497,1.0,
143,0,2,498,1.0,
144,0,2,498,1.0,
145,0,2,498,1.0,
146,0,2,498,1.0,
147,0,2,498,1.0,
148,0,2,498,1.0,
149,0,2,498,1.0,
150,0,1,499,1.0,
151,0,1,499,1.0,
152,0,1,499,1.0,
153,0,1,499,1.0,
154,0,1,499,1.0,
155,0,1,499,1.0,
156,0,1,499,1.0,
157,0,1,499,1.0,
158,0,1,499,1.0,
159,0,1,499,1.0,
160,0,1,499,1.0,
161,0,0,500,1.0,
162,0,0,500,1.0,
163,0,0,500,1.0,
164,0,0,500,1.0,
165,0,0,500,1.0,
166,0,0,500,1.0,
167,0,0,500,1.0,
168,0,0,500,1.0,
169,0,0,500,1.0,
170,0,0,500,1.0,
171,0,0,500,1.0,
172,0,0,500,1.0,
173,0,0,500,1.0,
174,0,0,500,1.0,
175,0,0,500,1.0,
176,0,0,500,1.0,
177,0,0,500,1.0,
178,0,0,500,1.0,
179,0,0,500,1.0,
180,0,0,500,1.0,
181,0,0,500,1.0,
182,0,0,500,1.0,
183,0,0,500,1.0,
184,0,0,500,1.0,
185,0,0,500,1.0,
186,0,0,500,1.0,
187,0,0,500,1.0,
188,0,0,500,1.0,
189,0,0,500,1.0,
190,0,0,500,1.0,
191,0,0,500,1.0,
192,0,0,500,1.0,
193,0,0,500,1.0,
194,0,0,500,1.0,
195,0,0,500,1.0,
196,0,0,500,1.0,
197,0,0,500,1.0,
198,0,0,500,1.0,
199,0,0,500,1.0,
200,0,0,500,1.0,
1,498,2,0,0.9973333333333333,1.0
2,495,5,0,0.9905,0.9965252197543368
3,494,5,1,0.991,0.9967688300780779
4,493,6,1,0.9905,0.9965090296593706
5,490,9,1,0.9838333333333333,0.9930598559102644
6,486,12,2,0.9796666666666667,0.9908485266370548
7,480,17,3,0.9706666666666667,0.985982665355282
8,477,20,3,0.9655,0.9831807240605629
9,470,27,3,0.9593333333333334,0.9796255500252489
10,461,34,5,0.955,0.9769919956400474
11,454,39,7,0.951,0.9743807770706405
12,447,43,10,0.952,0.9745576111732466
13,434,54,12,0.9451666666666667,0.9696881728918962
14,426,61,13,0.9391666666666667,0.9655274545626884
15,416,69,15,0.9308333333333333,0.9595972148082649
16,400,83,17,0.9171666666666667,0.949341465355363
17,379,99,22,0.9011666666666667,0.9357868563712058
18,357,114,29,0.8763333333333333,0.9144344300031078
19,341,126,33,0.8601666666666666,0.8983940836050843
20,312,146,42,0.8356666666666667,0.8692446498545496
21,287,165,48,0.8195,0.8437103442046262
22,269,175,56,0.808,0.8224003300179326
23,241,194,65,0.8031666666666667,0.7965205585737711
24,223,194,83,0.8133333333333334,0.7913123463140569
25,196,213,91,0.8121666666666667,0.7604540112365128
26,174,225,101,0.814,0.732725528106721
27,159,233,108,0.8191666666666667,0.7157302958577146
28,135,246,119,0.8351666666666666,0.6942831880585473
29,110,265,125,0.8496666666666667,0.6580790082215457
30,93,273,134,0.8578333333333333,0.6170762367885123
31,79,279,142,0.8736666666666667,0.5996346996528065
32,65,281,154,0.8958333333333334,0.5999315652699241
33,51,283,166,0.915,0.5845640182652455
34,43,282,175,0.929,0.5879458963114137
35,39,278,183,0.936,0.5906527083789382
36,29,278,193,0.9521666666666667,0.5873102189528229
37,23,274,203,0.9608333333333333,0.5728316462971594
38,22,261,217,0.9626666666666667,0.5747163193434623
39,13,261,226,0.9785,0.5853100410010694
40,12,253,235,0.9811666666666666,0.6080846258860584
41,11,240,249,0.9841666666666666,0.6407719924749472
42,10,229,261,0.9863333333333333,0.658953958779161
43,8,219,273,0.9896666666666667,0.6766372287685326
44,7,211,282,0.9913333333333333,0.689853811942487
45,6,203,291,0.9933333333333333,0.721383569187542
46,4,198,298,0.995,0.6884284941492175
47,2,194,304,0.9971666666666666,0.6467055551098709
48,2,184,314,0.9975,0.6884284941492175
49,2,174,324,0.9976666666666667,0.7092899636688906
50,1,169,330,0.9993333333333333,0.8344587807869303
51,1,166,333,0.9993333333333333,0.8344587807869303
52,1,163,336,0.9993333333333333,0.8344587807869303
53,1,158,341,0.9993333333333333,0.8344587807869303
54,1,153,346,0.9995,0.8761817198262768
55,1,146,353,0.9995,0.8761817198262768
56,1,140,359,0.9996666666666667,0.9179046588656232
57,0,136,364,1.0,
58,0,130,370,1.0,
59,0,126,374,1.0,
60,0,121,379,1.0,
61,0,118,382,1.0,
62,0,112,388,1.0,
63,0,108,392,1.0,
64,0,104,396,1.0,
65,0,100,400,1.0,
66,0,97,403,1.0,
67,0,91,409,1.0,
68,0,88,412,1.0,
69,0,83,417,1.0,
70,0,81,419,1.0,
71,0,81,419,1.0,
72,0,75,425,1.0,
73,0,73,427,1.0,
74,0,71,429,1.0,
75,0,68,432,1.0,
76,0,65,435,1.0,
77,0,64,436,1.0,
78,0,62,438,1.0,
79,0,60,440,1.0,
80,0,53,447,1.0,
81,0,52,448,1.0,
82,0,52,448,1.0,
83,0,51,449,1.0,
84,0,48,452,1.0,
85,0,48,452,1.0,
86,0,47,453,1.0,
87,0,45,455,1.0,
88,0,43,457,1.0,
89,0,41,459,1.0,
90,0,40,460,1.0,
91,0,37,463,1.0,
92,0,36,464,1.0,
93,0,35,465,1.0,
94,0,35,465,1.0,
95,0,33,467,1.0,
96,0,30,470,1.0,
97,0,30,470,1.0,
98,0,30,470,1.0,
99,0,29,471,1.0,
100,0,26,474,1.0,
101,0,25,475,1.0,
102,0,22,478,1.0,
103,0,21,479,1.0,
104,0,19,481,1.0,
105,0,17,483,1.0,
106,0,16,484,1.0,
107,0,15,485,1.0,
108,0,15,485,1.0,
109,0,13,487,1.0,
110,0,13,487,1.0,
111,0,13,487,1.0,
112,0,11,489,1.0,
113,0,11,489,1.0,
114,0,11,489,1.0,
115,0,11,489,1.0,
116,0,9,491,1.0,
117,0,9,491,1.0,
118,0,9,491,1.0,
119,0,9,491,1.0,
120,0,8,492,1.0,
121,0,8,492,1.0,
122,0,7,493,1.0,
123,0,6,494,1.0,
124,0,6,494,1.0,
125,0,5,495,1.0,
126,0,5,495,1.0,
127,0,5,495,1.0,
128,0,5,495,1.0,
129,0,3,497,1.0,
130,0,3,497,1.0,
131,0,3,497,1.0,
132,0,3,497,1.0,
133,0,2,498,1.0,
134,0,2,498,1.0,
135,0,2,498,1.0,
136,0,2,498,1.0,
137,0,2,498,1.0,
138,0,2,498,1.0,
139,0,2,498,1.0,
140,0,2,498,1.0,
141,0,2,498,1.0,
142,0,2,498,1.0,
143,0,2,498,1.0,
144,0,2,498,1.0,
145,0,2,498,1.0,
146,0,2,498,1.0,
147,0,2,498,1.0,
148,0,2,498,1.0,
149,0,2,498,1.0,
150,0,2,498,1.0,
151,0,1,499,1.0,
152,0,1,499,1.0,
153,0,1,499,1.0,
154,0,1,499,1.0,
155,0,1,499,1.0,
156,0,1,499,1.0,
157,0,1,499,1.0,
158,0,1,499,1.0,
159,0,1,499,1.0,
160,0,1,499,1.0,
161,0,1,499,1.0,
162,0,1,499,1.0,
163,0,1,499,1.0,
164,0,1,499,1.0,
165,0,1,499,1.0,
166,0,1,499,1.0,
167,0,1,499,1.0,
168,0,1,499,1.0,
169,0,1,499,1.0,
170,0,1,499,1.0,
171,0,1,499,1.0,
172,0,1,499,1.0,
173,0,1,499,1.0,
174,0,1,499,1.0,
175,0,0,500,1.0,
176,0,0,500,1.0,
177,0,0,500,1.0,
178,0,0,500,1.0,
179,0,0,500,1.0,
180,0,0,500,1.0,
181,0,0,500,1.0,
182,0,0,500,1.0,
183,0,0,500,1.0,
184,0,0,500,1.0,
185,0,0,500,1.0,
186,0,0,500,1.0,
187,0,0,500,1.0,
188,0,0,500,1.0,
189,0,0,500,1.0,
190,0,0,500,1.0,
191,0,0,500,1.0,
192,0,0,500,1.0,
193,0,0,500,1.0,
194,0,0,500,1.0,
195,0,0,500,1.0,
196,0,0,500,1.0,
197,0,0,500,1.0,
198,0,0,500,1.0,
199,0,0,500,1.0,
200,0,0,500,1.0,
1,497,3,0,0.9938333333333333,1.0
2,496,4,0,0.9931666666666666,0.9996679660220994
3,494,5,1,0.9916666666666667,0.9988841936775289
4,492,6,2,0.9903333333333333,0.99818299229948
5,492,6,2,0.9903333333333333,0.99818299229948
6,487,10,3,0.9873333333333333,0.996556218903613
7,483,14,3,0.979,0.9921808399618323
8,475,22,3,0.9708333333333333,0.987737655847027
9,464,33,3,0.952,0.9772898838110836
10,448,48,4,0.929,0.9634841651929484
11,429,63,8,0.9083333333333333,0.9496028255034223
12,411,79,10,0.8875,0.9345678152641756
13,392,91,17,0.8726666666666667,0.9216488494109971
14,375,105,20,0.8573333333333333,0.9074967485380849
15,346,124,30,0.8323333333333334,0.8815113402918832
16,325,142,33,0.8095,0.8559084650982136
17,293,171,36,0.7858333333333334,0.8194110545075965
18,267,182,51,0.7831666666666667,0.7992414531377838
19,246,199,55,0.7785,0.7773207950495059
20,214,228,58,0.7826666666666666,0.7482963561248818
21,184,251,65,0.7891666666666667,0.716043559314588
22,166,255,79,0.8045,0.7083338424637678
23,140,267,93,0.8266666666666667,0.6928782778929452
24,120,273,107,0.8531666666666666,0.6963459751443262
25,103,282,115,0.8711666666666666,0.6899907402616658
26,89,283,128,0.8886666666666667,0.6896203112553126
27,78,279,143,0.909,0.7108029959200396
28,64,285,151,0.9081666666666667,0.6438989499577756
29,54,283,163,0.9221666666666667,0.6437178502514249
30,45,278,177,0.9343333333333333,0.6393830733548623
31,36,276,188,0.9451666666666667,0.6241065010187011
32,26,274,200,0.9598333333333333,0.619580127270002
33,22,270,208,0.968,0.6417266504955538
34,13,266,221,0.9801666666666666,0.624259451547872
35,11,257,232,0.9843333333333333,0.6502147270926198
36,8,254,238,0.9885,0.6463959694913572
37,6,241,253,0.9916666666666667,0.6570542929456279
38,5,233,262,0.9933333333333333,0.6714325802721735
39,2,228,270,0.9971666666666666,0.6545464521328584
40,2,223,275,0.9973333333333333,0.6754451255726047
41,1,218,281,0.9986666666666667,0.6821327010733237
42,1,201,298,0.9991666666666666,0.8025090600862631
43,1,193,306,0.9993333333333333,0.8426345130905762
44,1,189,310,0.9993333333333333,0.8426345130905762
45,1,184,315,0.9993333333333333,0.8426345130905762
46,1,179,320,0.9993333333333333,0.8426345130905762
47,1,172,327,0.9993333333333333,0.8426345130905762
48,1,164,335,0.9993333333333333,0.8426345130905762
49,1,159,340,0.9993333333333333,0.8426345130905762
50,1,148,351,0.9993333333333333,0.8426345130905762
51,1,137,362,0.9995,0.8827599660948894
52,1,128,371,0.9995,0.8827599660948894
53,1,121,378,0.9995,0.8827599660948894
54,1,114,385,0.9995,0.8827599660948894
55,0,111,389,1.0,
56,0,101,399,1.0,
57,0,97,403,1.0,
58,0,93,407,1.0,
59,0,90,410,1.0,
60,0,87,413,1.0,
61,0,85,415,1.0,
62,0,82,418,1.0,
63,0,80,420,1.0,
64,0,74,426,1.0,
65,0,73,427,1.0,
66,0,72,428,1.0,
67,0,65,435,1.0,
68,0,60,440,1.0,
69,0,56,444,1.0,
70,0,55,445,1.0,
71,0,52,448,1.0,
72,0,48,452,1.0,
73,0,46,454,1.0,
74,0,43,457,1.0,
75,0,40,460,1.0,
76,0,38,462,1.0,
77,0,35,465,1.0,
78,0,35,465,1.0,
79,0,35,465,1.0,
80,0,34,466,1.0,
81,0,34,466,1.0,
82,0,34,466,1.0,
83,0,33,467,1.0,
84,0,31,469,1.0,
85,0,30,470,1.0,
86,0,29,471,1.0,
87,0,29,471,1.0,
88,0,28,472,1.0,
89,0,28,472,1.0,
90,0,28,472,1.0,
91,0,27,473,1.0,
92,0,25,475,1.0,
93,0,25,475,1.0,
94,0,23,477,1.0,
95,0,23,477,1.0,
96,0,23,477,1.0,
97,0,23,477,1.0,
98,0,21,479,1.0,
99,0,20,480,1.0,
100,0,19,481,1.0,
101,0,17,483,1.0,
102,0,17,483,1.0,
103,0,17,483,1.0,
104,0,15,485,1.0,
105,0,14,486,1.0,
106,0,13,487,1.0,
107,0,12,488,1.0,
108,0,12,488,1.0,
109,0,12,488,1.0,
110,0,11,489,1.0,
111,0,11,489,1.0,
112,0,11,489,1.0,
113,0,10,490,1.0,
114,0,10,490,1.0,
115,0,10,490,1.0,
116,0,10,490,1.0,
117,0,9,491,1.0,
118,0,9,491,1.0,
119,0,9,491,1.0,
120,0,8,492,1.0,
121,0,8,492,1.0,
122,0,8,492,1.0,
123,0,7,493,1.0,
124,0,6,494,1.0,
125,0,5,495,1.0,
126,0,4,496,1.0,
127,0,4,496,1.0,
128,0,3,497,1.0,
129,0,2,498,1.0,
130,0,2,498,1.0,
131,0,2,498,1.0,
132,0,2,498,1.0,
133,0,2,498,1.0,
134,0,2,498,1.0,
135,0,2,498,1.0,
136,0,2,498,1.0,
137,0,2,498,1.0,
138,0,2,498,1.0,
139,0,2,498,1.0,
140,0,2,498,1.0,
141,0,2,498,1.0,
142,0,2,498,1.0,
143,0,2,498,1.0,
144,0,2,498,1.0,
145,0,2,498,1.0,
146,0,2,498,1.0,
147,0,2,498,1.0,
148,0,2,498,1.0,
149,0,2,498,1.0,
150,0,2,498,1.0,
151,0,2,498,1.0,
152,0,2,498,1.0,
153,0,2,498,1.0,
154,0,2,498,1.0,
155,0,2,498,1.0,
156,0,2,498,1.0,
157,0,2,498,1.0,
158,0,2,498,1.0,
159,0,2,498,1.0,
160,0,2,498,1.0,
161,0,2,498,1.0,
162,0,2,498,1.0,
163,0,2,498,1.0,
164,0,2,498,1.0,
165,0,2,498,1.0,
166,0,2,498,1.0,
167,0,2,498,1.0,
168,0,2,498,1.0,
169,0,2,498,1.0,
170,0,1,499,1.0,
171,0,1,499,1.0,
172,0,1,499,1.0,
173,0,1,499,1.0,
174,0,1,499,1.0,
175,0,1,499,1.0,
176,0,1,499,1.0,
177,0,1,499,1.0,
178,0,1,499,1.0,
179,0,1,499,1.0,
180,0,1,499,1.0,
181,0,1,499,1.0,
182,0,1,499,1.0,
183,0,1,499,1.0,
184,0,1,499,1.0,
185,0,1,499,1.0,
186,0,1,499,1.0,
187,0,1,499,1.0,
188,0,1,499,1.0,
189,0,1,499,1.0,
190,0,1,499,1.0,
191,0,1,499,1.0,
192,0,1,499,1.0,
193,0,1,499,1.0,
194,0,1,499,1.0,
195,0,1,499,1.0,
196,0,1,499,1.0,
197,0,1,499,1.0,
198,0,1,499,1.0,
199,0,1,499,1.0,
200,0,1,499,1.0,
1,499,1,0,1.0,1.0
2,498,2,0,0.9975,0.9987748429615899
3,493,7,0,0.9866666666666667,0.9932977114897918
4,489,11,0,0.9785,0.9890444051073553
5,480,20,0,0.9678333333333333,0.983286067193676
6,474,25,1,0.9645,0.981264655359317
7,467,32,1,0.9576666666666667,0.9772733056286729
8,457,39,4,0.9495,0.9723226650902419
9,450,44,6,0.9398333333333333,0.9665365924824862
10,432,57,11,0.9155,0.9510648951007243
11,416,72,12,0.8963333333333333,0.9375695421844044
12,403,83,14,0.885,0.928531657323868
13,386,98,16,0.8661666666666666,0.9131342570473006
14,367,113,20,0.8596666666666667,0.904239952875778
15,347,130,23,0.8468333333333333,0.8893681582586482
16,321,150,29,0.8353333333333334,0.8712267183356172
17,301,161,38,0.8238333333333333,0.8530811175813342
18,271,185,44,0.8131666666666667,0.8268153387574212
19,251,196,53,0.8096666666666666,0.8098100786754866
20,225,211,64,0.806,0.7839192737125104
21,197,231,72,0.7966666666666666,0.7409841850197181
22,168,241,91,0.8093333333333333,0.7153842989117317
23,138,259,103,0.8295,0.6905971121692609
24,116,273,111,0.837,0.648003793779656
25,101,271,128,0.8565,0.6449018792626198
26,92,270,138,0.8665,0.6379612340505535
27,77,271,152,0.8878333333333334,0.6377418511805862
28,65,268,167,0.9055,0.638905787139901
29,55,271,174,0.9176666666666666,0.6264923758718227
30,47,266,187,0.9283333333333333,0.6193632223465712
31,44,255,201,0.9356666666666666,0.6343491390032892
32,39,249,212,0.9436666666666667,0.6387277976575635
33,33,247,220,0.9516666666666667,0.633230787657665
34,30,235,235,0.961,0.6745935441370224
35,22,233,245,0.9706666666666667,0.6658680680320996
36,21,216,263,0.975,0.701723759332455
37,19,209,272,0.9785,0.7162911725955204
38,16,208,276,0.9828333333333333,0.7327898550724639
39,15,197,288,0.9846666666666667,0.7455314009661836
40,11,196,293,0.989,0.7501054018445322
41,11,190,299,0.9901666666666666,0.7763175230566535
42,10,185,305,0.991,0.7749637681159419
43,9,179,312,0.9921666666666666,0.7823671497584541
44,8,173,319,0.9935,0.7970380434782609
45,7,164,329,0.9951666666666666,0.8269151138716355
46,6,153,341,0.9961666666666666,0.8394806763285024
47,5,143,352,0.9966666666666667,0.8327391304347825
48,5,136,359,0.997,0.8487391304347826
49,5,126,369,0.9973333333333333,0.8657681159420288
50,5,121,374,0.9976666666666667,0.8831594202898551
51,5,117,378,0.998,0.8998550724637682
52,4,114,382,0.9985,0.907427536231884
53,4,110,386,0.9985,0.907427536231884
54,2,109,389,0.9996666666666667,0.9565217391304348
55,2,107,391,0.9996666666666667,0.9565217391304348
56,2,102,396,0.9996666666666667,0.9565217391304348
57,2,100,398,0.9996666666666667,0.9565217391304348
58,2,98,400,0.9996666666666667,0.9565217391304348
59,1,94,405,0.9998333333333334,0.9565217391304348
60,1,88,411,0.9998333333333334,0.9565217391304348
61,1,85,414,0.9998333333333334,0.9565217391304348
62,1,83,416,0.9998333333333334,0.9565217391304348
63,1,80,419,0.9998333333333334,0.9565217391304348
64,0,79,421,1.0,
65,0,75,425,1.0,
66,0,73,427,1.0,
67,0,71,429,1.0,
68,0,67,433,1.0,
69,0,64,436,1.0,
70,0,63,437,1.0,
71,0,61,439,1.0,
72,0,61,439,1.0,
73,0,59,441,1.0,
74,0,55,445,1.0,
75,0,51,449,1.0,
76,0,48,452,1.0,
77,0,45,455,1.0,
78,0,41,459,1.0,
79,0,39,461,1.0,
80,0,39,461,1.0,
81,0,38,462,1.0,
82,0,35,465,1.0,
83,0,34,466,1.0,
84,0,32,468,1.0,
85,0,30,470,1.0,
86,0,30,470,1.0,
87,0,29,471,1.0,
88,0,28,472,1.0,
89,0,28,472,1.0,
90,0,28,472,1.0,
91,0,28,472,1.0,
92,0,26,474,1.0,
93,0,26,474,1.0,
94,0,23,477,1.0,
95,0,22,478,1.0,
96,0,21,479,1.0,
97,0,20,480,1.0,
98,0,20,480,1.0,
99,0,18,482,1.0,
100,0,16,484,1.0,
101,0,15,485,1.0,
102,0,14,486,1.0,
103,0,14,486,1.0,
104,0,13,487,1.0,
105,0,13,487,1.0,
106,0,12,488,1.0,
107,0,10,490,1.0,
108,0,10,490,1.0,
109,0,10,490,1.0,
110,0,9,491,1.0,
111,0,9,491,1.0,
112,0,9,491,1.0,
113,0,9,491,1.0,
114,0,9,491,1.0,
115,0,9,491,1.0,
116,0,8,492,1.0,
117,0,7,493,1.0,
118,0,6,494,1.0,
119,0,5,495,1.0,
120,0,5,495,1.0,
121,0,4,496,1.0,
122,0,4,496,1.0,
123,0,4,496,1.0,
124,0,4,496,1.0,
125,0,4,496,1.0,
126,0,3,497,1.0,
127,0,3,497,1.0,
128,0,3,497,1.0,
129,0,2,498,1.0,
130,0,2,498,1.0,
131,0,2,498,1.0,
132,0,2,498,1.0,
133,0,2,498,1.0,
134,0,2,498,1.0,
135,0,2,498,1.0,
136,0,2,498,1.0,
137,0,2,498,1.0,
138,0,2,498,1.0,
139,0,2,498,1.0,
140,0,2,498,1.0,
141,0,2,498,1.0,
142,0,2,498,1.0,
143,0,2,498,1.0,
144,0,2,498,1.0,
145,0,2,498,1.0,
146,0,1,499,1.0,
147,0,1,499,1.0,
148,0,1,499,1.0,
149,0,1,499,1.0,
150,0,1,499,1.0,
151,0,1,499,1.0,
152,0,1,499,1.0,
153,0,1,499,1.0,
154,0,1,499,1.0,
155,0,1,499,1.0,
156,0,1,499,1.0,
157,0,1,499,1.0,
158,0,1,499,1.0,
159,0,1,499,1.0,
160,0,1,499,1.0,
161,0,1,499,1.0,
162,0,1,499,1.0,
163,0,1,499,1.0,
164,0,1,499,1.0,
165,0,1,499,1.0,
166,0,1,499,1.0,
167,0,1,499,1.0,
168,0,1,499,1.0,
169,0,0,500,1.0,
170,0,0,500,1.0,
171,0,0,500,1.0,
172,0,0,500,1.0,
173,0,0,500,1.0,
174,0,0,500,1.0,
175,0,0,500,1.0,
176,0,0,500,1.0,
177,0,0,500,1.0,
178,0,0,500,1.0,
179,0,0,500,1.0,
180,0,0,500,1.0,
181,0,0,500,1.0,
182,0,0,500,1.0,
183,0,0,500,1.0,
184,0,0,500,1.0,
185,0,0,500,1.0,
186,0,0,500,1.0,
187,0,0,500,1.0,
188,0,0,500,1.0,
189,0,0,500,1.0,
190,0,0,500,1.0,
191,0,0,500,1.0,
192,0,0,500,1.0,
193,0,0,500,1.0,
194,0,0,500,1.0,
195,0,0,500,1.0,
196,0,0,500,1.0,
197,0,0,500,1.0,
198,0,0,500,1.0,
199,0,0,500,1.0,
200,0,0,500,1.0,
1,498,2,0,0.9976666666666667,1.0
2,497,3,0,0.9945,0.9984020037458526
3,497,3,0,0.9945,0.9984020037458526
4,496,4,0,0.993,0.9976352392070094
5,492,8,0,0.9851666666666666,0.9936538924394573
6,489,10,1,0.9828333333333333,0.9923874469625815
7,485,14,1,0.9741666666666666,0.987813180807009
8,480,18,2,0.9701666666666666,0.9855826427733844
9,477,20,3,0.9655,0.9830057618781808
10,471,26,3,0.9581666666666667,0.9789023158448784
11,464,32,4,0.9496666666666667,0.9739647142494355
12,453,43,4,0.9383333333333334,0.9670132914880281
13,440,54,6,0.9215,0.9564349999590966
14,424,68,8,0.8975,0.9405073968330077
15,412,74,14,0.8923333333333333,0.9355410198106634
16,386,98,16,0.8583333333333333,0.9088820736865034
17,363,111,26,0.8613333333333333,0.9053297457174029
18,342,126,32,0.838,0.8824154433207894
19,314,152,34,0.8108333333333333,0.8502522826098283
20,282,178,40,0.801,0.8248253927008025
21,255,197,48,0.7948333333333333,0.7999256102258727
22,234,205,61,0.8036666666666666,0.7914323347950741
23,210,224,66,0.8003333333333333,0.7635396765560368
24,189,232,79,0.8181666666666667,0.7605521199223803
25,170,243,87,0.83,0.7505942019322814
26,148,260,92,0.8266666666666667,0.7076324881731253
27,127,270,103,0.833,0.6717849290082247
28,110,276,114,0.8533333333333334,0.6676956832438743
29,96,276,128,0.867,0.6541803553473255
30,86,271,143,0.8801666666666667,0.6518343436944344
31,76,263,161,0.8923333333333333,0.6461265743475547
32,68,260,172,0.901,0.6360656785925141
33,55,262,183,0.9186666666666666,0.62951960284065
34,42,270,188,0.9336666666666666,0.6044036286837068
35,36,262,202,0.9441666666666667,0.6116458936932293
36,26,259,215,0.9581666666666667,0.5954001660315573
37,24,248,228,0.964,0.621041530803109
38,21,243,236,0.9693333333333334,0.6313528382683156
39,19,234,247,0.9728333333333333,0.6382332013250325
40,18,226,256,0.9746666666666667,0.6432917280587257
41,17,216,267,0.9771666666666666,0.6597280307037259
42,12,212,276,0.9833333333333333,0.6504045696405755
43,8,211,281,0.9881666666666666,0.6203026408194898
44,6,204,290,0.9906666666666667,0.6049601812029872
45,6,194,300,0.9911666666666666,0.6264225317313551
46,4,190,306,0.9945,0.6438705158510366
47,4,185,311,0.9946666666666667,0.6552474852732444
48,2,181,317,0.9973333333333333,0.6430460977769635
49,1,175,324,0.999,0.7399976632879519
50,1,161,338,0.9991666666666666,0.783526937599008
51,0,152,348,1.0,
52,0,141,359,1.0,
53,0,139,361,1.0,
54,0,132,368,1.0,
55,0,122,378,1.0,
56,0,117,383,1.0,
57,0,111,389,1.0,
58,0,106,394,1.0,
59,0,101,399,1.0,
60,0,98,402,1.0,
61,0,92,408,1.0,
62,0,86,414,1.0,
63,0,81,419,1.0,
64,0,79,421,1.0,
65,0,75,425,1.0,
66,0,73,427,1.0,
67,0,71,429,1.0,
68,0,68,432,1.0,
69,0,68,432,1.0,
70,0,64,436,1.0,
71,0,62,438,1.0,
72,0,58,442,1.0,
73,0,56,444,1.0,
74,0,54,446,1.0,
75,0,54,446,1.0,
76,0,53,447,1.0,
77,0,50,450,1.0,
78,0,47,453,1.0,
79,0,47,453,1.0,
80,0,47,453,1.0,
81,0,45,455,1.0,
82,0,44,456,1.0,
83,0,39,461,1.0,
84,0,36,464,1.0,
85,0,35,465,1.0,
86,0,35,465,1.0,
87,0,32,468,1.0,
88,0,29,471,1.0,
89,0,26,474,1.0,
90,0,25,475,1.0,
91,0,22,478,1.0,
92,0,22,478,1.0,
93,0,21,479,1.0,
94,0,21,479,1.0,
95,0,20,480,1.0,
96,0,18,482,1.0,
97,0,17,483,1.0,
98,0,16,484,1.0,
99,0,16,484,1.0,
100,0,16,484,1.0,
101,0,16,484,1.0,
102,0,15,485,1.0,
103,0,14,486,1.0,
104,0,14,486,1.0,
105,0,14,486,1.0,
106,0,13,487,1.0,
107,0,12,488,1.0,
108,0,12,488,1.0,
109,0,12,488,1.0,
110,0,12,488,1.0,
111,0,12,488,1.0,
112,0,12,488,1.0,
113,0,12,488,1.0,
114,0,12,488,1.0,
115,0,12,488,1.0,
116,0,12,488,1.0,
117,0,12,488,1.0,
118,0,12,488,1.0,
119,0,12,488,1.0,
120,0,12,488,1.0,
121,0,12,488,1.0,
122,0,10,490,1.0,
123,0,7,493,1.0,
124,0,6,494,1.0,
125,0,6,494,1.0,
126,0,6,494,1.0,
127,0,6,494,1.0,
128,0,6,494,1.0,
129,0,6,494,1.0,
130,0,5,495,1.0,
131,0,5,495,1.0,
132,0,5,495,1.0,
133,0,5,495,1.0,
134,0,5,495,1.0,
135,0,5,495,1.0,
136,0,5,495,1.0,
137,0,5,495,1.0,
138,0,5,495,1.0,
139,0,5,495,1.0,
140,0,5,495,1.0,
141,0,5,495,1.0,
142,0,5,495,1.0,
143,0,5,495,1.0,
144,0,5,495,1.0,
145,0,4,496,1.0,
146,0,4,496,1.0,
147,0,4,496,1.0,
148,0,3,497,1.0,
149,0,3,497,1.0,
150,0,3,497,1.0,
151,0,3,497,1.0,
152,0,3,497,1.0,
153,0,3,497,1.0,
154,0,3,497,1.0,
155,0,3,497,1.0,
156,0,3,497,1.0,
157,0,3,497,1.0,
158,0,3,497,1.0,
159,0,3,497,1.0,
160,0,3,497,1.0,
161,0,3,497,1.0,
162,0,2,498,1.0,
163,0,2,498,1.0,
164,0,2,498,1.0,
165,0,2,498,1.0,
166,0,1,499,1.0,
167,0,1,499,1.0,
168,0,1,499,1.0,
169,0,1,499,1.0,
170,0,1,499,1.0,
171,0,1,499,1.0,
172,0,1,499,1.0,
173,0,1,499,1.0,
174,0,1,499,1.0,
175,0,1,499,1.0,
176,0,1,499,1.0,
177,0,1,499,1.0,
178,0,1,499,1.0,
179,0,1,499,1.0,
180,0,1,499,1.0,
181,0,1,499,1.0,
182,0,1,499,1.0,
183,0,1,499,1.0,
184,0,1,499,1.0,
185,0,1,499,1.0,
186,0,1,499,1.0,
187,0,1,499,1.0,
188,0,1,499,1.0,
189,0,1,499,1.0,
190,0,1,499,1.0,
191,0,1,499,1.0,
192,0,1,499,1.0,
193,0,1,499,1.0,
194,0,1,499,1.0,
195,0,1,499,1.0,
196,0,1,499,1.0,
197,0,1,499,1.0,
198,0,0,500,1.0,
199,0,0,500,1.0,
200,0,0,500,1.0,
1,498,2,0,1.0,1.0
2,497,3,0,0.998,0.9990000874814102
3,496,2,2,0.998,0.9989980715287518
4,495,3,2,0.998,0.9989960474308301
5,489,8,3,0.987,0.9933939762854139
6,485,11,4,0.9816666666666667,0.9905948694962591
7,480,16,4,0.9708333333333333,0.9849305376085268
8,473,22,5,0.9655,0.981809424757306
9,464,29,7,0.9561666666666667,0.9764610210192107
10,456,35,9,0.9475,0.971310271536244
11,444,44,12,0.937,0.9646205160879074
12,437,51,12,0.93,0.9600523016929345
13,427,55,18,0.9343333333333333,0.9616167910425113
14,412,68,20,0.9193333333333333,0.9510301245469037
15,393,83,24,0.8943333333333333,0.9327502440031481
16,370,104,26,0.8566666666666667,0.9029496752757621
17,334,138,28,0.8115,0.8585815842916856
18,308,157,35,0.7953333333333333,0.8335561991963741
19,274,183,43,0.7915,0.8093277464921387
20,244,211,45,0.7751666666666667,0.7693011398464
21,216,231,53,0.7653333333333333,0.7286143115621778
22,187,251,62,0.7748333333333334,0.6991790086221613
23,144,279,77,0.805,0.6609319821683952
24,121,290,89,0.8276666666666667,0.6431814161404531
25,103,296,101,0.8493333333333334,0.632771915013367
26,83,301,116,0.8715,0.6113741130530026
27,66,308,126,0.8905,0.5824740487882781
28,51,310,139,0.9121666666666667,0.565866077656359
29,44,299,157,0.9296666666666666,0.5969381063600431
30,38,295,167,0.9383333333333334,0.5895166770681645
31,33,287,180,0.9471666666666667,0.5945181059607937
32,31,271,198,0.9525,0.6127104849334863
33,27,271,202,0.958,0.608844727467916
34,20,269,211,0.9681666666666666,0.5964710144927536
35,15,262,223,0.977,0.6134325867369346
36,14,252,234,0.98,0.6393920572181441
37,13,246,241,0.982,0.6504058984493768
38,11,234,255,0.9863333333333333,0.6856509761648102
39,10,229,261,0.988,0.695882740447958
40,9,221,270,0.99,0.7210144927536232
41,7,216,277,0.9926666666666667,0.7365424430641822
42,7,201,292,0.9926666666666667,0.7365424430641822
43,7,192,301,0.993,0.748447204968944
44,6,188,306,0.9941666666666666,0.7551328502415459
45,6,180,314,0.9945,0.7690217391304347
46,6,174,320,0.9945,0.7690217391304347
47,6,167,327,0.9945,0.7690217391304347
48,6,161,333,0.9945,0.7690217391304347
49,6,155,339,0.9953333333333333,0.8037439613526569
50,6,147,347,0.9958333333333333,0.8248792270531401
51,5,144,351,0.9965,0.8231884057971015
52,4,141,355,0.9973333333333333,0.8333333333333334
53,3,137,360,0.998,0.8333333333333334
54,2,131,367,0.9993333333333333,0.9166666666666666
55,2,127,371,0.9993333333333333,0.9166666666666666
56,2,123,375,0.9993333333333333,0.9166666666666666
57,1,118,381,0.9996666666666667,0.9166666666666666
58,1,115,384,0.9996666666666667,0.9166666666666666
59,0,110,390,1.0,
60,0,106,394,1.0,
61,0,101,399,1.0,
62,0,97,403,1.0,
63,0,91,409,1.0,
64,0,84,416,1.0,
65,0,80,420,1.0,
66,0,75,425,1.0,
67,0,70,430,1.0,
68,0,65,435,1.0,
69,0,65,435,1.0,
70,0,61,439,1.0,
71,0,61,439,1.0,
72,0,59,441,1.0,
73,0,57,443,1.0,
74,0,56,444,1.0,
75,0,55,445,1.0,
76,0,54,446,1.0,
77,0,50,450,1.0,
78,0,49,451,1.0,
79,0,41,459,1.0,
80,0,40,460,1.0,
81,0,37,463,1.0,
82,0,35,465,1.0,
83,0,35,465,1.0,
84,0,35,465,1.0,
85,0,34,466,1.0,
86,0,29,471,1.0,
87,0,29,471,1.0,
88,0,29,471,1.0,
89,0,26,474,1.0,
90,0,25,475,1.0,
91,0,25,475,1.0,
92,0,25,475,1.0,
93,0,23,477,1.0,
94,0,21,479,1.0,
95,0,20,480,1.0,
96,0,19,481,1.0,
97,0,19,481,1.0,
98,0,18,482,1.0,
99,0,18,482,1.0,
100,0,18,482,1.0,
101,0,18,482,1.0,
102,0,18,482,1.0,
103,0,18,482,1.0,
104,0,18,482,1.0,
105,0,16,484,1.0,
106,0,14,486,1.0,
107,0,14,486,1.0,
108,0,14,486,1.0,
109,0,14,486,1.0,
110,0,13,487,1.0,
111,0,13,487,1.0,
112,0,11,489,1.0,
113,0,11,489,1.0,
114,0,11,489,1.0,
115,0,9,491,1.0,
116,0,9,491,1.0,
117,0,7,493,1.0,
118,0,7,493,1.0,
119,0,7,493,1.0,
120,0,7,493,1.0,
121,0,7,493,1.0,
122,0,7,493,1.0,
123,0,7,493,1.0,
124,0,7,493,1.0,
125,0,7,493,1.0,
126,0,7,493,1.0,
127,0,6,494,1.0,
128,0,5,495,1.0,
129,0,5,495,1.0,
130,0,5,495,1.0,
131,0,4,496,1.0,
132,0,4,496,1.0,
133,0,4,496,1.0,
134,0,4,496,1.0,
135,0,3,497,1.0,
136,0,3,497,1.0,
137,0,3,497,1.0,
138,0,3,497,1.0,
139,0,3,497,1.0,
140,0,3,497,1.0,
141,0,3,497,1.0,
142,0,3,497,1.0,
143,0,3,497,1.0,
144,0,3,497,1.0,
145,0,2,498,1.0,
146,0,2,498,1.0,
147,0,2,498,1.0,
148,0,2,498,1.0,
149,0,2,498,1.0,
150,0,2,498,1.0,
151,0,2,498,1.0,
152,0,2,498,1.0,
153,0,2,498,1.0,
154,0,2,498,1.0,
155,0,2,498,1.0,
156,0,2,498,1.0,
157,0,2,498,1.0,
158,0,2,498,1.0,
159,0,2,498,1.0,
160,0,2,498,1.0,
161,0,2,498,1.0,
162,0,1,499,1.0,
163,0,1,499,1.0,
164,0,1,499,1.0,
165,0,1,499,1.0,
166,0,1,499,1.0,
167,0,1,499,1.0,
168,0,1,499,1.0,
169,0,1,499,1.0,
170,0,1,499,1.0,
171,0,1,499,1.0,
172,0,1,499,1.0,
173,0,1,499,1.0,
174,0,1,499,1.0,
175,0,1,499,1.0,
176,0,0,500,1.0,
177,0,0,500,1.0,
178,0,0,500,1.0,
179,0,0,500,1.0,
180,0,0,500,1.0,
181,0,0,500,1.0,
182,0,0,500,1.0,
183,0,0,500,1.0,
184,0,0,500,1.0,
185,0,0,500,1.0,
186,0,0,500,1.0,
187,0,0,500,1.0,
188,0,0,500,1.0,
189,0,0,500,1.0,
190,0,0,500,1.0,
191,0,0,500,1.0,
192,0,0,500,1.0,
193,0,0,500,1.0,
194,0,0,500,1.0,
195,0,0,500,1.0,
196,0,0,500,1.0,
197,0,0,500,1.0,
198,0,0,500,1.0,
199,0,0,500,1.0,
200,0,0,500,1.0,
1,498,2,0,0.9971666666666666,0.9985834642919504
2,497,3,0,0.9946666666666667,0.9973291925465838
3,495,5,0,0.9913333333333333,0.9956643919687399
4,491,9,0,0.984,0.9919132001444053
5,489,11,0,0.9805,0.9901242838546119
6,482,18,0,0.9666666666666667,0.9828873677588273
7,479,18,3,0.9695,0.9842065060291437
8,475,22,3,0.963,0.9806784603649592
9,470,27,3,0.9583333333333334,0.9779447686140563
10,463,33,4,0.955,0.9758362583045652
11,455,40,5,0.9496666666666667,0.9725402668680261
12,445,47,8,0.9373333333333334,0.9650574369450774
13,433,55,12,0.9248333333333333,0.9568888444955319
14,420,66,14,0.917,0.9508858196285733
15,408,74,18,0.9073333333333333,0.9435451681657991
16,394,85,21,0.8955,0.9340285070912968
17,376,95,29,0.8866666666666667,0.9247943328898462
18,355,113,32,0.8633333333333333,0.9039802907622871
19,330,130,40,0.8445,0.882082916351691
20,298,159,43,0.8281666666666667,0.8554202350999841
21,283,163,54,0.8228333333333333,0.8428832618193504
22,253,188,59,0.7993333333333333,0.8010978953451887
23,226,199,75,0.8026666666666666,0.7810062897856281
24,204,212,84,0.7978333333333333,0.751324468725364
25,177,229,94,0.8021666666666667,0.7189339306398997
26,154,243,103,0.809,0.6879234458370539
27,133,250,117,0.8248333333333333,0.6691023578143552
28,117,254,129,0.8398333333333333,0.6558989121865375
29,98,257,145,0.8653333333333333,0.6548970092315257
30,82,264,154,0.8841666666666667,0.644645640679575
31,59,274,167,0.9145,0.6365155208338702
32,53,271,176,0.9261666666666667,0.6502395539926303
33,46,274,180,0.933,0.6341122252039075
34,44,270,186,0.9356666666666666,0.6329623077844422
35,39,266,195,0.9408333333333333,0.6198405329341785
36,29,266,205,0.9525,0.5881412615370636
37,25,266,209,0.9585,0.5815656025134286
38,20,261,219,0.9675,0.5902768318637883
39,20,250,230,0.9688333333333333,0.6073295327860546
40,17,242,241,0.9743333333333334,0.6196457889936151
41,15,233,252,0.9778333333333333,0.6266578493969799
42,13,228,259,0.9811666666666666,0.635703315636426
43,8,221,271,0.9881666666666666,0.6265579710144927
44,6,212,282,0.9918333333333333,0.661195652173913
45,4,204,292,0.9955,0.7209963768115942
46,3,194,303,0.9973333333333333,0.7758212560386474
47,3,180,317,0.9973333333333333,0.7758212560386474
48,3,174,323,0.9975,0.7903140096618357
49,3,172,325,0.9975,0.7903140096618357
50,3,162,335,0.9975,0.7903140096618357
51,3,156,341,0.9976666666666667,0.8042028985507246
52,3,150,347,0.9976666666666667,0.8042028985507246
53,3,145,352,0.9978333333333333,0.818695652173913
54,3,143,354,0.9981666666666666,0.8470772946859904
55,3,137,360,0.9983333333333333,0.8609661835748792
56,3,130,367,0.9983333333333333,0.8609661835748792
57,2,127,371,0.9991666666666666,0.8947826086956522
58,2,120,378,0.9991666666666666,0.8947826086956522
59,2,116,382,0.9991666666666666,0.8947826086956522
60,2,114,384,0.9991666666666666,0.8947826086956522
61,2,110,388,0.9993333333333333,0.9147826086956521
62,2,106,392,0.9995,0.9365217391304348
63,2,103,395,0.9995,0.9365217391304348
64,2,99,399,0.9996666666666667,0.9565217391304348
65,2,96,402,0.9996666666666667,0.9565217391304348
66,2,89,409,0.9996666666666667,0.9565217391304348
67,2,89,409,0.9996666666666667,0.9565217391304348
68,2,80,418,0.9998333333333334,0.9782608695652174
69,2,78,420,0.9998333333333334,0.9782608695652174
70,2,73,425,0.9998333333333334,0.9782608695652174
71,2,70,428,0.9998333333333334,0.9782608695652174
72,2,66,432,0.9998333333333334,0.9782608695652174
73,2,63,435,0.9998333333333334,0.9782608695652174
74,2,57,441,0.9998333333333334,0.9782608695652174
75,2,54,444,0.9998333333333334,0.9782608695652174
76,2,54,444,0.9998333333333334,0.9782608695652174
77,2,49,449,0.9998333333333334,0.9782608695652174
78,2,47,451,0.9998333333333334,0.9782608695652174
79,2,44,454,0.9998333333333334,0.9782608695652174
80,2,41,457,0.9998333333333334,0.9782608695652174
81,2,40,458,0.9998333333333334,0.9782608695652174
82,2,40,458,0.9998333333333334,0.9782608695652174
83,2,39,459,0.9998333333333334,0.9782608695652174
84,2,37,461,0.9998333333333334,0.9782608695652174
85,2,35,463,0.9998333333333334,0.9782608695652174
86,2,34,464,1.0,1.0
87,2,33,465,1.0,1.0
88,2,32,466,1.0,1.0
89,2,28,470,1.0,1.0
90,2,28,470,1.0,1.0
91,2,28,470,1.0,1.0
92,2,27,471,1.0,1.0
93,2,27,471,1.0,1.0
94,2,26,472,1.0,1.0
95,2,22,476,1.0,1.0
96,2,21,477,1.0,1.0
97,2,20,478,1.0,1.0
98,2,18,480,1.0,1.0
99,2,18,480,1.0,1.0
100,2,18,480,1.0,1.0
101,2,18,480,1.0,1.0
102,2,18,480,1.0,1.0
103,2,18,480,1.0,1.0
104,2,17,481,1.0,1.0
105,2,15,483,1.0,1.0
106,2,13,485,1.0,1.0
107,2,13,485,1.0,1.0
108,2,12,486,1.0,1.0
109,2,12,486,1.0,1.0
110,2,11,487,1.0,1.0
111,2,11,487,1.0,1.0
112,2,11,487,1.0,1.0
113,2,11,487,1.0,1.0
114,2,9,489,1.0,1.0
115,2,8,490,1.0,1.0
116,2,8,490,1.0,1.0
117,2,7,491,1.0,1.0
118,2,7,491,1.0,1.0
119,2,6,492,1.0,1.0
120,2,6,492,1.0,1.0
121,2,6,492,1.0,1.0
122,2,6,492,1.0,1.0
123,2,6,492,1.0,1.0
124,2,6,492,1.0,1.0
125,2,6,492,1.0,1.0
126,2,6,492,1.0,1.0
127,2,5,493,1.0,1.0
128,2,5,493,1.0,1.0
129,2,3,495,1.0,1.0
130,2,3,495,1.0,1.0
131,2,3,495,1.0,1.0
132,2,3,495,1.0,1.0
133,2,3,495,1.0,1.0
134,2,3,495,1.0,1.0
135,2,3,495,1.0,1.0
136,2,3,495,1.0,1.0
137,2,3,495,1.0,1.0
138,2,3,495,1.0,1.0
139,2,3,495,1.0,1.0
140,2,3,495,1.0,1.0
141,2,3,495,1.0,1.0
142,2,3,495,1.0,1.0
143,2,3,495,1.0,1.0
144,2,3,495,1.0,1.0
145,2,2,496,1.0,1.0
146,2,2,496,1.0,1.0
147,2,2,496,1.0,1.0
148,2,2,496,1.0,1.0
149,2,2,496,1.0,1.0
150,2,2,496,1.0,1.0
151,2,2,496,1.0,1.0
152,2,2,496,1.0,1.0
153,2,2,496,1.0,1.0
154,2,2,496,1.0,1.0
155,2,2,496,1.0,1.0
156,2,1,497,1.0,1.0
157,2,1,497,1.0,1.0
158,2,1,497,1.0,1.0
159,2,1,497,1.0,1.0
160,2,1,497,1.0,1.0
161,2,1,497,1.0,1.0
162,2,1,497,1.0,1.0
163,2,1,497,1.0,1.0
164,2,1,497,1.0,1.0
165,2,1,497,1.0,1.0
166,2,1,497,1.0,1.0
167,2,1,497,1.0,1.0
168,2,1,497,1.0,1.0
169,2,1,497,1.0,1.0
170,2,1,497,1.0,1.0
171,2,1,497,1.0,1.0
172,2,1,497,1.0,1.0
173,2,1,497,1.0,1.0
174,2,1,497,1.0,1.0
175,2,1,497,1.0,1.0
176,2,1,497,1.0,1.0
177,2,1,497,1.0,1.0
178,2,1,497,1.0,1.0
179,2,1,497,1.0,1.0
180,2,1,497,1.0,1.0
181,2,1,497,1.0,1.0
182,2,1,497,1.0,1.0
183,2,1,497,1.0,1.0
184,2,1,497,1.0,1.0
185,2,1,497,1.0,1.0
186,2,1,497,1.0,1.0
187,2,1,497,1.0,1.0
188,2,1,497,1.0,1.0
189,2,1,497,1.0,1.0
190,2,1,497,1.0,1.0
191,2,1,497,1.0,1.0
192,2,1,497,1.0,1.0
193,2,1,497,1.0,1.0
194,2,1,497,1.0,1.0
195,2,1,497,1.0,1.0
196,2,0,498,1.0,1.0
197,2,0,498,1.0,1.0
198,2,0,498,1.0,1.0
199,2,0,498,1.0,1.0
200,2,0,498,1.0,1.0
1,499,1,0,1.0,1.0
2,494,6,0,0.9895,0.9946184250532076
3,493,7,0,0.9875,0.9935930163260616
4,491,9,0,0.9843333333333333,0.9919244155000818
5,485,14,1,0.9785,0.9888030642598101
6,482,16,2,0.9731666666666666,0.9859647923187522
7,477,21,2,0.9685,0.9833554938969213
8,470,26,4,0.9606666666666667,0.9789630610763821
9,464,30,6,0.9563333333333334,0.9763142434464586
10,452,40,8,0.946,0.9700337542411416
11,442,48,10,0.9368333333333333,0.9641700648030572
12,428,59,13,0.924,0.9555030077602202
13,416,66,18,0.9178333333333333,0.9504562644017077
14,396,80,24,0.9108333333333334,0.9435865938336293
15,368,102,30,0.8811666666666667,0.9190872796862872
16,343,121,36,0.8546666666666667,0.8939257427361117
17,319,138,43,0.8263333333333334,0.8640011255283164
18,284,167,49,0.7996666666666666,0.823853567108313
19,252,190,58,0.7865,0.7883002026920247
20,223,210,67,0.787,0.7614200092636436
21,182,236,82,0.8026666666666666,0.7291716637488257
22,157,244,99,0.8165,0.7082005643207526
23,129,262,109,0.834,0.6777803551227884
24,110,273,117,0.8493333333333334,0.6561736330570322
25,88,280,132,0.8723333333333333,0.6354145603700939
26,73,280,147,0.8911666666666667,0.6252109702883972
27,56,283,161,0.9113333333333333,0.6030857638738073
28,47,280,173,0.9233333333333333,0.5904612624501616
29,36,284,180,0.9413333333333334,0.5906766804049414
30,25,279,196,0.96,0.5986247694334651
31,23,276,201,0.9638333333333333,0.6042235206507418
32,19,273,208,0.9695,0.5957000208029957
33,18,260,222,0.9723333333333334,0.6131111843068365
34,15,255,230,0.9778333333333333,0.6280869565217392
35,13,245,242,0.982,0.6511204013377926
36,11,235,254,0.9868333333333333,0.6973847167325429
37,10,232,258,0.9878333333333333,0.6932101449275363
38,7,227,266,0.992,0.7133850931677018
39,6,216,278,0.9931666666666666,0.7142270531400966
40,6,213,281,0.9931666666666666,0.7142270531400966
41,4,208,288,0.9963333333333333,0.7733333333333333
42,4,197,299,0.9965,0.7837500000000001
43,3,187,310,0.9978333333333333,0.8227777777777777
44,3,181,316,0.998,0.8366666666666666
45,3,172,325,0.998,0.8366666666666666
46,3,161,336,0.9983333333333333,0.8638888888888889
47,3,153,344,0.9983333333333333,0.8638888888888889
48,3,148,349,0.9985,0.8777777777777778
49,3,141,356,0.9985,0.8777777777777778
50,3,132,365,0.9985,0.8777777777777778
51,3,128,369,0.9986666666666667,0.8911111111111111
52,3,124,373,0.9986666666666667,0.8911111111111111
53,3,121,376,0.9988333333333334,0.9049999999999999
54,3,116,381,0.9988333333333334,0.9049999999999999
55,2,113,385,0.9995,0.9375
56,2,107,391,0.9995,0.9375
57,1,105,394,0.9998333333333334,0.9583333333333334
58,1,102,397,0.9998333333333334,0.9583333333333334
59,1,100,399,0.9998333333333334,0.9583333333333334
60,1,96,403,0.9998333333333334,0.9583333333333334
61,1,95,404,0.9998333333333334,0.9583333333333334
62,1,91,408,0.9998333333333334,0.9583333333333334
63,1,87,412,0.9998333333333334,0.9583333333333334
64,1,84,415,0.9998333333333334,0.9583333333333334
65,1,78,421,1.0,1.0
66,1,76,423,1.0,1.0
67,1,75,424,1.0,1.0
68,1,72,427,1.0,1.0
69,1,69,430,1.0,1.0
70,1,67,432,1.0,1.0
71,1,65,434,1.0,1.0
72,0,65,435,1.0,
73,0,57,443,1.0,
74,0,54,446,1.0,
75,0,53,447,1.0,
76,0,52,448,1.0,
77,0,51,449,1.0,
78,0,50,450,1.0,
79,0,49,451,1.0,
80,0,44,456,1.0,
81,0,44,456,1.0,
82,0,44,456,1.0,
83,0,41,459,1.0,
84,0,40,460,1.0,
85,0,40,460,1.0,
86,0,38,462,1.0,
87,0,38,462,1.0,
88,0,36,464,1.0,
89,0,34,466,1.0,
90,0,34,466,1.0,
91,0,33,467,1.0,
92,0,32,468,1.0,
93,0,30,470,1.0,
94,0,30,470,1.0,
95,0,29,471,1.0,
96,0,29,471,1.0,
97,0,28,472,1.0,
98,0,28,472,1.0,
99,0,26,474,1.0,
100,0,26,474,1.0,
101,0,26,474,1.0,
102,0,26,474,1.0,
103,0,26,474,1.0,
104,0,26,474,1.0,
105,0,24,476,1.0,
106,0,24,476,1.0,
107,0,23,477,1.0,
108,0,21,479,1.0,
109,0,21,479,1.0,
110,0,20,480,1.0,
111,0,20,480,1.0,
112,0,20,480,1.0,
113,0,20,480,1.0,
114,0,18,482,1.0,
115,0,18,482,1.0,
116,0,17,483,1.0,
117,0,16,484,1.0,
118,0,16,484,1.0,
119,0,16,484,1.0,
120,0,16,484,1.0,
121,0,16,484,1.0,
122,0,16,484,1.0,
123,0,16,484,1.0,
124,0,16,484,1.0,
125,0,16,484,1.0,
126,0,16,484,1.0,
127,0,15,485,1.0,
128,0,14,486,1.0,
129,0,14,486,1.0,
130,0,13,487,1.0,
131,0,12,488,1.0,
132,0,12,488,1.0,
133,0,12,488,1.0,
134,0,12,488,1.0,
135,0,12,488,1.0,
136,0,12,488,1.0,
137,0,11,489,1.0,
138,0,10,490,1.0,
139,0,8,492,1.0,
140,0,7,493,1.0,
141,0,6,494,1.0,
142,0,6,494,1.0,
143,0,6,494,1.0,
144,0,6,494,1.0,
145,0,6,494,1.0,
146,0,6,494,1.0,
147,0,6,494,1.0,
148,0,6,494,1.0,
149,0,6,494,1.0,
150,0,6,494,1.0,
151,0,6,494,1.0,
152,0,6,494,1.0,
153,0,6,494,1.0,
154,0,6,494,1.0,
155,0,4,496,1.0,
156,0,4,496,1.0,
157,0,4,496,1.0,
158,0,4,496,1.0,
159,0,4,496,1.0,
160,0,4,496,1.0,
161,0,4,496,1.0,
162,0,4,496,1.0,
163,0,4,496,1.0,
164,0,4,496,1.0,
165,0,4,496,1.0,
166,0,4,496,1.0,
167,0,4,496,1.0,
168,0,4,496,1.0,
169,0,4,496,1.0,
170,0,4,496,1.0,
171,0,4,496,1.0,
172,0,4,496,1.0,
173,0,4,496,1.0,
174,0,4,496,1.0,
175,0,4,496,1.0,
176,0,4,496,1.0,
177,0,4,496,1.0,
178,0,4,496,1.0,
179,0,4,496,1.0,
180,0,3,497,1.0,
181,0,3,497,1.0,
182,0,3,497,1.0,
183,0,3,497,1.0,
184,0,3,497,1.0,
185,0,3,497,1.0,
186,0,3,497,1.0,
187,0,3,497,1.0,
188,0,3,497,1.0,
189,0,3,497,1.0,
190,0,3,497,1.0,
191,0,3,497,1.0,
192,0,3,497,1.0,
193,0,3,497,1.0,
194,0,3,497,1.0,
195,0,3,497,1.0,
196,0,3,497,1.0,
197,0,3,497,1.0,
198,0,3,497,1.0,
199,0,3,497,1.0,
200,0,3,497,1.0,
1,498,2,0,0.9973333333333333,1.0
2,496,4,0,0.993,0.9978058211281464
3,492,8,0,0.9855,0.9939176272815833
4,488,11,1,0.981,0.9915567321984023
5,480,19,1,0.9741666666666666,0.9877709227154017
6,473,25,2,0.9706666666666667,0.9858013844002196
7,467,31,2,0.9615,0.980685071240047
8,458,38,4,0.9588333333333333,0.9788103361984775
9,451,42,7,0.953,0.9752068745886922
10,443,48,9,0.945,0.9702413037232006
11,431,59,10,0.9351666666666667,0.9635213464565884
12,418,70,12,0.9333333333333333,0.961210363943967
13,405,76,19,0.9265,0.955695396173663
14,386,93,21,0.902,0.9376160915654219
15,364,109,27,0.8771666666666667,0.9168308491099355
16,337,129,34,0.8483333333333334,0.8887167567554586
17,307,153,40,0.8243333333333334,0.8578690010883662
18,282,167,51,0.8188333333333333,0.8402718725850739
19,251,186,63,0.7948333333333333,0.7967374354580309
20,230,194,76,0.7863333333333333,0.7683916707272836
21,205,214,81,0.7781666666666667,0.7297304350100633
22,185,228,87,0.7835,0.7079239508783114
23,155,252,93,0.7835,0.6511837711161543
24,130,272,98,0.7958333333333333,0.6070587800756734
25,110,283,107,0.819,0.5879708625608115
26,93,288,119,0.8433333333333334,0.5772087011980399
27,73,296,131,0.8715,0.5585934047462214
28,61,295,144,0.8923333333333333,0.5582305078096704
29,51,296,153,0.911,0.5627199133422638
30,43,295,162,0.9263333333333333,0.570804828575219
31,36,284,180,0.9425,0.6001819838757536
32,29,282,189,0.9551666666666667,0.6135309327071337
33,24,274,202,0.965,0.6358405399782009
34,17,273,210,0.9736666666666667,0.6126344471900664
35,15,267,218,0.977,0.6158276880777509
36,12,256,232,0.9826666666666667,0.6384436558929796
37,7,250,243,0.9906666666666667,0.6702330266511602
38,6,241,253,0.9926666666666667,0.6982397378470989
39,5,229,266,0.9941666666666666,0.7152890889116994
40,4,220,276,0.996,0.7580962870698542
41,4,213,283,0.9961666666666666,0.7685268909095605
42,1,208,291,0.9995,0.8811774123783884
43,1,201,298,0.9995,0.8811774123783884
44,1,190,309,0.9995,0.8811774123783884
45,1,183,316,0.9995,0.8811774123783884
46,1,177,322,0.9995,0.8811774123783884
47,1,171,328,0.9995,0.8811774123783884
48,1,166,333,0.9995,0.8811774123783884
49,1,159,340,0.9996666666666667,0.9212309311228607
50,0,154,346,1.0,
51,0,148,352,1.0,
52,0,143,357,1.0,
53,0,140,360,1.0,
54,0,137,363,1.0,
55,0,133,367,1.0,
56,0,127,373,1.0,
57,0,119,381,1.0,
58,0,114,386,1.0,
59,0,110,390,1.0,
60,0,105,395,1.0,
61,0,103,397,1.0,
62,0,101,399,1.0,
63,0,97,403,1.0,
64,0,90,410,1.0,
65,0,87,413,1.0,
66,0,84,416,1.0,
67,0,80,420,1.0,
68,0,77,423,1.0,
69,0,71,429,1.0,
70,0,67,433,1.0,
71,0,62,438,1.0,
72,0,61,439,1.0,
73,0,58,442,1.0,
74,0,55,445,1.0,
75,0,54,446,1.0,
76,0,52,448,1.0,
77,0,49,451,1.0,
78,0,46,454,1.0,
79,0,45,455,1.0,
80,0,43,457,1.0,
81,0,43,457,1.0,
82,0,42,458,1.0,
83,0,39,461,1.0,
84,0,39,461,1.0,
85,0,36,464,1.0,
86,0,33,467,1.0,
87,0,32,468,1.0,
88,0,31,469,1.0,
89,0,31,469,1.0,
90,0,30,470,1.0,
91,0,29,471,1.0,
92,0,27,473,1.0,
93,0,26,474,1.0,
94,0,26,474,1.0,
95,0,24,476,1.0,
96,0,22,478,1.0,
97,0,20,480,1.0,
98,0,19,481,1.0,
99,0,19,481,1.0,
100,0,18,482,1.0,
101,0,18,482,1.0,
102,0,16,484,1.0,
103,0,15,485,1.0,
104,0,14,486,1.0,
105,0,14,486,1.0,
106,0,12,488,1.0,
107,0,10,490,1.0,
108,0,9,491,1.0,
109,0,8,492,1.0,
110,0,8,492,1.0,
111,0,8,492,1.0,
112,0,8,492,1.0,
113,0,8,492,1.0,
114,0,8,492,1.0,
115,0,8,492,1.0,
116,0,8,492,1.0,
117,0,8,492,1.0,
118,0,8,492,1.0,
119,0,8,492,1.0,
120,0,8,492,1.0,
121,0,8,492,1.0,
122,0,7,493,1.0,
123,0,7,493,1.0,
124,0,6,494,1.0,
125,0,6,494,1.0,
126,0,5,495,1.0,
127,0,5,495,1.0,
128,0,5,495,1.0,
129,0,4,496,1.0,
130,0,3,497,1.0,
131,0,1,499,1.0,
132,0,1,499,1.0,
133,0,1,499,1.0,
134,0,1,499,1.0,
135,0,1,499,1.0,
136,0,1,499,1.0,
137,0,1,499,1.0,
138,0,1,499,1.0,
139,0,1,499,1.0,
140,0,1,499,1.0,
141,0,1,499,1.0,
142,0,1,499,1.0,
143,0,1,499,1.0,
144,0,1,499,1.0,
145,0,1,499,1.0,
146,0,1,499,1.0,
147,0,1,499,1.0,
148,0,1,499,1.0,
149,0,1,499,1.0,
150,0,1,499,1.0,
151,0,1,499,1.0,
152,0,1,499,1.0,
153,0,1,499,1.0,
154,0,1,499,1.0,
155,0,1,499,1.0,
156,0,1,499,1.0,
157,0,1,499,1.0,
158,0,1,499,1.0,
159,0,0,500,1.0,
160,0,0,500,1.0,
161,0,0,500,1.0,
162,0,0,500,1.0,
163,0,0,500,1.0,
164,0,0,500,1.0,
165,0,0,500,1.0,
166,0,0,500,1.0,
167,0,0,500,1.0,
168,0,0,500,1.0,
169,0,0,500,1.0,
170,0,0,500,1.0,
171,0,0,500,1.0,
172,0,0,500,1.0,
173,0,0,500,1.0,
174,0,0,500,1.0,
175,0,0,500,1.0,
176,0,0,500,1.0,
177,0,0,500,1.0,
178,0,0,500,1.0,
179,0,0,500,1.0,
180,0,0,500,1.0,
181,0,0,500,1.0,
182,0,0,500,1.0,
183,0,0,500,1.0,
184,0,0,500,1.0,
185,0,0,500,1.0,
186,0,0,500,1.0,
187,0,0,500,1.0,
188,0,0,500,1.0,
189,0,0,500,1.0,
190,0,0,500,1.0,
191,0,0,500,1.0,
192,0,0,500,1.0,
193,0,0,500,1.0,
194,0,0,500,1.0,
195,0,0,500,1.0,
196,0,0,500,1.0,
197,0,0,500,1.0,
198,0,0,500,1.0,
199,0,0,500,1.0,
200,0,0,500,1.0,
1,498,2,0,0.9963333333333333,1.0
2,497,3,0,0.9936666666666667,0.9986648231647737
3,497,3,0,0.9936666666666667,0.9986648231647737
4,497,3,0,0.9936666666666667,0.9986648231647737
5,497,3,0,0.9936666666666667,0.9986648231647737
6,496,4,0,0.993,0.9983245893260472
7,495,5,0,0.9918333333333333,0.9977232474414716
8,491,9,0,0.983,0.9932090884126813
9,488,12,0,0.978,0.9905904201363545
10,485,14,1,0.9753333333333334,0.9891322953715237
11,480,18,2,0.9733333333333334,0.9879912903468777
12,476,20,4,0.9683333333333334,0.9852493008964816
13,471,24,5,0.9605,0.9809171103067815
14,470,24,6,0.9606666666666667,0.9809391899223111
15,460,33,7,0.946,0.9725009837541265
16,452,41,7,0.9331666666666667,0.9648254421207125
17,440,50,10,0.9198333333333333,0.9562115761822891
18,416,70,14,0.8868333333333334,0.9336153500288129
19,397,85,18,0.8756666666666667,0.9233616891924782
20,371,104,25,0.8455,0.8976447786419811
21,350,118,32,0.8246666666666667,0.8764115411998201
22,325,140,35,0.8081666666666667,0.8539493647665101
23,290,163,47,0.8071666666666667,0.8354846663310119
24,251,194,55,0.7811666666666667,0.7836323077082631
25,226,215,59,0.7703333333333333,0.7473734839412617
26,205,224,71,0.7738333333333334,0.7251822460440047
27,182,235,83,0.7838333333333334,0.7041036644848564
28,162,247,91,0.7945,0.6833964742434953
29,131,269,100,0.82,0.6560302985161081
30,109,282,109,0.8406666666666667,0.6334742170333554
31,89,288,123,0.8633333333333333,0.6154278856528498
32,80,283,137,0.8785,0.6211612896620686
33,71,282,147,0.8936666666666667,0.6258629352332767
34,50,298,152,0.9161666666666667,0.5811332175332897
35,37,299,164,0.9366666666666666,0.5706430385658376
36,29,298,173,0.9498333333333333,0.5667338935119246
37,22,298,180,0.9616666666666667,0.5638596587612903
38,17,286,197,0.9718333333333333,0.5875189610089722
39,15,280,205,0.9751666666666666,0.5899683892195935
40,10,270,220,0.985,0.6297984322858742
41,9,261,230,0.9868333333333333,0.6407533973495585
42,9,252,239,0.9873333333333333,0.6544982933650284
43,8,238,254,0.9895,0.675580998168822
44,6,231,263,0.9923333333333333,0.6872206020129086
45,5,225,270,0.9933333333333333,0.6720528188747102
46,3,223,274,0.9965,0.7059988402312266
47,2,213,285,0.9978333333333333,0.7250553641963369
48,2,202,296,0.998,0.7459267952057433
49,2,195,303,0.9983333333333333,0.7894845642688525
50,1,190,309,0.999,0.751371516338632
51,1,185,314,0.999,0.751371516338632
52,1,180,319,0.999,0.751371516338632
53,1,177,322,0.999,0.751371516338632
54,0,170,330,1.0,
55,0,161,339,1.0,
56,0,157,343,1.0,
57,0,150,350,1.0,
58,0,143,357,1.0,
59,0,137,363,1.0,
60,0,127,373,1.0,
61,0,121,379,1.0,
62,0,117,383,1.0,
63,0,114,386,1.0,
64,0,108,392,1.0,
65,0,105,395,1.0,
66,0,100,400,1.0,
67,0,93,407,1.0,
68,0,92,408,1.0,
69,0,90,410,1.0,
70,0,86,414,1.0,
71,0,82,418,1.0,
72,0,78,422,1.0,
73,0,75,425,1.0,
74,0,74,426,1.0,
75,0,70,430,1.0,
76,0,70,430,1.0,
77,0,66,434,1.0,
78,0,64,436,1.0,
79,0,62,438,1.0,
80,0,59,441,1.0,
81,0,56,444,1.0,
82,0,54,446,1.0,
83,0,54,446,1.0,
84,0,54,446,1.0,
85,0,50,450,1.0,
86,0,48,452,1.0,
87,0,47,453,1.0,
88,0,45,455,1.0,
89,0,41,459,1.0,
90,0,37,463,1.0,
91,0,34,466,1.0,
92,0,32,468,1.0,
93,0,32,468,1.0,
94,0,31,469,1.0,
95,0,30,470,1.0,
96,0,30,470,1.0,
97,0,28,472,1.0,
98,0,28,472,1.0,
99,0,28,472,1.0,
100,0,28,472,1.0,
101,0,26,474,1.0,
102,0,26,474,1.0,
103,0,25,475,1.0,
104,0,25,475,1.0,
105,0,25,475,1.0,
106,0,25,475,1.0,
107,0,23,477,1.0,
108,0,23,477,1.0,
109,0,23,477,1.0,
110,0,21,479,1.0,
111,0,20,480,1.0,
112,0,20,480,1.0,
113,0,19,481,1.0,
114,0,19,481,1.0,
115,0,17,483,1.0,
116,0,16,484,1.0,
117,0,16,484,1.0,
118,0,15,485,1.0,
119,0,13,487,1.0,
120,0,13,487,1.0,
121,0,13,487,1.0,
122,0,13,487,1.0,
123,0,13,487,1.0,
124,0,13,487,1.0,
125,0,13,487,1.0,
126,0,13,487,1.0,
127,0,12,488,1.0,
128,0,12,488,1.0,
129,0,12,488,1.0,
130,0,12,488,1.0,
131,0,12,488,1.0,
132,0,12,488,1.0,
133,0,12,488,1.0,
134,0,8,492,1.0,
135,0,7,493,1.0,
136,0,7,493,1.0,
137,0,7,493,1.0,
138,0,7,493,1.0,
139,0,7,493,1.0,
140,0,7,493,1.0,
141,0,7,493,1.0,
142,0,7,493,1.0,
143,0,7,493,1.0,
144,0,7,493,1.0,
145,0,7,493,1.0,
146,0,7,493,1.0,
147,0,7,493,1.0,
148,0,7,493,1.0,
149,0,7,493,1.0,
150,0,7,493,1.0,
151,0,7,493,1.0,
152,0,7,493,1.0,
153,0,7,493,1.0,
154,0,7,493,1.0,
155,0,7,493,1.0,
156,0,7,493,1.0,
157,0,6,494,1.0,
158,0,6,494,1.0,
159,0,6,494,1.0,
160,0,6,494,1.0,
161,0,6,494,1.0,
162,0,6,494,1.0,
163,0,5,495,1.0,
164,0,5,495,1.0,
165,0,5,495,1.0,
166,0,5,495,1.0,
167,0,5,495,1.0,
168,0,5,495,1.0,
169,0,5,495,1.0,
170,0,5,495,1.0,
171,0,5,495,1.0,
172,0,4,496,1.0,
173,0,4,496,1.0,
174,0,4,496,1.0,
175,0,4,496,1.0,
176,0,4,496,1.0,
177,0,4,496,1.0,
178,0,4,496,1.0,
179,0,4,496,1.0,
180,0,3,497,1.0,
181,0,3,497,1.0,
182,0,3,497,1.0,
183,0,3,497,1.0,
184,0,3,497,1.0,
185,0,3,497,1.0,
186,0,3,497,1.0,
187,0,3,497,1.0,
188,0,3,497,1.0,
189,0,3,497,1.0,
190,0,3,497,1.0,
191,0,3,497,1.0,
192,0,3,497,1.0,
193,0,2,498,1.0,
194,0,2,498,1.0,
195,0,2,498,1.0,
196,0,2,498,1.0,
197,0,2,498,1.0,
198,0,2,498,1.0,
199,0,2,498,1.0,
200,0,2,498,1.0,
1,498,2,0,1.0,1.0
2,495,5,0,0.9925,0.9962120941567582
3,492,7,1,0.99,0.9948825391057629
4,485,14,1,0.9781666666666666,0.9887039368818841
5,478,21,1,0.9678333333333333,0.983182017939613
6,472,26,2,0.9615,0.979572662353613
7,466,31,3,0.9525,0.9744439382226283
8,453,44,3,0.9383333333333334,0.965879693103035
9,440,55,5,0.9221666666666667,0.9556506528715025
10,426,65,9,0.9176666666666666,0.9517216402703237
11,410,77,13,0.9011666666666667,0.9397751225444757
12,390,92,18,0.89,0.929519705675224
13,375,104,21,0.8708333333333333,0.913904083120315
14,347,127,26,0.8443333333333334,0.8880011371867029
15,319,151,30,0.8255,0.8632667633478591
16,286,173,41,0.8165,0.8395391024693244
17,260,194,46,0.8,0.8076653012539301
18,235,207,58,0.7948333333333333,0.7816907659100073
19,204,230,66,0.7945,0.7482363764397014
20,183,240,77,0.7996666666666666,0.726558245745701
21,166,246,88,0.8071666666666667,0.7097804740222237
22,147,256,97,0.8201666666666667,0.6938940729978884
23,120,280,100,0.828,0.6411271343390907
24,97,292,111,0.8456666666666667,0.6026098158527562
25,81,289,130,0.8701666666666666,0.5990808994190637
26,57,300,143,0.902,0.5694342740910247
27,45,302,153,0.9216666666666666,0.5625990338164252
28,37,301,162,0.9358333333333333,0.5624441833137486
29,30,294,176,0.9495,0.5755024154589371
30,28,281,191,0.955,0.5944824016563146
31,24,275,201,0.9613333333333334,0.5927173913043479
32,19,266,215,0.9706666666666667,0.6096758199847445
33,17,260,223,0.9746666666666667,0.6238576300085251
34,16,247,237,0.9765,0.6288813405797102
35,13,236,251,0.9811666666666666,0.6342363433667781
36,11,228,261,0.9843333333333333,0.6398682476943347
37,7,228,265,0.9893333333333333,0.6120600414078675
38,6,219,275,0.9905,0.5960144927536232
39,4,213,283,0.9936666666666667,0.6005434782608696
40,4,203,293,0.994,0.6213768115942029
41,3,196,301,0.9953333333333333,0.6111111111111112
42,2,190,308,0.997,0.625
43,2,181,317,0.997,0.625
44,2,177,321,0.997,0.625
45,1,173,326,0.9985,0.625
46,1,167,332,0.9985,0.625
47,1,158,341,0.9985,0.625
48,0,154,346,1.0,
49,0,150,350,1.0,
50,0,142,358,1.0,
51,0,132,368,1.0,
52,0,128,372,1.0,
53,0,122,378,1.0,
54,0,109,391,1.0,
55,0,109,391,1.0,
56,0,103,397,1.0,
57,0,101,399,1.0,
58,0,100,400,1.0,
59,0,98,402,1.0,
60,0,98,402,1.0,
61,0,97,403,1.0,
62,0,95,405,1.0,
63,0,94,406,1.0,
64,0,91,409,1.0,
65,0,89,411,1.0,
66,0,86,414,1.0,
67,0,86,414,1.0,
68,0,82,418,1.0,
69,0,82,418,1.0,
70,0,82,418,1.0,
71,0,76,424,1.0,
72,0,72,428,1.0,
73,0,71,429,1.0,
74,0,69,431,1.0,
75,0,69,431,1.0,
76,0,65,435,1.0,
77,0,63,437,1.0,
78,0,61,439,1.0,
79,0,59,441,1.0,
80,0,56,444,1.0,
81,0,53,447,1.0,
82,0,53,447,1.0,
83,0,53,447,1.0,
84,0,51,449,1.0,
85,0,51,449,1.0,
86,0,50,450,1.0,
87,0,49,451,1.0,
88,0,48,452,1.0,
89,0,44,456,1.0,
90,0,43,457,1.0,
91,0,42,458,1.0,
92,0,39,461,1.0,
93,0,38,462,1.0,
94,0,38,462,1.0,
95,0,38,462,1.0,
96,0,34,466,1.0,
97,0,34,466,1.0,
98,0,34,466,1.0,
99,0,32,468,1.0,
100,0,32,468,1.0,
101,0,29,471,1.0,
102,0,28,472,1.0,
103,0,25,475,1.0,
104,0,24,476,1.0,
105,0,23,477,1.0,
106,0,22,478,1.0,
107,0,21,479,1.0,
108,0,20,480,1.0,
109,0,20,480,1.0,
110,0,19,481,1.0,
111,0,18,482,1.0,
112,0,18,482,1.0,
113,0,18,482,1.0,
114,0,17,483,1.0,
115,0,16,484,1.0,
116,0,16,484,1.0,
117,0,15,485,1.0,
118,0,15,485,1.0,
119,0,15,485,1.0,
120,0,14,486,1.0,
121,0,14,486,1.0,
122,0,13,487,1.0,
123,0,13,487,1.0,
124,0,13,487,1.0,
125,0,13,487,1.0,
126,0,12,488,1.0,
127,0,11,489,1.0,
128,0,10,490,1.0,
129,0,10,490,1.0,
130,0,7,493,1.0,
131,0,7,493,1.0,
132,0,6,494,1.0,
133,0,6,494,1.0,
134,0,4,496,1.0,
135,0,4,496,1.0,
136,0,4,496,1.0,
137,0,4,496,1.0,
138,0,3,497,1.0,
139,0,3,497,1.0,
140,0,3,497,1.0,
141,0,3,497,1.0,
142,0,3,497,1.0,
143,0,3,497,1.0,
144,0,3,497,1.0,
145,0,3,497,1.0,
146,0,2,498,1.0,
147,0,2,498,1.0,
148,0,2,498,1.0,
149,0,2,498,1.0,
150,0,2,498,1.0,
151,0,2,498,1.0,
152,0,2,498,1.0,
153,0,2,498,1.0,
154,0,2,498,1.0,
155,0,2,498,1.0,
156,0,2,498,1.0,
157,0,1,499,1.0,
158,0,1,499,1.0,
159,0,1,499,1.0,
160,0,1,499,1.0,
161,0,1,499,1.0,
162,0,1,499,1.0,
163,0,1,499,1.0,
164,0,1,499,1.0,
165,0,1,499,1.0,
166,0,1,499,1.0,
167,0,1,499,1.0,
168,0,1,499,1.0,
169,0,1,499,1.0,
170,0,1,499,1.0,
171,0,0,500,1.0,
172,0,0,500,1.0,
173,0,0,500,1.0,
174,0,0,500,1.0,
175,0,0,500,1.0,
176,0,0,500,1.0,
177,0,0,500,1.0,
178,0,0,500,1.0,
179,0,0,500,1.0,
180,0,0,500,1.0,
181,0,0,500,1.0,
182,0,0,500,1.0,
183,0,0,500,1.0,
184,0,0,500,1.0,
185,0,0,500,1.0,
186,0,0,500,1.0,
187,0,0,500,1.0,
188,0,0,500,1.0,
189,0,0,500,1.0,
190,0,0,500,1.0,
191,0,0,500,1.0,
192,0,0,500,1.0,
193,0,0,500,1.0,
194,0,0,500,1.0,
195,0,0,500,1.0,
196,0,0,500,1.0,
197,0,0,500,1.0,
198,0,0,500,1.0,
199,0,0,500,1.0,
200,0,0,500,1.0,
1,499,1,0,1.0,1.0
2,497,3,0,0.9946666666666667,0.9973219697224596
3,496,4,0,0.9931666666666666,0.9965565774804905
4,494,6,0,0.9901666666666666,0.9950226914727003
5,493,6,1,0.9905,0.9951816286426922
6,489,10,1,0.9806666666666667,0.9900749653417031
7,486,12,2,0.9786666666666667,0.9889883224665833
8,480,18,2,0.9696666666666667,0.9840890225414682
9,474,24,2,0.9621666666666666,0.9799093508766045
10,465,32,3,0.9541666666666667,0.9752360083426003
11,457,40,3,0.9458333333333333,0.9702625411882381
12,444,53,3,0.9301666666666667,0.9606455088520306
13,423,71,6,0.9205,0.9531505165270198
14,407,84,9,0.91,0.9449905176189762
15,397,91,12,0.9048333333333334,0.9403410689627972
16,379,106,15,0.8896666666666667,0.9276704871358996
17,357,125,18,0.8728333333333333,0.9113968299390294
18,339,138,23,0.8666666666666667,0.9021243616799599
19,310,164,26,0.835,0.8672732526421166
20,285,182,33,0.833,0.8537498458261235
21,254,202,44,0.8051666666666667,0.808497485910187
22,223,224,53,0.792,0.767163988788087
23,191,249,60,0.782,0.7148918030650332
24,170,260,70,0.7835,0.6819157402226456
25,140,279,81,0.8056666666666666,0.6526886847337158
26,114,286,100,0.8283333333333334,0.6233976841871578
27,97,292,111,0.8466666666666667,0.6046207512792005
28,81,295,124,0.8721666666666666,0.6044865494140856
29,67,297,136,0.888,0.581183930713457
30,53,297,150,0.9105,0.5772000149153553
31,41,297,162,0.9306666666666666,0.5778169285645425
32,37,286,177,0.9408333333333333,0.6001524053697966
33,31,279,190,0.9498333333333333,0.5956511113944494
34,21,274,205,0.9648333333333333,0.5778693769998119
35,19,267,214,0.9688333333333333,0.5859784342278623
36,16,253,231,0.9751666666666666,0.6074254776021081
37,13,252,235,0.9805,0.6178569980743893
38,10,238,252,0.9863333333333333,0.6515
39,9,223,268,0.9875,0.6467954911433171
40,9,216,275,0.9876666666666667,0.6514251207729469
41,9,208,283,0.9878333333333333,0.6560547504025764
42,5,206,289,0.9931666666666666,0.6533623188405797
43,4,197,299,0.9951666666666666,0.6966847826086957
44,3,192,305,0.9956666666666667,0.6372463768115942
45,3,189,308,0.9956666666666667,0.6372463768115942
46,2,182,316,0.9973333333333333,0.6567028985507246
47,2,177,321,0.9973333333333333,0.6567028985507246
48,2,166,332,0.9975,0.677536231884058
49,2,159,339,0.9975,0.677536231884058
50,2,154,344,0.9978333333333333,0.7201086956521738
51,2,145,353,0.998,0.7418478260869565
52,1,137,362,0.9986666666666667,0.6521739130434783
53,1,130,369,0.9986666666666667,0.6521739130434783
54,1,125,374,0.9986666666666667,0.6521739130434783
55,1,116,383,0.9986666666666667,0.6521739130434783
56,1,108,391,0.999,0.7391304347826086
57,0,105,395,1.0,
58,0,103,397,1.0,
59,0,95,405,1.0,
60,0,90,410,1.0,
61,0,84,416,1.0,
62,0,81,419,1.0,
63,0,79,421,1.0,
64,0,72,428,1.0,
65,0,68,432,1.0,
66,0,65,435,1.0,
67,0,62,438,1.0,
68,0,60,440,1.0,
69,0,60,440,1.0,
70,0,56,444,1.0,
71,0,52,448,1.0,
72,0,51,449,1.0,
73,0,49,451,1.0,
74,0,49,451,1.0,
75,0,46,454,1.0,
76,0,44,456,1.0,
77,0,43,457,1.0,
78,0,40,460,1.0,
79,0,40,460,1.0,
80,0,40,460,1.0,
81,0,39,461,1.0,
82,0,36,464,1.0,
83,0,34,466,1.0,
84,0,34,466,1.0,
85,0,33,467,1.0,
86,0,31,469,1.0,
87,0,29,471,1.0,
88,0,28,472,1.0,
89,0,27,473,1.0,
90,0,27,473,1.0,
91,0,25,475,1.0,
92,0,25,475,1.0,
93,0,25,475,1.0,
94,0,24,476,1.0,
95,0,24,476,1.0,
96,0,22,478,1.0,
97,0,21,479,1.0,
98,0,20,480,1.0,
99,0,20,480,1.0,
100,0,20,480,1.0,
101,0,19,481,1.0,
102,0,19,481,1.0,
103,0,18,482,1.0,
104,0,18,482,1.0,
105,0,18,482,1.0,
106,0,18,482,1.0,
107,0,18,482,1.0,
108,0,18,482,1.0,
109,0,18,482,1.0,
110,0,18,482,1.0,
111,0,18,482,1.0,
112,0,18,482,1.0,
113,0,17,483,1.0,
114,0,17,483,1.0,
115,0,16,484,1.0,
116,0,15,485,1.0,
117,0,14,486,1.0,
118,0,13,487,1.0,
119,0,13,487,1.0,
120,0,13,487,1.0,
121,0,13,487,1.0,
122,0,13,487,1.0,
123,0,11,489,1.0,
124,0,11,489,1.0,
125,0,11,489,1.0,
126,0,11,489,1.0,
127,0,11,489,1.0,
128,0,9,491,1.0,
129,0,9,491,1.0,
130,0,9,491,1.0,
131,0,9,491,1.0,
132,0,8,492,1.0,
133,0,8,492,1.0,
134,0,8,492,1.0,
135,0,8,492,1.0,
136,0,8,492,1.0,
137,0,8,492,1.0,
138,0,6,494,1.0,
139,0,5,495,1.0,
140,0,5,495,1.0,
141,0,5,495,1.0,
142,0,5,495,1.0,
143,0,5,495,1.0,
144,0,5,495,1.0,
145,0,5,495,1.0,
146,0,5,495,1.0,
147,0,4,496,1.0,
148,0,4,496,1.0,
149,0,4,496,1.0,
150,0,4,496,1.0,
151,0,4,496,1.0,
152,0,4,496,1.0,
153,0,4,496,1.0,
154,0,4,496,1.0,
155,0,4,496,1.0,
156,0,4,496,1.0,
157,0,4,496,1.0,
158,0,4,496,1.0,
159,0,4,496,1.0,
160,0,4,496,1.0,
161,0,4,496,1.0,
162,0,4,496,1.0,
163,0,3,497,1.0,
164,0,3,497,1.0,
165,0,3,497,1.0,
166,0,3,497,1.0,
167,0,3,497,1.0,
168,0,2,498,1.0,
169,0,2,498,1.0,
170,0,2,498,1.0,
171,0,2,498,1.0,
172,0,2,498,1.0,
173,0,2,498,1.0,
174,0,2,498,1.0,
175,0,2,498,1.0,
176,0,2,498,1.0,
177,0,2,498,1.0,
178,0,2,498,1.0,
179,0,2,498,1.0,
180,0,2,498,1.0,
181,0,2,498,1.0,
182,0,2,498,1.0,
183,0,2,498,1.0,
184,0,2,498,1.0,
185,0,2,498,1.0,
186,0,2,498,1.0,
187,0,2,498,1.0,
188,0,2,498,1.0,
189,0,2,498,1.0,
190,0,2,498,1.0,
191,0,2,498,1.0,
192,0,2,498,1.0,
193,0,2,498,1.0,
194,0,2,498,1.0,
195,0,2,498,1.0,
196,0,2,498,1.0,
197,0,2,498,1.0,
198,0,2,498,1.0,
199,0,2,498,1.0,
200,0,2,498,1.0,
1,498,2,0,1.0,1.0
2,496,4,0,0.9958333333333333,0.9979088448951703
3,489,9,2,0.9853333333333333,0.9924903539600793
4,483,15,2,0.974,0.9864373646577265
5,476,21,3,0.9618333333333333,0.979846786084455
6,468,27,5,0.9508333333333333,0.9736087699925493
7,458,37,5,0.935,0.9642631169539276
8,445,48,7,0.9245,0.9572560372374735
9,433,58,9,0.9113333333333333,0.9485409060858403
10,421,67,12,0.9031666666666667,0.9422130923876252
11,406,78,16,0.8896666666666667,0.9316033902835145
12,382,97,21,0.8686666666666667,0.913770049537179
13,357,117,26,0.8498333333333333,0.8944350128596871
14,317,147,36,0.825,0.8617148077949065
15,295,164,41,0.8108333333333333,0.8393200858477204
16,261,186,53,0.8118333333333333,0.8193637263335747
17,235,204,61,0.8126666666666666,0.8003735213291179
18,210,226,64,0.8106666666666666,0.7746025019762081
19,186,241,73,0.8038333333333333,0.7369211295777449
20,161,256,83,0.8025,0.6946631478862102
21,140,267,93,0.8155,0.6718406629602282
22,119,272,109,0.8333333333333334,0.6512435050030959
23,104,275,121,0.8538333333333333,0.6496230490523968
24,86,278,136,0.8738333333333334,0.6348281092012134
25,73,281,146,0.8886666666666667,0.6210075441731189
26,62,284,154,0.9038333333333334,0.6143092566619915
27,54,282,164,0.9121666666666667,0.5958789586688137
28,47,283,170,0.9226666666666666,0.5907508479802652
29,36,284,180,0.941,0.5917975040257649
30,30,274,196,0.9515,0.5976497584541062
31,23,271,206,0.9645,0.6165595463137997
32,18,264,218,0.9715,0.6075201288244767
33,15,253,232,0.9778333333333333,0.6345797101449274
34,14,243,243,0.9808333333333333,0.6618219461697722
35,12,240,248,0.9833333333333333,0.657542270531401
36,10,232,258,0.9865,0.6665652173913044
37,9,223,268,0.9881666666666666,0.6758132045088567
38,5,215,280,0.9936666666666667,0.6881014492753624
39,5,201,294,0.994,0.7044347826086957
40,4,194,302,0.9953333333333333,0.7118659420289856
41,4,185,311,0.9953333333333333,0.7118659420289856
42,4,177,319,0.9955,0.7222826086956522
43,4,173,323,0.9955,0.7222826086956522
44,4,167,329,0.9955,0.7222826086956522
45,4,165,331,0.9955,0.7222826086956522
46,3,160,337,0.9965,0.7097101449275361
47,1,155,344,0.999,0.7391304347826086
48,1,150,349,0.999,0.7391304347826086
49,1,144,355,0.9991666666666666,0.782608695652174
50,1,140,359,0.9991666666666666,0.782608695652174
51,1,136,363,0.9993333333333333,0.8260869565217391
52,1,130,369,0.9993333333333333,0.8260869565217391
53,0,126,374,1.0,
54,0,121,379,1.0,
55,0,116,384,1.0,
56,0,111,389,1.0,
57,0,104,396,1.0,
58,0,95,405,1.0,
59,0,88,412,1.0,
60,0,85,415,1.0,
61,0,81,419,1.0,
62,0,77,423,1.0,
63,0,74,426,1.0,
64,0,73,427,1.0,
65,0,70,430,1.0,
66,0,67,433,1.0,
67,0,65,435,1.0,
68,0,63,437,1.0,
69,0,60,440,1.0,
70,0,58,442,1.0,
71,0,57,443,1.0,
72,0,50,450,1.0,
73,0,48,452,1.0,
74,0,47,453,1.0,
75,0,46,454,1.0,
76,0,44,456,1.0,
77,0,42,458,1.0,
78,0,40,460,1.0,
79,0,37,463,1.0,
80,0,34,466,1.0,
81,0,32,468,1.0,
82,0,32,468,1.0,
83,0,29,471,1.0,
84,0,28,472,1.0,
85,0,27,473,1.0,
86,0,26,474,1.0,
87,0,24,476,1.0,
88,0,24,476,1.0,
89,0,23,477,1.0,
90,0,23,477,1.0,
91,0,22,478,1.0,
92,0,22,478,1.0,
93,0,22,478,1.0,
94,0,22,478,1.0,
95,0,22,478,1.0,
96,0,20,480,1.0,
97,0,20,480,1.0,
98,0,19,481,1.0,
99,0,18,482,1.0,
100,0,18,482,1.0,
101,0,17,483,1.0,
102,0,17,483,1.0,
103,0,16,484,1.0,
104,0,16,484,1.0,
105,0,16,484,1.0,
106,0,15,485,1.0,
107,0,14,486,1.0,
108,0,14,486,1.0,
109,0,14,486,1.0,
110,0,14,486,1.0,
111,0,14,486,1.0,
112,0,14,486,1.0,
113,0,14,486,1.0,
114,0,14,486,1.0,
115,0,14,486,1.0,
116,0,13,487,1.0,
117,0,13,487,1.0,
118,0,13,487,1.0,
119,0,13,487,1.0,
120,0,13,487,1.0,
121,0,13,487,1.0,
122,0,13,487,1.0,
123,0,13,487,1.0,
124,0,12,488,1.0,
125,0,11,489,1.0,
126,0,9,491,1.0,
127,0,9,491,1.0,
128,0,9,491,1.0,
129,0,9,491,1.0,
130,0,9,491,1.0,
131,0,9,491,1.0,
132,0,7,493,1.0,
133,0,7,493,1.0,
134,0,6,494,1.0,
135,0,5,495,1.0,
136,0,5,495,1.0,
137,0,5,495,1.0,
138,0,5,495,1.0,
139,0,5,495,1.0,
140,0,5,495,1.0,
141,0,5,495,1.0,
142,0,5,495,1.0,
143,0,4,496,1.0,
144,0,4,496,1.0,
145,0,4,496,1.0,
146,0,3,497,1.0,
147,0,3,497,1.0,
148,0,3,497,1.0,
149,0,3,497,1.0,
150,0,3,497,1.0,
151,0,3,497,1.0,
152,0,3,497,1.0,
153,0,3,497,1.0,
154,0,3,497,1.0,
155,0,3,497,1.0,
156,0,3,497,1.0,
157,0,3,497,1.0,
158,0,3,497,1.0,
159,0,3,497,1.0,
160,0,3,497,1.0,
161,0,3,497,1.0,
162,0,3,497,1.0,
163,0,3,497,1.0,
164,0,3,497,1.0,
165,0,3,497,1.0,
166,0,3,497,1.0,
167,0,3,497,1.0,
168,0,3,497,1.0,
169,0,3,497,1.0,
170,0,3,497,1.0,
171,0,2,498,1.0,
172,0,2,498,1.0,
173,0,2,498,1.0,
174,0,2,498,1.0,
175,0,2,498,1.0,
176,0,2,498,1.0,
177,0,2,498,1.0,
178,0,2,498,1.0,
179,0,2,498,1.0,
180,0,2,498,1.0,
181,0,1,499,1.0,
182,0,1,499,1.0,
183,0,1,499,1.0,
184,0,1,499,1.0,
185,0,1,499,1.0,
186,0,1,499,1.0,
187,0,1,499,1.0,
188,0,1,499,1.0,
189,0,1,499,1.0,
190,0,1,499,1.0,
191,0,1,499,1.0,
192,0,1,499,1.0,
193,0,1,499,1.0,
194,0,1,499,1.0,
195,0,1,499,1.0,
196,0,1,499,1.0,
197,0,1,499,1.0,
198,0,1,499,1.0,
199,0,1,499,1.0,
200,0,1,499,1.0,
1,499,1,0,1.0,1.0
2,499,1,0,1.0,1.0
3,498,2,0,0.9978333333333333,0.9989047494325126
4,497,3,0,0.995,0.9974685398292258
5,493,7,0,0.9876666666666667,0.993674806981536
6,488,12,0,0.9793333333333333,0.9893332604375904
7,483,16,1,0.9736666666666667,0.9862678520807064
8,478,21,1,0.9626666666666667,0.9803921084642387
9,472,26,2,0.9561666666666667,0.976783663878358
10,459,38,3,0.9445,0.9698198517896348
11,447,48,5,0.9363333333333334,0.9643903257092636
12,434,60,6,0.9196666666666666,0.9537619713671607
13,424,68,8,0.9175,0.951569204805464
14,410,78,12,0.9156666666666666,0.9487154949445512
15,397,87,16,0.9128333333333334,0.9452614251776446
16,377,101,22,0.8926666666666667,0.9290364994931941
17,359,117,24,0.8786666666666667,0.9159032247878075
18,342,129,29,0.8551666666666666,0.8945856215523136
19,323,140,37,0.8313333333333334,0.8700185368492006
20,302,149,49,0.821,0.852393616210921
21,275,167,58,0.805,0.8234865059402608
22,252,181,67,0.7985,0.8010152230830284
23,222,207,71,0.7815,0.754895308409801
24,197,221,82,0.7825,0.7249087689001614
25,171,234,95,0.7856666666666666,0.6877712402578916
26,145,248,107,0.8066666666666666,0.6677054367699045
27,126,260,114,0.818,0.6398116287643548
28,110,259,131,0.8418333333333333,0.6410585393233617
29,85,268,147,0.8731666666666666,0.6269226544981021
30,72,273,155,0.8891666666666667,0.6154545012153707
31,57,280,163,0.9083333333333333,0.5987040267131801
32,48,282,170,0.9221666666666667,0.5953604607952435
33,35,284,181,0.9431666666666667,0.5954513457556936
34,30,277,193,0.9531666666666667,0.6096932367149759
35,21,270,209,0.9671666666666666,0.6107556935817806
36,17,260,223,0.9746666666666667,0.6299999999999999
37,14,252,234,0.9805,0.6563146997929606
38,9,249,242,0.9871666666666666,0.6478019323671498
39,9,240,251,0.9876666666666667,0.6618921095008051
40,9,232,259,0.988,0.6709661835748792
41,9,224,267,0.9886666666666667,0.689903381642512
42,8,215,277,0.99,0.6941666666666667
43,6,215,279,0.9931666666666666,0.7208333333333333
44,5,205,290,0.995,0.753
45,4,196,300,0.9968333333333333,0.8020833333333334
46,3,184,313,0.9975,0.7916666666666666
47,2,177,321,0.9985,0.8125
48,2,175,323,0.9986666666666667,0.8333333333333333
49,2,167,331,0.9988333333333334,0.8541666666666667
50,2,165,333,0.9988333333333334,0.8541666666666667
51,2,159,339,0.999,0.875
52,2,151,347,0.9991666666666666,0.8958333333333333
53,2,138,360,0.9991666666666666,0.8958333333333333
54,2,132,366,0.9991666666666666,0.8958333333333333
55,2,120,378,0.9991666666666666,0.8958333333333333
56,2,118,380,0.9991666666666666,0.8958333333333333
57,2,110,388,0.9993333333333333,0.9166666666666666
58,1,107,392,0.9996666666666667,0.9166666666666666
59,1,106,393,0.9996666666666667,0.9166666666666666
60,1,99,400,0.9996666666666667,0.9166666666666666
61,1,94,405,0.9996666666666667,0.9166666666666666
62,1,93,406,0.9996666666666667,0.9166666666666666
63,1,90,409,0.9996666666666667,0.9166666666666666
64,1,89,410,0.9996666666666667,0.9166666666666666
65,1,83,416,0.9996666666666667,0.9166666666666666
66,1,79,420,0.9996666666666667,0.9166666666666666
67,1,76,423,0.9996666666666667,0.9166666666666666
68,1,73,426,0.9996666666666667,0.9166666666666666
69,1,70,429,0.9996666666666667,0.9166666666666666
70,1,69,430,0.9996666666666667,0.9166666666666666
71,1,66,433,0.9996666666666667,0.9166666666666666
72,1,63,436,0.9996666666666667,0.9166666666666666
73,1,61,438,0.9996666666666667,0.9166666666666666
74,1,59,440,0.9996666666666667,0.9166666666666666
75,1,59,440,0.9996666666666667,0.9166666666666666
76,1,57,442,0.9998333333333334,0.9583333333333334
77,1,56,443,0.9998333333333334,0.9583333333333334
78,1,56,443,0.9998333333333334,0.9583333333333334
79,1,54,445,0.9998333333333334,0.9583333333333334
80,1,54,445,0.9998333333333334,0.9583333333333334
81,1,50,449,0.9998333333333334,0.9583333333333334
82,1,47,452,0.9998333333333334,0.9583333333333334
83,1,47,452,0.9998333333333334,0.9583333333333334
84,1,44,455,0.9998333333333334,0.9583333333333334
85,1,40,459,0.9998333333333334,0.9583333333333334
86,1,37,462,0.9998333333333334,0.9583333333333334
87,1,36,463,0.9998333333333334,0.9583333333333334
88,1,35,464,0.9998333333333334,0.9583333333333334
89,1,32,467,0.9998333333333334,0.9583333333333334
90,1,30,469,0.9998333333333334,0.9583333333333334
91,1,29,470,0.9998333333333334,0.9583333333333334
92,1,28,471,0.9998333333333334,0.9583333333333334
93,1,28,471,0.9998333333333334,0.9583333333333334
94,1,27,472,0.9998333333333334,0.9583333333333334
95,1,26,473,0.9998333333333334,0.9583333333333334
96,1,26,473,0.9998333333333334,0.9583333333333334
97,1,23,476,1.0,1.0
98,1,21,478,1.0,1.0
99,1,21,478,1.0,1.0
100,1,21,478,1.0,1.0
101,1,21,478,1.0,1.0
102,1,21,478,1.0,1.0
103,1,20,479,1.0,1.0
104,1,19,480,1.0,1.0
105,1,18,481,1.0,1.0
106,1,17,482,1.0,1.0
107,1,17,482,1.0,1.0
108,1,17,482,1.0,1.0
109,1,17,482,1.0,1.0
110,1,17,482,1.0,1.0
111,1,17,482,1.0,1.0
112,1,14,485,1.0,1.0
113,1,14,485,1.0,1.0
114,1,14,485,1.0,1.0
115,1,13,486,1.0,1.0
116,1,12,487,1.0,1.0
117,1,11,488,1.0,1.0
118,1,11,488,1.0,1.0
119,1,11,488,1.0,1.0
120,1,10,489,1.0,1.0
121,1,10,489,1.0,1.0
122,1,9,490,1.0,1.0
123,1,9,490,1.0,1.0
124,1,7,492,1.0,1.0
125,1,7,492,1.0,1.0
126,1,5,494,1.0,1.0
127,1,5,494,1.0,1.0
128,1,5,494,1.0,1.0
129,1,5,494,1.0,1.0
130,1,5,494,1.0,1.0
131,1,4,495,1.0,1.0
132,1,4,495,1.0,1.0
133,1,4,495,1.0,1.0
134,1,4,495,1.0,1.0
135,1,4,495,1.0,1.0
136,1,4,495,1.0,1.0
137,1,3,496,1.0,1.0
138,1,3,496,1.0,1.0
139,1,3,496,1.0,1.0
140,1,3,496,1.0,1.0
141,1,3,496,1.0,1.0
142,1,3,496,1.0,1.0
143,1,3,496,1.0,1.0
144,1,3,496,1.0,1.0
145,1,2,497,1.0,1.0
146,1,2,497,1.0,1.0
147,1,2,497,1.0,1.0
148,1,2,497,1.0,1.0
149,1,2,497,1.0,1.0
150,1,2,497,1.0,1.0
151,1,2,497,1.0,1.0
152,1,2,497,1.0,1.0
153,1,2,497,1.0,1.0
154,1,2,497,1.0,1.0
155,1,2,497,1.0,1.0
156,1,2,497,1.0,1.0
157,1,2,497,1.0,1.0
158,1,2,497,1.0,1.0
159,1,2,497,1.0,1.0
160,1,2,497,1.0,1.0
161,1,2,497,1.0,1.0
162,1,2,497,1.0,1.0
163,1,2,497,1.0,1.0
164,1,2,497,1.0,1.0
165,1,2,497,1.0,1.0
166,1,2,497,1.0,1.0
167,1,2,497,1.0,1.0
168,1,2,497,1.0,1.0
169,1,2,497,1.0,1.0
170,1,2,497,1.0,1.0
171,1,2,497,1.0,1.0
172,1,2,497,1.0,1.0
173,1,1,498,1.0,1.0
174,1,1,498,1.0,1.0
175,1,1,498,1.0,1.0
176,1,1,498,1.0,1.0
177,1,1,498,1.0,1.0
178,1,1,498,1.0,1.0
179,1,1,498,1.0,1.0
180,1,1,498,1.0,1.0
181,1,1,498,1.0,1.0
182,1,1,498,1.0,1.0
183,1,1,498,1.0,1.0
184,1,1,498,1.0,1.0
185,1,1,498,1.0,1.0
186,1,1,498,1.0,1.0
187,1,1,498,1.0,1.0
188,1,1,498,1.0,1.0
189,1,1,498,1.0,1.0
190,1,1,498,1.0,1.0
191,1,1,498,1.0,1.0
192,1,1,498,1.0,1.0
193,1,1,498,1.0,1.0
194,1,1,498,1.0,1.0
195,1,1,498,1.0,1.0
196,1,1,498,1.0,1.0
197,1,1,498,1.0,1.0
198,1,0,499,1.0,1.0
199,1,0,499,1.0,1.0
200,1,0,499,1.0,1.0
1,498,2,0,0.9968333333333333,1.0
2,497,3,0,0.994,0.9985393879579797
3,495,4,1,0.993,0.9980171655229345
4,489,10,1,0.9808333333333333,0.9916827163442772
5,483,16,1,0.9721666666666666,0.9870253474442628
6,475,23,2,0.9596666666666667,0.9802274175294349
7,467,30,3,0.9483333333333334,0.9738113420950072
8,454,42,4,0.9375,0.9669787129873373
9,440,55,5,0.925,0.9588147762927164
10,428,66,6,0.9163333333333333,0.9526273718365111
11,410,79,11,0.9073333333333333,0.9450626962271389
12,393,95,12,0.8818333333333334,0.9264117126094905
13,380,98,22,0.8758333333333334,0.919901595437016
14,361,114,25,0.859,0.9038406481640849
15,335,140,25,0.8393333333333334,0.8812357726990456
16,314,153,33,0.831,0.8667426922086525
17,286,172,42,0.8185,0.8428486852152364
18,253,190,57,0.8265,0.8293308908141617
19,225,212,63,0.8215,0.8026112128466212
20,197,230,73,0.8228333333333333,0.7762447761943899
21,171,249,80,0.8275,0.7492075479502156
22,148,257,95,0.8445,0.7384044928060793
23,124,271,105,0.8561666666666666,0.7114038643417592
24,104,285,111,0.8613333333333333,0.6684408792892236
25,92,291,117,0.874,0.6595294909920646
26,79,293,128,0.8866666666666667,0.6434511792708463
27,69,286,145,0.9005,0.641316215423742
28,55,291,154,0.918,0.6294036372864187
29,48,287,165,0.9281666666666667,0.6281388960247213
30,33,289,178,0.946,0.5946132448213297
31,30,278,192,0.9541666666666667,0.6225868032818147
32,22,275,203,0.9641666666666666,0.5964420491692498
33,16,266,218,0.9753333333333334,0.6196545579942053
34,9,264,227,0.9851666666666666,0.5950296652942175
35,7,257,236,0.9891666666666666,0.6167046860552913
36,4,248,248,0.9938333333333333,0.6205799571876958
37,4,240,256,0.9938333333333333,0.6205799571876958
38,3,224,273,0.9966666666666667,0.7233839447155388
39,3,219,278,0.9966666666666667,0.7233839447155388
40,3,211,286,0.9966666666666667,0.7233839447155388
41,2,200,298,0.9985,0.8138069378049811
42,2,192,306,0.9985,0.8138069378049811
43,2,189,309,0.9985,0.8138069378049811
44,2,182,316,0.9986666666666667,0.8346737823640832
45,2,172,326,0.9986666666666667,0.8346737823640832
46,1,168,331,0.999,0.7512064041276749
47,1,161,338,0.9991666666666666,0.792940093245879
48,1,153,346,0.9991666666666666,0.792940093245879
49,1,146,353,0.9993333333333333,0.8346737823640833
50,1,142,357,0.9993333333333333,0.8346737823640833
51,1,132,367,0.9995,0.8764074714822874
52,1,126,373,0.9995,0.8764074714822874
53,1,118,381,0.9995,0.8764074714822874
54,1,113,386,0.9995,0.8764074714822874
55,1,108,391,0.9995,0.8764074714822874
56,1,104,395,0.9996666666666667,0.9181411606004914
57,1,100,399,0.9996666666666667,0.9181411606004914
58,1,96,403,0.9996666666666667,0.9181411606004914
59,1,88,411,0.9996666666666667,0.9181411606004914
60,1,84,415,0.9996666666666667,0.9181411606004914
61,1,78,421,0.9996666666666667,0.9181411606004914
62,1,76,423,0.9996666666666667,0.9181411606004914
63,1,73,426,0.9996666666666667,0.9181411606004914
64,1,72,427,0.9996666666666667,0.9181411606004914
65,0,70,430,1.0,
66,0,68,432,1.0,
67,0,64,436,1.0,
68,0,61,439,1.0,
69,0,60,440,1.0,
70,0,60,440,1.0,
71,0,59,441,1.0,
72,0,57,443,1.0,
73,0,55,445,1.0,
74,0,54,446,1.0,
75,0,52,448,1.0,
76,0,51,449,1.0,
77,0,50,450,1.0,
78,0,50,450,1.0,
79,0,50,450,1.0,
80,0,48,452,1.0,
81,0,47,453,1.0,
82,0,46,454,1.0,
83,0,44,456,1.0,
84,0,43,457,1.0,
85,0,42,458,1.0,
86,0,40,460,1.0,
87,0,40,460,1.0,
88,0,40,460,1.0,
89,0,38,462,1.0,
90,0,36,464,1.0,
91,0,35,465,1.0,
92,0,33,467,1.0,
93,0,32,468,1.0,
94,0,31,469,1.0,
95,0,30,470,1.0,
96,0,30,470,1.0,
97,0,30,470,1.0,
98,0,28,472,1.0,
99,0,27,473,1.0,
100,0,27,473,1.0,
101,0,26,474,1.0,
102,0,26,474,1.0,
103,0,25,475,1.0,
104,0,23,477,1.0,
105,0,20,480,1.0,
106,0,20,480,1.0,
107,0,19,481,1.0,
108,0,19,481,1.0,
109,0,17,483,1.0,
110,0,16,484,1.0,
111,0,16,484,1.0,
112,0,15,485,1.0,
113,0,14,486,1.0,
114,0,14,486,1.0,
115,0,13,487,1.0,
116,0,13,487,1.0,
117,0,13,487,1.0,
118,0,13,487,1.0,
119,0,13,487,1.0,
120,0,13,487,1.0,
121,0,12,488,1.0,
122,0,12,488,1.0,
123,0,12,488,1.0,
124,0,11,489,1.0,
125,0,11,489,1.0,
126,0,11,489,1.0,
127,0,11,489,1.0,
128,0,10,490,1.0,
129,0,9,491,1.0,
130,0,9,491,1.0,
131,0,9,491,1.0,
132,0,9,491,1.0,
133,0,9,491,1.0,
134,0,9,491,1.0,
135,0,9,491,1.0,
136,0,9,491,1.0,
137,0,8,492,1.0,
138,0,8,492,1.0,
139,0,8,492,1.0,
140,0,8,492,1.0,
141,0,7,493,1.0,
142,0,7,493,1.0,
143,0,7,493,1.0,
144,0,7,493,1.0,
145,0,6,494,1.0,
146,0,6,494,1.0,
147,0,6,494,1.0,
148,0,6,494,1.0,
149,0,6,494,1.0,
150,0,5,495,1.0,
151,0,4,496,1.0,
152,0,4,496,1.0,
153,0,4,496,1.0,
154,0,4,496,1.0,
155,0,4,496,1.0,
156,0,4,496,1.0,
157,0,4,496,1.0,
158,0,4,496,1.0,
159,0,4,496,1.0,
160,0,4,496,1.0,
161,0,4,496,1.0,
162,0,4,496,1.0,
163,0,4,496,1.0,
164,0,4,496,1.0,
165,0,4,496,1.0,
166,0,4,496,1.0,
167,0,4,496,1.0,
168,0,4,496,1.0,
169,0,4,496,1.0,
170,0,4,496,1.0,
171,0,3,497,1.0,
172,0,3,497,1.0,
173,0,3,497,1.0,
174,0,3,497,1.0,
175,0,3,497,1.0,
176,0,3,497,1.0,
177,0,3,497,1.0,
178,0,3,497,1.0,
179,0,3,497,1.0,
180,0,2,498,1.0,
181,0,2,498,1.0,
182,0,2,498,1.0,
183,0,2,498,1.0,
184,0,2,498,1.0,
185,0,2,498,1.0,
186,0,2,498,1.0,
187,0,2,498,1.0,
188,0,2,498,1.0,
189,0,2,498,1.0,
190,0,2,498,1.0,
191,0,2,498,1.0,
192,0,2,498,1.0,
193,0,2,498,1.0,
194,0,2,498,1.0,
195,0,2,498,1.0,
196,0,2,498,1.0,
197,0,2,498,1.0,
198,0,2,498,1.0,
199,0,2,498,1.0,
200,0,2,498,1.0,
1,498,2,0,0.9975,1.0
2,498,2,0,0.9975,1.0
3,498,2,0,0.9975,1.0
4,496,3,1,0.9973333333333333,0.9999072054077943
5,492,5,3,0.9931666666666666,0.9977520201351324
6,489,7,4,0.9883333333333333,0.9952570416677907
7,485,11,4,0.9806666666666667,0.9912117373296647
8,483,13,4,0.9775,0.989474692847487
9,474,22,4,0.9636666666666667,0.9821278332341106
10,468,25,7,0.9616666666666667,0.9808270835010614
11,457,33,10,0.9516666666666667,0.9749130182189006
12,445,41,14,0.937,0.9661260321807755
13,439,44,17,0.9318333333333333,0.9627032222902576
14,426,56,18,0.9125,0.9502537167429245
15,414,65,21,0.9113333333333333,0.9479620445840935
16,403,73,24,0.902,0.9408837729165649
17,381,95,24,0.886,0.9268736527984028
18,345,125,30,0.859,0.8989716175870923
19,316,145,39,0.8491666666666666,0.8815186278843327
20,281,177,42,0.821,0.8412065680221321
21,260,186,54,0.8185,0.8256212464116724
22,230,207,63,0.7918333333333333,0.773668210412693
23,204,223,73,0.7965,0.7503175482030944
24,183,230,87,0.809,0.7390626744170415
25,153,253,94,0.815,0.6982070473647999
26,135,261,104,0.8266666666666667,0.6789304629092316
27,116,263,121,0.8461666666666666,0.6682245757659027
28,93,278,129,0.8726666666666667,0.6560154249968168
29,83,278,139,0.884,0.6492645015787011
30,69,277,154,0.9035,0.6486534070450153
31,59,277,164,0.917,0.6460909041579393
32,53,280,167,0.9253333333333333,0.645720891085013
33,39,284,177,0.9391666666666667,0.6075886451842076
34,33,279,188,0.9475,0.5999104238757773
35,29,270,201,0.9536666666666667,0.5988001801677141
36,25,264,211,0.9595,0.5926406520490358
37,22,262,216,0.964,0.5904302904265236
38,20,250,230,0.9683333333333334,0.6025888486436529
39,16,242,242,0.9748333333333333,0.6050352062394407
40,15,233,252,0.9771666666666666,0.6185452108895568
41,13,225,262,0.9803333333333333,0.6184942079783482
42,12,216,272,0.982,0.619682834327344
43,8,210,282,0.9883333333333333,0.6295583213312016
44,8,201,291,0.9886666666666667,0.6399879757434098
45,7,193,300,0.9898333333333333,0.6306399867887942
46,6,187,307,0.9915,0.6386813341906422
47,6,180,314,0.9916666666666667,0.6462665373995209
48,4,178,318,0.994,0.6299511264973756
49,4,169,327,0.994,0.6299511264973756
50,3,160,337,0.9961666666666666,0.6814040882642696
51,2,157,341,0.9976666666666667,0.7092165000301579
52,1,150,349,0.9988333333333334,0.709216500030158
53,1,145,354,0.9988333333333334,0.709216500030158
54,1,143,356,0.9988333333333334,0.709216500030158
55,1,138,361,0.9988333333333334,0.709216500030158
56,1,131,368,0.9988333333333334,0.709216500030158
57,0,128,372,1.0,
58,0,120,380,1.0,
59,0,115,385,1.0,
60,0,109,391,1.0,
61,0,107,393,1.0,
62,0,105,395,1.0,
63,0,103,397,1.0,
64,0,98,402,1.0,
65,0,92,408,1.0,
66,0,91,409,1.0,
67,0,89,411,1.0,
68,0,87,413,1.0,
69,0,84,416,1.0,
70,0,82,418,1.0,
71,0,79,421,1.0,
72,0,75,425,1.0,
73,0,70,430,1.0,
74,0,69,431,1.0,
75,0,61,439,1.0,
76,0,60,440,1.0,
77,0,59,441,1.0,
78,0,56,444,1.0,
79,0,56,444,1.0,
80,0,52,448,1.0,
81,0,48,452,1.0,
82,0,47,453,1.0,
83,0,46,454,1.0,
84,0,44,456,1.0,
85,0,42,458,1.0,
86,0,41,459,1.0,
87,0,39,461,1.0,
88,0,36,464,1.0,
89,0,33,467,1.0,
90,0,32,468,1.0,
91,0,28,472,1.0,
92,0,27,473,1.0,
93,0,26,474,1.0,
94,0,25,475,1.0,
95,0,24,476,1.0,
96,0,24,476,1.0,
97,0,23,477,1.0,
98,0,21,479,1.0,
99,0,21,479,1.0,
100,0,20,480,1.0,
101,0,20,480,1.0,
102,0,19,481,1.0,
103,0,17,483,1.0,
104,0,16,484,1.0,
105,0,15,485,1.0,
106,0,14,486,1.0,
107,0,13,487,1.0,
108,0,13,487,1.0,
109,0,12,488,1.0,
110,0,12,488,1.0,
111,0,12,488,1.0,
112,0,12,488,1.0,
113,0,12,488,1.0,
114,0,12,488,1.0,
115,0,12,488,1.0,
116,0,12,488,1.0,
117,0,11,489,1.0,
118,0,11,489,1.0,
119,0,10,490,1.0,
120,0,10,490,1.0,
121,0,9,491,1.0,
122,0,9,491,1.0,
123,0,8,492,1.0,
124,0,7,493,1.0,
125,0,7,493,1.0,
126,0,7,493,1.0,
127,0,6,494,1.0,
128,0,6,494,1.0,
129,0,6,494,1.0,
130,0,6,494,1.0,
131,0,6,494,1.0,
132,0,6,494,1.0,
133,0,4,496,1.0,
134,0,4,496,1.0,
135,0,3,497,1.0,
136,0,3,497,1.0,
137,0,3,497,1.0,
138,0,3,497,1.0,
139,0,3,497,1.0,
140,0,3,497,1.0,
141,0,3,497,1.0,
142,0,3,497,1.0,
143,0,3,497,1.0,
144,0,2,498,1.0,
145,0,2,498,1.0,
146,0,2,498,1.0,
147,0,2,498,1.0,
148,0,2,498,1.0,
149,0,2,498,1.0,
150,0,2,498,1.0,
151,0,2,498,1.0,
152,0,1,499,1.0,
153,0,1,499,1.0,
154,0,1,499,1.0,
155,0,1,499,1.0,
156,0,1,499,1.0,
157,0,1,499,1.0,
158,0,1,499,1.0,
159,0,1,499,1.0,
160,0,1,499,1.0,
161,0,1,499,1.0,
162,0,1,499,1.0,
163,0,1,499,1.0,
164,0,1,499,1.0,
165,0,1,499,1.0,
166,0,1,499,1.0,
167,0,0,500,1.0,
168,0,0,500,1.0,
169,0,0,500,1.0,
170,0,0,500,1.0,
171,0,0,500,1.0,
172,0,0,500,1.0,
173,0,0,500,1.0,
174,0,0,500,1.0,
175,0,0,500,1.0,
176,0,0,500,1.0,
177,0,0,500,1.0,
178,0,0,500,1.0,
179,0,0,500,1.0,
180,0,0,500,1.0,
181,0,0,500,1.0,
182,0,0,500,1.0,
183,0,0,500,1.0,
184,0,0,500,1.0,
185,0,0,500,1.0,
186,0,0,500,1.0,
187,0,0,500,1.0,
188,0,0,500,1.0,
189,0,0,500,1.0,
190,0,0,500,1.0,
191,0,0,500,1.0,
192,0,0,500,1.0,
193,0,0,500,1.0,
194,0,0,500,1.0,
195,0,0,500,1.0,
196,0,0,500,1.0,
197,0,0,500,1.0,
198,0,0,500,1.0,
199,0,0,500,1.0,
200,0,0,500,1.0,
1,498,2,0,0.9976666666666667,1.0
2,497,3,0,0.9948333333333333,0.9985904024637673
3,493,7,0,0.9886666666666667,0.9954088641020759
4,489,10,1,0.9836666666666667,0.992835961920393
5,487,12,1,0.9793333333333333,0.9905912882437699
6,482,16,2,0.9718333333333333,0.9866235360526522
7,477,21,2,0.9658333333333333,0.9833699952427147
8,469,26,5,0.9585,0.9790872243535088
9,455,37,8,0.938,0.9671051501543436
10,443,48,9,0.9248333333333333,0.9588277630727535
11,427,62,11,0.9023333333333333,0.9440797576378784
12,409,74,17,0.8888333333333334,0.9332934844496681
13,394,86,20,0.8885,0.9304063984368103
14,379,97,24,0.8836666666666667,0.9243385063975823
15,362,109,29,0.867,0.9089507871683711
16,341,128,31,0.843,0.885449790524858
17,309,155,36,0.8241666666666667,0.8584144820962659
18,277,180,43,0.8088333333333333,0.8277071934311805
19,240,210,50,0.806,0.7979248285983297
20,212,224,64,0.8188333333333333,0.7859763840447915
21,193,237,70,0.8195,0.7652762408934165
22,169,250,81,0.8458333333333333,0.7709835096661353
23,152,257,91,0.8611666666666666,0.7703930335625556
24,139,257,104,0.8735,0.770178150258476
25,128,258,114,0.8805,0.7641132716950626
26,115,263,122,0.892,0.7625578915809426
27,97,270,133,0.8995,0.738339572015306
28,90,270,140,0.8981666666666667,0.7144661526266792
29,78,267,155,0.9138333333333334,0.7232958237494476
30,70,257,173,0.9243333333333333,0.7297344982812095
31,58,258,184,0.9321666666666667,0.7079541370267697
32,49,254,197,0.9463333333333334,0.7265895714182028
33,42,252,206,0.9516666666666667,0.7131762627539793
34,36,246,218,0.959,0.7161856788025034
35,28,247,225,0.9616666666666667,0.6589827242405412
36,25,237,238,0.9663333333333334,0.6637756731074359
37,21,232,247,0.9721666666666666,0.6694067446944765
38,15,229,256,0.9788333333333333,0.6463334108227046
39,9,225,266,0.9876666666666667,0.6535323583119733
40,8,216,276,0.9895,0.6699311235471372
41,7,206,287,0.9911666666666666,0.6824650053364891
42,7,194,299,0.9918333333333333,0.7065611501718321
43,5,190,305,0.9945,0.7225734270624148
44,4,185,311,0.995,0.685574185315243
45,3,179,318,0.996,0.6674373021058451
46,1,175,324,0.9985,0.6257224707242297
47,1,166,333,0.9985,0.6257224707242297
48,1,160,339,0.9985,0.6257224707242297
49,1,154,345,0.9985,0.6257224707242297
50,0,151,349,1.0,
51,0,143,357,1.0,
52,0,135,365,1.0,
53,0,130,370,1.0,
54,0,126,374,1.0,
55,0,121,379,1.0,
56,0,118,382,1.0,
57,0,114,386,1.0,
58,0,111,389,1.0,
59,0,103,397,1.0,
60,0,99,401,1.0,
61,0,94,406,1.0,
62,0,88,412,1.0,
63,0,86,414,1.0,
64,0,81,419,1.0,
65,0,75,425,1.0,
66,0,73,427,1.0,
67,0,66,434,1.0,
68,0,65,435,1.0,
69,0,63,437,1.0,
70,0,60,440,1.0,
71,0,57,443,1.0,
72,0,57,443,1.0,
73,0,54,446,1.0,
74,0,52,448,1.0,
75,0,50,450,1.0,
76,0,50,450,1.0,
77,0,45,455,1.0,
78,0,44,456,1.0,
79,0,44,456,1.0,
80,0,41,459,1.0,
81,0,37,463,1.0,
82,0,37,463,1.0,
83,0,36,464,1.0,
84,0,33,467,1.0,
85,0,32,468,1.0,
86,0,30,470,1.0,
87,0,30,470,1.0,
88,0,30,470,1.0,
89,0,28,472,1.0,
90,0,27,473,1.0,
91,0,25,475,1.0,
92,0,22,478,1.0,
93,0,21,479,1.0,
94,0,21,479,1.0,
95,0,21,479,1.0,
96,0,19,481,1.0,
97,0,18,482,1.0,
98,0,18,482,1.0,
99,0,18,482,1.0,
100,0,16,484,1.0,
101,0,16,484,1.0,
102,0,15,485,1.0,
103,0,14,486,1.0,
104,0,12,488,1.0,
105,0,12,488,1.0,
106,0,12,488,1.0,
107,0,12,488,1.0,
108,0,12,488,1.0,
109,0,11,489,1.0,
110,0,11,489,1.0,
111,0,10,490,1.0,
112,0,9,491,1.0,
113,0,9,491,1.0,
114,0,8,492,1.0,
115,0,8,492,1.0,
116,0,7,493,1.0,
117,0,7,493,1.0,
118,0,7,493,1.0,
119,0,7,493,1.0,
120,0,7,493,1.0,
121,0,7,493,1.0,
122,0,7,493,1.0,
123,0,7,493,1.0,
124,0,7,493,1.0,
125,0,6,494,1.0,
126,0,6,494,1.0,
127,0,6,494,1.0,
128,0,6,494,1.0,
129,0,6,494,1.0,
130,0,6,494,1.0,
131,0,6,494,1.0,
132,0,6,494,1.0,
133,0,6,494,1.0,
134,0,6,494,1.0,
135,0,6,494,1.0,
136,0,6,494,1.0,
137,0,6,494,1.0,
138,0,5,495,1.0,
139,0,5,495,1.0,
140,0,5,495,1.0,
141,0,4,496,1.0,
142,0,4,496,1.0,
143,0,3,497,1.0,
144,0,3,497,1.0,
145,0,3,497,1.0,
146,0,3,497,1.0,
147,0,3,497,1.0,
148,0,3,497,1.0,
149,0,3,497,1.0,
150,0,2,498,1.0,
151,0,2,498,1.0,
152,0,2,498,1.0,
153,0,2,498,1.0,
154,0,2,498,1.0,
155,0,2,498,1.0,
156,0,2,498,1.0,
157,0,2,498,1.0,
158,0,2,498,1.0,
159,0,2,498,1.0,
160,0,2,498,1.0,
161,0,2,498,1.0,
162,0,2,498,1.0,
163,0,2,498,1.0,
164,0,1,499,1.0,
165,0,1,499,1.0,
166,0,1,499,1.0,
167,0,1,499,1.0,
168,0,1,499,1.0,
169,0,1,499,1.0,
170,0,1,499,1.0,
171,0,1,499,1.0,
172,0,1,499,1.0,
173,0,1,499,1.0,
174,0,1,499,1.0,
175,0,1,499,1.0,
176,0,1,499,1.0,
177,0,1,499,1.0,
178,0,1,499,1.0,
179,0,1,499,1.0,
180,0,1,499,1.0,
181,0,1,499,1.0,
182,0,1,499,1.0,
183,0,1,499,1.0,
184,0,1,499,1.0,
185,0,1,499,1.0,
186,0,1,499,1.0,
187,0,0,500,1.0,
188,0,0,500,1.0,
189,0,0,500,1.0,
190,0,0,500,1.0,
191,0,0,500,1.0,
192,0,0,500,1.0,
193,0,0,500,1.0,
194,0,0,500,1.0,
195,0,0,500,1.0,
196,0,0,500,1.0,
197,0,0,500,1.0,
198,0,0,500,1.0,
199,0,0,500,1.0,
200,0,0,500,1.0,
1,495,3,2,0.9953333333333333,0.9998357083765355
2,494,3,3,0.9956666666666667,1.0
3,493,4,3,0.994,0.9991479473756041
4,492,5,3,0.9925,0.9983770098599813
5,492,5,3,0.9925,0.9983770098599813
6,489,8,3,0.9866666666666667,0.9953909328122205
7,488,9,3,0.9846666666666667,0.9943458456331494
8,487,10,3,0.9828333333333333,0.9933853027612768
9,482,15,3,0.9728333333333333,0.9880901299435382
10,473,24,3,0.958,0.9799465916278386
11,467,30,3,0.9468333333333333,0.9736922368202119
12,458,38,4,0.9336666666666666,0.9659340335421184
13,448,45,7,0.9261666666666667,0.9608458213678469
14,430,61,9,0.908,0.9485090884328349
15,415,76,9,0.8988333333333334,0.9407471181165916
16,398,88,14,0.8868333333333334,0.9304613472870226
17,382,101,17,0.8808333333333334,0.9234869163842983
18,361,118,21,0.867,0.9092671473843491
19,342,133,25,0.8516666666666667,0.8927583863552505
20,317,150,33,0.8378333333333333,0.8734511269614909
21,290,168,42,0.8166666666666667,0.8431782758742666
22,266,181,53,0.8125,0.8248977640392434
23,247,190,63,0.8093333333333333,0.8079607716888799
24,221,209,70,0.8045,0.7801516230453385
25,202,214,84,0.8066666666666666,0.7620869408120203
26,179,228,93,0.8091666666666667,0.7345510332814528
27,158,243,99,0.8015,0.6866912330595768
28,138,253,109,0.8188333333333333,0.6725348727740621
29,106,273,121,0.8453333333333334,0.6351131224279003
30,90,274,136,0.8655,0.6260155035478412
31,74,280,146,0.8806666666666667,0.5955993565336122
32,65,279,156,0.8946666666666667,0.5928699641511735
33,51,282,167,0.9116666666666666,0.5680227182480351
34,44,278,178,0.922,0.5580270858437394
35,36,277,187,0.9358333333333333,0.5547957054605844
36,27,267,206,0.9521666666666667,0.5566063560580703
37,26,254,220,0.9561666666666667,0.5781651243433831
38,21,249,230,0.9655,0.5895120700633312
39,19,238,243,0.9706666666666667,0.6134352950446702
40,15,229,256,0.9776666666666667,0.6291100509455734
41,13,222,265,0.9813333333333333,0.6408384115236452
42,11,213,276,0.9856666666666667,0.6761624410766788
43,11,201,288,0.986,0.683754801790605
44,8,202,290,0.9893333333333333,0.6668931589528941
45,7,196,297,0.9906666666666667,0.6669761561880276
46,6,189,305,0.992,0.6667842250817813
47,6,179,315,0.9921666666666666,0.6740464831559716
48,6,178,316,0.9921666666666666,0.6740464831559716
49,5,168,327,0.9941666666666666,0.7090287802993461
50,2,164,334,0.9983333333333333,0.7843238720125512
51,2,156,342,0.9986666666666667,0.8278974204576929
52,1,155,344,0.9993333333333333,0.8278974204576929
53,0,152,348,1.0,
54,0,145,355,1.0,
55,0,143,357,1.0,
56,0,136,364,1.0,
57,0,132,368,1.0,
58,0,127,373,1.0,
59,0,125,375,1.0,
60,0,120,380,1.0,
61,0,118,382,1.0,
62,0,116,384,1.0,
63,0,112,388,1.0,
64,0,109,391,1.0,
65,0,101,399,1.0,
66,0,94,406,1.0,
67,0,91,409,1.0,
68,0,84,416,1.0,
69,0,82,418,1.0,
70,0,79,421,1.0,
71,0,77,423,1.0,
72,0,72,428,1.0,
73,0,72,428,1.0,
74,0,71,429,1.0,
75,0,69,431,1.0,
76,0,67,433,1.0,
77,0,64,436,1.0,
78,0,62,438,1.0,
79,0,62,438,1.0,
80,0,60,440,1.0,
81,0,58,442,1.0,
82,0,51,449,1.0,
83,0,47,453,1.0,
84,0,46,454,1.0,
85,0,44,456,1.0,
86,0,40,460,1.0,
87,0,39,461,1.0,
88,0,38,462,1.0,
89,0,37,463,1.0,
90,0,35,465,1.0,
91,0,33,467,1.0,
92,0,31,469,1.0,
93,0,28,472,1.0,
94,0,26,474,1.0,
95,0,24,476,1.0,
96,0,23,477,1.0,
97,0,21,479,1.0,
98,0,21,479,1.0,
99,0,19,481,1.0,
100,0,19,481,1.0,
101,0,17,483,1.0,
102,0,13,487,1.0,
103,0,13,487,1.0,
104,0,13,487,1.0,
105,0,12,488,1.0,
106,0,12,488,1.0,
107,0,10,490,1.0,
108,0,10,490,1.0,
109,0,10,490,1.0,
110,0,10,490,1.0,
111,0,9,491,1.0,
112,0,9,491,1.0,
113,0,9,491,1.0,
114,0,8,492,1.0,
115,0,7,493,1.0,
116,0,7,493,1.0,
117,0,7,493,1.0,
118,0,7,493,1.0,
119,0,7,493,1.0,
120,0,7,493,1.0,
121,0,7,493,1.0,
122,0,7,493,1.0,
123,0,7,493,1.0,
124,0,7,493,1.0,
125,0,6,494,1.0,
126,0,6,494,1.0,
127,0,6,494,1.0,
128,0,5,495,1.0,
129,0,5,495,1.0,
130,0,5,495,1.0,
131,0,4,496,1.0,
132,0,4,496,1.0,
133,0,3,497,1.0,
134,0,3,497,1.0,
135,0,3,497,1.0,
136,0,3,497,1.0,
137,0,3,497,1.0,
138,0,3,497,1.0,
139,0,3,497,1.0,
140,0,3,497,1.0,
141,0,3,497,1.0,
142,0,2,498,1.0,
143,0,2,498,1.0,
144,0,2,498,1.0,
145,0,2,498,1.0,
146,0,2,498,1.0,
147,0,2,498,1.0,
148,0,2,498,1.0,
149,0,2,498,1.0,
150,0,2,498,1.0,
151,0,2,498,1.0,
152,0,2,498,1.0,
153,0,2,498,1.0,
154,0,2,498,1.0,
155,0,2,498,1.0,
156,0,2,498,1.0,
157,0,2,498,1.0,
158,0,2,498,1.0,
159,0,2,498,1.0,
160,0,2,498,1.0,
161,0,2,498,1.0,
162,0,2,498,1.0,
163,0,2,498,1.0,
164,0,2,498,1.0,
165,0,1,499,1.0,
166,0,1,499,1.0,
167,0,1,499,1.0,
168,0,1,499,1.0,
169,0,1,499,1.0,
170,0,1,499,1.0,
171,0,1,499,1.0,
172,0,1,499,1.0,
173,0,1,499,1.0,
174,0,1,499,1.0,
175,0,1,499,1.0,
176,0,1,499,1.0,
177,0,1,499,1.0,
178,0,1,499,1.0,
179,0,1,499,1.0,
180,0,1,499,1.0,
181,0,1,499,1.0,
182,0,1,499,1.0,
183,0,1,499,1.0,
184,0,0,500,1.0,
185,0,0,500,1.0,
186,0,0,500,1.0,
187,0,0,500,1.0,
188,0,0,500,1.0,
189,0,0,500,1.0,
190,0,0,500,1.0,
191,0,0,500,1.0,
192,0,0,500,1.0,
193,0,0,500,1.0,
194,0,0,500,1.0,
195,0,0,500,1.0,
196,0,0,500,1.0,
197,0,0,500,1.0,
198,0,0,500,1.0,
199,0,0,500,1.0,
200,0,0,500,1.0,
1,495,4,1,0.9965,1.0
2,494,4,2,0.9965,0.9999963593361326
3,489,8,3,0.9866666666666667,0.9948842596463938
4,488,9,3,0.9851666666666666,0.9940891096089242
5,486,11,3,0.9823333333333333,0.992600423306411
6,483,14,3,0.9775,0.9900075468851438
7,478,17,5,0.9738333333333333,0.9879710853980864
8,475,18,7,0.973,0.9874499062693766
9,468,24,8,0.9678333333333333,0.9844020472535285
10,460,31,9,0.9596666666666667,0.9795960207035407
11,450,38,12,0.9546666666666667,0.9763299539676468
12,444,41,15,0.9533333333333334,0.9752553479721017
13,427,56,17,0.9368333333333333,0.9647244585076266
14,414,67,19,0.929,0.9589215073261301
15,395,81,24,0.9101666666666667,0.9449607141043843
16,379,95,26,0.8941666666666667,0.9320877805363781
17,361,111,28,0.8698333333333333,0.911788681815742
18,334,134,32,0.8298333333333333,0.8745052603784416
19,305,158,37,0.8048333333333333,0.8421618484699428
20,276,178,46,0.7963333333333333,0.8179846656679637
21,245,196,59,0.8086666666666666,0.8073063567750791
22,228,202,70,0.8213333333333334,0.806399106724052
23,207,210,83,0.8281666666666667,0.7946306942130696
24,187,220,93,0.8385,0.7864004986848296
25,169,228,103,0.8501666666666666,0.7799099995207814
26,151,236,113,0.8543333333333333,0.7602194912179506
27,126,246,128,0.861,0.7256201880363002
28,108,254,138,0.8708333333333333,0.7019938785309959
29,91,265,144,0.8808333333333334,0.6715415762770828
30,78,270,152,0.8891666666666667,0.6432680838705794
31,67,268,165,0.9003333333333333,0.6264883611314989
32,55,266,179,0.9176666666666666,0.6257353235215248
33,38,264,198,0.9403333333333334,0.6069740297237091
34,30,257,213,0.9506666666666667,0.5892429219826113
35,27,245,228,0.9563333333333334,0.5946003378675129
36,24,236,240,0.9635,0.6180603360792831
37,19,232,249,0.971,0.6168657030182977
38,17,230,253,0.9748333333333333,0.630169137602704
39,13,225,262,0.9823333333333333,0.6596457736043014
40,9,221,270,0.9883333333333333,0.6751653980184626
41,7,215,278,0.9903333333333333,0.6549542806057055
42,7,205,288,0.9906666666666667,0.667139717700341
43,6,199,295,0.9921666666666666,0.6755122364643713
44,4,193,303,0.9951666666666666,0.700206327212039
45,4,187,309,0.9953333333333333,0.7106417281281896
46,3,183,314,0.9971666666666666,0.7616330291845569
47,3,174,323,0.9975,0.7894607649609584
48,3,168,329,0.9975,0.7894607649609584
49,2,158,340,0.998,0.7459043089631124
50,2,154,344,0.998,0.7459043089631124
51,2,149,349,0.998,0.7459043089631124
52,2,145,353,0.998,0.7459043089631124
53,2,140,358,0.998,0.7459043089631124
54,2,132,366,0.9981666666666666,0.7676825369620354
55,2,128,370,0.9981666666666666,0.7676825369620354
56,2,127,371,0.9981666666666666,0.7676825369620354
57,2,116,382,0.9981666666666666,0.7676825369620354
58,2,110,388,0.9981666666666666,0.7676825369620354
59,2,103,395,0.9981666666666666,0.7676825369620354
60,2,96,402,0.9983333333333333,0.7894607649609585
61,2,93,405,0.9985,0.8103315667932596
62,2,91,407,0.9985,0.8103315667932596
63,2,90,408,0.9985,0.8103315667932596
64,2,86,412,0.9988333333333334,0.8529805966244838
65,1,84,415,0.9993333333333333,0.834832073292048
66,1,81,418,0.9995,0.8765736769566503
67,1,77,422,0.9995,0.8765736769566503
68,1,75,424,0.9995,0.8765736769566503
69,1,71,428,0.9995,0.8765736769566503
70,1,69,430,0.9995,0.8765736769566503
71,1,69,430,0.9995,0.8765736769566503
72,1,67,432,0.9995,0.8765736769566503
73,1,65,434,0.9995,0.8765736769566503
74,1,64,435,0.9995,0.8765736769566503
75,1,63,436,0.9995,0.8765736769566503
76,1,63,436,0.9995,0.8765736769566503
77,1,62,437,0.9995,0.8765736769566503
78,1,60,439,0.9995,0.8765736769566503
79,1,59,440,0.9995,0.8765736769566503
80,1,58,441,0.9995,0.8765736769566503
81,1,56,443,0.9996666666666667,0.9183152806212528
82,1,53,446,0.9996666666666667,0.9183152806212528
83,1,52,447,0.9996666666666667,0.9183152806212528
84,1,49,450,0.9996666666666667,0.9183152806212528
85,1,48,451,0.9996666666666667,0.9183152806212528
86,1,47,452,0.9996666666666667,0.9183152806212528
87,1,47,452,0.9996666666666667,0.9183152806212528
88,1,45,454,0.9996666666666667,0.9183152806212528
89,0,45,455,1.0,
90,0,44,456,1.0,
91,0,43,457,1.0,
92,0,42,458,1.0,
93,0,42,458,1.0,
94,0,37,463,1.0,
95,0,35,465,1.0,
96,0,34,466,1.0,
97,0,32,468,1.0,
98,0,31,469,1.0,
99,0,29,471,1.0,
100,0,29,471,1.0,
101,0,29,471,1.0,
102,0,28,472,1.0,
103,0,25,475,1.0,
104,0,25,475,1.0,
105,0,25,475,1.0,
106,0,24,476,1.0,
107,0,24,476,1.0,
108,0,24,476,1.0,
109,0,23,477,1.0,
110,0,22,478,1.0,
111,0,21,479,1.0,
112,0,20,480,1.0,
113,0,19,481,1.0,
114,0,19,481,1.0,
115,0,18,482,1.0,
116,0,16,484,1.0,
117,0,15,485,1.0,
118,0,15,485,1.0,
119,0,15,485,1.0,
120,0,14,486,1.0,
121,0,13,487,1.0,
122,0,13,487,1.0,
123,0,13,487,1.0,
124,0,13,487,1.0,
125,0,13,487,1.0,
126,0,13,487,1.0,
127,0,13,487,1.0,
128,0,12,488,1.0,
129,0,12,488,1.0,
130,0,11,489,1.0,
131,0,11,489,1.0,
132,0,11,489,1.0,
133,0,11,489,1.0,
134,0,11,489,1.0,
135,0,11,489,1.0,
136,0,11,489,1.0,
137,0,10,490,1.0,
138,0,9,491,1.0,
139,0,9,491,1.0,
140,0,9,491,1.0,
141,0,9,491,1.0,
142,0,8,492,1.0,
143,0,8,492,1.0,
144,0,8,492,1.0,
145,0,8,492,1.0,
146,0,8,492,1.0,
147,0,7,493,1.0,
148,0,7,493,1.0,
149,0,7,493,1.0,
150,0,7,493,1.0,
151,0,6,494,1.0,
152,0,5,495,1.0,
153,0,4,496,1.0,
154,0,4,496,1.0,
155,0,4,496,1.0,
156,0,4,496,1.0,
157,0,3,497,1.0,
158,0,3,497,1.0,
159,0,2,498,1.0,
160,0,2,498,1.0,
161,0,2,498,1.0,
162,0,1,499,1.0,
163,0,1,499,1.0,
164,0,1,499,1.0,
165,0,1,499,1.0,
166,0,1,499,1.0,
167,0,1,499,1.0,
168,0,1,499,1.0,
169,0,1,499,1.0,
170,0,1,499,1.0,
171,0,1,499,1.0,
172,0,1,499,1.0,
173,0,1,499,1.0,
174,0,1,499,1.0,
175,0,1,499,1.0,
176,0,1,499,1.0,
177,0,1,499,1.0,
178,0,1,499,1.0,
179,0,1,499,1.0,
180,0,1,499,1.0,
181,0,1,499,1.0,
182,0,1,499,1.0,
183,0,1,499,1.0,
184,0,1,499,1.0,
185,0,1,499,1.0,
186,0,1,499,1.0,
187,0,1,499,1.0,
188,0,1,499,1.0,
189,0,1,499,1.0,
190,0,1,499,1.0,
191,0,1,499,1.0,
192,0,1,499,1.0,
193,0,1,499,1.0,
194,0,1,499,1.0,
195,0,1,499,1.0,
196,0,1,499,1.0,
197,0,1,499,1.0,
198,0,1,499,1.0,
199,0,1,499,1.0,
200,0,1,499,1.0,
1,497,2,1,0.9965,1.0
2,497,2,1,0.9965,1.0
3,497,2,1,0.9965,1.0
4,496,3,1,0.9946666666666667,0.9990775452388044
5,496,3,1,0.9946666666666667,0.9990775452388044
6,495,4,1,0.9933333333333333,0.9984037763059559
7,492,7,1,0.9878333333333333,0.9955798085300268
8,489,10,1,0.982,0.9925672864851421
9,485,14,1,0.9751666666666666,0.9890136301942836
10,477,21,2,0.9648333333333333,0.9833888032953998
11,474,24,2,0.9615,0.981449561035902
12,466,32,2,0.9511666666666667,0.9755247138020869
13,452,45,3,0.9378333333333333,0.9673846982318887
14,443,52,5,0.936,0.9656222596807706
15,428,65,7,0.9173333333333333,0.9534363743250611
16,414,75,11,0.9103333333333333,0.9476853183498372
17,393,95,12,0.9026666666666666,0.9397500467895317
18,378,105,17,0.8891666666666667,0.9283844960315089
19,355,123,22,0.8666666666666667,0.907669773958566
20,332,138,30,0.8426666666666667,0.882740668190893
21,305,160,35,0.82,0.8533586307627639
22,278,182,40,0.8021666666666667,0.8230055339315625
23,248,207,45,0.7968333333333333,0.7966557776543388
24,229,216,55,0.8035,0.7867911652666819
25,199,236,65,0.7925,0.7405607108720704
26,169,252,79,0.8023333333333333,0.7086581461013051
27,146,265,89,0.8196666666666667,0.6924678139788869
28,120,279,101,0.845,0.6784028696577938
29,103,283,114,0.863,0.6690642730755364
30,79,297,124,0.8755,0.6065339496640799
31,69,299,132,0.8898333333333334,0.601199103062296
32,57,297,146,0.9076666666666666,0.5950757714188242
33,46,299,155,0.9251666666666667,0.5917133230905787
34,38,295,167,0.9371666666666667,0.5858496061858821
35,25,297,178,0.9558333333333333,0.5592722393414329
36,17,295,188,0.9691666666666666,0.5476639335797537
37,16,279,205,0.972,0.5623888643072283
38,13,270,217,0.978,0.5765921671951756
39,10,262,228,0.9843333333333333,0.6082480196278055
40,8,252,240,0.9883333333333333,0.6355844791212399
41,7,246,247,0.9896666666666667,0.6339919738509192
42,6,238,256,0.9913333333333333,0.6425679812175664
43,5,232,263,0.9928333333333333,0.6455296592150446
44,5,225,270,0.9928333333333333,0.6455296592150446
45,3,213,284,0.9961666666666666,0.6850816106421508
46,2,198,300,0.9975,0.6886990196341686
47,2,194,304,0.9975,0.6886990196341686
48,0,195,305,1.0,
49,0,186,314,1.0,
50,0,183,317,1.0,
51,0,177,323,1.0,
52,0,172,328,1.0,
53,0,168,332,1.0,
54,0,154,346,1.0,
55,0,147,353,1.0,
56,0,142,358,1.0,
57,0,134,366,1.0,
58,0,129,371,1.0,
59,0,124,376,1.0,
60,0,117,383,1.0,
61,0,112,388,1.0,
62,0,111,389,1.0,
63,0,108,392,1.0,
64,0,106,394,1.0,
65,0,101,399,1.0,
66,0,98,402,1.0,
67,0,96,404,1.0,
68,0,92,408,1.0,
69,0,87,413,1.0,
70,0,79,421,1.0,
71,0,77,423,1.0,
72,0,75,425,1.0,
73,0,74,426,1.0,
74,0,72,428,1.0,
75,0,69,431,1.0,
76,0,64,436,1.0,
77,0,62,438,1.0,
78,0,61,439,1.0,
79,0,61,439,1.0,
80,0,58,442,1.0,
81,0,55,445,1.0,
82,0,52,448,1.0,
83,0,51,449,1.0,
84,0,48,452,1.0,
85,0,46,454,1.0,
86,0,44,456,1.0,
87,0,43,457,1.0,
88,0,43,457,1.0,
89,0,41,459,1.0,
90,0,39,461,1.0,
91,0,37,463,1.0,
92,0,33,467,1.0,
93,0,33,467,1.0,
94,0,32,468,1.0,
95,0,31,469,1.0,
96,0,31,469,1.0,
97,0,30,470,1.0,
98,0,29,471,1.0,
99,0,29,471,1.0,
100,0,26,474,1.0,
101,0,26,474,1.0,
102,0,26,474,1.0,
103,0,24,476,1.0,
104,0,22,478,1.0,
105,0,22,478,1.0,
106,0,19,481,1.0,
107,0,17,483,1.0,
108,0,17,483,1.0,
109,0,17,483,1.0,
110,0,17,483,1.0,
111,0,17,483,1.0,
112,0,17,483,1.0,
113,0,16,484,1.0,
114,0,15,485,1.0,
115,0,15,485,1.0,
116,0,15,485,1.0,
117,0,14,486,1.0,
118,0,14,486,1.0,
119,0,13,487,1.0,
120,0,13,487,1.0,
121,0,13,487,1.0,
122,0,11,489,1.0,
123,0,9,491,1.0,
124,0,9,491,1.0,
125,0,9,491,1.0,
126,0,9,491,1.0,
127,0,8,492,1.0,
128,0,7,493,1.0,
129,0,7,493,1.0,
130,0,7,493,1.0,
131,0,7,493,1.0,
132,0,6,494,1.0,
133,0,6,494,1.0,
134,0,6,494,1.0,
135,0,5,495,1.0,
136,0,5,495,1.0,
137,0,5,495,1.0,
138,0,4,496,1.0,
139,0,4,496,1.0,
140,0,4,496,1.0,
141,0,4,496,1.0,
142,0,4,496,1.0,
143,0,4,496,1.0,
144,0,4,496,1.0,
145,0,3,497,1.0,
146,0,3,497,1.0,
147,0,3,497,1.0,
148,0,3,497,1.0,
149,0,3,497,1.0,
150,0,3,497,1.0,
151,0,3,497,1.0,
152,0,3,497,1.0,
153,0,2,498,1.0,
154,0,2,498,1.0,
155,0,2,498,1.0,
156,0,2,498,1.0,
157,0,2,498,1.0,
158,0,2,498,1.0,
159,0,2,498,1.0,
160,0,2,498,1.0,
161,0,2,498,1.0,
162,0,2,498,1.0,
163,0,2,498,1.0,
164,0,2,498,1.0,
165,0,2,498,1.0,
166,0,2,498,1.0,
167,0,2,498,1.0,
168,0,2,498,1.0,
169,0,2,498,1.0,
170,0,2,498,1.0,
171,0,2,498,1.0,
172,0,2,498,1.0,
173,0,2,498,1.0,
174,0,2,498,1.0,
175,0,2,498,1.0,
176,0,2,498,1.0,
177,0,2,498,1.0,
178,0,1,499,1.0,
179,0,1,499,1.0,
180,0,1,499,1.0,
181,0,1,499,1.0,
182,0,1,499,1.0,
183,0,0,500,1.0,
184,0,0,500,1.0,
185,0,0,500,1.0,
186,0,0,500,1.0,
187,0,0,500,1.0,
188,0,0,500,1.0,
189,0,0,500,1.0,
190,0,0,500,1.0,
191,0,0,500,1.0,
192,0,0,500,1.0,
193,0,0,500,1.0,
194,0,0,500,1.0,
195,0,0,500,1.0,
196,0,0,500,1.0,
197,0,0,500,1.0,
198,0,0,500,1.0,
199,0,0,500,1.0,
200,0,0,500,1.0,
1,496,4,0,0.993,1.0
2,493,7,0,0.9878333333333333,0.9973597623494002
3,488,12,0,0.9781666666666666,0.9923189203696607
4,480,20,0,0.967,0.9862226144938445
5,477,22,1,0.9635,0.9842611347386745
6,470,28,2,0.954,0.9788811463978456
7,455,41,4,0.9396666666666667,0.9700933348475458
8,443,52,5,0.9203333333333333,0.9582427333672776
9,427,67,6,0.9056666666666666,0.9478548223689484
10,412,74,14,0.9078333333333334,0.947064741678851
11,387,93,20,0.89,0.9321362079722263
12,368,108,24,0.8836666666666667,0.9243153994065426
13,352,119,29,0.8806666666666667,0.9187843225255277
14,331,134,35,0.8573333333333333,0.8956869529256569
15,295,160,45,0.8331666666666667,0.8621832980381817
16,269,181,50,0.8181666666666667,0.8345530675835614
17,247,197,56,0.8085,0.8096761298575299
18,218,218,64,0.8068333333333333,0.7819754153697742
19,196,229,75,0.813,0.7648417850449424
20,171,247,82,0.8078333333333333,0.7223587270339737
21,151,259,90,0.8198333333333333,0.7049084536966401
22,132,262,106,0.8446666666666667,0.709359263955054
23,114,271,115,0.8536666666666667,0.6821534698156121
24,98,280,122,0.8581666666666666,0.6403907584956312
25,82,285,133,0.8795,0.6345962198315076
26,67,280,153,0.9063333333333333,0.6528989859026443
27,58,282,160,0.9191666666666667,0.6538412109052625
28,50,272,178,0.9321666666666667,0.6644179122144012
29,44,270,186,0.9406666666666667,0.6656505445394215
30,42,259,199,0.9418333333333333,0.6565352436773085
31,31,260,209,0.9536666666666667,0.6285036484798512
32,28,247,225,0.9603333333333334,0.6481892631022063
33,26,242,232,0.9633333333333334,0.6485790480922408
34,23,240,237,0.9693333333333334,0.6678050474455833
35,20,230,250,0.9753333333333334,0.692540681477239
36,15,227,258,0.9816666666666667,0.6949271938548013
37,13,225,262,0.9833333333333333,0.6805881674993858
38,11,219,270,0.9861666666666666,0.6889670282180175
39,10,209,281,0.9885,0.7160482526112263
40,10,198,292,0.9886666666666667,0.7202298004540856
41,10,187,303,0.989,0.7285928961398042
42,9,180,311,0.9908333333333333,0.7491475268695925
43,8,174,318,0.9921666666666666,0.7579055465182478
44,8,169,323,0.9923333333333333,0.763132481321822
45,7,162,331,0.9935,0.7705995310412138
46,6,159,335,0.9948333333333333,0.7875248437385014
47,4,153,343,0.9956666666666667,0.7317708725003772
48,2,146,352,0.998,0.7526786117146738
49,2,139,359,0.998,0.7526786117146738
50,2,135,363,0.998,0.7526786117146738
51,2,128,370,0.998,0.7526786117146738
52,2,123,375,0.998,0.7526786117146738
53,1,122,377,0.999,0.7526786117146738
54,1,118,381,0.999,0.7526786117146738
55,1,110,389,0.999,0.7526786117146738
56,1,107,392,0.999,0.7526786117146738
57,0,105,395,1.0,
58,0,98,402,1.0,
59,0,92,408,1.0,
60,0,90,410,1.0,
61,0,88,412,1.0,
62,0,84,416,1.0,
63,0,83,417,1.0,
64,0,82,418,1.0,
65,0,81,419,1.0,
66,0,79,421,1.0,
67,0,77,423,1.0,
68,0,76,424,1.0,
69,0,74,426,1.0,
70,0,73,427,1.0,
71,0,70,430,1.0,
72,0,61,439,1.0,
73,0,56,444,1.0,
74,0,56,444,1.0,
75,0,53,447,1.0,
76,0,51,449,1.0,
77,0,49,451,1.0,
78,0,46,454,1.0,
79,0,41,459,1.0,
80,0,40,460,1.0,
81,0,36,464,1.0,
82,0,33,467,1.0,
83,0,32,468,1.0,
84,0,30,470,1.0,
85,0,29,471,1.0,
86,0,27,473,1.0,
87,0,25,475,1.0,
88,0,21,479,1.0,
89,0,19,481,1.0,
90,0,18,482,1.0,
91,0,17,483,1.0,
92,0,16,484,1.0,
93,0,15,485,1.0,
94,0,14,486,1.0,
95,0,14,486,1.0,
96,0,14,486,1.0,
97,0,14,486,1.0,
98,0,14,486,1.0,
99,0,11,489,1.0,
100,0,11,489,1.0,
101,0,11,489,1.0,
102,0,11,489,1.0,
103,0,11,489,1.0,
104,0,11,489,1.0,
105,0,11,489,1.0,
106,0,11,489,1.0,
107,0,10,490,1.0,
108,0,10,490,1.0,
109,0,10,490,1.0,
110,0,9,491,1.0,
111,0,8,492,1.0,
112,0,8,492,1.0,
113,0,8,492,1.0,
114,0,8,492,1.0,
115,0,8,492,1.0,
116,0,7,493,1.0,
117,0,7,493,1.0,
118,0,6,494,1.0,
119,0,6,494,1.0,
120,0,6,494,1.0,
121,0,6,494,1.0,
122,0,6,494,1.0,
123,0,5,495,1.0,
124,0,5,495,1.0,
125,0,5,495,1.0,
126,0,3,497,1.0,
127,0,3,497,1.0,
128,0,3,497,1.0,
129,0,3,497,1.0,
130,0,3,497,1.0,
131,0,3,497,1.0,
132,0,2,498,1.0,
133,0,2,498,1.0,
134,0,2,498,1.0,
135,0,2,498,1.0,
136,0,2,498,1.0,
137,0,2,498,1.0,
138,0,2,498,1.0,
139,0,2,498,1.0,
140,0,2,498,1.0,
141,0,2,498,1.0,
142,0,2,498,1.0,
143,0,2,498,1.0,
144,0,2,498,1.0,
145,0,2,498,1.0,
146,0,2,498,1.0,
147,0,2,498,1.0,
148,0,2,498,1.0,
149,0,2,498,1.0,
150,0,2,498,1.0,
151,0,2,498,1.0,
152,0,2,498,1.0,
153,0,2,498,1.0,
154,0,2,498,1.0,
155,0,2,498,1.0,
156,0,2,498,1.0,
157,0,2,498,1.0,
158,0,2,498,1.0,
159,0,2,498,1.0,
160,0,2,498,1.0,
161,0,0,500,1.0,
162,0,0,500,1.0,
163,0,0,500,1.0,
164,0,0,500,1.0,
165,0,0,500,1.0,
166,0,0,500,1.0,
167,0,0,500,1.0,
168,0,0,500,1.0,
169,0,0,500,1.0,
170,0,0,500,1.0,
171,0,0,500,1.0,
172,0,0,500,1.0,
173,0,0,500,1.0,
174,0,0,500,1.0,
175,0,0,500,1.0,
176,0,0,500,1.0,
177,0,0,500,1.0,
178,0,0,500,1.0,
179,0,0,500,1.0,
180,0,0,500,1.0,
181,0,0,500,1.0,
182,0,0,500,1.0,
183,0,0,500,1.0,
184,0,0,500,1.0,
185,0,0,500,1.0,
186,0,0,500,1.0,
187,0,0,500,1.0,
188,0,0,500,1.0,
189,0,0,500,1.0,
190,0,0,500,1.0,
191,0,0,500,1.0,
192,0,0,500,1.0,
193,0,0,500,1.0,
194,0,0,500,1.0,
195,0,0,500,1.0,
196,0,0,500,1.0,
197,0,0,500,1.0,
198,0,0,500,1.0,
199,0,0,500,1.0,
200,0,0,500,1.0,
1,498,2,0,0.9971666666666666,0.998557542800602
2,497,3,0,0.9943333333333333,0.9970958671282352
3,495,5,0,0.9916666666666667,0.995721808275168
4,492,8,0,0.987,0.9933168251566978
5,490,9,1,0.9848333333333333,0.9921890723887176
6,488,10,2,0.983,0.9912275800346008
7,482,16,2,0.976,0.9875258920825402
8,475,23,2,0.9646666666666667,0.9813915188972397
9,465,32,3,0.9473333333333334,0.9716903225079944
10,458,37,5,0.9433333333333334,0.9690990597066163
11,443,48,9,0.925,0.9578742591236458
12,426,62,12,0.908,0.9461961589135501
13,406,79,15,0.8938333333333334,0.9346623598433408
14,384,100,16,0.8766666666666667,0.9196503055368545
15,361,111,28,0.884,0.9193988764457268
16,340,126,34,0.8738333333333334,0.907093732141686
17,312,148,40,0.8421666666666666,0.8731179327918459
18,296,158,46,0.8356666666666667,0.8606808127732041
19,272,171,57,0.8306666666666667,0.8438266012546702
20,248,187,65,0.8091666666666667,0.8070931677602435
21,233,194,73,0.8075,0.7926216524658399
22,199,216,85,0.7938333333333333,0.7399519099355236
23,178,226,96,0.8061666666666667,0.7263419396919641
24,156,236,108,0.8175,0.7057060692930258
25,138,245,117,0.8273333333333334,0.685163722016274
26,116,257,127,0.8496666666666667,0.6735175999662507
27,98,259,143,0.8638333333333333,0.6498939540199523
28,81,263,156,0.8808333333333334,0.629211100225593
29,67,265,168,0.899,0.6195912609994374
30,55,265,180,0.9148333333333334,0.6078841606351488
31,49,262,189,0.9226666666666666,0.6013253782597171
32,43,253,204,0.9338333333333333,0.6111299182785532
33,33,254,213,0.9506666666666667,0.6214462809917355
34,27,246,227,0.9615,0.6391915706408461
35,23,237,240,0.9688333333333333,0.6572453948068315
36,22,230,248,0.971,0.6662110945707783
37,20,228,252,0.974,0.6705133634481458
38,16,223,261,0.9801666666666666,0.6879734848484849
39,15,215,270,0.9826666666666667,0.7093517786561264
40,13,211,276,0.9851666666666666,0.7150445930880713
41,9,205,286,0.9901666666666666,0.7293478260869565
42,6,201,293,0.9941666666666666,0.7596014492753622
43,5,195,300,0.9953333333333333,0.7695217391304348
44,5,185,310,0.9953333333333333,0.7695217391304348
45,4,177,319,0.9968333333333333,0.8019021739130434
46,3,173,324,0.9985,0.8753623188405797
47,3,164,333,0.9985,0.8753623188405797
48,3,159,338,0.9985,0.8753623188405797
49,3,153,344,0.9985,0.8753623188405797
50,3,147,350,0.9985,0.8753623188405797
51,3,141,356,0.9985,0.8753623188405797
52,3,135,362,0.9985,0.8753623188405797
53,3,128,369,0.9985,0.8753623188405797
54,3,124,373,0.9985,0.8753623188405797
55,2,124,374,0.9991666666666666,0.9
56,2,117,381,0.9991666666666666,0.9
57,2,113,385,0.9993333333333333,0.9199999999999999
58,2,110,388,0.9993333333333333,0.9199999999999999
59,2,108,390,0.9993333333333333,0.9199999999999999
60,2,106,392,0.9993333333333333,0.9199999999999999
61,1,100,399,1.0,1.0
62,1,94,405,1.0,1.0
63,1,89,410,1.0,1.0
64,1,85,414,1.0,1.0
65,1,81,418,1.0,1.0
66,1,76,423,1.0,1.0
67,1,76,423,1.0,1.0
68,1,76,423,1.0,1.0
69,1,75,424,1.0,1.0
70,1,70,429,1.0,1.0
71,1,68,431,1.0,1.0
72,1,65,434,1.0,1.0
73,1,64,435,1.0,1.0
74,1,62,437,1.0,1.0
75,1,59,440,1.0,1.0
76,1,56,443,1.0,1.0
77,1,55,444,1.0,1.0
78,1,54,445,1.0,1.0
79,1,52,447,1.0,1.0
80,1,50,449,1.0,1.0
81,1,49,450,1.0,1.0
82,1,47,452,1.0,1.0
83,1,47,452,1.0,1.0
84,1,46,453,1.0,1.0
85,1,45,454,1.0,1.0
86,1,43,456,1.0,1.0
87,1,42,457,1.0,1.0
88,1,40,459,1.0,1.0
89,1,40,459,1.0,1.0
90,1,40,459,1.0,1.0
91,1,38,461,1.0,1.0
92,1,36,463,1.0,1.0
93,1,35,464,1.0,1.0
94,1,33,466,1.0,1.0
95,1,30,469,1.0,1.0
96,1,29,470,1.0,1.0
97,1,28,471,1.0,1.0
98,1,24,475,1.0,1.0
99,1,24,475,1.0,1.0
100,1,23,476,1.0,1.0
101,1,20,479,1.0,1.0
102,1,19,480,1.0,1.0
103,1,19,480,1.0,1.0
104,1,17,482,1.0,1.0
105,1,15,484,1.0,1.0
106,1,14,485,1.0,1.0
107,1,13,486,1.0,1.0
108,1,12,487,1.0,1.0
109,1,12,487,1.0,1.0
110,1,12,487,1.0,1.0
111,1,10,489,1.0,1.0
112,1,10,489,1.0,1.0
113,1,10,489,1.0,1.0
114,1,10,489,1.0,1.0
115,1,10,489,1.0,1.0
116,1,10,489,1.0,1.0
117,1,9,490,1.0,1.0
118,1,9,490,1.0,1.0
119,1,9,490,1.0,1.0
120,1,8,491,1.0,1.0
121,1,8,491,1.0,1.0
122,1,8,491,1.0,1.0
123,1,6,493,1.0,1.0
124,1,6,493,1.0,1.0
125,1,6,493,1.0,1.0
126,1,5,494,1.0,1.0
127,1,5,494,1.0,1.0
128,1,5,494,1.0,1.0
129,1,5,494,1.0,1.0
130,1,5,494,1.0,1.0
131,1,5,494,1.0,1.0
132,1,5,494,1.0,1.0
133,1,4,495,1.0,1.0
134,1,4,495,1.0,1.0
135,1,4,495,1.0,1.0
136,1,4,495,1.0,1.0
137,1,4,495,1.0,1.0
138,1,4,495,1.0,1.0
139,1,4,495,1.0,1.0
140,1,4,495,1.0,1.0
141,1,4,495,1.0,1.0
142,1,4,495,1.0,1.0
143,1,4,495,1.0,1.0
144,1,4,495,1.0,1.0
145,1,4,495,1.0,1.0
146,1,4,495,1.0,1.0
147,1,3,496,1.0,1.0
148,1,3,496,1.0,1.0
149,1,3,496,1.0,1.0
150,1,3,496,1.0,1.0
151,1,3,496,1.0,1.0
152,1,3,496,1.0,1.0
153,1,3,496,1.0,1.0
154,1,3,496,1.0,1.0
155,1,3,496,1.0,1.0
156,1,3,496,1.0,1.0
157,1,3,496,1.0,1.0
158,1,3,496,1.0,1.0
159,1,3,496,1.0,1.0
160,1,3,496,1.0,1.0
161,1,3,496,1.0,1.0
162,1,3,496,1.0,1.0
163,1,3,496,1.0,1.0
164,1,2,497,1.0,1.0
165,1,2,497,1.0,1.0
166,1,2,497,1.0,1.0
167,1,2,497,1.0,1.0
168,1,2,497,1.0,1.0
169,1,2,497,1.0,1.0
170,1,2,497,1.0,1.0
171,1,2,497,1.0,1.0
172,1,2,497,1.0,1.0
173,1,2,497,1.0,1.0
174,1,2,497,1.0,1.0
175,1,2,497,1.0,1.0
176,1,2,497,1.0,1.0
177,1,2,497,1.0,1.0
178,1,2,497,1.0,1.0
179,1,2,497,1.0,1.0
180,1,2,497,1.0,1.0
181,1,2,497,1.0,1.0
182,1,2,497,1.0,1.0
183,1,1,498,1.0,1.0
184,1,1,498,1.0,1.0
185,1,1,498,1.0,1.0
186,1,1,498,1.0,1.0
187,1,1,498,1.0,1.0
188,1,1,498,1.0,1.0
189,1,1,498,1.0,1.0
190,1,1,498,1.0,1.0
191,1,1,498,1.0,1.0
192,1,1,498,1.0,1.0
193,1,1,498,1.0,1.0
194,1,1,498,1.0,1.0
195,1,0,499,1.0,1.0
196,1,0,499,1.0,1.0
197,1,0,499,1.0,1.0
198,1,0,499,1.0,1.0
199,1,0,499,1.0,1.0
200,1,0,499,1.0,1.0
1,498,2,0,0.998,0.9990093708165997
2,495,5,0,0.9903333333333333,0.9951430311746517
3,493,5,2,0.9913333333333333,0.9956501839577948
4,491,7,2,0.9876666666666667,0.9937983593194787
5,488,8,4,0.9876666666666667,0.993761285340936
6,484,12,4,0.9821666666666666,0.9908443911161303
7,480,16,4,0.9755,0.9872810495663756
8,478,17,5,0.9731666666666666,0.9860114677633325
9,472,22,6,0.973,0.985709138718074
10,465,27,8,0.9608333333333333,0.9789924071565026
11,462,28,10,0.96,0.9783837962338809
12,457,32,11,0.9521666666666667,0.9738618634085288
13,441,45,14,0.934,0.9625862003191195
14,427,57,16,0.9186666666666666,0.952482406606732
15,410,72,18,0.904,0.9416670227969274
16,395,84,21,0.896,0.9343885285508842
17,373,100,27,0.8923333333333333,0.9281651303198104
18,349,119,32,0.8865,0.9190900337106889
19,330,136,34,0.8638333333333333,0.8970264095441962
20,302,153,45,0.8493333333333334,0.8754566111656523
21,277,171,52,0.8365,0.8530475478584095
22,258,179,63,0.8348333333333333,0.840234259617475
23,238,191,71,0.8343333333333334,0.8266541728680933
24,213,212,75,0.8253333333333334,0.7955948808398288
25,190,225,85,0.8165,0.7588937141763229
26,155,245,100,0.82,0.7093041519801688
27,131,255,114,0.8275,0.6705886929999111
28,104,267,129,0.8453333333333334,0.6279695382809932
29,87,273,140,0.8658333333333333,0.6139837517323774
30,73,277,150,0.885,0.6057792656244116
31,62,276,162,0.9053333333333333,0.6173891643912682
32,49,277,174,0.9246666666666666,0.6151335620900839
33,39,276,185,0.943,0.633577037562545
34,33,269,198,0.955,0.6556749311294766
35,28,263,209,0.9635,0.6702358993663342
36,21,260,219,0.9706666666666667,0.6475317355752137
37,13,261,226,0.9823333333333333,0.6575549812506334
38,12,255,233,0.9843333333333333,0.6706845630215196
39,8,251,241,0.9895,0.6669927536231883
40,6,243,251,0.9916666666666667,0.646243961352657
41,6,234,260,0.9918333333333333,0.6534903381642512
42,5,225,270,0.993,0.6391304347826087
43,5,216,279,0.9931666666666666,0.647463768115942
44,4,204,292,0.9946666666666667,0.6571557971014492
45,4,192,304,0.9948333333333333,0.6680253623188406
46,1,191,308,0.9996666666666667,0.9166666666666666
47,1,180,319,0.9996666666666667,0.9166666666666666
48,1,179,320,0.9996666666666667,0.9166666666666666
49,1,173,326,0.9998333333333334,0.9583333333333334
50,1,167,332,0.9998333333333334,0.9583333333333334
51,1,163,336,0.9998333333333334,0.9583333333333334
52,1,152,347,0.9998333333333334,0.9583333333333334
53,1,146,353,0.9998333333333334,0.9583333333333334
54,1,134,365,0.9998333333333334,0.9583333333333334
55,1,126,373,0.9998333333333334,0.9583333333333334
56,1,120,379,0.9998333333333334,0.9583333333333334
57,1,111,388,0.9998333333333334,0.9583333333333334
58,1,108,391,0.9998333333333334,0.9583333333333334
59,1,105,394,0.9998333333333334,0.9583333333333334
60,1,103,396,0.9998333333333334,0.9583333333333334
61,1,98,401,0.9998333333333334,0.9583333333333334
62,1,93,406,0.9998333333333334,0.9583333333333334
63,1,87,412,1.0,1.0
64,1,83,416,1.0,1.0
65,1,81,418,1.0,1.0
66,1,78,421,1.0,1.0
67,1,76,423,1.0,1.0
68,0,76,424,1.0,
69,0,71,429,1.0,
70,0,67,433,1.0,
71,0,62,438,1.0,
72,0,58,442,1.0,
73,0,55,445,1.0,
74,0,55,445,1.0,
75,0,52,448,1.0,
76,0,50,450,1.0,
77,0,49,451,1.0,
78,0,48,452,1.0,
79,0,47,453,1.0,
80,0,47,453,1.0,
81,0,45,455,1.0,
82,0,44,456,1.0,
83,0,43,457,1.0,
84,0,41,459,1.0,
85,0,40,460,1.0,
86,0,39,461,1.0,
87,0,36,464,1.0,
88,0,35,465,1.0,
89,0,32,468,1.0,
90,0,31,469,1.0,
91,0,30,470,1.0,
92,0,29,471,1.0,
93,0,29,471,1.0,
94,0,28,472,1.0,
95,0,28,472,1.0,
96,0,27,473,1.0,
97,0,26,474,1.0,
98,0,24,476,1.0,
99,0,23,477,1.0,
100,0,23,477,1.0,
101,0,23,477,1.0,
102,0,21,479,1.0,
103,0,20,480,1.0,
104,0,20,480,1.0,
105,0,20,480,1.0,
106,0,20,480,1.0,
107,0,20,480,1.0,
108,0,20,480,1.0,
109,0,20,480,1.0,
110,0,18,482,1.0,
111,0,18,482,1.0,
112,0,18,482,1.0,
113,0,17,483,1.0,
114,0,17,483,1.0,
115,0,16,484,1.0,
116,0,16,484,1.0,
117,0,16,484,1.0,
118,0,13,487,1.0,
119,0,13,487,1.0,
120,0,10,490,1.0,
121,0,10,490,1.0,
122,0,10,490,1.0,
123,0,10,490,1.0,
124,0,10,490,1.0,
125,0,10,490,1.0,
126,0,10,490,1.0,
127,0,10,490,1.0,
128,0,10,490,1.0,
129,0,10,490,1.0,
130,0,10,490,1.0,
131,0,10,490,1.0,
132,0,10,490,1.0,
133,0,8,492,1.0,
134,0,8,492,1.0,
135,0,8,492,1.0,
136,0,8,492,1.0,
137,0,8,492,1.0,
138,0,8,492,1.0,
139,0,8,492,1.0,
140,0,8,492,1.0,
141,0,8,492,1.0,
142,0,8,492,1.0,
143,0,7,493,1.0,
144,0,7,493,1.0,
145,0,6,494,1.0,
146,0,6,494,1.0,
147,0,6,494,1.0,
148,0,6,494,1.0,
149,0,5,495,1.0,
150,0,3,497,1.0,
151,0,3,497,1.0,
152,0,3,497,1.0,
153,0,3,497,1.0,
154,0,3,497,1.0,
155,0,2,498,1.0,
156,0,2,498,1.0,
157,0,2,498,1.0,
158,0,2,498,1.0,
159,0,2,498,1.0,
160,0,2,498,1.0,
161,0,2,498,1.0,
162,0,2,498,1.0,
163,0,2,498,1.0,
164,0,2,498,1.0,
165,0,2,498,1.0,
166,0,2,498,1.0,
167,0,2,498,1.0,
168,0,2,498,1.0,
169,0,2,498,1.0,
170,0,2,498,1.0,
171,0,1,499,1.0,
172,0,1,499,1.0,
173,0,1,499,1.0,
174,0,1,499,1.0,
175,0,1,499,1.0,
176,0,1,499,1.0,
177,0,1,499,1.0,
178,0,1,499,1.0,
179,0,1,499,1.0,
180,0,1,499,1.0,
181,0,1,499,1.0,
182,0,1,499,1.0,
183,0,1,499,1.0,
184,0,1,499,1.0,
185,0,1,499,1.0,
186,0,1,499,1.0,
187,0,1,499,1.0,
188,0,1,499,1.0,
189,0,1,499,1.0,
190,0,1,499,1.0,
191,0,1,499,1.0,
192,0,1,499,1.0,
193,0,1,499,1.0,
194,0,1,499,1.0,
195,0,1,499,1.0,
196,0,1,499,1.0,
197,0,1,499,1.0,
198,0,1,499,1.0,
199,0,1,499,1.0,
200,0,1,499,1.0,
1,497,3,0,0.9958333333333333,1.0
2,496,4,0,0.993,0.998571168538047
3,493,7,0,0.9875,0.9957634058395768
4,490,10,0,0.9813333333333333,0.9926439492628097
5,486,14,0,0.9756666666666667,0.9896495413820702
6,485,15,0,0.9741666666666666,0.9888622960678763
7,480,20,0,0.9663333333333334,0.9846498659766303
8,478,22,0,0.962,0.9822913297400772
9,468,29,3,0.9585,0.9800292702593293
10,465,31,4,0.9571666666666667,0.9791095611791417
11,460,36,4,0.9541666666666667,0.9772403584613913
12,451,43,6,0.9413333333333334,0.9695977321276504
13,439,55,6,0.931,0.9627711068165199
14,423,68,9,0.9211666666666667,0.9554921712742277
15,410,80,10,0.9073333333333333,0.9454370395986114
16,389,92,19,0.8898333333333334,0.9308321012851143
17,368,109,23,0.8753333333333333,0.9169931478902924
18,344,126,30,0.8665,0.9046287832792743
19,312,150,38,0.8425,0.8754700476885854
20,293,159,48,0.8485,0.8723546815651333
21,279,162,59,0.854,0.8708061738984616
22,255,175,70,0.8411666666666666,0.8461113722098064
23,231,191,78,0.8271666666666667,0.8142494152061467
24,206,209,85,0.822,0.7856241209161359
25,189,215,96,0.8293333333333334,0.7757521025380915
26,162,230,108,0.8333333333333334,0.743963986172896
27,147,235,118,0.832,0.715449828785204
28,136,235,129,0.8416666666666667,0.7105620640754936
29,113,247,140,0.8603333333333333,0.6924298042787537
30,97,255,148,0.87,0.6661216403023069
31,80,256,164,0.8893333333333333,0.6560811147081284
32,69,262,169,0.9006666666666666,0.6423429938649093
33,62,261,177,0.9103333333333333,0.641540390240689
34,54,258,188,0.924,0.6520257232853575
35,44,258,198,0.9388333333333333,0.6573574121314444
36,34,255,211,0.9533333333333334,0.6629159834384059
37,25,253,222,0.9648333333333333,0.6559418959697486
38,16,246,238,0.9768333333333333,0.6420679611552828
39,14,233,253,0.9808333333333333,0.661737968348366
40,11,229,260,0.9851666666666666,0.6663800874525709
41,10,221,269,0.9876666666666667,0.6943002295061301
42,6,218,276,0.9918333333333333,0.6602562938335417
43,5,204,291,0.9933333333333333,0.6703157745768958
44,5,193,302,0.9935,0.6783323771327163
45,5,185,310,0.9936666666666667,0.6863489796885367
46,5,178,317,0.9941666666666666,0.7110958832304172
47,5,171,324,0.9943333333333333,0.7194465108927299
48,5,162,333,0.995,0.75290711286485
49,4,155,341,0.997,0.8126068392350287
50,3,153,344,0.9983333333333333,0.8650282069441714
51,3,149,348,0.9983333333333333,0.8650282069441714
52,3,144,353,0.9983333333333333,0.8650282069441714
53,3,138,359,0.9985,0.8795510376612373
54,2,132,366,0.9986666666666667,0.8400731428286798
55,2,128,370,0.9986666666666667,0.8400731428286798
56,1,125,374,0.9996666666666667,0.9185690428544212
57,1,122,377,0.9996666666666667,0.9185690428544212
58,1,119,380,0.9996666666666667,0.9185690428544212
59,1,115,384,0.9996666666666667,0.9185690428544212
60,1,108,391,0.9996666666666667,0.9185690428544212
61,1,100,399,0.9996666666666667,0.9185690428544212
62,1,98,401,0.9996666666666667,0.9185690428544212
63,1,94,405,0.9996666666666667,0.9185690428544212
64,0,89,411,1.0,
65,0,86,414,1.0,
66,0,83,417,1.0,
67,0,78,422,1.0,
68,0,74,426,1.0,
69,0,72,428,1.0,
70,0,66,434,1.0,
71,0,66,434,1.0,
72,0,64,436,1.0,
73,0,60,440,1.0,
74,0,59,441,1.0,
75,0,56,444,1.0,
76,0,54,446,1.0,
77,0,52,448,1.0,
78,0,50,450,1.0,
79,0,49,451,1.0,
80,0,47,453,1.0,
81,0,44,456,1.0,
82,0,43,457,1.0,
83,0,40,460,1.0,
84,0,36,464,1.0,
85,0,35,465,1.0,
86,0,34,466,1.0,
87,0,33,467,1.0,
88,0,31,469,1.0,
89,0,30,470,1.0,
90,0,29,471,1.0,
91,0,28,472,1.0,
92,0,26,474,1.0,
93,0,26,474,1.0,
94,0,24,476,1.0,
95,0,23,477,1.0,
96,0,22,478,1.0,
97,0,21,479,1.0,
98,0,20,480,1.0,
99,0,17,483,1.0,
100,0,15,485,1.0,
101,0,15,485,1.0,
102,0,15,485,1.0,
103,0,12,488,1.0,
104,0,12,488,1.0,
105,0,11,489,1.0,
106,0,11,489,1.0,
107,0,10,490,1.0,
108,0,10,490,1.0,
109,0,10,490,1.0,
110,0,10,490,1.0,
111,0,10,490,1.0,
112,0,9,491,1.0,
113,0,9,491,1.0,
114,0,9,491,1.0,
115,0,8,492,1.0,
116,0,8,492,1.0,
117,0,7,493,1.0,
118,0,7,493,1.0,
119,0,7,493,1.0,
120,0,7,493,1.0,
121,0,7,493,1.0,
122,0,7,493,1.0,
123,0,7,493,1.0,
124,0,7,493,1.0,
125,0,7,493,1.0,
126,0,7,493,1.0,
127,0,6,494,1.0,
128,0,6,494,1.0,
129,0,5,495,1.0,
130,0,5,495,1.0,
131,0,5,495,1.0,
132,0,5,495,1.0,
133,0,5,495,1.0,
134,0,4,496,1.0,
135,0,3,497,1.0,
136,0,3,497,1.0,
137,0,3,497,1.0,
138,0,3,497,1.0,
139,0,3,497,1.0,
140,0,3,497,1.0,
141,0,3,497,1.0,
142,0,3,497,1.0,
143,0,3,497,1.0,
144,0,3,497,1.0,
145,0,3,497,1.0,
146,0,3,497,1.0,
147,0,3,497,1.0,
148,0,3,497,1.0,
149,0,3,497,1.0,
150,0,3,497,1.0,
151,0,3,497,1.0,
152,0,2,498,1.0,
153,0,2,498,1.0,
154,0,2,498,1.0,
155,0,2,498,1.0,
156,0,2,498,1.0,
157,0,2,498,1.0,
158,0,1,499,1.0,
159,0,1,499,1.0,
160,0,1,499,1.0,
161,0,1,499,1.0,
162,0,1,499,1.0,
163,0,1,499,1.0,
164,0,1,499,1.0,
165,0,1,499,1.0,
166,0,1,499,1.0,
167,0,1,499,1.0,
168,0,1,499,1.0,
169,0,1,499,1.0,
170,0,1,499,1.0,
171,0,1,499,1.0,
172,0,1,499,1.0,
173,0,1,499,1.0,
174,0,1,499,1.0,
175,0,1,499,1.0,
176,0,1,499,1.0,
177,0,1,499,1.0,
178,0,1,499,1.0,
179,0,1,499,1.0,
180,0,1,499,1.0,
181,0,1,499,1.0,
182,0,1,499,1.0,
183,0,1,499,1.0,
184,0,1,499,1.0,
185,0,1,499,1.0,
186,0,1,499,1.0,
187,0,1,499,1.0,
188,0,1,499,1.0,
189,0,1,499,1.0,
190,0,1,499,1.0,
191,0,1,499,1.0,
192,0,1,499,1.0,
193,0,1,499,1.0,
194,0,1,499,1.0,
195,0,1,499,1.0,
196,0,1,499,1.0,
197,0,1,499,1.0,
198,0,1,499,1.0,
199,0,1,499,1.0,
200,0,1,499,1.0,
1,499,1,0,1.0,1.0
2,498,2,0,0.9966666666666667,0.9983324938550188
3,497,3,0,0.9936666666666667,0.9968223050678653
4,496,4,0,0.993,0.9964725721041464
5,494,6,0,0.9893333333333333,0.9946012174471073
6,493,6,1,0.99,0.9949283328307053
7,492,7,1,0.9881666666666666,0.993988361261691
8,490,9,1,0.985,0.9923134360463552
9,488,9,3,0.9875,0.9935852421218601
10,485,11,4,0.9858333333333333,0.9926715156948236
11,484,12,4,0.9838333333333333,0.9916261609991398
12,479,17,4,0.9728333333333333,0.9857182225054605
13,475,18,7,0.973,0.9856898764088695
14,470,23,7,0.9663333333333334,0.9819795994939382
15,463,29,8,0.9571666666666667,0.9767701549084777
16,453,38,9,0.9375,0.9654281695490065
17,436,52,12,0.9195,0.9537562289422084
18,423,62,15,0.9136666666666666,0.9488119556045345
19,403,80,17,0.8946666666666667,0.9346500600050066
20,383,96,21,0.8823333333333333,0.9231071815383316
21,363,111,26,0.8693333333333333,0.9100830920941114
22,349,124,27,0.8543333333333333,0.8955358185687073
23,330,136,34,0.8438333333333333,0.8813711095667617
24,301,156,43,0.8208333333333333,0.8506568836815841
25,277,172,51,0.8065,0.8246933775689074
26,246,194,60,0.8063333333333333,0.8028194372494478
27,221,210,69,0.8056666666666666,0.7800268879916725
28,199,222,79,0.8098333333333333,0.7609875464277912
29,179,236,85,0.8156666666666667,0.7427275699767805
30,158,244,98,0.8261666666666667,0.7252894092698715
31,133,254,113,0.8436666666666667,0.7061121944417138
32,110,269,121,0.8556666666666667,0.6716761795516737
33,90,275,135,0.8718333333333333,0.6438431697127349
34,76,280,144,0.8866666666666667,0.627540945896209
35,70,278,152,0.8968333333333334,0.6307452402669794
36,56,280,164,0.9211666666666667,0.646889405883971
37,49,271,180,0.9361666666666667,0.6735228229327608
38,43,267,190,0.943,0.6676156603760244
39,34,270,196,0.9511666666666667,0.6390933235562392
40,30,269,201,0.9556666666666667,0.6279476200128374
41,23,272,205,0.9646666666666667,0.6130026526718398
42,20,258,222,0.9715,0.6411633475220433
43,16,246,238,0.9786666666666667,0.662264872808351
44,15,242,243,0.981,0.6790210465862642
45,10,228,262,0.9878333333333333,0.69031884057971
46,10,222,268,0.9878333333333333,0.69031884057971
47,10,214,276,0.9881666666666666,0.6986666666666667
48,8,208,284,0.9901666666666666,0.6852989130434783
49,7,195,298,0.9913333333333333,0.684575569358178
50,6,183,311,0.9933333333333333,0.7153623188405797
51,5,178,317,0.9936666666666667,0.6751014492753623
52,3,173,324,0.9966666666666667,0.7133333333333334
53,3,165,332,0.9966666666666667,0.7133333333333334
54,3,160,337,0.997,0.7400000000000001
55,3,154,343,0.9973333333333333,0.77
56,3,151,346,0.9975,0.7866666666666667
57,3,143,354,0.9976666666666667,0.8033333333333333
58,3,133,364,0.9978333333333333,0.8166666666666668
59,2,131,367,0.9983333333333333,0.8
60,2,127,371,0.9983333333333333,0.8
61,1,123,376,0.9996666666666667,0.92
62,1,118,381,0.9996666666666667,0.92
63,1,112,387,0.9996666666666667,0.92
64,1,107,392,0.9996666666666667,0.92
65,1,103,396,0.9998333333333334,0.96
66,1,96,403,0.9998333333333334,0.96
67,1,92,407,0.9998333333333334,0.96
68,1,90,409,0.9998333333333334,0.96
69,0,89,411,1.0,
70,0,84,416,1.0,
71,0,84,416,1.0,
72,0,81,419,1.0,
73,0,78,422,1.0,
74,0,74,426,1.0,
75,0,71,429,1.0,
76,0,67,433,1.0,
77,0,63,437,1.0,
78,0,61,439,1.0,
79,0,58,442,1.0,
80,0,57,443,1.0,
81,0,56,444,1.0,
82,0,52,448,1.0,
83,0,52,448,1.0,
84,0,49,451,1.0,
85,0,48,452,1.0,
86,0,47,453,1.0,
87,0,45,455,1.0,
88,0,44,456,1.0,
89,0,41,459,1.0,
90,0,40,460,1.0,
91,0,40,460,1.0,
92,0,40,460,1.0,
93,0,39,461,1.0,
94,0,39,461,1.0,
95,0,38,462,1.0,
96,0,35,465,1.0,
97,0,35,465,1.0,
98,0,33,467,1.0,
99,0,30,470,1.0,
100,0,30,470,1.0,
101,0,28,472,1.0,
102,0,27,473,1.0,
103,0,25,475,1.0,
104,0,24,476,1.0,
105,0,23,477,1.0,
106,0,23,477,1.0,
107,0,23,477,1.0,
108,0,23,477,1.0,
109,0,21,479,1.0,
110,0,21,479,1.0,
111,0,20,480,1.0,
112,0,18,482,1.0,
113,0,18,482,1.0,
114,0,17,483,1.0,
115,0,16,484,1.0,
116,0,16,484,1.0,
117,0,16,484,1.0,
118,0,16,484,1.0,
119,0,15,485,1.0,
120,0,14,486,1.0,
121,0,14,486,1.0,
122,0,12,488,1.0,
123,0,12,488,1.0,
124,0,12,488,1.0,
125,0,11,489,1.0,
126,0,10,490,1.0,
127,0,10,490,1.0,
128,0,9,491,1.0,
129,0,9,491,1.0,
130,0,7,493,1.0,
131,0,6,494,1.0,
132,0,5,495,1.0,
133,0,5,495,1.0,
134,0,5,495,1.0,
135,0,5,495,1.0,
136,0,5,495,1.0,
137,0,5,495,1.0,
138,0,4,496,1.0,
139,0,4,496,1.0,
140,0,3,497,1.0,
141,0,2,498,1.0,
142,0,2,498,1.0,
143,0,2,498,1.0,
144,0,2,498,1.0,
145,0,1,499,1.0,
146,0,1,499,1.0,
147,0,1,499,1.0,
148,0,1,499,1.0,
149,0,1,499,1.0,
150,0,1,499,1.0,
151,0,1,499,1.0,
152,0,1,499,1.0,
153,0,1,499,1.0,
154,0,1,499,1.0,
155,0,0,500,1.0,
156,0,0,500,1.0,
157,0,0,500,1.0,
158,0,0,500,1.0,
159,0,0,500,1.0,
160,0,0,500,1.0,
161,0,0,500,1.0,
162,0,0,500,1.0,
163,0,0,500,1.0,
164,0,0,500,1.0,
165,0,0,500,1.0,
166,0,0,500,1.0,
167,0,0,500,1.0,
168,0,0,500,1.0,
169,0,0,500,1.0,
170,0,0,500,1.0,
171,0,0,500,1.0,
172,0,0,500,1.0,
173,0,0,500,1.0,
174,0,0,500,1.0,
175,0,0,500,1.0,
176,0,0,500,1.0,
177,0,0,500,1.0,
178,0,0,500,1.0,
179,0,0,500,1.0,
180,0,0,500,1.0,
181,0,0,500,1.0,
182,0,0,500,1.0,
183,0,0,500,1.0,
184,0,0,500,1.0,
185,0,0,500,1.0,
186,0,0,500,1.0,
187,0,0,500,1.0,
188,0,0,500,1.0,
189,0,0,500,1.0,
190,0,0,500,1.0,
191,0,0,500,1.0,
192,0,0,500,1.0,
193,0,0,500,1.0,
194,0,0,500,1.0,
195,0,0,500,1.0,
196,0,0,500,1.0,
197,0,0,500,1.0,
198,0,0,500,1.0,
199,0,0,500,1.0,
200,0,0,500,1.0,
1,499,1,0,1.0,1.0
2,499,1,0,1.0,1.0
3,499,1,0,1.0,1.0
4,497,2,1,0.9978333333333333,0.9989266030968419
5,495,4,1,0.9935,0.9967623278492843
6,495,4,1,0.9935,0.9967623278492843
7,493,6,1,0.9888333333333333,0.9943942282252538
8,489,10,1,0.9841666666666666,0.9920120009210434
9,487,9,4,0.9868333333333333,0.993331868262678
10,486,10,4,0.9845,0.992117540865528
11,482,14,4,0.9786666666666667,0.9889984532876469
12,475,20,5,0.9761666666666666,0.9874783131437594
13,472,23,5,0.9756666666666667,0.987123207945334
14,467,26,7,0.9658333333333333,0.9817261062736344
15,466,26,8,0.9656666666666667,0.9816049849502919
16,457,34,9,0.9566666666666667,0.9763279425923324
17,444,45,11,0.938,0.9649463299644458
18,429,58,13,0.9241666666666667,0.9557564243953217
19,409,74,17,0.8976666666666666,0.9374952995065676
20,382,95,23,0.8705,0.9152151827567262
21,365,106,29,0.8555,0.9010079892313364
22,332,133,35,0.8121666666666667,0.8583504503082817
23,308,149,43,0.8013333333333333,0.8384789191557966
24,289,166,45,0.7758333333333334,0.8059401629245166
25,258,191,51,0.7685,0.7755256957026422
26,234,206,60,0.77,0.754084578764066
27,209,223,68,0.7703333333333333,0.7251638289593355
28,168,253,79,0.7746666666666666,0.6648202276501965
29,140,272,88,0.7898333333333334,0.6258665268478933
30,113,289,98,0.8188333333333333,0.6001538810042082
31,93,295,112,0.8538333333333333,0.6071683365722637
32,79,300,121,0.876,0.606988824787394
33,59,308,133,0.9038333333333334,0.5918206811611382
34,54,301,145,0.9145,0.6025324313367793
35,49,296,155,0.9235,0.6071604482474048
36,38,298,164,0.9371666666666667,0.5829793890320205
37,29,300,171,0.9521666666666667,0.5862914696497905
38,22,296,182,0.9625,0.5741800952670517
39,18,288,194,0.9693333333333334,0.5743682645856558
40,10,280,210,0.9836666666666667,0.5903193979933111
41,8,269,223,0.9878333333333333,0.6156417224080267
42,5,260,235,0.9928333333333333,0.6302608695652173
43,3,251,246,0.9961666666666666,0.6713043478260868
44,1,243,256,0.9983333333333333,0.5652173913043478
45,1,229,270,0.9985,0.6086956521739131
46,1,217,282,0.9985,0.6086956521739131
47,1,205,294,0.9985,0.6086956521739131
48,1,197,302,0.9985,0.6086956521739131
49,1,190,309,0.9985,0.6086956521739131
50,1,181,318,0.9988333333333334,0.6956521739130435
51,0,179,321,1.0,
52,0,172,328,1.0,
53,0,168,332,1.0,
54,0,159,341,1.0,
55,0,156,344,1.0,
56,0,144,356,1.0,
57,0,139,361,1.0,
58,0,133,367,1.0,
59,0,126,374,1.0,
60,0,121,379,1.0,
61,0,118,382,1.0,
62,0,111,389,1.0,
63,0,106,394,1.0,
64,0,100,400,1.0,
65,0,96,404,1.0,
66,0,93,407,1.0,
67,0,93,407,1.0,
68,0,90,410,1.0,
69,0,87,413,1.0,
70,0,85,415,1.0,
71,0,82,418,1.0,
72,0,79,421,1.0,
73,0,76,424,1.0,
74,0,70,430,1.0,
75,0,67,433,1.0,
76,0,62,438,1.0,
77,0,60,440,1.0,
78,0,60,440,1.0,
79,0,56,444,1.0,
80,0,54,446,1.0,
81,0,54,446,1.0,
82,0,54,446,1.0,
83,0,52,448,1.0,
84,0,48,452,1.0,
85,0,48,452,1.0,
86,0,47,453,1.0,
87,0,42,458,1.0,
88,0,37,463,1.0,
89,0,36,464,1.0,
90,0,34,466,1.0,
91,0,33,467,1.0,
92,0,32,468,1.0,
93,0,31,469,1.0,
94,0,30,470,1.0,
95,0,28,472,1.0,
96,0,28,472,1.0,
97,0,28,472,1.0,
98,0,27,473,1.0,
99,0,25,475,1.0,
100,0,24,476,1.0,
101,0,24,476,1.0,
102,0,24,476,1.0,
103,0,24,476,1.0,
104,0,23,477,1.0,
105,0,21,479,1.0,
106,0,21,479,1.0,
107,0,20,480,1.0,
108,0,20,480,1.0,
109,0,18,482,1.0,
110,0,18,482,1.0,
111,0,17,483,1.0,
112,0,16,484,1.0,
113,0,15,485,1.0,
114,0,15,485,1.0,
115,0,15,485,1.0,
116,0,14,486,1.0,
117,0,12,488,1.0,
118,0,11,489,1.0,
119,0,11,489,1.0,
120,0,11,489,1.0,
121,0,10,490,1.0,
122,0,10,490,1.0,
123,0,9,491,1.0,
124,0,8,492,1.0,
125,0,7,493,1.0,
126,0,7,493,1.0,
127,0,7,493,1.0,
128,0,7,493,1.0,
129,0,7,493,1.0,
130,0,7,493,1.0,
131,0,7,493,1.0,
132,0,6,494,1.0,
133,0,5,495,1.0,
134,0,5,495,1.0,
135,0,4,496,1.0,
136,0,4,496,1.0,
137,0,4,496,1.0,
138,0,4,496,1.0,
139,0,4,496,1.0,
140,0,4,496,1.0,
141,0,4,496,1.0,
142,0,4,496,1.0,
143,0,4,496,1.0,
144,0,4,496,1.0,
145,0,3,497,1.0,
146,0,3,497,1.0,
147,0,3,497,1.0,
148,0,3,497,1.0,
149,0,3,497,1.0,
150,0,3,497,1.0,
151,0,3,497,1.0,
152,0,3,497,1.0,
153,0,3,497,1.0,
154,0,3,497,1.0,
155,0,3,497,1.0,
156,0,3,497,1.0,
157,0,3,497,1.0,
158,0,3,497,1.0,
159,0,3,497,1.0,
160,0,3,497,1.0,
161,0,3,497,1.0,
162,0,2,498,1.0,
163,0,2,498,1.0,
164,0,2,498,1.0,
165,0,1,499,1.0,
166,0,1,499,1.0,
167,0,1,499,1.0,
168,0,1,499,1.0,
169,0,0,500,1.0,
170,0,0,500,1.0,
171,0,0,500,1.0,
172,0,0,500,1.0,
173,0,0,500,1.0,
174,0,0,500,1.0,
175,0,0,500,1.0,
176,0,0,500,1.0,
177,0,0,500,1.0,
178,0,0,500,1.0,
179,0,0,500,1.0,
180,0,0,500,1.0,
181,0,0,500,1.0,
182,0,0,500,1.0,
183,0,0,500,1.0,
184,0,0,500,1.0,
185,0,0,500,1.0,
186,0,0,500,1.0,
187,0,0,500,1.0,
188,0,0,500,1.0,
189,0,0,500,1.0,
190,0,0,500,1.0,
191,0,0,500,1.0,
192,0,0,500,1.0,
193,0,0,500,1.0,
194,0,0,500,1.0,
195,0,0,500,1.0,
196,0,0,500,1.0,
197,0,0,500,1.0,
198,0,0,500,1.0,
199,0,0,500,1.0,
200,0,0,500,1.0,
1,499,1,0,1.0,1.0
2,496,4,0,0.9933333333333333,0.9966649472255188
3,494,6,0,0.9898333333333333,0.9949029603852698
4,492,8,0,0.987,0.9934622748819463
5,489,11,0,0.981,0.9903814910083248
6,486,14,0,0.9765,0.9880367102629581
7,482,16,2,0.9713333333333334,0.9852209058906696
8,475,23,2,0.9561666666666667,0.9770053490369279
9,470,28,2,0.9493333333333334,0.9731586882128047
10,458,37,5,0.9371666666666667,0.9659330581449433
11,447,46,7,0.9268333333333333,0.9592984546821721
12,435,56,9,0.9138333333333334,0.9506863090266389
13,419,72,9,0.8975,0.9390080302558252
14,400,89,11,0.869,0.9183218059114799
15,372,113,15,0.8376666666666667,0.8911850508373416
16,338,143,19,0.8056666666666666,0.8564543240302182
17,310,165,25,0.7813333333333333,0.8236295560706499
18,278,190,32,0.754,0.7786855158187657
19,255,205,40,0.7551666666666667,0.7601791686574295
20,223,226,51,0.7653333333333333,0.7367473220222296
21,195,248,57,0.7615,0.6939486889921673
22,179,250,71,0.776,0.6869555899529182
23,158,262,80,0.783,0.6563577795347195
24,137,271,92,0.8043333333333333,0.6425078259305489
25,110,278,112,0.8335,0.6193722871331565
26,92,283,125,0.8506666666666667,0.5915839909932538
27,76,291,133,0.8745,0.5848239013084552
28,62,295,143,0.8961666666666667,0.576699604743083
29,50,297,153,0.9146666666666666,0.5695831357048747
30,33,301,166,0.942,0.5557260350540982
31,25,298,177,0.9575,0.5714129117259552
32,21,289,190,0.9651666666666666,0.5817441495702366
33,15,286,199,0.9753333333333334,0.5817303469477383
34,11,278,211,0.9835,0.6173793268654929
35,10,271,219,0.9853333333333333,0.6277997364953887
36,8,263,229,0.9886666666666667,0.6409543807641633
37,8,253,239,0.989,0.6518445322793148
38,8,239,253,0.9896666666666667,0.6726778656126482
39,8,228,264,0.9898333333333333,0.6783596837944664
40,6,219,275,0.9931666666666666,0.7127525252525252
41,5,211,284,0.9941666666666666,0.7045454545454545
42,4,202,294,0.9961666666666666,0.7556818181818181
43,4,194,302,0.9961666666666666,0.7556818181818181
44,4,191,305,0.9961666666666666,0.7556818181818181
45,2,185,313,0.9981666666666666,0.7613636363636364
46,2,176,322,0.9983333333333333,0.7821969696969697
47,2,171,327,0.9983333333333333,0.7821969696969697
48,1,165,334,0.9991666666666666,0.7916666666666666
49,1,160,339,0.9991666666666666,0.7916666666666666
50,1,154,345,0.9993333333333333,0.8333333333333334
51,1,147,352,0.9993333333333333,0.8333333333333334
52,1,140,359,0.9993333333333333,0.8333333333333334
53,1,136,363,0.9993333333333333,0.8333333333333334
54,1,131,368,0.9993333333333333,0.8333333333333334
55,1,127,372,0.9993333333333333,0.8333333333333334
56,1,118,381,0.9993333333333333,0.8333333333333334
57,1,115,384,0.9993333333333333,0.8333333333333334
58,1,110,389,0.9993333333333333,0.8333333333333334
59,1,109,390,0.9993333333333333,0.8333333333333334
60,0,104,396,1.0,
61,0,99,401,1.0,
62,0,95,405,1.0,
63,0,89,411,1.0,
64,0,87,413,1.0,
65,0,86,414,1.0,
66,0,82,418,1.0,
67,0,81,419,1.0,
68,0,78,422,1.0,
69,0,77,423,1.0,
70,0,74,426,1.0,
71,0,73,427,1.0,
72,0,72,428,1.0,
73,0,69,431,1.0,
74,0,68,432,1.0,
75,0,64,436,1.0,
76,0,60,440,1.0,
77,0,56,444,1.0,
78,0,52,448,1.0,
79,0,51,449,1.0,
80,0,50,450,1.0,
81,0,48,452,1.0,
82,0,44,456,1.0,
83,0,44,456,1.0,
84,0,43,457,1.0,
85,0,42,458,1.0,
86,0,41,459,1.0,
87,0,41,459,1.0,
88,0,38,462,1.0,
89,0,37,463,1.0,
90,0,36,464,1.0,
91,0,34,466,1.0,
92,0,34,466,1.0,
93,0,31,469,1.0,
94,0,31,469,1.0,
95,0,30,470,1.0,
96,0,28,472,1.0,
97,0,28,472,1.0,
98,0,27,473,1.0,
99,0,26,474,1.0,
100,0,23,477,1.0,
101,0,21,479,1.0,
102,0,21,479,1.0,
103,0,17,483,1.0,
104,0,15,485,1.0,
105,0,14,486,1.0,
106,0,14,486,1.0,
107,0,12,488,1.0,
108,0,10,490,1.0,
109,0,9,491,1.0,
110,0,9,491,1.0,
111,0,8,492,1.0,
112,0,8,492,1.0,
113,0,8,492,1.0,
114,0,6,494,1.0,
115,0,6,494,1.0,
116,0,6,494,1.0,
117,0,6,494,1.0,
118,0,6,494,1.0,
119,0,6,494,1.0,
120,0,5,495,1.0,
121,0,5,495,1.0,
122,0,4,496,1.0,
123,0,3,497,1.0,
124,0,3,497,1.0,
125,0,2,498,1.0,
126,0,2,498,1.0,
127,0,2,498,1.0,
128,0,2,498,1.0,
129,0,2,498,1.0,
130,0,2,498,1.0,
131,0,2,498,1.0,
132,0,2,498,1.0,
133,0,2,498,1.0,
134,0,2,498,1.0,
135,0,2,498,1.0,
136,0,2,498,1.0,
137,0,2,498,1.0,
138,0,2,498,1.0,
139,0,2,498,1.0,
140,0,2,498,1.0,
141,0,2,498,1.0,
142,0,2,498,1.0,
143,0,2,498,1.0,
144,0,2,498,1.0,
145,0,2,498,1.0,
146,0,2,498,1.0,
147,0,2,498,1.0,
148,0,2,498,1.0,
149,0,1,499,1.0,
150,0,1,499,1.0,
151,0,1,499,1.0,
152,0,1,499,1.0,
153,0,1,499,1.0,
154,0,1,499,1.0,
155,0,1,499,1.0,
156,0,1,499,1.0,
157,0,1,499,1.0,
158,0,1,499,1.0,
159,0,1,499,1.0,
160,0,0,500,1.0,
161,0,0,500,1.0,
162,0,0,500,1.0,
163,0,0,500,1.0,
164,0,0,500,1.0,
165,0,0,500,1.0,
166,0,0,500,1.0,
167,0,0,500,1.0,
168,0,0,500,1.0,
169,0,0,500,1.0,
170,0,0,500,1.0,
171,0,0,500,1.0,
172,0,0,500,1.0,
173,0,0,500,1.0,
174,0,0,500,1.0,
175,0,0,500,1.0,
176,0,0,500,1.0,
177,0,0,500,1.0,
178,0,0,500,1.0,
179,0,0,500,1.0,
180,0,0,500,1.0,
181,0,0,500,1.0,
182,0,0,500,1.0,
183,0,0,500,1.0,
184,0,0,500,1.0,
185,0,0,500,1.0,
186,0,0,500,1.0,
187,0,0,500,1.0,
188,0,0,500,1.0,
189,0,0,500,1.0,
190,0,0,500,1.0,
191,0,0,500,1.0,
192,0,0,500,1.0,
193,0,0,500,1.0,
194,0,0,500,1.0,
195,0,0,500,1.0,
196,0,0,500,1.0,
197,0,0,500,1.0,
198,0,0,500,1.0,
199,0,0,500,1.0,
200,0,0,500,1.0,
1,495,4,1,0.9933333333333333,1.0
2,494,5,1,0.9913333333333333,0.9989759314536616
3,491,8,1,0.9861666666666666,0.9962771089538318
4,489,9,2,0.985,0.9956891242917874
5,482,14,4,0.98,0.9930084196444497
6,479,16,5,0.9798333333333333,0.9928921855098618
7,475,19,6,0.9776666666666667,0.9915773427746514
8,469,25,6,0.9663333333333334,0.9854068740009729
9,461,32,7,0.9588333333333333,0.9809600814518143
10,457,36,7,0.9565,0.9794391600623671
11,446,47,7,0.9386666666666666,0.9686509628416139
12,426,65,9,0.9091666666666667,0.9497714995973975
13,413,74,13,0.8925,0.9380097414030891
14,392,93,15,0.861,0.9145025047997585
15,372,108,20,0.8433333333333334,0.8978203051237217
16,346,130,24,0.8151666666666667,0.8694322044538269
17,320,149,31,0.7976666666666666,0.844731073893208
18,291,168,41,0.7915,0.8239423814429372
19,267,184,49,0.7763333333333333,0.7934088120795849
20,240,202,58,0.7723333333333333,0.7655343522453275
21,212,224,64,0.7811666666666667,0.7442306975671135
22,191,228,81,0.785,0.7208560758034165
23,171,236,93,0.7941666666666667,0.7012996711155408
24,142,259,99,0.8051666666666667,0.6596046811759069
25,115,270,115,0.832,0.6363663517908776
26,95,279,126,0.8535,0.6159880266409015
27,83,282,135,0.8701666666666666,0.609840410182699
28,62,291,147,0.9013333333333333,0.6026080931728114
29,54,288,158,0.9136666666666666,0.60103371974396
30,43,280,177,0.9361666666666667,0.6296998752652841
31,35,281,184,0.9468333333333333,0.6229081133098042
32,28,279,193,0.9573333333333334,0.6215357766659497
33,25,270,205,0.9613333333333334,0.6156111449953388
34,17,264,219,0.9731666666666666,0.6055364084240175
35,15,256,229,0.9773333333333334,0.623507883832892
36,15,242,243,0.9781666666666666,0.6374544262734327
37,10,236,254,0.9858333333333333,0.6446094824577353
38,7,237,256,0.9896666666666667,0.6279372043279364
39,6,231,263,0.9918333333333333,0.6559407452157345
40,5,221,274,0.9935,0.6700593774222257
41,4,213,283,0.995,0.680784690300118
42,3,204,293,0.9965,0.7041137606842341
43,3,194,303,0.9968333333333333,0.733199354929366
44,2,187,311,0.9983333333333333,0.7944002928201643
45,2,183,315,0.9983333333333333,0.7944002928201643
46,1,182,317,0.9991666666666666,0.7944002928201643
47,1,169,330,0.9991666666666666,0.7944002928201643
48,0,166,334,1.0,
49,0,163,337,1.0,
50,0,154,346,1.0,
51,0,149,351,1.0,
52,0,138,362,1.0,
53,0,133,367,1.0,
54,0,126,374,1.0,
55,0,122,378,1.0,
56,0,117,383,1.0,
57,0,113,387,1.0,
58,0,108,392,1.0,
59,0,99,401,1.0,
60,0,96,404,1.0,
61,0,95,405,1.0,
62,0,89,411,1.0,
63,0,88,412,1.0,
64,0,85,415,1.0,
65,0,81,419,1.0,
66,0,79,421,1.0,
67,0,75,425,1.0,
68,0,71,429,1.0,
69,0,66,434,1.0,
70,0,64,436,1.0,
71,0,61,439,1.0,
72,0,57,443,1.0,
73,0,57,443,1.0,
74,0,54,446,1.0,
75,0,53,447,1.0,
76,0,51,449,1.0,
77,0,51,449,1.0,
78,0,46,454,1.0,
79,0,46,454,1.0,
80,0,45,455,1.0,
81,0,44,456,1.0,
82,0,43,457,1.0,
83,0,43,457,1.0,
84,0,42,458,1.0,
85,0,42,458,1.0,
86,0,41,459,1.0,
87,0,41,459,1.0,
88,0,37,463,1.0,
89,0,35,465,1.0,
90,0,34,466,1.0,
91,0,30,470,1.0,
92,0,29,471,1.0,
93,0,28,472,1.0,
94,0,26,474,1.0,
95,0,26,474,1.0,
96,0,25,475,1.0,
97,0,25,475,1.0,
98,0,23,477,1.0,
99,0,23,477,1.0,
100,0,21,479,1.0,
101,0,21,479,1.0,
102,0,20,480,1.0,
103,0,20,480,1.0,
104,0,20,480,1.0,
105,0,20,480,1.0,
106,0,20,480,1.0,
107,0,20,480,1.0,
108,0,20,480,1.0,
109,0,19,481,1.0,
110,0,18,482,1.0,
111,0,16,484,1.0,
112,0,14,486,1.0,
113,0,13,487,1.0,
114,0,13,487,1.0,
115,0,11,489,1.0,
116,0,11,489,1.0,
117,0,11,489,1.0,
118,0,10,490,1.0,
119,0,10,490,1.0,
120,0,10,490,1.0,
121,0,9,491,1.0,
122,0,8,492,1.0,
123,0,8,492,1.0,
124,0,8,492,1.0,
125,0,7,493,1.0,
126,0,7,493,1.0,
127,0,6,494,1.0,
128,0,6,494,1.0,
129,0,6,494,1.0,
130,0,6,494,1.0,
131,0,6,494,1.0,
132,0,6,494,1.0,
133,0,6,494,1.0,
134,0,6,494,1.0,
135,0,5,495,1.0,
136,0,5,495,1.0,
137,0,4,496,1.0,
138,0,4,496,1.0,
139,0,4,496,1.0,
140,0,4,496,1.0,
141,0,4,496,1.0,
142,0,4,496,1.0,
143,0,4,496,1.0,
144,0,4,496,1.0,
145,0,4,496,1.0,
146,0,4,496,1.0,
147,0,4,496,1.0,
148,0,4,496,1.0,
149,0,4,496,1.0,
150,0,4,496,1.0,
151,0,4,496,1.0,
152,0,4,496,1.0,
153,0,4,496,1.0,
154,0,4,496,1.0,
155,0,4,496,1.0,
156,0,4,496,1.0,
157,0,4,496,1.0,
158,0,4,496,1.0,
159,0,4,496,1.0,
160,0,3,497,1.0,
161,0,3,497,1.0,
162,0,3,497,1.0,
163,0,3,497,1.0,
164,0,3,497,1.0,
165,0,3,497,1.0,
166,0,3,497,1.0,
167,0,3,497,1.0,
168,0,3,497,1.0,
169,0,3,497,1.0,
170,0,2,498,1.0,
171,0,2,498,1.0,
172,0,1,499,1.0,
173,0,1,499,1.0,
174,0,1,499,1.0,
175,0,1,499,1.0,
176,0,1,499,1.0,
177,0,1,499,1.0,
178,0,1,499,1.0,
179,0,1,499,1.0,
180,0,1,499,1.0,
181,0,1,499,1.0,
182,0,1,499,1.0,
183,0,1,499,1.0,
184,0,1,499,1.0,
185,0,1,499,1.0,
186,0,1,499,1.0,
187,0,1,499,1.0,
188,0,1,499,1.0,
189,0,1,499,1.0,
190,0,1,499,1.0,
191,0,1,499,1.0,
192,0,1,499,1.0,
193,0,1,499,1.0,
194,0,1,499,1.0,
195,0,1,499,1.0,
196,0,1,499,1.0,
197,0,1,499,1.0,
198,0,1,499,1.0,
199,0,1,499,1.0,
200,0,1,499,1.0,
1,498,2,0,0.9968333333333333,0.9984164528795225
2,498,1,1,1.0,1.0
3,498,1,1,1.0,1.0
4,495,4,1,0.9936666666666667,0.9967776252440284
5,494,5,1,0.9918333333333333,0.995834494526186
6,493,6,1,0.9895,0.9946453459818837
7,492,7,1,0.9891666666666666,0.994461403742952
8,487,12,1,0.9821666666666666,0.9908104285976798
9,484,13,3,0.9798333333333333,0.9895412787296546
10,479,16,5,0.9765,0.987681483745748
11,475,19,6,0.9736666666666667,0.986090862760428
12,470,23,7,0.9683333333333334,0.9830597718655072
13,463,29,8,0.963,0.9799688276164941
14,454,38,8,0.948,0.9712553972236025
15,441,51,8,0.9305,0.9603900463429202
16,430,61,9,0.9141666666666667,0.9498441630084704
17,419,68,13,0.9091666666666667,0.9454602185119981
18,403,80,17,0.8928333333333334,0.933137634094048
19,386,94,20,0.8771666666666667,0.9198279751461774
20,372,105,23,0.8696666666666667,0.9115980762264072
21,352,119,29,0.8628333333333333,0.9017826962645391
22,331,131,38,0.8576666666666667,0.8917348690880808
23,311,149,40,0.8376666666666667,0.8686685546513591
24,284,169,47,0.8175,0.8383136455694631
25,253,192,55,0.8145,0.8154493787386037
26,223,221,56,0.7883333333333333,0.7615456597733844
27,194,241,65,0.788,0.725643361029959
28,170,258,72,0.7968333333333333,0.7001806848545978
29,143,276,81,0.806,0.6594158297137928
30,125,287,88,0.8205,0.6409753563023126
31,107,289,104,0.8403333333333334,0.6271639562598522
32,95,289,116,0.853,0.6130076148954867
33,77,296,127,0.8751666666666666,0.5958054181007316
34,63,288,149,0.9033333333333333,0.6162265811023576
35,47,294,159,0.9261666666666667,0.6062932750259299
36,40,291,169,0.9348333333333333,0.5904344532279314
37,34,279,187,0.9448333333333333,0.590994923661164
38,25,283,192,0.9598333333333333,0.5947486166007905
39,22,276,202,0.9648333333333333,0.5963941789435862
40,17,271,212,0.9721666666666666,0.58552662171588
41,12,262,226,0.981,0.6036111111111111
42,11,255,234,0.9831666666666666,0.6153030303030302
43,11,235,254,0.9838333333333333,0.630467720685112
44,9,228,263,0.9871666666666666,0.6392914653784219
45,9,218,273,0.9875,0.6487520128824477
46,8,207,285,0.99,0.6834239130434783
47,8,197,295,0.9903333333333333,0.6940670289855072
48,7,192,301,0.992,0.7101449275362318
49,6,190,304,0.9925,0.6835748792270532
50,6,179,315,0.993,0.7047101449275363
51,5,171,324,0.9943333333333333,0.7130434782608696
52,4,162,334,0.9958333333333333,0.7350543478260869
53,3,160,337,0.9973333333333333,0.7717391304347826
54,3,157,340,0.9973333333333333,0.7717391304347826
55,3,152,345,0.9975,0.7862318840579711
56,3,145,352,0.9976666666666667,0.8007246376811595
57,3,141,356,0.9976666666666667,0.8007246376811595
58,2,136,362,0.998,0.7445652173913043
59,2,131,367,0.9981666666666666,0.7653985507246377
60,1,128,371,0.9991666666666666,0.7916666666666666
61,1,126,373,0.9991666666666666,0.7916666666666666
62,1,122,377,0.9991666666666666,0.7916666666666666
63,1,117,382,0.9991666666666666,0.7916666666666666
64,1,112,387,0.9991666666666666,0.7916666666666666
65,1,107,392,0.9993333333333333,0.8333333333333334
66,1,103,396,0.9993333333333333,0.8333333333333334
67,1,103,396,0.9993333333333333,0.8333333333333334
68,1,99,400,0.9993333333333333,0.8333333333333334
69,0,95,405,1.0,
70,0,92,408,1.0,
71,0,91,409,1.0,
72,0,87,413,1.0,
73,0,84,416,1.0,
74,0,77,423,1.0,
75,0,72,428,1.0,
76,0,70,430,1.0,
77,0,68,432,1.0,
78,0,65,435,1.0,
79,0,61,439,1.0,
80,0,58,442,1.0,
81,0,56,444,1.0,
82,0,54,446,1.0,
83,0,54,446,1.0,
84,0,52,448,1.0,
85,0,49,451,1.0,
86,0,47,453,1.0,
87,0,43,457,1.0,
88,0,39,461,1.0,
89,0,39,461,1.0,
90,0,36,464,1.0,
91,0,35,465,1.0,
92,0,33,467,1.0,
93,0,31,469,1.0,
94,0,29,471,1.0,
95,0,28,472,1.0,
96,0,27,473,1.0,
97,0,27,473,1.0,
98,0,26,474,1.0,
99,0,26,474,1.0,
100,0,25,475,1.0,
101,0,25,475,1.0,
102,0,23,477,1.0,
103,0,20,480,1.0,
104,0,20,480,1.0,
105,0,19,481,1.0,
106,0,17,483,1.0,
107,0,16,484,1.0,
108,0,16,484,1.0,
109,0,16,484,1.0,
110,0,14,486,1.0,
111,0,14,486,1.0,
112,0,13,487,1.0,
113,0,12,488,1.0,
114,0,12,488,1.0,
115,0,12,488,1.0,
116,0,12,488,1.0,
117,0,11,489,1.0,
118,0,10,490,1.0,
119,0,10,490,1.0,
120,0,9,491,1.0,
121,0,8,492,1.0,
122,0,7,493,1.0,
123,0,7,493,1.0,
124,0,7,493,1.0,
125,0,6,494,1.0,
126,0,6,494,1.0,
127,0,5,495,1.0,
128,0,5,495,1.0,
129,0,4,496,1.0,
130,0,4,496,1.0,
131,0,4,496,1.0,
132,0,4,496,1.0,
133,0,4,496,1.0,
134,0,4,496,1.0,
135,0,4,496,1.0,
136,0,4,496,1.0,
137,0,4,496,1.0,
138,0,4,496,1.0,
139,0,4,496,1.0,
140,0,4,496,1.0,
141,0,4,496,1.0,
142,0,3,497,1.0,
143,0,3,497,1.0,
144,0,3,497,1.0,
145,0,3,497,1.0,
146,0,3,497,1.0,
147,0,3,497,1.0,
148,0,3,497,1.0,
149,0,3,497,1.0,
150,0,3,497,1.0,
151,0,3,497,1.0,
152,0,2,498,1.0,
153,0,2,498,1.0,
154,0,2,498,1.0,
155,0,2,498,1.0,
156,0,2,498,1.0,
157,0,2,498,1.0,
158,0,2,498,1.0,
159,0,2,498,1.0,
160,0,2,498,1.0,
161,0,2,498,1.0,
162,0,2,498,1.0,
163,0,2,498,1.0,
164,0,2,498,1.0,
165,0,2,498,1.0,
166,0,2,498,1.0,
167,0,2,498,1.0,
168,0,2,498,1.0,
169,0,2,498,1.0,
170,0,2,498,1.0,
171,0,2,498,1.0,
172,0,2,498,1.0,
173,0,2,498,1.0,
174,0,1,499,1.0,
175,0,1,499,1.0,
176,0,1,499,1.0,
177,0,1,499,1.0,
178,0,0,500,1.0,
179,0,0,500,1.0,
180,0,0,500,1.0,
181,0,0,500,1.0,
182,0,0,500,1.0,
183,0,0,500,1.0,
184,0,0,500,1.0,
185,0,0,500,1.0,
186,0,0,500,1.0,
187,0,0,500,1.0,
188,0,0,500,1.0,
189,0,0,500,1.0,
190,0,0,500,1.0,
191,0,0,500,1.0,
192,0,0,500,1.0,
193,0,0,500,1.0,
194,0,0,500,1.0,
195,0,0,500,1.0,
196,0,0,500,1.0,
197,0,0,500,1.0,
198,0,0,500,1.0,
199,0,0,500,1.0,
200,0,0,500,1.0,
1,498,2,0,0.9976666666666667,1.0
2,496,4,0,0.9946666666666667,0.998466399213864
3,495,5,0,0.9931666666666666,0.9977088752497216
4,491,9,0,0.9845,0.993241066232887
5,488,12,0,0.9773333333333334,0.9894826857322578
6,485,15,0,0.974,0.9876885346977865
7,481,19,0,0.9665,0.9836711047086896
8,478,22,0,0.9618333333333333,0.9811267617288456
9,476,24,0,0.9568333333333333,0.9784076224106466
10,469,31,0,0.9498333333333333,0.9743374028602555
11,461,39,0,0.942,0.9695830977707873
12,453,46,1,0.9396666666666667,0.9678292287142284
13,442,52,6,0.9351666666666667,0.9645328426630753
14,429,59,12,0.9266666666666666,0.9584480916431932
15,412,71,17,0.9191666666666667,0.952113332831684
16,398,83,19,0.9208333333333333,0.9513623590767882
17,380,97,23,0.9041666666666667,0.9379414391495717
18,362,109,29,0.9056666666666666,0.9354945335269602
19,342,121,37,0.8983333333333333,0.9262845439911778
20,323,133,44,0.8938333333333334,0.9185250193978869
21,307,141,52,0.8846666666666667,0.9067081036435704
22,280,164,56,0.8505,0.8668446746508665
23,250,185,65,0.8323333333333334,0.832274481072049
24,228,198,74,0.823,0.8060653742518407
25,199,216,85,0.8216666666666667,0.7760314678793024
26,183,229,88,0.8205,0.7547753909548253
27,167,236,97,0.8133333333333334,0.7206570194459375
28,145,243,112,0.8326666666666667,0.7112550597554916
29,119,259,122,0.848,0.6798968371854409
30,111,260,129,0.8543333333333333,0.670882266422812
31,95,263,142,0.8715,0.6613398083620298
32,73,280,147,0.8866666666666667,0.6113407046504499
33,60,281,159,0.9015,0.5887341927615094
34,46,286,168,0.921,0.5693525408064644
35,38,279,183,0.9358333333333333,0.5776255754391358
36,32,278,190,0.9456666666666667,0.575281580371222
37,26,271,203,0.9566666666666667,0.5830131944309346
38,19,268,213,0.9681666666666666,0.5788712455426559
39,16,263,221,0.9736666666666667,0.5856221977993803
40,12,255,233,0.9818333333333333,0.6167823481902169
41,11,243,246,0.984,0.6307499885067437
42,9,240,251,0.9871666666666666,0.6365162673539061
43,6,236,258,0.9906666666666667,0.6023031616467344
44,4,228,268,0.994,0.6164657671300497
45,3,225,272,0.9955,0.6247507374442183
46,3,214,283,0.9958333333333333,0.6520052888532
47,3,210,287,0.996,0.6653544568902523
48,3,203,294,0.9961666666666666,0.6798644221479178
49,0,198,302,1.0,
50,0,190,310,1.0,
51,0,183,317,1.0,
52,0,173,327,1.0,
53,0,164,336,1.0,
54,0,160,340,1.0,
55,0,153,347,1.0,
56,0,148,352,1.0,
57,0,144,356,1.0,
58,0,141,359,1.0,
59,0,133,367,1.0,
60,0,131,369,1.0,
61,0,130,370,1.0,
62,0,125,375,1.0,
63,0,116,384,1.0,
64,0,108,392,1.0,
65,0,102,398,1.0,
66,0,96,404,1.0,
67,0,94,406,1.0,
68,0,92,408,1.0,
69,0,87,413,1.0,
70,0,85,415,1.0,
71,0,84,416,1.0,
72,0,81,419,1.0,
73,0,77,423,1.0,
74,0,76,424,1.0,
75,0,73,427,1.0,
76,0,70,430,1.0,
77,0,67,433,1.0,
78,0,65,435,1.0,
79,0,61,439,1.0,
80,0,58,442,1.0,
81,0,57,443,1.0,
82,0,54,446,1.0,
83,0,51,449,1.0,
84,0,51,449,1.0,
85,0,47,453,1.0,
86,0,47,453,1.0,
87,0,47,453,1.0,
88,0,44,456,1.0,
89,0,44,456,1.0,
90,0,40,460,1.0,
91,0,39,461,1.0,
92,0,37,463,1.0,
93,0,35,465,1.0,
94,0,34,466,1.0,
95,0,33,467,1.0,
96,0,31,469,1.0,
97,0,30,470,1.0,
98,0,29,471,1.0,
99,0,29,471,1.0,
100,0,28,472,1.0,
101,0,27,473,1.0,
102,0,26,474,1.0,
103,0,26,474,1.0,
104,0,25,475,1.0,
105,0,24,476,1.0,
106,0,22,478,1.0,
107,0,21,479,1.0,
108,0,19,481,1.0,
109,0,19,481,1.0,
110,0,17,483,1.0,
111,0,17,483,1.0,
112,0,17,483,1.0,
113,0,16,484,1.0,
114,0,15,485,1.0,
115,0,15,485,1.0,
116,0,15,485,1.0,
117,0,14,486,1.0,
118,0,14,486,1.0,
119,0,13,487,1.0,
120,0,13,487,1.0,
121,0,13,487,1.0,
122,0,12,488,1.0,
123,0,12,488,1.0,
124,0,12,488,1.0,
125,0,11,489,1.0,
126,0,11,489,1.0,
127,0,11,489,1.0,
128,0,11,489,1.0,
129,0,10,490,1.0,
130,0,10,490,1.0,
131,0,10,490,1.0,
132,0,10,490,1.0,
133,0,8,492,1.0,
134,0,8,492,1.0,
135,0,8,492,1.0,
136,0,7,493,1.0,
137,0,7,493,1.0,
138,0,7,493,1.0,
139,0,7,493,1.0,
140,0,7,493,1.0,
141,0,7,493,1.0,
142,0,6,494,1.0,
143,0,5,495,1.0,
144,0,4,496,1.0,
145,0,4,496,1.0,
146,0,4,496,1.0,
147,0,3,497,1.0,
148,0,3,497,1.0,
149,0,3,497,1.0,
150,0,3,497,1.0,
151,0,3,497,1.0,
152,0,3,497,1.0,
153,0,3,497,1.0,
154,0,3,497,1.0,
155,0,3,497,1.0,
156,0,3,497,1.0,
157,0,2,498,1.0,
158,0,2,498,1.0,
159,0,2,498,1.0,
160,0,2,498,1.0,
161,0,2,498,1.0,
162,0,2,498,1.0,
163,0,2,498,1.0,
164,0,2,498,1.0,
165,0,2,498,1.0,
166,0,2,498,1.0,
167,0,2,498,1.0,
168,0,2,498,1.0,
169,0,2,498,1.0,
170,0,2,498,1.0,
171,0,1,499,1.0,
172,0,1,499,1.0,
173,0,1,499,1.0,
174,0,1,499,1.0,
175,0,1,499,1.0,
176,0,0,500,1.0,
177,0,0,500,1.0,
178,0,0,500,1.0,
179,0,0,500,1.0,
180,0,0,500,1.0,
181,0,0,500,1.0,
182,0,0,500,1.0,
183,0,0,500,1.0,
184,0,0,500,1.0,
185,0,0,500,1.0,
186,0,0,500,1.0,
187,0,0,500,1.0,
188,0,0,500,1.0,
189,0,0,500,1.0,
190,0,0,500,1.0,
191,0,0,500,1.0,
192,0,0,500,1.0,
193,0,0,500,1.0,
194,0,0,500,1.0,
195,0,0,500,1.0,
196,0,0,500,1.0,
197,0,0,500,1.0,
198,0,0,500,1.0,
199,0,0,500,1.0,
200,0,0,500,1.0,
1,497,3,0,0.9945,0.9972420027410841
2,495,5,0,0.9911666666666666,0.9955712194407847
3,493,7,0,0.987,0.9934388688008936
4,492,8,0,0.9853333333333333,0.9925882231648404
5,489,10,1,0.9833333333333333,0.991538187961234
6,485,14,1,0.9748333333333333,0.9870989093082325
7,485,14,1,0.9748333333333333,0.9870989093082325
8,480,18,2,0.9726666666666667,0.9858591485507247
9,478,19,3,0.9713333333333334,0.9850874719543994
10,472,22,6,0.9711666666666666,0.984835881847212
11,467,26,7,0.9646666666666667,0.9810834581735801
12,460,33,7,0.9631666666666666,0.9799655295869852
13,454,39,7,0.9571666666666667,0.9763736048475563
14,442,48,10,0.9491666666666667,0.9710804583310977
15,427,59,14,0.943,0.9663665842354368
16,413,70,17,0.932,0.9586706895549931
17,405,73,22,0.9273333333333333,0.9549853209552619
18,384,92,24,0.9026666666666666,0.9363122987704058
19,364,109,27,0.8748333333333334,0.913921209340464
20,337,129,34,0.8573333333333333,0.894297869926821
21,321,138,41,0.8523333333333334,0.885281957947541
22,300,150,50,0.8418333333333333,0.868426250292917
23,267,179,54,0.814,0.8260799251891907
24,241,201,58,0.8055,0.7983733213753058
25,223,210,67,0.8026666666666666,0.7786526629858664
26,203,221,76,0.809,0.7642190331106586
27,183,228,89,0.8241666666666667,0.7591769873166879
28,164,239,97,0.8228333333333333,0.7292761206136074
29,139,255,106,0.8323333333333334,0.697897575611057
30,120,260,120,0.8463333333333334,0.6793976507925784
31,103,268,129,0.862,0.6644734641716491
32,87,271,142,0.8735,0.6365466907645817
33,71,272,157,0.8963333333333333,0.6332652967680524
34,53,283,164,0.9143333333333333,0.5944180048979065
35,43,277,180,0.9293333333333333,0.5874229058961112
36,36,272,192,0.939,0.5763953440100784
37,29,268,203,0.9508333333333333,0.577940193517405
38,24,258,218,0.9598333333333333,0.5854750144514638
39,18,254,228,0.9706666666666667,0.5903443577356621
40,15,245,240,0.9781666666666666,0.6326923076923077
41,11,239,250,0.9846666666666667,0.6486417074361737
42,11,228,261,0.9851666666666666,0.6600583211255149
43,10,215,275,0.9883333333333333,0.7058325732238775
44,8,206,286,0.9911666666666666,0.7190587944664031
45,8,201,291,0.9915,0.7294754611330698
46,7,192,301,0.9931666666666666,0.7516939582156974
47,7,185,308,0.9935,0.7641398456615848
48,6,180,314,0.9945,0.7683080808080809
49,5,178,317,0.995,0.7462121212121213
50,5,168,327,0.996,0.7962121212121213
51,5,159,336,0.9963333333333333,0.8128787878787879
52,4,152,344,0.9966666666666667,0.7869318181818181
53,4,148,348,0.997,0.8096590909090909
54,3,141,356,0.9985,0.8712121212121212
55,3,131,366,0.9986666666666667,0.8863636363636364
56,3,123,374,0.9986666666666667,0.8863636363636364
57,3,120,377,0.9986666666666667,0.8863636363636364
58,3,117,380,0.999,0.914141414141414
59,3,112,385,0.999,0.914141414141414
60,3,103,394,0.999,0.914141414141414
61,3,100,397,0.9993333333333333,0.9419191919191919
62,3,96,401,0.9993333333333333,0.9419191919191919
63,3,94,403,0.9993333333333333,0.9419191919191919
64,3,89,408,0.9995,0.9570707070707071
65,3,85,412,0.9995,0.9570707070707071
66,3,82,415,0.9995,0.9570707070707071
67,3,76,421,0.9995,0.9570707070707071
68,3,73,424,0.9995,0.9570707070707071
69,3,68,429,0.9995,0.9570707070707071
70,3,64,433,0.9996666666666667,0.9722222222222223
71,3,59,438,0.9996666666666667,0.9722222222222223
72,3,57,440,0.9996666666666667,0.9722222222222223
73,3,55,442,0.9996666666666667,0.9722222222222223
74,3,52,445,1.0,1.0
75,3,51,446,1.0,1.0
76,3,50,447,1.0,1.0
77,3,47,450,1.0,1.0
78,3,44,453,1.0,1.0
79,3,43,454,1.0,1.0
80,3,41,456,1.0,1.0
81,3,39,458,1.0,1.0
82,3,37,460,1.0,1.0
83,3,35,462,1.0,1.0
84,3,35,462,1.0,1.0
85,3,32,465,1.0,1.0
86,3,31,466,1.0,1.0
87,3,30,467,1.0,1.0
88,3,30,467,1.0,1.0
89,3,27,470,1.0,1.0
90,3,26,471,1.0,1.0
91,3,25,472,1.0,1.0
92,3,25,472,1.0,1.0
93,3,24,473,1.0,1.0
94,3,24,473,1.0,1.0
95,3,23,474,1.0,1.0
96,3,21,476,1.0,1.0
97,3,21,476,1.0,1.0
98,3,21,476,1.0,1.0
99,3,21,476,1.0,1.0
100,3,21,476,1.0,1.0
101,3,21,476,1.0,1.0
102,3,19,478,1.0,1.0
103,3,18,479,1.0,1.0
104,3,18,479,1.0,1.0
105,3,18,479,1.0,1.0
106,3,18,479,1.0,1.0
107,3,18,479,1.0,1.0
108,3,17,480,1.0,1.0
109,3,16,481,1.0,1.0
110,3,16,481,1.0,1.0
111,3,16,481,1.0,1.0
112,3,16,481,1.0,1.0
113,3,15,482,1.0,1.0
114,3,15,482,1.0,1.0
115,3,15,482,1.0,1.0
116,3,14,483,1.0,1.0
117,3,14,483,1.0,1.0
118,3,14,483,1.0,1.0
119,3,13,484,1.0,1.0
120,3,13,484,1.0,1.0
121,3,13,484,1.0,1.0
122,3,12,485,1.0,1.0
123,3,12,485,1.0,1.0
124,3,12,485,1.0,1.0
125,3,11,486,1.0,1.0
126,3,11,486,1.0,1.0
127,3,11,486,1.0,1.0
128,3,11,486,1.0,1.0
129,3,10,487,1.0,1.0
130,3,9,488,1.0,1.0
131,3,9,488,1.0,1.0
132,3,9,488,1.0,1.0
133,3,9,488,1.0,1.0
134,3,8,489,1.0,1.0
135,3,8,489,1.0,1.0
136,3,8,489,1.0,1.0
137,3,8,489,1.0,1.0
138,3,8,489,1.0,1.0
139,3,7,490,1.0,1.0
140,3,7,490,1.0,1.0
141,3,6,491,1.0,1.0
142,3,5,492,1.0,1.0
143,3,4,493,1.0,1.0
144,3,4,493,1.0,1.0
145,3,4,493,1.0,1.0
146,3,4,493,1.0,1.0
147,3,4,493,1.0,1.0
148,3,4,493,1.0,1.0
149,3,4,493,1.0,1.0
150,3,4,493,1.0,1.0
151,3,4,493,1.0,1.0
152,3,4,493,1.0,1.0
153,3,4,493,1.0,1.0
154,3,4,493,1.0,1.0
155,3,4,493,1.0,1.0
156,3,4,493,1.0,1.0
157,3,4,493,1.0,1.0
158,3,4,493,1.0,1.0
159,3,4,493,1.0,1.0
160,3,4,493,1.0,1.0
161,3,4,493,1.0,1.0
162,3,3,494,1.0,1.0
163,3,3,494,1.0,1.0
164,3,3,494,1.0,1.0
165,3,3,494,1.0,1.0
166,3,3,494,1.0,1.0
167,3,3,494,1.0,1.0
168,3,3,494,1.0,1.0
169,3,3,494,1.0,1.0
170,3,3,494,1.0,1.0
171,3,3,494,1.0,1.0
172,3,3,494,1.0,1.0
173,3,3,494,1.0,1.0
174,3,3,494,1.0,1.0
175,3,3,494,1.0,1.0
176,3,2,495,1.0,1.0
177,3,2,495,1.0,1.0
178,3,2,495,1.0,1.0
179,3,2,495,1.0,1.0
180,3,2,495,1.0,1.0
181,3,2,495,1.0,1.0
182,3,2,495,1.0,1.0
183,3,2,495,1.0,1.0
184,3,2,495,1.0,1.0
185,3,2,495,1.0,1.0
186,3,2,495,1.0,1.0
187,3,2,495,1.0,1.0
188,3,2,495,1.0,1.0
189,3,1,496,1.0,1.0
190,3,1,496,1.0,1.0
191,3,0,497,1.0,1.0
192,3,0,497,1.0,1.0
193,3,0,497,1.0,1.0
194,3,0,497,1.0,1.0
195,3,0,497,1.0,1.0
196,3,0,497,1.0,1.0
197,3,0,497,1.0,1.0
198,3,0,497,1.0,1.0
199,3,0,497,1.0,1.0
200,3,0,497,1.0,1.0
