day,s,i,r,edgecount,suscedgecount
1,498,1,1,1.0,1.0
2,497,1,2,1.0,1.0
3,494,4,2,0.9935454545454545,0.9967330224532842
4,489,9,2,0.9847272727272727,0.9922564585388538
5,481,16,3,0.9682727272727273,0.9835524406049927
6,463,34,3,0.9363636363636364,0.965834911391719
7,443,53,4,0.9031818181818182,0.945618141726783
8,406,87,7,0.8553636363636363,0.9111125211462506
9,370,123,7,0.8147272727272727,0.8750456745280646
10,306,179,15,0.7917272727272727,0.8297405526694462
11,243,230,27,0.7930909090909091,0.7865482001007215
12,179,285,36,0.823,0.7507709367869636
13,122,332,46,0.878,0.7470520568011
14,75,364,61,0.9303636363636364,0.7644997264440895
15,30,392,78,0.9821818181818182,0.8491095366052825
16,9,396,95,0.9976363636363637,0.9316689070612306
17,2,386,112,0.9994545454545455,0.9294019933554818
18,0,370,130,1.0,
19,0,354,146,1.0,
20,0,342,158,1.0,
21,0,330,170,1.0,
22,0,322,178,1.0,
23,0,309,191,1.0,
24,0,298,202,1.0,
25,0,284,216,1.0,
26,0,272,228,1.0,
27,0,263,237,1.0,
28,0,253,247,1.0,
29,0,243,257,1.0,
30,0,237,263,1.0,
31,0,228,272,1.0,
32,0,223,277,1.0,
33,0,217,283,1.0,
34,0,208,292,1.0,
35,0,202,298,1.0,
36,0,189,311,1.0,
37,0,179,321,1.0,
38,0,169,331,1.0,
39,0,162,338,1.0,
40,0,154,346,1.0,
41,0,147,353,1.0,
42,0,146,354,1.0,
43,0,138,362,1.0,
44,0,127,373,1.0,
45,0,123,377,1.0,
46,0,115,385,1.0,
47,0,109,391,1.0,
48,0,106,394,1.0,
49,0,103,397,1.0,
50,0,99,401,1.0,
51,0,95,405,1.0,
52,0,91,409,1.0,
53,0,87,413,1.0,
54,0,80,420,1.0,
55,0,78,422,1.0,
56,0,77,423,1.0,
57,0,75,425,1.0,
58,0,73,427,1.0,
59,0,68,432,1.0,
60,0,64,436,1.0,
61,0,61,439,1.0,
62,0,56,444,1.0,
63,0,55,445,1.0,
64,0,53,447,1.0,
65,0,52,448,1.0,
66,0,49,451,1.0,
67,0,47,453,1.0,
68,0,45,455,1.0,
69,0,43,457,1.0,
70,0,41,459,1.0,
71,0,38,462,1.0,
72,0,37,463,1.0,
73,0,36,464,1.0,
74,0,35,465,1.0,
75,0,35,465,1.0,
76,0,35,465,1.0,
77,0,32,468,1.0,
78,0,31,469,1.0,
79,0,30,470,1.0,
80,0,29,471,1.0,
81,0,27,473,1.0,
82,0,25,475,1.0,
83,0,23,477,1.0,
84,0,23,477,1.0,
85,0,22,478,1.0,
86,0,21,479,1.0,
87,0,20,480,1.0,
88,0,19,481,1.0,
89,0,18,482,1.0,
90,0,18,482,1.0,
91,0,17,483,1.0,
92,0,17,483,1.0,
93,0,15,485,1.0,
94,0,13,487,1.0,
95,0,13,487,1.0,
96,0,13,487,1.0,
97,0,13,487,1.0,
98,0,13,487,1.0,
99,0,13,487,1.0,
100,0,13,487,1.0,
101,0,12,488,1.0,
102,0,12,488,1.0,
103,0,12,488,1.0,
104,0,11,489,1.0,
105,0,10,490,1.0,
106,0,10,490,1.0,
107,0,10,490,1.0,
108,0,10,490,1.0,
109,0,9,491,1.0,
110,0,9,491,1.0,
111,0,9,491,1.0,
112,0,9,491,1.0,
113,0,9,491,1.0,
114,0,9,491,1.0,
115,0,9,491,1.0,
116,0,9,491,1.0,
117,0,9,491,1.0,
118,0,9,491,1.0,
119,0,8,492,1.0,
120,0,8,492,1.0,
121,0,7,493,1.0,
122,0,7,493,1.0,
123,0,7,493,1.0,
124,0,7,493,1.0,
125,0,7,493,1.0,
126,0,7,493,1.0,
127,0,7,493,1.0,
128,0,7,493,1.0,
129,0,7,493,1.0,
130,0,7,493,1.0,
131,0,7,493,1.0,
132,0,7,493,1.0,
133,0,7,493,1.0,
134,0,7,493,1.0,
135,0,6,494,1.0,
136,0,6,494,1.0,
137,0,5,495,1.0,
138,0,5,495,1.0,
139,0,5,495,1.0,
140,0,5,495,1.0,
141,0,5,495,1.0,
142,0,5,495,1.0,
143,0,4,496,1.0,
144,0,4,496,1.0,
145,0,2,498,1.0,
146,0,2,498,1.0,
147,0,2,498,1.0,
148,0,1,499,1.0,
149,0,1,499,1.0,
150,0,1,499,1.0,
151,0,1,499,1.0,
152,0,1,499,1.0,
153,0,0,500,1.0,
154,0,0,500,1.0,
155,0,0,500,1.0,
156,0,0,500,1.0,
157,0,0,500,1.0,
158,0,0,500,1.0,
159,0,0,500,1.0,
160,0,0,500,1.0,
161,0,0,500,1.0,
162,0,0,500,1.0,
163,0,0,500,1.0,
164,0,0,500,1.0,
165,0,0,500,1.0,
166,0,0,500,1.0,
167,0,0,500,1.0,
168,0,0,500,1.0,
169,0,0,500,1.0,
170,0,0,500,1.0,
171,0,0,500,1.0,
172,0,0,500,1.0,
173,0,0,500,1.0,
174,0,0,500,1.0,
175,0,0,500,1.0,
176,0,0,500,1.0,
177,0,0,500,1.0,
178,0,0,500,1.0,
179,0,0,500,1.0,
180,0,0,500,1.0,
181,0,0,500,1.0,
182,0,0,500,1.0,
183,0,0,500,1.0,
184,0,0,500,1.0,
185,0,0,500,1.0,
186,0,0,500,1.0,
187,0,0,500,1.0,
188,0,0,500,1.0,
189,0,0,500,1.0,
190,0,0,500,1.0,
191,0,0,500,1.0,
192,0,0,500,1.0,
193,0,0,500,1.0,
194,0,0,500,1.0,
195,0,0,500,1.0,
196,0,0,500,1.0,
197,0,0,500,1.0,
198,0,0,500,1.0,
199,0,0,500,1.0,
200,0,0,500,1.0,
1,496,4,0,0.9928181818181818,1.0
2,489,11,0,0.9814545454545455,0.9941385351375849
3,480,19,1,0.9633636363636363,0.9845132967469538
4,460,39,1,0.9259090909090909,0.9632250113921687
5,432,64,4,0.8783636363636363,0.9329555489356028
6,397,96,7,0.8279090909090909,0.8948658917900623
7,345,147,8,0.7687272727272727,0.8352580109653086
8,294,191,15,0.7503636363636363,0.790016339880656
9,224,249,27,0.7782727272727272,0.7541680136074083
10,167,289,44,0.8256363636363636,0.7399475945910107
11,103,337,60,0.9004545454545455,0.7582879215496635
12,37,390,73,0.98,0.8640605213782883
13,5,402,93,0.9978181818181818,0.8905040585415853
14,0,388,112,1.0,
15,0,373,127,1.0,
16,0,358,142,1.0,
17,0,337,163,1.0,
18,0,321,179,1.0,
19,0,305,195,1.0,
20,0,286,214,1.0,
21,0,277,223,1.0,
22,0,264,236,1.0,
23,0,253,247,1.0,
24,0,247,253,1.0,
25,0,241,259,1.0,
26,0,235,265,1.0,
27,0,226,274,1.0,
28,0,218,282,1.0,
29,0,209,291,1.0,
30,0,202,298,1.0,
31,0,193,307,1.0,
32,0,182,318,1.0,
33,0,172,328,1.0,
34,0,168,332,1.0,
35,0,162,338,1.0,
36,0,157,343,1.0,
37,0,150,350,1.0,
38,0,142,358,1.0,
39,0,137,363,1.0,
40,0,131,369,1.0,
41,0,122,378,1.0,
42,0,116,384,1.0,
43,0,110,390,1.0,
44,0,106,394,1.0,
45,0,103,397,1.0,
46,0,98,402,1.0,
47,0,94,406,1.0,
48,0,91,409,1.0,
49,0,88,412,1.0,
50,0,82,418,1.0,
51,0,80,420,1.0,
52,0,77,423,1.0,
53,0,73,427,1.0,
54,0,70,430,1.0,
55,0,66,434,1.0,
56,0,60,440,1.0,
57,0,58,442,1.0,
58,0,57,443,1.0,
59,0,57,443,1.0,
60,0,56,444,1.0,
61,0,53,447,1.0,
62,0,49,451,1.0,
63,0,49,451,1.0,
64,0,46,454,1.0,
65,0,44,456,1.0,
66,0,43,457,1.0,
67,0,43,457,1.0,
68,0,38,462,1.0,
69,0,37,463,1.0,
70,0,37,463,1.0,
71,0,36,464,1.0,
72,0,35,465,1.0,
73,0,35,465,1.0,
74,0,33,467,1.0,
75,0,32,468,1.0,
76,0,31,469,1.0,
77,0,31,469,1.0,
78,0,30,470,1.0,
79,0,29,471,1.0,
80,0,29,471,1.0,
81,0,26,474,1.0,
82,0,24,476,1.0,
83,0,22,478,1.0,
84,0,21,479,1.0,
85,0,21,479,1.0,
86,0,19,481,1.0,
87,0,19,481,1.0,
88,0,16,484,1.0,
89,0,15,485,1.0,
90,0,15,485,1.0,
91,0,14,486,1.0,
92,0,14,486,1.0,
93,0,14,486,1.0,
94,0,11,489,1.0,
95,0,11,489,1.0,
96,0,11,489,1.0,
97,0,9,491,1.0,
98,0,9,491,1.0,
99,0,9,491,1.0,
100,0,9,491,1.0,
101,0,9,491,1.0,
102,0,9,491,1.0,
103,0,8,492,1.0,
104,0,8,492,1.0,
105,0,7,493,1.0,
106,0,7,493,1.0,
107,0,7,493,1.0,
108,0,7,493,1.0,
109,0,7,493,1.0,
110,0,7,493,1.0,
111,0,7,493,1.0,
112,0,7,493,1.0,
113,0,7,493,1.0,
114,0,7,493,1.0,
115,0,7,493,1.0,
116,0,7,493,1.0,
117,0,7,493,1.0,
118,0,6,494,1.0,
119,0,6,494,1.0,
120,0,6,494,1.0,
121,0,5,495,1.0,
122,0,5,495,1.0,
123,0,5,495,1.0,
124,0,4,496,1.0,
125,0,4,496,1.0,
126,0,4,496,1.0,
127,0,4,496,1.0,
128,0,4,496,1.0,
129,0,4,496,1.0,
130,0,3,497,1.0,
131,0,3,497,1.0,
132,0,3,497,1.0,
133,0,3,497,1.0,
134,0,3,497,1.0,
135,0,3,497,1.0,
136,0,3,497,1.0,
137,0,3,497,1.0,
138,0,3,497,1.0,
139,0,3,497,1.0,
140,0,3,497,1.0,
141,0,3,497,1.0,
142,0,3,497,1.0,
143,0,3,497,1.0,
144,0,3,497,1.0,
145,0,2,498,1.0,
146,0,2,498,1.0,
147,0,2,498,1.0,
148,0,2,498,1.0,
149,0,2,498,1.0,
150,0,2,498,1.0,
151,0,2,498,1.0,
152,0,2,498,1.0,
153,0,1,499,1.0,
154,0,1,499,1.0,
155,0,1,499,1.0,
156,0,1,499,1.0,
157,0,1,499,1.0,
158,0,1,499,1.0,
159,0,1,499,1.0,
160,0,1,499,1.0,
161,0,1,499,1.0,
162,0,0,500,1.0,
163,0,0,500,1.0,
164,0,0,500,1.0,
165,0,0,500,1.0,
166,0,0,500,1.0,
167,0,0,500,1.0,
168,0,0,500,1.0,
169,0,0,500,1.0,
170,0,0,500,1.0,
171,0,0,500,1.0,
172,0,0,500,1.0,
173,0,0,500,1.0,
174,0,0,500,1.0,
175,0,0,500,1.0,
176,0,0,500,1.0,
177,0,0,500,1.0,
178,0,0,500,1.0,
179,0,0,500,1.0,
180,0,0,500,1.0,
181,0,0,500,1.0,
182,0,0,500,1.0,
183,0,0,500,1.0,
184,0,0,500,1.0,
185,0,0,500,1.0,
186,0,0,500,1.0,
187,0,0,500,1.0,
188,0,0,500,1.0,
189,0,0,500,1.0,
190,0,0,500,1.0,
191,0,0,500,1.0,
192,0,0,500,1.0,
193,0,0,500,1.0,
194,0,0,500,1.0,
195,0,0,500,1.0,
196,0,0,500,1.0,
197,0,0,500,1.0,
198,0,0,500,1.0,
199,0,0,500,1.0,
200,0,0,500,1.0,
1,497,3,0,0.9954545454545455,1.0
2,496,4,0,0.9933636363636363,0.9989445829184131
3,489,11,0,0.9778181818181818,0.9909407829452866
4,481,18,1,0.9700909090909091,0.9867343874352725
5,465,31,4,0.9437272727272727,0.9720506364851339
6,442,51,7,0.9138181818181819,0.9534953397452103
7,408,81,11,0.8722727272727273,0.9239854231424369
8,361,121,18,0.8091818181818182,0.8701162663715085
9,301,175,24,0.7665454545454545,0.808268606691333
10,243,224,33,0.766090909090909,0.761175616986211
11,186,271,43,0.8063636363636364,0.7411903177046443
12,118,332,50,0.8883636363636364,0.7645405612097911
13,57,384,59,0.9625454545454546,0.8366150488687158
14,17,405,78,0.989909090909091,0.8516049166552822
15,5,403,92,0.9992727272727273,0.9648064779014389
16,2,388,110,0.9995454545454545,0.9457947228978267
17,0,379,121,1.0,
18,0,364,136,1.0,
19,0,349,151,1.0,
20,0,338,162,1.0,
21,0,322,178,1.0,
22,0,309,191,1.0,
23,0,295,205,1.0,
24,0,286,214,1.0,
25,0,276,224,1.0,
26,0,267,233,1.0,
27,0,260,240,1.0,
28,0,252,248,1.0,
29,0,241,259,1.0,
30,0,235,265,1.0,
31,0,225,275,1.0,
32,0,214,286,1.0,
33,0,209,291,1.0,
34,0,204,296,1.0,
35,0,192,308,1.0,
36,0,184,316,1.0,
37,0,177,323,1.0,
38,0,174,326,1.0,
39,0,166,334,1.0,
40,0,158,342,1.0,
41,0,156,344,1.0,
42,0,151,349,1.0,
43,0,144,356,1.0,
44,0,134,366,1.0,
45,0,130,370,1.0,
46,0,126,374,1.0,
47,0,120,380,1.0,
48,0,113,387,1.0,
49,0,110,390,1.0,
50,0,106,394,1.0,
51,0,103,397,1.0,
52,0,96,404,1.0,
53,0,91,409,1.0,
54,0,88,412,1.0,
55,0,82,418,1.0,
56,0,79,421,1.0,
57,0,75,425,1.0,
58,0,74,426,1.0,
59,0,70,430,1.0,
60,0,67,433,1.0,
61,0,64,436,1.0,
62,0,63,437,1.0,
63,0,62,438,1.0,
64,0,61,439,1.0,
65,0,55,445,1.0,
66,0,55,445,1.0,
67,0,53,447,1.0,
68,0,51,449,1.0,
69,0,51,449,1.0,
70,0,51,449,1.0,
71,0,49,451,1.0,
72,0,47,453,1.0,
73,0,45,455,1.0,
74,0,44,456,1.0,
75,0,38,462,1.0,
76,0,36,464,1.0,
77,0,34,466,1.0,
78,0,31,469,1.0,
79,0,29,471,1.0,
80,0,28,472,1.0,
81,0,27,473,1.0,
82,0,27,473,1.0,
83,0,27,473,1.0,
84,0,26,474,1.0,
85,0,23,477,1.0,
86,0,21,479,1.0,
87,0,21,479,1.0,
88,0,20,480,1.0,
89,0,18,482,1.0,
90,0,18,482,1.0,
91,0,17,483,1.0,
92,0,17,483,1.0,
93,0,17,483,1.0,
94,0,17,483,1.0,
95,0,17,483,1.0,
96,0,15,485,1.0,
97,0,13,487,1.0,
98,0,13,487,1.0,
99,0,12,488,1.0,
100,0,12,488,1.0,
101,0,11,489,1.0,
102,0,11,489,1.0,
103,0,9,491,1.0,
104,0,8,492,1.0,
105,0,8,492,1.0,
106,0,8,492,1.0,
107,0,8,492,1.0,
108,0,7,493,1.0,
109,0,5,495,1.0,
110,0,4,496,1.0,
111,0,4,496,1.0,
112,0,4,496,1.0,
113,0,4,496,1.0,
114,0,4,496,1.0,
115,0,4,496,1.0,
116,0,3,497,1.0,
117,0,3,497,1.0,
118,0,3,497,1.0,
119,0,3,497,1.0,
120,0,3,497,1.0,
121,0,3,497,1.0,
122,0,3,497,1.0,
123,0,3,497,1.0,
124,0,3,497,1.0,
125,0,3,497,1.0,
126,0,3,497,1.0,
127,0,3,497,1.0,
128,0,3,497,1.0,
129,0,3,497,1.0,
130,0,3,497,1.0,
131,0,3,497,1.0,
132,0,3,497,1.0,
133,0,3,497,1.0,
134,0,3,497,1.0,
135,0,3,497,1.0,
136,0,3,497,1.0,
137,0,3,497,1.0,
138,0,3,497,1.0,
139,0,3,497,1.0,
140,0,3,497,1.0,
141,0,3,497,1.0,
142,0,3,497,1.0,
143,0,3,497,1.0,
144,0,3,497,1.0,
145,0,3,497,1.0,
146,0,3,497,1.0,
147,0,3,497,1.0,
148,0,2,498,1.0,
149,0,2,498,1.0,
150,0,1,499,1.0,
151,0,1,499,1.0,
152,0,1,499,1.0,
153,0,1,499,1.0,
154,0,1,499,1.0,
155,0,1,499,1.0,
156,0,1,499,1.0,
157,0,1,499,1.0,
158,0,1,499,1.0,
159,0,1,499,1.0,
160,0,1,499,1.0,
161,0,1,499,1.0,
162,0,1,499,1.0,
163,0,1,499,1.0,
164,0,1,499,1.0,
165,0,1,499,1.0,
166,0,1,499,1.0,
167,0,1,499,1.0,
168,0,0,500,1.0,
169,0,0,500,1.0,
170,0,0,500,1.0,
171,0,0,500,1.0,
172,0,0,500,1.0,
173,0,0,500,1.0,
174,0,0,500,1.0,
175,0,0,500,1.0,
176,0,0,500,1.0,
177,0,0,500,1.0,
178,0,0,500,1.0,
179,0,0,500,1.0,
180,0,0,500,1.0,
181,0,0,500,1.0,
182,0,0,500,1.0,
183,0,0,500,1.0,
184,0,0,500,1.0,
185,0,0,500,1.0,
186,0,0,500,1.0,
187,0,0,500,1.0,
188,0,0,500,1.0,
189,0,0,500,1.0,
190,0,0,500,1.0,
191,0,0,500,1.0,
192,0,0,500,1.0,
193,0,0,500,1.0,
194,0,0,500,1.0,
195,0,0,500,1.0,
196,0,0,500,1.0,
197,0,0,500,1.0,
198,0,0,500,1.0,
199,0,0,500,1.0,
200,0,0,500,1.0,
1,498,2,0,0.998,1.0
2,495,5,0,0.9913636363636363,0.9966350671184994
3,487,13,0,0.9748181818181818,0.9880119002766088
4,473,26,1,0.9573636363636364,0.9783794559365033
5,452,44,4,0.9265454545454546,0.9602989382584514
6,414,78,8,0.8584545454545455,0.9154459094784095
7,370,118,12,0.8044545454545454,0.8687524087954855
8,310,178,12,0.7533636363636363,0.8019544087966929
9,253,225,22,0.753,0.7566932325566315
10,177,289,34,0.8088181818181818,0.7291844655261008
11,90,361,49,0.9193636363636364,0.7750499763042297
12,32,400,68,0.9872727272727273,0.9000710667975925
13,7,412,81,0.9980909090909091,0.9313251278751418
14,0,401,99,1.0,
15,0,381,119,1.0,
16,0,367,133,1.0,
17,0,350,150,1.0,
18,0,337,163,1.0,
19,0,320,180,1.0,
20,0,313,187,1.0,
21,0,297,203,1.0,
22,0,284,216,1.0,
23,0,277,223,1.0,
24,0,269,231,1.0,
25,0,261,239,1.0,
26,0,250,250,1.0,
27,0,239,261,1.0,
28,0,232,268,1.0,
29,0,223,277,1.0,
30,0,216,284,1.0,
31,0,214,286,1.0,
32,0,206,294,1.0,
33,0,197,303,1.0,
34,0,187,313,1.0,
35,0,174,326,1.0,
36,0,168,332,1.0,
37,0,160,340,1.0,
38,0,153,347,1.0,
39,0,146,354,1.0,
40,0,144,356,1.0,
41,0,138,362,1.0,
42,0,136,364,1.0,
43,0,128,372,1.0,
44,0,124,376,1.0,
45,0,117,383,1.0,
46,0,114,386,1.0,
47,0,112,388,1.0,
48,0,110,390,1.0,
49,0,102,398,1.0,
50,0,101,399,1.0,
51,0,97,403,1.0,
52,0,93,407,1.0,
53,0,88,412,1.0,
54,0,88,412,1.0,
55,0,87,413,1.0,
56,0,84,416,1.0,
57,0,81,419,1.0,
58,0,74,426,1.0,
59,0,69,431,1.0,
60,0,65,435,1.0,
61,0,64,436,1.0,
62,0,62,438,1.0,
63,0,57,443,1.0,
64,0,56,444,1.0,
65,0,54,446,1.0,
66,0,53,447,1.0,
67,0,49,451,1.0,
68,0,48,452,1.0,
69,0,46,454,1.0,
70,0,44,456,1.0,
71,0,43,457,1.0,
72,0,43,457,1.0,
73,0,41,459,1.0,
74,0,38,462,1.0,
75,0,36,464,1.0,
76,0,34,466,1.0,
77,0,34,466,1.0,
78,0,34,466,1.0,
79,0,34,466,1.0,
80,0,34,466,1.0,
81,0,34,466,1.0,
82,0,30,470,1.0,
83,0,29,471,1.0,
84,0,28,472,1.0,
85,0,26,474,1.0,
86,0,25,475,1.0,
87,0,22,478,1.0,
88,0,21,479,1.0,
89,0,19,481,1.0,
90,0,19,481,1.0,
91,0,19,481,1.0,
92,0,18,482,1.0,
93,0,18,482,1.0,
94,0,15,485,1.0,
95,0,15,485,1.0,
96,0,12,488,1.0,
97,0,11,489,1.0,
98,0,11,489,1.0,
99,0,11,489,1.0,
100,0,11,489,1.0,
101,0,10,490,1.0,
102,0,9,491,1.0,
103,0,8,492,1.0,
104,0,8,492,1.0,
105,0,7,493,1.0,
106,0,7,493,1.0,
107,0,6,494,1.0,
108,0,6,494,1.0,
109,0,6,494,1.0,
110,0,5,495,1.0,
111,0,5,495,1.0,
112,0,4,496,1.0,
113,0,4,496,1.0,
114,0,4,496,1.0,
115,0,2,498,1.0,
116,0,2,498,1.0,
117,0,2,498,1.0,
118,0,2,498,1.0,
119,0,1,499,1.0,
120,0,1,499,1.0,
121,0,1,499,1.0,
122,0,1,499,1.0,
123,0,1,499,1.0,
124,0,1,499,1.0,
125,0,1,499,1.0,
126,0,1,499,1.0,
127,0,1,499,1.0,
128,0,1,499,1.0,
129,0,1,499,1.0,
130,0,1,499,1.0,
131,0,1,499,1.0,
132,0,1,499,1.0,
133,0,1,499,1.0,
134,0,1,499,1.0,
135,0,1,499,1.0,
136,0,1,499,1.0,
137,0,1,499,1.0,
138,0,0,500,1.0,
139,0,0,500,1.0,
140,0,0,500,1.0,
141,0,0,500,1.0,
142,0,0,500,1.0,
143,0,0,500,1.0,
144,0,0,500,1.0,
145,0,0,500,1.0,
146,0,0,500,1.0,
147,0,0,500,1.0,
148,0,0,500,1.0,
149,0,0,500,1.0,
150,0,0,500,1.0,
151,0,0,500,1.0,
152,0,0,500,1.0,
153,0,0,500,1.0,
154,0,0,500,1.0,
155,0,0,500,1.0,
156,0,0,500,1.0,
157,0,0,500,1.0,
158,0,0,500,1.0,
159,0,0,500,1.0,
160,0,0,500,1.0,
161,0,0,500,1.0,
162,0,0,500,1.0,
163,0,0,500,1.0,
164,0,0,500,1.0,
165,0,0,500,1.0,
166,0,0,500,1.0,
167,0,0,500,1.0,
168,0,0,500,1.0,
169,0,0,500,1.0,
170,0,0,500,1.0,
171,0,0,500,1.0,
172,0,0,500,1.0,
173,0,0,500,1.0,
174,0,0,500,1.0,
175,0,0,500,1.0,
176,0,0,500,1.0,
177,0,0,500,1.0,
178,0,0,500,1.0,
179,0,0,500,1.0,
180,0,0,500,1.0,
181,0,0,500,1.0,
182,0,0,500,1.0,
183,0,0,500,1.0,
184,0,0,500,1.0,
185,0,0,500,1.0,
186,0,0,500,1.0,
187,0,0,500,1.0,
188,0,0,500,1.0,
189,0,0,500,1.0,
190,0,0,500,1.0,
191,0,0,500,1.0,
192,0,0,500,1.0,
193,0,0,500,1.0,
194,0,0,500,1.0,
195,0,0,500,1.0,
196,0,0,500,1.0,
197,0,0,500,1.0,
198,0,0,500,1.0,
199,0,0,500,1.0,
200,0,0,500,1.0,
1,497,3,0,0.9958181818181818,1.0
2,493,7,0,0.9891818181818182,0.9966210512286783
3,480,19,1,0.9654545454545455,0.9840642987464047
4,463,34,3,0.9316363636363636,0.9651293464513007
5,437,57,6,0.8941818181818182,0.9415296063150026
6,394,94,12,0.8304545454545454,0.8941759503635235
7,360,127,13,0.7924545454545454,0.857456939457531
8,302,173,25,0.7585454545454545,0.8013781317534618
9,233,230,37,0.7688181818181818,0.7530621714047541
10,170,277,53,0.828,0.7481732661094528
11,114,320,66,0.8864545454545455,0.7519998107801108
12,66,349,85,0.9370909090909091,0.7619290370452318
13,32,367,101,0.974909090909091,0.8037139840300225
14,10,374,116,0.9942727272727273,0.8594211900570118
15,2,364,134,0.9985454545454545,0.8156535179260599
16,1,351,148,0.9988181818181818,0.6991315867937657
17,1,334,165,0.9988181818181818,0.6991315867937657
18,1,323,176,0.9988181818181818,0.6991315867937657
19,1,314,185,0.9988181818181818,0.6991315867937657
20,0,300,200,1.0,
21,0,290,210,1.0,
22,0,275,225,1.0,
23,0,270,230,1.0,
24,0,259,241,1.0,
25,0,251,249,1.0,
26,0,241,259,1.0,
27,0,236,264,1.0,
28,0,228,272,1.0,
29,0,217,283,1.0,
30,0,208,292,1.0,
31,0,203,297,1.0,
32,0,198,302,1.0,
33,0,190,310,1.0,
34,0,186,314,1.0,
35,0,177,323,1.0,
36,0,169,331,1.0,
37,0,158,342,1.0,
38,0,151,349,1.0,
39,0,145,355,1.0,
40,0,141,359,1.0,
41,0,136,364,1.0,
42,0,129,371,1.0,
43,0,122,378,1.0,
44,0,118,382,1.0,
45,0,112,388,1.0,
46,0,110,390,1.0,
47,0,106,394,1.0,
48,0,103,397,1.0,
49,0,99,401,1.0,
50,0,91,409,1.0,
51,0,87,413,1.0,
52,0,84,416,1.0,
53,0,82,418,1.0,
54,0,82,418,1.0,
55,0,80,420,1.0,
56,0,75,425,1.0,
57,0,73,427,1.0,
58,0,67,433,1.0,
59,0,65,435,1.0,
60,0,63,437,1.0,
61,0,57,443,1.0,
62,0,57,443,1.0,
63,0,54,446,1.0,
64,0,52,448,1.0,
65,0,45,455,1.0,
66,0,42,458,1.0,
67,0,41,459,1.0,
68,0,39,461,1.0,
69,0,37,463,1.0,
70,0,37,463,1.0,
71,0,37,463,1.0,
72,0,36,464,1.0,
73,0,35,465,1.0,
74,0,30,470,1.0,
75,0,27,473,1.0,
76,0,24,476,1.0,
77,0,23,477,1.0,
78,0,23,477,1.0,
79,0,23,477,1.0,
80,0,22,478,1.0,
81,0,22,478,1.0,
82,0,20,480,1.0,
83,0,19,481,1.0,
84,0,17,483,1.0,
85,0,15,485,1.0,
86,0,14,486,1.0,
87,0,14,486,1.0,
88,0,13,487,1.0,
89,0,13,487,1.0,
90,0,13,487,1.0,
91,0,12,488,1.0,
92,0,12,488,1.0,
93,0,12,488,1.0,
94,0,11,489,1.0,
95,0,11,489,1.0,
96,0,11,489,1.0,
97,0,11,489,1.0,
98,0,11,489,1.0,
99,0,11,489,1.0,
100,0,11,489,1.0,
101,0,11,489,1.0,
102,0,11,489,1.0,
103,0,11,489,1.0,
104,0,11,489,1.0,
105,0,11,489,1.0,
106,0,11,489,1.0,
107,0,11,489,1.0,
108,0,11,489,1.0,
109,0,11,489,1.0,
110,0,11,489,1.0,
111,0,9,491,1.0,
112,0,9,491,1.0,
113,0,9,491,1.0,
114,0,8,492,1.0,
115,0,8,492,1.0,
116,0,7,493,1.0,
117,0,7,493,1.0,
118,0,7,493,1.0,
119,0,7,493,1.0,
120,0,5,495,1.0,
121,0,5,495,1.0,
122,0,4,496,1.0,
123,0,3,497,1.0,
124,0,3,497,1.0,
125,0,3,497,1.0,
126,0,3,497,1.0,
127,0,3,497,1.0,
128,0,3,497,1.0,
129,0,3,497,1.0,
130,0,2,498,1.0,
131,0,1,499,1.0,
132,0,1,499,1.0,
133,0,0,500,1.0,
134,0,0,500,1.0,
135,0,0,500,1.0,
136,0,0,500,1.0,
137,0,0,500,1.0,
138,0,0,500,1.0,
139,0,0,500,1.0,
140,0,0,500,1.0,
141,0,0,500,1.0,
142,0,0,500,1.0,
143,0,0,500,1.0,
144,0,0,500,1.0,
145,0,0,500,1.0,
146,0,0,500,1.0,
147,0,0,500,1.0,
148,0,0,500,1.0,
149,0,0,500,1.0,
150,0,0,500,1.0,
151,0,0,500,1.0,
152,0,0,500,1.0,
153,0,0,500,1.0,
154,0,0,500,1.0,
155,0,0,500,1.0,
156,0,0,500,1.0,
157,0,0,500,1.0,
158,0,0,500,1.0,
159,0,0,500,1.0,
160,0,0,500,1.0,
161,0,0,500,1.0,
162,0,0,500,1.0,
163,0,0,500,1.0,
164,0,0,500,1.0,
165,0,0,500,1.0,
166,0,0,500,1.0,
167,0,0,500,1.0,
168,0,0,500,1.0,
169,0,0,500,1.0,
170,0,0,500,1.0,
171,0,0,500,1.0,
172,0,0,500,1.0,
173,0,0,500,1.0,
174,0,0,500,1.0,
175,0,0,500,1.0,
176,0,0,500,1.0,
177,0,0,500,1.0,
178,0,0,500,1.0,
179,0,0,500,1.0,
180,0,0,500,1.0,
181,0,0,500,1.0,
182,0,0,500,1.0,
183,0,0,500,1.0,
184,0,0,500,1.0,
185,0,0,500,1.0,
186,0,0,500,1.0,
187,0,0,500,1.0,
188,0,0,500,1.0,
189,0,0,500,1.0,
190,0,0,500,1.0,
191,0,0,500,1.0,
192,0,0,500,1.0,
193,0,0,500,1.0,
194,0,0,500,1.0,
195,0,0,500,1.0,
196,0,0,500,1.0,
197,0,0,500,1.0,
198,0,0,500,1.0,
199,0,0,500,1.0,
200,0,0,500,1.0,
1,497,3,0,0.9943636363636363,1.0
2,494,6,0,0.9917272727272727,0.9986527229421746
3,488,11,1,0.9811818181818182,0.9931472442903646
4,472,27,1,0.9456363636363636,0.9739869849762042
5,454,43,3,0.9135454545454545,0.9551496753783623
6,419,76,5,0.8424545454545455,0.9086560380810379
7,373,117,10,0.7693636363636364,0.8478512263464878
8,315,165,20,0.7469090909090909,0.8011914974049202
9,262,212,26,0.748,0.7608834853121046
10,199,265,36,0.7952727272727272,0.7446412784324986
11,138,318,44,0.8540909090909091,0.7369930751899479
12,78,365,57,0.9279090909090909,0.7701053117632672
13,40,392,68,0.9740909090909091,0.8391151032192817
14,9,410,81,0.9982727272727273,0.9542884128673109
15,2,405,93,0.9995454545454545,0.944533799458422
16,0,391,109,1.0,
17,0,380,120,1.0,
18,0,364,136,1.0,
19,0,351,149,1.0,
20,0,332,168,1.0,
21,0,321,179,1.0,
22,0,309,191,1.0,
23,0,295,205,1.0,
24,0,286,214,1.0,
25,0,275,225,1.0,
26,0,266,234,1.0,
27,0,256,244,1.0,
28,0,247,253,1.0,
29,0,231,269,1.0,
30,0,219,281,1.0,
31,0,208,292,1.0,
32,0,199,301,1.0,
33,0,193,307,1.0,
34,0,181,319,1.0,
35,0,169,331,1.0,
36,0,158,342,1.0,
37,0,155,345,1.0,
38,0,150,350,1.0,
39,0,145,355,1.0,
40,0,137,363,1.0,
41,0,130,370,1.0,
42,0,125,375,1.0,
43,0,121,379,1.0,
44,0,114,386,1.0,
45,0,108,392,1.0,
46,0,104,396,1.0,
47,0,101,399,1.0,
48,0,98,402,1.0,
49,0,97,403,1.0,
50,0,90,410,1.0,
51,0,89,411,1.0,
52,0,88,412,1.0,
53,0,84,416,1.0,
54,0,82,418,1.0,
55,0,79,421,1.0,
56,0,77,423,1.0,
57,0,75,425,1.0,
58,0,70,430,1.0,
59,0,69,431,1.0,
60,0,68,432,1.0,
61,0,67,433,1.0,
62,0,65,435,1.0,
63,0,65,435,1.0,
64,0,59,441,1.0,
65,0,57,443,1.0,
66,0,53,447,1.0,
67,0,49,451,1.0,
68,0,43,457,1.0,
69,0,41,459,1.0,
70,0,38,462,1.0,
71,0,38,462,1.0,
72,0,38,462,1.0,
73,0,37,463,1.0,
74,0,35,465,1.0,
75,0,34,466,1.0,
76,0,32,468,1.0,
77,0,32,468,1.0,
78,0,29,471,1.0,
79,0,26,474,1.0,
80,0,22,478,1.0,
81,0,22,478,1.0,
82,0,21,479,1.0,
83,0,20,480,1.0,
84,0,20,480,1.0,
85,0,18,482,1.0,
86,0,18,482,1.0,
87,0,18,482,1.0,
88,0,17,483,1.0,
89,0,16,484,1.0,
90,0,16,484,1.0,
91,0,15,485,1.0,
92,0,15,485,1.0,
93,0,13,487,1.0,
94,0,11,489,1.0,
95,0,9,491,1.0,
96,0,9,491,1.0,
97,0,8,492,1.0,
98,0,7,493,1.0,
99,0,6,494,1.0,
100,0,5,495,1.0,
101,0,4,496,1.0,
102,0,4,496,1.0,
103,0,4,496,1.0,
104,0,4,496,1.0,
105,0,4,496,1.0,
106,0,4,496,1.0,
107,0,4,496,1.0,
108,0,4,496,1.0,
109,0,4,496,1.0,
110,0,4,496,1.0,
111,0,4,496,1.0,
112,0,4,496,1.0,
113,0,4,496,1.0,
114,0,3,497,1.0,
115,0,3,497,1.0,
116,0,3,497,1.0,
117,0,2,498,1.0,
118,0,1,499,1.0,
119,0,1,499,1.0,
120,0,1,499,1.0,
121,0,1,499,1.0,
122,0,1,499,1.0,
123,0,1,499,1.0,
124,0,1,499,1.0,
125,0,1,499,1.0,
126,0,1,499,1.0,
127,0,1,499,1.0,
128,0,1,499,1.0,
129,0,1,499,1.0,
130,0,1,499,1.0,
131,0,1,499,1.0,
132,0,1,499,1.0,
133,0,1,499,1.0,
134,0,1,499,1.0,
135,0,1,499,1.0,
136,0,1,499,1.0,
137,0,1,499,1.0,
138,0,1,499,1.0,
139,0,1,499,1.0,
140,0,1,499,1.0,
141,0,1,499,1.0,
142,0,1,499,1.0,
143,0,1,499,1.0,
144,0,1,499,1.0,
145,0,1,499,1.0,
146,0,1,499,1.0,
147,0,1,499,1.0,
148,0,1,499,1.0,
149,0,1,499,1.0,
150,0,1,499,1.0,
151,0,1,499,1.0,
152,0,1,499,1.0,
153,0,1,499,1.0,
154,0,1,499,1.0,
155,0,1,499,1.0,
156,0,1,499,1.0,
157,0,1,499,1.0,
158,0,1,499,1.0,
159,0,0,500,1.0,
160,0,0,500,1.0,
161,0,0,500,1.0,
162,0,0,500,1.0,
163,0,0,500,1.0,
164,0,0,500,1.0,
165,0,0,500,1.0,
166,0,0,500,1.0,
167,0,0,500,1.0,
168,0,0,500,1.0,
169,0,0,500,1.0,
170,0,0,500,1.0,
171,0,0,500,1.0,
172,0,0,500,1.0,
173,0,0,500,1.0,
174,0,0,500,1.0,
175,0,0,500,1.0,
176,0,0,500,1.0,
177,0,0,500,1.0,
178,0,0,500,1.0,
179,0,0,500,1.0,
180,0,0,500,1.0,
181,0,0,500,1.0,
182,0,0,500,1.0,
183,0,0,500,1.0,
184,0,0,500,1.0,
185,0,0,500,1.0,
186,0,0,500,1.0,
187,0,0,500,1.0,
188,0,0,500,1.0,
189,0,0,500,1.0,
190,0,0,500,1.0,
191,0,0,500,1.0,
192,0,0,500,1.0,
193,0,0,500,1.0,
194,0,0,500,1.0,
195,0,0,500,1.0,
196,0,0,500,1.0,
197,0,0,500,1.0,
198,0,0,500,1.0,
199,0,0,500,1.0,
200,0,0,500,1.0,
1,493,7,0,0.9861818181818182,1.0
2,487,13,0,0.9787272727272728,0.9960414306584162
3,474,23,3,0.9556363636363636,0.9834556623473404
4,462,34,4,0.9351818181818182,0.9717408674610075
5,439,51,10,0.9077272727272727,0.9542451862871052
6,408,80,12,0.8614545454545455,0.9217667293637473
7,372,111,17,0.8183636363636364,0.8843724752341615
8,328,150,22,0.7777272727272727,0.8364716732273054
9,272,195,33,0.7784545454545454,0.8020493203415597
10,222,239,39,0.7842727272727272,0.7615202468754917
11,156,295,49,0.8379090909090909,0.7438928309013653
12,96,344,60,0.9049090909090909,0.7555631323741276
13,54,375,71,0.9555454545454546,0.7959898092926687
14,19,390,91,0.9922727272727273,0.9011031579583657
15,2,394,104,0.9993636363636363,0.9251308829268661
16,0,382,118,1.0,
17,0,368,132,1.0,
18,0,352,148,1.0,
19,0,338,162,1.0,
20,0,320,180,1.0,
21,0,316,184,1.0,
22,0,310,190,1.0,
23,0,295,205,1.0,
24,0,281,219,1.0,
25,0,270,230,1.0,
26,0,264,236,1.0,
27,0,252,248,1.0,
28,0,241,259,1.0,
29,0,231,269,1.0,
30,0,220,280,1.0,
31,0,212,288,1.0,
32,0,200,300,1.0,
33,0,192,308,1.0,
34,0,188,312,1.0,
35,0,181,319,1.0,
36,0,174,326,1.0,
37,0,168,332,1.0,
38,0,166,334,1.0,
39,0,159,341,1.0,
40,0,150,350,1.0,
41,0,144,356,1.0,
42,0,140,360,1.0,
43,0,138,362,1.0,
44,0,133,367,1.0,
45,0,128,372,1.0,
46,0,122,378,1.0,
47,0,116,384,1.0,
48,0,109,391,1.0,
49,0,106,394,1.0,
50,0,102,398,1.0,
51,0,97,403,1.0,
52,0,96,404,1.0,
53,0,90,410,1.0,
54,0,85,415,1.0,
55,0,80,420,1.0,
56,0,77,423,1.0,
57,0,73,427,1.0,
58,0,70,430,1.0,
59,0,67,433,1.0,
60,0,63,437,1.0,
61,0,63,437,1.0,
62,0,60,440,1.0,
63,0,54,446,1.0,
64,0,54,446,1.0,
65,0,53,447,1.0,
66,0,49,451,1.0,
67,0,48,452,1.0,
68,0,47,453,1.0,
69,0,43,457,1.0,
70,0,39,461,1.0,
71,0,38,462,1.0,
72,0,38,462,1.0,
73,0,38,462,1.0,
74,0,36,464,1.0,
75,0,35,465,1.0,
76,0,34,466,1.0,
77,0,34,466,1.0,
78,0,31,469,1.0,
79,0,31,469,1.0,
80,0,31,469,1.0,
81,0,31,469,1.0,
82,0,30,470,1.0,
83,0,30,470,1.0,
84,0,29,471,1.0,
85,0,29,471,1.0,
86,0,29,471,1.0,
87,0,27,473,1.0,
88,0,27,473,1.0,
89,0,24,476,1.0,
90,0,23,477,1.0,
91,0,22,478,1.0,
92,0,22,478,1.0,
93,0,22,478,1.0,
94,0,21,479,1.0,
95,0,20,480,1.0,
96,0,19,481,1.0,
97,0,19,481,1.0,
98,0,17,483,1.0,
99,0,16,484,1.0,
100,0,16,484,1.0,
101,0,16,484,1.0,
102,0,16,484,1.0,
103,0,16,484,1.0,
104,0,16,484,1.0,
105,0,16,484,1.0,
106,0,16,484,1.0,
107,0,15,485,1.0,
108,0,14,486,1.0,
109,0,14,486,1.0,
110,0,14,486,1.0,
111,0,14,486,1.0,
112,0,14,486,1.0,
113,0,13,487,1.0,
114,0,13,487,1.0,
115,0,12,488,1.0,
116,0,12,488,1.0,
117,0,11,489,1.0,
118,0,10,490,1.0,
119,0,9,491,1.0,
120,0,9,491,1.0,
121,0,9,491,1.0,
122,0,9,491,1.0,
123,0,9,491,1.0,
124,0,8,492,1.0,
125,0,8,492,1.0,
126,0,8,492,1.0,
127,0,7,493,1.0,
128,0,7,493,1.0,
129,0,7,493,1.0,
130,0,7,493,1.0,
131,0,7,493,1.0,
132,0,7,493,1.0,
133,0,6,494,1.0,
134,0,6,494,1.0,
135,0,6,494,1.0,
136,0,6,494,1.0,
137,0,5,495,1.0,
138,0,5,495,1.0,
139,0,5,495,1.0,
140,0,5,495,1.0,
141,0,5,495,1.0,
142,0,5,495,1.0,
143,0,5,495,1.0,
144,0,4,496,1.0,
145,0,4,496,1.0,
146,0,4,496,1.0,
147,0,3,497,1.0,
148,0,3,497,1.0,
149,0,3,497,1.0,
150,0,3,497,1.0,
151,0,3,497,1.0,
152,0,3,497,1.0,
153,0,3,497,1.0,
154,0,3,497,1.0,
155,0,3,497,1.0,
156,0,3,497,1.0,
157,0,3,497,1.0,
158,0,3,497,1.0,
159,0,2,498,1.0,
160,0,2,498,1.0,
161,0,2,498,1.0,
162,0,2,498,1.0,
163,0,2,498,1.0,
164,0,2,498,1.0,
165,0,2,498,1.0,
166,0,1,499,1.0,
167,0,1,499,1.0,
168,0,1,499,1.0,
169,0,1,499,1.0,
170,0,1,499,1.0,
171,0,1,499,1.0,
172,0,1,499,1.0,
173,0,1,499,1.0,
174,0,1,499,1.0,
175,0,1,499,1.0,
176,0,1,499,1.0,
177,0,1,499,1.0,
178,0,1,499,1.0,
179,0,1,499,1.0,
180,0,1,499,1.0,
181,0,1,499,1.0,
182,0,1,499,1.0,
183,0,0,500,1.0,
184,0,0,500,1.0,
185,0,0,500,1.0,
186,0,0,500,1.0,
187,0,0,500,1.0,
188,0,0,500,1.0,
189,0,0,500,1.0,
190,0,0,500,1.0,
191,0,0,500,1.0,
192,0,0,500,1.0,
193,0,0,500,1.0,
194,0,0,500,1.0,
195,0,0,500,1.0,
196,0,0,500,1.0,
197,0,0,500,1.0,
198,0,0,500,1.0,
199,0,0,500,1.0,
200,0,0,500,1.0,
1,497,3,0,0.9982727272727273,1.0
2,495,5,0,0.9977272727272727,0.9997249005709825
3,482,18,0,0.9692727272727273,0.9849039364303566
4,458,42,0,0.9111818181818182,0.9524223135048288
5,422,73,5,0.8435454545454546,0.908127810801881
6,379,111,10,0.7791818181818182,0.8549135882190152
7,326,152,22,0.7361818181818182,0.7977586355932832
8,271,202,27,0.7256363636363636,0.7469163022746924
9,196,270,34,0.791,0.7329080696810784
10,129,329,42,0.8839090909090909,0.7737441210396402
11,62,383,55,0.9534545454545454,0.8118522147713167
12,21,406,73,0.988,0.8563587762975929
13,6,404,90,0.9984545454545455,0.9329375356442241
14,0,393,107,1.0,
15,0,382,118,1.0,
16,0,358,142,1.0,
17,0,343,157,1.0,
18,0,325,175,1.0,
19,0,315,185,1.0,
20,0,304,196,1.0,
21,0,295,205,1.0,
22,0,282,218,1.0,
23,0,271,229,1.0,
24,0,253,247,1.0,
25,0,239,261,1.0,
26,0,229,271,1.0,
27,0,221,279,1.0,
28,0,215,285,1.0,
29,0,203,297,1.0,
30,0,190,310,1.0,
31,0,182,318,1.0,
32,0,174,326,1.0,
33,0,167,333,1.0,
34,0,161,339,1.0,
35,0,152,348,1.0,
36,0,147,353,1.0,
37,0,141,359,1.0,
38,0,132,368,1.0,
39,0,128,372,1.0,
40,0,125,375,1.0,
41,0,121,379,1.0,
42,0,118,382,1.0,
43,0,116,384,1.0,
44,0,112,388,1.0,
45,0,109,391,1.0,
46,0,108,392,1.0,
47,0,104,396,1.0,
48,0,103,397,1.0,
49,0,96,404,1.0,
50,0,91,409,1.0,
51,0,87,413,1.0,
52,0,83,417,1.0,
53,0,79,421,1.0,
54,0,76,424,1.0,
55,0,74,426,1.0,
56,0,71,429,1.0,
57,0,69,431,1.0,
58,0,68,432,1.0,
59,0,66,434,1.0,
60,0,64,436,1.0,
61,0,64,436,1.0,
62,0,63,437,1.0,
63,0,58,442,1.0,
64,0,54,446,1.0,
65,0,52,448,1.0,
66,0,50,450,1.0,
67,0,47,453,1.0,
68,0,46,454,1.0,
69,0,45,455,1.0,
70,0,43,457,1.0,
71,0,42,458,1.0,
72,0,40,460,1.0,
73,0,39,461,1.0,
74,0,39,461,1.0,
75,0,37,463,1.0,
76,0,37,463,1.0,
77,0,36,464,1.0,
78,0,35,465,1.0,
79,0,34,466,1.0,
80,0,33,467,1.0,
81,0,32,468,1.0,
82,0,31,469,1.0,
83,0,29,471,1.0,
84,0,29,471,1.0,
85,0,28,472,1.0,
86,0,25,475,1.0,
87,0,22,478,1.0,
88,0,21,479,1.0,
89,0,20,480,1.0,
90,0,20,480,1.0,
91,0,19,481,1.0,
92,0,17,483,1.0,
93,0,16,484,1.0,
94,0,15,485,1.0,
95,0,15,485,1.0,
96,0,14,486,1.0,
97,0,13,487,1.0,
98,0,13,487,1.0,
99,0,13,487,1.0,
100,0,13,487,1.0,
101,0,13,487,1.0,
102,0,11,489,1.0,
103,0,10,490,1.0,
104,0,10,490,1.0,
105,0,10,490,1.0,
106,0,9,491,1.0,
107,0,9,491,1.0,
108,0,8,492,1.0,
109,0,8,492,1.0,
110,0,8,492,1.0,
111,0,8,492,1.0,
112,0,8,492,1.0,
113,0,8,492,1.0,
114,0,8,492,1.0,
115,0,7,493,1.0,
116,0,7,493,1.0,
117,0,7,493,1.0,
118,0,7,493,1.0,
119,0,7,493,1.0,
120,0,7,493,1.0,
121,0,7,493,1.0,
122,0,7,493,1.0,
123,0,7,493,1.0,
124,0,7,493,1.0,
125,0,6,494,1.0,
126,0,5,495,1.0,
127,0,5,495,1.0,
128,0,4,496,1.0,
129,0,4,496,1.0,
130,0,4,496,1.0,
131,0,4,496,1.0,
132,0,4,496,1.0,
133,0,4,496,1.0,
134,0,4,496,1.0,
135,0,4,496,1.0,
136,0,4,496,1.0,
137,0,4,496,1.0,
138,0,4,496,1.0,
139,0,4,496,1.0,
140,0,4,496,1.0,
141,0,4,496,1.0,
142,0,4,496,1.0,
143,0,4,496,1.0,
144,0,4,496,1.0,
145,0,4,496,1.0,
146,0,4,496,1.0,
147,0,4,496,1.0,
148,0,4,496,1.0,
149,0,4,496,1.0,
150,0,4,496,1.0,
151,0,4,496,1.0,
152,0,4,496,1.0,
153,0,4,496,1.0,
154,0,4,496,1.0,
155,0,3,497,1.0,
156,0,3,497,1.0,
157,0,3,497,1.0,
158,0,3,497,1.0,
159,0,3,497,1.0,
160,0,3,497,1.0,
161,0,3,497,1.0,
162,0,3,497,1.0,
163,0,3,497,1.0,
164,0,3,497,1.0,
165,0,3,497,1.0,
166,0,3,497,1.0,
167,0,3,497,1.0,
168,0,3,497,1.0,
169,0,3,497,1.0,
170,0,3,497,1.0,
171,0,3,497,1.0,
172,0,3,497,1.0,
173,0,3,497,1.0,
174,0,3,497,1.0,
175,0,3,497,1.0,
176,0,3,497,1.0,
177,0,3,497,1.0,
178,0,3,497,1.0,
179,0,3,497,1.0,
180,0,3,497,1.0,
181,0,3,497,1.0,
182,0,3,497,1.0,
183,0,3,497,1.0,
184,0,3,497,1.0,
185,0,3,497,1.0,
186,0,3,497,1.0,
187,0,3,497,1.0,
188,0,2,498,1.0,
189,0,2,498,1.0,
190,0,2,498,1.0,
191,0,2,498,1.0,
192,0,2,498,1.0,
193,0,2,498,1.0,
194,0,2,498,1.0,
195,0,1,499,1.0,
196,0,1,499,1.0,
197,0,1,499,1.0,
198,0,1,499,1.0,
199,0,1,499,1.0,
200,0,1,499,1.0,
1,497,2,1,0.997,1.0
2,496,3,1,0.9944545454545455,0.9987082437688187
3,494,5,1,0.994,0.9984662133818254
4,490,8,2,0.9875454545454545,0.9951306567554403
5,484,13,3,0.9752727272727273,0.9887123746729516
6,471,26,3,0.9508181818181818,0.975383773159776
7,449,45,6,0.9117272727272727,0.9522766613382506
8,426,66,8,0.8747272727272727,0.9278063427419793
9,398,90,12,0.8414545454545455,0.9016827018543089
10,359,120,21,0.818,0.8742543493891723
11,318,153,29,0.8014545454545454,0.8446216365647811
12,273,190,37,0.8056363636363636,0.8220377887796946
13,223,230,47,0.8213636363636364,0.8001277678261325
14,178,265,57,0.8495454545454545,0.7897013481308206
15,126,303,71,0.887090909090909,0.7771654801363503
16,81,330,89,0.922,0.7601918192854336
17,52,346,102,0.9471818181818182,0.745576635910411
18,30,356,114,0.973909090909091,0.7799826750897572
19,10,358,132,0.9938181818181818,0.842705745785715
20,3,352,145,0.9987272727272727,0.8927352168667043
21,1,343,156,0.9994545454545455,0.8649343399904743
22,1,328,171,0.9989090909090909,0.7283657599919784
23,1,322,177,0.9989090909090909,0.7283657599919784
24,1,305,194,0.9988181818181818,0.7056043299922291
25,1,294,205,0.9988181818181818,0.7056043299922291
26,1,284,215,0.9988181818181818,0.7056043299922291
27,1,272,227,0.9988181818181818,0.7056043299922291
28,1,257,242,0.9989090909090909,0.7283657599919784
29,1,251,248,0.9989090909090909,0.7283657599919784
30,0,239,261,1.0,
31,0,229,271,1.0,
32,0,219,281,1.0,
33,0,214,286,1.0,
34,0,210,290,1.0,
35,0,206,294,1.0,
36,0,199,301,1.0,
37,0,189,311,1.0,
38,0,185,315,1.0,
39,0,176,324,1.0,
40,0,172,328,1.0,
41,0,170,330,1.0,
42,0,164,336,1.0,
43,0,156,344,1.0,
44,0,154,346,1.0,
45,0,146,354,1.0,
46,0,141,359,1.0,
47,0,130,370,1.0,
48,0,127,373,1.0,
49,0,120,380,1.0,
50,0,115,385,1.0,
51,0,110,390,1.0,
52,0,106,394,1.0,
53,0,103,397,1.0,
54,0,102,398,1.0,
55,0,99,401,1.0,
56,0,96,404,1.0,
57,0,91,409,1.0,
58,0,87,413,1.0,
59,0,83,417,1.0,
60,0,80,420,1.0,
61,0,77,423,1.0,
62,0,72,428,1.0,
63,0,68,432,1.0,
64,0,65,435,1.0,
65,0,61,439,1.0,
66,0,60,440,1.0,
67,0,58,442,1.0,
68,0,54,446,1.0,
69,0,49,451,1.0,
70,0,46,454,1.0,
71,0,42,458,1.0,
72,0,41,459,1.0,
73,0,40,460,1.0,
74,0,37,463,1.0,
75,0,34,466,1.0,
76,0,33,467,1.0,
77,0,31,469,1.0,
78,0,30,470,1.0,
79,0,29,471,1.0,
80,0,28,472,1.0,
81,0,27,473,1.0,
82,0,26,474,1.0,
83,0,25,475,1.0,
84,0,25,475,1.0,
85,0,25,475,1.0,
86,0,25,475,1.0,
87,0,25,475,1.0,
88,0,24,476,1.0,
89,0,24,476,1.0,
90,0,24,476,1.0,
91,0,24,476,1.0,
92,0,21,479,1.0,
93,0,20,480,1.0,
94,0,19,481,1.0,
95,0,18,482,1.0,
96,0,17,483,1.0,
97,0,15,485,1.0,
98,0,15,485,1.0,
99,0,15,485,1.0,
100,0,14,486,1.0,
101,0,14,486,1.0,
102,0,12,488,1.0,
103,0,9,491,1.0,
104,0,9,491,1.0,
105,0,9,491,1.0,
106,0,9,491,1.0,
107,0,8,492,1.0,
108,0,8,492,1.0,
109,0,8,492,1.0,
110,0,8,492,1.0,
111,0,8,492,1.0,
112,0,7,493,1.0,
113,0,7,493,1.0,
114,0,7,493,1.0,
115,0,7,493,1.0,
116,0,7,493,1.0,
117,0,7,493,1.0,
118,0,7,493,1.0,
119,0,7,493,1.0,
120,0,7,493,1.0,
121,0,7,493,1.0,
122,0,6,494,1.0,
123,0,6,494,1.0,
124,0,6,494,1.0,
125,0,6,494,1.0,
126,0,6,494,1.0,
127,0,6,494,1.0,
128,0,6,494,1.0,
129,0,5,495,1.0,
130,0,5,495,1.0,
131,0,5,495,1.0,
132,0,5,495,1.0,
133,0,3,497,1.0,
134,0,2,498,1.0,
135,0,2,498,1.0,
136,0,2,498,1.0,
137,0,2,498,1.0,
138,0,2,498,1.0,
139,0,2,498,1.0,
140,0,2,498,1.0,
141,0,2,498,1.0,
142,0,2,498,1.0,
143,0,2,498,1.0,
144,0,2,498,1.0,
145,0,2,498,1.0,
146,0,2,498,1.0,
147,0,2,498,1.0,
148,0,2,498,1.0,
149,0,2,498,1.0,
150,0,2,498,1.0,
151,0,2,498,1.0,
152,0,2,498,1.0,
153,0,2,498,1.0,
154,0,2,498,1.0,
155,0,2,498,1.0,
156,0,1,499,1.0,
157,0,1,499,1.0,
158,0,1,499,1.0,
159,0,1,499,1.0,
160,0,1,499,1.0,
161,0,1,499,1.0,
162,0,0,500,1.0,
163,0,0,500,1.0,
164,0,0,500,1.0,
165,0,0,500,1.0,
166,0,0,500,1.0,
167,0,0,500,1.0,
168,0,0,500,1.0,
169,0,0,500,1.0,
170,0,0,500,1.0,
171,0,0,500,1.0,
172,0,0,500,1.0,
173,0,0,500,1.0,
174,0,0,500,1.0,
175,0,0,500,1.0,
176,0,0,500,1.0,
177,0,0,500,1.0,
178,0,0,500,1.0,
179,0,0,500,1.0,
180,0,0,500,1.0,
181,0,0,500,1.0,
182,0,0,500,1.0,
183,0,0,500,1.0,
184,0,0,500,1.0,
185,0,0,500,1.0,
186,0,0,500,1.0,
187,0,0,500,1.0,
188,0,0,500,1.0,
189,0,0,500,1.0,
190,0,0,500,1.0,
191,0,0,500,1.0,
192,0,0,500,1.0,
193,0,0,500,1.0,
194,0,0,500,1.0,
195,0,0,500,1.0,
196,0,0,500,1.0,
197,0,0,500,1.0,
198,0,0,500,1.0,
199,0,0,500,1.0,
200,0,0,500,1.0,
1,499,1,0,1.0,1.0
2,495,5,0,0.9915454545454545,0.9957216499729891
3,488,10,2,0.986,0.9928267728197059
4,479,18,3,0.9687272727272728,0.9836609745016868
5,466,30,4,0.9422727272727273,0.9690141767012486
6,446,44,10,0.9147272727272727,0.9522089617937355
7,415,72,13,0.8631818181818182,0.9175158878809914
8,372,113,15,0.7960909090909091,0.8625027260439522
9,330,152,18,0.7619090909090909,0.8190372876668474
10,282,192,26,0.763,0.7889391796857682
11,218,238,44,0.7943636363636364,0.7631153239769319
12,153,290,57,0.847909090909091,0.7508843566881243
13,100,323,77,0.8995454545454545,0.7476362999448724
14,61,349,90,0.9381818181818182,0.7459802498335891
15,29,366,105,0.9768181818181818,0.7982542368350636
16,14,359,127,0.9913636363636363,0.8424746819953853
17,4,350,146,0.9985454545454545,0.90893528306319
18,0,343,157,1.0,
19,0,330,170,1.0,
20,0,319,181,1.0,
21,0,309,191,1.0,
22,0,301,199,1.0,
23,0,286,214,1.0,
24,0,275,225,1.0,
25,0,260,240,1.0,
26,0,250,250,1.0,
27,0,241,259,1.0,
28,0,227,273,1.0,
29,0,218,282,1.0,
30,0,206,294,1.0,
31,0,204,296,1.0,
32,0,199,301,1.0,
33,0,197,303,1.0,
34,0,188,312,1.0,
35,0,177,323,1.0,
36,0,169,331,1.0,
37,0,164,336,1.0,
38,0,159,341,1.0,
39,0,151,349,1.0,
40,0,144,356,1.0,
41,0,135,365,1.0,
42,0,135,365,1.0,
43,0,132,368,1.0,
44,0,129,371,1.0,
45,0,124,376,1.0,
46,0,117,383,1.0,
47,0,111,389,1.0,
48,0,111,389,1.0,
49,0,106,394,1.0,
50,0,103,397,1.0,
51,0,99,401,1.0,
52,0,96,404,1.0,
53,0,89,411,1.0,
54,0,86,414,1.0,
55,0,85,415,1.0,
56,0,80,420,1.0,
57,0,76,424,1.0,
58,0,75,425,1.0,
59,0,73,427,1.0,
60,0,70,430,1.0,
61,0,69,431,1.0,
62,0,66,434,1.0,
63,0,63,437,1.0,
64,0,60,440,1.0,
65,0,57,443,1.0,
66,0,56,444,1.0,
67,0,54,446,1.0,
68,0,50,450,1.0,
69,0,49,451,1.0,
70,0,43,457,1.0,
71,0,39,461,1.0,
72,0,37,463,1.0,
73,0,35,465,1.0,
74,0,35,465,1.0,
75,0,34,466,1.0,
76,0,33,467,1.0,
77,0,31,469,1.0,
78,0,27,473,1.0,
79,0,27,473,1.0,
80,0,27,473,1.0,
81,0,25,475,1.0,
82,0,24,476,1.0,
83,0,21,479,1.0,
84,0,19,481,1.0,
85,0,16,484,1.0,
86,0,14,486,1.0,
87,0,14,486,1.0,
88,0,14,486,1.0,
89,0,14,486,1.0,
90,0,12,488,1.0,
91,0,10,490,1.0,
92,0,9,491,1.0,
93,0,9,491,1.0,
94,0,9,491,1.0,
95,0,8,492,1.0,
96,0,8,492,1.0,
97,0,8,492,1.0,
98,0,7,493,1.0,
99,0,5,495,1.0,
100,0,5,495,1.0,
101,0,5,495,1.0,
102,0,4,496,1.0,
103,0,4,496,1.0,
104,0,4,496,1.0,
105,0,4,496,1.0,
106,0,4,496,1.0,
107,0,4,496,1.0,
108,0,4,496,1.0,
109,0,4,496,1.0,
110,0,3,497,1.0,
111,0,2,498,1.0,
112,0,2,498,1.0,
113,0,2,498,1.0,
114,0,2,498,1.0,
115,0,2,498,1.0,
116,0,2,498,1.0,
117,0,2,498,1.0,
118,0,2,498,1.0,
119,0,2,498,1.0,
120,0,2,498,1.0,
121,0,2,498,1.0,
122,0,2,498,1.0,
123,0,2,498,1.0,
124,0,2,498,1.0,
125,0,2,498,1.0,
126,0,2,498,1.0,
127,0,2,498,1.0,
128,0,2,498,1.0,
129,0,2,498,1.0,
130,0,2,498,1.0,
131,0,2,498,1.0,
132,0,2,498,1.0,
133,0,1,499,1.0,
134,0,1,499,1.0,
135,0,1,499,1.0,
136,0,1,499,1.0,
137,0,1,499,1.0,
138,0,1,499,1.0,
139,0,1,499,1.0,
140,0,1,499,1.0,
141,0,1,499,1.0,
142,0,1,499,1.0,
143,0,1,499,1.0,
144,0,1,499,1.0,
145,0,1,499,1.0,
146,0,1,499,1.0,
147,0,1,499,1.0,
148,0,1,499,1.0,
149,0,1,499,1.0,
150,0,1,499,1.0,
151,0,1,499,1.0,
152,0,1,499,1.0,
153,0,1,499,1.0,
154,0,1,499,1.0,
155,0,1,499,1.0,
156,0,0,500,1.0,
157,0,0,500,1.0,
158,0,0,500,1.0,
159,0,0,500,1.0,
160,0,0,500,1.0,
161,0,0,500,1.0,
162,0,0,500,1.0,
163,0,0,500,1.0,
164,0,0,500,1.0,
165,0,0,500,1.0,
166,0,0,500,1.0,
167,0,0,500,1.0,
168,0,0,500,1.0,
169,0,0,500,1.0,
170,0,0,500,1.0,
171,0,0,500,1.0,
172,0,0,500,1.0,
173,0,0,500,1.0,
174,0,0,500,1.0,
175,0,0,500,1.0,
176,0,0,500,1.0,
177,0,0,500,1.0,
178,0,0,500,1.0,
179,0,0,500,1.0,
180,0,0,500,1.0,
181,0,0,500,1.0,
182,0,0,500,1.0,
183,0,0,500,1.0,
184,0,0,500,1.0,
185,0,0,500,1.0,
186,0,0,500,1.0,
187,0,0,500,1.0,
188,0,0,500,1.0,
189,0,0,500,1.0,
190,0,0,500,1.0,
191,0,0,500,1.0,
192,0,0,500,1.0,
193,0,0,500,1.0,
194,0,0,500,1.0,
195,0,0,500,1.0,
196,0,0,500,1.0,
197,0,0,500,1.0,
198,0,0,500,1.0,
199,0,0,500,1.0,
200,0,0,500,1.0,
1,497,3,0,0.9951818181818182,1.0
2,490,10,0,0.9801818181818182,0.9922777589542874
3,482,17,1,0.9705454545454546,0.9871139013739372
4,468,29,3,0.9425454545454546,0.9716407967974959
5,442,53,5,0.892,0.9410235487773289
6,417,74,9,0.8472727272727273,0.910531214956964
7,379,107,14,0.7907272727272727,0.8639036165015314
8,327,151,22,0.7565454545454545,0.8155556932114786
9,272,199,29,0.7520909090909091,0.7729481172157887
10,204,246,50,0.7995454545454546,0.7550943846742976
11,142,295,63,0.8552727272727273,0.7461892362580211
12,91,334,75,0.9083636363636364,0.7491340164155549
13,52,369,79,0.9538181818181818,0.7765937296425637
14,17,385,98,0.9873636363636363,0.8121789284695146
15,9,369,122,0.991909090909091,0.7687551164160128
16,4,359,137,0.9963636363636363,0.7693132738400702
17,2,350,148,0.9978181818181818,0.722688226940672
18,1,337,162,0.9989090909090909,0.722688226940672
19,0,331,169,1.0,
20,0,316,184,1.0,
21,0,299,201,1.0,
22,0,290,210,1.0,
23,0,280,220,1.0,
24,0,271,229,1.0,
25,0,253,247,1.0,
26,0,240,260,1.0,
27,0,228,272,1.0,
28,0,218,282,1.0,
29,0,211,289,1.0,
30,0,203,297,1.0,
31,0,191,309,1.0,
32,0,184,316,1.0,
33,0,178,322,1.0,
34,0,175,325,1.0,
35,0,171,329,1.0,
36,0,166,334,1.0,
37,0,163,337,1.0,
38,0,156,344,1.0,
39,0,149,351,1.0,
40,0,144,356,1.0,
41,0,139,361,1.0,
42,0,133,367,1.0,
43,0,125,375,1.0,
44,0,123,377,1.0,
45,0,116,384,1.0,
46,0,110,390,1.0,
47,0,107,393,1.0,
48,0,105,395,1.0,
49,0,100,400,1.0,
50,0,96,404,1.0,
51,0,94,406,1.0,
52,0,90,410,1.0,
53,0,86,414,1.0,
54,0,81,419,1.0,
55,0,78,422,1.0,
56,0,76,424,1.0,
57,0,73,427,1.0,
58,0,72,428,1.0,
59,0,70,430,1.0,
60,0,64,436,1.0,
61,0,59,441,1.0,
62,0,59,441,1.0,
63,0,57,443,1.0,
64,0,53,447,1.0,
65,0,49,451,1.0,
66,0,45,455,1.0,
67,0,45,455,1.0,
68,0,43,457,1.0,
69,0,42,458,1.0,
70,0,41,459,1.0,
71,0,41,459,1.0,
72,0,39,461,1.0,
73,0,38,462,1.0,
74,0,38,462,1.0,
75,0,35,465,1.0,
76,0,35,465,1.0,
77,0,34,466,1.0,
78,0,32,468,1.0,
79,0,31,469,1.0,
80,0,29,471,1.0,
81,0,29,471,1.0,
82,0,27,473,1.0,
83,0,26,474,1.0,
84,0,23,477,1.0,
85,0,23,477,1.0,
86,0,23,477,1.0,
87,0,23,477,1.0,
88,0,23,477,1.0,
89,0,22,478,1.0,
90,0,20,480,1.0,
91,0,20,480,1.0,
92,0,20,480,1.0,
93,0,20,480,1.0,
94,0,20,480,1.0,
95,0,18,482,1.0,
96,0,18,482,1.0,
97,0,13,487,1.0,
98,0,13,487,1.0,
99,0,12,488,1.0,
100,0,12,488,1.0,
101,0,12,488,1.0,
102,0,12,488,1.0,
103,0,11,489,1.0,
104,0,9,491,1.0,
105,0,9,491,1.0,
106,0,9,491,1.0,
107,0,9,491,1.0,
108,0,8,492,1.0,
109,0,8,492,1.0,
110,0,8,492,1.0,
111,0,8,492,1.0,
112,0,8,492,1.0,
113,0,7,493,1.0,
114,0,7,493,1.0,
115,0,7,493,1.0,
116,0,7,493,1.0,
117,0,7,493,1.0,
118,0,6,494,1.0,
119,0,5,495,1.0,
120,0,4,496,1.0,
121,0,4,496,1.0,
122,0,4,496,1.0,
123,0,4,496,1.0,
124,0,4,496,1.0,
125,0,4,496,1.0,
126,0,4,496,1.0,
127,0,3,497,1.0,
128,0,3,497,1.0,
129,0,3,497,1.0,
130,0,2,498,1.0,
131,0,2,498,1.0,
132,0,2,498,1.0,
133,0,2,498,1.0,
134,0,2,498,1.0,
135,0,2,498,1.0,
136,0,2,498,1.0,
137,0,2,498,1.0,
138,0,1,499,1.0,
139,0,1,499,1.0,
140,0,1,499,1.0,
141,0,1,499,1.0,
142,0,1,499,1.0,
143,0,1,499,1.0,
144,0,1,499,1.0,
145,0,1,499,1.0,
146,0,1,499,1.0,
147,0,1,499,1.0,
148,0,1,499,1.0,
149,0,1,499,1.0,
150,0,1,499,1.0,
151,0,1,499,1.0,
152,0,1,499,1.0,
153,0,1,499,1.0,
154,0,1,499,1.0,
155,0,0,500,1.0,
156,0,0,500,1.0,
157,0,0,500,1.0,
158,0,0,500,1.0,
159,0,0,500,1.0,
160,0,0,500,1.0,
161,0,0,500,1.0,
162,0,0,500,1.0,
163,0,0,500,1.0,
164,0,0,500,1.0,
165,0,0,500,1.0,
166,0,0,500,1.0,
167,0,0,500,1.0,
168,0,0,500,1.0,
169,0,0,500,1.0,
170,0,0,500,1.0,
171,0,0,500,1.0,
172,0,0,500,1.0,
173,0,0,500,1.0,
174,0,0,500,1.0,
175,0,0,500,1.0,
176,0,0,500,1.0,
177,0,0,500,1.0,
178,0,0,500,1.0,
179,0,0,500,1.0,
180,0,0,500,1.0,
181,0,0,500,1.0,
182,0,0,500,1.0,
183,0,0,500,1.0,
184,0,0,500,1.0,
185,0,0,500,1.0,
186,0,0,500,1.0,
187,0,0,500,1.0,
188,0,0,500,1.0,
189,0,0,500,1.0,
190,0,0,500,1.0,
191,0,0,500,1.0,
192,0,0,500,1.0,
193,0,0,500,1.0,
194,0,0,500,1.0,
195,0,0,500,1.0,
196,0,0,500,1.0,
197,0,0,500,1.0,
198,0,0,500,1.0,
199,0,0,500,1.0,
200,0,0,500,1.0,
1,496,4,0,0.993,1.0
2,491,9,0,0.9843636363636363,0.995563240076266
3,480,20,0,0.9624545454545455,0.9839549446648016
4,456,42,2,0.9226363636363636,0.961228247704175
5,432,62,6,0.8807272727272727,0.9346010997816382
6,408,79,13,0.8487272727272728,0.9107945755515889
7,372,109,19,0.8042727272727273,0.8716699094460235
8,320,155,25,0.753,0.8101447396710165
9,260,204,36,0.7674545454545455,0.779341794122113
10,192,260,48,0.8033636363636364,0.7471889550087817
11,132,303,65,0.857,0.7316595497258238
12,77,348,75,0.927,0.7631830688743126
13,28,385,87,0.9866363636363636,0.8826214227745685
14,7,394,99,0.9979090909090909,0.9261569407892687
15,0,380,120,1.0,
16,0,362,138,1.0,
17,0,346,154,1.0,
18,0,330,170,1.0,
19,0,314,186,1.0,
20,0,295,205,1.0,
21,0,277,223,1.0,
22,0,270,230,1.0,
23,0,260,240,1.0,
24,0,247,253,1.0,
25,0,232,268,1.0,
26,0,218,282,1.0,
27,0,208,292,1.0,
28,0,199,301,1.0,
29,0,193,307,1.0,
30,0,186,314,1.0,
31,0,177,323,1.0,
32,0,170,330,1.0,
33,0,162,338,1.0,
34,0,156,344,1.0,
35,0,147,353,1.0,
36,0,141,359,1.0,
37,0,135,365,1.0,
38,0,131,369,1.0,
39,0,124,376,1.0,
40,0,121,379,1.0,
41,0,115,385,1.0,
42,0,111,389,1.0,
43,0,108,392,1.0,
44,0,102,398,1.0,
45,0,99,401,1.0,
46,0,90,410,1.0,
47,0,86,414,1.0,
48,0,84,416,1.0,
49,0,82,418,1.0,
50,0,80,420,1.0,
51,0,75,425,1.0,
52,0,73,427,1.0,
53,0,70,430,1.0,
54,0,68,432,1.0,
55,0,63,437,1.0,
56,0,61,439,1.0,
57,0,60,440,1.0,
58,0,58,442,1.0,
59,0,56,444,1.0,
60,0,55,445,1.0,
61,0,54,446,1.0,
62,0,52,448,1.0,
63,0,50,450,1.0,
64,0,49,451,1.0,
65,0,47,453,1.0,
66,0,46,454,1.0,
67,0,45,455,1.0,
68,0,43,457,1.0,
69,0,40,460,1.0,
70,0,35,465,1.0,
71,0,33,467,1.0,
72,0,33,467,1.0,
73,0,31,469,1.0,
74,0,31,469,1.0,
75,0,30,470,1.0,
76,0,27,473,1.0,
77,0,27,473,1.0,
78,0,26,474,1.0,
79,0,24,476,1.0,
80,0,22,478,1.0,
81,0,21,479,1.0,
82,0,19,481,1.0,
83,0,18,482,1.0,
84,0,18,482,1.0,
85,0,17,483,1.0,
86,0,16,484,1.0,
87,0,16,484,1.0,
88,0,13,487,1.0,
89,0,13,487,1.0,
90,0,13,487,1.0,
91,0,13,487,1.0,
92,0,11,489,1.0,
93,0,10,490,1.0,
94,0,9,491,1.0,
95,0,7,493,1.0,
96,0,7,493,1.0,
97,0,7,493,1.0,
98,0,6,494,1.0,
99,0,5,495,1.0,
100,0,5,495,1.0,
101,0,5,495,1.0,
102,0,5,495,1.0,
103,0,3,497,1.0,
104,0,3,497,1.0,
105,0,3,497,1.0,
106,0,3,497,1.0,
107,0,3,497,1.0,
108,0,3,497,1.0,
109,0,3,497,1.0,
110,0,3,497,1.0,
111,0,3,497,1.0,
112,0,3,497,1.0,
113,0,3,497,1.0,
114,0,3,497,1.0,
115,0,3,497,1.0,
116,0,3,497,1.0,
117,0,3,497,1.0,
118,0,3,497,1.0,
119,0,3,497,1.0,
120,0,3,497,1.0,
121,0,3,497,1.0,
122,0,3,497,1.0,
123,0,3,497,1.0,
124,0,2,498,1.0,
125,0,2,498,1.0,
126,0,2,498,1.0,
127,0,2,498,1.0,
128,0,2,498,1.0,
129,0,2,498,1.0,
130,0,2,498,1.0,
131,0,2,498,1.0,
132,0,2,498,1.0,
133,0,1,499,1.0,
134,0,1,499,1.0,
135,0,1,499,1.0,
136,0,1,499,1.0,
137,0,1,499,1.0,
138,0,1,499,1.0,
139,0,1,499,1.0,
140,0,1,499,1.0,
141,0,1,499,1.0,
142,0,1,499,1.0,
143,0,1,499,1.0,
144,0,1,499,1.0,
145,0,1,499,1.0,
146,0,1,499,1.0,
147,0,1,499,1.0,
148,0,1,499,1.0,
149,0,1,499,1.0,
150,0,1,499,1.0,
151,0,1,499,1.0,
152,0,1,499,1.0,
153,0,1,499,1.0,
154,0,1,499,1.0,
155,0,1,499,1.0,
156,0,1,499,1.0,
157,0,1,499,1.0,
158,0,1,499,1.0,
159,0,1,499,1.0,
160,0,1,499,1.0,
161,0,1,499,1.0,
162,0,1,499,1.0,
163,0,1,499,1.0,
164,0,1,499,1.0,
165,0,1,499,1.0,
166,0,1,499,1.0,
167,0,1,499,1.0,
168,0,1,499,1.0,
169,0,1,499,1.0,
170,0,1,499,1.0,
171,0,1,499,1.0,
172,0,1,499,1.0,
173,0,1,499,1.0,
174,0,1,499,1.0,
175,0,1,499,1.0,
176,0,1,499,1.0,
177,0,0,500,1.0,
178,0,0,500,1.0,
179,0,0,500,1.0,
180,0,0,500,1.0,
181,0,0,500,1.0,
182,0,0,500,1.0,
183,0,0,500,1.0,
184,0,0,500,1.0,
185,0,0,500,1.0,
186,0,0,500,1.0,
187,0,0,500,1.0,
188,0,0,500,1.0,
189,0,0,500,1.0,
190,0,0,500,1.0,
191,0,0,500,1.0,
192,0,0,500,1.0,
193,0,0,500,1.0,
194,0,0,500,1.0,
195,0,0,500,1.0,
196,0,0,500,1.0,
197,0,0,500,1.0,
198,0,0,500,1.0,
199,0,0,500,1.0,
200,0,0,500,1.0,
1,493,6,1,0.9898181818181818,1.0
2,489,10,1,0.9847272727272727,0.9973504029734712
3,479,20,1,0.9638181818181818,0.9861847739690585
4,459,39,2,0.9273636363636364,0.9654345260787367
5,438,55,7,0.9023636363636364,0.9492597840071999
6,413,78,9,0.858909090909091,0.9193864320877146
7,375,111,14,0.8165454545454546,0.8823936734449555
8,333,147,20,0.7926363636363636,0.8486828812721765
9,280,193,27,0.7749090909090909,0.8028005628795224
10,218,242,40,0.8038181818181818,0.7789754537510475
11,164,281,55,0.8405454545454546,0.760304653826883
12,102,325,73,0.8923636363636364,0.7391968094091976
13,54,363,83,0.9530909090909091,0.785631698083454
14,26,375,99,0.9847272727272727,0.8572103579711751
15,9,370,121,0.9946363636363637,0.8522865229464036
16,2,366,132,0.9992727272727273,0.9079398129827806
17,0,352,148,1.0,
18,0,336,164,1.0,
19,0,321,179,1.0,
20,0,312,188,1.0,
21,0,300,200,1.0,
22,0,291,209,1.0,
23,0,282,218,1.0,
24,0,271,229,1.0,
25,0,263,237,1.0,
26,0,252,248,1.0,
27,0,239,261,1.0,
28,0,232,268,1.0,
29,0,228,272,1.0,
30,0,222,278,1.0,
31,0,217,283,1.0,
32,0,205,295,1.0,
33,0,194,306,1.0,
34,0,191,309,1.0,
35,0,187,313,1.0,
36,0,180,320,1.0,
37,0,171,329,1.0,
38,0,161,339,1.0,
39,0,158,342,1.0,
40,0,152,348,1.0,
41,0,146,354,1.0,
42,0,143,357,1.0,
43,0,141,359,1.0,
44,0,138,362,1.0,
45,0,129,371,1.0,
46,0,124,376,1.0,
47,0,121,379,1.0,
48,0,115,385,1.0,
49,0,112,388,1.0,
50,0,107,393,1.0,
51,0,105,395,1.0,
52,0,98,402,1.0,
53,0,94,406,1.0,
54,0,89,411,1.0,
55,0,81,419,1.0,
56,0,77,423,1.0,
57,0,73,427,1.0,
58,0,68,432,1.0,
59,0,65,435,1.0,
60,0,63,437,1.0,
61,0,60,440,1.0,
62,0,60,440,1.0,
63,0,58,442,1.0,
64,0,56,444,1.0,
65,0,56,444,1.0,
66,0,52,448,1.0,
67,0,52,448,1.0,
68,0,50,450,1.0,
69,0,49,451,1.0,
70,0,49,451,1.0,
71,0,48,452,1.0,
72,0,47,453,1.0,
73,0,46,454,1.0,
74,0,45,455,1.0,
75,0,43,457,1.0,
76,0,40,460,1.0,
77,0,36,464,1.0,
78,0,35,465,1.0,
79,0,34,466,1.0,
80,0,32,468,1.0,
81,0,29,471,1.0,
82,0,28,472,1.0,
83,0,26,474,1.0,
84,0,26,474,1.0,
85,0,26,474,1.0,
86,0,25,475,1.0,
87,0,25,475,1.0,
88,0,25,475,1.0,
89,0,25,475,1.0,
90,0,22,478,1.0,
91,0,22,478,1.0,
92,0,20,480,1.0,
93,0,18,482,1.0,
94,0,17,483,1.0,
95,0,17,483,1.0,
96,0,17,483,1.0,
97,0,15,485,1.0,
98,0,14,486,1.0,
99,0,14,486,1.0,
100,0,14,486,1.0,
101,0,14,486,1.0,
102,0,12,488,1.0,
103,0,12,488,1.0,
104,0,12,488,1.0,
105,0,11,489,1.0,
106,0,11,489,1.0,
107,0,11,489,1.0,
108,0,11,489,1.0,
109,0,11,489,1.0,
110,0,10,490,1.0,
111,0,10,490,1.0,
112,0,10,490,1.0,
113,0,10,490,1.0,
114,0,10,490,1.0,
115,0,9,491,1.0,
116,0,8,492,1.0,
117,0,8,492,1.0,
118,0,8,492,1.0,
119,0,7,493,1.0,
120,0,7,493,1.0,
121,0,7,493,1.0,
122,0,7,493,1.0,
123,0,6,494,1.0,
124,0,5,495,1.0,
125,0,4,496,1.0,
126,0,3,497,1.0,
127,0,3,497,1.0,
128,0,3,497,1.0,
129,0,3,497,1.0,
130,0,3,497,1.0,
131,0,3,497,1.0,
132,0,2,498,1.0,
133,0,2,498,1.0,
134,0,2,498,1.0,
135,0,2,498,1.0,
136,0,2,498,1.0,
137,0,2,498,1.0,
138,0,2,498,1.0,
139,0,2,498,1.0,
140,0,1,499,1.0,
141,0,1,499,1.0,
142,0,1,499,1.0,
143,0,1,499,1.0,
144,0,1,499,1.0,
145,0,1,499,1.0,
146,0,1,499,1.0,
147,0,1,499,1.0,
148,0,1,499,1.0,
149,0,1,499,1.0,
150,0,1,499,1.0,
151,0,1,499,1.0,
152,0,1,499,1.0,
153,0,1,499,1.0,
154,0,1,499,1.0,
155,0,1,499,1.0,
156,0,1,499,1.0,
157,0,1,499,1.0,
158,0,1,499,1.0,
159,0,1,499,1.0,
160,0,1,499,1.0,
161,0,1,499,1.0,
162,0,1,499,1.0,
163,0,1,499,1.0,
164,0,1,499,1.0,
165,0,1,499,1.0,
166,0,1,499,1.0,
167,0,1,499,1.0,
168,0,1,499,1.0,
169,0,1,499,1.0,
170,0,1,499,1.0,
171,0,1,499,1.0,
172,0,1,499,1.0,
173,0,1,499,1.0,
174,0,1,499,1.0,
175,0,1,499,1.0,
176,0,1,499,1.0,
177,0,1,499,1.0,
178,0,1,499,1.0,
179,0,1,499,1.0,
180,0,1,499,1.0,
181,0,0,500,1.0,
182,0,0,500,1.0,
183,0,0,500,1.0,
184,0,0,500,1.0,
185,0,0,500,1.0,
186,0,0,500,1.0,
187,0,0,500,1.0,
188,0,0,500,1.0,
189,0,0,500,1.0,
190,0,0,500,1.0,
191,0,0,500,1.0,
192,0,0,500,1.0,
193,0,0,500,1.0,
194,0,0,500,1.0,
195,0,0,500,1.0,
196,0,0,500,1.0,
197,0,0,500,1.0,
198,0,0,500,1.0,
199,0,0,500,1.0,
200,0,0,500,1.0,
1,497,3,0,0.9959090909090909,1.0
2,493,7,0,0.9871818181818182,0.9955404812168328
3,486,14,0,0.9743636363636363,0.9888317883757749
4,475,25,0,0.9500909090909091,0.9756843839260937
5,455,41,4,0.9234545454545454,0.9598853963841445
6,425,69,6,0.8863636363636364,0.9350596075575839
7,380,110,10,0.8284545454545454,0.8888749647264109
8,329,159,12,0.7827272727272727,0.8361631221778663
9,268,210,22,0.7717272727272727,0.7880334709004171
10,218,249,33,0.7756363636363637,0.7434747059282367
11,160,292,48,0.8260909090909091,0.7282125586977373
12,95,347,58,0.9136363636363637,0.7714690243496958
13,32,401,67,0.9888181818181818,0.9121627408956786
14,7,403,90,0.9991818181818182,0.971628708745014
15,1,392,107,0.9999090909090909,0.9782076924965097
16,0,381,119,1.0,
17,0,367,133,1.0,
18,0,349,151,1.0,
19,0,340,160,1.0,
20,0,328,172,1.0,
21,0,313,187,1.0,
22,0,301,199,1.0,
23,0,283,217,1.0,
24,0,271,229,1.0,
25,0,262,238,1.0,
26,0,252,248,1.0,
27,0,243,257,1.0,
28,0,233,267,1.0,
29,0,221,279,1.0,
30,0,212,288,1.0,
31,0,205,295,1.0,
32,0,192,308,1.0,
33,0,185,315,1.0,
34,0,181,319,1.0,
35,0,175,325,1.0,
36,0,166,334,1.0,
37,0,159,341,1.0,
38,0,152,348,1.0,
39,0,144,356,1.0,
40,0,138,362,1.0,
41,0,134,366,1.0,
42,0,130,370,1.0,
43,0,126,374,1.0,
44,0,125,375,1.0,
45,0,123,377,1.0,
46,0,118,382,1.0,
47,0,113,387,1.0,
48,0,106,394,1.0,
49,0,103,397,1.0,
50,0,100,400,1.0,
51,0,94,406,1.0,
52,0,93,407,1.0,
53,0,86,414,1.0,
54,0,82,418,1.0,
55,0,79,421,1.0,
56,0,77,423,1.0,
57,0,72,428,1.0,
58,0,71,429,1.0,
59,0,70,430,1.0,
60,0,69,431,1.0,
61,0,65,435,1.0,
62,0,60,440,1.0,
63,0,52,448,1.0,
64,0,49,451,1.0,
65,0,49,451,1.0,
66,0,45,455,1.0,
67,0,45,455,1.0,
68,0,42,458,1.0,
69,0,40,460,1.0,
70,0,39,461,1.0,
71,0,39,461,1.0,
72,0,38,462,1.0,
73,0,36,464,1.0,
74,0,33,467,1.0,
75,0,30,470,1.0,
76,0,28,472,1.0,
77,0,28,472,1.0,
78,0,25,475,1.0,
79,0,24,476,1.0,
80,0,22,478,1.0,
81,0,21,479,1.0,
82,0,21,479,1.0,
83,0,21,479,1.0,
84,0,21,479,1.0,
85,0,19,481,1.0,
86,0,19,481,1.0,
87,0,18,482,1.0,
88,0,15,485,1.0,
89,0,14,486,1.0,
90,0,13,487,1.0,
91,0,13,487,1.0,
92,0,13,487,1.0,
93,0,11,489,1.0,
94,0,11,489,1.0,
95,0,11,489,1.0,
96,0,11,489,1.0,
97,0,11,489,1.0,
98,0,11,489,1.0,
99,0,10,490,1.0,
100,0,8,492,1.0,
101,0,8,492,1.0,
102,0,8,492,1.0,
103,0,7,493,1.0,
104,0,7,493,1.0,
105,0,7,493,1.0,
106,0,6,494,1.0,
107,0,6,494,1.0,
108,0,4,496,1.0,
109,0,4,496,1.0,
110,0,4,496,1.0,
111,0,4,496,1.0,
112,0,4,496,1.0,
113,0,4,496,1.0,
114,0,4,496,1.0,
115,0,3,497,1.0,
116,0,3,497,1.0,
117,0,3,497,1.0,
118,0,3,497,1.0,
119,0,3,497,1.0,
120,0,3,497,1.0,
121,0,3,497,1.0,
122,0,3,497,1.0,
123,0,3,497,1.0,
124,0,3,497,1.0,
125,0,3,497,1.0,
126,0,3,497,1.0,
127,0,3,497,1.0,
128,0,2,498,1.0,
129,0,2,498,1.0,
130,0,2,498,1.0,
131,0,2,498,1.0,
132,0,1,499,1.0,
133,0,0,500,1.0,
134,0,0,500,1.0,
135,0,0,500,1.0,
136,0,0,500,1.0,
137,0,0,500,1.0,
138,0,0,500,1.0,
139,0,0,500,1.0,
140,0,0,500,1.0,
141,0,0,500,1.0,
142,0,0,500,1.0,
143,0,0,500,1.0,
144,0,0,500,1.0,
145,0,0,500,1.0,
146,0,0,500,1.0,
147,0,0,500,1.0,
148,0,0,500,1.0,
149,0,0,500,1.0,
150,0,0,500,1.0,
151,0,0,500,1.0,
152,0,0,500,1.0,
153,0,0,500,1.0,
154,0,0,500,1.0,
155,0,0,500,1.0,
156,0,0,500,1.0,
157,0,0,500,1.0,
158,0,0,500,1.0,
159,0,0,500,1.0,
160,0,0,500,1.0,
161,0,0,500,1.0,
162,0,0,500,1.0,
163,0,0,500,1.0,
164,0,0,500,1.0,
165,0,0,500,1.0,
166,0,0,500,1.0,
167,0,0,500,1.0,
168,0,0,500,1.0,
169,0,0,500,1.0,
170,0,0,500,1.0,
171,0,0,500,1.0,
172,0,0,500,1.0,
173,0,0,500,1.0,
174,0,0,500,1.0,
175,0,0,500,1.0,
176,0,0,500,1.0,
177,0,0,500,1.0,
178,0,0,500,1.0,
179,0,0,500,1.0,
180,0,0,500,1.0,
181,0,0,500,1.0,
182,0,0,500,1.0,
183,0,0,500,1.0,
184,0,0,500,1.0,
185,0,0,500,1.0,
186,0,0,500,1.0,
187,0,0,500,1.0,
188,0,0,500,1.0,
189,0,0,500,1.0,
190,0,0,500,1.0,
191,0,0,500,1.0,
192,0,0,500,1.0,
193,0,0,500,1.0,
194,0,0,500,1.0,
195,0,0,500,1.0,
196,0,0,500,1.0,
197,0,0,500,1.0,
198,0,0,500,1.0,
199,0,0,500,1.0,
200,0,0,500,1.0,
1,496,4,0,0.9943636363636363,1.0
2,493,6,1,0.9907272727272727,0.9981183954457137
3,484,14,2,0.9756363636363636,0.9901997320581319
4,470,27,3,0.9453636363636364,0.9737148394395381
5,446,51,3,0.8907272727272727,0.9413838632405275
6,417,78,5,0.8367272727272728,0.9046837777589452
7,379,110,11,0.7901818181818182,0.8640185123541341
8,327,151,22,0.753,0.8130484468995223
9,270,207,23,0.7516363636363637,0.7715721430831981
10,201,267,32,0.794,0.7451455381124625
11,129,329,42,0.8648181818181818,0.7382315947926702
12,69,372,59,0.9476363636363636,0.8099340568330767
13,18,399,83,0.99,0.8612220720522863
14,4,403,93,0.999,0.9389785713682081
15,1,391,108,0.9997272727272727,0.9328888800677657
16,0,382,118,1.0,
17,0,367,133,1.0,
18,0,351,149,1.0,
19,0,338,162,1.0,
20,0,329,171,1.0,
21,0,317,183,1.0,
22,0,307,193,1.0,
23,0,295,205,1.0,
24,0,284,216,1.0,
25,0,269,231,1.0,
26,0,256,244,1.0,
27,0,246,254,1.0,
28,0,236,264,1.0,
29,0,225,275,1.0,
30,0,219,281,1.0,
31,0,216,284,1.0,
32,0,211,289,1.0,
33,0,202,298,1.0,
34,0,192,308,1.0,
35,0,182,318,1.0,
36,0,175,325,1.0,
37,0,169,331,1.0,
38,0,161,339,1.0,
39,0,152,348,1.0,
40,0,142,358,1.0,
41,0,136,364,1.0,
42,0,130,370,1.0,
43,0,122,378,1.0,
44,0,116,384,1.0,
45,0,109,391,1.0,
46,0,106,394,1.0,
47,0,97,403,1.0,
48,0,92,408,1.0,
49,0,90,410,1.0,
50,0,86,414,1.0,
51,0,85,415,1.0,
52,0,81,419,1.0,
53,0,74,426,1.0,
54,0,72,428,1.0,
55,0,69,431,1.0,
56,0,65,435,1.0,
57,0,63,437,1.0,
58,0,60,440,1.0,
59,0,57,443,1.0,
60,0,54,446,1.0,
61,0,48,452,1.0,
62,0,45,455,1.0,
63,0,43,457,1.0,
64,0,43,457,1.0,
65,0,43,457,1.0,
66,0,42,458,1.0,
67,0,41,459,1.0,
68,0,41,459,1.0,
69,0,39,461,1.0,
70,0,38,462,1.0,
71,0,37,463,1.0,
72,0,37,463,1.0,
73,0,37,463,1.0,
74,0,37,463,1.0,
75,0,35,465,1.0,
76,0,33,467,1.0,
77,0,31,469,1.0,
78,0,29,471,1.0,
79,0,28,472,1.0,
80,0,26,474,1.0,
81,0,26,474,1.0,
82,0,25,475,1.0,
83,0,24,476,1.0,
84,0,24,476,1.0,
85,0,21,479,1.0,
86,0,21,479,1.0,
87,0,19,481,1.0,
88,0,18,482,1.0,
89,0,18,482,1.0,
90,0,17,483,1.0,
91,0,17,483,1.0,
92,0,17,483,1.0,
93,0,17,483,1.0,
94,0,16,484,1.0,
95,0,15,485,1.0,
96,0,14,486,1.0,
97,0,14,486,1.0,
98,0,14,486,1.0,
99,0,14,486,1.0,
100,0,14,486,1.0,
101,0,14,486,1.0,
102,0,14,486,1.0,
103,0,14,486,1.0,
104,0,14,486,1.0,
105,0,14,486,1.0,
106,0,14,486,1.0,
107,0,13,487,1.0,
108,0,13,487,1.0,
109,0,11,489,1.0,
110,0,10,490,1.0,
111,0,9,491,1.0,
112,0,9,491,1.0,
113,0,8,492,1.0,
114,0,7,493,1.0,
115,0,7,493,1.0,
116,0,6,494,1.0,
117,0,6,494,1.0,
118,0,6,494,1.0,
119,0,6,494,1.0,
120,0,6,494,1.0,
121,0,5,495,1.0,
122,0,5,495,1.0,
123,0,5,495,1.0,
124,0,5,495,1.0,
125,0,5,495,1.0,
126,0,5,495,1.0,
127,0,5,495,1.0,
128,0,5,495,1.0,
129,0,5,495,1.0,
130,0,5,495,1.0,
131,0,5,495,1.0,
132,0,5,495,1.0,
133,0,5,495,1.0,
134,0,5,495,1.0,
135,0,5,495,1.0,
136,0,4,496,1.0,
137,0,4,496,1.0,
138,0,4,496,1.0,
139,0,4,496,1.0,
140,0,3,497,1.0,
141,0,3,497,1.0,
142,0,3,497,1.0,
143,0,3,497,1.0,
144,0,3,497,1.0,
145,0,3,497,1.0,
146,0,2,498,1.0,
147,0,2,498,1.0,
148,0,2,498,1.0,
149,0,2,498,1.0,
150,0,2,498,1.0,
151,0,2,498,1.0,
152,0,1,499,1.0,
153,0,1,499,1.0,
154,0,1,499,1.0,
155,0,1,499,1.0,
156,0,1,499,1.0,
157,0,1,499,1.0,
158,0,1,499,1.0,
159,0,1,499,1.0,
160,0,1,499,1.0,
161,0,1,499,1.0,
162,0,1,499,1.0,
163,0,1,499,1.0,
164,0,1,499,1.0,
165,0,1,499,1.0,
166,0,1,499,1.0,
167,0,1,499,1.0,
168,0,1,499,1.0,
169,0,1,499,1.0,
170,0,1,499,1.0,
171,0,1,499,1.0,
172,0,1,499,1.0,
173,0,1,499,1.0,
174,0,1,499,1.0,
175,0,1,499,1.0,
176,0,1,499,1.0,
177,0,1,499,1.0,
178,0,1,499,1.0,
179,0,1,499,1.0,
180,0,1,499,1.0,
181,0,1,499,1.0,
182,0,1,499,1.0,
183,0,1,499,1.0,
184,0,1,499,1.0,
185,0,1,499,1.0,
186,0,1,499,1.0,
187,0,1,499,1.0,
188,0,1,499,1.0,
189,0,1,499,1.0,
190,0,1,499,1.0,
191,0,1,499,1.0,
192,0,1,499,1.0,
193,0,1,499,1.0,
194,0,1,499,1.0,
195,0,1,499,1.0,
196,0,1,499,1.0,
197,0,1,499,1.0,
198,0,1,499,1.0,
199,0,1,499,1.0,
200,0,1,499,1.0,
1,497,2,1,0.9988181818181818,1.0
2,496,3,1,0.9960909090909091,0.9986157563273699
3,491,8,1,0.987,0.9939499230019189
4,483,16,1,0.9699090909090909,0.9849667997945212
5,475,22,3,0.9566363636363636,0.9776620484316986
6,450,43,7,0.915,0.9531473398908931
7,411,79,10,0.8477272727272728,0.9076655767004408
8,370,114,16,0.7914545454545454,0.859373641417868
9,318,156,26,0.7693636363636364,0.8189035759568665
10,265,202,33,0.7608181818181818,0.7746158314519399
11,208,244,48,0.789,0.7468640506138908
12,159,281,60,0.8262727272727273,0.7266796184429333
13,98,323,79,0.898090909090909,0.7390579806952183
14,54,359,87,0.9601818181818181,0.8146764430540385
15,17,383,100,0.9937272727272727,0.9070760996422563
16,5,376,119,0.9989090909090909,0.9454745973017451
17,0,362,138,1.0,
18,0,349,151,1.0,
19,0,337,163,1.0,
20,0,328,172,1.0,
21,0,311,189,1.0,
22,0,296,204,1.0,
23,0,284,216,1.0,
24,0,273,227,1.0,
25,0,261,239,1.0,
26,0,251,249,1.0,
27,0,240,260,1.0,
28,0,234,266,1.0,
29,0,224,276,1.0,
30,0,214,286,1.0,
31,0,207,293,1.0,
32,0,197,303,1.0,
33,0,189,311,1.0,
34,0,178,322,1.0,
35,0,169,331,1.0,
36,0,162,338,1.0,
37,0,149,351,1.0,
38,0,143,357,1.0,
39,0,140,360,1.0,
40,0,135,365,1.0,
41,0,129,371,1.0,
42,0,122,378,1.0,
43,0,117,383,1.0,
44,0,112,388,1.0,
45,0,109,391,1.0,
46,0,106,394,1.0,
47,0,104,396,1.0,
48,0,100,400,1.0,
49,0,96,404,1.0,
50,0,89,411,1.0,
51,0,85,415,1.0,
52,0,82,418,1.0,
53,0,78,422,1.0,
54,0,74,426,1.0,
55,0,71,429,1.0,
56,0,67,433,1.0,
57,0,65,435,1.0,
58,0,62,438,1.0,
59,0,60,440,1.0,
60,0,58,442,1.0,
61,0,55,445,1.0,
62,0,52,448,1.0,
63,0,49,451,1.0,
64,0,48,452,1.0,
65,0,47,453,1.0,
66,0,45,455,1.0,
67,0,44,456,1.0,
68,0,42,458,1.0,
69,0,41,459,1.0,
70,0,38,462,1.0,
71,0,36,464,1.0,
72,0,35,465,1.0,
73,0,33,467,1.0,
74,0,32,468,1.0,
75,0,31,469,1.0,
76,0,29,471,1.0,
77,0,28,472,1.0,
78,0,27,473,1.0,
79,0,25,475,1.0,
80,0,23,477,1.0,
81,0,22,478,1.0,
82,0,21,479,1.0,
83,0,18,482,1.0,
84,0,18,482,1.0,
85,0,18,482,1.0,
86,0,18,482,1.0,
87,0,18,482,1.0,
88,0,17,483,1.0,
89,0,15,485,1.0,
90,0,15,485,1.0,
91,0,14,486,1.0,
92,0,14,486,1.0,
93,0,12,488,1.0,
94,0,12,488,1.0,
95,0,12,488,1.0,
96,0,10,490,1.0,
97,0,10,490,1.0,
98,0,10,490,1.0,
99,0,10,490,1.0,
100,0,10,490,1.0,
101,0,10,490,1.0,
102,0,10,490,1.0,
103,0,8,492,1.0,
104,0,7,493,1.0,
105,0,7,493,1.0,
106,0,5,495,1.0,
107,0,5,495,1.0,
108,0,4,496,1.0,
109,0,4,496,1.0,
110,0,4,496,1.0,
111,0,4,496,1.0,
112,0,4,496,1.0,
113,0,4,496,1.0,
114,0,4,496,1.0,
115,0,4,496,1.0,
116,0,3,497,1.0,
117,0,3,497,1.0,
118,0,3,497,1.0,
119,0,3,497,1.0,
120,0,3,497,1.0,
121,0,3,497,1.0,
122,0,1,499,1.0,
123,0,1,499,1.0,
124,0,1,499,1.0,
125,0,1,499,1.0,
126,0,1,499,1.0,
127,0,1,499,1.0,
128,0,1,499,1.0,
129,0,1,499,1.0,
130,0,1,499,1.0,
131,0,1,499,1.0,
132,0,1,499,1.0,
133,0,1,499,1.0,
134,0,1,499,1.0,
135,0,1,499,1.0,
136,0,1,499,1.0,
137,0,1,499,1.0,
138,0,1,499,1.0,
139,0,1,499,1.0,
140,0,1,499,1.0,
141,0,1,499,1.0,
142,0,0,500,1.0,
143,0,0,500,1.0,
144,0,0,500,1.0,
145,0,0,500,1.0,
146,0,0,500,1.0,
147,0,0,500,1.0,
148,0,0,500,1.0,
149,0,0,500,1.0,
150,0,0,500,1.0,
151,0,0,500,1.0,
152,0,0,500,1.0,
153,0,0,500,1.0,
154,0,0,500,1.0,
155,0,0,500,1.0,
156,0,0,500,1.0,
157,0,0,500,1.0,
158,0,0,500,1.0,
159,0,0,500,1.0,
160,0,0,500,1.0,
161,0,0,500,1.0,
162,0,0,500,1.0,
163,0,0,500,1.0,
164,0,0,500,1.0,
165,0,0,500,1.0,
166,0,0,500,1.0,
167,0,0,500,1.0,
168,0,0,500,1.0,
169,0,0,500,1.0,
170,0,0,500,1.0,
171,0,0,500,1.0,
172,0,0,500,1.0,
173,0,0,500,1.0,
174,0,0,500,1.0,
175,0,0,500,1.0,
176,0,0,500,1.0,
177,0,0,500,1.0,
178,0,0,500,1.0,
179,0,0,500,1.0,
180,0,0,500,1.0,
181,0,0,500,1.0,
182,0,0,500,1.0,
183,0,0,500,1.0,
184,0,0,500,1.0,
185,0,0,500,1.0,
186,0,0,500,1.0,
187,0,0,500,1.0,
188,0,0,500,1.0,
189,0,0,500,1.0,
190,0,0,500,1.0,
191,0,0,500,1.0,
192,0,0,500,1.0,
193,0,0,500,1.0,
194,0,0,500,1.0,
195,0,0,500,1.0,
196,0,0,500,1.0,
197,0,0,500,1.0,
198,0,0,500,1.0,
199,0,0,500,1.0,
200,0,0,500,1.0,
1,496,4,0,0.992909090909091,1.0
2,493,7,0,0.9867272727272727,0.9968162442471141
3,487,12,1,0.9748181818181818,0.9906124441214333
4,470,28,2,0.9454545454545454,0.9744616159752326
5,454,43,3,0.9138181818181819,0.9559948132358588
6,424,71,5,0.8608181818181818,0.9211880644410044
7,377,112,11,0.7935454545454546,0.8661482727281179
8,331,150,19,0.768,0.8275045747816214
9,287,183,30,0.7679090909090909,0.8001996888256374
10,233,227,40,0.7791818181818182,0.7655985403157124
11,164,287,49,0.8309090909090909,0.744068948381207
12,112,328,60,0.8839090909090909,0.7417122897579382
13,66,360,74,0.935,0.7541615065483904
14,30,385,85,0.9794545454545455,0.8298635759003048
15,14,386,100,0.9938181818181818,0.8904513020923488
16,5,384,111,0.9981818181818182,0.9134756203182013
17,1,368,131,0.9992727272727273,0.8168545051890513
18,0,350,150,1.0,
19,0,336,164,1.0,
20,0,314,186,1.0,
21,0,304,196,1.0,
22,0,293,207,1.0,
23,0,281,219,1.0,
24,0,267,233,1.0,
25,0,255,245,1.0,
26,0,238,262,1.0,
27,0,234,266,1.0,
28,0,221,279,1.0,
29,0,214,286,1.0,
30,0,201,299,1.0,
31,0,193,307,1.0,
32,0,185,315,1.0,
33,0,180,320,1.0,
34,0,177,323,1.0,
35,0,171,329,1.0,
36,0,165,335,1.0,
37,0,156,344,1.0,
38,0,146,354,1.0,
39,0,137,363,1.0,
40,0,133,367,1.0,
41,0,127,373,1.0,
42,0,120,380,1.0,
43,0,116,384,1.0,
44,0,112,388,1.0,
45,0,107,393,1.0,
46,0,102,398,1.0,
47,0,98,402,1.0,
48,0,95,405,1.0,
49,0,91,409,1.0,
50,0,87,413,1.0,
51,0,82,418,1.0,
52,0,76,424,1.0,
53,0,74,426,1.0,
54,0,70,430,1.0,
55,0,64,436,1.0,
56,0,61,439,1.0,
57,0,61,439,1.0,
58,0,58,442,1.0,
59,0,53,447,1.0,
60,0,51,449,1.0,
61,0,49,451,1.0,
62,0,48,452,1.0,
63,0,48,452,1.0,
64,0,47,453,1.0,
65,0,46,454,1.0,
66,0,45,455,1.0,
67,0,41,459,1.0,
68,0,41,459,1.0,
69,0,39,461,1.0,
70,0,37,463,1.0,
71,0,34,466,1.0,
72,0,32,468,1.0,
73,0,30,470,1.0,
74,0,28,472,1.0,
75,0,26,474,1.0,
76,0,25,475,1.0,
77,0,24,476,1.0,
78,0,23,477,1.0,
79,0,21,479,1.0,
80,0,19,481,1.0,
81,0,18,482,1.0,
82,0,18,482,1.0,
83,0,17,483,1.0,
84,0,17,483,1.0,
85,0,15,485,1.0,
86,0,15,485,1.0,
87,0,15,485,1.0,
88,0,14,486,1.0,
89,0,14,486,1.0,
90,0,14,486,1.0,
91,0,14,486,1.0,
92,0,12,488,1.0,
93,0,12,488,1.0,
94,0,12,488,1.0,
95,0,10,490,1.0,
96,0,10,490,1.0,
97,0,9,491,1.0,
98,0,9,491,1.0,
99,0,7,493,1.0,
100,0,6,494,1.0,
101,0,6,494,1.0,
102,0,6,494,1.0,
103,0,6,494,1.0,
104,0,6,494,1.0,
105,0,6,494,1.0,
106,0,6,494,1.0,
107,0,6,494,1.0,
108,0,6,494,1.0,
109,0,6,494,1.0,
110,0,5,495,1.0,
111,0,5,495,1.0,
112,0,4,496,1.0,
113,0,4,496,1.0,
114,0,4,496,1.0,
115,0,4,496,1.0,
116,0,3,497,1.0,
117,0,3,497,1.0,
118,0,3,497,1.0,
119,0,3,497,1.0,
120,0,3,497,1.0,
121,0,3,497,1.0,
122,0,3,497,1.0,
123,0,3,497,1.0,
124,0,3,497,1.0,
125,0,3,497,1.0,
126,0,3,497,1.0,
127,0,3,497,1.0,
128,0,3,497,1.0,
129,0,3,497,1.0,
130,0,3,497,1.0,
131,0,3,497,1.0,
132,0,3,497,1.0,
133,0,2,498,1.0,
134,0,2,498,1.0,
135,0,2,498,1.0,
136,0,1,499,1.0,
137,0,0,500,1.0,
138,0,0,500,1.0,
139,0,0,500,1.0,
140,0,0,500,1.0,
141,0,0,500,1.0,
142,0,0,500,1.0,
143,0,0,500,1.0,
144,0,0,500,1.0,
145,0,0,500,1.0,
146,0,0,500,1.0,
147,0,0,500,1.0,
148,0,0,500,1.0,
149,0,0,500,1.0,
150,0,0,500,1.0,
151,0,0,500,1.0,
152,0,0,500,1.0,
153,0,0,500,1.0,
154,0,0,500,1.0,
155,0,0,500,1.0,
156,0,0,500,1.0,
157,0,0,500,1.0,
158,0,0,500,1.0,
159,0,0,500,1.0,
160,0,0,500,1.0,
161,0,0,500,1.0,
162,0,0,500,1.0,
163,0,0,500,1.0,
164,0,0,500,1.0,
165,0,0,500,1.0,
166,0,0,500,1.0,
167,0,0,500,1.0,
168,0,0,500,1.0,
169,0,0,500,1.0,
170,0,0,500,1.0,
171,0,0,500,1.0,
172,0,0,500,1.0,
173,0,0,500,1.0,
174,0,0,500,1.0,
175,0,0,500,1.0,
176,0,0,500,1.0,
177,0,0,500,1.0,
178,0,0,500,1.0,
179,0,0,500,1.0,
180,0,0,500,1.0,
181,0,0,500,1.0,
182,0,0,500,1.0,
183,0,0,500,1.0,
184,0,0,500,1.0,
185,0,0,500,1.0,
186,0,0,500,1.0,
187,0,0,500,1.0,
188,0,0,500,1.0,
189,0,0,500,1.0,
190,0,0,500,1.0,
191,0,0,500,1.0,
192,0,0,500,1.0,
193,0,0,500,1.0,
194,0,0,500,1.0,
195,0,0,500,1.0,
196,0,0,500,1.0,
197,0,0,500,1.0,
198,0,0,500,1.0,
199,0,0,500,1.0,
200,0,0,500,1.0,
1,496,4,0,0.9928181818181818,1.0
2,493,7,0,0.9867272727272727,0.9968655091987436
3,483,17,0,0.9631818181818181,0.9844905673606831
4,473,27,0,0.9478181818181818,0.9759297844558465
5,458,41,1,0.9204545454545454,0.9599743532440789
6,430,68,2,0.8756363636363637,0.9309977222407697
7,383,108,9,0.8140909090909091,0.8816456657672692
8,338,150,12,0.7862727272727272,0.8449306016902012
9,279,203,18,0.7832727272727272,0.8082122150910551
10,213,252,35,0.7855454545454545,0.7502135939063939
11,157,295,48,0.8332727272727273,0.7363301115739473
12,90,353,57,0.9170909090909091,0.7714420481351135
13,41,382,77,0.9700909090909091,0.8181082745175479
14,6,400,94,0.9979090909090909,0.9135662033370523
15,2,386,112,0.9992727272727273,0.9073989662223418
16,0,374,126,1.0,
17,0,359,141,1.0,
18,0,345,155,1.0,
19,0,335,165,1.0,
20,0,326,174,1.0,
21,0,313,187,1.0,
22,0,303,197,1.0,
23,0,287,213,1.0,
24,0,275,225,1.0,
25,0,263,237,1.0,
26,0,258,242,1.0,
27,0,247,253,1.0,
28,0,239,261,1.0,
29,0,224,276,1.0,
30,0,220,280,1.0,
31,0,210,290,1.0,
32,0,199,301,1.0,
33,0,192,308,1.0,
34,0,185,315,1.0,
35,0,178,322,1.0,
36,0,172,328,1.0,
37,0,165,335,1.0,
38,0,162,338,1.0,
39,0,156,344,1.0,
40,0,150,350,1.0,
41,0,145,355,1.0,
42,0,136,364,1.0,
43,0,130,370,1.0,
44,0,129,371,1.0,
45,0,121,379,1.0,
46,0,120,380,1.0,
47,0,110,390,1.0,
48,0,107,393,1.0,
49,0,100,400,1.0,
50,0,93,407,1.0,
51,0,89,411,1.0,
52,0,84,416,1.0,
53,0,78,422,1.0,
54,0,73,427,1.0,
55,0,71,429,1.0,
56,0,67,433,1.0,
57,0,64,436,1.0,
58,0,60,440,1.0,
59,0,57,443,1.0,
60,0,55,445,1.0,
61,0,53,447,1.0,
62,0,50,450,1.0,
63,0,49,451,1.0,
64,0,45,455,1.0,
65,0,44,456,1.0,
66,0,43,457,1.0,
67,0,41,459,1.0,
68,0,40,460,1.0,
69,0,39,461,1.0,
70,0,38,462,1.0,
71,0,37,463,1.0,
72,0,35,465,1.0,
73,0,34,466,1.0,
74,0,34,466,1.0,
75,0,32,468,1.0,
76,0,29,471,1.0,
77,0,28,472,1.0,
78,0,26,474,1.0,
79,0,23,477,1.0,
80,0,23,477,1.0,
81,0,22,478,1.0,
82,0,22,478,1.0,
83,0,20,480,1.0,
84,0,18,482,1.0,
85,0,18,482,1.0,
86,0,17,483,1.0,
87,0,17,483,1.0,
88,0,17,483,1.0,
89,0,16,484,1.0,
90,0,15,485,1.0,
91,0,15,485,1.0,
92,0,12,488,1.0,
93,0,11,489,1.0,
94,0,11,489,1.0,
95,0,11,489,1.0,
96,0,11,489,1.0,
97,0,11,489,1.0,
98,0,11,489,1.0,
99,0,11,489,1.0,
100,0,11,489,1.0,
101,0,11,489,1.0,
102,0,11,489,1.0,
103,0,9,491,1.0,
104,0,9,491,1.0,
105,0,9,491,1.0,
106,0,9,491,1.0,
107,0,9,491,1.0,
108,0,9,491,1.0,
109,0,9,491,1.0,
110,0,9,491,1.0,
111,0,7,493,1.0,
112,0,7,493,1.0,
113,0,7,493,1.0,
114,0,7,493,1.0,
115,0,7,493,1.0,
116,0,7,493,1.0,
117,0,7,493,1.0,
118,0,6,494,1.0,
119,0,6,494,1.0,
120,0,6,494,1.0,
121,0,6,494,1.0,
122,0,6,494,1.0,
123,0,5,495,1.0,
124,0,5,495,1.0,
125,0,5,495,1.0,
126,0,5,495,1.0,
127,0,4,496,1.0,
128,0,4,496,1.0,
129,0,4,496,1.0,
130,0,4,496,1.0,
131,0,4,496,1.0,
132,0,4,496,1.0,
133,0,3,497,1.0,
134,0,3,497,1.0,
135,0,3,497,1.0,
136,0,3,497,1.0,
137,0,3,497,1.0,
138,0,3,497,1.0,
139,0,3,497,1.0,
140,0,3,497,1.0,
141,0,3,497,1.0,
142,0,3,497,1.0,
143,0,3,497,1.0,
144,0,3,497,1.0,
145,0,3,497,1.0,
146,0,3,497,1.0,
147,0,3,497,1.0,
148,0,3,497,1.0,
149,0,3,497,1.0,
150,0,3,497,1.0,
151,0,3,497,1.0,
152,0,3,497,1.0,
153,0,3,497,1.0,
154,0,3,497,1.0,
155,0,3,497,1.0,
156,0,3,497,1.0,
157,0,3,497,1.0,
158,0,3,497,1.0,
159,0,3,497,1.0,
160,0,3,497,1.0,
161,0,3,497,1.0,
162,0,2,498,1.0,
163,0,2,498,1.0,
164,0,2,498,1.0,
165,0,1,499,1.0,
166,0,1,499,1.0,
167,0,1,499,1.0,
168,0,1,499,1.0,
169,0,1,499,1.0,
170,0,1,499,1.0,
171,0,1,499,1.0,
172,0,0,500,1.0,
173,0,0,500,1.0,
174,0,0,500,1.0,
175,0,0,500,1.0,
176,0,0,500,1.0,
177,0,0,500,1.0,
178,0,0,500,1.0,
179,0,0,500,1.0,
180,0,0,500,1.0,
181,0,0,500,1.0,
182,0,0,500,1.0,
183,0,0,500,1.0,
184,0,0,500,1.0,
185,0,0,500,1.0,
186,0,0,500,1.0,
187,0,0,500,1.0,
188,0,0,500,1.0,
189,0,0,500,1.0,
190,0,0,500,1.0,
191,0,0,500,1.0,
192,0,0,500,1.0,
193,0,0,500,1.0,
194,0,0,500,1.0,
195,0,0,500,1.0,
196,0,0,500,1.0,
197,0,0,500,1.0,
198,0,0,500,1.0,
199,0,0,500,1.0,
200,0,0,500,1.0,
1,498,2,0,0.9979090909090909,1.0
2,495,5,0,0.9920909090909091,0.9970382073765659
3,491,9,0,0.9850909090909091,0.9934565169351169
4,482,17,1,0.971,0.9859833487343268
5,473,24,3,0.9548181818181818,0.9771770538645044
6,447,48,5,0.9003636363636364,0.945261577049581
7,417,73,10,0.8457272727272728,0.9085669170608066
8,383,100,17,0.8002727272727272,0.870750984509203
9,338,142,20,0.7394545454545455,0.8082095104359049
10,287,179,34,0.730909090909091,0.7666829627349935
11,216,241,43,0.766,0.7300145806494522
12,129,311,60,0.8688181818181818,0.7459267955826788
13,71,354,75,0.9390909090909091,0.7845981046039325
14,38,364,98,0.9722727272727273,0.8165422012916588
15,16,372,112,0.99,0.8408372946331937
16,7,366,127,0.9941818181818182,0.7926542118353277
17,2,348,150,0.9982727272727273,0.7910149296257348
18,1,336,163,0.9990909090909091,0.7627111939140795
19,1,320,179,0.9990909090909091,0.7627111939140795
20,0,308,192,1.0,
21,0,298,202,1.0,
22,0,285,215,1.0,
23,0,273,227,1.0,
24,0,260,240,1.0,
25,0,250,250,1.0,
26,0,236,264,1.0,
27,0,226,274,1.0,
28,0,222,278,1.0,
29,0,211,289,1.0,
30,0,202,298,1.0,
31,0,192,308,1.0,
32,0,184,316,1.0,
33,0,180,320,1.0,
34,0,171,329,1.0,
35,0,161,339,1.0,
36,0,152,348,1.0,
37,0,144,356,1.0,
38,0,140,360,1.0,
39,0,135,365,1.0,
40,0,128,372,1.0,
41,0,120,380,1.0,
42,0,117,383,1.0,
43,0,114,386,1.0,
44,0,112,388,1.0,
45,0,107,393,1.0,
46,0,102,398,1.0,
47,0,99,401,1.0,
48,0,93,407,1.0,
49,0,90,410,1.0,
50,0,87,413,1.0,
51,0,84,416,1.0,
52,0,83,417,1.0,
53,0,81,419,1.0,
54,0,78,422,1.0,
55,0,75,425,1.0,
56,0,74,426,1.0,
57,0,69,431,1.0,
58,0,67,433,1.0,
59,0,66,434,1.0,
60,0,62,438,1.0,
61,0,58,442,1.0,
62,0,55,445,1.0,
63,0,54,446,1.0,
64,0,52,448,1.0,
65,0,51,449,1.0,
66,0,48,452,1.0,
67,0,46,454,1.0,
68,0,46,454,1.0,
69,0,43,457,1.0,
70,0,40,460,1.0,
71,0,38,462,1.0,
72,0,37,463,1.0,
73,0,33,467,1.0,
74,0,33,467,1.0,
75,0,32,468,1.0,
76,0,32,468,1.0,
77,0,30,470,1.0,
78,0,28,472,1.0,
79,0,26,474,1.0,
80,0,25,475,1.0,
81,0,25,475,1.0,
82,0,24,476,1.0,
83,0,23,477,1.0,
84,0,23,477,1.0,
85,0,21,479,1.0,
86,0,20,480,1.0,
87,0,19,481,1.0,
88,0,19,481,1.0,
89,0,18,482,1.0,
90,0,17,483,1.0,
91,0,16,484,1.0,
92,0,15,485,1.0,
93,0,14,486,1.0,
94,0,13,487,1.0,
95,0,12,488,1.0,
96,0,12,488,1.0,
97,0,12,488,1.0,
98,0,12,488,1.0,
99,0,11,489,1.0,
100,0,11,489,1.0,
101,0,11,489,1.0,
102,0,11,489,1.0,
103,0,10,490,1.0,
104,0,10,490,1.0,
105,0,9,491,1.0,
106,0,9,491,1.0,
107,0,9,491,1.0,
108,0,8,492,1.0,
109,0,8,492,1.0,
110,0,7,493,1.0,
111,0,7,493,1.0,
112,0,7,493,1.0,
113,0,7,493,1.0,
114,0,6,494,1.0,
115,0,6,494,1.0,
116,0,6,494,1.0,
117,0,5,495,1.0,
118,0,4,496,1.0,
119,0,4,496,1.0,
120,0,4,496,1.0,
121,0,4,496,1.0,
122,0,4,496,1.0,
123,0,4,496,1.0,
124,0,3,497,1.0,
125,0,3,497,1.0,
126,0,2,498,1.0,
127,0,2,498,1.0,
128,0,2,498,1.0,
129,0,2,498,1.0,
130,0,2,498,1.0,
131,0,2,498,1.0,
132,0,2,498,1.0,
133,0,2,498,1.0,
134,0,2,498,1.0,
135,0,2,498,1.0,
136,0,2,498,1.0,
137,0,2,498,1.0,
138,0,2,498,1.0,
139,0,1,499,1.0,
140,0,1,499,1.0,
141,0,1,499,1.0,
142,0,1,499,1.0,
143,0,1,499,1.0,
144,0,1,499,1.0,
145,0,1,499,1.0,
146,0,1,499,1.0,
147,0,1,499,1.0,
148,0,1,499,1.0,
149,0,1,499,1.0,
150,0,1,499,1.0,
151,0,1,499,1.0,
152,0,1,499,1.0,
153,0,1,499,1.0,
154,0,1,499,1.0,
155,0,1,499,1.0,
156,0,1,499,1.0,
157,0,1,499,1.0,
158,0,1,499,1.0,
159,0,1,499,1.0,
160,0,1,499,1.0,
161,0,1,499,1.0,
162,0,1,499,1.0,
163,0,1,499,1.0,
164,0,1,499,1.0,
165,0,1,499,1.0,
166,0,1,499,1.0,
167,0,1,499,1.0,
168,0,1,499,1.0,
169,0,1,499,1.0,
170,0,1,499,1.0,
171,0,1,499,1.0,
172,0,1,499,1.0,
173,0,1,499,1.0,
174,0,1,499,1.0,
175,0,1,499,1.0,
176,0,1,499,1.0,
177,0,1,499,1.0,
178,0,1,499,1.0,
179,0,1,499,1.0,
180,0,1,499,1.0,
181,0,1,499,1.0,
182,0,1,499,1.0,
183,0,1,499,1.0,
184,0,1,499,1.0,
185,0,1,499,1.0,
186,0,1,499,1.0,
187,0,1,499,1.0,
188,0,1,499,1.0,
189,0,1,499,1.0,
190,0,1,499,1.0,
191,0,1,499,1.0,
192,0,1,499,1.0,
193,0,1,499,1.0,
194,0,1,499,1.0,
195,0,1,499,1.0,
196,0,1,499,1.0,
197,0,1,499,1.0,
198,0,0,500,1.0,
199,0,0,500,1.0,
200,0,0,500,1.0,
1,495,5,0,0.9911818181818182,1.0
2,490,10,0,0.979909090909091,0.9941500941934173
3,483,17,0,0.9663636363636363,0.9869667597256999
4,465,33,2,0.9484545454545454,0.9766878711913725
5,450,44,6,0.9369090909090909,0.969360476695116
6,429,61,10,0.9131818181818182,0.9537648116072264
7,403,82,15,0.877,0.928138741287318
8,370,110,20,0.8418181818181818,0.8973202452939535
9,334,142,24,0.8042727272727273,0.8571901423688834
10,291,178,31,0.7792727272727272,0.813651472626453
11,238,221,41,0.7912727272727272,0.7835524257852393
12,177,271,52,0.8380909090909091,0.773950344165204
13,109,324,67,0.8911818181818182,0.7528527629470423
14,64,354,82,0.9374545454545454,0.7587963307179598
15,35,373,92,0.9731818181818181,0.8108709328515903
16,12,382,106,0.9947272727272727,0.8933945818169048
17,4,373,123,0.9982727272727273,0.8949579704438017
18,1,367,132,0.9998181818181818,0.9598424273313682
19,0,350,150,1.0,
20,0,335,165,1.0,
21,0,322,178,1.0,
22,0,305,195,1.0,
23,0,289,211,1.0,
24,0,272,228,1.0,
25,0,258,242,1.0,
26,0,250,250,1.0,
27,0,242,258,1.0,
28,0,235,265,1.0,
29,0,225,275,1.0,
30,0,214,286,1.0,
31,0,207,293,1.0,
32,0,198,302,1.0,
33,0,191,309,1.0,
34,0,181,319,1.0,
35,0,172,328,1.0,
36,0,164,336,1.0,
37,0,160,340,1.0,
38,0,155,345,1.0,
39,0,149,351,1.0,
40,0,144,356,1.0,
41,0,140,360,1.0,
42,0,130,370,1.0,
43,0,127,373,1.0,
44,0,125,375,1.0,
45,0,119,381,1.0,
46,0,115,385,1.0,
47,0,108,392,1.0,
48,0,107,393,1.0,
49,0,102,398,1.0,
50,0,100,400,1.0,
51,0,95,405,1.0,
52,0,89,411,1.0,
53,0,87,413,1.0,
54,0,84,416,1.0,
55,0,82,418,1.0,
56,0,80,420,1.0,
57,0,76,424,1.0,
58,0,75,425,1.0,
59,0,72,428,1.0,
60,0,70,430,1.0,
61,0,69,431,1.0,
62,0,65,435,1.0,
63,0,61,439,1.0,
64,0,60,440,1.0,
65,0,60,440,1.0,
66,0,57,443,1.0,
67,0,54,446,1.0,
68,0,52,448,1.0,
69,0,49,451,1.0,
70,0,48,452,1.0,
71,0,48,452,1.0,
72,0,45,455,1.0,
73,0,43,457,1.0,
74,0,41,459,1.0,
75,0,40,460,1.0,
76,0,38,462,1.0,
77,0,38,462,1.0,
78,0,37,463,1.0,
79,0,35,465,1.0,
80,0,34,466,1.0,
81,0,34,466,1.0,
82,0,33,467,1.0,
83,0,32,468,1.0,
84,0,31,469,1.0,
85,0,30,470,1.0,
86,0,29,471,1.0,
87,0,28,472,1.0,
88,0,27,473,1.0,
89,0,27,473,1.0,
90,0,23,477,1.0,
91,0,20,480,1.0,
92,0,19,481,1.0,
93,0,18,482,1.0,
94,0,17,483,1.0,
95,0,15,485,1.0,
96,0,14,486,1.0,
97,0,14,486,1.0,
98,0,14,486,1.0,
99,0,12,488,1.0,
100,0,11,489,1.0,
101,0,11,489,1.0,
102,0,10,490,1.0,
103,0,8,492,1.0,
104,0,8,492,1.0,
105,0,8,492,1.0,
106,0,7,493,1.0,
107,0,6,494,1.0,
108,0,6,494,1.0,
109,0,6,494,1.0,
110,0,5,495,1.0,
111,0,5,495,1.0,
112,0,4,496,1.0,
113,0,4,496,1.0,
114,0,4,496,1.0,
115,0,4,496,1.0,
116,0,4,496,1.0,
117,0,3,497,1.0,
118,0,3,497,1.0,
119,0,2,498,1.0,
120,0,2,498,1.0,
121,0,2,498,1.0,
122,0,2,498,1.0,
123,0,2,498,1.0,
124,0,2,498,1.0,
125,0,2,498,1.0,
126,0,2,498,1.0,
127,0,2,498,1.0,
128,0,2,498,1.0,
129,0,2,498,1.0,
130,0,2,498,1.0,
131,0,2,498,1.0,
132,0,2,498,1.0,
133,0,1,499,1.0,
134,0,1,499,1.0,
135,0,1,499,1.0,
136,0,1,499,1.0,
137,0,1,499,1.0,
138,0,1,499,1.0,
139,0,1,499,1.0,
140,0,1,499,1.0,
141,0,1,499,1.0,
142,0,1,499,1.0,
143,0,1,499,1.0,
144,0,1,499,1.0,
145,0,1,499,1.0,
146,0,1,499,1.0,
147,0,1,499,1.0,
148,0,1,499,1.0,
149,0,1,499,1.0,
150,0,1,499,1.0,
151,0,1,499,1.0,
152,0,1,499,1.0,
153,0,1,499,1.0,
154,0,1,499,1.0,
155,0,1,499,1.0,
156,0,1,499,1.0,
157,0,1,499,1.0,
158,0,1,499,1.0,
159,0,1,499,1.0,
160,0,0,500,1.0,
161,0,0,500,1.0,
162,0,0,500,1.0,
163,0,0,500,1.0,
164,0,0,500,1.0,
165,0,0,500,1.0,
166,0,0,500,1.0,
167,0,0,500,1.0,
168,0,0,500,1.0,
169,0,0,500,1.0,
170,0,0,500,1.0,
171,0,0,500,1.0,
172,0,0,500,1.0,
173,0,0,500,1.0,
174,0,0,500,1.0,
175,0,0,500,1.0,
176,0,0,500,1.0,
177,0,0,500,1.0,
178,0,0,500,1.0,
179,0,0,500,1.0,
180,0,0,500,1.0,
181,0,0,500,1.0,
182,0,0,500,1.0,
183,0,0,500,1.0,
184,0,0,500,1.0,
185,0,0,500,1.0,
186,0,0,500,1.0,
187,0,0,500,1.0,
188,0,0,500,1.0,
189,0,0,500,1.0,
190,0,0,500,1.0,
191,0,0,500,1.0,
192,0,0,500,1.0,
193,0,0,500,1.0,
194,0,0,500,1.0,
195,0,0,500,1.0,
196,0,0,500,1.0,
197,0,0,500,1.0,
198,0,0,500,1.0,
199,0,0,500,1.0,
200,0,0,500,1.0,
1,498,2,0,0.9977272727272727,1.0
2,493,6,1,0.9903636363636363,0.9962583219436363
3,478,20,2,0.965,0.9828868874086439
4,460,38,2,0.9265454545454546,0.9613687031736027
5,429,65,6,0.8741818181818182,0.928010631473156
6,393,98,9,0.8190909090909091,0.8862923698300869
7,352,137,11,0.759090909090909,0.8301067101179469
8,296,188,16,0.7498181818181818,0.7894389670727192
9,234,233,33,0.7784545454545454,0.7635671514302115
10,162,292,46,0.8384545454545455,0.7513318630519624
11,100,333,67,0.9003636363636364,0.7519445161993178
12,57,366,77,0.9517272727272728,0.789119586388278
13,28,388,84,0.9834545454545455,0.851574007906569
14,8,396,96,0.9957272727272727,0.8638521661965441
15,3,379,118,0.9972727272727273,0.7669615598835249
16,2,363,135,0.9981818181818182,0.7636317701879379
17,0,354,146,1.0,
18,0,338,162,1.0,
19,0,327,173,1.0,
20,0,317,183,1.0,
21,0,304,196,1.0,
22,0,295,205,1.0,
23,0,283,217,1.0,
24,0,269,231,1.0,
25,0,265,235,1.0,
26,0,254,246,1.0,
27,0,242,258,1.0,
28,0,234,266,1.0,
29,0,225,275,1.0,
30,0,217,283,1.0,
31,0,207,293,1.0,
32,0,196,304,1.0,
33,0,185,315,1.0,
34,0,175,325,1.0,
35,0,170,330,1.0,
36,0,166,334,1.0,
37,0,157,343,1.0,
38,0,152,348,1.0,
39,0,146,354,1.0,
40,0,143,357,1.0,
41,0,135,365,1.0,
42,0,130,370,1.0,
43,0,128,372,1.0,
44,0,124,376,1.0,
45,0,121,379,1.0,
46,0,117,383,1.0,
47,0,113,387,1.0,
48,0,108,392,1.0,
49,0,101,399,1.0,
50,0,98,402,1.0,
51,0,89,411,1.0,
52,0,88,412,1.0,
53,0,84,416,1.0,
54,0,83,417,1.0,
55,0,80,420,1.0,
56,0,77,423,1.0,
57,0,76,424,1.0,
58,0,72,428,1.0,
59,0,68,432,1.0,
60,0,67,433,1.0,
61,0,65,435,1.0,
62,0,61,439,1.0,
63,0,60,440,1.0,
64,0,55,445,1.0,
65,0,50,450,1.0,
66,0,45,455,1.0,
67,0,39,461,1.0,
68,0,37,463,1.0,
69,0,37,463,1.0,
70,0,34,466,1.0,
71,0,33,467,1.0,
72,0,33,467,1.0,
73,0,30,470,1.0,
74,0,29,471,1.0,
75,0,28,472,1.0,
76,0,25,475,1.0,
77,0,23,477,1.0,
78,0,23,477,1.0,
79,0,22,478,1.0,
80,0,21,479,1.0,
81,0,20,480,1.0,
82,0,19,481,1.0,
83,0,19,481,1.0,
84,0,19,481,1.0,
85,0,18,482,1.0,
86,0,18,482,1.0,
87,0,14,486,1.0,
88,0,13,487,1.0,
89,0,12,488,1.0,
90,0,10,490,1.0,
91,0,8,492,1.0,
92,0,7,493,1.0,
93,0,7,493,1.0,
94,0,5,495,1.0,
95,0,5,495,1.0,
96,0,5,495,1.0,
97,0,4,496,1.0,
98,0,3,497,1.0,
99,0,2,498,1.0,
100,0,2,498,1.0,
101,0,2,498,1.0,
102,0,2,498,1.0,
103,0,1,499,1.0,
104,0,1,499,1.0,
105,0,1,499,1.0,
106,0,1,499,1.0,
107,0,1,499,1.0,
108,0,1,499,1.0,
109,0,1,499,1.0,
110,0,0,500,1.0,
111,0,0,500,1.0,
112,0,0,500,1.0,
113,0,0,500,1.0,
114,0,0,500,1.0,
115,0,0,500,1.0,
116,0,0,500,1.0,
117,0,0,500,1.0,
118,0,0,500,1.0,
119,0,0,500,1.0,
120,0,0,500,1.0,
121,0,0,500,1.0,
122,0,0,500,1.0,
123,0,0,500,1.0,
124,0,0,500,1.0,
125,0,0,500,1.0,
126,0,0,500,1.0,
127,0,0,500,1.0,
128,0,0,500,1.0,
129,0,0,500,1.0,
130,0,0,500,1.0,
131,0,0,500,1.0,
132,0,0,500,1.0,
133,0,0,500,1.0,
134,0,0,500,1.0,
135,0,0,500,1.0,
136,0,0,500,1.0,
137,0,0,500,1.0,
138,0,0,500,1.0,
139,0,0,500,1.0,
140,0,0,500,1.0,
141,0,0,500,1.0,
142,0,0,500,1.0,
143,0,0,500,1.0,
144,0,0,500,1.0,
145,0,0,500,1.0,
146,0,0,500,1.0,
147,0,0,500,1.0,
148,0,0,500,1.0,
149,0,0,500,1.0,
150,0,0,500,1.0,
151,0,0,500,1.0,
152,0,0,500,1.0,
153,0,0,500,1.0,
154,0,0,500,1.0,
155,0,0,500,1.0,
156,0,0,500,1.0,
157,0,0,500,1.0,
158,0,0,500,1.0,
159,0,0,500,1.0,
160,0,0,500,1.0,
161,0,0,500,1.0,
162,0,0,500,1.0,
163,0,0,500,1.0,
164,0,0,500,1.0,
165,0,0,500,1.0,
166,0,0,500,1.0,
167,0,0,500,1.0,
168,0,0,500,1.0,
169,0,0,500,1.0,
170,0,0,500,1.0,
171,0,0,500,1.0,
172,0,0,500,1.0,
173,0,0,500,1.0,
174,0,0,500,1.0,
175,0,0,500,1.0,
176,0,0,500,1.0,
177,0,0,500,1.0,
178,0,0,500,1.0,
179,0,0,500,1.0,
180,0,0,500,1.0,
181,0,0,500,1.0,
182,0,0,500,1.0,
183,0,0,500,1.0,
184,0,0,500,1.0,
185,0,0,500,1.0,
186,0,0,500,1.0,
187,0,0,500,1.0,
188,0,0,500,1.0,
189,0,0,500,1.0,
190,0,0,500,1.0,
191,0,0,500,1.0,
192,0,0,500,1.0,
193,0,0,500,1.0,
194,0,0,500,1.0,
195,0,0,500,1.0,
196,0,0,500,1.0,
197,0,0,500,1.0,
198,0,0,500,1.0,
199,0,0,500,1.0,
200,0,0,500,1.0,
1,495,5,0,0.9907272727272727,1.0
2,488,12,0,0.9754545454545455,0.9920637798989405
3,481,19,0,0.9626363636363636,0.9851806431591085
4,469,30,1,0.9453636363636364,0.9754903577995259
5,446,53,1,0.9235454545454546,0.9615660715047524
6,420,77,3,0.9063636363636364,0.9487990033205351
7,382,109,9,0.8672727272727273,0.9175732254405021
8,339,148,13,0.8146363636363636,0.8675549193315202
9,300,177,23,0.7852727272727272,0.8249392061014112
10,258,207,35,0.7735454545454545,0.7840222075691636
11,196,252,52,0.7881818181818182,0.731686532520103
12,146,288,66,0.8397272727272728,0.7270346959596612
13,90,331,79,0.9163636363636364,0.767551033522997
14,38,372,90,0.9785454545454545,0.8591908283688645
15,10,386,104,0.9955454545454545,0.8879088452567475
16,3,381,116,0.9976363636363637,0.7945050880556767
17,1,365,134,0.999,0.7284060476454898
18,1,354,145,0.9989090909090909,0.7032885977266797
19,1,343,156,0.9989090909090909,0.7032885977266797
20,0,328,172,1.0,
21,0,321,179,1.0,
22,0,310,190,1.0,
23,0,294,206,1.0,
24,0,282,218,1.0,
25,0,276,224,1.0,
26,0,267,233,1.0,
27,0,257,243,1.0,
28,0,239,261,1.0,
29,0,231,269,1.0,
30,0,223,277,1.0,
31,0,219,281,1.0,
32,0,211,289,1.0,
33,0,197,303,1.0,
34,0,191,309,1.0,
35,0,184,316,1.0,
36,0,172,328,1.0,
37,0,164,336,1.0,
38,0,154,346,1.0,
39,0,145,355,1.0,
40,0,143,357,1.0,
41,0,137,363,1.0,
42,0,133,367,1.0,
43,0,128,372,1.0,
44,0,124,376,1.0,
45,0,119,381,1.0,
46,0,115,385,1.0,
47,0,112,388,1.0,
48,0,105,395,1.0,
49,0,98,402,1.0,
50,0,97,403,1.0,
51,0,93,407,1.0,
52,0,91,409,1.0,
53,0,86,414,1.0,
54,0,83,417,1.0,
55,0,79,421,1.0,
56,0,78,422,1.0,
57,0,76,424,1.0,
58,0,70,430,1.0,
59,0,67,433,1.0,
60,0,67,433,1.0,
61,0,62,438,1.0,
62,0,62,438,1.0,
63,0,58,442,1.0,
64,0,56,444,1.0,
65,0,53,447,1.0,
66,0,51,449,1.0,
67,0,48,452,1.0,
68,0,47,453,1.0,
69,0,46,454,1.0,
70,0,43,457,1.0,
71,0,41,459,1.0,
72,0,40,460,1.0,
73,0,40,460,1.0,
74,0,39,461,1.0,
75,0,38,462,1.0,
76,0,37,463,1.0,
77,0,36,464,1.0,
78,0,35,465,1.0,
79,0,35,465,1.0,
80,0,35,465,1.0,
81,0,33,467,1.0,
82,0,33,467,1.0,
83,0,33,467,1.0,
84,0,33,467,1.0,
85,0,32,468,1.0,
86,0,31,469,1.0,
87,0,30,470,1.0,
88,0,28,472,1.0,
89,0,28,472,1.0,
90,0,26,474,1.0,
91,0,25,475,1.0,
92,0,23,477,1.0,
93,0,19,481,1.0,
94,0,19,481,1.0,
95,0,19,481,1.0,
96,0,19,481,1.0,
97,0,19,481,1.0,
98,0,17,483,1.0,
99,0,16,484,1.0,
100,0,16,484,1.0,
101,0,16,484,1.0,
102,0,15,485,1.0,
103,0,15,485,1.0,
104,0,15,485,1.0,
105,0,14,486,1.0,
106,0,13,487,1.0,
107,0,12,488,1.0,
108,0,12,488,1.0,
109,0,12,488,1.0,
110,0,12,488,1.0,
111,0,12,488,1.0,
112,0,11,489,1.0,
113,0,9,491,1.0,
114,0,9,491,1.0,
115,0,8,492,1.0,
116,0,8,492,1.0,
117,0,8,492,1.0,
118,0,8,492,1.0,
119,0,8,492,1.0,
120,0,8,492,1.0,
121,0,8,492,1.0,
122,0,7,493,1.0,
123,0,7,493,1.0,
124,0,7,493,1.0,
125,0,6,494,1.0,
126,0,6,494,1.0,
127,0,6,494,1.0,
128,0,6,494,1.0,
129,0,5,495,1.0,
130,0,5,495,1.0,
131,0,4,496,1.0,
132,0,4,496,1.0,
133,0,4,496,1.0,
134,0,4,496,1.0,
135,0,4,496,1.0,
136,0,4,496,1.0,
137,0,4,496,1.0,
138,0,4,496,1.0,
139,0,3,497,1.0,
140,0,3,497,1.0,
141,0,3,497,1.0,
142,0,3,497,1.0,
143,0,3,497,1.0,
144,0,3,497,1.0,
145,0,3,497,1.0,
146,0,2,498,1.0,
147,0,2,498,1.0,
148,0,2,498,1.0,
149,0,2,498,1.0,
150,0,1,499,1.0,
151,0,1,499,1.0,
152,0,1,499,1.0,
153,0,1,499,1.0,
154,0,1,499,1.0,
155,0,1,499,1.0,
156,0,1,499,1.0,
157,0,1,499,1.0,
158,0,1,499,1.0,
159,0,1,499,1.0,
160,0,1,499,1.0,
161,0,1,499,1.0,
162,0,1,499,1.0,
163,0,1,499,1.0,
164,0,1,499,1.0,
165,0,0,500,1.0,
166,0,0,500,1.0,
167,0,0,500,1.0,
168,0,0,500,1.0,
169,0,0,500,1.0,
170,0,0,500,1.0,
171,0,0,500,1.0,
172,0,0,500,1.0,
173,0,0,500,1.0,
174,0,0,500,1.0,
175,0,0,500,1.0,
176,0,0,500,1.0,
177,0,0,500,1.0,
178,0,0,500,1.0,
179,0,0,500,1.0,
180,0,0,500,1.0,
181,0,0,500,1.0,
182,0,0,500,1.0,
183,0,0,500,1.0,
184,0,0,500,1.0,
185,0,0,500,1.0,
186,0,0,500,1.0,
187,0,0,500,1.0,
188,0,0,500,1.0,
189,0,0,500,1.0,
190,0,0,500,1.0,
191,0,0,500,1.0,
192,0,0,500,1.0,
193,0,0,500,1.0,
194,0,0,500,1.0,
195,0,0,500,1.0,
196,0,0,500,1.0,
197,0,0,500,1.0,
198,0,0,500,1.0,
199,0,0,500,1.0,
200,0,0,500,1.0,
1,496,4,0,0.9932727272727273,1.0
2,491,9,0,0.983,0.9947427470240258
3,487,13,0,0.9752727272727273,0.9907039318506999
4,474,25,1,0.9530909090909091,0.9786528104339256
5,462,35,3,0.9378181818181818,0.9697714775235035
6,442,54,4,0.9164545454545454,0.9560841592124639
7,419,76,5,0.8996363636363637,0.9432163330249554
8,382,112,6,0.8690909090909091,0.9173058617948059
9,338,150,12,0.8354545454545454,0.8811114027173109
10,287,189,24,0.796,0.8251247919184189
11,235,229,36,0.7873636363636364,0.7763937825889515
12,187,270,43,0.8150909090909091,0.7547827173723304
13,137,312,51,0.8595454545454545,0.7448103732203183
14,78,353,69,0.9223636363636364,0.7501606168284689
15,42,372,86,0.9651818181818181,0.7923365657531222
16,16,384,100,0.9890909090909091,0.8277881715101167
17,6,383,111,0.9966363636363637,0.857692897793558
18,5,367,128,0.997,0.8470022512119718
19,1,356,143,0.9993636363636363,0.8361432479913056
20,0,343,157,1.0,
21,0,332,168,1.0,
22,0,318,182,1.0,
23,0,307,193,1.0,
24,0,295,205,1.0,
25,0,286,214,1.0,
26,0,274,226,1.0,
27,0,267,233,1.0,
28,0,256,244,1.0,
29,0,251,249,1.0,
30,0,243,257,1.0,
31,0,229,271,1.0,
32,0,219,281,1.0,
33,0,214,286,1.0,
34,0,208,292,1.0,
35,0,199,301,1.0,
36,0,191,309,1.0,
37,0,181,319,1.0,
38,0,178,322,1.0,
39,0,171,329,1.0,
40,0,164,336,1.0,
41,0,160,340,1.0,
42,0,152,348,1.0,
43,0,149,351,1.0,
44,0,142,358,1.0,
45,0,138,362,1.0,
46,0,133,367,1.0,
47,0,129,371,1.0,
48,0,123,377,1.0,
49,0,114,386,1.0,
50,0,106,394,1.0,
51,0,102,398,1.0,
52,0,99,401,1.0,
53,0,96,404,1.0,
54,0,93,407,1.0,
55,0,90,410,1.0,
56,0,88,412,1.0,
57,0,86,414,1.0,
58,0,84,416,1.0,
59,0,76,424,1.0,
60,0,71,429,1.0,
61,0,68,432,1.0,
62,0,66,434,1.0,
63,0,65,435,1.0,
64,0,62,438,1.0,
65,0,57,443,1.0,
66,0,54,446,1.0,
67,0,52,448,1.0,
68,0,50,450,1.0,
69,0,47,453,1.0,
70,0,47,453,1.0,
71,0,46,454,1.0,
72,0,46,454,1.0,
73,0,44,456,1.0,
74,0,44,456,1.0,
75,0,41,459,1.0,
76,0,38,462,1.0,
77,0,36,464,1.0,
78,0,32,468,1.0,
79,0,31,469,1.0,
80,0,30,470,1.0,
81,0,30,470,1.0,
82,0,30,470,1.0,
83,0,27,473,1.0,
84,0,22,478,1.0,
85,0,20,480,1.0,
86,0,17,483,1.0,
87,0,15,485,1.0,
88,0,14,486,1.0,
89,0,14,486,1.0,
90,0,13,487,1.0,
91,0,10,490,1.0,
92,0,10,490,1.0,
93,0,10,490,1.0,
94,0,10,490,1.0,
95,0,10,490,1.0,
96,0,9,491,1.0,
97,0,9,491,1.0,
98,0,8,492,1.0,
99,0,8,492,1.0,
100,0,8,492,1.0,
101,0,8,492,1.0,
102,0,8,492,1.0,
103,0,8,492,1.0,
104,0,8,492,1.0,
105,0,7,493,1.0,
106,0,7,493,1.0,
107,0,7,493,1.0,
108,0,7,493,1.0,
109,0,7,493,1.0,
110,0,7,493,1.0,
111,0,7,493,1.0,
112,0,7,493,1.0,
113,0,7,493,1.0,
114,0,7,493,1.0,
115,0,7,493,1.0,
116,0,7,493,1.0,
117,0,5,495,1.0,
118,0,5,495,1.0,
119,0,3,497,1.0,
120,0,3,497,1.0,
121,0,3,497,1.0,
122,0,3,497,1.0,
123,0,2,498,1.0,
124,0,2,498,1.0,
125,0,2,498,1.0,
126,0,1,499,1.0,
127,0,1,499,1.0,
128,0,1,499,1.0,
129,0,1,499,1.0,
130,0,1,499,1.0,
131,0,1,499,1.0,
132,0,0,500,1.0,
133,0,0,500,1.0,
134,0,0,500,1.0,
135,0,0,500,1.0,
136,0,0,500,1.0,
137,0,0,500,1.0,
138,0,0,500,1.0,
139,0,0,500,1.0,
140,0,0,500,1.0,
141,0,0,500,1.0,
142,0,0,500,1.0,
143,0,0,500,1.0,
144,0,0,500,1.0,
145,0,0,500,1.0,
146,0,0,500,1.0,
147,0,0,500,1.0,
148,0,0,500,1.0,
149,0,0,500,1.0,
150,0,0,500,1.0,
151,0,0,500,1.0,
152,0,0,500,1.0,
153,0,0,500,1.0,
154,0,0,500,1.0,
155,0,0,500,1.0,
156,0,0,500,1.0,
157,0,0,500,1.0,
158,0,0,500,1.0,
159,0,0,500,1.0,
160,0,0,500,1.0,
161,0,0,500,1.0,
162,0,0,500,1.0,
163,0,0,500,1.0,
164,0,0,500,1.0,
165,0,0,500,1.0,
166,0,0,500,1.0,
167,0,0,500,1.0,
168,0,0,500,1.0,
169,0,0,500,1.0,
170,0,0,500,1.0,
171,0,0,500,1.0,
172,0,0,500,1.0,
173,0,0,500,1.0,
174,0,0,500,1.0,
175,0,0,500,1.0,
176,0,0,500,1.0,
177,0,0,500,1.0,
178,0,0,500,1.0,
179,0,0,500,1.0,
180,0,0,500,1.0,
181,0,0,500,1.0,
182,0,0,500,1.0,
183,0,0,500,1.0,
184,0,0,500,1.0,
185,0,0,500,1.0,
186,0,0,500,1.0,
187,0,0,500,1.0,
188,0,0,500,1.0,
189,0,0,500,1.0,
190,0,0,500,1.0,
191,0,0,500,1.0,
192,0,0,500,1.0,
193,0,0,500,1.0,
194,0,0,500,1.0,
195,0,0,500,1.0,
196,0,0,500,1.0,
197,0,0,500,1.0,
198,0,0,500,1.0,
199,0,0,500,1.0,
200,0,0,500,1.0,
1,497,3,0,0.9943636363636363,1.0
2,496,4,0,0.9932727272727273,0.9994415245759821
3,492,7,1,0.9890909090909091,0.9972780731683575
4,479,20,1,0.9600909090909091,0.9819957659808258
5,465,31,4,0.9414545454545454,0.9713555201204627
6,452,41,7,0.9214545454545454,0.9593226607952072
7,433,56,11,0.8955454545454545,0.9425308711019595
8,411,73,16,0.8723636363636363,0.9251639089460251
9,373,107,20,0.8365454545454546,0.8933492847518184
10,323,149,28,0.8097272727272727,0.8552367002641956
11,273,187,40,0.8225454545454546,0.8398406687802229
12,225,224,51,0.826,0.8082807581258287
13,183,254,63,0.8359090909090909,0.7772032572744574
14,143,278,79,0.8554545454545455,0.74894462216339
15,99,312,89,0.9003636363636364,0.7497786567060404
16,57,331,112,0.9442727272727273,0.7551353948020465
17,25,350,125,0.9823636363636363,0.8209348805885985
18,12,350,138,0.993909090909091,0.8727321268756171
19,0,347,153,1.0,
20,0,337,163,1.0,
21,0,329,171,1.0,
22,0,320,180,1.0,
23,0,299,201,1.0,
24,0,288,212,1.0,
25,0,276,224,1.0,
26,0,268,232,1.0,
27,0,258,242,1.0,
28,0,252,248,1.0,
29,0,245,255,1.0,
30,0,235,265,1.0,
31,0,222,278,1.0,
32,0,214,286,1.0,
33,0,199,301,1.0,
34,0,195,305,1.0,
35,0,188,312,1.0,
36,0,176,324,1.0,
37,0,168,332,1.0,
38,0,164,336,1.0,
39,0,159,341,1.0,
40,0,151,349,1.0,
41,0,144,356,1.0,
42,0,139,361,1.0,
43,0,130,370,1.0,
44,0,126,374,1.0,
45,0,120,380,1.0,
46,0,114,386,1.0,
47,0,108,392,1.0,
48,0,107,393,1.0,
49,0,102,398,1.0,
50,0,101,399,1.0,
51,0,97,403,1.0,
52,0,93,407,1.0,
53,0,91,409,1.0,
54,0,89,411,1.0,
55,0,85,415,1.0,
56,0,82,418,1.0,
57,0,78,422,1.0,
58,0,75,425,1.0,
59,0,74,426,1.0,
60,0,72,428,1.0,
61,0,71,429,1.0,
62,0,69,431,1.0,
63,0,64,436,1.0,
64,0,63,437,1.0,
65,0,57,443,1.0,
66,0,55,445,1.0,
67,0,54,446,1.0,
68,0,49,451,1.0,
69,0,49,451,1.0,
70,0,49,451,1.0,
71,0,48,452,1.0,
72,0,47,453,1.0,
73,0,45,455,1.0,
74,0,44,456,1.0,
75,0,42,458,1.0,
76,0,41,459,1.0,
77,0,40,460,1.0,
78,0,39,461,1.0,
79,0,39,461,1.0,
80,0,37,463,1.0,
81,0,37,463,1.0,
82,0,33,467,1.0,
83,0,31,469,1.0,
84,0,30,470,1.0,
85,0,29,471,1.0,
86,0,29,471,1.0,
87,0,27,473,1.0,
88,0,26,474,1.0,
89,0,26,474,1.0,
90,0,24,476,1.0,
91,0,24,476,1.0,
92,0,23,477,1.0,
93,0,22,478,1.0,
94,0,21,479,1.0,
95,0,19,481,1.0,
96,0,19,481,1.0,
97,0,19,481,1.0,
98,0,19,481,1.0,
99,0,18,482,1.0,
100,0,18,482,1.0,
101,0,18,482,1.0,
102,0,18,482,1.0,
103,0,17,483,1.0,
104,0,16,484,1.0,
105,0,16,484,1.0,
106,0,16,484,1.0,
107,0,14,486,1.0,
108,0,12,488,1.0,
109,0,12,488,1.0,
110,0,12,488,1.0,
111,0,12,488,1.0,
112,0,12,488,1.0,
113,0,10,490,1.0,
114,0,8,492,1.0,
115,0,7,493,1.0,
116,0,7,493,1.0,
117,0,7,493,1.0,
118,0,7,493,1.0,
119,0,7,493,1.0,
120,0,6,494,1.0,
121,0,5,495,1.0,
122,0,5,495,1.0,
123,0,5,495,1.0,
124,0,5,495,1.0,
125,0,4,496,1.0,
126,0,4,496,1.0,
127,0,4,496,1.0,
128,0,4,496,1.0,
129,0,4,496,1.0,
130,0,4,496,1.0,
131,0,4,496,1.0,
132,0,4,496,1.0,
133,0,4,496,1.0,
134,0,4,496,1.0,
135,0,4,496,1.0,
136,0,4,496,1.0,
137,0,4,496,1.0,
138,0,4,496,1.0,
139,0,4,496,1.0,
140,0,4,496,1.0,
141,0,4,496,1.0,
142,0,4,496,1.0,
143,0,4,496,1.0,
144,0,3,497,1.0,
145,0,3,497,1.0,
146,0,3,497,1.0,
147,0,3,497,1.0,
148,0,3,497,1.0,
149,0,3,497,1.0,
150,0,3,497,1.0,
151,0,3,497,1.0,
152,0,3,497,1.0,
153,0,3,497,1.0,
154,0,3,497,1.0,
155,0,3,497,1.0,
156,0,3,497,1.0,
157,0,3,497,1.0,
158,0,3,497,1.0,
159,0,3,497,1.0,
160,0,2,498,1.0,
161,0,2,498,1.0,
162,0,2,498,1.0,
163,0,2,498,1.0,
164,0,2,498,1.0,
165,0,2,498,1.0,
166,0,2,498,1.0,
167,0,2,498,1.0,
168,0,2,498,1.0,
169,0,2,498,1.0,
170,0,2,498,1.0,
171,0,2,498,1.0,
172,0,1,499,1.0,
173,0,1,499,1.0,
174,0,1,499,1.0,
175,0,0,500,1.0,
176,0,0,500,1.0,
177,0,0,500,1.0,
178,0,0,500,1.0,
179,0,0,500,1.0,
180,0,0,500,1.0,
181,0,0,500,1.0,
182,0,0,500,1.0,
183,0,0,500,1.0,
184,0,0,500,1.0,
185,0,0,500,1.0,
186,0,0,500,1.0,
187,0,0,500,1.0,
188,0,0,500,1.0,
189,0,0,500,1.0,
190,0,0,500,1.0,
191,0,0,500,1.0,
192,0,0,500,1.0,
193,0,0,500,1.0,
194,0,0,500,1.0,
195,0,0,500,1.0,
196,0,0,500,1.0,
197,0,0,500,1.0,
198,0,0,500,1.0,
199,0,0,500,1.0,
200,0,0,500,1.0,
1,499,1,0,1.0,1.0
2,497,3,0,0.9951818181818182,0.9975724081821064
3,493,7,0,0.9906363636363636,0.9952427057850297
4,482,17,1,0.9699090909090909,0.9843421887180425
5,464,35,1,0.9280909090909091,0.9612617344755381
6,441,55,4,0.884090909090909,0.9342209289233643
7,405,86,9,0.8284545454545454,0.8938596107340484
8,365,123,12,0.7793636363636364,0.8487198894022753
9,310,171,19,0.7350909090909091,0.7862033653163776
10,254,222,24,0.7555454545454545,0.7590021324338976
11,176,288,36,0.8135454545454546,0.7339368197702363
12,114,342,44,0.8934545454545455,0.7642592353182339
13,54,386,60,0.9511818181818181,0.771841850313217
14,22,397,81,0.9865454545454545,0.8439198773868707
15,10,394,96,0.9954545454545455,0.8812050760420018
16,4,387,109,0.9983636363636363,0.8929571881606765
17,1,374,125,0.9997272727272727,0.9318181818181818
18,0,362,138,1.0,
19,0,348,152,1.0,
20,0,334,166,1.0,
21,0,324,176,1.0,
22,0,309,191,1.0,
23,0,297,203,1.0,
24,0,288,212,1.0,
25,0,276,224,1.0,
26,0,263,237,1.0,
27,0,254,246,1.0,
28,0,244,256,1.0,
29,0,232,268,1.0,
30,0,222,278,1.0,
31,0,214,286,1.0,
32,0,205,295,1.0,
33,0,200,300,1.0,
34,0,187,313,1.0,
35,0,181,319,1.0,
36,0,173,327,1.0,
37,0,168,332,1.0,
38,0,162,338,1.0,
39,0,158,342,1.0,
40,0,153,347,1.0,
41,0,149,351,1.0,
42,0,143,357,1.0,
43,0,135,365,1.0,
44,0,132,368,1.0,
45,0,129,371,1.0,
46,0,126,374,1.0,
47,0,122,378,1.0,
48,0,120,380,1.0,
49,0,112,388,1.0,
50,0,107,393,1.0,
51,0,104,396,1.0,
52,0,100,400,1.0,
53,0,94,406,1.0,
54,0,90,410,1.0,
55,0,85,415,1.0,
56,0,81,419,1.0,
57,0,76,424,1.0,
58,0,74,426,1.0,
59,0,68,432,1.0,
60,0,67,433,1.0,
61,0,66,434,1.0,
62,0,63,437,1.0,
63,0,58,442,1.0,
64,0,55,445,1.0,
65,0,54,446,1.0,
66,0,50,450,1.0,
67,0,47,453,1.0,
68,0,46,454,1.0,
69,0,44,456,1.0,
70,0,41,459,1.0,
71,0,39,461,1.0,
72,0,37,463,1.0,
73,0,36,464,1.0,
74,0,36,464,1.0,
75,0,32,468,1.0,
76,0,31,469,1.0,
77,0,30,470,1.0,
78,0,29,471,1.0,
79,0,28,472,1.0,
80,0,28,472,1.0,
81,0,28,472,1.0,
82,0,26,474,1.0,
83,0,23,477,1.0,
84,0,22,478,1.0,
85,0,21,479,1.0,
86,0,21,479,1.0,
87,0,21,479,1.0,
88,0,21,479,1.0,
89,0,18,482,1.0,
90,0,17,483,1.0,
91,0,15,485,1.0,
92,0,14,486,1.0,
93,0,14,486,1.0,
94,0,14,486,1.0,
95,0,14,486,1.0,
96,0,14,486,1.0,
97,0,14,486,1.0,
98,0,13,487,1.0,
99,0,12,488,1.0,
100,0,11,489,1.0,
101,0,11,489,1.0,
102,0,11,489,1.0,
103,0,11,489,1.0,
104,0,11,489,1.0,
105,0,11,489,1.0,
106,0,10,490,1.0,
107,0,10,490,1.0,
108,0,10,490,1.0,
109,0,10,490,1.0,
110,0,10,490,1.0,
111,0,10,490,1.0,
112,0,9,491,1.0,
113,0,8,492,1.0,
114,0,8,492,1.0,
115,0,8,492,1.0,
116,0,8,492,1.0,
117,0,8,492,1.0,
118,0,8,492,1.0,
119,0,7,493,1.0,
120,0,7,493,1.0,
121,0,7,493,1.0,
122,0,7,493,1.0,
123,0,7,493,1.0,
124,0,7,493,1.0,
125,0,7,493,1.0,
126,0,7,493,1.0,
127,0,7,493,1.0,
128,0,7,493,1.0,
129,0,6,494,1.0,
130,0,6,494,1.0,
131,0,6,494,1.0,
132,0,5,495,1.0,
133,0,4,496,1.0,
134,0,4,496,1.0,
135,0,4,496,1.0,
136,0,4,496,1.0,
137,0,4,496,1.0,
138,0,4,496,1.0,
139,0,4,496,1.0,
140,0,4,496,1.0,
141,0,4,496,1.0,
142,0,4,496,1.0,
143,0,4,496,1.0,
144,0,4,496,1.0,
145,0,3,497,1.0,
146,0,3,497,1.0,
147,0,3,497,1.0,
148,0,3,497,1.0,
149,0,3,497,1.0,
150,0,3,497,1.0,
151,0,3,497,1.0,
152,0,3,497,1.0,
153,0,3,497,1.0,
154,0,3,497,1.0,
155,0,2,498,1.0,
156,0,2,498,1.0,
157,0,2,498,1.0,
158,0,2,498,1.0,
159,0,2,498,1.0,
160,0,2,498,1.0,
161,0,2,498,1.0,
162,0,2,498,1.0,
163,0,1,499,1.0,
164,0,0,500,1.0,
165,0,0,500,1.0,
166,0,0,500,1.0,
167,0,0,500,1.0,
168,0,0,500,1.0,
169,0,0,500,1.0,
170,0,0,500,1.0,
171,0,0,500,1.0,
172,0,0,500,1.0,
173,0,0,500,1.0,
174,0,0,500,1.0,
175,0,0,500,1.0,
176,0,0,500,1.0,
177,0,0,500,1.0,
178,0,0,500,1.0,
179,0,0,500,1.0,
180,0,0,500,1.0,
181,0,0,500,1.0,
182,0,0,500,1.0,
183,0,0,500,1.0,
184,0,0,500,1.0,
185,0,0,500,1.0,
186,0,0,500,1.0,
187,0,0,500,1.0,
188,0,0,500,1.0,
189,0,0,500,1.0,
190,0,0,500,1.0,
191,0,0,500,1.0,
192,0,0,500,1.0,
193,0,0,500,1.0,
194,0,0,500,1.0,
195,0,0,500,1.0,
196,0,0,500,1.0,
197,0,0,500,1.0,
198,0,0,500,1.0,
199,0,0,500,1.0,
200,0,0,500,1.0,
1,498,2,0,0.997,1.0
2,492,7,1,0.991909090909091,0.99738549117672
3,474,23,3,0.9572727272727273,0.9788722473423187
4,452,44,4,0.906,0.9494129952319204
5,412,81,7,0.8340909090909091,0.900613907897879
6,366,122,12,0.7707272727272727,0.8446302365619223
7,312,168,20,0.7467272727272727,0.797883367552677
8,253,213,34,0.7635454545454545,0.7668811069344098
9,192,265,43,0.8008181818181819,0.7409232178054126
10,126,317,57,0.8686363636363637,0.7381305224775568
11,73,350,77,0.9359090909090909,0.7787017105518712
12,27,383,90,0.9868181818181818,0.8777818677408137
13,8,381,111,0.9969090909090909,0.9027578019464089
14,2,375,123,0.9987272727272727,0.8415719010197477
15,0,366,134,1.0,
16,0,351,149,1.0,
17,0,340,160,1.0,
18,0,329,171,1.0,
19,0,316,184,1.0,
20,0,306,194,1.0,
21,0,287,213,1.0,
22,0,277,223,1.0,
23,0,265,235,1.0,
24,0,256,244,1.0,
25,0,247,253,1.0,
26,0,230,270,1.0,
27,0,221,279,1.0,
28,0,214,286,1.0,
29,0,208,292,1.0,
30,0,203,297,1.0,
31,0,193,307,1.0,
32,0,188,312,1.0,
33,0,182,318,1.0,
34,0,172,328,1.0,
35,0,165,335,1.0,
36,0,162,338,1.0,
37,0,156,344,1.0,
38,0,154,346,1.0,
39,0,149,351,1.0,
40,0,143,357,1.0,
41,0,137,363,1.0,
42,0,127,373,1.0,
43,0,125,375,1.0,
44,0,119,381,1.0,
45,0,116,384,1.0,
46,0,111,389,1.0,
47,0,103,397,1.0,
48,0,99,401,1.0,
49,0,95,405,1.0,
50,0,88,412,1.0,
51,0,87,413,1.0,
52,0,80,420,1.0,
53,0,77,423,1.0,
54,0,71,429,1.0,
55,0,68,432,1.0,
56,0,64,436,1.0,
57,0,62,438,1.0,
58,0,59,441,1.0,
59,0,58,442,1.0,
60,0,57,443,1.0,
61,0,57,443,1.0,
62,0,57,443,1.0,
63,0,54,446,1.0,
64,0,54,446,1.0,
65,0,51,449,1.0,
66,0,50,450,1.0,
67,0,47,453,1.0,
68,0,45,455,1.0,
69,0,45,455,1.0,
70,0,43,457,1.0,
71,0,42,458,1.0,
72,0,39,461,1.0,
73,0,38,462,1.0,
74,0,34,466,1.0,
75,0,32,468,1.0,
76,0,32,468,1.0,
77,0,29,471,1.0,
78,0,29,471,1.0,
79,0,26,474,1.0,
80,0,26,474,1.0,
81,0,23,477,1.0,
82,0,22,478,1.0,
83,0,20,480,1.0,
84,0,18,482,1.0,
85,0,18,482,1.0,
86,0,16,484,1.0,
87,0,16,484,1.0,
88,0,16,484,1.0,
89,0,16,484,1.0,
90,0,16,484,1.0,
91,0,16,484,1.0,
92,0,15,485,1.0,
93,0,15,485,1.0,
94,0,14,486,1.0,
95,0,14,486,1.0,
96,0,14,486,1.0,
97,0,12,488,1.0,
98,0,9,491,1.0,
99,0,8,492,1.0,
100,0,6,494,1.0,
101,0,6,494,1.0,
102,0,6,494,1.0,
103,0,5,495,1.0,
104,0,5,495,1.0,
105,0,5,495,1.0,
106,0,5,495,1.0,
107,0,5,495,1.0,
108,0,5,495,1.0,
109,0,5,495,1.0,
110,0,5,495,1.0,
111,0,5,495,1.0,
112,0,5,495,1.0,
113,0,4,496,1.0,
114,0,3,497,1.0,
115,0,3,497,1.0,
116,0,3,497,1.0,
117,0,3,497,1.0,
118,0,3,497,1.0,
119,0,3,497,1.0,
120,0,3,497,1.0,
121,0,3,497,1.0,
122,0,3,497,1.0,
123,0,3,497,1.0,
124,0,3,497,1.0,
125,0,3,497,1.0,
126,0,2,498,1.0,
127,0,2,498,1.0,
128,0,2,498,1.0,
129,0,2,498,1.0,
130,0,2,498,1.0,
131,0,2,498,1.0,
132,0,2,498,1.0,
133,0,2,498,1.0,
134,0,2,498,1.0,
135,0,2,498,1.0,
136,0,2,498,1.0,
137,0,2,498,1.0,
138,0,1,499,1.0,
139,0,1,499,1.0,
140,0,1,499,1.0,
141,0,1,499,1.0,
142,0,1,499,1.0,
143,0,1,499,1.0,
144,0,1,499,1.0,
145,0,1,499,1.0,
146,0,1,499,1.0,
147,0,1,499,1.0,
148,0,1,499,1.0,
149,0,1,499,1.0,
150,0,1,499,1.0,
151,0,1,499,1.0,
152,0,1,499,1.0,
153,0,1,499,1.0,
154,0,1,499,1.0,
155,0,1,499,1.0,
156,0,1,499,1.0,
157,0,1,499,1.0,
158,0,1,499,1.0,
159,0,1,499,1.0,
160,0,1,499,1.0,
161,0,1,499,1.0,
162,0,1,499,1.0,
163,0,1,499,1.0,
164,0,1,499,1.0,
165,0,1,499,1.0,
166,0,1,499,1.0,
167,0,1,499,1.0,
168,0,1,499,1.0,
169,0,1,499,1.0,
170,0,1,499,1.0,
171,0,1,499,1.0,
172,0,1,499,1.0,
173,0,1,499,1.0,
174,0,1,499,1.0,
175,0,1,499,1.0,
176,0,1,499,1.0,
177,0,1,499,1.0,
178,0,1,499,1.0,
179,0,1,499,1.0,
180,0,1,499,1.0,
181,0,1,499,1.0,
182,0,1,499,1.0,
183,0,1,499,1.0,
184,0,1,499,1.0,
185,0,1,499,1.0,
186,0,1,499,1.0,
187,0,1,499,1.0,
188,0,1,499,1.0,
189,0,1,499,1.0,
190,0,1,499,1.0,
191,0,1,499,1.0,
192,0,1,499,1.0,
193,0,1,499,1.0,
194,0,1,499,1.0,
195,0,1,499,1.0,
196,0,1,499,1.0,
197,0,1,499,1.0,
198,0,1,499,1.0,
199,0,0,500,1.0,
200,0,0,500,1.0,
1,497,3,0,0.994,1.0
2,494,6,0,0.9896363636363636,0.9977822713429477
3,488,12,0,0.9778181818181818,0.9916064079246064
4,480,20,0,0.9629090909090909,0.9836325070425656
5,462,38,0,0.9314545454545454,0.9658073941336318
6,441,57,2,0.8945454545454545,0.943134576919964
7,402,94,4,0.8230909090909091,0.892674034961052
8,353,138,9,0.7721818181818182,0.8411197907012773
9,288,193,19,0.7604545454545455,0.7942955985013667
10,217,259,24,0.7813636363636364,0.7494998508766377
11,140,324,36,0.8555454545454545,0.7438706233614308
12,78,371,51,0.9325454545454546,0.7846284630921332
13,34,401,65,0.9820909090909091,0.8695086716079925
14,8,414,78,0.9984545454545455,0.952462092625196
15,2,403,95,0.9990909090909091,0.8839679185554171
16,1,390,109,0.9998181818181818,0.9584473803279215
17,0,382,118,1.0,
18,0,366,134,1.0,
19,0,346,154,1.0,
20,0,337,163,1.0,
21,0,317,183,1.0,
22,0,303,197,1.0,
23,0,295,205,1.0,
24,0,278,222,1.0,
25,0,260,240,1.0,
26,0,247,253,1.0,
27,0,235,265,1.0,
28,0,229,271,1.0,
29,0,220,280,1.0,
30,0,215,285,1.0,
31,0,207,293,1.0,
32,0,201,299,1.0,
33,0,197,303,1.0,
34,0,190,310,1.0,
35,0,186,314,1.0,
36,0,180,320,1.0,
37,0,173,327,1.0,
38,0,165,335,1.0,
39,0,159,341,1.0,
40,0,151,349,1.0,
41,0,147,353,1.0,
42,0,142,358,1.0,
43,0,139,361,1.0,
44,0,134,366,1.0,
45,0,127,373,1.0,
46,0,123,377,1.0,
47,0,116,384,1.0,
48,0,114,386,1.0,
49,0,107,393,1.0,
50,0,102,398,1.0,
51,0,100,400,1.0,
52,0,99,401,1.0,
53,0,96,404,1.0,
54,0,90,410,1.0,
55,0,88,412,1.0,
56,0,85,415,1.0,
57,0,78,422,1.0,
58,0,75,425,1.0,
59,0,75,425,1.0,
60,0,71,429,1.0,
61,0,68,432,1.0,
62,0,67,433,1.0,
63,0,65,435,1.0,
64,0,62,438,1.0,
65,0,61,439,1.0,
66,0,59,441,1.0,
67,0,56,444,1.0,
68,0,55,445,1.0,
69,0,54,446,1.0,
70,0,53,447,1.0,
71,0,48,452,1.0,
72,0,46,454,1.0,
73,0,45,455,1.0,
74,0,43,457,1.0,
75,0,40,460,1.0,
76,0,37,463,1.0,
77,0,37,463,1.0,
78,0,34,466,1.0,
79,0,32,468,1.0,
80,0,31,469,1.0,
81,0,30,470,1.0,
82,0,28,472,1.0,
83,0,28,472,1.0,
84,0,27,473,1.0,
85,0,27,473,1.0,
86,0,27,473,1.0,
87,0,24,476,1.0,
88,0,23,477,1.0,
89,0,23,477,1.0,
90,0,23,477,1.0,
91,0,23,477,1.0,
92,0,22,478,1.0,
93,0,22,478,1.0,
94,0,22,478,1.0,
95,0,21,479,1.0,
96,0,21,479,1.0,
97,0,21,479,1.0,
98,0,18,482,1.0,
99,0,18,482,1.0,
100,0,16,484,1.0,
101,0,15,485,1.0,
102,0,14,486,1.0,
103,0,13,487,1.0,
104,0,12,488,1.0,
105,0,11,489,1.0,
106,0,11,489,1.0,
107,0,11,489,1.0,
108,0,11,489,1.0,
109,0,10,490,1.0,
110,0,10,490,1.0,
111,0,10,490,1.0,
112,0,10,490,1.0,
113,0,9,491,1.0,
114,0,8,492,1.0,
115,0,7,493,1.0,
116,0,6,494,1.0,
117,0,6,494,1.0,
118,0,6,494,1.0,
119,0,6,494,1.0,
120,0,6,494,1.0,
121,0,6,494,1.0,
122,0,6,494,1.0,
123,0,6,494,1.0,
124,0,6,494,1.0,
125,0,6,494,1.0,
126,0,6,494,1.0,
127,0,6,494,1.0,
128,0,6,494,1.0,
129,0,5,495,1.0,
130,0,5,495,1.0,
131,0,5,495,1.0,
132,0,5,495,1.0,
133,0,4,496,1.0,
134,0,4,496,1.0,
135,0,4,496,1.0,
136,0,4,496,1.0,
137,0,4,496,1.0,
138,0,4,496,1.0,
139,0,3,497,1.0,
140,0,2,498,1.0,
141,0,2,498,1.0,
142,0,1,499,1.0,
143,0,1,499,1.0,
144,0,1,499,1.0,
145,0,1,499,1.0,
146,0,1,499,1.0,
147,0,1,499,1.0,
148,0,1,499,1.0,
149,0,1,499,1.0,
150,0,1,499,1.0,
151,0,1,499,1.0,
152,0,1,499,1.0,
153,0,1,499,1.0,
154,0,1,499,1.0,
155,0,1,499,1.0,
156,0,1,499,1.0,
157,0,1,499,1.0,
158,0,1,499,1.0,
159,0,1,499,1.0,
160,0,1,499,1.0,
161,0,1,499,1.0,
162,0,1,499,1.0,
163,0,1,499,1.0,
164,0,1,499,1.0,
165,0,1,499,1.0,
166,0,1,499,1.0,
167,0,1,499,1.0,
168,0,1,499,1.0,
169,0,1,499,1.0,
170,0,1,499,1.0,
171,0,1,499,1.0,
172,0,0,500,1.0,
173,0,0,500,1.0,
174,0,0,500,1.0,
175,0,0,500,1.0,
176,0,0,500,1.0,
177,0,0,500,1.0,
178,0,0,500,1.0,
179,0,0,500,1.0,
180,0,0,500,1.0,
181,0,0,500,1.0,
182,0,0,500,1.0,
183,0,0,500,1.0,
184,0,0,500,1.0,
185,0,0,500,1.0,
186,0,0,500,1.0,
187,0,0,500,1.0,
188,0,0,500,1.0,
189,0,0,500,1.0,
190,0,0,500,1.0,
191,0,0,500,1.0,
192,0,0,500,1.0,
193,0,0,500,1.0,
194,0,0,500,1.0,
195,0,0,500,1.0,
196,0,0,500,1.0,
197,0,0,500,1.0,
198,0,0,500,1.0,
199,0,0,500,1.0,
200,0,0,500,1.0,
1,499,1,0,1.0,1.0
2,499,1,0,1.0,1.0
3,496,4,0,0.9934545454545455,0.9967062944394748
4,494,5,1,0.9907272727272727,0.9953266617716606
5,490,9,1,0.9817272727272728,0.990687304721585
6,482,16,2,0.9692727272727273,0.9840659883245348
7,468,30,2,0.939,0.9674742654048989
8,437,60,3,0.8845454545454545,0.9338695721198255
9,400,94,6,0.8344545454545454,0.8963045840364587
10,353,136,11,0.806,0.8624923034529169
11,299,181,20,0.7890909090909091,0.8236196607195113
12,241,227,32,0.7911818181818182,0.7829433821773848
13,168,288,44,0.8208181818181818,0.7316782871102236
14,115,325,60,0.8815454545454545,0.7412258049791997
15,66,357,77,0.9444545454545454,0.7878404960934813
16,29,372,99,0.979909090909091,0.8252746452501265
17,10,383,107,0.9973636363636363,0.932268266491182
18,2,375,123,0.9993636363636363,0.920959595959596
19,1,359,140,0.9998181818181818,0.9555555555555556
20,0,347,153,1.0,
21,0,332,168,1.0,
22,0,321,179,1.0,
23,0,310,190,1.0,
24,0,299,201,1.0,
25,0,285,215,1.0,
26,0,279,221,1.0,
27,0,264,236,1.0,
28,0,255,245,1.0,
29,0,248,252,1.0,
30,0,235,265,1.0,
31,0,228,272,1.0,
32,0,222,278,1.0,
33,0,213,287,1.0,
34,0,200,300,1.0,
35,0,193,307,1.0,
36,0,185,315,1.0,
37,0,180,320,1.0,
38,0,175,325,1.0,
39,0,169,331,1.0,
40,0,158,342,1.0,
41,0,153,347,1.0,
42,0,145,355,1.0,
43,0,138,362,1.0,
44,0,134,366,1.0,
45,0,123,377,1.0,
46,0,117,383,1.0,
47,0,113,387,1.0,
48,0,107,393,1.0,
49,0,101,399,1.0,
50,0,97,403,1.0,
51,0,93,407,1.0,
52,0,90,410,1.0,
53,0,89,411,1.0,
54,0,87,413,1.0,
55,0,83,417,1.0,
56,0,80,420,1.0,
57,0,75,425,1.0,
58,0,73,427,1.0,
59,0,68,432,1.0,
60,0,65,435,1.0,
61,0,64,436,1.0,
62,0,63,437,1.0,
63,0,58,442,1.0,
64,0,57,443,1.0,
65,0,55,445,1.0,
66,0,55,445,1.0,
67,0,52,448,1.0,
68,0,48,452,1.0,
69,0,47,453,1.0,
70,0,47,453,1.0,
71,0,46,454,1.0,
72,0,45,455,1.0,
73,0,43,457,1.0,
74,0,42,458,1.0,
75,0,42,458,1.0,
76,0,41,459,1.0,
77,0,39,461,1.0,
78,0,36,464,1.0,
79,0,36,464,1.0,
80,0,36,464,1.0,
81,0,34,466,1.0,
82,0,32,468,1.0,
83,0,31,469,1.0,
84,0,30,470,1.0,
85,0,29,471,1.0,
86,0,26,474,1.0,
87,0,25,475,1.0,
88,0,23,477,1.0,
89,0,23,477,1.0,
90,0,22,478,1.0,
91,0,21,479,1.0,
92,0,19,481,1.0,
93,0,18,482,1.0,
94,0,17,483,1.0,
95,0,17,483,1.0,
96,0,17,483,1.0,
97,0,16,484,1.0,
98,0,14,486,1.0,
99,0,13,487,1.0,
100,0,13,487,1.0,
101,0,12,488,1.0,
102,0,12,488,1.0,
103,0,12,488,1.0,
104,0,12,488,1.0,
105,0,12,488,1.0,
106,0,12,488,1.0,
107,0,11,489,1.0,
108,0,11,489,1.0,
109,0,11,489,1.0,
110,0,11,489,1.0,
111,0,10,490,1.0,
112,0,10,490,1.0,
113,0,8,492,1.0,
114,0,7,493,1.0,
115,0,7,493,1.0,
116,0,7,493,1.0,
117,0,7,493,1.0,
118,0,7,493,1.0,
119,0,7,493,1.0,
120,0,7,493,1.0,
121,0,7,493,1.0,
122,0,7,493,1.0,
123,0,7,493,1.0,
124,0,7,493,1.0,
125,0,6,494,1.0,
126,0,6,494,1.0,
127,0,6,494,1.0,
128,0,6,494,1.0,
129,0,6,494,1.0,
130,0,6,494,1.0,
131,0,6,494,1.0,
132,0,5,495,1.0,
133,0,4,496,1.0,
134,0,4,496,1.0,
135,0,4,496,1.0,
136,0,4,496,1.0,
137,0,4,496,1.0,
138,0,3,497,1.0,
139,0,3,497,1.0,
140,0,3,497,1.0,
141,0,3,497,1.0,
142,0,3,497,1.0,
143,0,3,497,1.0,
144,0,3,497,1.0,
145,0,3,497,1.0,
146,0,3,497,1.0,
147,0,3,497,1.0,
148,0,3,497,1.0,
149,0,3,497,1.0,
150,0,3,497,1.0,
151,0,3,497,1.0,
152,0,3,497,1.0,
153,0,3,497,1.0,
154,0,3,497,1.0,
155,0,3,497,1.0,
156,0,3,497,1.0,
157,0,2,498,1.0,
158,0,1,499,1.0,
159,0,1,499,1.0,
160,0,1,499,1.0,
161,0,1,499,1.0,
162,0,1,499,1.0,
163,0,1,499,1.0,
164,0,1,499,1.0,
165,0,1,499,1.0,
166,0,1,499,1.0,
167,0,1,499,1.0,
168,0,1,499,1.0,
169,0,0,500,1.0,
170,0,0,500,1.0,
171,0,0,500,1.0,
172,0,0,500,1.0,
173,0,0,500,1.0,
174,0,0,500,1.0,
175,0,0,500,1.0,
176,0,0,500,1.0,
177,0,0,500,1.0,
178,0,0,500,1.0,
179,0,0,500,1.0,
180,0,0,500,1.0,
181,0,0,500,1.0,
182,0,0,500,1.0,
183,0,0,500,1.0,
184,0,0,500,1.0,
185,0,0,500,1.0,
186,0,0,500,1.0,
187,0,0,500,1.0,
188,0,0,500,1.0,
189,0,0,500,1.0,
190,0,0,500,1.0,
191,0,0,500,1.0,
192,0,0,500,1.0,
193,0,0,500,1.0,
194,0,0,500,1.0,
195,0,0,500,1.0,
196,0,0,500,1.0,
197,0,0,500,1.0,
198,0,0,500,1.0,
199,0,0,500,1.0,
200,0,0,500,1.0,
1,497,3,0,0.994,1.0
2,494,6,0,0.991909090909091,0.9989236794103585
3,489,11,0,0.983909090909091,0.9947695581543423
4,467,33,0,0.9359090909090909,0.9685722065671747
5,438,57,5,0.8908181818181818,0.9405871866215415
6,399,95,6,0.826,0.893668347752013
7,349,140,11,0.7815454545454545,0.846071839345317
8,288,195,17,0.7579090909090909,0.7916882140019628
9,231,236,33,0.7840909090909091,0.7676879566517681
10,171,279,50,0.8252727272727273,0.7444856857293588
11,119,316,65,0.8777272727272727,0.7423941244156192
12,70,354,76,0.9331818181818182,0.760557266036504
13,25,386,89,0.9856363636363636,0.8558486075102513
14,6,390,104,0.998,0.9147363935860927
15,1,384,115,0.9992727272727273,0.8024283350281738
16,0,368,132,1.0,
17,0,358,142,1.0,
18,0,348,152,1.0,
19,0,340,160,1.0,
20,0,322,178,1.0,
21,0,310,190,1.0,
22,0,294,206,1.0,
23,0,288,212,1.0,
24,0,280,220,1.0,
25,0,271,229,1.0,
26,0,257,243,1.0,
27,0,243,257,1.0,
28,0,234,266,1.0,
29,0,228,272,1.0,
30,0,218,282,1.0,
31,0,207,293,1.0,
32,0,197,303,1.0,
33,0,189,311,1.0,
34,0,179,321,1.0,
35,0,172,328,1.0,
36,0,165,335,1.0,
37,0,153,347,1.0,
38,0,150,350,1.0,
39,0,139,361,1.0,
40,0,138,362,1.0,
41,0,132,368,1.0,
42,0,127,373,1.0,
43,0,125,375,1.0,
44,0,118,382,1.0,
45,0,113,387,1.0,
46,0,113,387,1.0,
47,0,111,389,1.0,
48,0,105,395,1.0,
49,0,102,398,1.0,
50,0,96,404,1.0,
51,0,91,409,1.0,
52,0,86,414,1.0,
53,0,85,415,1.0,
54,0,81,419,1.0,
55,0,79,421,1.0,
56,0,74,426,1.0,
57,0,71,429,1.0,
58,0,68,432,1.0,
59,0,66,434,1.0,
60,0,64,436,1.0,
61,0,61,439,1.0,
62,0,57,443,1.0,
63,0,53,447,1.0,
64,0,49,451,1.0,
65,0,45,455,1.0,
66,0,45,455,1.0,
67,0,43,457,1.0,
68,0,41,459,1.0,
69,0,40,460,1.0,
70,0,38,462,1.0,
71,0,37,463,1.0,
72,0,33,467,1.0,
73,0,31,469,1.0,
74,0,29,471,1.0,
75,0,29,471,1.0,
76,0,28,472,1.0,
77,0,26,474,1.0,
78,0,26,474,1.0,
79,0,25,475,1.0,
80,0,25,475,1.0,
81,0,23,477,1.0,
82,0,21,479,1.0,
83,0,19,481,1.0,
84,0,19,481,1.0,
85,0,18,482,1.0,
86,0,16,484,1.0,
87,0,15,485,1.0,
88,0,15,485,1.0,
89,0,13,487,1.0,
90,0,13,487,1.0,
91,0,12,488,1.0,
92,0,11,489,1.0,
93,0,11,489,1.0,
94,0,11,489,1.0,
95,0,11,489,1.0,
96,0,11,489,1.0,
97,0,10,490,1.0,
98,0,10,490,1.0,
99,0,9,491,1.0,
100,0,7,493,1.0,
101,0,6,494,1.0,
102,0,6,494,1.0,
103,0,6,494,1.0,
104,0,5,495,1.0,
105,0,5,495,1.0,
106,0,5,495,1.0,
107,0,5,495,1.0,
108,0,5,495,1.0,
109,0,5,495,1.0,
110,0,5,495,1.0,
111,0,5,495,1.0,
112,0,5,495,1.0,
113,0,5,495,1.0,
114,0,5,495,1.0,
115,0,5,495,1.0,
116,0,5,495,1.0,
117,0,5,495,1.0,
118,0,5,495,1.0,
119,0,5,495,1.0,
120,0,5,495,1.0,
121,0,4,496,1.0,
122,0,4,496,1.0,
123,0,4,496,1.0,
124,0,4,496,1.0,
125,0,3,497,1.0,
126,0,3,497,1.0,
127,0,3,497,1.0,
128,0,3,497,1.0,
129,0,3,497,1.0,
130,0,2,498,1.0,
131,0,2,498,1.0,
132,0,2,498,1.0,
133,0,2,498,1.0,
134,0,2,498,1.0,
135,0,2,498,1.0,
136,0,2,498,1.0,
137,0,1,499,1.0,
138,0,1,499,1.0,
139,0,1,499,1.0,
140,0,1,499,1.0,
141,0,1,499,1.0,
142,0,1,499,1.0,
143,0,1,499,1.0,
144,0,1,499,1.0,
145,0,1,499,1.0,
146,0,1,499,1.0,
147,0,1,499,1.0,
148,0,1,499,1.0,
149,0,1,499,1.0,
150,0,1,499,1.0,
151,0,1,499,1.0,
152,0,1,499,1.0,
153,0,1,499,1.0,
154,0,1,499,1.0,
155,0,1,499,1.0,
156,0,1,499,1.0,
157,0,1,499,1.0,
158,0,1,499,1.0,
159,0,1,499,1.0,
160,0,1,499,1.0,
161,0,1,499,1.0,
162,0,1,499,1.0,
163,0,1,499,1.0,
164,0,1,499,1.0,
165,0,1,499,1.0,
166,0,1,499,1.0,
167,0,0,500,1.0,
168,0,0,500,1.0,
169,0,0,500,1.0,
170,0,0,500,1.0,
171,0,0,500,1.0,
172,0,0,500,1.0,
173,0,0,500,1.0,
174,0,0,500,1.0,
175,0,0,500,1.0,
176,0,0,500,1.0,
177,0,0,500,1.0,
178,0,0,500,1.0,
179,0,0,500,1.0,
180,0,0,500,1.0,
181,0,0,500,1.0,
182,0,0,500,1.0,
183,0,0,500,1.0,
184,0,0,500,1.0,
185,0,0,500,1.0,
186,0,0,500,1.0,
187,0,0,500,1.0,
188,0,0,500,1.0,
189,0,0,500,1.0,
190,0,0,500,1.0,
191,0,0,500,1.0,
192,0,0,500,1.0,
193,0,0,500,1.0,
194,0,0,500,1.0,
195,0,0,500,1.0,
196,0,0,500,1.0,
197,0,0,500,1.0,
198,0,0,500,1.0,
199,0,0,500,1.0,
200,0,0,500,1.0,
1,497,3,0,0.9954545454545455,1.0
2,495,5,0,0.992,0.9982593006282765
3,487,12,1,0.9807272727272728,0.9924159249971422
4,471,26,3,0.9510909090909091,0.9763864488770579
5,444,50,6,0.9011818181818182,0.9466597197230626
6,418,72,10,0.855909090909091,0.9161312358648268
7,377,111,12,0.8040909090909091,0.8721570465033913
8,328,157,15,0.758,0.817437564731959
9,282,195,23,0.7525454545454545,0.7819989424027489
10,210,248,42,0.7806363636363637,0.7397365673394043
11,157,294,49,0.8384545454545455,0.743135809407522
12,82,361,57,0.9303636363636364,0.7869306370384713
13,30,391,79,0.9808181818181818,0.8397401073539811
14,8,400,92,0.9970909090909091,0.9111920678166695
15,0,396,104,1.0,
16,0,387,113,1.0,
17,0,370,130,1.0,
18,0,357,143,1.0,
19,0,339,161,1.0,
20,0,326,174,1.0,
21,0,314,186,1.0,
22,0,306,194,1.0,
23,0,293,207,1.0,
24,0,281,219,1.0,
25,0,273,227,1.0,
26,0,260,240,1.0,
27,0,254,246,1.0,
28,0,244,256,1.0,
29,0,235,265,1.0,
30,0,227,273,1.0,
31,0,214,286,1.0,
32,0,208,292,1.0,
33,0,199,301,1.0,
34,0,191,309,1.0,
35,0,186,314,1.0,
36,0,175,325,1.0,
37,0,165,335,1.0,
38,0,158,342,1.0,
39,0,151,349,1.0,
40,0,143,357,1.0,
41,0,142,358,1.0,
42,0,136,364,1.0,
43,0,128,372,1.0,
44,0,122,378,1.0,
45,0,117,383,1.0,
46,0,113,387,1.0,
47,0,108,392,1.0,
48,0,105,395,1.0,
49,0,103,397,1.0,
50,0,101,399,1.0,
51,0,94,406,1.0,
52,0,89,411,1.0,
53,0,87,413,1.0,
54,0,81,419,1.0,
55,0,79,421,1.0,
56,0,72,428,1.0,
57,0,70,430,1.0,
58,0,66,434,1.0,
59,0,64,436,1.0,
60,0,61,439,1.0,
61,0,59,441,1.0,
62,0,53,447,1.0,
63,0,51,449,1.0,
64,0,47,453,1.0,
65,0,46,454,1.0,
66,0,46,454,1.0,
67,0,45,455,1.0,
68,0,43,457,1.0,
69,0,42,458,1.0,
70,0,42,458,1.0,
71,0,41,459,1.0,
72,0,41,459,1.0,
73,0,41,459,1.0,
74,0,39,461,1.0,
75,0,36,464,1.0,
76,0,34,466,1.0,
77,0,32,468,1.0,
78,0,29,471,1.0,
79,0,29,471,1.0,
80,0,28,472,1.0,
81,0,28,472,1.0,
82,0,26,474,1.0,
83,0,22,478,1.0,
84,0,20,480,1.0,
85,0,19,481,1.0,
86,0,17,483,1.0,
87,0,15,485,1.0,
88,0,15,485,1.0,
89,0,14,486,1.0,
90,0,14,486,1.0,
91,0,14,486,1.0,
92,0,13,487,1.0,
93,0,12,488,1.0,
94,0,12,488,1.0,
95,0,12,488,1.0,
96,0,12,488,1.0,
97,0,12,488,1.0,
98,0,12,488,1.0,
99,0,12,488,1.0,
100,0,12,488,1.0,
101,0,12,488,1.0,
102,0,11,489,1.0,
103,0,11,489,1.0,
104,0,11,489,1.0,
105,0,11,489,1.0,
106,0,11,489,1.0,
107,0,11,489,1.0,
108,0,11,489,1.0,
109,0,11,489,1.0,
110,0,11,489,1.0,
111,0,11,489,1.0,
112,0,8,492,1.0,
113,0,7,493,1.0,
114,0,7,493,1.0,
115,0,6,494,1.0,
116,0,6,494,1.0,
117,0,6,494,1.0,
118,0,6,494,1.0,
119,0,5,495,1.0,
120,0,4,496,1.0,
121,0,4,496,1.0,
122,0,4,496,1.0,
123,0,4,496,1.0,
124,0,4,496,1.0,
125,0,4,496,1.0,
126,0,4,496,1.0,
127,0,4,496,1.0,
128,0,4,496,1.0,
129,0,4,496,1.0,
130,0,4,496,1.0,
131,0,4,496,1.0,
132,0,4,496,1.0,
133,0,4,496,1.0,
134,0,4,496,1.0,
135,0,4,496,1.0,
136,0,3,497,1.0,
137,0,3,497,1.0,
138,0,3,497,1.0,
139,0,3,497,1.0,
140,0,3,497,1.0,
141,0,3,497,1.0,
142,0,3,497,1.0,
143,0,3,497,1.0,
144,0,3,497,1.0,
145,0,3,497,1.0,
146,0,3,497,1.0,
147,0,3,497,1.0,
148,0,3,497,1.0,
149,0,3,497,1.0,
150,0,3,497,1.0,
151,0,3,497,1.0,
152,0,3,497,1.0,
153,0,3,497,1.0,
154,0,3,497,1.0,
155,0,3,497,1.0,
156,0,3,497,1.0,
157,0,3,497,1.0,
158,0,3,497,1.0,
159,0,2,498,1.0,
160,0,2,498,1.0,
161,0,2,498,1.0,
162,0,2,498,1.0,
163,0,2,498,1.0,
164,0,2,498,1.0,
165,0,2,498,1.0,
166,0,2,498,1.0,
167,0,2,498,1.0,
168,0,2,498,1.0,
169,0,2,498,1.0,
170,0,2,498,1.0,
171,0,2,498,1.0,
172,0,2,498,1.0,
173,0,2,498,1.0,
174,0,1,499,1.0,
175,0,1,499,1.0,
176,0,1,499,1.0,
177,0,1,499,1.0,
178,0,1,499,1.0,
179,0,1,499,1.0,
180,0,1,499,1.0,
181,0,1,499,1.0,
182,0,1,499,1.0,
183,0,1,499,1.0,
184,0,1,499,1.0,
185,0,1,499,1.0,
186,0,1,499,1.0,
187,0,1,499,1.0,
188,0,1,499,1.0,
189,0,0,500,1.0,
190,0,0,500,1.0,
191,0,0,500,1.0,
192,0,0,500,1.0,
193,0,0,500,1.0,
194,0,0,500,1.0,
195,0,0,500,1.0,
196,0,0,500,1.0,
197,0,0,500,1.0,
198,0,0,500,1.0,
199,0,0,500,1.0,
200,0,0,500,1.0,
1,499,1,0,1.0,1.0
2,498,2,0,0.9982727272727273,0.999135430361862
3,493,7,0,0.9863636363636363,0.9930981927277462
4,487,12,1,0.9768181818181818,0.9881585781201211
5,475,23,2,0.9544545454545454,0.9760066134549963
6,454,41,5,0.9265454545454546,0.9594967469674747
7,435,57,8,0.8997272727272727,0.9422953489276676
8,401,88,11,0.8606363636363636,0.9130755745988703
9,361,124,15,0.8226363636363636,0.8768364393076704
10,317,159,24,0.7978181818181819,0.8404443395106218
11,265,203,32,0.7824545454545454,0.7949124790067184
12,212,244,44,0.7881818181818182,0.7496332306855239
13,159,289,52,0.8325454545454546,0.7362405925879509
14,101,332,67,0.9028181818181819,0.758166704027681
15,46,375,79,0.9657272727272728,0.8120286446496842
16,22,377,101,0.9822727272727273,0.7982148031905715
17,8,368,124,0.9937272727272727,0.8053096259120505
18,2,355,143,0.9991818181818182,0.9
19,1,345,154,0.9993636363636363,0.8444444444444444
20,0,337,163,1.0,
21,0,322,178,1.0,
22,0,310,190,1.0,
23,0,299,201,1.0,
24,0,290,210,1.0,
25,0,272,228,1.0,
26,0,262,238,1.0,
27,0,248,252,1.0,
28,0,238,262,1.0,
29,0,225,275,1.0,
30,0,217,283,1.0,
31,0,209,291,1.0,
32,0,197,303,1.0,
33,0,188,312,1.0,
34,0,184,316,1.0,
35,0,176,324,1.0,
36,0,168,332,1.0,
37,0,159,341,1.0,
38,0,150,350,1.0,
39,0,147,353,1.0,
40,0,142,358,1.0,
41,0,133,367,1.0,
42,0,131,369,1.0,
43,0,127,373,1.0,
44,0,120,380,1.0,
45,0,115,385,1.0,
46,0,111,389,1.0,
47,0,107,393,1.0,
48,0,100,400,1.0,
49,0,95,405,1.0,
50,0,94,406,1.0,
51,0,94,406,1.0,
52,0,92,408,1.0,
53,0,89,411,1.0,
54,0,82,418,1.0,
55,0,74,426,1.0,
56,0,73,427,1.0,
57,0,72,428,1.0,
58,0,69,431,1.0,
59,0,68,432,1.0,
60,0,67,433,1.0,
61,0,66,434,1.0,
62,0,65,435,1.0,
63,0,61,439,1.0,
64,0,61,439,1.0,
65,0,61,439,1.0,
66,0,59,441,1.0,
67,0,51,449,1.0,
68,0,46,454,1.0,
69,0,39,461,1.0,
70,0,38,462,1.0,
71,0,38,462,1.0,
72,0,38,462,1.0,
73,0,35,465,1.0,
74,0,33,467,1.0,
75,0,33,467,1.0,
76,0,29,471,1.0,
77,0,28,472,1.0,
78,0,25,475,1.0,
79,0,24,476,1.0,
80,0,22,478,1.0,
81,0,20,480,1.0,
82,0,20,480,1.0,
83,0,20,480,1.0,
84,0,18,482,1.0,
85,0,18,482,1.0,
86,0,18,482,1.0,
87,0,18,482,1.0,
88,0,17,483,1.0,
89,0,17,483,1.0,
90,0,17,483,1.0,
91,0,16,484,1.0,
92,0,16,484,1.0,
93,0,15,485,1.0,
94,0,14,486,1.0,
95,0,14,486,1.0,
96,0,13,487,1.0,
97,0,12,488,1.0,
98,0,11,489,1.0,
99,0,11,489,1.0,
100,0,11,489,1.0,
101,0,10,490,1.0,
102,0,10,490,1.0,
103,0,10,490,1.0,
104,0,10,490,1.0,
105,0,9,491,1.0,
106,0,8,492,1.0,
107,0,8,492,1.0,
108,0,8,492,1.0,
109,0,8,492,1.0,
110,0,5,495,1.0,
111,0,5,495,1.0,
112,0,4,496,1.0,
113,0,4,496,1.0,
114,0,4,496,1.0,
115,0,4,496,1.0,
116,0,4,496,1.0,
117,0,4,496,1.0,
118,0,4,496,1.0,
119,0,4,496,1.0,
120,0,4,496,1.0,
121,0,4,496,1.0,
122,0,4,496,1.0,
123,0,4,496,1.0,
124,0,4,496,1.0,
125,0,4,496,1.0,
126,0,4,496,1.0,
127,0,3,497,1.0,
128,0,3,497,1.0,
129,0,3,497,1.0,
130,0,3,497,1.0,
131,0,3,497,1.0,
132,0,3,497,1.0,
133,0,3,497,1.0,
134,0,2,498,1.0,
135,0,2,498,1.0,
136,0,2,498,1.0,
137,0,2,498,1.0,
138,0,2,498,1.0,
139,0,2,498,1.0,
140,0,2,498,1.0,
141,0,2,498,1.0,
142,0,2,498,1.0,
143,0,2,498,1.0,
144,0,2,498,1.0,
145,0,2,498,1.0,
146,0,2,498,1.0,
147,0,2,498,1.0,
148,0,2,498,1.0,
149,0,2,498,1.0,
150,0,2,498,1.0,
151,0,2,498,1.0,
152,0,2,498,1.0,
153,0,2,498,1.0,
154,0,2,498,1.0,
155,0,2,498,1.0,
156,0,1,499,1.0,
157,0,1,499,1.0,
158,0,1,499,1.0,
159,0,1,499,1.0,
160,0,1,499,1.0,
161,0,1,499,1.0,
162,0,1,499,1.0,
163,0,1,499,1.0,
164,0,0,500,1.0,
165,0,0,500,1.0,
166,0,0,500,1.0,
167,0,0,500,1.0,
168,0,0,500,1.0,
169,0,0,500,1.0,
170,0,0,500,1.0,
171,0,0,500,1.0,
172,0,0,500,1.0,
173,0,0,500,1.0,
174,0,0,500,1.0,
175,0,0,500,1.0,
176,0,0,500,1.0,
177,0,0,500,1.0,
178,0,0,500,1.0,
179,0,0,500,1.0,
180,0,0,500,1.0,
181,0,0,500,1.0,
182,0,0,500,1.0,
183,0,0,500,1.0,
184,0,0,500,1.0,
185,0,0,500,1.0,
186,0,0,500,1.0,
187,0,0,500,1.0,
188,0,0,500,1.0,
189,0,0,500,1.0,
190,0,0,500,1.0,
191,0,0,500,1.0,
192,0,0,500,1.0,
193,0,0,500,1.0,
194,0,0,500,1.0,
195,0,0,500,1.0,
196,0,0,500,1.0,
197,0,0,500,1.0,
198,0,0,500,1.0,
199,0,0,500,1.0,
200,0,0,500,1.0,
1,499,1,0,1.0,1.0
2,497,3,0,0.9961818181818182,0.9980661052393309
3,493,7,0,0.9878181818181818,0.9938064406165544
4,487,13,0,0.978909090909091,0.9891492638651695
5,472,28,0,0.9433636363636364,0.9699797778896797
6,458,38,4,0.9223636363636364,0.9575826090306206
7,434,62,4,0.8677272727272727,0.9237595069261458
8,407,87,6,0.82,0.88931629101513
9,367,119,14,0.7786363636363637,0.8491041735090918
10,310,170,20,0.7485454545454545,0.7968672481957872
11,256,213,31,0.775,0.7800400837471655
12,198,262,40,0.8252727272727273,0.7782655286942004
13,136,308,56,0.8763636363636363,0.7712213989504987
14,83,345,72,0.9142727272727272,0.7407135634327023
15,49,367,84,0.9537272727272728,0.7629154784249154
16,26,375,99,0.9808181818181818,0.8128508296278718
17,5,378,117,0.9980909090909091,0.9017212723622252
18,1,367,132,0.9997272727272727,0.9302325581395349
19,0,357,143,1.0,
20,0,339,161,1.0,
21,0,331,169,1.0,
22,0,319,181,1.0,
23,0,300,200,1.0,
24,0,288,212,1.0,
25,0,276,224,1.0,
26,0,266,234,1.0,
27,0,254,246,1.0,
28,0,243,257,1.0,
29,0,237,263,1.0,
30,0,229,271,1.0,
31,0,221,279,1.0,
32,0,214,286,1.0,
33,0,206,294,1.0,
34,0,199,301,1.0,
35,0,192,308,1.0,
36,0,186,314,1.0,
37,0,178,322,1.0,
38,0,172,328,1.0,
39,0,167,333,1.0,
40,0,157,343,1.0,
41,0,153,347,1.0,
42,0,148,352,1.0,
43,0,145,355,1.0,
44,0,141,359,1.0,
45,0,137,363,1.0,
46,0,133,367,1.0,
47,0,130,370,1.0,
48,0,127,373,1.0,
49,0,121,379,1.0,
50,0,115,385,1.0,
51,0,110,390,1.0,
52,0,104,396,1.0,
53,0,101,399,1.0,
54,0,98,402,1.0,
55,0,94,406,1.0,
56,0,87,413,1.0,
57,0,86,414,1.0,
58,0,84,416,1.0,
59,0,81,419,1.0,
60,0,77,423,1.0,
61,0,77,423,1.0,
62,0,73,427,1.0,
63,0,69,431,1.0,
64,0,67,433,1.0,
65,0,64,436,1.0,
66,0,62,438,1.0,
67,0,58,442,1.0,
68,0,56,444,1.0,
69,0,55,445,1.0,
70,0,51,449,1.0,
71,0,49,451,1.0,
72,0,47,453,1.0,
73,0,43,457,1.0,
74,0,43,457,1.0,
75,0,42,458,1.0,
76,0,39,461,1.0,
77,0,36,464,1.0,
78,0,35,465,1.0,
79,0,35,465,1.0,
80,0,34,466,1.0,
81,0,32,468,1.0,
82,0,32,468,1.0,
83,0,30,470,1.0,
84,0,30,470,1.0,
85,0,29,471,1.0,
86,0,27,473,1.0,
87,0,26,474,1.0,
88,0,26,474,1.0,
89,0,24,476,1.0,
90,0,24,476,1.0,
91,0,22,478,1.0,
92,0,20,480,1.0,
93,0,19,481,1.0,
94,0,19,481,1.0,
95,0,19,481,1.0,
96,0,19,481,1.0,
97,0,19,481,1.0,
98,0,19,481,1.0,
99,0,17,483,1.0,
100,0,16,484,1.0,
101,0,15,485,1.0,
102,0,15,485,1.0,
103,0,14,486,1.0,
104,0,14,486,1.0,
105,0,13,487,1.0,
106,0,12,488,1.0,
107,0,12,488,1.0,
108,0,10,490,1.0,
109,0,9,491,1.0,
110,0,9,491,1.0,
111,0,9,491,1.0,
112,0,8,492,1.0,
113,0,8,492,1.0,
114,0,8,492,1.0,
115,0,7,493,1.0,
116,0,6,494,1.0,
117,0,6,494,1.0,
118,0,6,494,1.0,
119,0,6,494,1.0,
120,0,6,494,1.0,
121,0,6,494,1.0,
122,0,5,495,1.0,
123,0,5,495,1.0,
124,0,5,495,1.0,
125,0,5,495,1.0,
126,0,5,495,1.0,
127,0,5,495,1.0,
128,0,5,495,1.0,
129,0,5,495,1.0,
130,0,4,496,1.0,
131,0,4,496,1.0,
132,0,3,497,1.0,
133,0,3,497,1.0,
134,0,3,497,1.0,
135,0,3,497,1.0,
136,0,3,497,1.0,
137,0,3,497,1.0,
138,0,3,497,1.0,
139,0,3,497,1.0,
140,0,3,497,1.0,
141,0,3,497,1.0,
142,0,3,497,1.0,
143,0,3,497,1.0,
144,0,3,497,1.0,
145,0,3,497,1.0,
146,0,3,497,1.0,
147,0,3,497,1.0,
148,0,3,497,1.0,
149,0,3,497,1.0,
150,0,3,497,1.0,
151,0,3,497,1.0,
152,0,3,497,1.0,
153,0,3,497,1.0,
154,0,3,497,1.0,
155,0,3,497,1.0,
156,0,3,497,1.0,
157,0,3,497,1.0,
158,0,3,497,1.0,
159,0,3,497,1.0,
160,0,3,497,1.0,
161,0,3,497,1.0,
162,0,2,498,1.0,
163,0,2,498,1.0,
164,0,2,498,1.0,
165,0,2,498,1.0,
166,0,2,498,1.0,
167,0,2,498,1.0,
168,0,2,498,1.0,
169,0,2,498,1.0,
170,0,2,498,1.0,
171,0,2,498,1.0,
172,0,2,498,1.0,
173,0,2,498,1.0,
174,0,2,498,1.0,
175,0,2,498,1.0,
176,0,2,498,1.0,
177,0,2,498,1.0,
178,0,2,498,1.0,
179,0,2,498,1.0,
180,0,2,498,1.0,
181,0,2,498,1.0,
182,0,2,498,1.0,
183,0,2,498,1.0,
184,0,2,498,1.0,
185,0,2,498,1.0,
186,0,1,499,1.0,
187,0,1,499,1.0,
188,0,1,499,1.0,
189,0,1,499,1.0,
190,0,1,499,1.0,
191,0,1,499,1.0,
192,0,1,499,1.0,
193,0,1,499,1.0,
194,0,1,499,1.0,
195,0,1,499,1.0,
196,0,1,499,1.0,
197,0,1,499,1.0,
198,0,1,499,1.0,
199,0,1,499,1.0,
200,0,1,499,1.0,
1,492,8,0,0.9865454545454545,1.0
2,482,17,1,0.9681818181818181,0.9902394045957528
3,473,25,2,0.9497272727272728,0.9800578281840634
4,451,45,4,0.9090909090909091,0.9560298998281584
5,423,71,6,0.8627272727272727,0.9250112219333502
6,379,113,8,0.8303636363636364,0.8938967915023138
7,328,161,11,0.808,0.8596581064235785
8,267,208,25,0.7838181818181819,0.8031023998917224
9,195,271,34,0.7986363636363636,0.7461303160757273
10,141,308,51,0.845,0.7297506959909101
11,83,341,76,0.9197272727272727,0.7637154672671626
12,35,378,87,0.9773636363636363,0.844137900642476
13,10,387,103,0.9962727272727273,0.9150602268851497
14,1,386,113,0.9997272727272727,0.9397387607828007
15,0,367,133,1.0,
16,0,345,155,1.0,
17,0,326,174,1.0,
18,0,320,180,1.0,
19,0,312,188,1.0,
20,0,296,204,1.0,
21,0,284,216,1.0,
22,0,273,227,1.0,
23,0,262,238,1.0,
24,0,252,248,1.0,
25,0,243,257,1.0,
26,0,233,267,1.0,
27,0,218,282,1.0,
28,0,207,293,1.0,
29,0,199,301,1.0,
30,0,188,312,1.0,
31,0,176,324,1.0,
32,0,172,328,1.0,
33,0,168,332,1.0,
34,0,161,339,1.0,
35,0,156,344,1.0,
36,0,147,353,1.0,
37,0,145,355,1.0,
38,0,133,367,1.0,
39,0,130,370,1.0,
40,0,127,373,1.0,
41,0,121,379,1.0,
42,0,118,382,1.0,
43,0,111,389,1.0,
44,0,109,391,1.0,
45,0,105,395,1.0,
46,0,102,398,1.0,
47,0,96,404,1.0,
48,0,91,409,1.0,
49,0,87,413,1.0,
50,0,84,416,1.0,
51,0,82,418,1.0,
52,0,82,418,1.0,
53,0,79,421,1.0,
54,0,75,425,1.0,
55,0,72,428,1.0,
56,0,71,429,1.0,
57,0,68,432,1.0,
58,0,67,433,1.0,
59,0,63,437,1.0,
60,0,59,441,1.0,
61,0,57,443,1.0,
62,0,55,445,1.0,
63,0,51,449,1.0,
64,0,49,451,1.0,
65,0,49,451,1.0,
66,0,45,455,1.0,
67,0,44,456,1.0,
68,0,42,458,1.0,
69,0,39,461,1.0,
70,0,38,462,1.0,
71,0,36,464,1.0,
72,0,36,464,1.0,
73,0,35,465,1.0,
74,0,35,465,1.0,
75,0,34,466,1.0,
76,0,32,468,1.0,
77,0,32,468,1.0,
78,0,31,469,1.0,
79,0,30,470,1.0,
80,0,29,471,1.0,
81,0,29,471,1.0,
82,0,28,472,1.0,
83,0,28,472,1.0,
84,0,26,474,1.0,
85,0,26,474,1.0,
86,0,26,474,1.0,
87,0,25,475,1.0,
88,0,24,476,1.0,
89,0,23,477,1.0,
90,0,23,477,1.0,
91,0,22,478,1.0,
92,0,21,479,1.0,
93,0,20,480,1.0,
94,0,19,481,1.0,
95,0,19,481,1.0,
96,0,17,483,1.0,
97,0,17,483,1.0,
98,0,17,483,1.0,
99,0,16,484,1.0,
100,0,16,484,1.0,
101,0,14,486,1.0,
102,0,14,486,1.0,
103,0,13,487,1.0,
104,0,12,488,1.0,
105,0,12,488,1.0,
106,0,12,488,1.0,
107,0,11,489,1.0,
108,0,11,489,1.0,
109,0,11,489,1.0,
110,0,11,489,1.0,
111,0,10,490,1.0,
112,0,10,490,1.0,
113,0,10,490,1.0,
114,0,9,491,1.0,
115,0,9,491,1.0,
116,0,9,491,1.0,
117,0,9,491,1.0,
118,0,9,491,1.0,
119,0,8,492,1.0,
120,0,8,492,1.0,
121,0,8,492,1.0,
122,0,8,492,1.0,
123,0,8,492,1.0,
124,0,8,492,1.0,
125,0,8,492,1.0,
126,0,7,493,1.0,
127,0,6,494,1.0,
128,0,6,494,1.0,
129,0,5,495,1.0,
130,0,5,495,1.0,
131,0,4,496,1.0,
132,0,4,496,1.0,
133,0,4,496,1.0,
134,0,4,496,1.0,
135,0,4,496,1.0,
136,0,4,496,1.0,
137,0,4,496,1.0,
138,0,4,496,1.0,
139,0,4,496,1.0,
140,0,4,496,1.0,
141,0,4,496,1.0,
142,0,4,496,1.0,
143,0,4,496,1.0,
144,0,4,496,1.0,
145,0,3,497,1.0,
146,0,3,497,1.0,
147,0,3,497,1.0,
148,0,3,497,1.0,
149,0,3,497,1.0,
150,0,3,497,1.0,
151,0,2,498,1.0,
152,0,2,498,1.0,
153,0,2,498,1.0,
154,0,2,498,1.0,
155,0,2,498,1.0,
156,0,1,499,1.0,
157,0,1,499,1.0,
158,0,1,499,1.0,
159,0,1,499,1.0,
160,0,1,499,1.0,
161,0,1,499,1.0,
162,0,1,499,1.0,
163,0,1,499,1.0,
164,0,1,499,1.0,
165,0,1,499,1.0,
166,0,1,499,1.0,
167,0,1,499,1.0,
168,0,1,499,1.0,
169,0,1,499,1.0,
170,0,1,499,1.0,
171,0,1,499,1.0,
172,0,1,499,1.0,
173,0,1,499,1.0,
174,0,1,499,1.0,
175,0,1,499,1.0,
176,0,1,499,1.0,
177,0,1,499,1.0,
178,0,0,500,1.0,
179,0,0,500,1.0,
180,0,0,500,1.0,
181,0,0,500,1.0,
182,0,0,500,1.0,
183,0,0,500,1.0,
184,0,0,500,1.0,
185,0,0,500,1.0,
186,0,0,500,1.0,
187,0,0,500,1.0,
188,0,0,500,1.0,
189,0,0,500,1.0,
190,0,0,500,1.0,
191,0,0,500,1.0,
192,0,0,500,1.0,
193,0,0,500,1.0,
194,0,0,500,1.0,
195,0,0,500,1.0,
196,0,0,500,1.0,
197,0,0,500,1.0,
198,0,0,500,1.0,
199,0,0,500,1.0,
200,0,0,500,1.0,
1,495,5,0,0.992909090909091,1.0
2,490,10,0,0.979909090909091,0.9932997188134486
3,486,14,0,0.9713636363636363,0.9888015086470234
4,477,21,2,0.9631818181818181,0.9842433479329834
5,456,39,5,0.9231818181818182,0.9612221008015689
6,431,63,6,0.8782727272727273,0.9325032211094085
7,406,88,6,0.8276363636363636,0.8967665160974598
8,362,125,13,0.7942727272727272,0.8606729127885535
9,319,164,17,0.771090909090909,0.8227543897547371
10,255,215,30,0.7838181818181819,0.790168616574182
11,186,270,44,0.8290909090909091,0.772298026556106
12,130,308,62,0.8726363636363637,0.7577291220782215
13,82,341,77,0.9101818181818182,0.7280296593332993
14,45,365,90,0.9631818181818181,0.7969780773108526
15,18,375,107,0.9902727272727273,0.8656045333023757
16,7,373,120,0.997,0.8951710602106856
17,3,363,134,0.999,0.9204613376670489
18,0,354,146,1.0,
19,0,342,158,1.0,
20,0,330,170,1.0,
21,0,314,186,1.0,
22,0,292,208,1.0,
23,0,277,223,1.0,
24,0,269,231,1.0,
25,0,258,242,1.0,
26,0,245,255,1.0,
27,0,237,263,1.0,
28,0,230,270,1.0,
29,0,220,280,1.0,
30,0,209,291,1.0,
31,0,202,298,1.0,
32,0,192,308,1.0,
33,0,189,311,1.0,
34,0,183,317,1.0,
35,0,174,326,1.0,
36,0,165,335,1.0,
37,0,159,341,1.0,
38,0,154,346,1.0,
39,0,151,349,1.0,
40,0,141,359,1.0,
41,0,134,366,1.0,
42,0,128,372,1.0,
43,0,125,375,1.0,
44,0,120,380,1.0,
45,0,117,383,1.0,
46,0,110,390,1.0,
47,0,105,395,1.0,
48,0,101,399,1.0,
49,0,98,402,1.0,
50,0,95,405,1.0,
51,0,93,407,1.0,
52,0,88,412,1.0,
53,0,87,413,1.0,
54,0,79,421,1.0,
55,0,77,423,1.0,
56,0,73,427,1.0,
57,0,69,431,1.0,
58,0,68,432,1.0,
59,0,67,433,1.0,
60,0,64,436,1.0,
61,0,63,437,1.0,
62,0,62,438,1.0,
63,0,59,441,1.0,
64,0,58,442,1.0,
65,0,57,443,1.0,
66,0,57,443,1.0,
67,0,54,446,1.0,
68,0,49,451,1.0,
69,0,47,453,1.0,
70,0,46,454,1.0,
71,0,41,459,1.0,
72,0,39,461,1.0,
73,0,39,461,1.0,
74,0,38,462,1.0,
75,0,37,463,1.0,
76,0,35,465,1.0,
77,0,34,466,1.0,
78,0,34,466,1.0,
79,0,33,467,1.0,
80,0,30,470,1.0,
81,0,29,471,1.0,
82,0,29,471,1.0,
83,0,27,473,1.0,
84,0,24,476,1.0,
85,0,22,478,1.0,
86,0,22,478,1.0,
87,0,22,478,1.0,
88,0,21,479,1.0,
89,0,21,479,1.0,
90,0,19,481,1.0,
91,0,19,481,1.0,
92,0,19,481,1.0,
93,0,19,481,1.0,
94,0,19,481,1.0,
95,0,19,481,1.0,
96,0,18,482,1.0,
97,0,15,485,1.0,
98,0,15,485,1.0,
99,0,14,486,1.0,
100,0,13,487,1.0,
101,0,13,487,1.0,
102,0,11,489,1.0,
103,0,11,489,1.0,
104,0,10,490,1.0,
105,0,10,490,1.0,
106,0,10,490,1.0,
107,0,10,490,1.0,
108,0,10,490,1.0,
109,0,10,490,1.0,
110,0,9,491,1.0,
111,0,9,491,1.0,
112,0,8,492,1.0,
113,0,8,492,1.0,
114,0,8,492,1.0,
115,0,7,493,1.0,
116,0,7,493,1.0,
117,0,7,493,1.0,
118,0,7,493,1.0,
119,0,5,495,1.0,
120,0,5,495,1.0,
121,0,4,496,1.0,
122,0,4,496,1.0,
123,0,4,496,1.0,
124,0,4,496,1.0,
125,0,4,496,1.0,
126,0,4,496,1.0,
127,0,4,496,1.0,
128,0,4,496,1.0,
129,0,4,496,1.0,
130,0,3,497,1.0,
131,0,3,497,1.0,
132,0,3,497,1.0,
133,0,3,497,1.0,
134,0,3,497,1.0,
135,0,3,497,1.0,
136,0,3,497,1.0,
137,0,3,497,1.0,
138,0,3,497,1.0,
139,0,3,497,1.0,
140,0,3,497,1.0,
141,0,3,497,1.0,
142,0,3,497,1.0,
143,0,3,497,1.0,
144,0,3,497,1.0,
145,0,3,497,1.0,
146,0,3,497,1.0,
147,0,3,497,1.0,
148,0,3,497,1.0,
149,0,3,497,1.0,
150,0,3,497,1.0,
151,0,3,497,1.0,
152,0,3,497,1.0,
153,0,3,497,1.0,
154,0,3,497,1.0,
155,0,3,497,1.0,
156,0,3,497,1.0,
157,0,3,497,1.0,
158,0,3,497,1.0,
159,0,3,497,1.0,
160,0,3,497,1.0,
161,0,3,497,1.0,
162,0,3,497,1.0,
163,0,3,497,1.0,
164,0,3,497,1.0,
165,0,3,497,1.0,
166,0,3,497,1.0,
167,0,3,497,1.0,
168,0,3,497,1.0,
169,0,3,497,1.0,
170,0,3,497,1.0,
171,0,2,498,1.0,
172,0,2,498,1.0,
173,0,2,498,1.0,
174,0,2,498,1.0,
175,0,1,499,1.0,
176,0,1,499,1.0,
177,0,1,499,1.0,
178,0,1,499,1.0,
179,0,1,499,1.0,
180,0,1,499,1.0,
181,0,1,499,1.0,
182,0,1,499,1.0,
183,0,1,499,1.0,
184,0,1,499,1.0,
185,0,1,499,1.0,
186,0,1,499,1.0,
187,0,1,499,1.0,
188,0,1,499,1.0,
189,0,1,499,1.0,
190,0,1,499,1.0,
191,0,0,500,1.0,
192,0,0,500,1.0,
193,0,0,500,1.0,
194,0,0,500,1.0,
195,0,0,500,1.0,
196,0,0,500,1.0,
197,0,0,500,1.0,
198,0,0,500,1.0,
199,0,0,500,1.0,
200,0,0,500,1.0,
1,498,2,0,0.9968181818181818,1.0
2,496,4,0,0.994,0.9985735147101387
3,492,8,0,0.9858181818181818,0.99436013748427
4,481,19,0,0.9656363636363636,0.9836650991625828
5,463,35,2,0.9314545454545454,0.964392840937985
6,436,60,4,0.8782727272727273,0.9315224743735587
7,398,96,6,0.8067272727272727,0.8799560256317919
8,344,142,14,0.7515454545454545,0.8205067248576701
9,279,202,19,0.7296363636363636,0.7583684529737666
10,216,251,33,0.7678181818181818,0.7309166885265808
11,136,312,52,0.8585454545454545,0.7390160192225387
12,71,360,69,0.9433636363636364,0.799744112613134
13,26,395,79,0.9905454545454545,0.9092686712432831
14,3,402,95,0.9990909090909091,0.9246281765790187
15,0,391,109,1.0,
16,0,375,125,1.0,
17,0,360,140,1.0,
18,0,345,155,1.0,
19,0,329,171,1.0,
20,0,319,181,1.0,
21,0,305,195,1.0,
22,0,294,206,1.0,
23,0,283,217,1.0,
24,0,277,223,1.0,
25,0,265,235,1.0,
26,0,253,247,1.0,
27,0,244,256,1.0,
28,0,240,260,1.0,
29,0,237,263,1.0,
30,0,228,272,1.0,
31,0,216,284,1.0,
32,0,203,297,1.0,
33,0,199,301,1.0,
34,0,189,311,1.0,
35,0,180,320,1.0,
36,0,176,324,1.0,
37,0,171,329,1.0,
38,0,164,336,1.0,
39,0,159,341,1.0,
40,0,153,347,1.0,
41,0,144,356,1.0,
42,0,141,359,1.0,
43,0,134,366,1.0,
44,0,133,367,1.0,
45,0,131,369,1.0,
46,0,125,375,1.0,
47,0,124,376,1.0,
48,0,120,380,1.0,
49,0,112,388,1.0,
50,0,109,391,1.0,
51,0,103,397,1.0,
52,0,98,402,1.0,
53,0,95,405,1.0,
54,0,93,407,1.0,
55,0,86,414,1.0,
56,0,82,418,1.0,
57,0,82,418,1.0,
58,0,79,421,1.0,
59,0,72,428,1.0,
60,0,70,430,1.0,
61,0,68,432,1.0,
62,0,66,434,1.0,
63,0,62,438,1.0,
64,0,58,442,1.0,
65,0,55,445,1.0,
66,0,52,448,1.0,
67,0,49,451,1.0,
68,0,49,451,1.0,
69,0,46,454,1.0,
70,0,45,455,1.0,
71,0,42,458,1.0,
72,0,41,459,1.0,
73,0,40,460,1.0,
74,0,38,462,1.0,
75,0,35,465,1.0,
76,0,35,465,1.0,
77,0,34,466,1.0,
78,0,33,467,1.0,
79,0,33,467,1.0,
80,0,31,469,1.0,
81,0,28,472,1.0,
82,0,28,472,1.0,
83,0,27,473,1.0,
84,0,26,474,1.0,
85,0,26,474,1.0,
86,0,23,477,1.0,
87,0,23,477,1.0,
88,0,21,479,1.0,
89,0,20,480,1.0,
90,0,19,481,1.0,
91,0,16,484,1.0,
92,0,15,485,1.0,
93,0,15,485,1.0,
94,0,15,485,1.0,
95,0,15,485,1.0,
96,0,15,485,1.0,
97,0,15,485,1.0,
98,0,15,485,1.0,
99,0,15,485,1.0,
100,0,13,487,1.0,
101,0,12,488,1.0,
102,0,11,489,1.0,
103,0,11,489,1.0,
104,0,10,490,1.0,
105,0,9,491,1.0,
106,0,9,491,1.0,
107,0,9,491,1.0,
108,0,8,492,1.0,
109,0,8,492,1.0,
110,0,8,492,1.0,
111,0,8,492,1.0,
112,0,8,492,1.0,
113,0,8,492,1.0,
114,0,8,492,1.0,
115,0,7,493,1.0,
116,0,5,495,1.0,
117,0,5,495,1.0,
118,0,4,496,1.0,
119,0,4,496,1.0,
120,0,4,496,1.0,
121,0,3,497,1.0,
122,0,3,497,1.0,
123,0,3,497,1.0,
124,0,3,497,1.0,
125,0,3,497,1.0,
126,0,3,497,1.0,
127,0,3,497,1.0,
128,0,3,497,1.0,
129,0,3,497,1.0,
130,0,2,498,1.0,
131,0,2,498,1.0,
132,0,2,498,1.0,
133,0,1,499,1.0,
134,0,0,500,1.0,
135,0,0,500,1.0,
136,0,0,500,1.0,
137,0,0,500,1.0,
138,0,0,500,1.0,
139,0,0,500,1.0,
140,0,0,500,1.0,
141,0,0,500,1.0,
142,0,0,500,1.0,
143,0,0,500,1.0,
144,0,0,500,1.0,
145,0,0,500,1.0,
146,0,0,500,1.0,
147,0,0,500,1.0,
148,0,0,500,1.0,
149,0,0,500,1.0,
150,0,0,500,1.0,
151,0,0,500,1.0,
152,0,0,500,1.0,
153,0,0,500,1.0,
154,0,0,500,1.0,
155,0,0,500,1.0,
156,0,0,500,1.0,
157,0,0,500,1.0,
158,0,0,500,1.0,
159,0,0,500,1.0,
160,0,0,500,1.0,
161,0,0,500,1.0,
162,0,0,500,1.0,
163,0,0,500,1.0,
164,0,0,500,1.0,
165,0,0,500,1.0,
166,0,0,500,1.0,
167,0,0,500,1.0,
168,0,0,500,1.0,
169,0,0,500,1.0,
170,0,0,500,1.0,
171,0,0,500,1.0,
172,0,0,500,1.0,
173,0,0,500,1.0,
174,0,0,500,1.0,
175,0,0,500,1.0,
176,0,0,500,1.0,
177,0,0,500,1.0,
178,0,0,500,1.0,
179,0,0,500,1.0,
180,0,0,500,1.0,
181,0,0,500,1.0,
182,0,0,500,1.0,
183,0,0,500,1.0,
184,0,0,500,1.0,
185,0,0,500,1.0,
186,0,0,500,1.0,
187,0,0,500,1.0,
188,0,0,500,1.0,
189,0,0,500,1.0,
190,0,0,500,1.0,
191,0,0,500,1.0,
192,0,0,500,1.0,
193,0,0,500,1.0,
194,0,0,500,1.0,
195,0,0,500,1.0,
196,0,0,500,1.0,
197,0,0,500,1.0,
198,0,0,500,1.0,
199,0,0,500,1.0,
200,0,0,500,1.0,
1,497,3,0,0.9950909090909091,1.0
2,494,5,1,0.9927272727272727,0.998780988732228
3,489,10,1,0.9815454545454545,0.9929872810799176
4,474,24,2,0.9524545454545454,0.9771861719786872
5,457,39,4,0.9231818181818182,0.960141211651504
6,424,70,6,0.8595454545454545,0.9193651003822635
7,398,91,11,0.8251818181818181,0.8923526326619237
8,361,124,15,0.7866363636363637,0.8544742192636657
9,311,168,21,0.7569090909090909,0.8068423301585549
10,250,223,27,0.7526363636363637,0.7541446121005928
11,177,283,40,0.8202727272727273,0.7472386209505648
12,97,351,52,0.9137272727272727,0.778185343588372
13,35,395,70,0.9709090909090909,0.7917281302634317
14,16,394,90,0.9851818181818182,0.765057086526286
15,7,389,104,0.995,0.8172708175444713
16,2,379,119,0.9991818181818182,0.8972346729609559
17,0,367,133,1.0,
18,0,352,148,1.0,
19,0,340,160,1.0,
20,0,330,170,1.0,
21,0,316,184,1.0,
22,0,304,196,1.0,
23,0,293,207,1.0,
24,0,278,222,1.0,
25,0,269,231,1.0,
26,0,262,238,1.0,
27,0,250,250,1.0,
28,0,246,254,1.0,
29,0,242,258,1.0,
30,0,229,271,1.0,
31,0,224,276,1.0,
32,0,217,283,1.0,
33,0,205,295,1.0,
34,0,196,304,1.0,
35,0,188,312,1.0,
36,0,182,318,1.0,
37,0,175,325,1.0,
38,0,169,331,1.0,
39,0,162,338,1.0,
40,0,156,344,1.0,
41,0,152,348,1.0,
42,0,146,354,1.0,
43,0,141,359,1.0,
44,0,136,364,1.0,
45,0,132,368,1.0,
46,0,130,370,1.0,
47,0,126,374,1.0,
48,0,120,380,1.0,
49,0,115,385,1.0,
50,0,109,391,1.0,
51,0,105,395,1.0,
52,0,102,398,1.0,
53,0,99,401,1.0,
54,0,94,406,1.0,
55,0,91,409,1.0,
56,0,88,412,1.0,
57,0,83,417,1.0,
58,0,79,421,1.0,
59,0,75,425,1.0,
60,0,71,429,1.0,
61,0,70,430,1.0,
62,0,68,432,1.0,
63,0,66,434,1.0,
64,0,64,436,1.0,
65,0,62,438,1.0,
66,0,60,440,1.0,
67,0,60,440,1.0,
68,0,59,441,1.0,
69,0,55,445,1.0,
70,0,51,449,1.0,
71,0,49,451,1.0,
72,0,48,452,1.0,
73,0,46,454,1.0,
74,0,40,460,1.0,
75,0,40,460,1.0,
76,0,39,461,1.0,
77,0,37,463,1.0,
78,0,33,467,1.0,
79,0,32,468,1.0,
80,0,31,469,1.0,
81,0,31,469,1.0,
82,0,29,471,1.0,
83,0,28,472,1.0,
84,0,27,473,1.0,
85,0,26,474,1.0,
86,0,25,475,1.0,
87,0,24,476,1.0,
88,0,22,478,1.0,
89,0,21,479,1.0,
90,0,20,480,1.0,
91,0,19,481,1.0,
92,0,19,481,1.0,
93,0,19,481,1.0,
94,0,18,482,1.0,
95,0,18,482,1.0,
96,0,18,482,1.0,
97,0,17,483,1.0,
98,0,17,483,1.0,
99,0,17,483,1.0,
100,0,17,483,1.0,
101,0,16,484,1.0,
102,0,16,484,1.0,
103,0,15,485,1.0,
104,0,15,485,1.0,
105,0,15,485,1.0,
106,0,14,486,1.0,
107,0,10,490,1.0,
108,0,9,491,1.0,
109,0,9,491,1.0,
110,0,9,491,1.0,
111,0,9,491,1.0,
112,0,8,492,1.0,
113,0,8,492,1.0,
114,0,8,492,1.0,
115,0,8,492,1.0,
116,0,8,492,1.0,
117,0,8,492,1.0,
118,0,8,492,1.0,
119,0,8,492,1.0,
120,0,8,492,1.0,
121,0,7,493,1.0,
122,0,7,493,1.0,
123,0,6,494,1.0,
124,0,5,495,1.0,
125,0,5,495,1.0,
126,0,4,496,1.0,
127,0,4,496,1.0,
128,0,4,496,1.0,
129,0,4,496,1.0,
130,0,4,496,1.0,
131,0,3,497,1.0,
132,0,3,497,1.0,
133,0,3,497,1.0,
134,0,3,497,1.0,
135,0,3,497,1.0,
136,0,3,497,1.0,
137,0,3,497,1.0,
138,0,3,497,1.0,
139,0,3,497,1.0,
140,0,3,497,1.0,
141,0,3,497,1.0,
142,0,3,497,1.0,
143,0,3,497,1.0,
144,0,3,497,1.0,
145,0,2,498,1.0,
146,0,1,499,1.0,
147,0,1,499,1.0,
148,0,1,499,1.0,
149,0,0,500,1.0,
150,0,0,500,1.0,
151,0,0,500,1.0,
152,0,0,500,1.0,
153,0,0,500,1.0,
154,0,0,500,1.0,
155,0,0,500,1.0,
156,0,0,500,1.0,
157,0,0,500,1.0,
158,0,0,500,1.0,
159,0,0,500,1.0,
160,0,0,500,1.0,
161,0,0,500,1.0,
162,0,0,500,1.0,
163,0,0,500,1.0,
164,0,0,500,1.0,
165,0,0,500,1.0,
166,0,0,500,1.0,
167,0,0,500,1.0,
168,0,0,500,1.0,
169,0,0,500,1.0,
170,0,0,500,1.0,
171,0,0,500,1.0,
172,0,0,500,1.0,
173,0,0,500,1.0,
174,0,0,500,1.0,
175,0,0,500,1.0,
176,0,0,500,1.0,
177,0,0,500,1.0,
178,0,0,500,1.0,
179,0,0,500,1.0,
180,0,0,500,1.0,
181,0,0,500,1.0,
182,0,0,500,1.0,
183,0,0,500,1.0,
184,0,0,500,1.0,
185,0,0,500,1.0,
186,0,0,500,1.0,
187,0,0,500,1.0,
188,0,0,500,1.0,
189,0,0,500,1.0,
190,0,0,500,1.0,
191,0,0,500,1.0,
192,0,0,500,1.0,
193,0,0,500,1.0,
194,0,0,500,1.0,
195,0,0,500,1.0,
196,0,0,500,1.0,
197,0,0,500,1.0,
198,0,0,500,1.0,
199,0,0,500,1.0,
200,0,0,500,1.0,
1,498,2,0,0.9974545454545455,1.0
2,494,6,0,0.988909090909091,0.9956145637969867
3,491,9,0,0.9847272727272727,0.9934593183839753
4,481,19,0,0.9670909090909091,0.984166881966662
5,467,32,1,0.9395454545454546,0.9688841859742054
6,447,49,4,0.9076363636363637,0.949479210937845
7,418,76,6,0.8747272727272727,0.9261222199361088
8,378,110,12,0.8196363636363636,0.8814863978244357
9,334,149,17,0.7713636363636364,0.8295099472432708
10,276,199,25,0.7499090909090909,0.7740390346373394
11,216,247,37,0.7765454545454545,0.7416241688765832
12,149,303,48,0.8543636363636363,0.7561594077521538
13,76,364,60,0.9288181818181818,0.7654451051084699
14,45,378,77,0.9637272727272728,0.7975715760508365
15,14,396,90,0.9930909090909091,0.8756665143941854
16,3,398,99,0.9991818181818182,0.9304124771916865
17,1,382,117,0.9996363636363637,0.9036020796955776
18,0,364,136,1.0,
19,0,352,148,1.0,
20,0,338,162,1.0,
21,0,324,176,1.0,
22,0,312,188,1.0,
23,0,300,200,1.0,
24,0,287,213,1.0,
25,0,276,224,1.0,
26,0,273,227,1.0,
27,0,266,234,1.0,
28,0,263,237,1.0,
29,0,250,250,1.0,
30,0,234,266,1.0,
31,0,223,277,1.0,
32,0,216,284,1.0,
33,0,202,298,1.0,
34,0,198,302,1.0,
35,0,192,308,1.0,
36,0,183,317,1.0,
37,0,176,324,1.0,
38,0,169,331,1.0,
39,0,166,334,1.0,
40,0,155,345,1.0,
41,0,150,350,1.0,
42,0,145,355,1.0,
43,0,140,360,1.0,
44,0,133,367,1.0,
45,0,127,373,1.0,
46,0,119,381,1.0,
47,0,113,387,1.0,
48,0,107,393,1.0,
49,0,102,398,1.0,
50,0,94,406,1.0,
51,0,93,407,1.0,
52,0,89,411,1.0,
53,0,87,413,1.0,
54,0,83,417,1.0,
55,0,81,419,1.0,
56,0,80,420,1.0,
57,0,73,427,1.0,
58,0,70,430,1.0,
59,0,67,433,1.0,
60,0,63,437,1.0,
61,0,63,437,1.0,
62,0,61,439,1.0,
63,0,58,442,1.0,
64,0,54,446,1.0,
65,0,54,446,1.0,
66,0,52,448,1.0,
67,0,51,449,1.0,
68,0,49,451,1.0,
69,0,46,454,1.0,
70,0,45,455,1.0,
71,0,43,457,1.0,
72,0,41,459,1.0,
73,0,39,461,1.0,
74,0,36,464,1.0,
75,0,34,466,1.0,
76,0,34,466,1.0,
77,0,31,469,1.0,
78,0,31,469,1.0,
79,0,29,471,1.0,
80,0,26,474,1.0,
81,0,26,474,1.0,
82,0,21,479,1.0,
83,0,19,481,1.0,
84,0,19,481,1.0,
85,0,19,481,1.0,
86,0,19,481,1.0,
87,0,18,482,1.0,
88,0,15,485,1.0,
89,0,14,486,1.0,
90,0,14,486,1.0,
91,0,11,489,1.0,
92,0,11,489,1.0,
93,0,10,490,1.0,
94,0,10,490,1.0,
95,0,9,491,1.0,
96,0,9,491,1.0,
97,0,8,492,1.0,
98,0,8,492,1.0,
99,0,7,493,1.0,
100,0,7,493,1.0,
101,0,7,493,1.0,
102,0,7,493,1.0,
103,0,7,493,1.0,
104,0,7,493,1.0,
105,0,7,493,1.0,
106,0,7,493,1.0,
107,0,7,493,1.0,
108,0,6,494,1.0,
109,0,6,494,1.0,
110,0,6,494,1.0,
111,0,6,494,1.0,
112,0,6,494,1.0,
113,0,6,494,1.0,
114,0,6,494,1.0,
115,0,6,494,1.0,
116,0,6,494,1.0,
117,0,6,494,1.0,
118,0,6,494,1.0,
119,0,6,494,1.0,
120,0,6,494,1.0,
121,0,6,494,1.0,
122,0,6,494,1.0,
123,0,6,494,1.0,
124,0,6,494,1.0,
125,0,5,495,1.0,
126,0,5,495,1.0,
127,0,5,495,1.0,
128,0,5,495,1.0,
129,0,5,495,1.0,
130,0,5,495,1.0,
131,0,4,496,1.0,
132,0,4,496,1.0,
133,0,4,496,1.0,
134,0,4,496,1.0,
135,0,4,496,1.0,
136,0,4,496,1.0,
137,0,4,496,1.0,
138,0,4,496,1.0,
139,0,4,496,1.0,
140,0,3,497,1.0,
141,0,3,497,1.0,
142,0,3,497,1.0,
143,0,3,497,1.0,
144,0,3,497,1.0,
145,0,3,497,1.0,
146,0,3,497,1.0,
147,0,3,497,1.0,
148,0,3,497,1.0,
149,0,3,497,1.0,
150,0,3,497,1.0,
151,0,3,497,1.0,
152,0,3,497,1.0,
153,0,3,497,1.0,
154,0,3,497,1.0,
155,0,3,497,1.0,
156,0,3,497,1.0,
157,0,3,497,1.0,
158,0,3,497,1.0,
159,0,2,498,1.0,
160,0,2,498,1.0,
161,0,2,498,1.0,
162,0,2,498,1.0,
163,0,2,498,1.0,
164,0,2,498,1.0,
165,0,2,498,1.0,
166,0,1,499,1.0,
167,0,1,499,1.0,
168,0,1,499,1.0,
169,0,1,499,1.0,
170,0,1,499,1.0,
171,0,1,499,1.0,
172,0,1,499,1.0,
173,0,1,499,1.0,
174,0,1,499,1.0,
175,0,1,499,1.0,
176,0,1,499,1.0,
177,0,1,499,1.0,
178,0,1,499,1.0,
179,0,1,499,1.0,
180,0,1,499,1.0,
181,0,1,499,1.0,
182,0,1,499,1.0,
183,0,1,499,1.0,
184,0,1,499,1.0,
185,0,1,499,1.0,
186,0,1,499,1.0,
187,0,1,499,1.0,
188,0,1,499,1.0,
189,0,1,499,1.0,
190,0,1,499,1.0,
191,0,1,499,1.0,
192,0,1,499,1.0,
193,0,1,499,1.0,
194,0,1,499,1.0,
195,0,1,499,1.0,
196,0,1,499,1.0,
197,0,1,499,1.0,
198,0,1,499,1.0,
199,0,1,499,1.0,
200,0,1,499,1.0,
1,498,2,0,0.9974545454545455,1.0
2,498,2,0,0.9974545454545455,1.0
3,496,3,1,0.9947272727272727,0.9986115416591527
4,490,9,1,0.9827272727272728,0.9924136378146233
5,479,18,3,0.9698181818181818,0.9854793675381145
6,460,35,5,0.9354545454545454,0.9661130631655811
7,432,57,11,0.9041818181818182,0.9457416924388767
8,409,76,15,0.8733636363636363,0.9238411716438286
9,371,113,16,0.8260909090909091,0.8840621193697188
10,331,142,27,0.7934545454545454,0.8453593919447282
11,271,189,40,0.7667272727272727,0.7858207186995122
12,218,229,53,0.7762727272727272,0.7441862139649065
13,161,277,62,0.8233636363636364,0.7258778783984479
14,97,326,77,0.9011818181818182,0.7437015137087095
15,55,349,96,0.9545454545454546,0.7912643695324053
16,18,370,112,0.99,0.8597098081191653
17,4,370,126,0.9975454545454545,0.8455920381175703
18,0,365,135,1.0,
19,0,349,151,1.0,
20,0,332,168,1.0,
21,0,315,185,1.0,
22,0,305,195,1.0,
23,0,295,205,1.0,
24,0,283,217,1.0,
25,0,272,228,1.0,
26,0,260,240,1.0,
27,0,252,248,1.0,
28,0,242,258,1.0,
29,0,237,263,1.0,
30,0,226,274,1.0,
31,0,219,281,1.0,
32,0,213,287,1.0,
33,0,202,298,1.0,
34,0,192,308,1.0,
35,0,182,318,1.0,
36,0,170,330,1.0,
37,0,163,337,1.0,
38,0,157,343,1.0,
39,0,154,346,1.0,
40,0,146,354,1.0,
41,0,138,362,1.0,
42,0,127,373,1.0,
43,0,127,373,1.0,
44,0,123,377,1.0,
45,0,118,382,1.0,
46,0,111,389,1.0,
47,0,105,395,1.0,
48,0,100,400,1.0,
49,0,96,404,1.0,
50,0,91,409,1.0,
51,0,85,415,1.0,
52,0,84,416,1.0,
53,0,81,419,1.0,
54,0,78,422,1.0,
55,0,77,423,1.0,
56,0,71,429,1.0,
57,0,69,431,1.0,
58,0,65,435,1.0,
59,0,60,440,1.0,
60,0,58,442,1.0,
61,0,54,446,1.0,
62,0,54,446,1.0,
63,0,53,447,1.0,
64,0,52,448,1.0,
65,0,51,449,1.0,
66,0,49,451,1.0,
67,0,48,452,1.0,
68,0,44,456,1.0,
69,0,39,461,1.0,
70,0,39,461,1.0,
71,0,38,462,1.0,
72,0,35,465,1.0,
73,0,35,465,1.0,
74,0,34,466,1.0,
75,0,32,468,1.0,
76,0,32,468,1.0,
77,0,31,469,1.0,
78,0,31,469,1.0,
79,0,29,471,1.0,
80,0,28,472,1.0,
81,0,26,474,1.0,
82,0,25,475,1.0,
83,0,23,477,1.0,
84,0,23,477,1.0,
85,0,22,478,1.0,
86,0,22,478,1.0,
87,0,20,480,1.0,
88,0,20,480,1.0,
89,0,19,481,1.0,
90,0,17,483,1.0,
91,0,17,483,1.0,
92,0,17,483,1.0,
93,0,16,484,1.0,
94,0,15,485,1.0,
95,0,15,485,1.0,
96,0,14,486,1.0,
97,0,14,486,1.0,
98,0,12,488,1.0,
99,0,11,489,1.0,
100,0,11,489,1.0,
101,0,11,489,1.0,
102,0,10,490,1.0,
103,0,10,490,1.0,
104,0,9,491,1.0,
105,0,9,491,1.0,
106,0,9,491,1.0,
107,0,9,491,1.0,
108,0,7,493,1.0,
109,0,7,493,1.0,
110,0,7,493,1.0,
111,0,7,493,1.0,
112,0,7,493,1.0,
113,0,6,494,1.0,
114,0,6,494,1.0,
115,0,5,495,1.0,
116,0,5,495,1.0,
117,0,5,495,1.0,
118,0,5,495,1.0,
119,0,5,495,1.0,
120,0,5,495,1.0,
121,0,5,495,1.0,
122,0,5,495,1.0,
123,0,5,495,1.0,
124,0,4,496,1.0,
125,0,4,496,1.0,
126,0,4,496,1.0,
127,0,4,496,1.0,
128,0,3,497,1.0,
129,0,3,497,1.0,
130,0,3,497,1.0,
131,0,3,497,1.0,
132,0,3,497,1.0,
133,0,3,497,1.0,
134,0,3,497,1.0,
135,0,3,497,1.0,
136,0,3,497,1.0,
137,0,3,497,1.0,
138,0,3,497,1.0,
139,0,3,497,1.0,
140,0,3,497,1.0,
141,0,3,497,1.0,
142,0,2,498,1.0,
143,0,2,498,1.0,
144,0,2,498,1.0,
145,0,2,498,1.0,
146,0,2,498,1.0,
147,0,2,498,1.0,
148,0,2,498,1.0,
149,0,2,498,1.0,
150,0,2,498,1.0,
151,0,2,498,1.0,
152,0,2,498,1.0,
153,0,2,498,1.0,
154,0,2,498,1.0,
155,0,2,498,1.0,
156,0,2,498,1.0,
157,0,2,498,1.0,
158,0,2,498,1.0,
159,0,2,498,1.0,
160,0,2,498,1.0,
161,0,2,498,1.0,
162,0,2,498,1.0,
163,0,2,498,1.0,
164,0,2,498,1.0,
165,0,2,498,1.0,
166,0,2,498,1.0,
167,0,2,498,1.0,
168,0,2,498,1.0,
169,0,2,498,1.0,
170,0,2,498,1.0,
171,0,2,498,1.0,
172,0,2,498,1.0,
173,0,2,498,1.0,
174,0,2,498,1.0,
175,0,2,498,1.0,
176,0,2,498,1.0,
177,0,2,498,1.0,
178,0,2,498,1.0,
179,0,2,498,1.0,
180,0,2,498,1.0,
181,0,2,498,1.0,
182,0,2,498,1.0,
183,0,2,498,1.0,
184,0,2,498,1.0,
185,0,2,498,1.0,
186,0,2,498,1.0,
187,0,2,498,1.0,
188,0,2,498,1.0,
189,0,1,499,1.0,
190,0,0,500,1.0,
191,0,0,500,1.0,
192,0,0,500,1.0,
193,0,0,500,1.0,
194,0,0,500,1.0,
195,0,0,500,1.0,
196,0,0,500,1.0,
197,0,0,500,1.0,
198,0,0,500,1.0,
199,0,0,500,1.0,
200,0,0,500,1.0,
1,498,2,0,0.9981818181818182,1.0
2,493,7,0,0.9893636363636363,0.9955429464826556
3,483,17,0,0.9652727272727273,0.9829700840878653
4,460,40,0,0.9255454545454546,0.9605734439694962
5,442,56,2,0.898090909090909,0.9433402436680974
6,406,87,7,0.8581818181818182,0.9133644653286297
7,363,124,13,0.8251818181818181,0.8801472711657161
8,310,172,18,0.8039090909090909,0.842338641902354
9,262,209,29,0.8033636363636364,0.8129313142651193
10,204,251,45,0.8200909090909091,0.7797549162763197
11,150,294,56,0.8544545454545455,0.7580906433707021
12,101,325,74,0.8929090909090909,0.7341159930079686
13,56,356,88,0.9493636363636364,0.7723804402938359
14,24,372,104,0.9837272727272727,0.8284062607371381
15,7,376,117,0.9966363636363637,0.8769119879177902
16,3,363,134,0.9978181818181818,0.813731266663791
17,2,351,147,0.9987272727272727,0.8410705378906386
18,2,339,159,0.9985454545454545,0.8177936779859161
19,1,330,169,0.9995454545454545,0.8896933119138365
20,0,317,183,1.0,
21,0,300,200,1.0,
22,0,288,212,1.0,
23,0,278,222,1.0,
24,0,266,234,1.0,
25,0,253,247,1.0,
26,0,244,256,1.0,
27,0,228,272,1.0,
28,0,218,282,1.0,
29,0,212,288,1.0,
30,0,207,293,1.0,
31,0,198,302,1.0,
32,0,188,312,1.0,
33,0,182,318,1.0,
34,0,172,328,1.0,
35,0,167,333,1.0,
36,0,164,336,1.0,
37,0,157,343,1.0,
38,0,152,348,1.0,
39,0,146,354,1.0,
40,0,136,364,1.0,
41,0,129,371,1.0,
42,0,126,374,1.0,
43,0,122,378,1.0,
44,0,119,381,1.0,
45,0,114,386,1.0,
46,0,110,390,1.0,
47,0,106,394,1.0,
48,0,102,398,1.0,
49,0,100,400,1.0,
50,0,99,401,1.0,
51,0,95,405,1.0,
52,0,91,409,1.0,
53,0,90,410,1.0,
54,0,88,412,1.0,
55,0,86,414,1.0,
56,0,82,418,1.0,
57,0,79,421,1.0,
58,0,77,423,1.0,
59,0,75,425,1.0,
60,0,72,428,1.0,
61,0,70,430,1.0,
62,0,68,432,1.0,
63,0,67,433,1.0,
64,0,63,437,1.0,
65,0,60,440,1.0,
66,0,60,440,1.0,
67,0,56,444,1.0,
68,0,53,447,1.0,
69,0,48,452,1.0,
70,0,43,457,1.0,
71,0,43,457,1.0,
72,0,42,458,1.0,
73,0,40,460,1.0,
74,0,36,464,1.0,
75,0,35,465,1.0,
76,0,32,468,1.0,
77,0,31,469,1.0,
78,0,29,471,1.0,
79,0,28,472,1.0,
80,0,27,473,1.0,
81,0,27,473,1.0,
82,0,26,474,1.0,
83,0,26,474,1.0,
84,0,24,476,1.0,
85,0,24,476,1.0,
86,0,22,478,1.0,
87,0,22,478,1.0,
88,0,22,478,1.0,
89,0,22,478,1.0,
90,0,22,478,1.0,
91,0,21,479,1.0,
92,0,20,480,1.0,
93,0,19,481,1.0,
94,0,17,483,1.0,
95,0,17,483,1.0,
96,0,17,483,1.0,
97,0,17,483,1.0,
98,0,17,483,1.0,
99,0,16,484,1.0,
100,0,14,486,1.0,
101,0,10,490,1.0,
102,0,10,490,1.0,
103,0,10,490,1.0,
104,0,10,490,1.0,
105,0,9,491,1.0,
106,0,9,491,1.0,
107,0,9,491,1.0,
108,0,9,491,1.0,
109,0,9,491,1.0,
110,0,9,491,1.0,
111,0,8,492,1.0,
112,0,8,492,1.0,
113,0,8,492,1.0,
114,0,8,492,1.0,
115,0,8,492,1.0,
116,0,8,492,1.0,
117,0,7,493,1.0,
118,0,6,494,1.0,
119,0,6,494,1.0,
120,0,6,494,1.0,
121,0,4,496,1.0,
122,0,4,496,1.0,
123,0,4,496,1.0,
124,0,4,496,1.0,
125,0,4,496,1.0,
126,0,4,496,1.0,
127,0,4,496,1.0,
128,0,4,496,1.0,
129,0,4,496,1.0,
130,0,4,496,1.0,
131,0,4,496,1.0,
132,0,4,496,1.0,
133,0,4,496,1.0,
134,0,4,496,1.0,
135,0,4,496,1.0,
136,0,4,496,1.0,
137,0,4,496,1.0,
138,0,4,496,1.0,
139,0,4,496,1.0,
140,0,4,496,1.0,
141,0,4,496,1.0,
142,0,3,497,1.0,
143,0,2,498,1.0,
144,0,1,499,1.0,
145,0,1,499,1.0,
146,0,1,499,1.0,
147,0,1,499,1.0,
148,0,1,499,1.0,
149,0,1,499,1.0,
150,0,1,499,1.0,
151,0,1,499,1.0,
152,0,1,499,1.0,
153,0,1,499,1.0,
154,0,1,499,1.0,
155,0,1,499,1.0,
156,0,1,499,1.0,
157,0,1,499,1.0,
158,0,1,499,1.0,
159,0,1,499,1.0,
160,0,1,499,1.0,
161,0,1,499,1.0,
162,0,1,499,1.0,
163,0,1,499,1.0,
164,0,1,499,1.0,
165,0,1,499,1.0,
166,0,1,499,1.0,
167,0,1,499,1.0,
168,0,1,499,1.0,
169,0,1,499,1.0,
170,0,1,499,1.0,
171,0,1,499,1.0,
172,0,1,499,1.0,
173,0,1,499,1.0,
174,0,1,499,1.0,
175,0,1,499,1.0,
176,0,0,500,1.0,
177,0,0,500,1.0,
178,0,0,500,1.0,
179,0,0,500,1.0,
180,0,0,500,1.0,
181,0,0,500,1.0,
182,0,0,500,1.0,
183,0,0,500,1.0,
184,0,0,500,1.0,
185,0,0,500,1.0,
186,0,0,500,1.0,
187,0,0,500,1.0,
188,0,0,500,1.0,
189,0,0,500,1.0,
190,0,0,500,1.0,
191,0,0,500,1.0,
192,0,0,500,1.0,
193,0,0,500,1.0,
194,0,0,500,1.0,
195,0,0,500,1.0,
196,0,0,500,1.0,
197,0,0,500,1.0,
198,0,0,500,1.0,
199,0,0,500,1.0,
200,0,0,500,1.0,
1,498,2,0,0.9981818181818182,1.0
2,494,6,0,0.9881818181818182,0.9949095250375766
3,486,10,4,0.9813636363636363,0.9913251615327348
4,474,22,4,0.9618181818181818,0.9808146533065047
5,451,41,8,0.9338181818181818,0.9643295294216103
6,425,65,10,0.8999090909090909,0.9421380949963333
7,391,93,16,0.8551818181818182,0.908324932448392
8,348,134,18,0.8095454545454546,0.8639560847766758
9,309,165,26,0.7838181818181819,0.8257574203896914
10,262,204,34,0.7677272727272727,0.7786304622207812
11,203,257,40,0.7940909090909091,0.745069247437504
12,131,318,51,0.8710909090909091,0.7517114750338924
13,73,364,63,0.9396363636363636,0.7906082195611391
14,32,389,79,0.9752727272727273,0.80406734218506
15,11,391,98,0.9945454545454545,0.8719086032597002
16,4,386,110,0.9983636363636363,0.8927682988019237
17,2,374,124,0.9986363636363637,0.8158657019484773
18,1,367,132,0.9995454545454545,0.8845334286459954
19,0,352,148,1.0,
20,0,336,164,1.0,
21,0,321,179,1.0,
22,0,305,195,1.0,
23,0,288,212,1.0,
24,0,279,221,1.0,
25,0,270,230,1.0,
26,0,267,233,1.0,
27,0,258,242,1.0,
28,0,243,257,1.0,
29,0,235,265,1.0,
30,0,228,272,1.0,
31,0,224,276,1.0,
32,0,217,283,1.0,
33,0,205,295,1.0,
34,0,199,301,1.0,
35,0,188,312,1.0,
36,0,180,320,1.0,
37,0,176,324,1.0,
38,0,163,337,1.0,
39,0,158,342,1.0,
40,0,153,347,1.0,
41,0,148,352,1.0,
42,0,142,358,1.0,
43,0,135,365,1.0,
44,0,132,368,1.0,
45,0,129,371,1.0,
46,0,120,380,1.0,
47,0,114,386,1.0,
48,0,110,390,1.0,
49,0,103,397,1.0,
50,0,94,406,1.0,
51,0,85,415,1.0,
52,0,80,420,1.0,
53,0,77,423,1.0,
54,0,75,425,1.0,
55,0,72,428,1.0,
56,0,71,429,1.0,
57,0,66,434,1.0,
58,0,64,436,1.0,
59,0,62,438,1.0,
60,0,61,439,1.0,
61,0,60,440,1.0,
62,0,57,443,1.0,
63,0,56,444,1.0,
64,0,53,447,1.0,
65,0,53,447,1.0,
66,0,52,448,1.0,
67,0,48,452,1.0,
68,0,47,453,1.0,
69,0,43,457,1.0,
70,0,40,460,1.0,
71,0,38,462,1.0,
72,0,37,463,1.0,
73,0,37,463,1.0,
74,0,35,465,1.0,
75,0,33,467,1.0,
76,0,33,467,1.0,
77,0,32,468,1.0,
78,0,31,469,1.0,
79,0,28,472,1.0,
80,0,27,473,1.0,
81,0,27,473,1.0,
82,0,24,476,1.0,
83,0,24,476,1.0,
84,0,23,477,1.0,
85,0,23,477,1.0,
86,0,23,477,1.0,
87,0,21,479,1.0,
88,0,21,479,1.0,
89,0,19,481,1.0,
90,0,19,481,1.0,
91,0,19,481,1.0,
92,0,19,481,1.0,
93,0,19,481,1.0,
94,0,18,482,1.0,
95,0,16,484,1.0,
96,0,16,484,1.0,
97,0,16,484,1.0,
98,0,16,484,1.0,
99,0,13,487,1.0,
100,0,13,487,1.0,
101,0,13,487,1.0,
102,0,12,488,1.0,
103,0,11,489,1.0,
104,0,11,489,1.0,
105,0,10,490,1.0,
106,0,8,492,1.0,
107,0,8,492,1.0,
108,0,8,492,1.0,
109,0,7,493,1.0,
110,0,6,494,1.0,
111,0,6,494,1.0,
112,0,6,494,1.0,
113,0,6,494,1.0,
114,0,6,494,1.0,
115,0,6,494,1.0,
116,0,5,495,1.0,
117,0,4,496,1.0,
118,0,4,496,1.0,
119,0,4,496,1.0,
120,0,4,496,1.0,
121,0,4,496,1.0,
122,0,4,496,1.0,
123,0,4,496,1.0,
124,0,3,497,1.0,
125,0,3,497,1.0,
126,0,3,497,1.0,
127,0,3,497,1.0,
128,0,3,497,1.0,
129,0,3,497,1.0,
130,0,3,497,1.0,
131,0,3,497,1.0,
132,0,3,497,1.0,
133,0,3,497,1.0,
134,0,3,497,1.0,
135,0,3,497,1.0,
136,0,3,497,1.0,
137,0,3,497,1.0,
138,0,3,497,1.0,
139,0,3,497,1.0,
140,0,3,497,1.0,
141,0,3,497,1.0,
142,0,3,497,1.0,
143,0,3,497,1.0,
144,0,3,497,1.0,
145,0,3,497,1.0,
146,0,3,497,1.0,
147,0,3,497,1.0,
148,0,3,497,1.0,
149,0,3,497,1.0,
150,0,3,497,1.0,
151,0,3,497,1.0,
152,0,3,497,1.0,
153,0,3,497,1.0,
154,0,3,497,1.0,
155,0,3,497,1.0,
156,0,3,497,1.0,
157,0,3,497,1.0,
158,0,3,497,1.0,
159,0,3,497,1.0,
160,0,3,497,1.0,
161,0,3,497,1.0,
162,0,2,498,1.0,
163,0,2,498,1.0,
164,0,2,498,1.0,
165,0,2,498,1.0,
166,0,2,498,1.0,
167,0,2,498,1.0,
168,0,2,498,1.0,
169,0,2,498,1.0,
170,0,1,499,1.0,
171,0,1,499,1.0,
172,0,1,499,1.0,
173,0,1,499,1.0,
174,0,1,499,1.0,
175,0,1,499,1.0,
176,0,1,499,1.0,
177,0,1,499,1.0,
178,0,1,499,1.0,
179,0,1,499,1.0,
180,0,0,500,1.0,
181,0,0,500,1.0,
182,0,0,500,1.0,
183,0,0,500,1.0,
184,0,0,500,1.0,
185,0,0,500,1.0,
186,0,0,500,1.0,
187,0,0,500,1.0,
188,0,0,500,1.0,
189,0,0,500,1.0,
190,0,0,500,1.0,
191,0,0,500,1.0,
192,0,0,500,1.0,
193,0,0,500,1.0,
194,0,0,500,1.0,
195,0,0,500,1.0,
196,0,0,500,1.0,
197,0,0,500,1.0,
198,0,0,500,1.0,
199,0,0,500,1.0,
200,0,0,500,1.0,
1,498,2,0,0.9976363636363637,1.0
2,494,6,0,0.9895454545454545,0.9959146076466253
3,485,15,0,0.9706363636363636,0.9860760002269373
4,475,25,0,0.9514545454545454,0.9756090697606806
5,461,39,0,0.9286363636363636,0.9625014587608467
6,427,73,0,0.8648181818181818,0.9219621765230362
7,379,115,6,0.8099090909090909,0.8756849177244096
8,328,160,12,0.771090909090909,0.826298172111156
9,278,206,16,0.7595454545454545,0.7841729210439412
10,218,257,25,0.7761818181818182,0.7435051261716702
11,160,305,35,0.8247272727272728,0.7258542853461804
12,81,367,52,0.9389090909090909,0.8100412312118044
13,27,408,65,0.9894545454545455,0.9006346949856561
14,7,416,77,0.9985454545454545,0.9467693558139285
15,3,407,90,0.9990909090909091,0.9206943744404645
16,1,391,108,0.9996363636363637,0.9141318836451763
17,1,376,123,0.9994545454545455,0.8706017939477869
18,0,362,138,1.0,
19,0,347,153,1.0,
20,0,337,163,1.0,
21,0,323,177,1.0,
22,0,312,188,1.0,
23,0,298,202,1.0,
24,0,283,217,1.0,
25,0,262,238,1.0,
26,0,248,252,1.0,
27,0,235,265,1.0,
28,0,227,273,1.0,
29,0,220,280,1.0,
30,0,211,289,1.0,
31,0,202,298,1.0,
32,0,195,305,1.0,
33,0,186,314,1.0,
34,0,180,320,1.0,
35,0,171,329,1.0,
36,0,167,333,1.0,
37,0,163,337,1.0,
38,0,155,345,1.0,
39,0,149,351,1.0,
40,0,143,357,1.0,
41,0,136,364,1.0,
42,0,130,370,1.0,
43,0,125,375,1.0,
44,0,121,379,1.0,
45,0,118,382,1.0,
46,0,113,387,1.0,
47,0,107,393,1.0,
48,0,101,399,1.0,
49,0,98,402,1.0,
50,0,90,410,1.0,
51,0,87,413,1.0,
52,0,85,415,1.0,
53,0,82,418,1.0,
54,0,78,422,1.0,
55,0,74,426,1.0,
56,0,72,428,1.0,
57,0,67,433,1.0,
58,0,66,434,1.0,
59,0,63,437,1.0,
60,0,61,439,1.0,
61,0,56,444,1.0,
62,0,53,447,1.0,
63,0,52,448,1.0,
64,0,52,448,1.0,
65,0,50,450,1.0,
66,0,50,450,1.0,
67,0,47,453,1.0,
68,0,47,453,1.0,
69,0,46,454,1.0,
70,0,44,456,1.0,
71,0,44,456,1.0,
72,0,44,456,1.0,
73,0,42,458,1.0,
74,0,42,458,1.0,
75,0,40,460,1.0,
76,0,40,460,1.0,
77,0,38,462,1.0,
78,0,36,464,1.0,
79,0,35,465,1.0,
80,0,32,468,1.0,
81,0,31,469,1.0,
82,0,30,470,1.0,
83,0,28,472,1.0,
84,0,26,474,1.0,
85,0,25,475,1.0,
86,0,23,477,1.0,
87,0,23,477,1.0,
88,0,20,480,1.0,
89,0,17,483,1.0,
90,0,15,485,1.0,
91,0,14,486,1.0,
92,0,14,486,1.0,
93,0,14,486,1.0,
94,0,13,487,1.0,
95,0,12,488,1.0,
96,0,12,488,1.0,
97,0,10,490,1.0,
98,0,8,492,1.0,
99,0,7,493,1.0,
100,0,7,493,1.0,
101,0,7,493,1.0,
102,0,7,493,1.0,
103,0,7,493,1.0,
104,0,7,493,1.0,
105,0,5,495,1.0,
106,0,5,495,1.0,
107,0,5,495,1.0,
108,0,5,495,1.0,
109,0,5,495,1.0,
110,0,5,495,1.0,
111,0,5,495,1.0,
112,0,5,495,1.0,
113,0,5,495,1.0,
114,0,4,496,1.0,
115,0,4,496,1.0,
116,0,4,496,1.0,
117,0,4,496,1.0,
118,0,4,496,1.0,
119,0,4,496,1.0,
120,0,4,496,1.0,
121,0,4,496,1.0,
122,0,4,496,1.0,
123,0,4,496,1.0,
124,0,4,496,1.0,
125,0,4,496,1.0,
126,0,4,496,1.0,
127,0,4,496,1.0,
128,0,4,496,1.0,
129,0,4,496,1.0,
130,0,4,496,1.0,
131,0,4,496,1.0,
132,0,3,497,1.0,
133,0,3,497,1.0,
134,0,1,499,1.0,
135,0,1,499,1.0,
136,0,1,499,1.0,
137,0,1,499,1.0,
138,0,1,499,1.0,
139,0,1,499,1.0,
140,0,1,499,1.0,
141,0,1,499,1.0,
142,0,1,499,1.0,
143,0,1,499,1.0,
144,0,1,499,1.0,
145,0,1,499,1.0,
146,0,1,499,1.0,
147,0,1,499,1.0,
148,0,1,499,1.0,
149,0,1,499,1.0,
150,0,1,499,1.0,
151,0,1,499,1.0,
152,0,1,499,1.0,
153,0,1,499,1.0,
154,0,1,499,1.0,
155,0,1,499,1.0,
156,0,1,499,1.0,
157,0,1,499,1.0,
158,0,1,499,1.0,
159,0,1,499,1.0,
160,0,1,499,1.0,
161,0,1,499,1.0,
162,0,1,499,1.0,
163,0,1,499,1.0,
164,0,1,499,1.0,
165,0,1,499,1.0,
166,0,1,499,1.0,
167,0,1,499,1.0,
168,0,1,499,1.0,
169,0,1,499,1.0,
170,0,1,499,1.0,
171,0,1,499,1.0,
172,0,1,499,1.0,
173,0,1,499,1.0,
174,0,1,499,1.0,
175,0,1,499,1.0,
176,0,1,499,1.0,
177,0,1,499,1.0,
178,0,1,499,1.0,
179,0,1,499,1.0,
180,0,1,499,1.0,
181,0,1,499,1.0,
182,0,0,500,1.0,
183,0,0,500,1.0,
184,0,0,500,1.0,
185,0,0,500,1.0,
186,0,0,500,1.0,
187,0,0,500,1.0,
188,0,0,500,1.0,
189,0,0,500,1.0,
190,0,0,500,1.0,
191,0,0,500,1.0,
192,0,0,500,1.0,
193,0,0,500,1.0,
194,0,0,500,1.0,
195,0,0,500,1.0,
196,0,0,500,1.0,
197,0,0,500,1.0,
198,0,0,500,1.0,
199,0,0,500,1.0,
200,0,0,500,1.0,
1,497,3,0,0.995,1.0
2,495,5,0,0.9911818181818182,0.9980605752340431
3,491,9,0,0.982909090909091,0.9938133265493687
4,478,21,1,0.9599090909090909,0.981531420095203
5,459,39,2,0.9286363636363636,0.9635549950249529
6,431,64,5,0.8905454545454545,0.9389582389284626
7,400,91,9,0.8526363636363636,0.9102708175216028
8,353,135,12,0.8027272727272727,0.8625132619719511
9,306,173,21,0.7957272727272727,0.8353019742198685
10,255,215,30,0.7857272727272727,0.7920532579391364
11,208,253,39,0.8086363636363636,0.7721873403529786
12,150,303,47,0.8530909090909091,0.7568897128481129
13,100,344,56,0.8954545454545455,0.7396886849196387
14,60,368,72,0.943,0.7621603386761231
15,28,382,90,0.9771818181818182,0.7966130344174874
16,11,381,108,0.9913636363636363,0.8002836965957385
17,0,375,125,1.0,
18,0,367,133,1.0,
19,0,359,141,1.0,
20,0,343,157,1.0,
21,0,332,168,1.0,
22,0,321,179,1.0,
23,0,307,193,1.0,
24,0,296,204,1.0,
25,0,275,225,1.0,
26,0,262,238,1.0,
27,0,253,247,1.0,
28,0,245,255,1.0,
29,0,239,261,1.0,
30,0,231,269,1.0,
31,0,225,275,1.0,
32,0,218,282,1.0,
33,0,210,290,1.0,
34,0,197,303,1.0,
35,0,194,306,1.0,
36,0,186,314,1.0,
37,0,183,317,1.0,
38,0,175,325,1.0,
39,0,169,331,1.0,
40,0,162,338,1.0,
41,0,157,343,1.0,
42,0,152,348,1.0,
43,0,147,353,1.0,
44,0,143,357,1.0,
45,0,136,364,1.0,
46,0,128,372,1.0,
47,0,120,380,1.0,
48,0,119,381,1.0,
49,0,114,386,1.0,
50,0,108,392,1.0,
51,0,99,401,1.0,
52,0,92,408,1.0,
53,0,86,414,1.0,
54,0,82,418,1.0,
55,0,76,424,1.0,
56,0,74,426,1.0,
57,0,72,428,1.0,
58,0,69,431,1.0,
59,0,67,433,1.0,
60,0,66,434,1.0,
61,0,64,436,1.0,
62,0,58,442,1.0,
63,0,54,446,1.0,
64,0,52,448,1.0,
65,0,51,449,1.0,
66,0,48,452,1.0,
67,0,46,454,1.0,
68,0,45,455,1.0,
69,0,45,455,1.0,
70,0,45,455,1.0,
71,0,43,457,1.0,
72,0,43,457,1.0,
73,0,40,460,1.0,
74,0,39,461,1.0,
75,0,35,465,1.0,
76,0,32,468,1.0,
77,0,32,468,1.0,
78,0,31,469,1.0,
79,0,30,470,1.0,
80,0,29,471,1.0,
81,0,27,473,1.0,
82,0,26,474,1.0,
83,0,24,476,1.0,
84,0,22,478,1.0,
85,0,21,479,1.0,
86,0,20,480,1.0,
87,0,18,482,1.0,
88,0,17,483,1.0,
89,0,17,483,1.0,
90,0,17,483,1.0,
91,0,16,484,1.0,
92,0,15,485,1.0,
93,0,15,485,1.0,
94,0,15,485,1.0,
95,0,15,485,1.0,
96,0,15,485,1.0,
97,0,15,485,1.0,
98,0,15,485,1.0,
99,0,14,486,1.0,
100,0,13,487,1.0,
101,0,11,489,1.0,
102,0,11,489,1.0,
103,0,11,489,1.0,
104,0,11,489,1.0,
105,0,11,489,1.0,
106,0,11,489,1.0,
107,0,11,489,1.0,
108,0,9,491,1.0,
109,0,9,491,1.0,
110,0,8,492,1.0,
111,0,8,492,1.0,
112,0,8,492,1.0,
113,0,7,493,1.0,
114,0,7,493,1.0,
115,0,6,494,1.0,
116,0,6,494,1.0,
117,0,6,494,1.0,
118,0,6,494,1.0,
119,0,6,494,1.0,
120,0,5,495,1.0,
121,0,5,495,1.0,
122,0,5,495,1.0,
123,0,5,495,1.0,
124,0,5,495,1.0,
125,0,5,495,1.0,
126,0,5,495,1.0,
127,0,5,495,1.0,
128,0,5,495,1.0,
129,0,5,495,1.0,
130,0,5,495,1.0,
131,0,5,495,1.0,
132,0,5,495,1.0,
133,0,5,495,1.0,
134,0,4,496,1.0,
135,0,4,496,1.0,
136,0,4,496,1.0,
137,0,4,496,1.0,
138,0,3,497,1.0,
139,0,3,497,1.0,
140,0,2,498,1.0,
141,0,2,498,1.0,
142,0,2,498,1.0,
143,0,2,498,1.0,
144,0,2,498,1.0,
145,0,2,498,1.0,
146,0,2,498,1.0,
147,0,2,498,1.0,
148,0,2,498,1.0,
149,0,2,498,1.0,
150,0,2,498,1.0,
151,0,2,498,1.0,
152,0,2,498,1.0,
153,0,2,498,1.0,
154,0,2,498,1.0,
155,0,1,499,1.0,
156,0,1,499,1.0,
157,0,1,499,1.0,
158,0,1,499,1.0,
159,0,1,499,1.0,
160,0,1,499,1.0,
161,0,1,499,1.0,
162,0,1,499,1.0,
163,0,1,499,1.0,
164,0,1,499,1.0,
165,0,1,499,1.0,
166,0,1,499,1.0,
167,0,1,499,1.0,
168,0,1,499,1.0,
169,0,1,499,1.0,
170,0,1,499,1.0,
171,0,1,499,1.0,
172,0,1,499,1.0,
173,0,1,499,1.0,
174,0,1,499,1.0,
175,0,1,499,1.0,
176,0,1,499,1.0,
177,0,1,499,1.0,
178,0,1,499,1.0,
179,0,1,499,1.0,
180,0,1,499,1.0,
181,0,1,499,1.0,
182,0,1,499,1.0,
183,0,1,499,1.0,
184,0,1,499,1.0,
185,0,1,499,1.0,
186,0,1,499,1.0,
187,0,1,499,1.0,
188,0,1,499,1.0,
189,0,1,499,1.0,
190,0,1,499,1.0,
191,0,1,499,1.0,
192,0,1,499,1.0,
193,0,1,499,1.0,
194,0,0,500,1.0,
195,0,0,500,1.0,
196,0,0,500,1.0,
197,0,0,500,1.0,
198,0,0,500,1.0,
199,0,0,500,1.0,
200,0,0,500,1.0,
1,497,3,0,0.9953636363636363,1.0
2,490,9,1,0.984909090909091,0.9946341518199502
3,482,17,1,0.9674545454545455,0.9854206985005645
4,469,29,2,0.9446363636363636,0.9727526221134065
5,451,43,6,0.9147272727272727,0.9549875530329638
6,425,63,12,0.8731818181818182,0.9275354724683986
7,395,87,18,0.8351818181818181,0.8977247051184508
8,365,115,20,0.8027272727272727,0.8668162758793311
9,314,158,28,0.7704545454545455,0.8189023478625006
10,259,205,36,0.7728181818181818,0.7817286498403061
11,195,264,41,0.8048181818181818,0.7499964600130091
12,128,311,61,0.8658181818181818,0.7385362108649672
13,73,351,76,0.9323636363636364,0.7680013252751593
14,39,368,93,0.9646363636363636,0.7704697389524824
15,16,378,106,0.9914545454545455,0.8634136123025408
16,5,375,120,0.9985454545454545,0.9235620575026267
17,2,356,142,0.9990909090909091,0.880080311794882
18,1,329,170,0.9995454545454545,0.880080311794882
19,0,324,176,1.0,
20,0,311,189,1.0,
21,0,304,196,1.0,
22,0,289,211,1.0,
23,0,278,222,1.0,
24,0,267,233,1.0,
25,0,251,249,1.0,
26,0,244,256,1.0,
27,0,227,273,1.0,
28,0,219,281,1.0,
29,0,214,286,1.0,
30,0,207,293,1.0,
31,0,201,299,1.0,
32,0,189,311,1.0,
33,0,182,318,1.0,
34,0,178,322,1.0,
35,0,171,329,1.0,
36,0,165,335,1.0,
37,0,159,341,1.0,
38,0,157,343,1.0,
39,0,148,352,1.0,
40,0,138,362,1.0,
41,0,136,364,1.0,
42,0,129,371,1.0,
43,0,126,374,1.0,
44,0,119,381,1.0,
45,0,112,388,1.0,
46,0,106,394,1.0,
47,0,99,401,1.0,
48,0,92,408,1.0,
49,0,86,414,1.0,
50,0,83,417,1.0,
51,0,79,421,1.0,
52,0,73,427,1.0,
53,0,70,430,1.0,
54,0,66,434,1.0,
55,0,63,437,1.0,
56,0,59,441,1.0,
57,0,56,444,1.0,
58,0,55,445,1.0,
59,0,52,448,1.0,
60,0,49,451,1.0,
61,0,46,454,1.0,
62,0,43,457,1.0,
63,0,42,458,1.0,
64,0,41,459,1.0,
65,0,39,461,1.0,
66,0,36,464,1.0,
67,0,35,465,1.0,
68,0,33,467,1.0,
69,0,32,468,1.0,
70,0,32,468,1.0,
71,0,31,469,1.0,
72,0,29,471,1.0,
73,0,26,474,1.0,
74,0,25,475,1.0,
75,0,24,476,1.0,
76,0,23,477,1.0,
77,0,21,479,1.0,
78,0,21,479,1.0,
79,0,20,480,1.0,
80,0,20,480,1.0,
81,0,18,482,1.0,
82,0,18,482,1.0,
83,0,16,484,1.0,
84,0,15,485,1.0,
85,0,15,485,1.0,
86,0,15,485,1.0,
87,0,14,486,1.0,
88,0,13,487,1.0,
89,0,12,488,1.0,
90,0,12,488,1.0,
91,0,12,488,1.0,
92,0,12,488,1.0,
93,0,11,489,1.0,
94,0,10,490,1.0,
95,0,9,491,1.0,
96,0,9,491,1.0,
97,0,9,491,1.0,
98,0,8,492,1.0,
99,0,8,492,1.0,
100,0,8,492,1.0,
101,0,8,492,1.0,
102,0,6,494,1.0,
103,0,6,494,1.0,
104,0,6,494,1.0,
105,0,6,494,1.0,
106,0,6,494,1.0,
107,0,6,494,1.0,
108,0,6,494,1.0,
109,0,6,494,1.0,
110,0,6,494,1.0,
111,0,6,494,1.0,
112,0,6,494,1.0,
113,0,6,494,1.0,
114,0,6,494,1.0,
115,0,6,494,1.0,
116,0,6,494,1.0,
117,0,6,494,1.0,
118,0,6,494,1.0,
119,0,5,495,1.0,
120,0,5,495,1.0,
121,0,5,495,1.0,
122,0,5,495,1.0,
123,0,5,495,1.0,
124,0,5,495,1.0,
125,0,5,495,1.0,
126,0,5,495,1.0,
127,0,5,495,1.0,
128,0,5,495,1.0,
129,0,5,495,1.0,
130,0,5,495,1.0,
131,0,5,495,1.0,
132,0,5,495,1.0,
133,0,5,495,1.0,
134,0,4,496,1.0,
135,0,4,496,1.0,
136,0,4,496,1.0,
137,0,4,496,1.0,
138,0,4,496,1.0,
139,0,4,496,1.0,
140,0,4,496,1.0,
141,0,4,496,1.0,
142,0,4,496,1.0,
143,0,4,496,1.0,
144,0,4,496,1.0,
145,0,4,496,1.0,
146,0,4,496,1.0,
147,0,4,496,1.0,
148,0,4,496,1.0,
149,0,3,497,1.0,
150,0,3,497,1.0,
151,0,3,497,1.0,
152,0,3,497,1.0,
153,0,2,498,1.0,
154,0,2,498,1.0,
155,0,2,498,1.0,
156,0,2,498,1.0,
157,0,2,498,1.0,
158,0,2,498,1.0,
159,0,2,498,1.0,
160,0,2,498,1.0,
161,0,1,499,1.0,
162,0,1,499,1.0,
163,0,1,499,1.0,
164,0,0,500,1.0,
165,0,0,500,1.0,
166,0,0,500,1.0,
167,0,0,500,1.0,
168,0,0,500,1.0,
169,0,0,500,1.0,
170,0,0,500,1.0,
171,0,0,500,1.0,
172,0,0,500,1.0,
173,0,0,500,1.0,
174,0,0,500,1.0,
175,0,0,500,1.0,
176,0,0,500,1.0,
177,0,0,500,1.0,
178,0,0,500,1.0,
179,0,0,500,1.0,
180,0,0,500,1.0,
181,0,0,500,1.0,
182,0,0,500,1.0,
183,0,0,500,1.0,
184,0,0,500,1.0,
185,0,0,500,1.0,
186,0,0,500,1.0,
187,0,0,500,1.0,
188,0,0,500,1.0,
189,0,0,500,1.0,
190,0,0,500,1.0,
191,0,0,500,1.0,
192,0,0,500,1.0,
193,0,0,500,1.0,
194,0,0,500,1.0,
195,0,0,500,1.0,
196,0,0,500,1.0,
197,0,0,500,1.0,
198,0,0,500,1.0,
199,0,0,500,1.0,
200,0,0,500,1.0,
1,495,5,0,0.9915454545454545,1.0
2,490,10,0,0.9801818181818182,0.9940656109476993
3,485,14,1,0.9728181818181818,0.9901684097419031
4,472,26,2,0.9552727272727273,0.9804566914517282
5,451,45,4,0.9269090909090909,0.9636005647097596
6,423,70,7,0.8784545454545455,0.9323142981020088
7,384,105,11,0.8297272727272728,0.8930588727027161
8,344,139,17,0.7954545454545454,0.855153190137677
9,285,186,29,0.757,0.7901802066131883
10,233,231,36,0.7567272727272727,0.7416909719216441
11,172,279,49,0.8109090909090909,0.7274238484763276
12,114,326,60,0.8927272727272727,0.7650219544342959
13,55,367,78,0.9658181818181818,0.8451701231641803
14,18,389,93,0.9933636363636363,0.9104870079719478
15,4,391,105,0.9988181818181818,0.9267051916118221
16,3,376,121,0.999,0.9176931320313904
17,0,366,134,1.0,
18,0,352,148,1.0,
19,0,342,158,1.0,
20,0,332,168,1.0,
21,0,311,189,1.0,
22,0,293,207,1.0,
23,0,271,229,1.0,
24,0,266,234,1.0,
25,0,255,245,1.0,
26,0,247,253,1.0,
27,0,239,261,1.0,
28,0,232,268,1.0,
29,0,228,272,1.0,
30,0,222,278,1.0,
31,0,212,288,1.0,
32,0,205,295,1.0,
33,0,194,306,1.0,
34,0,185,315,1.0,
35,0,178,322,1.0,
36,0,176,324,1.0,
37,0,167,333,1.0,
38,0,160,340,1.0,
39,0,154,346,1.0,
40,0,147,353,1.0,
41,0,141,359,1.0,
42,0,138,362,1.0,
43,0,131,369,1.0,
44,0,124,376,1.0,
45,0,120,380,1.0,
46,0,114,386,1.0,
47,0,110,390,1.0,
48,0,107,393,1.0,
49,0,103,397,1.0,
50,0,99,401,1.0,
51,0,93,407,1.0,
52,0,89,411,1.0,
53,0,81,419,1.0,
54,0,77,423,1.0,
55,0,75,425,1.0,
56,0,74,426,1.0,
57,0,70,430,1.0,
58,0,67,433,1.0,
59,0,63,437,1.0,
60,0,61,439,1.0,
61,0,58,442,1.0,
62,0,53,447,1.0,
63,0,52,448,1.0,
64,0,50,450,1.0,
65,0,45,455,1.0,
66,0,44,456,1.0,
67,0,40,460,1.0,
68,0,40,460,1.0,
69,0,37,463,1.0,
70,0,35,465,1.0,
71,0,35,465,1.0,
72,0,34,466,1.0,
73,0,33,467,1.0,
74,0,33,467,1.0,
75,0,33,467,1.0,
76,0,32,468,1.0,
77,0,31,469,1.0,
78,0,28,472,1.0,
79,0,27,473,1.0,
80,0,25,475,1.0,
81,0,24,476,1.0,
82,0,24,476,1.0,
83,0,23,477,1.0,
84,0,21,479,1.0,
85,0,20,480,1.0,
86,0,20,480,1.0,
87,0,18,482,1.0,
88,0,18,482,1.0,
89,0,16,484,1.0,
90,0,16,484,1.0,
91,0,15,485,1.0,
92,0,15,485,1.0,
93,0,15,485,1.0,
94,0,15,485,1.0,
95,0,14,486,1.0,
96,0,14,486,1.0,
97,0,14,486,1.0,
98,0,14,486,1.0,
99,0,14,486,1.0,
100,0,14,486,1.0,
101,0,14,486,1.0,
102,0,13,487,1.0,
103,0,13,487,1.0,
104,0,13,487,1.0,
105,0,13,487,1.0,
106,0,12,488,1.0,
107,0,11,489,1.0,
108,0,9,491,1.0,
109,0,9,491,1.0,
110,0,9,491,1.0,
111,0,8,492,1.0,
112,0,8,492,1.0,
113,0,8,492,1.0,
114,0,8,492,1.0,
115,0,7,493,1.0,
116,0,6,494,1.0,
117,0,6,494,1.0,
118,0,5,495,1.0,
119,0,5,495,1.0,
120,0,5,495,1.0,
121,0,5,495,1.0,
122,0,5,495,1.0,
123,0,5,495,1.0,
124,0,5,495,1.0,
125,0,5,495,1.0,
126,0,5,495,1.0,
127,0,4,496,1.0,
128,0,4,496,1.0,
129,0,4,496,1.0,
130,0,4,496,1.0,
131,0,4,496,1.0,
132,0,4,496,1.0,
133,0,3,497,1.0,
134,0,3,497,1.0,
135,0,2,498,1.0,
136,0,2,498,1.0,
137,0,1,499,1.0,
138,0,1,499,1.0,
139,0,1,499,1.0,
140,0,1,499,1.0,
141,0,1,499,1.0,
142,0,1,499,1.0,
143,0,0,500,1.0,
144,0,0,500,1.0,
145,0,0,500,1.0,
146,0,0,500,1.0,
147,0,0,500,1.0,
148,0,0,500,1.0,
149,0,0,500,1.0,
150,0,0,500,1.0,
151,0,0,500,1.0,
152,0,0,500,1.0,
153,0,0,500,1.0,
154,0,0,500,1.0,
155,0,0,500,1.0,
156,0,0,500,1.0,
157,0,0,500,1.0,
158,0,0,500,1.0,
159,0,0,500,1.0,
160,0,0,500,1.0,
161,0,0,500,1.0,
162,0,0,500,1.0,
163,0,0,500,1.0,
164,0,0,500,1.0,
165,0,0,500,1.0,
166,0,0,500,1.0,
167,0,0,500,1.0,
168,0,0,500,1.0,
169,0,0,500,1.0,
170,0,0,500,1.0,
171,0,0,500,1.0,
172,0,0,500,1.0,
173,0,0,500,1.0,
174,0,0,500,1.0,
175,0,0,500,1.0,
176,0,0,500,1.0,
177,0,0,500,1.0,
178,0,0,500,1.0,
179,0,0,500,1.0,
180,0,0,500,1.0,
181,0,0,500,1.0,
182,0,0,500,1.0,
183,0,0,500,1.0,
184,0,0,500,1.0,
185,0,0,500,1.0,
186,0,0,500,1.0,
187,0,0,500,1.0,
188,0,0,500,1.0,
189,0,0,500,1.0,
190,0,0,500,1.0,
191,0,0,500,1.0,
192,0,0,500,1.0,
193,0,0,500,1.0,
194,0,0,500,1.0,
195,0,0,500,1.0,
196,0,0,500,1.0,
197,0,0,500,1.0,
198,0,0,500,1.0,
199,0,0,500,1.0,
200,0,0,500,1.0,
1,498,2,0,0.997,1.0
2,496,4,0,0.993,0.9979718560214811
3,493,7,0,0.9866363636363636,0.9947060055670487
4,485,15,0,0.9734545454545455,0.9877720168613215
5,471,29,0,0.9459090909090909,0.9726944141940161
6,440,57,3,0.8871818181818182,0.9371444138809958
7,407,88,5,0.8190909090909091,0.8899563341663911
8,358,133,9,0.7633636363636364,0.8356596647321427
9,308,176,16,0.7461818181818182,0.794846188286205
10,243,229,28,0.758,0.7517987294649934
11,186,277,37,0.8027272727272727,0.7348868829181175
12,125,322,53,0.8727272727272727,0.7448853041920445
13,67,367,66,0.9422727272727273,0.7829649844810904
14,36,382,82,0.9774545454545455,0.8416940127395062
15,7,395,98,0.9980909090909091,0.9321270150593669
16,1,389,110,0.9998181818181818,0.954926518114296
17,0,375,125,1.0,
18,0,358,142,1.0,
19,0,345,155,1.0,
20,0,335,165,1.0,
21,0,318,182,1.0,
22,0,310,190,1.0,
23,0,296,204,1.0,
24,0,289,211,1.0,
25,0,275,225,1.0,
26,0,267,233,1.0,
27,0,261,239,1.0,
28,0,250,250,1.0,
29,0,234,266,1.0,
30,0,225,275,1.0,
31,0,215,285,1.0,
32,0,205,295,1.0,
33,0,196,304,1.0,
34,0,187,313,1.0,
35,0,183,317,1.0,
36,0,173,327,1.0,
37,0,169,331,1.0,
38,0,165,335,1.0,
39,0,162,338,1.0,
40,0,156,344,1.0,
41,0,150,350,1.0,
42,0,149,351,1.0,
43,0,142,358,1.0,
44,0,135,365,1.0,
45,0,132,368,1.0,
46,0,127,373,1.0,
47,0,123,377,1.0,
48,0,118,382,1.0,
49,0,110,390,1.0,
50,0,106,394,1.0,
51,0,101,399,1.0,
52,0,93,407,1.0,
53,0,90,410,1.0,
54,0,83,417,1.0,
55,0,77,423,1.0,
56,0,74,426,1.0,
57,0,71,429,1.0,
58,0,68,432,1.0,
59,0,67,433,1.0,
60,0,67,433,1.0,
61,0,62,438,1.0,
62,0,62,438,1.0,
63,0,60,440,1.0,
64,0,55,445,1.0,
65,0,55,445,1.0,
66,0,54,446,1.0,
67,0,53,447,1.0,
68,0,50,450,1.0,
69,0,47,453,1.0,
70,0,45,455,1.0,
71,0,44,456,1.0,
72,0,40,460,1.0,
73,0,40,460,1.0,
74,0,39,461,1.0,
75,0,37,463,1.0,
76,0,31,469,1.0,
77,0,31,469,1.0,
78,0,27,473,1.0,
79,0,26,474,1.0,
80,0,23,477,1.0,
81,0,22,478,1.0,
82,0,22,478,1.0,
83,0,21,479,1.0,
84,0,21,479,1.0,
85,0,19,481,1.0,
86,0,19,481,1.0,
87,0,16,484,1.0,
88,0,16,484,1.0,
89,0,16,484,1.0,
90,0,15,485,1.0,
91,0,15,485,1.0,
92,0,14,486,1.0,
93,0,13,487,1.0,
94,0,13,487,1.0,
95,0,12,488,1.0,
96,0,12,488,1.0,
97,0,12,488,1.0,
98,0,11,489,1.0,
99,0,11,489,1.0,
100,0,11,489,1.0,
101,0,10,490,1.0,
102,0,8,492,1.0,
103,0,8,492,1.0,
104,0,8,492,1.0,
105,0,8,492,1.0,
106,0,8,492,1.0,
107,0,8,492,1.0,
108,0,7,493,1.0,
109,0,7,493,1.0,
110,0,6,494,1.0,
111,0,6,494,1.0,
112,0,6,494,1.0,
113,0,6,494,1.0,
114,0,6,494,1.0,
115,0,6,494,1.0,
116,0,6,494,1.0,
117,0,6,494,1.0,
118,0,5,495,1.0,
119,0,5,495,1.0,
120,0,5,495,1.0,
121,0,5,495,1.0,
122,0,4,496,1.0,
123,0,4,496,1.0,
124,0,3,497,1.0,
125,0,3,497,1.0,
126,0,3,497,1.0,
127,0,3,497,1.0,
128,0,2,498,1.0,
129,0,2,498,1.0,
130,0,2,498,1.0,
131,0,2,498,1.0,
132,0,2,498,1.0,
133,0,1,499,1.0,
134,0,1,499,1.0,
135,0,1,499,1.0,
136,0,1,499,1.0,
137,0,1,499,1.0,
138,0,1,499,1.0,
139,0,1,499,1.0,
140,0,1,499,1.0,
141,0,1,499,1.0,
142,0,1,499,1.0,
143,0,1,499,1.0,
144,0,1,499,1.0,
145,0,1,499,1.0,
146,0,1,499,1.0,
147,0,1,499,1.0,
148,0,1,499,1.0,
149,0,1,499,1.0,
150,0,1,499,1.0,
151,0,1,499,1.0,
152,0,1,499,1.0,
153,0,1,499,1.0,
154,0,1,499,1.0,
155,0,1,499,1.0,
156,0,1,499,1.0,
157,0,1,499,1.0,
158,0,1,499,1.0,
159,0,1,499,1.0,
160,0,1,499,1.0,
161,0,1,499,1.0,
162,0,1,499,1.0,
163,0,0,500,1.0,
164,0,0,500,1.0,
165,0,0,500,1.0,
166,0,0,500,1.0,
167,0,0,500,1.0,
168,0,0,500,1.0,
169,0,0,500,1.0,
170,0,0,500,1.0,
171,0,0,500,1.0,
172,0,0,500,1.0,
173,0,0,500,1.0,
174,0,0,500,1.0,
175,0,0,500,1.0,
176,0,0,500,1.0,
177,0,0,500,1.0,
178,0,0,500,1.0,
179,0,0,500,1.0,
180,0,0,500,1.0,
181,0,0,500,1.0,
182,0,0,500,1.0,
183,0,0,500,1.0,
184,0,0,500,1.0,
185,0,0,500,1.0,
186,0,0,500,1.0,
187,0,0,500,1.0,
188,0,0,500,1.0,
189,0,0,500,1.0,
190,0,0,500,1.0,
191,0,0,500,1.0,
192,0,0,500,1.0,
193,0,0,500,1.0,
194,0,0,500,1.0,
195,0,0,500,1.0,
196,0,0,500,1.0,
197,0,0,500,1.0,
198,0,0,500,1.0,
199,0,0,500,1.0,
200,0,0,500,1.0,
1,497,3,0,0.9954545454545455,1.0
2,496,4,0,0.992909090909091,0.9987183920230802
3,492,8,0,0.984,0.994174042378503
4,483,15,2,0.9730909090909091,0.9883588602877345
5,468,30,2,0.9413636363636364,0.9709512127332113
6,439,58,3,0.8814545454545455,0.9346561472162367
7,397,99,4,0.8058181818181818,0.8797584931216833
8,362,130,8,0.7601818181818182,0.8361514859185875
9,302,184,14,0.7343636363636363,0.7818731729195264
10,238,238,24,0.7567272727272727,0.7457066564349274
11,164,302,34,0.8330909090909091,0.7448228297597181
12,87,367,46,0.9335454545454546,0.8067893074732178
13,24,413,63,0.9920909090909091,0.9172044425903576
14,5,416,79,0.9990909090909091,0.9547284797127237
15,1,403,96,0.9995454545454545,0.8800470270074172
16,1,393,106,0.9995454545454545,0.8800470270074172
17,0,372,128,1.0,
18,0,359,141,1.0,
19,0,342,158,1.0,
20,0,329,171,1.0,
21,0,318,182,1.0,
22,0,303,197,1.0,
23,0,292,208,1.0,
24,0,275,225,1.0,
25,0,263,237,1.0,
26,0,253,247,1.0,
27,0,244,256,1.0,
28,0,235,265,1.0,
29,0,229,271,1.0,
30,0,221,279,1.0,
31,0,209,291,1.0,
32,0,203,297,1.0,
33,0,197,303,1.0,
34,0,192,308,1.0,
35,0,190,310,1.0,
36,0,185,315,1.0,
37,0,180,320,1.0,
38,0,165,335,1.0,
39,0,159,341,1.0,
40,0,153,347,1.0,
41,0,149,351,1.0,
42,0,143,357,1.0,
43,0,137,363,1.0,
44,0,129,371,1.0,
45,0,126,374,1.0,
46,0,121,379,1.0,
47,0,114,386,1.0,
48,0,108,392,1.0,
49,0,106,394,1.0,
50,0,102,398,1.0,
51,0,100,400,1.0,
52,0,95,405,1.0,
53,0,93,407,1.0,
54,0,93,407,1.0,
55,0,88,412,1.0,
56,0,83,417,1.0,
57,0,82,418,1.0,
58,0,82,418,1.0,
59,0,82,418,1.0,
60,0,79,421,1.0,
61,0,79,421,1.0,
62,0,75,425,1.0,
63,0,75,425,1.0,
64,0,73,427,1.0,
65,0,70,430,1.0,
66,0,70,430,1.0,
67,0,66,434,1.0,
68,0,62,438,1.0,
69,0,56,444,1.0,
70,0,56,444,1.0,
71,0,55,445,1.0,
72,0,55,445,1.0,
73,0,49,451,1.0,
74,0,48,452,1.0,
75,0,48,452,1.0,
76,0,47,453,1.0,
77,0,45,455,1.0,
78,0,40,460,1.0,
79,0,38,462,1.0,
80,0,36,464,1.0,
81,0,35,465,1.0,
82,0,34,466,1.0,
83,0,33,467,1.0,
84,0,33,467,1.0,
85,0,31,469,1.0,
86,0,27,473,1.0,
87,0,25,475,1.0,
88,0,23,477,1.0,
89,0,22,478,1.0,
90,0,21,479,1.0,
91,0,20,480,1.0,
92,0,19,481,1.0,
93,0,18,482,1.0,
94,0,18,482,1.0,
95,0,17,483,1.0,
96,0,16,484,1.0,
97,0,15,485,1.0,
98,0,12,488,1.0,
99,0,12,488,1.0,
100,0,12,488,1.0,
101,0,11,489,1.0,
102,0,9,491,1.0,
103,0,9,491,1.0,
104,0,8,492,1.0,
105,0,7,493,1.0,
106,0,4,496,1.0,
107,0,4,496,1.0,
108,0,4,496,1.0,
109,0,4,496,1.0,
110,0,3,497,1.0,
111,0,3,497,1.0,
112,0,3,497,1.0,
113,0,3,497,1.0,
114,0,3,497,1.0,
115,0,3,497,1.0,
116,0,3,497,1.0,
117,0,3,497,1.0,
118,0,2,498,1.0,
119,0,2,498,1.0,
120,0,2,498,1.0,
121,0,2,498,1.0,
122,0,1,499,1.0,
123,0,1,499,1.0,
124,0,1,499,1.0,
125,0,1,499,1.0,
126,0,1,499,1.0,
127,0,1,499,1.0,
128,0,1,499,1.0,
129,0,1,499,1.0,
130,0,1,499,1.0,
131,0,1,499,1.0,
132,0,1,499,1.0,
133,0,1,499,1.0,
134,0,1,499,1.0,
135,0,1,499,1.0,
136,0,1,499,1.0,
137,0,1,499,1.0,
138,0,1,499,1.0,
139,0,1,499,1.0,
140,0,1,499,1.0,
141,0,1,499,1.0,
142,0,1,499,1.0,
143,0,1,499,1.0,
144,0,1,499,1.0,
145,0,1,499,1.0,
146,0,1,499,1.0,
147,0,1,499,1.0,
148,0,1,499,1.0,
149,0,1,499,1.0,
150,0,0,500,1.0,
151,0,0,500,1.0,
152,0,0,500,1.0,
153,0,0,500,1.0,
154,0,0,500,1.0,
155,0,0,500,1.0,
156,0,0,500,1.0,
157,0,0,500,1.0,
158,0,0,500,1.0,
159,0,0,500,1.0,
160,0,0,500,1.0,
161,0,0,500,1.0,
162,0,0,500,1.0,
163,0,0,500,1.0,
164,0,0,500,1.0,
165,0,0,500,1.0,
166,0,0,500,1.0,
167,0,0,500,1.0,
168,0,0,500,1.0,
169,0,0,500,1.0,
170,0,0,500,1.0,
171,0,0,500,1.0,
172,0,0,500,1.0,
173,0,0,500,1.0,
174,0,0,500,1.0,
175,0,0,500,1.0,
176,0,0,500,1.0,
177,0,0,500,1.0,
178,0,0,500,1.0,
179,0,0,500,1.0,
180,0,0,500,1.0,
181,0,0,500,1.0,
182,0,0,500,1.0,
183,0,0,500,1.0,
184,0,0,500,1.0,
185,0,0,500,1.0,
186,0,0,500,1.0,
187,0,0,500,1.0,
188,0,0,500,1.0,
189,0,0,500,1.0,
190,0,0,500,1.0,
191,0,0,500,1.0,
192,0,0,500,1.0,
193,0,0,500,1.0,
194,0,0,500,1.0,
195,0,0,500,1.0,
196,0,0,500,1.0,
197,0,0,500,1.0,
198,0,0,500,1.0,
199,0,0,500,1.0,
200,0,0,500,1.0,
1,498,1,1,1.0,1.0
2,496,3,1,0.996,0.9979750301748601
3,493,5,2,0.9923636363636363,0.996094152757663
4,487,11,2,0.9790909090909091,0.9892490745601553
5,476,22,2,0.9539090909090909,0.9757072953775489
6,461,36,3,0.9301818181818182,0.9620863949007071
7,439,57,4,0.8951818181818182,0.9401585788562354
8,409,83,8,0.8573636363636363,0.9124256857773491
9,363,125,12,0.8059090909090909,0.8659467263427877
10,314,168,18,0.774,0.8196636827870973
11,266,210,24,0.7717272727272727,0.7852266383917902
12,199,268,33,0.7968181818181819,0.7447443892442978
13,144,303,53,0.8470909090909091,0.733740021925699
14,83,345,72,0.9153636363636364,0.7424207922672957
15,43,372,85,0.9661818181818181,0.8012907421284599
16,17,380,103,0.992,0.8806710857574519
17,3,368,129,0.9985454545454545,0.8720480061943476
18,1,365,134,0.9989090909090909,0.7142857142857143
19,0,351,149,1.0,
20,0,339,161,1.0,
21,0,322,178,1.0,
22,0,305,195,1.0,
23,0,288,212,1.0,
24,0,271,229,1.0,
25,0,261,239,1.0,
26,0,250,250,1.0,
27,0,239,261,1.0,
28,0,227,273,1.0,
29,0,217,283,1.0,
30,0,211,289,1.0,
31,0,199,301,1.0,
32,0,193,307,1.0,
33,0,182,318,1.0,
34,0,175,325,1.0,
35,0,173,327,1.0,
36,0,164,336,1.0,
37,0,157,343,1.0,
38,0,154,346,1.0,
39,0,144,356,1.0,
40,0,137,363,1.0,
41,0,132,368,1.0,
42,0,124,376,1.0,
43,0,116,384,1.0,
44,0,112,388,1.0,
45,0,111,389,1.0,
46,0,109,391,1.0,
47,0,105,395,1.0,
48,0,100,400,1.0,
49,0,99,401,1.0,
50,0,92,408,1.0,
51,0,90,410,1.0,
52,0,88,412,1.0,
53,0,84,416,1.0,
54,0,80,420,1.0,
55,0,79,421,1.0,
56,0,77,423,1.0,
57,0,75,425,1.0,
58,0,72,428,1.0,
59,0,66,434,1.0,
60,0,60,440,1.0,
61,0,56,444,1.0,
62,0,52,448,1.0,
63,0,51,449,1.0,
64,0,51,449,1.0,
65,0,50,450,1.0,
66,0,46,454,1.0,
67,0,44,456,1.0,
68,0,41,459,1.0,
69,0,39,461,1.0,
70,0,38,462,1.0,
71,0,37,463,1.0,
72,0,36,464,1.0,
73,0,34,466,1.0,
74,0,33,467,1.0,
75,0,32,468,1.0,
76,0,32,468,1.0,
77,0,30,470,1.0,
78,0,28,472,1.0,
79,0,28,472,1.0,
80,0,26,474,1.0,
81,0,26,474,1.0,
82,0,23,477,1.0,
83,0,21,479,1.0,
84,0,20,480,1.0,
85,0,20,480,1.0,
86,0,20,480,1.0,
87,0,20,480,1.0,
88,0,20,480,1.0,
89,0,20,480,1.0,
90,0,18,482,1.0,
91,0,18,482,1.0,
92,0,17,483,1.0,
93,0,16,484,1.0,
94,0,16,484,1.0,
95,0,15,485,1.0,
96,0,14,486,1.0,
97,0,14,486,1.0,
98,0,14,486,1.0,
99,0,13,487,1.0,
100,0,13,487,1.0,
101,0,12,488,1.0,
102,0,12,488,1.0,
103,0,12,488,1.0,
104,0,12,488,1.0,
105,0,11,489,1.0,
106,0,10,490,1.0,
107,0,10,490,1.0,
108,0,10,490,1.0,
109,0,10,490,1.0,
110,0,9,491,1.0,
111,0,9,491,1.0,
112,0,9,491,1.0,
113,0,8,492,1.0,
114,0,8,492,1.0,
115,0,7,493,1.0,
116,0,7,493,1.0,
117,0,7,493,1.0,
118,0,7,493,1.0,
119,0,6,494,1.0,
120,0,6,494,1.0,
121,0,6,494,1.0,
122,0,6,494,1.0,
123,0,6,494,1.0,
124,0,6,494,1.0,
125,0,6,494,1.0,
126,0,6,494,1.0,
127,0,6,494,1.0,
128,0,6,494,1.0,
129,0,6,494,1.0,
130,0,6,494,1.0,
131,0,6,494,1.0,
132,0,6,494,1.0,
133,0,6,494,1.0,
134,0,6,494,1.0,
135,0,6,494,1.0,
136,0,6,494,1.0,
137,0,6,494,1.0,
138,0,6,494,1.0,
139,0,6,494,1.0,
140,0,6,494,1.0,
141,0,6,494,1.0,
142,0,5,495,1.0,
143,0,5,495,1.0,
144,0,5,495,1.0,
145,0,5,495,1.0,
146,0,5,495,1.0,
147,0,5,495,1.0,
148,0,5,495,1.0,
149,0,5,495,1.0,
150,0,4,496,1.0,
151,0,4,496,1.0,
152,0,4,496,1.0,
153,0,3,497,1.0,
154,0,3,497,1.0,
155,0,3,497,1.0,
156,0,2,498,1.0,
157,0,2,498,1.0,
158,0,1,499,1.0,
159,0,1,499,1.0,
160,0,1,499,1.0,
161,0,1,499,1.0,
162,0,1,499,1.0,
163,0,1,499,1.0,
164,0,1,499,1.0,
165,0,1,499,1.0,
166,0,1,499,1.0,
167,0,1,499,1.0,
168,0,1,499,1.0,
169,0,1,499,1.0,
170,0,1,499,1.0,
171,0,1,499,1.0,
172,0,1,499,1.0,
173,0,0,500,1.0,
174,0,0,500,1.0,
175,0,0,500,1.0,
176,0,0,500,1.0,
177,0,0,500,1.0,
178,0,0,500,1.0,
179,0,0,500,1.0,
180,0,0,500,1.0,
181,0,0,500,1.0,
182,0,0,500,1.0,
183,0,0,500,1.0,
184,0,0,500,1.0,
185,0,0,500,1.0,
186,0,0,500,1.0,
187,0,0,500,1.0,
188,0,0,500,1.0,
189,0,0,500,1.0,
190,0,0,500,1.0,
191,0,0,500,1.0,
192,0,0,500,1.0,
193,0,0,500,1.0,
194,0,0,500,1.0,
195,0,0,500,1.0,
196,0,0,500,1.0,
197,0,0,500,1.0,
198,0,0,500,1.0,
199,0,0,500,1.0,
200,0,0,500,1.0,
1,497,3,0,0.9945454545454545,1.0
2,495,5,0,0.9913636363636363,0.9983965122198694
3,486,14,0,0.9714545454545455,0.9880657293666769
4,479,21,0,0.9600909090909091,0.981920934166271
5,460,39,1,0.9244545454545454,0.9616943628121825
6,437,58,5,0.8857272727272727,0.9372471925262176
7,405,84,11,0.8492727272727273,0.9094328274173814
8,358,126,16,0.7973636363636364,0.8607211772380187
9,311,170,19,0.7763636363636364,0.8224569565464036
10,247,224,29,0.7865454545454545,0.7859378819136258
11,186,268,46,0.8199090909090909,0.7598685348295842
12,125,320,55,0.8734545454545455,0.7488986733712255
13,71,357,72,0.9298181818181818,0.7542147819154975
14,31,377,92,0.9743636363636363,0.794746230780489
15,9,381,110,0.994,0.8321288578741508
16,3,375,122,0.9986363636363637,0.8855699455162105
17,2,364,134,0.9987272727272727,0.838903882210822
18,0,355,145,1.0,
19,0,343,157,1.0,
20,0,323,177,1.0,
21,0,313,187,1.0,
22,0,294,206,1.0,
23,0,286,214,1.0,
24,0,272,228,1.0,
25,0,261,239,1.0,
26,0,254,246,1.0,
27,0,245,255,1.0,
28,0,240,260,1.0,
29,0,229,271,1.0,
30,0,220,280,1.0,
31,0,209,291,1.0,
32,0,198,302,1.0,
33,0,190,310,1.0,
34,0,183,317,1.0,
35,0,174,326,1.0,
36,0,171,329,1.0,
37,0,169,331,1.0,
38,0,162,338,1.0,
39,0,154,346,1.0,
40,0,149,351,1.0,
41,0,142,358,1.0,
42,0,136,364,1.0,
43,0,134,366,1.0,
44,0,127,373,1.0,
45,0,124,376,1.0,
46,0,121,379,1.0,
47,0,117,383,1.0,
48,0,113,387,1.0,
49,0,107,393,1.0,
50,0,103,397,1.0,
51,0,100,400,1.0,
52,0,96,404,1.0,
53,0,89,411,1.0,
54,0,82,418,1.0,
55,0,80,420,1.0,
56,0,74,426,1.0,
57,0,70,430,1.0,
58,0,68,432,1.0,
59,0,65,435,1.0,
60,0,62,438,1.0,
61,0,60,440,1.0,
62,0,58,442,1.0,
63,0,58,442,1.0,
64,0,55,445,1.0,
65,0,53,447,1.0,
66,0,51,449,1.0,
67,0,50,450,1.0,
68,0,47,453,1.0,
69,0,44,456,1.0,
70,0,42,458,1.0,
71,0,39,461,1.0,
72,0,37,463,1.0,
73,0,35,465,1.0,
74,0,35,465,1.0,
75,0,32,468,1.0,
76,0,31,469,1.0,
77,0,30,470,1.0,
78,0,29,471,1.0,
79,0,29,471,1.0,
80,0,27,473,1.0,
81,0,27,473,1.0,
82,0,27,473,1.0,
83,0,26,474,1.0,
84,0,24,476,1.0,
85,0,24,476,1.0,
86,0,24,476,1.0,
87,0,22,478,1.0,
88,0,22,478,1.0,
89,0,22,478,1.0,
90,0,21,479,1.0,
91,0,19,481,1.0,
92,0,19,481,1.0,
93,0,19,481,1.0,
94,0,19,481,1.0,
95,0,18,482,1.0,
96,0,18,482,1.0,
97,0,18,482,1.0,
98,0,18,482,1.0,
99,0,17,483,1.0,
100,0,15,485,1.0,
101,0,15,485,1.0,
102,0,15,485,1.0,
103,0,14,486,1.0,
104,0,14,486,1.0,
105,0,14,486,1.0,
106,0,14,486,1.0,
107,0,14,486,1.0,
108,0,12,488,1.0,
109,0,12,488,1.0,
110,0,12,488,1.0,
111,0,11,489,1.0,
112,0,10,490,1.0,
113,0,10,490,1.0,
114,0,10,490,1.0,
115,0,9,491,1.0,
116,0,9,491,1.0,
117,0,8,492,1.0,
118,0,8,492,1.0,
119,0,7,493,1.0,
120,0,7,493,1.0,
121,0,6,494,1.0,
122,0,6,494,1.0,
123,0,6,494,1.0,
124,0,6,494,1.0,
125,0,5,495,1.0,
126,0,5,495,1.0,
127,0,4,496,1.0,
128,0,3,497,1.0,
129,0,3,497,1.0,
130,0,3,497,1.0,
131,0,3,497,1.0,
132,0,3,497,1.0,
133,0,3,497,1.0,
134,0,3,497,1.0,
135,0,3,497,1.0,
136,0,3,497,1.0,
137,0,2,498,1.0,
138,0,2,498,1.0,
139,0,2,498,1.0,
140,0,2,498,1.0,
141,0,2,498,1.0,
142,0,2,498,1.0,
143,0,2,498,1.0,
144,0,2,498,1.0,
145,0,1,499,1.0,
146,0,1,499,1.0,
147,0,1,499,1.0,
148,0,1,499,1.0,
149,0,1,499,1.0,
150,0,1,499,1.0,
151,0,1,499,1.0,
152,0,1,499,1.0,
153,0,1,499,1.0,
154,0,1,499,1.0,
155,0,1,499,1.0,
156,0,0,500,1.0,
157,0,0,500,1.0,
158,0,0,500,1.0,
159,0,0,500,1.0,
160,0,0,500,1.0,
161,0,0,500,1.0,
162,0,0,500,1.0,
163,0,0,500,1.0,
164,0,0,500,1.0,
165,0,0,500,1.0,
166,0,0,500,1.0,
167,0,0,500,1.0,
168,0,0,500,1.0,
169,0,0,500,1.0,
170,0,0,500,1.0,
171,0,0,500,1.0,
172,0,0,500,1.0,
173,0,0,500,1.0,
174,0,0,500,1.0,
175,0,0,500,1.0,
176,0,0,500,1.0,
177,0,0,500,1.0,
178,0,0,500,1.0,
179,0,0,500,1.0,
180,0,0,500,1.0,
181,0,0,500,1.0,
182,0,0,500,1.0,
183,0,0,500,1.0,
184,0,0,500,1.0,
185,0,0,500,1.0,
186,0,0,500,1.0,
187,0,0,500,1.0,
188,0,0,500,1.0,
189,0,0,500,1.0,
190,0,0,500,1.0,
191,0,0,500,1.0,
192,0,0,500,1.0,
193,0,0,500,1.0,
194,0,0,500,1.0,
195,0,0,500,1.0,
196,0,0,500,1.0,
197,0,0,500,1.0,
198,0,0,500,1.0,
199,0,0,500,1.0,
200,0,0,500,1.0,
1,497,3,0,0.9954545454545455,1.0
2,494,6,0,0.9908181818181818,0.9976312563412512
3,481,18,1,0.9657272727272728,0.9844834053850975
4,469,28,3,0.9418181818181818,0.9713067143187677
5,445,51,4,0.8948181818181818,0.9431776625508145
6,408,84,8,0.852909090909091,0.912257286345812
7,374,111,15,0.8300909090909091,0.8887186531613731
8,320,159,21,0.8031818181818182,0.8481023419134995
9,258,216,26,0.8137272727272727,0.8207777432702312
10,207,254,39,0.8175454545454546,0.7805409377645564
11,142,298,60,0.8546363636363636,0.7446841369176783
12,100,332,68,0.8983636363636364,0.7465935864757537
13,61,363,76,0.9415454545454546,0.7599144114106823
14,22,390,88,0.990909090909091,0.8985137875818101
15,5,389,106,0.9988181818181818,0.9395944054612437
16,1,381,118,0.9994545454545455,0.8556024622678349
17,0,377,123,1.0,
18,0,362,138,1.0,
19,0,348,152,1.0,
20,0,335,165,1.0,
21,0,321,179,1.0,
22,0,307,193,1.0,
23,0,294,206,1.0,
24,0,282,218,1.0,
25,0,270,230,1.0,
26,0,261,239,1.0,
27,0,247,253,1.0,
28,0,233,267,1.0,
29,0,227,273,1.0,
30,0,212,288,1.0,
31,0,205,295,1.0,
32,0,192,308,1.0,
33,0,188,312,1.0,
34,0,182,318,1.0,
35,0,178,322,1.0,
36,0,175,325,1.0,
37,0,165,335,1.0,
38,0,154,346,1.0,
39,0,149,351,1.0,
40,0,143,357,1.0,
41,0,138,362,1.0,
42,0,132,368,1.0,
43,0,126,374,1.0,
44,0,116,384,1.0,
45,0,112,388,1.0,
46,0,104,396,1.0,
47,0,98,402,1.0,
48,0,91,409,1.0,
49,0,82,418,1.0,
50,0,77,423,1.0,
51,0,73,427,1.0,
52,0,70,430,1.0,
53,0,68,432,1.0,
54,0,66,434,1.0,
55,0,61,439,1.0,
56,0,59,441,1.0,
57,0,58,442,1.0,
58,0,54,446,1.0,
59,0,51,449,1.0,
60,0,51,449,1.0,
61,0,48,452,1.0,
62,0,45,455,1.0,
63,0,43,457,1.0,
64,0,42,458,1.0,
65,0,41,459,1.0,
66,0,41,459,1.0,
67,0,39,461,1.0,
68,0,39,461,1.0,
69,0,38,462,1.0,
70,0,35,465,1.0,
71,0,34,466,1.0,
72,0,33,467,1.0,
73,0,32,468,1.0,
74,0,31,469,1.0,
75,0,31,469,1.0,
76,0,30,470,1.0,
77,0,28,472,1.0,
78,0,26,474,1.0,
79,0,22,478,1.0,
80,0,21,479,1.0,
81,0,18,482,1.0,
82,0,17,483,1.0,
83,0,16,484,1.0,
84,0,15,485,1.0,
85,0,15,485,1.0,
86,0,15,485,1.0,
87,0,14,486,1.0,
88,0,13,487,1.0,
89,0,12,488,1.0,
90,0,11,489,1.0,
91,0,11,489,1.0,
92,0,11,489,1.0,
93,0,11,489,1.0,
94,0,10,490,1.0,
95,0,9,491,1.0,
96,0,9,491,1.0,
97,0,9,491,1.0,
98,0,9,491,1.0,
99,0,9,491,1.0,
100,0,9,491,1.0,
101,0,8,492,1.0,
102,0,7,493,1.0,
103,0,7,493,1.0,
104,0,7,493,1.0,
105,0,7,493,1.0,
106,0,7,493,1.0,
107,0,7,493,1.0,
108,0,7,493,1.0,
109,0,7,493,1.0,
110,0,7,493,1.0,
111,0,7,493,1.0,
112,0,7,493,1.0,
113,0,7,493,1.0,
114,0,6,494,1.0,
115,0,6,494,1.0,
116,0,6,494,1.0,
117,0,6,494,1.0,
118,0,5,495,1.0,
119,0,5,495,1.0,
120,0,5,495,1.0,
121,0,5,495,1.0,
122,0,3,497,1.0,
123,0,3,497,1.0,
124,0,3,497,1.0,
125,0,3,497,1.0,
126,0,3,497,1.0,
127,0,3,497,1.0,
128,0,2,498,1.0,
129,0,2,498,1.0,
130,0,2,498,1.0,
131,0,2,498,1.0,
132,0,2,498,1.0,
133,0,2,498,1.0,
134,0,2,498,1.0,
135,0,2,498,1.0,
136,0,2,498,1.0,
137,0,2,498,1.0,
138,0,2,498,1.0,
139,0,2,498,1.0,
140,0,2,498,1.0,
141,0,1,499,1.0,
142,0,0,500,1.0,
143,0,0,500,1.0,
144,0,0,500,1.0,
145,0,0,500,1.0,
146,0,0,500,1.0,
147,0,0,500,1.0,
148,0,0,500,1.0,
149,0,0,500,1.0,
150,0,0,500,1.0,
151,0,0,500,1.0,
152,0,0,500,1.0,
153,0,0,500,1.0,
154,0,0,500,1.0,
155,0,0,500,1.0,
156,0,0,500,1.0,
157,0,0,500,1.0,
158,0,0,500,1.0,
159,0,0,500,1.0,
160,0,0,500,1.0,
161,0,0,500,1.0,
162,0,0,500,1.0,
163,0,0,500,1.0,
164,0,0,500,1.0,
165,0,0,500,1.0,
166,0,0,500,1.0,
167,0,0,500,1.0,
168,0,0,500,1.0,
169,0,0,500,1.0,
170,0,0,500,1.0,
171,0,0,500,1.0,
172,0,0,500,1.0,
173,0,0,500,1.0,
174,0,0,500,1.0,
175,0,0,500,1.0,
176,0,0,500,1.0,
177,0,0,500,1.0,
178,0,0,500,1.0,
179,0,0,500,1.0,
180,0,0,500,1.0,
181,0,0,500,1.0,
182,0,0,500,1.0,
183,0,0,500,1.0,
184,0,0,500,1.0,
185,0,0,500,1.0,
186,0,0,500,1.0,
187,0,0,500,1.0,
188,0,0,500,1.0,
189,0,0,500,1.0,
190,0,0,500,1.0,
191,0,0,500,1.0,
192,0,0,500,1.0,
193,0,0,500,1.0,
194,0,0,500,1.0,
195,0,0,500,1.0,
196,0,0,500,1.0,
197,0,0,500,1.0,
198,0,0,500,1.0,
199,0,0,500,1.0,
200,0,0,500,1.0,
1,496,4,0,0.9947272727272727,1.0
2,487,12,1,0.980909090909091,0.9928958399286628
3,478,21,1,0.9612727272727273,0.9824256002499067
4,457,40,3,0.9143636363636364,0.9557616502197924
5,432,64,4,0.8680909090909091,0.9262011219003553
6,405,86,9,0.8325454545454546,0.8991166041524499
7,366,116,18,0.8076363636363636,0.8710578480111594
8,318,159,23,0.78,0.8290300107524506
9,267,202,31,0.7742727272727272,0.790549448391698
10,203,255,42,0.8049090909090909,0.7614963896053644
11,135,310,55,0.871,0.763277862856893
12,80,338,82,0.921,0.7548170089620324
13,47,362,91,0.959,0.7825904016043431
14,22,379,99,0.9873636363636363,0.8567067645577103
15,7,373,120,0.9966363636363637,0.8797713965281385
16,3,360,137,0.9986363636363637,0.8865848743430884
17,1,347,152,0.9995454545454545,0.8860549371797035
18,0,340,160,1.0,
19,0,327,173,1.0,
20,0,321,179,1.0,
21,0,306,194,1.0,
22,0,298,202,1.0,
23,0,281,219,1.0,
24,0,266,234,1.0,
25,0,250,250,1.0,
26,0,240,260,1.0,
27,0,233,267,1.0,
28,0,227,273,1.0,
29,0,218,282,1.0,
30,0,210,290,1.0,
31,0,202,298,1.0,
32,0,192,308,1.0,
33,0,187,313,1.0,
34,0,182,318,1.0,
35,0,171,329,1.0,
36,0,166,334,1.0,
37,0,154,346,1.0,
38,0,146,354,1.0,
39,0,144,356,1.0,
40,0,139,361,1.0,
41,0,133,367,1.0,
42,0,126,374,1.0,
43,0,122,378,1.0,
44,0,117,383,1.0,
45,0,112,388,1.0,
46,0,107,393,1.0,
47,0,103,397,1.0,
48,0,99,401,1.0,
49,0,96,404,1.0,
50,0,92,408,1.0,
51,0,87,413,1.0,
52,0,84,416,1.0,
53,0,76,424,1.0,
54,0,74,426,1.0,
55,0,72,428,1.0,
56,0,71,429,1.0,
57,0,69,431,1.0,
58,0,67,433,1.0,
59,0,63,437,1.0,
60,0,58,442,1.0,
61,0,54,446,1.0,
62,0,52,448,1.0,
63,0,50,450,1.0,
64,0,49,451,1.0,
65,0,48,452,1.0,
66,0,46,454,1.0,
67,0,43,457,1.0,
68,0,41,459,1.0,
69,0,40,460,1.0,
70,0,39,461,1.0,
71,0,38,462,1.0,
72,0,37,463,1.0,
73,0,36,464,1.0,
74,0,34,466,1.0,
75,0,33,467,1.0,
76,0,31,469,1.0,
77,0,30,470,1.0,
78,0,29,471,1.0,
79,0,28,472,1.0,
80,0,28,472,1.0,
81,0,28,472,1.0,
82,0,27,473,1.0,
83,0,27,473,1.0,
84,0,26,474,1.0,
85,0,26,474,1.0,
86,0,25,475,1.0,
87,0,24,476,1.0,
88,0,24,476,1.0,
89,0,21,479,1.0,
90,0,20,480,1.0,
91,0,20,480,1.0,
92,0,19,481,1.0,
93,0,17,483,1.0,
94,0,17,483,1.0,
95,0,15,485,1.0,
96,0,14,486,1.0,
97,0,14,486,1.0,
98,0,13,487,1.0,
99,0,13,487,1.0,
100,0,13,487,1.0,
101,0,13,487,1.0,
102,0,13,487,1.0,
103,0,13,487,1.0,
104,0,13,487,1.0,
105,0,13,487,1.0,
106,0,13,487,1.0,
107,0,13,487,1.0,
108,0,11,489,1.0,
109,0,11,489,1.0,
110,0,11,489,1.0,
111,0,10,490,1.0,
112,0,8,492,1.0,
113,0,8,492,1.0,
114,0,6,494,1.0,
115,0,6,494,1.0,
116,0,6,494,1.0,
117,0,6,494,1.0,
118,0,5,495,1.0,
119,0,5,495,1.0,
120,0,5,495,1.0,
121,0,5,495,1.0,
122,0,4,496,1.0,
123,0,4,496,1.0,
124,0,4,496,1.0,
125,0,3,497,1.0,
126,0,3,497,1.0,
127,0,3,497,1.0,
128,0,3,497,1.0,
129,0,3,497,1.0,
130,0,3,497,1.0,
131,0,3,497,1.0,
132,0,3,497,1.0,
133,0,3,497,1.0,
134,0,3,497,1.0,
135,0,3,497,1.0,
136,0,3,497,1.0,
137,0,3,497,1.0,
138,0,3,497,1.0,
139,0,3,497,1.0,
140,0,3,497,1.0,
141,0,3,497,1.0,
142,0,3,497,1.0,
143,0,3,497,1.0,
144,0,3,497,1.0,
145,0,3,497,1.0,
146,0,3,497,1.0,
147,0,3,497,1.0,
148,0,3,497,1.0,
149,0,3,497,1.0,
150,0,3,497,1.0,
151,0,3,497,1.0,
152,0,3,497,1.0,
153,0,3,497,1.0,
154,0,3,497,1.0,
155,0,3,497,1.0,
156,0,2,498,1.0,
157,0,2,498,1.0,
158,0,2,498,1.0,
159,0,2,498,1.0,
160,0,2,498,1.0,
161,0,2,498,1.0,
162,0,2,498,1.0,
163,0,2,498,1.0,
164,0,2,498,1.0,
165,0,1,499,1.0,
166,0,1,499,1.0,
167,0,1,499,1.0,
168,0,1,499,1.0,
169,0,1,499,1.0,
170,0,1,499,1.0,
171,0,1,499,1.0,
172,0,1,499,1.0,
173,0,1,499,1.0,
174,0,1,499,1.0,
175,0,1,499,1.0,
176,0,1,499,1.0,
177,0,0,500,1.0,
178,0,0,500,1.0,
179,0,0,500,1.0,
180,0,0,500,1.0,
181,0,0,500,1.0,
182,0,0,500,1.0,
183,0,0,500,1.0,
184,0,0,500,1.0,
185,0,0,500,1.0,
186,0,0,500,1.0,
187,0,0,500,1.0,
188,0,0,500,1.0,
189,0,0,500,1.0,
190,0,0,500,1.0,
191,0,0,500,1.0,
192,0,0,500,1.0,
193,0,0,500,1.0,
194,0,0,500,1.0,
195,0,0,500,1.0,
196,0,0,500,1.0,
197,0,0,500,1.0,
198,0,0,500,1.0,
199,0,0,500,1.0,
200,0,0,500,1.0,
