day,s,i,r,edgecount,suscedgecount
1,999,1,0,1.0,1.0
2,996,4,0,0.9967142857142857,0.9983667269811849
3,995,5,0,0.9958571428571429,0.9979391462808549
4,995,5,0,0.9958571428571429,0.9979391462808549
5,993,7,0,0.9951428571428571,0.9975849259837175
6,990,10,0,0.992,0.9960335960335961
7,986,14,0,0.9885714285714285,0.9942918812087169
8,980,20,0,0.987,0.9934271510802124
9,977,23,0,0.9851428571428571,0.9924550372861529
10,972,28,0,0.9842857142857143,0.9919240567388715
11,962,37,1,0.9825714285714285,0.9909993679224449
12,956,41,3,0.9811428571428571,0.990142841816482
13,953,42,5,0.9821428571428571,0.990651461165627
14,946,47,7,0.9777142857142858,0.9883275639089592
15,941,50,9,0.976,0.9873756778113846
16,937,54,9,0.9715714285714285,0.9849453285952752
17,928,60,12,0.9681428571428572,0.982933679108248
18,921,62,17,0.9698571428571429,0.9837266786778188
19,913,68,19,0.9698571428571429,0.9836559023306012
20,896,80,24,0.9651428571428572,0.980606061535191
21,887,85,28,0.9607142857142857,0.977912438932732
22,871,97,32,0.957,0.9753055306729245
23,860,104,36,0.9548571428571428,0.9736897308118239
24,847,112,41,0.9515714285714286,0.9713618632449801
25,832,125,43,0.941,0.9644827878451677
26,813,137,50,0.9328571428571428,0.9586132002237928
27,787,155,58,0.9262857142857143,0.9530065945838798
28,757,182,61,0.9172857142857143,0.945110161227381
29,732,200,68,0.912,0.9397115929179575
30,707,215,78,0.9092857142857143,0.9355388080594005
31,684,232,84,0.901,0.9272414988262511
32,660,245,95,0.9005714285714286,0.9242096628861334
33,632,258,110,0.8948571428571429,0.9162812398571893
34,593,277,130,0.8904285714285715,0.906785204677279
35,564,291,145,0.8904285714285715,0.9020373022367704
36,539,305,156,0.8844285714285715,0.8920869946380151
37,509,322,169,0.882,0.8833560921723987
38,471,347,182,0.8747142857142857,0.8662847149312117
39,443,355,202,0.8761428571428571,0.8595386930601376
40,418,363,219,0.8734285714285714,0.8478851192666982
41,395,374,231,0.8758571428571429,0.8423658830620856
42,369,386,245,0.8704285714285714,0.8239923017362042
43,349,385,266,0.87,0.8133956778655919
44,324,399,277,0.8728571428571429,0.8033700481617148
45,301,406,293,0.8742857142857143,0.7908958842928943
46,275,412,313,0.8812857142857143,0.7835404595404595
47,246,418,336,0.8838571428571429,0.7634849906191371
48,224,419,357,0.8921428571428571,0.7594465430402931
49,206,419,375,0.9012857142857142,0.7603851043778229
50,182,423,395,0.9055714285714286,0.7403312804411704
51,164,425,411,0.9142857142857143,0.7382705708925221
52,151,424,425,0.9208571428571428,0.7378053513815103
53,140,420,440,0.9248571428571428,0.7311067503924646
54,125,418,457,0.932,0.7282358974358976
55,111,415,474,0.9375714285714286,0.7191717816717819
56,105,406,489,0.9418571428571428,0.7236965811965812
57,92,402,506,0.9437142857142857,0.6940645405319318
58,80,396,524,0.9515714285714286,0.696702152014652
59,75,378,547,0.9564285714285714,0.7083467643467642
60,69,369,562,0.9595714285714285,0.7050936985719594
61,63,360,577,0.9634285714285714,0.7077911506482933
62,60,353,587,0.9664285714285714,0.7189407814407814
63,51,344,605,0.9707142857142858,0.7110141492494434
64,45,341,614,0.9755714285714285,0.7263207163207164
65,38,336,626,0.9805714285714285,0.7424185463659149
66,35,323,642,0.9824285714285714,0.7470957613814757
67,31,312,657,0.9861428571428571,0.7741935483870968
68,28,301,671,0.9888571428571429,0.7985282574568288
69,27,288,685,0.9901428571428571,0.8152828652828653
70,23,278,699,0.9931428571428571,0.8495699952221692
71,21,269,710,0.9942857142857143,0.8630211058782488
72,20,259,721,0.9945714285714286,0.8633150183150183
73,20,247,733,0.9948571428571429,0.8704578754578755
74,20,241,739,0.995,0.8743040293040293
75,18,238,744,0.9955714285714286,0.8762108262108262
76,17,230,753,0.9962857142857143,0.8899375134669252
77,16,219,765,0.9964285714285714,0.8868360805860807
78,16,208,776,0.9967142857142857,0.8961080586080585
79,13,206,781,0.9977142857142857,0.911918850380389
80,13,195,792,0.998,0.9229078613694
81,13,183,804,0.998,0.9229078613694
82,12,174,814,0.9982857142857143,0.9283882783882785
83,12,165,823,0.9985714285714286,0.9402930402930405
84,12,160,828,0.9985714285714286,0.9402930402930405
85,12,155,833,0.9988571428571429,0.9522588522588524
86,12,152,836,0.9988571428571429,0.9522588522588524
87,12,148,840,0.9988571428571429,0.9522588522588524
88,11,144,845,0.999,0.9530469530469532
89,11,137,852,0.9991428571428571,0.9595404595404595
90,11,134,855,0.9991428571428571,0.9595404595404595
91,11,128,861,0.9991428571428571,0.9595404595404595
92,10,119,871,0.9992857142857143,0.9626373626373628
93,10,113,877,0.9994285714285714,0.9697802197802199
94,10,108,882,0.9994285714285714,0.9697802197802199
95,9,104,887,0.9995714285714286,0.9749694749694751
96,9,101,890,0.9995714285714286,0.9749694749694751
97,9,96,895,0.9995714285714286,0.9749694749694751
98,9,92,899,0.9995714285714286,0.9749694749694751
99,7,91,902,0.9995714285714286,0.967817896389325
100,7,89,904,0.9995714285714286,0.967817896389325
101,6,85,909,0.9997142857142857,0.9743589743589745
102,6,81,913,0.9997142857142857,0.9743589743589745
103,6,77,917,0.9997142857142857,0.9743589743589745
104,6,74,920,0.9997142857142857,0.9743589743589745
105,6,72,922,0.9997142857142857,0.9743589743589745
106,6,70,924,0.9997142857142857,0.9743589743589745
107,6,65,929,0.9997142857142857,0.9743589743589745
108,6,61,933,0.9997142857142857,0.9743589743589745
109,6,58,936,0.9997142857142857,0.9743589743589745
110,5,55,940,0.9998571428571429,0.9846153846153847
111,5,51,944,0.9998571428571429,0.9846153846153847
112,5,48,947,0.9998571428571429,0.9846153846153847
113,5,44,951,0.9998571428571429,0.9846153846153847
114,5,43,952,0.9998571428571429,0.9846153846153847
115,5,43,952,0.9998571428571429,0.9846153846153847
116,5,41,954,0.9998571428571429,0.9846153846153847
117,5,40,955,0.9998571428571429,0.9846153846153847
118,5,37,958,0.9998571428571429,0.9846153846153847
119,5,36,959,0.9998571428571429,0.9846153846153847
120,5,34,961,1.0,1.0
121,5,33,962,1.0,1.0
122,5,32,963,1.0,1.0
123,5,31,964,1.0,1.0
124,5,30,965,1.0,1.0
125,5,30,965,1.0,1.0
126,5,28,967,1.0,1.0
127,5,27,968,1.0,1.0
128,5,27,968,1.0,1.0
129,5,27,968,1.0,1.0
130,5,26,969,1.0,1.0
131,5,25,970,1.0,1.0
132,5,25,970,1.0,1.0
133,5,25,970,1.0,1.0
134,5,25,970,1.0,1.0
135,5,25,970,1.0,1.0
136,5,23,972,1.0,1.0
137,5,23,972,1.0,1.0
138,5,21,974,1.0,1.0
139,5,20,975,1.0,1.0
140,5,18,977,1.0,1.0
141,5,17,978,1.0,1.0
142,5,16,979,1.0,1.0
143,5,16,979,1.0,1.0
144,5,16,979,1.0,1.0
145,5,15,980,1.0,1.0
146,5,15,980,1.0,1.0
147,5,14,981,1.0,1.0
148,5,13,982,1.0,1.0
149,5,13,982,1.0,1.0
150,5,13,982,1.0,1.0
151,5,13,982,1.0,1.0
152,5,13,982,1.0,1.0
153,5,13,982,1.0,1.0
154,5,13,982,1.0,1.0
155,5,12,983,1.0,1.0
156,5,12,983,1.0,1.0
157,5,12,983,1.0,1.0
158,5,11,984,1.0,1.0
159,5,11,984,1.0,1.0
160,5,11,984,1.0,1.0
161,5,10,985,1.0,1.0
162,5,10,985,1.0,1.0
163,5,9,986,1.0,1.0
164,5,8,987,1.0,1.0
165,5,8,987,1.0,1.0
166,5,7,988,1.0,1.0
167,5,7,988,1.0,1.0
168,5,6,989,1.0,1.0
169,5,6,989,1.0,1.0
170,5,6,989,1.0,1.0
171,5,6,989,1.0,1.0
172,5,6,989,1.0,1.0
173,5,6,989,1.0,1.0
174,5,6,989,1.0,1.0
175,5,6,989,1.0,1.0
176,5,6,989,1.0,1.0
177,5,6,989,1.0,1.0
178,5,5,990,1.0,1.0
179,5,5,990,1.0,1.0
180,5,5,990,1.0,1.0
181,5,5,990,1.0,1.0
182,5,5,990,1.0,1.0
183,5,5,990,1.0,1.0
184,5,5,990,1.0,1.0
185,5,5,990,1.0,1.0
186,5,4,991,1.0,1.0
187,5,4,991,1.0,1.0
188,5,4,991,1.0,1.0
189,5,4,991,1.0,1.0
190,5,3,992,1.0,1.0
191,5,3,992,1.0,1.0
192,5,3,992,1.0,1.0
193,5,3,992,1.0,1.0
194,5,3,992,1.0,1.0
195,5,3,992,1.0,1.0
196,5,3,992,1.0,1.0
197,5,3,992,1.0,1.0
198,5,3,992,1.0,1.0
199,5,3,992,1.0,1.0
200,5,2,993,1.0,1.0
1,998,2,0,0.9987142857142857,0.9993448435332203
2,997,3,0,0.9977142857142857,0.9988498138241486
3,997,3,0,0.9977142857142857,0.9988498138241486
4,996,3,1,0.9981428571428571,0.999056666225341
5,995,4,1,0.997,0.9984885643472696
6,993,6,1,0.9944285714285714,0.9971868366217042
7,992,5,3,0.9965714285714286,0.9982497341368309
8,991,6,3,0.9957142857142857,0.9978044155642541
9,989,7,4,0.9951428571428571,0.9975221946910521
10,989,7,4,0.9951428571428571,0.9975221946910521
11,989,7,4,0.9951428571428571,0.9975221946910521
12,989,7,4,0.9951428571428571,0.9975221946910521
13,988,8,4,0.9942857142857143,0.9970803488009966
14,985,11,4,0.9918571428571429,0.9958531823506442
15,983,12,5,0.9911428571428571,0.9954678248167567
16,981,13,6,0.9912857142857143,0.9955257959845115
17,979,14,7,0.9912857142857143,0.995523951703727
18,977,16,7,0.99,0.9948455502191429
19,973,18,9,0.991,0.9953448230426647
20,972,19,9,0.9901428571428571,0.9948878110915148
21,968,22,10,0.9891428571428571,0.9943550767414403
22,965,25,10,0.9898571428571429,0.9946987037142477
23,963,27,10,0.9895714285714285,0.9945385870619515
24,962,27,11,0.9902857142857143,0.9949098718329488
25,959,28,13,0.9914285714285714,0.995475674829168
26,958,27,15,0.9911428571428571,0.995326802633692
27,952,33,15,0.9865714285714285,0.9928898482469911
28,948,33,19,0.986,0.9925617455680746
29,942,39,19,0.9825714285714285,0.9906879214204055
30,934,46,20,0.9791428571428571,0.9887382246589956
31,926,53,21,0.9752857142857143,0.9866158949042318
32,919,57,24,0.9738571428571429,0.9858046650484082
33,911,64,25,0.9695714285714285,0.9833086050429629
34,900,71,29,0.9658571428571429,0.9811233211233212
35,887,81,32,0.9627142857142857,0.9790903196765655
36,870,93,37,0.9608571428571429,0.977589575175782
37,855,104,41,0.9602857142857143,0.9768365357839041
38,845,106,49,0.9602857142857143,0.9766126969677265
39,829,118,53,0.9535714285714286,0.9720607599075632
40,817,123,60,0.9514285714285714,0.9703546657341027
41,800,133,67,0.9445714285714286,0.9654700091575091
42,784,146,70,0.9374285714285714,0.9601185219967108
43,764,162,74,0.925,0.951004389371536
44,744,174,82,0.9208571428571428,0.9469011555201072
45,717,195,88,0.9092857142857143,0.9367497100760699
46,697,211,92,0.8988571428571429,0.9274106453087801
47,681,218,101,0.8942857142857142,0.9224422175964025
48,655,228,117,0.8918571428571429,0.9173308307468613
49,619,251,130,0.887,0.9085451099788742
50,589,274,137,0.8838571428571429,0.901148731008663
51,557,296,147,0.8784285714285714,0.8906056615437226
52,524,311,165,0.8725714285714286,0.8781203688169338
53,497,329,174,0.8631428571428571,0.8618744518392406
54,467,349,184,0.856,0.8450392576730906
55,434,365,201,0.8544285714285714,0.831690362249118
56,401,380,219,0.8564285714285714,0.8204650918491317
57,369,391,240,0.8637142857142858,0.8151422764227643
58,348,393,259,0.8724285714285714,0.8165639078354595
59,322,405,273,0.8765714285714286,0.8077871533228675
60,309,398,293,0.8847142857142857,0.8129885486681603
61,288,407,305,0.889,0.8067088293650794
62,269,412,319,0.8938571428571429,0.8020578863515667
63,250,417,333,0.9024285714285715,0.8045366300366301
64,234,406,360,0.9108571428571428,0.8085931874393413
65,221,404,375,0.9161428571428571,0.8094218752589792
66,208,399,393,0.9217142857142857,0.8108111439842209
67,194,399,407,0.9264285714285714,0.8094133529700541
68,180,401,419,0.9267142857142857,0.795172975172975
69,163,403,434,0.9305714285714286,0.7852816917234092
70,144,406,450,0.9341428571428572,0.7698018416768417
71,136,399,465,0.9352857142857143,0.7604772678302089
72,123,393,484,0.9438571428571428,0.769853182048304
73,117,386,497,0.9465714285714286,0.7687705456936227
74,108,378,514,0.9494285714285714,0.7628934337267671
75,98,372,530,0.954,0.7625607385811469
76,89,369,542,0.9571428571428572,0.7561036341935218
77,81,363,556,0.96,0.7503256003256003
78,77,356,567,0.961,0.743549307835022
79,70,349,581,0.9632857142857143,0.7341732077446363
80,64,334,602,0.9684285714285714,0.7504721840659341
81,51,330,619,0.974,0.7413308913308914
82,46,321,633,0.9777142857142858,0.753810320114668
83,38,315,647,0.982,0.7593840370156161
84,36,298,666,0.9841428571428571,0.7756868131868133
85,36,281,683,0.9852857142857143,0.7922212047212048
86,32,277,691,0.9871428571428571,0.7957589285714286
87,28,274,698,0.989,0.7995748299319728
88,27,263,710,0.9907142857142858,0.8239248405915072
89,22,254,724,0.993,0.8394189144189145
90,20,244,736,0.9944285714285714,0.8602106227106228
91,19,233,748,0.9948571428571429,0.8644206670522461
92,19,226,755,0.9951428571428571,0.8719394640447272
93,17,224,759,0.9957142857142857,0.8736802413273002
94,16,213,771,0.996,0.8754120879120879
95,15,208,777,0.9961428571428571,0.8718681318681318
96,13,199,788,0.9967142857142857,0.873767258382643
97,12,193,795,0.9974285714285714,0.8922161172161172
98,12,192,796,0.9974285714285714,0.8922161172161172
99,9,187,804,0.9982857142857143,0.9058201058201057
100,9,176,815,0.9984285714285714,0.9137566137566139
101,9,170,821,0.9984285714285714,0.9137566137566139
102,9,164,827,0.9984285714285714,0.9137566137566139
103,9,163,828,0.9984285714285714,0.9137566137566139
104,9,160,831,0.9985714285714286,0.9216931216931218
105,9,156,835,0.9985714285714286,0.9216931216931218
106,9,153,838,0.9985714285714286,0.9216931216931218
107,9,147,844,0.9985714285714286,0.9216931216931218
108,8,142,850,0.9991428571428571,0.9470238095238095
109,7,133,860,0.9992857142857143,0.9489795918367347
110,6,130,864,0.9994285714285714,0.9523809523809524
111,6,125,869,0.9994285714285714,0.9523809523809524
112,6,120,874,0.9994285714285714,0.9523809523809524
113,6,115,879,0.9994285714285714,0.9523809523809524
114,6,108,886,0.9994285714285714,0.9523809523809524
115,6,108,886,0.9994285714285714,0.9523809523809524
116,5,105,890,0.9997142857142857,0.9714285714285715
117,5,103,892,0.9997142857142857,0.9714285714285715
118,5,101,894,0.9997142857142857,0.9714285714285715
119,5,98,897,0.9998571428571429,0.9857142857142858
120,5,96,899,0.9998571428571429,0.9857142857142858
121,5,89,906,0.9998571428571429,0.9857142857142858
122,5,84,911,0.9998571428571429,0.9857142857142858
123,5,80,915,1.0,1.0
124,5,78,917,1.0,1.0
125,5,78,917,1.0,1.0
126,5,73,922,1.0,1.0
127,5,71,924,1.0,1.0
128,5,68,927,1.0,1.0
129,5,62,933,1.0,1.0
130,5,61,934,1.0,1.0
131,4,58,938,1.0,1.0
132,4,55,941,1.0,1.0
133,4,53,943,1.0,1.0
134,4,53,943,1.0,1.0
135,4,50,946,1.0,1.0
136,4,48,948,1.0,1.0
137,4,47,949,1.0,1.0
138,4,43,953,1.0,1.0
139,4,42,954,1.0,1.0
140,4,41,955,1.0,1.0
141,4,39,957,1.0,1.0
142,4,37,959,1.0,1.0
143,4,33,963,1.0,1.0
144,4,32,964,1.0,1.0
145,4,32,964,1.0,1.0
146,4,31,965,1.0,1.0
147,4,31,965,1.0,1.0
148,4,30,966,1.0,1.0
149,4,30,966,1.0,1.0
150,4,28,968,1.0,1.0
151,4,24,972,1.0,1.0
152,4,24,972,1.0,1.0
153,4,24,972,1.0,1.0
154,4,24,972,1.0,1.0
155,4,24,972,1.0,1.0
156,4,23,973,1.0,1.0
157,4,21,975,1.0,1.0
158,4,20,976,1.0,1.0
159,4,20,976,1.0,1.0
160,4,20,976,1.0,1.0
161,4,19,977,1.0,1.0
162,4,18,978,1.0,1.0
163,4,17,979,1.0,1.0
164,4,17,979,1.0,1.0
165,4,17,979,1.0,1.0
166,3,18,979,1.0,1.0
167,3,18,979,1.0,1.0
168,3,17,980,1.0,1.0
169,3,17,980,1.0,1.0
170,3,17,980,1.0,1.0
171,3,15,982,1.0,1.0
172,3,15,982,1.0,1.0
173,3,14,983,1.0,1.0
174,3,13,984,1.0,1.0
175,3,13,984,1.0,1.0
176,3,13,984,1.0,1.0
177,3,13,984,1.0,1.0
178,3,13,984,1.0,1.0
179,3,13,984,1.0,1.0
180,3,13,984,1.0,1.0
181,3,13,984,1.0,1.0
182,3,13,984,1.0,1.0
183,3,13,984,1.0,1.0
184,3,13,984,1.0,1.0
185,3,13,984,1.0,1.0
186,3,13,984,1.0,1.0
187,3,10,987,1.0,1.0
188,3,10,987,1.0,1.0
189,3,9,988,1.0,1.0
190,3,8,989,1.0,1.0
191,3,7,990,1.0,1.0
192,3,7,990,1.0,1.0
193,3,7,990,1.0,1.0
194,3,7,990,1.0,1.0
195,3,5,992,1.0,1.0
196,3,5,992,1.0,1.0
197,3,5,992,1.0,1.0
198,3,5,992,1.0,1.0
199,3,5,992,1.0,1.0
200,3,4,993,1.0,1.0
1,999,1,0,1.0,1.0
2,998,2,0,0.9988571428571429,0.999432197728791
3,998,2,0,0.9988571428571429,0.999432197728791
4,997,3,0,0.9974285714285714,0.9987247456655681
5,996,4,0,0.9968571428571429,0.9984413845859629
6,993,7,0,0.9947142857142857,0.9973672852826933
7,992,8,0,0.9935714285714285,0.9967981950844854
8,989,10,1,0.9921428571428571,0.9960999566661851
9,988,11,1,0.992,0.9959996144206671
10,986,13,1,0.9905714285714285,0.9952719018641939
11,984,14,2,0.9898571428571429,0.9948896631823461
12,981,17,2,0.9881428571428571,0.9939760205815252
13,981,17,2,0.9881428571428571,0.9939760205815252
14,979,18,3,0.9887142857142858,0.9942506931270977
15,972,25,3,0.9855714285714285,0.992566589788812
16,970,25,5,0.9864285714285714,0.9929923341263548
17,962,32,6,0.9824285714285714,0.9908421100728793
18,957,35,8,0.9802857142857143,0.9896681862199103
19,955,33,12,0.982,0.99053909441344
20,946,41,13,0.9778571428571429,0.9882563173260848
21,937,49,14,0.9744285714285714,0.9862838691013718
22,930,54,16,0.9685714285714285,0.9830318248060184
23,919,63,18,0.9614285714285714,0.9789315508575575
24,907,74,19,0.9548571428571428,0.9750717859868907
25,896,81,23,0.955,0.9747628859236003
26,882,90,28,0.9491428571428572,0.9710391696361084
27,873,94,33,0.9488571428571428,0.9705754440290523
28,859,106,35,0.9435714285714286,0.9671037005291953
29,846,116,38,0.9402857142857143,0.9645980005022557
30,830,129,41,0.935,0.9607953793194757
31,811,143,46,0.935,0.9599335261943153
32,797,147,56,0.9335714285714286,0.9582917970778699
33,780,157,63,0.931,0.9557358293415985
34,759,171,70,0.9245714285714286,0.9502469752469752
35,732,190,78,0.9167142857142857,0.9431045332172383
36,713,197,90,0.9121428571428571,0.9384545386824489
37,691,214,95,0.9021428571428571,0.9292082796605229
38,665,232,103,0.8922857142857142,0.9190000615630867
39,645,236,119,0.8901428571428571,0.9148326092512138
40,611,262,127,0.8802857142857143,0.9019872464911938
41,584,276,140,0.8777142857142857,0.8952437633377903
42,552,294,154,0.8735714285714286,0.8854243223209017
43,529,306,165,0.8705714285714286,0.8775809807709618
44,499,326,175,0.8641428571428571,0.8638126986573882
45,472,342,186,0.8624285714285714,0.8541739422300864
46,432,369,199,0.8638571428571429,0.8423425629154797
47,405,384,211,0.8652857142857143,0.8336813186813187
48,375,398,227,0.8742857142857143,0.8322299145299146
49,356,405,239,0.8798571428571429,0.8309373327982879
50,336,406,258,0.8865714285714286,0.8308594431362288
51,311,410,279,0.8892857142857142,0.8217256751822667
52,291,416,293,0.8945714285714286,0.8187363896126783
53,270,416,314,0.8998571428571429,0.8144318952652285
54,245,416,339,0.9052857142857142,0.8064390371533228
55,221,417,362,0.9108571428571428,0.7979708451427908
56,199,415,386,0.9134285714285715,0.781960627312386
57,184,414,402,0.9181428571428571,0.7768297599139992
58,171,403,426,0.924,0.7772390377653534
59,153,404,443,0.9278571428571428,0.7637970145323085
60,143,393,464,0.9327142857142857,0.764473347165655
61,133,388,479,0.9352857142857143,0.7563214354567739
62,122,391,487,0.9355714285714286,0.7351220500810665
63,113,382,505,0.94,0.7336275081850302
64,105,374,521,0.9457142857142857,0.7407526600383743
65,94,364,542,0.9507142857142857,0.7379150105213932
66,87,356,557,0.9547142857142857,0.739950949433708
67,82,341,577,0.9585714285714285,0.747424171357098
68,79,323,598,0.961,0.753560416376872
69,75,308,617,0.964,0.7608467643467642
70,68,303,629,0.967,0.7587609082094376
71,62,297,641,0.9701428571428572,0.7595319331206426
72,56,295,649,0.9732857142857143,0.761135367608582
73,53,286,661,0.9755714285714285,0.769216946575437
74,45,283,672,0.9791428571428571,0.7684818884818883
75,39,279,682,0.9824285714285714,0.773889358504743
76,36,275,689,0.9837142857142858,0.7730565730565728
77,33,266,701,0.9851428571428571,0.7742368742368744
78,30,260,710,0.9862857142857143,0.7705250305250305
79,27,255,718,0.9878571428571429,0.7732465065798398
80,25,251,724,0.989,0.7788424908424909
81,22,241,737,0.9907142857142858,0.7888944388944388
82,21,232,747,0.9908571428571429,0.7815279958137101
83,19,227,754,0.9918571428571429,0.785135916714864
84,16,222,762,0.9927142857142857,0.7716346153846154
85,16,211,773,0.9932857142857143,0.7894917582417582
86,16,200,784,0.9938571428571429,0.8073489010989011
87,16,194,790,0.9942857142857143,0.8207417582417582
88,14,189,797,0.9954285714285714,0.835949764521193
89,13,186,801,0.9961428571428571,0.8508030431107353
90,12,176,812,0.997,0.8740842490842491
91,10,172,818,0.9982857142857143,0.9131868131868132
92,9,167,824,0.9982857142857143,0.9035409035409034
93,8,157,835,0.9982857142857143,0.8914835164835165
94,8,148,844,0.9985714285714286,0.9093406593406593
95,8,139,853,0.9988571428571429,0.9278846153846154
96,8,135,857,0.999,0.9375
97,8,131,861,0.999,0.9375
98,8,128,864,0.9991428571428571,0.9464285714285714
99,8,118,874,0.9991428571428571,0.9464285714285714
100,7,114,879,0.9992857142857143,0.9489795918367347
101,7,109,884,0.9992857142857143,0.9489795918367347
102,7,107,886,0.9992857142857143,0.9489795918367347
103,7,101,892,0.9992857142857143,0.9489795918367347
104,6,98,896,0.9992857142857143,0.9404761904761904
105,6,96,898,0.9992857142857143,0.9404761904761904
106,6,93,901,0.9992857142857143,0.9404761904761904
107,6,90,904,0.9992857142857143,0.9404761904761904
108,5,88,907,0.9998571428571429,0.9857142857142858
109,5,86,909,0.9998571428571429,0.9857142857142858
110,5,82,913,0.9998571428571429,0.9857142857142858
111,5,80,915,0.9998571428571429,0.9857142857142858
112,5,79,916,0.9998571428571429,0.9857142857142858
113,5,77,918,0.9998571428571429,0.9857142857142858
114,5,76,919,0.9998571428571429,0.9857142857142858
115,4,75,921,0.9998571428571429,0.9821428571428572
116,4,73,923,0.9998571428571429,0.9821428571428572
117,4,68,928,1.0,1.0
118,4,67,929,1.0,1.0
119,4,66,930,1.0,1.0
120,4,63,933,1.0,1.0
121,4,61,935,1.0,1.0
122,4,55,941,1.0,1.0
123,4,51,945,1.0,1.0
124,3,48,949,1.0,1.0
125,3,45,952,1.0,1.0
126,3,40,957,1.0,1.0
127,3,39,958,1.0,1.0
128,3,38,959,1.0,1.0
129,3,37,960,1.0,1.0
130,3,35,962,1.0,1.0
131,3,35,962,1.0,1.0
132,3,33,964,1.0,1.0
133,3,31,966,1.0,1.0
134,3,31,966,1.0,1.0
135,3,29,968,1.0,1.0
136,3,29,968,1.0,1.0
137,3,28,969,1.0,1.0
138,3,28,969,1.0,1.0
139,3,27,970,1.0,1.0
140,3,26,971,1.0,1.0
141,3,26,971,1.0,1.0
142,3,26,971,1.0,1.0
143,3,25,972,1.0,1.0
144,3,25,972,1.0,1.0
145,3,25,972,1.0,1.0
146,3,24,973,1.0,1.0
147,3,22,975,1.0,1.0
148,3,22,975,1.0,1.0
149,3,22,975,1.0,1.0
150,3,22,975,1.0,1.0
151,3,22,975,1.0,1.0
152,3,22,975,1.0,1.0
153,3,22,975,1.0,1.0
154,3,22,975,1.0,1.0
155,3,21,976,1.0,1.0
156,3,20,977,1.0,1.0
157,3,19,978,1.0,1.0
158,3,18,979,1.0,1.0
159,3,17,980,1.0,1.0
160,3,16,981,1.0,1.0
161,3,16,981,1.0,1.0
162,3,16,981,1.0,1.0
163,3,14,983,1.0,1.0
164,3,13,984,1.0,1.0
165,3,12,985,1.0,1.0
166,3,11,986,1.0,1.0
167,3,10,987,1.0,1.0
168,3,10,987,1.0,1.0
169,3,9,988,1.0,1.0
170,3,9,988,1.0,1.0
171,3,8,989,1.0,1.0
172,3,8,989,1.0,1.0
173,3,7,990,1.0,1.0
174,3,7,990,1.0,1.0
175,3,6,991,1.0,1.0
176,3,5,992,1.0,1.0
177,3,5,992,1.0,1.0
178,3,5,992,1.0,1.0
179,3,5,992,1.0,1.0
180,3,5,992,1.0,1.0
181,3,4,993,1.0,1.0
182,3,4,993,1.0,1.0
183,3,3,994,1.0,1.0
184,3,2,995,1.0,1.0
185,3,2,995,1.0,1.0
186,3,2,995,1.0,1.0
187,3,2,995,1.0,1.0
188,3,2,995,1.0,1.0
189,3,2,995,1.0,1.0
190,3,2,995,1.0,1.0
191,3,2,995,1.0,1.0
192,3,2,995,1.0,1.0
193,3,2,995,1.0,1.0
194,3,2,995,1.0,1.0
195,3,2,995,1.0,1.0
196,3,2,995,1.0,1.0
197,3,2,995,1.0,1.0
198,3,2,995,1.0,1.0
199,3,2,995,1.0,1.0
200,3,1,996,1.0,1.0
1,999,1,0,1.0,1.0
2,999,1,0,1.0,1.0
3,999,1,0,1.0,1.0
4,998,2,0,0.9985714285714286,0.999284282851417
5,998,2,0,0.9985714285714286,0.999284282851417
6,998,2,0,0.9985714285714286,0.999284282851417
7,997,3,0,0.997,0.9984954864593781
8,996,4,0,0.9968571428571429,0.9984222604704532
9,994,6,0,0.9958571428571429,0.9979335396130283
10,993,7,0,0.9952857142857143,0.997642992435955
11,992,8,0,0.9951428571428571,0.9975630729959478
12,991,9,0,0.9944285714285714,0.9971906173010228
13,988,12,0,0.9937142857142857,0.996818970503181
14,988,11,1,0.9941428571428571,0.9970358588779641
15,985,14,1,0.993,0.9964467005076142
16,984,15,1,0.993,0.9964430894308943
17,981,17,2,0.9925714285714285,0.9962025741842255
18,978,20,2,0.9911428571428571,0.995454954043911
19,977,20,3,0.991,0.995377191897151
20,969,28,3,0.9885714285714285,0.9941006362058993
21,960,35,5,0.983,0.9911183608058608
22,954,41,5,0.9785714285714285,0.9888013454051189
23,950,44,6,0.977,0.9879305957200694
24,942,50,8,0.9744285714285714,0.9864776059043575
25,935,57,8,0.9672857142857143,0.9825571977042564
26,927,63,10,0.964,0.9806195692118022
27,919,68,13,0.9637142857142857,0.9803089637964503
28,914,69,17,0.9655714285714285,0.9812163857295148
29,906,75,19,0.9658571428571429,0.981183138053999
30,898,81,21,0.9627142857142857,0.9792990324449121
31,892,83,25,0.9628571428571429,0.9792222071650323
32,877,95,28,0.9615714285714285,0.9781712965863479
33,871,98,31,0.9602857142857143,0.9772212479445546
34,857,106,37,0.961,0.9772374455571655
35,850,109,41,0.9605714285714285,0.9767838827838827
36,839,114,47,0.9612857142857143,0.9768571515889752
37,825,124,51,0.9572857142857143,0.974017316017316
38,811,131,58,0.9552857142857143,0.9721769804383862
39,798,137,65,0.954,0.9709545154094026
40,784,147,69,0.9462857142857143,0.9655096722755037
41,768,161,71,0.9414285714285714,0.9617118692428895
42,749,170,81,0.9417142857142857,0.9610839231451029
43,729,181,90,0.9342857142857143,0.9550078377874311
44,708,195,97,0.9254285714285714,0.947411942286693
45,682,211,107,0.916,0.9383317149327587
46,652,231,117,0.9088571428571428,0.9299923874693814
47,632,241,127,0.9007142857142857,0.9214032144016322
48,611,247,142,0.9048571428571428,0.9221678637462791
49,589,257,154,0.8967142857142857,0.9123731548254667
50,570,264,166,0.8957142857142857,0.9087173533380963
51,551,269,180,0.8937142857142857,0.9038748132227902
52,526,283,191,0.8882857142857142,0.8940315918704421
53,498,288,214,0.8958571428571429,0.8955948876306778
54,473,304,223,0.8918571428571429,0.8858800684040082
55,444,321,235,0.8924285714285715,0.8790197315932611
56,418,334,248,0.8908571428571429,0.869497079288101
57,397,344,259,0.8854285714285715,0.8556780220322966
58,372,361,267,0.8784285714285714,0.8365712020953956
59,347,371,282,0.8874285714285715,0.8373681793710612
60,325,380,295,0.8902857142857142,0.8306744153282615
61,300,382,318,0.8972857142857142,0.828297619047619
62,285,382,333,0.9011428571428571,0.8262325686009896
63,261,392,347,0.902,0.8119233576130128
64,243,396,361,0.9122857142857143,0.8188377123562308
65,220,402,378,0.9171428571428571,0.8108187645687647
66,203,402,395,0.9212857142857143,0.8053325574261533
67,188,392,420,0.9282857142857143,0.8086864819577584
68,171,394,435,0.9315714285714286,0.8001140672193303
69,158,391,451,0.9317142857142857,0.7841273705197755
70,144,383,473,0.9371428571428572,0.7817523911273911
71,135,381,484,0.9388571428571428,0.7732627865961199
72,120,377,503,0.9407142857142857,0.7522283272283272
73,112,367,521,0.9432857142857143,0.7460982469911042
74,103,360,537,0.9482857142857143,0.7488210818307908
75,94,354,552,0.9531428571428572,0.7504286493648197
76,90,343,567,0.9554285714285714,0.7520594220594221
77,75,339,586,0.9607142857142857,0.7381489621489622
78,67,333,600,0.967,0.7536602700781805
79,60,333,607,0.9697142857142858,0.7481807081807081
80,56,324,620,0.9728571428571429,0.7574895342752485
81,50,314,636,0.9772857142857143,0.7730842490842491
82,45,299,656,0.9817142857142858,0.796866096866097
83,41,289,670,0.9845714285714285,0.8119807022246046
84,39,283,678,0.9867142857142858,0.8303935380858457
85,35,272,693,0.988,0.8288330716902146
86,32,261,707,0.9887142857142858,0.8237751831501832
87,31,250,719,0.99,0.8386742289968097
88,30,239,731,0.9908571428571429,0.8477655677655677
89,27,232,741,0.9922857142857143,0.8564780898114231
90,23,229,748,0.9941428571428571,0.8719222806179328
91,23,221,756,0.9944285714285714,0.8781334607421565
92,22,215,763,0.9945714285714286,0.8756243756243756
93,21,211,768,0.9948571428571429,0.8765044479330195
94,19,202,779,0.9961428571428571,0.8976286871023713
95,19,192,789,0.9964285714285714,0.9051474840948525
96,18,185,797,0.9968571428571429,0.9117826617826618
97,17,182,801,0.9971428571428571,0.9149967679379444
98,16,178,806,0.9977142857142857,0.9275412087912087
99,16,172,812,0.9978571428571429,0.932348901098901
100,15,165,820,0.9982857142857143,0.9421245421245422
101,15,163,822,0.9982857142857143,0.9421245421245422
102,15,157,828,0.9982857142857143,0.9421245421245422
103,14,155,831,0.9985714285714286,0.9489795918367347
104,13,149,838,0.9988571428571429,0.9560439560439561
105,13,142,845,0.999,0.9615384615384616
106,11,142,847,0.999,0.9545454545454546
107,11,138,851,0.999,0.9545454545454546
108,11,129,860,0.999,0.9545454545454546
109,10,123,867,0.9991428571428571,0.9571428571428571
110,10,121,869,0.9991428571428571,0.9571428571428571
111,10,120,870,0.9991428571428571,0.9571428571428571
112,10,118,872,0.9991428571428571,0.9571428571428571
113,9,116,875,0.9991428571428571,0.9523809523809523
114,9,112,879,0.9991428571428571,0.9523809523809523
115,8,110,882,0.9994285714285714,0.9642857142857143
116,7,103,890,0.9997142857142857,0.979591836734694
117,7,99,894,0.9997142857142857,0.979591836734694
118,6,96,898,0.9997142857142857,0.9761904761904763
119,6,93,901,0.9997142857142857,0.9761904761904763
120,6,89,905,0.9997142857142857,0.9761904761904763
121,6,86,908,0.9997142857142857,0.9761904761904763
122,6,83,911,0.9997142857142857,0.9761904761904763
123,5,80,915,0.9998571428571429,0.9857142857142858
124,5,77,918,0.9998571428571429,0.9857142857142858
125,5,71,924,1.0,1.0
126,4,65,931,1.0,1.0
127,4,64,932,1.0,1.0
128,4,61,935,1.0,1.0
129,4,58,938,1.0,1.0
130,4,58,938,1.0,1.0
131,4,56,940,1.0,1.0
132,4,51,945,1.0,1.0
133,4,49,947,1.0,1.0
134,4,49,947,1.0,1.0
135,4,49,947,1.0,1.0
136,4,46,950,1.0,1.0
137,4,46,950,1.0,1.0
138,4,46,950,1.0,1.0
139,4,45,951,1.0,1.0
140,4,42,954,1.0,1.0
141,4,40,956,1.0,1.0
142,4,39,957,1.0,1.0
143,4,37,959,1.0,1.0
144,4,34,962,1.0,1.0
145,4,32,964,1.0,1.0
146,4,30,966,1.0,1.0
147,4,30,966,1.0,1.0
148,4,30,966,1.0,1.0
149,4,29,967,1.0,1.0
150,4,28,968,1.0,1.0
151,4,27,969,1.0,1.0
152,4,27,969,1.0,1.0
153,4,24,972,1.0,1.0
154,4,23,973,1.0,1.0
155,3,24,973,1.0,1.0
156,3,23,974,1.0,1.0
157,3,21,976,1.0,1.0
158,3,20,977,1.0,1.0
159,3,20,977,1.0,1.0
160,3,20,977,1.0,1.0
161,3,19,978,1.0,1.0
162,3,17,980,1.0,1.0
163,3,17,980,1.0,1.0
164,3,16,981,1.0,1.0
165,3,15,982,1.0,1.0
166,3,15,982,1.0,1.0
167,3,13,984,1.0,1.0
168,3,12,985,1.0,1.0
169,3,12,985,1.0,1.0
170,3,12,985,1.0,1.0
171,3,12,985,1.0,1.0
172,3,12,985,1.0,1.0
173,3,12,985,1.0,1.0
174,3,12,985,1.0,1.0
175,3,11,986,1.0,1.0
176,3,11,986,1.0,1.0
177,3,11,986,1.0,1.0
178,3,11,986,1.0,1.0
179,3,11,986,1.0,1.0
180,3,11,986,1.0,1.0
181,3,10,987,1.0,1.0
182,3,10,987,1.0,1.0
183,3,9,988,1.0,1.0
184,3,8,989,1.0,1.0
185,3,7,990,1.0,1.0
186,3,7,990,1.0,1.0
187,3,7,990,1.0,1.0
188,3,7,990,1.0,1.0
189,3,7,990,1.0,1.0
190,3,7,990,1.0,1.0
191,3,6,991,1.0,1.0
192,3,6,991,1.0,1.0
193,3,6,991,1.0,1.0
194,3,5,992,1.0,1.0
195,3,5,992,1.0,1.0
196,3,4,993,1.0,1.0
197,3,4,993,1.0,1.0
198,3,4,993,1.0,1.0
199,3,4,993,1.0,1.0
200,3,4,993,1.0,1.0
1,998,2,0,0.9991428571428571,0.9995705697108502
2,997,3,0,0.9978571428571429,0.9989280570649678
3,996,4,0,0.9968571428571429,0.9984075036409373
4,995,5,0,0.9957142857142857,0.997839840226775
5,995,4,1,0.9974285714285714,0.9986985752940527
6,993,6,1,0.9948571428571429,0.997380380613009
7,992,6,2,0.9954285714285714,0.9976489572255702
8,990,8,2,0.9932857142857143,0.9965549265549266
9,989,9,2,0.9928571428571429,0.9963340333411113
10,986,11,3,0.9921428571428571,0.9959823982643455
11,985,11,4,0.9922857142857143,0.996070173481341
12,983,13,4,0.9914285714285714,0.9956077493208725
13,981,15,4,0.9905714285714285,0.9951917942743631
14,978,18,4,0.9918571428571429,0.9958085200416489
15,976,20,4,0.9917142857142857,0.9957211163153786
16,973,22,5,0.991,0.9953352231872273
17,970,23,7,0.9908571428571429,0.9952316755409539
18,967,23,10,0.9901428571428571,0.994851718429795
19,961,28,11,0.9865714285714285,0.9929568177226866
20,957,31,12,0.9848571428571429,0.9920294265121852
21,953,33,14,0.9841428571428571,0.9916187170646772
22,950,33,17,0.9851428571428571,0.9921193368035474
23,944,39,17,0.9808571428571429,0.9898388511206307
24,933,48,19,0.9781428571428571,0.9882754437416817
25,927,53,20,0.975,0.9865130734062774
26,921,55,24,0.9724285714285714,0.9850009744146552
27,916,57,27,0.974,0.985754474782859
28,914,58,28,0.9735714285714285,0.9854776332347447
29,900,71,29,0.968,0.9821713471713471
30,889,77,34,0.9642857142857143,0.979826043076225
31,883,82,35,0.9614285714285714,0.9781013825514525
32,867,93,40,0.9548571428571428,0.9739423601931234
33,846,110,44,0.9507142857142857,0.9708630624462915
34,834,117,49,0.946,0.967592222279061
35,821,122,57,0.9444285714285714,0.9661316377014593
36,807,130,63,0.9414285714285714,0.9636336013768771
37,796,134,70,0.9414285714285714,0.9630772100104054
38,784,142,74,0.939,0.9609707069641044
39,764,160,76,0.9322857142857143,0.9555361331000383
40,755,167,78,0.9322857142857143,0.9550492800278543
41,733,184,83,0.9255714285714286,0.9490394352724824
42,712,193,95,0.9227142857142857,0.9456040475827322
43,695,204,101,0.9175714285714286,0.940472032199709
44,673,213,114,0.9162857142857143,0.9374235887062564
45,653,223,124,0.9052857142857142,0.9269915540724477
46,627,240,133,0.8988571428571429,0.9189681362668978
47,607,252,141,0.8924285714285715,0.9110131183381982
48,584,267,149,0.8854285714285715,0.9015010317878469
49,558,284,158,0.88,0.8918794392584715
50,539,285,176,0.8832857142857143,0.8912761558169722
51,514,299,187,0.8801428571428571,0.8830065219742492
52,492,310,198,0.878,0.875460229432611
53,471,319,210,0.8771428571428571,0.869077686602977
54,447,331,222,0.8761428571428571,0.8609250506259982
55,424,341,235,0.8751428571428571,0.852139119435873
56,404,350,246,0.8707142857142857,0.8392312999076249
57,374,364,262,0.8721428571428571,0.8284578382978036
58,351,371,278,0.8725714285714286,0.81759414263185
59,325,386,289,0.8728571428571429,0.8034691296636998
60,299,398,303,0.8722857142857143,0.785870664190554
61,273,410,317,0.8761428571428571,0.7725875162688349
62,248,424,328,0.8787142857142857,0.7547329182913859
63,228,429,343,0.8865714285714286,0.7505930290469763
64,211,428,361,0.8971428571428571,0.7562490234883599
65,189,437,374,0.9012857142857142,0.7388695079171268
66,174,433,393,0.9065714285714286,0.7314649909477496
67,158,429,413,0.9152857142857143,0.7315090763666713
68,143,428,429,0.9208571428571428,0.7234845282922205
69,126,425,449,0.9262857142857143,0.7083555003197859
70,120,405,475,0.9337142857142857,0.7248710317460316
71,107,395,498,0.943,0.734479305740988
72,91,400,509,0.9475714285714286,0.713529465040454
73,80,395,525,0.9547142857142857,0.719373282967033
74,71,386,543,0.9562857142857143,0.6946009389671362
75,62,382,556,0.9624285714285714,0.6998648528890465
76,55,370,575,0.9662857142857143,0.6968439893439894
77,47,368,585,0.9721428571428572,0.7047541111370899
78,44,353,603,0.9757142857142858,0.7238178488178489
79,39,348,613,0.9797142857142858,0.7405184559030715
80,33,342,625,0.9825714285714285,0.7374181374181373
81,31,333,636,0.9845714285714285,0.7534680373390052
82,25,321,654,0.9878571428571429,0.7601611721611722
83,25,310,665,0.9884285714285714,0.7715897435897436
84,22,305,673,0.9898571428571429,0.7726939726939729
85,21,295,684,0.9901428571428571,0.7686725972440259
86,20,287,693,0.9912857142857143,0.7852014652014652
87,19,277,704,0.9922857142857143,0.799961442066705
88,15,267,718,0.9944285714285714,0.8161416361416362
89,13,255,732,0.9952857142857143,0.820822766976613
90,13,237,750,0.9955714285714286,0.8314454775993236
91,12,223,765,0.9962857142857143,0.8467643467643465
92,10,213,777,0.9975714285714286,0.87992673992674
93,10,204,786,0.9975714285714286,0.87992673992674
94,10,187,803,0.9975714285714286,0.87992673992674
95,10,182,808,0.9978571428571429,0.8942124542124542
96,9,175,816,0.9978571428571429,0.8824582824582824
97,8,170,822,0.9984285714285714,0.9028846153846154
98,7,162,831,0.9984285714285714,0.8890109890109892
99,7,157,836,0.9984285714285714,0.8890109890109892
100,6,153,841,0.9982857142857143,0.8594017094017093
101,6,146,848,0.9984285714285714,0.8722222222222223
102,6,142,852,0.9984285714285714,0.8722222222222223
103,5,138,857,0.9987142857142857,0.8733333333333334
104,5,130,865,0.9988571428571429,0.8876190476190476
105,5,124,871,0.9988571428571429,0.8876190476190476
106,5,121,874,0.9988571428571429,0.8876190476190476
107,5,116,879,0.9991428571428571,0.9161904761904761
108,4,114,882,0.9994285714285714,0.9285714285714286
109,4,109,887,0.9994285714285714,0.9285714285714286
110,4,109,887,0.9994285714285714,0.9285714285714286
111,3,104,893,0.9995714285714286,0.9285714285714285
112,3,101,896,0.9995714285714286,0.9285714285714285
113,3,97,900,0.9995714285714286,0.9285714285714285
114,2,96,902,0.9997142857142857,0.9285714285714286
115,2,94,904,0.9997142857142857,0.9285714285714286
116,2,91,907,0.9997142857142857,0.9285714285714286
117,2,83,915,0.9997142857142857,0.9285714285714286
118,2,79,919,0.9997142857142857,0.9285714285714286
119,1,76,923,1.0,1.0
120,1,73,926,1.0,1.0
121,1,68,931,1.0,1.0
122,1,66,933,1.0,1.0
123,1,64,935,1.0,1.0
124,1,61,938,1.0,1.0
125,1,60,939,1.0,1.0
126,1,58,941,1.0,1.0
127,1,58,941,1.0,1.0
128,1,56,943,1.0,1.0
129,1,54,945,1.0,1.0
130,1,54,945,1.0,1.0
131,1,54,945,1.0,1.0
132,1,54,945,1.0,1.0
133,1,53,946,1.0,1.0
134,1,51,948,1.0,1.0
135,1,48,951,1.0,1.0
136,1,46,953,1.0,1.0
137,1,45,954,1.0,1.0
138,1,43,956,1.0,1.0
139,1,39,960,1.0,1.0
140,1,36,963,1.0,1.0
141,1,34,965,1.0,1.0
142,1,33,966,1.0,1.0
143,1,31,968,1.0,1.0
144,1,30,969,1.0,1.0
145,1,29,970,1.0,1.0
146,1,26,973,1.0,1.0
147,1,26,973,1.0,1.0
148,1,25,974,1.0,1.0
149,1,22,977,1.0,1.0
150,1,21,978,1.0,1.0
151,1,21,978,1.0,1.0
152,1,20,979,1.0,1.0
153,1,20,979,1.0,1.0
154,1,20,979,1.0,1.0
155,1,19,980,1.0,1.0
156,1,19,980,1.0,1.0
157,1,18,981,1.0,1.0
158,1,18,981,1.0,1.0
159,1,17,982,1.0,1.0
160,1,17,982,1.0,1.0
161,1,15,984,1.0,1.0
162,1,15,984,1.0,1.0
163,1,15,984,1.0,1.0
164,1,13,986,1.0,1.0
165,1,13,986,1.0,1.0
166,1,13,986,1.0,1.0
167,1,12,987,1.0,1.0
168,1,12,987,1.0,1.0
169,1,11,988,1.0,1.0
170,1,11,988,1.0,1.0
171,1,11,988,1.0,1.0
172,1,11,988,1.0,1.0
173,1,10,989,1.0,1.0
174,1,9,990,1.0,1.0
175,1,8,991,1.0,1.0
176,1,8,991,1.0,1.0
177,1,8,991,1.0,1.0
178,1,6,993,1.0,1.0
179,1,6,993,1.0,1.0
180,1,6,993,1.0,1.0
181,1,6,993,1.0,1.0
182,1,5,994,1.0,1.0
183,1,5,994,1.0,1.0
184,1,5,994,1.0,1.0
185,1,5,994,1.0,1.0
186,1,5,994,1.0,1.0
187,1,5,994,1.0,1.0
188,1,5,994,1.0,1.0
189,1,5,994,1.0,1.0
190,1,5,994,1.0,1.0
191,1,4,995,1.0,1.0
192,1,4,995,1.0,1.0
193,1,4,995,1.0,1.0
194,1,4,995,1.0,1.0
195,1,4,995,1.0,1.0
196,1,4,995,1.0,1.0
197,1,3,996,1.0,1.0
198,1,2,997,1.0,1.0
199,1,2,997,1.0,1.0
200,1,2,997,1.0,1.0
1,998,2,0,0.9991428571428571,0.9995650641943227
2,998,2,0,0.9991428571428571,0.9995650641943227
3,997,3,0,0.9991428571428571,0.9995646279497834
4,997,3,0,0.9991428571428571,0.9995646279497834
5,995,5,0,0.9965714285714286,0.9982542750381946
6,992,8,0,0.9941428571428571,0.9970282405766278
7,991,9,0,0.9932857142857143,0.996581689417209
8,989,10,1,0.993,0.9964358863246628
9,984,13,3,0.9914285714285714,0.9956073736561541
10,981,16,3,0.9897142857142858,0.9947362525344177
11,975,19,6,0.989,0.9943424438809054
12,971,21,8,0.988,0.9938019412787693
13,968,24,8,0.9871428571428571,0.9933271274180365
14,963,28,9,0.9848571428571429,0.9921247323116482
15,959,30,11,0.9851428571428571,0.9922376025087183
16,955,33,12,0.9852857142857143,0.992264733521278
17,954,33,13,0.9851428571428571,0.9921817525591111
18,950,37,13,0.9847142857142858,0.9919267399267399
19,946,40,14,0.9842857142857143,0.9916242672056625
20,940,45,15,0.9821428571428571,0.9904528096017458
21,933,49,18,0.9814285714285714,0.9900122787180666
22,928,49,23,0.9828571428571429,0.9907842202696729
23,921,53,26,0.9794285714285714,0.9888482219915445
24,918,56,26,0.9777142857142858,0.9878398652908457
25,909,63,28,0.9735714285714285,0.9854539666420855
26,902,67,31,0.9691428571428572,0.9828813462959805
27,892,73,35,0.9695714285714285,0.9829465004352896
28,887,70,43,0.9707142857142858,0.9834999648979357
29,871,81,48,0.9671428571428572,0.9811402623400328
30,859,92,49,0.9622857142857143,0.9781572085268244
31,847,103,50,0.9574285714285714,0.9749456171534094
32,840,103,57,0.9582857142857143,0.9751903453689167
33,828,111,61,0.96,0.9758277702571181
34,820,115,65,0.952,0.9707207629768604
35,798,133,69,0.9405714285714286,0.9628121930283584
36,784,143,73,0.9311428571428572,0.9561805010465724
37,754,164,82,0.9185714285714286,0.946060813633758
38,735,170,95,0.9214285714285714,0.9465639405945528
39,721,178,101,0.919,0.9438004552082223
40,697,196,107,0.912,0.9367982746569549
41,674,213,113,0.9102857142857143,0.9332734155063533
42,650,227,123,0.904,0.9258800366300366
43,627,237,136,0.9045714285714286,0.9236229413860992
44,602,259,139,0.8995714285714286,0.9161407183624791
45,577,272,151,0.8998571428571429,0.9127789544027184
46,547,292,161,0.8955714285714286,0.9040125873158995
47,519,305,176,0.8912857142857142,0.894693107715889
48,491,318,191,0.8865714285714286,0.8839665805222293
49,466,325,209,0.8872857142857142,0.8787214258433649
50,439,342,219,0.884,0.8677835563873351
51,417,352,231,0.8807142857142857,0.8568100658451908
52,399,357,244,0.8817142857142857,0.8515636619020077
53,377,358,265,0.885,0.8474199871746291
54,353,358,289,0.8955714285714286,0.8522489078438087
55,342,352,306,0.902,0.8568335903862221
56,319,356,325,0.9027142857142857,0.8477133498685222
57,295,361,344,0.9027142857142857,0.8351915316322095
58,275,365,360,0.9027142857142857,0.8238303363303363
59,261,369,370,0.9025714285714286,0.814068179585421
60,238,372,390,0.9062857142857143,0.8035321821036108
61,216,382,402,0.909,0.7896808438475105
62,199,385,416,0.9121428571428571,0.7792681355495424
63,179,395,426,0.9187142857142857,0.7730462275155011
64,167,395,438,0.9194285714285715,0.75923537540304
65,156,395,449,0.9231428571428572,0.7545317929933315
66,141,393,466,0.9268571428571428,0.7417114800093523
67,128,389,483,0.935,0.7472413003663004
68,117,377,506,0.9398571428571428,0.7439826555211171
69,108,372,520,0.9431428571428572,0.7374559082892417
70,99,366,535,0.9478571428571428,0.7372497872497873
71,91,354,555,0.9521428571428572,0.7371754619007365
72,77,348,575,0.9577142857142857,0.725189096617668
73,69,341,590,0.9612857142857143,0.7195811434941868
74,60,333,607,0.9667142857142857,0.7232570207570207
75,52,328,620,0.9711428571428572,0.7225169061707521
76,45,328,627,0.9747142857142858,0.7183109483109482
77,40,315,645,0.9797142857142858,0.746304945054945
78,38,303,659,0.9812857142857143,0.7540871409292462
79,33,290,677,0.9847142857142858,0.7694638694638695
80,32,277,691,0.986,0.7820512820512822
81,27,274,699,0.987,0.758974358974359
82,25,268,707,0.9877142857142858,0.7541684981684982
83,23,259,718,0.9888571428571429,0.7579073100812231
84,20,247,733,0.99,0.7504029304029305
85,19,237,744,0.9904285714285714,0.7485444380181223
86,19,225,756,0.9912857142857143,0.7711008289955659
87,16,216,768,0.9932857142857143,0.7906822344322344
88,15,208,777,0.9944285714285714,0.8148229548229549
89,14,197,789,0.9951428571428571,0.8267660910518053
90,14,191,795,0.9952857142857143,0.8318681318681318
91,11,186,803,0.9971428571428571,0.8699966699966701
92,11,181,808,0.9972857142857143,0.8764901764901765
93,8,174,818,0.9982857142857143,0.8914835164835164
94,8,168,824,0.9982857142857143,0.8914835164835164
95,8,163,829,0.9982857142857143,0.8914835164835164
96,8,154,838,0.9984285714285714,0.9004120879120879
97,7,145,848,0.999,0.9270015698587127
98,6,143,851,0.9991428571428571,0.9285714285714287
99,6,141,853,0.9991428571428571,0.9285714285714287
100,4,137,859,0.9997142857142857,0.9642857142857144
101,4,131,865,0.9997142857142857,0.9642857142857144
102,3,125,872,0.9997142857142857,0.9523809523809524
103,3,119,878,0.9997142857142857,0.9523809523809524
104,3,116,881,0.9997142857142857,0.9523809523809524
105,3,110,887,0.9998571428571429,0.9761904761904763
106,3,104,893,0.9998571428571429,0.9761904761904763
107,3,100,897,0.9998571428571429,0.9761904761904763
108,3,91,906,1.0,1.0
109,3,87,910,1.0,1.0
110,3,80,917,1.0,1.0
111,3,76,921,1.0,1.0
112,3,75,922,1.0,1.0
113,3,72,925,1.0,1.0
114,3,71,926,1.0,1.0
115,3,70,927,1.0,1.0
116,3,65,932,1.0,1.0
117,3,64,933,1.0,1.0
118,3,60,937,1.0,1.0
119,3,58,939,1.0,1.0
120,3,57,940,1.0,1.0
121,3,54,943,1.0,1.0
122,3,50,947,1.0,1.0
123,3,47,950,1.0,1.0
124,3,45,952,1.0,1.0
125,3,43,954,1.0,1.0
126,3,43,954,1.0,1.0
127,3,43,954,1.0,1.0
128,3,41,956,1.0,1.0
129,3,40,957,1.0,1.0
130,3,36,961,1.0,1.0
131,3,34,963,1.0,1.0
132,3,34,963,1.0,1.0
133,3,33,964,1.0,1.0
134,3,30,967,1.0,1.0
135,3,29,968,1.0,1.0
136,3,28,969,1.0,1.0
137,3,25,972,1.0,1.0
138,3,24,973,1.0,1.0
139,3,24,973,1.0,1.0
140,3,23,974,1.0,1.0
141,3,22,975,1.0,1.0
142,3,21,976,1.0,1.0
143,3,20,977,1.0,1.0
144,3,20,977,1.0,1.0
145,3,19,978,1.0,1.0
146,3,18,979,1.0,1.0
147,3,17,980,1.0,1.0
148,3,13,984,1.0,1.0
149,3,13,984,1.0,1.0
150,3,13,984,1.0,1.0
151,3,13,984,1.0,1.0
152,3,12,985,1.0,1.0
153,3,11,986,1.0,1.0
154,3,11,986,1.0,1.0
155,3,11,986,1.0,1.0
156,3,11,986,1.0,1.0
157,3,11,986,1.0,1.0
158,3,11,986,1.0,1.0
159,3,11,986,1.0,1.0
160,3,11,986,1.0,1.0
161,3,11,986,1.0,1.0
162,3,10,987,1.0,1.0
163,3,9,988,1.0,1.0
164,3,9,988,1.0,1.0
165,3,8,989,1.0,1.0
166,3,7,990,1.0,1.0
167,3,6,991,1.0,1.0
168,3,6,991,1.0,1.0
169,3,6,991,1.0,1.0
170,3,6,991,1.0,1.0
171,3,5,992,1.0,1.0
172,3,5,992,1.0,1.0
173,3,5,992,1.0,1.0
174,3,4,993,1.0,1.0
175,3,4,993,1.0,1.0
176,3,4,993,1.0,1.0
177,3,4,993,1.0,1.0
178,3,4,993,1.0,1.0
179,3,4,993,1.0,1.0
180,3,4,993,1.0,1.0
181,3,4,993,1.0,1.0
182,3,4,993,1.0,1.0
183,3,3,994,1.0,1.0
184,3,2,995,1.0,1.0
185,3,2,995,1.0,1.0
186,3,2,995,1.0,1.0
187,3,2,995,1.0,1.0
188,3,2,995,1.0,1.0
189,3,2,995,1.0,1.0
190,3,2,995,1.0,1.0
191,3,2,995,1.0,1.0
192,3,2,995,1.0,1.0
193,3,2,995,1.0,1.0
194,3,2,995,1.0,1.0
195,3,2,995,1.0,1.0
196,3,2,995,1.0,1.0
197,3,2,995,1.0,1.0
198,3,2,995,1.0,1.0
199,3,2,995,1.0,1.0
200,3,2,995,1.0,1.0
1,999,1,0,1.0,1.0
2,999,0,1,1.0,1.0
3,999,0,1,1.0,1.0
4,999,0,1,1.0,1.0
5,999,0,1,1.0,1.0
6,999,0,1,1.0,1.0
7,999,0,1,1.0,1.0
8,999,0,1,1.0,1.0
9,999,0,1,1.0,1.0
10,999,0,1,1.0,1.0
11,999,0,1,1.0,1.0
12,999,0,1,1.0,1.0
13,999,0,1,1.0,1.0
14,999,0,1,1.0,1.0
15,999,0,1,1.0,1.0
16,999,0,1,1.0,1.0
17,999,0,1,1.0,1.0
18,999,0,1,1.0,1.0
19,999,0,1,1.0,1.0
20,999,0,1,1.0,1.0
21,999,0,1,1.0,1.0
22,999,0,1,1.0,1.0
23,999,0,1,1.0,1.0
24,999,0,1,1.0,1.0
25,999,0,1,1.0,1.0
26,999,0,1,1.0,1.0
27,999,0,1,1.0,1.0
28,999,0,1,1.0,1.0
29,999,0,1,1.0,1.0
30,999,0,1,1.0,1.0
31,999,0,1,1.0,1.0
32,999,0,1,1.0,1.0
33,999,0,1,1.0,1.0
34,999,0,1,1.0,1.0
35,999,0,1,1.0,1.0
36,999,0,1,1.0,1.0
37,999,0,1,1.0,1.0
38,999,0,1,1.0,1.0
39,999,0,1,1.0,1.0
40,999,0,1,1.0,1.0
41,999,0,1,1.0,1.0
42,999,0,1,1.0,1.0
43,999,0,1,1.0,1.0
44,999,0,1,1.0,1.0
45,999,0,1,1.0,1.0
46,999,0,1,1.0,1.0
47,999,0,1,1.0,1.0
48,999,0,1,1.0,1.0
49,999,0,1,1.0,1.0
50,999,0,1,1.0,1.0
51,999,0,1,1.0,1.0
52,999,0,1,1.0,1.0
53,999,0,1,1.0,1.0
54,999,0,1,1.0,1.0
55,999,0,1,1.0,1.0
56,999,0,1,1.0,1.0
57,999,0,1,1.0,1.0
58,999,0,1,1.0,1.0
59,999,0,1,1.0,1.0
60,999,0,1,1.0,1.0
61,999,0,1,1.0,1.0
62,999,0,1,1.0,1.0
63,999,0,1,1.0,1.0
64,999,0,1,1.0,1.0
65,999,0,1,1.0,1.0
66,999,0,1,1.0,1.0
67,999,0,1,1.0,1.0
68,999,0,1,1.0,1.0
69,999,0,1,1.0,1.0
70,999,0,1,1.0,1.0
71,999,0,1,1.0,1.0
72,999,0,1,1.0,1.0
73,999,0,1,1.0,1.0
74,999,0,1,1.0,1.0
75,999,0,1,1.0,1.0
76,999,0,1,1.0,1.0
77,999,0,1,1.0,1.0
78,999,0,1,1.0,1.0
79,999,0,1,1.0,1.0
80,999,0,1,1.0,1.0
81,999,0,1,1.0,1.0
82,999,0,1,1.0,1.0
83,999,0,1,1.0,1.0
84,999,0,1,1.0,1.0
85,999,0,1,1.0,1.0
86,999,0,1,1.0,1.0
87,999,0,1,1.0,1.0
88,999,0,1,1.0,1.0
89,999,0,1,1.0,1.0
90,999,0,1,1.0,1.0
91,999,0,1,1.0,1.0
92,999,0,1,1.0,1.0
93,999,0,1,1.0,1.0
94,999,0,1,1.0,1.0
95,999,0,1,1.0,1.0
96,999,0,1,1.0,1.0
97,999,0,1,1.0,1.0
98,999,0,1,1.0,1.0
99,999,0,1,1.0,1.0
100,999,0,1,1.0,1.0
101,999,0,1,1.0,1.0
102,999,0,1,1.0,1.0
103,999,0,1,1.0,1.0
104,999,0,1,1.0,1.0
105,999,0,1,1.0,1.0
106,999,0,1,1.0,1.0
107,999,0,1,1.0,1.0
108,999,0,1,1.0,1.0
109,999,0,1,1.0,1.0
110,999,0,1,1.0,1.0
111,999,0,1,1.0,1.0
112,999,0,1,1.0,1.0
113,999,0,1,1.0,1.0
114,999,0,1,1.0,1.0
115,999,0,1,1.0,1.0
116,999,0,1,1.0,1.0
117,999,0,1,1.0,1.0
118,999,0,1,1.0,1.0
119,999,0,1,1.0,1.0
120,999,0,1,1.0,1.0
121,999,0,1,1.0,1.0
122,999,0,1,1.0,1.0
123,999,0,1,1.0,1.0
124,999,0,1,1.0,1.0
125,999,0,1,1.0,1.0
126,999,0,1,1.0,1.0
127,999,0,1,1.0,1.0
128,999,0,1,1.0,1.0
129,999,0,1,1.0,1.0
130,999,0,1,1.0,1.0
131,999,0,1,1.0,1.0
132,999,0,1,1.0,1.0
133,999,0,1,1.0,1.0
134,999,0,1,1.0,1.0
135,999,0,1,1.0,1.0
136,999,0,1,1.0,1.0
137,999,0,1,1.0,1.0
138,999,0,1,1.0,1.0
139,999,0,1,1.0,1.0
140,999,0,1,1.0,1.0
141,999,0,1,1.0,1.0
142,999,0,1,1.0,1.0
143,999,0,1,1.0,1.0
144,999,0,1,1.0,1.0
145,999,0,1,1.0,1.0
146,999,0,1,1.0,1.0
147,999,0,1,1.0,1.0
148,999,0,1,1.0,1.0
149,999,0,1,1.0,1.0
150,999,0,1,1.0,1.0
151,999,0,1,1.0,1.0
152,999,0,1,1.0,1.0
153,999,0,1,1.0,1.0
154,999,0,1,1.0,1.0
155,999,0,1,1.0,1.0
156,999,0,1,1.0,1.0
157,999,0,1,1.0,1.0
158,999,0,1,1.0,1.0
159,999,0,1,1.0,1.0
160,999,0,1,1.0,1.0
161,999,0,1,1.0,1.0
162,999,0,1,1.0,1.0
163,999,0,1,1.0,1.0
164,999,0,1,1.0,1.0
165,999,0,1,1.0,1.0
166,999,0,1,1.0,1.0
167,999,0,1,1.0,1.0
168,999,0,1,1.0,1.0
169,999,0,1,1.0,1.0
170,999,0,1,1.0,1.0
171,999,0,1,1.0,1.0
172,999,0,1,1.0,1.0
173,999,0,1,1.0,1.0
174,999,0,1,1.0,1.0
175,999,0,1,1.0,1.0
176,999,0,1,1.0,1.0
177,999,0,1,1.0,1.0
178,999,0,1,1.0,1.0
179,999,0,1,1.0,1.0
180,999,0,1,1.0,1.0
181,999,0,1,1.0,1.0
182,999,0,1,1.0,1.0
183,999,0,1,1.0,1.0
184,999,0,1,1.0,1.0
185,999,0,1,1.0,1.0
186,999,0,1,1.0,1.0
187,999,0,1,1.0,1.0
188,999,0,1,1.0,1.0
189,999,0,1,1.0,1.0
190,999,0,1,1.0,1.0
191,999,0,1,1.0,1.0
192,999,0,1,1.0,1.0
193,999,0,1,1.0,1.0
194,999,0,1,1.0,1.0
195,999,0,1,1.0,1.0
196,999,0,1,1.0,1.0
197,999,0,1,1.0,1.0
198,999,0,1,1.0,1.0
199,999,0,1,1.0,1.0
200,999,0,1,1.0,1.0
1,999,1,0,1.0,1.0
2,996,4,0,0.9967142857142857,0.9983409829795371
3,991,9,0,0.9922857142857143,0.9960921184432788
4,987,13,0,0.9894285714285714,0.9946361305023919
5,985,15,0,0.9892857142857143,0.9946003235343337
6,978,20,2,0.9894285714285714,0.9946380817546462
7,974,23,3,0.9881428571428571,0.9939472061135306
8,970,25,5,0.9861428571428571,0.9929069899172993
9,969,25,6,0.986,0.9928316265777566
10,964,30,6,0.9828571428571429,0.9911491344063958
11,960,34,6,0.9818571428571429,0.9905650946275946
12,954,40,6,0.9807142857142858,0.9899252040761475
13,947,46,7,0.9764285714285714,0.9875581651716816
14,939,48,13,0.9774285714285714,0.9879323729163986
15,929,57,14,0.9707142857142858,0.9841294156148839
16,914,69,17,0.9601428571428572,0.978076281850899
17,907,75,18,0.9572857142857143,0.9763007297737176
18,892,86,22,0.9514285714285714,0.9726484091394406
19,877,97,26,0.9498571428571428,0.9713189319232648
20,863,108,29,0.9432857142857143,0.9670410315833259
21,842,125,33,0.9362857142857143,0.9620422333011408
22,825,137,38,0.9295714285714286,0.9572456432456433
23,806,153,41,0.926,0.9539577254837801
24,783,169,48,0.9234285714285714,0.9508932957208819
25,760,184,56,0.9152857142857143,0.9439996626180837
26,744,190,66,0.9161428571428571,0.9433755760368664
27,721,203,76,0.9157142857142857,0.9414033724019856
28,695,217,88,0.9152857142857143,0.9389646085329538
29,673,230,97,0.9111428571428571,0.9340614437568375
30,643,252,105,0.9001428571428571,0.9222506821845857
31,614,263,123,0.8962857142857142,0.915508331245302
32,587,280,133,0.8892857142857142,0.9055428671271942
33,562,285,153,0.8907142857142857,0.9026250439951508
34,535,304,161,0.8884285714285715,0.8956429588370216
35,508,312,180,0.8832857142857143,0.8850338348543537
36,483,321,196,0.8842857142857142,0.8802298176795803
37,454,340,206,0.884,0.8721669089526695
38,431,349,220,0.8802857142857143,0.8611352849188935
39,408,362,230,0.8772857142857143,0.8494649339750984
40,380,374,246,0.8782857142857143,0.8398802010682815
41,350,400,250,0.8702857142857143,0.8150027549481332
42,323,409,268,0.8757142857142857,0.8080836657120577
43,300,423,277,0.875,0.7917466422466423
44,273,435,292,0.8844285714285715,0.7881274403252425
45,249,441,310,0.8901428571428571,0.7798275519661061
46,231,438,331,0.8974285714285715,0.7782852068566355
47,213,433,354,0.9065714285714286,0.7810607233142445
48,194,431,375,0.9125714285714286,0.7749820626109287
49,179,427,394,0.9194285714285715,0.7753780669981788
50,167,421,412,0.928,0.7850562611041654
51,156,421,423,0.9312857142857143,0.7800800695031465
52,144,420,436,0.9331428571428572,0.7682119963369964
53,132,415,453,0.9432857142857143,0.7856296481296481
54,117,411,472,0.9457142857142857,0.7677749600826522
55,106,412,482,0.9511428571428572,0.7685569147833299
56,94,410,496,0.9541428571428572,0.7547346270750525
57,84,401,515,0.9547142857142857,0.7290423861852434
58,72,392,536,0.9572857142857143,0.7015873015873016
59,59,388,553,0.9637142857142857,0.6916309679021543
60,53,379,568,0.9667142857142857,0.6849194830326905
61,47,367,586,0.9712857142857143,0.6926194373002884
62,41,356,603,0.9762857142857143,0.7088358795675869
63,35,351,614,0.979,0.6984615384615385
64,30,340,630,0.9814285714285714,0.6883150183150183
65,25,323,652,0.9865714285714285,0.7294505494505493
66,22,311,667,0.9885714285714285,0.7377622377622377
67,22,299,679,0.9887142857142858,0.7410089910089909
68,22,282,696,0.9892857142857143,0.7542457542457541
69,20,277,703,0.9901428571428571,0.7519230769230769
70,19,270,711,0.9902857142857143,0.7426257952573743
71,17,259,724,0.9922857142857143,0.771170006464124
72,14,257,729,0.993,0.7476452119309264
73,11,254,735,0.9948571428571429,0.7627372627372627
74,11,242,747,0.9952857142857143,0.7822177822177822
75,9,230,761,0.9964285714285714,0.7973137973137974
76,9,221,770,0.9965714285714286,0.8058608058608059
77,9,209,782,0.9968571428571429,0.8223443223443223
78,9,202,789,0.9968571428571429,0.8223443223443223
79,9,196,795,0.997,0.8302808302808302
80,7,190,803,0.9975714285714286,0.8226059654631083
81,7,182,811,0.9977142857142857,0.8335949764521192
82,6,176,818,0.9987142857142857,0.8891941391941391
83,6,166,828,0.9988571428571429,0.901098901098901
84,4,162,834,0.9994285714285714,0.9285714285714286
85,4,155,841,0.9995714285714286,0.9464285714285715
86,4,146,850,0.9995714285714286,0.9464285714285715
87,4,140,856,0.9995714285714286,0.9464285714285715
88,4,136,860,0.9995714285714286,0.9464285714285715
89,4,129,867,0.9995714285714286,0.9464285714285715
90,4,124,872,0.9995714285714286,0.9464285714285715
91,4,118,878,0.9995714285714286,0.9464285714285715
92,4,109,887,0.9995714285714286,0.9464285714285715
93,3,105,892,0.9997142857142857,0.9523809523809524
94,3,103,894,0.9998571428571429,0.9761904761904763
95,3,99,898,0.9998571428571429,0.9761904761904763
96,3,95,902,0.9998571428571429,0.9761904761904763
97,3,90,907,0.9998571428571429,0.9761904761904763
98,3,87,910,0.9998571428571429,0.9761904761904763
99,3,87,910,0.9998571428571429,0.9761904761904763
100,3,82,915,0.9998571428571429,0.9761904761904763
101,3,77,920,0.9998571428571429,0.9761904761904763
102,3,72,925,0.9998571428571429,0.9761904761904763
103,3,70,927,0.9998571428571429,0.9761904761904763
104,3,69,928,0.9998571428571429,0.9761904761904763
105,2,66,932,1.0,1.0
106,2,62,936,1.0,1.0
107,2,62,936,1.0,1.0
108,2,61,937,1.0,1.0
109,2,60,938,1.0,1.0
110,2,57,941,1.0,1.0
111,2,52,946,1.0,1.0
112,2,45,953,1.0,1.0
113,2,41,957,1.0,1.0
114,2,39,959,1.0,1.0
115,2,39,959,1.0,1.0
116,2,37,961,1.0,1.0
117,2,37,961,1.0,1.0
118,2,35,963,1.0,1.0
119,2,35,963,1.0,1.0
120,2,34,964,1.0,1.0
121,2,33,965,1.0,1.0
122,2,31,967,1.0,1.0
123,2,29,969,1.0,1.0
124,2,29,969,1.0,1.0
125,2,24,974,1.0,1.0
126,2,20,978,1.0,1.0
127,2,20,978,1.0,1.0
128,2,20,978,1.0,1.0
129,2,19,979,1.0,1.0
130,2,18,980,1.0,1.0
131,2,17,981,1.0,1.0
132,2,17,981,1.0,1.0
133,2,17,981,1.0,1.0
134,2,17,981,1.0,1.0
135,2,16,982,1.0,1.0
136,2,16,982,1.0,1.0
137,2,13,985,1.0,1.0
138,2,12,986,1.0,1.0
139,2,11,987,1.0,1.0
140,2,10,988,1.0,1.0
141,2,10,988,1.0,1.0
142,2,10,988,1.0,1.0
143,2,9,989,1.0,1.0
144,2,9,989,1.0,1.0
145,2,7,991,1.0,1.0
146,2,6,992,1.0,1.0
147,2,6,992,1.0,1.0
148,2,6,992,1.0,1.0
149,2,5,993,1.0,1.0
150,2,5,993,1.0,1.0
151,2,5,993,1.0,1.0
152,2,5,993,1.0,1.0
153,2,5,993,1.0,1.0
154,2,5,993,1.0,1.0
155,2,5,993,1.0,1.0
156,2,5,993,1.0,1.0
157,2,5,993,1.0,1.0
158,2,5,993,1.0,1.0
159,2,5,993,1.0,1.0
160,2,4,994,1.0,1.0
161,2,4,994,1.0,1.0
162,2,4,994,1.0,1.0
163,2,4,994,1.0,1.0
164,2,4,994,1.0,1.0
165,2,4,994,1.0,1.0
166,2,4,994,1.0,1.0
167,2,4,994,1.0,1.0
168,2,4,994,1.0,1.0
169,2,3,995,1.0,1.0
170,2,3,995,1.0,1.0
171,2,3,995,1.0,1.0
172,2,3,995,1.0,1.0
173,2,3,995,1.0,1.0
174,2,3,995,1.0,1.0
175,2,3,995,1.0,1.0
176,2,3,995,1.0,1.0
177,2,3,995,1.0,1.0
178,2,3,995,1.0,1.0
179,2,2,996,1.0,1.0
180,2,2,996,1.0,1.0
181,2,2,996,1.0,1.0
182,2,2,996,1.0,1.0
183,2,2,996,1.0,1.0
184,2,2,996,1.0,1.0
185,2,2,996,1.0,1.0
186,2,2,996,1.0,1.0
187,2,2,996,1.0,1.0
188,2,2,996,1.0,1.0
189,2,1,997,1.0,1.0
190,2,1,997,1.0,1.0
191,2,1,997,1.0,1.0
192,2,1,997,1.0,1.0
193,2,0,998,1.0,1.0
194,2,0,998,1.0,1.0
195,2,0,998,1.0,1.0
196,2,0,998,1.0,1.0
197,2,0,998,1.0,1.0
198,2,0,998,1.0,1.0
199,2,0,998,1.0,1.0
200,2,0,998,1.0,1.0
1,998,2,0,0.9988571428571429,0.9994307295910502
2,998,2,0,0.9988571428571429,0.9994307295910502
3,997,3,0,0.9975714285714286,0.9987941847520584
4,997,3,0,0.9975714285714286,0.9987941847520584
5,997,3,0,0.9975714285714286,0.9987941847520584
6,996,4,0,0.997,0.9985061123615341
7,995,5,0,0.9962857142857143,0.9981401513059804
8,994,6,0,0.9957142857142857,0.9978508413116058
9,994,6,0,0.9957142857142857,0.9978508413116058
10,991,9,0,0.9937142857142857,0.9968234254813467
11,988,12,0,0.9915714285714285,0.9957502527638274
12,983,17,0,0.9877142857142858,0.9937418992951278
13,981,18,1,0.988,0.9938643096225396
14,975,22,3,0.9881428571428571,0.9938992673992675
15,972,25,3,0.9864285714285714,0.9929857907867168
16,966,29,5,0.9838571428571429,0.9916089819428329
17,958,35,7,0.9798571428571429,0.9894546693737717
18,953,40,7,0.9782857142857143,0.988566181981712
19,944,47,9,0.9732857142857143,0.9857482868473335
20,939,51,10,0.9714285714285714,0.9846561496721241
21,927,61,12,0.9668571428571429,0.9819727961718253
22,918,70,12,0.9621428571428572,0.9792049227098246
23,907,81,12,0.96,0.9777936460819592
24,898,86,16,0.9555714285714285,0.9751001051439935
25,888,91,21,0.9522857142857143,0.9729359813918638
26,875,102,23,0.9464285714285714,0.9692115954073938
27,862,111,27,0.9415714285714286,0.9659531820938262
28,842,124,34,0.9338571428571428,0.960650850418735
29,825,136,39,0.9335714285714286,0.9595920190920191
30,803,153,44,0.9245714285714286,0.9529067963999471
31,783,167,50,0.9184285714285715,0.9479571620376218
32,760,180,60,0.9115714285714286,0.9417889676113361
33,739,196,65,0.9022857142857142,0.9338853861519626
34,705,216,79,0.8951428571428571,0.9255245758969164
35,683,229,88,0.891,0.9201405536874059
36,658,241,101,0.8878571428571429,0.9148233352260707
37,634,260,106,0.8797142857142857,0.9052158803341769
38,599,281,120,0.878,0.8981007723495202
39,571,298,131,0.872,0.8878020695008436
40,543,315,142,0.8715714285714286,0.8816586728188939
41,510,335,155,0.8634285714285714,0.8657286504345327
42,481,349,170,0.8645714285714285,0.8589735974351358
43,450,371,179,0.8564285714285714,0.840502849002849
44,416,386,198,0.8558571428571429,0.8267234168075513
45,394,389,217,0.8551428571428571,0.816051904947844
46,366,401,233,0.8548571428571429,0.8014862186993335
47,343,403,254,0.8631428571428571,0.8004191629556059
48,314,414,272,0.866,0.7863092321691049
49,288,425,287,0.8677142857142857,0.7702158374033373
50,258,431,311,0.8817142857142857,0.7702409347758186
51,229,449,322,0.8872857142857142,0.7532239230929187
52,203,459,338,0.899,0.7506847831970984
53,184,462,354,0.9065714285714286,0.7457467351489092
54,162,459,379,0.9137142857142857,0.7336634558856782
55,145,450,405,0.9225714285714286,0.733580901856764
56,133,447,420,0.9271428571428572,0.726519595692528
57,121,431,448,0.9354285714285714,0.7332743014561197
58,109,427,464,0.9397142857142857,0.7239960345464933
59,97,419,484,0.9465714285714286,0.7241097390581926
60,86,414,500,0.9504285714285714,0.7112360507709344
61,80,404,516,0.9542857142857143,0.7137454212454213
62,75,400,525,0.9584285714285714,0.723159951159951
63,62,397,541,0.9644285714285714,0.7131159163417229
64,59,383,558,0.968,0.7281740858012044
65,51,368,581,0.9732857142857143,0.7379875026933849
66,50,351,599,0.9748571428571429,0.7481904761904761
67,43,351,606,0.9777142857142858,0.7409745293466224
68,41,344,615,0.98,0.7556329849012777
69,37,334,629,0.9821428571428571,0.7581724581724583
70,32,336,632,0.9841428571428571,0.7528388278388278
71,30,322,648,0.9868571428571429,0.7803296703296704
72,30,312,658,0.9872857142857143,0.7874725274725274
73,26,305,669,0.9897142857142858,0.8019301211608904
74,24,295,681,0.9921428571428571,0.8362484737484737
75,20,290,690,0.9937142857142857,0.8423076923076923
76,17,282,701,0.9954285714285714,0.8645765998707176
77,15,271,714,0.9958571428571429,0.8611721611721613
78,15,260,725,0.996,0.8659340659340661
79,14,253,733,0.9961428571428571,0.8614599686028258
80,14,245,741,0.9961428571428571,0.8614599686028258
81,12,236,752,0.9964285714285714,0.8502747252747254
82,10,232,758,0.9967142857142857,0.8346153846153845
83,8,223,769,0.997,0.8111263736263735
84,6,214,780,0.9978571428571429,0.8214285714285713
85,6,207,787,0.9981428571428571,0.8452380952380953
86,6,201,793,0.9981428571428571,0.8452380952380953
87,5,194,801,0.9984285714285714,0.8428571428571429
88,4,187,809,0.9987142857142857,0.8392857142857142
89,4,182,814,0.999,0.875
90,4,176,820,0.9991428571428571,0.8928571428571428
91,4,172,824,0.9991428571428571,0.8928571428571428
92,3,166,831,0.9991428571428571,0.8571428571428571
93,2,160,838,0.9995714285714286,0.8928571428571428
94,2,155,843,0.9995714285714286,0.8928571428571428
95,2,149,849,0.9995714285714286,0.8928571428571428
96,2,146,852,0.9997142857142857,0.9285714285714286
97,2,139,859,0.9997142857142857,0.9285714285714286
98,2,137,861,0.9997142857142857,0.9285714285714286
99,2,133,865,0.9997142857142857,0.9285714285714286
100,2,128,870,0.9997142857142857,0.9285714285714286
101,2,123,875,0.9998571428571429,0.9642857142857143
102,2,119,879,0.9998571428571429,0.9642857142857143
103,2,114,884,0.9998571428571429,0.9642857142857143
104,2,108,890,0.9998571428571429,0.9642857142857143
105,2,102,896,0.9998571428571429,0.9642857142857143
106,2,96,902,0.9998571428571429,0.9642857142857143
107,2,89,909,0.9998571428571429,0.9642857142857143
108,2,82,916,1.0,1.0
109,2,78,920,1.0,1.0
110,2,77,921,1.0,1.0
111,2,76,922,1.0,1.0
112,2,70,928,1.0,1.0
113,2,67,931,1.0,1.0
114,2,62,936,1.0,1.0
115,2,60,938,1.0,1.0
116,2,58,940,1.0,1.0
117,2,56,942,1.0,1.0
118,2,55,943,1.0,1.0
119,2,52,946,1.0,1.0
120,2,51,947,1.0,1.0
121,2,47,951,1.0,1.0
122,2,44,954,1.0,1.0
123,2,41,957,1.0,1.0
124,2,38,960,1.0,1.0
125,2,36,962,1.0,1.0
126,2,35,963,1.0,1.0
127,2,34,964,1.0,1.0
128,2,32,966,1.0,1.0
129,2,31,967,1.0,1.0
130,2,29,969,1.0,1.0
131,2,28,970,1.0,1.0
132,2,27,971,1.0,1.0
133,2,27,971,1.0,1.0
134,2,26,972,1.0,1.0
135,2,25,973,1.0,1.0
136,2,25,973,1.0,1.0
137,2,24,974,1.0,1.0
138,2,21,977,1.0,1.0
139,2,20,978,1.0,1.0
140,2,19,979,1.0,1.0
141,2,19,979,1.0,1.0
142,2,17,981,1.0,1.0
143,2,17,981,1.0,1.0
144,2,17,981,1.0,1.0
145,2,16,982,1.0,1.0
146,1,17,982,1.0,1.0
147,1,17,982,1.0,1.0
148,1,17,982,1.0,1.0
149,1,17,982,1.0,1.0
150,1,16,983,1.0,1.0
151,1,16,983,1.0,1.0
152,1,16,983,1.0,1.0
153,1,16,983,1.0,1.0
154,1,15,984,1.0,1.0
155,1,14,985,1.0,1.0
156,1,14,985,1.0,1.0
157,1,13,986,1.0,1.0
158,1,11,988,1.0,1.0
159,1,10,989,1.0,1.0
160,1,10,989,1.0,1.0
161,1,10,989,1.0,1.0
162,1,10,989,1.0,1.0
163,1,10,989,1.0,1.0
164,1,10,989,1.0,1.0
165,1,9,990,1.0,1.0
166,1,9,990,1.0,1.0
167,1,9,990,1.0,1.0
168,1,8,991,1.0,1.0
169,1,8,991,1.0,1.0
170,1,8,991,1.0,1.0
171,1,8,991,1.0,1.0
172,1,8,991,1.0,1.0
173,1,8,991,1.0,1.0
174,1,6,993,1.0,1.0
175,1,6,993,1.0,1.0
176,1,6,993,1.0,1.0
177,1,6,993,1.0,1.0
178,1,6,993,1.0,1.0
179,1,6,993,1.0,1.0
180,1,6,993,1.0,1.0
181,1,5,994,1.0,1.0
182,1,5,994,1.0,1.0
183,1,5,994,1.0,1.0
184,1,5,994,1.0,1.0
185,1,5,994,1.0,1.0
186,1,5,994,1.0,1.0
187,1,5,994,1.0,1.0
188,1,5,994,1.0,1.0
189,1,5,994,1.0,1.0
190,1,4,995,1.0,1.0
191,1,4,995,1.0,1.0
192,1,3,996,1.0,1.0
193,1,3,996,1.0,1.0
194,1,3,996,1.0,1.0
195,1,3,996,1.0,1.0
196,1,3,996,1.0,1.0
197,1,3,996,1.0,1.0
198,1,3,996,1.0,1.0
199,1,3,996,1.0,1.0
200,1,3,996,1.0,1.0
1,997,3,0,0.9972857142857143,0.9986531021636338
2,996,4,0,0.9968571428571429,0.9984413845859629
3,995,5,0,0.9962857142857143,0.9981526681024169
4,995,4,1,0.9971428571428571,0.9985833931562575
5,994,5,1,0.9965714285714286,0.9982945290792373
6,993,6,1,0.996,0.9980146741476047
7,990,7,3,0.9955714285714286,0.9977873977873978
8,988,8,4,0.9951428571428571,0.9975853094274146
9,986,8,6,0.9951428571428571,0.9975804114749347
10,986,8,6,0.9951428571428571,0.9975804114749347
11,986,8,6,0.9951428571428571,0.9975804114749347
12,986,7,7,0.9954285714285714,0.9977204674973438
13,985,6,9,0.9965714285714286,0.9982837805172831
14,985,6,9,0.9965714285714286,0.9982837805172831
15,983,8,9,0.9951428571428571,0.9975633386620163
16,981,9,10,0.9941428571428571,0.9970535410902384
17,980,10,10,0.994,0.9969873663751214
18,979,10,11,0.9941428571428571,0.9970572498662386
19,977,12,11,0.9935714285714285,0.9967685334113174
20,974,15,11,0.9912857142857143,0.9955560695293755
21,974,14,12,0.9922857142857143,0.9960596385134373
22,972,13,15,0.9938571428571429,0.9968721265017562
23,970,15,15,0.9935714285714285,0.996723311053208
24,969,16,15,0.9931428571428571,0.9964987884492529
25,966,19,15,0.992,0.9958997868935757
26,962,23,15,0.9895714285714285,0.994611538842308
27,959,26,15,0.988,0.9938032596531032
28,955,29,16,0.9865714285714285,0.9930243752756841
29,952,31,17,0.9868571428571429,0.993169960291809
30,949,34,17,0.9871428571428571,0.9933189746677629
31,945,38,17,0.9855714285714285,0.9924332810047096
32,941,42,17,0.9835714285714285,0.9913426991004036
33,934,44,22,0.9812857142857143,0.9900467483979262
34,925,53,22,0.9761428571428571,0.9871232551232552
35,924,51,25,0.9778571428571429,0.9880300255300255
36,914,60,26,0.9745714285714285,0.9860387060058832
37,908,63,29,0.9748571428571429,0.9860557760888157
38,902,65,33,0.973,0.9849303135888502
39,894,70,36,0.9681428571428572,0.9821221656792126
40,882,79,39,0.9658571428571429,0.9806047693802795
41,877,81,42,0.9645714285714285,0.9797862342902253
42,862,91,47,0.9581428571428572,0.9757795193751247
43,851,99,50,0.9548571428571428,0.9735473507852025
44,833,113,54,0.9484285714285714,0.9692260743987318
45,819,124,57,0.9405714285714286,0.9638343568854236
46,793,143,64,0.935,0.9591389509533564
47,776,155,69,0.9295714285714286,0.9548266848372975
48,752,174,74,0.9194285714285715,0.9466748120074545
49,725,199,76,0.9087142857142857,0.9373675486109563
50,711,205,84,0.9055714285714286,0.9338154530447905
51,679,228,93,0.8974285714285715,0.9248073932189846
52,660,238,102,0.8961428571428571,0.9215971365236073
53,632,257,111,0.8882857142857142,0.9119852054745948
54,605,273,122,0.885,0.9052791637952066
55,582,289,129,0.8782857142857143,0.8957679747817711
56,545,316,139,0.8734285714285714,0.8841979000492223
57,519,333,148,0.8724285714285714,0.8775426177585307
58,490,349,161,0.8675714285714285,0.8650661363446478
59,453,368,179,0.866,0.8521804170810794
60,433,373,194,0.8654285714285714,0.8446501535416086
61,404,386,210,0.8647142857142858,0.8328920048598266
62,372,402,226,0.8655714285714285,0.8195656829729409
63,336,419,245,0.8641428571428571,0.7980758328972615
64,305,431,264,0.8698571428571429,0.7868112352128745
65,273,449,278,0.875,0.7713505816527795
66,251,452,297,0.8798571428571429,0.760611765392642
67,217,467,316,0.8848571428571429,0.7348415793116254
68,192,477,331,0.8881428571428571,0.7088017017704518
69,178,467,355,0.894,0.7028470593077335
70,151,472,377,0.9071428571428571,0.6928280328942581
71,141,462,397,0.9135714285714286,0.6939222715818462
72,129,452,419,0.9201428571428572,0.691025641025641
73,107,450,443,0.9332857142857143,0.6888860360822977
74,99,438,463,0.9377142857142857,0.686208236208236
75,82,442,476,0.9447142857142857,0.6628986866791744
76,76,426,498,0.9515714285714286,0.6819958550221707
77,62,426,512,0.9587142857142857,0.6692780337941628
78,59,415,526,0.963,0.6882163034705407
79,57,399,544,0.9651428571428572,0.6958357432041642
80,54,390,556,0.9672857142857143,0.6979853479853481
81,52,378,570,0.9688571428571429,0.7016131304592844
82,46,374,580,0.9715714285714285,0.6917741678611243
83,44,359,597,0.9738571428571429,0.7043623043623044
84,43,339,618,0.9764285714285714,0.7271999318510947
85,39,329,632,0.979,0.732187470649009
86,34,321,645,0.9815714285714285,0.7311032105149753
87,29,314,657,0.9848571428571429,0.7394214980421878
88,25,301,674,0.9884285714285714,0.7687765567765568
89,22,278,700,0.9907142857142858,0.7896936396936397
90,21,268,711,0.9918571428571429,0.8066631780917495
91,19,256,725,0.9934285714285714,0.8274146905725853
92,17,248,735,0.9948571428571429,0.8480068950657187
93,15,243,742,0.9955714285714286,0.8515506715506718
94,14,237,749,0.9961428571428571,0.8613553113553115
95,12,232,756,0.9971428571428571,0.8799145299145299
96,12,224,764,0.9972857142857143,0.8858669108669108
97,11,219,770,0.9975714285714286,0.8884781884781886
98,10,210,780,0.9981428571428571,0.9064468864468864
99,9,204,787,0.9984285714285714,0.911925111925112
100,9,194,797,0.9987142857142857,0.9284086284086285
101,8,190,802,0.9985714285714286,0.9098443223443223
102,7,185,808,0.9988571428571429,0.9173731030873888
103,6,177,817,0.9992857142857143,0.9402319902319901
104,6,171,823,0.9992857142857143,0.9402319902319901
105,5,163,832,0.9992857142857143,0.9282783882783882
106,5,157,838,0.9994285714285714,0.9425641025641026
107,4,147,849,0.9997142857142857,0.9615384615384616
108,4,137,859,0.9997142857142857,0.9615384615384616
109,4,131,865,0.9997142857142857,0.9615384615384616
110,4,125,871,0.9997142857142857,0.9615384615384616
111,4,121,875,0.9997142857142857,0.9615384615384616
112,4,116,880,0.9997142857142857,0.9615384615384616
113,4,111,885,0.9997142857142857,0.9615384615384616
114,4,107,889,0.9997142857142857,0.9615384615384616
115,4,104,892,0.9997142857142857,0.9615384615384616
116,4,101,895,0.9997142857142857,0.9615384615384616
117,4,99,897,0.9997142857142857,0.9615384615384616
118,4,97,899,0.9997142857142857,0.9615384615384616
119,4,93,903,0.9997142857142857,0.9615384615384616
120,4,88,908,0.9997142857142857,0.9615384615384616
121,4,85,911,0.9998571428571429,0.9807692307692308
122,4,83,913,0.9998571428571429,0.9807692307692308
123,4,81,915,0.9998571428571429,0.9807692307692308
124,4,79,917,1.0,1.0
125,4,75,921,1.0,1.0
126,4,70,926,1.0,1.0
127,4,66,930,1.0,1.0
128,4,64,932,1.0,1.0
129,4,62,934,1.0,1.0
130,4,60,936,1.0,1.0
131,4,56,940,1.0,1.0
132,4,53,943,1.0,1.0
133,4,50,946,1.0,1.0
134,4,48,948,1.0,1.0
135,4,45,951,1.0,1.0
136,4,45,951,1.0,1.0
137,4,43,953,1.0,1.0
138,4,38,958,1.0,1.0
139,4,38,958,1.0,1.0
140,4,38,958,1.0,1.0
141,4,37,959,1.0,1.0
142,4,36,960,1.0,1.0
143,4,35,961,1.0,1.0
144,4,32,964,1.0,1.0
145,4,31,965,1.0,1.0
146,4,30,966,1.0,1.0
147,4,29,967,1.0,1.0
148,4,26,970,1.0,1.0
149,4,23,973,1.0,1.0
150,4,23,973,1.0,1.0
151,4,21,975,1.0,1.0
152,4,19,977,1.0,1.0
153,4,18,978,1.0,1.0
154,4,17,979,1.0,1.0
155,4,16,980,1.0,1.0
156,4,16,980,1.0,1.0
157,4,16,980,1.0,1.0
158,4,14,982,1.0,1.0
159,4,13,983,1.0,1.0
160,4,13,983,1.0,1.0
161,4,12,984,1.0,1.0
162,4,12,984,1.0,1.0
163,4,12,984,1.0,1.0
164,4,12,984,1.0,1.0
165,4,9,987,1.0,1.0
166,4,8,988,1.0,1.0
167,4,7,989,1.0,1.0
168,4,7,989,1.0,1.0
169,4,7,989,1.0,1.0
170,4,7,989,1.0,1.0
171,4,7,989,1.0,1.0
172,4,7,989,1.0,1.0
173,4,7,989,1.0,1.0
174,4,7,989,1.0,1.0
175,4,7,989,1.0,1.0
176,4,7,989,1.0,1.0
177,4,7,989,1.0,1.0
178,4,5,991,1.0,1.0
179,4,5,991,1.0,1.0
180,4,5,991,1.0,1.0
181,4,5,991,1.0,1.0
182,4,5,991,1.0,1.0
183,4,5,991,1.0,1.0
184,4,5,991,1.0,1.0
185,4,5,991,1.0,1.0
186,4,5,991,1.0,1.0
187,4,5,991,1.0,1.0
188,4,5,991,1.0,1.0
189,4,5,991,1.0,1.0
190,4,5,991,1.0,1.0
191,4,5,991,1.0,1.0
192,4,5,991,1.0,1.0
193,4,5,991,1.0,1.0
194,4,5,991,1.0,1.0
195,4,5,991,1.0,1.0
196,4,5,991,1.0,1.0
197,4,5,991,1.0,1.0
198,4,5,991,1.0,1.0
199,4,5,991,1.0,1.0
200,4,5,991,1.0,1.0
1,998,2,0,0.9987142857142857,0.9993338325001652
2,997,2,1,0.9988571428571429,0.999410318868694
3,996,3,1,0.9977142857142857,0.9988194536387308
4,996,3,1,0.9977142857142857,0.9988194536387308
5,996,3,1,0.9977142857142857,0.9988194536387308
6,994,4,2,0.9975714285714286,0.9987396908926084
7,994,4,2,0.9975714285714286,0.9987396908926084
8,993,5,2,0.9968571428571429,0.9983732279804787
9,992,6,2,0.9955714285714286,0.9977213310882667
10,991,7,2,0.9954285714285714,0.997657304014519
11,991,7,2,0.9954285714285714,0.997657304014519
12,988,9,3,0.9938571428571429,0.9968382494698284
13,986,11,3,0.993,0.9963804619991232
14,985,11,4,0.993,0.9963879436975884
15,984,11,5,0.9931428571428571,0.9964840376425742
16,983,10,7,0.9945714285714286,0.9972078447154744
17,982,11,7,0.9932857142857143,0.9965447654857024
18,979,14,7,0.9917142857142857,0.9957267451649473
19,976,17,7,0.9898571428571429,0.9947475680057647
20,974,18,8,0.9904285714285714,0.9950188415280817
21,972,19,9,0.9901428571428571,0.9948672726450505
22,971,20,9,0.9897142857142858,0.994641301026471
23,966,24,10,0.9898571428571429,0.9947022956339726
24,960,28,12,0.9861428571428571,0.9927266483516484
25,957,28,15,0.9875714285714285,0.9935003693624384
26,953,31,16,0.9861428571428571,0.9927053184660739
27,947,37,16,0.981,0.9899130084980139
28,942,40,18,0.9801428571428571,0.9894062589922463
29,939,41,20,0.9804285714285714,0.9895144082045041
30,936,41,23,0.9805714285714285,0.9895502645502645
31,929,47,24,0.9788571428571429,0.9885559721942929
32,925,48,27,0.9805714285714285,0.9893808533808532
33,920,52,28,0.9795714285714285,0.9888337613473485
34,914,58,28,0.9782857142857143,0.988039080722341
35,907,60,33,0.9805714285714285,0.9891973195859635
36,904,61,35,0.9802857142857143,0.9890070889656066
37,901,59,40,0.9802857142857143,0.9889823273286094
38,894,61,45,0.9774285714285714,0.9872935975284969
39,883,71,46,0.9725714285714285,0.9844447832273427
40,873,78,49,0.9694285714285714,0.9825255214430472
41,859,90,51,0.963,0.9785409923797584
42,847,100,53,0.9582857142857143,0.9754212237978472
43,831,108,61,0.961,0.9765859792033078
44,819,117,64,0.9592857142857143,0.9751923188736377
45,811,117,72,0.9625714285714285,0.9769957949982611
46,807,114,79,0.9637142857142857,0.977552641493162
47,799,119,82,0.9611428571428572,0.975769162001953
48,785,131,84,0.9557142857142857,0.9719277431697815
49,779,131,90,0.9561428571428572,0.9719842696632321
50,772,132,96,0.959,0.9735622173341238
51,760,141,99,0.9545714285714286,0.9701370188763765
52,744,152,104,0.9524285714285714,0.9680455603457265
53,731,160,109,0.9462857142857143,0.963262264813323
54,710,175,115,0.9381428571428572,0.9562919750782222
55,700,177,123,0.9381428571428572,0.9556966825191616
56,672,195,133,0.9291428571428572,0.9471299777923989
57,651,204,145,0.9238571428571428,0.9413103661646628
58,628,213,159,0.916,0.9329936580217585
59,601,227,172,0.9087142857142857,0.9238044865968915
60,577,241,182,0.9027142857142857,0.9156976595464209
61,550,251,199,0.9044285714285715,0.9130975593034417
62,528,262,210,0.9,0.9052038137516079
63,505,266,229,0.9035714285714286,0.9045944562135594
64,476,287,237,0.8962857142857142,0.8911432333114242
65,447,306,247,0.8918571428571429,0.8789028053141753
66,421,319,260,0.8858571428571429,0.8642864819964163
67,401,331,268,0.8855714285714286,0.8574240975883927
68,379,337,284,0.885,0.8486708748853712
69,361,341,298,0.8871428571428571,0.8440547665902074
70,339,352,309,0.8897142857142857,0.8375941890257351
71,321,347,332,0.8977142857142857,0.8411144136542706
72,301,357,342,0.9017142857142857,0.8372278070441056
73,281,352,367,0.9094285714285715,0.8393918969175406
74,263,351,386,0.9081428571428571,0.8260305935770038
75,248,345,407,0.9112857142857143,0.8218151156244136
76,229,347,424,0.913,0.8105350638743908
77,211,349,440,0.9197142857142857,0.8104966448847127
78,192,360,448,0.9195714285714286,0.7919848788874523
79,175,358,467,0.922,0.7790763074460553
80,160,350,490,0.9251428571428572,0.7673001508295625
81,152,339,509,0.9288571428571428,0.7675499552047539
82,144,327,529,0.9314285714285714,0.7632036468433527
83,127,332,541,0.9385714285714286,0.758498796247754
84,116,329,555,0.9438571428571428,0.7580069693659957
85,102,324,574,0.9485714285714286,0.7474454035007667
86,96,319,585,0.9518571428571428,0.7491821087409322
87,85,316,599,0.9574285714285714,0.7490310151209805
88,78,316,606,0.96,0.7425337985292736
89,74,307,619,0.9644285714285714,0.7584429613841378
90,69,305,626,0.9678571428571429,0.7657941660499206
91,63,295,642,0.9712857142857143,0.7702834980145903
92,53,292,655,0.9748571428571429,0.7605712822139014
93,45,292,663,0.9812857142857143,0.7911767100002395
94,43,279,678,0.9827142857142858,0.7976380892249565
95,38,274,688,0.985,0.8015397657038523
96,34,264,702,0.988,0.8224923000874558
97,30,261,709,0.9895714285714285,0.8247759103641457
98,26,255,719,0.9907142857142858,0.8204585384449637
99,24,241,735,0.9922857142857143,0.8380669575522516
100,22,234,744,0.9932857142857143,0.8460730446024564
101,21,230,749,0.9937142857142857,0.8483470311201403
102,18,229,753,0.9947142857142857,0.850759534583064
103,17,222,761,0.9955714285714286,0.8667313079077785
104,17,214,769,0.9958571428571429,0.8754578754578753
105,16,202,782,0.997,0.903731684981685
106,13,199,788,0.9982857142857143,0.9318117779656242
107,12,192,796,0.9985714285714286,0.9370421245421245
108,12,186,802,0.9985714285714286,0.9370421245421245
109,12,178,810,0.9987142857142857,0.9429945054945056
110,12,168,820,0.9987142857142857,0.9429945054945056
111,11,159,830,0.9988571428571429,0.9443056943056942
112,11,153,836,0.999,0.9507992007992009
113,11,149,840,0.9991428571428571,0.9583749583749583
114,10,144,846,0.9991428571428571,0.9542124542124542
115,9,141,850,0.9994285714285714,0.9649979649979651
116,8,131,861,0.9997142857142857,0.9791666666666667
117,8,124,868,0.9998571428571429,0.9895833333333333
118,8,119,873,0.9998571428571429,0.9895833333333333
119,8,111,881,0.9998571428571429,0.9895833333333333
120,8,108,884,0.9998571428571429,0.9895833333333333
121,8,101,891,0.9998571428571429,0.9895833333333333
122,8,96,896,0.9998571428571429,0.9895833333333333
123,8,88,904,0.9998571428571429,0.9895833333333333
124,6,87,907,1.0,1.0
125,6,83,911,1.0,1.0
126,6,78,916,1.0,1.0
127,6,73,921,1.0,1.0
128,6,72,922,1.0,1.0
129,6,70,924,1.0,1.0
130,6,65,929,1.0,1.0
131,6,63,931,1.0,1.0
132,6,58,936,1.0,1.0
133,6,55,939,1.0,1.0
134,6,53,941,1.0,1.0
135,6,51,943,1.0,1.0
136,6,51,943,1.0,1.0
137,6,50,944,1.0,1.0
138,6,49,945,1.0,1.0
139,6,47,947,1.0,1.0
140,6,46,948,1.0,1.0
141,6,43,951,1.0,1.0
142,6,43,951,1.0,1.0
143,6,42,952,1.0,1.0
144,6,39,955,1.0,1.0
145,6,36,958,1.0,1.0
146,6,35,959,1.0,1.0
147,6,35,959,1.0,1.0
148,6,34,960,1.0,1.0
149,6,32,962,1.0,1.0
150,6,31,963,1.0,1.0
151,6,30,964,1.0,1.0
152,6,30,964,1.0,1.0
153,6,30,964,1.0,1.0
154,6,28,966,1.0,1.0
155,6,28,966,1.0,1.0
156,6,28,966,1.0,1.0
157,6,28,966,1.0,1.0
158,6,27,967,1.0,1.0
159,6,26,968,1.0,1.0
160,6,25,969,1.0,1.0
161,6,25,969,1.0,1.0
162,6,22,972,1.0,1.0
163,6,20,974,1.0,1.0
164,6,19,975,1.0,1.0
165,6,19,975,1.0,1.0
166,6,19,975,1.0,1.0
167,6,18,976,1.0,1.0
168,6,16,978,1.0,1.0
169,6,13,981,1.0,1.0
170,6,12,982,1.0,1.0
171,6,12,982,1.0,1.0
172,6,12,982,1.0,1.0
173,6,11,983,1.0,1.0
174,6,9,985,1.0,1.0
175,6,8,986,1.0,1.0
176,6,8,986,1.0,1.0
177,6,8,986,1.0,1.0
178,6,8,986,1.0,1.0
179,6,8,986,1.0,1.0
180,6,8,986,1.0,1.0
181,6,8,986,1.0,1.0
182,6,8,986,1.0,1.0
183,6,8,986,1.0,1.0
184,6,7,987,1.0,1.0
185,6,7,987,1.0,1.0
186,6,7,987,1.0,1.0
187,6,7,987,1.0,1.0
188,6,7,987,1.0,1.0
189,6,7,987,1.0,1.0
190,6,7,987,1.0,1.0
191,6,7,987,1.0,1.0
192,6,6,988,1.0,1.0
193,6,6,988,1.0,1.0
194,6,5,989,1.0,1.0
195,6,5,989,1.0,1.0
196,6,4,990,1.0,1.0
197,6,4,990,1.0,1.0
198,6,4,990,1.0,1.0
199,6,4,990,1.0,1.0
200,6,3,991,1.0,1.0
1,999,1,0,1.0,1.0
2,998,2,0,0.9992857142857143,0.9996366359091811
3,996,4,0,0.9967142857142857,0.998306412463039
4,996,4,0,0.9967142857142857,0.998306412463039
5,996,4,0,0.9967142857142857,0.998306412463039
6,995,4,1,0.9967142857142857,0.9983047103650119
7,992,7,1,0.9948571428571429,0.997346907125133
8,990,9,1,0.9935714285714285,0.9966866466866466
9,989,9,2,0.9941428571428571,0.9969999666662963
10,987,11,2,0.9924285714285714,0.9961254550920203
11,984,14,2,0.9925714285714285,0.9961862324667203
12,984,14,2,0.9925714285714285,0.9961862324667203
13,981,16,3,0.9912857142857143,0.9955136606512753
14,977,20,3,0.9881428571428571,0.9938756228418459
15,971,26,3,0.9834285714285714,0.9914249499213453
16,968,29,3,0.9835714285714285,0.9914664880573972
17,960,36,4,0.9801428571428571,0.9896153846153847
18,956,38,6,0.9788571428571429,0.988887994850338
19,951,41,8,0.9772857142857143,0.9879706343428741
20,940,51,9,0.9744285714285714,0.9862703608448289
21,932,56,12,0.973,0.985397899668286
22,924,63,13,0.9732857142857143,0.9854585890300176
23,919,66,15,0.9735714285714285,0.9855229645218764
24,913,71,16,0.9738571428571429,0.9855850976332905
25,909,74,17,0.9707142857142858,0.9838138758930839
26,901,78,21,0.9702857142857143,0.9834845694446139
27,891,87,22,0.9674285714285714,0.9817139650472984
28,880,95,25,0.962,0.9784203296703297
29,871,99,30,0.9572857142857143,0.9754841599273286
30,854,109,37,0.9478571428571428,0.9694544526511739
31,829,129,42,0.939,0.963224536822245
32,801,143,56,0.9315714285714286,0.9572849643074363
33,772,164,64,0.9185714285714286,0.9472085610848565
34,746,186,68,0.9091428571428571,0.9391824774867671
35,721,201,78,0.9031428571428571,0.9329499499575782
36,692,224,84,0.8977142857142857,0.9262359329013953
37,664,246,90,0.8848571428571429,0.9134712127436703
38,637,261,102,0.8758571428571429,0.9026789667684487
39,608,277,115,0.8677142857142857,0.8912401416791413
40,572,302,126,0.8635714285714285,0.8806334361340018
41,546,316,138,0.8642857142857143,0.8758806875807523
42,520,327,153,0.8615714285714285,0.8669458722838248
43,488,346,166,0.8635714285714285,0.8603249867096902
44,465,359,176,0.864,0.8539617435063356
45,442,372,186,0.8691428571428571,0.8520495807094157
46,411,388,201,0.8692857142857143,0.8408880752375816
47,389,398,213,0.8697142857142857,0.832084073494931
48,367,398,235,0.8774285714285714,0.8326126583519595
49,343,406,251,0.8841428571428571,0.8305694726870342
50,317,417,266,0.8881428571428571,0.8230186966803222
51,285,424,291,0.8951428571428571,0.8154994858942227
52,267,418,315,0.8994285714285715,0.811239213345955
53,247,418,335,0.902,0.8015947783660333
54,229,419,352,0.909,0.8014236127773244
55,210,424,366,0.9137142857142857,0.7948055119483691
56,200,425,375,0.915,0.7878443223443223
57,180,426,394,0.9195714285714286,0.7765079365079364
58,168,419,413,0.9235714285714286,0.772673556602128
59,149,420,431,0.9295714285714286,0.7637878899623866
60,134,420,446,0.9338571428571428,0.7535673281941938
61,126,415,459,0.9377142857142857,0.7528112099540671
62,117,400,483,0.9435714285714286,0.7585861432015278
63,109,396,495,0.9468571428571428,0.7560910037974257
64,100,387,513,0.9525714285714286,0.76221978021978
65,95,376,529,0.9578571428571429,0.7773742047426253
66,85,368,547,0.9645714285714285,0.7908769661710837
67,80,356,564,0.969,0.805521978021978
68,76,350,574,0.9714285714285714,0.8111914401388084
69,72,339,589,0.9755714285714285,0.8296245421245421
70,66,333,601,0.9781428571428571,0.8331612831612832
71,62,325,613,0.9785714285714285,0.8259305210918115
72,58,317,625,0.9815714285714285,0.839787798408488
73,51,316,633,0.9842857142857143,0.844063779357897
74,47,306,647,0.9868571428571429,0.8585145351102798
75,45,299,656,0.9882857142857143,0.8685877085877087
76,43,290,667,0.9895714285714285,0.8776812334951871
77,39,279,682,0.9882857142857143,0.8487367333521181
78,38,269,693,0.9887142857142858,0.850250626566416
79,37,262,701,0.9908571428571429,0.875180675180675
80,32,259,709,0.991,0.8580357142857142
81,30,252,718,0.9904285714285714,0.8392307692307692
82,28,250,722,0.9897142857142858,0.815358451072737
83,25,242,733,0.9907142857142858,0.8132014652014652
84,20,236,744,0.9908571428571429,0.7706227106227108
85,19,229,752,0.9914285714285714,0.7741276267592058
86,17,223,760,0.9922857142857143,0.7727644904115493
87,16,215,769,0.9928571428571429,0.7764194139194139
88,15,211,774,0.9932857142857143,0.7762148962148963
89,13,200,787,0.9948571428571429,0.8026486334178642
90,12,193,795,0.9954285714285714,0.8100122100122101
91,11,187,802,0.9958571428571429,0.8122211122211123
92,11,178,811,0.9961428571428571,0.8257076257076257
93,11,173,816,0.9962857142857143,0.8322011322011321
94,10,167,823,0.997,0.8533333333333333
95,10,159,831,0.9972857142857143,0.8676190476190475
96,9,152,839,0.9977142857142857,0.8761904761904762
97,9,144,847,0.9978571428571429,0.8835978835978836
98,8,140,852,0.9985714285714286,0.9136904761904763
99,8,132,860,0.9987142857142857,0.9220238095238096
100,6,132,862,0.9988571428571429,0.9071428571428571
101,6,128,866,0.999,0.9182539682539682
102,6,122,872,0.999,0.9182539682539682
103,6,118,876,0.999,0.9182539682539682
104,6,116,878,0.999,0.9182539682539682
105,6,115,879,0.999,0.9182539682539682
106,6,112,882,0.999,0.9182539682539682
107,6,108,886,0.999,0.9182539682539682
108,6,105,889,0.999,0.9182539682539682
109,6,98,896,0.9992857142857143,0.9420634920634922
110,6,92,902,0.9992857142857143,0.9420634920634922
111,6,88,906,0.9992857142857143,0.9420634920634922
112,6,85,909,0.9992857142857143,0.9420634920634922
113,5,83,912,0.9995714285714286,0.9571428571428571
114,5,82,913,0.9995714285714286,0.9571428571428571
115,4,82,914,0.9998571428571429,0.9821428571428572
116,4,79,917,0.9998571428571429,0.9821428571428572
117,3,76,921,1.0,1.0
118,3,70,927,1.0,1.0
119,3,69,928,1.0,1.0
120,3,66,931,1.0,1.0
121,2,66,932,1.0,1.0
122,2,63,935,1.0,1.0
123,2,62,936,1.0,1.0
124,2,61,937,1.0,1.0
125,2,59,939,1.0,1.0
126,2,55,943,1.0,1.0
127,2,50,948,1.0,1.0
128,2,48,950,1.0,1.0
129,2,48,950,1.0,1.0
130,2,47,951,1.0,1.0
131,2,45,953,1.0,1.0
132,2,42,956,1.0,1.0
133,2,36,962,1.0,1.0
134,2,34,964,1.0,1.0
135,2,34,964,1.0,1.0
136,2,33,965,1.0,1.0
137,2,30,968,1.0,1.0
138,2,30,968,1.0,1.0
139,2,27,971,1.0,1.0
140,2,25,973,1.0,1.0
141,2,24,974,1.0,1.0
142,2,23,975,1.0,1.0
143,2,21,977,1.0,1.0
144,2,19,979,1.0,1.0
145,2,18,980,1.0,1.0
146,2,16,982,1.0,1.0
147,2,16,982,1.0,1.0
148,2,16,982,1.0,1.0
149,2,16,982,1.0,1.0
150,2,16,982,1.0,1.0
151,2,16,982,1.0,1.0
152,2,14,984,1.0,1.0
153,2,13,985,1.0,1.0
154,2,12,986,1.0,1.0
155,2,10,988,1.0,1.0
156,2,9,989,1.0,1.0
157,2,9,989,1.0,1.0
158,2,9,989,1.0,1.0
159,2,8,990,1.0,1.0
160,2,8,990,1.0,1.0
161,2,7,991,1.0,1.0
162,2,7,991,1.0,1.0
163,2,7,991,1.0,1.0
164,2,7,991,1.0,1.0
165,2,6,992,1.0,1.0
166,2,6,992,1.0,1.0
167,2,5,993,1.0,1.0
168,2,5,993,1.0,1.0
169,2,5,993,1.0,1.0
170,2,5,993,1.0,1.0
171,2,5,993,1.0,1.0
172,2,5,993,1.0,1.0
173,2,5,993,1.0,1.0
174,2,5,993,1.0,1.0
175,2,5,993,1.0,1.0
176,2,5,993,1.0,1.0
177,2,5,993,1.0,1.0
178,2,5,993,1.0,1.0
179,2,5,993,1.0,1.0
180,2,5,993,1.0,1.0
181,2,5,993,1.0,1.0
182,2,5,993,1.0,1.0
183,2,5,993,1.0,1.0
184,2,5,993,1.0,1.0
185,2,5,993,1.0,1.0
186,2,5,993,1.0,1.0
187,2,5,993,1.0,1.0
188,2,5,993,1.0,1.0
189,2,5,993,1.0,1.0
190,2,5,993,1.0,1.0
191,2,5,993,1.0,1.0
192,2,5,993,1.0,1.0
193,2,5,993,1.0,1.0
194,2,5,993,1.0,1.0
195,2,5,993,1.0,1.0
196,2,4,994,1.0,1.0
197,2,4,994,1.0,1.0
198,2,4,994,1.0,1.0
199,2,4,994,1.0,1.0
200,2,4,994,1.0,1.0
1,999,1,0,1.0,1.0
2,995,5,0,0.9961428571428571,0.9980396487934176
3,992,8,0,0.9945714285714286,0.9972243146638309
4,990,9,1,0.9938571428571429,0.9968810492339905
5,987,12,1,0.9925714285714285,0.996243407346572
6,987,11,2,0.9934285714285714,0.9966831904611272
7,983,15,2,0.9895714285714285,0.9947223024118482
8,978,18,4,0.989,0.9944072988641737
9,975,20,5,0.9888571428571429,0.994324123337698
10,968,26,6,0.9888571428571429,0.9943026892893204
11,964,30,6,0.988,0.9938517283708888
12,955,37,8,0.982,0.990653575969252
13,946,44,10,0.9797142857142858,0.9893234900074844
14,938,50,12,0.9741428571428571,0.9862358376186294
15,927,56,17,0.9695714285714285,0.9835953035267713
16,920,61,19,0.965,0.9809380708805261
17,911,68,21,0.9621428571428572,0.9791938459078641
18,898,81,21,0.9557142857142857,0.9753373269815037
19,888,89,23,0.9541428571428572,0.9741508557685028
20,874,99,27,0.9491428571428572,0.970874954452825
21,860,110,30,0.941,0.9656644768819872
22,843,127,30,0.9342857142857143,0.9609125226876954
23,829,133,38,0.9365714285714286,0.9616500177133116
24,817,140,43,0.937,0.9613300060632483
25,805,145,50,0.9371428571428572,0.9608353508627532
26,785,157,58,0.9334285714285714,0.9575403321544198
27,770,166,64,0.933,0.9564522662211739
28,753,175,72,0.9262857142857143,0.9510206713188901
29,740,183,77,0.9208571428571428,0.9464789049715521
30,722,195,83,0.9181428571428571,0.9432353955858926
31,701,211,88,0.9112857142857143,0.9366668411027309
32,680,219,101,0.9141428571428571,0.9366884157509159
33,651,240,109,0.902,0.9245588640749932
34,632,256,112,0.8944285714285715,0.9162308880465527
35,604,268,128,0.893,0.9111930839579846
36,581,278,141,0.8888571428571429,0.9040800564896949
37,560,286,154,0.885,0.8969095859497644
38,517,317,166,0.8762857142857143,0.8801650477182392
39,496,319,185,0.8818571428571429,0.8807173505258182
40,462,336,202,0.8755714285714286,0.8651840223268794
41,424,364,212,0.8645714285714285,0.8397742587601078
42,399,379,222,0.8625714285714285,0.8270286522166221
43,371,385,244,0.8631428571428571,0.8146446096580866
44,344,397,259,0.8657142857142858,0.8041171522276174
45,313,414,273,0.8652857142857143,0.784113330758698
46,290,414,296,0.8677142857142857,0.7712959454338765
47,257,419,324,0.8815714285714286,0.7693134362395062
48,238,423,339,0.891,0.7707044356204019
49,222,422,356,0.8955714285714286,0.7645414645414644
50,209,418,373,0.9037142857142857,0.7687347739979319
51,190,416,394,0.9127142857142857,0.7696173125120493
52,173,414,413,0.9164285714285715,0.7576573715302038
53,160,408,432,0.9231428571428572,0.7590041208791207
54,149,396,455,0.931,0.7672468471126188
55,134,394,472,0.9371428571428572,0.7644046252255207
56,121,396,483,0.9408571428571428,0.7552235643144734
57,109,393,498,0.9472857142857143,0.7578922606445543
58,101,390,509,0.953,0.7664780763790663
59,90,389,521,0.9577142857142857,0.7636426536426537
60,79,390,531,0.9592857142857143,0.7403788194927435
61,73,376,551,0.9651428571428572,0.7593958552862663
62,70,362,568,0.9694285714285714,0.7797959183673469
63,67,353,580,0.9721428571428572,0.7911759881909135
64,62,341,597,0.9727142857142858,0.7786895899799124
65,59,334,607,0.9754285714285714,0.7905320668032532
66,53,324,623,0.9748571428571429,0.7618632939387657
67,49,315,636,0.9762857142857143,0.7574194512970023
68,46,308,646,0.98,0.7812947921643574
69,42,305,653,0.9812857142857143,0.7767835339263909
70,37,297,666,0.9824285714285714,0.7614394614394615
71,35,288,677,0.983,0.7558765044479331
72,30,281,689,0.9854285714285714,0.7525763125763126
73,28,274,698,0.9867142857142858,0.7578623757195186
74,26,266,708,0.9877142857142858,0.7602986756832911
75,23,253,724,0.9907142857142858,0.794489568402612
76,22,247,731,0.9915714285714285,0.8046287046287047
77,20,241,739,0.9928571428571429,0.8167582417582416
78,18,234,748,0.995,0.8580586080586081
79,17,231,752,0.9954285714285714,0.8626373626373626
80,15,224,761,0.9965714285714286,0.8835164835164836
81,14,213,773,0.9967142857142857,0.8802982731554161
82,11,209,780,0.9972857142857143,0.8736263736263736
83,11,199,790,0.9972857142857143,0.8736263736263736
84,11,194,795,0.9972857142857143,0.8736263736263736
85,11,189,800,0.9972857142857143,0.8736263736263736
86,10,179,811,0.998,0.8967032967032967
87,10,172,818,0.9981428571428571,0.9043956043956044
88,10,165,825,0.9982857142857143,0.9115384615384615
89,9,158,833,0.9988571428571429,0.9358974358974359
90,8,150,842,0.9988571428571429,0.9278846153846154
91,7,148,845,0.9991428571428571,0.9379905808477237
92,6,142,852,0.9997142857142857,0.9743589743589745
93,6,138,856,0.9997142857142857,0.9743589743589745
94,6,131,863,0.9998571428571429,0.9871794871794872
95,6,126,868,0.9998571428571429,0.9871794871794872
96,6,119,875,0.9998571428571429,0.9871794871794872
97,6,114,880,0.9998571428571429,0.9871794871794872
98,6,106,888,0.9998571428571429,0.9871794871794872
99,6,100,894,0.9998571428571429,0.9871794871794872
100,6,93,901,0.9998571428571429,0.9871794871794872
101,6,86,908,0.9998571428571429,0.9871794871794872
102,6,84,910,0.9998571428571429,0.9871794871794872
103,5,83,912,0.9998571428571429,0.9846153846153847
104,5,82,913,0.9998571428571429,0.9846153846153847
105,5,75,920,0.9998571428571429,0.9846153846153847
106,5,72,923,0.9998571428571429,0.9846153846153847
107,5,70,925,0.9998571428571429,0.9846153846153847
108,5,69,926,0.9998571428571429,0.9846153846153847
109,5,68,927,0.9998571428571429,0.9846153846153847
110,5,65,930,0.9998571428571429,0.9846153846153847
111,5,63,932,0.9998571428571429,0.9846153846153847
112,5,61,934,0.9998571428571429,0.9846153846153847
113,5,59,936,0.9998571428571429,0.9846153846153847
114,5,57,938,0.9998571428571429,0.9846153846153847
115,5,56,939,0.9998571428571429,0.9846153846153847
116,5,51,944,0.9998571428571429,0.9846153846153847
117,5,48,947,0.9998571428571429,0.9846153846153847
118,5,47,948,1.0,1.0
119,5,45,950,1.0,1.0
120,5,44,951,1.0,1.0
121,5,41,954,1.0,1.0
122,5,39,956,1.0,1.0
123,5,37,958,1.0,1.0
124,5,36,959,1.0,1.0
125,5,35,960,1.0,1.0
126,5,34,961,1.0,1.0
127,5,33,962,1.0,1.0
128,5,32,963,1.0,1.0
129,5,30,965,1.0,1.0
130,5,29,966,1.0,1.0
131,5,27,968,1.0,1.0
132,5,27,968,1.0,1.0
133,5,25,970,1.0,1.0
134,5,25,970,1.0,1.0
135,5,23,972,1.0,1.0
136,4,24,972,1.0,1.0
137,4,24,972,1.0,1.0
138,4,23,973,1.0,1.0
139,4,22,974,1.0,1.0
140,4,22,974,1.0,1.0
141,4,21,975,1.0,1.0
142,4,20,976,1.0,1.0
143,4,20,976,1.0,1.0
144,4,18,978,1.0,1.0
145,4,18,978,1.0,1.0
146,4,17,979,1.0,1.0
147,4,17,979,1.0,1.0
148,4,17,979,1.0,1.0
149,4,16,980,1.0,1.0
150,4,16,980,1.0,1.0
151,4,15,981,1.0,1.0
152,4,15,981,1.0,1.0
153,4,14,982,1.0,1.0
154,4,14,982,1.0,1.0
155,4,14,982,1.0,1.0
156,4,13,983,1.0,1.0
157,4,13,983,1.0,1.0
158,4,12,984,1.0,1.0
159,4,12,984,1.0,1.0
160,4,12,984,1.0,1.0
161,4,10,986,1.0,1.0
162,4,9,987,1.0,1.0
163,4,8,988,1.0,1.0
164,4,8,988,1.0,1.0
165,4,8,988,1.0,1.0
166,4,8,988,1.0,1.0
167,4,7,989,1.0,1.0
168,4,7,989,1.0,1.0
169,4,7,989,1.0,1.0
170,4,7,989,1.0,1.0
171,4,7,989,1.0,1.0
172,4,6,990,1.0,1.0
173,4,6,990,1.0,1.0
174,4,5,991,1.0,1.0
175,4,5,991,1.0,1.0
176,4,5,991,1.0,1.0
177,4,5,991,1.0,1.0
178,4,5,991,1.0,1.0
179,4,5,991,1.0,1.0
180,4,5,991,1.0,1.0
181,4,5,991,1.0,1.0
182,4,4,992,1.0,1.0
183,4,4,992,1.0,1.0
184,4,4,992,1.0,1.0
185,4,4,992,1.0,1.0
186,4,3,993,1.0,1.0
187,4,3,993,1.0,1.0
188,4,3,993,1.0,1.0
189,4,2,994,1.0,1.0
190,4,2,994,1.0,1.0
191,4,2,994,1.0,1.0
192,4,2,994,1.0,1.0
193,4,2,994,1.0,1.0
194,4,2,994,1.0,1.0
195,4,2,994,1.0,1.0
196,4,2,994,1.0,1.0
197,4,2,994,1.0,1.0
198,4,2,994,1.0,1.0
199,4,2,994,1.0,1.0
200,4,2,994,1.0,1.0
1,999,1,0,1.0,1.0
2,999,1,0,1.0,1.0
3,999,1,0,1.0,1.0
4,998,2,0,0.9991428571428571,0.9995698356419799
5,997,3,0,0.9982857142857143,0.9991388083664914
6,995,4,1,0.9975714285714286,0.99877261766709
7,994,5,1,0.9962857142857143,0.998128698933528
8,993,6,1,0.9951428571428571,0.9975561531452771
9,992,7,1,0.9944285714285714,0.9972032671629446
10,990,8,2,0.994,0.996965996965997
11,988,9,3,0.9945714285714286,0.9972386587771204
12,986,11,3,0.9925714285714285,0.9962277749296005
13,982,14,4,0.9911428571428571,0.9954771976156905
14,980,15,5,0.9908571428571429,0.9953221948119907
15,975,20,5,0.9884285714285714,0.994059171597633
16,972,21,7,0.9885714285714285,0.9941079154042117
17,969,22,9,0.989,0.9943066565357587
18,966,24,10,0.9895714285714285,0.9946124269105636
19,963,27,10,0.988,0.9937846853734704
20,957,30,13,0.989,0.9942509597682012
21,950,34,16,0.9885714285714285,0.9940127241179872
22,945,38,17,0.9842857142857143,0.9917061069442022
23,938,44,18,0.9812857142857143,0.9900255394924904
24,927,55,18,0.973,0.985465887043557
25,917,63,20,0.9762857142857143,0.9870981481259562
26,902,76,22,0.9688571428571429,0.9827726135652967
27,890,85,25,0.9622857142857143,0.9788311828620817
28,883,91,26,0.9588571428571429,0.9767318892885144
29,864,107,29,0.9495714285714286,0.9708013774420025
30,851,114,35,0.9464285714285714,0.968525770156205
31,822,137,41,0.9294285714285714,0.9570362423464612
32,809,140,51,0.9254285714285714,0.9539847616330929
33,787,157,56,0.9192857142857143,0.9487694378895143
34,766,172,62,0.9137142857142857,0.9437489240524487
35,738,192,70,0.9014285714285715,0.9332846297785322
36,715,208,77,0.8934285714285715,0.9255974154051076
37,686,224,90,0.8817142857142857,0.9139575257104412
38,657,245,98,0.8735714285714286,0.9039864435412381
39,627,263,110,0.87,0.8964682247576985
40,602,283,115,0.8638571428571429,0.8869572426466114
41,569,297,134,0.8634285714285714,0.880105995352041
42,536,315,149,0.8561428571428571,0.8659828433382538
43,496,339,165,0.8554285714285714,0.8545227202233251
44,465,352,183,0.8484285714285714,0.8372072551104809
45,430,369,201,0.851,0.8269536374478234
46,406,381,213,0.8514285714285714,0.8169954122232447
47,367,402,231,0.8438571428571429,0.7872442385044565
48,344,409,247,0.8495714285714285,0.7813047054689495
49,315,418,267,0.8615714285714285,0.7803603407174835
50,295,416,289,0.8655714285714285,0.7724391568883093
51,270,423,307,0.8717142857142857,0.7627204585537919
52,247,435,318,0.8774285714285714,0.7520700790437633
53,224,439,337,0.8888571428571429,0.7525722789115645
54,204,448,348,0.8947142857142857,0.7422026502908855
55,177,459,364,0.9038571428571428,0.7282661782661782
56,161,459,380,0.9145714285714286,0.7347598571201054
57,147,451,402,0.9254285714285714,0.7468042161919712
58,136,445,419,0.9311428571428572,0.7469887955182072
59,127,424,449,0.938,0.7557238037552998
60,118,417,465,0.9445714285714286,0.7653101136151984
61,111,408,481,0.9475714285714286,0.7636306636306639
62,107,393,500,0.9481428571428572,0.7573687994248742
63,95,392,513,0.953,0.7520204357046463
64,87,386,527,0.9592857142857143,0.7652414635173256
65,85,369,546,0.964,0.7874854557207499
66,78,367,555,0.9644285714285714,0.7705738705738705
67,65,363,572,0.968,0.7524683009298394
68,63,345,592,0.9701428571428572,0.7613262398976683
69,58,331,611,0.9738571428571429,0.772536945812808
70,50,322,628,0.979,0.7879010989010989
71,45,310,645,0.9821428571428571,0.7996011396011394
72,44,300,656,0.984,0.8162753912753911
73,41,290,669,0.9862857142857143,0.8307066916823013
74,38,277,685,0.989,0.8534894929631772
75,34,269,697,0.9901428571428571,0.853706097823745
76,31,264,705,0.9902857142857143,0.84129150419473
77,31,254,715,0.9908571428571429,0.850531726338178
78,31,248,721,0.9918571428571429,0.8668380007089685
79,30,239,731,0.9924285714285714,0.871923076923077
80,29,230,741,0.9934285714285714,0.8849627384110144
81,28,226,746,0.9937142857142857,0.8859563055991628
82,27,217,756,0.9941428571428571,0.8902794736128071
83,27,210,763,0.9942857142857143,0.8929249762583097
84,23,205,772,0.9944285714285714,0.8766523331740723
85,21,199,780,0.9952857142857143,0.8853130995988139
86,20,193,787,0.9951428571428571,0.8751373626373627
87,20,187,793,0.9952857142857143,0.8789835164835166
88,18,180,802,0.9961428571428571,0.8915852665852666
89,18,174,808,0.9964285714285714,0.8995217745217745
90,18,167,815,0.9965714285714286,0.9034900284900286
91,17,162,821,0.9971428571428571,0.9146196940314588
92,16,159,825,0.9971428571428571,0.909283424908425
93,16,151,833,0.9975714285714286,0.9234203296703297
94,16,147,837,0.9975714285714286,0.9234203296703297
95,16,143,841,0.9977142857142857,0.9278846153846154
96,16,142,842,0.9978571428571429,0.9323489010989011
97,14,142,844,0.9985714285714286,0.9481946624803769
98,13,139,848,0.9982857142857143,0.933220625528318
99,13,131,856,0.9982857142857143,0.933220625528318
100,13,123,864,0.9982857142857143,0.933220625528318
101,10,121,869,0.9985714285714286,0.9274725274725275
102,9,117,874,0.9985714285714286,0.9194139194139195
103,8,113,879,0.9988571428571429,0.9271978021978022
104,8,108,884,0.9988571428571429,0.9271978021978022
105,8,104,888,0.9988571428571429,0.9271978021978022
106,8,99,893,0.9988571428571429,0.9271978021978022
107,8,93,899,0.9988571428571429,0.9271978021978022
108,8,88,904,0.9988571428571429,0.9271978021978022
109,8,85,907,0.9988571428571429,0.9271978021978022
110,8,81,911,0.9988571428571429,0.9271978021978022
111,8,74,918,0.9991428571428571,0.945054945054945
112,8,73,919,0.9991428571428571,0.945054945054945
113,7,71,922,0.9991428571428571,0.9372056514913657
114,6,69,925,0.9994285714285714,0.9505494505494506
115,4,68,928,0.9997142857142857,0.9615384615384616
116,4,64,932,0.9997142857142857,0.9615384615384616
117,4,61,935,0.9997142857142857,0.9615384615384616
118,4,57,939,0.9997142857142857,0.9615384615384616
119,4,53,943,0.9997142857142857,0.9615384615384616
120,4,51,945,0.9997142857142857,0.9615384615384616
121,4,50,946,0.9998571428571429,0.9807692307692308
122,4,48,948,0.9998571428571429,0.9807692307692308
123,4,45,951,0.9998571428571429,0.9807692307692308
124,4,42,954,0.9998571428571429,0.9807692307692308
125,4,41,955,0.9998571428571429,0.9807692307692308
126,4,39,957,1.0,1.0
127,4,39,957,1.0,1.0
128,4,38,958,1.0,1.0
129,3,39,958,1.0,1.0
130,3,36,961,1.0,1.0
131,3,35,962,1.0,1.0
132,3,35,962,1.0,1.0
133,3,35,962,1.0,1.0
134,3,33,964,1.0,1.0
135,3,31,966,1.0,1.0
136,3,31,966,1.0,1.0
137,3,30,967,1.0,1.0
138,3,27,970,1.0,1.0
139,3,26,971,1.0,1.0
140,3,25,972,1.0,1.0
141,3,25,972,1.0,1.0
142,3,24,973,1.0,1.0
143,3,23,974,1.0,1.0
144,3,23,974,1.0,1.0
145,3,23,974,1.0,1.0
146,3,20,977,1.0,1.0
147,3,16,981,1.0,1.0
148,3,13,984,1.0,1.0
149,3,13,984,1.0,1.0
150,3,12,985,1.0,1.0
151,3,12,985,1.0,1.0
152,3,10,987,1.0,1.0
153,3,10,987,1.0,1.0
154,3,10,987,1.0,1.0
155,3,10,987,1.0,1.0
156,3,10,987,1.0,1.0
157,3,10,987,1.0,1.0
158,3,10,987,1.0,1.0
159,3,9,988,1.0,1.0
160,3,8,989,1.0,1.0
161,3,8,989,1.0,1.0
162,3,3,994,1.0,1.0
163,3,3,994,1.0,1.0
164,3,3,994,1.0,1.0
165,3,3,994,1.0,1.0
166,3,2,995,1.0,1.0
167,3,2,995,1.0,1.0
168,3,2,995,1.0,1.0
169,3,2,995,1.0,1.0
170,3,2,995,1.0,1.0
171,3,2,995,1.0,1.0
172,3,2,995,1.0,1.0
173,3,2,995,1.0,1.0
174,3,2,995,1.0,1.0
175,3,2,995,1.0,1.0
176,3,1,996,1.0,1.0
177,3,1,996,1.0,1.0
178,3,1,996,1.0,1.0
179,3,1,996,1.0,1.0
180,3,1,996,1.0,1.0
181,3,0,997,1.0,1.0
182,3,0,997,1.0,1.0
183,3,0,997,1.0,1.0
184,3,0,997,1.0,1.0
185,3,0,997,1.0,1.0
186,3,0,997,1.0,1.0
187,3,0,997,1.0,1.0
188,3,0,997,1.0,1.0
189,3,0,997,1.0,1.0
190,3,0,997,1.0,1.0
191,3,0,997,1.0,1.0
192,3,0,997,1.0,1.0
193,3,0,997,1.0,1.0
194,3,0,997,1.0,1.0
195,3,0,997,1.0,1.0
196,3,0,997,1.0,1.0
197,3,0,997,1.0,1.0
198,3,0,997,1.0,1.0
199,3,0,997,1.0,1.0
200,3,0,997,1.0,1.0
1,997,3,0,0.9977142857142857,0.9988459885149956
2,995,5,0,0.9965714285714286,0.9982432308060448
3,994,6,0,0.996,0.9979650798564279
4,994,6,0,0.996,0.9979650798564279
5,992,8,0,0.9948571428571429,0.9974063570837765
6,990,10,0,0.9938571428571429,0.9969016169016169
7,988,12,0,0.9928571428571429,0.9963781495158014
8,984,16,0,0.991,0.9954286905506418
9,977,22,1,0.9845714285714285,0.992127354051612
10,970,26,4,0.9834285714285714,0.991500320984857
11,963,30,7,0.9807142857142858,0.9900554965975527
12,957,35,8,0.9774285714285714,0.9882864262174608
13,948,43,9,0.9731428571428572,0.9858866168992751
14,941,48,11,0.9695714285714285,0.9839041935747568
15,933,55,12,0.9662857142857143,0.9820073103031304
16,926,59,15,0.9645714285714285,0.9809911470818599
17,917,64,19,0.964,0.9804906108068594
18,910,68,22,0.9641428571428572,0.9804061506259308
19,896,78,26,0.9582857142857143,0.9767893936420722
20,885,86,29,0.9561428571428572,0.9753001800459428
21,865,104,31,0.9482857142857143,0.9702037942789388
22,855,107,38,0.9497142857142857,0.9706611614506351
23,840,117,43,0.9442857142857143,0.966851888191174
24,815,136,49,0.9348571428571428,0.9600105058540641
25,800,146,54,0.9327142857142857,0.9578685325091576
26,781,155,64,0.9347142857142857,0.9581563389661981
27,762,165,73,0.9324285714285714,0.9555896258160037
28,748,172,80,0.9304285714285714,0.9533678943605414
29,734,179,87,0.932,0.9535446048048228
30,711,193,96,0.9272857142857143,0.9487077093089751
31,688,210,102,0.9215714285714286,0.9428090925547322
32,672,220,108,0.9214285714285714,0.9412201018227804
33,655,228,117,0.9185714285714286,0.9374333808684953
34,635,239,126,0.9155714285714286,0.9332504110063164
35,614,247,139,0.9088571428571428,0.9254469132930043
36,592,262,146,0.9025714285714286,0.9174652416839917
37,563,280,157,0.8981428571428571,0.9093158543646999
38,541,294,165,0.8935714285714286,0.9012734185100175
39,514,307,179,0.89,0.892768418352076
40,489,322,189,0.8918571428571429,0.8890727881525428
41,462,332,206,0.8922857142857142,0.8828868843574726
42,436,345,219,0.8941428571428571,0.878367546736408
43,406,363,231,0.8892857142857142,0.8634222123862807
44,379,369,252,0.8888571428571429,0.8533249589667409
45,356,374,270,0.8892857142857142,0.8443400782957954
46,328,389,283,0.889,0.8307094097019672
47,307,396,297,0.884,0.8106291940479525
48,289,400,311,0.8874285714285715,0.8049157072996886
49,262,410,328,0.8878571428571429,0.7859756879851177
50,239,417,344,0.8915714285714286,0.7730117409049232
51,216,420,364,0.8941428571428571,0.7547355694414518
52,195,426,379,0.8962857142857142,0.733274106486776
53,178,430,392,0.9015714285714286,0.7228297369077276
54,159,432,409,0.9121428571428571,0.722361532905373
55,146,430,424,0.9171428571428571,0.7152904575950507
56,139,428,433,0.9208571428571428,0.7148298168188137
57,130,423,447,0.925,0.7109551157741203
58,114,413,473,0.9354285714285714,0.7157926868453182
59,101,409,490,0.9414285714285714,0.7086842200703584
60,94,395,511,0.9468571428571428,0.7167757774140752
61,81,397,522,0.9508571428571428,0.6971668249446027
62,76,374,550,0.9564285714285714,0.714102564102564
63,70,361,569,0.9588571428571429,0.7072553636839349
64,62,346,592,0.9658571428571429,0.7252038284296347
65,59,336,605,0.9672857142857143,0.7235363506549947
66,54,325,621,0.9704285714285714,0.7271604938271602
67,46,321,633,0.9767142857142858,0.7480092371396718
68,44,308,648,0.9781428571428571,0.7523559773559773
69,36,297,667,0.9832857142857143,0.7684574684574685
70,31,289,680,0.986,0.7752924494859981
71,28,277,695,0.9877142857142858,0.781658817373103
72,24,269,707,0.9907142857142858,0.8061813186813186
73,21,265,714,0.9921428571428571,0.8113378684807258
74,19,256,725,0.9934285714285714,0.8262193946404474
75,19,240,741,0.9944285714285714,0.8531135531135532
76,17,233,750,0.9951428571428571,0.8568411980176686
77,17,228,755,0.9951428571428571,0.8568411980176686
78,17,216,767,0.9952857142857143,0.8610428786899375
79,14,213,773,0.9967142857142857,0.8830716902145473
80,13,204,783,0.9972857142857143,0.8956889264581573
81,12,194,794,0.9974285714285714,0.8925518925518925
82,12,187,801,0.9977142857142857,0.904059829059829
83,11,177,812,0.9981428571428571,0.9143856143856144
84,9,174,817,0.999,0.9443630443630444
85,7,171,822,0.9988571428571429,0.9158817373103088
86,5,166,829,0.9992857142857143,0.9261904761904762
87,4,165,831,0.9997142857142857,0.9613095238095238
88,4,155,841,0.9997142857142857,0.9613095238095238
89,4,146,850,0.9998571428571429,0.9821428571428572
90,4,139,857,0.9998571428571429,0.9821428571428572
91,4,134,862,0.9998571428571429,0.9821428571428572
92,4,129,867,0.9998571428571429,0.9821428571428572
93,4,118,878,0.9998571428571429,0.9821428571428572
94,3,116,881,0.9998571428571429,0.9761904761904763
95,3,111,886,0.9998571428571429,0.9761904761904763
96,2,106,892,0.9998571428571429,0.9642857142857143
97,2,99,899,0.9998571428571429,0.9642857142857143
98,2,94,904,0.9998571428571429,0.9642857142857143
99,2,91,907,0.9998571428571429,0.9642857142857143
100,2,87,911,0.9998571428571429,0.9642857142857143
101,2,85,913,1.0,1.0
102,2,82,916,1.0,1.0
103,2,81,917,1.0,1.0
104,2,77,921,1.0,1.0
105,2,71,927,1.0,1.0
106,2,68,930,1.0,1.0
107,2,66,932,1.0,1.0
108,2,65,933,1.0,1.0
109,2,63,935,1.0,1.0
110,2,61,937,1.0,1.0
111,2,61,937,1.0,1.0
112,2,58,940,1.0,1.0
113,2,54,944,1.0,1.0
114,2,53,945,1.0,1.0
115,2,51,947,1.0,1.0
116,2,48,950,1.0,1.0
117,2,47,951,1.0,1.0
118,2,45,953,1.0,1.0
119,2,40,958,1.0,1.0
120,2,38,960,1.0,1.0
121,2,36,962,1.0,1.0
122,2,36,962,1.0,1.0
123,2,36,962,1.0,1.0
124,2,32,966,1.0,1.0
125,2,31,967,1.0,1.0
126,2,31,967,1.0,1.0
127,2,31,967,1.0,1.0
128,2,28,970,1.0,1.0
129,2,25,973,1.0,1.0
130,2,25,973,1.0,1.0
131,2,25,973,1.0,1.0
132,2,25,973,1.0,1.0
133,2,24,974,1.0,1.0
134,2,24,974,1.0,1.0
135,2,24,974,1.0,1.0
136,2,24,974,1.0,1.0
137,2,23,975,1.0,1.0
138,2,23,975,1.0,1.0
139,2,21,977,1.0,1.0
140,2,20,978,1.0,1.0
141,2,19,979,1.0,1.0
142,2,19,979,1.0,1.0
143,2,19,979,1.0,1.0
144,2,17,981,1.0,1.0
145,2,16,982,1.0,1.0
146,2,14,984,1.0,1.0
147,2,14,984,1.0,1.0
148,2,13,985,1.0,1.0
149,2,13,985,1.0,1.0
150,2,12,986,1.0,1.0
151,2,11,987,1.0,1.0
152,2,11,987,1.0,1.0
153,2,10,988,1.0,1.0
154,2,10,988,1.0,1.0
155,2,10,988,1.0,1.0
156,2,10,988,1.0,1.0
157,2,10,988,1.0,1.0
158,2,10,988,1.0,1.0
159,2,9,989,1.0,1.0
160,2,9,989,1.0,1.0
161,2,9,989,1.0,1.0
162,2,9,989,1.0,1.0
163,2,9,989,1.0,1.0
164,2,9,989,1.0,1.0
165,2,9,989,1.0,1.0
166,2,9,989,1.0,1.0
167,2,7,991,1.0,1.0
168,2,7,991,1.0,1.0
169,2,7,991,1.0,1.0
170,2,7,991,1.0,1.0
171,2,6,992,1.0,1.0
172,2,6,992,1.0,1.0
173,2,6,992,1.0,1.0
174,2,5,993,1.0,1.0
175,2,5,993,1.0,1.0
176,2,5,993,1.0,1.0
177,2,5,993,1.0,1.0
178,2,5,993,1.0,1.0
179,2,5,993,1.0,1.0
180,2,5,993,1.0,1.0
181,2,5,993,1.0,1.0
182,2,5,993,1.0,1.0
183,2,4,994,1.0,1.0
184,2,4,994,1.0,1.0
185,2,4,994,1.0,1.0
186,2,4,994,1.0,1.0
187,2,4,994,1.0,1.0
188,2,3,995,1.0,1.0
189,2,3,995,1.0,1.0
190,2,3,995,1.0,1.0
191,2,3,995,1.0,1.0
192,2,3,995,1.0,1.0
193,2,3,995,1.0,1.0
194,2,3,995,1.0,1.0
195,2,3,995,1.0,1.0
196,2,3,995,1.0,1.0
197,2,3,995,1.0,1.0
198,2,2,996,1.0,1.0
199,2,2,996,1.0,1.0
200,2,2,996,1.0,1.0
1,998,2,0,0.9982857142857143,0.9991602252123294
2,998,2,0,0.9982857142857143,0.9991602252123294
3,997,3,0,0.9972857142857143,0.9986626546305584
4,996,4,0,0.9967142857142857,0.9983744501816791
5,995,4,1,0.9967142857142857,0.9983728164632687
6,993,5,2,0.9967142857142857,0.9983599482088908
7,992,6,2,0.9962857142857143,0.9981422811059908
8,987,11,2,0.9927142857142857,0.9963214090873665
9,987,10,3,0.9934285714285714,0.9966832559537727
10,983,13,4,0.9914285714285714,0.9956461307427736
11,979,17,4,0.9892857142857143,0.9945372979080845
12,973,20,7,0.9865714285714285,0.9931035391467046
13,969,24,7,0.9847142857142858,0.9921128235369722
14,959,32,9,0.983,0.9911516880755671
15,948,39,13,0.98,0.9894644209517628
16,940,46,14,0.9752857142857143,0.9869010599329748
17,928,57,15,0.9731428571428572,0.9855804755589238
18,916,67,17,0.9671428571428572,0.9820444339139753
19,907,71,22,0.9655714285714285,0.9810168974722447
20,891,82,27,0.9561428571428572,0.9753449225671448
21,881,90,29,0.9548571428571428,0.9742752990482842
22,866,103,31,0.9467142857142857,0.9690823033779152
23,849,115,36,0.9382857142857143,0.963555917972879
24,826,132,42,0.9342857142857143,0.9601996470035211
25,810,144,46,0.9331428571428572,0.9587618143173698
26,796,153,51,0.9311428571428572,0.9568336186426639
27,776,167,57,0.9214285714285714,0.9494982251425551
28,756,178,66,0.9184285714285715,0.9461330116092022
29,728,197,75,0.9144285714285715,0.9412792335869259
30,703,206,91,0.9101428571428571,0.9361569203674467
31,682,220,98,0.8995714285714286,0.9263916191335546
32,656,238,106,0.8965714285714286,0.9211116881086393
33,632,252,116,0.8897142857142857,0.9127022041776789
34,615,257,128,0.8928571428571429,0.9128174603174604
35,590,271,139,0.8918571428571429,0.9081063357546408
36,564,284,152,0.8912857142857142,0.9034378003792898
37,530,310,160,0.8812857142857143,0.8878704471629
38,498,334,168,0.8715714285714286,0.8708439987054445
39,459,357,184,0.8632857142857143,0.8508300613692771
40,431,363,206,0.8685714285714285,0.8472021791047313
41,403,375,222,0.8671428571428571,0.8345490324398513
42,374,388,238,0.8731428571428571,0.8297265234765235
43,343,404,253,0.8761428571428571,0.8185128525507535
44,321,413,266,0.8772857142857143,0.8079671756073624
45,298,419,283,0.8812857142857143,0.7996366189738674
46,279,419,302,0.8891428571428571,0.8000260939777069
47,257,423,320,0.8852857142857142,0.775777853793418
48,239,421,340,0.8894285714285715,0.7671402516590802
49,213,436,351,0.894,0.7492639598273398
50,195,431,374,0.8972857142857142,0.7346801916032685
51,178,435,387,0.9028571428571428,0.7258591595670247
52,161,435,404,0.9122857142857143,0.7261916137692535
53,143,438,419,0.918,0.7124145085683546
54,126,442,432,0.9285714285714286,0.7160779696493981
55,119,430,451,0.9307142857142857,0.7076076584479943
56,110,414,476,0.9381428571428572,0.7178338328338326
57,100,408,492,0.9448571428571428,0.7228626373626372
58,92,395,513,0.9495714285714286,0.7245799490364706
59,86,387,527,0.9518571428571428,0.7182681659425846
60,79,380,541,0.9552857142857143,0.7155793573515092
61,72,373,555,0.9572857142857143,0.7018060643060643
62,70,357,573,0.962,0.7272867608581893
63,68,345,587,0.9634285714285714,0.7297699849170438
64,64,329,607,0.9667142857142857,0.73897951007326
65,59,317,624,0.971,0.7528124417954928
66,54,315,631,0.9742857142857143,0.7613519196852531
67,52,302,646,0.9777142857142858,0.7856684981684984
68,49,297,654,0.9788571428571429,0.7843051506316813
69,46,288,666,0.9802857142857143,0.786263736263736
70,41,281,678,0.9828571428571429,0.7905476637183955
71,40,273,687,0.9834285714285714,0.7924542124542124
72,35,264,701,0.9841428571428571,0.7731658817373103
73,33,252,715,0.9855714285714285,0.7810633810633811
74,30,249,721,0.9864285714285714,0.7738217338217337
75,28,241,731,0.9872857142857143,0.7727760334903193
76,27,229,744,0.9884285714285714,0.7855243521910189
77,26,222,752,0.9898571428571429,0.8047478162862779
78,24,217,759,0.9908571428571429,0.809508547008547
79,21,214,765,0.9921428571428571,0.8134310134310135
80,19,208,773,0.9935714285714285,0.8296317717370348
81,17,199,784,0.9944285714285714,0.8347985347985347
82,17,196,787,0.9944285714285714,0.8347985347985347
83,16,189,795,0.9945714285714286,0.8289377289377289
84,15,186,799,0.995,0.8318192918192918
85,12,184,804,0.996,0.8333333333333334
86,11,180,809,0.996,0.8181818181818182
87,10,171,819,0.9965714285714286,0.8285714285714286
88,10,161,829,0.9968571428571429,0.8428571428571429
89,10,154,836,0.9968571428571429,0.8428571428571429
90,10,150,840,0.9968571428571429,0.8428571428571429
91,10,149,841,0.9968571428571429,0.8428571428571429
92,9,138,853,0.998,0.8888888888888888
93,8,134,858,0.998,0.875
94,8,131,861,0.998,0.875
95,7,125,868,0.9981428571428571,0.8673469387755102
96,6,122,872,0.9984285714285714,0.8690476190476191
97,6,117,877,0.9985714285714286,0.8809523809523809
98,6,112,882,0.9985714285714286,0.8809523809523809
99,6,105,889,0.9985714285714286,0.8809523809523809
100,6,104,890,0.9985714285714286,0.8809523809523809
101,6,99,895,0.9987142857142857,0.8928571428571428
102,6,96,898,0.9987142857142857,0.8928571428571428
103,6,94,900,0.9988571428571429,0.9047619047619048
104,6,92,902,0.9988571428571429,0.9047619047619048
105,6,87,907,0.9991428571428571,0.9285714285714287
106,5,87,908,0.9994285714285714,0.9428571428571428
107,4,85,911,0.9994285714285714,0.9285714285714286
108,4,81,915,0.9994285714285714,0.9285714285714286
109,4,80,916,0.9995714285714286,0.9464285714285714
110,4,77,919,0.9995714285714286,0.9464285714285714
111,4,69,927,0.9997142857142857,0.9642857142857144
112,4,67,929,0.9998571428571429,0.9821428571428572
113,4,65,931,0.9998571428571429,0.9821428571428572
114,4,64,932,0.9998571428571429,0.9821428571428572
115,4,62,934,0.9998571428571429,0.9821428571428572
116,4,60,936,0.9998571428571429,0.9821428571428572
117,4,57,939,0.9998571428571429,0.9821428571428572
118,4,53,943,0.9998571428571429,0.9821428571428572
119,4,51,945,0.9998571428571429,0.9821428571428572
120,4,48,948,0.9998571428571429,0.9821428571428572
121,4,47,949,0.9998571428571429,0.9821428571428572
122,4,43,953,1.0,1.0
123,4,41,955,1.0,1.0
124,4,41,955,1.0,1.0
125,4,41,955,1.0,1.0
126,4,40,956,1.0,1.0
127,4,39,957,1.0,1.0
128,4,38,958,1.0,1.0
129,4,36,960,1.0,1.0
130,4,36,960,1.0,1.0
131,4,36,960,1.0,1.0
132,4,35,961,1.0,1.0
133,4,34,962,1.0,1.0
134,4,33,963,1.0,1.0
135,4,33,963,1.0,1.0
136,4,32,964,1.0,1.0
137,4,31,965,1.0,1.0
138,4,30,966,1.0,1.0
139,4,29,967,1.0,1.0
140,4,28,968,1.0,1.0
141,4,26,970,1.0,1.0
142,4,26,970,1.0,1.0
143,4,25,971,1.0,1.0
144,4,25,971,1.0,1.0
145,4,24,972,1.0,1.0
146,4,24,972,1.0,1.0
147,4,21,975,1.0,1.0
148,4,21,975,1.0,1.0
149,4,21,975,1.0,1.0
150,4,21,975,1.0,1.0
151,4,20,976,1.0,1.0
152,4,19,977,1.0,1.0
153,4,19,977,1.0,1.0
154,4,18,978,1.0,1.0
155,4,17,979,1.0,1.0
156,4,17,979,1.0,1.0
157,4,17,979,1.0,1.0
158,4,16,980,1.0,1.0
159,4,16,980,1.0,1.0
160,4,15,981,1.0,1.0
161,4,15,981,1.0,1.0
162,4,15,981,1.0,1.0
163,4,13,983,1.0,1.0
164,4,13,983,1.0,1.0
165,4,13,983,1.0,1.0
166,4,12,984,1.0,1.0
167,4,12,984,1.0,1.0
168,4,12,984,1.0,1.0
169,4,12,984,1.0,1.0
170,4,12,984,1.0,1.0
171,4,12,984,1.0,1.0
172,4,12,984,1.0,1.0
173,4,12,984,1.0,1.0
174,4,11,985,1.0,1.0
175,4,11,985,1.0,1.0
176,4,11,985,1.0,1.0
177,4,11,985,1.0,1.0
178,4,11,985,1.0,1.0
179,4,11,985,1.0,1.0
180,4,11,985,1.0,1.0
181,4,11,985,1.0,1.0
182,4,9,987,1.0,1.0
183,4,9,987,1.0,1.0
184,4,9,987,1.0,1.0
185,4,9,987,1.0,1.0
186,4,9,987,1.0,1.0
187,4,9,987,1.0,1.0
188,4,9,987,1.0,1.0
189,4,8,988,1.0,1.0
190,4,8,988,1.0,1.0
191,4,7,989,1.0,1.0
192,4,7,989,1.0,1.0
193,4,7,989,1.0,1.0
194,4,5,991,1.0,1.0
195,4,5,991,1.0,1.0
196,4,5,991,1.0,1.0
197,4,4,992,1.0,1.0
198,4,4,992,1.0,1.0
199,4,4,992,1.0,1.0
200,4,4,992,1.0,1.0
1,999,1,0,1.0,1.0
2,998,2,0,0.9992857142857143,0.9996469128733658
3,997,3,0,0.9977142857142857,0.9988625216308266
4,997,3,0,0.9977142857142857,0.9988625216308266
5,997,3,0,0.9977142857142857,0.9988625216308266
6,997,3,0,0.9977142857142857,0.9988625216308266
7,997,3,0,0.9977142857142857,0.9988625216308266
8,997,3,0,0.9977142857142857,0.9988625216308266
9,997,3,0,0.9977142857142857,0.9988625216308266
10,997,3,0,0.9977142857142857,0.9988625216308266
11,997,3,0,0.9977142857142857,0.9988625216308266
12,997,3,0,0.9977142857142857,0.9988625216308266
13,995,5,0,0.9968571428571429,0.9984342960222357
14,992,7,1,0.9948571428571429,0.9974255583126551
15,990,9,1,0.9941428571428571,0.997049987049987
16,983,15,2,0.9901428571428571,0.9949767848292772
17,978,19,3,0.9884285714285714,0.9941124145111874
18,975,21,4,0.9867142857142858,0.9932072884380576
19,972,22,6,0.9865714285714285,0.9931154750599196
20,971,23,6,0.9857142857142858,0.9926719178521444
21,966,27,7,0.9821428571428571,0.990756840640381
22,964,28,8,0.9818571428571429,0.9906042911099966
23,961,30,9,0.9807142857142858,0.9899888699576526
24,956,33,11,0.9804285714285714,0.9898207963584532
25,949,40,11,0.9748571428571429,0.9867963964381246
26,943,45,12,0.971,0.9846765641569458
27,936,48,16,0.9712857142857143,0.9847169390438621
28,924,58,18,0.9677142857142857,0.9825864116042687
29,913,66,21,0.968,0.9824805214865456
30,903,74,23,0.9655714285714285,0.9809630292188433
31,890,84,26,0.9585714285714285,0.976806035724575
32,874,97,29,0.9542857142857143,0.9738986366417717
33,857,112,31,0.9418571428571428,0.9661061031539445
34,841,119,40,0.9398571428571428,0.9641929958665988
35,827,127,46,0.9388571428571428,0.9630005625168867
36,803,140,57,0.9307142857142857,0.9567630999137848
37,782,158,60,0.9241428571428572,0.9513773736919516
38,755,179,66,0.91,0.940236293702402
39,735,193,72,0.9044285714285715,0.9349328632551922
40,712,200,88,0.9072857142857143,0.9347838914087676
41,691,215,94,0.8962857142857142,0.9248168887949257
42,667,222,111,0.8965714285714286,0.9224142453660048
43,638,241,121,0.8862857142857142,0.9107974766950427
44,616,256,128,0.8782857142857143,0.9012248518288434
45,589,269,142,0.8761428571428571,0.8949713586623104
46,564,284,152,0.8687142857142857,0.8836551832953586
47,534,305,161,0.8602857142857143,0.8691814207676734
48,512,314,174,0.8531428571428571,0.8567421950751455
49,474,339,187,0.8485714285714285,0.8402221144868204
50,443,356,201,0.8531428571428571,0.8344320763554597
51,415,370,215,0.8475714285714285,0.816531010921514
52,378,391,231,0.8474285714285714,0.7981986811818744
53,349,407,244,0.8487142857142858,0.7834373952358109
54,319,419,262,0.855,0.7730518298469617
55,298,418,284,0.8631428571428571,0.7704280783041146
56,273,428,299,0.8647142857142858,0.7519664275966796
57,254,433,313,0.8681428571428571,0.7399945199157797
58,231,438,331,0.8817142857142857,0.7434081791224648
59,210,432,358,0.8954285714285715,0.7499066806209663
60,192,428,380,0.9017142857142857,0.7429229624542124
61,171,429,400,0.913,0.7439430023021354
62,152,438,410,0.9181428571428571,0.7289893285249323
63,138,432,430,0.9231428571428572,0.7198646905808032
64,127,423,450,0.9327142857142857,0.7341173416671332
65,118,416,466,0.9401428571428572,0.7454393230564716
66,109,408,483,0.945,0.7471244531687057
67,102,398,500,0.9485714285714286,0.7470115044509509
68,96,389,515,0.9535714285714286,0.7571917869711987
69,90,382,528,0.9571428571428572,0.7605975723622783
70,82,376,542,0.9598571428571429,0.754510960106369
71,77,356,567,0.965,0.7723220756834202
72,72,342,586,0.968,0.7771002418061241
73,67,335,598,0.9708571428571429,0.7811842532650258
74,57,332,611,0.9745714285714285,0.7751686909581647
75,54,327,619,0.976,0.7766313932980599
76,50,321,629,0.9787142857142858,0.7862344322344321
77,49,305,646,0.9802857142857143,0.7981311205801002
78,43,299,658,0.9832857142857143,0.8041485646136808
79,42,282,676,0.9841428571428571,0.809236002093145
80,39,273,688,0.985,0.8062364985441909
81,35,267,698,0.9858571428571429,0.7958869701726845
82,32,261,707,0.9881428571428571,0.8124885531135531
83,29,256,715,0.9902857142857143,0.8309839585701655
84,28,252,720,0.9902857142857143,0.8245552066980639
85,23,249,728,0.9921428571428571,0.8281892021022456
86,23,237,740,0.9922857142857143,0.8310877528268833
87,22,231,747,0.9928571428571429,0.836863136863137
88,22,220,758,0.993,0.83989343989344
89,21,216,763,0.9934285714285714,0.8413396127681843
90,20,209,771,0.994,0.8476923076923077
91,19,199,782,0.9942857142857143,0.8477347214189319
92,18,192,790,0.996,0.8875864875864876
93,18,184,798,0.9961428571428571,0.8918599918599919
94,15,178,807,0.9972857142857143,0.9073260073260073
95,13,172,815,0.9978571428571429,0.9150464919695689
96,12,168,820,0.9981428571428571,0.9203296703296703
97,12,159,829,0.9984285714285714,0.9326923076923078
98,11,158,831,0.9984285714285714,0.9265734265734266
99,11,150,839,0.9985714285714286,0.9335664335664334
100,11,149,840,0.9985714285714286,0.9335664335664334
101,11,143,846,0.9988571428571429,0.9465534465534468
102,10,137,853,0.9992857142857143,0.9626373626373628
103,10,134,856,0.9992857142857143,0.9626373626373628
104,10,130,860,0.9994285714285714,0.9697802197802199
105,9,130,861,0.9995714285714286,0.9743589743589745
106,8,126,866,0.9995714285714286,0.9711538461538463
107,7,124,869,0.9995714285714286,0.967032967032967
108,7,118,875,0.9995714285714286,0.967032967032967
109,7,111,882,0.9995714285714286,0.967032967032967
110,7,109,884,0.9995714285714286,0.967032967032967
111,7,102,891,0.9997142857142857,0.978021978021978
112,7,95,898,0.9997142857142857,0.978021978021978
113,7,88,905,0.9997142857142857,0.978021978021978
114,7,81,912,0.9997142857142857,0.978021978021978
115,7,79,914,0.9997142857142857,0.978021978021978
116,7,76,917,0.9997142857142857,0.978021978021978
117,7,73,920,0.9998571428571429,0.989010989010989
118,7,65,928,1.0,1.0
119,7,63,930,1.0,1.0
120,7,60,933,1.0,1.0
121,7,55,938,1.0,1.0
122,7,54,939,1.0,1.0
123,7,51,942,1.0,1.0
124,7,49,944,1.0,1.0
125,7,43,950,1.0,1.0
126,7,42,951,1.0,1.0
127,7,41,952,1.0,1.0
128,7,38,955,1.0,1.0
129,7,38,955,1.0,1.0
130,7,38,955,1.0,1.0
131,7,36,957,1.0,1.0
132,7,32,961,1.0,1.0
133,7,32,961,1.0,1.0
134,7,31,962,1.0,1.0
135,7,31,962,1.0,1.0
136,7,31,962,1.0,1.0
137,7,28,965,1.0,1.0
138,7,26,967,1.0,1.0
139,7,24,969,1.0,1.0
140,7,23,970,1.0,1.0
141,7,21,972,1.0,1.0
142,6,21,973,1.0,1.0
143,6,20,974,1.0,1.0
144,6,18,976,1.0,1.0
145,6,18,976,1.0,1.0
146,6,18,976,1.0,1.0
147,6,17,977,1.0,1.0
148,6,16,978,1.0,1.0
149,6,15,979,1.0,1.0
150,6,14,980,1.0,1.0
151,6,14,980,1.0,1.0
152,6,13,981,1.0,1.0
153,6,11,983,1.0,1.0
154,6,11,983,1.0,1.0
155,6,11,983,1.0,1.0
156,6,11,983,1.0,1.0
157,6,9,985,1.0,1.0
158,6,8,986,1.0,1.0
159,6,8,986,1.0,1.0
160,6,8,986,1.0,1.0
161,6,8,986,1.0,1.0
162,6,8,986,1.0,1.0
163,6,6,988,1.0,1.0
164,6,6,988,1.0,1.0
165,6,5,989,1.0,1.0
166,6,5,989,1.0,1.0
167,6,5,989,1.0,1.0
168,6,5,989,1.0,1.0
169,6,5,989,1.0,1.0
170,6,5,989,1.0,1.0
171,6,4,990,1.0,1.0
172,6,4,990,1.0,1.0
173,6,3,991,1.0,1.0
174,6,3,991,1.0,1.0
175,6,3,991,1.0,1.0
176,6,3,991,1.0,1.0
177,6,3,991,1.0,1.0
178,6,3,991,1.0,1.0
179,6,3,991,1.0,1.0
180,6,3,991,1.0,1.0
181,6,3,991,1.0,1.0
182,6,2,992,1.0,1.0
183,6,2,992,1.0,1.0
184,6,2,992,1.0,1.0
185,6,2,992,1.0,1.0
186,6,1,993,1.0,1.0
187,6,0,994,1.0,1.0
188,6,0,994,1.0,1.0
189,6,0,994,1.0,1.0
190,6,0,994,1.0,1.0
191,6,0,994,1.0,1.0
192,6,0,994,1.0,1.0
193,6,0,994,1.0,1.0
194,6,0,994,1.0,1.0
195,6,0,994,1.0,1.0
196,6,0,994,1.0,1.0
197,6,0,994,1.0,1.0
198,6,0,994,1.0,1.0
199,6,0,994,1.0,1.0
200,6,0,994,1.0,1.0
1,998,2,0,0.9987142857142857,0.9993688384094195
2,998,2,0,0.9987142857142857,0.9993688384094195
3,994,5,1,0.9961428571428571,0.9980774758440755
4,993,6,1,0.9955714285714286,0.9977870736178893
5,989,10,1,0.9922857142857143,0.9961506979707182
6,986,13,1,0.9908571428571429,0.9954290469503451
7,985,14,1,0.9901428571428571,0.9950514122087726
8,980,19,1,0.9857142857142858,0.9927554758167003
9,978,20,2,0.9851428571428571,0.9924357850738219
10,975,23,2,0.9842857142857143,0.9919673147365454
11,973,25,2,0.9837142857142858,0.991657160927459
12,966,30,4,0.9797142857142858,0.9895084901296082
13,960,33,7,0.9801428571428571,0.9896661324786324
14,953,39,8,0.9768571428571429,0.9878517425212073
15,945,44,11,0.9755714285714285,0.9870969242397815
16,939,47,14,0.9751428571428571,0.9867847097879046
17,929,56,15,0.971,0.984445837621295
18,920,65,15,0.9671428571428572,0.9822397575250836
19,912,68,20,0.9667142857142857,0.9818293229066256
20,902,73,25,0.9647142857142857,0.9805115108468767
21,895,78,27,0.962,0.9788838070681646
22,882,85,33,0.9575714285714285,0.9760433538494763
23,872,91,37,0.96,0.9771628314346205
24,862,96,42,0.9571428571428572,0.9752873673117294
25,848,104,48,0.95,0.9706219438972978
26,829,116,55,0.9471428571428572,0.9681713591997065
27,813,129,58,0.9428571428571428,0.9648612969646181
28,794,141,65,0.9378571428571428,0.9608393076277207
29,779,151,70,0.9328571428571428,0.9569674655682358
30,766,159,75,0.9297142857142857,0.9541264979580906
31,749,167,84,0.9264285714285714,0.9509249206512226
32,722,183,95,0.92,0.9446144460341137
33,699,195,106,0.9202857142857143,0.9429658338519737
34,677,208,115,0.9175714285714286,0.9391294342984324
35,660,214,126,0.9167142857142857,0.9369418979713098
36,636,228,136,0.9168571428571428,0.9345736286774023
37,608,249,143,0.9018571428571428,0.919329875168691
38,577,267,156,0.8965714285714286,0.9102915876389218
39,543,292,165,0.8815714285714286,0.8907950168309284
40,522,301,177,0.8822857142857143,0.8870901049780361
41,499,317,184,0.874,0.8736175647999296
42,464,334,202,0.8755714285714286,0.8655598711633193
43,440,342,218,0.8772857142857143,0.8601923076923077
44,417,352,231,0.872,0.8463200867877126
45,387,361,252,0.8798571428571429,0.8446071262931729
46,361,373,266,0.8751428571428571,0.8267798798615974
47,339,379,282,0.8728571428571429,0.8119728354241628
48,322,381,297,0.8765714285714286,0.8080358564830614
49,304,379,317,0.883,0.8071663533834587
50,285,374,341,0.8888571428571429,0.804489428699955
51,260,388,352,0.8885714285714286,0.7850795998872921
52,249,384,367,0.893,0.7845783478667957
53,230,385,385,0.8974285714285715,0.7766735523640894
54,211,380,409,0.9038571428571428,0.7719299750523614
55,194,383,423,0.9112857142857143,0.7712819068943992
56,178,384,438,0.9185714285714286,0.7709209440042223
57,164,378,458,0.9265714285714286,0.7753056006642807
58,150,380,470,0.9308571428571428,0.768517273576097
59,138,380,482,0.9371428571428572,0.7709799861973774
60,123,368,509,0.9498571428571428,0.7952648977039222
61,115,366,519,0.9542857142857143,0.8002213728300684
62,109,358,533,0.9582857142857143,0.8075410827704407
63,104,345,551,0.9628571428571429,0.820188785573401
64,98,336,566,0.9671428571428572,0.8310121850938178
65,94,328,578,0.97,0.8391941391941393
66,85,322,593,0.975,0.8515147597500539
67,80,317,603,0.9775714285714285,0.8583745421245421
68,76,309,615,0.9788571428571429,0.8593792172739543
69,70,296,634,0.9811428571428571,0.863877551020408
70,63,291,646,0.9841428571428571,0.8726379440665154
71,58,287,655,0.9868571428571429,0.8860047997979034
72,55,279,666,0.9887142857142858,0.8966833166833168
73,52,277,671,0.9895714285714285,0.8985066215835447
74,49,272,679,0.9897142857142858,0.893526201689467
75,48,262,690,0.9905714285714285,0.9003510378510379
76,43,257,700,0.9924285714285714,0.9106482664622197
77,42,247,711,0.992,0.9032879818594104
78,39,243,718,0.992,0.8961115807269653
79,37,240,723,0.9924285714285714,0.8965844965844967
80,37,232,731,0.993,0.9043263043263045
81,36,224,740,0.9935714285714285,0.9096052096052097
82,35,216,749,0.9934285714285714,0.9054526425954996
83,34,211,755,0.9924285714285714,0.8879659556130145
84,29,207,764,0.9912857142857143,0.8494884425918908
85,27,202,771,0.9908571428571429,0.8305521638854971
86,27,195,778,0.9911428571428571,0.8358431691765025
87,24,195,781,0.992,0.8321581196581196
88,24,188,788,0.9927142857142857,0.8472680097680098
89,22,185,793,0.9925714285714285,0.8296703296703296
90,21,181,798,0.9934285714285714,0.8424908424908425
91,20,172,808,0.9948571428571429,0.8703296703296702
92,19,167,814,0.9955714285714286,0.8823019086176981
93,19,162,819,0.9955714285714286,0.8823019086176981
94,18,155,827,0.996,0.8879731379731379
95,17,150,833,0.9962857142857143,0.889786683904331
96,15,147,838,0.9968571428571429,0.8937728937728938
97,13,143,844,0.9977142857142857,0.9099746407438716
98,12,137,851,0.9982857142857143,0.9258241758241758
99,12,132,856,0.9982857142857143,0.9258241758241758
100,12,124,864,0.9985714285714286,0.9386446886446888
101,12,118,870,0.9987142857142857,0.9445970695970698
102,12,115,873,0.9988571428571429,0.9505494505494507
103,11,111,878,0.9988571428571429,0.9460539460539461
104,11,104,885,0.999,0.9530469530469531
105,10,102,888,0.9994285714285714,0.9714285714285713
106,10,98,892,0.9994285714285714,0.9714285714285713
107,10,93,897,0.9994285714285714,0.9714285714285713
108,10,87,903,0.9995714285714286,0.9785714285714284
109,10,85,905,0.9995714285714286,0.9785714285714284
110,10,80,910,0.9995714285714286,0.9785714285714284
111,10,75,915,0.9995714285714286,0.9785714285714284
112,10,70,920,0.9995714285714286,0.9785714285714284
113,10,70,920,0.9995714285714286,0.9785714285714284
114,10,69,921,0.9995714285714286,0.9785714285714284
115,10,63,927,0.9998571428571429,0.9928571428571429
116,10,59,931,0.9998571428571429,0.9928571428571429
117,10,55,935,0.9998571428571429,0.9928571428571429
118,10,54,936,0.9998571428571429,0.9928571428571429
119,9,51,940,1.0,1.0
120,9,50,941,1.0,1.0
121,9,49,942,1.0,1.0
122,9,48,943,1.0,1.0
123,9,47,944,1.0,1.0
124,9,47,944,1.0,1.0
125,9,45,946,1.0,1.0
126,9,44,947,1.0,1.0
127,9,44,947,1.0,1.0
128,9,42,949,1.0,1.0
129,9,40,951,1.0,1.0
130,9,37,954,1.0,1.0
131,9,35,956,1.0,1.0
132,9,35,956,1.0,1.0
133,9,34,957,1.0,1.0
134,9,33,958,1.0,1.0
135,9,33,958,1.0,1.0
136,9,33,958,1.0,1.0
137,9,33,958,1.0,1.0
138,9,33,958,1.0,1.0
139,9,33,958,1.0,1.0
140,9,31,960,1.0,1.0
141,9,31,960,1.0,1.0
142,9,31,960,1.0,1.0
143,9,31,960,1.0,1.0
144,9,29,962,1.0,1.0
145,9,26,965,1.0,1.0
146,9,25,966,1.0,1.0
147,9,24,967,1.0,1.0
148,9,23,968,1.0,1.0
149,9,23,968,1.0,1.0
150,9,23,968,1.0,1.0
151,9,22,969,1.0,1.0
152,9,22,969,1.0,1.0
153,9,21,970,1.0,1.0
154,9,21,970,1.0,1.0
155,9,21,970,1.0,1.0
156,9,21,970,1.0,1.0
157,9,17,974,1.0,1.0
158,9,16,975,1.0,1.0
159,9,16,975,1.0,1.0
160,9,15,976,1.0,1.0
161,9,15,976,1.0,1.0
162,9,14,977,1.0,1.0
163,9,11,980,1.0,1.0
164,9,11,980,1.0,1.0
165,9,11,980,1.0,1.0
166,9,11,980,1.0,1.0
167,9,11,980,1.0,1.0
168,9,11,980,1.0,1.0
169,9,10,981,1.0,1.0
170,9,10,981,1.0,1.0
171,9,9,982,1.0,1.0
172,9,9,982,1.0,1.0
173,9,9,982,1.0,1.0
174,9,8,983,1.0,1.0
175,9,8,983,1.0,1.0
176,9,8,983,1.0,1.0
177,9,8,983,1.0,1.0
178,9,7,984,1.0,1.0
179,9,7,984,1.0,1.0
180,9,7,984,1.0,1.0
181,9,7,984,1.0,1.0
182,9,6,985,1.0,1.0
183,9,6,985,1.0,1.0
184,9,5,986,1.0,1.0
185,9,5,986,1.0,1.0
186,9,5,986,1.0,1.0
187,9,5,986,1.0,1.0
188,9,5,986,1.0,1.0
189,9,5,986,1.0,1.0
190,9,4,987,1.0,1.0
191,9,3,988,1.0,1.0
192,9,3,988,1.0,1.0
193,9,2,989,1.0,1.0
194,9,2,989,1.0,1.0
195,9,2,989,1.0,1.0
196,9,2,989,1.0,1.0
197,9,2,989,1.0,1.0
198,9,2,989,1.0,1.0
199,9,2,989,1.0,1.0
200,9,2,989,1.0,1.0
1,998,2,0,0.9984285714285714,0.999217482584216
2,997,3,0,0.9971428571428571,0.9985719061947749
3,996,4,0,0.9968571428571429,0.9984318225282081
4,995,5,0,0.9962857142857143,0.9981557648184902
5,995,5,0,0.9962857142857143,0.9981557648184902
6,994,6,0,0.9958571428571429,0.9979328025901585
7,992,8,0,0.9947142857142857,0.9973566597855024
8,991,9,0,0.9947142857142857,0.9973539924391709
9,989,10,1,0.9941428571428571,0.9970884208081615
10,986,12,2,0.9934285714285714,0.9967117756760998
11,982,16,2,0.9917142857142857,0.9958458238379168
12,980,18,2,0.9902857142857143,0.9951149910513657
13,979,18,3,0.9894285714285714,0.9946666244088584
14,976,21,3,0.9877142857142858,0.993760000847754
15,973,24,3,0.9854285714285714,0.9925744066303888
16,966,30,4,0.9848571428571429,0.992141605806202
17,965,31,4,0.9841428571428571,0.991757672379434
18,963,32,5,0.9831428571428571,0.9912392211457632
19,958,35,7,0.9831428571428571,0.9911678787461669
20,956,36,8,0.9827142857142858,0.9909137584869803
21,954,38,8,0.9811428571428571,0.9900918438654288
22,952,36,12,0.9818571428571429,0.9904577215501587
23,944,40,16,0.9818571428571429,0.990364437822065
24,939,43,18,0.9828571428571429,0.9908144039134454
25,936,44,20,0.981,0.9898183369337216
26,930,49,21,0.9778571428571429,0.9880760861002797
27,921,53,26,0.9778571428571429,0.9880196215293936
28,915,57,28,0.9774285714285714,0.987673091935387
29,907,62,31,0.9755714285714285,0.9865645609443845
30,895,69,36,0.974,0.9855234616407801
31,887,75,38,0.9732857142857143,0.9850278338722532
32,881,79,40,0.9722857142857143,0.9843726742421408
33,873,83,44,0.971,0.9834578460867122
34,856,92,52,0.9648571428571429,0.9794829537674163
35,840,104,56,0.9611428571428572,0.9768589743589744
36,823,117,60,0.956,0.9732430489720891
37,807,119,74,0.9537142857142857,0.9713358048395223
38,798,124,78,0.9511428571428572,0.9694166330499813
39,779,140,81,0.9458571428571428,0.9652681947667978
40,760,149,91,0.9395714285714286,0.9603138431485954
41,746,154,100,0.9362857142857143,0.9573118471971177
42,730,160,110,0.9371428571428572,0.957045448843394
43,716,164,120,0.9314285714285714,0.952169408803487
44,695,178,127,0.9188571428571428,0.941650393970538
45,675,187,138,0.9175714285714286,0.938935693935694
46,657,196,147,0.916,0.9360532668751846
47,633,213,154,0.9085714285714286,0.9276687701450735
48,616,222,162,0.9052857142857142,0.9231137166405025
49,590,237,173,0.9045714285714286,0.9190930185633576
50,557,258,185,0.8922857142857142,0.90317438396433
51,525,284,191,0.8882857142857142,0.8934422640851212
52,497,298,205,0.8878571428571429,0.8869528526470175
53,473,311,216,0.8811428571428571,0.8739844457867714
54,450,315,235,0.8864285714285715,0.8734630647130647
55,422,325,253,0.8931428571428571,0.8728961599222264
56,396,338,266,0.888,0.8580736393236393
57,372,352,276,0.8801428571428571,0.8380474811926425
58,345,355,300,0.8907142857142857,0.8406550936985718
59,321,363,316,0.8922857142857142,0.8310676343386624
60,298,368,334,0.8905714285714286,0.8150932959657792
61,285,366,349,0.8937142857142857,0.8124863440652914
62,263,370,367,0.9001428571428571,0.8091185113998802
63,245,374,381,0.9082857142857143,0.8114278238768036
64,224,380,396,0.9124285714285715,0.8029688317634747
65,208,379,413,0.9191428571428572,0.8041376091856862
66,195,376,429,0.924,0.8038752700291162
67,181,376,443,0.9284285714285714,0.8009693805273915
68,170,370,460,0.9314285714285714,0.7967226890756303
69,155,373,472,0.9328571428571428,0.7818480444286896
70,144,365,491,0.9391428571428572,0.7866300366300366
71,132,362,506,0.9414285714285714,0.7762543012543012
72,119,357,524,0.948,0.7799904577215501
73,106,359,535,0.9491428571428572,0.758189923284263
74,98,353,549,0.9517142857142857,0.7515848097480752
75,92,339,569,0.955,0.7533066571110049
76,86,328,586,0.9591428571428572,0.7607526194735498
77,80,318,602,0.9652857142857143,0.7813255494505494
78,75,310,615,0.9688571428571429,0.7909743589743589
79,69,298,633,0.9715714285714285,0.7931252322556669
80,62,289,649,0.9725714285714285,0.7767103863878057
81,55,289,656,0.9762857142857143,0.7819280719280719
82,51,281,668,0.9777142857142858,0.7789377289377288
83,50,277,673,0.9792857142857143,0.7903406593406592
84,45,277,678,0.9795714285714285,0.7704477004477005
85,40,267,693,0.9822857142857143,0.7756822344322345
86,34,259,707,0.9844285714285714,0.7677278603749191
87,31,253,716,0.9855714285714285,0.7633286068769939
88,24,250,726,0.9882857142857143,0.7533043345543345
89,23,239,738,0.9887142857142858,0.7526198439241917
90,20,234,746,0.9901428571428571,0.7524175824175823
91,19,226,755,0.9911428571428571,0.7650279545016387
92,18,219,763,0.9911428571428571,0.7522792022792023
93,17,214,769,0.9922857142857143,0.7707606119370825
94,15,210,775,0.9937142857142857,0.7881807081807081
95,14,199,787,0.9942857142857143,0.7934589220303506
96,14,192,794,0.9947142857142857,0.8087650444793301
97,13,189,798,0.9951428571428571,0.8101155255001409
98,13,178,809,0.9954285714285714,0.82152719075796
99,12,174,814,0.9962857142857143,0.8423687423687424
100,12,168,820,0.9964285714285714,0.8487789987789988
101,12,159,829,0.9965714285714286,0.8547313797313797
102,11,155,834,0.9968571428571429,0.8545121545121543
103,10,148,842,0.9972857142857143,0.8625641025641023
104,10,144,846,0.9972857142857143,0.8625641025641023
105,10,135,855,0.9972857142857143,0.8625641025641023
106,9,132,859,0.9977142857142857,0.8723239723239723
107,9,130,861,0.9977142857142857,0.8723239723239723
108,8,122,870,0.998,0.8749084249084249
109,6,120,874,0.999,0.9174603174603174
110,6,115,879,0.999,0.9174603174603174
111,6,111,883,0.999,0.9174603174603174
112,6,103,891,0.9991428571428571,0.9293650793650795
113,6,102,892,0.9991428571428571,0.9293650793650795
114,6,99,895,0.9991428571428571,0.9293650793650795
115,6,96,898,0.9992857142857143,0.9412698412698414
116,5,95,900,0.9992857142857143,0.9295238095238096
117,5,88,907,0.9992857142857143,0.9295238095238096
118,5,86,909,0.9992857142857143,0.9295238095238096
119,5,82,913,0.9992857142857143,0.9295238095238096
120,4,80,916,0.9994285714285714,0.9297619047619048
121,4,75,921,0.9994285714285714,0.9297619047619048
122,4,72,924,0.9994285714285714,0.9297619047619048
123,4,69,927,0.9994285714285714,0.9297619047619048
124,4,68,928,0.9994285714285714,0.9297619047619048
125,4,66,930,0.9994285714285714,0.9297619047619048
126,4,65,931,0.9994285714285714,0.9297619047619048
127,4,62,934,0.9994285714285714,0.9297619047619048
128,4,61,935,0.9994285714285714,0.9297619047619048
129,4,58,938,0.9994285714285714,0.9297619047619048
130,4,55,941,0.9994285714285714,0.9297619047619048
131,4,51,945,0.9994285714285714,0.9297619047619048
132,4,48,948,0.9994285714285714,0.9297619047619048
133,4,45,951,0.9994285714285714,0.9297619047619048
134,4,45,951,0.9994285714285714,0.9297619047619048
135,3,46,951,0.9995714285714286,0.9301587301587301
136,3,44,953,0.9997142857142857,0.953968253968254
137,2,44,954,0.9998571428571429,0.9642857142857143
138,2,41,957,0.9998571428571429,0.9642857142857143
139,2,39,959,0.9998571428571429,0.9642857142857143
140,2,36,962,0.9998571428571429,0.9642857142857143
141,2,34,964,0.9998571428571429,0.9642857142857143
142,2,32,966,0.9998571428571429,0.9642857142857143
143,2,31,967,0.9998571428571429,0.9642857142857143
144,2,29,969,0.9998571428571429,0.9642857142857143
145,2,29,969,0.9998571428571429,0.9642857142857143
146,2,27,971,0.9998571428571429,0.9642857142857143
147,2,26,972,0.9998571428571429,0.9642857142857143
148,2,26,972,0.9998571428571429,0.9642857142857143
149,2,25,973,0.9998571428571429,0.9642857142857143
150,2,25,973,0.9998571428571429,0.9642857142857143
151,2,25,973,0.9998571428571429,0.9642857142857143
152,2,24,974,0.9998571428571429,0.9642857142857143
153,2,23,975,0.9998571428571429,0.9642857142857143
154,2,21,977,0.9998571428571429,0.9642857142857143
155,2,20,978,0.9998571428571429,0.9642857142857143
156,2,20,978,0.9998571428571429,0.9642857142857143
157,2,19,979,0.9998571428571429,0.9642857142857143
158,2,19,979,0.9998571428571429,0.9642857142857143
159,2,19,979,0.9998571428571429,0.9642857142857143
160,2,17,981,0.9998571428571429,0.9642857142857143
161,2,15,983,0.9998571428571429,0.9642857142857143
162,2,14,984,1.0,1.0
163,2,14,984,1.0,1.0
164,2,14,984,1.0,1.0
165,2,14,984,1.0,1.0
166,2,14,984,1.0,1.0
167,2,12,986,1.0,1.0
168,2,12,986,1.0,1.0
169,2,12,986,1.0,1.0
170,2,12,986,1.0,1.0
171,2,12,986,1.0,1.0
172,2,12,986,1.0,1.0
173,2,12,986,1.0,1.0
174,2,12,986,1.0,1.0
175,2,12,986,1.0,1.0
176,2,12,986,1.0,1.0
177,2,10,988,1.0,1.0
178,2,10,988,1.0,1.0
179,2,9,989,1.0,1.0
180,2,9,989,1.0,1.0
181,2,9,989,1.0,1.0
182,2,9,989,1.0,1.0
183,2,9,989,1.0,1.0
184,2,7,991,1.0,1.0
185,2,7,991,1.0,1.0
186,2,7,991,1.0,1.0
187,2,6,992,1.0,1.0
188,2,6,992,1.0,1.0
189,2,6,992,1.0,1.0
190,2,6,992,1.0,1.0
191,2,5,993,1.0,1.0
192,2,5,993,1.0,1.0
193,2,5,993,1.0,1.0
194,2,5,993,1.0,1.0
195,2,4,994,1.0,1.0
196,2,4,994,1.0,1.0
197,2,4,994,1.0,1.0
198,2,4,994,1.0,1.0
199,2,4,994,1.0,1.0
200,2,4,994,1.0,1.0
1,998,2,0,0.9984285714285714,0.9992215199630029
2,998,2,0,0.9984285714285714,0.9992215199630029
3,997,3,0,0.9971428571428571,0.9985902763234759
4,995,5,0,0.9964285714285714,0.9982277688810351
5,993,7,0,0.9945714285714286,0.9972813356499156
6,991,7,2,0.9948571428571429,0.9974407025870196
7,987,11,2,0.9922857142857143,0.9961143213422848
8,986,10,4,0.9934285714285714,0.9966962381769684
9,986,10,4,0.9934285714285714,0.9966962381769684
10,985,11,4,0.992,0.9959565645860062
11,983,13,4,0.9918571428571429,0.9958797729906581
12,980,16,4,0.9894285714285714,0.9946370636166555
13,976,19,5,0.9865714285714285,0.9931570137512761
14,973,20,7,0.9862857142857143,0.9929687647056609
15,967,26,7,0.9848571428571429,0.9921677254148815
16,961,29,10,0.9862857142857143,0.9928546652792231
17,956,33,11,0.9834285714285714,0.9913172253130412
18,952,36,12,0.981,0.990007926247422
19,949,34,17,0.9835714285714285,0.9913766949594135
20,943,38,19,0.982,0.9904596331558155
21,936,40,24,0.9842857142857143,0.991625883177071
22,934,40,26,0.9842857142857143,0.9916079514493987
23,927,44,29,0.9835714285714285,0.9911635121229639
24,921,44,35,0.9832857142857143,0.9909605289539184
25,918,45,37,0.9815714285714285,0.9900248137632798
26,912,49,39,0.9804285714285714,0.9893366523397484
27,905,56,39,0.9765714285714285,0.9871304407865995
28,891,66,43,0.9741428571428571,0.9855441822762083
29,886,70,44,0.9721428571428572,0.9843331081347281
30,882,68,50,0.9755714285714285,0.9861562695896429
31,873,71,56,0.9717142857142858,0.9837398617037793
32,856,85,59,0.9672857142857143,0.980888941665811
33,840,97,63,0.96,0.9762195839874412
34,826,109,65,0.951,0.9704005135300535
35,809,119,72,0.944,0.9653769180963249
36,794,128,78,0.9394285714285714,0.9618464029673098
37,775,138,87,0.9337142857142857,0.9572104454685101
38,761,145,94,0.9302857142857143,0.9542714184632713
39,742,159,99,0.922,0.9475380863521026
40,727,168,105,0.9181428571428571,0.9437696187352309
41,705,183,112,0.9138571428571428,0.9389811134491987
42,683,198,119,0.9021428571428571,0.9283944459639921
43,658,215,127,0.8961428571428571,0.9210503022813054
44,628,240,132,0.8897142857142857,0.9121175564787405
45,606,251,143,0.8848571428571429,0.9051141959703404
46,570,274,156,0.8758571428571429,0.8912984762055971
47,541,294,165,0.8631428571428571,0.8736923690278046
48,514,306,180,0.8632857142857143,0.8672852229787456
49,488,325,187,0.857,0.8535042264068301
50,457,343,200,0.8551428571428571,0.8413081576680496
51,428,353,219,0.8582857142857143,0.8342019877685077
52,402,370,228,0.8567142857142858,0.8214604364516567
53,379,377,244,0.8607142857142858,0.8160142563215667
54,352,379,269,0.866,0.8099004855438678
55,331,386,283,0.8724285714285714,0.8073658140923112
56,306,398,296,0.8708571428571429,0.7894197498003727
57,281,400,319,0.8742857142857143,0.7764537569750046
58,261,404,335,0.8794285714285714,0.7692959883629255
59,235,406,359,0.8885714285714286,0.7627105768657709
60,214,408,378,0.8942857142857142,0.7528798579100942
61,195,406,399,0.8998571428571429,0.7424420024420024
62,180,402,418,0.9075714285714286,0.7424643874643873
63,165,399,436,0.915,0.7408480408480407
64,143,407,450,0.919,0.7145469914700684
65,124,408,468,0.9298571428571428,0.7142916223561385
66,118,396,486,0.9341428571428572,0.7180542621220586
67,102,389,509,0.9395714285714286,0.7004058033469797
68,94,386,520,0.9445714285714286,0.7015353440885355
69,84,384,532,0.9512857142857143,0.7066282923425781
70,77,376,547,0.9568571428571429,0.7163550734979306
71,67,371,562,0.9611428571428572,0.7065660707451752
72,56,370,574,0.9637142857142857,0.6726059654631084
73,52,360,588,0.9672857142857143,0.6822132995209919
74,45,358,597,0.973,0.6969149369149369
75,42,343,615,0.9768571428571429,0.7218733647305076
76,35,331,634,0.9818571428571429,0.7372370486656201
77,29,321,650,0.9852857142857143,0.7413414172034862
78,27,308,665,0.9877142857142858,0.767969067969068
79,26,299,675,0.9894285714285714,0.7930966469428008
80,24,289,687,0.9904285714285714,0.7966575091575092
81,22,281,697,0.9915714285714285,0.8051781551781552
82,19,278,703,0.993,0.8127048390206285
83,16,266,718,0.9941428571428571,0.8153617216117217
84,15,252,733,0.995,0.8327716727716727
85,13,243,744,0.9962857142857143,0.8586080586080586
86,13,232,755,0.9964285714285714,0.8641025641025641
87,12,220,768,0.9972857142857143,0.8884920634920634
88,12,212,776,0.9974285714285714,0.8944444444444444
89,9,205,786,0.998,0.891005291005291
90,9,197,794,0.9981428571428571,0.8984126984126983
91,9,191,800,0.9981428571428571,0.8984126984126983
92,8,183,809,0.9987142857142857,0.9202380952380953
93,8,176,816,0.9987142857142857,0.9202380952380953
94,6,170,824,0.9991428571428571,0.9285714285714285
95,6,165,829,0.9992857142857143,0.9404761904761906
96,5,161,834,0.9995714285714286,0.9571428571428573
97,4,154,842,0.9997142857142857,0.9642857142857143
98,4,151,845,0.9997142857142857,0.9642857142857143
99,4,148,848,0.9997142857142857,0.9642857142857143
100,3,143,854,0.9997142857142857,0.9523809523809524
101,3,139,858,0.9997142857142857,0.9523809523809524
102,3,137,860,0.9997142857142857,0.9523809523809524
103,3,133,864,0.9997142857142857,0.9523809523809524
104,3,130,867,0.9997142857142857,0.9523809523809524
105,3,126,871,0.9997142857142857,0.9523809523809524
106,2,123,875,0.9997142857142857,0.9285714285714286
107,2,121,877,0.9997142857142857,0.9285714285714286
108,2,117,881,0.9998571428571429,0.9642857142857143
109,2,113,885,1.0,1.0
110,2,109,889,1.0,1.0
111,2,104,894,1.0,1.0
112,2,98,900,1.0,1.0
113,2,98,900,1.0,1.0
114,2,94,904,1.0,1.0
115,2,92,906,1.0,1.0
116,1,89,910,1.0,1.0
117,1,85,914,1.0,1.0
118,1,82,917,1.0,1.0
119,1,77,922,1.0,1.0
120,1,74,925,1.0,1.0
121,1,69,930,1.0,1.0
122,1,64,935,1.0,1.0
123,1,63,936,1.0,1.0
124,1,60,939,1.0,1.0
125,1,58,941,1.0,1.0
126,1,54,945,1.0,1.0
127,1,54,945,1.0,1.0
128,1,51,948,1.0,1.0
129,1,49,950,1.0,1.0
130,1,46,953,1.0,1.0
131,1,43,956,1.0,1.0
132,1,42,957,1.0,1.0
133,1,40,959,1.0,1.0
134,1,35,964,1.0,1.0
135,1,35,964,1.0,1.0
136,1,31,968,1.0,1.0
137,1,28,971,1.0,1.0
138,1,26,973,1.0,1.0
139,1,24,975,1.0,1.0
140,1,22,977,1.0,1.0
141,1,21,978,1.0,1.0
142,1,21,978,1.0,1.0
143,1,19,980,1.0,1.0
144,1,17,982,1.0,1.0
145,1,16,983,1.0,1.0
146,1,16,983,1.0,1.0
147,1,16,983,1.0,1.0
148,1,16,983,1.0,1.0
149,1,14,985,1.0,1.0
150,1,14,985,1.0,1.0
151,1,14,985,1.0,1.0
152,1,13,986,1.0,1.0
153,1,13,986,1.0,1.0
154,1,11,988,1.0,1.0
155,1,10,989,1.0,1.0
156,1,9,990,1.0,1.0
157,1,9,990,1.0,1.0
158,1,9,990,1.0,1.0
159,1,7,992,1.0,1.0
160,1,7,992,1.0,1.0
161,1,7,992,1.0,1.0
162,1,7,992,1.0,1.0
163,1,7,992,1.0,1.0
164,1,7,992,1.0,1.0
165,1,6,993,1.0,1.0
166,1,6,993,1.0,1.0
167,1,6,993,1.0,1.0
168,1,4,995,1.0,1.0
169,1,4,995,1.0,1.0
170,1,3,996,1.0,1.0
171,1,3,996,1.0,1.0
172,1,3,996,1.0,1.0
173,1,2,997,1.0,1.0
174,1,2,997,1.0,1.0
175,1,2,997,1.0,1.0
176,1,2,997,1.0,1.0
177,1,2,997,1.0,1.0
178,1,1,998,1.0,1.0
179,1,1,998,1.0,1.0
180,1,1,998,1.0,1.0
181,1,1,998,1.0,1.0
182,1,1,998,1.0,1.0
183,1,1,998,1.0,1.0
184,1,1,998,1.0,1.0
185,1,1,998,1.0,1.0
186,1,1,998,1.0,1.0
187,1,1,998,1.0,1.0
188,1,1,998,1.0,1.0
189,1,1,998,1.0,1.0
190,1,1,998,1.0,1.0
191,1,1,998,1.0,1.0
192,1,1,998,1.0,1.0
193,1,1,998,1.0,1.0
194,1,1,998,1.0,1.0
195,1,1,998,1.0,1.0
196,1,1,998,1.0,1.0
197,1,1,998,1.0,1.0
198,1,1,998,1.0,1.0
199,1,1,998,1.0,1.0
200,1,1,998,1.0,1.0
1,999,1,0,1.0,1.0
2,999,1,0,1.0,1.0
3,997,3,0,0.9978571428571429,0.9989293888992987
4,996,3,1,0.998,0.9990055459934978
5,995,4,1,0.9968571428571429,0.9984247243543727
6,994,5,1,0.9958571428571429,0.997920121461369
7,990,8,2,0.9935714285714285,0.9967764914823739
8,987,10,3,0.993,0.9964764738410367
9,986,10,4,0.9925714285714285,0.9962499994536744
10,985,11,4,0.9922857142857143,0.9961234724268466
11,984,12,4,0.992,0.9959743528430759
12,982,12,6,0.992,0.9959813817427331
13,981,12,7,0.9925714285714285,0.996260538246507
14,981,11,8,0.9938571428571429,0.9969085979879289
15,980,12,8,0.9927142857142857,0.9963272122035628
16,974,17,9,0.9908571428571429,0.9953438617588878
17,971,16,13,0.9922857142857143,0.9960521133114579
18,970,16,14,0.9928571428571429,0.9963482585738499
19,969,16,15,0.9924285714285714,0.9961233489188325
20,968,13,19,0.994,0.9969310324256848
21,966,15,19,0.993,0.996395704324093
22,963,17,20,0.9918571428571429,0.9957846258560936
23,957,23,20,0.9895714285714285,0.994571787802011
24,954,24,22,0.9898571428571429,0.9947169082921025
25,951,27,22,0.9872857142857143,0.9933748590433503
26,948,29,23,0.9871428571428571,0.9932802514871577
27,944,32,24,0.9852857142857143,0.9922626751156786
28,943,33,24,0.9844285714285714,0.9917992166276741
29,938,34,28,0.9861428571428571,0.9926946697163366
30,934,36,30,0.9848571428571429,0.9919727465191314
31,929,40,31,0.9844285714285714,0.9917009993531238
32,922,43,35,0.9827142857142858,0.9907241279625484
33,915,49,36,0.9808571428571429,0.9896066068293646
34,908,53,39,0.9764285714285714,0.9870282868315066
35,902,53,45,0.9761428571428571,0.9867859065850457
36,894,57,49,0.9754285714285714,0.9862878381433454
37,885,63,52,0.9728571428571429,0.9847063327721354
38,875,73,52,0.9677142857142857,0.9815893865238403
39,867,79,54,0.9604285714285714,0.9772386347849404
40,855,87,58,0.9581428571428572,0.975592714818721
41,846,91,63,0.9552857142857143,0.9737202154911793
42,835,97,68,0.9535714285714286,0.9723641501741184
43,824,103,73,0.95,0.9698294296247252
44,803,117,80,0.9437142857142857,0.9651037654260862
45,792,120,88,0.941,0.9628489565989566
46,778,127,95,0.9374285714285714,0.9598743373164966
47,761,140,99,0.932,0.9554585252679866
48,732,164,104,0.921,0.9461699843871975
49,715,176,109,0.9161428571428571,0.941389123696816
50,691,195,114,0.9025714285714286,0.9295042090085505
51,664,215,121,0.9004285714285715,0.9250764045191756
52,642,223,135,0.8992857142857142,0.9214717201282621
53,615,236,149,0.8962857142857142,0.9155006849519044
54,593,247,160,0.893,0.9094848939705602
55,562,269,169,0.8885714285714286,0.9002991670251457
56,537,280,183,0.892,0.8990170599109147
57,511,291,198,0.8834285714285715,0.8855361533443725
58,484,303,213,0.8888571428571429,0.8847421517876064
59,457,316,227,0.8832857142857143,0.8715267591635205
60,426,342,232,0.8762857142857143,0.853868080276531
61,396,361,243,0.8718571428571429,0.8370531429354957
62,369,374,257,0.8768571428571429,0.8320312531933766
63,343,380,277,0.8798571428571429,0.8235735345943713
64,321,394,285,0.8818571428571429,0.8146028037383178
65,289,408,303,0.8817142857142857,0.7939818687656057
66,266,406,328,0.8884285714285715,0.7888917004048582
67,241,410,349,0.8947142857142857,0.7799262459532168
68,217,418,365,0.8951428571428571,0.7569012592630104
69,200,412,388,0.9044285714285715,0.7595528846153846
70,183,413,404,0.9111428571428571,0.7557377049180327
71,167,414,419,0.914,0.7408005417735956
72,144,424,432,0.9175714285714286,0.7120618386243387
73,134,425,441,0.9205714285714286,0.7014071127877097
74,127,413,460,0.9272857142857143,0.711069049061175
75,112,410,478,0.9351428571428572,0.7080676020408162
76,105,402,493,0.9398571428571428,0.7109789813361241
77,93,393,514,0.9457142857142857,0.7057377210603015
78,87,389,524,0.9498571428571428,0.7090964590964589
79,81,378,541,0.9531428571428572,0.7082960249626916
80,75,370,555,0.9581428571428572,0.718141636141636
81,61,368,571,0.9617142857142857,0.6827088212334114
82,55,361,584,0.9654285714285714,0.6823143523143522
83,51,350,599,0.9681428571428572,0.6843316813905049
84,48,340,612,0.9711428571428572,0.696329365079365
85,43,333,624,0.9744285714285714,0.6987307266377034
86,40,330,630,0.9765714285714285,0.704478021978022
87,35,321,644,0.9804285714285714,0.716138147566719
88,33,313,654,0.981,0.7077811077811078
89,29,304,667,0.9838571428571429,0.7186307944928636
90,28,285,687,0.9855714285714285,0.7394165358451074
91,23,277,700,0.988,0.7355629877369008
92,20,270,710,0.9908571428571429,0.7667582417582417
93,18,257,725,0.9927142857142857,0.7927350427350426
94,17,250,733,0.9932857142857143,0.7973497091144148
95,15,241,744,0.9944285714285714,0.8087912087912089
96,15,231,754,0.9945714285714286,0.813919413919414
97,13,219,768,0.9955714285714286,0.8250211327134405
98,12,216,772,0.9957142857142857,0.815934065934066
99,11,210,779,0.9962857142857143,0.8266733266733268
100,10,201,789,0.9967142857142857,0.8307692307692307
101,9,196,795,0.9971428571428571,0.8376068376068375
102,9,181,810,0.9971428571428571,0.8376068376068375
103,9,165,826,0.9972857142857143,0.8455433455433455
104,9,160,831,0.9974285714285714,0.8534798534798536
105,8,155,837,0.9977142857142857,0.8543956043956044
106,8,153,839,0.9977142857142857,0.8543956043956044
107,8,149,843,0.9977142857142857,0.8543956043956044
108,8,143,849,0.9977142857142857,0.8543956043956044
109,8,136,856,0.998,0.8729395604395604
110,8,128,864,0.9982857142857143,0.8914835164835164
111,7,125,868,0.9985714285714286,0.8963893249607535
112,7,124,869,0.9985714285714286,0.8963893249607535
113,7,120,873,0.9987142857142857,0.9065934065934066
114,7,113,880,0.9988571428571429,0.9175824175824175
115,7,107,886,0.999,0.9277864992150706
116,7,104,889,0.999,0.9277864992150706
117,7,100,893,0.999,0.9277864992150706
118,7,94,899,0.999,0.9277864992150706
119,5,95,900,0.9994285714285714,0.9417582417582417
120,5,90,905,0.9994285714285714,0.9417582417582417
121,5,89,906,0.9994285714285714,0.9417582417582417
122,5,84,911,0.9995714285714286,0.9560439560439562
123,3,80,917,0.9997142857142857,0.9505494505494506
124,3,77,920,0.9998571428571429,0.9743589743589745
125,2,77,921,0.9998571428571429,0.9615384615384616
126,1,73,926,1.0,1.0
127,1,72,927,1.0,1.0
128,1,70,929,1.0,1.0
129,1,68,931,1.0,1.0
130,1,66,933,1.0,1.0
131,1,65,934,1.0,1.0
132,1,64,935,1.0,1.0
133,1,58,941,1.0,1.0
134,1,51,948,1.0,1.0
135,1,51,948,1.0,1.0
136,1,50,949,1.0,1.0
137,1,49,950,1.0,1.0
138,1,49,950,1.0,1.0
139,1,46,953,1.0,1.0
140,1,45,954,1.0,1.0
141,1,42,957,1.0,1.0
142,1,40,959,1.0,1.0
143,1,39,960,1.0,1.0
144,1,37,962,1.0,1.0
145,1,34,965,1.0,1.0
146,1,32,967,1.0,1.0
147,1,29,970,1.0,1.0
148,1,27,972,1.0,1.0
149,1,26,973,1.0,1.0
150,1,26,973,1.0,1.0
151,1,23,976,1.0,1.0
152,1,22,977,1.0,1.0
153,1,21,978,1.0,1.0
154,1,20,979,1.0,1.0
155,1,18,981,1.0,1.0
156,1,18,981,1.0,1.0
157,1,18,981,1.0,1.0
158,1,17,982,1.0,1.0
159,1,13,986,1.0,1.0
160,1,12,987,1.0,1.0
161,1,12,987,1.0,1.0
162,1,10,989,1.0,1.0
163,1,10,989,1.0,1.0
164,1,10,989,1.0,1.0
165,1,10,989,1.0,1.0
166,1,10,989,1.0,1.0
167,1,9,990,1.0,1.0
168,1,9,990,1.0,1.0
169,1,7,992,1.0,1.0
170,1,7,992,1.0,1.0
171,1,7,992,1.0,1.0
172,1,7,992,1.0,1.0
173,1,7,992,1.0,1.0
174,1,7,992,1.0,1.0
175,1,7,992,1.0,1.0
176,1,7,992,1.0,1.0
177,1,7,992,1.0,1.0
178,1,7,992,1.0,1.0
179,1,7,992,1.0,1.0
180,1,6,993,1.0,1.0
181,1,6,993,1.0,1.0
182,1,5,994,1.0,1.0
183,1,5,994,1.0,1.0
184,1,5,994,1.0,1.0
185,1,5,994,1.0,1.0
186,1,5,994,1.0,1.0
187,1,5,994,1.0,1.0
188,1,5,994,1.0,1.0
189,1,5,994,1.0,1.0
190,1,5,994,1.0,1.0
191,1,5,994,1.0,1.0
192,1,5,994,1.0,1.0
193,1,5,994,1.0,1.0
194,1,5,994,1.0,1.0
195,1,5,994,1.0,1.0
196,1,4,995,1.0,1.0
197,1,4,995,1.0,1.0
198,1,4,995,1.0,1.0
199,1,4,995,1.0,1.0
200,1,4,995,1.0,1.0
1,999,1,0,1.0,1.0
2,999,1,0,1.0,1.0
3,999,1,0,1.0,1.0
4,999,1,0,1.0,1.0
5,999,1,0,1.0,1.0
6,999,1,0,1.0,1.0
7,998,2,0,0.9988571428571429,0.9994314636599206
8,998,2,0,0.9988571428571429,0.9994314636599206
9,996,4,0,0.9967142857142857,0.9983435573797019
10,994,6,0,0.996,0.9979801888252593
11,994,6,0,0.996,0.9979801888252593
12,994,5,1,0.9967142857142857,0.9983394874742963
13,993,5,2,0.9968571428571429,0.9984001564061987
14,993,5,2,0.9968571428571429,0.9984001564061987
15,992,5,3,0.997,0.9984705482689354
16,989,8,3,0.9941428571428571,0.9970151520202076
17,989,8,3,0.9941428571428571,0.9970151520202076
18,986,11,3,0.9927142857142857,0.9962760701097415
19,984,13,3,0.9912857142857143,0.995525849489264
20,978,19,3,0.9868571428571429,0.9932303722181022
21,974,23,3,0.985,0.9922712127024241
22,968,29,3,0.9844285714285714,0.9919111191838464
23,963,33,4,0.9815714285714285,0.9903761520583951
24,956,39,5,0.981,0.9900155371128174
25,951,43,6,0.978,0.9883626450661152
26,947,46,7,0.9745714285714285,0.9864850830267937
27,935,54,11,0.9752857142857143,0.9867058921470687
28,926,59,15,0.9748571428571429,0.9863193142350809
29,914,69,17,0.965,0.9807582096969406
30,905,77,18,0.9611428571428572,0.9784123611195435
31,895,86,19,0.956,0.9752878220475987
32,879,95,26,0.9522857142857143,0.9726810353090216
33,855,113,32,0.9424285714285714,0.9662155388471179
34,837,126,37,0.9352857142857143,0.9611971063583966
35,821,137,42,0.9298571428571428,0.9571218874507547
36,798,155,47,0.9245714285714286,0.9525558401498251
37,778,166,56,0.9192857142857143,0.9479222576908952
38,757,181,62,0.9142857142857143,0.9431982812431954
39,728,207,65,0.8988571428571429,0.9302526742945698
40,704,224,72,0.8898571428571429,0.9214523757492508
41,675,244,81,0.8804285714285714,0.9112141500474834
42,650,260,90,0.8811428571428571,0.9084605522682446
43,627,274,99,0.8777142857142857,0.9023904458114986
44,603,279,118,0.873,0.8945010144637012
45,574,301,125,0.866,0.8831849625403632
46,538,324,138,0.8688571428571429,0.8781369575282215
47,499,347,154,0.8664285714285714,0.8662382457222136
48,467,366,167,0.865,0.8551633056451043
49,441,372,187,0.8692857142857143,0.851669739935046
50,416,384,200,0.8695714285714286,0.8432281760707241
51,395,383,222,0.87,0.8355180368155052
52,368,395,237,0.8802857142857143,0.8371330775203059
53,344,398,258,0.8821428571428571,0.8286643346963115
54,322,398,280,0.8894285714285715,0.8282025686528791
55,302,393,305,0.9001428571428571,0.8350347500181937
56,281,395,324,0.9054285714285715,0.8322632734999283
57,265,393,342,0.9131428571428571,0.8366874006496648
58,236,397,367,0.9197142857142857,0.8300257651952567
59,218,401,381,0.9217142857142857,0.8200910710085022
60,203,401,396,0.9275714285714286,0.8213500784929356
61,183,407,410,0.9295714285714286,0.806815588782802
62,171,409,420,0.9278571428571428,0.7882741040635776
63,161,401,438,0.9302857142857143,0.7826018701795099
64,148,394,458,0.9311428571428572,0.7665218790218791
65,141,385,474,0.935,0.7685514249344036
66,129,385,486,0.9397142857142857,0.7652568361870689
67,117,377,506,0.9425714285714286,0.7534156726464417
68,106,372,522,0.9452857142857143,0.7405677655677654
69,95,369,536,0.948,0.7247233468286098
70,86,366,548,0.9534285714285714,0.7274810460856972
71,76,357,567,0.9585714285714285,0.7246457489878544
72,68,348,584,0.9642857142857143,0.7342086834733894
73,57,344,599,0.9692857142857143,0.7259237838185206
74,53,333,614,0.973,0.7409185154468173
75,48,323,629,0.976,0.7452533577533579
76,45,309,646,0.978,0.751102971102971
77,39,304,657,0.982,0.7650089227012304
78,34,297,669,0.9834285714285714,0.7506248653307477
79,33,286,681,0.9854285714285714,0.7740648240648241
80,30,271,699,0.9867142857142858,0.7730830280830283
81,28,253,719,0.989,0.7990973312401884
82,25,246,729,0.9908571428571429,0.8144761904761906
83,23,239,738,0.9912857142857143,0.807421563943303
84,20,231,749,0.9928571428571429,0.8178205128205128
85,18,226,756,0.9941428571428571,0.8348188848188848
86,16,220,764,0.9948571428571429,0.8368360805860806
87,16,205,779,0.995,0.8410027472527473
88,15,199,786,0.9951428571428571,0.8351648351648352
89,14,193,793,0.9962857142857143,0.8645996860282574
90,13,182,805,0.997,0.8812341504649197
91,12,176,812,0.9977142857142857,0.9015567765567765
92,12,172,816,0.9977142857142857,0.9015567765567765
93,12,164,824,0.9978571428571429,0.9075091575091575
94,12,157,831,0.998,0.9139194139194139
95,10,153,837,0.998,0.8972527472527473
96,10,147,843,0.9981428571428571,0.9043956043956044
97,10,138,852,0.9984285714285714,0.9197802197802197
98,9,134,857,0.9987142857142857,0.9273504273504274
99,8,127,865,0.999,0.9361263736263736
100,8,125,867,0.999,0.9361263736263736
101,7,118,875,0.9991428571428571,0.9372056514913657
102,7,114,879,0.9992857142857143,0.9474097331240189
103,7,105,888,0.9992857142857143,0.9474097331240189
104,7,100,893,0.9992857142857143,0.9474097331240189
105,7,97,896,0.9992857142857143,0.9474097331240189
106,6,94,900,0.9995714285714286,0.9624542124542125
107,6,94,900,0.9995714285714286,0.9624542124542125
108,6,90,904,0.9995714285714286,0.9624542124542125
109,6,84,910,0.9995714285714286,0.9624542124542125
110,5,82,913,0.9995714285714286,0.9549450549450549
111,5,75,920,0.9995714285714286,0.9549450549450549
112,5,73,922,0.9995714285714286,0.9549450549450549
113,5,73,922,0.9995714285714286,0.9549450549450549
114,3,73,924,0.9997142857142857,0.9523809523809524
115,3,69,928,0.9997142857142857,0.9523809523809524
116,3,68,929,0.9997142857142857,0.9523809523809524
117,3,65,932,0.9997142857142857,0.9523809523809524
118,3,62,935,0.9997142857142857,0.9523809523809524
119,3,57,940,0.9998571428571429,0.9761904761904763
120,3,57,940,0.9998571428571429,0.9761904761904763
121,3,55,942,0.9998571428571429,0.9761904761904763
122,3,54,943,1.0,1.0
123,3,54,943,1.0,1.0
124,2,53,945,1.0,1.0
125,2,51,947,1.0,1.0
126,2,50,948,1.0,1.0
127,2,49,949,1.0,1.0
128,2,46,952,1.0,1.0
129,2,45,953,1.0,1.0
130,2,41,957,1.0,1.0
131,2,39,959,1.0,1.0
132,2,38,960,1.0,1.0
133,2,35,963,1.0,1.0
134,2,34,964,1.0,1.0
135,2,33,965,1.0,1.0
136,2,31,967,1.0,1.0
137,2,28,970,1.0,1.0
138,2,27,971,1.0,1.0
139,2,27,971,1.0,1.0
140,2,27,971,1.0,1.0
141,2,26,972,1.0,1.0
142,2,26,972,1.0,1.0
143,2,25,973,1.0,1.0
144,2,25,973,1.0,1.0
145,2,22,976,1.0,1.0
146,2,18,980,1.0,1.0
147,2,18,980,1.0,1.0
148,2,17,981,1.0,1.0
149,2,17,981,1.0,1.0
150,2,15,983,1.0,1.0
151,2,15,983,1.0,1.0
152,2,14,984,1.0,1.0
153,2,14,984,1.0,1.0
154,2,13,985,1.0,1.0
155,2,13,985,1.0,1.0
156,2,13,985,1.0,1.0
157,2,12,986,1.0,1.0
158,2,11,987,1.0,1.0
159,2,11,987,1.0,1.0
160,2,11,987,1.0,1.0
161,2,11,987,1.0,1.0
162,2,11,987,1.0,1.0
163,2,10,988,1.0,1.0
164,2,9,989,1.0,1.0
165,2,8,990,1.0,1.0
166,2,8,990,1.0,1.0
167,2,8,990,1.0,1.0
168,2,7,991,1.0,1.0
169,2,6,992,1.0,1.0
170,2,5,993,1.0,1.0
171,2,5,993,1.0,1.0
172,2,5,993,1.0,1.0
173,2,5,993,1.0,1.0
174,2,5,993,1.0,1.0
175,2,5,993,1.0,1.0
176,2,5,993,1.0,1.0
177,2,5,993,1.0,1.0
178,2,5,993,1.0,1.0
179,2,5,993,1.0,1.0
180,2,5,993,1.0,1.0
181,2,5,993,1.0,1.0
182,2,5,993,1.0,1.0
183,2,4,994,1.0,1.0
184,2,4,994,1.0,1.0
185,2,4,994,1.0,1.0
186,2,4,994,1.0,1.0
187,2,4,994,1.0,1.0
188,2,4,994,1.0,1.0
189,2,4,994,1.0,1.0
190,2,4,994,1.0,1.0
191,2,4,994,1.0,1.0
192,2,4,994,1.0,1.0
193,2,4,994,1.0,1.0
194,2,3,995,1.0,1.0
195,2,3,995,1.0,1.0
196,2,2,996,1.0,1.0
197,2,2,996,1.0,1.0
198,2,2,996,1.0,1.0
199,2,2,996,1.0,1.0
200,2,2,996,1.0,1.0
1,998,2,0,0.9985714285714286,0.9992985971943887
2,998,2,0,0.9985714285714286,0.9992985971943887
3,993,7,0,0.9947142857142857,0.9973816717019134
4,991,9,0,0.9935714285714285,0.9968086404009714
5,988,12,0,0.9908571428571429,0.9954119766872803
6,986,12,2,0.9908571428571429,0.9953963548284035
7,981,16,3,0.9897142857142858,0.9948292278567509
8,978,19,3,0.9877142857142858,0.9938144677408481
9,976,20,4,0.9882857142857143,0.9940937819011589
10,975,19,6,0.9894285714285714,0.9946801916032685
11,975,15,10,0.9915714285714285,0.9957505400582324
12,970,19,11,0.9911428571428571,0.9954450360635927
13,968,20,12,0.992,0.9958439287984743
14,964,24,12,0.991,0.9953121912665481
15,960,28,12,0.9908571428571429,0.9952331349206349
16,960,25,15,0.9922857142857143,0.9959844322344321
17,957,28,15,0.9902857142857143,0.9949454281350834
18,951,34,15,0.9882857142857143,0.9938504581643384
19,943,41,16,0.985,0.9920763268191689
20,936,45,19,0.982,0.9904123031526877
21,930,48,22,0.9795714285714285,0.9890510161881129
22,919,57,24,0.9712857142857143,0.9843565529501329
23,906,67,27,0.9684285714285714,0.982518911368249
24,893,75,32,0.9604285714285714,0.9777562256705594
25,884,80,36,0.9574285714285714,0.9758480537185288
26,872,90,38,0.9527142857142857,0.9728036680444937
27,858,102,40,0.9467142857142857,0.9689211963250424
28,846,107,47,0.9458571428571428,0.9679881731743435
29,831,115,54,0.9415714285714286,0.9648605105283805
30,815,128,57,0.936,0.9607725454504595
31,802,134,64,0.9364285714285714,0.9603742475313547
32,783,149,68,0.927,0.9534331887780164
33,773,151,76,0.9302857142857143,0.9549183406072153
34,750,167,83,0.9215714285714286,0.9477371794871794
35,727,181,92,0.9225714285714286,0.9467580276211639
36,707,194,99,0.9212857142857143,0.9445733662848231
37,681,216,103,0.9137142857142857,0.9368914492262508
38,668,220,112,0.913,0.9351514004957119
39,647,234,119,0.9098571428571428,0.9306368219621698
40,629,245,126,0.9072857142857143,0.9264650558768207
41,607,254,139,0.9061428571428571,0.9228717465949757
42,575,274,151,0.9032857142857142,0.9159343844561236
43,550,287,163,0.8992857142857142,0.9083653846153846
44,532,293,175,0.8987142857142857,0.9047657777685973
45,508,304,188,0.8954285714285715,0.8973116040783364
46,484,320,196,0.8932857142857142,0.8899370515847789
47,459,331,210,0.892,0.8824835204737166
48,434,344,222,0.8952857142857142,0.8795020551644975
49,413,356,231,0.8934285714285715,0.8711843342291283
50,389,366,245,0.8875714285714286,0.8556439918265111
51,367,378,255,0.8871428571428571,0.8463073030511722
52,349,385,266,0.8871428571428571,0.8382419156774458
53,335,381,284,0.8898571428571429,0.8356954239790062
54,312,382,306,0.8905714285714286,0.8243167089320936
55,296,382,322,0.895,0.822164265914266
56,273,392,335,0.8938571428571429,0.8048732708073367
57,253,394,353,0.8961428571428571,0.7937193241541067
58,230,396,374,0.9017142857142857,0.7852253543557892
59,215,395,390,0.9082857142857143,0.7853803560780306
60,202,388,410,0.9211428571428572,0.8038216733761289
61,187,387,426,0.9274285714285714,0.8045532898474075
62,171,395,434,0.926,0.7819548872180452
63,149,398,453,0.931,0.7669629028689431
64,131,404,465,0.9334285714285714,0.7447361798506836
65,120,399,481,0.938,0.7408638583638584
66,109,398,493,0.9408571428571428,0.7276523171018583
67,99,391,510,0.9487142857142857,0.7396510896510897
68,88,388,524,0.9564285714285714,0.7512924575424574
69,80,384,536,0.9621428571428572,0.7614629120879121
70,74,373,553,0.9662857142857143,0.7707083457083458
71,70,362,568,0.9702857142857143,0.7860308738880168
72,66,346,588,0.9722857142857143,0.7882728382728383
73,63,335,602,0.9735714285714285,0.7880167451596022
74,58,335,607,0.9741428571428571,0.7747505368195023
75,52,328,620,0.9777142857142858,0.7841081994928149
76,48,320,632,0.9815714285714285,0.8058836996336997
77,46,311,643,0.9837142857142858,0.8214524605828953
78,42,301,657,0.9848571428571429,0.8178266178266176
79,41,293,666,0.9861428571428571,0.8293308317698561
80,39,283,678,0.986,0.8190945806330421
81,35,271,694,0.9865714285714285,0.8069911041339612
82,31,269,700,0.987,0.7900626255464966
83,30,254,716,0.9878571428571429,0.7975091575091575
84,28,245,727,0.9898571428571429,0.8189822082679227
85,26,241,733,0.991,0.8268244575936883
86,25,233,742,0.992,0.8408058608058608
87,21,232,747,0.9925714285714285,0.8239316239316239
88,21,223,756,0.993,0.834135705564277
89,19,219,762,0.9935714285714285,0.8319645267013688
90,18,212,770,0.9938571428571429,0.8305657305657306
91,18,200,782,0.9941428571428571,0.8382376882376882
92,17,189,794,0.995,0.8539754363283775
93,17,184,799,0.995,0.8539754363283775
94,17,175,808,0.9954285714285714,0.8665804783451843
95,16,167,817,0.9961428571428571,0.8805631868131868
96,16,162,822,0.9961428571428571,0.8805631868131868
97,15,154,831,0.9967142857142857,0.8903785103785105
98,15,147,838,0.9968571428571429,0.8951404151404152
99,14,145,841,0.9968571428571429,0.8876504447933019
100,12,145,843,0.997,0.8740842490842491
101,11,141,848,0.9975714285714286,0.8886113886113886
102,10,141,849,0.9977142857142857,0.8846153846153847
103,10,137,853,0.9977142857142857,0.8846153846153847
104,9,134,857,0.9982857142857143,0.9035409035409034
105,9,128,863,0.9982857142857143,0.9035409035409034
106,8,126,866,0.9987142857142857,0.9182692307692308
107,6,120,874,0.9992857142857143,0.9404761904761906
108,6,115,879,0.9992857142857143,0.9404761904761906
109,6,112,882,0.9992857142857143,0.9404761904761906
110,6,109,885,0.9992857142857143,0.9404761904761906
111,6,104,890,0.9992857142857143,0.9404761904761906
112,6,99,895,0.9994285714285714,0.9523809523809524
113,6,96,898,0.9994285714285714,0.9523809523809524
114,6,92,902,0.9994285714285714,0.9523809523809524
115,6,86,908,0.9994285714285714,0.9523809523809524
116,6,85,909,0.9994285714285714,0.9523809523809524
117,6,82,912,0.9994285714285714,0.9523809523809524
118,5,78,917,0.9995714285714286,0.9571428571428573
119,5,76,919,0.9997142857142857,0.9714285714285715
120,5,75,920,0.9997142857142857,0.9714285714285715
121,4,68,928,1.0,1.0
122,4,68,928,1.0,1.0
123,4,65,931,1.0,1.0
124,4,61,935,1.0,1.0
125,4,58,938,1.0,1.0
126,4,57,939,1.0,1.0
127,4,54,942,1.0,1.0
128,4,52,944,1.0,1.0
129,4,50,946,1.0,1.0
130,4,47,949,1.0,1.0
131,4,45,951,1.0,1.0
132,4,44,952,1.0,1.0
133,4,41,955,1.0,1.0
134,4,41,955,1.0,1.0
135,4,41,955,1.0,1.0
136,4,41,955,1.0,1.0
137,4,40,956,1.0,1.0
138,4,36,960,1.0,1.0
139,4,36,960,1.0,1.0
140,3,33,964,1.0,1.0
141,3,32,965,1.0,1.0
142,3,31,966,1.0,1.0
143,3,27,970,1.0,1.0
144,3,25,972,1.0,1.0
145,3,25,972,1.0,1.0
146,3,25,972,1.0,1.0
147,3,25,972,1.0,1.0
148,3,22,975,1.0,1.0
149,3,22,975,1.0,1.0
150,3,22,975,1.0,1.0
151,3,22,975,1.0,1.0
152,3,22,975,1.0,1.0
153,3,21,976,1.0,1.0
154,3,21,976,1.0,1.0
155,3,21,976,1.0,1.0
156,3,20,977,1.0,1.0
157,3,20,977,1.0,1.0
158,3,18,979,1.0,1.0
159,3,18,979,1.0,1.0
160,3,18,979,1.0,1.0
161,3,18,979,1.0,1.0
162,3,18,979,1.0,1.0
163,3,18,979,1.0,1.0
164,3,17,980,1.0,1.0
165,3,17,980,1.0,1.0
166,3,17,980,1.0,1.0
167,3,17,980,1.0,1.0
168,3,16,981,1.0,1.0
169,3,16,981,1.0,1.0
170,3,15,982,1.0,1.0
171,3,15,982,1.0,1.0
172,3,14,983,1.0,1.0
173,3,14,983,1.0,1.0
174,3,12,985,1.0,1.0
175,3,10,987,1.0,1.0
176,3,8,989,1.0,1.0
177,3,8,989,1.0,1.0
178,3,8,989,1.0,1.0
179,3,7,990,1.0,1.0
180,3,6,991,1.0,1.0
181,3,5,992,1.0,1.0
182,3,5,992,1.0,1.0
183,3,5,992,1.0,1.0
184,3,4,993,1.0,1.0
185,3,4,993,1.0,1.0
186,3,4,993,1.0,1.0
187,3,3,994,1.0,1.0
188,3,3,994,1.0,1.0
189,3,3,994,1.0,1.0
190,3,3,994,1.0,1.0
191,3,3,994,1.0,1.0
192,3,3,994,1.0,1.0
193,3,3,994,1.0,1.0
194,3,3,994,1.0,1.0
195,3,2,995,1.0,1.0
196,3,2,995,1.0,1.0
197,3,2,995,1.0,1.0
198,3,2,995,1.0,1.0
199,3,2,995,1.0,1.0
200,3,2,995,1.0,1.0
1,999,1,0,1.0,1.0
2,997,3,0,0.9985714285714286,0.9992820953703602
3,996,4,0,0.9974285714285714,0.9987021345455079
4,994,5,1,0.9962857142857143,0.9981246453077439
5,991,8,1,0.9944285714285714,0.9971797459183938
6,990,9,1,0.9934285714285714,0.9966648166648168
7,988,10,2,0.993,0.9964820983672198
8,986,12,2,0.9914285714285714,0.995682921709798
9,981,15,4,0.991,0.9954076165085339
10,980,14,6,0.9908571428571429,0.995335650743814
11,976,18,6,0.9887142857142858,0.9942446556176064
12,971,23,6,0.9878571428571429,0.9937828434867569
13,968,26,6,0.9865714285714285,0.9931142247903612
14,961,32,7,0.9831428571428571,0.9912449543172749
15,953,40,7,0.9784285714285714,0.9886767351221706
16,946,45,9,0.9744285714285714,0.9864671665543759
17,938,49,13,0.9722857142857143,0.9852075962417114
18,931,53,16,0.9734285714285714,0.985692252609546
19,926,56,18,0.9711428571428572,0.9843837273237921
20,917,60,23,0.9715714285714285,0.9844616942490443
21,907,69,24,0.9655714285714285,0.9810162916833258
22,888,85,27,0.9584285714285714,0.9766413027442439
23,876,95,29,0.9544285714285714,0.9740734079019737
24,861,103,36,0.9527142857142857,0.9725834486389927
25,846,114,40,0.9461428571428572,0.968212634662885
26,826,133,41,0.938,0.9625271392781363
27,802,147,51,0.9358571428571428,0.9599798345388415
28,780,162,58,0.9264285714285714,0.9528506787330318
29,753,187,60,0.9195714285714286,0.9465580828306398
30,730,203,67,0.9101428571428571,0.938285863344284
31,708,218,74,0.9064285714285715,0.9338002476088219
32,681,236,83,0.9014285714285715,0.9272694755073609
33,653,251,96,0.8894285714285715,0.9149662869034997
34,617,271,112,0.8857142857142857,0.9071197036351007
35,588,286,126,0.879,0.8967525105280207
36,556,300,144,0.8751428571428571,0.887428848130287
37,525,318,157,0.8707142857142857,0.8764824699110414
38,498,335,167,0.8691428571428571,0.8680689792135575
39,469,348,183,0.8637142857142858,0.8542968048298538
40,436,365,199,0.8592857142857143,0.8383040125012602
41,407,378,215,0.8635714285714285,0.8318559818559818
42,378,391,231,0.8674285714285714,0.8240663216853693
43,353,404,243,0.8652857142857143,0.8084425489524639
44,329,418,253,0.868,0.7987391028424463
45,307,420,273,0.8738571428571429,0.7939745379484793
46,286,421,293,0.8791428571428571,0.7880516918978456
47,260,424,316,0.8894285714285715,0.7864271625810088
48,233,429,338,0.8997142857142857,0.7839063654514297
49,217,429,354,0.9035714285714286,0.7769061967218649
50,201,429,370,0.9148571428571428,0.7875047837734406
51,177,432,391,0.9201428571428572,0.7739171374764596
52,161,435,404,0.9255714285714286,0.7681534821286375
53,149,431,420,0.9308571428571428,0.7672013668657964
54,133,427,440,0.933,0.7467570023961001
55,114,431,455,0.9395714285714286,0.7338699312383523
56,103,425,472,0.9442857142857143,0.7283722749742166
57,94,418,488,0.9448571428571428,0.7052022445639466
58,89,405,506,0.9468571428571428,0.7002654648722064
59,84,400,516,0.9492857142857143,0.6975994243851387
60,78,389,533,0.9534285714285714,0.700706771860618
61,72,376,552,0.9571428571428572,0.7019408831908831
62,67,369,564,0.9621428571428572,0.717571483243125
63,59,364,577,0.9658571428571429,0.7097442105916684
64,51,356,593,0.9711428571428572,0.7167097608274079
65,47,348,605,0.9734285714285714,0.7173992673992674
66,43,341,616,0.9742857142857143,0.7014609421586165
67,39,336,625,0.9784285714285714,0.7238330046022353
68,36,326,638,0.9805714285714285,0.7306013431013432
69,34,320,646,0.9818571428571429,0.7336619263089851
70,31,312,657,0.9841428571428571,0.7446000236322817
71,29,295,676,0.9864285714285714,0.7665845648604268
72,22,291,687,0.9895714285714285,0.7641774891774893
73,20,289,691,0.9908571428571429,0.7715476190476191
74,18,275,707,0.9921428571428571,0.7805555555555554
75,17,271,712,0.9924285714285714,0.7760504201680671
76,17,268,715,0.9925714285714285,0.7802521008403361
77,16,264,720,0.9927142857142857,0.7706387362637361
78,16,258,726,0.993,0.7803113553113552
79,16,250,734,0.9931428571428571,0.7855196886446886
80,14,245,741,0.9944285714285714,0.8007980115122972
81,13,237,750,0.9948571428571429,0.8019582981121443
82,12,227,761,0.9958571428571429,0.8271214896214897
83,11,222,767,0.9967142857142857,0.851015651015651
84,11,218,771,0.9967142857142857,0.851015651015651
85,8,212,780,0.9987142857142857,0.9195512820512821
86,7,204,789,0.9992857142857143,0.9488749345892203
87,7,195,798,0.9994285714285714,0.9590790162218734
88,7,188,805,0.9994285714285714,0.9590790162218734
89,7,183,810,0.9994285714285714,0.9590790162218734
90,7,171,822,0.9995714285714286,0.9700680272108845
91,7,168,825,0.9995714285714286,0.9700680272108845
92,5,164,831,0.9994285714285714,0.9423809523809524
93,5,158,837,0.9994285714285714,0.9423809523809524
94,5,148,847,0.9997142857142857,0.9723809523809525
95,5,143,852,0.9997142857142857,0.9723809523809525
96,5,140,855,0.9997142857142857,0.9723809523809525
97,4,136,860,0.9997142857142857,0.9654761904761905
98,4,130,866,0.9997142857142857,0.9654761904761905
99,4,129,867,0.9997142857142857,0.9654761904761905
100,4,123,873,0.9997142857142857,0.9654761904761905
101,4,123,873,0.9997142857142857,0.9654761904761905
102,4,122,874,0.9997142857142857,0.9654761904761905
103,4,120,876,0.9997142857142857,0.9654761904761905
104,4,115,881,0.9997142857142857,0.9654761904761905
105,3,113,884,0.9998571428571429,0.9761904761904763
106,3,104,893,0.9998571428571429,0.9761904761904763
107,3,101,896,0.9998571428571429,0.9761904761904763
108,3,99,898,0.9998571428571429,0.9761904761904763
109,3,96,901,0.9998571428571429,0.9761904761904763
110,3,91,906,0.9998571428571429,0.9761904761904763
111,3,85,912,0.9998571428571429,0.9761904761904763
112,3,83,914,0.9998571428571429,0.9761904761904763
113,2,78,920,1.0,1.0
114,2,74,924,1.0,1.0
115,2,71,927,1.0,1.0
116,2,67,931,1.0,1.0
117,2,60,938,1.0,1.0
118,2,58,940,1.0,1.0
119,2,58,940,1.0,1.0
120,2,55,943,1.0,1.0
121,2,51,947,1.0,1.0
122,2,49,949,1.0,1.0
123,2,42,956,1.0,1.0
124,2,40,958,1.0,1.0
125,2,38,960,1.0,1.0
126,2,37,961,1.0,1.0
127,2,37,961,1.0,1.0
128,2,36,962,1.0,1.0
129,2,34,964,1.0,1.0
130,2,34,964,1.0,1.0
131,2,33,965,1.0,1.0
132,2,33,965,1.0,1.0
133,2,29,969,1.0,1.0
134,2,29,969,1.0,1.0
135,2,29,969,1.0,1.0
136,2,26,972,1.0,1.0
137,2,24,974,1.0,1.0
138,2,23,975,1.0,1.0
139,2,23,975,1.0,1.0
140,2,23,975,1.0,1.0
141,2,22,976,1.0,1.0
142,2,22,976,1.0,1.0
143,2,21,977,1.0,1.0
144,2,21,977,1.0,1.0
145,2,19,979,1.0,1.0
146,2,19,979,1.0,1.0
147,2,19,979,1.0,1.0
148,2,19,979,1.0,1.0
149,2,16,982,1.0,1.0
150,2,15,983,1.0,1.0
151,2,15,983,1.0,1.0
152,2,15,983,1.0,1.0
153,2,15,983,1.0,1.0
154,2,15,983,1.0,1.0
155,2,11,987,1.0,1.0
156,2,10,988,1.0,1.0
157,2,9,989,1.0,1.0
158,2,9,989,1.0,1.0
159,2,9,989,1.0,1.0
160,2,9,989,1.0,1.0
161,2,8,990,1.0,1.0
162,2,8,990,1.0,1.0
163,2,7,991,1.0,1.0
164,2,7,991,1.0,1.0
165,2,7,991,1.0,1.0
166,2,6,992,1.0,1.0
167,2,6,992,1.0,1.0
168,2,6,992,1.0,1.0
169,2,6,992,1.0,1.0
170,2,6,992,1.0,1.0
171,2,6,992,1.0,1.0
172,2,5,993,1.0,1.0
173,2,5,993,1.0,1.0
174,2,5,993,1.0,1.0
175,2,4,994,1.0,1.0
176,2,4,994,1.0,1.0
177,2,4,994,1.0,1.0
178,2,4,994,1.0,1.0
179,2,4,994,1.0,1.0
180,2,3,995,1.0,1.0
181,2,3,995,1.0,1.0
182,2,3,995,1.0,1.0
183,2,3,995,1.0,1.0
184,2,3,995,1.0,1.0
185,2,3,995,1.0,1.0
186,2,3,995,1.0,1.0
187,2,3,995,1.0,1.0
188,2,3,995,1.0,1.0
189,2,2,996,1.0,1.0
190,2,2,996,1.0,1.0
191,2,2,996,1.0,1.0
192,2,2,996,1.0,1.0
193,2,2,996,1.0,1.0
194,2,2,996,1.0,1.0
195,2,2,996,1.0,1.0
196,2,2,996,1.0,1.0
197,2,2,996,1.0,1.0
198,2,2,996,1.0,1.0
199,2,2,996,1.0,1.0
200,2,2,996,1.0,1.0
1,998,2,0,0.9982857142857143,0.9991459108693578
2,997,3,0,0.9974285714285714,0.9987199694321057
3,997,2,1,0.9991428571428571,0.999574915221856
4,997,2,1,0.9991428571428571,0.999574915221856
5,996,3,1,0.9975714285714286,0.998799961751769
6,996,3,1,0.9975714285714286,0.998799961751769
7,994,5,1,0.996,0.9980166714573153
8,990,8,2,0.9937142857142857,0.9968638768638768
9,990,8,2,0.9937142857142857,0.9968638768638768
10,988,10,2,0.9928571428571429,0.9964333911702333
11,983,15,2,0.9907142857142858,0.9953390793675636
12,979,19,2,0.9867142857142858,0.9932573044932596
13,976,21,3,0.9858571428571429,0.9928177355431453
14,972,25,3,0.9828571428571429,0.9912596662596662
15,968,26,6,0.9847142857142858,0.9921918990100808
16,965,29,6,0.9837142857142858,0.9916191235362221
17,960,34,6,0.983,0.9912019230769231
18,956,37,7,0.9852857142857143,0.9923437092893159
19,952,39,9,0.9865714285714285,0.9929735355680734
20,948,41,11,0.987,0.9931875086938379
21,946,41,13,0.9877142857142858,0.9935448272657574
22,940,46,14,0.9864285714285714,0.9928189540955499
23,927,57,16,0.9784285714285714,0.9883718403135878
24,919,63,18,0.9765714285714285,0.9872685711097027
25,908,69,23,0.9744285714285714,0.9859032854076908
26,902,70,28,0.9744285714285714,0.9858208864306424
27,892,76,32,0.9694285714285714,0.9828107804004665
28,879,88,33,0.9624285714285714,0.9785808048606685
29,867,92,41,0.9587142857142857,0.9761281213754245
30,854,98,48,0.9518571428571428,0.9717143730127612
31,840,107,53,0.9462857142857143,0.9678875909338095
32,827,112,61,0.9421428571428572,0.9648226847245269
33,806,129,65,0.9358571428571428,0.9600794856022196
34,796,134,70,0.9348571428571428,0.9589349326897363
35,775,149,76,0.9281428571428572,0.9535066691689084
36,761,157,82,0.9278571428571428,0.9524717983827515
37,742,171,87,0.9187142857142857,0.945346367864998
38,719,185,96,0.9088571428571428,0.9367255974819585
39,703,191,106,0.9064285714285715,0.9335891436123634
40,675,216,109,0.8967142857142857,0.9234675955852427
41,651,230,119,0.892,0.9170632314133262
42,627,239,134,0.8905714285714286,0.9127700730641907
43,603,253,144,0.8867142857142857,0.9059559721324426
44,582,257,161,0.888,0.9036406050657112
45,547,284,169,0.8798571428571429,0.889905251933427
46,517,299,184,0.8667142857142857,0.8709527435434821
47,482,328,190,0.8537142857142858,0.8480911331976135
48,453,340,207,0.8581428571428571,0.8432101606137447
49,424,359,217,0.857,0.831167991507198
50,383,383,234,0.8514285714285714,0.8055915658088902
51,358,399,243,0.8482857142857143,0.7874434690077149
52,328,411,261,0.855,0.7783592423836326
53,300,421,279,0.8587142857142858,0.7638748473748472
54,271,433,296,0.8628571428571429,0.7464376951461823
55,246,440,314,0.8658571428571429,0.7271039935674082
56,222,447,331,0.87,0.7065529815529813
57,207,443,350,0.8772857142857143,0.7032321141016794
58,192,437,371,0.8852857142857142,0.7004330738705739
59,173,436,391,0.8921428571428571,0.6870947934531749
60,150,437,413,0.9045714285714286,0.6806324786324787
61,132,437,431,0.9147142857142857,0.6752233877233876
62,119,426,455,0.9254285714285714,0.6850155446794101
63,108,423,469,0.9328571428571428,0.688105413105413
64,99,421,480,0.9384285714285714,0.6874144374144372
65,89,409,502,0.9451428571428572,0.6892106021319505
66,84,403,513,0.9497142857142857,0.697420634920635
67,80,393,527,0.9537142857142857,0.7066758241758241
68,69,390,541,0.9607142857142857,0.7114880288793334
69,65,379,556,0.9644285714285714,0.7224006762468301
70,55,373,572,0.9688571428571429,0.713186813186813
71,53,365,582,0.9718571428571429,0.7314949201741654
72,52,354,594,0.9738571428571429,0.7454705550859398
73,48,344,608,0.9762857142857143,0.7498015873015874
74,44,331,625,0.9788571428571429,0.7568140193140193
75,42,316,642,0.9808571428571429,0.7695883481597767
76,40,301,659,0.9825714285714285,0.7804578754578755
77,37,290,673,0.984,0.7822393822393823
78,34,279,687,0.9862857142857143,0.7966386554621849
79,31,267,702,0.9887142857142858,0.8168380007089685
80,29,259,712,0.9908571428571429,0.8411772135910066
81,29,242,729,0.9918571428571429,0.858254389288872
82,29,232,739,0.9927142857142857,0.8732474422129594
83,27,227,746,0.9935714285714285,0.8797313797313796
84,26,217,757,0.9945714285714286,0.894153282614821
85,24,204,772,0.9952857142857143,0.9002136752136751
86,22,200,778,0.9952857142857143,0.8918581418581417
87,21,193,786,0.9957142857142857,0.8969126111983253
88,20,190,790,0.9958571428571429,0.8953296703296705
89,19,186,795,0.9961428571428571,0.8968382494698285
90,19,182,799,0.9964285714285714,0.9043570464623096
91,17,179,804,0.997,0.9099116569704805
92,17,174,809,0.997,0.9099116569704805
93,15,166,819,0.9977142857142857,0.922808302808303
94,15,158,827,0.9981428571428571,0.9374603174603175
95,14,149,837,0.9981428571428571,0.9329931972789117
96,13,141,846,0.9982857142857143,0.9333333333333335
97,13,134,853,0.9984285714285714,0.9384615384615386
98,13,130,857,0.9984285714285714,0.9384615384615386
99,13,127,860,0.9984285714285714,0.9384615384615386
100,13,125,862,0.9984285714285714,0.9384615384615386
101,12,121,867,0.9987142857142857,0.9444444444444445
102,12,118,870,0.9987142857142857,0.9444444444444445
103,12,111,877,0.999,0.9563492063492065
104,12,102,886,0.999,0.9563492063492065
105,11,97,892,0.999,0.9523809523809524
106,11,96,893,0.999,0.9523809523809524
107,10,94,896,0.9992857142857143,0.9619047619047618
108,10,88,902,0.9992857142857143,0.9619047619047618
109,10,87,903,0.9992857142857143,0.9619047619047618
110,9,83,908,0.9995714285714286,0.976190476190476
111,9,80,911,0.9995714285714286,0.976190476190476
112,9,75,916,0.9997142857142857,0.9841269841269842
113,9,72,919,0.9997142857142857,0.9841269841269842
114,9,71,920,0.9997142857142857,0.9841269841269842
115,9,69,922,0.9997142857142857,0.9841269841269842
116,9,64,927,0.9998571428571429,0.9920634920634921
117,8,60,932,0.9998571428571429,0.9910714285714286
118,8,59,933,0.9998571428571429,0.9910714285714286
119,8,57,935,0.9998571428571429,0.9910714285714286
120,8,54,938,0.9998571428571429,0.9910714285714286
121,8,53,939,0.9998571428571429,0.9910714285714286
122,8,51,941,0.9998571428571429,0.9910714285714286
123,8,49,943,0.9998571428571429,0.9910714285714286
124,8,47,945,0.9998571428571429,0.9910714285714286
125,7,48,945,0.9998571428571429,0.9897959183673469
126,7,47,946,0.9998571428571429,0.9897959183673469
127,7,45,948,0.9998571428571429,0.9897959183673469
128,7,43,950,0.9998571428571429,0.9897959183673469
129,7,42,951,0.9998571428571429,0.9897959183673469
130,7,41,952,0.9998571428571429,0.9897959183673469
131,7,41,952,0.9998571428571429,0.9897959183673469
132,7,39,954,0.9998571428571429,0.9897959183673469
133,7,34,959,0.9998571428571429,0.9897959183673469
134,7,31,962,0.9998571428571429,0.9897959183673469
135,7,28,965,0.9998571428571429,0.9897959183673469
136,7,26,967,0.9998571428571429,0.9897959183673469
137,7,25,968,1.0,1.0
138,7,24,969,1.0,1.0
139,7,22,971,1.0,1.0
140,7,19,974,1.0,1.0
141,7,19,974,1.0,1.0
142,7,19,974,1.0,1.0
143,7,18,975,1.0,1.0
144,7,17,976,1.0,1.0
145,7,16,977,1.0,1.0
146,7,15,978,1.0,1.0
147,7,15,978,1.0,1.0
148,7,14,979,1.0,1.0
149,7,13,980,1.0,1.0
150,7,13,980,1.0,1.0
151,7,12,981,1.0,1.0
152,7,12,981,1.0,1.0
153,7,11,982,1.0,1.0
154,7,11,982,1.0,1.0
155,7,9,984,1.0,1.0
156,7,8,985,1.0,1.0
157,7,8,985,1.0,1.0
158,7,8,985,1.0,1.0
159,7,8,985,1.0,1.0
160,7,8,985,1.0,1.0
161,7,7,986,1.0,1.0
162,7,7,986,1.0,1.0
163,7,7,986,1.0,1.0
164,7,6,987,1.0,1.0
165,7,6,987,1.0,1.0
166,7,6,987,1.0,1.0
167,7,6,987,1.0,1.0
168,7,6,987,1.0,1.0
169,7,4,989,1.0,1.0
170,7,4,989,1.0,1.0
171,7,4,989,1.0,1.0
172,7,4,989,1.0,1.0
173,7,4,989,1.0,1.0
174,7,4,989,1.0,1.0
175,7,4,989,1.0,1.0
176,7,4,989,1.0,1.0
177,7,4,989,1.0,1.0
178,7,4,989,1.0,1.0
179,7,4,989,1.0,1.0
180,7,4,989,1.0,1.0
181,7,4,989,1.0,1.0
182,7,4,989,1.0,1.0
183,7,4,989,1.0,1.0
184,7,4,989,1.0,1.0
185,7,4,989,1.0,1.0
186,7,4,989,1.0,1.0
187,7,4,989,1.0,1.0
188,7,4,989,1.0,1.0
189,7,4,989,1.0,1.0
190,7,4,989,1.0,1.0
191,7,4,989,1.0,1.0
192,7,4,989,1.0,1.0
193,7,4,989,1.0,1.0
194,7,4,989,1.0,1.0
195,7,4,989,1.0,1.0
196,7,3,990,1.0,1.0
197,7,3,990,1.0,1.0
198,7,3,990,1.0,1.0
199,7,3,990,1.0,1.0
200,7,3,990,1.0,1.0
1,997,3,0,0.9977142857142857,0.9988522343587539
2,996,4,0,0.997,0.9984917692749018
3,995,5,0,0.997,0.9984902534651279
4,993,7,0,0.9952857142857143,0.9976218142381285
5,990,10,0,0.9928571428571429,0.9964169164169164
6,986,14,0,0.9902857142857143,0.9951010112267719
7,983,16,1,0.9892857142857143,0.9945572907933031
8,979,19,2,0.9884285714285714,0.9940602468692357
9,972,24,4,0.9887142857142858,0.9941678349085756
10,969,26,5,0.9888571428571429,0.9942397471809237
11,963,30,7,0.987,0.9932110810615484
12,961,31,8,0.9852857142857143,0.9923149344585348
13,955,34,11,0.9837142857142858,0.9914193659743398
14,953,36,11,0.9822857142857143,0.9906560735521911
15,950,37,13,0.983,0.9910048197416619
16,943,44,13,0.9784285714285714,0.9884928080050032
17,935,47,18,0.9771428571428571,0.9876593994241054
18,927,54,19,0.9727142857142858,0.9851414866834627
19,917,60,23,0.9695714285714285,0.9832745781812432
20,901,72,27,0.9614285714285714,0.978341082868732
21,886,84,30,0.9542857142857143,0.9739777022981445
22,872,96,32,0.949,0.9705213052934654
23,854,111,35,0.941,0.9652719473665885
24,842,119,39,0.9388571428571428,0.96345047702984
25,818,137,45,0.9295714285714286,0.9566554038391735
26,797,154,49,0.9167142857142857,0.9474101362386476
27,773,173,54,0.9051428571428571,0.9383114928725994
28,751,185,64,0.8967142857142857,0.9309642985535911
29,721,205,74,0.8905714285714286,0.9238460694210471
30,699,218,83,0.8865714285714286,0.9186078536179523
31,671,231,98,0.8825714285714286,0.9122803064823317
32,642,249,109,0.8738571428571429,0.9015791752838208
33,606,274,120,0.8632857142857143,0.8868565076449467
34,564,299,137,0.8577142857142858,0.873468328275118
35,541,313,146,0.8534285714285714,0.8642783659745713
36,507,336,157,0.847,0.8487879820415497
37,476,354,170,0.8504285714285714,0.8425956694895153
38,445,372,183,0.8454285714285714,0.825769515239112
39,401,399,200,0.8395714285714285,0.7992666873002797
40,366,423,211,0.844,0.7862344328231503
41,327,441,232,0.8508571428571429,0.7713829321425111
42,304,451,245,0.8525714285714285,0.7568856565905714
43,282,447,271,0.8597142857142858,0.750847337025372
44,255,453,292,0.8714285714285714,0.7473381539644515
45,233,461,306,0.8781428571428571,0.7386241819276407
46,215,459,326,0.8852857142857142,0.733345910815131
47,193,459,348,0.8955714285714286,0.729657295361349
48,175,459,366,0.902,0.7198411980176685
49,157,456,387,0.9122857142857143,0.720821307454878
50,144,450,406,0.9177142857142857,0.7145942565060213
51,126,453,421,0.9255714285714286,0.7052465430616691
52,118,436,446,0.9327142857142857,0.7155128022525831
53,109,429,462,0.9407142857142857,0.727865712269382
54,98,424,478,0.9448571428571428,0.718490692980489
55,87,412,501,0.9511428571428572,0.7195907540735126
56,83,395,522,0.955,0.7290436471159362
57,74,390,536,0.9612857142857143,0.7385357885357885
58,69,373,558,0.9642857142857143,0.7420873812178157
59,61,366,573,0.9695714285714285,0.7513360955983905
60,55,355,590,0.9727142857142858,0.7526939726939724
61,46,355,599,0.976,0.7408265647396083
62,44,343,613,0.9775714285714285,0.7466117216117216
63,40,335,625,0.9801428571428571,0.7527197802197803
64,37,328,635,0.9818571428571429,0.7558558558558559
65,30,325,645,0.9864285714285714,0.7741514041514043
66,29,315,656,0.987,0.7762410003789314
67,29,301,670,0.9881428571428571,0.7958064923582164
68,25,295,680,0.99,0.8007179487179488
69,23,289,688,0.9908571428571429,0.8020226150660933
70,21,275,704,0.9922857142857143,0.8185592185592185
71,17,274,709,0.9938571428571429,0.822085757379875
72,15,264,721,0.9947142857142857,0.8269841269841272
73,13,257,730,0.9954285714285714,0.8263736263736264
74,11,251,738,0.9962857142857143,0.8337662337662338
75,10,240,750,0.9964285714285714,0.8238095238095238
76,9,231,760,0.9967142857142857,0.82010582010582
77,9,220,771,0.9968571428571429,0.8275132275132274
78,8,212,780,0.9972857142857143,0.8327380952380952
79,8,205,787,0.9974285714285714,0.8410714285714285
80,7,201,792,0.9977142857142857,0.8387755102040816
81,5,193,802,0.9981428571428571,0.8171428571428571
82,5,190,805,0.9981428571428571,0.8171428571428571
83,4,183,813,0.9985714285714286,0.8226190476190476
84,4,175,821,0.9987142857142857,0.8404761904761905
85,4,169,827,0.9988571428571429,0.8583333333333333
86,4,166,830,0.9988571428571429,0.8583333333333333
87,4,158,838,0.999,0.875
88,3,152,845,0.9994285714285714,0.9047619047619048
89,3,148,849,0.9994285714285714,0.9047619047619048
90,3,142,855,0.9994285714285714,0.9047619047619048
91,3,136,861,0.9994285714285714,0.9047619047619048
92,3,128,869,0.9995714285714286,0.9285714285714285
93,3,121,876,0.9995714285714286,0.9285714285714285
94,3,117,880,0.9997142857142857,0.9523809523809524
95,2,116,882,1.0,1.0
96,2,110,888,1.0,1.0
97,1,105,894,1.0,1.0
98,1,98,901,1.0,1.0
99,0,94,906,1.0,
100,0,91,909,1.0,
101,0,86,914,1.0,
102,0,83,917,1.0,
103,0,78,922,1.0,
104,0,78,922,1.0,
105,0,76,924,1.0,
106,0,71,929,1.0,
107,0,66,934,1.0,
108,0,64,936,1.0,
109,0,61,939,1.0,
110,0,61,939,1.0,
111,0,60,940,1.0,
112,0,57,943,1.0,
113,0,54,946,1.0,
114,0,51,949,1.0,
115,0,47,953,1.0,
116,0,45,955,1.0,
117,0,42,958,1.0,
118,0,41,959,1.0,
119,0,41,959,1.0,
120,0,39,961,1.0,
121,0,36,964,1.0,
122,0,35,965,1.0,
123,0,33,967,1.0,
124,0,33,967,1.0,
125,0,33,967,1.0,
126,0,32,968,1.0,
127,0,30,970,1.0,
128,0,30,970,1.0,
129,0,28,972,1.0,
130,0,27,973,1.0,
131,0,27,973,1.0,
132,0,25,975,1.0,
133,0,24,976,1.0,
134,0,23,977,1.0,
135,0,21,979,1.0,
136,0,21,979,1.0,
137,0,20,980,1.0,
138,0,19,981,1.0,
139,0,19,981,1.0,
140,0,19,981,1.0,
141,0,18,982,1.0,
142,0,18,982,1.0,
143,0,18,982,1.0,
144,0,16,984,1.0,
145,0,16,984,1.0,
146,0,16,984,1.0,
147,0,13,987,1.0,
148,0,13,987,1.0,
149,0,13,987,1.0,
150,0,11,989,1.0,
151,0,10,990,1.0,
152,0,9,991,1.0,
153,0,9,991,1.0,
154,0,9,991,1.0,
155,0,9,991,1.0,
156,0,8,992,1.0,
157,0,8,992,1.0,
158,0,8,992,1.0,
159,0,7,993,1.0,
160,0,7,993,1.0,
161,0,7,993,1.0,
162,0,6,994,1.0,
163,0,6,994,1.0,
164,0,6,994,1.0,
165,0,5,995,1.0,
166,0,5,995,1.0,
167,0,5,995,1.0,
168,0,5,995,1.0,
169,0,3,997,1.0,
170,0,3,997,1.0,
171,0,3,997,1.0,
172,0,3,997,1.0,
173,0,3,997,1.0,
174,0,3,997,1.0,
175,0,3,997,1.0,
176,0,3,997,1.0,
177,0,3,997,1.0,
178,0,3,997,1.0,
179,0,3,997,1.0,
180,0,2,998,1.0,
181,0,2,998,1.0,
182,0,2,998,1.0,
183,0,2,998,1.0,
184,0,2,998,1.0,
185,0,2,998,1.0,
186,0,2,998,1.0,
187,0,2,998,1.0,
188,0,2,998,1.0,
189,0,2,998,1.0,
190,0,1,999,1.0,
191,0,1,999,1.0,
192,0,1,999,1.0,
193,0,1,999,1.0,
194,0,0,1000,1.0,
195,0,0,1000,1.0,
196,0,0,1000,1.0,
197,0,0,1000,1.0,
198,0,0,1000,1.0,
199,0,0,1000,1.0,
200,0,0,1000,1.0,
1,997,3,0,0.9975714285714286,0.9987765494285054
2,997,3,0,0.9975714285714286,0.9987765494285054
3,995,5,0,0.9961428571428571,0.9980506930255675
4,995,4,1,0.997,0.9984869401954829
5,995,4,1,0.997,0.9984869401954829
6,994,5,1,0.9967142857142857,0.9983361708713822
7,994,5,1,0.9967142857142857,0.9983361708713822
8,993,6,1,0.9964285714285714,0.9982064930705414
9,993,5,2,0.997,0.9984894259818731
10,992,6,2,0.9961428571428571,0.9980447979439915
11,991,7,2,0.9954285714285714,0.9976816993971384
12,990,8,2,0.9948571428571429,0.9973900173900174
13,988,9,3,0.9945714285714286,0.9972609037386366
14,988,9,3,0.9945714285714286,0.9972609037386366
15,987,10,3,0.9942857142857143,0.9971085651936716
16,983,13,4,0.9935714285714285,0.9967215558263371
17,982,14,4,0.9935714285714285,0.9967182172884821
18,980,16,4,0.9925714285714285,0.9962151453988188
19,978,18,4,0.9905714285714285,0.9951834123613265
20,974,22,4,0.9905714285714285,0.9951685207332025
21,971,24,5,0.991,0.9954010630632669
22,965,30,5,0.9842857142857143,0.9918825561312609
23,961,34,5,0.9815714285714285,0.9904563698528319
24,959,36,5,0.981,0.9900965214833828
25,951,44,5,0.9771428571428571,0.9880160848615107
26,946,47,7,0.9744285714285714,0.9865189074491401
27,936,54,10,0.9731428571428572,0.9857181013431013
28,928,57,15,0.971,0.9844252281482885
29,918,64,18,0.97,0.9837148962148962
30,908,72,20,0.9668571428571429,0.9818369680979813
31,899,78,23,0.9668571428571429,0.981651825186308
32,893,79,28,0.9692857142857143,0.9828386432529769
33,885,84,31,0.9687142857142857,0.9824499699923429
34,877,85,38,0.9688571428571429,0.9823581160382757
35,867,91,42,0.9711428571428572,0.9834408574893003
36,857,100,43,0.9661428571428572,0.9803509986707185
37,841,112,47,0.9635714285714285,0.9784207271127605
38,823,125,52,0.9554285714285714,0.9729978658441599
39,807,133,60,0.9487142857142857,0.9682717439277685
40,792,139,69,0.945,0.9653543386080152
41,771,155,74,0.9341428571428572,0.9574550312991604
42,751,170,79,0.9265714285714286,0.9512704600430769
43,728,184,88,0.9225714285714286,0.9470121406550785
44,708,195,97,0.919,0.9429627821358879
45,688,208,104,0.9152857142857143,0.9385523736551866
46,664,222,114,0.9112857142857143,0.9332569004200384
47,637,242,121,0.9015714285714286,0.9228555961691525
48,611,259,130,0.896,0.9150245261141091
49,590,274,136,0.8942857142857142,0.9104967697639682
50,562,288,150,0.8897142857142857,0.9018229711813552
51,543,294,163,0.8908571428571429,0.8993877286004358
52,515,312,173,0.8888571428571429,0.8921080052633451
53,494,316,190,0.8911428571428571,0.8897282036452078
54,472,323,205,0.8898571428571429,0.8831674504873658
55,445,339,216,0.8857142857142857,0.8711867720294687
56,414,353,233,0.8858571428571429,0.8617020358868186
57,393,359,248,0.8874285714285715,0.8565191911565958
58,371,366,263,0.8895714285714286,0.8507670702533554
59,343,380,277,0.8875714285714286,0.8357387539003043
60,326,381,293,0.8908571428571429,0.8322820869735341
61,314,382,304,0.892,0.8277868129123279
62,296,381,323,0.8921428571428571,0.8180469901058136
63,281,376,343,0.9008571428571429,0.8237370612082775
64,266,368,366,0.9017142857142857,0.8157349579507915
65,247,371,382,0.9065714285714286,0.8113633369884858
66,226,380,394,0.9051428571428571,0.79061705689764
67,207,384,409,0.9091428571428571,0.7814370861685441
68,192,385,423,0.9121428571428571,0.7717489159125188
69,176,388,436,0.9157142857142857,0.7608981092436974
70,162,386,452,0.921,0.7566156187071219
71,150,387,463,0.9208571428571428,0.7369964806435394
72,134,393,473,0.9271428571428572,0.7290335652056458
73,123,387,490,0.9352857142857143,0.7372762738616395
74,118,374,508,0.9375714285714286,0.7360029800707766
75,96,383,521,0.9445714285714286,0.7117330586080586
76,87,370,543,0.9518571428571428,0.7229716643509747
77,80,362,558,0.9555714285714285,0.7221565934065934
78,76,347,577,0.9588571428571429,0.7290341237709659
79,72,335,593,0.9632857142857143,0.7448717948717949
80,66,327,607,0.9654285714285714,0.7370962370962371
81,53,323,624,0.9711428571428572,0.7266777247909324
82,48,314,638,0.9734285714285714,0.7229319291819292
83,42,305,653,0.976,0.714765393336822
84,37,300,663,0.9791428571428571,0.7183942183942185
85,33,292,675,0.9814285714285714,0.7192252192252192
86,31,285,684,0.9838571428571429,0.7393595651660169
87,29,276,695,0.9848571428571429,0.738625742074018
88,25,261,714,0.9881428571428571,0.7623296703296704
89,25,243,732,0.9898571428571429,0.797054945054945
90,24,235,741,0.9905714285714285,0.8032814407814408
91,22,230,748,0.9911428571428571,0.7983849483849486
92,18,223,759,0.9921428571428571,0.7813593813593812
93,18,218,764,0.9924285714285714,0.7892958892958892
94,16,211,773,0.9932857142857143,0.7897435897435898
95,16,202,782,0.9932857142857143,0.7897435897435898
96,16,191,793,0.9935714285714285,0.7986721611721612
97,14,186,800,0.995,0.8213239141810572
98,11,172,817,0.9957142857142857,0.8050616050616051
99,11,163,826,0.9961428571428571,0.8245421245421247
100,10,157,833,0.9965714285714286,0.8295238095238096
101,9,149,842,0.9971428571428571,0.8423280423280423
102,7,146,847,0.9975714285714286,0.8265306122448978
103,7,140,853,0.9975714285714286,0.8265306122448978
104,7,132,861,0.9977142857142857,0.836734693877551
105,7,126,867,0.9981428571428571,0.8673469387755102
106,6,122,872,0.9984285714285714,0.8690476190476191
107,6,116,878,0.9984285714285714,0.8690476190476191
108,5,115,880,0.9985714285714286,0.8571428571428571
109,5,111,884,0.9987142857142857,0.8714285714285713
110,4,107,889,0.9991428571428571,0.8928571428571428
111,3,105,892,0.9994285714285714,0.9047619047619048
112,2,102,896,0.9998571428571429,0.9642857142857143
113,2,96,902,0.9998571428571429,0.9642857142857143
114,2,91,907,0.9998571428571429,0.9642857142857143
115,2,88,910,0.9998571428571429,0.9642857142857143
116,1,87,912,1.0,1.0
117,1,85,914,1.0,1.0
118,1,81,918,1.0,1.0
119,1,76,923,1.0,1.0
120,1,75,924,1.0,1.0
121,1,74,925,1.0,1.0
122,1,72,927,1.0,1.0
123,1,71,928,1.0,1.0
124,1,67,932,1.0,1.0
125,1,59,940,1.0,1.0
126,1,56,943,1.0,1.0
127,1,53,946,1.0,1.0
128,1,52,947,1.0,1.0
129,1,50,949,1.0,1.0
130,1,50,949,1.0,1.0
131,1,47,952,1.0,1.0
132,1,47,952,1.0,1.0
133,1,47,952,1.0,1.0
134,1,45,954,1.0,1.0
135,1,45,954,1.0,1.0
136,1,42,957,1.0,1.0
137,1,40,959,1.0,1.0
138,1,38,961,1.0,1.0
139,1,36,963,1.0,1.0
140,1,36,963,1.0,1.0
141,1,35,964,1.0,1.0
142,1,33,966,1.0,1.0
143,1,33,966,1.0,1.0
144,1,30,969,1.0,1.0
145,1,30,969,1.0,1.0
146,1,29,970,1.0,1.0
147,1,28,971,1.0,1.0
148,1,27,972,1.0,1.0
149,1,27,972,1.0,1.0
150,1,27,972,1.0,1.0
151,1,27,972,1.0,1.0
152,1,25,974,1.0,1.0
153,1,24,975,1.0,1.0
154,1,22,977,1.0,1.0
155,1,22,977,1.0,1.0
156,1,22,977,1.0,1.0
157,1,22,977,1.0,1.0
158,1,22,977,1.0,1.0
159,1,22,977,1.0,1.0
160,1,22,977,1.0,1.0
161,1,21,978,1.0,1.0
162,1,19,980,1.0,1.0
163,1,18,981,1.0,1.0
164,1,16,983,1.0,1.0
165,1,15,984,1.0,1.0
166,1,13,986,1.0,1.0
167,1,12,987,1.0,1.0
168,1,12,987,1.0,1.0
169,1,12,987,1.0,1.0
170,1,11,988,1.0,1.0
171,1,11,988,1.0,1.0
172,1,10,989,1.0,1.0
173,1,10,989,1.0,1.0
174,1,10,989,1.0,1.0
175,1,10,989,1.0,1.0
176,1,10,989,1.0,1.0
177,1,10,989,1.0,1.0
178,1,10,989,1.0,1.0
179,1,10,989,1.0,1.0
180,1,10,989,1.0,1.0
181,1,10,989,1.0,1.0
182,1,9,990,1.0,1.0
183,1,8,991,1.0,1.0
184,1,7,992,1.0,1.0
185,1,7,992,1.0,1.0
186,1,7,992,1.0,1.0
187,1,7,992,1.0,1.0
188,1,7,992,1.0,1.0
189,1,7,992,1.0,1.0
190,1,7,992,1.0,1.0
191,1,7,992,1.0,1.0
192,1,7,992,1.0,1.0
193,1,7,992,1.0,1.0
194,1,5,994,1.0,1.0
195,1,5,994,1.0,1.0
196,1,5,994,1.0,1.0
197,1,4,995,1.0,1.0
198,1,4,995,1.0,1.0
199,1,4,995,1.0,1.0
200,1,4,995,1.0,1.0
1,999,1,0,1.0,1.0
2,999,1,0,1.0,1.0
3,998,2,0,0.999,0.999498997995992
4,997,3,0,0.9975714285714286,0.9987813256619675
5,996,4,0,0.9968571428571429,0.9984207893846448
6,991,9,0,0.9932857142857143,0.9965776235201059
7,990,10,0,0.9928571428571429,0.9963466163466164
8,988,11,1,0.9934285714285714,0.9966506502943749
9,985,13,2,0.9921428571428571,0.9959814804484856
10,980,18,2,0.9882857142857143,0.9940317005923248
11,979,16,5,0.9902857142857143,0.9950429389953515
12,977,18,5,0.988,0.9938776518402024
13,972,22,6,0.9852857142857143,0.9924677880015571
14,970,24,6,0.9847142857142858,0.9921512871603836
15,965,28,7,0.9828571428571429,0.99115573850106
16,962,31,7,0.9832857142857143,0.991360807876645
17,960,32,8,0.9825714285714285,0.9909501813545931
18,953,38,9,0.9787142857142858,0.9888263578899961
19,944,46,10,0.9758571428571429,0.9872575040446425
20,940,49,11,0.9728571428571429,0.9856001320331732
21,934,51,15,0.9735714285714285,0.9858748737511807
22,925,60,15,0.9728571428571429,0.9854243318949201
23,913,69,18,0.9675714285714285,0.9823697416450783
24,903,73,24,0.9667142857142857,0.9815883866963602
25,896,79,25,0.9634285714285714,0.9795962826236264
26,880,88,32,0.957,0.9756344696969698
27,868,99,33,0.9511428571428572,0.9718952034908257
28,855,107,38,0.9505714285714286,0.9711375661375662
29,836,125,39,0.9424285714285714,0.965609061990641
30,816,141,43,0.9364285714285714,0.9610142614738203
31,794,153,53,0.9332857142857143,0.9580578176823916
32,774,168,58,0.928,0.9535322422548825
33,756,180,64,0.9242857142857143,0.9500204889648167
34,738,192,70,0.9197142857142857,0.9458129833129835
35,716,204,80,0.9152857142857143,0.9411148500010234
36,690,220,90,0.9082857142857143,0.9337600865318257
37,668,234,98,0.9065714285714286,0.9302938079884188
38,645,246,109,0.903,0.925015759434364
39,625,257,118,0.9041428571428571,0.9234584615384615
40,600,272,128,0.9068571428571428,0.9223336385836386
41,579,280,141,0.9042857142857142,0.9171107030562989
42,552,296,152,0.8971428571428571,0.906601203747943
43,520,320,160,0.8925714285714286,0.8965057058326289
44,502,318,180,0.8995714285714286,0.8998849838740277
45,472,328,200,0.8991428571428571,0.893225965418762
46,447,341,212,0.8927142857142857,0.8799970909031312
47,420,351,229,0.8867142857142857,0.8651878379556951
48,402,357,241,0.8901428571428571,0.8633857953820641
49,375,370,255,0.8797142857142857,0.83950757020757
50,354,378,268,0.877,0.826397425549968
51,332,376,292,0.8831428571428571,0.8240483913676684
52,306,385,309,0.8815714285714286,0.8060810649045943
53,276,401,323,0.8882857142857142,0.7973828104262887
54,251,416,333,0.8884285714285715,0.7775476847189995
55,222,433,345,0.8902857142857142,0.7529238029238029
56,208,426,366,0.8985714285714286,0.7558995491687799
57,194,424,382,0.9037142857142857,0.7514689777576375
58,177,427,396,0.9102857142857143,0.7461828190641749
59,161,426,413,0.916,0.7391531863581553
60,147,409,444,0.925,0.7447808427400264
61,138,402,460,0.9265714285714286,0.7337885544407283
62,125,401,474,0.9338571428571428,0.7351985347985346
63,117,393,490,0.9362857142857143,0.7268823768823769
64,99,396,505,0.9414285714285714,0.7027472527472525
65,89,393,518,0.9438571428571428,0.6830616948594478
66,79,388,533,0.9495714285714286,0.67919274818009
67,73,382,545,0.9535714285714286,0.680435546188971
68,64,379,557,0.9605714285714285,0.690450434981685
69,61,361,578,0.9648571428571429,0.710922956824596
70,56,358,586,0.967,0.705020277341706
71,52,351,597,0.9715714285714285,0.7261165116934346
72,44,347,609,0.9757142857142858,0.7231976356976357
73,41,339,620,0.9772857142857143,0.7216429911551862
74,36,323,641,0.9818571428571429,0.7471306471306471
75,33,311,656,0.983,0.7416250416250415
76,28,301,671,0.9852857142857143,0.7361329147043432
77,25,288,687,0.988,0.7585934065934065
78,21,279,700,0.9905714285714285,0.7737135879993023
79,20,266,714,0.9908571428571429,0.7695421245421246
80,17,257,726,0.9928571428571429,0.7876966171083818
81,16,253,731,0.993,0.7788461538461537
82,15,251,734,0.9932857142857143,0.7723076923076924
83,15,239,746,0.9937142857142857,0.7865934065934066
84,13,228,759,0.9945714285714286,0.7867286559594253
85,13,215,772,0.995,0.8032121724429419
86,13,205,782,0.9952857142857143,0.8142011834319528
87,12,198,790,0.9958571428571429,0.8225274725274726
88,12,187,801,0.996,0.8284798534798535
89,11,184,805,0.9965714285714286,0.8408591408591409
90,11,181,808,0.9967142857142857,0.8473526473526474
91,11,176,813,0.9968571428571429,0.8538461538461539
92,10,173,817,0.9972857142857143,0.8606593406593406
93,8,167,825,0.9981428571428571,0.8821428571428571
94,8,161,831,0.9981428571428571,0.8821428571428571
95,8,156,836,0.9981428571428571,0.8821428571428571
96,7,150,843,0.9984285714285714,0.8843537414965986
97,7,149,844,0.9984285714285714,0.8843537414965986
98,7,143,850,0.9984285714285714,0.8843537414965986
99,7,137,856,0.9984285714285714,0.8843537414965986
100,7,134,859,0.9985714285714286,0.8945578231292517
101,6,133,861,0.9988571428571429,0.9007936507936507
102,6,128,866,0.9988571428571429,0.9007936507936507
103,5,123,872,0.9994285714285714,0.9404761904761905
104,5,117,878,0.9994285714285714,0.9404761904761905
105,5,115,880,0.9994285714285714,0.9404761904761905
106,4,112,884,0.9995714285714286,0.9434523809523809
107,4,104,892,0.9995714285714286,0.9434523809523809
108,4,102,894,0.9995714285714286,0.9434523809523809
109,3,98,899,0.9997142857142857,0.9484126984126985
110,3,97,900,0.9997142857142857,0.9484126984126985
111,3,93,904,1.0,1.0
112,3,91,906,1.0,1.0
113,3,87,910,1.0,1.0
114,3,81,916,1.0,1.0
115,3,77,920,1.0,1.0
116,3,73,924,1.0,1.0
117,3,70,927,1.0,1.0
118,3,67,930,1.0,1.0
119,3,64,933,1.0,1.0
120,3,62,935,1.0,1.0
121,3,58,939,1.0,1.0
122,3,53,944,1.0,1.0
123,3,52,945,1.0,1.0
124,3,49,948,1.0,1.0
125,3,46,951,1.0,1.0
126,3,42,955,1.0,1.0
127,3,39,958,1.0,1.0
128,3,37,960,1.0,1.0
129,3,34,963,1.0,1.0
130,3,32,965,1.0,1.0
131,3,31,966,1.0,1.0
132,2,31,967,1.0,1.0
133,2,30,968,1.0,1.0
134,2,29,969,1.0,1.0
135,2,29,969,1.0,1.0
136,2,26,972,1.0,1.0
137,2,25,973,1.0,1.0
138,2,25,973,1.0,1.0
139,2,25,973,1.0,1.0
140,2,24,974,1.0,1.0
141,2,23,975,1.0,1.0
142,2,23,975,1.0,1.0
143,2,23,975,1.0,1.0
144,2,22,976,1.0,1.0
145,2,22,976,1.0,1.0
146,2,21,977,1.0,1.0
147,2,19,979,1.0,1.0
148,2,19,979,1.0,1.0
149,2,18,980,1.0,1.0
150,2,18,980,1.0,1.0
151,2,16,982,1.0,1.0
152,2,16,982,1.0,1.0
153,2,16,982,1.0,1.0
154,2,14,984,1.0,1.0
155,2,13,985,1.0,1.0
156,2,11,987,1.0,1.0
157,2,10,988,1.0,1.0
158,2,10,988,1.0,1.0
159,2,10,988,1.0,1.0
160,2,10,988,1.0,1.0
161,2,10,988,1.0,1.0
162,2,9,989,1.0,1.0
163,2,9,989,1.0,1.0
164,2,7,991,1.0,1.0
165,2,6,992,1.0,1.0
166,2,5,993,1.0,1.0
167,2,5,993,1.0,1.0
168,2,5,993,1.0,1.0
169,2,5,993,1.0,1.0
170,2,5,993,1.0,1.0
171,2,5,993,1.0,1.0
172,2,5,993,1.0,1.0
173,2,4,994,1.0,1.0
174,2,4,994,1.0,1.0
175,2,4,994,1.0,1.0
176,2,3,995,1.0,1.0
177,2,3,995,1.0,1.0
178,2,2,996,1.0,1.0
179,2,2,996,1.0,1.0
180,2,2,996,1.0,1.0
181,2,2,996,1.0,1.0
182,2,2,996,1.0,1.0
183,2,2,996,1.0,1.0
184,2,2,996,1.0,1.0
185,2,2,996,1.0,1.0
186,2,2,996,1.0,1.0
187,2,2,996,1.0,1.0
188,2,2,996,1.0,1.0
189,2,1,997,1.0,1.0
190,2,1,997,1.0,1.0
191,2,1,997,1.0,1.0
192,2,1,997,1.0,1.0
193,2,1,997,1.0,1.0
194,2,1,997,1.0,1.0
195,2,1,997,1.0,1.0
196,2,1,997,1.0,1.0
197,2,1,997,1.0,1.0
198,2,1,997,1.0,1.0
199,2,1,997,1.0,1.0
200,2,1,997,1.0,1.0
1,997,3,0,0.9975714285714286,0.9987963891675025
2,997,3,0,0.9975714285714286,0.9987963891675025
3,997,3,0,0.9975714285714286,0.9987963891675025
4,997,3,0,0.9975714285714286,0.9987963891675025
5,997,3,0,0.9975714285714286,0.9987963891675025
6,996,3,1,0.9977142857142857,0.9988668961560528
7,995,4,1,0.9971428571428571,0.9985833931562575
8,994,5,1,0.9962857142857143,0.9981556002682764
9,994,5,1,0.9962857142857143,0.9981556002682764
10,994,5,1,0.9962857142857143,0.9981556002682764
11,993,6,1,0.9962857142857143,0.9981537428667338
12,989,10,1,0.9922857142857143,0.9961347255710249
13,987,12,1,0.9911428571428571,0.9955510927775365
14,982,17,1,0.9878571428571429,0.9938530452914364
15,978,21,1,0.9865714285714285,0.9931698371498985
16,970,28,2,0.9837142857142858,0.9916458498546127
17,961,34,5,0.9797142857142858,0.9894778218659592
18,956,37,7,0.9765714285714285,0.9877882316428342
19,952,41,7,0.9748571428571429,0.9868054914273402
20,948,43,9,0.973,0.9858170661968131
21,939,51,10,0.9672857142857143,0.9825823980776057
22,928,62,10,0.9608571428571429,0.9788401982145644
23,916,69,15,0.9574285714285714,0.9767002669391572
24,906,77,17,0.9547142857142857,0.9749495926745635
25,896,81,23,0.9555714285714285,0.9751666892718627
26,882,91,27,0.9534285714285714,0.9735176610326671
27,868,98,34,0.9518571428571428,0.972247782487685
28,857,105,38,0.9514285714285714,0.9716910334728991
29,845,113,42,0.9481428571428572,0.9693487044339811
30,825,124,51,0.9431428571428572,0.9655667208608385
31,807,141,52,0.935,0.9596978816309671
32,788,158,54,0.9331428571428572,0.9575607556572024
33,771,172,57,0.9271428571428572,0.9527261108973172
34,748,187,65,0.9214285714285714,0.9473176333470451
35,723,203,74,0.9188571428571428,0.9438136782535123
36,704,214,82,0.9164285714285715,0.9405511155511156
37,686,223,91,0.9124285714285715,0.9360919995941861
38,671,231,98,0.9065714285714286,0.930187299039758
39,655,239,106,0.9078571428571428,0.9296271285965942
40,631,250,119,0.9081428571428571,0.9272405420781015
41,608,264,128,0.902,0.919381235540775
42,587,265,148,0.9037142857142857,0.9179482499329178
43,564,274,162,0.9037142857142857,0.9145479372872988
44,542,282,176,0.8991428571428571,0.9068831691064163
45,514,299,187,0.9005714285714286,0.9032804015051098
46,493,308,199,0.9024285714285715,0.9012795436476978
47,463,318,219,0.8977142857142857,0.889546594514197
48,430,337,233,0.8957142857142857,0.8788647883124626
49,410,337,253,0.9018571428571428,0.8803131421424105
50,390,342,268,0.8997142857142857,0.8714646144453837
51,373,349,278,0.8984285714285715,0.8636373233558219
52,344,361,295,0.8981428571428571,0.8514894262714031
53,317,371,312,0.8945714285714286,0.8329278896707919
54,291,383,326,0.8975714285714286,0.8236265309718919
55,273,377,350,0.9005714285714286,0.8172518415650284
56,254,380,366,0.9008571428571429,0.804006229990482
57,237,381,382,0.9057142857142857,0.8001682740606791
58,217,387,396,0.9097142857142857,0.7912729359733969
59,205,385,410,0.9127142857142857,0.7863361029214688
60,191,384,425,0.9162857142857143,0.7800999175344724
61,175,383,442,0.9221428571428572,0.7769565672422815
62,163,378,459,0.9238571428571428,0.7656643969527406
63,148,379,473,0.927,0.7522222428472428
64,131,378,491,0.9341428571428572,0.7469727791292677
65,117,371,512,0.9401428571428572,0.7427060830906984
66,110,360,530,0.9438571428571428,0.7438220113220113
67,101,350,549,0.9474285714285714,0.7387652776266638
68,84,355,561,0.9528571428571428,0.7179857840572126
69,77,345,578,0.9574285714285714,0.722030350601779
70,70,337,593,0.96,0.7133130559916273
71,64,322,614,0.9657142857142857,0.7318516769688644
72,61,313,626,0.9675714285714285,0.7337424187834023
73,53,316,631,0.9724285714285714,0.7400381850853547
74,46,314,640,0.9764285714285714,0.743635531135531
75,39,307,654,0.9801428571428571,0.7462266366112521
76,38,293,669,0.9824285714285714,0.7696428571428572
77,35,281,684,0.9844285714285714,0.7790973312401884
78,30,279,691,0.9857142857142858,0.7640262515262516
79,28,271,701,0.9865714285714285,0.7616006017791733
80,25,262,713,0.9894285714285714,0.7901941391941391
81,23,250,727,0.9905714285714285,0.7964066730371079
82,19,242,739,0.9932857142857143,0.8227949681897051
83,18,236,746,0.9937142857142857,0.8254655067155068
84,16,225,759,0.9945714285714286,0.8304344093406593
85,15,217,768,0.9947142857142857,0.8235744810744811
86,13,213,774,0.9954285714285714,0.8239046210200057
87,12,206,782,0.996,0.8322458791208792
88,12,196,792,0.9961428571428571,0.8381982600732601
89,11,193,796,0.9967142857142857,0.8486513486513485
90,11,188,801,0.997,0.8626373626373627
91,11,177,812,0.9972857142857143,0.8756243756243758
92,11,171,818,0.9972857142857143,0.8756243756243758
93,10,168,822,0.9972857142857143,0.8631868131868133
94,9,161,830,0.9972857142857143,0.8479853479853481
95,8,158,834,0.998,0.8736263736263736
96,8,153,839,0.998,0.8736263736263736
97,7,146,847,0.9985714285714286,0.8979591836734694
98,7,142,851,0.9985714285714286,0.8979591836734694
99,7,133,860,0.9987142857142857,0.9081632653061226
100,7,125,868,0.9992857142857143,0.9489795918367346
101,6,122,872,0.9997142857142857,0.9761904761904763
102,6,111,883,0.9997142857142857,0.9761904761904763
103,6,105,889,0.9997142857142857,0.9761904761904763
104,6,102,892,0.9997142857142857,0.9761904761904763
105,6,97,897,0.9997142857142857,0.9761904761904763
106,6,95,899,0.9997142857142857,0.9761904761904763
107,6,92,902,0.9997142857142857,0.9761904761904763
108,6,84,910,0.9998571428571429,0.9880952380952381
109,6,79,915,1.0,1.0
110,6,76,918,1.0,1.0
111,6,74,920,1.0,1.0
112,6,69,925,1.0,1.0
113,6,66,928,1.0,1.0
114,6,65,929,1.0,1.0
115,6,63,931,1.0,1.0
116,6,60,934,1.0,1.0
117,6,57,937,1.0,1.0
118,6,54,940,1.0,1.0
119,6,51,943,1.0,1.0
120,6,46,948,1.0,1.0
121,6,43,951,1.0,1.0
122,6,41,953,1.0,1.0
123,6,39,955,1.0,1.0
124,6,38,956,1.0,1.0
125,6,38,956,1.0,1.0
126,6,38,956,1.0,1.0
127,6,36,958,1.0,1.0
128,6,33,961,1.0,1.0
129,6,32,962,1.0,1.0
130,6,31,963,1.0,1.0
131,6,31,963,1.0,1.0
132,6,29,965,1.0,1.0
133,6,27,967,1.0,1.0
134,6,27,967,1.0,1.0
135,6,26,968,1.0,1.0
136,6,25,969,1.0,1.0
137,6,23,971,1.0,1.0
138,6,22,972,1.0,1.0
139,6,20,974,1.0,1.0
140,6,20,974,1.0,1.0
141,6,20,974,1.0,1.0
142,6,20,974,1.0,1.0
143,6,18,976,1.0,1.0
144,6,18,976,1.0,1.0
145,6,16,978,1.0,1.0
146,6,13,981,1.0,1.0
147,6,12,982,1.0,1.0
148,6,12,982,1.0,1.0
149,6,12,982,1.0,1.0
150,6,12,982,1.0,1.0
151,6,12,982,1.0,1.0
152,6,12,982,1.0,1.0
153,6,12,982,1.0,1.0
154,6,11,983,1.0,1.0
155,6,11,983,1.0,1.0
156,6,11,983,1.0,1.0
157,6,10,984,1.0,1.0
158,6,10,984,1.0,1.0
159,6,10,984,1.0,1.0
160,6,10,984,1.0,1.0
161,6,8,986,1.0,1.0
162,6,8,986,1.0,1.0
163,6,8,986,1.0,1.0
164,6,8,986,1.0,1.0
165,6,8,986,1.0,1.0
166,6,8,986,1.0,1.0
167,6,8,986,1.0,1.0
168,6,7,987,1.0,1.0
169,6,7,987,1.0,1.0
170,6,7,987,1.0,1.0
171,6,6,988,1.0,1.0
172,6,5,989,1.0,1.0
173,6,5,989,1.0,1.0
174,6,5,989,1.0,1.0
175,6,5,989,1.0,1.0
176,6,5,989,1.0,1.0
177,6,5,989,1.0,1.0
178,6,5,989,1.0,1.0
179,6,5,989,1.0,1.0
180,6,4,990,1.0,1.0
181,6,4,990,1.0,1.0
182,6,4,990,1.0,1.0
183,6,4,990,1.0,1.0
184,6,4,990,1.0,1.0
185,6,4,990,1.0,1.0
186,6,4,990,1.0,1.0
187,6,4,990,1.0,1.0
188,6,4,990,1.0,1.0
189,6,4,990,1.0,1.0
190,6,4,990,1.0,1.0
191,6,4,990,1.0,1.0
192,6,4,990,1.0,1.0
193,6,4,990,1.0,1.0
194,6,2,992,1.0,1.0
195,6,2,992,1.0,1.0
196,6,2,992,1.0,1.0
197,6,2,992,1.0,1.0
198,6,2,992,1.0,1.0
199,6,2,992,1.0,1.0
200,6,2,992,1.0,1.0
1,998,2,0,0.9982857142857143,0.9991427910766587
2,997,3,0,0.9977142857142857,0.9988546224754851
3,995,5,0,0.9961428571428571,0.9980602646934306
4,995,5,0,0.9961428571428571,0.9980602646934306
5,994,6,0,0.9958571428571429,0.9978875081993794
6,993,6,1,0.9958571428571429,0.9978981072636662
7,992,7,1,0.9947142857142857,0.9973192130450196
8,990,9,1,0.9934285714285714,0.9966485366485366
9,986,12,2,0.993,0.996492283916219
10,985,13,2,0.9924285714285714,0.9961986575184545
11,982,16,2,0.991,0.9954645151182829
12,982,16,2,0.991,0.9954645151182829
13,980,18,2,0.9902857142857143,0.9950956866262989
14,977,21,2,0.991,0.995405686091459
15,977,19,4,0.9921428571428571,0.9959969406233481
16,977,18,5,0.9922857142857143,0.9960700507271643
17,976,19,5,0.9914285714285714,0.9956366720710983
18,972,23,5,0.99,0.9948823467341985
19,964,29,7,0.9875714285714285,0.9935977231620385
20,963,28,9,0.9877142857142858,0.9936652478708553
21,962,26,12,0.989,0.9943269135576829
22,961,27,12,0.9884285714285714,0.9940115035848648
23,956,31,13,0.9867142857142858,0.9930655815593055
24,949,35,16,0.9845714285714285,0.9918391057484841
25,946,34,20,0.9857142857142858,0.9924095284560401
26,942,35,23,0.9861428571428571,0.9926055543889938
27,937,38,25,0.9842857142857143,0.9915582816329882
28,935,39,26,0.9821428571428571,0.990386868033927
29,926,47,27,0.9784285714285714,0.9882222169479189
30,916,54,30,0.973,0.9851452404945854
31,907,61,32,0.9701428571428572,0.9834413656905389
32,900,66,34,0.97,0.9832462352462352
33,892,70,38,0.9677142857142857,0.9818077662248065
34,884,73,43,0.9667142857142857,0.9811456313294548
35,875,78,47,0.9678571428571429,0.9815777080062793
36,866,84,50,0.9647142857142857,0.9795658536998029
37,855,93,52,0.9577142857142857,0.9751611400295611
38,840,105,55,0.9481428571428572,0.9689944182801326
39,816,123,61,0.9431428571428572,0.9649402068519716
40,804,131,65,0.9418571428571428,0.963622364368633
41,797,133,70,0.9402857142857143,0.9622788754532795
42,780,145,75,0.9351428571428572,0.958092890015967
43,763,156,81,0.9388571428571428,0.9596407087888084
44,749,166,85,0.931,0.9536042742042901
45,727,178,95,0.9251428571428572,0.9482125407564359
46,704,194,102,0.9142857142857143,0.9388522285006661
47,677,213,110,0.91,0.9333321159392061
48,650,233,117,0.9,0.922718089602705
49,618,251,131,0.8948571428571429,0.9145735752603258
50,585,272,143,0.8892857142857142,0.9049270760243611
51,550,295,155,0.8784285714285714,0.888801722787017
52,523,314,163,0.8731428571428571,0.8780298830813397
53,508,311,181,0.8754285714285714,0.8768366659201536
54,485,321,194,0.875,0.8706822149954351
55,455,339,206,0.8727142857142857,0.8597373091248333
56,423,347,230,0.8754285714285714,0.8524002517901142
57,392,362,246,0.8775714285714286,0.8435513834654741
58,363,376,261,0.877,0.8302622733772467
59,341,380,279,0.88,0.8239894356118265
60,321,382,297,0.885,0.8211533007643509
61,302,386,312,0.8877142857142857,0.8144188138831692
62,285,391,324,0.8915714285714286,0.8100158389941672
63,257,397,346,0.8978571428571429,0.8017200774353441
64,243,395,362,0.9055714285714286,0.8059856547873977
65,224,395,381,0.9032857142857142,0.7846706952011573
66,208,393,399,0.9131428571428571,0.7918283733611788
67,190,392,418,0.9185714285714286,0.7864908878531169
68,168,399,433,0.9272857142857143,0.7840055894152533
69,162,392,446,0.9325714285714286,0.7924305239664717
70,151,377,472,0.944,0.8148978083337258
71,141,377,482,0.9465714285714286,0.810819690669503
72,130,368,502,0.9464285714285714,0.7940936137768716
73,123,360,517,0.9491428571428572,0.7932392969695696
74,115,351,534,0.9551428571428572,0.8053314971473541
75,106,351,543,0.9548571428571428,0.7873064320067651
76,97,342,561,0.9577142857142857,0.7814602922850344
77,91,330,579,0.9604285714285714,0.7816165519462224
78,81,328,591,0.9657142857142857,0.7869285035951703
79,73,319,608,0.9715714285714285,0.8037809222740729
80,65,309,626,0.9714285714285714,0.7786672302056917
81,60,303,637,0.9725714285714285,0.77009768009768
82,53,298,649,0.9747142857142858,0.759468518902481
83,47,288,665,0.9791428571428571,0.7756722001402853
84,40,283,677,0.9824285714285714,0.7786263736263737
85,38,271,691,0.9844285714285714,0.7930595720069404
86,34,259,707,0.9864285714285714,0.799876104287869
87,32,254,714,0.9874285714285714,0.8019516941391942
88,29,246,725,0.9891428571428571,0.8112668940255148
89,27,241,732,0.99,0.8131596798263465
90,26,233,741,0.9905714285714285,0.8173851789236406
91,25,224,751,0.9911428571428571,0.8213186813186811
92,22,225,753,0.9922857142857143,0.8234598734598735
93,20,220,760,0.9932857142857143,0.8305677655677656
94,19,210,771,0.9944285714285714,0.851725467514941
95,18,205,777,0.995,0.8596662596662596
96,17,197,786,0.9954285714285714,0.8640163757810816
97,15,195,790,0.9962857142857143,0.8748229548229548
98,15,182,803,0.9962857142857143,0.8748229548229548
99,12,178,810,0.9978571428571429,0.9086080586080586
100,11,173,816,0.9981428571428571,0.9142857142857143
101,11,167,822,0.9982857142857143,0.9207792207792207
102,11,164,825,0.9982857142857143,0.9207792207792207
103,11,159,830,0.9982857142857143,0.9207792207792207
104,11,155,834,0.9982857142857143,0.9207792207792207
105,10,153,837,0.9988571428571429,0.9414285714285715
106,10,148,842,0.9988571428571429,0.9414285714285715
107,10,142,848,0.999,0.9497619047619047
108,9,140,851,0.999,0.9441798941798941
109,9,134,857,0.999,0.9441798941798941
110,9,127,864,0.9991428571428571,0.9534391534391534
111,8,122,870,0.9992857142857143,0.956547619047619
112,8,118,874,0.9992857142857143,0.956547619047619
113,8,117,875,0.9992857142857143,0.956547619047619
114,8,111,881,0.9994285714285714,0.9648809523809524
115,7,109,884,0.9992857142857143,0.9496598639455783
116,7,104,889,0.9992857142857143,0.9496598639455783
117,7,99,894,0.9992857142857143,0.9496598639455783
118,7,97,896,0.9992857142857143,0.9496598639455783
119,7,95,898,0.9994285714285714,0.9598639455782313
120,7,92,901,0.9994285714285714,0.9598639455782313
121,6,91,903,0.9994285714285714,0.9531746031746032
122,6,88,906,0.9994285714285714,0.9531746031746032
123,5,86,909,0.9994285714285714,0.9438095238095239
124,5,84,911,0.9994285714285714,0.9438095238095239
125,5,81,914,0.9994285714285714,0.9438095238095239
126,5,79,916,0.9994285714285714,0.9438095238095239
127,5,70,925,0.9994285714285714,0.9438095238095239
128,4,68,928,0.9997142857142857,0.9654761904761905
129,4,65,931,0.9997142857142857,0.9654761904761905
130,3,62,935,0.9998571428571429,0.9777777777777779
131,3,60,937,0.9998571428571429,0.9777777777777779
132,3,58,939,0.9998571428571429,0.9777777777777779
133,3,57,940,0.9998571428571429,0.9777777777777779
134,3,55,942,0.9998571428571429,0.9777777777777779
135,3,50,947,0.9998571428571429,0.9777777777777779
136,3,50,947,0.9998571428571429,0.9777777777777779
137,2,49,949,1.0,1.0
138,2,45,953,1.0,1.0
139,2,44,954,1.0,1.0
140,2,44,954,1.0,1.0
141,2,43,955,1.0,1.0
142,2,43,955,1.0,1.0
143,2,40,958,1.0,1.0
144,2,37,961,1.0,1.0
145,2,34,964,1.0,1.0
146,2,33,965,1.0,1.0
147,2,31,967,1.0,1.0
148,2,28,970,1.0,1.0
149,2,26,972,1.0,1.0
150,2,25,973,1.0,1.0
151,2,20,978,1.0,1.0
152,2,19,979,1.0,1.0
153,2,19,979,1.0,1.0
154,2,18,980,1.0,1.0
155,2,17,981,1.0,1.0
156,2,16,982,1.0,1.0
157,2,16,982,1.0,1.0
158,2,16,982,1.0,1.0
159,2,16,982,1.0,1.0
160,2,16,982,1.0,1.0
161,2,16,982,1.0,1.0
162,2,16,982,1.0,1.0
163,2,14,984,1.0,1.0
164,2,12,986,1.0,1.0
165,2,12,986,1.0,1.0
166,2,10,988,1.0,1.0
167,2,9,989,1.0,1.0
168,2,9,989,1.0,1.0
169,2,9,989,1.0,1.0
170,2,9,989,1.0,1.0
171,2,9,989,1.0,1.0
172,2,9,989,1.0,1.0
173,2,9,989,1.0,1.0
174,2,8,990,1.0,1.0
175,2,7,991,1.0,1.0
176,2,6,992,1.0,1.0
177,2,6,992,1.0,1.0
178,2,5,993,1.0,1.0
179,2,4,994,1.0,1.0
180,2,4,994,1.0,1.0
181,2,4,994,1.0,1.0
182,2,4,994,1.0,1.0
183,2,4,994,1.0,1.0
184,2,4,994,1.0,1.0
185,2,2,996,1.0,1.0
186,2,2,996,1.0,1.0
187,2,2,996,1.0,1.0
188,2,2,996,1.0,1.0
189,2,2,996,1.0,1.0
190,2,2,996,1.0,1.0
191,2,2,996,1.0,1.0
192,2,1,997,1.0,1.0
193,2,1,997,1.0,1.0
194,2,1,997,1.0,1.0
195,2,1,997,1.0,1.0
196,2,1,997,1.0,1.0
197,2,1,997,1.0,1.0
198,2,1,997,1.0,1.0
199,2,1,997,1.0,1.0
200,2,1,997,1.0,1.0
1,998,2,0,0.9988571428571429,0.9994164152480787
2,997,3,0,0.9977142857142857,0.9988316598146086
3,996,4,0,0.9967142857142857,0.9983356178430594
4,995,5,0,0.996,0.9979694854362309
5,995,5,0,0.996,0.9979694854362309
6,993,7,0,0.9944285714285714,0.9971630762460689
7,992,7,1,0.9947142857142857,0.997316932356069
8,992,7,1,0.9947142857142857,0.997316932356069
9,989,10,1,0.9942857142857143,0.9971087914048719
10,986,12,2,0.9935714285714285,0.9967537553326838
11,983,14,3,0.9922857142857143,0.9960932271805348
12,981,15,4,0.9917142857142857,0.995814924417191
13,979,17,4,0.9914285714285714,0.9956645689626522
14,975,19,6,0.9915714285714285,0.9956990701606085
15,972,21,7,0.9907142857142858,0.9952505313616424
16,970,22,8,0.9885714285714285,0.9941501453872589
17,967,24,9,0.9871428571428571,0.9933918201756878
18,964,27,9,0.9845714285714285,0.9920392366969131
19,956,35,9,0.9781428571428571,0.9886521602525786
20,953,36,11,0.978,0.9885632031487226
21,944,43,13,0.9751428571428571,0.9869427888495684
22,937,48,15,0.9701428571428572,0.9841662073252255
23,934,49,17,0.9705714285714285,0.9843412476174789
24,928,53,19,0.9687142857142857,0.9832445212833144
25,918,62,20,0.9645714285714285,0.9808101303199342
26,906,73,21,0.9614285714285714,0.9789136727878449
27,897,79,24,0.9558571428571428,0.9755818132072314
28,883,90,27,0.952,0.972999141289062
29,871,101,28,0.9477142857142857,0.9701628690865202
30,856,116,28,0.9451428571428572,0.9682056310122898
31,838,131,31,0.9404285714285714,0.9646860001573605
32,818,144,38,0.9327142857142857,0.9590732108152646
33,791,167,42,0.9208571428571428,0.9500157448956439
34,773,179,48,0.9145714285714286,0.9447625089442684
35,748,195,57,0.9028571428571428,0.9350948251575415
36,723,210,67,0.8921428571428571,0.9252758652136246
37,699,228,73,0.8847142857142857,0.9174018220692041
38,675,238,87,0.8868571428571429,0.9161416361416362
39,650,254,96,0.8841428571428571,0.9108750352211891
40,617,277,106,0.8785714285714286,0.9014887260227616
41,591,294,115,0.8752857142857143,0.8943829295352137
42,565,309,126,0.869,0.8837918571104412
43,529,328,143,0.8614285714285714,0.8686014285021847
44,507,336,157,0.8621428571428571,0.8636276199146022
45,470,363,167,0.8561428571428571,0.8463565778193438
46,430,392,178,0.854,0.829754770423375
47,398,411,191,0.849,0.810108923739577
48,361,428,211,0.8562857142857143,0.8008244294947895
49,332,441,227,0.857,0.7839925636612384
50,303,453,244,0.8638571428571429,0.7749239896517125
51,268,472,260,0.8644285714285714,0.7461119881362418
52,241,477,282,0.8681428571428571,0.7252093687778335
53,215,480,305,0.8772857142857143,0.7137337081523129
54,190,486,324,0.8862857142857142,0.6991459417775205
55,171,485,344,0.896,0.695273440010282
56,149,489,362,0.9024285714285715,0.6720456277503257
57,133,491,376,0.9111428571428571,0.6649315596684018
58,118,496,386,0.9184285714285715,0.6537856211585024
59,110,482,408,0.9272857142857143,0.6688295038295036
60,101,466,433,0.9288571428571428,0.6462753418198962
61,90,458,452,0.9347142857142857,0.6362840862840863
62,81,445,474,0.9424285714285714,0.6434314656536879
63,76,435,489,0.9471428571428572,0.6513591671486408
64,67,418,515,0.9545714285714286,0.66090973702914
65,60,408,532,0.9582857142857143,0.6530219780219778
66,51,395,554,0.9657142857142857,0.6647417941535587
67,47,382,571,0.9705714285714285,0.6882628010287584
68,42,368,590,0.974,0.6912872841444271
69,37,351,612,0.978,0.702851202851203
70,34,340,626,0.9794285714285714,0.697802197802198
71,32,329,639,0.9811428571428571,0.7057005494505495
72,29,317,654,0.9837142857142858,0.718933939623595
73,26,308,666,0.9858571428571429,0.7267962806424345
74,22,304,674,0.9875714285714285,0.716083916083916
75,22,291,687,0.9882857142857143,0.7323176823176822
76,18,280,702,0.9904285714285714,0.7333129833129832
77,16,271,713,0.9921428571428571,0.7535485347985348
78,14,262,724,0.9937142857142857,0.7735478806907379
79,13,257,730,0.9938571428571429,0.7616229923922233
80,12,251,737,0.9945714285714286,0.7728937728937729
81,10,242,748,0.9954285714285714,0.7703296703296703
82,9,236,755,0.9958571428571429,0.7686202686202686
83,5,235,760,0.9974285714285714,0.7428571428571429
84,4,228,768,0.9977142857142857,0.7142857142857143
85,4,221,775,0.998,0.75
86,3,211,786,0.9987142857142857,0.7857142857142857
87,3,204,793,0.9988571428571429,0.8095238095238094
88,2,197,801,0.9994285714285714,0.8571428571428571
89,2,189,809,0.9994285714285714,0.8571428571428571
90,1,182,817,0.9997142857142857,0.8571428571428571
91,1,175,824,0.9997142857142857,0.8571428571428571
92,1,169,830,0.9997142857142857,0.8571428571428571
93,1,163,836,0.9998571428571429,0.9285714285714286
94,1,156,843,0.9998571428571429,0.9285714285714286
95,1,152,847,0.9998571428571429,0.9285714285714286
96,1,147,852,0.9998571428571429,0.9285714285714286
97,1,143,856,0.9998571428571429,0.9285714285714286
98,1,136,863,0.9998571428571429,0.9285714285714286
99,1,128,871,0.9998571428571429,0.9285714285714286
100,1,120,879,1.0,1.0
101,0,112,888,1.0,
102,0,108,892,1.0,
103,0,104,896,1.0,
104,0,98,902,1.0,
105,0,97,903,1.0,
106,0,94,906,1.0,
107,0,89,911,1.0,
108,0,84,916,1.0,
109,0,78,922,1.0,
110,0,77,923,1.0,
111,0,76,924,1.0,
112,0,73,927,1.0,
113,0,70,930,1.0,
114,0,68,932,1.0,
115,0,68,932,1.0,
116,0,65,935,1.0,
117,0,63,937,1.0,
118,0,62,938,1.0,
119,0,58,942,1.0,
120,0,56,944,1.0,
121,0,54,946,1.0,
122,0,52,948,1.0,
123,0,50,950,1.0,
124,0,50,950,1.0,
125,0,49,951,1.0,
126,0,48,952,1.0,
127,0,46,954,1.0,
128,0,45,955,1.0,
129,0,44,956,1.0,
130,0,42,958,1.0,
131,0,40,960,1.0,
132,0,36,964,1.0,
133,0,33,967,1.0,
134,0,31,969,1.0,
135,0,29,971,1.0,
136,0,29,971,1.0,
137,0,28,972,1.0,
138,0,28,972,1.0,
139,0,27,973,1.0,
140,0,26,974,1.0,
141,0,25,975,1.0,
142,0,24,976,1.0,
143,0,22,978,1.0,
144,0,22,978,1.0,
145,0,22,978,1.0,
146,0,21,979,1.0,
147,0,19,981,1.0,
148,0,19,981,1.0,
149,0,18,982,1.0,
150,0,18,982,1.0,
151,0,17,983,1.0,
152,0,15,985,1.0,
153,0,15,985,1.0,
154,0,15,985,1.0,
155,0,15,985,1.0,
156,0,15,985,1.0,
157,0,15,985,1.0,
158,0,14,986,1.0,
159,0,14,986,1.0,
160,0,13,987,1.0,
161,0,13,987,1.0,
162,0,13,987,1.0,
163,0,12,988,1.0,
164,0,12,988,1.0,
165,0,11,989,1.0,
166,0,11,989,1.0,
167,0,11,989,1.0,
168,0,11,989,1.0,
169,0,11,989,1.0,
170,0,11,989,1.0,
171,0,11,989,1.0,
172,0,11,989,1.0,
173,0,10,990,1.0,
174,0,10,990,1.0,
175,0,7,993,1.0,
176,0,6,994,1.0,
177,0,6,994,1.0,
178,0,6,994,1.0,
179,0,6,994,1.0,
180,0,6,994,1.0,
181,0,5,995,1.0,
182,0,5,995,1.0,
183,0,5,995,1.0,
184,0,5,995,1.0,
185,0,5,995,1.0,
186,0,5,995,1.0,
187,0,4,996,1.0,
188,0,4,996,1.0,
189,0,3,997,1.0,
190,0,3,997,1.0,
191,0,3,997,1.0,
192,0,3,997,1.0,
193,0,3,997,1.0,
194,0,3,997,1.0,
195,0,3,997,1.0,
196,0,3,997,1.0,
197,0,3,997,1.0,
198,0,2,998,1.0,
199,0,1,999,1.0,
200,0,1,999,1.0,
1,997,3,0,0.9972857142857143,0.9986038702187148
2,996,4,0,0.997,0.9984774261882696
3,995,5,0,0.9965714285714286,0.998255011320338
4,994,6,0,0.9957142857142857,0.9978276250912066
5,994,4,2,0.9974285714285714,0.9986954695204192
6,990,8,2,0.9952857142857143,0.9976196951196951
7,989,9,2,0.9945714285714286,0.9972506175994548
8,985,13,2,0.9911428571428571,0.9955016641564866
9,982,15,3,0.9907142857142858,0.9952773084010356
10,981,16,3,0.9894285714285714,0.9946303950891107
11,979,18,3,0.9887142857142858,0.9942678576105543
12,977,20,3,0.9881428571428571,0.9939621833301465
13,970,26,4,0.9868571428571429,0.9933398474377856
14,967,26,7,0.9878571428571429,0.9938277725377002
15,963,30,7,0.9842857142857143,0.9919512341241313
16,959,33,8,0.9837142857142858,0.9916538709812954
17,954,37,9,0.9832857142857143,0.9913463458274779
18,950,41,9,0.9828571428571429,0.991033738191633
19,946,41,13,0.9848571428571429,0.9920529083319781
20,942,43,15,0.9828571428571429,0.9909618689873466
21,934,50,16,0.9825714285714285,0.9907299338776855
22,930,52,18,0.9811428571428571,0.9898948363464493
23,923,58,19,0.9765714285714285,0.9874029184971764
24,921,58,21,0.9764285714285714,0.987300557907954
25,915,62,23,0.9747142857142858,0.9862849183389203
26,905,67,28,0.9735714285714285,0.9855316712320287
27,896,72,32,0.9724285714285714,0.9847158815449256
28,886,79,35,0.9678571428571429,0.9819193973821513
29,878,85,37,0.9681428571428572,0.9819265396714144
30,870,90,40,0.9688571428571429,0.9821291735084838
31,858,98,44,0.9644285714285714,0.9792758523527755
32,846,105,49,0.9635714285714285,0.9784711397743312
33,830,113,57,0.959,0.9752684915486121
34,813,124,63,0.9487142857142857,0.9683651424426333
35,801,132,67,0.9468571428571428,0.9667019933873866
36,782,142,76,0.938,0.9602711653223162
37,766,155,79,0.9337142857142857,0.9566818733920562
38,735,181,84,0.9251428571428572,0.9489735491266105
39,714,195,91,0.9201428571428572,0.9439900319101999
40,695,206,99,0.9194285714285715,0.9419179381769308
41,677,222,101,0.9132857142857143,0.9358536097088536
42,658,231,111,0.9132857142857143,0.9339932863489093
43,627,245,128,0.9092857142857143,0.9275332854280223
44,606,259,135,0.9057142857142857,0.9220801750504721
45,583,275,142,0.8981428571428571,0.9124096029756408
46,554,297,149,0.8868571428571429,0.8974749077637165
47,532,312,156,0.8812857142857143,0.888003663003663
48,511,318,171,0.881,0.8829767101782758
49,482,337,181,0.8727142857142857,0.8674878026537778
50,443,360,197,0.8772857142857143,0.8609108724232878
51,418,368,214,0.8761428571428571,0.851056290201027
52,391,378,231,0.88,0.8456567409572525
53,368,382,250,0.8858571428571429,0.8443565605590062
54,346,386,268,0.8841428571428571,0.8318886825517224
55,321,397,282,0.8891428571428571,0.8263775196155626
56,308,394,298,0.8898571428571429,0.8201826884599994
57,285,396,319,0.8875714285714286,0.8019032498289465
58,266,401,333,0.8921428571428571,0.79662318368643
59,241,414,345,0.8931428571428571,0.7776585833822836
60,226,409,365,0.8945714285714286,0.7661922972047907
61,208,399,393,0.8988571428571429,0.7562276759816353
62,183,405,412,0.9044285714285715,0.738537247601857
63,168,402,430,0.9078571428571428,0.7252699797867864
64,160,398,442,0.912,0.724435062486533
65,146,400,454,0.9171428571428571,0.7157665595215957
66,138,391,471,0.9195714285714286,0.7082768893510581
67,125,387,488,0.9235714285714286,0.693644128420599
68,111,382,507,0.9317142857142857,0.691783185900833
69,100,378,522,0.9382857142857143,0.6906698987287223
70,90,369,541,0.9465714285714286,0.7025961837726543
71,81,364,555,0.9528571428571428,0.7090303547819887
72,72,357,571,0.96,0.722333548804137
73,65,358,577,0.9612857142857143,0.7024924999585632
74,58,349,593,0.9668571428571429,0.714735973965183
75,51,337,612,0.9741428571428571,0.7465091617340752
76,43,332,625,0.979,0.7575216848814662
77,38,326,636,0.9808571428571429,0.7504672314269838
78,35,319,646,0.9825714285714285,0.754692646289285
79,32,315,653,0.9838571428571429,0.7524482870071105
80,27,306,667,0.9867142857142858,0.758633595888498
81,24,297,679,0.9888571428571429,0.7696275946275947
82,22,291,687,0.9891428571428571,0.755894105894106
83,22,279,699,0.9897142857142858,0.7682317682317682
84,17,273,710,0.9931428571428571,0.7978237448825684
85,15,268,717,0.9941428571428571,0.8032967032967034
86,14,259,727,0.995,0.8202511773940346
87,14,246,740,0.995,0.8202511773940346
88,14,236,750,0.9954285714285714,0.8359497645211932
89,12,231,757,0.9958571428571429,0.8260073260073261
90,12,223,765,0.9958571428571429,0.8260073260073261
91,11,210,779,0.9962857142857143,0.8296703296703298
92,11,201,788,0.9967142857142857,0.8491508491508492
93,9,194,797,0.997,0.8315018315018315
94,8,187,805,0.9977142857142857,0.8557692307692308
95,7,184,809,0.9978571428571429,0.8453689167974883
96,7,182,811,0.9978571428571429,0.8453689167974883
97,7,171,822,0.998,0.8555729984301413
98,7,167,826,0.9981428571428571,0.8657770800627943
99,7,160,833,0.9981428571428571,0.8657770800627943
100,7,151,842,0.9982857142857143,0.8759811616954474
101,6,148,846,0.9982857142857143,0.8553113553113553
102,6,142,852,0.9984285714285714,0.8672161172161172
103,5,139,856,0.9985714285714286,0.8549450549450549
104,5,132,863,0.9987142857142857,0.8703296703296705
105,5,130,865,0.9987142857142857,0.8703296703296705
106,5,125,870,0.9988571428571429,0.8846153846153847
107,5,120,875,0.999,0.8989010989010989
108,5,117,878,0.999,0.8989010989010989
109,5,110,885,0.999,0.8989010989010989
110,4,104,892,0.999,0.8736263736263736
111,3,99,898,0.9994285714285714,0.9029304029304029
112,3,96,901,0.9994285714285714,0.9029304029304029
113,3,88,909,0.9994285714285714,0.9029304029304029
114,3,83,914,0.9994285714285714,0.9029304029304029
115,2,79,919,0.9995714285714286,0.8928571428571428
116,2,75,923,0.9995714285714286,0.8928571428571428
117,2,69,929,0.9995714285714286,0.8928571428571428
118,2,65,933,0.9995714285714286,0.8928571428571428
119,2,64,934,0.9997142857142857,0.9285714285714286
120,2,60,938,0.9997142857142857,0.9285714285714286
121,2,58,940,0.9997142857142857,0.9285714285714286
122,2,54,944,0.9997142857142857,0.9285714285714286
123,2,53,945,0.9997142857142857,0.9285714285714286
124,2,49,949,0.9997142857142857,0.9285714285714286
125,2,48,950,0.9997142857142857,0.9285714285714286
126,1,49,950,1.0,1.0
127,1,48,951,1.0,1.0
128,1,46,953,1.0,1.0
129,1,43,956,1.0,1.0
130,1,42,957,1.0,1.0
131,1,41,958,1.0,1.0
132,1,40,959,1.0,1.0
133,1,39,960,1.0,1.0
134,1,36,963,1.0,1.0
135,1,33,966,1.0,1.0
136,1,30,969,1.0,1.0
137,1,29,970,1.0,1.0
138,1,29,970,1.0,1.0
139,1,28,971,1.0,1.0
140,1,27,972,1.0,1.0
141,1,25,974,1.0,1.0
142,1,25,974,1.0,1.0
143,1,24,975,1.0,1.0
144,1,23,976,1.0,1.0
145,1,22,977,1.0,1.0
146,1,22,977,1.0,1.0
147,1,22,977,1.0,1.0
148,1,22,977,1.0,1.0
149,1,22,977,1.0,1.0
150,1,22,977,1.0,1.0
151,1,22,977,1.0,1.0
152,1,22,977,1.0,1.0
153,1,22,977,1.0,1.0
154,1,21,978,1.0,1.0
155,1,21,978,1.0,1.0
156,1,21,978,1.0,1.0
157,1,19,980,1.0,1.0
158,1,19,980,1.0,1.0
159,1,19,980,1.0,1.0
160,1,18,981,1.0,1.0
161,1,18,981,1.0,1.0
162,1,18,981,1.0,1.0
163,1,17,982,1.0,1.0
164,1,17,982,1.0,1.0
165,1,16,983,1.0,1.0
166,1,16,983,1.0,1.0
167,1,16,983,1.0,1.0
168,1,16,983,1.0,1.0
169,1,15,984,1.0,1.0
170,1,14,985,1.0,1.0
171,1,13,986,1.0,1.0
172,1,13,986,1.0,1.0
173,1,12,987,1.0,1.0
174,1,12,987,1.0,1.0
175,1,12,987,1.0,1.0
176,1,11,988,1.0,1.0
177,1,10,989,1.0,1.0
178,1,10,989,1.0,1.0
179,1,9,990,1.0,1.0
180,1,9,990,1.0,1.0
181,1,8,991,1.0,1.0
182,1,8,991,1.0,1.0
183,1,7,992,1.0,1.0
184,1,7,992,1.0,1.0
185,1,7,992,1.0,1.0
186,1,6,993,1.0,1.0
187,1,6,993,1.0,1.0
188,1,5,994,1.0,1.0
189,1,5,994,1.0,1.0
190,1,5,994,1.0,1.0
191,1,5,994,1.0,1.0
192,1,5,994,1.0,1.0
193,1,4,995,1.0,1.0
194,1,4,995,1.0,1.0
195,1,4,995,1.0,1.0
196,1,4,995,1.0,1.0
197,1,4,995,1.0,1.0
198,1,3,996,1.0,1.0
199,1,3,996,1.0,1.0
200,1,3,996,1.0,1.0
1,998,2,0,0.9987142857142857,0.9993558545662754
2,998,2,0,0.9987142857142857,0.9993558545662754
3,997,3,0,0.9974285714285714,0.9987199694321058
4,996,4,0,0.9967142857142857,0.9983696691528017
5,995,5,0,0.9962857142857143,0.9981430964345538
6,995,5,0,0.9962857142857143,0.9981430964345538
7,991,8,1,0.9948571428571429,0.9974292441497286
8,990,8,2,0.9951428571428571,0.9975709475709476
9,989,9,2,0.9944285714285714,0.9972121912465693
10,988,8,4,0.9954285714285714,0.9977106227106226
11,986,10,4,0.9944285714285714,0.9972029660670634
12,984,12,4,0.9934285714285714,0.9966891509574436
13,981,15,4,0.9918571428571429,0.9958612912741353
14,979,17,4,0.9898571428571429,0.9948403656268825
15,979,15,6,0.9911428571428571,0.9954872842513292
16,975,19,6,0.9894285714285714,0.9945798816568048
17,974,20,6,0.9885714285714285,0.9941343051199314
18,966,27,7,0.9844285714285714,0.9919326705040991
19,960,33,7,0.9821428571428571,0.990700931013431
20,955,35,10,0.9815714285714285,0.9903193141936597
21,951,37,12,0.9824285714285714,0.9907076799821279
22,948,34,18,0.9851428571428571,0.9920746974544442
23,943,38,19,0.9815714285714285,0.9900799801117934
24,936,42,22,0.9807142857142858,0.9895279577971885
25,929,47,24,0.9781428571428571,0.98805009127937
26,922,49,29,0.9772857142857143,0.9875354580343736
27,915,54,31,0.9755714285714285,0.986483716647651
28,911,56,33,0.9771428571428571,0.987286844147437
29,903,61,36,0.9737142857142858,0.9852579314373334
30,891,70,39,0.97,0.9829442162775495
31,874,82,44,0.9621428571428572,0.9781319568841442
32,862,88,50,0.9588571428571429,0.9759347452170231
33,852,95,53,0.9572857142857143,0.974850630934931
34,832,111,57,0.9488571428571428,0.9693232021913796
35,823,118,59,0.9477142857142857,0.9682800566717014
36,811,125,64,0.9472857142857143,0.9675209114282155
37,802,127,71,0.9435714285714286,0.9648184134578442
38,789,132,79,0.943,0.9638160923919143
39,772,144,84,0.9362857142857143,0.9586643964082245
40,753,158,89,0.9307142857142857,0.9539393385303861
41,734,168,98,0.928,0.9508808029604633
42,713,179,108,0.9257142857142857,0.9479369312726709
43,691,193,116,0.9184285714285715,0.9410183092495599
44,673,198,129,0.9188571428571428,0.9398609741073249
45,651,210,139,0.9102857142857143,0.9311593289093967
46,622,221,157,0.9135714285714286,0.9305504343711266
47,595,240,165,0.9071428571428571,0.922117770184997
48,574,254,172,0.901,0.9139372822299652
49,536,283,181,0.8878571428571429,0.8955334932480455
50,498,311,191,0.871,0.8704524140518117
51,469,331,200,0.864,0.8548499652444217
52,443,339,218,0.863,0.8451469335780848
53,415,348,237,0.8655714285714285,0.8379627300410434
54,390,359,251,0.8662857142857143,0.8284136376444068
55,362,367,271,0.8742857142857143,0.8266782020925667
56,332,373,295,0.8781428571428571,0.8164730349971313
57,308,372,320,0.884,0.8112827648541935
58,280,381,339,0.887,0.79779958137101
59,255,392,353,0.8887142857142857,0.781458019105078
60,225,410,365,0.893,0.761736263736264
61,203,414,383,0.8954285714285715,0.7416075714105271
62,178,425,397,0.9002857142857142,0.7193532123307405
63,162,420,418,0.911,0.7244912494912494
64,149,411,440,0.9201428571428572,0.7316603977677804
65,135,408,457,0.9254285714285714,0.7236046669380002
66,126,406,468,0.9295714285714286,0.7203282167567883
67,112,405,483,0.9325714285714286,0.6987768184196756
68,104,396,500,0.9377142857142857,0.7000052831783601
69,94,402,504,0.9434285714285714,0.698871872808043
70,84,392,524,0.9514285714285714,0.7105202337345194
71,76,388,536,0.9572857142857143,0.7176547137073453
72,69,379,552,0.9628571428571429,0.7292217444391358
73,63,380,557,0.9675714285714285,0.7400052328623756
74,57,365,578,0.9718571428571429,0.7503084634663582
75,52,353,595,0.9747142857142858,0.7535608622147083
76,48,344,608,0.9765714285714285,0.7522855616605616
77,39,339,622,0.9814285714285714,0.7575279421433267
78,38,326,636,0.9825714285714285,0.7663292847503375
79,34,321,645,0.9858571428571429,0.7876427494074553
80,31,316,653,0.987,0.7854425144747725
81,25,306,669,0.9892857142857143,0.7798827838827839
82,25,298,677,0.9902857142857143,0.8005787545787545
83,22,293,685,0.9914285714285714,0.8001748251748253
84,20,277,703,0.9934285714285714,0.8316575091575092
85,18,265,717,0.9944285714285714,0.8404660154660156
86,18,254,728,0.9947142857142857,0.8490638990638991
87,18,244,738,0.9951428571428571,0.8609686609686611
88,18,235,747,0.9957142857142857,0.8771469271469272
89,16,223,761,0.9964285714285714,0.8850961538461538
90,13,213,774,0.9974285714285714,0.8983093829247678
91,13,205,782,0.9974285714285714,0.8983093829247678
92,13,198,789,0.9977142857142857,0.9102141448295297
93,12,189,799,0.9982857142857143,0.9257478632478634
94,11,180,809,0.9987142857142857,0.9384781884781886
95,11,174,815,0.9987142857142857,0.9384781884781886
96,10,170,820,0.999,0.9454212454212454
97,10,167,823,0.999,0.9454212454212454
98,10,157,833,0.9991428571428571,0.9537545787545788
99,10,154,836,0.9991428571428571,0.9537545787545788
100,10,147,843,0.9994285714285714,0.9697802197802199
101,10,140,850,0.9995714285714286,0.9774725274725276
102,10,135,855,0.9995714285714286,0.9774725274725276
103,10,127,863,0.9995714285714286,0.9774725274725276
104,10,121,869,0.9995714285714286,0.9774725274725276
105,10,115,875,0.9995714285714286,0.9774725274725276
106,10,111,879,0.9995714285714286,0.9774725274725276
107,10,102,888,0.9995714285714286,0.9774725274725276
108,10,93,897,0.9995714285714286,0.9774725274725276
109,10,88,902,0.9997142857142857,0.9846153846153847
110,9,84,907,0.9997142857142857,0.982905982905983
111,9,82,909,0.9997142857142857,0.982905982905983
112,9,80,911,0.9997142857142857,0.982905982905983
113,9,78,913,0.9997142857142857,0.982905982905983
114,8,76,916,1.0,1.0
115,8,74,918,1.0,1.0
116,8,72,920,1.0,1.0
117,8,71,921,1.0,1.0
118,8,68,924,1.0,1.0
119,8,67,925,1.0,1.0
120,8,65,927,1.0,1.0
121,8,63,929,1.0,1.0
122,8,57,935,1.0,1.0
123,8,53,939,1.0,1.0
124,8,51,941,1.0,1.0
125,8,50,942,1.0,1.0
126,8,47,945,1.0,1.0
127,8,46,946,1.0,1.0
128,8,46,946,1.0,1.0
129,8,43,949,1.0,1.0
130,8,41,951,1.0,1.0
131,8,37,955,1.0,1.0
132,8,37,955,1.0,1.0
133,8,35,957,1.0,1.0
134,8,34,958,1.0,1.0
135,8,34,958,1.0,1.0
136,8,32,960,1.0,1.0
137,8,32,960,1.0,1.0
138,8,31,961,1.0,1.0
139,8,29,963,1.0,1.0
140,8,29,963,1.0,1.0
141,8,28,964,1.0,1.0
142,8,27,965,1.0,1.0
143,8,26,966,1.0,1.0
144,8,25,967,1.0,1.0
145,8,24,968,1.0,1.0
146,8,24,968,1.0,1.0
147,8,22,970,1.0,1.0
148,8,22,970,1.0,1.0
149,8,20,972,1.0,1.0
150,8,20,972,1.0,1.0
151,8,20,972,1.0,1.0
152,8,18,974,1.0,1.0
153,8,17,975,1.0,1.0
154,8,16,976,1.0,1.0
155,8,15,977,1.0,1.0
156,8,14,978,1.0,1.0
157,8,13,979,1.0,1.0
158,8,13,979,1.0,1.0
159,8,13,979,1.0,1.0
160,8,13,979,1.0,1.0
161,8,12,980,1.0,1.0
162,8,10,982,1.0,1.0
163,8,10,982,1.0,1.0
164,8,10,982,1.0,1.0
165,8,9,983,1.0,1.0
166,8,8,984,1.0,1.0
167,8,8,984,1.0,1.0
168,8,8,984,1.0,1.0
169,8,7,985,1.0,1.0
170,8,7,985,1.0,1.0
171,8,7,985,1.0,1.0
172,8,7,985,1.0,1.0
173,8,7,985,1.0,1.0
174,8,7,985,1.0,1.0
175,8,7,985,1.0,1.0
176,8,7,985,1.0,1.0
177,8,7,985,1.0,1.0
178,8,6,986,1.0,1.0
179,8,6,986,1.0,1.0
180,8,6,986,1.0,1.0
181,8,6,986,1.0,1.0
182,8,6,986,1.0,1.0
183,8,6,986,1.0,1.0
184,8,6,986,1.0,1.0
185,8,6,986,1.0,1.0
186,8,6,986,1.0,1.0
187,8,6,986,1.0,1.0
188,8,6,986,1.0,1.0
189,8,6,986,1.0,1.0
190,8,6,986,1.0,1.0
191,8,6,986,1.0,1.0
192,8,6,986,1.0,1.0
193,8,5,987,1.0,1.0
194,8,5,987,1.0,1.0
195,8,4,988,1.0,1.0
196,8,4,988,1.0,1.0
197,8,4,988,1.0,1.0
198,8,3,989,1.0,1.0
199,8,3,989,1.0,1.0
200,8,3,989,1.0,1.0
1,999,1,0,1.0,1.0
2,998,2,0,0.9991428571428571,0.9995705697108502
3,998,2,0,0.9991428571428571,0.9995705697108502
4,998,2,0,0.9991428571428571,0.9995705697108502
5,998,2,0,0.9991428571428571,0.9995705697108502
6,995,4,1,0.9967142857142857,0.9983529368453992
7,993,6,1,0.9948571428571429,0.9974082312450891
8,991,8,1,0.9941428571428571,0.9970418750438932
9,989,10,1,0.9927142857142857,0.9963121812464583
10,986,13,1,0.9905714285714285,0.9952120901410962
11,983,15,2,0.9892857142857143,0.9945259894395194
12,981,17,2,0.9882857142857143,0.9939987976685224
13,977,21,2,0.9878571428571429,0.9937226540092456
14,974,24,2,0.9881428571428571,0.9938774435694354
15,970,27,3,0.9877142857142858,0.9936919867074506
16,967,29,4,0.9872857142857143,0.9934833952672629
17,959,36,5,0.989,0.9943156600090907
18,954,40,6,0.9874285714285714,0.9934484453352378
19,949,45,6,0.9865714285714285,0.9929380068473851
20,947,45,8,0.9882857142857143,0.993823177878088
21,946,44,10,0.9885714285714285,0.9939676602467301
22,940,49,11,0.9872857142857143,0.9932403943574155
23,931,56,13,0.985,0.9919766055641459
24,930,56,14,0.9851428571428571,0.9920506912442396
25,922,62,16,0.9795714285714285,0.989000063566224
26,915,67,18,0.9771428571428571,0.9875880221781862
27,901,77,22,0.9688571428571429,0.9828009578287047
28,883,88,29,0.9591428571428572,0.9769587528364425
29,868,100,32,0.9491428571428572,0.9707662345335156
30,847,114,39,0.9394285714285714,0.9643607474776306
31,821,135,44,0.9287142857142857,0.9566315535864865
32,804,141,55,0.9278571428571428,0.9551907928307182
33,787,151,62,0.9191428571428572,0.9486321916118613
34,763,168,69,0.9115714285714286,0.9420979153835141
35,729,189,82,0.9032857142857142,0.933739258603093
36,710,195,95,0.9037142857142857,0.9322267503968001
37,692,203,105,0.9031428571428571,0.9300898399599947
38,675,213,112,0.8984285714285715,0.9247952907658791
39,655,224,121,0.8977142857142857,0.9218449358604276
40,628,241,131,0.8924285714285715,0.9141883707182041
41,604,256,140,0.8872857142857142,0.9065678729464277
42,577,274,149,0.8825714285714286,0.8981356827493029
43,553,286,161,0.8791428571428571,0.890639342397134
44,527,300,173,0.8767142857142857,0.8828258781252978
45,500,310,190,0.8822857142857143,0.882176863822452
46,477,316,207,0.8835714285714286,0.8778064394601575
47,454,327,219,0.8874285714285715,0.8758547937982377
48,430,339,231,0.89,0.8720454255047279
49,405,344,251,0.8934285714285715,0.8681980056980055
50,387,352,261,0.8954285714285715,0.8648759831899366
51,363,365,272,0.8985714285714286,0.8604099183644638
52,347,362,291,0.8988571428571429,0.8541334146161235
53,332,351,317,0.9064285714285715,0.8589215377995499
54,304,364,332,0.911,0.8537122553981106
55,290,359,351,0.9137142857142857,0.8512923140078311
56,277,353,370,0.9162857142857143,0.8488247312254533
57,262,351,387,0.9242857142857143,0.8552033526270167
58,248,350,402,0.9267142857142857,0.8518621499468274
59,234,347,419,0.9321428571428572,0.8548037788422403
60,219,343,438,0.9404285714285714,0.8634592386304714
61,209,337,454,0.9437142857142857,0.8646395271395272
62,200,328,472,0.9492857142857143,0.8726435439560438
63,177,335,488,0.9555714285714285,0.8730396721922145
64,169,327,504,0.9568571428571429,0.8709268049504737
65,163,316,521,0.957,0.8667689161554191
66,155,311,534,0.9574285714285714,0.8611686163299066
67,146,306,548,0.9591428571428572,0.8584763410105876
68,138,302,560,0.9594285714285714,0.851148006582789
69,125,305,570,0.9642857142857143,0.8556849816849816
70,118,304,578,0.9647142857142857,0.8490671757620911
71,113,295,592,0.9671428571428572,0.8533291192583229
72,106,292,602,0.971,0.86237127652222
73,98,291,611,0.9712857142857143,0.8529715182776408
74,95,285,620,0.971,0.8467669172932332
75,90,278,632,0.9732857142857143,0.8512942612942614
76,85,276,639,0.9744285714285714,0.8492695539754362
77,81,264,655,0.9764285714285714,0.8537511870845204
78,77,256,667,0.9785714285714285,0.8602920888635176
79,71,255,674,0.9807142857142858,0.8633080534488985
80,67,251,682,0.9828571428571429,0.8710185337051009
81,63,239,698,0.9841428571428571,0.8731205302633873
82,60,229,711,0.985,0.8738278388278388
83,58,224,718,0.985,0.8694770746494883
84,54,219,727,0.986,0.8690815357482023
85,48,211,741,0.9868571428571429,0.8619047619047618
86,44,205,751,0.9864285714285714,0.8442307692307692
87,43,199,758,0.9872857142857143,0.8507027855865065
88,39,192,769,0.9874285714285714,0.8366582135812906
89,35,186,779,0.9867142857142858,0.8070225013082155
90,34,179,787,0.9875714285714285,0.8141133376427493
91,31,174,795,0.9888571428571429,0.8165071487652134
92,29,169,802,0.9902857142857143,0.8292408740684604
93,26,167,807,0.991,0.8236968160045083
94,24,162,814,0.9921428571428571,0.8326465201465202
95,24,155,821,0.9922857142857143,0.8356227106227108
96,24,145,831,0.9934285714285714,0.8596611721611721
97,21,140,839,0.9937142857142857,0.8464154892726322
98,21,131,848,0.9937142857142857,0.8464154892726322
99,19,125,856,0.9934285714285714,0.8224407171775594
100,18,121,861,0.9938571428571429,0.8247863247863249
101,18,118,864,0.9945714285714286,0.844932844932845
102,18,112,870,0.9945714285714286,0.844932844932845
103,18,108,874,0.9948571428571429,0.8534798534798536
104,17,105,878,0.9952857142857143,0.8577892695539755
105,16,101,883,0.9951428571428571,0.8440934065934066
106,13,101,886,0.9957142857142857,0.8305156382079458
107,12,96,892,0.9964285714285714,0.8466117216117217
108,12,91,897,0.9964285714285714,0.8466117216117217
109,12,87,901,0.9964285714285714,0.8466117216117217
110,9,87,904,0.9971428571428571,0.8363858363858364
111,7,85,908,0.9977142857142857,0.8288854003139718
112,6,79,915,0.9981428571428571,0.8379120879120879
113,6,77,917,0.9981428571428571,0.8379120879120879
114,6,76,918,0.9982857142857143,0.8507326007326007
115,6,76,918,0.9982857142857143,0.8507326007326007
116,6,72,922,0.9982857142857143,0.8507326007326007
117,6,67,927,0.9985714285714286,0.8754578754578755
118,6,64,930,0.9985714285714286,0.8754578754578755
119,4,63,933,0.9992857142857143,0.9052197802197802
120,4,61,935,0.9994285714285714,0.9244505494505495
121,4,61,935,0.9994285714285714,0.9244505494505495
122,4,57,939,0.9994285714285714,0.9244505494505495
123,3,53,944,0.9995714285714286,0.923076923076923
124,3,49,948,0.9995714285714286,0.923076923076923
125,2,48,950,1.0,1.0
126,2,45,953,1.0,1.0
127,2,44,954,1.0,1.0
128,2,42,956,1.0,1.0
129,2,41,957,1.0,1.0
130,2,36,962,1.0,1.0
131,2,33,965,1.0,1.0
132,2,31,967,1.0,1.0
133,2,30,968,1.0,1.0
134,2,29,969,1.0,1.0
135,2,24,974,1.0,1.0
136,2,22,976,1.0,1.0
137,2,22,976,1.0,1.0
138,2,22,976,1.0,1.0
139,2,21,977,1.0,1.0
140,2,21,977,1.0,1.0
141,2,21,977,1.0,1.0
142,2,20,978,1.0,1.0
143,2,19,979,1.0,1.0
144,2,18,980,1.0,1.0
145,2,18,980,1.0,1.0
146,2,16,982,1.0,1.0
147,2,15,983,1.0,1.0
148,2,15,983,1.0,1.0
149,2,14,984,1.0,1.0
150,2,14,984,1.0,1.0
151,2,13,985,1.0,1.0
152,2,13,985,1.0,1.0
153,2,13,985,1.0,1.0
154,2,12,986,1.0,1.0
155,2,12,986,1.0,1.0
156,2,11,987,1.0,1.0
157,2,11,987,1.0,1.0
158,2,9,989,1.0,1.0
159,2,9,989,1.0,1.0
160,2,9,989,1.0,1.0
161,2,9,989,1.0,1.0
162,2,8,990,1.0,1.0
163,2,8,990,1.0,1.0
164,2,8,990,1.0,1.0
165,2,8,990,1.0,1.0
166,2,8,990,1.0,1.0
167,2,7,991,1.0,1.0
168,2,7,991,1.0,1.0
169,2,7,991,1.0,1.0
170,2,7,991,1.0,1.0
171,2,7,991,1.0,1.0
172,2,6,992,1.0,1.0
173,2,6,992,1.0,1.0
174,2,6,992,1.0,1.0
175,2,6,992,1.0,1.0
176,2,5,993,1.0,1.0
177,2,5,993,1.0,1.0
178,2,5,993,1.0,1.0
179,2,5,993,1.0,1.0
180,2,5,993,1.0,1.0
181,2,5,993,1.0,1.0
182,2,5,993,1.0,1.0
183,2,5,993,1.0,1.0
184,2,4,994,1.0,1.0
185,2,3,995,1.0,1.0
186,2,3,995,1.0,1.0
187,2,3,995,1.0,1.0
188,2,3,995,1.0,1.0
189,2,3,995,1.0,1.0
190,2,3,995,1.0,1.0
191,2,3,995,1.0,1.0
192,2,3,995,1.0,1.0
193,2,3,995,1.0,1.0
194,2,3,995,1.0,1.0
195,2,3,995,1.0,1.0
196,2,3,995,1.0,1.0
197,2,3,995,1.0,1.0
198,2,3,995,1.0,1.0
199,2,3,995,1.0,1.0
200,2,2,996,1.0,1.0
1,998,2,0,0.9982857142857143,0.999135633905173
2,995,5,0,0.9967142857142857,0.9983488872936109
3,993,7,0,0.9948571428571429,0.9974089690101774
4,989,11,0,0.9922857142857143,0.9960962529213288
5,983,16,1,0.9894285714285714,0.9946113228920961
6,976,23,1,0.9858571428571429,0.9927180913348945
7,972,27,1,0.9825714285714285,0.9910118859192933
8,965,31,4,0.9828571428571429,0.9910784034618232
9,955,41,4,0.9781428571428571,0.9885098670962545
10,951,43,6,0.9778571428571429,0.9883313496878167
11,942,51,7,0.9751428571428571,0.9867560252910571
12,937,56,7,0.9721428571428572,0.9850577206500366
13,930,61,9,0.9685714285714285,0.9829920437984954
14,923,64,13,0.9682857142857143,0.9826733577004433
15,917,70,13,0.9631428571428572,0.9797443786674975
16,907,72,21,0.9657142857142857,0.9809739369414121
17,892,85,23,0.9627142857142857,0.9789870070139127
18,886,87,27,0.962,0.9784932900057054
19,878,91,31,0.9614285714285714,0.9779906881273623
20,864,98,38,0.959,0.9763100325600326
21,845,114,41,0.9508571428571428,0.9708034766022932
22,832,123,45,0.9455714285714286,0.9672334526451112
23,820,131,49,0.9432857142857143,0.9653052689180739
24,800,146,54,0.9391428571428572,0.9619220467032967
25,779,162,59,0.9268571428571428,0.9531103203599993
26,756,181,63,0.9178571428571428,0.9457189855999381
27,734,196,70,0.9088571428571428,0.9380265567765569
28,713,201,86,0.909,0.9363964109756537
29,700,206,94,0.9094285714285715,0.9355841375011544
30,676,222,102,0.9034285714285715,0.9287295573668705
31,656,229,115,0.9021428571428571,0.9256342264860916
32,624,248,128,0.8927142857142857,0.9142198126785231
33,605,254,141,0.8942857142857142,0.9125201447393961
34,577,268,155,0.8918571428571429,0.906209526871674
35,549,285,166,0.8901428571428571,0.8997657245608065
36,526,294,180,0.8904285714285715,0.89563538489394
37,504,304,192,0.8937142857142857,0.8943396963486249
38,484,311,205,0.8944285714285715,0.8909829753579753
39,462,324,214,0.891,0.8821870589727733
40,434,334,232,0.8868571428571429,0.8697725181884168
41,418,333,249,0.8907142857142857,0.8693819338556179
42,392,345,263,0.886,0.8546282317872204
43,366,360,274,0.8872857142857142,0.8459191905009167
44,346,362,292,0.8871428571428571,0.8366516459852061
45,336,356,308,0.896,0.8449997947897108
46,321,358,321,0.8998571428571429,0.8438451536857254
47,299,359,342,0.9117142857142857,0.8521614460036652
48,280,361,359,0.9128571428571428,0.844378366731308
49,261,359,380,0.9192857142857143,0.845301952198504
50,243,365,392,0.9217142857142857,0.8386575016204645
51,225,371,404,0.9234285714285714,0.8296426536426535
52,206,371,423,0.929,0.8274351861730501
53,198,363,439,0.9275714285714286,0.816999666999667
54,181,369,450,0.931,0.809370003845142
55,169,371,460,0.9312857142857143,0.7970024058781455
56,160,367,473,0.9345714285714286,0.7958997252747253
57,144,370,486,0.9341428571428572,0.7712644993894994
58,130,368,502,0.9367142857142857,0.7566610312764158
59,116,373,511,0.9394285714285714,0.7389509915371985
60,107,364,529,0.945,0.7426791277258565
61,97,360,543,0.9482857142857143,0.7325894037234243
62,89,350,561,0.9535714285714286,0.7379182615137669
63,82,345,573,0.9565714285714285,0.7335566872152237
64,78,340,582,0.9582857142857143,0.7309523809523808
65,72,328,600,0.9647142857142857,0.7542633292633292
66,67,318,615,0.9681428571428572,0.7621781203870756
67,61,309,630,0.9704285714285714,0.7574431033447427
68,53,302,645,0.973,0.7442808763563483
69,46,293,661,0.9777142857142858,0.7585921325051762
70,44,285,671,0.9788571428571429,0.7604978354978357
71,37,280,683,0.982,0.7556677556677559
72,37,268,695,0.9837142857142858,0.7792792792792793
73,33,259,708,0.9861428571428571,0.7893661893661894
74,30,245,725,0.9871428571428571,0.7846275946275948
75,23,242,735,0.9891428571428571,0.7633699633699634
76,21,238,741,0.9902857142857143,0.7680446537589395
77,17,233,750,0.9921428571428571,0.7677655677655677
78,17,226,757,0.9927142857142857,0.7842921784098253
79,16,219,765,0.994,0.810989010989011
80,14,212,774,0.9952857142857143,0.8299058084772369
81,12,203,785,0.9957142857142857,0.8177045177045178
82,12,195,793,0.9958571428571429,0.8236568986568987
83,9,187,804,0.997,0.8290598290598291
84,8,184,808,0.9972857142857143,0.8255494505494505
85,7,171,822,0.9978571428571429,0.8422291993720565
86,5,165,830,0.9982857142857143,0.8252747252747252
87,5,163,832,0.9982857142857143,0.8252747252747252
88,5,155,840,0.9984285714285714,0.8395604395604395
89,4,151,845,0.9987142857142857,0.8392857142857143
90,4,146,850,0.9987142857142857,0.8392857142857143
91,4,139,857,0.9988571428571429,0.8571428571428572
92,4,135,861,0.9988571428571429,0.8571428571428572
93,4,132,864,0.999,0.875
94,3,127,870,0.9994285714285714,0.9047619047619048
95,3,123,874,0.9994285714285714,0.9047619047619048
96,3,113,884,0.9994285714285714,0.9047619047619048
97,3,107,890,0.9995714285714286,0.9285714285714285
98,2,104,894,1.0,1.0
99,2,103,895,1.0,1.0
100,2,99,899,1.0,1.0
101,2,94,904,1.0,1.0
102,2,90,908,1.0,1.0
103,2,87,911,1.0,1.0
104,2,84,914,1.0,1.0
105,2,81,917,1.0,1.0
106,2,75,923,1.0,1.0
107,2,73,925,1.0,1.0
108,2,71,927,1.0,1.0
109,2,68,930,1.0,1.0
110,2,62,936,1.0,1.0
111,2,62,936,1.0,1.0
112,2,60,938,1.0,1.0
113,1,59,940,1.0,1.0
114,1,58,941,1.0,1.0
115,1,57,942,1.0,1.0
116,1,55,944,1.0,1.0
117,1,51,948,1.0,1.0
118,1,51,948,1.0,1.0
119,1,51,948,1.0,1.0
120,1,50,949,1.0,1.0
121,1,46,953,1.0,1.0
122,1,45,954,1.0,1.0
123,1,44,955,1.0,1.0
124,1,42,957,1.0,1.0
125,1,42,957,1.0,1.0
126,1,39,960,1.0,1.0
127,1,37,962,1.0,1.0
128,1,35,964,1.0,1.0
129,1,34,965,1.0,1.0
130,1,32,967,1.0,1.0
131,1,31,968,1.0,1.0
132,1,30,969,1.0,1.0
133,1,29,970,1.0,1.0
134,1,28,971,1.0,1.0
135,1,28,971,1.0,1.0
136,1,26,973,1.0,1.0
137,1,26,973,1.0,1.0
138,1,25,974,1.0,1.0
139,1,24,975,1.0,1.0
140,1,24,975,1.0,1.0
141,1,23,976,1.0,1.0
142,1,22,977,1.0,1.0
143,1,21,978,1.0,1.0
144,1,18,981,1.0,1.0
145,1,18,981,1.0,1.0
146,1,18,981,1.0,1.0
147,1,18,981,1.0,1.0
148,1,16,983,1.0,1.0
149,1,16,983,1.0,1.0
150,1,15,984,1.0,1.0
151,1,15,984,1.0,1.0
152,1,15,984,1.0,1.0
153,1,14,985,1.0,1.0
154,1,12,987,1.0,1.0
155,1,12,987,1.0,1.0
156,1,12,987,1.0,1.0
157,1,12,987,1.0,1.0
158,1,11,988,1.0,1.0
159,1,11,988,1.0,1.0
160,1,11,988,1.0,1.0
161,1,11,988,1.0,1.0
162,1,9,990,1.0,1.0
163,1,9,990,1.0,1.0
164,1,8,991,1.0,1.0
165,1,7,992,1.0,1.0
166,1,7,992,1.0,1.0
167,1,6,993,1.0,1.0
168,1,6,993,1.0,1.0
169,1,6,993,1.0,1.0
170,1,6,993,1.0,1.0
171,1,6,993,1.0,1.0
172,1,6,993,1.0,1.0
173,1,6,993,1.0,1.0
174,1,4,995,1.0,1.0
175,1,4,995,1.0,1.0
176,1,4,995,1.0,1.0
177,1,4,995,1.0,1.0
178,1,3,996,1.0,1.0
179,1,3,996,1.0,1.0
180,1,3,996,1.0,1.0
181,1,3,996,1.0,1.0
182,1,3,996,1.0,1.0
183,1,2,997,1.0,1.0
184,1,2,997,1.0,1.0
185,1,2,997,1.0,1.0
186,1,2,997,1.0,1.0
187,1,2,997,1.0,1.0
188,1,2,997,1.0,1.0
189,1,2,997,1.0,1.0
190,1,2,997,1.0,1.0
191,1,2,997,1.0,1.0
192,1,2,997,1.0,1.0
193,1,2,997,1.0,1.0
194,1,2,997,1.0,1.0
195,1,2,997,1.0,1.0
196,1,2,997,1.0,1.0
197,1,2,997,1.0,1.0
198,1,2,997,1.0,1.0
199,1,2,997,1.0,1.0
200,1,2,997,1.0,1.0
1,998,2,0,0.9988571428571429,0.9994314636599206
2,998,2,0,0.9988571428571429,0.9994314636599206
3,996,4,0,0.9977142857142857,0.9988448298689263
4,995,5,0,0.996,0.9979584736871169
5,994,6,0,0.9948571428571429,0.9973704866562009
6,993,7,0,0.994,0.9969458369760484
7,992,7,1,0.9944285714285714,0.9971523100555358
8,990,9,1,0.9928571428571429,0.9963529063529064
9,986,13,1,0.99,0.9949127993372415
10,981,18,1,0.987,0.9933682737581819
11,979,20,1,0.985,0.9923338833451194
12,974,24,2,0.9822857142857143,0.9908866800550579
13,968,29,3,0.9794285714285714,0.9893413404777042
14,964,33,3,0.9777142857142858,0.9884047315063913
15,959,38,3,0.9772857142857143,0.9880960020167529
16,947,46,7,0.9751428571428571,0.9868491592884412
17,934,55,11,0.9701428571428572,0.9839886045012636
18,925,62,13,0.968,0.9826062067238537
19,915,70,15,0.9627142857142857,0.9795545641543714
20,907,75,18,0.9645714285714285,0.9804204270122941
21,901,79,20,0.9638571428571429,0.9799188624480784
22,890,88,22,0.9585714285714285,0.9766279787628103
23,879,95,26,0.9574285714285714,0.9756818645897144
24,864,104,32,0.9555714285714285,0.9741459350834352
25,853,110,37,0.957,0.9746765348758315
26,841,117,42,0.9581428571428572,0.9750580374837212
27,823,128,49,0.953,0.9713119606193725
28,810,134,56,0.9502857142857143,0.9691760502871615
29,792,148,60,0.9441428571428572,0.9646316238228003
30,780,159,61,0.9398571428571428,0.9613454079856795
31,750,181,69,0.9304285714285714,0.9535042124542124
32,725,196,79,0.9205714285714286,0.9450611342680308
33,704,212,84,0.91,0.935900948010323
34,673,234,93,0.8978571428571429,0.9237979578618509
35,651,250,99,0.8908571428571429,0.915864083433208
36,627,263,110,0.8874285714285715,0.9100318025627624
37,605,274,121,0.8838571428571429,0.9039382275478532
38,576,287,137,0.8795714285714286,0.8952769342245444
39,557,292,151,0.8758571428571429,0.888436843457173
40,534,299,167,0.8751428571428571,0.8830079330781577
41,497,325,178,0.874,0.8730275425446453
42,469,339,192,0.873,0.8643007490022415
43,446,342,212,0.8758571428571429,0.8603862785196866
44,421,346,233,0.879,0.8558808175197725
45,394,360,246,0.8732857142857143,0.8388682806195498
46,361,377,262,0.87,0.8194551408886588
47,330,394,276,0.8681428571428571,0.8000799200799201
48,302,408,290,0.8691428571428571,0.7833283300584626
49,274,421,305,0.8728571428571429,0.7680541629902943
50,254,423,323,0.8807142857142857,0.7649525179544864
51,234,423,343,0.885,0.754011889108043
52,214,423,363,0.8892857142857142,0.7411627897025094
53,197,417,386,0.8972857142857142,0.739363576355962
54,176,414,410,0.9057142857142857,0.7314768564768565
55,161,412,427,0.913,0.7288125952722226
56,151,405,444,0.9237142857142857,0.7464946753026223
57,142,389,469,0.9312857142857143,0.757562038900067
58,129,385,486,0.9388571428571428,0.763536076326774
59,117,381,502,0.942,0.7524232178078332
60,109,372,519,0.9447142857142857,0.7467100178109352
61,98,372,530,0.952,0.7556271959333182
62,88,365,547,0.9575714285714285,0.7591554279054278
63,81,362,557,0.9604285714285714,0.7554899832677611
64,72,351,577,0.9645714285714285,0.754276048026048
65,70,335,595,0.968,0.7715620094191523
66,63,329,608,0.9711428571428572,0.7716611430897147
67,62,313,625,0.9731428571428572,0.7840659340659342
68,57,305,638,0.9777142857142858,0.8055459160722318
69,51,300,649,0.9782857142857143,0.7879910938734468
70,48,292,660,0.9791428571428571,0.7836691086691087
71,44,286,670,0.9802857142857143,0.7766483516483518
72,38,285,677,0.9825714285714285,0.7724889145941778
73,36,275,689,0.9832857142857143,0.7697700447700448
74,34,269,697,0.9841428571428571,0.769295410471881
75,33,264,703,0.9854285714285714,0.7816405816405817
76,28,261,711,0.9882857142857143,0.7917713239141811
77,26,254,720,0.9892857142857143,0.7934911242603551
78,25,247,728,0.9895714285714285,0.790945054945055
79,20,244,736,0.993,0.826043956043956
80,20,231,749,0.9931428571428571,0.8293772893772893
81,18,226,756,0.9935714285714285,0.8226699226699227
82,17,220,763,0.9947142857142857,0.8458521870286575
83,17,214,769,0.9948571428571429,0.8500538677009264
84,17,207,776,0.9954285714285714,0.8663003663003663
85,17,201,782,0.9955714285714286,0.8705020469726352
86,15,198,787,0.9964285714285714,0.881807081807082
87,15,188,797,0.9968571428571429,0.8957753357753359
88,13,182,805,0.9971428571428571,0.8907297830374754
89,12,173,815,0.9975714285714286,0.9003968253968254
90,12,163,825,0.9978571428571429,0.9123015873015875
91,12,157,831,0.998,0.9182539682539684
92,12,154,834,0.9981428571428571,0.923809523809524
93,12,148,840,0.9981428571428571,0.923809523809524
94,12,140,848,0.9981428571428571,0.923809523809524
95,12,137,851,0.9981428571428571,0.923809523809524
96,12,131,857,0.9981428571428571,0.923809523809524
97,12,126,862,0.9982857142857143,0.9297619047619049
98,12,117,871,0.9984285714285714,0.9357142857142858
99,11,113,876,0.9984285714285714,0.92987012987013
100,11,106,883,0.9988571428571429,0.948917748917749
101,11,105,884,0.9988571428571429,0.948917748917749
102,11,99,890,0.9988571428571429,0.948917748917749
103,10,100,890,0.9988571428571429,0.9438095238095239
104,10,90,900,0.999,0.950952380952381
105,10,87,903,0.999,0.950952380952381
106,9,85,906,0.9992857142857143,0.9613756613756613
107,8,82,910,0.9992857142857143,0.9571428571428571
108,7,77,916,0.9994285714285714,0.9612244897959185
109,7,75,918,0.9995714285714286,0.970748299319728
110,7,68,925,0.9995714285714286,0.970748299319728
111,7,63,930,0.9997142857142857,0.9802721088435374
112,7,60,933,0.9998571428571429,0.9904761904761905
113,7,56,937,0.9998571428571429,0.9904761904761905
114,7,55,938,0.9998571428571429,0.9904761904761905
115,6,54,940,0.9998571428571429,0.9888888888888889
116,6,52,942,0.9998571428571429,0.9888888888888889
117,6,50,944,1.0,1.0
118,6,48,946,1.0,1.0
119,5,48,947,1.0,1.0
120,5,45,950,1.0,1.0
121,5,43,952,1.0,1.0
122,5,41,954,1.0,1.0
123,5,39,956,1.0,1.0
124,5,37,958,1.0,1.0
125,5,34,961,1.0,1.0
126,5,34,961,1.0,1.0
127,5,33,962,1.0,1.0
128,5,31,964,1.0,1.0
129,5,30,965,1.0,1.0
130,5,27,968,1.0,1.0
131,5,26,969,1.0,1.0
132,5,26,969,1.0,1.0
133,5,24,971,1.0,1.0
134,5,22,973,1.0,1.0
135,5,21,974,1.0,1.0
136,5,18,977,1.0,1.0
137,5,15,980,1.0,1.0
138,5,13,982,1.0,1.0
139,5,13,982,1.0,1.0
140,5,13,982,1.0,1.0
141,5,13,982,1.0,1.0
142,5,13,982,1.0,1.0
143,5,13,982,1.0,1.0
144,5,13,982,1.0,1.0
145,5,12,983,1.0,1.0
146,5,12,983,1.0,1.0
147,5,12,983,1.0,1.0
148,5,12,983,1.0,1.0
149,5,12,983,1.0,1.0
150,5,12,983,1.0,1.0
151,5,12,983,1.0,1.0
152,5,10,985,1.0,1.0
153,5,10,985,1.0,1.0
154,5,10,985,1.0,1.0
155,5,10,985,1.0,1.0
156,5,10,985,1.0,1.0
157,5,10,985,1.0,1.0
158,5,9,986,1.0,1.0
159,5,9,986,1.0,1.0
160,5,8,987,1.0,1.0
161,5,8,987,1.0,1.0
162,5,7,988,1.0,1.0
163,5,7,988,1.0,1.0
164,5,7,988,1.0,1.0
165,5,7,988,1.0,1.0
166,5,7,988,1.0,1.0
167,5,7,988,1.0,1.0
168,5,7,988,1.0,1.0
169,5,7,988,1.0,1.0
170,5,7,988,1.0,1.0
171,5,7,988,1.0,1.0
172,5,6,989,1.0,1.0
173,5,6,989,1.0,1.0
174,5,6,989,1.0,1.0
175,5,5,990,1.0,1.0
176,5,5,990,1.0,1.0
177,5,5,990,1.0,1.0
178,5,5,990,1.0,1.0
179,5,5,990,1.0,1.0
180,5,4,991,1.0,1.0
181,5,4,991,1.0,1.0
182,5,4,991,1.0,1.0
183,5,4,991,1.0,1.0
184,5,4,991,1.0,1.0
185,5,3,992,1.0,1.0
186,5,2,993,1.0,1.0
187,5,2,993,1.0,1.0
188,5,2,993,1.0,1.0
189,5,2,993,1.0,1.0
190,5,2,993,1.0,1.0
191,5,2,993,1.0,1.0
192,5,2,993,1.0,1.0
193,5,2,993,1.0,1.0
194,5,2,993,1.0,1.0
195,5,2,993,1.0,1.0
196,5,2,993,1.0,1.0
197,5,2,993,1.0,1.0
198,5,2,993,1.0,1.0
199,5,2,993,1.0,1.0
200,5,2,993,1.0,1.0
1,998,2,0,0.9984285714285714,0.999217482584216
2,997,3,0,0.9975714285714286,0.9987916129340403
3,996,4,0,0.9967142857142857,0.9983601070950469
4,996,4,0,0.9967142857142857,0.9983601070950469
5,995,5,0,0.996,0.9979987851344635
6,992,8,0,0.9932857142857143,0.9966342461302139
7,991,9,0,0.992,0.9959814151539681
8,988,12,0,0.9908571428571429,0.9953908439738399
9,986,14,0,0.9887142857142858,0.9942989397350451
10,983,17,0,0.9871428571428571,0.9934855920613804
11,978,21,1,0.9862857142857143,0.9930148243031679
12,975,23,2,0.9865714285714285,0.9931236968160045
13,969,27,4,0.9837142857142858,0.9916102473378016
14,966,30,4,0.9827142857142858,0.9910764528776952
15,959,37,4,0.9808571428571429,0.9900671105050666
16,952,41,7,0.9775714285714285,0.988236256040878
17,945,46,9,0.974,0.9862443552919743
18,934,56,10,0.9665714285714285,0.982034173000447
19,924,61,15,0.9658571428571429,0.9814738337059766
20,918,65,17,0.9642857142857143,0.9804709134365998
21,904,76,20,0.9591428571428572,0.9772899850886576
22,887,89,24,0.9518571428571428,0.9727200692956048
23,873,100,27,0.9458571428571428,0.9688656751801081
24,860,106,34,0.9447142857142857,0.9676639300621858
25,840,120,40,0.9412857142857143,0.9648477564102564
26,825,132,43,0.9334285714285714,0.959368353868354
27,802,149,49,0.9234285714285714,0.9519373498488212
28,783,162,55,0.9148571428571428,0.945254995111317
29,759,180,61,0.9065714285714286,0.9380928853754942
30,726,202,72,0.9034285714285715,0.9331472189426736
31,708,211,81,0.8994285714285715,0.9286019536019536
32,680,232,88,0.8948571428571429,0.9224946805645335
33,657,242,101,0.895,0.9198973717809334
34,627,261,112,0.8922857142857142,0.9140987151823066
35,591,284,125,0.8811428571428571,0.899681414932236
36,559,300,141,0.8808571428571429,0.893741348885777
37,526,324,150,0.8672857142857143,0.8742060453897851
38,498,336,166,0.8678571428571429,0.8678691386965661
39,469,348,183,0.8672857142857143,0.859268948681654
40,440,364,196,0.8684285714285714,0.8512387367534426
41,415,379,206,0.8651428571428571,0.8383277453706228
42,387,394,219,0.8664285714285714,0.827809611222744
43,364,404,232,0.869,0.8204284228484293
44,338,412,250,0.8747142857142857,0.8148305669559585
45,309,424,267,0.8758571428571429,0.7991518713534704
46,282,432,286,0.8815714285714286,0.7900131765745031
47,254,437,309,0.8888571428571429,0.7811157655066873
48,236,443,321,0.8924285714285715,0.7727281525387208
49,221,446,333,0.8954285714285715,0.7641518006436825
50,200,451,349,0.8988571428571429,0.7478427063132946
51,174,455,371,0.907,0.7328325494654093
52,166,439,395,0.9108571428571428,0.7313616456777335
53,153,436,411,0.9151428571428571,0.7224124843502006
54,135,436,429,0.9197142857142857,0.7023293191920643
55,119,435,446,0.925,0.6837227198571735
56,105,430,465,0.9327142857142857,0.6785522414093842
57,93,425,482,0.9414285714285714,0.6841466776950648
58,81,419,500,0.9488571428571428,0.6828110161443495
59,73,413,514,0.9531428571428572,0.6776606954689146
60,64,396,540,0.9608571428571429,0.6943795787545788
61,58,391,551,0.9648571428571429,0.6973537956296577
62,53,383,564,0.9691428571428572,0.7090400165871865
63,48,374,578,0.9731428571428572,0.7202152014652015
64,43,363,594,0.9777142857142858,0.741332311099753
65,41,344,615,0.98,0.7567586884660056
66,38,334,628,0.982,0.7637266242529401
67,34,322,644,0.9852857142857143,0.7841521223874165
68,31,314,655,0.9868571428571429,0.7879711686163299
69,26,303,671,0.99,0.8082417582417581
70,21,291,688,0.9914285714285714,0.7962148962148962
71,21,277,702,0.9918571428571429,0.8061922204779347
72,19,265,716,0.9932857142857143,0.8236745710429921
73,17,257,726,0.994,0.8246714070243482
74,15,252,733,0.9951428571428571,0.8381196581196583
75,12,247,741,0.9964285714285714,0.8504273504273505
76,11,235,754,0.997,0.8623709623709623
77,11,227,762,0.9971428571428571,0.8684315684315684
78,9,218,773,0.9977142857142857,0.8687423687423688
79,7,209,784,0.9982857142857143,0.8736263736263737
80,7,198,795,0.9984285714285714,0.8838304552590268
81,7,185,808,0.9984285714285714,0.8838304552590268
82,7,172,821,0.9985714285714286,0.8940345368916799
83,7,163,830,0.9987142857142857,0.9050235478806908
84,6,155,839,0.9987142857142857,0.8891941391941393
85,6,150,844,0.9988571428571429,0.902014652014652
86,6,149,845,0.9988571428571429,0.902014652014652
87,6,144,850,0.9991428571428571,0.9258241758241758
88,6,137,857,0.9991428571428571,0.9258241758241758
89,6,128,866,0.9991428571428571,0.9258241758241758
90,6,121,873,0.9991428571428571,0.9258241758241758
91,6,117,877,0.9991428571428571,0.9258241758241758
92,6,113,881,0.9992857142857143,0.9386446886446888
93,6,111,883,0.9992857142857143,0.9386446886446888
94,5,110,885,0.9994285714285714,0.9406593406593406
95,5,107,888,0.9994285714285714,0.9406593406593406
96,5,103,892,0.9994285714285714,0.9406593406593406
97,5,101,894,0.9994285714285714,0.9406593406593406
98,5,96,899,0.9994285714285714,0.9406593406593406
99,5,92,903,0.9994285714285714,0.9406593406593406
100,5,88,907,0.9994285714285714,0.9406593406593406
101,5,86,909,0.9995714285714286,0.956043956043956
102,5,82,913,0.9995714285714286,0.956043956043956
103,5,80,915,0.9995714285714286,0.956043956043956
104,5,76,919,0.9995714285714286,0.956043956043956
105,5,71,924,0.9997142857142857,0.9703296703296704
106,5,68,927,0.9997142857142857,0.9703296703296704
107,5,66,929,0.9997142857142857,0.9703296703296704
108,5,64,931,0.9998571428571429,0.9857142857142858
109,5,61,934,0.9998571428571429,0.9857142857142858
110,5,60,935,0.9998571428571429,0.9857142857142858
111,5,60,935,0.9998571428571429,0.9857142857142858
112,5,58,937,0.9998571428571429,0.9857142857142858
113,5,54,941,0.9998571428571429,0.9857142857142858
114,5,53,942,0.9998571428571429,0.9857142857142858
115,5,52,943,0.9998571428571429,0.9857142857142858
116,5,48,947,0.9998571428571429,0.9857142857142858
117,5,47,948,0.9998571428571429,0.9857142857142858
118,5,43,952,0.9998571428571429,0.9857142857142858
119,5,41,954,0.9998571428571429,0.9857142857142858
120,5,38,957,0.9998571428571429,0.9857142857142858
121,5,36,959,0.9998571428571429,0.9857142857142858
122,5,36,959,0.9998571428571429,0.9857142857142858
123,5,35,960,0.9998571428571429,0.9857142857142858
124,5,31,964,0.9998571428571429,0.9857142857142858
125,5,31,964,0.9998571428571429,0.9857142857142858
126,5,28,967,0.9998571428571429,0.9857142857142858
127,4,29,967,0.9998571428571429,0.9821428571428572
128,4,27,969,0.9998571428571429,0.9821428571428572
129,4,27,969,0.9998571428571429,0.9821428571428572
130,4,27,969,0.9998571428571429,0.9821428571428572
131,4,26,970,0.9998571428571429,0.9821428571428572
132,4,24,972,0.9998571428571429,0.9821428571428572
133,4,24,972,0.9998571428571429,0.9821428571428572
134,4,24,972,0.9998571428571429,0.9821428571428572
135,4,24,972,0.9998571428571429,0.9821428571428572
136,4,23,973,0.9998571428571429,0.9821428571428572
137,4,22,974,0.9998571428571429,0.9821428571428572
138,4,20,976,0.9998571428571429,0.9821428571428572
139,4,20,976,0.9998571428571429,0.9821428571428572
140,4,20,976,0.9998571428571429,0.9821428571428572
141,4,18,978,0.9998571428571429,0.9821428571428572
142,4,18,978,0.9998571428571429,0.9821428571428572
143,4,17,979,0.9998571428571429,0.9821428571428572
144,4,15,981,0.9998571428571429,0.9821428571428572
145,4,15,981,0.9998571428571429,0.9821428571428572
146,4,15,981,0.9998571428571429,0.9821428571428572
147,4,15,981,0.9998571428571429,0.9821428571428572
148,4,15,981,0.9998571428571429,0.9821428571428572
149,4,15,981,0.9998571428571429,0.9821428571428572
150,4,15,981,0.9998571428571429,0.9821428571428572
151,4,15,981,0.9998571428571429,0.9821428571428572
152,4,15,981,0.9998571428571429,0.9821428571428572
153,4,14,982,0.9998571428571429,0.9821428571428572
154,4,14,982,0.9998571428571429,0.9821428571428572
155,4,14,982,0.9998571428571429,0.9821428571428572
156,4,12,984,0.9998571428571429,0.9821428571428572
157,4,11,985,0.9998571428571429,0.9821428571428572
158,4,9,987,0.9998571428571429,0.9821428571428572
159,4,8,988,0.9998571428571429,0.9821428571428572
160,4,8,988,0.9998571428571429,0.9821428571428572
161,4,7,989,0.9998571428571429,0.9821428571428572
162,4,7,989,0.9998571428571429,0.9821428571428572
163,4,7,989,0.9998571428571429,0.9821428571428572
164,4,5,991,0.9998571428571429,0.9821428571428572
165,3,6,991,1.0,1.0
166,3,6,991,1.0,1.0
167,3,6,991,1.0,1.0
168,3,6,991,1.0,1.0
169,3,6,991,1.0,1.0
170,3,6,991,1.0,1.0
171,3,6,991,1.0,1.0
172,3,6,991,1.0,1.0
173,3,6,991,1.0,1.0
174,3,6,991,1.0,1.0
175,3,6,991,1.0,1.0
176,3,6,991,1.0,1.0
177,3,6,991,1.0,1.0
178,3,6,991,1.0,1.0
179,3,5,992,1.0,1.0
180,3,5,992,1.0,1.0
181,3,5,992,1.0,1.0
182,3,5,992,1.0,1.0
183,3,5,992,1.0,1.0
184,3,5,992,1.0,1.0
185,3,4,993,1.0,1.0
186,3,4,993,1.0,1.0
187,3,4,993,1.0,1.0
188,3,4,993,1.0,1.0
189,3,4,993,1.0,1.0
190,3,3,994,1.0,1.0
191,3,3,994,1.0,1.0
192,3,3,994,1.0,1.0
193,3,2,995,1.0,1.0
194,3,2,995,1.0,1.0
195,3,2,995,1.0,1.0
196,3,2,995,1.0,1.0
197,3,1,996,1.0,1.0
198,3,1,996,1.0,1.0
199,3,1,996,1.0,1.0
200,3,1,996,1.0,1.0
1,999,1,0,1.0,1.0
2,998,2,0,0.9984285714285714,0.9992017001035037
3,998,2,0,0.9984285714285714,0.9992017001035037
4,997,3,0,0.9975714285714286,0.9987600163126743
5,996,4,0,0.9968571428571429,0.9983891610397635
6,996,4,0,0.9968571428571429,0.9983891610397635
7,996,4,0,0.9968571428571429,0.9983891610397635
8,995,5,0,0.9961428571428571,0.9980357508291295
9,995,4,1,0.997,0.9984775201151198
10,991,8,1,0.9938571428571429,0.9968733985094465
11,989,9,2,0.993,0.9964635064572612
12,988,10,2,0.993,0.9964599270103557
13,985,13,2,0.9915714285714285,0.9957309546231613
14,983,15,2,0.9897142857142858,0.9947817377205206
15,979,18,3,0.9878571428571429,0.9938265193717936
16,974,23,3,0.9847142857142858,0.9922099534016734
17,971,26,3,0.982,0.9907719885070403
18,966,31,3,0.979,0.9891488200631424
19,960,37,3,0.9761428571428571,0.9875510901475975
20,959,38,3,0.9761428571428571,0.9874855332363153
21,950,46,4,0.9741428571428571,0.9862542413726624
22,947,49,4,0.9744285714285714,0.9863810336091223
23,935,61,4,0.9701428571428572,0.9838610898905016
24,924,68,8,0.9658571428571429,0.9813850831707974
25,911,79,10,0.9605714285714285,0.9782476488019848
26,900,86,14,0.9545714285714286,0.9747029914529914
27,895,86,19,0.9542857142857143,0.9744088546462848
28,880,98,22,0.9492857142857143,0.9710449446386947
29,865,109,26,0.9448571428571428,0.9680527853649241
30,851,119,30,0.9398571428571428,0.964614835810488
31,836,130,34,0.9365714285714286,0.9620038404577879
32,821,141,38,0.9325714285714286,0.9590069846921248
33,804,151,45,0.9271428571428572,0.9547731238496163
34,777,171,52,0.926,0.9524064095492666
35,750,193,57,0.9115714285714286,0.9409677655677656
36,722,215,63,0.9011428571428571,0.9313772792304648
37,700,228,72,0.8955714285714286,0.9252540554683413
38,674,240,86,0.8852857142857142,0.9146251127705133
39,642,264,94,0.8771428571428571,0.9038632706857006
40,609,285,106,0.8694285714285714,0.8922349134171795
41,580,300,120,0.8655714285714285,0.8835982695465453
42,555,313,132,0.8638571428571429,0.8768098868098867
43,528,327,145,0.8712857142857143,0.8776171744921745
44,498,348,154,0.864,0.8632415191903143
45,469,366,165,0.8585714285714285,0.8489532322687974
46,441,387,172,0.8545714285714285,0.8349193890010218
47,423,394,183,0.8607142857142858,0.8351626702690532
48,399,403,198,0.8652857142857143,0.830970282849982
49,374,415,211,0.8645714285714285,0.8190569234686882
50,351,428,221,0.8642857142857143,0.8069906233367771
51,322,438,240,0.8681428571428571,0.7955668555047437
52,295,448,257,0.8784285714285714,0.7944182653504688
53,274,456,270,0.8888571428571429,0.7974823534130104
54,261,450,289,0.9001428571428571,0.8088119096739788
55,247,450,303,0.9031428571428571,0.8034824487253638
56,230,446,324,0.9134285714285715,0.8112040133779264
57,217,443,340,0.9178571428571428,0.8100200874394422
58,201,441,358,0.922,0.8051828768246678
59,193,429,378,0.9247142857142857,0.8043557478790639
60,182,421,397,0.9285714285714286,0.8030410980960432
61,164,409,427,0.9322857142857143,0.7933306530867505
62,154,403,443,0.9337142857142857,0.7848246991104134
63,142,399,459,0.9367142857142857,0.7771217045864933
64,129,402,469,0.9407142857142857,0.7700769514723003
65,124,387,489,0.943,0.7703976131395486
66,113,386,501,0.9455714285714286,0.7598204155726279
67,102,380,518,0.9528571428571428,0.7698843640020111
68,93,373,534,0.9581428571428572,0.774678010161881
69,83,364,553,0.9644285714285714,0.7857937243479411
70,76,359,565,0.9648571428571429,0.7683198380566801
71,68,351,581,0.9664285714285714,0.7534044386985563
72,59,344,597,0.9712857142857143,0.7570559384118706
73,55,340,605,0.9721428571428572,0.7467465867465866
74,51,333,616,0.9751428571428571,0.756324068088774
75,45,326,629,0.978,0.7563451363451362
76,42,312,646,0.9805714285714285,0.769440083725798
77,40,301,659,0.9821428571428571,0.7774358974358975
78,36,290,674,0.983,0.7646723646723648
79,32,283,685,0.9845714285714285,0.7598099816849817
80,28,275,697,0.9864285714285714,0.7588304552590267
81,24,271,705,0.9877142857142858,0.7456196581196582
82,21,265,714,0.99,0.7634746206174777
83,20,260,720,0.9901428571428571,0.7552197802197802
84,18,252,730,0.9912857142857143,0.7590557590557591
85,17,245,738,0.9921428571428571,0.7700926524455936
86,17,238,745,0.9931428571428571,0.798664081017022
87,17,227,756,0.9932857142857143,0.8031889678948502
88,17,217,766,0.9937142857142857,0.8155138978668389
89,14,214,772,0.9951428571428571,0.8270015698587126
90,14,202,784,0.9952857142857143,0.8321036106750392
91,13,190,797,0.9954285714285714,0.8239504085657932
92,10,184,806,0.997,0.8483516483516483
93,9,171,820,0.9978571428571429,0.8809523809523809
94,9,166,825,0.9978571428571429,0.8809523809523809
95,9,163,828,0.9978571428571429,0.8809523809523809
96,9,156,835,0.998,0.8888888888888888
97,9,152,839,0.9981428571428571,0.8968253968253967
98,8,148,844,0.998,0.875
99,8,139,853,0.998,0.875
100,7,137,856,0.9981428571428571,0.8673469387755103
101,6,132,862,0.9984285714285714,0.8690476190476191
102,6,123,871,0.9984285714285714,0.8690476190476191
103,6,119,875,0.9985714285714286,0.8809523809523809
104,5,115,880,0.9991428571428571,0.9142857142857143
105,4,112,884,0.9992857142857143,0.9107142857142857
106,3,104,893,0.9994285714285714,0.9047619047619048
107,3,100,897,0.9994285714285714,0.9047619047619048
108,3,96,901,0.9994285714285714,0.9047619047619048
109,3,89,908,0.9995714285714286,0.9285714285714285
110,3,83,914,0.9995714285714286,0.9285714285714285
111,3,78,919,0.9995714285714286,0.9285714285714285
112,3,76,921,0.9995714285714286,0.9285714285714285
113,3,74,923,0.9995714285714286,0.9285714285714285
114,3,70,927,0.9995714285714286,0.9285714285714285
115,3,67,930,0.9995714285714286,0.9285714285714285
116,3,64,933,0.9995714285714286,0.9285714285714285
117,3,61,936,0.9995714285714286,0.9285714285714285
118,3,59,938,0.9995714285714286,0.9285714285714285
119,3,58,939,0.9995714285714286,0.9285714285714285
120,3,56,941,0.9995714285714286,0.9285714285714285
121,3,54,943,0.9997142857142857,0.9523809523809524
122,3,52,945,0.9997142857142857,0.9523809523809524
123,3,50,947,0.9997142857142857,0.9523809523809524
124,3,50,947,0.9997142857142857,0.9523809523809524
125,3,48,949,0.9997142857142857,0.9523809523809524
126,3,47,950,0.9997142857142857,0.9523809523809524
127,3,45,952,0.9997142857142857,0.9523809523809524
128,3,43,954,0.9997142857142857,0.9523809523809524
129,3,41,956,0.9997142857142857,0.9523809523809524
130,3,40,957,0.9997142857142857,0.9523809523809524
131,3,40,957,0.9997142857142857,0.9523809523809524
132,2,40,958,1.0,1.0
133,2,40,958,1.0,1.0
134,2,38,960,1.0,1.0
135,2,35,963,1.0,1.0
136,2,33,965,1.0,1.0
137,2,33,965,1.0,1.0
138,2,31,967,1.0,1.0
139,2,29,969,1.0,1.0
140,2,27,971,1.0,1.0
141,2,25,973,1.0,1.0
142,2,24,974,1.0,1.0
143,2,24,974,1.0,1.0
144,2,23,975,1.0,1.0
145,2,23,975,1.0,1.0
146,2,23,975,1.0,1.0
147,2,23,975,1.0,1.0
148,2,23,975,1.0,1.0
149,2,23,975,1.0,1.0
150,2,20,978,1.0,1.0
151,2,20,978,1.0,1.0
152,2,20,978,1.0,1.0
153,2,20,978,1.0,1.0
154,2,20,978,1.0,1.0
155,2,20,978,1.0,1.0
156,2,20,978,1.0,1.0
157,2,20,978,1.0,1.0
158,2,19,979,1.0,1.0
159,2,19,979,1.0,1.0
160,2,19,979,1.0,1.0
161,2,19,979,1.0,1.0
162,2,18,980,1.0,1.0
163,2,18,980,1.0,1.0
164,2,16,982,1.0,1.0
165,2,16,982,1.0,1.0
166,2,16,982,1.0,1.0
167,2,14,984,1.0,1.0
168,2,14,984,1.0,1.0
169,2,12,986,1.0,1.0
170,2,12,986,1.0,1.0
171,2,12,986,1.0,1.0
172,2,12,986,1.0,1.0
173,2,11,987,1.0,1.0
174,2,10,988,1.0,1.0
175,2,9,989,1.0,1.0
176,2,9,989,1.0,1.0
177,2,9,989,1.0,1.0
178,2,8,990,1.0,1.0
179,2,7,991,1.0,1.0
180,2,7,991,1.0,1.0
181,2,7,991,1.0,1.0
182,2,7,991,1.0,1.0
183,2,7,991,1.0,1.0
184,2,7,991,1.0,1.0
185,2,7,991,1.0,1.0
186,2,6,992,1.0,1.0
187,2,6,992,1.0,1.0
188,2,6,992,1.0,1.0
189,2,6,992,1.0,1.0
190,2,6,992,1.0,1.0
191,2,6,992,1.0,1.0
192,2,5,993,1.0,1.0
193,2,5,993,1.0,1.0
194,2,5,993,1.0,1.0
195,2,4,994,1.0,1.0
196,2,4,994,1.0,1.0
197,2,4,994,1.0,1.0
198,2,3,995,1.0,1.0
199,2,3,995,1.0,1.0
200,2,3,995,1.0,1.0
1,998,2,0,0.9988571428571429,0.9994314636599206
2,997,2,1,0.9991428571428571,0.9995694041832457
3,997,2,1,0.9991428571428571,0.9995694041832457
4,997,2,1,0.9991428571428571,0.9995694041832457
5,997,2,1,0.9991428571428571,0.9995694041832457
6,997,2,1,0.9991428571428571,0.9995694041832457
7,996,3,1,0.998,0.9989889962781529
8,996,3,1,0.998,0.9989889962781529
9,996,3,1,0.998,0.9989889962781529
10,994,5,1,0.9968571428571429,0.9984161378527575
11,992,7,1,0.9945714285714286,0.9972689944464138
12,991,6,3,0.9961428571428571,0.9980509567795138
13,989,8,3,0.995,0.9974781201272607
14,987,9,4,0.9947142857142857,0.9973282711884535
15,986,10,4,0.9947142857142857,0.9973255615243445
16,984,12,4,0.9928571428571429,0.996380550343965
17,983,13,4,0.9911428571428571,0.995502666204599
18,980,16,4,0.99,0.9949136577708007
19,977,18,5,0.9887142857142858,0.9942117418575965
20,975,19,6,0.9884285714285714,0.9940638677561754
21,970,23,7,0.9881428571428571,0.993888448321438
22,965,25,10,0.9881428571428571,0.993864184175065
23,960,30,10,0.987,0.9931768925518926
24,957,33,10,0.9854285714285714,0.9923337199199268
25,954,36,10,0.9835714285714285,0.9913280116110305
26,950,38,12,0.9845714285714285,0.9918571428571429
27,944,44,12,0.9805714285714285,0.989703622648538
28,936,52,12,0.974,0.986109902540898
29,928,56,16,0.9731428571428572,0.9854612352235324
30,917,63,20,0.9678571428571429,0.9824095933147187
31,907,71,22,0.9627142857142857,0.9793696564369111
32,897,76,27,0.9608571428571429,0.9781118175767005
33,887,85,28,0.9581428571428572,0.9763725939599672
34,873,92,35,0.958,0.9758235464421031
35,861,98,41,0.9571428571428572,0.9749482031711997
36,850,103,47,0.9564285714285714,0.9742658909717733
37,844,104,52,0.956,0.9738438102182178
38,828,117,55,0.947,0.9679420820725168
39,819,120,61,0.9494285714285714,0.9689908178919169
40,798,139,63,0.9385714285714286,0.9613105566113085
41,777,151,72,0.9304285714285714,0.9551468265753978
42,756,171,73,0.9211428571428572,0.9477316995174138
43,725,193,82,0.9145714285714286,0.940942718201339
44,697,211,92,0.9078571428571428,0.9335872998355065
45,674,222,104,0.9014285714285715,0.9264677829588809
46,654,229,117,0.899,0.9223191882022157
47,632,242,126,0.8898571428571429,0.912390457643622
48,605,256,139,0.8877142857142857,0.9067695940423213
49,586,261,153,0.891,0.9064007238495293
50,557,280,163,0.8861428571428571,0.8973200722078639
51,528,294,178,0.8838571428571429,0.889576309107559
52,492,321,187,0.8788571428571429,0.8762882865779207
53,466,330,204,0.8757142857142857,0.8660808900978682
54,437,348,215,0.8765714285714286,0.8584573153323996
55,408,354,238,0.8842857142857142,0.8576682124584374
56,387,358,255,0.8837142857142857,0.8492608432758911
57,364,362,274,0.8841428571428571,0.8404868308270054
58,345,366,289,0.8868571428571429,0.8357090550824566
59,317,375,308,0.8845714285714286,0.8173857749845874
60,288,390,322,0.8845714285714286,0.7991639283918696
61,270,391,339,0.889,0.7936481601187483
62,252,389,359,0.892,0.7848241860846903
63,231,392,377,0.895,0.7720423367482191
64,212,396,392,0.9001428571428571,0.763897917657629
65,201,386,413,0.9064285714285715,0.7668389897099291
66,186,376,438,0.9142857142857143,0.7692486092865598
67,172,380,448,0.9168571428571428,0.7576847912689225
68,158,373,469,0.9231428571428572,0.7560253410030028
69,150,364,486,0.9302857142857143,0.7669669611434317
70,140,360,500,0.9338571428571428,0.7627709545356604
71,127,362,511,0.9384285714285714,0.7566642404993491
72,115,366,519,0.942,0.7467254995643742
73,100,369,531,0.945,0.723379013143719
74,89,366,545,0.9481428571428572,0.7065707700539162
75,83,349,568,0.9547142857142857,0.726051458581579
76,78,345,577,0.9572857142857143,0.7246689208227668
77,66,349,585,0.9627142857142857,0.7164335664335664
78,56,343,601,0.9662857142857143,0.6982012035583464
79,55,332,613,0.9672857142857143,0.7018048618048618
80,53,319,628,0.97,0.716289999308867
81,46,313,641,0.9734285714285714,0.7107103041885651
82,41,300,659,0.9761428571428571,0.707451085499866
83,38,288,674,0.9784285714285714,0.7142375168690959
84,34,282,684,0.9815714285714285,0.7266968325791856
85,30,273,697,0.984,0.7312820512820511
86,30,264,706,0.9841428571428571,0.7336630036630036
87,27,260,713,0.9858571428571429,0.7360195360195361
88,25,253,722,0.9874285714285714,0.7472087912087914
89,23,243,734,0.9892857142857143,0.7670329670329671
90,19,240,741,0.9915714285714285,0.7773857721226143
91,18,230,752,0.9921428571428571,0.7806267806267807
92,18,226,756,0.9922857142857143,0.7845950345950345
93,15,224,761,0.994,0.8000732600732602
94,15,222,763,0.9941428571428571,0.8052014652014653
95,15,216,769,0.9944285714285714,0.8147252747252748
96,15,201,784,0.9948571428571429,0.8293772893772894
97,14,200,786,0.9951428571428571,0.8273940345368916
98,13,192,795,0.996,0.8475063398140321
99,11,189,800,0.9967142857142857,0.8522477522477523
100,11,182,807,0.9968571428571429,0.8587412587412587
101,10,176,814,0.9971428571428571,0.8589010989010989
102,10,169,821,0.9971428571428571,0.8589010989010989
103,9,164,827,0.9977142857142857,0.8738298738298739
104,9,160,831,0.9978571428571429,0.8812372812372813
105,8,157,835,0.9984285714285714,0.8997252747252746
106,8,150,842,0.9984285714285714,0.8997252747252746
107,8,146,846,0.9985714285714286,0.9086538461538461
108,7,145,848,0.9988571428571429,0.9160125588697018
109,6,140,854,0.999,0.9148351648351648
110,6,133,861,0.999,0.9148351648351648
111,6,130,864,0.999,0.9148351648351648
112,6,118,876,0.9991428571428571,0.9267399267399267
113,5,115,880,0.9995714285714286,0.9549450549450549
114,5,111,884,0.9995714285714286,0.9549450549450549
115,5,105,890,0.9995714285714286,0.9549450549450549
116,5,99,896,0.9995714285714286,0.9549450549450549
117,5,97,898,0.9997142857142857,0.9692307692307693
118,5,89,906,0.9997142857142857,0.9692307692307693
119,5,85,910,0.9997142857142857,0.9692307692307693
120,5,82,913,0.9997142857142857,0.9692307692307693
121,5,76,919,0.9997142857142857,0.9692307692307693
122,5,73,922,0.9997142857142857,0.9692307692307693
123,5,71,924,0.9997142857142857,0.9692307692307693
124,5,68,927,0.9997142857142857,0.9692307692307693
125,5,65,930,0.9997142857142857,0.9692307692307693
126,5,64,931,0.9997142857142857,0.9692307692307693
127,5,62,933,0.9997142857142857,0.9692307692307693
128,5,59,936,0.9997142857142857,0.9692307692307693
129,5,52,943,0.9997142857142857,0.9692307692307693
130,5,49,946,0.9997142857142857,0.9692307692307693
131,5,47,948,0.9997142857142857,0.9692307692307693
132,4,45,951,1.0,1.0
133,4,44,952,1.0,1.0
134,4,44,952,1.0,1.0
135,4,43,953,1.0,1.0
136,4,42,954,1.0,1.0
137,4,42,954,1.0,1.0
138,4,42,954,1.0,1.0
139,4,39,957,1.0,1.0
140,4,38,958,1.0,1.0
141,4,36,960,1.0,1.0
142,4,34,962,1.0,1.0
143,4,33,963,1.0,1.0
144,4,33,963,1.0,1.0
145,4,33,963,1.0,1.0
146,4,29,967,1.0,1.0
147,4,28,968,1.0,1.0
148,4,28,968,1.0,1.0
149,4,25,971,1.0,1.0
150,4,24,972,1.0,1.0
151,4,22,974,1.0,1.0
152,4,20,976,1.0,1.0
153,4,20,976,1.0,1.0
154,4,19,977,1.0,1.0
155,4,18,978,1.0,1.0
156,4,15,981,1.0,1.0
157,4,15,981,1.0,1.0
158,4,14,982,1.0,1.0
159,4,14,982,1.0,1.0
160,4,14,982,1.0,1.0
161,4,13,983,1.0,1.0
162,4,13,983,1.0,1.0
163,4,11,985,1.0,1.0
164,4,10,986,1.0,1.0
165,4,10,986,1.0,1.0
166,4,10,986,1.0,1.0
167,4,10,986,1.0,1.0
168,4,10,986,1.0,1.0
169,4,10,986,1.0,1.0
170,4,10,986,1.0,1.0
171,4,10,986,1.0,1.0
172,4,10,986,1.0,1.0
173,4,10,986,1.0,1.0
174,4,10,986,1.0,1.0
175,4,10,986,1.0,1.0
176,4,10,986,1.0,1.0
177,4,9,987,1.0,1.0
178,4,9,987,1.0,1.0
179,4,8,988,1.0,1.0
180,4,7,989,1.0,1.0
181,4,7,989,1.0,1.0
182,4,6,990,1.0,1.0
183,4,5,991,1.0,1.0
184,4,5,991,1.0,1.0
185,4,4,992,1.0,1.0
186,4,3,993,1.0,1.0
187,4,3,993,1.0,1.0
188,4,3,993,1.0,1.0
189,4,3,993,1.0,1.0
190,4,3,993,1.0,1.0
191,4,3,993,1.0,1.0
192,4,3,993,1.0,1.0
193,4,3,993,1.0,1.0
194,4,3,993,1.0,1.0
195,4,3,993,1.0,1.0
196,4,3,993,1.0,1.0
197,4,3,993,1.0,1.0
198,4,3,993,1.0,1.0
199,4,3,993,1.0,1.0
200,4,3,993,1.0,1.0
1,998,2,0,0.999,0.9995037694436492
2,998,1,1,1.0,1.0
3,998,1,1,1.0,1.0
4,998,1,1,1.0,1.0
5,998,1,1,1.0,1.0
6,997,2,1,0.9991428571428571,0.999574915221856
7,996,3,1,0.998,0.9989889962781529
8,995,3,2,0.9981428571428571,0.9990597677029838
9,994,4,2,0.9971428571428571,0.9985336930004939
10,992,6,2,0.9958571428571429,0.9978882340777502
11,991,7,2,0.9954285714285714,0.997669871332838
12,988,10,2,0.9935714285714285,0.9967222049205855
13,985,13,2,0.9917142857142857,0.9957784347632064
14,980,18,2,0.9901428571428571,0.9949529042386185
15,979,19,2,0.991,0.9953799009978785
16,974,23,3,0.9884285714285714,0.9940605937525856
17,969,25,6,0.989,0.9942749029436336
18,965,27,8,0.9877142857142858,0.993617643151322
19,964,27,9,0.9862857142857143,0.9928643624701716
20,964,26,10,0.9874285714285714,0.9934521909625644
21,957,32,11,0.9831428571428571,0.9911712808264532
22,949,39,12,0.9795714285714285,0.9891439128135652
23,943,44,13,0.9767142857142858,0.9875424372375592
24,932,51,17,0.9735714285714285,0.9857281890141333
25,923,59,18,0.9694285714285714,0.9833766901210022
26,907,72,21,0.9592857142857143,0.9774309299667624
27,894,83,23,0.9574285714285714,0.9760192082339734
28,880,91,29,0.9528571428571428,0.9730449758574758
29,873,94,33,0.9527142857142857,0.9727671622001518
30,867,97,36,0.95,0.97099377458374
31,854,104,42,0.9487142857142857,0.9698618224086609
32,840,116,44,0.9437142857142857,0.966284558695273
33,818,134,48,0.9351428571428572,0.9601875050377496
34,797,149,54,0.9281428571428572,0.9547529425823027
35,778,159,63,0.9265714285714286,0.9525485238588218
36,762,167,71,0.9262857142857143,0.9513942544512253
37,744,174,82,0.928,0.9513986306888346
38,731,181,88,0.93,0.9518602521509498
39,716,190,94,0.9254285714285714,0.947657417070825
40,699,198,103,0.9187142857142857,0.94174592693906
41,679,207,114,0.9164285714285715,0.9383131841158351
42,662,213,125,0.9168571428571428,0.9370411562254463
43,636,231,133,0.9074285714285715,0.9272544818604754
44,613,243,144,0.9012857142857142,0.9193760714224202
45,587,260,153,0.8984285714285715,0.9134954925490051
46,563,270,167,0.8978571428571429,0.9092600060928867
47,537,283,180,0.888,0.8956764699863615
48,514,287,199,0.8864285714285715,0.8894176691927894
49,485,304,211,0.8805714285714286,0.8767340068461961
50,454,326,220,0.8677142857142857,0.8540533071920737
51,434,328,238,0.872,0.852324192704377
52,401,350,249,0.8647142857142858,0.8308813588738777
53,378,367,255,0.8622857142857143,0.8176432253813206
54,349,381,270,0.858,0.7964915457035802
55,320,385,295,0.8661428571428571,0.790843778617216
56,303,381,316,0.8747142857142857,0.7934968084720561
57,275,392,333,0.8758571428571429,0.774562937062937
58,244,406,350,0.8777142857142857,0.7496117441301868
59,227,405,368,0.8838571428571429,0.7446819883493893
60,205,407,388,0.8924285714285715,0.7378522290717411
61,191,400,409,0.9004285714285715,0.7394041386187982
62,171,401,428,0.907,0.7278998778998779
63,150,401,449,0.9152857142857143,0.7171428571428572
64,135,404,461,0.9208571428571428,0.7066503866503866
65,114,412,474,0.9284285714285714,0.6856821541032068
66,102,404,494,0.9378571428571428,0.6951985922574159
67,90,405,505,0.9432857142857143,0.6848799348799349
68,85,393,522,0.9475714285714286,0.6915406162464984
69,73,388,539,0.954,0.6854533594259621
70,63,377,560,0.9627142857142857,0.7049712192569334
71,61,367,572,0.965,0.7138773794511498
72,55,356,589,0.9695714285714285,0.7243489843489844
73,50,340,610,0.9742857142857143,0.7438315018315018
74,46,333,621,0.9762857142857143,0.7430004777830864
75,39,333,628,0.9794285714285714,0.7365548980933598
76,32,326,642,0.9822857142857143,0.7240842490842491
77,31,316,653,0.9834285714285714,0.7333097010516367
78,30,297,673,0.9848571428571429,0.7475946275946277
79,26,290,684,0.9865714285714285,0.742124542124542
80,21,286,693,0.9895714285714285,0.7512471655328798
81,18,278,704,0.9915714285714285,0.765120065120065
82,13,268,719,0.994,0.7703578472809242
83,13,261,726,0.9944285714285714,0.7864750633981404
84,12,249,739,0.9955714285714286,0.8163003663003664
85,12,239,749,0.9957142857142857,0.8222527472527474
86,11,232,757,0.9962857142857143,0.8320679320679322
87,10,227,763,0.997,0.8537362637362638
88,9,222,769,0.9977142857142857,0.8771672771672772
89,8,214,778,0.9981428571428571,0.8868131868131868
90,8,202,790,0.9982857142857143,0.8964285714285715
91,8,194,798,0.9982857142857143,0.8964285714285715
92,8,182,810,0.9984285714285714,0.9047619047619048
93,8,173,819,0.9985714285714286,0.9130952380952382
94,7,170,823,0.9988571428571429,0.9197278911564625
95,7,165,828,0.9988571428571429,0.9197278911564625
96,7,160,833,0.9988571428571429,0.9197278911564625
97,6,159,835,0.9992857142857143,0.9404761904761904
98,6,155,839,0.9992857142857143,0.9404761904761904
99,4,146,850,0.9995714285714286,0.9464285714285715
100,4,137,859,0.9995714285714286,0.9464285714285715
101,4,132,864,0.9997142857142857,0.9642857142857144
102,4,125,871,0.9998571428571429,0.9821428571428572
103,4,120,876,1.0,1.0
104,4,116,880,1.0,1.0
105,4,105,891,1.0,1.0
106,4,93,903,1.0,1.0
107,4,89,907,1.0,1.0
108,4,84,912,1.0,1.0
109,4,82,914,1.0,1.0
110,4,76,920,1.0,1.0
111,4,74,922,1.0,1.0
112,4,72,924,1.0,1.0
113,4,66,930,1.0,1.0
114,4,63,933,1.0,1.0
115,4,60,936,1.0,1.0
116,4,60,936,1.0,1.0
117,4,56,940,1.0,1.0
118,3,55,942,1.0,1.0
119,3,54,943,1.0,1.0
120,3,54,943,1.0,1.0
121,3,53,944,1.0,1.0
122,3,50,947,1.0,1.0
123,3,48,949,1.0,1.0
124,3,47,950,1.0,1.0
125,3,43,954,1.0,1.0
126,3,39,958,1.0,1.0
127,3,38,959,1.0,1.0
128,3,34,963,1.0,1.0
129,3,34,963,1.0,1.0
130,3,33,964,1.0,1.0
131,3,33,964,1.0,1.0
132,3,33,964,1.0,1.0
133,3,33,964,1.0,1.0
134,3,33,964,1.0,1.0
135,3,30,967,1.0,1.0
136,3,30,967,1.0,1.0
137,3,28,969,1.0,1.0
138,3,27,970,1.0,1.0
139,3,27,970,1.0,1.0
140,3,27,970,1.0,1.0
141,3,27,970,1.0,1.0
142,3,26,971,1.0,1.0
143,3,25,972,1.0,1.0
144,3,24,973,1.0,1.0
145,3,24,973,1.0,1.0
146,3,24,973,1.0,1.0
147,3,22,975,1.0,1.0
148,3,20,977,1.0,1.0
149,3,19,978,1.0,1.0
150,3,16,981,1.0,1.0
151,3,15,982,1.0,1.0
152,3,14,983,1.0,1.0
153,3,14,983,1.0,1.0
154,3,13,984,1.0,1.0
155,3,13,984,1.0,1.0
156,3,12,985,1.0,1.0
157,3,11,986,1.0,1.0
158,3,11,986,1.0,1.0
159,3,11,986,1.0,1.0
160,3,11,986,1.0,1.0
161,3,11,986,1.0,1.0
162,3,11,986,1.0,1.0
163,3,9,988,1.0,1.0
164,3,8,989,1.0,1.0
165,3,8,989,1.0,1.0
166,3,8,989,1.0,1.0
167,3,8,989,1.0,1.0
168,3,7,990,1.0,1.0
169,3,7,990,1.0,1.0
170,3,7,990,1.0,1.0
171,3,7,990,1.0,1.0
172,3,6,991,1.0,1.0
173,3,5,992,1.0,1.0
174,3,5,992,1.0,1.0
175,3,5,992,1.0,1.0
176,3,5,992,1.0,1.0
177,3,5,992,1.0,1.0
178,3,5,992,1.0,1.0
179,3,5,992,1.0,1.0
180,3,5,992,1.0,1.0
181,3,5,992,1.0,1.0
182,3,5,992,1.0,1.0
183,3,5,992,1.0,1.0
184,3,5,992,1.0,1.0
185,3,5,992,1.0,1.0
186,3,5,992,1.0,1.0
187,3,5,992,1.0,1.0
188,3,5,992,1.0,1.0
189,3,5,992,1.0,1.0
190,3,5,992,1.0,1.0
191,3,5,992,1.0,1.0
192,3,5,992,1.0,1.0
193,3,5,992,1.0,1.0
194,3,5,992,1.0,1.0
195,3,5,992,1.0,1.0
196,3,5,992,1.0,1.0
197,3,5,992,1.0,1.0
198,3,5,992,1.0,1.0
199,3,5,992,1.0,1.0
200,3,5,992,1.0,1.0
1,999,1,0,1.0,1.0
2,996,4,0,0.9968571428571429,0.9984454300719361
3,995,5,0,0.9958571428571429,0.9979255250612035
4,993,7,0,0.995,0.9974993452334842
5,992,8,0,0.9942857142857143,0.9971305240458467
6,990,9,1,0.9934285714285714,0.9966751766751767
7,988,11,1,0.9921428571428571,0.9960281621212795
8,986,12,2,0.9914285714285714,0.995663464324722
9,984,14,2,0.9904285714285714,0.9951457756335805
10,982,15,3,0.9907142857142858,0.9952869601545772
11,980,15,5,0.9912857142857143,0.9955744935336771
12,979,16,5,0.9915714285714285,0.995715894592299
13,973,21,6,0.991,0.9954041162674256
14,972,21,7,0.991,0.9954050407754111
15,969,22,9,0.9892857142857143,0.9945094637045101
16,967,24,9,0.9878571428571429,0.9937742195756675
17,959,31,10,0.9855714285714285,0.99248110249153
18,956,34,10,0.9848571428571429,0.9920689840145908
19,952,38,10,0.9815714285714285,0.9903068919875643
20,948,40,12,0.9808571428571429,0.9898842367196797
21,945,41,14,0.9818571428571429,0.9903726960869819
22,938,48,14,0.9811428571428571,0.9898841741059226
23,928,54,18,0.9767142857142858,0.9873875047366427
24,923,57,20,0.975,0.9864052163077082
25,920,57,23,0.9768571428571429,0.9873813505335245
26,912,62,26,0.9761428571428571,0.9868824705995758
27,899,74,27,0.9681428571428572,0.9822782334461979
28,890,81,29,0.964,0.9797676153434581
29,881,87,32,0.9575714285714285,0.9758872701267707
30,867,99,34,0.952,0.9723389355742297
31,853,112,35,0.945,0.9677796314666187
32,841,120,39,0.9414285714285714,0.9652770337074736
33,826,131,43,0.9375714285714286,0.9622414611216065
34,809,137,54,0.9372857142857143,0.9612787346563613
35,785,155,60,0.9294285714285714,0.9549883927113226
36,759,175,66,0.9221428571428572,0.9487239210065298
37,735,189,76,0.9168571428571428,0.9434059704467869
38,709,204,87,0.914,0.939191685136678
39,684,220,96,0.9085714285714286,0.9329974241158452
40,668,223,109,0.9081428571428571,0.9311123631857166
41,643,236,121,0.9031428571428571,0.9245877696694184
42,611,261,128,0.8954285714285715,0.9144068593067342
43,590,268,142,0.8945714285714286,0.9104767017628435
44,567,281,152,0.887,0.9002198932754487
45,548,283,169,0.885,0.8948917052784056
46,528,285,187,0.8887142857142857,0.8943499464179612
47,504,294,202,0.8884285714285715,0.8892557610651098
48,472,310,218,0.8874285714285715,0.8804962116854564
49,448,322,230,0.8844285714285715,0.8708611930349063
50,416,342,242,0.8782857142857143,0.8536856190331162
51,401,343,256,0.8802857142857143,0.8506819906170793
52,379,349,272,0.888,0.8523001010836646
53,349,365,286,0.8918571428571429,0.844801342401629
54,337,370,293,0.895,0.8440557711329224
55,320,373,307,0.8937142857142857,0.8338344207875459
56,301,372,327,0.9004285714285715,0.8344681343020213
57,281,376,343,0.903,0.8271981280878077
58,261,376,363,0.9084285714285715,0.8245884383815419
59,246,375,379,0.9161428571428571,0.8293367878733732
60,225,386,389,0.9182857142857143,0.8183817663817664
61,204,391,405,0.9204285714285714,0.804991740285858
62,184,401,415,0.9198571428571428,0.7818432473323778
63,169,399,432,0.9241428571428572,0.7750558120380605
64,153,404,443,0.9262857142857143,0.758612846848141
65,140,403,457,0.9295714285714286,0.7486237571951858
66,131,392,477,0.9307142857142857,0.7355045717641138
67,117,388,495,0.9345714285714286,0.7206192667731127
68,103,385,512,0.9395714285714286,0.7084000142252569
69,94,378,528,0.9444285714285714,0.7064726054087755
70,87,372,541,0.9454285714285714,0.6885099574754746
71,78,365,557,0.9511428571428572,0.688304217150371
72,70,363,567,0.9547142857142857,0.6781920460491889
73,64,355,581,0.9581428571428572,0.6744362408424909
74,54,349,597,0.9661428571428572,0.6882003798670463
75,44,346,610,0.9725714285714285,0.6883325008325009
76,37,339,624,0.9765714285714285,0.6844173844173844
77,36,326,638,0.9791428571428571,0.710968660968661
78,33,315,652,0.9815714285714285,0.7230991230991233
79,29,302,669,0.9837142857142858,0.7205633447012757
80,27,288,685,0.986,0.7423958757292091
81,25,283,692,0.9865714285714285,0.7334358974358974
82,25,270,705,0.9872857142857143,0.7475311355311355
83,22,266,712,0.9891428571428571,0.754012654012654
84,20,257,723,0.9915714285714285,0.7898901098901099
85,19,248,733,0.9925714285714285,0.8046462309620204
86,19,231,750,0.9934285714285714,0.8269519953730481
87,17,229,754,0.9947142857142857,0.8444085326438268
88,14,222,764,0.9965714285714286,0.8773940345368919
89,14,213,773,0.9968571428571429,0.8875981161695449
90,13,199,788,0.9972857142857143,0.8954353338968725
91,13,192,795,0.9974285714285714,0.9009298393913779
92,13,186,801,0.9977142857142857,0.911918850380389
93,13,177,810,0.998,0.9233305156382081
94,12,172,816,0.9981428571428571,0.9224969474969477
95,11,169,820,0.9987142857142857,0.9424242424242425
96,9,168,823,0.9987142857142857,0.9296296296296297
97,9,161,830,0.999,0.9455026455026455
98,9,157,834,0.999,0.9455026455026455
99,9,150,841,0.9991428571428571,0.9534391534391534
100,9,145,846,0.9991428571428571,0.9534391534391534
101,9,140,851,0.9991428571428571,0.9534391534391534
102,8,139,853,0.9992857142857143,0.956547619047619
103,8,139,853,0.9992857142857143,0.956547619047619
104,8,134,858,0.9994285714285714,0.9648809523809524
105,7,129,864,0.9994285714285714,0.9598639455782313
106,7,126,867,0.9994285714285714,0.9598639455782313
107,7,119,874,0.9994285714285714,0.9598639455782313
108,7,113,880,0.9995714285714286,0.9700680272108845
109,7,106,887,0.9995714285714286,0.9700680272108845
110,7,105,888,0.9995714285714286,0.9700680272108845
111,6,101,893,0.9997142857142857,0.9769841269841271
112,5,97,898,0.9997142857142857,0.9723809523809525
113,5,96,899,0.9997142857142857,0.9723809523809525
114,5,94,901,0.9997142857142857,0.9723809523809525
115,5,92,903,0.9997142857142857,0.9723809523809525
116,5,88,907,0.9998571428571429,0.9866666666666667
117,4,85,911,0.9998571428571429,0.9833333333333334
118,4,85,911,0.9998571428571429,0.9833333333333334
119,4,82,914,0.9998571428571429,0.9833333333333334
120,4,80,916,0.9998571428571429,0.9833333333333334
121,4,78,918,0.9998571428571429,0.9833333333333334
122,4,75,921,0.9998571428571429,0.9833333333333334
123,4,74,922,0.9998571428571429,0.9833333333333334
124,4,73,923,0.9998571428571429,0.9833333333333334
125,4,69,927,1.0,1.0
126,4,67,929,1.0,1.0
127,4,66,930,1.0,1.0
128,4,64,932,1.0,1.0
129,4,59,937,1.0,1.0
130,4,57,939,1.0,1.0
131,4,55,941,1.0,1.0
132,4,52,944,1.0,1.0
133,4,50,946,1.0,1.0
134,4,46,950,1.0,1.0
135,4,43,953,1.0,1.0
136,3,42,955,1.0,1.0
137,3,39,958,1.0,1.0
138,3,35,962,1.0,1.0
139,3,33,964,1.0,1.0
140,3,32,965,1.0,1.0
141,3,31,966,1.0,1.0
142,3,29,968,1.0,1.0
143,3,27,970,1.0,1.0
144,3,27,970,1.0,1.0
145,3,26,971,1.0,1.0
146,3,25,972,1.0,1.0
147,3,24,973,1.0,1.0
148,3,24,973,1.0,1.0
149,3,24,973,1.0,1.0
150,3,23,974,1.0,1.0
151,3,22,975,1.0,1.0
152,3,22,975,1.0,1.0
153,3,21,976,1.0,1.0
154,3,20,977,1.0,1.0
155,3,19,978,1.0,1.0
156,3,17,980,1.0,1.0
157,3,17,980,1.0,1.0
158,3,16,981,1.0,1.0
159,3,15,982,1.0,1.0
160,3,14,983,1.0,1.0
161,3,14,983,1.0,1.0
162,3,11,986,1.0,1.0
163,3,10,987,1.0,1.0
164,3,10,987,1.0,1.0
165,3,10,987,1.0,1.0
166,3,10,987,1.0,1.0
167,3,10,987,1.0,1.0
168,3,10,987,1.0,1.0
169,3,7,990,1.0,1.0
170,3,7,990,1.0,1.0
171,3,7,990,1.0,1.0
172,3,7,990,1.0,1.0
173,3,7,990,1.0,1.0
174,3,7,990,1.0,1.0
175,3,7,990,1.0,1.0
176,3,7,990,1.0,1.0
177,3,6,991,1.0,1.0
178,3,6,991,1.0,1.0
179,3,5,992,1.0,1.0
180,3,5,992,1.0,1.0
181,3,5,992,1.0,1.0
182,3,5,992,1.0,1.0
183,3,5,992,1.0,1.0
184,3,5,992,1.0,1.0
185,3,4,993,1.0,1.0
186,3,4,993,1.0,1.0
187,3,4,993,1.0,1.0
188,3,3,994,1.0,1.0
189,3,3,994,1.0,1.0
190,3,3,994,1.0,1.0
191,3,3,994,1.0,1.0
192,3,2,995,1.0,1.0
193,3,2,995,1.0,1.0
194,3,2,995,1.0,1.0
195,3,2,995,1.0,1.0
196,3,2,995,1.0,1.0
197,3,2,995,1.0,1.0
198,3,2,995,1.0,1.0
199,3,2,995,1.0,1.0
200,3,1,996,1.0,1.0
1,999,1,0,1.0,1.0
2,999,1,0,1.0,1.0
3,998,2,0,0.9991428571428571,0.9995650641943227
4,998,2,0,0.9991428571428571,0.9995650641943227
5,996,4,0,0.9967142857142857,0.9983429597510923
6,994,6,0,0.9958571428571429,0.9979187856074174
7,990,10,0,0.9918571428571429,0.9958921633921635
8,989,11,0,0.991,0.9954546717185746
9,988,12,0,0.9905714285714285,0.9952276215687146
10,987,13,0,0.99,0.9949367881358763
11,984,15,1,0.989,0.9943927007951399
12,979,18,3,0.9891428571428571,0.9944379122749909
13,978,19,3,0.989,0.994364058742893
14,976,20,4,0.987,0.9933247294031106
15,971,24,5,0.9865714285714285,0.9930597680726415
16,965,26,9,0.9888571428571429,0.994198884017537
17,962,28,10,0.9894285714285714,0.99446541850388
18,960,29,11,0.9885714285714285,0.9940066964285715
19,958,31,11,0.9887142857142858,0.9941060244557113
20,950,38,12,0.9835714285714285,0.9913890977443609
21,945,40,15,0.9828571428571429,0.9909619745334031
22,940,44,16,0.98,0.9894009625126645
23,935,48,17,0.9777142857142858,0.9881000372176842
24,930,50,20,0.9774285714285714,0.9879000256016386
25,925,50,25,0.9787142857142858,0.9885373230373231
26,919,54,27,0.9758571428571429,0.986882490922208
27,912,60,28,0.9725714285714285,0.9849746059861192
28,898,69,33,0.9684285714285714,0.9824022349217226
29,876,85,39,0.9611428571428572,0.9778628715272552
30,867,90,43,0.9614285714285714,0.9777794677448657
31,855,100,45,0.9561428571428572,0.9744223807381702
32,845,99,56,0.9571428571428572,0.974681275332163
33,831,106,63,0.9575714285714285,0.9744859232223853
34,822,110,68,0.9537142857142857,0.9718779800896591
35,806,124,70,0.9462857142857143,0.9666998995628029
36,787,134,79,0.943,0.9637958980875119
37,770,146,84,0.9364285714285714,0.9585840944769516
38,750,162,88,0.9287142857142857,0.9522945054945054
39,719,181,100,0.9262857142857143,0.9485596982989195
40,697,193,110,0.9187142857142857,0.9415206983356194
41,671,212,117,0.9072857142857143,0.9306531583170927
42,642,227,131,0.9031428571428571,0.9242363246520751
43,613,250,137,0.891,0.910881974197635
44,574,277,149,0.8804285714285714,0.8958007077127286
45,530,309,161,0.8724285714285714,0.8797018880120989
46,502,329,169,0.8692857142857143,0.8698241455638338
47,476,343,181,0.8638571428571429,0.856706970118364
48,447,356,197,0.8584285714285714,0.8413383267607508
49,423,365,212,0.859,0.8329178134246972
50,398,375,227,0.8602857142857143,0.8238627080132401
51,363,392,245,0.8557142857142858,0.800445172771376
52,338,396,266,0.856,0.7862341488712008
53,307,413,280,0.8637142857142858,0.7774370309386597
54,286,419,295,0.8628571428571429,0.7597104818258664
55,268,414,318,0.8761428571428571,0.7681105120004372
56,247,412,341,0.883,0.7624822040307869
57,228,413,359,0.8905714285714286,0.7591193528693528
58,215,410,375,0.8924285714285715,0.7490156742482323
59,200,408,392,0.8981428571428571,0.7443292124542126
60,189,407,404,0.9015714285714286,0.7384075140027521
61,177,407,416,0.9082857142857143,0.739920531445955
62,160,407,433,0.9151428571428571,0.7340796703296703
63,150,400,450,0.9204285714285714,0.7329420024420024
64,134,399,467,0.926,0.721407386146192
65,121,395,484,0.9308571428571428,0.7119777949323404
66,106,392,502,0.9364285714285714,0.6981559713871034
67,91,391,518,0.9435714285714286,0.6880439157911686
68,82,385,533,0.9508571428571428,0.6981897167872777
69,75,378,547,0.9567142857142857,0.7094249084249085
70,69,371,560,0.9611428571428572,0.716153049848702
71,60,372,568,0.9681428571428572,0.7321840659340658
72,54,366,580,0.9715714285714285,0.7342745217745217
73,48,354,598,0.976,0.7471335088522588
74,43,350,607,0.9782857142857143,0.7444224380270892
75,38,336,626,0.9827142857142858,0.7687234914208599
76,36,322,642,0.9851428571428571,0.7892488298738299
77,29,315,656,0.9882857142857143,0.7968517115068842
78,28,305,667,0.9894285714285714,0.8113782051282054
79,28,287,685,0.99,0.8212634092098379
80,28,275,697,0.9907142857142858,0.8344109759288332
81,27,261,712,0.9915714285714285,0.8443545651878986
82,23,258,719,0.9932857142857143,0.8532967032967034
83,19,252,729,0.9948571428571429,0.8628012338538653
84,17,248,735,0.9957142857142857,0.8725166989872873
85,16,242,742,0.9961428571428571,0.8786858974358974
86,14,234,752,0.9968571428571429,0.8876504447933022
87,12,225,763,0.9972857142857143,0.8871794871794872
88,11,213,776,0.9977142857142857,0.8964035964035965
89,10,208,782,0.9982857142857143,0.9131868131868133
90,9,202,789,0.9988571428571429,0.9352869352869353
91,8,196,796,0.9991428571428571,0.945054945054945
92,8,189,803,0.9992857142857143,0.9539835164835164
93,8,179,813,0.9992857142857143,0.9539835164835164
94,8,177,815,0.9992857142857143,0.9539835164835164
95,7,173,820,0.9995714285714286,0.9693877551020408
96,6,165,829,0.9997142857142857,0.9761904761904762
97,6,158,836,0.9997142857142857,0.9761904761904762
98,6,153,841,0.9997142857142857,0.9761904761904762
99,6,148,846,0.9997142857142857,0.9761904761904762
100,6,140,854,0.9997142857142857,0.9761904761904762
101,5,133,862,0.9997142857142857,0.9714285714285715
102,4,129,867,0.9997142857142857,0.9642857142857143
103,4,123,873,0.9997142857142857,0.9642857142857143
104,4,118,878,0.9997142857142857,0.9642857142857143
105,4,109,887,0.9997142857142857,0.9642857142857143
106,3,102,895,0.9997142857142857,0.9523809523809524
107,3,98,899,0.9997142857142857,0.9523809523809524
108,3,93,904,0.9997142857142857,0.9523809523809524
109,3,90,907,0.9997142857142857,0.9523809523809524
110,3,87,910,0.9997142857142857,0.9523809523809524
111,3,82,915,0.9997142857142857,0.9523809523809524
112,3,82,915,0.9997142857142857,0.9523809523809524
113,3,79,918,0.9998571428571429,0.9761904761904763
114,3,73,924,0.9998571428571429,0.9761904761904763
115,2,71,927,1.0,1.0
116,2,65,933,1.0,1.0
117,2,64,934,1.0,1.0
118,2,64,934,1.0,1.0
119,2,58,940,1.0,1.0
120,2,57,941,1.0,1.0
121,2,53,945,1.0,1.0
122,2,50,948,1.0,1.0
123,2,48,950,1.0,1.0
124,2,45,953,1.0,1.0
125,2,44,954,1.0,1.0
126,2,44,954,1.0,1.0
127,2,42,956,1.0,1.0
128,2,42,956,1.0,1.0
129,2,41,957,1.0,1.0
130,2,40,958,1.0,1.0
131,2,39,959,1.0,1.0
132,2,38,960,1.0,1.0
133,2,36,962,1.0,1.0
134,2,35,963,1.0,1.0
135,2,34,964,1.0,1.0
136,2,33,965,1.0,1.0
137,2,32,966,1.0,1.0
138,1,33,966,1.0,1.0
139,1,33,966,1.0,1.0
140,1,33,966,1.0,1.0
141,1,31,968,1.0,1.0
142,1,30,969,1.0,1.0
143,1,28,971,1.0,1.0
144,1,26,973,1.0,1.0
145,1,26,973,1.0,1.0
146,1,21,978,1.0,1.0
147,1,19,980,1.0,1.0
148,1,18,981,1.0,1.0
149,1,18,981,1.0,1.0
150,1,17,982,1.0,1.0
151,1,17,982,1.0,1.0
152,1,16,983,1.0,1.0
153,1,14,985,1.0,1.0
154,1,14,985,1.0,1.0
155,1,14,985,1.0,1.0
156,1,14,985,1.0,1.0
157,1,12,987,1.0,1.0
158,1,12,987,1.0,1.0
159,1,11,988,1.0,1.0
160,1,10,989,1.0,1.0
161,1,10,989,1.0,1.0
162,1,8,991,1.0,1.0
163,1,8,991,1.0,1.0
164,1,8,991,1.0,1.0
165,1,8,991,1.0,1.0
166,1,8,991,1.0,1.0
167,1,8,991,1.0,1.0
168,1,8,991,1.0,1.0
169,1,8,991,1.0,1.0
170,1,7,992,1.0,1.0
171,1,6,993,1.0,1.0
172,1,6,993,1.0,1.0
173,1,6,993,1.0,1.0
174,1,6,993,1.0,1.0
175,1,6,993,1.0,1.0
176,1,6,993,1.0,1.0
177,1,6,993,1.0,1.0
178,1,6,993,1.0,1.0
179,1,6,993,1.0,1.0
180,1,6,993,1.0,1.0
181,1,6,993,1.0,1.0
182,1,6,993,1.0,1.0
183,1,6,993,1.0,1.0
184,1,6,993,1.0,1.0
185,1,6,993,1.0,1.0
186,1,4,995,1.0,1.0
187,1,4,995,1.0,1.0
188,1,4,995,1.0,1.0
189,1,4,995,1.0,1.0
190,1,4,995,1.0,1.0
191,1,4,995,1.0,1.0
192,1,3,996,1.0,1.0
193,1,3,996,1.0,1.0
194,1,3,996,1.0,1.0
195,1,3,996,1.0,1.0
196,1,3,996,1.0,1.0
197,1,3,996,1.0,1.0
198,1,2,997,1.0,1.0
199,1,1,998,1.0,1.0
200,1,1,998,1.0,1.0
1,998,2,0,0.9985714285714286,0.9992875861613336
2,997,3,0,0.9977142857142857,0.9988610520205305
3,996,4,0,0.9967142857142857,0.9983571649234301
4,992,8,0,0.9932857142857143,0.9965891970932294
5,988,11,1,0.9925714285714285,0.9962053803146921
6,987,11,2,0.9928571428571429,0.9963366252120052
7,985,12,3,0.9927142857142857,0.9962615049924695
8,981,15,4,0.9911428571428571,0.995422925698155
9,976,19,5,0.9892857142857143,0.9944296823395183
10,972,22,6,0.9871428571428571,0.9932874415989884
11,971,22,7,0.9881428571428571,0.9937890485355197
12,968,24,8,0.9875714285714285,0.9934500437174233
13,963,27,10,0.9854285714285714,0.9923083859312556
14,960,29,11,0.986,0.9925590749120161
15,954,35,11,0.9827142857142858,0.9907870647049337
16,952,35,13,0.9831428571428571,0.9910158859924061
17,948,36,16,0.9828571428571429,0.9907972828858904
18,942,42,16,0.9784285714285714,0.9884176465784746
19,938,44,18,0.9768571428571429,0.987570682693284
20,927,54,19,0.9717142857142858,0.9847017240221124
21,920,60,20,0.9677142857142857,0.982420966714445
22,910,69,21,0.9635714285714285,0.979926085818943
23,894,83,23,0.9568571428571429,0.9757736763609247
24,884,92,24,0.9535714285714286,0.9735791357963303
25,875,95,30,0.9504285714285714,0.9714574568288854
26,861,100,39,0.9527142857142857,0.9723934601983383
27,847,107,46,0.9531428571428572,0.9721927423226125
28,830,117,53,0.9507142857142857,0.970187122114833
29,821,123,56,0.9501428571428572,0.9695412991393504
30,803,136,61,0.945,0.9657488630091371
31,780,156,64,0.9337142857142857,0.9574290880060111
32,769,156,75,0.9382857142857143,0.9598846320562835
33,752,163,85,0.9391428571428572,0.9595386661211128
34,742,162,96,0.9391428571428572,0.959006200448249
35,727,172,101,0.9388571428571428,0.9579379355170277
36,705,186,109,0.9297142857142857,0.9501808120957057
37,685,196,119,0.923,0.9438266356514532
38,661,208,131,0.915,0.9356782652546647
39,631,231,138,0.9061428571428571,0.9255580130382033
40,611,243,146,0.9027142857142857,0.9203496789626084
41,584,260,156,0.8971428571428571,0.9120260518590997
42,565,267,168,0.8937142857142857,0.9059725598884891
43,539,273,188,0.8841428571428571,0.892541642031438
44,509,288,203,0.8797142857142857,0.8817516389962363
45,487,298,215,0.8758571428571429,0.8724997367451167
46,459,319,222,0.8701428571428571,0.858630004708436
47,432,331,237,0.869,0.8484452372473207
48,404,346,250,0.8698571428571429,0.8389737016284046
49,369,371,260,0.8658571428571429,0.8186428521794376
50,349,374,277,0.8771428571428571,0.8243403444692843
51,323,379,298,0.8801428571428571,0.8147536544982364
52,301,387,312,0.8834285714285715,0.8064479816971512
53,275,392,333,0.8917142857142857,0.8027592407592407
54,258,393,349,0.8948571428571429,0.7955774199960246
55,241,393,366,0.8952857142857142,0.7820465881852263
56,213,401,386,0.9001428571428571,0.7646637492122166
57,197,400,403,0.9064285714285715,0.7611011761205849
58,180,407,413,0.91,0.7488234097057627
59,164,399,437,0.9172857142857143,0.7469568033592424
60,147,400,453,0.919,0.723684931848197
61,133,400,467,0.9237142857142857,0.7118042358643861
62,120,397,483,0.9297142857142857,0.7052182539682541
63,100,401,499,0.9402857142857143,0.7008388278388279
64,91,398,511,0.9431428571428572,0.6868192247313125
65,81,395,524,0.9468571428571428,0.6712793379460046
66,71,386,543,0.9545714285714286,0.6797038642109063
67,64,378,558,0.9605714285714285,0.6921588827838828
68,62,362,576,0.9628571428571429,0.7007385088030249
69,54,359,587,0.9665714285714285,0.6907203907203906
70,48,352,600,0.9722857142857143,0.710607448107448
71,41,345,614,0.9781428571428571,0.7323952470293934
72,38,330,632,0.9814285714285714,0.7543763254289568
73,38,318,644,0.9822857142857143,0.7659678041256988
74,37,308,655,0.9834285714285714,0.7750866250866251
75,32,301,667,0.9861428571428571,0.7823546245421246
76,27,292,681,0.9894285714285714,0.8037172703839373
77,25,282,693,0.9908571428571429,0.8168058608058609
78,24,277,699,0.9917142857142857,0.8277167277167278
79,23,267,710,0.9922857142857143,0.8328555502468546
80,21,257,722,0.9924285714285714,0.8208616780045351
81,20,249,731,0.993,0.8261904761904763
82,18,244,738,0.9944285714285714,0.8462962962962962
83,16,237,747,0.9954285714285714,0.8586309523809523
84,16,225,759,0.9957142857142857,0.8675595238095237
85,15,218,767,0.996,0.8682539682539684
86,14,210,776,0.9962857142857143,0.8687074829931974
87,14,203,783,0.9965714285714286,0.8797619047619049
88,14,194,792,0.9968571428571429,0.8892857142857143
89,13,189,798,0.9975714285714286,0.9091575091575093
90,12,179,809,0.998,0.9190476190476192
91,12,172,816,0.9982857142857143,0.9309523809523811
92,12,167,821,0.9982857142857143,0.9309523809523811
93,12,163,825,0.9982857142857143,0.9309523809523811
94,11,161,828,0.9987142857142857,0.942857142857143
95,9,153,838,0.999,0.946031746031746
96,9,147,844,0.9995714285714286,0.9767195767195768
97,9,141,850,0.9995714285714286,0.9767195767195768
98,8,136,856,0.9994285714285714,0.9654761904761905
99,8,131,861,0.9994285714285714,0.9654761904761905
100,8,125,867,0.9994285714285714,0.9654761904761905
101,8,119,873,0.9994285714285714,0.9654761904761905
102,8,115,877,0.9997142857142857,0.9821428571428572
103,7,109,884,0.9997142857142857,0.9795918367346939
104,6,107,887,0.9997142857142857,0.9761904761904762
105,6,100,894,0.9997142857142857,0.9761904761904762
106,6,92,902,0.9997142857142857,0.9761904761904762
107,6,89,905,0.9997142857142857,0.9761904761904762
108,6,83,911,0.9997142857142857,0.9761904761904762
109,5,80,915,0.9997142857142857,0.9714285714285715
110,5,78,917,0.9997142857142857,0.9714285714285715
111,5,78,917,0.9997142857142857,0.9714285714285715
112,5,71,924,0.9998571428571429,0.9857142857142858
113,5,69,926,0.9998571428571429,0.9857142857142858
114,5,64,931,0.9998571428571429,0.9857142857142858
115,5,63,932,0.9998571428571429,0.9857142857142858
116,5,63,932,0.9998571428571429,0.9857142857142858
117,5,60,935,0.9998571428571429,0.9857142857142858
118,5,55,940,0.9998571428571429,0.9857142857142858
119,5,55,940,0.9998571428571429,0.9857142857142858
120,4,55,941,1.0,1.0
121,4,51,945,1.0,1.0
122,4,49,947,1.0,1.0
123,4,46,950,1.0,1.0
124,4,43,953,1.0,1.0
125,4,38,958,1.0,1.0
126,4,37,959,1.0,1.0
127,4,37,959,1.0,1.0
128,4,37,959,1.0,1.0
129,4,33,963,1.0,1.0
130,4,32,964,1.0,1.0
131,4,32,964,1.0,1.0
132,4,31,965,1.0,1.0
133,4,29,967,1.0,1.0
134,4,29,967,1.0,1.0
135,3,27,970,1.0,1.0
136,3,26,971,1.0,1.0
137,3,25,972,1.0,1.0
138,3,25,972,1.0,1.0
139,3,24,973,1.0,1.0
140,3,24,973,1.0,1.0
141,3,23,974,1.0,1.0
142,3,23,974,1.0,1.0
143,3,22,975,1.0,1.0
144,3,22,975,1.0,1.0
145,3,22,975,1.0,1.0
146,3,22,975,1.0,1.0
147,3,21,976,1.0,1.0
148,3,19,978,1.0,1.0
149,3,19,978,1.0,1.0
150,3,19,978,1.0,1.0
151,3,19,978,1.0,1.0
152,3,19,978,1.0,1.0
153,3,19,978,1.0,1.0
154,3,18,979,1.0,1.0
155,3,14,983,1.0,1.0
156,3,14,983,1.0,1.0
157,3,14,983,1.0,1.0
158,3,13,984,1.0,1.0
159,3,13,984,1.0,1.0
160,3,13,984,1.0,1.0
161,3,11,986,1.0,1.0
162,3,11,986,1.0,1.0
163,3,11,986,1.0,1.0
164,3,11,986,1.0,1.0
165,3,11,986,1.0,1.0
166,3,10,987,1.0,1.0
167,3,9,988,1.0,1.0
168,3,7,990,1.0,1.0
169,3,6,991,1.0,1.0
170,3,6,991,1.0,1.0
171,3,6,991,1.0,1.0
172,3,6,991,1.0,1.0
173,3,5,992,1.0,1.0
174,3,5,992,1.0,1.0
175,3,5,992,1.0,1.0
176,3,5,992,1.0,1.0
177,3,5,992,1.0,1.0
178,3,5,992,1.0,1.0
179,3,5,992,1.0,1.0
180,3,5,992,1.0,1.0
181,3,5,992,1.0,1.0
182,3,5,992,1.0,1.0
183,3,5,992,1.0,1.0
184,3,5,992,1.0,1.0
185,3,5,992,1.0,1.0
186,3,5,992,1.0,1.0
187,3,5,992,1.0,1.0
188,3,5,992,1.0,1.0
189,3,5,992,1.0,1.0
190,3,5,992,1.0,1.0
191,3,5,992,1.0,1.0
192,3,5,992,1.0,1.0
193,3,5,992,1.0,1.0
194,3,5,992,1.0,1.0
195,3,5,992,1.0,1.0
196,3,5,992,1.0,1.0
197,3,5,992,1.0,1.0
198,3,5,992,1.0,1.0
199,3,5,992,1.0,1.0
200,3,5,992,1.0,1.0
1,998,2,0,0.9992857142857143,0.9996469128733658
2,996,4,0,0.9974285714285714,0.9986956985450962
3,993,7,0,0.9937142857142857,0.9968097193172721
4,991,9,0,0.9927142857142857,0.9963083502437691
5,986,14,0,0.9897142857142858,0.9947410263840284
6,984,15,1,0.9901428571428571,0.9949456877810537
7,979,18,3,0.9901428571428571,0.9949456910131068
8,973,23,4,0.9872857142857143,0.9934197226206476
9,965,31,4,0.9822857142857143,0.9907757786255196
10,960,36,4,0.9797142857142858,0.9893974168192918
11,953,43,4,0.9765714285714285,0.9876519204824556
12,948,46,6,0.9737142857142858,0.986121157323689
13,942,48,10,0.9737142857142858,0.9860471446458708
14,935,55,10,0.9712857142857143,0.9846864899806077
15,925,64,11,0.9701428571428572,0.9839262944262944
16,916,69,15,0.9687142857142857,0.9829295431642593
17,905,76,19,0.9645714285714285,0.9804649586141299
18,895,81,24,0.9677142857142857,0.982010456954591
19,887,88,25,0.9668571428571429,0.9812771782895797
20,877,93,30,0.9654285714285714,0.9802953792691534
21,864,102,34,0.9617142857142857,0.9778405236738571
22,847,114,39,0.9571428571428572,0.9746124005864265
23,829,127,44,0.953,0.971524454636638
24,816,132,52,0.949,0.968610353266495
25,797,141,62,0.9444285714285714,0.9650182339126173
26,786,145,69,0.9404285714285714,0.962017866943215
27,775,150,75,0.9367142857142857,0.9590572074983841
28,758,157,85,0.9305714285714286,0.9540153858377123
29,734,173,93,0.924,0.9479884413417432
30,710,193,97,0.9157142857142857,0.9403455726819437
31,694,194,112,0.9157142857142857,0.9390620468981208
32,671,205,124,0.91,0.9327429521619494
33,650,220,130,0.9021428571428571,0.9245623042116253
34,628,234,138,0.9037142857142857,0.9231451068913601
35,611,241,148,0.9078571428571428,0.9244104704704492
36,586,255,159,0.9,0.914372458749843
37,556,269,175,0.8951428571428571,0.9052821204574801
38,521,290,189,0.8852857142857142,0.8896574634578475
39,499,298,203,0.8901428571428571,0.889621367276678
40,470,311,219,0.8875714285714286,0.8801122281973346
41,443,318,239,0.889,0.874489618733411
42,416,319,265,0.893,0.8712927497182305
43,386,334,280,0.893,0.8614215016417088
44,362,340,298,0.8915714285714286,0.8503394855604801
45,339,353,308,0.8874285714285715,0.834301219920689
46,311,369,320,0.8848571428571429,0.8153182160818815
47,296,369,335,0.8867142857142857,0.8090083902583902
48,271,370,359,0.8911428571428571,0.7991028344349377
49,257,373,370,0.8924285714285715,0.7905663402745113
50,241,375,384,0.8985714285714286,0.789731810374964
51,227,370,403,0.9037142857142857,0.7881029029707446
52,211,376,413,0.9055714285714286,0.7763540961408258
53,195,378,427,0.9118571428571428,0.7742720954259417
54,182,371,447,0.9167142857142857,0.7713093225455864
55,170,358,472,0.9217142857142857,0.7699272786037491
56,155,363,482,0.926,0.7615225097483163
57,141,364,495,0.933,0.7625704673577013
58,131,358,511,0.937,0.7591596062970108
59,120,351,529,0.9424285714285714,0.7595112179487179
60,107,347,546,0.9478571428571428,0.7555133340180069
61,97,338,565,0.9558571428571428,0.7717268985310223
62,89,334,577,0.9617142857142857,0.7846935835699881
63,79,328,593,0.9657142857142857,0.7826957852274307
64,71,322,607,0.9695714285714285,0.7852396429861217
65,68,306,626,0.9722857142857143,0.7955020469726352
66,62,295,643,0.9737142857142858,0.787055417700579
67,56,293,651,0.9785714285714285,0.8084903192046049
68,50,284,666,0.9818571428571429,0.8180805860805862
69,49,279,672,0.9827142857142858,0.8230171189354862
70,47,272,681,0.9832857142857143,0.8219156729795024
71,43,264,693,0.9845714285714285,0.8196354033563333
72,37,259,704,0.9868571428571429,0.821017721017721
73,34,249,717,0.9885714285714285,0.8322128851540616
74,32,235,733,0.9902857142857143,0.8485119047619047
75,30,225,745,0.9907142857142858,0.8455555555555556
76,27,221,752,0.9908571428571429,0.8306878306878306
77,26,215,759,0.9915714285714285,0.8379120879120878
78,24,210,766,0.9934285714285714,0.8630952380952381
79,22,201,777,0.994,0.8636363636363636
80,21,193,786,0.9941428571428571,0.8605442176870748
81,20,183,797,0.9947142857142857,0.8678571428571427
82,19,177,804,0.996,0.8947368421052632
83,16,175,809,0.9967142857142857,0.8973214285714285
84,15,171,814,0.997,0.9000000000000001
85,15,165,820,0.9974285714285714,0.9142857142857145
86,14,156,830,0.9982857142857143,0.9387755102040817
87,14,148,838,0.9982857142857143,0.9387755102040817
88,12,143,845,0.9988571428571429,0.9523809523809524
89,11,142,847,0.9988571428571429,0.948051948051948
90,11,138,851,0.9988571428571429,0.948051948051948
91,11,132,857,0.9988571428571429,0.948051948051948
92,10,125,865,0.9991428571428571,0.9571428571428571
93,10,120,870,0.9991428571428571,0.9571428571428571
94,10,115,875,0.9991428571428571,0.9571428571428571
95,9,114,877,0.9992857142857143,0.9603174603174602
96,7,113,880,0.9998571428571429,0.9897959183673469
97,7,105,888,0.9998571428571429,0.9897959183673469
98,6,101,893,0.9997142857142857,0.9761904761904762
99,6,98,896,0.9997142857142857,0.9761904761904762
100,6,97,897,0.9997142857142857,0.9761904761904762
101,6,94,900,0.9997142857142857,0.9761904761904762
102,6,91,903,0.9997142857142857,0.9761904761904762
103,6,89,905,0.9997142857142857,0.9761904761904762
104,6,87,907,0.9997142857142857,0.9761904761904762
105,6,82,912,0.9997142857142857,0.9761904761904762
106,6,78,916,0.9997142857142857,0.9761904761904762
107,6,74,920,0.9997142857142857,0.9761904761904762
108,5,75,920,0.9997142857142857,0.9714285714285713
109,5,71,924,0.9997142857142857,0.9714285714285713
110,5,67,928,0.9997142857142857,0.9714285714285713
111,5,62,933,0.9997142857142857,0.9714285714285713
112,5,59,936,0.9998571428571429,0.9857142857142858
113,5,56,939,0.9998571428571429,0.9857142857142858
114,4,55,941,1.0,1.0
115,4,52,944,1.0,1.0
116,4,50,946,1.0,1.0
117,4,48,948,1.0,1.0
118,4,45,951,1.0,1.0
119,4,44,952,1.0,1.0
120,4,41,955,1.0,1.0
121,4,40,956,1.0,1.0
122,4,39,957,1.0,1.0
123,4,39,957,1.0,1.0
124,4,39,957,1.0,1.0
125,4,39,957,1.0,1.0
126,4,37,959,1.0,1.0
127,4,36,960,1.0,1.0
128,4,34,962,1.0,1.0
129,4,34,962,1.0,1.0
130,4,32,964,1.0,1.0
131,4,32,964,1.0,1.0
132,4,31,965,1.0,1.0
133,4,31,965,1.0,1.0
134,4,30,966,1.0,1.0
135,4,30,966,1.0,1.0
136,4,28,968,1.0,1.0
137,4,27,969,1.0,1.0
138,4,27,969,1.0,1.0
139,4,25,971,1.0,1.0
140,4,23,973,1.0,1.0
141,4,21,975,1.0,1.0
142,4,21,975,1.0,1.0
143,4,21,975,1.0,1.0
144,4,20,976,1.0,1.0
145,4,19,977,1.0,1.0
146,4,19,977,1.0,1.0
147,4,17,979,1.0,1.0
148,4,15,981,1.0,1.0
149,4,15,981,1.0,1.0
150,4,14,982,1.0,1.0
151,4,13,983,1.0,1.0
152,4,12,984,1.0,1.0
153,4,12,984,1.0,1.0
154,4,10,986,1.0,1.0
155,4,10,986,1.0,1.0
156,4,9,987,1.0,1.0
157,4,9,987,1.0,1.0
158,4,9,987,1.0,1.0
159,4,9,987,1.0,1.0
160,4,8,988,1.0,1.0
161,4,8,988,1.0,1.0
162,4,7,989,1.0,1.0
163,4,7,989,1.0,1.0
164,4,7,989,1.0,1.0
165,4,7,989,1.0,1.0
166,4,7,989,1.0,1.0
167,4,7,989,1.0,1.0
168,4,7,989,1.0,1.0
169,4,7,989,1.0,1.0
170,4,6,990,1.0,1.0
171,4,6,990,1.0,1.0
172,4,6,990,1.0,1.0
173,4,6,990,1.0,1.0
174,4,6,990,1.0,1.0
175,4,6,990,1.0,1.0
176,4,6,990,1.0,1.0
177,4,6,990,1.0,1.0
178,4,4,992,1.0,1.0
179,4,4,992,1.0,1.0
180,4,4,992,1.0,1.0
181,4,4,992,1.0,1.0
182,4,3,993,1.0,1.0
183,4,3,993,1.0,1.0
184,4,3,993,1.0,1.0
185,4,3,993,1.0,1.0
186,4,3,993,1.0,1.0
187,4,3,993,1.0,1.0
188,4,3,993,1.0,1.0
189,4,3,993,1.0,1.0
190,4,3,993,1.0,1.0
191,4,3,993,1.0,1.0
192,4,3,993,1.0,1.0
193,4,3,993,1.0,1.0
194,4,3,993,1.0,1.0
195,4,3,993,1.0,1.0
196,4,3,993,1.0,1.0
197,4,3,993,1.0,1.0
198,4,3,993,1.0,1.0
199,4,3,993,1.0,1.0
200,4,3,993,1.0,1.0
1,999,1,0,1.0,1.0
2,999,1,0,1.0,1.0
3,999,1,0,1.0,1.0
4,998,2,0,0.9985714285714286,0.9992787773348896
5,998,2,0,0.9985714285714286,0.9992787773348896
6,998,2,0,0.9985714285714286,0.9992787773348896
7,997,3,0,0.9985714285714286,0.9992780539420459
8,997,3,0,0.9985714285714286,0.9992780539420459
9,996,4,0,0.9974285714285714,0.9987036056313165
10,994,6,0,0.9957142857142857,0.997842734060038
11,992,8,0,0.9942857142857143,0.997127939265036
12,987,12,1,0.9918571428571429,0.9958823682227937
13,981,18,1,0.9894285714285714,0.9946354359198397
14,976,22,2,0.9871428571428571,0.9934298624872396
15,967,30,3,0.9841428571428571,0.9918326761139584
16,963,30,7,0.9852857142857143,0.9923928961312138
17,959,33,8,0.9848571428571429,0.9921518523186929
18,952,39,9,0.9794285714285714,0.9892291531997415
19,946,45,9,0.9764285714285714,0.9876005293156457
20,941,46,13,0.9774285714285714,0.9880340744979427
21,934,51,15,0.9728571428571429,0.9854809849322697
22,931,53,16,0.9714285714285714,0.9846676148770671
23,922,61,17,0.9684285714285714,0.9829089294653286
24,912,66,22,0.9668571428571429,0.9818591952638005
25,899,78,23,0.9627142857142857,0.9793468118829631
26,888,85,27,0.9597142857142857,0.9774422086922087
27,879,91,30,0.9582857142857143,0.9763627915505049
28,875,92,33,0.9575714285714285,0.9758574568288854
29,869,95,36,0.9557142857142857,0.9746251638656702
30,855,105,40,0.9471428571428572,0.9691958528800634
31,840,116,44,0.9397142857142857,0.9641663941217514
32,825,125,50,0.9374285714285714,0.9621308691308691
33,809,135,56,0.9368571428571428,0.9610019718641475
34,792,145,63,0.9345714285714286,0.9586545977170976
35,775,158,67,0.9304285714285714,0.9551029185867895
36,755,170,75,0.9252857142857143,0.950594510346166
37,729,189,82,0.9174285714285715,0.9433699759317044
38,707,199,94,0.9157142857142857,0.9401834610462616
39,689,206,105,0.9167142857142857,0.9393346252199664
40,670,220,110,0.9161428571428571,0.9371425154447544
41,652,222,126,0.9138571428571428,0.9336402924784827
42,633,229,138,0.9124285714285715,0.9306043811375564
43,605,249,146,0.9054285714285715,0.921444313262495
44,581,263,156,0.9008571428571429,0.9141834676409952
45,559,275,166,0.8944285714285715,0.905136034735898
46,536,290,174,0.887,0.8941666656616724
47,518,299,183,0.8857142857142857,0.8893993148194829
48,487,322,191,0.8754285714285714,0.8718952626067012
49,466,323,211,0.8787142857142857,0.8694631228192828
50,438,338,224,0.8778571428571429,0.8601193366352513
51,412,353,235,0.8767142857142857,0.8500377139279909
52,387,367,246,0.8721428571428571,0.8344931035423512
53,362,375,263,0.8748571428571429,0.8269522279800148
54,344,380,276,0.88,0.825665179980758
55,318,388,294,0.8845714285714286,0.8187286561939724
56,294,395,311,0.8881428571428571,0.8103914001498035
57,272,395,333,0.8884285714285715,0.7958148955283472
58,244,411,345,0.8937142857142857,0.7826971866930882
59,221,409,370,0.9032857142857142,0.7816280062320785
60,201,414,385,0.906,0.7670778433838136
61,182,414,404,0.9124285714285715,0.7603248399951696
62,168,399,433,0.9234285714285714,0.7728610675039246
63,155,399,446,0.9288571428571428,0.7707432352593644
64,147,391,462,0.9345714285714286,0.7775510204081633
65,130,397,473,0.9385714285714286,0.7639729501267962
66,114,401,485,0.9438571428571428,0.7543891780733886
67,108,385,507,0.949,0.764746981413648
68,97,378,525,0.957,0.7789471696688189
69,90,367,543,0.961,0.7841432641432641
70,82,359,559,0.9657142857142857,0.7918877870097382
71,74,351,575,0.9685714285714285,0.7885209385209385
72,67,349,584,0.9717142857142858,0.7899404078508555
73,60,340,600,0.973,0.776141636141636
74,56,327,617,0.9771428571428571,0.7978806907378335
75,50,318,632,0.9787142857142858,0.7896556776556776
76,45,309,646,0.9817142857142858,0.7986813186813186
77,41,297,662,0.982,0.7821763602251407
78,38,289,673,0.9845714285714285,0.7986890302679777
79,34,283,683,0.9858571428571429,0.7937513466925231
80,28,277,695,0.986,0.7524463631606488
81,26,267,707,0.9864285714285714,0.7416455339532262
82,23,259,718,0.988,0.7416945373467113
83,21,251,728,0.9884285714285714,0.7272980987266703
84,17,244,739,0.9908571428571429,0.7326007326007327
85,16,240,744,0.9912857142857143,0.7303113553113553
86,13,235,752,0.9928571428571429,0.7285150746689208
87,12,225,763,0.9938571428571429,0.7471611721611722
88,9,222,769,0.9947142857142857,0.7105006105006105
89,9,213,778,0.9954285714285714,0.7491249491249491
90,7,208,785,0.9968571428571429,0.7801674515960231
91,7,199,794,0.997,0.790371533228676
92,6,194,800,0.998,0.8388888888888889
93,6,187,807,0.9981428571428571,0.85
94,5,180,815,0.9984285714285714,0.8466666666666667
95,5,176,819,0.9984285714285714,0.8466666666666667
96,4,172,824,0.9991428571428571,0.8976190476190475
97,3,166,831,0.9997142857142857,0.9523809523809524
98,3,161,836,0.9998571428571429,0.9761904761904763
99,3,155,842,1.0,1.0
100,3,150,847,1.0,1.0
101,3,144,853,1.0,1.0
102,3,140,857,1.0,1.0
103,3,137,860,1.0,1.0
104,3,131,866,1.0,1.0
105,3,120,877,1.0,1.0
106,3,114,883,1.0,1.0
107,3,110,887,1.0,1.0
108,3,105,892,1.0,1.0
109,3,100,897,1.0,1.0
110,3,96,901,1.0,1.0
111,3,88,909,1.0,1.0
112,3,85,912,1.0,1.0
113,3,80,917,1.0,1.0
114,3,76,921,1.0,1.0
115,3,74,923,1.0,1.0
116,3,70,927,1.0,1.0
117,3,68,929,1.0,1.0
118,3,66,931,1.0,1.0
119,3,64,933,1.0,1.0
120,3,62,935,1.0,1.0
121,3,62,935,1.0,1.0
122,3,58,939,1.0,1.0
123,3,55,942,1.0,1.0
124,3,54,943,1.0,1.0
125,3,51,946,1.0,1.0
126,3,50,947,1.0,1.0
127,3,49,948,1.0,1.0
128,3,49,948,1.0,1.0
129,3,48,949,1.0,1.0
130,3,47,950,1.0,1.0
131,3,46,951,1.0,1.0
132,3,46,951,1.0,1.0
133,3,43,954,1.0,1.0
134,3,41,956,1.0,1.0
135,3,40,957,1.0,1.0
136,3,38,959,1.0,1.0
137,3,37,960,1.0,1.0
138,3,37,960,1.0,1.0
139,3,35,962,1.0,1.0
140,3,35,962,1.0,1.0
141,3,34,963,1.0,1.0
142,3,33,964,1.0,1.0
143,3,31,966,1.0,1.0
144,3,29,968,1.0,1.0
145,3,27,970,1.0,1.0
146,3,25,972,1.0,1.0
147,3,22,975,1.0,1.0
148,3,22,975,1.0,1.0
149,3,19,978,1.0,1.0
150,3,17,980,1.0,1.0
151,3,14,983,1.0,1.0
152,3,14,983,1.0,1.0
153,3,14,983,1.0,1.0
154,3,14,983,1.0,1.0
155,3,14,983,1.0,1.0
156,3,12,985,1.0,1.0
157,3,12,985,1.0,1.0
158,3,12,985,1.0,1.0
159,3,11,986,1.0,1.0
160,3,9,988,1.0,1.0
161,3,9,988,1.0,1.0
162,3,9,988,1.0,1.0
163,3,9,988,1.0,1.0
164,3,9,988,1.0,1.0
165,3,8,989,1.0,1.0
166,3,8,989,1.0,1.0
167,3,8,989,1.0,1.0
168,3,7,990,1.0,1.0
169,3,6,991,1.0,1.0
170,3,6,991,1.0,1.0
171,3,6,991,1.0,1.0
172,3,5,992,1.0,1.0
173,3,4,993,1.0,1.0
174,3,3,994,1.0,1.0
175,3,3,994,1.0,1.0
176,3,3,994,1.0,1.0
177,3,3,994,1.0,1.0
178,3,3,994,1.0,1.0
179,3,3,994,1.0,1.0
180,3,3,994,1.0,1.0
181,3,3,994,1.0,1.0
182,3,3,994,1.0,1.0
183,3,3,994,1.0,1.0
184,3,3,994,1.0,1.0
185,3,3,994,1.0,1.0
186,3,3,994,1.0,1.0
187,3,3,994,1.0,1.0
188,3,3,994,1.0,1.0
189,3,3,994,1.0,1.0
190,3,3,994,1.0,1.0
191,3,3,994,1.0,1.0
192,3,3,994,1.0,1.0
193,3,3,994,1.0,1.0
194,3,3,994,1.0,1.0
195,3,3,994,1.0,1.0
196,3,2,995,1.0,1.0
197,3,2,995,1.0,1.0
198,3,2,995,1.0,1.0
199,3,2,995,1.0,1.0
200,3,2,995,1.0,1.0
1,998,2,0,0.9987142857142857,0.9993558545662754
2,997,3,0,0.9975714285714286,0.9987765494285054
3,996,4,0,0.997,0.9984877237889286
4,994,6,0,0.9951428571428571,0.9975394491491071
5,992,8,0,0.9938571428571429,0.9968905086848635
6,992,8,0,0.9938571428571429,0.9968905086848635
7,989,11,0,0.9927142857142857,0.9962929217732049
8,988,12,0,0.9918571428571429,0.9958650324034939
9,987,13,0,0.9915714285714285,0.9957097951018924
10,984,16,0,0.9918571428571429,0.9958411507191994
11,980,19,1,0.9907142857142858,0.9952276295133438
12,977,21,2,0.9891428571428571,0.9944282602419757
13,977,20,3,0.9898571428571429,0.9947889367541363
14,974,23,3,0.9894285714285714,0.9945562650901459
15,973,23,4,0.9907142857142858,0.995211366228838
16,971,25,4,0.9894285714285714,0.9945541585088444
17,970,25,5,0.9892857142857143,0.9944805709754164
18,965,28,7,0.9854285714285714,0.9924659796162386
19,959,33,8,0.984,0.9917252021527307
20,953,39,8,0.9822857142857143,0.9906799042161056
21,945,46,9,0.9785714285714285,0.988632042560614
22,939,48,13,0.9761428571428571,0.9872982227215454
23,935,49,16,0.9807142857142858,0.989718663689252
24,927,55,18,0.9775714285714285,0.9879752124897757
25,916,63,21,0.9721428571428572,0.9848897599852839
26,905,68,27,0.9684285714285714,0.982684769190294
27,897,75,28,0.9637142857142857,0.9799000841224921
28,885,78,37,0.9612857142857143,0.9782204941950704
29,876,85,39,0.9591428571428572,0.9767727516015188
30,866,90,44,0.9568571428571429,0.975225501019381
31,852,99,49,0.9544285714285714,0.9734369894581162
32,831,115,54,0.9445714285714286,0.9668352706258843
33,810,130,60,0.938,0.9618286189119521
34,795,137,68,0.9348571428571428,0.9591340682378419
35,776,146,78,0.932,0.9562165444091992
36,752,166,82,0.9211428571428572,0.9475226623996571
37,733,180,87,0.9137142857142857,0.9410701167863514
38,708,197,95,0.9035714285714286,0.9317398879369219
39,676,213,111,0.8934285714285715,0.921019463770943
40,652,230,118,0.8897142857142857,0.9151629316190847
41,615,254,131,0.8758571428571429,0.8986811172248763
42,580,279,141,0.8755714285714286,0.8923444802324113
43,548,303,149,0.864,0.8753992206090746
44,521,310,169,0.8665714285714285,0.8711914604908847
45,494,316,190,0.8651428571428571,0.8628013265412051
46,452,341,207,0.855,0.8388273323284386
47,414,366,220,0.8575714285714285,0.8274820388950824
48,393,370,237,0.8662857142857143,0.8292623195294951
49,366,376,258,0.8752857142857143,0.8289218409095459
50,347,380,273,0.8811428571428571,0.8281477288321669
51,335,377,288,0.8838571428571429,0.8260315182330107
52,307,391,302,0.8911428571428571,0.8219477455226641
53,285,394,321,0.8925714285714286,0.8104681575734208
54,263,398,339,0.8942857142857142,0.7978700956837839
55,240,403,357,0.9,0.7902827380952381
56,228,399,373,0.9078571428571428,0.7965647291305187
57,207,402,391,0.9101428571428571,0.7817267877050486
58,190,406,404,0.9138571428571428,0.7722606998264894
59,182,396,422,0.9191428571428572,0.7768921325926821
60,168,394,438,0.923,0.770006159515088
61,151,391,458,0.934,0.7805521189627148
62,136,393,471,0.9394285714285714,0.7769567442361559
63,118,397,485,0.9438571428571428,0.7620646302849694
64,103,396,501,0.9461428571428572,0.7382383797432339
65,94,388,518,0.9504285714285714,0.7361068895643361
66,83,380,537,0.9561428571428572,0.7362538064345292
67,75,376,549,0.9588571428571429,0.726554945054945
68,73,360,567,0.9617142857142857,0.7389865271714586
69,71,347,582,0.9642857142857143,0.7491390651601917
70,64,335,601,0.9687142857142857,0.7545673076923077
71,58,323,619,0.9718571428571429,0.7566376152583049
72,52,321,627,0.9742857142857143,0.7524091293322062
73,48,313,639,0.9781428571428571,0.7712606837606838
74,45,307,648,0.98,0.7765567765567765
75,41,297,662,0.9824285714285714,0.7845081747520771
76,37,290,673,0.9847142857142858,0.790921690921691
77,36,275,689,0.9861428571428571,0.8045584045584047
78,33,262,705,0.9882857142857143,0.8205683205683206
79,29,259,712,0.9897142857142858,0.8196539093090818
80,28,250,722,0.9907142857142858,0.8324764521193092
81,27,243,730,0.9918571428571429,0.8474358974358975
82,25,235,740,0.993,0.8587765567765566
83,23,222,755,0.9941428571428571,0.8711657907310082
84,21,209,770,0.995,0.8799058084772369
85,20,201,779,0.9957142857142857,0.8917582417582416
86,20,193,787,0.9958571428571429,0.8959249084249084
87,20,186,794,0.9961428571428571,0.9030677655677655
88,19,174,807,0.9967142857142857,0.9144592249855407
89,19,167,814,0.9967142857142857,0.9144592249855407
90,16,161,823,0.9984285714285714,0.9511904761904761
91,14,160,826,0.9985714285714286,0.9493197278911565
92,14,151,835,0.999,0.9642857142857143
93,13,148,839,0.9988571428571429,0.9556213017751479
94,13,142,845,0.9988571428571429,0.9556213017751479
95,13,134,853,0.9988571428571429,0.9556213017751479
96,13,126,861,0.999,0.9611158072696534
97,13,124,863,0.999,0.9611158072696534
98,13,117,870,0.999,0.9611158072696534
99,13,114,873,0.999,0.9611158072696534
100,13,108,879,0.999,0.9611158072696534
101,12,104,884,0.9995714285714286,0.9816849816849818
102,11,96,893,0.9997142857142857,0.9859307359307359
103,11,93,896,0.9997142857142857,0.9859307359307359
104,11,90,899,0.9997142857142857,0.9859307359307359
105,11,85,904,0.9998571428571429,0.9924242424242423
106,11,82,907,0.9998571428571429,0.9924242424242423
107,11,76,913,0.9998571428571429,0.9924242424242423
108,11,75,914,0.9998571428571429,0.9924242424242423
109,11,73,916,0.9998571428571429,0.9924242424242423
110,11,69,920,0.9998571428571429,0.9924242424242423
111,11,66,923,0.9998571428571429,0.9924242424242423
112,11,63,926,0.9998571428571429,0.9924242424242423
113,11,63,926,0.9998571428571429,0.9924242424242423
114,11,59,930,0.9998571428571429,0.9924242424242423
115,11,56,933,0.9998571428571429,0.9924242424242423
116,11,55,934,0.9998571428571429,0.9924242424242423
117,11,52,937,0.9998571428571429,0.9924242424242423
118,11,51,938,0.9998571428571429,0.9924242424242423
119,11,49,940,1.0,1.0
120,11,48,941,1.0,1.0
121,10,46,944,1.0,1.0
122,10,44,946,1.0,1.0
123,10,44,946,1.0,1.0
124,10,43,947,1.0,1.0
125,10,42,948,1.0,1.0
126,10,42,948,1.0,1.0
127,10,41,949,1.0,1.0
128,9,41,950,1.0,1.0
129,9,40,951,1.0,1.0
130,9,35,956,1.0,1.0
131,9,34,957,1.0,1.0
132,9,34,957,1.0,1.0
133,9,34,957,1.0,1.0
134,9,32,959,1.0,1.0
135,9,32,959,1.0,1.0
136,9,31,960,1.0,1.0
137,9,31,960,1.0,1.0
138,9,31,960,1.0,1.0
139,9,30,961,1.0,1.0
140,9,30,961,1.0,1.0
141,9,30,961,1.0,1.0
142,9,26,965,1.0,1.0
143,9,26,965,1.0,1.0
144,9,25,966,1.0,1.0
145,9,25,966,1.0,1.0
146,9,23,968,1.0,1.0
147,9,22,969,1.0,1.0
148,9,22,969,1.0,1.0
149,9,22,969,1.0,1.0
150,9,22,969,1.0,1.0
151,9,21,970,1.0,1.0
152,8,21,971,1.0,1.0
153,8,21,971,1.0,1.0
154,8,20,972,1.0,1.0
155,8,19,973,1.0,1.0
156,8,19,973,1.0,1.0
157,8,16,976,1.0,1.0
158,8,15,977,1.0,1.0
159,8,14,978,1.0,1.0
160,8,14,978,1.0,1.0
161,8,14,978,1.0,1.0
162,8,14,978,1.0,1.0
163,8,13,979,1.0,1.0
164,8,13,979,1.0,1.0
165,8,13,979,1.0,1.0
166,8,12,980,1.0,1.0
167,8,12,980,1.0,1.0
168,8,12,980,1.0,1.0
169,8,12,980,1.0,1.0
170,8,11,981,1.0,1.0
171,8,11,981,1.0,1.0
172,8,10,982,1.0,1.0
173,8,10,982,1.0,1.0
174,8,9,983,1.0,1.0
175,8,9,983,1.0,1.0
176,8,8,984,1.0,1.0
177,8,8,984,1.0,1.0
178,8,8,984,1.0,1.0
179,8,8,984,1.0,1.0
180,8,7,985,1.0,1.0
181,8,6,986,1.0,1.0
182,8,5,987,1.0,1.0
183,8,5,987,1.0,1.0
184,8,5,987,1.0,1.0
185,8,5,987,1.0,1.0
186,8,5,987,1.0,1.0
187,8,5,987,1.0,1.0
188,8,5,987,1.0,1.0
189,8,5,987,1.0,1.0
190,8,5,987,1.0,1.0
191,8,5,987,1.0,1.0
192,8,5,987,1.0,1.0
193,8,5,987,1.0,1.0
194,8,5,987,1.0,1.0
195,8,5,987,1.0,1.0
196,8,5,987,1.0,1.0
197,8,5,987,1.0,1.0
198,8,4,988,1.0,1.0
199,8,4,988,1.0,1.0
200,8,4,988,1.0,1.0
1,999,1,0,1.0,1.0
2,999,1,0,1.0,1.0
3,999,1,0,1.0,1.0
4,999,1,0,1.0,1.0
5,999,1,0,1.0,1.0
6,999,1,0,1.0,1.0
7,999,1,0,1.0,1.0
8,999,1,0,1.0,1.0
9,998,2,0,0.9984285714285714,0.9992119770676885
10,996,4,0,0.9968571428571429,0.99841122732689
11,994,6,0,0.9954285714285714,0.9976839056315917
12,994,6,0,0.9954285714285714,0.9976839056315917
13,993,7,0,0.9951428571428571,0.9975321757799099
14,992,7,1,0.9952857142857143,0.9976016926621766
15,992,7,1,0.9952857142857143,0.9976016926621766
16,991,8,1,0.995,0.9974772956609486
17,991,7,2,0.9958571428571429,0.9979097592619288
18,991,6,3,0.9965714285714286,0.998270145596079
19,991,6,3,0.9965714285714286,0.998270145596079
20,991,5,4,0.9972857142857143,0.9986305319302292
21,991,5,4,0.9972857142857143,0.9986305319302292
22,989,7,4,0.996,0.9979825701767056
23,986,9,5,0.997,0.9984835313435718
24,982,12,6,0.9962857142857143,0.9980864349499788
25,982,12,6,0.9962857142857143,0.9980864349499788
26,982,11,7,0.9967142857142857,0.9983046485083145
27,981,11,8,0.9964285714285714,0.9981516953994019
28,978,14,8,0.9951428571428571,0.9974774714038518
29,975,15,10,0.9958571428571429,0.9978360101437025
30,973,14,13,0.9951428571428571,0.9974846496429229
31,970,16,14,0.9921428571428571,0.9958955477512179
32,968,18,14,0.9912857142857143,0.9954386522568341
33,966,19,15,0.9904285714285714,0.9949781584874753
34,962,21,17,0.9892857142857143,0.9943288174057405
35,957,26,17,0.9875714285714285,0.9933912830464554
36,950,33,17,0.9818571428571429,0.9902504337767496
37,941,40,19,0.9787142857142858,0.9884994433480088
38,930,49,21,0.9757142857142858,0.9867634605537831
39,917,61,22,0.9674285714285714,0.9820821399610931
40,905,68,27,0.9617142857142857,0.9786382632100865
41,895,75,30,0.9604285714285714,0.9776955818855261
42,886,82,32,0.9584285714285714,0.9763314563540297
43,876,89,35,0.9572857142857143,0.9754685383110041
44,866,97,37,0.9541428571428572,0.9733023712238493
45,853,107,40,0.9472857142857143,0.9689190059647269
46,838,118,44,0.9454285714285714,0.9673013541748624
47,825,127,48,0.9428571428571428,0.9652556332556332
48,804,138,58,0.9377142857142857,0.9611821843165127
49,787,150,63,0.9337142857142857,0.9579448082624703
50,768,165,67,0.9265714285714286,0.9522598061660562
51,751,174,75,0.922,0.9480611931344289
52,728,192,80,0.913,0.9401154248681721
53,710,195,95,0.913,0.9385479543930247
54,691,204,105,0.9095714285714286,0.9343579539129466
55,669,216,115,0.9034285714285715,0.927586346140158
56,651,229,120,0.8987142857142857,0.9219126815324972
57,632,238,130,0.8981428571428571,0.9190130610423332
58,610,257,133,0.895,0.9135034978682521
59,592,267,141,0.8972857142857142,0.9128751949064449
60,574,276,150,0.8982857142857142,0.911099012775842
61,546,291,163,0.8955714285714286,0.9040610869594387
62,528,299,173,0.8937142857142857,0.8990570193695194
63,511,306,183,0.8955714285714286,0.897528189357935
64,490,315,195,0.8981428571428571,0.8957442812289751
65,474,316,210,0.8992857142857142,0.8933791879296348
66,446,333,221,0.8958571428571429,0.8829023856869411
67,421,343,236,0.8947142857142857,0.8746905358160074
68,398,358,244,0.8937142857142857,0.8662690269381815
69,373,374,253,0.8928571428571429,0.8562205496758406
70,351,374,275,0.8952857142857142,0.8507631104162023
71,332,371,297,0.9017142857142857,0.8520694688904292
72,310,373,317,0.9078571428571428,0.8518098591794038
73,290,382,328,0.9071428571428571,0.8407150380045917
74,271,390,339,0.9051428571428571,0.8255009596799264
75,251,398,351,0.9055714285714286,0.8122592049384878
76,234,404,362,0.9107142857142857,0.8098499968692277
77,213,403,384,0.9128571428571428,0.7961319197234692
78,194,404,402,0.9147142857142857,0.7810463162267286
79,177,413,410,0.9172857142857143,0.7673995260859668
80,168,406,426,0.9227142857142857,0.7711715615733473
81,157,402,441,0.9268571428571428,0.768221693380929
82,143,403,454,0.9271428571428572,0.7457888265580572
83,126,411,463,0.9335714285714286,0.7371209808709808
84,117,405,478,0.938,0.7352043611658996
85,108,399,493,0.9422857142857143,0.7329996777913443
86,95,394,511,0.949,0.7306072874493927
87,87,387,526,0.9515714285714286,0.7206307102858827
88,73,388,539,0.9584285714285714,0.7139946811179687
89,68,375,557,0.962,0.7193869855634561
90,58,369,573,0.9668571428571429,0.7138246810660603
91,51,352,597,0.973,0.7345256051138405
92,49,337,614,0.9741428571428571,0.7360095686626299
93,42,330,628,0.9792857142857143,0.7536804465375894
94,38,314,648,0.983,0.7766435319066899
95,35,307,658,0.9847142857142858,0.7817163788592362
96,34,291,675,0.9855714285714285,0.7879013143719027
97,31,286,683,0.987,0.7900862578281934
98,27,280,693,0.988,0.7774521774521775
99,24,271,705,0.9902857142857143,0.7972222222222222
100,20,270,710,0.9917142857142857,0.7926556776556777
101,20,257,723,0.9921428571428571,0.8034065934065936
102,18,246,736,0.993,0.8056369556369556
103,16,241,743,0.9937142857142857,0.8018315018315019
104,15,238,747,0.994,0.7971916971916972
105,15,228,757,0.9942857142857143,0.8070818070818072
106,15,215,770,0.9947142857142857,0.8210989010989012
107,14,210,776,0.9955714285714286,0.84010989010989
108,12,198,790,0.9965714285714286,0.8551282051282052
109,9,186,805,0.9972857142857143,0.848962148962149
110,9,178,813,0.9974285714285714,0.856898656898657
111,8,172,820,0.9981428571428571,0.8836538461538461
112,7,164,829,0.9984285714285714,0.8875457875457876
113,4,162,834,0.9991428571428571,0.8964285714285715
114,4,153,843,0.9992857142857143,0.9130952380952381
115,4,146,850,0.9992857142857143,0.9130952380952381
116,4,141,855,0.9995714285714286,0.9476190476190476
117,4,139,857,0.9995714285714286,0.9476190476190476
118,4,130,866,0.9997142857142857,0.9654761904761905
119,4,126,870,0.9997142857142857,0.9654761904761905
120,4,116,880,0.9998571428571429,0.9821428571428572
121,4,111,885,0.9998571428571429,0.9821428571428572
122,4,103,893,0.9998571428571429,0.9821428571428572
123,3,103,894,0.9998571428571429,0.9761904761904763
124,3,97,900,0.9998571428571429,0.9761904761904763
125,3,91,906,0.9998571428571429,0.9761904761904763
126,3,87,910,0.9998571428571429,0.9761904761904763
127,3,85,912,1.0,1.0
128,2,85,913,1.0,1.0
129,2,84,914,1.0,1.0
130,2,82,916,1.0,1.0
131,2,76,922,1.0,1.0
132,2,73,925,1.0,1.0
133,2,73,925,1.0,1.0
134,2,72,926,1.0,1.0
135,2,70,928,1.0,1.0
136,2,66,932,1.0,1.0
137,2,65,933,1.0,1.0
138,2,61,937,1.0,1.0
139,2,58,940,1.0,1.0
140,2,57,941,1.0,1.0
141,2,56,942,1.0,1.0
142,2,56,942,1.0,1.0
143,2,55,943,1.0,1.0
144,1,54,945,1.0,1.0
145,1,53,946,1.0,1.0
146,1,53,946,1.0,1.0
147,1,51,948,1.0,1.0
148,1,51,948,1.0,1.0
149,1,51,948,1.0,1.0
150,1,46,953,1.0,1.0
151,1,44,955,1.0,1.0
152,1,43,956,1.0,1.0
153,1,41,958,1.0,1.0
154,1,38,961,1.0,1.0
155,1,38,961,1.0,1.0
156,1,38,961,1.0,1.0
157,1,37,962,1.0,1.0
158,1,36,963,1.0,1.0
159,1,35,964,1.0,1.0
160,1,33,966,1.0,1.0
161,1,31,968,1.0,1.0
162,1,30,969,1.0,1.0
163,1,29,970,1.0,1.0
164,1,27,972,1.0,1.0
165,1,25,974,1.0,1.0
166,1,24,975,1.0,1.0
167,1,23,976,1.0,1.0
168,1,22,977,1.0,1.0
169,1,20,979,1.0,1.0
170,1,19,980,1.0,1.0
171,1,19,980,1.0,1.0
172,1,19,980,1.0,1.0
173,1,17,982,1.0,1.0
174,1,16,983,1.0,1.0
175,1,14,985,1.0,1.0
176,1,13,986,1.0,1.0
177,1,13,986,1.0,1.0
178,1,13,986,1.0,1.0
179,1,12,987,1.0,1.0
180,1,12,987,1.0,1.0
181,1,12,987,1.0,1.0
182,1,12,987,1.0,1.0
183,1,10,989,1.0,1.0
184,1,10,989,1.0,1.0
185,1,10,989,1.0,1.0
186,1,10,989,1.0,1.0
187,1,10,989,1.0,1.0
188,1,9,990,1.0,1.0
189,1,9,990,1.0,1.0
190,1,9,990,1.0,1.0
191,1,8,991,1.0,1.0
192,1,8,991,1.0,1.0
193,1,8,991,1.0,1.0
194,1,8,991,1.0,1.0
195,1,8,991,1.0,1.0
196,1,8,991,1.0,1.0
197,1,8,991,1.0,1.0
198,1,8,991,1.0,1.0
199,1,8,991,1.0,1.0
200,1,8,991,1.0,1.0
1,999,1,0,1.0,1.0
2,998,2,0,0.9988571428571429,0.9994314636599206
3,998,2,0,0.9988571428571429,0.9994314636599206
4,997,3,0,0.998,0.9990153611016198
5,996,4,0,0.9968571428571429,0.9984336613854686
6,995,5,0,0.9961428571428571,0.9980621053987888
7,994,6,0,0.9955714285714286,0.9977830352075825
8,991,7,2,0.996,0.9979807276477307
9,991,7,2,0.996,0.9979807276477307
10,987,11,2,0.9937142857142857,0.9968083250758023
11,986,11,3,0.994,0.9969666911857581
12,984,12,4,0.9927142857142857,0.996280785610054
13,981,11,8,0.993,0.9964068211774634
14,979,13,8,0.9921428571428571,0.9959504914561094
15,976,16,8,0.9915714285714285,0.9956460547649072
16,974,17,9,0.9918571428571429,0.9957725026513528
17,971,18,11,0.9908571428571429,0.995211311174236
18,969,18,13,0.9904285714285714,0.994985200557956
19,968,15,17,0.9928571428571429,0.9962579087579088
20,961,20,19,0.9907142857142858,0.9951084988545966
21,957,23,20,0.99,0.9946662532869429
22,954,24,22,0.9888571428571429,0.9940389798880365
23,952,24,24,0.9897142857142858,0.9944881798873395
24,947,28,25,0.9894285714285714,0.9943372361534981
25,942,31,27,0.9864285714285714,0.9927292099266622
26,933,39,28,0.983,0.9908051933775407
27,927,42,31,0.9791428571428571,0.9886816347981395
28,922,45,33,0.9765714285714285,0.9872756310934184
29,917,47,36,0.9747142857142858,0.9861954294342518
30,907,56,37,0.9685714285714285,0.9826677732410919
31,894,67,39,0.9621428571428572,0.9787617490637626
32,882,77,41,0.9608571428571429,0.9778635385778243
33,869,84,47,0.9595714285714285,0.9767993609765762
34,856,95,49,0.9545714285714286,0.9734678289000719
35,847,101,52,0.9537142857142857,0.9726993785435344
36,839,104,57,0.9544285714285714,0.9727937934135789
37,821,120,59,0.9497142857142857,0.9694092346954709
38,796,138,66,0.935,0.9591437038673221
39,779,147,74,0.9344285714285714,0.957813153897878
40,766,150,84,0.9352857142857143,0.9576743752331219
41,745,167,88,0.9251428571428572,0.9495963320795536
42,721,182,97,0.9235714285714286,0.9467144736908952
43,701,199,100,0.9151428571428571,0.9391972744326524
44,680,206,114,0.9115714285714286,0.934811395712131
45,666,211,123,0.9078571428571428,0.9305901368401368
46,646,225,129,0.9034285714285715,0.924866677440207
47,616,246,138,0.897,0.9159973211312498
48,589,261,150,0.8938571428571429,0.9094307574146284
49,558,278,164,0.893,0.9035998442663529
50,532,294,174,0.8937142857142857,0.8998125717898496
51,513,305,182,0.8902857142857142,0.8926812485378016
52,491,313,196,0.8885714285714286,0.8861434390456794
53,468,321,211,0.8887142857142857,0.8806733508656586
54,432,338,230,0.8868571428571429,0.868661392619726
55,399,354,247,0.8894285714285715,0.8608012705757067
56,384,349,267,0.8902857142857142,0.8565905448717949
57,359,356,285,0.8937142857142857,0.851491220014897
58,340,357,303,0.8964285714285715,0.847213423831071
59,322,364,314,0.8992857142857142,0.8431091165563215
60,303,368,329,0.9011428571428571,0.8363689116164362
61,283,379,338,0.8997142857142857,0.8224315290128011
62,260,385,355,0.9044285714285715,0.8161402859960551
63,233,387,380,0.9071428571428571,0.800142668490308
64,211,393,396,0.9065714285714286,0.7781339513567002
65,193,397,410,0.908,0.7608276869934901
66,180,396,424,0.9094285714285715,0.7472374847374845
67,168,384,448,0.9144285714285715,0.7441795307866735
68,155,379,466,0.9204285714285714,0.7423525936429162
69,144,372,484,0.9261428571428572,0.7425836894586895
70,129,375,496,0.9285714285714286,0.7224564840843911
71,118,373,509,0.9342857142857143,0.7212919848513071
72,104,370,526,0.9407142857142857,0.7143878557340096
73,93,370,537,0.945,0.7038047973531845
74,85,364,551,0.9508571428571428,0.7105753070458952
75,74,358,568,0.957,0.7091723591723591
76,66,349,585,0.9642857142857143,0.7293872793872794
77,62,340,598,0.9665714285714285,0.730958289022805
78,53,337,610,0.9731428571428572,0.7474117077890663
79,49,327,624,0.9752857142857143,0.7487702773417059
80,44,317,639,0.9781428571428571,0.7531551781551781
81,42,310,648,0.98,0.7633961276818421
82,41,294,665,0.9811428571428571,0.7713302957205397
83,37,286,677,0.984,0.7854766854766856
84,37,275,688,0.9845714285714285,0.792941292941293
85,34,271,695,0.9862857142857143,0.7991812109459168
86,31,262,707,0.9878571428571429,0.8065106936074679
87,30,250,720,0.9892857142857143,0.8237362637362637
88,28,244,728,0.9898571428571429,0.8219126111983256
89,26,239,735,0.9908571428571429,0.8274443505212736
90,25,230,745,0.9914285714285714,0.8315897435897436
91,21,219,760,0.9932857142857143,0.8421419849991277
92,19,204,777,0.9942857142857143,0.8520917678812415
93,17,199,784,0.9945714285714286,0.8430941607412196
94,17,188,795,0.9948571428571429,0.8514975220857574
95,16,183,801,0.995,0.846382783882784
96,13,174,813,0.9967142857142857,0.8765004226542689
97,12,169,819,0.9972857142857143,0.8904761904761905
98,12,161,827,0.9977142857142857,0.9075396825396825
99,11,157,832,0.9985714285714286,0.9372294372294373
100,11,147,842,0.9985714285714286,0.9372294372294373
101,11,139,850,0.9985714285714286,0.9372294372294373
102,11,131,858,0.9985714285714286,0.9372294372294373
103,11,131,858,0.9985714285714286,0.9372294372294373
104,11,124,865,0.9985714285714286,0.9372294372294373
105,11,120,869,0.9987142857142857,0.9432900432900433
106,10,116,874,0.9988571428571429,0.9442857142857143
107,10,111,879,0.9988571428571429,0.9442857142857143
108,10,107,883,0.9988571428571429,0.9442857142857143
109,8,104,888,0.9991428571428571,0.9470238095238095
110,8,98,894,0.9991428571428571,0.9470238095238095
111,8,94,898,0.9992857142857143,0.955952380952381
112,8,89,903,0.9992857142857143,0.955952380952381
113,8,86,906,0.9992857142857143,0.955952380952381
114,8,86,906,0.9992857142857143,0.955952380952381
115,8,79,913,0.9994285714285714,0.9648809523809524
116,8,76,916,0.9994285714285714,0.9648809523809524
117,7,75,918,0.9995714285714286,0.9700680272108845
118,7,73,920,0.9995714285714286,0.9700680272108845
119,7,71,922,0.9997142857142857,0.9802721088435374
120,7,69,924,0.9997142857142857,0.9802721088435374
121,7,64,929,0.9997142857142857,0.9802721088435374
122,7,61,932,0.9997142857142857,0.9802721088435374
123,7,59,934,0.9998571428571429,0.9904761904761905
124,7,59,934,0.9998571428571429,0.9904761904761905
125,7,55,938,0.9998571428571429,0.9904761904761905
126,7,54,939,0.9998571428571429,0.9904761904761905
127,7,52,941,0.9998571428571429,0.9904761904761905
128,6,53,941,0.9998571428571429,0.9880952380952381
129,6,49,945,0.9998571428571429,0.9880952380952381
130,6,46,948,1.0,1.0
131,6,44,950,1.0,1.0
132,6,43,951,1.0,1.0
133,6,42,952,1.0,1.0
134,6,41,953,1.0,1.0
135,6,39,955,1.0,1.0
136,6,36,958,1.0,1.0
137,6,34,960,1.0,1.0
138,6,31,963,1.0,1.0
139,6,31,963,1.0,1.0
140,6,29,965,1.0,1.0
141,6,28,966,1.0,1.0
142,6,27,967,1.0,1.0
143,6,26,968,1.0,1.0
144,6,26,968,1.0,1.0
145,6,26,968,1.0,1.0
146,6,26,968,1.0,1.0
147,6,25,969,1.0,1.0
148,6,24,970,1.0,1.0
149,6,24,970,1.0,1.0
150,6,23,971,1.0,1.0
151,6,20,974,1.0,1.0
152,6,19,975,1.0,1.0
153,6,19,975,1.0,1.0
154,6,17,977,1.0,1.0
155,6,15,979,1.0,1.0
156,6,13,981,1.0,1.0
157,6,12,982,1.0,1.0
158,6,12,982,1.0,1.0
159,6,12,982,1.0,1.0
160,6,11,983,1.0,1.0
161,6,9,985,1.0,1.0
162,6,9,985,1.0,1.0
163,6,9,985,1.0,1.0
164,6,9,985,1.0,1.0
165,6,7,987,1.0,1.0
166,6,7,987,1.0,1.0
167,6,7,987,1.0,1.0
168,6,6,988,1.0,1.0
169,6,5,989,1.0,1.0
170,6,3,991,1.0,1.0
171,6,2,992,1.0,1.0
172,6,2,992,1.0,1.0
173,6,2,992,1.0,1.0
174,6,2,992,1.0,1.0
175,6,2,992,1.0,1.0
176,6,1,993,1.0,1.0
177,6,1,993,1.0,1.0
178,6,1,993,1.0,1.0
179,6,1,993,1.0,1.0
180,6,1,993,1.0,1.0
181,6,1,993,1.0,1.0
182,6,1,993,1.0,1.0
183,6,1,993,1.0,1.0
184,6,1,993,1.0,1.0
185,6,1,993,1.0,1.0
186,6,1,993,1.0,1.0
187,6,1,993,1.0,1.0
188,6,1,993,1.0,1.0
189,6,1,993,1.0,1.0
190,6,1,993,1.0,1.0
191,6,1,993,1.0,1.0
192,6,1,993,1.0,1.0
193,6,1,993,1.0,1.0
194,6,1,993,1.0,1.0
195,6,1,993,1.0,1.0
196,6,1,993,1.0,1.0
197,6,0,994,1.0,1.0
198,6,0,994,1.0,1.0
199,6,0,994,1.0,1.0
200,6,0,994,1.0,1.0
1,998,2,0,0.9991428571428571,0.9995650641943227
2,996,4,0,0.9971428571428571,0.9985728304296695
3,996,3,1,0.9987142857142857,0.9993490445297675
4,994,4,2,0.9972857142857143,0.9986418185909249
5,994,4,2,0.9972857142857143,0.9986418185909249
6,994,4,2,0.9972857142857143,0.9986418185909249
7,993,4,3,0.9977142857142857,0.9988744742610035
8,991,6,3,0.9957142857142857,0.997855497473382
9,991,6,3,0.9957142857142857,0.997855497473382
10,988,8,4,0.9941428571428571,0.9970540855706966
11,985,10,5,0.9915714285714285,0.9957535790575505
12,985,10,5,0.9915714285714285,0.9957535790575505
13,982,12,6,0.9901428571428571,0.9950032496156852
14,978,16,6,0.9882857142857143,0.9940445896779351
15,971,21,8,0.9865714285714285,0.9931245729694872
16,968,23,9,0.986,0.9927908544218704
17,964,27,9,0.9822857142857143,0.9908469835428585
18,959,31,10,0.9805714285714285,0.9899054736998675
19,951,38,11,0.9805714285714285,0.9898140085930028
20,940,48,12,0.9752857142857143,0.9868809225817987
21,935,51,14,0.9708571428571429,0.9844429388374025
22,929,54,17,0.9711428571428572,0.9845250214021188
23,918,63,19,0.9658571428571429,0.9814167698250744
24,911,66,23,0.9648571428571429,0.9807191001030996
25,902,70,28,0.9612857142857143,0.9784919647545185
26,885,83,32,0.9544285714285714,0.9742913475690147
27,876,90,34,0.9497142857142857,0.9713467798429524
28,865,95,40,0.9465714285714286,0.9691115192186256
29,853,103,44,0.9438571428571428,0.967085044406436
30,839,113,48,0.9425714285714286,0.9657788672450734
31,826,124,50,0.9428571428571428,0.9653963215012211
32,810,135,55,0.94,0.9629424533346101
33,789,150,61,0.9341428571428572,0.9581533612762644
34,780,154,66,0.9314285714285714,0.9558770939342206
35,761,168,71,0.9294285714285714,0.9535316436288455
36,744,178,78,0.927,0.9508668102269858
37,724,187,89,0.9238571428571428,0.9472415198548607
38,700,204,96,0.9192857142857143,0.9422008418752117
39,688,210,102,0.917,0.9396718118150659
40,665,225,110,0.9105714285714286,0.9328389979473571
41,637,246,117,0.9027142857142857,0.923609680558614
42,615,261,124,0.9011428571428571,0.9196838622878796
43,592,272,136,0.8982857142857142,0.9141548075831164
44,575,278,147,0.9031428571428571,0.9158403782917849
45,554,288,158,0.9025714285714286,0.9120994829478585
46,526,300,174,0.9004285714285715,0.9054289579242051
47,500,315,185,0.89,0.8898958791208792
48,478,323,199,0.8861428571428571,0.8809216324122183
49,458,333,209,0.8815714285714286,0.8707910742395716
50,432,345,223,0.8782857142857143,0.8589708924880495
51,402,362,236,0.8798571428571429,0.8505702472339873
52,375,372,253,0.8754285714285714,0.8336916469151764
53,351,382,267,0.8764285714285714,0.8237782160859083
54,313,399,288,0.8745714285714286,0.7991977670891409
55,286,410,304,0.8775714285714286,0.785688350111427
56,261,416,323,0.8847142857142857,0.778382840020771
57,240,413,347,0.8898571428571429,0.769594207875458
58,218,418,364,0.8925714285714286,0.7523862032462949
59,208,413,379,0.9002857142857142,0.7591145833333334
60,190,413,397,0.9005714285714286,0.7371756313861578
61,175,416,409,0.904,0.7239301412872842
62,156,415,429,0.9097142857142857,0.7088067648163803
63,135,419,446,0.918,0.6944474969474969
64,118,420,462,0.9218571428571428,0.666845160489228
65,103,422,475,0.9302857142857143,0.6593624417653542
66,93,410,497,0.9402857142857143,0.677758576548899
67,85,400,515,0.9452857142857143,0.6769106873518639
68,80,391,529,0.9474285714285714,0.6696789148351648
69,77,379,544,0.9507142857142857,0.6785732125017839
70,73,364,563,0.9555714285714285,0.6938287169451552
71,67,352,581,0.9592857142857143,0.6940031982942432
72,60,347,593,0.9652857142857143,0.7080776862026862
73,46,348,606,0.9708571428571429,0.6798096830705527
74,40,339,621,0.9757142857142858,0.693371108058608
75,36,324,640,0.9797142857142858,0.7154672873422875
76,33,311,656,0.9821428571428571,0.7269688644688644
77,29,306,665,0.9848571428571429,0.7370784388025768
78,25,299,676,0.9865714285714285,0.7289450549450549
79,21,286,693,0.9897142857142858,0.7527385313099599
80,19,282,699,0.9904285714285714,0.7457971852708696
81,18,269,713,0.992,0.7763329263329264
82,17,264,719,0.9925714285714285,0.7806291747468218
83,15,258,727,0.9938571428571429,0.7942368742368744
84,13,247,740,0.9958571428571429,0.8388278388278388
85,13,242,745,0.996,0.8443223443223443
86,12,231,757,0.9962857142857143,0.8432539682539683
87,12,222,766,0.9962857142857143,0.8432539682539683
88,11,213,776,0.9967142857142857,0.8484848484848485
89,11,203,786,0.997,0.8614718614718615
90,10,197,793,0.9975714285714286,0.8761904761904761
91,10,191,799,0.9975714285714286,0.8761904761904761
92,10,182,808,0.9977142857142857,0.8833333333333332
93,10,175,815,0.9977142857142857,0.8833333333333332
94,9,168,823,0.9984285714285714,0.9100529100529102
95,8,162,830,0.9988571428571429,0.9255952380952381
96,8,158,834,0.9988571428571429,0.9255952380952381
97,7,146,847,0.999,0.9251700680272108
98,6,139,855,0.9991428571428571,0.9246031746031745
99,5,133,862,0.9994285714285714,0.9428571428571428
100,4,128,868,0.9995714285714286,0.9464285714285715
101,4,125,871,0.9995714285714286,0.9464285714285715
102,4,123,873,0.9995714285714286,0.9464285714285715
103,4,118,878,0.9995714285714286,0.9464285714285715
104,4,113,883,0.9995714285714286,0.9464285714285715
105,4,109,887,0.9995714285714286,0.9464285714285715
106,4,105,891,0.9995714285714286,0.9464285714285715
107,4,102,894,0.9995714285714286,0.9464285714285715
108,4,99,897,0.9995714285714286,0.9464285714285715
109,4,94,902,0.9995714285714286,0.9464285714285715
110,4,86,910,0.9995714285714286,0.9464285714285715
111,4,84,912,0.9995714285714286,0.9464285714285715
112,4,81,915,0.9997142857142857,0.9642857142857144
113,4,77,919,0.9997142857142857,0.9642857142857144
114,4,74,922,0.9997142857142857,0.9642857142857144
115,4,71,925,0.9997142857142857,0.9642857142857144
116,3,71,926,0.9998571428571429,0.9761904761904763
117,3,70,927,0.9998571428571429,0.9761904761904763
118,2,68,930,1.0,1.0
119,2,65,933,1.0,1.0
120,2,64,934,1.0,1.0
121,2,61,937,1.0,1.0
122,2,60,938,1.0,1.0
123,2,55,943,1.0,1.0
124,2,49,949,1.0,1.0
125,2,46,952,1.0,1.0
126,2,45,953,1.0,1.0
127,2,41,957,1.0,1.0
128,2,39,959,1.0,1.0
129,2,35,963,1.0,1.0
130,2,32,966,1.0,1.0
131,2,31,967,1.0,1.0
132,2,29,969,1.0,1.0
133,2,27,971,1.0,1.0
134,2,27,971,1.0,1.0
135,2,23,975,1.0,1.0
136,2,22,976,1.0,1.0
137,2,22,976,1.0,1.0
138,2,20,978,1.0,1.0
139,2,18,980,1.0,1.0
140,2,18,980,1.0,1.0
141,2,17,981,1.0,1.0
142,2,17,981,1.0,1.0
143,2,17,981,1.0,1.0
144,2,17,981,1.0,1.0
145,2,17,981,1.0,1.0
146,2,14,984,1.0,1.0
147,2,14,984,1.0,1.0
148,2,14,984,1.0,1.0
149,2,14,984,1.0,1.0
150,2,13,985,1.0,1.0
151,2,11,987,1.0,1.0
152,2,11,987,1.0,1.0
153,2,11,987,1.0,1.0
154,2,11,987,1.0,1.0
155,2,10,988,1.0,1.0
156,2,10,988,1.0,1.0
157,2,10,988,1.0,1.0
158,2,9,989,1.0,1.0
159,2,9,989,1.0,1.0
160,2,9,989,1.0,1.0
161,2,9,989,1.0,1.0
162,2,8,990,1.0,1.0
163,2,8,990,1.0,1.0
164,2,6,992,1.0,1.0
165,2,5,993,1.0,1.0
166,2,5,993,1.0,1.0
167,2,5,993,1.0,1.0
168,2,5,993,1.0,1.0
169,2,5,993,1.0,1.0
170,2,5,993,1.0,1.0
171,2,5,993,1.0,1.0
172,2,5,993,1.0,1.0
173,2,5,993,1.0,1.0
174,2,5,993,1.0,1.0
175,2,5,993,1.0,1.0
176,2,5,993,1.0,1.0
177,2,4,994,1.0,1.0
178,2,4,994,1.0,1.0
179,2,4,994,1.0,1.0
180,2,4,994,1.0,1.0
181,2,4,994,1.0,1.0
182,2,4,994,1.0,1.0
183,2,4,994,1.0,1.0
184,2,4,994,1.0,1.0
185,2,4,994,1.0,1.0
186,2,4,994,1.0,1.0
187,2,4,994,1.0,1.0
188,2,3,995,1.0,1.0
189,2,3,995,1.0,1.0
190,2,3,995,1.0,1.0
191,2,3,995,1.0,1.0
192,2,3,995,1.0,1.0
193,2,3,995,1.0,1.0
194,2,3,995,1.0,1.0
195,2,2,996,1.0,1.0
196,2,2,996,1.0,1.0
197,2,2,996,1.0,1.0
198,2,1,997,1.0,1.0
199,2,1,997,1.0,1.0
200,2,1,997,1.0,1.0
1,998,1,1,1.0,1.0
2,998,1,1,1.0,1.0
3,998,1,1,1.0,1.0
4,998,1,1,1.0,1.0
5,996,3,1,0.9972857142857143,0.9986359356841285
6,996,3,1,0.9972857142857143,0.9986359356841285
7,994,5,1,0.9965714285714286,0.9982683647673588
8,991,6,3,0.9962857142857143,0.9981348621106442
9,989,7,4,0.9955714285714286,0.9977596047363488
10,989,7,4,0.9955714285714286,0.9977596047363488
11,987,8,5,0.9955714285714286,0.9977550649283171
12,987,8,5,0.9955714285714286,0.9977550649283171
13,987,7,6,0.9967142857142857,0.9983395867894348
14,986,7,7,0.9962857142857143,0.9981261470105284
15,984,9,7,0.9951428571428571,0.9975561362756484
16,984,8,8,0.9957142857142857,0.9978416569879984
17,984,8,8,0.9957142857142857,0.9978416569879984
18,982,10,8,0.9944285714285714,0.997177771312191
19,980,12,8,0.9937142857142857,0.9968124392614188
20,979,13,8,0.9937142857142857,0.9968091833260373
21,975,16,9,0.991,0.9953970132431671
22,970,21,9,0.9904285714285714,0.99509837241796
23,968,22,10,0.9902857142857143,0.9950136984227893
24,965,23,12,0.99,0.9948657214978459
25,962,25,13,0.988,0.9937717514640592
26,959,26,15,0.9892857142857143,0.9944153517667594
27,956,29,15,0.9864285714285714,0.9928962251137984
28,949,35,16,0.9822857142857143,0.9906869386321441
29,945,39,16,0.9808571428571429,0.989888559412369
30,938,46,16,0.9805714285714285,0.9896963377773612
31,935,48,17,0.9791428571428571,0.9888918924213042
32,927,55,18,0.9787142857142858,0.988577118674206
33,922,60,18,0.9772857142857143,0.9877114570173139
34,914,62,24,0.9784285714285714,0.9881753913482578
35,905,68,27,0.9754285714285714,0.9864019589986441
36,891,77,32,0.9708571428571429,0.9835185390740946
37,881,83,36,0.9687142857142857,0.9821412979755771
38,866,96,38,0.963,0.9785485503492569
39,853,103,44,0.9591428571428572,0.9759553275724575
40,840,109,51,0.9545714285714286,0.9729042001415952
41,824,121,55,0.9485714285714286,0.9687577009892829
42,813,127,60,0.947,0.9673674238358414
43,803,133,64,0.9452857142857143,0.9658064873616848
44,791,141,68,0.9398571428571428,0.9618053484157448
45,774,152,74,0.9334285714285714,0.9568526675229823
46,757,159,84,0.9288571428571428,0.9527587805775698
47,740,168,92,0.9262857142857143,0.9498551250021839
48,717,184,99,0.9252857142857143,0.9475902392927991
49,696,197,107,0.9185714285714286,0.9411740674386466
50,669,215,116,0.9147142857142857,0.9360159408134876
51,648,224,128,0.9042857142857142,0.9258661809928149
52,629,233,138,0.8972857142857142,0.9180746861542709
53,600,245,155,0.893,0.9105111775479422
54,569,267,164,0.8871428571428571,0.9005523853451073
55,542,286,172,0.879,0.8881575636215314
56,509,307,184,0.8791428571428571,0.8810564652035818
57,474,330,196,0.8757142857142857,0.8686949447094645
58,447,341,212,0.8825714285714286,0.8684486933648007
59,419,355,226,0.8884285714285715,0.8666354131151269
60,402,361,237,0.886,0.858093461265103
61,375,374,251,0.8902857142857142,0.8537255189255188
62,352,385,263,0.89,0.8441375031218782
63,329,399,272,0.8917142857142857,0.8359116314283486
64,307,409,284,0.8978571428571429,0.8343309649091407
65,292,409,299,0.9008571428571429,0.8308418322545035
66,279,403,318,0.9042857142857142,0.8292712066905615
67,269,400,331,0.907,0.8281523618884213
68,260,397,343,0.9074285714285715,0.8228270287404902
69,237,409,354,0.9097142857142857,0.8100508492913556
70,220,406,374,0.9122857142857143,0.8010418747918746
71,203,402,395,0.9201428571428572,0.8038653259712373
72,185,407,408,0.9212857142857143,0.788106128106128
73,164,411,425,0.9225714285714286,0.7647634124006075
74,150,413,437,0.9272857142857143,0.7592548840048841
75,141,412,447,0.928,0.7460729872963916
76,132,397,471,0.933,0.7474615662115661
77,121,394,485,0.9378571428571428,0.7438992825356462
78,104,393,503,0.9434285714285714,0.7283962031558187
79,97,387,516,0.9437142857142857,0.7094407310902155
80,87,382,531,0.9505714285714286,0.7152330428192497
81,76,379,545,0.9525714285714286,0.6877674956622325
82,67,377,556,0.9545714285714286,0.6614564539937674
83,61,370,569,0.9598571428571429,0.6711643547709121
84,57,364,579,0.9624285714285714,0.6704517704517705
85,55,348,597,0.9644285714285714,0.6767499167499167
86,51,339,610,0.9665714285714285,0.6730517848164908
87,49,335,616,0.9684285714285714,0.6780743066457352
88,43,330,627,0.9732857142857143,0.6909617514268677
89,41,320,639,0.9755714285714285,0.7038952917001697
90,39,309,652,0.9787142857142858,0.7291631445477599
91,34,299,667,0.982,0.7384615384615385
92,30,290,680,0.9842857142857143,0.7429426129426129
93,26,285,689,0.9867142857142858,0.7502817695125386
94,22,273,705,0.988,0.7332334332334333
95,21,261,718,0.9891428571428571,0.7472876330019188
96,19,252,729,0.9902857142857143,0.7510507036822827
97,18,251,731,0.9902857142857143,0.7369149369149368
98,18,241,741,0.9911428571428571,0.7605006105006106
99,17,231,752,0.9921428571428571,0.774703727644904
100,17,222,761,0.9927142857142857,0.7912303382891618
101,16,215,769,0.9941428571428571,0.8222298534798536
102,14,210,776,0.9951428571428571,0.8333333333333333
103,14,202,784,0.9955714285714286,0.8482993197278912
104,11,199,790,0.9968571428571429,0.8623376623376623
105,9,194,797,0.9978571428571429,0.883068783068783
106,8,182,810,0.9985714285714286,0.9125
107,7,172,821,0.999,0.9292517006802721
108,7,167,826,0.999,0.9292517006802721
109,5,164,831,0.9997142857142857,0.9714285714285715
110,5,159,836,0.9997142857142857,0.9714285714285715
111,5,153,842,0.9997142857142857,0.9714285714285715
112,5,148,847,0.9997142857142857,0.9714285714285715
113,5,141,854,0.9997142857142857,0.9714285714285715
114,5,135,860,0.9997142857142857,0.9714285714285715
115,5,131,864,0.9997142857142857,0.9714285714285715
116,5,128,867,0.9997142857142857,0.9714285714285715
117,5,119,876,0.9998571428571429,0.9857142857142858
118,4,118,878,0.9998571428571429,0.9821428571428572
119,4,116,880,0.9998571428571429,0.9821428571428572
120,4,113,883,0.9998571428571429,0.9821428571428572
121,4,108,888,0.9998571428571429,0.9821428571428572
122,4,101,895,0.9998571428571429,0.9821428571428572
123,4,98,898,0.9998571428571429,0.9821428571428572
124,3,98,899,1.0,1.0
125,3,92,905,1.0,1.0
126,3,86,911,1.0,1.0
127,3,83,914,1.0,1.0
128,3,79,918,1.0,1.0
129,3,79,918,1.0,1.0
130,3,75,922,1.0,1.0
131,3,72,925,1.0,1.0
132,3,71,926,1.0,1.0
133,3,66,931,1.0,1.0
134,3,63,934,1.0,1.0
135,3,59,938,1.0,1.0
136,3,55,942,1.0,1.0
137,3,53,944,1.0,1.0
138,3,52,945,1.0,1.0
139,3,50,947,1.0,1.0
140,3,48,949,1.0,1.0
141,3,45,952,1.0,1.0
142,3,43,954,1.0,1.0
143,3,41,956,1.0,1.0
144,3,40,957,1.0,1.0
145,2,39,959,1.0,1.0
146,2,35,963,1.0,1.0
147,2,33,965,1.0,1.0
148,2,33,965,1.0,1.0
149,2,30,968,1.0,1.0
150,2,29,969,1.0,1.0
151,2,28,970,1.0,1.0
152,2,27,971,1.0,1.0
153,2,27,971,1.0,1.0
154,2,25,973,1.0,1.0
155,2,25,973,1.0,1.0
156,2,22,976,1.0,1.0
157,2,22,976,1.0,1.0
158,2,21,977,1.0,1.0
159,2,20,978,1.0,1.0
160,2,19,979,1.0,1.0
161,2,18,980,1.0,1.0
162,2,18,980,1.0,1.0
163,2,18,980,1.0,1.0
164,2,16,982,1.0,1.0
165,2,16,982,1.0,1.0
166,2,15,983,1.0,1.0
167,2,13,985,1.0,1.0
168,2,13,985,1.0,1.0
169,2,13,985,1.0,1.0
170,2,13,985,1.0,1.0
171,2,12,986,1.0,1.0
172,2,12,986,1.0,1.0
173,2,11,987,1.0,1.0
174,2,11,987,1.0,1.0
175,2,11,987,1.0,1.0
176,2,10,988,1.0,1.0
177,2,9,989,1.0,1.0
178,2,9,989,1.0,1.0
179,2,7,991,1.0,1.0
180,2,7,991,1.0,1.0
181,2,7,991,1.0,1.0
182,2,7,991,1.0,1.0
183,2,7,991,1.0,1.0
184,2,7,991,1.0,1.0
185,2,7,991,1.0,1.0
186,2,7,991,1.0,1.0
187,2,7,991,1.0,1.0
188,2,7,991,1.0,1.0
189,2,7,991,1.0,1.0
190,2,7,991,1.0,1.0
191,2,6,992,1.0,1.0
192,2,6,992,1.0,1.0
193,2,6,992,1.0,1.0
194,2,5,993,1.0,1.0
195,2,5,993,1.0,1.0
196,2,4,994,1.0,1.0
197,2,3,995,1.0,1.0
198,2,3,995,1.0,1.0
199,2,2,996,1.0,1.0
200,2,2,996,1.0,1.0
