day,s,i,r,edgecount,suscedgecount
1,999,1,0,1.0,1.0
2,999,1,0,1.0,1.0
3,998,2,0,0.9995,0.9996659986639946
4,997,3,0,0.9995,0.9996656636576395
5,995,5,0,0.9995,0.999748743718593
6,995,5,0,0.9995,0.999748743718593
7,994,6,0,0.999,0.9994969818913481
8,993,7,0,0.999,0.999496475327291
9,992,8,0,0.998,0.998991935483871
10,992,8,0,0.998,0.998991935483871
11,991,9,0,0.9975,0.9987386478304743
12,988,12,0,0.9975,0.9987348178137652
13,987,12,1,0.9975,0.9987335359675785
14,986,12,2,0.997,0.9984787018255578
15,986,11,3,0.9975,0.9987322515212982
16,984,13,3,0.9975,0.998729674796748
17,984,11,5,0.9985,0.9992378048780488
18,983,12,5,0.9985,0.9992370295015259
19,983,12,5,0.9985,0.9992370295015259
20,980,13,7,0.9985,0.999234693877551
21,980,12,8,0.999,0.9994897959183674
22,980,12,8,0.999,0.9994897959183674
23,980,12,8,0.999,0.9994897959183674
24,978,13,9,0.9985,0.9992331288343558
25,977,13,10,0.9985,0.9992323439099283
26,977,12,11,0.9985,0.9992323439099283
27,976,13,11,0.998,0.9989754098360656
28,975,13,12,0.9975,0.9987179487179487
29,974,14,12,0.997,0.9984599589322382
30,973,13,14,0.997,0.9984583761562179
31,971,15,14,0.997,0.9984552008238929
32,971,15,14,0.997,0.9984552008238929
33,969,16,15,0.998,0.9989680082559339
34,969,15,16,0.9985,0.9992260061919505
35,967,16,17,0.9985,0.999224405377456
36,965,17,18,0.9985,0.9992227979274612
37,964,18,18,0.998,0.9989626556016598
38,963,18,19,0.9975,0.9987019730010385
39,963,17,20,0.998,0.9989615784008308
40,961,17,22,0.9975,0.9986992715920916
41,959,18,23,0.997,0.9984358706986444
42,958,19,23,0.9965,0.9981732776617954
43,958,19,23,0.9965,0.9981732776617954
44,958,18,24,0.9965,0.9981732776617954
45,958,16,26,0.997,0.9984342379958246
46,957,17,26,0.9965,0.9981713688610241
47,956,17,27,0.9975,0.9984309623430963
48,955,15,30,0.9985,0.9989528795811519
49,954,16,30,0.9985,0.9989517819706499
50,954,15,31,0.9985,0.9989517819706499
51,954,15,31,0.9985,0.9989517819706499
52,954,14,32,0.999,0.999475890985325
53,954,14,32,0.999,0.999475890985325
54,954,14,32,0.999,0.999475890985325
55,954,14,32,0.999,0.999475890985325
56,954,14,32,0.999,0.999475890985325
57,953,14,33,0.999,0.9994753410283316
58,953,13,34,0.999,0.9994753410283316
59,953,13,34,0.999,0.9994753410283316
60,953,13,34,0.999,0.9994753410283316
61,953,12,35,0.999,0.9994753410283316
62,953,12,35,0.999,0.9994753410283316
63,952,13,35,0.9985,0.9992121848739496
64,951,14,35,0.999,0.9994742376445847
65,951,14,35,0.999,0.9994742376445847
66,950,15,35,0.9985,0.9992631578947367
67,950,14,36,0.9985,0.9992631578947367
68,949,14,37,0.9985,0.9992623814541622
69,949,14,37,0.9985,0.9992623814541622
70,949,14,37,0.9985,0.9992623814541622
71,947,15,38,0.999,0.9994720168954594
72,947,14,39,0.9995,0.9997360084477297
73,947,13,40,1.0,1.0
74,947,13,40,1.0,1.0
75,947,13,40,1.0,1.0
76,947,12,41,1.0,1.0
77,947,11,42,1.0,1.0
78,947,11,42,1.0,1.0
79,947,10,43,1.0,1.0
80,947,10,43,1.0,1.0
81,946,11,43,0.9995,0.9997885835095137
82,945,11,44,0.9995,0.9997883597883598
83,945,11,44,0.9995,0.9997883597883598
84,944,12,44,0.9995,0.9997351694915254
85,943,12,45,1.0,1.0
86,943,12,45,1.0,1.0
87,943,12,45,1.0,1.0
88,943,12,45,1.0,1.0
89,943,11,46,1.0,1.0
90,942,12,46,1.0,1.0
91,942,12,46,1.0,1.0
92,942,12,46,1.0,1.0
93,942,12,46,1.0,1.0
94,941,12,47,0.9995,0.9997343251859724
95,941,11,48,0.9995,0.9997343251859724
96,940,12,48,0.999,0.999468085106383
97,940,12,48,0.999,0.999468085106383
98,940,12,48,0.999,0.999468085106383
99,940,12,48,0.999,0.999468085106383
100,938,14,48,0.9975,0.9986673773987207
101,937,13,50,0.9975,0.9985770188545001
102,936,14,50,0.9975,0.9985754985754985
103,935,15,50,0.9975,0.9985739750445632
104,933,17,50,0.9975,0.998570918185066
105,932,18,50,0.9965,0.998032904148784
106,932,18,50,0.9965,0.998032904148784
107,931,19,50,0.9965,0.998030791263874
108,931,19,50,0.9965,0.998030791263874
109,931,19,50,0.9965,0.998030791263874
110,930,18,52,0.9965,0.9977598566308243
111,930,17,53,0.997,0.9980286738351254
112,930,16,54,0.9975,0.9982974910394264
113,930,15,55,0.998,0.9985663082437276
114,930,15,55,0.998,0.9985663082437276
115,930,14,56,0.9985,0.9989247311827957
116,930,13,57,0.999,0.9991935483870967
117,929,14,57,0.9985,0.9989235737351991
118,929,14,57,0.9985,0.9989235737351991
119,928,15,57,0.9985,0.9989224137931034
120,926,15,59,0.998,0.9986501079913607
121,925,16,59,0.998,0.9986486486486487
122,925,16,59,0.998,0.9986486486486487
123,924,17,59,0.9975,0.9983766233766234
124,923,17,60,0.9975,0.9983748645720477
125,921,17,62,0.997,0.998099891422367
126,920,16,64,0.996,0.997554347826087
127,917,19,64,0.9965,0.9978735005452563
128,916,18,66,0.9975,0.9984170305676855
129,916,18,66,0.9975,0.9984170305676855
130,916,16,68,0.998,0.9986353711790393
131,913,19,68,0.9975,0.9983570646221248
132,912,20,68,0.9975,0.9983552631578947
133,912,19,69,0.998,0.9986293859649122
134,912,18,70,0.998,0.9986293859649122
135,911,18,71,0.997,0.99807903402854
136,910,19,71,0.997,0.9980769230769231
137,910,16,74,0.998,0.9986263736263736
138,910,15,75,0.998,0.9986263736263736
139,909,16,75,0.998,0.9986248624862486
140,908,16,76,0.997,0.9980726872246696
141,907,17,76,0.997,0.9980705622932745
142,906,16,78,0.9985,0.9988962472406181
143,905,17,78,0.9985,0.9988950276243094
144,904,15,81,0.999,0.9994469026548672
145,904,15,81,0.999,0.9994469026548672
146,903,14,83,0.999,0.9994462901439646
147,903,14,83,0.999,0.9994462901439646
148,902,14,84,0.9985,0.9991685144124168
149,902,13,85,0.999,0.9994456762749445
150,901,14,85,1.0,1.0
151,900,14,86,1.0,1.0
152,899,15,86,1.0,1.0
153,898,15,87,1.0,1.0
154,898,15,87,1.0,1.0
155,897,16,87,0.9995,0.999721293199554
156,895,18,87,0.9995,0.9997206703910615
157,894,19,87,0.9985,0.9990678598061148
158,893,19,88,0.9975,0.9985069055617768
159,891,21,88,0.998,0.9987841376730265
160,891,21,88,0.998,0.9987841376730265
161,889,23,88,0.996,0.9975628046494187
162,888,23,89,0.9965,0.9978415915915916
163,888,23,89,0.9965,0.9978415915915916
164,887,23,90,0.996,0.9975573092822247
165,887,23,90,0.996,0.9975573092822247
166,886,24,90,0.9965,0.997836719337848
167,884,25,91,0.9955,0.9971719457013575
168,884,25,91,0.9955,0.9971719457013575
169,883,24,93,0.997,0.9982068705171763
170,882,24,94,0.9965,0.9979213907785336
171,880,26,94,0.9955,0.9972537878787879
172,878,26,96,0.9945,0.9966780561883068
173,877,26,97,0.995,0.9969593310528316
174,877,25,98,0.9955,0.9972443937666287
175,874,27,99,0.9965,0.9979977116704806
176,872,29,99,0.996,0.9977064220183486
177,872,29,99,0.996,0.9977064220183486
178,872,29,99,0.996,0.9977064220183486
179,870,31,99,0.995,0.9971264367816092
180,868,32,100,0.9945,0.996831797235023
181,868,29,103,0.9955,0.9974078341013825
182,867,29,104,0.995,0.9971164936562861
183,866,29,105,0.9945,0.996824480369515
184,865,30,105,0.994,0.9965317919075144
185,865,28,107,0.994,0.9965317919075144
186,865,26,109,0.9945,0.9968208092485549
187,863,28,109,0.9935,0.996234067207416
188,861,29,110,0.9935,0.9962253193960511
189,860,28,112,0.994,0.9965116279069768
190,860,27,113,0.994,0.9965116279069768
191,860,27,113,0.994,0.9965116279069768
192,859,28,113,0.9935,0.9959254947613504
193,859,26,115,0.9945,0.9965075669383003
194,858,27,115,0.994,0.9962121212121212
195,856,28,116,0.9935,0.9962616822429906
196,854,28,118,0.993,0.9959601873536299
197,852,29,119,0.9935,0.996244131455399
198,852,28,120,0.9935,0.996244131455399
199,850,26,124,0.9935,0.996235294117647
200,850,24,126,0.994,0.9965294117647058
1,999,1,0,1.0,1.0
2,998,2,0,0.999,0.999498997995992
3,998,2,0,0.999,0.999498997995992
4,998,2,0,0.999,0.999498997995992
5,998,2,0,0.999,0.999498997995992
6,998,2,0,0.999,0.999498997995992
7,998,2,0,0.999,0.999498997995992
8,998,2,0,0.999,0.999498997995992
9,998,1,1,1.0,1.0
10,998,1,1,1.0,1.0
11,998,1,1,1.0,1.0
12,998,1,1,1.0,1.0
13,998,0,2,1.0,1.0
14,998,0,2,1.0,1.0
15,998,0,2,1.0,1.0
16,998,0,2,1.0,1.0
17,998,0,2,1.0,1.0
18,998,0,2,1.0,1.0
19,998,0,2,1.0,1.0
20,998,0,2,1.0,1.0
21,998,0,2,1.0,1.0
22,998,0,2,1.0,1.0
23,998,0,2,1.0,1.0
24,998,0,2,1.0,1.0
25,998,0,2,1.0,1.0
26,998,0,2,1.0,1.0
27,998,0,2,1.0,1.0
28,998,0,2,1.0,1.0
29,998,0,2,1.0,1.0
30,998,0,2,1.0,1.0
31,998,0,2,1.0,1.0
32,998,0,2,1.0,1.0
33,998,0,2,1.0,1.0
34,998,0,2,1.0,1.0
35,998,0,2,1.0,1.0
36,998,0,2,1.0,1.0
37,998,0,2,1.0,1.0
38,998,0,2,1.0,1.0
39,998,0,2,1.0,1.0
40,998,0,2,1.0,1.0
41,998,0,2,1.0,1.0
42,998,0,2,1.0,1.0
43,998,0,2,1.0,1.0
44,998,0,2,1.0,1.0
45,998,0,2,1.0,1.0
46,998,0,2,1.0,1.0
47,998,0,2,1.0,1.0
48,998,0,2,1.0,1.0
49,998,0,2,1.0,1.0
50,998,0,2,1.0,1.0
51,998,0,2,1.0,1.0
52,998,0,2,1.0,1.0
53,998,0,2,1.0,1.0
54,998,0,2,1.0,1.0
55,998,0,2,1.0,1.0
56,998,0,2,1.0,1.0
57,998,0,2,1.0,1.0
58,998,0,2,1.0,1.0
59,998,0,2,1.0,1.0
60,998,0,2,1.0,1.0
61,998,0,2,1.0,1.0
62,998,0,2,1.0,1.0
63,998,0,2,1.0,1.0
64,998,0,2,1.0,1.0
65,998,0,2,1.0,1.0
66,998,0,2,1.0,1.0
67,998,0,2,1.0,1.0
68,998,0,2,1.0,1.0
69,998,0,2,1.0,1.0
70,998,0,2,1.0,1.0
71,998,0,2,1.0,1.0
72,998,0,2,1.0,1.0
73,998,0,2,1.0,1.0
74,998,0,2,1.0,1.0
75,998,0,2,1.0,1.0
76,998,0,2,1.0,1.0
77,998,0,2,1.0,1.0
78,998,0,2,1.0,1.0
79,998,0,2,1.0,1.0
80,998,0,2,1.0,1.0
81,998,0,2,1.0,1.0
82,998,0,2,1.0,1.0
83,998,0,2,1.0,1.0
84,998,0,2,1.0,1.0
85,998,0,2,1.0,1.0
86,998,0,2,1.0,1.0
87,998,0,2,1.0,1.0
88,998,0,2,1.0,1.0
89,998,0,2,1.0,1.0
90,998,0,2,1.0,1.0
91,998,0,2,1.0,1.0
92,998,0,2,1.0,1.0
93,998,0,2,1.0,1.0
94,998,0,2,1.0,1.0
95,998,0,2,1.0,1.0
96,998,0,2,1.0,1.0
97,998,0,2,1.0,1.0
98,998,0,2,1.0,1.0
99,998,0,2,1.0,1.0
100,998,0,2,1.0,1.0
101,998,0,2,1.0,1.0
102,998,0,2,1.0,1.0
103,998,0,2,1.0,1.0
104,998,0,2,1.0,1.0
105,998,0,2,1.0,1.0
106,998,0,2,1.0,1.0
107,998,0,2,1.0,1.0
108,998,0,2,1.0,1.0
109,998,0,2,1.0,1.0
110,998,0,2,1.0,1.0
111,998,0,2,1.0,1.0
112,998,0,2,1.0,1.0
113,998,0,2,1.0,1.0
114,998,0,2,1.0,1.0
115,998,0,2,1.0,1.0
116,998,0,2,1.0,1.0
117,998,0,2,1.0,1.0
118,998,0,2,1.0,1.0
119,998,0,2,1.0,1.0
120,998,0,2,1.0,1.0
121,998,0,2,1.0,1.0
122,998,0,2,1.0,1.0
123,998,0,2,1.0,1.0
124,998,0,2,1.0,1.0
125,998,0,2,1.0,1.0
126,998,0,2,1.0,1.0
127,998,0,2,1.0,1.0
128,998,0,2,1.0,1.0
129,998,0,2,1.0,1.0
130,998,0,2,1.0,1.0
131,998,0,2,1.0,1.0
132,998,0,2,1.0,1.0
133,998,0,2,1.0,1.0
134,998,0,2,1.0,1.0
135,998,0,2,1.0,1.0
136,998,0,2,1.0,1.0
137,998,0,2,1.0,1.0
138,998,0,2,1.0,1.0
139,998,0,2,1.0,1.0
140,998,0,2,1.0,1.0
141,998,0,2,1.0,1.0
142,998,0,2,1.0,1.0
143,998,0,2,1.0,1.0
144,998,0,2,1.0,1.0
145,998,0,2,1.0,1.0
146,998,0,2,1.0,1.0
147,998,0,2,1.0,1.0
148,998,0,2,1.0,1.0
149,998,0,2,1.0,1.0
150,998,0,2,1.0,1.0
151,998,0,2,1.0,1.0
152,998,0,2,1.0,1.0
153,998,0,2,1.0,1.0
154,998,0,2,1.0,1.0
155,998,0,2,1.0,1.0
156,998,0,2,1.0,1.0
157,998,0,2,1.0,1.0
158,998,0,2,1.0,1.0
159,998,0,2,1.0,1.0
160,998,0,2,1.0,1.0
161,998,0,2,1.0,1.0
162,998,0,2,1.0,1.0
163,998,0,2,1.0,1.0
164,998,0,2,1.0,1.0
165,998,0,2,1.0,1.0
166,998,0,2,1.0,1.0
167,998,0,2,1.0,1.0
168,998,0,2,1.0,1.0
169,998,0,2,1.0,1.0
170,998,0,2,1.0,1.0
171,998,0,2,1.0,1.0
172,998,0,2,1.0,1.0
173,998,0,2,1.0,1.0
174,998,0,2,1.0,1.0
175,998,0,2,1.0,1.0
176,998,0,2,1.0,1.0
177,998,0,2,1.0,1.0
178,998,0,2,1.0,1.0
179,998,0,2,1.0,1.0
180,998,0,2,1.0,1.0
181,998,0,2,1.0,1.0
182,998,0,2,1.0,1.0
183,998,0,2,1.0,1.0
184,998,0,2,1.0,1.0
185,998,0,2,1.0,1.0
186,998,0,2,1.0,1.0
187,998,0,2,1.0,1.0
188,998,0,2,1.0,1.0
189,998,0,2,1.0,1.0
190,998,0,2,1.0,1.0
191,998,0,2,1.0,1.0
192,998,0,2,1.0,1.0
193,998,0,2,1.0,1.0
194,998,0,2,1.0,1.0
195,998,0,2,1.0,1.0
196,998,0,2,1.0,1.0
197,998,0,2,1.0,1.0
198,998,0,2,1.0,1.0
199,998,0,2,1.0,1.0
200,998,0,2,1.0,1.0
1,999,1,0,1.0,1.0
2,999,0,1,1.0,1.0
3,999,0,1,1.0,1.0
4,999,0,1,1.0,1.0
5,999,0,1,1.0,1.0
6,999,0,1,1.0,1.0
7,999,0,1,1.0,1.0
8,999,0,1,1.0,1.0
9,999,0,1,1.0,1.0
10,999,0,1,1.0,1.0
11,999,0,1,1.0,1.0
12,999,0,1,1.0,1.0
13,999,0,1,1.0,1.0
14,999,0,1,1.0,1.0
15,999,0,1,1.0,1.0
16,999,0,1,1.0,1.0
17,999,0,1,1.0,1.0
18,999,0,1,1.0,1.0
19,999,0,1,1.0,1.0
20,999,0,1,1.0,1.0
21,999,0,1,1.0,1.0
22,999,0,1,1.0,1.0
23,999,0,1,1.0,1.0
24,999,0,1,1.0,1.0
25,999,0,1,1.0,1.0
26,999,0,1,1.0,1.0
27,999,0,1,1.0,1.0
28,999,0,1,1.0,1.0
29,999,0,1,1.0,1.0
30,999,0,1,1.0,1.0
31,999,0,1,1.0,1.0
32,999,0,1,1.0,1.0
33,999,0,1,1.0,1.0
34,999,0,1,1.0,1.0
35,999,0,1,1.0,1.0
36,999,0,1,1.0,1.0
37,999,0,1,1.0,1.0
38,999,0,1,1.0,1.0
39,999,0,1,1.0,1.0
40,999,0,1,1.0,1.0
41,999,0,1,1.0,1.0
42,999,0,1,1.0,1.0
43,999,0,1,1.0,1.0
44,999,0,1,1.0,1.0
45,999,0,1,1.0,1.0
46,999,0,1,1.0,1.0
47,999,0,1,1.0,1.0
48,999,0,1,1.0,1.0
49,999,0,1,1.0,1.0
50,999,0,1,1.0,1.0
51,999,0,1,1.0,1.0
52,999,0,1,1.0,1.0
53,999,0,1,1.0,1.0
54,999,0,1,1.0,1.0
55,999,0,1,1.0,1.0
56,999,0,1,1.0,1.0
57,999,0,1,1.0,1.0
58,999,0,1,1.0,1.0
59,999,0,1,1.0,1.0
60,999,0,1,1.0,1.0
61,999,0,1,1.0,1.0
62,999,0,1,1.0,1.0
63,999,0,1,1.0,1.0
64,999,0,1,1.0,1.0
65,999,0,1,1.0,1.0
66,999,0,1,1.0,1.0
67,999,0,1,1.0,1.0
68,999,0,1,1.0,1.0
69,999,0,1,1.0,1.0
70,999,0,1,1.0,1.0
71,999,0,1,1.0,1.0
72,999,0,1,1.0,1.0
73,999,0,1,1.0,1.0
74,999,0,1,1.0,1.0
75,999,0,1,1.0,1.0
76,999,0,1,1.0,1.0
77,999,0,1,1.0,1.0
78,999,0,1,1.0,1.0
79,999,0,1,1.0,1.0
80,999,0,1,1.0,1.0
81,999,0,1,1.0,1.0
82,999,0,1,1.0,1.0
83,999,0,1,1.0,1.0
84,999,0,1,1.0,1.0
85,999,0,1,1.0,1.0
86,999,0,1,1.0,1.0
87,999,0,1,1.0,1.0
88,999,0,1,1.0,1.0
89,999,0,1,1.0,1.0
90,999,0,1,1.0,1.0
91,999,0,1,1.0,1.0
92,999,0,1,1.0,1.0
93,999,0,1,1.0,1.0
94,999,0,1,1.0,1.0
95,999,0,1,1.0,1.0
96,999,0,1,1.0,1.0
97,999,0,1,1.0,1.0
98,999,0,1,1.0,1.0
99,999,0,1,1.0,1.0
100,999,0,1,1.0,1.0
101,999,0,1,1.0,1.0
102,999,0,1,1.0,1.0
103,999,0,1,1.0,1.0
104,999,0,1,1.0,1.0
105,999,0,1,1.0,1.0
106,999,0,1,1.0,1.0
107,999,0,1,1.0,1.0
108,999,0,1,1.0,1.0
109,999,0,1,1.0,1.0
110,999,0,1,1.0,1.0
111,999,0,1,1.0,1.0
112,999,0,1,1.0,1.0
113,999,0,1,1.0,1.0
114,999,0,1,1.0,1.0
115,999,0,1,1.0,1.0
116,999,0,1,1.0,1.0
117,999,0,1,1.0,1.0
118,999,0,1,1.0,1.0
119,999,0,1,1.0,1.0
120,999,0,1,1.0,1.0
121,999,0,1,1.0,1.0
122,999,0,1,1.0,1.0
123,999,0,1,1.0,1.0
124,999,0,1,1.0,1.0
125,999,0,1,1.0,1.0
126,999,0,1,1.0,1.0
127,999,0,1,1.0,1.0
128,999,0,1,1.0,1.0
129,999,0,1,1.0,1.0
130,999,0,1,1.0,1.0
131,999,0,1,1.0,1.0
132,999,0,1,1.0,1.0
133,999,0,1,1.0,1.0
134,999,0,1,1.0,1.0
135,999,0,1,1.0,1.0
136,999,0,1,1.0,1.0
137,999,0,1,1.0,1.0
138,999,0,1,1.0,1.0
139,999,0,1,1.0,1.0
140,999,0,1,1.0,1.0
141,999,0,1,1.0,1.0
142,999,0,1,1.0,1.0
143,999,0,1,1.0,1.0
144,999,0,1,1.0,1.0
145,999,0,1,1.0,1.0
146,999,0,1,1.0,1.0
147,999,0,1,1.0,1.0
148,999,0,1,1.0,1.0
149,999,0,1,1.0,1.0
150,999,0,1,1.0,1.0
151,999,0,1,1.0,1.0
152,999,0,1,1.0,1.0
153,999,0,1,1.0,1.0
154,999,0,1,1.0,1.0
155,999,0,1,1.0,1.0
156,999,0,1,1.0,1.0
157,999,0,1,1.0,1.0
158,999,0,1,1.0,1.0
159,999,0,1,1.0,1.0
160,999,0,1,1.0,1.0
161,999,0,1,1.0,1.0
162,999,0,1,1.0,1.0
163,999,0,1,1.0,1.0
164,999,0,1,1.0,1.0
165,999,0,1,1.0,1.0
166,999,0,1,1.0,1.0
167,999,0,1,1.0,1.0
168,999,0,1,1.0,1.0
169,999,0,1,1.0,1.0
170,999,0,1,1.0,1.0
171,999,0,1,1.0,1.0
172,999,0,1,1.0,1.0
173,999,0,1,1.0,1.0
174,999,0,1,1.0,1.0
175,999,0,1,1.0,1.0
176,999,0,1,1.0,1.0
177,999,0,1,1.0,1.0
178,999,0,1,1.0,1.0
179,999,0,1,1.0,1.0
180,999,0,1,1.0,1.0
181,999,0,1,1.0,1.0
182,999,0,1,1.0,1.0
183,999,0,1,1.0,1.0
184,999,0,1,1.0,1.0
185,999,0,1,1.0,1.0
186,999,0,1,1.0,1.0
187,999,0,1,1.0,1.0
188,999,0,1,1.0,1.0
189,999,0,1,1.0,1.0
190,999,0,1,1.0,1.0
191,999,0,1,1.0,1.0
192,999,0,1,1.0,1.0
193,999,0,1,1.0,1.0
194,999,0,1,1.0,1.0
195,999,0,1,1.0,1.0
196,999,0,1,1.0,1.0
197,999,0,1,1.0,1.0
198,999,0,1,1.0,1.0
199,999,0,1,1.0,1.0
200,999,0,1,1.0,1.0
1,999,1,0,1.0,1.0
2,999,1,0,1.0,1.0
3,998,2,0,0.9995,0.999749498997996
4,998,2,0,0.9995,0.999749498997996
5,998,2,0,0.9995,0.999749498997996
6,997,2,1,0.9995,0.9997492477432297
7,997,1,2,1.0,1.0
8,997,1,2,1.0,1.0
9,996,2,2,0.999,0.9994979919678715
10,995,3,2,0.9995,0.999748743718593
11,994,4,2,0.9995,0.9997987927565392
12,994,3,3,1.0,1.0
13,994,3,3,1.0,1.0
14,994,3,3,1.0,1.0
15,994,3,3,1.0,1.0
16,994,3,3,1.0,1.0
17,994,3,3,1.0,1.0
18,994,3,3,1.0,1.0
19,994,3,3,1.0,1.0
20,994,3,3,1.0,1.0
21,994,3,3,1.0,1.0
22,994,3,3,1.0,1.0
23,994,3,3,1.0,1.0
24,993,4,3,0.9995,0.9997985901309163
25,993,4,3,0.9995,0.9997985901309163
26,993,4,3,0.9995,0.9997985901309163
27,993,4,3,0.9995,0.9997985901309163
28,993,4,3,0.9995,0.9997985901309163
29,993,4,3,0.9995,0.9997985901309163
30,993,4,3,0.9995,0.9997985901309163
31,993,3,4,1.0,1.0
32,993,3,4,1.0,1.0
33,993,3,4,1.0,1.0
34,993,3,4,1.0,1.0
35,993,3,4,1.0,1.0
36,992,3,5,0.999,0.9995463709677419
37,991,4,5,0.9995,0.9997477295660948
38,991,4,5,0.9995,0.9997477295660948
39,991,4,5,0.9995,0.9997477295660948
40,991,3,6,1.0,1.0
41,991,3,6,1.0,1.0
42,991,3,6,1.0,1.0
43,991,3,6,1.0,1.0
44,991,3,6,1.0,1.0
45,990,4,6,1.0,1.0
46,990,4,6,1.0,1.0
47,990,3,7,1.0,1.0
48,990,3,7,1.0,1.0
49,990,3,7,1.0,1.0
50,990,3,7,1.0,1.0
51,990,2,8,1.0,1.0
52,990,2,8,1.0,1.0
53,990,2,8,1.0,1.0
54,990,1,9,1.0,1.0
55,990,0,10,1.0,1.0
56,990,0,10,1.0,1.0
57,990,0,10,1.0,1.0
58,990,0,10,1.0,1.0
59,990,0,10,1.0,1.0
60,990,0,10,1.0,1.0
61,990,0,10,1.0,1.0
62,990,0,10,1.0,1.0
63,990,0,10,1.0,1.0
64,990,0,10,1.0,1.0
65,990,0,10,1.0,1.0
66,990,0,10,1.0,1.0
67,990,0,10,1.0,1.0
68,990,0,10,1.0,1.0
69,990,0,10,1.0,1.0
70,990,0,10,1.0,1.0
71,990,0,10,1.0,1.0
72,990,0,10,1.0,1.0
73,990,0,10,1.0,1.0
74,990,0,10,1.0,1.0
75,990,0,10,1.0,1.0
76,990,0,10,1.0,1.0
77,990,0,10,1.0,1.0
78,990,0,10,1.0,1.0
79,990,0,10,1.0,1.0
80,990,0,10,1.0,1.0
81,990,0,10,1.0,1.0
82,990,0,10,1.0,1.0
83,990,0,10,1.0,1.0
84,990,0,10,1.0,1.0
85,990,0,10,1.0,1.0
86,990,0,10,1.0,1.0
87,990,0,10,1.0,1.0
88,990,0,10,1.0,1.0
89,990,0,10,1.0,1.0
90,990,0,10,1.0,1.0
91,990,0,10,1.0,1.0
92,990,0,10,1.0,1.0
93,990,0,10,1.0,1.0
94,990,0,10,1.0,1.0
95,990,0,10,1.0,1.0
96,990,0,10,1.0,1.0
97,990,0,10,1.0,1.0
98,990,0,10,1.0,1.0
99,990,0,10,1.0,1.0
100,990,0,10,1.0,1.0
101,990,0,10,1.0,1.0
102,990,0,10,1.0,1.0
103,990,0,10,1.0,1.0
104,990,0,10,1.0,1.0
105,990,0,10,1.0,1.0
106,990,0,10,1.0,1.0
107,990,0,10,1.0,1.0
108,990,0,10,1.0,1.0
109,990,0,10,1.0,1.0
110,990,0,10,1.0,1.0
111,990,0,10,1.0,1.0
112,990,0,10,1.0,1.0
113,990,0,10,1.0,1.0
114,990,0,10,1.0,1.0
115,990,0,10,1.0,1.0
116,990,0,10,1.0,1.0
117,990,0,10,1.0,1.0
118,990,0,10,1.0,1.0
119,990,0,10,1.0,1.0
120,990,0,10,1.0,1.0
121,990,0,10,1.0,1.0
122,990,0,10,1.0,1.0
123,990,0,10,1.0,1.0
124,990,0,10,1.0,1.0
125,990,0,10,1.0,1.0
126,990,0,10,1.0,1.0
127,990,0,10,1.0,1.0
128,990,0,10,1.0,1.0
129,990,0,10,1.0,1.0
130,990,0,10,1.0,1.0
131,990,0,10,1.0,1.0
132,990,0,10,1.0,1.0
133,990,0,10,1.0,1.0
134,990,0,10,1.0,1.0
135,990,0,10,1.0,1.0
136,990,0,10,1.0,1.0
137,990,0,10,1.0,1.0
138,990,0,10,1.0,1.0
139,990,0,10,1.0,1.0
140,990,0,10,1.0,1.0
141,990,0,10,1.0,1.0
142,990,0,10,1.0,1.0
143,990,0,10,1.0,1.0
144,990,0,10,1.0,1.0
145,990,0,10,1.0,1.0
146,990,0,10,1.0,1.0
147,990,0,10,1.0,1.0
148,990,0,10,1.0,1.0
149,990,0,10,1.0,1.0
150,990,0,10,1.0,1.0
151,990,0,10,1.0,1.0
152,990,0,10,1.0,1.0
153,990,0,10,1.0,1.0
154,990,0,10,1.0,1.0
155,990,0,10,1.0,1.0
156,990,0,10,1.0,1.0
157,990,0,10,1.0,1.0
158,990,0,10,1.0,1.0
159,990,0,10,1.0,1.0
160,990,0,10,1.0,1.0
161,990,0,10,1.0,1.0
162,990,0,10,1.0,1.0
163,990,0,10,1.0,1.0
164,990,0,10,1.0,1.0
165,990,0,10,1.0,1.0
166,990,0,10,1.0,1.0
167,990,0,10,1.0,1.0
168,990,0,10,1.0,1.0
169,990,0,10,1.0,1.0
170,990,0,10,1.0,1.0
171,990,0,10,1.0,1.0
172,990,0,10,1.0,1.0
173,990,0,10,1.0,1.0
174,990,0,10,1.0,1.0
175,990,0,10,1.0,1.0
176,990,0,10,1.0,1.0
177,990,0,10,1.0,1.0
178,990,0,10,1.0,1.0
179,990,0,10,1.0,1.0
180,990,0,10,1.0,1.0
181,990,0,10,1.0,1.0
182,990,0,10,1.0,1.0
183,990,0,10,1.0,1.0
184,990,0,10,1.0,1.0
185,990,0,10,1.0,1.0
186,990,0,10,1.0,1.0
187,990,0,10,1.0,1.0
188,990,0,10,1.0,1.0
189,990,0,10,1.0,1.0
190,990,0,10,1.0,1.0
191,990,0,10,1.0,1.0
192,990,0,10,1.0,1.0
193,990,0,10,1.0,1.0
194,990,0,10,1.0,1.0
195,990,0,10,1.0,1.0
196,990,0,10,1.0,1.0
197,990,0,10,1.0,1.0
198,990,0,10,1.0,1.0
199,990,0,10,1.0,1.0
200,990,0,10,1.0,1.0
1,998,2,0,0.999,0.999498997995992
2,998,1,1,1.0,1.0
3,998,1,1,1.0,1.0
4,998,1,1,1.0,1.0
5,998,1,1,1.0,1.0
6,998,1,1,1.0,1.0
7,998,1,1,1.0,1.0
8,998,1,1,1.0,1.0
9,998,1,1,1.0,1.0
10,998,1,1,1.0,1.0
11,998,1,1,1.0,1.0
12,998,1,1,1.0,1.0
13,997,2,1,1.0,1.0
14,997,2,1,1.0,1.0
15,997,2,1,1.0,1.0
16,997,1,2,1.0,1.0
17,997,1,2,1.0,1.0
18,997,1,2,1.0,1.0
19,997,1,2,1.0,1.0
20,997,1,2,1.0,1.0
21,997,1,2,1.0,1.0
22,997,1,2,1.0,1.0
23,997,1,2,1.0,1.0
24,997,1,2,1.0,1.0
25,997,1,2,1.0,1.0
26,997,0,3,1.0,1.0
27,997,0,3,1.0,1.0
28,997,0,3,1.0,1.0
29,997,0,3,1.0,1.0
30,997,0,3,1.0,1.0
31,997,0,3,1.0,1.0
32,997,0,3,1.0,1.0
33,997,0,3,1.0,1.0
34,997,0,3,1.0,1.0
35,997,0,3,1.0,1.0
36,997,0,3,1.0,1.0
37,997,0,3,1.0,1.0
38,997,0,3,1.0,1.0
39,997,0,3,1.0,1.0
40,997,0,3,1.0,1.0
41,997,0,3,1.0,1.0
42,997,0,3,1.0,1.0
43,997,0,3,1.0,1.0
44,997,0,3,1.0,1.0
45,997,0,3,1.0,1.0
46,997,0,3,1.0,1.0
47,997,0,3,1.0,1.0
48,997,0,3,1.0,1.0
49,997,0,3,1.0,1.0
50,997,0,3,1.0,1.0
51,997,0,3,1.0,1.0
52,997,0,3,1.0,1.0
53,997,0,3,1.0,1.0
54,997,0,3,1.0,1.0
55,997,0,3,1.0,1.0
56,997,0,3,1.0,1.0
57,997,0,3,1.0,1.0
58,997,0,3,1.0,1.0
59,997,0,3,1.0,1.0
60,997,0,3,1.0,1.0
61,997,0,3,1.0,1.0
62,997,0,3,1.0,1.0
63,997,0,3,1.0,1.0
64,997,0,3,1.0,1.0
65,997,0,3,1.0,1.0
66,997,0,3,1.0,1.0
67,997,0,3,1.0,1.0
68,997,0,3,1.0,1.0
69,997,0,3,1.0,1.0
70,997,0,3,1.0,1.0
71,997,0,3,1.0,1.0
72,997,0,3,1.0,1.0
73,997,0,3,1.0,1.0
74,997,0,3,1.0,1.0
75,997,0,3,1.0,1.0
76,997,0,3,1.0,1.0
77,997,0,3,1.0,1.0
78,997,0,3,1.0,1.0
79,997,0,3,1.0,1.0
80,997,0,3,1.0,1.0
81,997,0,3,1.0,1.0
82,997,0,3,1.0,1.0
83,997,0,3,1.0,1.0
84,997,0,3,1.0,1.0
85,997,0,3,1.0,1.0
86,997,0,3,1.0,1.0
87,997,0,3,1.0,1.0
88,997,0,3,1.0,1.0
89,997,0,3,1.0,1.0
90,997,0,3,1.0,1.0
91,997,0,3,1.0,1.0
92,997,0,3,1.0,1.0
93,997,0,3,1.0,1.0
94,997,0,3,1.0,1.0
95,997,0,3,1.0,1.0
96,997,0,3,1.0,1.0
97,997,0,3,1.0,1.0
98,997,0,3,1.0,1.0
99,997,0,3,1.0,1.0
100,997,0,3,1.0,1.0
101,997,0,3,1.0,1.0
102,997,0,3,1.0,1.0
103,997,0,3,1.0,1.0
104,997,0,3,1.0,1.0
105,997,0,3,1.0,1.0
106,997,0,3,1.0,1.0
107,997,0,3,1.0,1.0
108,997,0,3,1.0,1.0
109,997,0,3,1.0,1.0
110,997,0,3,1.0,1.0
111,997,0,3,1.0,1.0
112,997,0,3,1.0,1.0
113,997,0,3,1.0,1.0
114,997,0,3,1.0,1.0
115,997,0,3,1.0,1.0
116,997,0,3,1.0,1.0
117,997,0,3,1.0,1.0
118,997,0,3,1.0,1.0
119,997,0,3,1.0,1.0
120,997,0,3,1.0,1.0
121,997,0,3,1.0,1.0
122,997,0,3,1.0,1.0
123,997,0,3,1.0,1.0
124,997,0,3,1.0,1.0
125,997,0,3,1.0,1.0
126,997,0,3,1.0,1.0
127,997,0,3,1.0,1.0
128,997,0,3,1.0,1.0
129,997,0,3,1.0,1.0
130,997,0,3,1.0,1.0
131,997,0,3,1.0,1.0
132,997,0,3,1.0,1.0
133,997,0,3,1.0,1.0
134,997,0,3,1.0,1.0
135,997,0,3,1.0,1.0
136,997,0,3,1.0,1.0
137,997,0,3,1.0,1.0
138,997,0,3,1.0,1.0
139,997,0,3,1.0,1.0
140,997,0,3,1.0,1.0
141,997,0,3,1.0,1.0
142,997,0,3,1.0,1.0
143,997,0,3,1.0,1.0
144,997,0,3,1.0,1.0
145,997,0,3,1.0,1.0
146,997,0,3,1.0,1.0
147,997,0,3,1.0,1.0
148,997,0,3,1.0,1.0
149,997,0,3,1.0,1.0
150,997,0,3,1.0,1.0
151,997,0,3,1.0,1.0
152,997,0,3,1.0,1.0
153,997,0,3,1.0,1.0
154,997,0,3,1.0,1.0
155,997,0,3,1.0,1.0
156,997,0,3,1.0,1.0
157,997,0,3,1.0,1.0
158,997,0,3,1.0,1.0
159,997,0,3,1.0,1.0
160,997,0,3,1.0,1.0
161,997,0,3,1.0,1.0
162,997,0,3,1.0,1.0
163,997,0,3,1.0,1.0
164,997,0,3,1.0,1.0
165,997,0,3,1.0,1.0
166,997,0,3,1.0,1.0
167,997,0,3,1.0,1.0
168,997,0,3,1.0,1.0
169,997,0,3,1.0,1.0
170,997,0,3,1.0,1.0
171,997,0,3,1.0,1.0
172,997,0,3,1.0,1.0
173,997,0,3,1.0,1.0
174,997,0,3,1.0,1.0
175,997,0,3,1.0,1.0
176,997,0,3,1.0,1.0
177,997,0,3,1.0,1.0
178,997,0,3,1.0,1.0
179,997,0,3,1.0,1.0
180,997,0,3,1.0,1.0
181,997,0,3,1.0,1.0
182,997,0,3,1.0,1.0
183,997,0,3,1.0,1.0
184,997,0,3,1.0,1.0
185,997,0,3,1.0,1.0
186,997,0,3,1.0,1.0
187,997,0,3,1.0,1.0
188,997,0,3,1.0,1.0
189,997,0,3,1.0,1.0
190,997,0,3,1.0,1.0
191,997,0,3,1.0,1.0
192,997,0,3,1.0,1.0
193,997,0,3,1.0,1.0
194,997,0,3,1.0,1.0
195,997,0,3,1.0,1.0
196,997,0,3,1.0,1.0
197,997,0,3,1.0,1.0
198,997,0,3,1.0,1.0
199,997,0,3,1.0,1.0
200,997,0,3,1.0,1.0
1,999,0,1,1.0,1.0
2,999,0,1,1.0,1.0
3,999,0,1,1.0,1.0
4,999,0,1,1.0,1.0
5,999,0,1,1.0,1.0
6,999,0,1,1.0,1.0
7,999,0,1,1.0,1.0
8,999,0,1,1.0,1.0
9,999,0,1,1.0,1.0
10,999,0,1,1.0,1.0
11,999,0,1,1.0,1.0
12,999,0,1,1.0,1.0
13,999,0,1,1.0,1.0
14,999,0,1,1.0,1.0
15,999,0,1,1.0,1.0
16,999,0,1,1.0,1.0
17,999,0,1,1.0,1.0
18,999,0,1,1.0,1.0
19,999,0,1,1.0,1.0
20,999,0,1,1.0,1.0
21,999,0,1,1.0,1.0
22,999,0,1,1.0,1.0
23,999,0,1,1.0,1.0
24,999,0,1,1.0,1.0
25,999,0,1,1.0,1.0
26,999,0,1,1.0,1.0
27,999,0,1,1.0,1.0
28,999,0,1,1.0,1.0
29,999,0,1,1.0,1.0
30,999,0,1,1.0,1.0
31,999,0,1,1.0,1.0
32,999,0,1,1.0,1.0
33,999,0,1,1.0,1.0
34,999,0,1,1.0,1.0
35,999,0,1,1.0,1.0
36,999,0,1,1.0,1.0
37,999,0,1,1.0,1.0
38,999,0,1,1.0,1.0
39,999,0,1,1.0,1.0
40,999,0,1,1.0,1.0
41,999,0,1,1.0,1.0
42,999,0,1,1.0,1.0
43,999,0,1,1.0,1.0
44,999,0,1,1.0,1.0
45,999,0,1,1.0,1.0
46,999,0,1,1.0,1.0
47,999,0,1,1.0,1.0
48,999,0,1,1.0,1.0
49,999,0,1,1.0,1.0
50,999,0,1,1.0,1.0
51,999,0,1,1.0,1.0
52,999,0,1,1.0,1.0
53,999,0,1,1.0,1.0
54,999,0,1,1.0,1.0
55,999,0,1,1.0,1.0
56,999,0,1,1.0,1.0
57,999,0,1,1.0,1.0
58,999,0,1,1.0,1.0
59,999,0,1,1.0,1.0
60,999,0,1,1.0,1.0
61,999,0,1,1.0,1.0
62,999,0,1,1.0,1.0
63,999,0,1,1.0,1.0
64,999,0,1,1.0,1.0
65,999,0,1,1.0,1.0
66,999,0,1,1.0,1.0
67,999,0,1,1.0,1.0
68,999,0,1,1.0,1.0
69,999,0,1,1.0,1.0
70,999,0,1,1.0,1.0
71,999,0,1,1.0,1.0
72,999,0,1,1.0,1.0
73,999,0,1,1.0,1.0
74,999,0,1,1.0,1.0
75,999,0,1,1.0,1.0
76,999,0,1,1.0,1.0
77,999,0,1,1.0,1.0
78,999,0,1,1.0,1.0
79,999,0,1,1.0,1.0
80,999,0,1,1.0,1.0
81,999,0,1,1.0,1.0
82,999,0,1,1.0,1.0
83,999,0,1,1.0,1.0
84,999,0,1,1.0,1.0
85,999,0,1,1.0,1.0
86,999,0,1,1.0,1.0
87,999,0,1,1.0,1.0
88,999,0,1,1.0,1.0
89,999,0,1,1.0,1.0
90,999,0,1,1.0,1.0
91,999,0,1,1.0,1.0
92,999,0,1,1.0,1.0
93,999,0,1,1.0,1.0
94,999,0,1,1.0,1.0
95,999,0,1,1.0,1.0
96,999,0,1,1.0,1.0
97,999,0,1,1.0,1.0
98,999,0,1,1.0,1.0
99,999,0,1,1.0,1.0
100,999,0,1,1.0,1.0
101,999,0,1,1.0,1.0
102,999,0,1,1.0,1.0
103,999,0,1,1.0,1.0
104,999,0,1,1.0,1.0
105,999,0,1,1.0,1.0
106,999,0,1,1.0,1.0
107,999,0,1,1.0,1.0
108,999,0,1,1.0,1.0
109,999,0,1,1.0,1.0
110,999,0,1,1.0,1.0
111,999,0,1,1.0,1.0
112,999,0,1,1.0,1.0
113,999,0,1,1.0,1.0
114,999,0,1,1.0,1.0
115,999,0,1,1.0,1.0
116,999,0,1,1.0,1.0
117,999,0,1,1.0,1.0
118,999,0,1,1.0,1.0
119,999,0,1,1.0,1.0
120,999,0,1,1.0,1.0
121,999,0,1,1.0,1.0
122,999,0,1,1.0,1.0
123,999,0,1,1.0,1.0
124,999,0,1,1.0,1.0
125,999,0,1,1.0,1.0
126,999,0,1,1.0,1.0
127,999,0,1,1.0,1.0
128,999,0,1,1.0,1.0
129,999,0,1,1.0,1.0
130,999,0,1,1.0,1.0
131,999,0,1,1.0,1.0
132,999,0,1,1.0,1.0
133,999,0,1,1.0,1.0
134,999,0,1,1.0,1.0
135,999,0,1,1.0,1.0
136,999,0,1,1.0,1.0
137,999,0,1,1.0,1.0
138,999,0,1,1.0,1.0
139,999,0,1,1.0,1.0
140,999,0,1,1.0,1.0
141,999,0,1,1.0,1.0
142,999,0,1,1.0,1.0
143,999,0,1,1.0,1.0
144,999,0,1,1.0,1.0
145,999,0,1,1.0,1.0
146,999,0,1,1.0,1.0
147,999,0,1,1.0,1.0
148,999,0,1,1.0,1.0
149,999,0,1,1.0,1.0
150,999,0,1,1.0,1.0
151,999,0,1,1.0,1.0
152,999,0,1,1.0,1.0
153,999,0,1,1.0,1.0
154,999,0,1,1.0,1.0
155,999,0,1,1.0,1.0
156,999,0,1,1.0,1.0
157,999,0,1,1.0,1.0
158,999,0,1,1.0,1.0
159,999,0,1,1.0,1.0
160,999,0,1,1.0,1.0
161,999,0,1,1.0,1.0
162,999,0,1,1.0,1.0
163,999,0,1,1.0,1.0
164,999,0,1,1.0,1.0
165,999,0,1,1.0,1.0
166,999,0,1,1.0,1.0
167,999,0,1,1.0,1.0
168,999,0,1,1.0,1.0
169,999,0,1,1.0,1.0
170,999,0,1,1.0,1.0
171,999,0,1,1.0,1.0
172,999,0,1,1.0,1.0
173,999,0,1,1.0,1.0
174,999,0,1,1.0,1.0
175,999,0,1,1.0,1.0
176,999,0,1,1.0,1.0
177,999,0,1,1.0,1.0
178,999,0,1,1.0,1.0
179,999,0,1,1.0,1.0
180,999,0,1,1.0,1.0
181,999,0,1,1.0,1.0
182,999,0,1,1.0,1.0
183,999,0,1,1.0,1.0
184,999,0,1,1.0,1.0
185,999,0,1,1.0,1.0
186,999,0,1,1.0,1.0
187,999,0,1,1.0,1.0
188,999,0,1,1.0,1.0
189,999,0,1,1.0,1.0
190,999,0,1,1.0,1.0
191,999,0,1,1.0,1.0
192,999,0,1,1.0,1.0
193,999,0,1,1.0,1.0
194,999,0,1,1.0,1.0
195,999,0,1,1.0,1.0
196,999,0,1,1.0,1.0
197,999,0,1,1.0,1.0
198,999,0,1,1.0,1.0
199,999,0,1,1.0,1.0
200,999,0,1,1.0,1.0
1,999,0,1,1.0,1.0
2,999,0,1,1.0,1.0
3,999,0,1,1.0,1.0
4,999,0,1,1.0,1.0
5,999,0,1,1.0,1.0
6,999,0,1,1.0,1.0
7,999,0,1,1.0,1.0
8,999,0,1,1.0,1.0
9,999,0,1,1.0,1.0
10,999,0,1,1.0,1.0
11,999,0,1,1.0,1.0
12,999,0,1,1.0,1.0
13,999,0,1,1.0,1.0
14,999,0,1,1.0,1.0
15,999,0,1,1.0,1.0
16,999,0,1,1.0,1.0
17,999,0,1,1.0,1.0
18,999,0,1,1.0,1.0
19,999,0,1,1.0,1.0
20,999,0,1,1.0,1.0
21,999,0,1,1.0,1.0
22,999,0,1,1.0,1.0
23,999,0,1,1.0,1.0
24,999,0,1,1.0,1.0
25,999,0,1,1.0,1.0
26,999,0,1,1.0,1.0
27,999,0,1,1.0,1.0
28,999,0,1,1.0,1.0
29,999,0,1,1.0,1.0
30,999,0,1,1.0,1.0
31,999,0,1,1.0,1.0
32,999,0,1,1.0,1.0
33,999,0,1,1.0,1.0
34,999,0,1,1.0,1.0
35,999,0,1,1.0,1.0
36,999,0,1,1.0,1.0
37,999,0,1,1.0,1.0
38,999,0,1,1.0,1.0
39,999,0,1,1.0,1.0
40,999,0,1,1.0,1.0
41,999,0,1,1.0,1.0
42,999,0,1,1.0,1.0
43,999,0,1,1.0,1.0
44,999,0,1,1.0,1.0
45,999,0,1,1.0,1.0
46,999,0,1,1.0,1.0
47,999,0,1,1.0,1.0
48,999,0,1,1.0,1.0
49,999,0,1,1.0,1.0
50,999,0,1,1.0,1.0
51,999,0,1,1.0,1.0
52,999,0,1,1.0,1.0
53,999,0,1,1.0,1.0
54,999,0,1,1.0,1.0
55,999,0,1,1.0,1.0
56,999,0,1,1.0,1.0
57,999,0,1,1.0,1.0
58,999,0,1,1.0,1.0
59,999,0,1,1.0,1.0
60,999,0,1,1.0,1.0
61,999,0,1,1.0,1.0
62,999,0,1,1.0,1.0
63,999,0,1,1.0,1.0
64,999,0,1,1.0,1.0
65,999,0,1,1.0,1.0
66,999,0,1,1.0,1.0
67,999,0,1,1.0,1.0
68,999,0,1,1.0,1.0
69,999,0,1,1.0,1.0
70,999,0,1,1.0,1.0
71,999,0,1,1.0,1.0
72,999,0,1,1.0,1.0
73,999,0,1,1.0,1.0
74,999,0,1,1.0,1.0
75,999,0,1,1.0,1.0
76,999,0,1,1.0,1.0
77,999,0,1,1.0,1.0
78,999,0,1,1.0,1.0
79,999,0,1,1.0,1.0
80,999,0,1,1.0,1.0
81,999,0,1,1.0,1.0
82,999,0,1,1.0,1.0
83,999,0,1,1.0,1.0
84,999,0,1,1.0,1.0
85,999,0,1,1.0,1.0
86,999,0,1,1.0,1.0
87,999,0,1,1.0,1.0
88,999,0,1,1.0,1.0
89,999,0,1,1.0,1.0
90,999,0,1,1.0,1.0
91,999,0,1,1.0,1.0
92,999,0,1,1.0,1.0
93,999,0,1,1.0,1.0
94,999,0,1,1.0,1.0
95,999,0,1,1.0,1.0
96,999,0,1,1.0,1.0
97,999,0,1,1.0,1.0
98,999,0,1,1.0,1.0
99,999,0,1,1.0,1.0
100,999,0,1,1.0,1.0
101,999,0,1,1.0,1.0
102,999,0,1,1.0,1.0
103,999,0,1,1.0,1.0
104,999,0,1,1.0,1.0
105,999,0,1,1.0,1.0
106,999,0,1,1.0,1.0
107,999,0,1,1.0,1.0
108,999,0,1,1.0,1.0
109,999,0,1,1.0,1.0
110,999,0,1,1.0,1.0
111,999,0,1,1.0,1.0
112,999,0,1,1.0,1.0
113,999,0,1,1.0,1.0
114,999,0,1,1.0,1.0
115,999,0,1,1.0,1.0
116,999,0,1,1.0,1.0
117,999,0,1,1.0,1.0
118,999,0,1,1.0,1.0
119,999,0,1,1.0,1.0
120,999,0,1,1.0,1.0
121,999,0,1,1.0,1.0
122,999,0,1,1.0,1.0
123,999,0,1,1.0,1.0
124,999,0,1,1.0,1.0
125,999,0,1,1.0,1.0
126,999,0,1,1.0,1.0
127,999,0,1,1.0,1.0
128,999,0,1,1.0,1.0
129,999,0,1,1.0,1.0
130,999,0,1,1.0,1.0
131,999,0,1,1.0,1.0
132,999,0,1,1.0,1.0
133,999,0,1,1.0,1.0
134,999,0,1,1.0,1.0
135,999,0,1,1.0,1.0
136,999,0,1,1.0,1.0
137,999,0,1,1.0,1.0
138,999,0,1,1.0,1.0
139,999,0,1,1.0,1.0
140,999,0,1,1.0,1.0
141,999,0,1,1.0,1.0
142,999,0,1,1.0,1.0
143,999,0,1,1.0,1.0
144,999,0,1,1.0,1.0
145,999,0,1,1.0,1.0
146,999,0,1,1.0,1.0
147,999,0,1,1.0,1.0
148,999,0,1,1.0,1.0
149,999,0,1,1.0,1.0
150,999,0,1,1.0,1.0
151,999,0,1,1.0,1.0
152,999,0,1,1.0,1.0
153,999,0,1,1.0,1.0
154,999,0,1,1.0,1.0
155,999,0,1,1.0,1.0
156,999,0,1,1.0,1.0
157,999,0,1,1.0,1.0
158,999,0,1,1.0,1.0
159,999,0,1,1.0,1.0
160,999,0,1,1.0,1.0
161,999,0,1,1.0,1.0
162,999,0,1,1.0,1.0
163,999,0,1,1.0,1.0
164,999,0,1,1.0,1.0
165,999,0,1,1.0,1.0
166,999,0,1,1.0,1.0
167,999,0,1,1.0,1.0
168,999,0,1,1.0,1.0
169,999,0,1,1.0,1.0
170,999,0,1,1.0,1.0
171,999,0,1,1.0,1.0
172,999,0,1,1.0,1.0
173,999,0,1,1.0,1.0
174,999,0,1,1.0,1.0
175,999,0,1,1.0,1.0
176,999,0,1,1.0,1.0
177,999,0,1,1.0,1.0
178,999,0,1,1.0,1.0
179,999,0,1,1.0,1.0
180,999,0,1,1.0,1.0
181,999,0,1,1.0,1.0
182,999,0,1,1.0,1.0
183,999,0,1,1.0,1.0
184,999,0,1,1.0,1.0
185,999,0,1,1.0,1.0
186,999,0,1,1.0,1.0
187,999,0,1,1.0,1.0
188,999,0,1,1.0,1.0
189,999,0,1,1.0,1.0
190,999,0,1,1.0,1.0
191,999,0,1,1.0,1.0
192,999,0,1,1.0,1.0
193,999,0,1,1.0,1.0
194,999,0,1,1.0,1.0
195,999,0,1,1.0,1.0
196,999,0,1,1.0,1.0
197,999,0,1,1.0,1.0
198,999,0,1,1.0,1.0
199,999,0,1,1.0,1.0
200,999,0,1,1.0,1.0
1,998,2,0,0.999,0.999498997995992
2,998,2,0,0.999,0.999498997995992
3,998,2,0,0.999,0.999498997995992
4,998,1,1,1.0,1.0
5,998,1,1,1.0,1.0
6,998,1,1,1.0,1.0
7,997,2,1,0.9995,0.9997492477432297
8,996,3,1,0.9985,0.9992469879518072
9,996,3,1,0.9985,0.9992469879518072
10,996,3,1,0.9985,0.9992469879518072
11,996,3,1,0.9985,0.9992469879518072
12,996,2,2,0.999,0.9994979919678715
13,996,2,2,0.999,0.9994979919678715
14,996,2,2,0.999,0.9994979919678715
15,996,2,2,0.999,0.9994979919678715
16,996,2,2,0.999,0.9994979919678715
17,996,2,2,0.999,0.9994979919678715
18,996,2,2,0.999,0.9994979919678715
19,996,2,2,0.999,0.9994979919678715
20,994,4,2,0.9985,0.9992454728370221
21,993,5,2,0.998,0.998992950654582
22,993,5,2,0.998,0.998992950654582
23,993,5,2,0.998,0.998992950654582
24,992,6,2,0.9975,0.9987399193548387
25,991,7,2,0.997,0.9984863773965691
26,991,7,2,0.997,0.9984863773965691
27,991,6,3,0.9975,0.9987386478304743
28,991,6,3,0.9975,0.9987386478304743
29,991,6,3,0.9975,0.9987386478304743
30,991,6,3,0.9975,0.9987386478304743
31,991,6,3,0.9975,0.9987386478304743
32,991,6,3,0.9975,0.9987386478304743
33,991,6,3,0.9975,0.9987386478304743
34,991,6,3,0.9975,0.9987386478304743
35,991,6,3,0.9975,0.9987386478304743
36,990,6,4,0.9975,0.9987373737373737
37,989,6,5,0.998,0.9989888776541962
38,989,6,5,0.998,0.9989888776541962
39,989,6,5,0.998,0.9989888776541962
40,989,6,5,0.998,0.9989888776541962
41,989,6,5,0.998,0.9989888776541962
42,989,6,5,0.998,0.9989888776541962
43,989,5,6,0.998,0.9989888776541962
44,989,5,6,0.998,0.9989888776541962
45,989,5,6,0.998,0.9989888776541962
46,989,4,7,0.9985,0.9992416582406471
47,989,4,7,0.9985,0.9992416582406471
48,988,5,7,0.999,0.9994939271255061
49,988,5,7,0.999,0.9994939271255061
50,987,6,7,0.9995,0.9997467071935157
51,986,7,7,0.9995,0.9997464503042597
52,986,7,7,0.9995,0.9997464503042597
53,986,7,7,0.9995,0.9997464503042597
54,985,8,7,0.9995,0.999746192893401
55,985,8,7,0.9995,0.999746192893401
56,985,8,7,0.9995,0.999746192893401
57,985,8,7,0.9995,0.999746192893401
58,985,7,8,0.9995,0.999746192893401
59,985,7,8,0.9995,0.999746192893401
60,983,9,8,0.999,0.9994913530010173
61,983,9,8,0.999,0.9994913530010173
62,982,10,8,0.9985,0.9991513917175832
63,981,11,8,0.998,0.9988956846755012
64,980,10,10,0.997,0.9982993197278912
65,979,11,10,0.9965,0.9980422199523323
66,978,12,10,0.997,0.9982958418541241
67,977,13,10,0.9965,0.9980382122142614
68,976,13,11,0.997,0.9982923497267759
69,976,13,11,0.997,0.9982923497267759
70,975,14,11,0.9965,0.9980341880341881
71,975,13,12,0.9965,0.9980341880341881
72,974,14,12,0.9965,0.9980321697467488
73,974,13,13,0.997,0.9983744010951403
74,974,13,13,0.997,0.9983744010951403
75,974,13,13,0.997,0.9983744010951403
76,974,11,15,0.9975,0.9986310746064339
77,974,11,15,0.9975,0.9986310746064339
78,973,11,16,0.9965,0.9981157930798218
79,973,10,17,0.997,0.9983727303871188
80,973,8,19,0.998,0.9988866050017129
81,973,8,19,0.998,0.9988866050017129
82,971,9,20,0.9975,0.9986268451767937
83,970,10,20,0.998,0.9989690721649485
84,969,11,20,0.998,0.9989680082559339
85,969,11,20,0.998,0.9989680082559339
86,969,11,20,0.998,0.9989680082559339
87,968,12,20,0.9975,0.9987086776859504
88,967,13,20,0.997,0.9984488107549121
89,967,13,20,0.997,0.9984488107549121
90,967,9,24,0.999,0.999482936918304
91,966,9,25,0.9995,0.9997412008281573
92,966,9,25,0.9995,0.9997412008281573
93,966,9,25,0.9995,0.9997412008281573
94,966,9,25,0.9995,0.9997412008281573
95,966,9,25,0.9995,0.9997412008281573
96,966,9,25,0.9995,0.9997412008281573
97,965,10,25,0.9985,0.9992227979274612
98,964,11,25,0.9985,0.9992219917012448
99,964,10,26,0.9985,0.9992219917012448
100,964,10,26,0.9985,0.9992219917012448
101,964,10,26,0.9985,0.9992219917012448
102,963,11,26,0.9985,0.9992211838006231
103,963,10,27,0.999,0.9994807892004154
104,961,12,27,0.9985,0.9992195629552549
105,961,12,27,0.9985,0.9992195629552549
106,961,12,27,0.9985,0.9992195629552549
107,961,12,27,0.9985,0.9992195629552549
108,961,11,28,0.999,0.9994797086368367
109,961,11,28,0.999,0.9994797086368367
110,961,8,31,0.9995,0.9997398543184183
111,960,8,32,0.9995,0.9997395833333333
112,960,8,32,0.9995,0.9997395833333333
113,959,8,33,0.9995,0.9997393117831074
114,959,8,33,0.9995,0.9997393117831074
115,959,8,33,0.9995,0.9997393117831074
116,959,8,33,0.9995,0.9997393117831074
117,959,8,33,0.9995,0.9997393117831074
118,959,7,34,0.9995,0.9997393117831074
119,959,7,34,0.9995,0.9997393117831074
120,959,6,35,0.9995,0.9997393117831074
121,959,6,35,0.9995,0.9997393117831074
122,959,6,35,0.9995,0.9997393117831074
123,959,6,35,0.9995,0.9997393117831074
124,959,5,36,0.9995,0.9997393117831074
125,959,4,37,0.9995,0.9997393117831074
126,959,4,37,0.9995,0.9997393117831074
127,959,4,37,0.9995,0.9997393117831074
128,959,4,37,0.9995,0.9997393117831074
129,959,4,37,0.9995,0.9997393117831074
130,959,4,37,0.9995,0.9997393117831074
131,958,5,37,1.0,1.0
132,958,5,37,1.0,1.0
133,957,5,38,1.0,1.0
134,957,5,38,1.0,1.0
135,957,4,39,1.0,1.0
136,957,4,39,1.0,1.0
137,957,4,39,1.0,1.0
138,956,5,39,1.0,1.0
139,956,3,41,1.0,1.0
140,956,3,41,1.0,1.0
141,956,3,41,1.0,1.0
142,956,3,41,1.0,1.0
143,956,3,41,1.0,1.0
144,955,4,41,0.9995,0.999738219895288
145,955,4,41,0.9995,0.999738219895288
146,955,4,41,0.9995,0.999738219895288
147,955,4,41,0.9995,0.999738219895288
148,954,4,42,1.0,1.0
149,954,4,42,1.0,1.0
150,954,4,42,1.0,1.0
151,954,4,42,1.0,1.0
152,954,4,42,1.0,1.0
153,954,4,42,1.0,1.0
154,954,4,42,1.0,1.0
155,953,5,42,0.9995,0.9997376705141658
156,953,5,42,0.9995,0.9997376705141658
157,952,6,42,0.9995,0.9997373949579832
158,952,6,42,0.9995,0.9997373949579832
159,951,7,42,0.999,0.9994742376445847
160,950,8,42,0.9985,0.9992105263157894
161,950,8,42,0.9985,0.9992105263157894
162,950,8,42,0.9985,0.9992105263157894
163,950,8,42,0.9985,0.9992105263157894
164,950,8,42,0.9985,0.9992105263157894
165,950,8,42,0.9985,0.9992105263157894
166,950,7,43,0.999,0.9994736842105263
167,949,8,43,0.9985,0.9992096944151738
168,947,10,43,0.997,0.9984160506863781
169,945,10,45,0.9975,0.9986772486772487
170,944,10,46,0.9975,0.9986758474576272
171,943,11,46,0.9975,0.9986744432661718
172,943,11,46,0.9975,0.9986744432661718
173,943,10,47,0.998,0.9989395546129375
174,943,10,47,0.998,0.9989395546129375
175,943,8,49,0.9985,0.999204665959703
176,943,7,50,0.999,0.9994697773064687
177,943,7,50,0.999,0.9994697773064687
178,943,7,50,0.999,0.9994697773064687
179,942,7,51,0.9985,0.9992038216560509
180,942,7,51,0.9985,0.9992038216560509
181,942,6,52,0.999,0.9994692144373672
182,942,6,52,0.999,0.9994692144373672
183,942,6,52,0.999,0.9994692144373672
184,941,6,53,0.9995,0.9997343251859724
185,941,6,53,0.9995,0.9997343251859724
186,940,7,53,0.9995,0.9997340425531915
187,940,7,53,0.9995,0.9997340425531915
188,940,7,53,0.9995,0.9997340425531915
189,940,7,53,0.9995,0.9997340425531915
190,940,7,53,0.9995,0.9997340425531915
191,940,7,53,0.9995,0.9997340425531915
192,940,7,53,0.9995,0.9997340425531915
193,940,7,53,0.9995,0.9997340425531915
194,940,7,53,0.9995,0.9997340425531915
195,940,6,54,0.9995,0.9997340425531915
196,940,6,54,0.9995,0.9997340425531915
197,940,5,55,0.9995,0.9997340425531915
198,940,5,55,0.9995,0.9997340425531915
199,940,5,55,0.9995,0.9997340425531915
200,940,5,55,0.9995,0.9997340425531915
1,999,1,0,1.0,1.0
2,999,1,0,1.0,1.0
3,999,1,0,1.0,1.0
4,999,1,0,1.0,1.0
5,999,1,0,1.0,1.0
6,999,1,0,1.0,1.0
7,999,1,0,1.0,1.0
8,999,1,0,1.0,1.0
9,999,1,0,1.0,1.0
10,999,1,0,1.0,1.0
11,999,1,0,1.0,1.0
12,999,1,0,1.0,1.0
13,998,2,0,0.999,0.9995490981963927
14,998,2,0,0.999,0.9995490981963927
15,998,2,0,0.999,0.9995490981963927
16,998,2,0,0.999,0.9995490981963927
17,998,2,0,0.999,0.9995490981963927
18,998,2,0,0.999,0.9995490981963927
19,998,2,0,0.999,0.9995490981963927
20,998,2,0,0.999,0.9995490981963927
21,998,2,0,0.999,0.9995490981963927
22,998,1,1,1.0,1.0
23,998,1,1,1.0,1.0
24,998,1,1,1.0,1.0
25,998,1,1,1.0,1.0
26,998,1,1,1.0,1.0
27,998,1,1,1.0,1.0
28,998,1,1,1.0,1.0
29,998,1,1,1.0,1.0
30,998,1,1,1.0,1.0
31,998,1,1,1.0,1.0
32,998,1,1,1.0,1.0
33,998,1,1,1.0,1.0
34,998,1,1,1.0,1.0
35,997,2,1,1.0,1.0
36,997,2,1,1.0,1.0
37,997,2,1,1.0,1.0
38,997,2,1,1.0,1.0
39,997,2,1,1.0,1.0
40,997,2,1,1.0,1.0
41,996,3,1,0.9995,0.9997489959839357
42,995,4,1,0.9985,0.9992462311557789
43,994,5,1,0.998,0.9990442655935613
44,994,5,1,0.998,0.9990442655935613
45,994,5,1,0.998,0.9990442655935613
46,993,6,1,0.9985,0.9992950654582075
47,993,5,2,0.9985,0.9992950654582075
48,993,5,2,0.9985,0.9992950654582075
49,992,4,4,0.999,0.9995463709677419
50,992,4,4,0.999,0.9995463709677419
51,992,4,4,0.999,0.9995463709677419
52,992,4,4,0.999,0.9995463709677419
53,992,3,5,0.9995,0.9997983870967742
54,992,3,5,0.9995,0.9997983870967742
55,992,3,5,0.9995,0.9997983870967742
56,992,3,5,0.9995,0.9997983870967742
57,992,3,5,0.9995,0.9997983870967742
58,992,3,5,0.9995,0.9997983870967742
59,992,2,6,0.9995,0.9997983870967742
60,992,2,6,0.9995,0.9997983870967742
61,991,3,6,0.999,0.9995963673057517
62,991,3,6,0.999,0.9995963673057517
63,991,3,6,0.999,0.9995963673057517
64,991,3,6,0.999,0.9995963673057517
65,991,3,6,0.999,0.9995963673057517
66,991,2,7,0.9995,0.9997981836528759
67,991,2,7,0.9995,0.9997981836528759
68,991,2,7,0.9995,0.9997981836528759
69,991,2,7,0.9995,0.9997981836528759
70,991,2,7,0.9995,0.9997981836528759
71,991,2,7,0.9995,0.9997981836528759
72,991,2,7,0.9995,0.9997981836528759
73,990,3,7,0.9995,0.9997979797979798
74,990,2,8,1.0,1.0
75,990,2,8,1.0,1.0
76,989,3,8,0.9995,0.999747219413549
77,989,3,8,0.9995,0.999747219413549
78,989,3,8,0.9995,0.999747219413549
79,989,3,8,0.9995,0.999747219413549
80,989,3,8,0.9995,0.999747219413549
81,989,2,9,1.0,1.0
82,989,2,9,1.0,1.0
83,989,2,9,1.0,1.0
84,989,2,9,1.0,1.0
85,989,2,9,1.0,1.0
86,989,2,9,1.0,1.0
87,989,1,10,1.0,1.0
88,989,1,10,1.0,1.0
89,989,1,10,1.0,1.0
90,989,1,10,1.0,1.0
91,989,1,10,1.0,1.0
92,989,1,10,1.0,1.0
93,987,3,10,0.9995,0.9997973657548125
94,987,3,10,0.9995,0.9997973657548125
95,987,3,10,0.9995,0.9997973657548125
96,987,2,11,1.0,1.0
97,987,2,11,1.0,1.0
98,987,2,11,1.0,1.0
99,987,2,11,1.0,1.0
100,987,2,11,1.0,1.0
101,987,2,11,1.0,1.0
102,987,2,11,1.0,1.0
103,987,2,11,1.0,1.0
104,987,2,11,1.0,1.0
105,986,3,11,0.9995,0.9997971602434077
106,986,3,11,0.9995,0.9997971602434077
107,986,2,12,1.0,1.0
108,986,2,12,1.0,1.0
109,986,2,12,1.0,1.0
110,986,2,12,1.0,1.0
111,986,2,12,1.0,1.0
112,986,2,12,1.0,1.0
113,986,2,12,1.0,1.0
114,986,2,12,1.0,1.0
115,986,2,12,1.0,1.0
116,986,2,12,1.0,1.0
117,985,3,12,0.999,0.9995431472081218
118,985,2,13,1.0,1.0
119,985,2,13,1.0,1.0
120,985,2,13,1.0,1.0
121,985,2,13,1.0,1.0
122,985,2,13,1.0,1.0
123,984,3,13,0.9995,0.9997459349593496
124,983,4,13,0.999,0.9994913530010173
125,982,4,14,0.9995,0.9997454175152749
126,982,4,14,0.9995,0.9997454175152749
127,982,4,14,0.9995,0.9997454175152749
128,980,6,14,0.998,0.9989795918367347
129,980,6,14,0.998,0.9989795918367347
130,980,6,14,0.998,0.9989795918367347
131,980,6,14,0.998,0.9989795918367347
132,980,6,14,0.998,0.9989795918367347
133,980,6,14,0.998,0.9989795918367347
134,980,6,14,0.998,0.9989795918367347
135,980,6,14,0.998,0.9989795918367347
136,978,7,15,0.999,0.9994887525562373
137,978,7,15,0.999,0.9994887525562373
138,978,6,16,0.999,0.9994887525562373
139,978,5,17,0.9995,0.9997443762781186
140,978,5,17,0.9995,0.9997443762781186
141,978,5,17,0.9995,0.9997443762781186
142,978,5,17,0.9995,0.9997443762781186
143,978,5,17,0.9995,0.9997443762781186
144,978,5,17,0.9995,0.9997443762781186
145,978,4,18,0.9995,0.9997443762781186
146,978,4,18,0.9995,0.9997443762781186
147,978,4,18,0.9995,0.9997443762781186
148,978,4,18,0.9995,0.9997443762781186
149,978,4,18,0.9995,0.9997443762781186
150,978,4,18,0.9995,0.9997443762781186
151,978,4,18,0.9995,0.9997443762781186
152,978,4,18,0.9995,0.9997443762781186
153,978,4,18,0.9995,0.9997443762781186
154,978,4,18,0.9995,0.9997443762781186
155,978,4,18,0.9995,0.9997443762781186
156,978,4,18,0.9995,0.9997443762781186
157,977,5,18,1.0,1.0
158,977,4,19,1.0,1.0
159,977,4,19,1.0,1.0
160,977,4,19,1.0,1.0
161,976,5,19,1.0,1.0
162,975,6,19,0.9995,0.9997435897435898
163,975,6,19,0.9995,0.9997435897435898
164,975,6,19,0.9995,0.9997435897435898
165,975,6,19,0.9995,0.9997435897435898
166,975,6,19,0.9995,0.9997435897435898
167,975,5,20,0.9995,0.9997435897435898
168,975,5,20,0.9995,0.9997435897435898
169,975,5,20,0.9995,0.9997435897435898
170,975,5,20,0.9995,0.9997435897435898
171,975,5,20,0.9995,0.9997435897435898
172,975,5,20,0.9995,0.9997435897435898
173,974,5,21,0.999,0.9994866529774127
174,974,5,21,0.999,0.9994866529774127
175,974,5,21,0.999,0.9994866529774127
176,974,5,21,0.999,0.9994866529774127
177,973,6,21,0.998,0.998972250770812
178,973,5,22,0.998,0.998972250770812
179,973,4,23,0.998,0.998972250770812
180,973,3,24,0.9985,0.9992291880781089
181,973,2,25,0.9995,0.999743062692703
182,973,2,25,0.9995,0.999743062692703
183,973,2,25,0.9995,0.999743062692703
184,973,2,25,0.9995,0.999743062692703
185,973,2,25,0.9995,0.999743062692703
186,973,2,25,0.9995,0.999743062692703
187,973,2,25,0.9995,0.999743062692703
188,972,2,26,1.0,1.0
189,972,2,26,1.0,1.0
190,972,2,26,1.0,1.0
191,972,2,26,1.0,1.0
192,972,2,26,1.0,1.0
193,972,2,26,1.0,1.0
194,972,2,26,1.0,1.0
195,972,2,26,1.0,1.0
196,972,2,26,1.0,1.0
197,972,2,26,1.0,1.0
198,972,2,26,1.0,1.0
199,972,1,27,1.0,1.0
200,972,1,27,1.0,1.0
1,999,1,0,1.0,1.0
2,998,2,0,0.9995,0.9996659986639946
3,998,2,0,0.9995,0.9996659986639946
4,998,2,0,0.9995,0.9996659986639946
5,998,2,0,0.9995,0.9996659986639946
6,996,4,0,0.999,0.9994143239625167
7,996,4,0,0.999,0.9994143239625167
8,996,4,0,0.999,0.9994143239625167
9,996,4,0,0.999,0.9994143239625167
10,996,4,0,0.999,0.9994143239625167
11,995,5,0,0.9985,0.9991624790619765
12,995,5,0,0.9985,0.9991624790619765
13,994,6,0,0.9975,0.9986586183769282
14,993,7,0,0.998,0.9988251090970125
15,992,7,1,0.999,0.9994959677419355
16,991,8,1,0.9995,0.9997477295660948
17,991,8,1,0.9995,0.9997477295660948
18,991,8,1,0.9995,0.9997477295660948
19,991,8,1,0.9995,0.9997477295660948
20,991,8,1,0.9995,0.9997477295660948
21,991,7,2,1.0,1.0
22,991,7,2,1.0,1.0
23,991,7,2,1.0,1.0
24,991,6,3,1.0,1.0
25,990,7,3,1.0,1.0
26,990,7,3,1.0,1.0
27,990,7,3,1.0,1.0
28,989,7,4,0.9995,0.999747219413549
29,989,7,4,0.9995,0.999747219413549
30,989,7,4,0.9995,0.999747219413549
31,989,6,5,0.9995,0.999747219413549
32,989,5,6,1.0,1.0
33,989,4,7,1.0,1.0
34,989,4,7,1.0,1.0
35,988,5,7,0.9995,0.999746963562753
36,988,3,9,1.0,1.0
37,988,3,9,1.0,1.0
38,988,3,9,1.0,1.0
39,988,3,9,1.0,1.0
40,988,3,9,1.0,1.0
41,988,3,9,1.0,1.0
42,987,4,9,1.0,1.0
43,987,4,9,1.0,1.0
44,987,4,9,1.0,1.0
45,987,4,9,1.0,1.0
46,987,4,9,1.0,1.0
47,987,4,9,1.0,1.0
48,987,4,9,1.0,1.0
49,987,4,9,1.0,1.0
50,987,3,10,1.0,1.0
51,986,4,10,1.0,1.0
52,986,4,10,1.0,1.0
53,986,4,10,1.0,1.0
54,986,3,11,1.0,1.0
55,986,3,11,1.0,1.0
56,986,3,11,1.0,1.0
57,986,3,11,1.0,1.0
58,986,3,11,1.0,1.0
59,986,2,12,1.0,1.0
60,986,2,12,1.0,1.0
61,986,2,12,1.0,1.0
62,986,2,12,1.0,1.0
63,986,2,12,1.0,1.0
64,986,2,12,1.0,1.0
65,986,2,12,1.0,1.0
66,986,2,12,1.0,1.0
67,986,2,12,1.0,1.0
68,985,3,12,0.9995,0.999746192893401
69,985,2,13,1.0,1.0
70,985,2,13,1.0,1.0
71,985,2,13,1.0,1.0
72,985,2,13,1.0,1.0
73,985,1,14,1.0,1.0
74,985,1,14,1.0,1.0
75,985,1,14,1.0,1.0
76,985,1,14,1.0,1.0
77,985,1,14,1.0,1.0
78,985,1,14,1.0,1.0
79,985,1,14,1.0,1.0
80,985,1,14,1.0,1.0
81,985,1,14,1.0,1.0
82,985,1,14,1.0,1.0
83,985,1,14,1.0,1.0
84,985,1,14,1.0,1.0
85,985,1,14,1.0,1.0
86,985,1,14,1.0,1.0
87,985,1,14,1.0,1.0
88,984,2,14,1.0,1.0
89,984,2,14,1.0,1.0
90,984,2,14,1.0,1.0
91,984,2,14,1.0,1.0
92,984,2,14,1.0,1.0
93,983,3,14,0.9995,0.9997456765005086
94,983,3,14,0.9995,0.9997456765005086
95,983,3,14,0.9995,0.9997456765005086
96,983,3,14,0.9995,0.9997456765005086
97,982,3,15,0.9995,0.9997454175152749
98,982,3,15,0.9995,0.9997454175152749
99,982,3,15,0.9995,0.9997454175152749
100,982,3,15,0.9995,0.9997454175152749
101,982,3,15,0.9995,0.9997454175152749
102,982,3,15,0.9995,0.9997454175152749
103,982,3,15,0.9995,0.9997454175152749
104,982,3,15,0.9995,0.9997454175152749
105,981,4,15,0.999,0.9994903160040775
106,981,4,15,0.999,0.9994903160040775
107,981,3,16,0.9995,0.9997451580020388
108,981,3,16,0.9995,0.9997451580020388
109,980,4,16,0.999,0.9994897959183674
110,979,5,16,0.9985,0.9992339121552605
111,979,5,16,0.9985,0.9992339121552605
112,977,7,16,0.9975,0.9987205731832139
113,977,7,16,0.9975,0.9987205731832139
114,977,7,16,0.9975,0.9987205731832139
115,977,7,16,0.9975,0.9987205731832139
116,977,6,17,0.998,0.9989764585465711
117,977,6,17,0.998,0.9989764585465711
118,977,5,18,0.998,0.9989764585465711
119,976,6,18,0.9975,0.998719262295082
120,976,6,18,0.9975,0.998719262295082
121,976,6,18,0.9975,0.998719262295082
122,976,6,18,0.9975,0.998719262295082
123,975,7,18,0.998,0.9989743589743589
124,974,8,18,0.998,0.9989733059548255
125,974,8,18,0.998,0.9989733059548255
126,974,8,18,0.998,0.9989733059548255
127,974,8,18,0.998,0.9989733059548255
128,973,9,18,0.9975,0.9986296676944159
129,972,10,18,0.9975,0.9987139917695473
130,971,10,19,0.9975,0.998712667353244
131,970,11,19,0.998,0.9989690721649485
132,969,12,19,0.9985,0.9992260061919505
133,969,10,21,0.9985,0.9992260061919505
134,969,8,23,0.9995,0.9997420020639834
135,969,7,24,0.9995,0.9997420020639834
136,969,7,24,0.9995,0.9997420020639834
137,969,6,25,1.0,1.0
138,969,6,25,1.0,1.0
139,969,6,25,1.0,1.0
140,969,5,26,1.0,1.0
141,969,5,26,1.0,1.0
142,969,5,26,1.0,1.0
143,969,5,26,1.0,1.0
144,968,5,27,1.0,1.0
145,968,5,27,1.0,1.0
146,968,4,28,1.0,1.0
147,968,4,28,1.0,1.0
148,967,4,29,0.9995,0.999741468459152
149,967,4,29,0.9995,0.999741468459152
150,967,4,29,0.9995,0.999741468459152
151,967,4,29,0.9995,0.999741468459152
152,965,5,30,0.999,0.9994818652849741
153,964,5,31,0.9985,0.9992219917012448
154,964,4,32,0.9995,0.9997406639004149
155,964,4,32,0.9995,0.9997406639004149
156,964,4,32,0.9995,0.9997406639004149
157,964,4,32,0.9995,0.9997406639004149
158,963,5,32,0.999,0.9994807892004154
159,963,5,32,0.999,0.9994807892004154
160,963,5,32,0.999,0.9994807892004154
161,963,5,32,0.999,0.9994807892004154
162,963,5,32,0.999,0.9994807892004154
163,963,4,33,0.999,0.9994807892004154
164,963,4,33,0.999,0.9994807892004154
165,963,4,33,0.999,0.9994807892004154
166,963,4,33,0.999,0.9994807892004154
167,962,4,34,0.9995,0.9997401247401247
168,961,4,35,0.9995,0.9997398543184183
169,961,4,35,0.9995,0.9997398543184183
170,960,5,35,0.9995,0.9997395833333333
171,958,7,35,0.999,0.9994780793319415
172,957,8,35,0.998,0.9989550679205852
173,957,8,35,0.998,0.9989550679205852
174,956,8,36,0.999,0.9994769874476988
175,954,10,36,0.9985,0.9991264849755417
176,953,11,36,0.9985,0.9991255683805528
177,953,10,37,0.999,0.9993878978663869
178,953,10,37,0.999,0.9993878978663869
179,952,11,37,0.999,0.9993872549019609
180,951,11,38,0.998,0.9987732211706974
181,951,11,38,0.998,0.9987732211706974
182,950,11,39,0.9985,0.999122807017544
183,948,12,40,0.9985,0.9992088607594937
184,948,12,40,0.9985,0.9992088607594937
185,948,12,40,0.9985,0.9992088607594937
186,948,12,40,0.9985,0.9992088607594937
187,947,13,40,0.9985,0.999208025343189
188,946,14,40,0.998,0.9989429175475687
189,944,15,41,0.9975,0.9986758474576272
190,944,14,42,0.9975,0.9986758474576272
191,943,14,43,0.998,0.9989395546129375
192,942,15,43,0.998,0.9989384288747346
193,941,13,46,0.9975,0.9986716259298618
194,941,11,48,0.9985,0.9992029755579172
195,941,11,48,0.9985,0.9992029755579172
196,939,13,48,0.9985,0.9992012779552716
197,939,12,49,0.9985,0.9992012779552716
198,938,13,49,0.9975,0.9986673773987207
199,937,14,49,0.998,0.9989327641408752
200,937,14,49,0.998,0.9989327641408752
1,999,1,0,1.0,1.0
2,999,1,0,1.0,1.0
3,998,2,0,0.999,0.9995490981963927
4,998,2,0,0.999,0.9995490981963927
5,998,1,1,1.0,1.0
6,998,1,1,1.0,1.0
7,998,1,1,1.0,1.0
8,997,2,1,1.0,1.0
9,997,2,1,1.0,1.0
10,996,3,1,1.0,1.0
11,996,3,1,1.0,1.0
12,995,4,1,0.9995,0.999748743718593
13,995,3,2,0.9995,0.999748743718593
14,995,2,3,1.0,1.0
15,995,2,3,1.0,1.0
16,995,2,3,1.0,1.0
17,995,2,3,1.0,1.0
18,995,1,4,1.0,1.0
19,995,1,4,1.0,1.0
20,995,1,4,1.0,1.0
21,995,1,4,1.0,1.0
22,994,2,4,1.0,1.0
23,994,2,4,1.0,1.0
24,994,1,5,1.0,1.0
25,994,1,5,1.0,1.0
26,994,1,5,1.0,1.0
27,994,1,5,1.0,1.0
28,994,1,5,1.0,1.0
29,994,1,5,1.0,1.0
30,994,1,5,1.0,1.0
31,994,1,5,1.0,1.0
32,994,1,5,1.0,1.0
33,994,1,5,1.0,1.0
34,994,1,5,1.0,1.0
35,994,1,5,1.0,1.0
36,994,1,5,1.0,1.0
37,994,1,5,1.0,1.0
38,994,1,5,1.0,1.0
39,994,1,5,1.0,1.0
40,994,1,5,1.0,1.0
41,994,1,5,1.0,1.0
42,994,1,5,1.0,1.0
43,994,1,5,1.0,1.0
44,994,1,5,1.0,1.0
45,994,1,5,1.0,1.0
46,994,1,5,1.0,1.0
47,994,1,5,1.0,1.0
48,994,1,5,1.0,1.0
49,994,1,5,1.0,1.0
50,994,1,5,1.0,1.0
51,994,1,5,1.0,1.0
52,994,0,6,1.0,1.0
53,994,0,6,1.0,1.0
54,994,0,6,1.0,1.0
55,994,0,6,1.0,1.0
56,994,0,6,1.0,1.0
57,994,0,6,1.0,1.0
58,994,0,6,1.0,1.0
59,994,0,6,1.0,1.0
60,994,0,6,1.0,1.0
61,994,0,6,1.0,1.0
62,994,0,6,1.0,1.0
63,994,0,6,1.0,1.0
64,994,0,6,1.0,1.0
65,994,0,6,1.0,1.0
66,994,0,6,1.0,1.0
67,994,0,6,1.0,1.0
68,994,0,6,1.0,1.0
69,994,0,6,1.0,1.0
70,994,0,6,1.0,1.0
71,994,0,6,1.0,1.0
72,994,0,6,1.0,1.0
73,994,0,6,1.0,1.0
74,994,0,6,1.0,1.0
75,994,0,6,1.0,1.0
76,994,0,6,1.0,1.0
77,994,0,6,1.0,1.0
78,994,0,6,1.0,1.0
79,994,0,6,1.0,1.0
80,994,0,6,1.0,1.0
81,994,0,6,1.0,1.0
82,994,0,6,1.0,1.0
83,994,0,6,1.0,1.0
84,994,0,6,1.0,1.0
85,994,0,6,1.0,1.0
86,994,0,6,1.0,1.0
87,994,0,6,1.0,1.0
88,994,0,6,1.0,1.0
89,994,0,6,1.0,1.0
90,994,0,6,1.0,1.0
91,994,0,6,1.0,1.0
92,994,0,6,1.0,1.0
93,994,0,6,1.0,1.0
94,994,0,6,1.0,1.0
95,994,0,6,1.0,1.0
96,994,0,6,1.0,1.0
97,994,0,6,1.0,1.0
98,994,0,6,1.0,1.0
99,994,0,6,1.0,1.0
100,994,0,6,1.0,1.0
101,994,0,6,1.0,1.0
102,994,0,6,1.0,1.0
103,994,0,6,1.0,1.0
104,994,0,6,1.0,1.0
105,994,0,6,1.0,1.0
106,994,0,6,1.0,1.0
107,994,0,6,1.0,1.0
108,994,0,6,1.0,1.0
109,994,0,6,1.0,1.0
110,994,0,6,1.0,1.0
111,994,0,6,1.0,1.0
112,994,0,6,1.0,1.0
113,994,0,6,1.0,1.0
114,994,0,6,1.0,1.0
115,994,0,6,1.0,1.0
116,994,0,6,1.0,1.0
117,994,0,6,1.0,1.0
118,994,0,6,1.0,1.0
119,994,0,6,1.0,1.0
120,994,0,6,1.0,1.0
121,994,0,6,1.0,1.0
122,994,0,6,1.0,1.0
123,994,0,6,1.0,1.0
124,994,0,6,1.0,1.0
125,994,0,6,1.0,1.0
126,994,0,6,1.0,1.0
127,994,0,6,1.0,1.0
128,994,0,6,1.0,1.0
129,994,0,6,1.0,1.0
130,994,0,6,1.0,1.0
131,994,0,6,1.0,1.0
132,994,0,6,1.0,1.0
133,994,0,6,1.0,1.0
134,994,0,6,1.0,1.0
135,994,0,6,1.0,1.0
136,994,0,6,1.0,1.0
137,994,0,6,1.0,1.0
138,994,0,6,1.0,1.0
139,994,0,6,1.0,1.0
140,994,0,6,1.0,1.0
141,994,0,6,1.0,1.0
142,994,0,6,1.0,1.0
143,994,0,6,1.0,1.0
144,994,0,6,1.0,1.0
145,994,0,6,1.0,1.0
146,994,0,6,1.0,1.0
147,994,0,6,1.0,1.0
148,994,0,6,1.0,1.0
149,994,0,6,1.0,1.0
150,994,0,6,1.0,1.0
151,994,0,6,1.0,1.0
152,994,0,6,1.0,1.0
153,994,0,6,1.0,1.0
154,994,0,6,1.0,1.0
155,994,0,6,1.0,1.0
156,994,0,6,1.0,1.0
157,994,0,6,1.0,1.0
158,994,0,6,1.0,1.0
159,994,0,6,1.0,1.0
160,994,0,6,1.0,1.0
161,994,0,6,1.0,1.0
162,994,0,6,1.0,1.0
163,994,0,6,1.0,1.0
164,994,0,6,1.0,1.0
165,994,0,6,1.0,1.0
166,994,0,6,1.0,1.0
167,994,0,6,1.0,1.0
168,994,0,6,1.0,1.0
169,994,0,6,1.0,1.0
170,994,0,6,1.0,1.0
171,994,0,6,1.0,1.0
172,994,0,6,1.0,1.0
173,994,0,6,1.0,1.0
174,994,0,6,1.0,1.0
175,994,0,6,1.0,1.0
176,994,0,6,1.0,1.0
177,994,0,6,1.0,1.0
178,994,0,6,1.0,1.0
179,994,0,6,1.0,1.0
180,994,0,6,1.0,1.0
181,994,0,6,1.0,1.0
182,994,0,6,1.0,1.0
183,994,0,6,1.0,1.0
184,994,0,6,1.0,1.0
185,994,0,6,1.0,1.0
186,994,0,6,1.0,1.0
187,994,0,6,1.0,1.0
188,994,0,6,1.0,1.0
189,994,0,6,1.0,1.0
190,994,0,6,1.0,1.0
191,994,0,6,1.0,1.0
192,994,0,6,1.0,1.0
193,994,0,6,1.0,1.0
194,994,0,6,1.0,1.0
195,994,0,6,1.0,1.0
196,994,0,6,1.0,1.0
197,994,0,6,1.0,1.0
198,994,0,6,1.0,1.0
199,994,0,6,1.0,1.0
200,994,0,6,1.0,1.0
1,999,1,0,1.0,1.0
2,999,1,0,1.0,1.0
3,999,1,0,1.0,1.0
4,998,2,0,0.9995,0.999749498997996
5,997,3,0,0.9985,0.999164159144099
6,996,4,0,0.9985,0.9992469879518072
7,996,3,1,0.999,0.9994979919678715
8,996,3,1,0.999,0.9994979919678715
9,995,4,1,0.999,0.9994974874371859
10,995,4,1,0.999,0.9994974874371859
11,994,4,2,1.0,1.0
12,994,4,2,1.0,1.0
13,994,4,2,1.0,1.0
14,994,4,2,1.0,1.0
15,994,4,2,1.0,1.0
16,994,4,2,1.0,1.0
17,994,4,2,1.0,1.0
18,994,4,2,1.0,1.0
19,994,3,3,1.0,1.0
20,994,3,3,1.0,1.0
21,994,3,3,1.0,1.0
22,994,2,4,1.0,1.0
23,994,2,4,1.0,1.0
24,994,2,4,1.0,1.0
25,994,2,4,1.0,1.0
26,994,2,4,1.0,1.0
27,994,1,5,1.0,1.0
28,994,1,5,1.0,1.0
29,994,1,5,1.0,1.0
30,994,1,5,1.0,1.0
31,994,1,5,1.0,1.0
32,994,1,5,1.0,1.0
33,994,1,5,1.0,1.0
34,994,1,5,1.0,1.0
35,994,1,5,1.0,1.0
36,994,1,5,1.0,1.0
37,994,1,5,1.0,1.0
38,994,1,5,1.0,1.0
39,994,1,5,1.0,1.0
40,993,2,5,0.9995,0.9997482376636455
41,993,2,5,0.9995,0.9997482376636455
42,993,2,5,0.9995,0.9997482376636455
43,993,2,5,0.9995,0.9997482376636455
44,993,2,5,0.9995,0.9997482376636455
45,993,2,5,0.9995,0.9997482376636455
46,993,2,5,0.9995,0.9997482376636455
47,993,2,5,0.9995,0.9997482376636455
48,992,3,5,1.0,1.0
49,992,3,5,1.0,1.0
50,992,3,5,1.0,1.0
51,992,2,6,1.0,1.0
52,991,3,6,1.0,1.0
53,991,3,6,1.0,1.0
54,990,4,6,0.9995,0.9997474747474747
55,990,4,6,0.9995,0.9997474747474747
56,990,3,7,1.0,1.0
57,989,3,8,0.9995,0.999747219413549
58,989,3,8,0.9995,0.999747219413549
59,989,3,8,0.9995,0.999747219413549
60,989,3,8,0.9995,0.999747219413549
61,988,4,8,0.999,0.9994095816464237
62,988,4,8,0.999,0.9994095816464237
63,988,4,8,0.999,0.9994095816464237
64,988,3,9,0.9995,0.999746963562753
65,988,3,9,0.9995,0.999746963562753
66,988,3,9,0.9995,0.999746963562753
67,988,2,10,1.0,1.0
68,988,2,10,1.0,1.0
69,988,2,10,1.0,1.0
70,988,2,10,1.0,1.0
71,988,2,10,1.0,1.0
72,988,2,10,1.0,1.0
73,988,2,10,1.0,1.0
74,988,2,10,1.0,1.0
75,988,2,10,1.0,1.0
76,988,2,10,1.0,1.0
77,988,1,11,1.0,1.0
78,988,1,11,1.0,1.0
79,988,1,11,1.0,1.0
80,988,1,11,1.0,1.0
81,988,1,11,1.0,1.0
82,988,1,11,1.0,1.0
83,988,1,11,1.0,1.0
84,988,1,11,1.0,1.0
85,988,1,11,1.0,1.0
86,988,1,11,1.0,1.0
87,988,1,11,1.0,1.0
88,988,1,11,1.0,1.0
89,988,1,11,1.0,1.0
90,988,1,11,1.0,1.0
91,988,1,11,1.0,1.0
92,988,1,11,1.0,1.0
93,988,1,11,1.0,1.0
94,988,1,11,1.0,1.0
95,988,1,11,1.0,1.0
96,988,1,11,1.0,1.0
97,988,1,11,1.0,1.0
98,988,0,12,1.0,1.0
99,988,0,12,1.0,1.0
100,988,0,12,1.0,1.0
101,988,0,12,1.0,1.0
102,988,0,12,1.0,1.0
103,988,0,12,1.0,1.0
104,988,0,12,1.0,1.0
105,988,0,12,1.0,1.0
106,988,0,12,1.0,1.0
107,988,0,12,1.0,1.0
108,988,0,12,1.0,1.0
109,988,0,12,1.0,1.0
110,988,0,12,1.0,1.0
111,988,0,12,1.0,1.0
112,988,0,12,1.0,1.0
113,988,0,12,1.0,1.0
114,988,0,12,1.0,1.0
115,988,0,12,1.0,1.0
116,988,0,12,1.0,1.0
117,988,0,12,1.0,1.0
118,988,0,12,1.0,1.0
119,988,0,12,1.0,1.0
120,988,0,12,1.0,1.0
121,988,0,12,1.0,1.0
122,988,0,12,1.0,1.0
123,988,0,12,1.0,1.0
124,988,0,12,1.0,1.0
125,988,0,12,1.0,1.0
126,988,0,12,1.0,1.0
127,988,0,12,1.0,1.0
128,988,0,12,1.0,1.0
129,988,0,12,1.0,1.0
130,988,0,12,1.0,1.0
131,988,0,12,1.0,1.0
132,988,0,12,1.0,1.0
133,988,0,12,1.0,1.0
134,988,0,12,1.0,1.0
135,988,0,12,1.0,1.0
136,988,0,12,1.0,1.0
137,988,0,12,1.0,1.0
138,988,0,12,1.0,1.0
139,988,0,12,1.0,1.0
140,988,0,12,1.0,1.0
141,988,0,12,1.0,1.0
142,988,0,12,1.0,1.0
143,988,0,12,1.0,1.0
144,988,0,12,1.0,1.0
145,988,0,12,1.0,1.0
146,988,0,12,1.0,1.0
147,988,0,12,1.0,1.0
148,988,0,12,1.0,1.0
149,988,0,12,1.0,1.0
150,988,0,12,1.0,1.0
151,988,0,12,1.0,1.0
152,988,0,12,1.0,1.0
153,988,0,12,1.0,1.0
154,988,0,12,1.0,1.0
155,988,0,12,1.0,1.0
156,988,0,12,1.0,1.0
157,988,0,12,1.0,1.0
158,988,0,12,1.0,1.0
159,988,0,12,1.0,1.0
160,988,0,12,1.0,1.0
161,988,0,12,1.0,1.0
162,988,0,12,1.0,1.0
163,988,0,12,1.0,1.0
164,988,0,12,1.0,1.0
165,988,0,12,1.0,1.0
166,988,0,12,1.0,1.0
167,988,0,12,1.0,1.0
168,988,0,12,1.0,1.0
169,988,0,12,1.0,1.0
170,988,0,12,1.0,1.0
171,988,0,12,1.0,1.0
172,988,0,12,1.0,1.0
173,988,0,12,1.0,1.0
174,988,0,12,1.0,1.0
175,988,0,12,1.0,1.0
176,988,0,12,1.0,1.0
177,988,0,12,1.0,1.0
178,988,0,12,1.0,1.0
179,988,0,12,1.0,1.0
180,988,0,12,1.0,1.0
181,988,0,12,1.0,1.0
182,988,0,12,1.0,1.0
183,988,0,12,1.0,1.0
184,988,0,12,1.0,1.0
185,988,0,12,1.0,1.0
186,988,0,12,1.0,1.0
187,988,0,12,1.0,1.0
188,988,0,12,1.0,1.0
189,988,0,12,1.0,1.0
190,988,0,12,1.0,1.0
191,988,0,12,1.0,1.0
192,988,0,12,1.0,1.0
193,988,0,12,1.0,1.0
194,988,0,12,1.0,1.0
195,988,0,12,1.0,1.0
196,988,0,12,1.0,1.0
197,988,0,12,1.0,1.0
198,988,0,12,1.0,1.0
199,988,0,12,1.0,1.0
200,988,0,12,1.0,1.0
1,999,0,1,1.0,1.0
2,999,0,1,1.0,1.0
3,999,0,1,1.0,1.0
4,999,0,1,1.0,1.0
5,999,0,1,1.0,1.0
6,999,0,1,1.0,1.0
7,999,0,1,1.0,1.0
8,999,0,1,1.0,1.0
9,999,0,1,1.0,1.0
10,999,0,1,1.0,1.0
11,999,0,1,1.0,1.0
12,999,0,1,1.0,1.0
13,999,0,1,1.0,1.0
14,999,0,1,1.0,1.0
15,999,0,1,1.0,1.0
16,999,0,1,1.0,1.0
17,999,0,1,1.0,1.0
18,999,0,1,1.0,1.0
19,999,0,1,1.0,1.0
20,999,0,1,1.0,1.0
21,999,0,1,1.0,1.0
22,999,0,1,1.0,1.0
23,999,0,1,1.0,1.0
24,999,0,1,1.0,1.0
25,999,0,1,1.0,1.0
26,999,0,1,1.0,1.0
27,999,0,1,1.0,1.0
28,999,0,1,1.0,1.0
29,999,0,1,1.0,1.0
30,999,0,1,1.0,1.0
31,999,0,1,1.0,1.0
32,999,0,1,1.0,1.0
33,999,0,1,1.0,1.0
34,999,0,1,1.0,1.0
35,999,0,1,1.0,1.0
36,999,0,1,1.0,1.0
37,999,0,1,1.0,1.0
38,999,0,1,1.0,1.0
39,999,0,1,1.0,1.0
40,999,0,1,1.0,1.0
41,999,0,1,1.0,1.0
42,999,0,1,1.0,1.0
43,999,0,1,1.0,1.0
44,999,0,1,1.0,1.0
45,999,0,1,1.0,1.0
46,999,0,1,1.0,1.0
47,999,0,1,1.0,1.0
48,999,0,1,1.0,1.0
49,999,0,1,1.0,1.0
50,999,0,1,1.0,1.0
51,999,0,1,1.0,1.0
52,999,0,1,1.0,1.0
53,999,0,1,1.0,1.0
54,999,0,1,1.0,1.0
55,999,0,1,1.0,1.0
56,999,0,1,1.0,1.0
57,999,0,1,1.0,1.0
58,999,0,1,1.0,1.0
59,999,0,1,1.0,1.0
60,999,0,1,1.0,1.0
61,999,0,1,1.0,1.0
62,999,0,1,1.0,1.0
63,999,0,1,1.0,1.0
64,999,0,1,1.0,1.0
65,999,0,1,1.0,1.0
66,999,0,1,1.0,1.0
67,999,0,1,1.0,1.0
68,999,0,1,1.0,1.0
69,999,0,1,1.0,1.0
70,999,0,1,1.0,1.0
71,999,0,1,1.0,1.0
72,999,0,1,1.0,1.0
73,999,0,1,1.0,1.0
74,999,0,1,1.0,1.0
75,999,0,1,1.0,1.0
76,999,0,1,1.0,1.0
77,999,0,1,1.0,1.0
78,999,0,1,1.0,1.0
79,999,0,1,1.0,1.0
80,999,0,1,1.0,1.0
81,999,0,1,1.0,1.0
82,999,0,1,1.0,1.0
83,999,0,1,1.0,1.0
84,999,0,1,1.0,1.0
85,999,0,1,1.0,1.0
86,999,0,1,1.0,1.0
87,999,0,1,1.0,1.0
88,999,0,1,1.0,1.0
89,999,0,1,1.0,1.0
90,999,0,1,1.0,1.0
91,999,0,1,1.0,1.0
92,999,0,1,1.0,1.0
93,999,0,1,1.0,1.0
94,999,0,1,1.0,1.0
95,999,0,1,1.0,1.0
96,999,0,1,1.0,1.0
97,999,0,1,1.0,1.0
98,999,0,1,1.0,1.0
99,999,0,1,1.0,1.0
100,999,0,1,1.0,1.0
101,999,0,1,1.0,1.0
102,999,0,1,1.0,1.0
103,999,0,1,1.0,1.0
104,999,0,1,1.0,1.0
105,999,0,1,1.0,1.0
106,999,0,1,1.0,1.0
107,999,0,1,1.0,1.0
108,999,0,1,1.0,1.0
109,999,0,1,1.0,1.0
110,999,0,1,1.0,1.0
111,999,0,1,1.0,1.0
112,999,0,1,1.0,1.0
113,999,0,1,1.0,1.0
114,999,0,1,1.0,1.0
115,999,0,1,1.0,1.0
116,999,0,1,1.0,1.0
117,999,0,1,1.0,1.0
118,999,0,1,1.0,1.0
119,999,0,1,1.0,1.0
120,999,0,1,1.0,1.0
121,999,0,1,1.0,1.0
122,999,0,1,1.0,1.0
123,999,0,1,1.0,1.0
124,999,0,1,1.0,1.0
125,999,0,1,1.0,1.0
126,999,0,1,1.0,1.0
127,999,0,1,1.0,1.0
128,999,0,1,1.0,1.0
129,999,0,1,1.0,1.0
130,999,0,1,1.0,1.0
131,999,0,1,1.0,1.0
132,999,0,1,1.0,1.0
133,999,0,1,1.0,1.0
134,999,0,1,1.0,1.0
135,999,0,1,1.0,1.0
136,999,0,1,1.0,1.0
137,999,0,1,1.0,1.0
138,999,0,1,1.0,1.0
139,999,0,1,1.0,1.0
140,999,0,1,1.0,1.0
141,999,0,1,1.0,1.0
142,999,0,1,1.0,1.0
143,999,0,1,1.0,1.0
144,999,0,1,1.0,1.0
145,999,0,1,1.0,1.0
146,999,0,1,1.0,1.0
147,999,0,1,1.0,1.0
148,999,0,1,1.0,1.0
149,999,0,1,1.0,1.0
150,999,0,1,1.0,1.0
151,999,0,1,1.0,1.0
152,999,0,1,1.0,1.0
153,999,0,1,1.0,1.0
154,999,0,1,1.0,1.0
155,999,0,1,1.0,1.0
156,999,0,1,1.0,1.0
157,999,0,1,1.0,1.0
158,999,0,1,1.0,1.0
159,999,0,1,1.0,1.0
160,999,0,1,1.0,1.0
161,999,0,1,1.0,1.0
162,999,0,1,1.0,1.0
163,999,0,1,1.0,1.0
164,999,0,1,1.0,1.0
165,999,0,1,1.0,1.0
166,999,0,1,1.0,1.0
167,999,0,1,1.0,1.0
168,999,0,1,1.0,1.0
169,999,0,1,1.0,1.0
170,999,0,1,1.0,1.0
171,999,0,1,1.0,1.0
172,999,0,1,1.0,1.0
173,999,0,1,1.0,1.0
174,999,0,1,1.0,1.0
175,999,0,1,1.0,1.0
176,999,0,1,1.0,1.0
177,999,0,1,1.0,1.0
178,999,0,1,1.0,1.0
179,999,0,1,1.0,1.0
180,999,0,1,1.0,1.0
181,999,0,1,1.0,1.0
182,999,0,1,1.0,1.0
183,999,0,1,1.0,1.0
184,999,0,1,1.0,1.0
185,999,0,1,1.0,1.0
186,999,0,1,1.0,1.0
187,999,0,1,1.0,1.0
188,999,0,1,1.0,1.0
189,999,0,1,1.0,1.0
190,999,0,1,1.0,1.0
191,999,0,1,1.0,1.0
192,999,0,1,1.0,1.0
193,999,0,1,1.0,1.0
194,999,0,1,1.0,1.0
195,999,0,1,1.0,1.0
196,999,0,1,1.0,1.0
197,999,0,1,1.0,1.0
198,999,0,1,1.0,1.0
199,999,0,1,1.0,1.0
200,999,0,1,1.0,1.0
1,999,1,0,1.0,1.0
2,999,1,0,1.0,1.0
3,999,1,0,1.0,1.0
4,999,0,1,1.0,1.0
5,999,0,1,1.0,1.0
6,999,0,1,1.0,1.0
7,999,0,1,1.0,1.0
8,999,0,1,1.0,1.0
9,999,0,1,1.0,1.0
10,999,0,1,1.0,1.0
11,999,0,1,1.0,1.0
12,999,0,1,1.0,1.0
13,999,0,1,1.0,1.0
14,999,0,1,1.0,1.0
15,999,0,1,1.0,1.0
16,999,0,1,1.0,1.0
17,999,0,1,1.0,1.0
18,999,0,1,1.0,1.0
19,999,0,1,1.0,1.0
20,999,0,1,1.0,1.0
21,999,0,1,1.0,1.0
22,999,0,1,1.0,1.0
23,999,0,1,1.0,1.0
24,999,0,1,1.0,1.0
25,999,0,1,1.0,1.0
26,999,0,1,1.0,1.0
27,999,0,1,1.0,1.0
28,999,0,1,1.0,1.0
29,999,0,1,1.0,1.0
30,999,0,1,1.0,1.0
31,999,0,1,1.0,1.0
32,999,0,1,1.0,1.0
33,999,0,1,1.0,1.0
34,999,0,1,1.0,1.0
35,999,0,1,1.0,1.0
36,999,0,1,1.0,1.0
37,999,0,1,1.0,1.0
38,999,0,1,1.0,1.0
39,999,0,1,1.0,1.0
40,999,0,1,1.0,1.0
41,999,0,1,1.0,1.0
42,999,0,1,1.0,1.0
43,999,0,1,1.0,1.0
44,999,0,1,1.0,1.0
45,999,0,1,1.0,1.0
46,999,0,1,1.0,1.0
47,999,0,1,1.0,1.0
48,999,0,1,1.0,1.0
49,999,0,1,1.0,1.0
50,999,0,1,1.0,1.0
51,999,0,1,1.0,1.0
52,999,0,1,1.0,1.0
53,999,0,1,1.0,1.0
54,999,0,1,1.0,1.0
55,999,0,1,1.0,1.0
56,999,0,1,1.0,1.0
57,999,0,1,1.0,1.0
58,999,0,1,1.0,1.0
59,999,0,1,1.0,1.0
60,999,0,1,1.0,1.0
61,999,0,1,1.0,1.0
62,999,0,1,1.0,1.0
63,999,0,1,1.0,1.0
64,999,0,1,1.0,1.0
65,999,0,1,1.0,1.0
66,999,0,1,1.0,1.0
67,999,0,1,1.0,1.0
68,999,0,1,1.0,1.0
69,999,0,1,1.0,1.0
70,999,0,1,1.0,1.0
71,999,0,1,1.0,1.0
72,999,0,1,1.0,1.0
73,999,0,1,1.0,1.0
74,999,0,1,1.0,1.0
75,999,0,1,1.0,1.0
76,999,0,1,1.0,1.0
77,999,0,1,1.0,1.0
78,999,0,1,1.0,1.0
79,999,0,1,1.0,1.0
80,999,0,1,1.0,1.0
81,999,0,1,1.0,1.0
82,999,0,1,1.0,1.0
83,999,0,1,1.0,1.0
84,999,0,1,1.0,1.0
85,999,0,1,1.0,1.0
86,999,0,1,1.0,1.0
87,999,0,1,1.0,1.0
88,999,0,1,1.0,1.0
89,999,0,1,1.0,1.0
90,999,0,1,1.0,1.0
91,999,0,1,1.0,1.0
92,999,0,1,1.0,1.0
93,999,0,1,1.0,1.0
94,999,0,1,1.0,1.0
95,999,0,1,1.0,1.0
96,999,0,1,1.0,1.0
97,999,0,1,1.0,1.0
98,999,0,1,1.0,1.0
99,999,0,1,1.0,1.0
100,999,0,1,1.0,1.0
101,999,0,1,1.0,1.0
102,999,0,1,1.0,1.0
103,999,0,1,1.0,1.0
104,999,0,1,1.0,1.0
105,999,0,1,1.0,1.0
106,999,0,1,1.0,1.0
107,999,0,1,1.0,1.0
108,999,0,1,1.0,1.0
109,999,0,1,1.0,1.0
110,999,0,1,1.0,1.0
111,999,0,1,1.0,1.0
112,999,0,1,1.0,1.0
113,999,0,1,1.0,1.0
114,999,0,1,1.0,1.0
115,999,0,1,1.0,1.0
116,999,0,1,1.0,1.0
117,999,0,1,1.0,1.0
118,999,0,1,1.0,1.0
119,999,0,1,1.0,1.0
120,999,0,1,1.0,1.0
121,999,0,1,1.0,1.0
122,999,0,1,1.0,1.0
123,999,0,1,1.0,1.0
124,999,0,1,1.0,1.0
125,999,0,1,1.0,1.0
126,999,0,1,1.0,1.0
127,999,0,1,1.0,1.0
128,999,0,1,1.0,1.0
129,999,0,1,1.0,1.0
130,999,0,1,1.0,1.0
131,999,0,1,1.0,1.0
132,999,0,1,1.0,1.0
133,999,0,1,1.0,1.0
134,999,0,1,1.0,1.0
135,999,0,1,1.0,1.0
136,999,0,1,1.0,1.0
137,999,0,1,1.0,1.0
138,999,0,1,1.0,1.0
139,999,0,1,1.0,1.0
140,999,0,1,1.0,1.0
141,999,0,1,1.0,1.0
142,999,0,1,1.0,1.0
143,999,0,1,1.0,1.0
144,999,0,1,1.0,1.0
145,999,0,1,1.0,1.0
146,999,0,1,1.0,1.0
147,999,0,1,1.0,1.0
148,999,0,1,1.0,1.0
149,999,0,1,1.0,1.0
150,999,0,1,1.0,1.0
151,999,0,1,1.0,1.0
152,999,0,1,1.0,1.0
153,999,0,1,1.0,1.0
154,999,0,1,1.0,1.0
155,999,0,1,1.0,1.0
156,999,0,1,1.0,1.0
157,999,0,1,1.0,1.0
158,999,0,1,1.0,1.0
159,999,0,1,1.0,1.0
160,999,0,1,1.0,1.0
161,999,0,1,1.0,1.0
162,999,0,1,1.0,1.0
163,999,0,1,1.0,1.0
164,999,0,1,1.0,1.0
165,999,0,1,1.0,1.0
166,999,0,1,1.0,1.0
167,999,0,1,1.0,1.0
168,999,0,1,1.0,1.0
169,999,0,1,1.0,1.0
170,999,0,1,1.0,1.0
171,999,0,1,1.0,1.0
172,999,0,1,1.0,1.0
173,999,0,1,1.0,1.0
174,999,0,1,1.0,1.0
175,999,0,1,1.0,1.0
176,999,0,1,1.0,1.0
177,999,0,1,1.0,1.0
178,999,0,1,1.0,1.0
179,999,0,1,1.0,1.0
180,999,0,1,1.0,1.0
181,999,0,1,1.0,1.0
182,999,0,1,1.0,1.0
183,999,0,1,1.0,1.0
184,999,0,1,1.0,1.0
185,999,0,1,1.0,1.0
186,999,0,1,1.0,1.0
187,999,0,1,1.0,1.0
188,999,0,1,1.0,1.0
189,999,0,1,1.0,1.0
190,999,0,1,1.0,1.0
191,999,0,1,1.0,1.0
192,999,0,1,1.0,1.0
193,999,0,1,1.0,1.0
194,999,0,1,1.0,1.0
195,999,0,1,1.0,1.0
196,999,0,1,1.0,1.0
197,999,0,1,1.0,1.0
198,999,0,1,1.0,1.0
199,999,0,1,1.0,1.0
200,999,0,1,1.0,1.0
1,999,1,0,1.0,1.0
2,999,1,0,1.0,1.0
3,999,1,0,1.0,1.0
4,999,1,0,1.0,1.0
5,999,1,0,1.0,1.0
6,999,1,0,1.0,1.0
7,999,1,0,1.0,1.0
8,999,1,0,1.0,1.0
9,999,1,0,1.0,1.0
10,999,1,0,1.0,1.0
11,999,1,0,1.0,1.0
12,999,1,0,1.0,1.0
13,999,1,0,1.0,1.0
14,999,0,1,1.0,1.0
15,999,0,1,1.0,1.0
16,999,0,1,1.0,1.0
17,999,0,1,1.0,1.0
18,999,0,1,1.0,1.0
19,999,0,1,1.0,1.0
20,999,0,1,1.0,1.0
21,999,0,1,1.0,1.0
22,999,0,1,1.0,1.0
23,999,0,1,1.0,1.0
24,999,0,1,1.0,1.0
25,999,0,1,1.0,1.0
26,999,0,1,1.0,1.0
27,999,0,1,1.0,1.0
28,999,0,1,1.0,1.0
29,999,0,1,1.0,1.0
30,999,0,1,1.0,1.0
31,999,0,1,1.0,1.0
32,999,0,1,1.0,1.0
33,999,0,1,1.0,1.0
34,999,0,1,1.0,1.0
35,999,0,1,1.0,1.0
36,999,0,1,1.0,1.0
37,999,0,1,1.0,1.0
38,999,0,1,1.0,1.0
39,999,0,1,1.0,1.0
40,999,0,1,1.0,1.0
41,999,0,1,1.0,1.0
42,999,0,1,1.0,1.0
43,999,0,1,1.0,1.0
44,999,0,1,1.0,1.0
45,999,0,1,1.0,1.0
46,999,0,1,1.0,1.0
47,999,0,1,1.0,1.0
48,999,0,1,1.0,1.0
49,999,0,1,1.0,1.0
50,999,0,1,1.0,1.0
51,999,0,1,1.0,1.0
52,999,0,1,1.0,1.0
53,999,0,1,1.0,1.0
54,999,0,1,1.0,1.0
55,999,0,1,1.0,1.0
56,999,0,1,1.0,1.0
57,999,0,1,1.0,1.0
58,999,0,1,1.0,1.0
59,999,0,1,1.0,1.0
60,999,0,1,1.0,1.0
61,999,0,1,1.0,1.0
62,999,0,1,1.0,1.0
63,999,0,1,1.0,1.0
64,999,0,1,1.0,1.0
65,999,0,1,1.0,1.0
66,999,0,1,1.0,1.0
67,999,0,1,1.0,1.0
68,999,0,1,1.0,1.0
69,999,0,1,1.0,1.0
70,999,0,1,1.0,1.0
71,999,0,1,1.0,1.0
72,999,0,1,1.0,1.0
73,999,0,1,1.0,1.0
74,999,0,1,1.0,1.0
75,999,0,1,1.0,1.0
76,999,0,1,1.0,1.0
77,999,0,1,1.0,1.0
78,999,0,1,1.0,1.0
79,999,0,1,1.0,1.0
80,999,0,1,1.0,1.0
81,999,0,1,1.0,1.0
82,999,0,1,1.0,1.0
83,999,0,1,1.0,1.0
84,999,0,1,1.0,1.0
85,999,0,1,1.0,1.0
86,999,0,1,1.0,1.0
87,999,0,1,1.0,1.0
88,999,0,1,1.0,1.0
89,999,0,1,1.0,1.0
90,999,0,1,1.0,1.0
91,999,0,1,1.0,1.0
92,999,0,1,1.0,1.0
93,999,0,1,1.0,1.0
94,999,0,1,1.0,1.0
95,999,0,1,1.0,1.0
96,999,0,1,1.0,1.0
97,999,0,1,1.0,1.0
98,999,0,1,1.0,1.0
99,999,0,1,1.0,1.0
100,999,0,1,1.0,1.0
101,999,0,1,1.0,1.0
102,999,0,1,1.0,1.0
103,999,0,1,1.0,1.0
104,999,0,1,1.0,1.0
105,999,0,1,1.0,1.0
106,999,0,1,1.0,1.0
107,999,0,1,1.0,1.0
108,999,0,1,1.0,1.0
109,999,0,1,1.0,1.0
110,999,0,1,1.0,1.0
111,999,0,1,1.0,1.0
112,999,0,1,1.0,1.0
113,999,0,1,1.0,1.0
114,999,0,1,1.0,1.0
115,999,0,1,1.0,1.0
116,999,0,1,1.0,1.0
117,999,0,1,1.0,1.0
118,999,0,1,1.0,1.0
119,999,0,1,1.0,1.0
120,999,0,1,1.0,1.0
121,999,0,1,1.0,1.0
122,999,0,1,1.0,1.0
123,999,0,1,1.0,1.0
124,999,0,1,1.0,1.0
125,999,0,1,1.0,1.0
126,999,0,1,1.0,1.0
127,999,0,1,1.0,1.0
128,999,0,1,1.0,1.0
129,999,0,1,1.0,1.0
130,999,0,1,1.0,1.0
131,999,0,1,1.0,1.0
132,999,0,1,1.0,1.0
133,999,0,1,1.0,1.0
134,999,0,1,1.0,1.0
135,999,0,1,1.0,1.0
136,999,0,1,1.0,1.0
137,999,0,1,1.0,1.0
138,999,0,1,1.0,1.0
139,999,0,1,1.0,1.0
140,999,0,1,1.0,1.0
141,999,0,1,1.0,1.0
142,999,0,1,1.0,1.0
143,999,0,1,1.0,1.0
144,999,0,1,1.0,1.0
145,999,0,1,1.0,1.0
146,999,0,1,1.0,1.0
147,999,0,1,1.0,1.0
148,999,0,1,1.0,1.0
149,999,0,1,1.0,1.0
150,999,0,1,1.0,1.0
151,999,0,1,1.0,1.0
152,999,0,1,1.0,1.0
153,999,0,1,1.0,1.0
154,999,0,1,1.0,1.0
155,999,0,1,1.0,1.0
156,999,0,1,1.0,1.0
157,999,0,1,1.0,1.0
158,999,0,1,1.0,1.0
159,999,0,1,1.0,1.0
160,999,0,1,1.0,1.0
161,999,0,1,1.0,1.0
162,999,0,1,1.0,1.0
163,999,0,1,1.0,1.0
164,999,0,1,1.0,1.0
165,999,0,1,1.0,1.0
166,999,0,1,1.0,1.0
167,999,0,1,1.0,1.0
168,999,0,1,1.0,1.0
169,999,0,1,1.0,1.0
170,999,0,1,1.0,1.0
171,999,0,1,1.0,1.0
172,999,0,1,1.0,1.0
173,999,0,1,1.0,1.0
174,999,0,1,1.0,1.0
175,999,0,1,1.0,1.0
176,999,0,1,1.0,1.0
177,999,0,1,1.0,1.0
178,999,0,1,1.0,1.0
179,999,0,1,1.0,1.0
180,999,0,1,1.0,1.0
181,999,0,1,1.0,1.0
182,999,0,1,1.0,1.0
183,999,0,1,1.0,1.0
184,999,0,1,1.0,1.0
185,999,0,1,1.0,1.0
186,999,0,1,1.0,1.0
187,999,0,1,1.0,1.0
188,999,0,1,1.0,1.0
189,999,0,1,1.0,1.0
190,999,0,1,1.0,1.0
191,999,0,1,1.0,1.0
192,999,0,1,1.0,1.0
193,999,0,1,1.0,1.0
194,999,0,1,1.0,1.0
195,999,0,1,1.0,1.0
196,999,0,1,1.0,1.0
197,999,0,1,1.0,1.0
198,999,0,1,1.0,1.0
199,999,0,1,1.0,1.0
200,999,0,1,1.0,1.0
1,999,1,0,1.0,1.0
2,999,1,0,1.0,1.0
3,999,1,0,1.0,1.0
4,998,2,0,0.9995,0.999749498997996
5,997,3,0,0.999,0.9994984954864594
6,996,3,1,0.999,0.9994979919678715
7,996,3,1,0.999,0.9994979919678715
8,995,4,1,0.999,0.9994974874371859
9,995,4,1,0.999,0.9994974874371859
10,995,4,1,0.999,0.9994974874371859
11,994,5,1,0.9995,0.9997484909456741
12,994,5,1,0.9995,0.9997484909456741
13,994,5,1,0.9995,0.9997484909456741
14,994,5,1,0.9995,0.9997484909456741
15,994,5,1,0.9995,0.9997484909456741
16,994,4,2,0.9995,0.9997484909456741
17,994,4,2,0.9995,0.9997484909456741
18,994,4,2,0.9995,0.9997484909456741
19,994,4,2,0.9995,0.9997484909456741
20,994,3,3,0.9995,0.9997484909456741
21,994,3,3,0.9995,0.9997484909456741
22,994,3,3,0.9995,0.9997484909456741
23,994,3,3,0.9995,0.9997484909456741
24,994,3,3,0.9995,0.9997484909456741
25,994,3,3,0.9995,0.9997484909456741
26,994,3,3,0.9995,0.9997484909456741
27,994,3,3,0.9995,0.9997484909456741
28,994,3,3,0.9995,0.9997484909456741
29,994,3,3,0.9995,0.9997484909456741
30,994,2,4,0.9995,0.9997484909456741
31,994,2,4,0.9995,0.9997484909456741
32,994,2,4,0.9995,0.9997484909456741
33,994,2,4,0.9995,0.9997484909456741
34,994,2,4,0.9995,0.9997484909456741
35,994,2,4,0.9995,0.9997484909456741
36,994,2,4,0.9995,0.9997484909456741
37,994,2,4,0.9995,0.9997484909456741
38,994,2,4,0.9995,0.9997484909456741
39,994,2,4,0.9995,0.9997484909456741
40,994,2,4,0.9995,0.9997484909456741
41,994,2,4,0.9995,0.9997484909456741
42,994,1,5,1.0,1.0
43,994,1,5,1.0,1.0
44,994,1,5,1.0,1.0
45,994,1,5,1.0,1.0
46,994,1,5,1.0,1.0
47,994,1,5,1.0,1.0
48,994,1,5,1.0,1.0
49,994,1,5,1.0,1.0
50,994,1,5,1.0,1.0
51,994,1,5,1.0,1.0
52,994,1,5,1.0,1.0
53,994,0,6,1.0,1.0
54,994,0,6,1.0,1.0
55,994,0,6,1.0,1.0
56,994,0,6,1.0,1.0
57,994,0,6,1.0,1.0
58,994,0,6,1.0,1.0
59,994,0,6,1.0,1.0
60,994,0,6,1.0,1.0
61,994,0,6,1.0,1.0
62,994,0,6,1.0,1.0
63,994,0,6,1.0,1.0
64,994,0,6,1.0,1.0
65,994,0,6,1.0,1.0
66,994,0,6,1.0,1.0
67,994,0,6,1.0,1.0
68,994,0,6,1.0,1.0
69,994,0,6,1.0,1.0
70,994,0,6,1.0,1.0
71,994,0,6,1.0,1.0
72,994,0,6,1.0,1.0
73,994,0,6,1.0,1.0
74,994,0,6,1.0,1.0
75,994,0,6,1.0,1.0
76,994,0,6,1.0,1.0
77,994,0,6,1.0,1.0
78,994,0,6,1.0,1.0
79,994,0,6,1.0,1.0
80,994,0,6,1.0,1.0
81,994,0,6,1.0,1.0
82,994,0,6,1.0,1.0
83,994,0,6,1.0,1.0
84,994,0,6,1.0,1.0
85,994,0,6,1.0,1.0
86,994,0,6,1.0,1.0
87,994,0,6,1.0,1.0
88,994,0,6,1.0,1.0
89,994,0,6,1.0,1.0
90,994,0,6,1.0,1.0
91,994,0,6,1.0,1.0
92,994,0,6,1.0,1.0
93,994,0,6,1.0,1.0
94,994,0,6,1.0,1.0
95,994,0,6,1.0,1.0
96,994,0,6,1.0,1.0
97,994,0,6,1.0,1.0
98,994,0,6,1.0,1.0
99,994,0,6,1.0,1.0
100,994,0,6,1.0,1.0
101,994,0,6,1.0,1.0
102,994,0,6,1.0,1.0
103,994,0,6,1.0,1.0
104,994,0,6,1.0,1.0
105,994,0,6,1.0,1.0
106,994,0,6,1.0,1.0
107,994,0,6,1.0,1.0
108,994,0,6,1.0,1.0
109,994,0,6,1.0,1.0
110,994,0,6,1.0,1.0
111,994,0,6,1.0,1.0
112,994,0,6,1.0,1.0
113,994,0,6,1.0,1.0
114,994,0,6,1.0,1.0
115,994,0,6,1.0,1.0
116,994,0,6,1.0,1.0
117,994,0,6,1.0,1.0
118,994,0,6,1.0,1.0
119,994,0,6,1.0,1.0
120,994,0,6,1.0,1.0
121,994,0,6,1.0,1.0
122,994,0,6,1.0,1.0
123,994,0,6,1.0,1.0
124,994,0,6,1.0,1.0
125,994,0,6,1.0,1.0
126,994,0,6,1.0,1.0
127,994,0,6,1.0,1.0
128,994,0,6,1.0,1.0
129,994,0,6,1.0,1.0
130,994,0,6,1.0,1.0
131,994,0,6,1.0,1.0
132,994,0,6,1.0,1.0
133,994,0,6,1.0,1.0
134,994,0,6,1.0,1.0
135,994,0,6,1.0,1.0
136,994,0,6,1.0,1.0
137,994,0,6,1.0,1.0
138,994,0,6,1.0,1.0
139,994,0,6,1.0,1.0
140,994,0,6,1.0,1.0
141,994,0,6,1.0,1.0
142,994,0,6,1.0,1.0
143,994,0,6,1.0,1.0
144,994,0,6,1.0,1.0
145,994,0,6,1.0,1.0
146,994,0,6,1.0,1.0
147,994,0,6,1.0,1.0
148,994,0,6,1.0,1.0
149,994,0,6,1.0,1.0
150,994,0,6,1.0,1.0
151,994,0,6,1.0,1.0
152,994,0,6,1.0,1.0
153,994,0,6,1.0,1.0
154,994,0,6,1.0,1.0
155,994,0,6,1.0,1.0
156,994,0,6,1.0,1.0
157,994,0,6,1.0,1.0
158,994,0,6,1.0,1.0
159,994,0,6,1.0,1.0
160,994,0,6,1.0,1.0
161,994,0,6,1.0,1.0
162,994,0,6,1.0,1.0
163,994,0,6,1.0,1.0
164,994,0,6,1.0,1.0
165,994,0,6,1.0,1.0
166,994,0,6,1.0,1.0
167,994,0,6,1.0,1.0
168,994,0,6,1.0,1.0
169,994,0,6,1.0,1.0
170,994,0,6,1.0,1.0
171,994,0,6,1.0,1.0
172,994,0,6,1.0,1.0
173,994,0,6,1.0,1.0
174,994,0,6,1.0,1.0
175,994,0,6,1.0,1.0
176,994,0,6,1.0,1.0
177,994,0,6,1.0,1.0
178,994,0,6,1.0,1.0
179,994,0,6,1.0,1.0
180,994,0,6,1.0,1.0
181,994,0,6,1.0,1.0
182,994,0,6,1.0,1.0
183,994,0,6,1.0,1.0
184,994,0,6,1.0,1.0
185,994,0,6,1.0,1.0
186,994,0,6,1.0,1.0
187,994,0,6,1.0,1.0
188,994,0,6,1.0,1.0
189,994,0,6,1.0,1.0
190,994,0,6,1.0,1.0
191,994,0,6,1.0,1.0
192,994,0,6,1.0,1.0
193,994,0,6,1.0,1.0
194,994,0,6,1.0,1.0
195,994,0,6,1.0,1.0
196,994,0,6,1.0,1.0
197,994,0,6,1.0,1.0
198,994,0,6,1.0,1.0
199,994,0,6,1.0,1.0
200,994,0,6,1.0,1.0
1,999,1,0,1.0,1.0
2,998,2,0,0.9995,0.999749498997996
3,997,3,0,0.999,0.9994984954864594
4,997,3,0,0.999,0.9994984954864594
5,997,3,0,0.999,0.9994984954864594
6,997,3,0,0.999,0.9994984954864594
7,997,3,0,0.999,0.9994984954864594
8,997,3,0,0.999,0.9994984954864594
9,997,3,0,0.999,0.9994984954864594
10,997,3,0,0.999,0.9994984954864594
11,997,3,0,0.999,0.9994984954864594
12,997,3,0,0.999,0.9994984954864594
13,997,3,0,0.999,0.9994984954864594
14,995,5,0,0.998,0.9989949748743718
15,995,5,0,0.998,0.9989949748743718
16,995,5,0,0.998,0.9989949748743718
17,995,4,1,0.9985,0.9992462311557789
18,995,4,1,0.9985,0.9992462311557789
19,995,4,1,0.9985,0.9992462311557789
20,995,4,1,0.9985,0.9992462311557789
21,994,5,1,0.998,0.9989939637826962
22,994,4,2,0.9985,0.9992454728370221
23,993,5,2,0.9995,0.9997482376636455
24,992,6,2,0.9985,0.9992439516129032
25,992,5,3,0.9995,0.9997479838709677
26,992,5,3,0.9995,0.9997479838709677
27,992,4,4,0.9995,0.9997479838709677
28,992,4,4,0.9995,0.9997479838709677
29,992,3,5,0.9995,0.9997479838709677
30,992,3,5,0.9995,0.9997479838709677
31,992,3,5,0.9995,0.9997479838709677
32,992,3,5,0.9995,0.9997479838709677
33,992,3,5,0.9995,0.9997479838709677
34,992,3,5,0.9995,0.9997479838709677
35,992,3,5,0.9995,0.9997479838709677
36,992,3,5,0.9995,0.9997479838709677
37,992,3,5,0.9995,0.9997479838709677
38,991,4,5,0.999,0.9994954591321897
39,991,4,5,0.999,0.9994954591321897
40,991,4,5,0.999,0.9994954591321897
41,991,4,5,0.999,0.9994954591321897
42,991,4,5,0.999,0.9994954591321897
43,991,4,5,0.999,0.9994954591321897
44,991,4,5,0.999,0.9994954591321897
45,991,4,5,0.999,0.9994954591321897
46,991,4,5,0.999,0.9994954591321897
47,991,4,5,0.999,0.9994954591321897
48,991,4,5,0.999,0.9994954591321897
49,991,4,5,0.999,0.9994954591321897
50,991,4,5,0.999,0.9994954591321897
51,990,4,6,0.9995,0.9997474747474747
52,990,4,6,0.9995,0.9997474747474747
53,990,4,6,0.9995,0.9997474747474747
54,990,4,6,0.9995,0.9997474747474747
55,990,4,6,0.9995,0.9997474747474747
56,990,4,6,0.9995,0.9997474747474747
57,990,4,6,0.9995,0.9997474747474747
58,990,3,7,0.9995,0.9997474747474747
59,990,3,7,0.9995,0.9997474747474747
60,990,2,8,0.9995,0.9997474747474747
61,990,2,8,0.9995,0.9997474747474747
62,990,2,8,0.9995,0.9997474747474747
63,990,2,8,0.9995,0.9997474747474747
64,990,2,8,0.9995,0.9997474747474747
65,990,2,8,0.9995,0.9997474747474747
66,990,2,8,0.9995,0.9997474747474747
67,989,2,9,0.9995,0.999747219413549
68,988,2,10,1.0,1.0
69,988,2,10,1.0,1.0
70,988,2,10,1.0,1.0
71,988,2,10,1.0,1.0
72,988,2,10,1.0,1.0
73,988,2,10,1.0,1.0
74,988,2,10,1.0,1.0
75,988,2,10,1.0,1.0
76,988,2,10,1.0,1.0
77,988,2,10,1.0,1.0
78,988,2,10,1.0,1.0
79,987,3,10,0.9995,0.9997467071935157
80,987,3,10,0.9995,0.9997467071935157
81,987,3,10,0.9995,0.9997467071935157
82,987,3,10,0.9995,0.9997467071935157
83,986,4,10,0.999,0.9994929006085193
84,986,4,10,0.999,0.9994929006085193
85,986,3,11,0.9995,0.9997464503042597
86,984,4,12,0.9995,0.9997459349593496
87,984,4,12,0.9995,0.9997459349593496
88,984,4,12,0.9995,0.9997459349593496
89,983,5,12,0.999,0.9994913530010173
90,982,6,12,0.9985,0.9992362525458248
91,982,5,13,0.999,0.9994908350305499
92,981,6,13,0.9985,0.9992354740061162
93,981,6,13,0.9985,0.9992354740061162
94,980,5,15,0.999,0.9994897959183674
95,980,5,15,0.999,0.9994897959183674
96,980,5,15,0.999,0.9994897959183674
97,980,5,15,0.999,0.9994897959183674
98,980,5,15,0.999,0.9994897959183674
99,980,5,15,0.999,0.9994897959183674
100,980,5,15,0.999,0.9994897959183674
101,980,5,15,0.999,0.9994897959183674
102,980,5,15,0.999,0.9994897959183674
103,980,5,15,0.999,0.9994897959183674
104,980,5,15,0.999,0.9994897959183674
105,980,5,15,0.999,0.9994897959183674
106,980,5,15,0.999,0.9994897959183674
107,980,5,15,0.999,0.9994897959183674
108,980,5,15,0.999,0.9994897959183674
109,979,6,15,0.998,0.9989785495403473
110,979,6,15,0.998,0.9989785495403473
111,979,6,15,0.998,0.9989785495403473
112,979,6,15,0.998,0.9989785495403473
113,979,6,15,0.998,0.9989785495403473
114,979,5,16,0.998,0.9989785495403473
115,979,5,16,0.998,0.9989785495403473
116,979,5,16,0.998,0.9989785495403473
117,978,4,18,0.9985,0.9992331288343558
118,978,4,18,0.9985,0.9992331288343558
119,977,5,18,0.9985,0.9992323439099283
120,977,5,18,0.9985,0.9992323439099283
121,977,4,19,0.999,0.9994882292732856
122,977,4,19,0.999,0.9994882292732856
123,977,4,19,0.999,0.9994882292732856
124,976,5,19,0.999,0.9994877049180327
125,976,5,19,0.999,0.9994877049180327
126,975,6,19,0.998,0.9989743589743589
127,974,7,19,0.9985,0.9992299794661191
128,974,7,19,0.9985,0.9992299794661191
129,974,7,19,0.9985,0.9992299794661191
130,974,6,20,0.9995,0.9997433264887063
131,974,6,20,0.9995,0.9997433264887063
132,974,5,21,0.9995,0.9997433264887063
133,974,5,21,0.9995,0.9997433264887063
134,974,5,21,0.9995,0.9997433264887063
135,974,5,21,0.9995,0.9997433264887063
136,974,5,21,0.9995,0.9997433264887063
137,973,6,21,1.0,1.0
138,973,6,21,1.0,1.0
139,973,6,21,1.0,1.0
140,973,6,21,1.0,1.0
141,973,5,22,1.0,1.0
142,973,5,22,1.0,1.0
143,973,5,22,1.0,1.0
144,973,4,23,1.0,1.0
145,973,4,23,1.0,1.0
146,973,4,23,1.0,1.0
147,973,4,23,1.0,1.0
148,973,4,23,1.0,1.0
149,973,4,23,1.0,1.0
150,973,4,23,1.0,1.0
151,973,4,23,1.0,1.0
152,973,4,23,1.0,1.0
153,973,4,23,1.0,1.0
154,972,5,23,0.9995,0.9997942386831276
155,972,5,23,0.9995,0.9997942386831276
156,972,3,25,0.9995,0.9997942386831276
157,972,3,25,0.9995,0.9997942386831276
158,971,4,25,0.9995,0.999794026776519
159,971,4,25,0.9995,0.999794026776519
160,971,4,25,0.9995,0.999794026776519
161,971,4,25,0.9995,0.999794026776519
162,971,4,25,0.9995,0.999794026776519
163,970,4,26,0.999,0.9995360824742268
164,970,3,27,0.9995,0.9997938144329896
165,969,4,27,0.999,0.9995872033023736
166,969,4,27,0.999,0.9995872033023736
167,969,3,28,0.9995,0.9997936016511867
168,968,4,28,0.9985,0.9992768595041321
169,967,5,28,0.999,0.9995346432264736
170,967,5,28,0.999,0.9995346432264736
171,967,5,28,0.999,0.9995346432264736
172,967,5,28,0.999,0.9995346432264736
173,967,3,30,0.9995,0.999741468459152
174,967,3,30,0.9995,0.999741468459152
175,967,3,30,0.9995,0.999741468459152
176,967,3,30,0.9995,0.999741468459152
177,967,3,30,0.9995,0.999741468459152
178,967,3,30,0.9995,0.999741468459152
179,967,3,30,0.9995,0.999741468459152
180,967,3,30,0.9995,0.999741468459152
181,967,3,30,0.9995,0.999741468459152
182,967,2,31,1.0,1.0
183,967,2,31,1.0,1.0
184,967,2,31,1.0,1.0
185,967,2,31,1.0,1.0
186,967,2,31,1.0,1.0
187,967,2,31,1.0,1.0
188,967,2,31,1.0,1.0
189,967,1,32,1.0,1.0
190,967,1,32,1.0,1.0
191,967,1,32,1.0,1.0
192,967,0,33,1.0,1.0
193,967,0,33,1.0,1.0
194,967,0,33,1.0,1.0
195,967,0,33,1.0,1.0
196,967,0,33,1.0,1.0
197,967,0,33,1.0,1.0
198,967,0,33,1.0,1.0
199,967,0,33,1.0,1.0
200,967,0,33,1.0,1.0
1,999,1,0,1.0,1.0
2,999,1,0,1.0,1.0
3,999,1,0,1.0,1.0
4,999,0,1,1.0,1.0
5,999,0,1,1.0,1.0
6,999,0,1,1.0,1.0
7,999,0,1,1.0,1.0
8,999,0,1,1.0,1.0
9,999,0,1,1.0,1.0
10,999,0,1,1.0,1.0
11,999,0,1,1.0,1.0
12,999,0,1,1.0,1.0
13,999,0,1,1.0,1.0
14,999,0,1,1.0,1.0
15,999,0,1,1.0,1.0
16,999,0,1,1.0,1.0
17,999,0,1,1.0,1.0
18,999,0,1,1.0,1.0
19,999,0,1,1.0,1.0
20,999,0,1,1.0,1.0
21,999,0,1,1.0,1.0
22,999,0,1,1.0,1.0
23,999,0,1,1.0,1.0
24,999,0,1,1.0,1.0
25,999,0,1,1.0,1.0
26,999,0,1,1.0,1.0
27,999,0,1,1.0,1.0
28,999,0,1,1.0,1.0
29,999,0,1,1.0,1.0
30,999,0,1,1.0,1.0
31,999,0,1,1.0,1.0
32,999,0,1,1.0,1.0
33,999,0,1,1.0,1.0
34,999,0,1,1.0,1.0
35,999,0,1,1.0,1.0
36,999,0,1,1.0,1.0
37,999,0,1,1.0,1.0
38,999,0,1,1.0,1.0
39,999,0,1,1.0,1.0
40,999,0,1,1.0,1.0
41,999,0,1,1.0,1.0
42,999,0,1,1.0,1.0
43,999,0,1,1.0,1.0
44,999,0,1,1.0,1.0
45,999,0,1,1.0,1.0
46,999,0,1,1.0,1.0
47,999,0,1,1.0,1.0
48,999,0,1,1.0,1.0
49,999,0,1,1.0,1.0
50,999,0,1,1.0,1.0
51,999,0,1,1.0,1.0
52,999,0,1,1.0,1.0
53,999,0,1,1.0,1.0
54,999,0,1,1.0,1.0
55,999,0,1,1.0,1.0
56,999,0,1,1.0,1.0
57,999,0,1,1.0,1.0
58,999,0,1,1.0,1.0
59,999,0,1,1.0,1.0
60,999,0,1,1.0,1.0
61,999,0,1,1.0,1.0
62,999,0,1,1.0,1.0
63,999,0,1,1.0,1.0
64,999,0,1,1.0,1.0
65,999,0,1,1.0,1.0
66,999,0,1,1.0,1.0
67,999,0,1,1.0,1.0
68,999,0,1,1.0,1.0
69,999,0,1,1.0,1.0
70,999,0,1,1.0,1.0
71,999,0,1,1.0,1.0
72,999,0,1,1.0,1.0
73,999,0,1,1.0,1.0
74,999,0,1,1.0,1.0
75,999,0,1,1.0,1.0
76,999,0,1,1.0,1.0
77,999,0,1,1.0,1.0
78,999,0,1,1.0,1.0
79,999,0,1,1.0,1.0
80,999,0,1,1.0,1.0
81,999,0,1,1.0,1.0
82,999,0,1,1.0,1.0
83,999,0,1,1.0,1.0
84,999,0,1,1.0,1.0
85,999,0,1,1.0,1.0
86,999,0,1,1.0,1.0
87,999,0,1,1.0,1.0
88,999,0,1,1.0,1.0
89,999,0,1,1.0,1.0
90,999,0,1,1.0,1.0
91,999,0,1,1.0,1.0
92,999,0,1,1.0,1.0
93,999,0,1,1.0,1.0
94,999,0,1,1.0,1.0
95,999,0,1,1.0,1.0
96,999,0,1,1.0,1.0
97,999,0,1,1.0,1.0
98,999,0,1,1.0,1.0
99,999,0,1,1.0,1.0
100,999,0,1,1.0,1.0
101,999,0,1,1.0,1.0
102,999,0,1,1.0,1.0
103,999,0,1,1.0,1.0
104,999,0,1,1.0,1.0
105,999,0,1,1.0,1.0
106,999,0,1,1.0,1.0
107,999,0,1,1.0,1.0
108,999,0,1,1.0,1.0
109,999,0,1,1.0,1.0
110,999,0,1,1.0,1.0
111,999,0,1,1.0,1.0
112,999,0,1,1.0,1.0
113,999,0,1,1.0,1.0
114,999,0,1,1.0,1.0
115,999,0,1,1.0,1.0
116,999,0,1,1.0,1.0
117,999,0,1,1.0,1.0
118,999,0,1,1.0,1.0
119,999,0,1,1.0,1.0
120,999,0,1,1.0,1.0
121,999,0,1,1.0,1.0
122,999,0,1,1.0,1.0
123,999,0,1,1.0,1.0
124,999,0,1,1.0,1.0
125,999,0,1,1.0,1.0
126,999,0,1,1.0,1.0
127,999,0,1,1.0,1.0
128,999,0,1,1.0,1.0
129,999,0,1,1.0,1.0
130,999,0,1,1.0,1.0
131,999,0,1,1.0,1.0
132,999,0,1,1.0,1.0
133,999,0,1,1.0,1.0
134,999,0,1,1.0,1.0
135,999,0,1,1.0,1.0
136,999,0,1,1.0,1.0
137,999,0,1,1.0,1.0
138,999,0,1,1.0,1.0
139,999,0,1,1.0,1.0
140,999,0,1,1.0,1.0
141,999,0,1,1.0,1.0
142,999,0,1,1.0,1.0
143,999,0,1,1.0,1.0
144,999,0,1,1.0,1.0
145,999,0,1,1.0,1.0
146,999,0,1,1.0,1.0
147,999,0,1,1.0,1.0
148,999,0,1,1.0,1.0
149,999,0,1,1.0,1.0
150,999,0,1,1.0,1.0
151,999,0,1,1.0,1.0
152,999,0,1,1.0,1.0
153,999,0,1,1.0,1.0
154,999,0,1,1.0,1.0
155,999,0,1,1.0,1.0
156,999,0,1,1.0,1.0
157,999,0,1,1.0,1.0
158,999,0,1,1.0,1.0
159,999,0,1,1.0,1.0
160,999,0,1,1.0,1.0
161,999,0,1,1.0,1.0
162,999,0,1,1.0,1.0
163,999,0,1,1.0,1.0
164,999,0,1,1.0,1.0
165,999,0,1,1.0,1.0
166,999,0,1,1.0,1.0
167,999,0,1,1.0,1.0
168,999,0,1,1.0,1.0
169,999,0,1,1.0,1.0
170,999,0,1,1.0,1.0
171,999,0,1,1.0,1.0
172,999,0,1,1.0,1.0
173,999,0,1,1.0,1.0
174,999,0,1,1.0,1.0
175,999,0,1,1.0,1.0
176,999,0,1,1.0,1.0
177,999,0,1,1.0,1.0
178,999,0,1,1.0,1.0
179,999,0,1,1.0,1.0
180,999,0,1,1.0,1.0
181,999,0,1,1.0,1.0
182,999,0,1,1.0,1.0
183,999,0,1,1.0,1.0
184,999,0,1,1.0,1.0
185,999,0,1,1.0,1.0
186,999,0,1,1.0,1.0
187,999,0,1,1.0,1.0
188,999,0,1,1.0,1.0
189,999,0,1,1.0,1.0
190,999,0,1,1.0,1.0
191,999,0,1,1.0,1.0
192,999,0,1,1.0,1.0
193,999,0,1,1.0,1.0
194,999,0,1,1.0,1.0
195,999,0,1,1.0,1.0
196,999,0,1,1.0,1.0
197,999,0,1,1.0,1.0
198,999,0,1,1.0,1.0
199,999,0,1,1.0,1.0
200,999,0,1,1.0,1.0
1,999,1,0,1.0,1.0
2,998,2,0,1.0,1.0
3,998,2,0,1.0,1.0
4,998,2,0,1.0,1.0
5,998,2,0,1.0,1.0
6,998,1,1,1.0,1.0
7,997,2,1,0.9995,0.9997492477432297
8,996,3,1,0.999,0.9994979919678715
9,996,2,2,0.9995,0.9997489959839357
10,996,2,2,0.9995,0.9997489959839357
11,996,2,2,0.9995,0.9997489959839357
12,996,2,2,0.9995,0.9997489959839357
13,996,2,2,0.9995,0.9997489959839357
14,996,2,2,0.9995,0.9997489959839357
15,996,2,2,0.9995,0.9997489959839357
16,996,2,2,0.9995,0.9997489959839357
17,996,2,2,0.9995,0.9997489959839357
18,996,2,2,0.9995,0.9997489959839357
19,996,2,2,0.9995,0.9997489959839357
20,996,2,2,0.9995,0.9997489959839357
21,996,2,2,0.9995,0.9997489959839357
22,996,2,2,0.9995,0.9997489959839357
23,996,2,2,0.9995,0.9997489959839357
24,996,2,2,0.9995,0.9997489959839357
25,996,2,2,0.9995,0.9997489959839357
26,996,2,2,0.9995,0.9997489959839357
27,996,2,2,0.9995,0.9997489959839357
28,996,2,2,0.9995,0.9997489959839357
29,996,2,2,0.9995,0.9997489959839357
30,996,2,2,0.9995,0.9997489959839357
31,996,2,2,0.9995,0.9997489959839357
32,996,2,2,0.9995,0.9997489959839357
33,996,1,3,1.0,1.0
34,996,1,3,1.0,1.0
35,996,1,3,1.0,1.0
36,996,1,3,1.0,1.0
37,996,1,3,1.0,1.0
38,996,1,3,1.0,1.0
39,995,2,3,1.0,1.0
40,995,2,3,1.0,1.0
41,995,2,3,1.0,1.0
42,995,2,3,1.0,1.0
43,995,2,3,1.0,1.0
44,995,2,3,1.0,1.0
45,995,2,3,1.0,1.0
46,995,1,4,1.0,1.0
47,995,1,4,1.0,1.0
48,995,1,4,1.0,1.0
49,995,1,4,1.0,1.0
50,995,1,4,1.0,1.0
51,995,1,4,1.0,1.0
52,995,1,4,1.0,1.0
53,995,1,4,1.0,1.0
54,995,1,4,1.0,1.0
55,995,1,4,1.0,1.0
56,995,1,4,1.0,1.0
57,995,1,4,1.0,1.0
58,995,1,4,1.0,1.0
59,995,1,4,1.0,1.0
60,995,1,4,1.0,1.0
61,995,1,4,1.0,1.0
62,995,1,4,1.0,1.0
63,995,1,4,1.0,1.0
64,995,1,4,1.0,1.0
65,995,1,4,1.0,1.0
66,995,1,4,1.0,1.0
67,995,1,4,1.0,1.0
68,995,1,4,1.0,1.0
69,995,1,4,1.0,1.0
70,995,1,4,1.0,1.0
71,995,1,4,1.0,1.0
72,995,1,4,1.0,1.0
73,995,1,4,1.0,1.0
74,995,1,4,1.0,1.0
75,995,1,4,1.0,1.0
76,995,1,4,1.0,1.0
77,995,1,4,1.0,1.0
78,995,1,4,1.0,1.0
79,995,1,4,1.0,1.0
80,995,1,4,1.0,1.0
81,995,1,4,1.0,1.0
82,995,1,4,1.0,1.0
83,995,1,4,1.0,1.0
84,995,1,4,1.0,1.0
85,995,1,4,1.0,1.0
86,995,1,4,1.0,1.0
87,995,1,4,1.0,1.0
88,995,1,4,1.0,1.0
89,995,1,4,1.0,1.0
90,995,1,4,1.0,1.0
91,995,1,4,1.0,1.0
92,995,1,4,1.0,1.0
93,995,0,5,1.0,1.0
94,995,0,5,1.0,1.0
95,995,0,5,1.0,1.0
96,995,0,5,1.0,1.0
97,995,0,5,1.0,1.0
98,995,0,5,1.0,1.0
99,995,0,5,1.0,1.0
100,995,0,5,1.0,1.0
101,995,0,5,1.0,1.0
102,995,0,5,1.0,1.0
103,995,0,5,1.0,1.0
104,995,0,5,1.0,1.0
105,995,0,5,1.0,1.0
106,995,0,5,1.0,1.0
107,995,0,5,1.0,1.0
108,995,0,5,1.0,1.0
109,995,0,5,1.0,1.0
110,995,0,5,1.0,1.0
111,995,0,5,1.0,1.0
112,995,0,5,1.0,1.0
113,995,0,5,1.0,1.0
114,995,0,5,1.0,1.0
115,995,0,5,1.0,1.0
116,995,0,5,1.0,1.0
117,995,0,5,1.0,1.0
118,995,0,5,1.0,1.0
119,995,0,5,1.0,1.0
120,995,0,5,1.0,1.0
121,995,0,5,1.0,1.0
122,995,0,5,1.0,1.0
123,995,0,5,1.0,1.0
124,995,0,5,1.0,1.0
125,995,0,5,1.0,1.0
126,995,0,5,1.0,1.0
127,995,0,5,1.0,1.0
128,995,0,5,1.0,1.0
129,995,0,5,1.0,1.0
130,995,0,5,1.0,1.0
131,995,0,5,1.0,1.0
132,995,0,5,1.0,1.0
133,995,0,5,1.0,1.0
134,995,0,5,1.0,1.0
135,995,0,5,1.0,1.0
136,995,0,5,1.0,1.0
137,995,0,5,1.0,1.0
138,995,0,5,1.0,1.0
139,995,0,5,1.0,1.0
140,995,0,5,1.0,1.0
141,995,0,5,1.0,1.0
142,995,0,5,1.0,1.0
143,995,0,5,1.0,1.0
144,995,0,5,1.0,1.0
145,995,0,5,1.0,1.0
146,995,0,5,1.0,1.0
147,995,0,5,1.0,1.0
148,995,0,5,1.0,1.0
149,995,0,5,1.0,1.0
150,995,0,5,1.0,1.0
151,995,0,5,1.0,1.0
152,995,0,5,1.0,1.0
153,995,0,5,1.0,1.0
154,995,0,5,1.0,1.0
155,995,0,5,1.0,1.0
156,995,0,5,1.0,1.0
157,995,0,5,1.0,1.0
158,995,0,5,1.0,1.0
159,995,0,5,1.0,1.0
160,995,0,5,1.0,1.0
161,995,0,5,1.0,1.0
162,995,0,5,1.0,1.0
163,995,0,5,1.0,1.0
164,995,0,5,1.0,1.0
165,995,0,5,1.0,1.0
166,995,0,5,1.0,1.0
167,995,0,5,1.0,1.0
168,995,0,5,1.0,1.0
169,995,0,5,1.0,1.0
170,995,0,5,1.0,1.0
171,995,0,5,1.0,1.0
172,995,0,5,1.0,1.0
173,995,0,5,1.0,1.0
174,995,0,5,1.0,1.0
175,995,0,5,1.0,1.0
176,995,0,5,1.0,1.0
177,995,0,5,1.0,1.0
178,995,0,5,1.0,1.0
179,995,0,5,1.0,1.0
180,995,0,5,1.0,1.0
181,995,0,5,1.0,1.0
182,995,0,5,1.0,1.0
183,995,0,5,1.0,1.0
184,995,0,5,1.0,1.0
185,995,0,5,1.0,1.0
186,995,0,5,1.0,1.0
187,995,0,5,1.0,1.0
188,995,0,5,1.0,1.0
189,995,0,5,1.0,1.0
190,995,0,5,1.0,1.0
191,995,0,5,1.0,1.0
192,995,0,5,1.0,1.0
193,995,0,5,1.0,1.0
194,995,0,5,1.0,1.0
195,995,0,5,1.0,1.0
196,995,0,5,1.0,1.0
197,995,0,5,1.0,1.0
198,995,0,5,1.0,1.0
199,995,0,5,1.0,1.0
200,995,0,5,1.0,1.0
1,999,1,0,1.0,1.0
2,999,1,0,1.0,1.0
3,999,1,0,1.0,1.0
4,999,1,0,1.0,1.0
5,999,1,0,1.0,1.0
6,999,1,0,1.0,1.0
7,997,3,0,0.999,0.9994984954864594
8,996,4,0,0.9985,0.9992469879518072
9,995,5,0,0.998,0.9989949748743718
10,995,5,0,0.998,0.9989949748743718
11,995,5,0,0.998,0.9989949748743718
12,995,5,0,0.998,0.9989949748743718
13,995,5,0,0.998,0.9989949748743718
14,995,5,0,0.998,0.9989949748743718
15,995,5,0,0.998,0.9989949748743718
16,995,4,1,0.9985,0.9992462311557789
17,995,4,1,0.9985,0.9992462311557789
18,994,5,1,0.9995,0.9997484909456741
19,994,4,2,0.9995,0.9997484909456741
20,994,4,2,0.9995,0.9997484909456741
21,994,3,3,1.0,1.0
22,994,3,3,1.0,1.0
23,994,3,3,1.0,1.0
24,994,3,3,1.0,1.0
25,994,3,3,1.0,1.0
26,994,3,3,1.0,1.0
27,994,3,3,1.0,1.0
28,994,3,3,1.0,1.0
29,994,2,4,1.0,1.0
30,994,2,4,1.0,1.0
31,994,2,4,1.0,1.0
32,994,2,4,1.0,1.0
33,994,1,5,1.0,1.0
34,994,0,6,1.0,1.0
35,994,0,6,1.0,1.0
36,994,0,6,1.0,1.0
37,994,0,6,1.0,1.0
38,994,0,6,1.0,1.0
39,994,0,6,1.0,1.0
40,994,0,6,1.0,1.0
41,994,0,6,1.0,1.0
42,994,0,6,1.0,1.0
43,994,0,6,1.0,1.0
44,994,0,6,1.0,1.0
45,994,0,6,1.0,1.0
46,994,0,6,1.0,1.0
47,994,0,6,1.0,1.0
48,994,0,6,1.0,1.0
49,994,0,6,1.0,1.0
50,994,0,6,1.0,1.0
51,994,0,6,1.0,1.0
52,994,0,6,1.0,1.0
53,994,0,6,1.0,1.0
54,994,0,6,1.0,1.0
55,994,0,6,1.0,1.0
56,994,0,6,1.0,1.0
57,994,0,6,1.0,1.0
58,994,0,6,1.0,1.0
59,994,0,6,1.0,1.0
60,994,0,6,1.0,1.0
61,994,0,6,1.0,1.0
62,994,0,6,1.0,1.0
63,994,0,6,1.0,1.0
64,994,0,6,1.0,1.0
65,994,0,6,1.0,1.0
66,994,0,6,1.0,1.0
67,994,0,6,1.0,1.0
68,994,0,6,1.0,1.0
69,994,0,6,1.0,1.0
70,994,0,6,1.0,1.0
71,994,0,6,1.0,1.0
72,994,0,6,1.0,1.0
73,994,0,6,1.0,1.0
74,994,0,6,1.0,1.0
75,994,0,6,1.0,1.0
76,994,0,6,1.0,1.0
77,994,0,6,1.0,1.0
78,994,0,6,1.0,1.0
79,994,0,6,1.0,1.0
80,994,0,6,1.0,1.0
81,994,0,6,1.0,1.0
82,994,0,6,1.0,1.0
83,994,0,6,1.0,1.0
84,994,0,6,1.0,1.0
85,994,0,6,1.0,1.0
86,994,0,6,1.0,1.0
87,994,0,6,1.0,1.0
88,994,0,6,1.0,1.0
89,994,0,6,1.0,1.0
90,994,0,6,1.0,1.0
91,994,0,6,1.0,1.0
92,994,0,6,1.0,1.0
93,994,0,6,1.0,1.0
94,994,0,6,1.0,1.0
95,994,0,6,1.0,1.0
96,994,0,6,1.0,1.0
97,994,0,6,1.0,1.0
98,994,0,6,1.0,1.0
99,994,0,6,1.0,1.0
100,994,0,6,1.0,1.0
101,994,0,6,1.0,1.0
102,994,0,6,1.0,1.0
103,994,0,6,1.0,1.0
104,994,0,6,1.0,1.0
105,994,0,6,1.0,1.0
106,994,0,6,1.0,1.0
107,994,0,6,1.0,1.0
108,994,0,6,1.0,1.0
109,994,0,6,1.0,1.0
110,994,0,6,1.0,1.0
111,994,0,6,1.0,1.0
112,994,0,6,1.0,1.0
113,994,0,6,1.0,1.0
114,994,0,6,1.0,1.0
115,994,0,6,1.0,1.0
116,994,0,6,1.0,1.0
117,994,0,6,1.0,1.0
118,994,0,6,1.0,1.0
119,994,0,6,1.0,1.0
120,994,0,6,1.0,1.0
121,994,0,6,1.0,1.0
122,994,0,6,1.0,1.0
123,994,0,6,1.0,1.0
124,994,0,6,1.0,1.0
125,994,0,6,1.0,1.0
126,994,0,6,1.0,1.0
127,994,0,6,1.0,1.0
128,994,0,6,1.0,1.0
129,994,0,6,1.0,1.0
130,994,0,6,1.0,1.0
131,994,0,6,1.0,1.0
132,994,0,6,1.0,1.0
133,994,0,6,1.0,1.0
134,994,0,6,1.0,1.0
135,994,0,6,1.0,1.0
136,994,0,6,1.0,1.0
137,994,0,6,1.0,1.0
138,994,0,6,1.0,1.0
139,994,0,6,1.0,1.0
140,994,0,6,1.0,1.0
141,994,0,6,1.0,1.0
142,994,0,6,1.0,1.0
143,994,0,6,1.0,1.0
144,994,0,6,1.0,1.0
145,994,0,6,1.0,1.0
146,994,0,6,1.0,1.0
147,994,0,6,1.0,1.0
148,994,0,6,1.0,1.0
149,994,0,6,1.0,1.0
150,994,0,6,1.0,1.0
151,994,0,6,1.0,1.0
152,994,0,6,1.0,1.0
153,994,0,6,1.0,1.0
154,994,0,6,1.0,1.0
155,994,0,6,1.0,1.0
156,994,0,6,1.0,1.0
157,994,0,6,1.0,1.0
158,994,0,6,1.0,1.0
159,994,0,6,1.0,1.0
160,994,0,6,1.0,1.0
161,994,0,6,1.0,1.0
162,994,0,6,1.0,1.0
163,994,0,6,1.0,1.0
164,994,0,6,1.0,1.0
165,994,0,6,1.0,1.0
166,994,0,6,1.0,1.0
167,994,0,6,1.0,1.0
168,994,0,6,1.0,1.0
169,994,0,6,1.0,1.0
170,994,0,6,1.0,1.0
171,994,0,6,1.0,1.0
172,994,0,6,1.0,1.0
173,994,0,6,1.0,1.0
174,994,0,6,1.0,1.0
175,994,0,6,1.0,1.0
176,994,0,6,1.0,1.0
177,994,0,6,1.0,1.0
178,994,0,6,1.0,1.0
179,994,0,6,1.0,1.0
180,994,0,6,1.0,1.0
181,994,0,6,1.0,1.0
182,994,0,6,1.0,1.0
183,994,0,6,1.0,1.0
184,994,0,6,1.0,1.0
185,994,0,6,1.0,1.0
186,994,0,6,1.0,1.0
187,994,0,6,1.0,1.0
188,994,0,6,1.0,1.0
189,994,0,6,1.0,1.0
190,994,0,6,1.0,1.0
191,994,0,6,1.0,1.0
192,994,0,6,1.0,1.0
193,994,0,6,1.0,1.0
194,994,0,6,1.0,1.0
195,994,0,6,1.0,1.0
196,994,0,6,1.0,1.0
197,994,0,6,1.0,1.0
198,994,0,6,1.0,1.0
199,994,0,6,1.0,1.0
200,994,0,6,1.0,1.0
1,999,1,0,1.0,1.0
2,999,1,0,1.0,1.0
3,999,1,0,1.0,1.0
4,999,1,0,1.0,1.0
5,999,1,0,1.0,1.0
6,998,2,0,1.0,1.0
7,998,1,1,1.0,1.0
8,998,1,1,1.0,1.0
9,997,2,1,0.9995,0.9997492477432297
10,997,2,1,0.9995,0.9997492477432297
11,997,2,1,0.9995,0.9997492477432297
12,997,2,1,0.9995,0.9997492477432297
13,997,1,2,1.0,1.0
14,997,1,2,1.0,1.0
15,997,1,2,1.0,1.0
16,997,1,2,1.0,1.0
17,997,1,2,1.0,1.0
18,996,2,2,0.9995,0.9997489959839357
19,995,3,2,0.9985,0.9992964824120603
20,995,2,3,0.9995,0.999748743718593
21,995,2,3,0.9995,0.999748743718593
22,995,2,3,0.9995,0.999748743718593
23,995,1,4,1.0,1.0
24,995,1,4,1.0,1.0
25,995,1,4,1.0,1.0
26,995,1,4,1.0,1.0
27,995,1,4,1.0,1.0
28,994,2,4,1.0,1.0
29,994,2,4,1.0,1.0
30,993,3,4,1.0,1.0
31,992,4,4,1.0,1.0
32,992,3,5,1.0,1.0
33,992,3,5,1.0,1.0
34,992,3,5,1.0,1.0
35,992,3,5,1.0,1.0
36,992,3,5,1.0,1.0
37,992,2,6,1.0,1.0
38,992,2,6,1.0,1.0
39,992,2,6,1.0,1.0
40,992,2,6,1.0,1.0
41,992,2,6,1.0,1.0
42,991,2,7,1.0,1.0
43,991,2,7,1.0,1.0
44,991,2,7,1.0,1.0
45,991,2,7,1.0,1.0
46,990,3,7,0.9995,0.9997474747474747
47,990,3,7,0.9995,0.9997474747474747
48,989,4,7,0.999,0.9994944388270981
49,989,4,7,0.999,0.9994944388270981
50,989,4,7,0.999,0.9994944388270981
51,989,4,7,0.999,0.9994944388270981
52,989,3,8,1.0,1.0
53,989,3,8,1.0,1.0
54,987,4,9,0.9995,0.9996622762580211
55,987,4,9,0.9995,0.9996622762580211
56,987,4,9,0.9995,0.9996622762580211
57,987,4,9,0.9995,0.9996622762580211
58,986,4,10,0.9995,0.9997464503042597
59,986,4,10,0.9995,0.9997464503042597
60,985,5,10,0.999,0.999492385786802
61,985,4,11,0.9995,0.999746192893401
62,985,3,12,0.9995,0.999746192893401
63,984,4,12,0.9995,0.9997459349593496
64,984,3,13,1.0,1.0
65,984,2,14,1.0,1.0
66,984,2,14,1.0,1.0
67,984,2,14,1.0,1.0
68,984,2,14,1.0,1.0
69,984,2,14,1.0,1.0
70,984,2,14,1.0,1.0
71,982,4,14,1.0,1.0
72,982,4,14,1.0,1.0
73,982,4,14,1.0,1.0
74,981,5,14,1.0,1.0
75,981,5,14,1.0,1.0
76,981,5,14,1.0,1.0
77,981,5,14,1.0,1.0
78,981,5,14,1.0,1.0
79,981,5,14,1.0,1.0
80,980,6,14,0.9995,0.9997448979591836
81,980,5,15,0.9995,0.9997448979591836
82,980,5,15,0.9995,0.9997448979591836
83,980,4,16,0.9995,0.9997448979591836
84,980,4,16,0.9995,0.9997448979591836
85,979,5,16,0.999,0.9994892747701737
86,979,5,16,0.999,0.9994892747701737
87,977,7,16,0.998,0.9990276356192426
88,977,7,16,0.998,0.9990276356192426
89,976,8,16,0.9975,0.9988217213114754
90,976,7,17,0.9985,0.9992827868852459
91,974,8,18,0.9975,0.9987679671457905
92,973,9,18,0.9965,0.998355601233299
93,973,9,18,0.9965,0.998355601233299
94,973,7,20,0.998,0.9990750256937307
95,973,7,20,0.998,0.9990750256937307
96,973,7,20,0.998,0.9990750256937307
97,973,7,20,0.998,0.9990750256937307
98,973,6,21,0.998,0.9990750256937307
99,973,6,21,0.998,0.9990750256937307
100,973,6,21,0.998,0.9990750256937307
101,973,6,21,0.998,0.9990750256937307
102,973,6,21,0.998,0.9990750256937307
103,973,6,21,0.998,0.9990750256937307
104,973,6,21,0.998,0.9990750256937307
105,973,6,21,0.998,0.9990750256937307
106,972,6,22,0.9995,0.9997942386831276
107,972,6,22,0.9995,0.9997942386831276
108,972,6,22,0.9995,0.9997942386831276
109,972,6,22,0.9995,0.9997942386831276
110,972,5,23,1.0,1.0
111,972,5,23,1.0,1.0
112,972,5,23,1.0,1.0
113,972,5,23,1.0,1.0
114,972,4,24,1.0,1.0
115,971,5,24,1.0,1.0
116,970,6,24,1.0,1.0
117,970,6,24,1.0,1.0
118,969,7,24,1.0,1.0
119,969,7,24,1.0,1.0
120,969,7,24,1.0,1.0
121,969,7,24,1.0,1.0
122,969,7,24,1.0,1.0
123,969,7,24,1.0,1.0
124,969,7,24,1.0,1.0
125,969,6,25,1.0,1.0
126,969,6,25,1.0,1.0
127,969,6,25,1.0,1.0
128,969,6,25,1.0,1.0
129,969,6,25,1.0,1.0
130,969,6,25,1.0,1.0
131,968,7,25,0.9995,0.99974173553719
132,968,7,25,0.9995,0.99974173553719
133,968,7,25,0.9995,0.99974173553719
134,968,7,25,0.9995,0.99974173553719
135,967,8,25,0.999,0.999482936918304
136,967,8,25,0.999,0.999482936918304
137,967,8,25,0.999,0.999482936918304
138,967,8,25,0.999,0.999482936918304
139,967,7,26,0.999,0.999482936918304
140,967,6,27,1.0,1.0
141,967,6,27,1.0,1.0
142,966,6,28,1.0,1.0
143,966,5,29,1.0,1.0
144,966,4,30,1.0,1.0
145,966,4,30,1.0,1.0
146,966,4,30,1.0,1.0
147,966,4,30,1.0,1.0
148,966,3,31,1.0,1.0
149,966,3,31,1.0,1.0
150,966,3,31,1.0,1.0
151,965,4,31,0.9995,0.9996545768566495
152,965,4,31,0.9995,0.9996545768566495
153,965,4,31,0.9995,0.9996545768566495
154,965,3,32,1.0,1.0
155,965,2,33,1.0,1.0
156,965,2,33,1.0,1.0
157,965,2,33,1.0,1.0
158,965,2,33,1.0,1.0
159,965,2,33,1.0,1.0
160,965,2,33,1.0,1.0
161,965,2,33,1.0,1.0
162,965,2,33,1.0,1.0
163,965,2,33,1.0,1.0
164,965,2,33,1.0,1.0
165,964,3,33,1.0,1.0
166,964,3,33,1.0,1.0
167,964,3,33,1.0,1.0
168,964,2,34,1.0,1.0
169,964,2,34,1.0,1.0
170,964,2,34,1.0,1.0
171,964,2,34,1.0,1.0
172,964,2,34,1.0,1.0
173,964,2,34,1.0,1.0
174,964,2,34,1.0,1.0
175,964,2,34,1.0,1.0
176,963,3,34,1.0,1.0
177,962,4,34,0.9995,0.9997401247401247
178,962,4,34,0.9995,0.9997401247401247
179,962,4,34,0.9995,0.9997401247401247
180,961,3,36,0.9995,0.9997398543184183
181,961,3,36,0.9995,0.9997398543184183
182,961,3,36,0.9995,0.9997398543184183
183,961,3,36,0.9995,0.9997398543184183
184,961,3,36,0.9995,0.9997398543184183
185,961,3,36,0.9995,0.9997398543184183
186,961,3,36,0.9995,0.9997398543184183
187,959,5,36,0.9985,0.9992179353493222
188,959,5,36,0.9985,0.9992179353493222
189,959,5,36,0.9985,0.9992179353493222
190,959,5,36,0.9985,0.9992179353493222
191,959,5,36,0.9985,0.9992179353493222
192,959,5,36,0.9985,0.9992179353493222
193,957,6,37,0.9985,0.9992163009404389
194,957,6,37,0.9985,0.9992163009404389
195,955,7,38,0.998,0.9989528795811519
196,955,7,38,0.998,0.9989528795811519
197,955,7,38,0.998,0.9989528795811519
198,955,6,39,0.9985,0.9992146596858639
199,955,6,39,0.9985,0.9992146596858639
200,955,6,39,0.9985,0.9992146596858639
1,998,2,0,0.9995,0.999749498997996
2,997,3,0,0.9985,0.9992477432296891
3,997,3,0,0.9985,0.9992477432296891
4,997,2,1,0.999,0.9994984954864594
5,997,2,1,0.999,0.9994984954864594
6,996,3,1,0.9995,0.9997489959839357
7,996,3,1,0.9995,0.9997489959839357
8,996,3,1,0.9995,0.9997489959839357
9,996,2,2,1.0,1.0
10,996,2,2,1.0,1.0
11,995,3,2,1.0,1.0
12,994,4,2,0.9995,0.9997484909456741
13,994,3,3,0.9995,0.9997484909456741
14,993,4,3,0.999,0.999496475327291
15,992,5,3,0.9995,0.9997479838709677
16,992,5,3,0.9995,0.9997479838709677
17,992,5,3,0.9995,0.9997479838709677
18,992,5,3,0.9995,0.9997479838709677
19,992,5,3,0.9995,0.9997479838709677
20,992,5,3,0.9995,0.9997479838709677
21,992,5,3,0.9995,0.9997479838709677
22,992,5,3,0.9995,0.9997479838709677
23,992,4,4,1.0,1.0
24,992,4,4,1.0,1.0
25,992,4,4,1.0,1.0
26,992,4,4,1.0,1.0
27,992,4,4,1.0,1.0
28,992,4,4,1.0,1.0
29,990,6,4,0.9995,0.9997474747474747
30,990,6,4,0.9995,0.9997474747474747
31,990,6,4,0.9995,0.9997474747474747
32,989,6,5,0.9995,0.9997977755308392
33,989,5,6,0.9995,0.9997977755308392
34,989,5,6,0.9995,0.9997977755308392
35,989,5,6,0.9995,0.9997977755308392
36,989,5,6,0.9995,0.9997977755308392
37,989,5,6,0.9995,0.9997977755308392
38,989,4,7,0.9995,0.9997977755308392
39,988,5,7,0.9995,0.999746963562753
40,987,5,8,0.999,0.9994934143870314
41,987,5,8,0.999,0.9994934143870314
42,987,5,8,0.999,0.9994934143870314
43,987,5,8,0.999,0.9994934143870314
44,987,4,9,0.999,0.9994934143870314
45,987,4,9,0.999,0.9994934143870314
46,987,4,9,0.999,0.9994934143870314
47,987,3,10,0.9995,0.9997467071935157
48,987,2,11,1.0,1.0
49,987,2,11,1.0,1.0
50,987,2,11,1.0,1.0
51,987,2,11,1.0,1.0
52,986,3,11,1.0,1.0
53,985,4,11,0.9995,0.999746192893401
54,985,4,11,0.9995,0.999746192893401
55,981,8,11,0.9995,0.9997451580020388
56,979,9,12,0.9995,0.9997446373850868
57,978,10,12,0.999,0.9994887525562373
58,978,10,12,0.999,0.9994887525562373
59,978,10,12,0.999,0.9994887525562373
60,977,11,12,0.9985,0.9992323439099283
61,976,11,13,0.9985,0.9992315573770492
62,975,12,13,0.9985,0.9992307692307693
63,974,12,14,0.9985,0.9992813141683777
64,974,12,14,0.9985,0.9992813141683777
65,973,13,14,0.9975,0.9987667009249742
66,972,14,14,0.9975,0.9987654320987653
67,971,14,15,0.9975,0.9988156539649846
68,971,14,15,0.9975,0.9988156539649846
69,970,15,15,0.997,0.9985567010309279
70,970,14,16,0.997,0.9985567010309279
71,969,15,16,0.9965,0.9982972136222911
72,967,15,18,0.9985,0.9992761116856256
73,967,15,18,0.9985,0.9992761116856256
74,967,15,18,0.9985,0.9992761116856256
75,966,15,19,0.998,0.9990165631469979
76,966,15,19,0.998,0.9990165631469979
77,966,15,19,0.998,0.9990165631469979
78,966,15,19,0.998,0.9990165631469979
79,965,16,19,0.997,0.9984974093264248
80,964,17,19,0.9965,0.9982365145228216
81,964,16,20,0.997,0.9984958506224066
82,963,15,22,0.998,0.9989269643475251
83,962,15,23,0.9975,0.9985793485793486
84,962,15,23,0.9975,0.9985793485793486
85,960,16,24,0.998,0.9987847222222221
86,958,17,25,0.997,0.9981732776617954
87,958,13,29,0.9975,0.9984342379958246
88,957,14,29,0.9975,0.9984326018808778
89,957,11,32,0.998,0.9986938349007315
90,955,13,32,0.9985,0.9990401396160558
91,954,13,33,0.999,0.9993885394828791
92,953,13,34,1.0,1.0
93,952,14,34,0.999,0.9993872549019608
94,952,13,35,0.999,0.9993872549019608
95,952,13,35,0.999,0.9993872549019608
96,952,12,36,0.999,0.9993872549019608
97,952,12,36,0.999,0.9993872549019608
98,952,11,37,0.999,0.9993872549019608
99,951,12,37,0.999,0.9993866105853487
100,951,12,37,0.999,0.9993866105853487
101,951,12,37,0.999,0.9993866105853487
102,950,12,38,0.9995,0.9997368421052631
103,950,12,38,0.9995,0.9997368421052631
104,950,12,38,0.9995,0.9997368421052631
105,949,13,38,0.999,0.9994731296101159
106,949,13,38,0.999,0.9994731296101159
107,948,13,39,0.9985,0.9992088607594937
108,948,13,39,0.9985,0.9992088607594937
109,947,14,39,0.9995,0.9997360084477297
110,947,13,40,0.9995,0.9997360084477297
111,947,13,40,0.9995,0.9997360084477297
112,947,13,40,0.9995,0.9997360084477297
113,947,12,41,0.9995,0.9997360084477297
114,947,12,41,0.9995,0.9997360084477297
115,947,12,41,0.9995,0.9997360084477297
116,947,11,42,1.0,1.0
117,946,12,42,1.0,1.0
118,946,11,43,1.0,1.0
119,945,12,43,1.0,1.0
120,945,10,45,1.0,1.0
121,945,10,45,1.0,1.0
122,944,11,45,0.9995,0.9996468926553672
123,943,11,46,0.9995,0.9997348886532343
124,943,10,47,0.9995,0.9997348886532343
125,943,10,47,0.9995,0.9997348886532343
126,943,9,48,1.0,1.0
127,943,9,48,1.0,1.0
128,943,9,48,1.0,1.0
129,942,8,50,0.9995,0.9997346072186837
130,940,10,50,0.9985,0.9992021276595745
131,940,10,50,0.9985,0.9992021276595745
132,939,10,51,0.998,0.9989350372736954
133,939,9,52,0.999,0.9994675186368477
134,939,9,52,0.999,0.9994675186368477
135,939,8,53,0.9995,0.9997337593184239
136,939,7,54,0.9995,0.9997337593184239
137,939,7,54,0.9995,0.9997337593184239
138,939,7,54,0.9995,0.9997337593184239
139,939,7,54,0.9995,0.9997337593184239
140,939,7,54,0.9995,0.9997337593184239
141,939,7,54,0.9995,0.9997337593184239
142,939,6,55,0.9995,0.9997337593184239
143,939,5,56,0.9995,0.9997337593184239
144,939,4,57,0.9995,0.9997337593184239
145,939,4,57,0.9995,0.9997337593184239
146,939,3,58,0.9995,0.9997337593184239
147,939,3,58,0.9995,0.9997337593184239
148,939,2,59,1.0,1.0
149,939,2,59,1.0,1.0
150,939,2,59,1.0,1.0
151,939,2,59,1.0,1.0
152,939,2,59,1.0,1.0
153,938,3,59,0.9995,0.9997334754797441
154,938,3,59,0.9995,0.9997334754797441
155,938,3,59,0.9995,0.9997334754797441
156,938,3,59,0.9995,0.9997334754797441
157,938,3,59,0.9995,0.9997334754797441
158,938,3,59,0.9995,0.9997334754797441
159,938,3,59,0.9995,0.9997334754797441
160,938,3,59,0.9995,0.9997334754797441
161,938,3,59,0.9995,0.9997334754797441
162,938,3,59,0.9995,0.9997334754797441
163,938,3,59,0.9995,0.9997334754797441
164,938,3,59,0.9995,0.9997334754797441
165,938,3,59,0.9995,0.9997334754797441
166,937,3,60,1.0,1.0
167,937,2,61,1.0,1.0
168,937,1,62,1.0,1.0
169,937,1,62,1.0,1.0
170,936,2,62,1.0,1.0
171,936,2,62,1.0,1.0
172,935,3,62,1.0,1.0
173,935,3,62,1.0,1.0
174,935,3,62,1.0,1.0
175,935,3,62,1.0,1.0
176,935,3,62,1.0,1.0
177,935,3,62,1.0,1.0
178,935,3,62,1.0,1.0
179,934,3,63,1.0,1.0
180,933,4,63,1.0,1.0
181,933,3,64,1.0,1.0
182,933,3,64,1.0,1.0
183,933,3,64,1.0,1.0
184,933,3,64,1.0,1.0
185,933,3,64,1.0,1.0
186,932,4,64,0.9995,0.9997317596566524
187,932,4,64,0.9995,0.9997317596566524
188,932,4,64,0.9995,0.9997317596566524
189,931,5,64,0.9995,0.9997314715359829
190,931,5,64,0.9995,0.9997314715359829
191,931,5,64,0.9995,0.9997314715359829
192,930,6,64,0.9995,0.999731182795699
193,930,6,64,0.9995,0.999731182795699
194,930,6,64,0.9995,0.999731182795699
195,930,5,65,0.9995,0.999731182795699
196,930,4,66,1.0,1.0
197,930,4,66,1.0,1.0
198,930,4,66,1.0,1.0
199,929,5,66,1.0,1.0
200,929,5,66,1.0,1.0
1,999,1,0,1.0,1.0
2,999,1,0,1.0,1.0
3,999,1,0,1.0,1.0
4,999,1,0,1.0,1.0
5,999,1,0,1.0,1.0
6,999,1,0,1.0,1.0
7,999,1,0,1.0,1.0
8,999,1,0,1.0,1.0
9,999,1,0,1.0,1.0
10,998,2,0,0.999,0.9994154976619906
11,998,2,0,0.999,0.9994154976619906
12,998,2,0,0.999,0.9994154976619906
13,998,2,0,0.999,0.9994154976619906
14,998,2,0,0.999,0.9994154976619906
15,998,2,0,0.999,0.9994154976619906
16,998,2,0,0.999,0.9994154976619906
17,998,2,0,0.999,0.9994154976619906
18,998,2,0,0.999,0.9994154976619906
19,998,2,0,0.999,0.9994154976619906
20,998,2,0,0.999,0.9994154976619906
21,997,3,0,0.999,0.9994149114008692
22,996,4,0,0.9985,0.9990796519410977
23,996,3,1,0.9985,0.9990796519410977
24,996,3,1,0.9985,0.9990796519410977
25,996,3,1,0.9985,0.9990796519410977
26,996,3,1,0.9985,0.9990796519410977
27,995,4,1,0.999,0.9993299832495813
28,995,4,1,0.999,0.9993299832495813
29,995,4,1,0.999,0.9993299832495813
30,994,5,1,1.0,1.0
31,994,5,1,1.0,1.0
32,994,5,1,1.0,1.0
33,993,6,1,1.0,1.0
34,993,6,1,1.0,1.0
35,993,6,1,1.0,1.0
36,993,5,2,1.0,1.0
37,993,5,2,1.0,1.0
38,993,2,5,1.0,1.0
39,993,2,5,1.0,1.0
40,993,2,5,1.0,1.0
41,993,2,5,1.0,1.0
42,993,2,5,1.0,1.0
43,993,2,5,1.0,1.0
44,993,2,5,1.0,1.0
45,992,3,5,0.9995,0.9997479838709677
46,992,3,5,0.9995,0.9997479838709677
47,992,3,5,0.9995,0.9997479838709677
48,992,3,5,0.9995,0.9997479838709677
49,992,3,5,0.9995,0.9997479838709677
50,992,3,5,0.9995,0.9997479838709677
51,992,3,5,0.9995,0.9997479838709677
52,990,5,5,0.999,0.9994949494949495
53,990,5,5,0.999,0.9994949494949495
54,989,6,5,0.9985,0.9992416582406471
55,989,5,6,0.9985,0.9992416582406471
56,989,5,6,0.9985,0.9992416582406471
57,987,7,6,0.9995,0.9997467071935157
58,987,6,7,0.9995,0.9997467071935157
59,987,6,7,0.9995,0.9997467071935157
60,987,6,7,0.9995,0.9997467071935157
61,987,5,8,1.0,1.0
62,987,5,8,1.0,1.0
63,987,5,8,1.0,1.0
64,987,4,9,1.0,1.0
65,987,3,10,1.0,1.0
66,987,3,10,1.0,1.0
67,987,1,12,1.0,1.0
68,987,1,12,1.0,1.0
69,987,1,12,1.0,1.0
70,987,1,12,1.0,1.0
71,986,2,12,1.0,1.0
72,986,2,12,1.0,1.0
73,985,3,12,0.9995,0.999746192893401
74,985,3,12,0.9995,0.999746192893401
75,985,3,12,0.9995,0.999746192893401
76,985,3,12,0.9995,0.999746192893401
77,985,3,12,0.9995,0.999746192893401
78,984,4,12,0.999,0.9994918699186992
79,984,4,12,0.999,0.9994918699186992
80,983,4,13,0.999,0.9994913530010173
81,983,4,13,0.999,0.9994913530010173
82,983,4,13,0.999,0.9994913530010173
83,982,5,13,0.999,0.9994908350305499
84,982,5,13,0.999,0.9994908350305499
85,981,6,13,0.9995,0.9997451580020388
86,981,6,13,0.9995,0.9997451580020388
87,981,6,13,0.9995,0.9997451580020388
88,981,6,13,0.9995,0.9997451580020388
89,980,7,13,0.9995,0.9997448979591836
90,980,7,13,0.9995,0.9997448979591836
91,980,7,13,0.9995,0.9997448979591836
92,980,6,14,1.0,1.0
93,979,6,15,1.0,1.0
94,979,5,16,1.0,1.0
95,978,6,16,1.0,1.0
96,978,6,16,1.0,1.0
97,978,6,16,1.0,1.0
98,978,6,16,1.0,1.0
99,978,6,16,1.0,1.0
100,978,6,16,1.0,1.0
101,978,6,16,1.0,1.0
102,977,7,16,0.9995,0.9997441146366428
103,977,7,16,0.9995,0.9997441146366428
104,975,9,16,0.9995,0.9997435897435898
105,975,8,17,0.9995,0.9997435897435898
106,975,8,17,0.9995,0.9997435897435898
107,975,8,17,0.9995,0.9997435897435898
108,975,8,17,0.9995,0.9997435897435898
109,975,7,18,0.9995,0.9997435897435898
110,975,7,18,0.9995,0.9997435897435898
111,975,7,18,0.9995,0.9997435897435898
112,975,7,18,0.9995,0.9997435897435898
113,975,6,19,1.0,1.0
114,975,6,19,1.0,1.0
115,975,6,19,1.0,1.0
116,975,6,19,1.0,1.0
117,975,6,19,1.0,1.0
118,975,6,19,1.0,1.0
119,975,5,20,1.0,1.0
120,975,5,20,1.0,1.0
121,975,5,20,1.0,1.0
122,975,5,20,1.0,1.0
123,975,4,21,1.0,1.0
124,975,2,23,1.0,1.0
125,975,2,23,1.0,1.0
126,975,2,23,1.0,1.0
127,975,2,23,1.0,1.0
128,975,1,24,1.0,1.0
129,975,1,24,1.0,1.0
130,975,1,24,1.0,1.0
131,975,1,24,1.0,1.0
132,975,1,24,1.0,1.0
133,975,1,24,1.0,1.0
134,975,1,24,1.0,1.0
135,975,0,25,1.0,1.0
136,975,0,25,1.0,1.0
137,975,0,25,1.0,1.0
138,975,0,25,1.0,1.0
139,975,0,25,1.0,1.0
140,975,0,25,1.0,1.0
141,975,0,25,1.0,1.0
142,975,0,25,1.0,1.0
143,975,0,25,1.0,1.0
144,975,0,25,1.0,1.0
145,975,0,25,1.0,1.0
146,975,0,25,1.0,1.0
147,975,0,25,1.0,1.0
148,975,0,25,1.0,1.0
149,975,0,25,1.0,1.0
150,975,0,25,1.0,1.0
151,975,0,25,1.0,1.0
152,975,0,25,1.0,1.0
153,975,0,25,1.0,1.0
154,975,0,25,1.0,1.0
155,975,0,25,1.0,1.0
156,975,0,25,1.0,1.0
157,975,0,25,1.0,1.0
158,975,0,25,1.0,1.0
159,975,0,25,1.0,1.0
160,975,0,25,1.0,1.0
161,975,0,25,1.0,1.0
162,975,0,25,1.0,1.0
163,975,0,25,1.0,1.0
164,975,0,25,1.0,1.0
165,975,0,25,1.0,1.0
166,975,0,25,1.0,1.0
167,975,0,25,1.0,1.0
168,975,0,25,1.0,1.0
169,975,0,25,1.0,1.0
170,975,0,25,1.0,1.0
171,975,0,25,1.0,1.0
172,975,0,25,1.0,1.0
173,975,0,25,1.0,1.0
174,975,0,25,1.0,1.0
175,975,0,25,1.0,1.0
176,975,0,25,1.0,1.0
177,975,0,25,1.0,1.0
178,975,0,25,1.0,1.0
179,975,0,25,1.0,1.0
180,975,0,25,1.0,1.0
181,975,0,25,1.0,1.0
182,975,0,25,1.0,1.0
183,975,0,25,1.0,1.0
184,975,0,25,1.0,1.0
185,975,0,25,1.0,1.0
186,975,0,25,1.0,1.0
187,975,0,25,1.0,1.0
188,975,0,25,1.0,1.0
189,975,0,25,1.0,1.0
190,975,0,25,1.0,1.0
191,975,0,25,1.0,1.0
192,975,0,25,1.0,1.0
193,975,0,25,1.0,1.0
194,975,0,25,1.0,1.0
195,975,0,25,1.0,1.0
196,975,0,25,1.0,1.0
197,975,0,25,1.0,1.0
198,975,0,25,1.0,1.0
199,975,0,25,1.0,1.0
200,975,0,25,1.0,1.0
1,999,1,0,1.0,1.0
2,999,1,0,1.0,1.0
3,998,2,0,0.9995,0.9996659986639946
4,998,1,1,1.0,1.0
5,997,1,2,1.0,1.0
6,997,1,2,1.0,1.0
7,997,1,2,1.0,1.0
8,997,1,2,1.0,1.0
9,997,1,2,1.0,1.0
10,997,1,2,1.0,1.0
11,997,1,2,1.0,1.0
12,997,1,2,1.0,1.0
13,997,1,2,1.0,1.0
14,997,1,2,1.0,1.0
15,997,1,2,1.0,1.0
16,997,1,2,1.0,1.0
17,997,1,2,1.0,1.0
18,997,1,2,1.0,1.0
19,997,1,2,1.0,1.0
20,996,1,3,1.0,1.0
21,996,1,3,1.0,1.0
22,996,1,3,1.0,1.0
23,996,1,3,1.0,1.0
24,996,1,3,1.0,1.0
25,996,1,3,1.0,1.0
26,996,1,3,1.0,1.0
27,996,1,3,1.0,1.0
28,996,1,3,1.0,1.0
29,996,1,3,1.0,1.0
30,996,1,3,1.0,1.0
31,996,1,3,1.0,1.0
32,996,1,3,1.0,1.0
33,996,1,3,1.0,1.0
34,996,1,3,1.0,1.0
35,996,0,4,1.0,1.0
36,996,0,4,1.0,1.0
37,996,0,4,1.0,1.0
38,996,0,4,1.0,1.0
39,996,0,4,1.0,1.0
40,996,0,4,1.0,1.0
41,996,0,4,1.0,1.0
42,996,0,4,1.0,1.0
43,996,0,4,1.0,1.0
44,996,0,4,1.0,1.0
45,996,0,4,1.0,1.0
46,996,0,4,1.0,1.0
47,996,0,4,1.0,1.0
48,996,0,4,1.0,1.0
49,996,0,4,1.0,1.0
50,996,0,4,1.0,1.0
51,996,0,4,1.0,1.0
52,996,0,4,1.0,1.0
53,996,0,4,1.0,1.0
54,996,0,4,1.0,1.0
55,996,0,4,1.0,1.0
56,996,0,4,1.0,1.0
57,996,0,4,1.0,1.0
58,996,0,4,1.0,1.0
59,996,0,4,1.0,1.0
60,996,0,4,1.0,1.0
61,996,0,4,1.0,1.0
62,996,0,4,1.0,1.0
63,996,0,4,1.0,1.0
64,996,0,4,1.0,1.0
65,996,0,4,1.0,1.0
66,996,0,4,1.0,1.0
67,996,0,4,1.0,1.0
68,996,0,4,1.0,1.0
69,996,0,4,1.0,1.0
70,996,0,4,1.0,1.0
71,996,0,4,1.0,1.0
72,996,0,4,1.0,1.0
73,996,0,4,1.0,1.0
74,996,0,4,1.0,1.0
75,996,0,4,1.0,1.0
76,996,0,4,1.0,1.0
77,996,0,4,1.0,1.0
78,996,0,4,1.0,1.0
79,996,0,4,1.0,1.0
80,996,0,4,1.0,1.0
81,996,0,4,1.0,1.0
82,996,0,4,1.0,1.0
83,996,0,4,1.0,1.0
84,996,0,4,1.0,1.0
85,996,0,4,1.0,1.0
86,996,0,4,1.0,1.0
87,996,0,4,1.0,1.0
88,996,0,4,1.0,1.0
89,996,0,4,1.0,1.0
90,996,0,4,1.0,1.0
91,996,0,4,1.0,1.0
92,996,0,4,1.0,1.0
93,996,0,4,1.0,1.0
94,996,0,4,1.0,1.0
95,996,0,4,1.0,1.0
96,996,0,4,1.0,1.0
97,996,0,4,1.0,1.0
98,996,0,4,1.0,1.0
99,996,0,4,1.0,1.0
100,996,0,4,1.0,1.0
101,996,0,4,1.0,1.0
102,996,0,4,1.0,1.0
103,996,0,4,1.0,1.0
104,996,0,4,1.0,1.0
105,996,0,4,1.0,1.0
106,996,0,4,1.0,1.0
107,996,0,4,1.0,1.0
108,996,0,4,1.0,1.0
109,996,0,4,1.0,1.0
110,996,0,4,1.0,1.0
111,996,0,4,1.0,1.0
112,996,0,4,1.0,1.0
113,996,0,4,1.0,1.0
114,996,0,4,1.0,1.0
115,996,0,4,1.0,1.0
116,996,0,4,1.0,1.0
117,996,0,4,1.0,1.0
118,996,0,4,1.0,1.0
119,996,0,4,1.0,1.0
120,996,0,4,1.0,1.0
121,996,0,4,1.0,1.0
122,996,0,4,1.0,1.0
123,996,0,4,1.0,1.0
124,996,0,4,1.0,1.0
125,996,0,4,1.0,1.0
126,996,0,4,1.0,1.0
127,996,0,4,1.0,1.0
128,996,0,4,1.0,1.0
129,996,0,4,1.0,1.0
130,996,0,4,1.0,1.0
131,996,0,4,1.0,1.0
132,996,0,4,1.0,1.0
133,996,0,4,1.0,1.0
134,996,0,4,1.0,1.0
135,996,0,4,1.0,1.0
136,996,0,4,1.0,1.0
137,996,0,4,1.0,1.0
138,996,0,4,1.0,1.0
139,996,0,4,1.0,1.0
140,996,0,4,1.0,1.0
141,996,0,4,1.0,1.0
142,996,0,4,1.0,1.0
143,996,0,4,1.0,1.0
144,996,0,4,1.0,1.0
145,996,0,4,1.0,1.0
146,996,0,4,1.0,1.0
147,996,0,4,1.0,1.0
148,996,0,4,1.0,1.0
149,996,0,4,1.0,1.0
150,996,0,4,1.0,1.0
151,996,0,4,1.0,1.0
152,996,0,4,1.0,1.0
153,996,0,4,1.0,1.0
154,996,0,4,1.0,1.0
155,996,0,4,1.0,1.0
156,996,0,4,1.0,1.0
157,996,0,4,1.0,1.0
158,996,0,4,1.0,1.0
159,996,0,4,1.0,1.0
160,996,0,4,1.0,1.0
161,996,0,4,1.0,1.0
162,996,0,4,1.0,1.0
163,996,0,4,1.0,1.0
164,996,0,4,1.0,1.0
165,996,0,4,1.0,1.0
166,996,0,4,1.0,1.0
167,996,0,4,1.0,1.0
168,996,0,4,1.0,1.0
169,996,0,4,1.0,1.0
170,996,0,4,1.0,1.0
171,996,0,4,1.0,1.0
172,996,0,4,1.0,1.0
173,996,0,4,1.0,1.0
174,996,0,4,1.0,1.0
175,996,0,4,1.0,1.0
176,996,0,4,1.0,1.0
177,996,0,4,1.0,1.0
178,996,0,4,1.0,1.0
179,996,0,4,1.0,1.0
180,996,0,4,1.0,1.0
181,996,0,4,1.0,1.0
182,996,0,4,1.0,1.0
183,996,0,4,1.0,1.0
184,996,0,4,1.0,1.0
185,996,0,4,1.0,1.0
186,996,0,4,1.0,1.0
187,996,0,4,1.0,1.0
188,996,0,4,1.0,1.0
189,996,0,4,1.0,1.0
190,996,0,4,1.0,1.0
191,996,0,4,1.0,1.0
192,996,0,4,1.0,1.0
193,996,0,4,1.0,1.0
194,996,0,4,1.0,1.0
195,996,0,4,1.0,1.0
196,996,0,4,1.0,1.0
197,996,0,4,1.0,1.0
198,996,0,4,1.0,1.0
199,996,0,4,1.0,1.0
200,996,0,4,1.0,1.0
1,999,1,0,1.0,1.0
2,999,1,0,1.0,1.0
3,999,1,0,1.0,1.0
4,998,2,0,0.9995,0.999749498997996
5,998,2,0,0.9995,0.999749498997996
6,998,2,0,0.9995,0.999749498997996
7,998,2,0,0.9995,0.999749498997996
8,998,2,0,0.9995,0.999749498997996
9,998,1,1,1.0,1.0
10,998,1,1,1.0,1.0
11,998,1,1,1.0,1.0
12,998,1,1,1.0,1.0
13,998,1,1,1.0,1.0
14,998,1,1,1.0,1.0
15,998,1,1,1.0,1.0
16,998,1,1,1.0,1.0
17,998,1,1,1.0,1.0
18,998,1,1,1.0,1.0
19,998,1,1,1.0,1.0
20,998,1,1,1.0,1.0
21,998,1,1,1.0,1.0
22,998,1,1,1.0,1.0
23,998,1,1,1.0,1.0
24,998,1,1,1.0,1.0
25,998,1,1,1.0,1.0
26,998,1,1,1.0,1.0
27,998,1,1,1.0,1.0
28,998,1,1,1.0,1.0
29,998,1,1,1.0,1.0
30,998,0,2,1.0,1.0
31,998,0,2,1.0,1.0
32,998,0,2,1.0,1.0
33,998,0,2,1.0,1.0
34,998,0,2,1.0,1.0
35,998,0,2,1.0,1.0
36,998,0,2,1.0,1.0
37,998,0,2,1.0,1.0
38,998,0,2,1.0,1.0
39,998,0,2,1.0,1.0
40,998,0,2,1.0,1.0
41,998,0,2,1.0,1.0
42,998,0,2,1.0,1.0
43,998,0,2,1.0,1.0
44,998,0,2,1.0,1.0
45,998,0,2,1.0,1.0
46,998,0,2,1.0,1.0
47,998,0,2,1.0,1.0
48,998,0,2,1.0,1.0
49,998,0,2,1.0,1.0
50,998,0,2,1.0,1.0
51,998,0,2,1.0,1.0
52,998,0,2,1.0,1.0
53,998,0,2,1.0,1.0
54,998,0,2,1.0,1.0
55,998,0,2,1.0,1.0
56,998,0,2,1.0,1.0
57,998,0,2,1.0,1.0
58,998,0,2,1.0,1.0
59,998,0,2,1.0,1.0
60,998,0,2,1.0,1.0
61,998,0,2,1.0,1.0
62,998,0,2,1.0,1.0
63,998,0,2,1.0,1.0
64,998,0,2,1.0,1.0
65,998,0,2,1.0,1.0
66,998,0,2,1.0,1.0
67,998,0,2,1.0,1.0
68,998,0,2,1.0,1.0
69,998,0,2,1.0,1.0
70,998,0,2,1.0,1.0
71,998,0,2,1.0,1.0
72,998,0,2,1.0,1.0
73,998,0,2,1.0,1.0
74,998,0,2,1.0,1.0
75,998,0,2,1.0,1.0
76,998,0,2,1.0,1.0
77,998,0,2,1.0,1.0
78,998,0,2,1.0,1.0
79,998,0,2,1.0,1.0
80,998,0,2,1.0,1.0
81,998,0,2,1.0,1.0
82,998,0,2,1.0,1.0
83,998,0,2,1.0,1.0
84,998,0,2,1.0,1.0
85,998,0,2,1.0,1.0
86,998,0,2,1.0,1.0
87,998,0,2,1.0,1.0
88,998,0,2,1.0,1.0
89,998,0,2,1.0,1.0
90,998,0,2,1.0,1.0
91,998,0,2,1.0,1.0
92,998,0,2,1.0,1.0
93,998,0,2,1.0,1.0
94,998,0,2,1.0,1.0
95,998,0,2,1.0,1.0
96,998,0,2,1.0,1.0
97,998,0,2,1.0,1.0
98,998,0,2,1.0,1.0
99,998,0,2,1.0,1.0
100,998,0,2,1.0,1.0
101,998,0,2,1.0,1.0
102,998,0,2,1.0,1.0
103,998,0,2,1.0,1.0
104,998,0,2,1.0,1.0
105,998,0,2,1.0,1.0
106,998,0,2,1.0,1.0
107,998,0,2,1.0,1.0
108,998,0,2,1.0,1.0
109,998,0,2,1.0,1.0
110,998,0,2,1.0,1.0
111,998,0,2,1.0,1.0
112,998,0,2,1.0,1.0
113,998,0,2,1.0,1.0
114,998,0,2,1.0,1.0
115,998,0,2,1.0,1.0
116,998,0,2,1.0,1.0
117,998,0,2,1.0,1.0
118,998,0,2,1.0,1.0
119,998,0,2,1.0,1.0
120,998,0,2,1.0,1.0
121,998,0,2,1.0,1.0
122,998,0,2,1.0,1.0
123,998,0,2,1.0,1.0
124,998,0,2,1.0,1.0
125,998,0,2,1.0,1.0
126,998,0,2,1.0,1.0
127,998,0,2,1.0,1.0
128,998,0,2,1.0,1.0
129,998,0,2,1.0,1.0
130,998,0,2,1.0,1.0
131,998,0,2,1.0,1.0
132,998,0,2,1.0,1.0
133,998,0,2,1.0,1.0
134,998,0,2,1.0,1.0
135,998,0,2,1.0,1.0
136,998,0,2,1.0,1.0
137,998,0,2,1.0,1.0
138,998,0,2,1.0,1.0
139,998,0,2,1.0,1.0
140,998,0,2,1.0,1.0
141,998,0,2,1.0,1.0
142,998,0,2,1.0,1.0
143,998,0,2,1.0,1.0
144,998,0,2,1.0,1.0
145,998,0,2,1.0,1.0
146,998,0,2,1.0,1.0
147,998,0,2,1.0,1.0
148,998,0,2,1.0,1.0
149,998,0,2,1.0,1.0
150,998,0,2,1.0,1.0
151,998,0,2,1.0,1.0
152,998,0,2,1.0,1.0
153,998,0,2,1.0,1.0
154,998,0,2,1.0,1.0
155,998,0,2,1.0,1.0
156,998,0,2,1.0,1.0
157,998,0,2,1.0,1.0
158,998,0,2,1.0,1.0
159,998,0,2,1.0,1.0
160,998,0,2,1.0,1.0
161,998,0,2,1.0,1.0
162,998,0,2,1.0,1.0
163,998,0,2,1.0,1.0
164,998,0,2,1.0,1.0
165,998,0,2,1.0,1.0
166,998,0,2,1.0,1.0
167,998,0,2,1.0,1.0
168,998,0,2,1.0,1.0
169,998,0,2,1.0,1.0
170,998,0,2,1.0,1.0
171,998,0,2,1.0,1.0
172,998,0,2,1.0,1.0
173,998,0,2,1.0,1.0
174,998,0,2,1.0,1.0
175,998,0,2,1.0,1.0
176,998,0,2,1.0,1.0
177,998,0,2,1.0,1.0
178,998,0,2,1.0,1.0
179,998,0,2,1.0,1.0
180,998,0,2,1.0,1.0
181,998,0,2,1.0,1.0
182,998,0,2,1.0,1.0
183,998,0,2,1.0,1.0
184,998,0,2,1.0,1.0
185,998,0,2,1.0,1.0
186,998,0,2,1.0,1.0
187,998,0,2,1.0,1.0
188,998,0,2,1.0,1.0
189,998,0,2,1.0,1.0
190,998,0,2,1.0,1.0
191,998,0,2,1.0,1.0
192,998,0,2,1.0,1.0
193,998,0,2,1.0,1.0
194,998,0,2,1.0,1.0
195,998,0,2,1.0,1.0
196,998,0,2,1.0,1.0
197,998,0,2,1.0,1.0
198,998,0,2,1.0,1.0
199,998,0,2,1.0,1.0
200,998,0,2,1.0,1.0
1,998,2,0,1.0,1.0
2,998,2,0,1.0,1.0
3,998,2,0,1.0,1.0
4,997,3,0,0.9995,0.9997492477432297
5,997,3,0,0.9995,0.9997492477432297
6,996,4,0,0.999,0.9994979919678715
7,996,4,0,0.999,0.9994979919678715
8,996,4,0,0.999,0.9994979919678715
9,995,4,1,0.9985,0.9992462311557789
10,994,4,2,0.9995,0.9997484909456741
11,994,4,2,0.9995,0.9997484909456741
12,994,4,2,0.9995,0.9997484909456741
13,994,4,2,0.9995,0.9997484909456741
14,994,3,3,1.0,1.0
15,993,4,3,1.0,1.0
16,993,4,3,1.0,1.0
17,993,4,3,1.0,1.0
18,993,4,3,1.0,1.0
19,993,4,3,1.0,1.0
20,993,4,3,1.0,1.0
21,993,4,3,1.0,1.0
22,993,4,3,1.0,1.0
23,993,4,3,1.0,1.0
24,993,4,3,1.0,1.0
25,993,4,3,1.0,1.0
26,993,3,4,1.0,1.0
27,993,3,4,1.0,1.0
28,993,3,4,1.0,1.0
29,993,3,4,1.0,1.0
30,992,4,4,0.9995,0.9997479838709677
31,992,4,4,0.9995,0.9997479838709677
32,992,4,4,0.9995,0.9997479838709677
33,992,4,4,0.9995,0.9997479838709677
34,990,5,5,0.999,0.9994949494949495
35,990,5,5,0.999,0.9994949494949495
36,990,4,6,0.9995,0.9997474747474747
37,990,4,6,0.9995,0.9997474747474747
38,990,4,6,0.9995,0.9997474747474747
39,990,4,6,0.9995,0.9997474747474747
40,989,5,6,1.0,1.0
41,989,5,6,1.0,1.0
42,989,5,6,1.0,1.0
43,989,5,6,1.0,1.0
44,988,6,6,0.9995,0.999746963562753
45,988,6,6,0.9995,0.999746963562753
46,987,6,7,0.9995,0.9997467071935157
47,987,6,7,0.9995,0.9997467071935157
48,987,6,7,0.9995,0.9997467071935157
49,987,6,7,0.9995,0.9997467071935157
50,987,5,8,0.9995,0.9997467071935157
51,987,5,8,0.9995,0.9997467071935157
52,987,5,8,0.9995,0.9997467071935157
53,987,5,8,0.9995,0.9997467071935157
54,987,5,8,0.9995,0.9997467071935157
55,987,4,9,0.9995,0.9997467071935157
56,987,4,9,0.9995,0.9997467071935157
57,987,4,9,0.9995,0.9997467071935157
58,987,4,9,0.9995,0.9997467071935157
59,987,4,9,0.9995,0.9997467071935157
60,986,5,9,0.999,0.9994929006085193
61,986,4,10,0.9995,0.9997464503042597
62,986,3,11,0.9995,0.9997464503042597
63,986,3,11,0.9995,0.9997464503042597
64,986,3,11,0.9995,0.9997464503042597
65,986,3,11,0.9995,0.9997464503042597
66,986,3,11,0.9995,0.9997464503042597
67,986,3,11,0.9995,0.9997464503042597
68,986,3,11,0.9995,0.9997464503042597
69,986,3,11,0.9995,0.9997464503042597
70,986,3,11,0.9995,0.9997464503042597
71,986,3,11,0.9995,0.9997464503042597
72,986,3,11,0.9995,0.9997464503042597
73,986,2,12,1.0,1.0
74,986,2,12,1.0,1.0
75,986,2,12,1.0,1.0
76,986,2,12,1.0,1.0
77,986,2,12,1.0,1.0
78,986,2,12,1.0,1.0
79,986,2,12,1.0,1.0
80,986,1,13,1.0,1.0
81,986,1,13,1.0,1.0
82,986,0,14,1.0,1.0
83,986,0,14,1.0,1.0
84,986,0,14,1.0,1.0
85,986,0,14,1.0,1.0
86,986,0,14,1.0,1.0
87,986,0,14,1.0,1.0
88,986,0,14,1.0,1.0
89,986,0,14,1.0,1.0
90,986,0,14,1.0,1.0
91,986,0,14,1.0,1.0
92,986,0,14,1.0,1.0
93,986,0,14,1.0,1.0
94,986,0,14,1.0,1.0
95,986,0,14,1.0,1.0
96,986,0,14,1.0,1.0
97,986,0,14,1.0,1.0
98,986,0,14,1.0,1.0
99,986,0,14,1.0,1.0
100,986,0,14,1.0,1.0
101,986,0,14,1.0,1.0
102,986,0,14,1.0,1.0
103,986,0,14,1.0,1.0
104,986,0,14,1.0,1.0
105,986,0,14,1.0,1.0
106,986,0,14,1.0,1.0
107,986,0,14,1.0,1.0
108,986,0,14,1.0,1.0
109,986,0,14,1.0,1.0
110,986,0,14,1.0,1.0
111,986,0,14,1.0,1.0
112,986,0,14,1.0,1.0
113,986,0,14,1.0,1.0
114,986,0,14,1.0,1.0
115,986,0,14,1.0,1.0
116,986,0,14,1.0,1.0
117,986,0,14,1.0,1.0
118,986,0,14,1.0,1.0
119,986,0,14,1.0,1.0
120,986,0,14,1.0,1.0
121,986,0,14,1.0,1.0
122,986,0,14,1.0,1.0
123,986,0,14,1.0,1.0
124,986,0,14,1.0,1.0
125,986,0,14,1.0,1.0
126,986,0,14,1.0,1.0
127,986,0,14,1.0,1.0
128,986,0,14,1.0,1.0
129,986,0,14,1.0,1.0
130,986,0,14,1.0,1.0
131,986,0,14,1.0,1.0
132,986,0,14,1.0,1.0
133,986,0,14,1.0,1.0
134,986,0,14,1.0,1.0
135,986,0,14,1.0,1.0
136,986,0,14,1.0,1.0
137,986,0,14,1.0,1.0
138,986,0,14,1.0,1.0
139,986,0,14,1.0,1.0
140,986,0,14,1.0,1.0
141,986,0,14,1.0,1.0
142,986,0,14,1.0,1.0
143,986,0,14,1.0,1.0
144,986,0,14,1.0,1.0
145,986,0,14,1.0,1.0
146,986,0,14,1.0,1.0
147,986,0,14,1.0,1.0
148,986,0,14,1.0,1.0
149,986,0,14,1.0,1.0
150,986,0,14,1.0,1.0
151,986,0,14,1.0,1.0
152,986,0,14,1.0,1.0
153,986,0,14,1.0,1.0
154,986,0,14,1.0,1.0
155,986,0,14,1.0,1.0
156,986,0,14,1.0,1.0
157,986,0,14,1.0,1.0
158,986,0,14,1.0,1.0
159,986,0,14,1.0,1.0
160,986,0,14,1.0,1.0
161,986,0,14,1.0,1.0
162,986,0,14,1.0,1.0
163,986,0,14,1.0,1.0
164,986,0,14,1.0,1.0
165,986,0,14,1.0,1.0
166,986,0,14,1.0,1.0
167,986,0,14,1.0,1.0
168,986,0,14,1.0,1.0
169,986,0,14,1.0,1.0
170,986,0,14,1.0,1.0
171,986,0,14,1.0,1.0
172,986,0,14,1.0,1.0
173,986,0,14,1.0,1.0
174,986,0,14,1.0,1.0
175,986,0,14,1.0,1.0
176,986,0,14,1.0,1.0
177,986,0,14,1.0,1.0
178,986,0,14,1.0,1.0
179,986,0,14,1.0,1.0
180,986,0,14,1.0,1.0
181,986,0,14,1.0,1.0
182,986,0,14,1.0,1.0
183,986,0,14,1.0,1.0
184,986,0,14,1.0,1.0
185,986,0,14,1.0,1.0
186,986,0,14,1.0,1.0
187,986,0,14,1.0,1.0
188,986,0,14,1.0,1.0
189,986,0,14,1.0,1.0
190,986,0,14,1.0,1.0
191,986,0,14,1.0,1.0
192,986,0,14,1.0,1.0
193,986,0,14,1.0,1.0
194,986,0,14,1.0,1.0
195,986,0,14,1.0,1.0
196,986,0,14,1.0,1.0
197,986,0,14,1.0,1.0
198,986,0,14,1.0,1.0
199,986,0,14,1.0,1.0
200,986,0,14,1.0,1.0
1,999,1,0,1.0,1.0
2,999,1,0,1.0,1.0
3,999,1,0,1.0,1.0
4,998,1,1,1.0,1.0
5,997,2,1,1.0,1.0
6,997,2,1,1.0,1.0
7,997,2,1,1.0,1.0
8,997,2,1,1.0,1.0
9,996,3,1,1.0,1.0
10,996,3,1,1.0,1.0
11,996,3,1,1.0,1.0
12,996,3,1,1.0,1.0
13,996,3,1,1.0,1.0
14,995,4,1,0.9995,0.999748743718593
15,995,4,1,0.9995,0.999748743718593
16,994,5,1,0.999,0.9994969818913481
17,994,5,1,0.999,0.9994969818913481
18,994,5,1,0.999,0.9994969818913481
19,994,5,1,0.999,0.9994969818913481
20,994,5,1,0.999,0.9994969818913481
21,994,5,1,0.999,0.9994969818913481
22,994,5,1,0.999,0.9994969818913481
23,994,4,2,0.9995,0.9997484909456741
24,994,4,2,0.9995,0.9997484909456741
25,994,4,2,0.9995,0.9997484909456741
26,994,4,2,0.9995,0.9997484909456741
27,994,4,2,0.9995,0.9997484909456741
28,994,4,2,0.9995,0.9997484909456741
29,994,4,2,0.9995,0.9997484909456741
30,994,4,2,0.9995,0.9997484909456741
31,994,4,2,0.9995,0.9997484909456741
32,994,4,2,0.9995,0.9997484909456741
33,994,4,2,0.9995,0.9997484909456741
34,994,3,3,1.0,1.0
35,994,3,3,1.0,1.0
36,993,3,4,1.0,1.0
37,993,2,5,1.0,1.0
38,993,2,5,1.0,1.0
39,993,2,5,1.0,1.0
40,993,2,5,1.0,1.0
41,993,2,5,1.0,1.0
42,993,2,5,1.0,1.0
43,991,4,5,0.999,0.9994954591321897
44,991,4,5,0.999,0.9994954591321897
45,991,4,5,0.999,0.9994954591321897
46,991,4,5,0.999,0.9994954591321897
47,991,4,5,0.999,0.9994954591321897
48,991,4,5,0.999,0.9994954591321897
49,989,6,5,0.9985,0.9992416582406471
50,989,6,5,0.9985,0.9992416582406471
51,989,6,5,0.9985,0.9992416582406471
52,988,6,6,0.9995,0.999746963562753
53,988,6,6,0.9995,0.999746963562753
54,988,6,6,0.9995,0.999746963562753
55,987,7,6,0.9995,0.9997467071935157
56,987,7,6,0.9995,0.9997467071935157
57,987,7,6,0.9995,0.9997467071935157
58,986,8,6,0.999,0.9994929006085193
59,986,7,7,0.999,0.9994929006085193
60,986,7,7,0.999,0.9994929006085193
61,986,7,7,0.999,0.9994929006085193
62,986,7,7,0.999,0.9994929006085193
63,986,6,8,0.999,0.9994929006085193
64,985,7,8,0.999,0.999492385786802
65,984,8,8,0.9985,0.9992378048780488
66,984,8,8,0.9985,0.9992378048780488
67,984,8,8,0.9985,0.9992378048780488
68,984,7,9,0.999,0.9994918699186992
69,984,7,9,0.999,0.9994918699186992
70,984,7,9,0.999,0.9994918699186992
71,984,7,9,0.999,0.9994918699186992
72,984,6,10,0.999,0.9994918699186992
73,984,6,10,0.999,0.9994918699186992
74,983,7,10,0.999,0.9994913530010173
75,982,8,10,0.9985,0.9991513917175832
76,982,7,11,0.9985,0.9991513917175832
77,982,7,11,0.9985,0.9991513917175832
78,982,7,11,0.9985,0.9991513917175832
79,982,7,11,0.9985,0.9991513917175832
80,981,8,11,0.9985,0.9991505266734624
81,981,8,11,0.9985,0.9991505266734624
82,981,8,11,0.9985,0.9991505266734624
83,980,9,11,0.998,0.9988945578231292
84,979,9,12,0.998,0.9988934286687096
85,979,9,12,0.998,0.9988934286687096
86,979,8,13,0.998,0.9988934286687096
87,979,8,13,0.998,0.9988934286687096
88,978,9,13,0.999,0.9994035446489434
89,978,7,15,1.0,1.0
90,978,7,15,1.0,1.0
91,978,7,15,1.0,1.0
92,977,8,15,0.999,0.9994029341521664
93,977,8,15,0.999,0.9994029341521664
94,977,8,15,0.999,0.9994029341521664
95,977,8,15,0.999,0.9994029341521664
96,977,8,15,0.999,0.9994029341521664
97,976,8,16,0.9995,0.9997438524590164
98,976,6,18,1.0,1.0
99,976,6,18,1.0,1.0
100,976,6,18,1.0,1.0
101,976,6,18,1.0,1.0
102,976,6,18,1.0,1.0
103,975,7,18,1.0,1.0
104,975,6,19,1.0,1.0
105,975,6,19,1.0,1.0
106,975,6,19,1.0,1.0
107,975,6,19,1.0,1.0
108,975,6,19,1.0,1.0
109,975,6,19,1.0,1.0
110,975,5,20,1.0,1.0
111,975,4,21,1.0,1.0
112,975,3,22,1.0,1.0
113,975,3,22,1.0,1.0
114,975,3,22,1.0,1.0
115,975,3,22,1.0,1.0
116,975,3,22,1.0,1.0
117,975,3,22,1.0,1.0
118,975,3,22,1.0,1.0
119,975,2,23,1.0,1.0
120,975,2,23,1.0,1.0
121,975,1,24,1.0,1.0
122,975,1,24,1.0,1.0
123,975,1,24,1.0,1.0
124,975,1,24,1.0,1.0
125,975,1,24,1.0,1.0
126,975,1,24,1.0,1.0
127,975,1,24,1.0,1.0
128,975,1,24,1.0,1.0
129,975,1,24,1.0,1.0
130,975,1,24,1.0,1.0
131,975,1,24,1.0,1.0
132,975,1,24,1.0,1.0
133,975,1,24,1.0,1.0
134,975,1,24,1.0,1.0
135,975,1,24,1.0,1.0
136,975,1,24,1.0,1.0
137,975,1,24,1.0,1.0
138,975,1,24,1.0,1.0
139,975,1,24,1.0,1.0
140,975,1,24,1.0,1.0
141,975,1,24,1.0,1.0
142,975,1,24,1.0,1.0
143,975,1,24,1.0,1.0
144,974,2,24,1.0,1.0
145,973,3,24,0.9995,0.999828708461802
146,973,2,25,0.9995,0.999828708461802
147,972,2,26,0.9995,0.9998285322359397
148,972,2,26,0.9995,0.9998285322359397
149,972,2,26,0.9995,0.9998285322359397
150,972,2,26,0.9995,0.9998285322359397
151,972,1,27,1.0,1.0
152,972,1,27,1.0,1.0
153,972,1,27,1.0,1.0
154,972,1,27,1.0,1.0
155,972,1,27,1.0,1.0
156,972,1,27,1.0,1.0
157,972,1,27,1.0,1.0
158,972,1,27,1.0,1.0
159,972,1,27,1.0,1.0
160,971,2,27,1.0,1.0
161,971,2,27,1.0,1.0
162,971,1,28,1.0,1.0
163,971,1,28,1.0,1.0
164,971,1,28,1.0,1.0
165,971,1,28,1.0,1.0
166,971,1,28,1.0,1.0
167,970,2,28,1.0,1.0
168,970,2,28,1.0,1.0
169,969,3,28,1.0,1.0
170,967,5,28,0.9995,0.999741468459152
171,966,6,28,0.9995,0.9997412008281573
172,965,7,28,0.999,0.9994818652849741
173,965,7,28,0.999,0.9994818652849741
174,965,7,28,0.999,0.9994818652849741
175,964,6,30,0.999,0.9994813278008299
176,964,6,30,0.999,0.9994813278008299
177,964,6,30,0.999,0.9994813278008299
178,963,6,31,0.9995,0.9997403946002077
179,963,6,31,0.9995,0.9997403946002077
180,963,6,31,0.9995,0.9997403946002077
181,963,6,31,0.9995,0.9997403946002077
182,962,7,31,0.9985,0.9992203742203742
183,961,8,31,0.9985,0.9992195629552549
184,960,9,31,0.998,0.9989583333333333
185,958,10,32,0.998,0.9989561586638831
186,958,10,32,0.998,0.9989561586638831
187,958,10,32,0.998,0.9989561586638831
188,958,10,32,0.998,0.9989561586638831
189,957,11,32,0.998,0.9988679902473007
190,956,12,32,0.9975,0.99860529986053
191,955,13,32,0.997,0.9983420593368239
192,955,12,33,0.9975,0.9986038394415359
193,955,10,35,0.998,0.9988656195462479
194,955,9,36,0.9985,0.99912739965096
195,955,8,37,0.999,0.999389179755672
196,955,7,38,0.9995,0.999738219895288
197,955,7,38,0.9995,0.999738219895288
198,954,8,38,0.9985,0.9992138364779874
199,954,8,38,0.9985,0.9992138364779874
200,953,8,39,0.9985,0.9992130115424974
1,999,1,0,1.0,1.0
2,999,1,0,1.0,1.0
3,999,1,0,1.0,1.0
4,998,2,0,0.999,0.999498997995992
5,997,3,0,0.999,0.9994984954864594
6,997,3,0,0.999,0.9994984954864594
7,997,3,0,0.999,0.9994984954864594
8,997,3,0,0.999,0.9994984954864594
9,997,2,1,1.0,1.0
10,997,1,2,1.0,1.0
11,997,1,2,1.0,1.0
12,997,1,2,1.0,1.0
13,997,1,2,1.0,1.0
14,997,1,2,1.0,1.0
15,997,1,2,1.0,1.0
16,997,1,2,1.0,1.0
17,997,1,2,1.0,1.0
18,996,2,2,0.9995,0.9997489959839357
19,996,1,3,1.0,1.0
20,996,1,3,1.0,1.0
21,995,2,3,0.9995,0.999748743718593
22,995,2,3,0.9995,0.999748743718593
23,995,2,3,0.9995,0.999748743718593
24,995,2,3,0.9995,0.999748743718593
25,995,2,3,0.9995,0.999748743718593
26,995,2,3,0.9995,0.999748743718593
27,995,2,3,0.9995,0.999748743718593
28,995,2,3,0.9995,0.999748743718593
29,995,2,3,0.9995,0.999748743718593
30,995,2,3,0.9995,0.999748743718593
31,995,2,3,0.9995,0.999748743718593
32,995,2,3,0.9995,0.999748743718593
33,995,2,3,0.9995,0.999748743718593
34,995,2,3,0.9995,0.999748743718593
35,995,1,4,1.0,1.0
36,995,1,4,1.0,1.0
37,995,1,4,1.0,1.0
38,994,2,4,1.0,1.0
39,993,3,4,0.9995,0.9997482376636455
40,993,3,4,0.9995,0.9997482376636455
41,993,2,5,0.9995,0.9997482376636455
42,992,3,5,0.999,0.9994959677419355
43,991,4,5,0.9985,0.9991590985536495
44,991,4,5,0.9985,0.9991590985536495
45,991,4,5,0.9985,0.9991590985536495
46,991,4,5,0.9985,0.9991590985536495
47,991,4,5,0.9985,0.9991590985536495
48,991,4,5,0.9985,0.9991590985536495
49,991,4,5,0.9985,0.9991590985536495
50,990,5,5,0.9985,0.9992424242424243
51,990,5,5,0.9985,0.9992424242424243
52,990,5,5,0.9985,0.9992424242424243
53,990,5,5,0.9985,0.9992424242424243
54,989,6,5,0.9985,0.9992416582406471
55,988,6,6,0.9985,0.9992408906882592
56,988,6,6,0.9985,0.9992408906882592
57,988,6,6,0.9985,0.9992408906882592
58,988,5,7,0.999,0.9994939271255061
59,987,6,7,0.999,0.9994934143870314
60,986,7,7,0.9985,0.9992393509127789
61,986,7,7,0.9985,0.9992393509127789
62,985,8,7,0.9985,0.999238578680203
63,985,8,7,0.9985,0.999238578680203
64,985,8,7,0.9985,0.999238578680203
65,983,10,7,0.9975,0.9984740590030519
66,983,10,7,0.9975,0.9984740590030519
67,981,12,7,0.9975,0.9984709480122325
68,981,12,7,0.9975,0.9984709480122325
69,981,12,7,0.9975,0.9984709480122325
70,981,12,7,0.9975,0.9984709480122325
71,981,12,7,0.9975,0.9984709480122325
72,980,13,7,0.9975,0.9984693877551021
73,980,13,7,0.9975,0.9984693877551021
74,979,13,8,0.9975,0.998467824310521
75,979,10,11,0.998,0.9987231869254342
76,979,10,11,0.998,0.9987231869254342
77,978,11,11,0.999,0.9992331288343558
78,978,10,12,0.999,0.9992331288343558
79,978,10,12,0.999,0.9992331288343558
80,978,9,13,0.9995,0.9994887525562373
81,978,8,14,0.9995,0.9994887525562373
82,978,8,14,0.9995,0.9994887525562373
83,978,8,14,0.9995,0.9994887525562373
84,977,9,14,1.0,1.0
85,977,9,14,1.0,1.0
86,977,8,15,1.0,1.0
87,976,8,16,0.9995,0.9997438524590164
88,976,8,16,0.9995,0.9997438524590164
89,976,8,16,0.9995,0.9997438524590164
90,976,8,16,0.9995,0.9997438524590164
91,975,9,16,0.9995,0.9997435897435898
92,975,9,16,0.9995,0.9997435897435898
93,975,9,16,0.9995,0.9997435897435898
94,975,8,17,1.0,1.0
95,975,8,17,1.0,1.0
96,975,7,18,1.0,1.0
97,975,7,18,1.0,1.0
98,975,7,18,1.0,1.0
99,975,6,19,1.0,1.0
100,975,6,19,1.0,1.0
101,975,6,19,1.0,1.0
102,975,6,19,1.0,1.0
103,975,5,20,1.0,1.0
104,974,6,20,0.9995,0.9997433264887063
105,974,5,21,0.9995,0.9997433264887063
106,974,5,21,0.9995,0.9997433264887063
107,974,5,21,0.9995,0.9997433264887063
108,974,5,21,0.9995,0.9997433264887063
109,974,4,22,0.9995,0.9997433264887063
110,974,4,22,0.9995,0.9997433264887063
111,974,4,22,0.9995,0.9997433264887063
112,974,4,22,0.9995,0.9997433264887063
113,974,3,23,1.0,1.0
114,973,3,24,1.0,1.0
115,973,3,24,1.0,1.0
116,973,3,24,1.0,1.0
117,973,3,24,1.0,1.0
118,973,3,24,1.0,1.0
119,973,2,25,1.0,1.0
120,973,2,25,1.0,1.0
121,973,2,25,1.0,1.0
122,973,2,25,1.0,1.0
123,973,2,25,1.0,1.0
124,973,2,25,1.0,1.0
125,973,2,25,1.0,1.0
126,973,2,25,1.0,1.0
127,973,2,25,1.0,1.0
128,973,2,25,1.0,1.0
129,973,2,25,1.0,1.0
130,973,2,25,1.0,1.0
131,973,2,25,1.0,1.0
132,973,1,26,1.0,1.0
133,973,1,26,1.0,1.0
134,973,1,26,1.0,1.0
135,973,1,26,1.0,1.0
136,973,1,26,1.0,1.0
137,973,1,26,1.0,1.0
138,973,1,26,1.0,1.0
139,973,1,26,1.0,1.0
140,973,1,26,1.0,1.0
141,973,1,26,1.0,1.0
142,973,1,26,1.0,1.0
143,973,1,26,1.0,1.0
144,972,1,27,1.0,1.0
145,972,1,27,1.0,1.0
146,972,1,27,1.0,1.0
147,972,1,27,1.0,1.0
148,972,1,27,1.0,1.0
149,972,1,27,1.0,1.0
150,972,1,27,1.0,1.0
151,972,1,27,1.0,1.0
152,972,1,27,1.0,1.0
153,972,1,27,1.0,1.0
154,972,1,27,1.0,1.0
155,972,1,27,1.0,1.0
156,972,1,27,1.0,1.0
157,972,1,27,1.0,1.0
158,972,1,27,1.0,1.0
159,972,1,27,1.0,1.0
160,972,1,27,1.0,1.0
161,972,1,27,1.0,1.0
162,972,1,27,1.0,1.0
163,972,1,27,1.0,1.0
164,972,1,27,1.0,1.0
165,972,1,27,1.0,1.0
166,972,1,27,1.0,1.0
167,972,1,27,1.0,1.0
168,972,1,27,1.0,1.0
169,972,1,27,1.0,1.0
170,972,1,27,1.0,1.0
171,972,1,27,1.0,1.0
172,972,1,27,1.0,1.0
173,972,0,28,1.0,1.0
174,972,0,28,1.0,1.0
175,972,0,28,1.0,1.0
176,972,0,28,1.0,1.0
177,972,0,28,1.0,1.0
178,972,0,28,1.0,1.0
179,972,0,28,1.0,1.0
180,972,0,28,1.0,1.0
181,972,0,28,1.0,1.0
182,972,0,28,1.0,1.0
183,972,0,28,1.0,1.0
184,972,0,28,1.0,1.0
185,972,0,28,1.0,1.0
186,972,0,28,1.0,1.0
187,972,0,28,1.0,1.0
188,972,0,28,1.0,1.0
189,972,0,28,1.0,1.0
190,972,0,28,1.0,1.0
191,972,0,28,1.0,1.0
192,972,0,28,1.0,1.0
193,972,0,28,1.0,1.0
194,972,0,28,1.0,1.0
195,972,0,28,1.0,1.0
196,972,0,28,1.0,1.0
197,972,0,28,1.0,1.0
198,972,0,28,1.0,1.0
199,972,0,28,1.0,1.0
200,972,0,28,1.0,1.0
1,999,1,0,1.0,1.0
2,999,1,0,1.0,1.0
3,999,1,0,1.0,1.0
4,999,1,0,1.0,1.0
5,999,1,0,1.0,1.0
6,999,1,0,1.0,1.0
7,999,1,0,1.0,1.0
8,999,1,0,1.0,1.0
9,998,2,0,0.999,0.999498997995992
10,998,2,0,0.999,0.999498997995992
11,998,2,0,0.999,0.999498997995992
12,998,2,0,0.999,0.999498997995992
13,997,3,0,0.999,0.9994984954864594
14,996,3,1,0.999,0.9994979919678715
15,996,3,1,0.999,0.9994979919678715
16,996,3,1,0.999,0.9994979919678715
17,996,3,1,0.999,0.9994979919678715
18,996,3,1,0.999,0.9994979919678715
19,995,4,1,0.999,0.9994974874371859
20,994,5,1,1.0,1.0
21,994,5,1,1.0,1.0
22,994,5,1,1.0,1.0
23,994,5,1,1.0,1.0
24,993,6,1,0.9995,0.9997482376636455
25,993,5,2,1.0,1.0
26,993,5,2,1.0,1.0
27,993,5,2,1.0,1.0
28,993,5,2,1.0,1.0
29,993,4,3,1.0,1.0
30,993,4,3,1.0,1.0
31,993,4,3,1.0,1.0
32,993,4,3,1.0,1.0
33,993,4,3,1.0,1.0
34,993,4,3,1.0,1.0
35,993,4,3,1.0,1.0
36,993,3,4,1.0,1.0
37,993,3,4,1.0,1.0
38,993,3,4,1.0,1.0
39,993,3,4,1.0,1.0
40,993,3,4,1.0,1.0
41,992,4,4,0.999,0.9994959677419355
42,992,4,4,0.999,0.9994959677419355
43,992,4,4,0.999,0.9994959677419355
44,992,4,4,0.999,0.9994959677419355
45,992,4,4,0.999,0.9994959677419355
46,992,4,4,0.999,0.9994959677419355
47,991,5,4,0.999,0.9994954591321897
48,991,5,4,0.999,0.9994954591321897
49,991,4,5,0.9995,0.9997477295660948
50,991,4,5,0.9995,0.9997477295660948
51,990,4,6,0.9995,0.9997474747474747
52,989,5,6,0.9995,0.999747219413549
53,989,5,6,0.9995,0.999747219413549
54,989,5,6,0.9995,0.999747219413549
55,988,6,6,0.9995,0.999746963562753
56,986,8,6,0.9985,0.999290060851927
57,986,7,7,0.999,0.9994929006085193
58,985,7,8,0.999,0.999492385786802
59,985,7,8,0.999,0.999492385786802
60,985,7,8,0.999,0.999492385786802
61,984,7,9,0.9995,0.9997459349593496
62,984,7,9,0.9995,0.9997459349593496
63,984,7,9,0.9995,0.9997459349593496
64,984,7,9,0.9995,0.9997459349593496
65,984,7,9,0.9995,0.9997459349593496
66,984,7,9,0.9995,0.9997459349593496
67,984,7,9,0.9995,0.9997459349593496
68,983,7,10,0.9995,0.9997456765005086
69,982,7,11,1.0,1.0
70,981,8,11,0.9995,0.9997451580020388
71,981,8,11,0.9995,0.9997451580020388
72,980,9,11,0.999,0.9995408163265306
73,978,10,12,0.998,0.9989775051124744
74,978,10,12,0.998,0.9989775051124744
75,978,10,12,0.998,0.9989775051124744
76,978,9,13,0.998,0.9989775051124744
77,976,11,13,0.999,0.9994877049180327
78,976,11,13,0.999,0.9994877049180327
79,975,12,13,0.999,0.9994871794871795
80,974,13,13,0.999,0.9994010951403149
81,974,13,13,0.999,0.9994010951403149
82,974,13,13,0.999,0.9994010951403149
83,973,14,13,0.999,0.9994004796163071
84,972,15,13,0.999,0.9993998628257889
85,971,16,13,0.999,0.9993992447648473
86,971,14,15,0.999,0.9993992447648473
87,970,14,16,0.9995,0.9997422680412371
88,970,12,18,0.9995,0.9997422680412371
89,969,12,19,0.999,0.999484004127967
90,969,12,19,0.999,0.999484004127967
91,968,13,19,0.9985,0.9992252066115702
92,968,13,19,0.9985,0.9992252066115702
93,966,14,20,0.9975,0.9987060041407867
94,966,14,20,0.9975,0.9987060041407867
95,966,11,23,0.999,0.9994824016563147
96,966,11,23,0.999,0.9994824016563147
97,965,12,23,0.999,0.9995336787564766
98,965,12,23,0.999,0.9995336787564766
99,964,13,23,0.999,0.9995331950207469
100,964,13,23,0.999,0.9995331950207469
101,962,14,24,0.999,0.9995322245322245
102,962,14,24,0.999,0.9995322245322245
103,962,14,24,0.999,0.9995322245322245
104,961,15,24,0.9985,0.9993236212278876
105,960,16,24,0.998,0.9990625000000001
106,959,16,25,0.998,0.9990615224191867
107,959,14,27,0.999,0.9994786235662148
108,959,14,27,0.999,0.9994786235662148
109,959,14,27,0.999,0.9994786235662148
110,958,15,27,0.999,0.9994780793319415
111,958,14,28,0.9995,0.9997390396659708
112,958,13,29,0.9995,0.9997390396659708
113,958,12,30,0.9995,0.9997390396659708
114,958,12,30,0.9995,0.9997390396659708
115,955,14,31,0.999,0.9994764397905759
116,954,15,31,0.9985,0.9992138364779874
117,953,16,31,0.998,0.9989506820566632
118,953,15,32,0.998,0.9989506820566632
119,953,14,33,0.9985,0.9992130115424974
120,953,12,35,0.9985,0.9992130115424974
121,951,14,35,0.9985,0.999211356466877
122,950,14,36,0.9985,0.9992105263157894
123,950,14,36,0.9985,0.9992105263157894
124,948,14,38,0.998,0.9989451476793249
125,948,14,38,0.998,0.9989451476793249
126,948,14,38,0.998,0.9989451476793249
127,948,11,41,0.9985,0.9992088607594937
128,948,11,41,0.9985,0.9992088607594937
129,948,11,41,0.9985,0.9992088607594937
130,947,11,42,0.998,0.9989440337909187
131,946,11,43,0.998,0.9989429175475687
132,946,10,44,0.998,0.9989429175475687
133,946,9,45,0.9985,0.9992071881606766
134,945,9,46,0.998,0.9989417989417989
135,944,10,46,0.998,0.9988524011299436
136,944,10,46,0.998,0.9988524011299436
137,944,10,46,0.998,0.9988524011299436
138,944,10,46,0.998,0.9988524011299436
139,944,9,47,0.9985,0.9992055084745762
140,944,8,48,0.9985,0.9992055084745762
141,944,8,48,0.9985,0.9992055084745762
142,944,8,48,0.9985,0.9992055084745762
143,944,8,48,0.9985,0.9992055084745762
144,944,8,48,0.9985,0.9992055084745762
145,944,8,48,0.9985,0.9992055084745762
146,944,8,48,0.9985,0.9992055084745762
147,944,8,48,0.9985,0.9992055084745762
148,944,8,48,0.9985,0.9992055084745762
149,943,9,48,0.9975,0.9986744432661718
150,943,8,49,0.998,0.9989395546129375
151,942,9,49,0.998,0.9989384288747346
152,942,9,49,0.998,0.9989384288747346
153,941,9,50,0.9985,0.9992561105207226
154,940,10,50,0.999,0.9995212765957446
155,939,11,50,0.9995,0.999787007454739
156,939,11,50,0.9995,0.999787007454739
157,939,11,50,0.9995,0.999787007454739
158,939,11,50,0.9995,0.999787007454739
159,939,11,50,0.9995,0.999787007454739
160,938,12,50,0.9995,0.9997867803837953
161,938,11,51,0.9995,0.9997867803837953
162,938,11,51,0.9995,0.9997867803837953
163,938,11,51,0.9995,0.9997867803837953
164,938,9,53,0.9995,0.9997867803837953
165,937,9,54,1.0,1.0
166,936,9,55,1.0,1.0
167,936,9,55,1.0,1.0
168,936,9,55,1.0,1.0
169,936,9,55,1.0,1.0
170,936,9,55,1.0,1.0
171,936,8,56,1.0,1.0
172,935,9,56,0.9995,0.9997326203208556
173,935,9,56,0.9995,0.9997326203208556
174,934,9,57,0.999,0.9994646680942184
175,934,9,57,0.999,0.9994646680942184
176,934,9,57,0.999,0.9994646680942184
177,934,9,57,0.999,0.9994646680942184
178,934,9,57,0.999,0.9994646680942184
179,933,10,57,0.9995,0.9997320471596999
180,933,10,57,0.9995,0.9997320471596999
181,933,10,57,0.9995,0.9997320471596999
182,933,10,57,0.9995,0.9997320471596999
183,933,10,57,0.9995,0.9997320471596999
184,933,8,59,1.0,1.0
185,933,8,59,1.0,1.0
186,933,7,60,1.0,1.0
187,933,5,62,1.0,1.0
188,933,5,62,1.0,1.0
189,933,4,63,1.0,1.0
190,933,4,63,1.0,1.0
191,933,4,63,1.0,1.0
192,933,4,63,1.0,1.0
193,933,4,63,1.0,1.0
194,933,4,63,1.0,1.0
195,933,3,64,1.0,1.0
196,933,3,64,1.0,1.0
197,933,3,64,1.0,1.0
198,933,2,65,1.0,1.0
199,933,2,65,1.0,1.0
200,933,2,65,1.0,1.0
1,999,1,0,1.0,1.0
2,999,1,0,1.0,1.0
3,999,1,0,1.0,1.0
4,999,1,0,1.0,1.0
5,998,2,0,0.9995,0.999749498997996
6,998,2,0,0.9995,0.999749498997996
7,998,2,0,0.9995,0.999749498997996
8,998,2,0,0.9995,0.999749498997996
9,997,3,0,0.999,0.9994984954864594
10,997,3,0,0.999,0.9994984954864594
11,997,3,0,0.999,0.9994984954864594
12,997,3,0,0.999,0.9994984954864594
13,997,3,0,0.999,0.9994984954864594
14,997,3,0,0.999,0.9994984954864594
15,996,4,0,0.999,0.9994979919678715
16,996,3,1,0.9995,0.9997489959839357
17,996,3,1,0.9995,0.9997489959839357
18,996,3,1,0.9995,0.9997489959839357
19,995,4,1,0.9995,0.999748743718593
20,995,4,1,0.9995,0.999748743718593
21,995,4,1,0.9995,0.999748743718593
22,994,5,1,0.999,0.9994969818913481
23,994,4,2,0.999,0.9994969818913481
24,993,5,2,0.9995,0.9996643168848608
25,992,6,2,0.9995,0.9996639784946237
26,992,6,2,0.9995,0.9996639784946237
27,992,6,2,0.9995,0.9996639784946237
28,991,7,2,0.9985,0.9990750084090145
29,991,7,2,0.9985,0.9990750084090145
30,991,6,3,0.9985,0.9990750084090145
31,991,6,3,0.9985,0.9990750084090145
32,990,6,4,0.9985,0.999074074074074
33,990,5,5,0.9985,0.999074074074074
34,989,6,5,0.9985,0.9990731378496798
35,989,6,5,0.9985,0.9990731378496798
36,989,6,5,0.9985,0.9990731378496798
37,989,6,5,0.9985,0.9990731378496798
38,989,5,6,0.9985,0.9990731378496798
39,989,5,6,0.9985,0.9990731378496798
40,988,5,7,0.9985,0.9991565452091768
41,988,5,7,0.9985,0.9991565452091768
42,988,5,7,0.9985,0.9991565452091768
43,988,5,7,0.9985,0.9991565452091768
44,988,4,8,0.999,0.9994095816464238
45,988,3,9,0.9995,0.999746963562753
46,988,2,10,1.0,1.0
47,988,2,10,1.0,1.0
48,988,2,10,1.0,1.0
49,988,2,10,1.0,1.0
50,988,2,10,1.0,1.0
51,988,2,10,1.0,1.0
52,988,2,10,1.0,1.0
53,988,2,10,1.0,1.0
54,988,2,10,1.0,1.0
55,988,2,10,1.0,1.0
56,988,2,10,1.0,1.0
57,988,2,10,1.0,1.0
58,987,3,10,1.0,1.0
59,987,3,10,1.0,1.0
60,987,3,10,1.0,1.0
61,986,4,10,1.0,1.0
62,986,4,10,1.0,1.0
63,986,4,10,1.0,1.0
64,986,4,10,1.0,1.0
65,986,4,10,1.0,1.0
66,985,4,11,1.0,1.0
67,985,3,12,1.0,1.0
68,985,3,12,1.0,1.0
69,984,4,12,0.9995,0.9997459349593496
70,983,5,12,0.999,0.9994913530010173
71,983,5,12,0.999,0.9994913530010173
72,983,5,12,0.999,0.9994913530010173
73,983,5,12,0.999,0.9994913530010173
74,983,5,12,0.999,0.9994913530010173
75,983,5,12,0.999,0.9994913530010173
76,983,5,12,0.999,0.9994913530010173
77,983,5,12,0.999,0.9994913530010173
78,983,5,12,0.999,0.9994913530010173
79,983,5,12,0.999,0.9994913530010173
80,983,5,12,0.999,0.9994913530010173
81,983,5,12,0.999,0.9994913530010173
82,983,5,12,0.999,0.9994913530010173
83,983,5,12,0.999,0.9994913530010173
84,983,5,12,0.999,0.9994913530010173
85,983,5,12,0.999,0.9994913530010173
86,983,5,12,0.999,0.9994913530010173
87,983,5,12,0.999,0.9994913530010173
88,983,5,12,0.999,0.9994913530010173
89,982,6,12,0.9995,0.9997454175152749
90,982,6,12,0.9995,0.9997454175152749
91,981,7,12,0.9995,0.9997451580020388
92,981,6,13,0.9995,0.9997451580020388
93,981,6,13,0.9995,0.9997451580020388
94,981,6,13,0.9995,0.9997451580020388
95,981,6,13,0.9995,0.9997451580020388
96,981,4,15,1.0,1.0
97,981,4,15,1.0,1.0
98,981,4,15,1.0,1.0
99,981,4,15,1.0,1.0
100,981,4,15,1.0,1.0
101,981,4,15,1.0,1.0
102,981,4,15,1.0,1.0
103,981,4,15,1.0,1.0
104,981,4,15,1.0,1.0
105,981,4,15,1.0,1.0
106,981,4,15,1.0,1.0
107,981,4,15,1.0,1.0
108,981,4,15,1.0,1.0
109,981,4,15,1.0,1.0
110,980,5,15,1.0,1.0
111,980,4,16,1.0,1.0
112,980,4,16,1.0,1.0
113,980,4,16,1.0,1.0
114,980,4,16,1.0,1.0
115,980,4,16,1.0,1.0
116,980,4,16,1.0,1.0
117,980,4,16,1.0,1.0
118,980,4,16,1.0,1.0
119,980,4,16,1.0,1.0
120,980,4,16,1.0,1.0
121,980,4,16,1.0,1.0
122,980,4,16,1.0,1.0
123,980,4,16,1.0,1.0
124,980,4,16,1.0,1.0
125,980,4,16,1.0,1.0
126,980,4,16,1.0,1.0
127,980,4,16,1.0,1.0
128,980,4,16,1.0,1.0
129,980,4,16,1.0,1.0
130,980,4,16,1.0,1.0
131,980,4,16,1.0,1.0
132,980,4,16,1.0,1.0
133,980,4,16,1.0,1.0
134,979,5,16,0.9995,0.9997446373850868
135,979,4,17,1.0,1.0
136,979,4,17,1.0,1.0
137,979,3,18,1.0,1.0
138,979,3,18,1.0,1.0
139,979,3,18,1.0,1.0
140,979,2,19,1.0,1.0
141,979,2,19,1.0,1.0
142,979,2,19,1.0,1.0
143,979,2,19,1.0,1.0
144,979,2,19,1.0,1.0
145,979,2,19,1.0,1.0
146,979,2,19,1.0,1.0
147,979,2,19,1.0,1.0
148,979,2,19,1.0,1.0
149,979,2,19,1.0,1.0
150,979,2,19,1.0,1.0
151,979,2,19,1.0,1.0
152,979,2,19,1.0,1.0
153,979,2,19,1.0,1.0
154,979,2,19,1.0,1.0
155,979,2,19,1.0,1.0
156,979,2,19,1.0,1.0
157,979,2,19,1.0,1.0
158,979,1,20,1.0,1.0
159,979,1,20,1.0,1.0
160,979,1,20,1.0,1.0
161,979,1,20,1.0,1.0
162,979,1,20,1.0,1.0
163,979,1,20,1.0,1.0
164,979,1,20,1.0,1.0
165,979,1,20,1.0,1.0
166,979,1,20,1.0,1.0
167,979,1,20,1.0,1.0
168,979,1,20,1.0,1.0
169,979,1,20,1.0,1.0
170,979,1,20,1.0,1.0
171,979,1,20,1.0,1.0
172,979,1,20,1.0,1.0
173,979,1,20,1.0,1.0
174,979,1,20,1.0,1.0
175,979,1,20,1.0,1.0
176,979,1,20,1.0,1.0
177,979,1,20,1.0,1.0
178,979,1,20,1.0,1.0
179,979,1,20,1.0,1.0
180,979,1,20,1.0,1.0
181,979,1,20,1.0,1.0
182,979,1,20,1.0,1.0
183,979,0,21,1.0,1.0
184,979,0,21,1.0,1.0
185,979,0,21,1.0,1.0
186,979,0,21,1.0,1.0
187,979,0,21,1.0,1.0
188,979,0,21,1.0,1.0
189,979,0,21,1.0,1.0
190,979,0,21,1.0,1.0
191,979,0,21,1.0,1.0
192,979,0,21,1.0,1.0
193,979,0,21,1.0,1.0
194,979,0,21,1.0,1.0
195,979,0,21,1.0,1.0
196,979,0,21,1.0,1.0
197,979,0,21,1.0,1.0
198,979,0,21,1.0,1.0
199,979,0,21,1.0,1.0
200,979,0,21,1.0,1.0
1,999,1,0,1.0,1.0
2,999,1,0,1.0,1.0
3,998,2,0,0.999,0.999498997995992
4,997,3,0,0.9985,0.9992477432296891
5,997,3,0,0.9985,0.9992477432296891
6,997,3,0,0.9985,0.9992477432296891
7,997,3,0,0.9985,0.9992477432296891
8,997,2,1,0.999,0.9994984954864594
9,997,2,1,0.999,0.9994984954864594
10,997,1,2,1.0,1.0
11,997,1,2,1.0,1.0
12,997,1,2,1.0,1.0
13,997,1,2,1.0,1.0
14,997,1,2,1.0,1.0
15,997,1,2,1.0,1.0
16,997,1,2,1.0,1.0
17,997,0,3,1.0,1.0
18,997,0,3,1.0,1.0
19,997,0,3,1.0,1.0
20,997,0,3,1.0,1.0
21,997,0,3,1.0,1.0
22,997,0,3,1.0,1.0
23,997,0,3,1.0,1.0
24,997,0,3,1.0,1.0
25,997,0,3,1.0,1.0
26,997,0,3,1.0,1.0
27,997,0,3,1.0,1.0
28,997,0,3,1.0,1.0
29,997,0,3,1.0,1.0
30,997,0,3,1.0,1.0
31,997,0,3,1.0,1.0
32,997,0,3,1.0,1.0
33,997,0,3,1.0,1.0
34,997,0,3,1.0,1.0
35,997,0,3,1.0,1.0
36,997,0,3,1.0,1.0
37,997,0,3,1.0,1.0
38,997,0,3,1.0,1.0
39,997,0,3,1.0,1.0
40,997,0,3,1.0,1.0
41,997,0,3,1.0,1.0
42,997,0,3,1.0,1.0
43,997,0,3,1.0,1.0
44,997,0,3,1.0,1.0
45,997,0,3,1.0,1.0
46,997,0,3,1.0,1.0
47,997,0,3,1.0,1.0
48,997,0,3,1.0,1.0
49,997,0,3,1.0,1.0
50,997,0,3,1.0,1.0
51,997,0,3,1.0,1.0
52,997,0,3,1.0,1.0
53,997,0,3,1.0,1.0
54,997,0,3,1.0,1.0
55,997,0,3,1.0,1.0
56,997,0,3,1.0,1.0
57,997,0,3,1.0,1.0
58,997,0,3,1.0,1.0
59,997,0,3,1.0,1.0
60,997,0,3,1.0,1.0
61,997,0,3,1.0,1.0
62,997,0,3,1.0,1.0
63,997,0,3,1.0,1.0
64,997,0,3,1.0,1.0
65,997,0,3,1.0,1.0
66,997,0,3,1.0,1.0
67,997,0,3,1.0,1.0
68,997,0,3,1.0,1.0
69,997,0,3,1.0,1.0
70,997,0,3,1.0,1.0
71,997,0,3,1.0,1.0
72,997,0,3,1.0,1.0
73,997,0,3,1.0,1.0
74,997,0,3,1.0,1.0
75,997,0,3,1.0,1.0
76,997,0,3,1.0,1.0
77,997,0,3,1.0,1.0
78,997,0,3,1.0,1.0
79,997,0,3,1.0,1.0
80,997,0,3,1.0,1.0
81,997,0,3,1.0,1.0
82,997,0,3,1.0,1.0
83,997,0,3,1.0,1.0
84,997,0,3,1.0,1.0
85,997,0,3,1.0,1.0
86,997,0,3,1.0,1.0
87,997,0,3,1.0,1.0
88,997,0,3,1.0,1.0
89,997,0,3,1.0,1.0
90,997,0,3,1.0,1.0
91,997,0,3,1.0,1.0
92,997,0,3,1.0,1.0
93,997,0,3,1.0,1.0
94,997,0,3,1.0,1.0
95,997,0,3,1.0,1.0
96,997,0,3,1.0,1.0
97,997,0,3,1.0,1.0
98,997,0,3,1.0,1.0
99,997,0,3,1.0,1.0
100,997,0,3,1.0,1.0
101,997,0,3,1.0,1.0
102,997,0,3,1.0,1.0
103,997,0,3,1.0,1.0
104,997,0,3,1.0,1.0
105,997,0,3,1.0,1.0
106,997,0,3,1.0,1.0
107,997,0,3,1.0,1.0
108,997,0,3,1.0,1.0
109,997,0,3,1.0,1.0
110,997,0,3,1.0,1.0
111,997,0,3,1.0,1.0
112,997,0,3,1.0,1.0
113,997,0,3,1.0,1.0
114,997,0,3,1.0,1.0
115,997,0,3,1.0,1.0
116,997,0,3,1.0,1.0
117,997,0,3,1.0,1.0
118,997,0,3,1.0,1.0
119,997,0,3,1.0,1.0
120,997,0,3,1.0,1.0
121,997,0,3,1.0,1.0
122,997,0,3,1.0,1.0
123,997,0,3,1.0,1.0
124,997,0,3,1.0,1.0
125,997,0,3,1.0,1.0
126,997,0,3,1.0,1.0
127,997,0,3,1.0,1.0
128,997,0,3,1.0,1.0
129,997,0,3,1.0,1.0
130,997,0,3,1.0,1.0
131,997,0,3,1.0,1.0
132,997,0,3,1.0,1.0
133,997,0,3,1.0,1.0
134,997,0,3,1.0,1.0
135,997,0,3,1.0,1.0
136,997,0,3,1.0,1.0
137,997,0,3,1.0,1.0
138,997,0,3,1.0,1.0
139,997,0,3,1.0,1.0
140,997,0,3,1.0,1.0
141,997,0,3,1.0,1.0
142,997,0,3,1.0,1.0
143,997,0,3,1.0,1.0
144,997,0,3,1.0,1.0
145,997,0,3,1.0,1.0
146,997,0,3,1.0,1.0
147,997,0,3,1.0,1.0
148,997,0,3,1.0,1.0
149,997,0,3,1.0,1.0
150,997,0,3,1.0,1.0
151,997,0,3,1.0,1.0
152,997,0,3,1.0,1.0
153,997,0,3,1.0,1.0
154,997,0,3,1.0,1.0
155,997,0,3,1.0,1.0
156,997,0,3,1.0,1.0
157,997,0,3,1.0,1.0
158,997,0,3,1.0,1.0
159,997,0,3,1.0,1.0
160,997,0,3,1.0,1.0
161,997,0,3,1.0,1.0
162,997,0,3,1.0,1.0
163,997,0,3,1.0,1.0
164,997,0,3,1.0,1.0
165,997,0,3,1.0,1.0
166,997,0,3,1.0,1.0
167,997,0,3,1.0,1.0
168,997,0,3,1.0,1.0
169,997,0,3,1.0,1.0
170,997,0,3,1.0,1.0
171,997,0,3,1.0,1.0
172,997,0,3,1.0,1.0
173,997,0,3,1.0,1.0
174,997,0,3,1.0,1.0
175,997,0,3,1.0,1.0
176,997,0,3,1.0,1.0
177,997,0,3,1.0,1.0
178,997,0,3,1.0,1.0
179,997,0,3,1.0,1.0
180,997,0,3,1.0,1.0
181,997,0,3,1.0,1.0
182,997,0,3,1.0,1.0
183,997,0,3,1.0,1.0
184,997,0,3,1.0,1.0
185,997,0,3,1.0,1.0
186,997,0,3,1.0,1.0
187,997,0,3,1.0,1.0
188,997,0,3,1.0,1.0
189,997,0,3,1.0,1.0
190,997,0,3,1.0,1.0
191,997,0,3,1.0,1.0
192,997,0,3,1.0,1.0
193,997,0,3,1.0,1.0
194,997,0,3,1.0,1.0
195,997,0,3,1.0,1.0
196,997,0,3,1.0,1.0
197,997,0,3,1.0,1.0
198,997,0,3,1.0,1.0
199,997,0,3,1.0,1.0
200,997,0,3,1.0,1.0
1,999,1,0,1.0,1.0
2,998,2,0,0.9995,0.999749498997996
3,998,2,0,0.9995,0.999749498997996
4,998,2,0,0.9995,0.999749498997996
5,998,2,0,0.9995,0.999749498997996
6,997,3,0,0.9985,0.9992477432296891
7,997,3,0,0.9985,0.9992477432296891
8,997,3,0,0.9985,0.9992477432296891
9,996,4,0,0.998,0.998995983935743
10,996,3,1,0.9985,0.9992469879518072
11,996,3,1,0.9985,0.9992469879518072
12,996,3,1,0.9985,0.9992469879518072
13,996,3,1,0.9985,0.9992469879518072
14,996,2,2,0.999,0.9994979919678715
15,996,2,2,0.999,0.9994979919678715
16,996,2,2,0.999,0.9994979919678715
17,995,3,2,0.999,0.9994974874371859
18,995,3,2,0.999,0.9994974874371859
19,995,3,2,0.999,0.9994974874371859
20,995,3,2,0.999,0.9994974874371859
21,994,4,2,0.999,0.9994969818913481
22,993,5,2,0.998,0.998992950654582
23,993,5,2,0.998,0.998992950654582
24,993,5,2,0.998,0.998992950654582
25,993,5,2,0.998,0.998992950654582
26,993,5,2,0.998,0.998992950654582
27,992,6,2,0.9975,0.9987399193548387
28,992,6,2,0.9975,0.9987399193548387
29,991,6,3,0.9985,0.9992431886982845
30,991,6,3,0.9985,0.9992431886982845
31,991,6,3,0.9985,0.9992431886982845
32,991,6,3,0.9985,0.9992431886982845
33,990,7,3,0.9985,0.9992424242424243
34,989,8,3,0.999,0.9994944388270981
35,989,7,4,0.999,0.9994944388270981
36,988,8,4,0.9985,0.9992408906882592
37,987,9,4,0.9985,0.9992401215805471
38,986,10,4,0.9995,0.9997464503042597
39,986,10,4,0.9995,0.9997464503042597
40,986,9,5,0.9995,0.9997464503042597
41,986,9,5,0.9995,0.9997464503042597
42,986,7,7,0.9995,0.9997464503042597
43,986,7,7,0.9995,0.9997464503042597
44,986,7,7,0.9995,0.9997464503042597
45,986,7,7,0.9995,0.9997464503042597
46,986,7,7,0.9995,0.9997464503042597
47,986,7,7,0.9995,0.9997464503042597
48,986,7,7,0.9995,0.9997464503042597
49,986,7,7,0.9995,0.9997464503042597
50,986,7,7,0.9995,0.9997464503042597
51,986,7,7,0.9995,0.9997464503042597
52,986,6,8,0.9995,0.9997464503042597
53,985,7,8,0.999,0.999492385786802
54,984,7,9,0.9985,0.9992378048780488
55,983,8,9,0.9995,0.9997456765005086
56,983,8,9,0.9995,0.9997456765005086
57,983,8,9,0.9995,0.9997456765005086
58,983,8,9,0.9995,0.9997456765005086
59,983,8,9,0.9995,0.9997456765005086
60,983,8,9,0.9995,0.9997456765005086
61,983,8,9,0.9995,0.9997456765005086
62,982,7,11,1.0,1.0
63,982,7,11,1.0,1.0
64,982,7,11,1.0,1.0
65,982,7,11,1.0,1.0
66,982,7,11,1.0,1.0
67,982,6,12,1.0,1.0
68,982,6,12,1.0,1.0
69,982,6,12,1.0,1.0
70,982,6,12,1.0,1.0
71,982,6,12,1.0,1.0
72,982,6,12,1.0,1.0
73,982,6,12,1.0,1.0
74,982,6,12,1.0,1.0
75,982,6,12,1.0,1.0
76,982,6,12,1.0,1.0
77,982,6,12,1.0,1.0
78,982,6,12,1.0,1.0
79,982,6,12,1.0,1.0
80,982,6,12,1.0,1.0
81,982,5,13,1.0,1.0
82,982,5,13,1.0,1.0
83,982,4,14,1.0,1.0
84,982,4,14,1.0,1.0
85,982,4,14,1.0,1.0
86,982,3,15,1.0,1.0
87,982,3,15,1.0,1.0
88,982,3,15,1.0,1.0
89,982,3,15,1.0,1.0
90,982,3,15,1.0,1.0
91,982,3,15,1.0,1.0
92,982,3,15,1.0,1.0
93,982,3,15,1.0,1.0
94,982,3,15,1.0,1.0
95,982,2,16,1.0,1.0
96,982,2,16,1.0,1.0
97,982,2,16,1.0,1.0
98,981,3,16,1.0,1.0
99,981,3,16,1.0,1.0
100,981,3,16,1.0,1.0
101,981,3,16,1.0,1.0
102,981,3,16,1.0,1.0
103,981,3,16,1.0,1.0
104,981,3,16,1.0,1.0
105,981,3,16,1.0,1.0
106,981,3,16,1.0,1.0
107,981,3,16,1.0,1.0
108,980,4,16,0.9995,0.9996598639455783
109,980,4,16,0.9995,0.9996598639455783
110,980,4,16,0.9995,0.9996598639455783
111,979,5,16,0.9985,0.999063670411985
112,979,5,16,0.9985,0.999063670411985
113,979,5,16,0.9985,0.999063670411985
114,978,6,16,0.9985,0.9990627130197681
115,978,6,16,0.9985,0.9990627130197681
116,978,6,16,0.9985,0.9990627130197681
117,978,5,17,0.9985,0.9990627130197681
118,978,5,17,0.9985,0.9990627130197681
119,978,5,17,0.9985,0.9990627130197681
120,978,5,17,0.9985,0.9990627130197681
121,978,5,17,0.9985,0.9990627130197681
122,978,5,17,0.9985,0.9990627130197681
123,978,5,17,0.9985,0.9990627130197681
124,978,4,18,0.999,0.9993183367416495
125,978,4,18,0.999,0.9993183367416495
126,978,4,18,0.999,0.9993183367416495
127,978,4,18,0.999,0.9993183367416495
128,978,3,19,0.9995,0.9996591683708249
129,978,3,19,0.9995,0.9996591683708249
130,978,2,20,0.9995,0.9996591683708249
131,978,2,20,0.9995,0.9996591683708249
132,978,2,20,0.9995,0.9996591683708249
133,978,2,20,0.9995,0.9996591683708249
134,978,2,20,0.9995,0.9996591683708249
135,978,2,20,0.9995,0.9996591683708249
136,978,2,20,0.9995,0.9996591683708249
137,978,1,21,1.0,1.0
138,978,1,21,1.0,1.0
139,978,1,21,1.0,1.0
140,978,1,21,1.0,1.0
141,977,2,21,1.0,1.0
142,977,2,21,1.0,1.0
143,977,2,21,1.0,1.0
144,977,2,21,1.0,1.0
145,977,2,21,1.0,1.0
146,977,2,21,1.0,1.0
147,977,2,21,1.0,1.0
148,977,2,21,1.0,1.0
149,977,2,21,1.0,1.0
150,977,2,21,1.0,1.0
151,977,2,21,1.0,1.0
152,977,2,21,1.0,1.0
153,977,2,21,1.0,1.0
154,977,2,21,1.0,1.0
155,977,2,21,1.0,1.0
156,977,2,21,1.0,1.0
157,977,2,21,1.0,1.0
158,977,2,21,1.0,1.0
159,977,2,21,1.0,1.0
160,977,2,21,1.0,1.0
161,977,2,21,1.0,1.0
162,977,2,21,1.0,1.0
163,977,1,22,1.0,1.0
164,977,1,22,1.0,1.0
165,977,1,22,1.0,1.0
166,977,1,22,1.0,1.0
167,977,1,22,1.0,1.0
168,977,1,22,1.0,1.0
169,977,1,22,1.0,1.0
170,977,1,22,1.0,1.0
171,977,1,22,1.0,1.0
172,977,1,22,1.0,1.0
173,977,1,22,1.0,1.0
174,977,1,22,1.0,1.0
175,977,1,22,1.0,1.0
176,977,1,22,1.0,1.0
177,977,1,22,1.0,1.0
178,977,0,23,1.0,1.0
179,977,0,23,1.0,1.0
180,977,0,23,1.0,1.0
181,977,0,23,1.0,1.0
182,977,0,23,1.0,1.0
183,977,0,23,1.0,1.0
184,977,0,23,1.0,1.0
185,977,0,23,1.0,1.0
186,977,0,23,1.0,1.0
187,977,0,23,1.0,1.0
188,977,0,23,1.0,1.0
189,977,0,23,1.0,1.0
190,977,0,23,1.0,1.0
191,977,0,23,1.0,1.0
192,977,0,23,1.0,1.0
193,977,0,23,1.0,1.0
194,977,0,23,1.0,1.0
195,977,0,23,1.0,1.0
196,977,0,23,1.0,1.0
197,977,0,23,1.0,1.0
198,977,0,23,1.0,1.0
199,977,0,23,1.0,1.0
200,977,0,23,1.0,1.0
1,998,1,1,1.0,1.0
2,998,1,1,1.0,1.0
3,998,1,1,1.0,1.0
4,998,0,2,1.0,1.0
5,998,0,2,1.0,1.0
6,998,0,2,1.0,1.0
7,998,0,2,1.0,1.0
8,998,0,2,1.0,1.0
9,998,0,2,1.0,1.0
10,998,0,2,1.0,1.0
11,998,0,2,1.0,1.0
12,998,0,2,1.0,1.0
13,998,0,2,1.0,1.0
14,998,0,2,1.0,1.0
15,998,0,2,1.0,1.0
16,998,0,2,1.0,1.0
17,998,0,2,1.0,1.0
18,998,0,2,1.0,1.0
19,998,0,2,1.0,1.0
20,998,0,2,1.0,1.0
21,998,0,2,1.0,1.0
22,998,0,2,1.0,1.0
23,998,0,2,1.0,1.0
24,998,0,2,1.0,1.0
25,998,0,2,1.0,1.0
26,998,0,2,1.0,1.0
27,998,0,2,1.0,1.0
28,998,0,2,1.0,1.0
29,998,0,2,1.0,1.0
30,998,0,2,1.0,1.0
31,998,0,2,1.0,1.0
32,998,0,2,1.0,1.0
33,998,0,2,1.0,1.0
34,998,0,2,1.0,1.0
35,998,0,2,1.0,1.0
36,998,0,2,1.0,1.0
37,998,0,2,1.0,1.0
38,998,0,2,1.0,1.0
39,998,0,2,1.0,1.0
40,998,0,2,1.0,1.0
41,998,0,2,1.0,1.0
42,998,0,2,1.0,1.0
43,998,0,2,1.0,1.0
44,998,0,2,1.0,1.0
45,998,0,2,1.0,1.0
46,998,0,2,1.0,1.0
47,998,0,2,1.0,1.0
48,998,0,2,1.0,1.0
49,998,0,2,1.0,1.0
50,998,0,2,1.0,1.0
51,998,0,2,1.0,1.0
52,998,0,2,1.0,1.0
53,998,0,2,1.0,1.0
54,998,0,2,1.0,1.0
55,998,0,2,1.0,1.0
56,998,0,2,1.0,1.0
57,998,0,2,1.0,1.0
58,998,0,2,1.0,1.0
59,998,0,2,1.0,1.0
60,998,0,2,1.0,1.0
61,998,0,2,1.0,1.0
62,998,0,2,1.0,1.0
63,998,0,2,1.0,1.0
64,998,0,2,1.0,1.0
65,998,0,2,1.0,1.0
66,998,0,2,1.0,1.0
67,998,0,2,1.0,1.0
68,998,0,2,1.0,1.0
69,998,0,2,1.0,1.0
70,998,0,2,1.0,1.0
71,998,0,2,1.0,1.0
72,998,0,2,1.0,1.0
73,998,0,2,1.0,1.0
74,998,0,2,1.0,1.0
75,998,0,2,1.0,1.0
76,998,0,2,1.0,1.0
77,998,0,2,1.0,1.0
78,998,0,2,1.0,1.0
79,998,0,2,1.0,1.0
80,998,0,2,1.0,1.0
81,998,0,2,1.0,1.0
82,998,0,2,1.0,1.0
83,998,0,2,1.0,1.0
84,998,0,2,1.0,1.0
85,998,0,2,1.0,1.0
86,998,0,2,1.0,1.0
87,998,0,2,1.0,1.0
88,998,0,2,1.0,1.0
89,998,0,2,1.0,1.0
90,998,0,2,1.0,1.0
91,998,0,2,1.0,1.0
92,998,0,2,1.0,1.0
93,998,0,2,1.0,1.0
94,998,0,2,1.0,1.0
95,998,0,2,1.0,1.0
96,998,0,2,1.0,1.0
97,998,0,2,1.0,1.0
98,998,0,2,1.0,1.0
99,998,0,2,1.0,1.0
100,998,0,2,1.0,1.0
101,998,0,2,1.0,1.0
102,998,0,2,1.0,1.0
103,998,0,2,1.0,1.0
104,998,0,2,1.0,1.0
105,998,0,2,1.0,1.0
106,998,0,2,1.0,1.0
107,998,0,2,1.0,1.0
108,998,0,2,1.0,1.0
109,998,0,2,1.0,1.0
110,998,0,2,1.0,1.0
111,998,0,2,1.0,1.0
112,998,0,2,1.0,1.0
113,998,0,2,1.0,1.0
114,998,0,2,1.0,1.0
115,998,0,2,1.0,1.0
116,998,0,2,1.0,1.0
117,998,0,2,1.0,1.0
118,998,0,2,1.0,1.0
119,998,0,2,1.0,1.0
120,998,0,2,1.0,1.0
121,998,0,2,1.0,1.0
122,998,0,2,1.0,1.0
123,998,0,2,1.0,1.0
124,998,0,2,1.0,1.0
125,998,0,2,1.0,1.0
126,998,0,2,1.0,1.0
127,998,0,2,1.0,1.0
128,998,0,2,1.0,1.0
129,998,0,2,1.0,1.0
130,998,0,2,1.0,1.0
131,998,0,2,1.0,1.0
132,998,0,2,1.0,1.0
133,998,0,2,1.0,1.0
134,998,0,2,1.0,1.0
135,998,0,2,1.0,1.0
136,998,0,2,1.0,1.0
137,998,0,2,1.0,1.0
138,998,0,2,1.0,1.0
139,998,0,2,1.0,1.0
140,998,0,2,1.0,1.0
141,998,0,2,1.0,1.0
142,998,0,2,1.0,1.0
143,998,0,2,1.0,1.0
144,998,0,2,1.0,1.0
145,998,0,2,1.0,1.0
146,998,0,2,1.0,1.0
147,998,0,2,1.0,1.0
148,998,0,2,1.0,1.0
149,998,0,2,1.0,1.0
150,998,0,2,1.0,1.0
151,998,0,2,1.0,1.0
152,998,0,2,1.0,1.0
153,998,0,2,1.0,1.0
154,998,0,2,1.0,1.0
155,998,0,2,1.0,1.0
156,998,0,2,1.0,1.0
157,998,0,2,1.0,1.0
158,998,0,2,1.0,1.0
159,998,0,2,1.0,1.0
160,998,0,2,1.0,1.0
161,998,0,2,1.0,1.0
162,998,0,2,1.0,1.0
163,998,0,2,1.0,1.0
164,998,0,2,1.0,1.0
165,998,0,2,1.0,1.0
166,998,0,2,1.0,1.0
167,998,0,2,1.0,1.0
168,998,0,2,1.0,1.0
169,998,0,2,1.0,1.0
170,998,0,2,1.0,1.0
171,998,0,2,1.0,1.0
172,998,0,2,1.0,1.0
173,998,0,2,1.0,1.0
174,998,0,2,1.0,1.0
175,998,0,2,1.0,1.0
176,998,0,2,1.0,1.0
177,998,0,2,1.0,1.0
178,998,0,2,1.0,1.0
179,998,0,2,1.0,1.0
180,998,0,2,1.0,1.0
181,998,0,2,1.0,1.0
182,998,0,2,1.0,1.0
183,998,0,2,1.0,1.0
184,998,0,2,1.0,1.0
185,998,0,2,1.0,1.0
186,998,0,2,1.0,1.0
187,998,0,2,1.0,1.0
188,998,0,2,1.0,1.0
189,998,0,2,1.0,1.0
190,998,0,2,1.0,1.0
191,998,0,2,1.0,1.0
192,998,0,2,1.0,1.0
193,998,0,2,1.0,1.0
194,998,0,2,1.0,1.0
195,998,0,2,1.0,1.0
196,998,0,2,1.0,1.0
197,998,0,2,1.0,1.0
198,998,0,2,1.0,1.0
199,998,0,2,1.0,1.0
200,998,0,2,1.0,1.0
1,999,1,0,1.0,1.0
2,999,1,0,1.0,1.0
3,998,2,0,0.999,0.999498997995992
4,998,2,0,0.999,0.999498997995992
5,997,3,0,0.999,0.9994984954864594
6,997,3,0,0.999,0.9994984954864594
7,997,3,0,0.999,0.9994984954864594
8,997,3,0,0.999,0.9994984954864594
9,996,4,0,0.9985,0.9992469879518072
10,995,5,0,0.998,0.9989949748743718
11,995,4,1,0.999,0.9994974874371859
12,995,4,1,0.999,0.9994974874371859
13,995,4,1,0.999,0.9994974874371859
14,994,5,1,0.9985,0.9992454728370221
15,993,5,2,0.998,0.998992950654582
16,992,6,2,0.9975,0.9987399193548387
17,991,7,2,0.9975,0.9987386478304743
18,990,7,3,0.9975,0.9987373737373737
19,990,7,3,0.9975,0.9987373737373737
20,990,6,4,0.9985,0.9992424242424243
21,990,4,6,0.999,0.9994949494949495
22,988,6,6,0.999,0.9994939271255061
23,988,6,6,0.999,0.9994939271255061
24,988,6,6,0.999,0.9994939271255061
25,988,5,7,0.9995,0.999746963562753
26,988,5,7,0.9995,0.999746963562753
27,988,5,7,0.9995,0.999746963562753
28,987,6,7,0.9995,0.9997467071935157
29,987,6,7,0.9995,0.9997467071935157
30,987,6,7,0.9995,0.9997467071935157
31,987,6,7,0.9995,0.9997467071935157
32,987,6,7,0.9995,0.9997467071935157
33,987,6,7,0.9995,0.9997467071935157
34,986,7,7,0.999,0.9994929006085193
35,985,8,7,0.9985,0.9992893401015228
36,985,8,7,0.9985,0.9992893401015228
37,984,9,7,0.998,0.9989837398373984
38,983,9,8,0.999,0.9994913530010173
39,983,8,9,0.999,0.9994913530010173
40,983,6,11,0.9995,0.9997456765005086
41,982,6,12,1.0,1.0
42,982,5,13,1.0,1.0
43,982,5,13,1.0,1.0
44,982,5,13,1.0,1.0
45,982,5,13,1.0,1.0
46,982,5,13,1.0,1.0
47,982,5,13,1.0,1.0
48,982,5,13,1.0,1.0
49,982,5,13,1.0,1.0
50,982,5,13,1.0,1.0
51,982,3,15,1.0,1.0
52,982,2,16,1.0,1.0
53,982,2,16,1.0,1.0
54,982,1,17,1.0,1.0
55,982,1,17,1.0,1.0
56,982,1,17,1.0,1.0
57,982,1,17,1.0,1.0
58,982,1,17,1.0,1.0
59,982,1,17,1.0,1.0
60,982,1,17,1.0,1.0
61,982,1,17,1.0,1.0
62,982,1,17,1.0,1.0
63,982,1,17,1.0,1.0
64,982,1,17,1.0,1.0
65,982,1,17,1.0,1.0
66,982,1,17,1.0,1.0
67,982,0,18,1.0,1.0
68,982,0,18,1.0,1.0
69,982,0,18,1.0,1.0
70,982,0,18,1.0,1.0
71,982,0,18,1.0,1.0
72,982,0,18,1.0,1.0
73,982,0,18,1.0,1.0
74,982,0,18,1.0,1.0
75,982,0,18,1.0,1.0
76,982,0,18,1.0,1.0
77,982,0,18,1.0,1.0
78,982,0,18,1.0,1.0
79,982,0,18,1.0,1.0
80,982,0,18,1.0,1.0
81,982,0,18,1.0,1.0
82,982,0,18,1.0,1.0
83,982,0,18,1.0,1.0
84,982,0,18,1.0,1.0
85,982,0,18,1.0,1.0
86,982,0,18,1.0,1.0
87,982,0,18,1.0,1.0
88,982,0,18,1.0,1.0
89,982,0,18,1.0,1.0
90,982,0,18,1.0,1.0
91,982,0,18,1.0,1.0
92,982,0,18,1.0,1.0
93,982,0,18,1.0,1.0
94,982,0,18,1.0,1.0
95,982,0,18,1.0,1.0
96,982,0,18,1.0,1.0
97,982,0,18,1.0,1.0
98,982,0,18,1.0,1.0
99,982,0,18,1.0,1.0
100,982,0,18,1.0,1.0
101,982,0,18,1.0,1.0
102,982,0,18,1.0,1.0
103,982,0,18,1.0,1.0
104,982,0,18,1.0,1.0
105,982,0,18,1.0,1.0
106,982,0,18,1.0,1.0
107,982,0,18,1.0,1.0
108,982,0,18,1.0,1.0
109,982,0,18,1.0,1.0
110,982,0,18,1.0,1.0
111,982,0,18,1.0,1.0
112,982,0,18,1.0,1.0
113,982,0,18,1.0,1.0
114,982,0,18,1.0,1.0
115,982,0,18,1.0,1.0
116,982,0,18,1.0,1.0
117,982,0,18,1.0,1.0
118,982,0,18,1.0,1.0
119,982,0,18,1.0,1.0
120,982,0,18,1.0,1.0
121,982,0,18,1.0,1.0
122,982,0,18,1.0,1.0
123,982,0,18,1.0,1.0
124,982,0,18,1.0,1.0
125,982,0,18,1.0,1.0
126,982,0,18,1.0,1.0
127,982,0,18,1.0,1.0
128,982,0,18,1.0,1.0
129,982,0,18,1.0,1.0
130,982,0,18,1.0,1.0
131,982,0,18,1.0,1.0
132,982,0,18,1.0,1.0
133,982,0,18,1.0,1.0
134,982,0,18,1.0,1.0
135,982,0,18,1.0,1.0
136,982,0,18,1.0,1.0
137,982,0,18,1.0,1.0
138,982,0,18,1.0,1.0
139,982,0,18,1.0,1.0
140,982,0,18,1.0,1.0
141,982,0,18,1.0,1.0
142,982,0,18,1.0,1.0
143,982,0,18,1.0,1.0
144,982,0,18,1.0,1.0
145,982,0,18,1.0,1.0
146,982,0,18,1.0,1.0
147,982,0,18,1.0,1.0
148,982,0,18,1.0,1.0
149,982,0,18,1.0,1.0
150,982,0,18,1.0,1.0
151,982,0,18,1.0,1.0
152,982,0,18,1.0,1.0
153,982,0,18,1.0,1.0
154,982,0,18,1.0,1.0
155,982,0,18,1.0,1.0
156,982,0,18,1.0,1.0
157,982,0,18,1.0,1.0
158,982,0,18,1.0,1.0
159,982,0,18,1.0,1.0
160,982,0,18,1.0,1.0
161,982,0,18,1.0,1.0
162,982,0,18,1.0,1.0
163,982,0,18,1.0,1.0
164,982,0,18,1.0,1.0
165,982,0,18,1.0,1.0
166,982,0,18,1.0,1.0
167,982,0,18,1.0,1.0
168,982,0,18,1.0,1.0
169,982,0,18,1.0,1.0
170,982,0,18,1.0,1.0
171,982,0,18,1.0,1.0
172,982,0,18,1.0,1.0
173,982,0,18,1.0,1.0
174,982,0,18,1.0,1.0
175,982,0,18,1.0,1.0
176,982,0,18,1.0,1.0
177,982,0,18,1.0,1.0
178,982,0,18,1.0,1.0
179,982,0,18,1.0,1.0
180,982,0,18,1.0,1.0
181,982,0,18,1.0,1.0
182,982,0,18,1.0,1.0
183,982,0,18,1.0,1.0
184,982,0,18,1.0,1.0
185,982,0,18,1.0,1.0
186,982,0,18,1.0,1.0
187,982,0,18,1.0,1.0
188,982,0,18,1.0,1.0
189,982,0,18,1.0,1.0
190,982,0,18,1.0,1.0
191,982,0,18,1.0,1.0
192,982,0,18,1.0,1.0
193,982,0,18,1.0,1.0
194,982,0,18,1.0,1.0
195,982,0,18,1.0,1.0
196,982,0,18,1.0,1.0
197,982,0,18,1.0,1.0
198,982,0,18,1.0,1.0
199,982,0,18,1.0,1.0
200,982,0,18,1.0,1.0
1,999,1,0,1.0,1.0
2,999,1,0,1.0,1.0
3,999,1,0,1.0,1.0
4,999,1,0,1.0,1.0
5,999,1,0,1.0,1.0
6,998,2,0,0.9995,0.999749498997996
7,998,2,0,0.9995,0.999749498997996
8,998,2,0,0.9995,0.999749498997996
9,996,4,0,0.9985,0.99929718875502
10,995,5,0,0.998,0.998961474036851
11,995,5,0,0.998,0.998961474036851
12,995,5,0,0.998,0.998961474036851
13,995,5,0,0.998,0.998961474036851
14,995,3,2,0.999,0.9994137353433835
15,995,3,2,0.999,0.9994137353433835
16,995,3,2,0.999,0.9994137353433835
17,995,3,2,0.999,0.9994137353433835
18,995,3,2,0.999,0.9994137353433835
19,994,4,2,0.9985,0.9991616364855801
20,994,4,2,0.9985,0.9991616364855801
21,994,4,2,0.9985,0.9991616364855801
22,994,4,2,0.9985,0.9991616364855801
23,994,4,2,0.9985,0.9991616364855801
24,994,4,2,0.9985,0.9991616364855801
25,994,4,2,0.9985,0.9991616364855801
26,994,4,2,0.9985,0.9991616364855801
27,994,4,2,0.9985,0.9991616364855801
28,994,4,2,0.9985,0.9991616364855801
29,994,4,2,0.9985,0.9991616364855801
30,993,5,2,0.999,0.999496475327291
31,992,6,2,0.999,0.9994959677419355
32,992,6,2,0.999,0.9994959677419355
33,992,6,2,0.999,0.9994959677419355
34,992,6,2,0.999,0.9994959677419355
35,991,7,2,0.999,0.9994954591321897
36,991,7,2,0.999,0.9994954591321897
37,991,7,2,0.999,0.9994954591321897
38,990,8,2,0.9995,0.9997474747474747
39,990,7,3,0.9995,0.9997474747474747
40,990,7,3,0.9995,0.9997474747474747
41,990,7,3,0.9995,0.9997474747474747
42,990,7,3,0.9995,0.9997474747474747
43,989,8,3,0.999,0.9994944388270981
44,989,8,3,0.999,0.9994944388270981
45,989,8,3,0.999,0.9994944388270981
46,989,6,5,0.999,0.9994944388270981
47,989,6,5,0.999,0.9994944388270981
48,989,6,5,0.999,0.9994944388270981
49,987,8,5,0.9985,0.9992401215805471
50,987,7,6,0.9985,0.9992401215805471
51,987,7,6,0.9985,0.9992401215805471
52,987,7,6,0.9985,0.9992401215805471
53,986,8,6,0.9975,0.9987322515212982
54,986,7,7,0.9985,0.9992393509127789
55,986,7,7,0.9985,0.9992393509127789
56,985,8,7,0.9985,0.999238578680203
57,985,8,7,0.9985,0.999238578680203
58,985,7,8,0.9985,0.999238578680203
59,985,7,8,0.9985,0.999238578680203
60,985,6,9,0.999,0.999492385786802
61,985,6,9,0.999,0.999492385786802
62,984,7,9,0.9985,0.9992378048780488
63,983,8,9,0.9985,0.9992370295015259
64,983,7,10,0.9985,0.9992370295015259
65,983,6,11,0.999,0.9994913530010173
66,983,6,11,0.999,0.9994913530010173
67,983,6,11,0.999,0.9994913530010173
68,983,6,11,0.999,0.9994913530010173
69,983,6,11,0.999,0.9994913530010173
70,983,6,11,0.999,0.9994913530010173
71,982,6,12,0.999,0.9994908350305499
72,982,6,12,0.999,0.9994908350305499
73,982,6,12,0.999,0.9994908350305499
74,981,7,12,0.999,0.9994903160040775
75,980,7,13,0.999,0.9994897959183674
76,980,6,14,0.9995,0.9997448979591836
77,980,6,14,0.9995,0.9997448979591836
78,979,5,16,1.0,1.0
79,979,5,16,1.0,1.0
80,979,5,16,1.0,1.0
81,979,5,16,1.0,1.0
82,979,5,16,1.0,1.0
83,979,3,18,1.0,1.0
84,979,2,19,1.0,1.0
85,979,2,19,1.0,1.0
86,979,2,19,1.0,1.0
87,979,2,19,1.0,1.0
88,978,3,19,0.9995,0.9997443762781186
89,978,3,19,0.9995,0.9997443762781186
90,978,2,20,0.9995,0.9997443762781186
91,978,2,20,0.9995,0.9997443762781186
92,978,2,20,0.9995,0.9997443762781186
93,978,2,20,0.9995,0.9997443762781186
94,976,4,20,0.999,0.9994877049180327
95,976,4,20,0.999,0.9994877049180327
96,976,3,21,0.999,0.9994877049180327
97,976,3,21,0.999,0.9994877049180327
98,976,3,21,0.999,0.9994877049180327
99,975,4,21,0.9985,0.9992307692307693
100,975,4,21,0.9985,0.9992307692307693
101,974,5,21,0.998,0.9989733059548255
102,974,5,21,0.998,0.9989733059548255
103,974,5,21,0.998,0.9989733059548255
104,974,5,21,0.998,0.9989733059548255
105,974,5,21,0.998,0.9989733059548255
106,973,5,22,0.999,0.9994861253854059
107,973,5,22,0.999,0.9994861253854059
108,973,4,23,0.999,0.9994861253854059
109,972,5,23,1.0,1.0
110,972,5,23,1.0,1.0
111,972,5,23,1.0,1.0
112,971,6,23,0.9995,0.9997425334706488
113,970,7,23,0.999,0.9994845360824742
114,970,7,23,0.999,0.9994845360824742
115,970,7,23,0.999,0.9994845360824742
116,969,7,24,0.9995,0.9997420020639834
117,969,6,25,0.9995,0.9997420020639834
118,969,6,25,0.9995,0.9997420020639834
119,968,6,26,1.0,1.0
120,968,6,26,1.0,1.0
121,968,5,27,1.0,1.0
122,968,5,27,1.0,1.0
123,968,5,27,1.0,1.0
124,968,5,27,1.0,1.0
125,968,5,27,1.0,1.0
126,968,5,27,1.0,1.0
127,968,5,27,1.0,1.0
128,968,5,27,1.0,1.0
129,968,5,27,1.0,1.0
130,968,4,28,1.0,1.0
131,968,4,28,1.0,1.0
132,968,4,28,1.0,1.0
133,968,4,28,1.0,1.0
134,968,4,28,1.0,1.0
135,968,4,28,1.0,1.0
136,968,4,28,1.0,1.0
137,968,4,28,1.0,1.0
138,968,4,28,1.0,1.0
139,968,4,28,1.0,1.0
140,968,4,28,1.0,1.0
141,968,4,28,1.0,1.0
142,968,4,28,1.0,1.0
143,968,4,28,1.0,1.0
144,968,4,28,1.0,1.0
145,968,4,28,1.0,1.0
146,968,4,28,1.0,1.0
147,968,4,28,1.0,1.0
148,968,4,28,1.0,1.0
149,968,3,29,1.0,1.0
150,968,3,29,1.0,1.0
151,968,3,29,1.0,1.0
152,968,3,29,1.0,1.0
153,968,3,29,1.0,1.0
154,968,3,29,1.0,1.0
155,968,2,30,1.0,1.0
156,968,2,30,1.0,1.0
157,968,2,30,1.0,1.0
158,968,2,30,1.0,1.0
159,968,2,30,1.0,1.0
160,968,2,30,1.0,1.0
161,968,2,30,1.0,1.0
162,968,2,30,1.0,1.0
163,968,2,30,1.0,1.0
164,968,2,30,1.0,1.0
165,968,2,30,1.0,1.0
166,968,2,30,1.0,1.0
167,968,1,31,1.0,1.0
168,968,1,31,1.0,1.0
169,968,1,31,1.0,1.0
170,968,1,31,1.0,1.0
171,968,1,31,1.0,1.0
172,968,0,32,1.0,1.0
173,968,0,32,1.0,1.0
174,968,0,32,1.0,1.0
175,968,0,32,1.0,1.0
176,968,0,32,1.0,1.0
177,968,0,32,1.0,1.0
178,968,0,32,1.0,1.0
179,968,0,32,1.0,1.0
180,968,0,32,1.0,1.0
181,968,0,32,1.0,1.0
182,968,0,32,1.0,1.0
183,968,0,32,1.0,1.0
184,968,0,32,1.0,1.0
185,968,0,32,1.0,1.0
186,968,0,32,1.0,1.0
187,968,0,32,1.0,1.0
188,968,0,32,1.0,1.0
189,968,0,32,1.0,1.0
190,968,0,32,1.0,1.0
191,968,0,32,1.0,1.0
192,968,0,32,1.0,1.0
193,968,0,32,1.0,1.0
194,968,0,32,1.0,1.0
195,968,0,32,1.0,1.0
196,968,0,32,1.0,1.0
197,968,0,32,1.0,1.0
198,968,0,32,1.0,1.0
199,968,0,32,1.0,1.0
200,968,0,32,1.0,1.0
1,998,2,0,0.999,0.999498997995992
2,998,2,0,0.999,0.999498997995992
3,998,2,0,0.999,0.999498997995992
4,997,3,0,0.9985,0.9992477432296891
5,997,3,0,0.9985,0.9992477432296891
6,997,3,0,0.9985,0.9992477432296891
7,997,3,0,0.9985,0.9992477432296891
8,997,2,1,0.9995,0.9997492477432297
9,997,1,2,1.0,1.0
10,997,1,2,1.0,1.0
11,997,1,2,1.0,1.0
12,996,1,3,1.0,1.0
13,995,2,3,0.9995,0.999748743718593
14,995,2,3,0.9995,0.999748743718593
15,995,1,4,1.0,1.0
16,995,1,4,1.0,1.0
17,995,1,4,1.0,1.0
18,995,1,4,1.0,1.0
19,995,1,4,1.0,1.0
20,995,1,4,1.0,1.0
21,995,1,4,1.0,1.0
22,995,1,4,1.0,1.0
23,995,1,4,1.0,1.0
24,995,1,4,1.0,1.0
25,995,1,4,1.0,1.0
26,994,2,4,1.0,1.0
27,994,2,4,1.0,1.0
28,994,2,4,1.0,1.0
29,994,2,4,1.0,1.0
30,994,2,4,1.0,1.0
31,994,1,5,1.0,1.0
32,994,1,5,1.0,1.0
33,994,1,5,1.0,1.0
34,994,1,5,1.0,1.0
35,994,1,5,1.0,1.0
36,994,1,5,1.0,1.0
37,993,2,5,1.0,1.0
38,993,2,5,1.0,1.0
39,993,2,5,1.0,1.0
40,993,2,5,1.0,1.0
41,993,2,5,1.0,1.0
42,993,2,5,1.0,1.0
43,993,1,6,1.0,1.0
44,993,1,6,1.0,1.0
45,993,1,6,1.0,1.0
46,993,1,6,1.0,1.0
47,993,1,6,1.0,1.0
48,993,1,6,1.0,1.0
49,993,1,6,1.0,1.0
50,993,1,6,1.0,1.0
51,993,1,6,1.0,1.0
52,993,1,6,1.0,1.0
53,993,1,6,1.0,1.0
54,993,1,6,1.0,1.0
55,993,1,6,1.0,1.0
56,993,1,6,1.0,1.0
57,993,1,6,1.0,1.0
58,993,1,6,1.0,1.0
59,993,0,7,1.0,1.0
60,993,0,7,1.0,1.0
61,993,0,7,1.0,1.0
62,993,0,7,1.0,1.0
63,993,0,7,1.0,1.0
64,993,0,7,1.0,1.0
65,993,0,7,1.0,1.0
66,993,0,7,1.0,1.0
67,993,0,7,1.0,1.0
68,993,0,7,1.0,1.0
69,993,0,7,1.0,1.0
70,993,0,7,1.0,1.0
71,993,0,7,1.0,1.0
72,993,0,7,1.0,1.0
73,993,0,7,1.0,1.0
74,993,0,7,1.0,1.0
75,993,0,7,1.0,1.0
76,993,0,7,1.0,1.0
77,993,0,7,1.0,1.0
78,993,0,7,1.0,1.0
79,993,0,7,1.0,1.0
80,993,0,7,1.0,1.0
81,993,0,7,1.0,1.0
82,993,0,7,1.0,1.0
83,993,0,7,1.0,1.0
84,993,0,7,1.0,1.0
85,993,0,7,1.0,1.0
86,993,0,7,1.0,1.0
87,993,0,7,1.0,1.0
88,993,0,7,1.0,1.0
89,993,0,7,1.0,1.0
90,993,0,7,1.0,1.0
91,993,0,7,1.0,1.0
92,993,0,7,1.0,1.0
93,993,0,7,1.0,1.0
94,993,0,7,1.0,1.0
95,993,0,7,1.0,1.0
96,993,0,7,1.0,1.0
97,993,0,7,1.0,1.0
98,993,0,7,1.0,1.0
99,993,0,7,1.0,1.0
100,993,0,7,1.0,1.0
101,993,0,7,1.0,1.0
102,993,0,7,1.0,1.0
103,993,0,7,1.0,1.0
104,993,0,7,1.0,1.0
105,993,0,7,1.0,1.0
106,993,0,7,1.0,1.0
107,993,0,7,1.0,1.0
108,993,0,7,1.0,1.0
109,993,0,7,1.0,1.0
110,993,0,7,1.0,1.0
111,993,0,7,1.0,1.0
112,993,0,7,1.0,1.0
113,993,0,7,1.0,1.0
114,993,0,7,1.0,1.0
115,993,0,7,1.0,1.0
116,993,0,7,1.0,1.0
117,993,0,7,1.0,1.0
118,993,0,7,1.0,1.0
119,993,0,7,1.0,1.0
120,993,0,7,1.0,1.0
121,993,0,7,1.0,1.0
122,993,0,7,1.0,1.0
123,993,0,7,1.0,1.0
124,993,0,7,1.0,1.0
125,993,0,7,1.0,1.0
126,993,0,7,1.0,1.0
127,993,0,7,1.0,1.0
128,993,0,7,1.0,1.0
129,993,0,7,1.0,1.0
130,993,0,7,1.0,1.0
131,993,0,7,1.0,1.0
132,993,0,7,1.0,1.0
133,993,0,7,1.0,1.0
134,993,0,7,1.0,1.0
135,993,0,7,1.0,1.0
136,993,0,7,1.0,1.0
137,993,0,7,1.0,1.0
138,993,0,7,1.0,1.0
139,993,0,7,1.0,1.0
140,993,0,7,1.0,1.0
141,993,0,7,1.0,1.0
142,993,0,7,1.0,1.0
143,993,0,7,1.0,1.0
144,993,0,7,1.0,1.0
145,993,0,7,1.0,1.0
146,993,0,7,1.0,1.0
147,993,0,7,1.0,1.0
148,993,0,7,1.0,1.0
149,993,0,7,1.0,1.0
150,993,0,7,1.0,1.0
151,993,0,7,1.0,1.0
152,993,0,7,1.0,1.0
153,993,0,7,1.0,1.0
154,993,0,7,1.0,1.0
155,993,0,7,1.0,1.0
156,993,0,7,1.0,1.0
157,993,0,7,1.0,1.0
158,993,0,7,1.0,1.0
159,993,0,7,1.0,1.0
160,993,0,7,1.0,1.0
161,993,0,7,1.0,1.0
162,993,0,7,1.0,1.0
163,993,0,7,1.0,1.0
164,993,0,7,1.0,1.0
165,993,0,7,1.0,1.0
166,993,0,7,1.0,1.0
167,993,0,7,1.0,1.0
168,993,0,7,1.0,1.0
169,993,0,7,1.0,1.0
170,993,0,7,1.0,1.0
171,993,0,7,1.0,1.0
172,993,0,7,1.0,1.0
173,993,0,7,1.0,1.0
174,993,0,7,1.0,1.0
175,993,0,7,1.0,1.0
176,993,0,7,1.0,1.0
177,993,0,7,1.0,1.0
178,993,0,7,1.0,1.0
179,993,0,7,1.0,1.0
180,993,0,7,1.0,1.0
181,993,0,7,1.0,1.0
182,993,0,7,1.0,1.0
183,993,0,7,1.0,1.0
184,993,0,7,1.0,1.0
185,993,0,7,1.0,1.0
186,993,0,7,1.0,1.0
187,993,0,7,1.0,1.0
188,993,0,7,1.0,1.0
189,993,0,7,1.0,1.0
190,993,0,7,1.0,1.0
191,993,0,7,1.0,1.0
192,993,0,7,1.0,1.0
193,993,0,7,1.0,1.0
194,993,0,7,1.0,1.0
195,993,0,7,1.0,1.0
196,993,0,7,1.0,1.0
197,993,0,7,1.0,1.0
198,993,0,7,1.0,1.0
199,993,0,7,1.0,1.0
200,993,0,7,1.0,1.0
1,999,1,0,1.0,1.0
2,999,1,0,1.0,1.0
3,999,1,0,1.0,1.0
4,999,0,1,1.0,1.0
5,999,0,1,1.0,1.0
6,999,0,1,1.0,1.0
7,999,0,1,1.0,1.0
8,999,0,1,1.0,1.0
9,999,0,1,1.0,1.0
10,999,0,1,1.0,1.0
11,999,0,1,1.0,1.0
12,999,0,1,1.0,1.0
13,999,0,1,1.0,1.0
14,999,0,1,1.0,1.0
15,999,0,1,1.0,1.0
16,999,0,1,1.0,1.0
17,999,0,1,1.0,1.0
18,999,0,1,1.0,1.0
19,999,0,1,1.0,1.0
20,999,0,1,1.0,1.0
21,999,0,1,1.0,1.0
22,999,0,1,1.0,1.0
23,999,0,1,1.0,1.0
24,999,0,1,1.0,1.0
25,999,0,1,1.0,1.0
26,999,0,1,1.0,1.0
27,999,0,1,1.0,1.0
28,999,0,1,1.0,1.0
29,999,0,1,1.0,1.0
30,999,0,1,1.0,1.0
31,999,0,1,1.0,1.0
32,999,0,1,1.0,1.0
33,999,0,1,1.0,1.0
34,999,0,1,1.0,1.0
35,999,0,1,1.0,1.0
36,999,0,1,1.0,1.0
37,999,0,1,1.0,1.0
38,999,0,1,1.0,1.0
39,999,0,1,1.0,1.0
40,999,0,1,1.0,1.0
41,999,0,1,1.0,1.0
42,999,0,1,1.0,1.0
43,999,0,1,1.0,1.0
44,999,0,1,1.0,1.0
45,999,0,1,1.0,1.0
46,999,0,1,1.0,1.0
47,999,0,1,1.0,1.0
48,999,0,1,1.0,1.0
49,999,0,1,1.0,1.0
50,999,0,1,1.0,1.0
51,999,0,1,1.0,1.0
52,999,0,1,1.0,1.0
53,999,0,1,1.0,1.0
54,999,0,1,1.0,1.0
55,999,0,1,1.0,1.0
56,999,0,1,1.0,1.0
57,999,0,1,1.0,1.0
58,999,0,1,1.0,1.0
59,999,0,1,1.0,1.0
60,999,0,1,1.0,1.0
61,999,0,1,1.0,1.0
62,999,0,1,1.0,1.0
63,999,0,1,1.0,1.0
64,999,0,1,1.0,1.0
65,999,0,1,1.0,1.0
66,999,0,1,1.0,1.0
67,999,0,1,1.0,1.0
68,999,0,1,1.0,1.0
69,999,0,1,1.0,1.0
70,999,0,1,1.0,1.0
71,999,0,1,1.0,1.0
72,999,0,1,1.0,1.0
73,999,0,1,1.0,1.0
74,999,0,1,1.0,1.0
75,999,0,1,1.0,1.0
76,999,0,1,1.0,1.0
77,999,0,1,1.0,1.0
78,999,0,1,1.0,1.0
79,999,0,1,1.0,1.0
80,999,0,1,1.0,1.0
81,999,0,1,1.0,1.0
82,999,0,1,1.0,1.0
83,999,0,1,1.0,1.0
84,999,0,1,1.0,1.0
85,999,0,1,1.0,1.0
86,999,0,1,1.0,1.0
87,999,0,1,1.0,1.0
88,999,0,1,1.0,1.0
89,999,0,1,1.0,1.0
90,999,0,1,1.0,1.0
91,999,0,1,1.0,1.0
92,999,0,1,1.0,1.0
93,999,0,1,1.0,1.0
94,999,0,1,1.0,1.0
95,999,0,1,1.0,1.0
96,999,0,1,1.0,1.0
97,999,0,1,1.0,1.0
98,999,0,1,1.0,1.0
99,999,0,1,1.0,1.0
100,999,0,1,1.0,1.0
101,999,0,1,1.0,1.0
102,999,0,1,1.0,1.0
103,999,0,1,1.0,1.0
104,999,0,1,1.0,1.0
105,999,0,1,1.0,1.0
106,999,0,1,1.0,1.0
107,999,0,1,1.0,1.0
108,999,0,1,1.0,1.0
109,999,0,1,1.0,1.0
110,999,0,1,1.0,1.0
111,999,0,1,1.0,1.0
112,999,0,1,1.0,1.0
113,999,0,1,1.0,1.0
114,999,0,1,1.0,1.0
115,999,0,1,1.0,1.0
116,999,0,1,1.0,1.0
117,999,0,1,1.0,1.0
118,999,0,1,1.0,1.0
119,999,0,1,1.0,1.0
120,999,0,1,1.0,1.0
121,999,0,1,1.0,1.0
122,999,0,1,1.0,1.0
123,999,0,1,1.0,1.0
124,999,0,1,1.0,1.0
125,999,0,1,1.0,1.0
126,999,0,1,1.0,1.0
127,999,0,1,1.0,1.0
128,999,0,1,1.0,1.0
129,999,0,1,1.0,1.0
130,999,0,1,1.0,1.0
131,999,0,1,1.0,1.0
132,999,0,1,1.0,1.0
133,999,0,1,1.0,1.0
134,999,0,1,1.0,1.0
135,999,0,1,1.0,1.0
136,999,0,1,1.0,1.0
137,999,0,1,1.0,1.0
138,999,0,1,1.0,1.0
139,999,0,1,1.0,1.0
140,999,0,1,1.0,1.0
141,999,0,1,1.0,1.0
142,999,0,1,1.0,1.0
143,999,0,1,1.0,1.0
144,999,0,1,1.0,1.0
145,999,0,1,1.0,1.0
146,999,0,1,1.0,1.0
147,999,0,1,1.0,1.0
148,999,0,1,1.0,1.0
149,999,0,1,1.0,1.0
150,999,0,1,1.0,1.0
151,999,0,1,1.0,1.0
152,999,0,1,1.0,1.0
153,999,0,1,1.0,1.0
154,999,0,1,1.0,1.0
155,999,0,1,1.0,1.0
156,999,0,1,1.0,1.0
157,999,0,1,1.0,1.0
158,999,0,1,1.0,1.0
159,999,0,1,1.0,1.0
160,999,0,1,1.0,1.0
161,999,0,1,1.0,1.0
162,999,0,1,1.0,1.0
163,999,0,1,1.0,1.0
164,999,0,1,1.0,1.0
165,999,0,1,1.0,1.0
166,999,0,1,1.0,1.0
167,999,0,1,1.0,1.0
168,999,0,1,1.0,1.0
169,999,0,1,1.0,1.0
170,999,0,1,1.0,1.0
171,999,0,1,1.0,1.0
172,999,0,1,1.0,1.0
173,999,0,1,1.0,1.0
174,999,0,1,1.0,1.0
175,999,0,1,1.0,1.0
176,999,0,1,1.0,1.0
177,999,0,1,1.0,1.0
178,999,0,1,1.0,1.0
179,999,0,1,1.0,1.0
180,999,0,1,1.0,1.0
181,999,0,1,1.0,1.0
182,999,0,1,1.0,1.0
183,999,0,1,1.0,1.0
184,999,0,1,1.0,1.0
185,999,0,1,1.0,1.0
186,999,0,1,1.0,1.0
187,999,0,1,1.0,1.0
188,999,0,1,1.0,1.0
189,999,0,1,1.0,1.0
190,999,0,1,1.0,1.0
191,999,0,1,1.0,1.0
192,999,0,1,1.0,1.0
193,999,0,1,1.0,1.0
194,999,0,1,1.0,1.0
195,999,0,1,1.0,1.0
196,999,0,1,1.0,1.0
197,999,0,1,1.0,1.0
198,999,0,1,1.0,1.0
199,999,0,1,1.0,1.0
200,999,0,1,1.0,1.0
1,999,1,0,1.0,1.0
2,999,1,0,1.0,1.0
3,998,2,0,0.9995,0.999749498997996
4,998,2,0,0.9995,0.999749498997996
5,998,2,0,0.9995,0.999749498997996
6,998,2,0,0.9995,0.999749498997996
7,997,3,0,0.999,0.9994984954864594
8,997,3,0,0.999,0.9994984954864594
9,997,3,0,0.999,0.9994984954864594
10,996,4,0,0.9985,0.9992469879518072
11,996,4,0,0.9985,0.9992469879518072
12,996,4,0,0.9985,0.9992469879518072
13,996,4,0,0.9985,0.9992469879518072
14,996,3,1,0.9995,0.9997489959839357
15,996,3,1,0.9995,0.9997489959839357
16,996,3,1,0.9995,0.9997489959839357
17,996,3,1,0.9995,0.9997489959839357
18,996,3,1,0.9995,0.9997489959839357
19,996,3,1,0.9995,0.9997489959839357
20,996,3,1,0.9995,0.9997489959839357
21,996,3,1,0.9995,0.9997489959839357
22,996,2,2,0.9995,0.9997489959839357
23,996,2,2,0.9995,0.9997489959839357
24,995,3,2,0.9985,0.9992462311557789
25,995,3,2,0.9985,0.9992462311557789
26,995,3,2,0.9985,0.9992462311557789
27,995,3,2,0.9985,0.9992462311557789
28,995,3,2,0.9985,0.9992462311557789
29,995,3,2,0.9985,0.9992462311557789
30,995,3,2,0.9985,0.9992462311557789
31,995,3,2,0.9985,0.9992462311557789
32,995,3,2,0.9985,0.9992462311557789
33,995,3,2,0.9985,0.9992462311557789
34,994,4,2,0.9995,0.9997484909456741
35,994,3,3,0.9995,0.9997484909456741
36,994,3,3,0.9995,0.9997484909456741
37,994,3,3,0.9995,0.9997484909456741
38,994,3,3,0.9995,0.9997484909456741
39,993,4,3,0.9995,0.9997482376636455
40,993,3,4,1.0,1.0
41,993,2,5,1.0,1.0
42,992,3,5,0.9995,0.9997479838709677
43,992,3,5,0.9995,0.9997479838709677
44,992,3,5,0.9995,0.9997479838709677
45,992,3,5,0.9995,0.9997479838709677
46,991,4,5,0.999,0.9994954591321897
47,990,5,5,0.999,0.9994949494949495
48,990,5,5,0.999,0.9994949494949495
49,990,5,5,0.999,0.9994949494949495
50,990,5,5,0.999,0.9994949494949495
51,990,5,5,0.999,0.9994949494949495
52,990,5,5,0.999,0.9994949494949495
53,990,5,5,0.999,0.9994949494949495
54,990,5,5,0.999,0.9994949494949495
55,989,6,5,0.9995,0.999747219413549
56,989,5,6,0.9995,0.999747219413549
57,989,5,6,0.9995,0.999747219413549
58,989,5,6,0.9995,0.999747219413549
59,989,5,6,0.9995,0.999747219413549
60,989,4,7,1.0,1.0
61,989,4,7,1.0,1.0
62,989,4,7,1.0,1.0
63,989,3,8,1.0,1.0
64,989,3,8,1.0,1.0
65,989,3,8,1.0,1.0
66,989,3,8,1.0,1.0
67,989,3,8,1.0,1.0
68,989,3,8,1.0,1.0
69,989,2,9,1.0,1.0
70,988,3,9,0.9995,0.999746963562753
71,987,4,9,0.999,0.9994934143870314
72,987,4,9,0.999,0.9994934143870314
73,987,4,9,0.999,0.9994934143870314
74,987,3,10,0.9995,0.9997467071935157
75,987,3,10,0.9995,0.9997467071935157
76,986,4,10,1.0,1.0
77,986,4,10,1.0,1.0
78,986,4,10,1.0,1.0
79,986,4,10,1.0,1.0
80,986,4,10,1.0,1.0
81,986,4,10,1.0,1.0
82,986,4,10,1.0,1.0
83,986,4,10,1.0,1.0
84,986,4,10,1.0,1.0
85,986,4,10,1.0,1.0
86,986,4,10,1.0,1.0
87,986,4,10,1.0,1.0
88,986,4,10,1.0,1.0
89,986,4,10,1.0,1.0
90,986,4,10,1.0,1.0
91,986,4,10,1.0,1.0
92,986,4,10,1.0,1.0
93,986,4,10,1.0,1.0
94,986,4,10,1.0,1.0
95,986,4,10,1.0,1.0
96,986,4,10,1.0,1.0
97,986,3,11,1.0,1.0
98,986,3,11,1.0,1.0
99,986,3,11,1.0,1.0
100,986,3,11,1.0,1.0
101,986,3,11,1.0,1.0
102,986,3,11,1.0,1.0
103,986,3,11,1.0,1.0
104,986,3,11,1.0,1.0
105,986,3,11,1.0,1.0
106,986,3,11,1.0,1.0
107,986,3,11,1.0,1.0
108,986,3,11,1.0,1.0
109,986,3,11,1.0,1.0
110,986,3,11,1.0,1.0
111,986,3,11,1.0,1.0
112,986,3,11,1.0,1.0
113,986,3,11,1.0,1.0
114,986,3,11,1.0,1.0
115,986,3,11,1.0,1.0
116,986,3,11,1.0,1.0
117,986,3,11,1.0,1.0
118,986,3,11,1.0,1.0
119,986,3,11,1.0,1.0
120,986,3,11,1.0,1.0
121,986,3,11,1.0,1.0
122,986,3,11,1.0,1.0
123,986,3,11,1.0,1.0
124,986,3,11,1.0,1.0
125,985,4,11,1.0,1.0
126,985,4,11,1.0,1.0
127,985,3,12,1.0,1.0
128,985,2,13,1.0,1.0
129,985,2,13,1.0,1.0
130,985,2,13,1.0,1.0
131,985,2,13,1.0,1.0
132,985,2,13,1.0,1.0
133,985,2,13,1.0,1.0
134,985,2,13,1.0,1.0
135,985,2,13,1.0,1.0
136,985,2,13,1.0,1.0
137,985,2,13,1.0,1.0
138,985,2,13,1.0,1.0
139,985,2,13,1.0,1.0
140,985,2,13,1.0,1.0
141,985,2,13,1.0,1.0
142,985,2,13,1.0,1.0
143,985,2,13,1.0,1.0
144,985,2,13,1.0,1.0
145,985,2,13,1.0,1.0
146,985,2,13,1.0,1.0
147,985,2,13,1.0,1.0
148,985,2,13,1.0,1.0
149,984,3,13,0.9995,0.9996612466124661
150,984,3,13,0.9995,0.9996612466124661
151,983,4,13,0.9985,0.999067480501865
152,983,4,13,0.9985,0.999067480501865
153,983,4,13,0.9985,0.999067480501865
154,983,4,13,0.9985,0.999067480501865
155,983,4,13,0.9985,0.999067480501865
156,983,4,13,0.9985,0.999067480501865
157,983,4,13,0.9985,0.999067480501865
158,983,4,13,0.9985,0.999067480501865
159,982,5,13,0.9985,0.9990665308893414
160,982,5,13,0.9985,0.9990665308893414
161,982,5,13,0.9985,0.9990665308893414
162,982,5,13,0.9985,0.9990665308893414
163,982,5,13,0.9985,0.9990665308893414
164,981,6,13,0.998,0.9988107373428473
165,980,7,13,0.9985,0.9990646258503401
166,980,6,14,0.9985,0.9990646258503401
167,980,6,14,0.9985,0.9990646258503401
168,980,6,14,0.9985,0.9990646258503401
169,980,5,15,0.999,0.9994047619047619
170,980,5,15,0.999,0.9994047619047619
171,980,4,16,0.9995,0.9996598639455782
172,980,4,16,0.9995,0.9996598639455782
173,980,3,17,1.0,1.0
174,979,4,17,0.9995,0.9997446373850868
175,979,3,18,0.9995,0.9997446373850868
176,978,4,18,0.9995,0.9997443762781186
177,978,4,18,0.9995,0.9997443762781186
178,978,4,18,0.9995,0.9997443762781186
179,978,4,18,0.9995,0.9997443762781186
180,978,4,18,0.9995,0.9997443762781186
181,978,3,19,0.9995,0.9997443762781186
182,978,3,19,0.9995,0.9997443762781186
183,978,3,19,0.9995,0.9997443762781186
184,978,3,19,0.9995,0.9997443762781186
185,978,2,20,1.0,1.0
186,978,2,20,1.0,1.0
187,978,2,20,1.0,1.0
188,978,1,21,1.0,1.0
189,978,1,21,1.0,1.0
190,978,1,21,1.0,1.0
191,978,1,21,1.0,1.0
192,978,1,21,1.0,1.0
193,978,1,21,1.0,1.0
194,978,1,21,1.0,1.0
195,978,1,21,1.0,1.0
196,978,1,21,1.0,1.0
197,978,0,22,1.0,1.0
198,978,0,22,1.0,1.0
199,978,0,22,1.0,1.0
200,978,0,22,1.0,1.0
1,999,1,0,1.0,1.0
2,999,1,0,1.0,1.0
3,999,1,0,1.0,1.0
4,999,1,0,1.0,1.0
5,999,1,0,1.0,1.0
6,999,1,0,1.0,1.0
7,999,1,0,1.0,1.0
8,999,1,0,1.0,1.0
9,998,2,0,0.999,0.999498997995992
10,998,2,0,0.999,0.999498997995992
11,998,2,0,0.999,0.999498997995992
12,998,2,0,0.999,0.999498997995992
13,997,3,0,0.999,0.9994984954864594
14,995,5,0,0.999,0.9994974874371859
15,995,5,0,0.999,0.9994974874371859
16,995,5,0,0.999,0.9994974874371859
17,994,6,0,0.9985,0.9992454728370221
18,994,6,0,0.9985,0.9992454728370221
19,994,6,0,0.9985,0.9992454728370221
20,993,7,0,0.998,0.998992950654582
21,993,7,0,0.998,0.998992950654582
22,993,5,2,0.999,0.999496475327291
23,993,5,2,0.999,0.999496475327291
24,993,5,2,0.999,0.999496475327291
25,992,6,2,0.9985,0.9992439516129032
26,992,6,2,0.9985,0.9992439516129032
27,992,6,2,0.9985,0.9992439516129032
28,992,6,2,0.9985,0.9992439516129032
29,992,6,2,0.9985,0.9992439516129032
30,992,6,2,0.9985,0.9992439516129032
31,992,5,3,0.999,0.9994959677419355
32,991,6,3,0.9985,0.9992431886982845
33,991,5,4,0.999,0.9994954591321897
34,989,7,4,0.9975,0.9987360970677452
35,989,7,4,0.9975,0.9987360970677452
36,989,7,4,0.9975,0.9987360970677452
37,988,7,5,0.998,0.9989878542510121
38,987,8,5,0.9975,0.9987335359675785
39,986,8,6,0.9985,0.9992393509127789
40,986,8,6,0.9985,0.9992393509127789
41,986,8,6,0.9985,0.9992393509127789
42,985,9,6,0.998,0.9989847715736041
43,985,8,7,0.9985,0.999238578680203
44,985,7,8,0.9985,0.999238578680203
45,985,6,9,0.999,0.999492385786802
46,985,5,10,0.999,0.999492385786802
47,985,5,10,0.999,0.999492385786802
48,985,4,11,0.9995,0.999746192893401
49,985,4,11,0.9995,0.999746192893401
50,984,5,11,0.9995,0.9997459349593496
51,984,5,11,0.9995,0.9997459349593496
52,983,6,11,0.9995,0.9997456765005086
53,982,7,11,0.9995,0.9997454175152749
54,982,6,12,0.9995,0.9997454175152749
55,982,5,13,1.0,1.0
56,982,5,13,1.0,1.0
57,981,6,13,1.0,1.0
58,981,6,13,1.0,1.0
59,981,6,13,1.0,1.0
60,981,6,13,1.0,1.0
61,981,6,13,1.0,1.0
62,981,6,13,1.0,1.0
63,981,5,14,1.0,1.0
64,981,5,14,1.0,1.0
65,981,5,14,1.0,1.0
66,981,5,14,1.0,1.0
67,981,5,14,1.0,1.0
68,981,4,15,1.0,1.0
69,981,3,16,1.0,1.0
70,981,3,16,1.0,1.0
71,981,3,16,1.0,1.0
72,981,3,16,1.0,1.0
73,981,3,16,1.0,1.0
74,981,3,16,1.0,1.0
75,981,3,16,1.0,1.0
76,981,3,16,1.0,1.0
77,981,3,16,1.0,1.0
78,981,3,16,1.0,1.0
79,981,3,16,1.0,1.0
80,981,3,16,1.0,1.0
81,981,3,16,1.0,1.0
82,981,3,16,1.0,1.0
83,981,3,16,1.0,1.0
84,981,3,16,1.0,1.0
85,981,3,16,1.0,1.0
86,981,3,16,1.0,1.0
87,981,3,16,1.0,1.0
88,981,3,16,1.0,1.0
89,981,3,16,1.0,1.0
90,981,3,16,1.0,1.0
91,981,3,16,1.0,1.0
92,981,3,16,1.0,1.0
93,981,3,16,1.0,1.0
94,981,3,16,1.0,1.0
95,981,3,16,1.0,1.0
96,981,3,16,1.0,1.0
97,981,3,16,1.0,1.0
98,981,3,16,1.0,1.0
99,981,2,17,1.0,1.0
100,981,2,17,1.0,1.0
101,981,2,17,1.0,1.0
102,981,2,17,1.0,1.0
103,981,2,17,1.0,1.0
104,981,1,18,1.0,1.0
105,981,1,18,1.0,1.0
106,981,1,18,1.0,1.0
107,981,1,18,1.0,1.0
108,981,1,18,1.0,1.0
109,981,1,18,1.0,1.0
110,981,1,18,1.0,1.0
111,981,1,18,1.0,1.0
112,981,1,18,1.0,1.0
113,981,1,18,1.0,1.0
114,981,1,18,1.0,1.0
115,981,1,18,1.0,1.0
116,981,1,18,1.0,1.0
117,981,1,18,1.0,1.0
118,981,1,18,1.0,1.0
119,981,1,18,1.0,1.0
120,981,1,18,1.0,1.0
121,981,1,18,1.0,1.0
122,981,1,18,1.0,1.0
123,981,1,18,1.0,1.0
124,981,1,18,1.0,1.0
125,981,1,18,1.0,1.0
126,981,1,18,1.0,1.0
127,981,1,18,1.0,1.0
128,981,1,18,1.0,1.0
129,981,1,18,1.0,1.0
130,981,1,18,1.0,1.0
131,981,1,18,1.0,1.0
132,981,1,18,1.0,1.0
133,981,1,18,1.0,1.0
134,981,1,18,1.0,1.0
135,981,1,18,1.0,1.0
136,981,0,19,1.0,1.0
137,981,0,19,1.0,1.0
138,981,0,19,1.0,1.0
139,981,0,19,1.0,1.0
140,981,0,19,1.0,1.0
141,981,0,19,1.0,1.0
142,981,0,19,1.0,1.0
143,981,0,19,1.0,1.0
144,981,0,19,1.0,1.0
145,981,0,19,1.0,1.0
146,981,0,19,1.0,1.0
147,981,0,19,1.0,1.0
148,981,0,19,1.0,1.0
149,981,0,19,1.0,1.0
150,981,0,19,1.0,1.0
151,981,0,19,1.0,1.0
152,981,0,19,1.0,1.0
153,981,0,19,1.0,1.0
154,981,0,19,1.0,1.0
155,981,0,19,1.0,1.0
156,981,0,19,1.0,1.0
157,981,0,19,1.0,1.0
158,981,0,19,1.0,1.0
159,981,0,19,1.0,1.0
160,981,0,19,1.0,1.0
161,981,0,19,1.0,1.0
162,981,0,19,1.0,1.0
163,981,0,19,1.0,1.0
164,981,0,19,1.0,1.0
165,981,0,19,1.0,1.0
166,981,0,19,1.0,1.0
167,981,0,19,1.0,1.0
168,981,0,19,1.0,1.0
169,981,0,19,1.0,1.0
170,981,0,19,1.0,1.0
171,981,0,19,1.0,1.0
172,981,0,19,1.0,1.0
173,981,0,19,1.0,1.0
174,981,0,19,1.0,1.0
175,981,0,19,1.0,1.0
176,981,0,19,1.0,1.0
177,981,0,19,1.0,1.0
178,981,0,19,1.0,1.0
179,981,0,19,1.0,1.0
180,981,0,19,1.0,1.0
181,981,0,19,1.0,1.0
182,981,0,19,1.0,1.0
183,981,0,19,1.0,1.0
184,981,0,19,1.0,1.0
185,981,0,19,1.0,1.0
186,981,0,19,1.0,1.0
187,981,0,19,1.0,1.0
188,981,0,19,1.0,1.0
189,981,0,19,1.0,1.0
190,981,0,19,1.0,1.0
191,981,0,19,1.0,1.0
192,981,0,19,1.0,1.0
193,981,0,19,1.0,1.0
194,981,0,19,1.0,1.0
195,981,0,19,1.0,1.0
196,981,0,19,1.0,1.0
197,981,0,19,1.0,1.0
198,981,0,19,1.0,1.0
199,981,0,19,1.0,1.0
200,981,0,19,1.0,1.0
1,999,1,0,1.0,1.0
2,999,1,0,1.0,1.0
3,999,1,0,1.0,1.0
4,999,1,0,1.0,1.0
5,998,2,0,0.9995,0.9997995991983968
6,998,2,0,0.9995,0.9997995991983968
7,998,1,1,1.0,1.0
8,998,1,1,1.0,1.0
9,998,1,1,1.0,1.0
10,997,2,1,0.9995,0.9997492477432297
11,997,2,1,0.9995,0.9997492477432297
12,996,3,1,0.999,0.9994645247657297
13,996,3,1,0.999,0.9994645247657297
14,996,3,1,0.999,0.9994645247657297
15,996,3,1,0.999,0.9994645247657297
16,996,3,1,0.999,0.9994645247657297
17,996,3,1,0.999,0.9994645247657297
18,996,3,1,0.999,0.9994645247657297
19,996,3,1,0.999,0.9994645247657297
20,995,4,1,0.9995,0.9996649916247906
21,995,4,1,0.9995,0.9996649916247906
22,995,4,1,0.9995,0.9996649916247906
23,994,5,1,0.9995,0.999664654594232
24,994,5,1,0.9995,0.999664654594232
25,994,5,1,0.9995,0.999664654594232
26,994,5,1,0.9995,0.999664654594232
27,994,5,1,0.9995,0.999664654594232
28,994,5,1,0.9995,0.999664654594232
29,994,5,1,0.9995,0.999664654594232
30,993,6,1,0.9995,0.9996643168848607
31,993,6,1,0.9995,0.9996643168848607
32,993,6,1,0.9995,0.9996643168848607
33,993,5,2,1.0,1.0
34,993,4,3,1.0,1.0
35,993,4,3,1.0,1.0
36,993,4,3,1.0,1.0
37,993,4,3,1.0,1.0
38,991,6,3,0.999,0.9994954591321897
39,991,5,4,0.9995,0.9997477295660948
40,991,5,4,0.9995,0.9997477295660948
41,991,5,4,0.9995,0.9997477295660948
42,990,6,4,0.999,0.9994949494949495
43,989,7,4,0.999,0.9994944388270981
44,989,7,4,0.999,0.9994944388270981
45,989,7,4,0.999,0.9994944388270981
46,989,7,4,0.999,0.9994944388270981
47,988,7,5,0.9985,0.9991565452091767
48,988,7,5,0.9985,0.9991565452091767
49,988,7,5,0.9985,0.9991565452091767
50,987,8,5,0.9985,0.9992401215805471
51,987,7,6,0.999,0.9994934143870314
52,986,8,6,0.999,0.9994929006085193
53,986,6,8,0.9995,0.9997464503042597
54,986,5,9,0.9995,0.9997464503042597
55,983,7,10,0.9985,0.9991522550016956
56,983,7,10,0.9985,0.9991522550016956
57,983,7,10,0.9985,0.9991522550016956
58,983,7,10,0.9985,0.9991522550016956
59,983,7,10,0.9985,0.9991522550016956
60,983,7,10,0.9985,0.9991522550016956
61,983,6,11,0.9985,0.9991522550016956
62,983,6,11,0.9985,0.9991522550016956
63,983,6,11,0.9985,0.9991522550016956
64,982,6,12,0.999,0.9994059742023083
65,982,6,12,0.999,0.9994059742023083
66,982,6,12,0.999,0.9994059742023083
67,982,5,13,0.9995,0.9996605566870334
68,982,5,13,0.9995,0.9996605566870334
69,982,4,14,0.9995,0.9996605566870334
70,982,4,14,0.9995,0.9996605566870334
71,982,4,14,0.9995,0.9996605566870334
72,982,4,14,0.9995,0.9996605566870334
73,981,5,14,0.999,0.9994053686714238
74,980,5,15,0.999,0.999404761904762
75,980,5,15,0.999,0.999404761904762
76,980,5,15,0.999,0.999404761904762
77,979,6,15,0.9985,0.9991487912836228
78,979,6,15,0.9985,0.9991487912836228
79,979,6,15,0.9985,0.9991487912836228
80,979,6,15,0.9985,0.9991487912836228
81,979,6,15,0.9985,0.9991487912836228
82,979,6,15,0.9985,0.9991487912836228
83,978,7,15,0.9985,0.9991479209270621
84,978,7,15,0.9985,0.9991479209270621
85,978,7,15,0.9985,0.9991479209270621
86,976,7,17,0.9985,0.9991461748633881
87,976,7,17,0.9985,0.9991461748633881
88,976,7,17,0.9985,0.9991461748633881
89,976,7,17,0.9985,0.9991461748633881
90,975,8,17,0.9985,0.9991452991452993
91,974,9,17,0.998,0.9988877481177276
92,973,10,17,0.997,0.9982870846180197
93,973,10,17,0.997,0.9982870846180197
94,973,10,17,0.997,0.9982870846180197
95,973,10,17,0.997,0.9982870846180197
96,973,9,18,0.9975,0.9986296676944159
97,973,9,18,0.9975,0.9986296676944159
98,973,9,18,0.9975,0.9986296676944159
99,973,9,18,0.9975,0.9986296676944159
100,971,11,18,0.9975,0.9986268451767937
101,971,11,18,0.9975,0.9986268451767937
102,971,11,18,0.9975,0.9986268451767937
103,970,11,19,0.998,0.9988831615120275
104,969,12,19,0.997,0.9983660130718954
105,969,10,21,0.997,0.9983660130718954
106,968,11,21,0.997,0.9983643250688705
107,967,10,23,0.998,0.9989658738366081
108,967,10,23,0.998,0.9989658738366081
109,967,10,23,0.998,0.9989658738366081
110,966,11,23,0.998,0.9989648033126294
111,965,12,23,0.9985,0.9992227979274612
112,965,12,23,0.9985,0.9992227979274612
113,965,12,23,0.9985,0.9992227979274612
114,963,12,25,0.998,0.9989615784008308
115,962,11,27,0.998,0.998960498960499
116,962,9,29,0.999,0.9994802494802495
117,962,8,30,0.999,0.9994802494802495
118,961,9,30,0.9985,0.9992195629552549
119,960,9,31,0.998,0.9989583333333333
120,960,8,32,0.9985,0.99921875
121,960,8,32,0.9985,0.99921875
122,960,5,35,0.9995,0.9997395833333333
123,960,5,35,0.9995,0.9997395833333333
124,960,5,35,0.9995,0.9997395833333333
125,960,5,35,0.9995,0.9997395833333333
126,960,5,35,0.9995,0.9997395833333333
127,960,5,35,0.9995,0.9997395833333333
128,960,4,36,0.9995,0.9997395833333333
129,960,4,36,0.9995,0.9997395833333333
130,960,4,36,0.9995,0.9997395833333333
131,960,4,36,0.9995,0.9997395833333333
132,960,3,37,0.9995,0.9997395833333333
133,959,3,38,0.9995,0.9997393117831074
134,959,3,38,0.9995,0.9997393117831074
135,958,4,38,0.9995,0.9997390396659708
136,958,4,38,0.9995,0.9997390396659708
137,958,4,38,0.9995,0.9997390396659708
138,958,4,38,0.9995,0.9997390396659708
139,958,4,38,0.9995,0.9997390396659708
140,958,4,38,0.9995,0.9997390396659708
141,958,4,38,0.9995,0.9997390396659708
142,957,5,38,0.999,0.9994775339602926
143,957,5,38,0.999,0.9994775339602926
144,957,5,38,0.999,0.9994775339602926
145,957,5,38,0.999,0.9994775339602926
146,957,5,38,0.999,0.9994775339602926
147,957,5,38,0.999,0.9994775339602926
148,956,6,38,0.999,0.9994769874476988
149,954,8,38,0.9985,0.9992138364779874
150,953,9,38,0.9985,0.9992130115424974
151,951,9,40,0.9985,0.999211356466877
152,951,9,40,0.9985,0.999211356466877
153,951,8,41,0.999,0.9994742376445847
154,951,8,41,0.999,0.9994742376445847
155,951,8,41,0.999,0.9994742376445847
156,951,8,41,0.999,0.9994742376445847
157,951,7,42,0.9995,0.9997371188222923
158,951,7,42,0.9995,0.9997371188222923
159,950,7,43,0.9995,0.9997368421052631
160,948,9,43,0.999,0.9994725738396625
161,948,9,43,0.999,0.9994725738396625
162,947,9,44,0.998,0.9989440337909187
163,946,10,44,0.9975,0.9985905567300916
164,945,10,45,0.9975,0.9986772486772487
165,945,10,45,0.9975,0.9986772486772487
166,945,9,46,0.9975,0.9986772486772487
167,945,9,46,0.9975,0.9986772486772487
168,945,9,46,0.9975,0.9986772486772487
169,943,11,46,0.9965,0.9981442205726405
170,942,11,47,0.9965,0.9981422505307855
171,941,11,48,0.996,0.997874601487779
172,941,11,48,0.996,0.997874601487779
173,941,10,49,0.9965,0.9981402763018066
174,941,10,49,0.9965,0.9981402763018066
175,940,11,49,0.996,0.997872340425532
176,940,10,50,0.996,0.997872340425532
177,939,11,50,0.995,0.9973908413205538
178,938,12,50,0.9955,0.9976545842217484
179,938,11,51,0.9965,0.9981876332622601
180,937,12,51,0.996,0.9979722518676628
181,937,12,51,0.996,0.9979722518676628
182,936,13,51,0.996,0.9979700854700855
183,936,13,51,0.996,0.9979700854700855
184,936,13,51,0.996,0.9979700854700855
185,935,14,51,0.9965,0.9982352941176471
186,935,12,53,0.997,0.9985026737967915
187,934,12,54,0.997,0.9985010706638116
188,933,12,55,0.998,0.9990353697749197
189,933,12,55,0.998,0.9990353697749197
190,933,11,56,0.998,0.9990353697749197
191,933,9,58,0.9985,0.9993033226152197
192,933,9,58,0.9985,0.9993033226152197
193,932,10,58,0.999,0.9994635193133047
194,932,10,58,0.999,0.9994635193133047
195,932,10,58,0.999,0.9994635193133047
196,931,11,58,0.9985,0.9991944146079484
197,931,11,58,0.9985,0.9991944146079484
198,930,10,60,0.9995,0.999731182795699
199,929,11,60,0.9995,0.9997308934337998
200,929,10,61,0.9995,0.9997308934337998
1,998,2,0,1.0,1.0
2,998,2,0,1.0,1.0
3,998,2,0,1.0,1.0
4,997,3,0,0.9995,0.9997492477432297
5,995,5,0,0.999,0.9994974874371859
6,995,5,0,0.999,0.9994974874371859
7,994,6,0,0.999,0.9994969818913481
8,994,5,1,0.9995,0.9997484909456741
9,994,5,1,0.9995,0.9997484909456741
10,993,6,1,0.999,0.999496475327291
11,992,7,1,0.9995,0.9996639784946236
12,991,8,1,0.999,0.9994113689875548
13,991,8,1,0.999,0.9994113689875548
14,990,9,1,0.9985,0.9991582491582492
15,988,10,2,0.9985,0.9991565452091768
16,985,11,4,0.998,0.9989001692047378
17,983,12,5,0.9975,0.9986436080027129
18,981,13,6,0.997,0.9983860006795787
19,980,13,7,0.9975,0.9986394557823131
20,980,13,7,0.9975,0.9986394557823131
21,977,16,7,0.997,0.9982940975776186
22,977,15,8,0.997,0.9982940975776186
23,975,16,9,0.9985,0.9991452991452993
24,974,17,9,0.9985,0.9991444216290213
25,973,17,10,0.9985,0.99914354230901
26,973,16,11,0.9985,0.99914354230901
27,973,16,11,0.9985,0.99914354230901
28,973,16,11,0.9985,0.99914354230901
29,973,15,12,0.9985,0.99914354230901
30,973,14,13,0.9985,0.99914354230901
31,972,15,13,0.9985,0.9992283950617284
32,972,14,14,0.999,0.9994855967078189
33,971,13,16,0.999,0.9995365602471679
34,971,12,17,0.999,0.9995365602471679
35,971,12,17,0.999,0.9995365602471679
36,971,12,17,0.999,0.9995365602471679
37,970,13,17,0.9985,0.9993298969072165
38,970,11,19,0.999,0.9995360824742268
39,969,12,19,0.9995,0.9997420020639834
40,969,11,20,0.9995,0.9997420020639834
41,969,11,20,0.9995,0.9997420020639834
42,969,11,20,0.9995,0.9997420020639834
43,969,9,22,0.9995,0.9997420020639834
44,969,9,22,0.9995,0.9997420020639834
45,968,10,22,0.999,0.9994834710743802
46,968,10,22,0.999,0.9994834710743802
47,968,10,22,0.999,0.9994834710743802
48,968,10,22,0.999,0.9994834710743802
49,968,8,24,0.999,0.9994834710743802
50,968,8,24,0.999,0.9994834710743802
51,968,8,24,0.999,0.9994834710743802
52,968,8,24,0.999,0.9994834710743802
53,967,9,24,0.999,0.999482936918304
54,967,9,24,0.999,0.999482936918304
55,966,10,24,0.9995,0.9997412008281573
56,966,10,24,0.9995,0.9997412008281573
57,966,10,24,0.9995,0.9997412008281573
58,966,9,25,0.9995,0.9997412008281573
59,966,9,25,0.9995,0.9997412008281573
60,966,9,25,0.9995,0.9997412008281573
61,964,11,25,0.999,0.9994813278008299
62,964,10,26,0.999,0.9994813278008299
63,964,10,26,0.999,0.9994813278008299
64,963,11,26,0.9995,0.9997403946002077
65,962,12,26,0.999,0.9994802494802495
66,962,11,27,0.9995,0.9997401247401247
67,962,9,29,0.9995,0.9997401247401247
68,962,9,29,0.9995,0.9997401247401247
69,961,8,31,0.999,0.9994797086368367
70,961,8,31,0.999,0.9994797086368367
71,961,8,31,0.999,0.9994797086368367
72,959,10,31,0.9995,0.9997393117831074
73,959,10,31,0.9995,0.9997393117831074
74,959,10,31,0.9995,0.9997393117831074
75,959,10,31,0.9995,0.9997393117831074
76,959,9,32,0.9995,0.9997393117831074
77,959,9,32,0.9995,0.9997393117831074
78,958,8,34,0.9995,0.9997390396659708
79,958,8,34,0.9995,0.9997390396659708
80,958,7,35,1.0,1.0
81,958,7,35,1.0,1.0
82,957,7,36,0.9995,0.9994775339602926
83,957,6,37,0.9995,0.9994775339602926
84,956,7,37,0.999,0.9991283124128312
85,956,7,37,0.999,0.9991283124128312
86,956,7,37,0.999,0.9991283124128312
87,956,7,37,0.999,0.9991283124128312
88,954,9,37,0.9995,0.9996505939902166
89,953,9,38,1.0,1.0
90,952,10,38,0.9995,0.9997899159663866
91,951,11,38,1.0,1.0
92,951,10,39,1.0,1.0
93,951,10,39,1.0,1.0
94,950,11,39,1.0,1.0
95,950,11,39,1.0,1.0
96,949,12,39,0.999,0.9993853178784685
97,948,13,39,0.999,0.9993846694796061
98,948,13,39,0.999,0.9993846694796061
99,946,15,39,0.9985,0.9991190979563073
100,944,16,40,0.998,0.9988524011299434
101,944,14,42,0.998,0.9988524011299434
102,944,14,42,0.998,0.9988524011299434
103,943,13,44,0.9995,0.9997348886532343
104,943,13,44,0.9995,0.9997348886532343
105,943,13,44,0.9995,0.9997348886532343
106,943,13,44,0.9995,0.9997348886532343
107,942,14,44,0.999,0.9994692144373672
108,941,15,44,0.999,0.9994686503719448
109,941,15,44,0.999,0.9994686503719448
110,941,14,45,0.9995,0.9997343251859724
111,941,14,45,0.9995,0.9997343251859724
112,941,13,46,0.9995,0.9997343251859724
113,941,12,47,0.9995,0.9997343251859724
114,941,12,47,0.9995,0.9997343251859724
115,941,10,49,0.9995,0.9997343251859724
116,940,11,49,0.9995,0.9997340425531915
117,940,11,49,0.9995,0.9997340425531915
118,939,12,49,0.9985,0.9992012779552716
119,937,14,49,0.998,0.9989327641408752
120,937,14,49,0.998,0.9989327641408752
121,937,13,50,0.9985,0.9991995731056563
122,937,12,51,0.999,0.9994663820704376
123,937,12,51,0.999,0.9994663820704376
124,937,11,52,1.0,1.0
125,936,12,52,0.9995,0.999732905982906
126,935,13,52,0.9995,0.9997326203208556
127,933,15,52,0.9985,0.9991961414790996
128,933,13,54,0.9985,0.9991961414790996
129,932,14,54,0.998,0.9989270386266095
130,932,14,54,0.998,0.9989270386266095
131,931,15,54,0.9975,0.998657357679914
132,931,15,54,0.9975,0.998657357679914
133,931,15,54,0.9975,0.998657357679914
134,930,16,54,0.9965,0.9981182795698925
135,928,18,54,0.998,0.9989224137931034
136,928,17,55,0.999,0.9994612068965517
137,928,17,55,0.999,0.9994612068965517
138,926,19,55,0.9985,0.9991900647948164
139,925,20,55,0.998,0.9989189189189189
140,923,22,55,0.998,0.9989165763813651
141,922,23,55,0.998,0.9989154013015185
142,922,23,55,0.998,0.9989154013015185
143,922,22,56,0.998,0.9989154013015185
144,922,20,58,0.9985,0.9991865509761388
145,922,17,61,0.9985,0.9991865509761388
146,922,17,61,0.9985,0.9991865509761388
147,922,17,61,0.9985,0.9991865509761388
148,922,16,62,0.999,0.9994577006507592
149,922,15,63,0.999,0.9994577006507592
150,920,17,63,0.999,0.9994565217391305
151,920,17,63,0.999,0.9994565217391305
152,920,16,64,0.999,0.9994565217391305
153,919,17,64,0.999,0.999455930359086
154,919,17,64,0.999,0.999455930359086
155,918,16,66,0.999,0.9994553376906318
156,918,16,66,0.999,0.9994553376906318
157,918,15,67,0.9995,0.9997276688453159
158,917,16,67,0.999,0.9994547437295529
159,917,16,67,0.999,0.9994547437295529
160,917,16,67,0.999,0.9994547437295529
161,916,17,67,0.9985,0.9991812227074236
162,915,18,67,0.998,0.9989071038251366
163,915,17,68,0.998,0.9989071038251366
164,915,16,69,0.9985,0.9991803278688525
165,915,15,70,0.9985,0.9991803278688525
166,915,14,71,0.9985,0.9991803278688525
167,914,15,71,0.9985,0.9991794310722101
168,914,15,71,0.9985,0.9991794310722101
169,914,14,72,0.9985,0.9991794310722101
170,913,15,72,0.998,0.9989047097480832
171,911,16,73,0.9985,0.9991767288693744
172,910,17,73,0.9985,0.9991758241758242
173,908,19,73,0.998,0.998898678414097
174,908,18,74,0.998,0.998898678414097
175,906,18,76,0.999,0.9994481236203091
176,906,17,77,0.9995,0.9997240618101545
177,905,16,79,0.9995,0.9997237569060774
178,905,16,79,0.9995,0.9997237569060774
179,905,16,79,0.9995,0.9997237569060774
180,904,17,79,0.999,0.9993547197640118
181,903,17,80,0.9985,0.9990771502399409
182,902,17,81,0.999,0.9993532889874353
183,900,17,83,0.9985,0.999074074074074
184,899,18,83,0.998,0.9987949573600297
185,899,18,83,0.998,0.9987949573600297
186,898,19,83,0.997,0.9982368225686711
187,897,20,83,0.9965,0.9979561501300631
188,897,19,84,0.9965,0.9979561501300631
189,896,19,85,0.997,0.9983258928571429
190,896,19,85,0.997,0.9983258928571429
191,895,20,85,0.997,0.9983240223463687
192,895,20,85,0.997,0.9983240223463687
193,894,19,87,0.9975,0.9986017897091722
194,894,19,87,0.9975,0.9986017897091722
195,893,18,89,0.9975,0.9986002239641657
196,891,20,89,0.9975,0.9985970819304153
197,891,20,89,0.9975,0.9985970819304153
198,891,19,90,0.9975,0.9985970819304153
199,891,19,90,0.9975,0.9985970819304153
200,890,18,92,0.998,0.998876404494382
1,999,1,0,1.0,1.0
2,999,1,0,1.0,1.0
3,999,1,0,1.0,1.0
4,999,1,0,1.0,1.0
5,999,1,0,1.0,1.0
6,998,2,0,0.9995,0.999749498997996
7,998,2,0,0.9995,0.999749498997996
8,998,2,0,0.9995,0.999749498997996
9,998,2,0,0.9995,0.999749498997996
10,998,2,0,0.9995,0.999749498997996
11,998,2,0,0.9995,0.999749498997996
12,998,2,0,0.9995,0.999749498997996
13,998,2,0,0.9995,0.999749498997996
14,998,2,0,0.9995,0.999749498997996
15,997,3,0,0.9985,0.9992477432296891
16,997,3,0,0.9985,0.9992477432296891
17,996,4,0,0.998,0.998995983935743
18,996,3,1,0.999,0.9994979919678715
19,995,4,1,0.9985,0.9992462311557789
20,995,4,1,0.9985,0.9992462311557789
21,994,4,2,0.999,0.9994969818913481
22,993,5,2,0.998,0.998992950654582
23,992,6,2,0.999,0.9994959677419355
24,992,5,3,0.9995,0.9997479838709677
25,992,4,4,1.0,1.0
26,992,4,4,1.0,1.0
27,991,5,4,1.0,1.0
28,991,5,4,1.0,1.0
29,991,5,4,1.0,1.0
30,990,5,5,1.0,1.0
31,990,5,5,1.0,1.0
32,990,5,5,1.0,1.0
33,990,5,5,1.0,1.0
34,989,5,6,1.0,1.0
35,989,5,6,1.0,1.0
36,988,6,6,1.0,1.0
37,988,6,6,1.0,1.0
38,988,6,6,1.0,1.0
39,988,6,6,1.0,1.0
40,988,6,6,1.0,1.0
41,988,6,6,1.0,1.0
42,987,7,6,0.9995,0.9997467071935157
43,987,7,6,0.9995,0.9997467071935157
44,987,7,6,0.9995,0.9997467071935157
45,987,7,6,0.9995,0.9997467071935157
46,987,6,7,0.9995,0.9997467071935157
47,985,8,7,0.999,0.999492385786802
48,985,7,8,0.999,0.999492385786802
49,984,8,8,0.999,0.9994918699186992
50,984,8,8,0.999,0.9994918699186992
51,984,8,8,0.999,0.9994918699186992
52,983,9,8,0.9985,0.9992370295015259
53,983,9,8,0.9985,0.9992370295015259
54,983,8,9,0.999,0.9994913530010173
55,982,9,9,0.999,0.9994908350305499
56,982,9,9,0.999,0.9994908350305499
57,981,10,9,0.9985,0.9992354740061162
58,981,10,9,0.9985,0.9992354740061162
59,981,8,11,0.9985,0.9992354740061162
60,981,8,11,0.9985,0.9992354740061162
61,981,8,11,0.9985,0.9992354740061162
62,981,8,11,0.9985,0.9992354740061162
63,980,8,12,0.9985,0.999234693877551
64,980,7,13,0.9985,0.999234693877551
65,979,8,13,0.999,0.9994892747701737
66,978,9,13,0.999,0.9994887525562373
67,978,9,13,0.999,0.9994887525562373
68,977,9,14,0.9995,0.9997441146366428
69,977,8,15,0.9995,0.9997441146366428
70,977,8,15,0.9995,0.9997441146366428
71,977,8,15,0.9995,0.9997441146366428
72,977,8,15,0.9995,0.9997441146366428
73,977,8,15,0.9995,0.9997441146366428
74,977,8,15,0.9995,0.9997441146366428
75,977,7,16,0.9995,0.9997441146366428
76,977,7,16,0.9995,0.9997441146366428
77,977,7,16,0.9995,0.9997441146366428
78,977,6,17,0.9995,0.9997441146366428
79,976,6,18,0.9995,0.9997438524590164
80,976,5,19,0.9995,0.9997438524590164
81,975,6,19,0.999,0.9994871794871795
82,975,6,19,0.999,0.9994871794871795
83,975,6,19,0.999,0.9994871794871795
84,975,6,19,0.999,0.9994871794871795
85,974,6,20,0.999,0.9994866529774127
86,974,6,20,0.999,0.9994866529774127
87,974,6,20,0.999,0.9994866529774127
88,974,6,20,0.999,0.9994866529774127
89,974,6,20,0.999,0.9994866529774127
90,974,6,20,0.999,0.9994866529774127
91,974,6,20,0.999,0.9994866529774127
92,974,6,20,0.999,0.9994866529774127
93,974,6,20,0.999,0.9994866529774127
94,974,6,20,0.999,0.9994866529774127
95,974,4,22,0.9995,0.9997433264887063
96,974,3,23,0.9995,0.9997433264887063
97,974,3,23,0.9995,0.9997433264887063
98,974,3,23,0.9995,0.9997433264887063
99,974,3,23,0.9995,0.9997433264887063
100,974,3,23,0.9995,0.9997433264887063
101,974,3,23,0.9995,0.9997433264887063
102,974,3,23,0.9995,0.9997433264887063
103,974,3,23,0.9995,0.9997433264887063
104,974,3,23,0.9995,0.9997433264887063
105,973,4,23,0.999,0.9994861253854059
106,973,4,23,0.999,0.9994861253854059
107,973,4,23,0.999,0.9994861253854059
108,973,4,23,0.999,0.9994861253854059
109,973,4,23,0.999,0.9994861253854059
110,973,3,24,0.999,0.9994861253854059
111,973,3,24,0.999,0.9994861253854059
112,973,3,24,0.999,0.9994861253854059
113,973,3,24,0.999,0.9994861253854059
114,973,3,24,0.999,0.9994861253854059
115,973,3,24,0.999,0.9994861253854059
116,973,3,24,0.999,0.9994861253854059
117,972,4,24,1.0,1.0
118,972,4,24,1.0,1.0
119,972,4,24,1.0,1.0
120,972,4,24,1.0,1.0
121,972,4,24,1.0,1.0
122,972,4,24,1.0,1.0
123,972,4,24,1.0,1.0
124,972,4,24,1.0,1.0
125,972,4,24,1.0,1.0
126,972,4,24,1.0,1.0
127,972,4,24,1.0,1.0
128,972,3,25,1.0,1.0
129,972,3,25,1.0,1.0
130,972,3,25,1.0,1.0
131,972,3,25,1.0,1.0
132,972,3,25,1.0,1.0
133,972,3,25,1.0,1.0
134,972,3,25,1.0,1.0
135,972,3,25,1.0,1.0
136,972,3,25,1.0,1.0
137,972,3,25,1.0,1.0
138,972,3,25,1.0,1.0
139,972,3,25,1.0,1.0
140,972,3,25,1.0,1.0
141,972,3,25,1.0,1.0
142,972,3,25,1.0,1.0
143,972,3,25,1.0,1.0
144,972,3,25,1.0,1.0
145,972,3,25,1.0,1.0
146,972,3,25,1.0,1.0
147,972,3,25,1.0,1.0
148,972,3,25,1.0,1.0
149,972,3,25,1.0,1.0
150,972,3,25,1.0,1.0
151,972,1,27,1.0,1.0
152,972,1,27,1.0,1.0
153,972,1,27,1.0,1.0
154,972,1,27,1.0,1.0
155,972,1,27,1.0,1.0
156,972,1,27,1.0,1.0
157,972,1,27,1.0,1.0
158,972,1,27,1.0,1.0
159,972,0,28,1.0,1.0
160,972,0,28,1.0,1.0
161,972,0,28,1.0,1.0
162,972,0,28,1.0,1.0
163,972,0,28,1.0,1.0
164,972,0,28,1.0,1.0
165,972,0,28,1.0,1.0
166,972,0,28,1.0,1.0
167,972,0,28,1.0,1.0
168,972,0,28,1.0,1.0
169,972,0,28,1.0,1.0
170,972,0,28,1.0,1.0
171,972,0,28,1.0,1.0
172,972,0,28,1.0,1.0
173,972,0,28,1.0,1.0
174,972,0,28,1.0,1.0
175,972,0,28,1.0,1.0
176,972,0,28,1.0,1.0
177,972,0,28,1.0,1.0
178,972,0,28,1.0,1.0
179,972,0,28,1.0,1.0
180,972,0,28,1.0,1.0
181,972,0,28,1.0,1.0
182,972,0,28,1.0,1.0
183,972,0,28,1.0,1.0
184,972,0,28,1.0,1.0
185,972,0,28,1.0,1.0
186,972,0,28,1.0,1.0
187,972,0,28,1.0,1.0
188,972,0,28,1.0,1.0
189,972,0,28,1.0,1.0
190,972,0,28,1.0,1.0
191,972,0,28,1.0,1.0
192,972,0,28,1.0,1.0
193,972,0,28,1.0,1.0
194,972,0,28,1.0,1.0
195,972,0,28,1.0,1.0
196,972,0,28,1.0,1.0
197,972,0,28,1.0,1.0
198,972,0,28,1.0,1.0
199,972,0,28,1.0,1.0
200,972,0,28,1.0,1.0
1,999,1,0,1.0,1.0
2,999,1,0,1.0,1.0
3,999,1,0,1.0,1.0
4,999,0,1,1.0,1.0
5,999,0,1,1.0,1.0
6,999,0,1,1.0,1.0
7,999,0,1,1.0,1.0
8,999,0,1,1.0,1.0
9,999,0,1,1.0,1.0
10,999,0,1,1.0,1.0
11,999,0,1,1.0,1.0
12,999,0,1,1.0,1.0
13,999,0,1,1.0,1.0
14,999,0,1,1.0,1.0
15,999,0,1,1.0,1.0
16,999,0,1,1.0,1.0
17,999,0,1,1.0,1.0
18,999,0,1,1.0,1.0
19,999,0,1,1.0,1.0
20,999,0,1,1.0,1.0
21,999,0,1,1.0,1.0
22,999,0,1,1.0,1.0
23,999,0,1,1.0,1.0
24,999,0,1,1.0,1.0
25,999,0,1,1.0,1.0
26,999,0,1,1.0,1.0
27,999,0,1,1.0,1.0
28,999,0,1,1.0,1.0
29,999,0,1,1.0,1.0
30,999,0,1,1.0,1.0
31,999,0,1,1.0,1.0
32,999,0,1,1.0,1.0
33,999,0,1,1.0,1.0
34,999,0,1,1.0,1.0
35,999,0,1,1.0,1.0
36,999,0,1,1.0,1.0
37,999,0,1,1.0,1.0
38,999,0,1,1.0,1.0
39,999,0,1,1.0,1.0
40,999,0,1,1.0,1.0
41,999,0,1,1.0,1.0
42,999,0,1,1.0,1.0
43,999,0,1,1.0,1.0
44,999,0,1,1.0,1.0
45,999,0,1,1.0,1.0
46,999,0,1,1.0,1.0
47,999,0,1,1.0,1.0
48,999,0,1,1.0,1.0
49,999,0,1,1.0,1.0
50,999,0,1,1.0,1.0
51,999,0,1,1.0,1.0
52,999,0,1,1.0,1.0
53,999,0,1,1.0,1.0
54,999,0,1,1.0,1.0
55,999,0,1,1.0,1.0
56,999,0,1,1.0,1.0
57,999,0,1,1.0,1.0
58,999,0,1,1.0,1.0
59,999,0,1,1.0,1.0
60,999,0,1,1.0,1.0
61,999,0,1,1.0,1.0
62,999,0,1,1.0,1.0
63,999,0,1,1.0,1.0
64,999,0,1,1.0,1.0
65,999,0,1,1.0,1.0
66,999,0,1,1.0,1.0
67,999,0,1,1.0,1.0
68,999,0,1,1.0,1.0
69,999,0,1,1.0,1.0
70,999,0,1,1.0,1.0
71,999,0,1,1.0,1.0
72,999,0,1,1.0,1.0
73,999,0,1,1.0,1.0
74,999,0,1,1.0,1.0
75,999,0,1,1.0,1.0
76,999,0,1,1.0,1.0
77,999,0,1,1.0,1.0
78,999,0,1,1.0,1.0
79,999,0,1,1.0,1.0
80,999,0,1,1.0,1.0
81,999,0,1,1.0,1.0
82,999,0,1,1.0,1.0
83,999,0,1,1.0,1.0
84,999,0,1,1.0,1.0
85,999,0,1,1.0,1.0
86,999,0,1,1.0,1.0
87,999,0,1,1.0,1.0
88,999,0,1,1.0,1.0
89,999,0,1,1.0,1.0
90,999,0,1,1.0,1.0
91,999,0,1,1.0,1.0
92,999,0,1,1.0,1.0
93,999,0,1,1.0,1.0
94,999,0,1,1.0,1.0
95,999,0,1,1.0,1.0
96,999,0,1,1.0,1.0
97,999,0,1,1.0,1.0
98,999,0,1,1.0,1.0
99,999,0,1,1.0,1.0
100,999,0,1,1.0,1.0
101,999,0,1,1.0,1.0
102,999,0,1,1.0,1.0
103,999,0,1,1.0,1.0
104,999,0,1,1.0,1.0
105,999,0,1,1.0,1.0
106,999,0,1,1.0,1.0
107,999,0,1,1.0,1.0
108,999,0,1,1.0,1.0
109,999,0,1,1.0,1.0
110,999,0,1,1.0,1.0
111,999,0,1,1.0,1.0
112,999,0,1,1.0,1.0
113,999,0,1,1.0,1.0
114,999,0,1,1.0,1.0
115,999,0,1,1.0,1.0
116,999,0,1,1.0,1.0
117,999,0,1,1.0,1.0
118,999,0,1,1.0,1.0
119,999,0,1,1.0,1.0
120,999,0,1,1.0,1.0
121,999,0,1,1.0,1.0
122,999,0,1,1.0,1.0
123,999,0,1,1.0,1.0
124,999,0,1,1.0,1.0
125,999,0,1,1.0,1.0
126,999,0,1,1.0,1.0
127,999,0,1,1.0,1.0
128,999,0,1,1.0,1.0
129,999,0,1,1.0,1.0
130,999,0,1,1.0,1.0
131,999,0,1,1.0,1.0
132,999,0,1,1.0,1.0
133,999,0,1,1.0,1.0
134,999,0,1,1.0,1.0
135,999,0,1,1.0,1.0
136,999,0,1,1.0,1.0
137,999,0,1,1.0,1.0
138,999,0,1,1.0,1.0
139,999,0,1,1.0,1.0
140,999,0,1,1.0,1.0
141,999,0,1,1.0,1.0
142,999,0,1,1.0,1.0
143,999,0,1,1.0,1.0
144,999,0,1,1.0,1.0
145,999,0,1,1.0,1.0
146,999,0,1,1.0,1.0
147,999,0,1,1.0,1.0
148,999,0,1,1.0,1.0
149,999,0,1,1.0,1.0
150,999,0,1,1.0,1.0
151,999,0,1,1.0,1.0
152,999,0,1,1.0,1.0
153,999,0,1,1.0,1.0
154,999,0,1,1.0,1.0
155,999,0,1,1.0,1.0
156,999,0,1,1.0,1.0
157,999,0,1,1.0,1.0
158,999,0,1,1.0,1.0
159,999,0,1,1.0,1.0
160,999,0,1,1.0,1.0
161,999,0,1,1.0,1.0
162,999,0,1,1.0,1.0
163,999,0,1,1.0,1.0
164,999,0,1,1.0,1.0
165,999,0,1,1.0,1.0
166,999,0,1,1.0,1.0
167,999,0,1,1.0,1.0
168,999,0,1,1.0,1.0
169,999,0,1,1.0,1.0
170,999,0,1,1.0,1.0
171,999,0,1,1.0,1.0
172,999,0,1,1.0,1.0
173,999,0,1,1.0,1.0
174,999,0,1,1.0,1.0
175,999,0,1,1.0,1.0
176,999,0,1,1.0,1.0
177,999,0,1,1.0,1.0
178,999,0,1,1.0,1.0
179,999,0,1,1.0,1.0
180,999,0,1,1.0,1.0
181,999,0,1,1.0,1.0
182,999,0,1,1.0,1.0
183,999,0,1,1.0,1.0
184,999,0,1,1.0,1.0
185,999,0,1,1.0,1.0
186,999,0,1,1.0,1.0
187,999,0,1,1.0,1.0
188,999,0,1,1.0,1.0
189,999,0,1,1.0,1.0
190,999,0,1,1.0,1.0
191,999,0,1,1.0,1.0
192,999,0,1,1.0,1.0
193,999,0,1,1.0,1.0
194,999,0,1,1.0,1.0
195,999,0,1,1.0,1.0
196,999,0,1,1.0,1.0
197,999,0,1,1.0,1.0
198,999,0,1,1.0,1.0
199,999,0,1,1.0,1.0
200,999,0,1,1.0,1.0
1,999,1,0,1.0,1.0
2,999,1,0,1.0,1.0
3,999,1,0,1.0,1.0
4,998,2,0,0.999,0.999498997995992
5,998,2,0,0.999,0.999498997995992
6,998,2,0,0.999,0.999498997995992
7,998,2,0,0.999,0.999498997995992
8,998,2,0,0.999,0.999498997995992
9,998,2,0,0.999,0.999498997995992
10,998,2,0,0.999,0.999498997995992
11,998,2,0,0.999,0.999498997995992
12,998,2,0,0.999,0.999498997995992
13,998,1,1,1.0,1.0
14,998,1,1,1.0,1.0
15,998,1,1,1.0,1.0
16,998,1,1,1.0,1.0
17,997,2,1,0.9995,0.9997492477432297
18,997,2,1,0.9995,0.9997492477432297
19,995,4,1,0.999,0.9994974874371859
20,995,4,1,0.999,0.9994974874371859
21,995,4,1,0.999,0.9994974874371859
22,994,4,2,0.9995,0.9997484909456741
23,994,4,2,0.9995,0.9997484909456741
24,993,5,2,0.9985,0.9992447129909365
25,992,6,2,0.998,0.998991935483871
26,992,6,2,0.998,0.998991935483871
27,992,6,2,0.998,0.998991935483871
28,990,8,2,0.998,0.998989898989899
29,989,9,2,0.999,0.9994944388270981
30,989,9,2,0.999,0.9994944388270981
31,989,9,2,0.999,0.9994944388270981
32,988,8,4,0.9985,0.9992408906882592
33,987,8,5,0.999,0.9994934143870314
34,987,8,5,0.999,0.9994934143870314
35,986,9,5,0.9985,0.9992393509127789
36,985,9,6,0.998,0.9989847715736041
37,985,8,7,0.998,0.9989847715736041
38,985,8,7,0.998,0.9989847715736041
39,985,8,7,0.998,0.9989847715736041
40,984,9,7,0.998,0.9989837398373984
41,984,8,8,0.998,0.9989837398373984
42,984,8,8,0.998,0.9989837398373984
43,982,7,11,1.0,1.0
44,981,7,12,0.9995,0.9997451580020388
45,981,7,12,0.9995,0.9997451580020388
46,981,6,13,0.9995,0.9997451580020388
47,981,5,14,0.9995,0.9997451580020388
48,981,5,14,0.9995,0.9997451580020388
49,981,5,14,0.9995,0.9997451580020388
50,981,5,14,0.9995,0.9997451580020388
51,981,5,14,0.9995,0.9997451580020388
52,981,4,15,1.0,1.0
53,981,4,15,1.0,1.0
54,981,3,16,1.0,1.0
55,981,3,16,1.0,1.0
56,980,3,17,1.0,1.0
57,980,3,17,1.0,1.0
58,980,3,17,1.0,1.0
59,980,3,17,1.0,1.0
60,980,3,17,1.0,1.0
61,980,2,18,1.0,1.0
62,980,2,18,1.0,1.0
63,980,2,18,1.0,1.0
64,980,2,18,1.0,1.0
65,980,1,19,1.0,1.0
66,980,1,19,1.0,1.0
67,980,1,19,1.0,1.0
68,980,1,19,1.0,1.0
69,980,1,19,1.0,1.0
70,979,2,19,0.9995,0.9997446373850868
71,979,2,19,0.9995,0.9997446373850868
72,977,4,19,0.9995,0.9998294097577619
73,977,4,19,0.9995,0.9998294097577619
74,977,3,20,0.9995,0.9998294097577619
75,977,3,20,0.9995,0.9998294097577619
76,977,3,20,0.9995,0.9998294097577619
77,977,3,20,0.9995,0.9998294097577619
78,977,1,22,1.0,1.0
79,977,1,22,1.0,1.0
80,977,1,22,1.0,1.0
81,977,1,22,1.0,1.0
82,977,0,23,1.0,1.0
83,977,0,23,1.0,1.0
84,977,0,23,1.0,1.0
85,977,0,23,1.0,1.0
86,977,0,23,1.0,1.0
87,977,0,23,1.0,1.0
88,977,0,23,1.0,1.0
89,977,0,23,1.0,1.0
90,977,0,23,1.0,1.0
91,977,0,23,1.0,1.0
92,977,0,23,1.0,1.0
93,977,0,23,1.0,1.0
94,977,0,23,1.0,1.0
95,977,0,23,1.0,1.0
96,977,0,23,1.0,1.0
97,977,0,23,1.0,1.0
98,977,0,23,1.0,1.0
99,977,0,23,1.0,1.0
100,977,0,23,1.0,1.0
101,977,0,23,1.0,1.0
102,977,0,23,1.0,1.0
103,977,0,23,1.0,1.0
104,977,0,23,1.0,1.0
105,977,0,23,1.0,1.0
106,977,0,23,1.0,1.0
107,977,0,23,1.0,1.0
108,977,0,23,1.0,1.0
109,977,0,23,1.0,1.0
110,977,0,23,1.0,1.0
111,977,0,23,1.0,1.0
112,977,0,23,1.0,1.0
113,977,0,23,1.0,1.0
114,977,0,23,1.0,1.0
115,977,0,23,1.0,1.0
116,977,0,23,1.0,1.0
117,977,0,23,1.0,1.0
118,977,0,23,1.0,1.0
119,977,0,23,1.0,1.0
120,977,0,23,1.0,1.0
121,977,0,23,1.0,1.0
122,977,0,23,1.0,1.0
123,977,0,23,1.0,1.0
124,977,0,23,1.0,1.0
125,977,0,23,1.0,1.0
126,977,0,23,1.0,1.0
127,977,0,23,1.0,1.0
128,977,0,23,1.0,1.0
129,977,0,23,1.0,1.0
130,977,0,23,1.0,1.0
131,977,0,23,1.0,1.0
132,977,0,23,1.0,1.0
133,977,0,23,1.0,1.0
134,977,0,23,1.0,1.0
135,977,0,23,1.0,1.0
136,977,0,23,1.0,1.0
137,977,0,23,1.0,1.0
138,977,0,23,1.0,1.0
139,977,0,23,1.0,1.0
140,977,0,23,1.0,1.0
141,977,0,23,1.0,1.0
142,977,0,23,1.0,1.0
143,977,0,23,1.0,1.0
144,977,0,23,1.0,1.0
145,977,0,23,1.0,1.0
146,977,0,23,1.0,1.0
147,977,0,23,1.0,1.0
148,977,0,23,1.0,1.0
149,977,0,23,1.0,1.0
150,977,0,23,1.0,1.0
151,977,0,23,1.0,1.0
152,977,0,23,1.0,1.0
153,977,0,23,1.0,1.0
154,977,0,23,1.0,1.0
155,977,0,23,1.0,1.0
156,977,0,23,1.0,1.0
157,977,0,23,1.0,1.0
158,977,0,23,1.0,1.0
159,977,0,23,1.0,1.0
160,977,0,23,1.0,1.0
161,977,0,23,1.0,1.0
162,977,0,23,1.0,1.0
163,977,0,23,1.0,1.0
164,977,0,23,1.0,1.0
165,977,0,23,1.0,1.0
166,977,0,23,1.0,1.0
167,977,0,23,1.0,1.0
168,977,0,23,1.0,1.0
169,977,0,23,1.0,1.0
170,977,0,23,1.0,1.0
171,977,0,23,1.0,1.0
172,977,0,23,1.0,1.0
173,977,0,23,1.0,1.0
174,977,0,23,1.0,1.0
175,977,0,23,1.0,1.0
176,977,0,23,1.0,1.0
177,977,0,23,1.0,1.0
178,977,0,23,1.0,1.0
179,977,0,23,1.0,1.0
180,977,0,23,1.0,1.0
181,977,0,23,1.0,1.0
182,977,0,23,1.0,1.0
183,977,0,23,1.0,1.0
184,977,0,23,1.0,1.0
185,977,0,23,1.0,1.0
186,977,0,23,1.0,1.0
187,977,0,23,1.0,1.0
188,977,0,23,1.0,1.0
189,977,0,23,1.0,1.0
190,977,0,23,1.0,1.0
191,977,0,23,1.0,1.0
192,977,0,23,1.0,1.0
193,977,0,23,1.0,1.0
194,977,0,23,1.0,1.0
195,977,0,23,1.0,1.0
196,977,0,23,1.0,1.0
197,977,0,23,1.0,1.0
198,977,0,23,1.0,1.0
199,977,0,23,1.0,1.0
200,977,0,23,1.0,1.0
1,999,1,0,1.0,1.0
2,999,1,0,1.0,1.0
3,999,1,0,1.0,1.0
4,999,1,0,1.0,1.0
5,999,1,0,1.0,1.0
6,999,1,0,1.0,1.0
7,998,2,0,0.9995,0.999749498997996
8,997,3,0,0.999,0.9994984954864594
9,997,3,0,0.999,0.9994984954864594
10,995,5,0,0.999,0.9994974874371859
11,993,6,1,0.9985,0.9992447129909365
12,993,6,1,0.9985,0.9992447129909365
13,993,6,1,0.9985,0.9992447129909365
14,993,6,1,0.9985,0.9992447129909365
15,993,6,1,0.9985,0.9992447129909365
16,993,6,1,0.9985,0.9992447129909365
17,993,5,2,0.999,0.999496475327291
18,993,5,2,0.999,0.999496475327291
19,993,4,3,0.999,0.999496475327291
20,993,4,3,0.999,0.999496475327291
21,993,3,4,0.9995,0.9997482376636455
22,993,3,4,0.9995,0.9997482376636455
23,993,3,4,0.9995,0.9997482376636455
24,993,2,5,1.0,1.0
25,993,2,5,1.0,1.0
26,993,2,5,1.0,1.0
27,993,2,5,1.0,1.0
28,993,2,5,1.0,1.0
29,993,2,5,1.0,1.0
30,993,2,5,1.0,1.0
31,993,2,5,1.0,1.0
32,993,2,5,1.0,1.0
33,993,2,5,1.0,1.0
34,992,3,5,1.0,1.0
35,992,3,5,1.0,1.0
36,991,4,5,1.0,1.0
37,991,4,5,1.0,1.0
38,991,4,5,1.0,1.0
39,991,4,5,1.0,1.0
40,991,4,5,1.0,1.0
41,991,4,5,1.0,1.0
42,991,4,5,1.0,1.0
43,991,4,5,1.0,1.0
44,991,4,5,1.0,1.0
45,990,5,5,0.9995,0.9997474747474747
46,990,4,6,1.0,1.0
47,990,4,6,1.0,1.0
48,990,4,6,1.0,1.0
49,990,4,6,1.0,1.0
50,990,4,6,1.0,1.0
51,990,4,6,1.0,1.0
52,990,3,7,1.0,1.0
53,990,3,7,1.0,1.0
54,990,3,7,1.0,1.0
55,990,2,8,1.0,1.0
56,990,2,8,1.0,1.0
57,989,2,9,1.0,1.0
58,989,2,9,1.0,1.0
59,989,2,9,1.0,1.0
60,989,2,9,1.0,1.0
61,989,2,9,1.0,1.0
62,989,2,9,1.0,1.0
63,989,2,9,1.0,1.0
64,989,2,9,1.0,1.0
65,989,2,9,1.0,1.0
66,989,2,9,1.0,1.0
67,989,2,9,1.0,1.0
68,989,2,9,1.0,1.0
69,989,2,9,1.0,1.0
70,989,2,9,1.0,1.0
71,989,2,9,1.0,1.0
72,989,2,9,1.0,1.0
73,989,2,9,1.0,1.0
74,989,2,9,1.0,1.0
75,989,2,9,1.0,1.0
76,989,2,9,1.0,1.0
77,989,2,9,1.0,1.0
78,989,2,9,1.0,1.0
79,989,2,9,1.0,1.0
80,989,1,10,1.0,1.0
81,989,1,10,1.0,1.0
82,989,1,10,1.0,1.0
83,989,1,10,1.0,1.0
84,989,1,10,1.0,1.0
85,989,1,10,1.0,1.0
86,989,1,10,1.0,1.0
87,989,1,10,1.0,1.0
88,989,1,10,1.0,1.0
89,989,1,10,1.0,1.0
90,989,1,10,1.0,1.0
91,989,1,10,1.0,1.0
92,989,1,10,1.0,1.0
93,989,1,10,1.0,1.0
94,989,1,10,1.0,1.0
95,989,1,10,1.0,1.0
96,989,1,10,1.0,1.0
97,989,1,10,1.0,1.0
98,989,1,10,1.0,1.0
99,989,1,10,1.0,1.0
100,989,1,10,1.0,1.0
101,989,1,10,1.0,1.0
102,989,1,10,1.0,1.0
103,989,1,10,1.0,1.0
104,989,1,10,1.0,1.0
105,989,1,10,1.0,1.0
106,989,1,10,1.0,1.0
107,989,1,10,1.0,1.0
108,989,1,10,1.0,1.0
109,989,1,10,1.0,1.0
110,989,1,10,1.0,1.0
111,989,1,10,1.0,1.0
112,989,1,10,1.0,1.0
113,989,1,10,1.0,1.0
114,989,1,10,1.0,1.0
115,989,1,10,1.0,1.0
116,989,1,10,1.0,1.0
117,989,1,10,1.0,1.0
118,989,1,10,1.0,1.0
119,989,1,10,1.0,1.0
120,989,1,10,1.0,1.0
121,989,1,10,1.0,1.0
122,989,1,10,1.0,1.0
123,989,1,10,1.0,1.0
124,989,1,10,1.0,1.0
125,989,1,10,1.0,1.0
126,989,1,10,1.0,1.0
127,989,1,10,1.0,1.0
128,989,1,10,1.0,1.0
129,989,1,10,1.0,1.0
130,989,1,10,1.0,1.0
131,989,1,10,1.0,1.0
132,989,1,10,1.0,1.0
133,989,1,10,1.0,1.0
134,989,1,10,1.0,1.0
135,989,1,10,1.0,1.0
136,989,1,10,1.0,1.0
137,989,1,10,1.0,1.0
138,989,1,10,1.0,1.0
139,989,1,10,1.0,1.0
140,989,1,10,1.0,1.0
141,989,1,10,1.0,1.0
142,989,0,11,1.0,1.0
143,989,0,11,1.0,1.0
144,989,0,11,1.0,1.0
145,989,0,11,1.0,1.0
146,989,0,11,1.0,1.0
147,989,0,11,1.0,1.0
148,989,0,11,1.0,1.0
149,989,0,11,1.0,1.0
150,989,0,11,1.0,1.0
151,989,0,11,1.0,1.0
152,989,0,11,1.0,1.0
153,989,0,11,1.0,1.0
154,989,0,11,1.0,1.0
155,989,0,11,1.0,1.0
156,989,0,11,1.0,1.0
157,989,0,11,1.0,1.0
158,989,0,11,1.0,1.0
159,989,0,11,1.0,1.0
160,989,0,11,1.0,1.0
161,989,0,11,1.0,1.0
162,989,0,11,1.0,1.0
163,989,0,11,1.0,1.0
164,989,0,11,1.0,1.0
165,989,0,11,1.0,1.0
166,989,0,11,1.0,1.0
167,989,0,11,1.0,1.0
168,989,0,11,1.0,1.0
169,989,0,11,1.0,1.0
170,989,0,11,1.0,1.0
171,989,0,11,1.0,1.0
172,989,0,11,1.0,1.0
173,989,0,11,1.0,1.0
174,989,0,11,1.0,1.0
175,989,0,11,1.0,1.0
176,989,0,11,1.0,1.0
177,989,0,11,1.0,1.0
178,989,0,11,1.0,1.0
179,989,0,11,1.0,1.0
180,989,0,11,1.0,1.0
181,989,0,11,1.0,1.0
182,989,0,11,1.0,1.0
183,989,0,11,1.0,1.0
184,989,0,11,1.0,1.0
185,989,0,11,1.0,1.0
186,989,0,11,1.0,1.0
187,989,0,11,1.0,1.0
188,989,0,11,1.0,1.0
189,989,0,11,1.0,1.0
190,989,0,11,1.0,1.0
191,989,0,11,1.0,1.0
192,989,0,11,1.0,1.0
193,989,0,11,1.0,1.0
194,989,0,11,1.0,1.0
195,989,0,11,1.0,1.0
196,989,0,11,1.0,1.0
197,989,0,11,1.0,1.0
198,989,0,11,1.0,1.0
199,989,0,11,1.0,1.0
200,989,0,11,1.0,1.0
1,999,1,0,1.0,1.0
2,999,1,0,1.0,1.0
3,999,1,0,1.0,1.0
4,999,0,1,1.0,1.0
5,999,0,1,1.0,1.0
6,999,0,1,1.0,1.0
7,999,0,1,1.0,1.0
8,999,0,1,1.0,1.0
9,999,0,1,1.0,1.0
10,999,0,1,1.0,1.0
11,999,0,1,1.0,1.0
12,999,0,1,1.0,1.0
13,999,0,1,1.0,1.0
14,999,0,1,1.0,1.0
15,999,0,1,1.0,1.0
16,999,0,1,1.0,1.0
17,999,0,1,1.0,1.0
18,999,0,1,1.0,1.0
19,999,0,1,1.0,1.0
20,999,0,1,1.0,1.0
21,999,0,1,1.0,1.0
22,999,0,1,1.0,1.0
23,999,0,1,1.0,1.0
24,999,0,1,1.0,1.0
25,999,0,1,1.0,1.0
26,999,0,1,1.0,1.0
27,999,0,1,1.0,1.0
28,999,0,1,1.0,1.0
29,999,0,1,1.0,1.0
30,999,0,1,1.0,1.0
31,999,0,1,1.0,1.0
32,999,0,1,1.0,1.0
33,999,0,1,1.0,1.0
34,999,0,1,1.0,1.0
35,999,0,1,1.0,1.0
36,999,0,1,1.0,1.0
37,999,0,1,1.0,1.0
38,999,0,1,1.0,1.0
39,999,0,1,1.0,1.0
40,999,0,1,1.0,1.0
41,999,0,1,1.0,1.0
42,999,0,1,1.0,1.0
43,999,0,1,1.0,1.0
44,999,0,1,1.0,1.0
45,999,0,1,1.0,1.0
46,999,0,1,1.0,1.0
47,999,0,1,1.0,1.0
48,999,0,1,1.0,1.0
49,999,0,1,1.0,1.0
50,999,0,1,1.0,1.0
51,999,0,1,1.0,1.0
52,999,0,1,1.0,1.0
53,999,0,1,1.0,1.0
54,999,0,1,1.0,1.0
55,999,0,1,1.0,1.0
56,999,0,1,1.0,1.0
57,999,0,1,1.0,1.0
58,999,0,1,1.0,1.0
59,999,0,1,1.0,1.0
60,999,0,1,1.0,1.0
61,999,0,1,1.0,1.0
62,999,0,1,1.0,1.0
63,999,0,1,1.0,1.0
64,999,0,1,1.0,1.0
65,999,0,1,1.0,1.0
66,999,0,1,1.0,1.0
67,999,0,1,1.0,1.0
68,999,0,1,1.0,1.0
69,999,0,1,1.0,1.0
70,999,0,1,1.0,1.0
71,999,0,1,1.0,1.0
72,999,0,1,1.0,1.0
73,999,0,1,1.0,1.0
74,999,0,1,1.0,1.0
75,999,0,1,1.0,1.0
76,999,0,1,1.0,1.0
77,999,0,1,1.0,1.0
78,999,0,1,1.0,1.0
79,999,0,1,1.0,1.0
80,999,0,1,1.0,1.0
81,999,0,1,1.0,1.0
82,999,0,1,1.0,1.0
83,999,0,1,1.0,1.0
84,999,0,1,1.0,1.0
85,999,0,1,1.0,1.0
86,999,0,1,1.0,1.0
87,999,0,1,1.0,1.0
88,999,0,1,1.0,1.0
89,999,0,1,1.0,1.0
90,999,0,1,1.0,1.0
91,999,0,1,1.0,1.0
92,999,0,1,1.0,1.0
93,999,0,1,1.0,1.0
94,999,0,1,1.0,1.0
95,999,0,1,1.0,1.0
96,999,0,1,1.0,1.0
97,999,0,1,1.0,1.0
98,999,0,1,1.0,1.0
99,999,0,1,1.0,1.0
100,999,0,1,1.0,1.0
101,999,0,1,1.0,1.0
102,999,0,1,1.0,1.0
103,999,0,1,1.0,1.0
104,999,0,1,1.0,1.0
105,999,0,1,1.0,1.0
106,999,0,1,1.0,1.0
107,999,0,1,1.0,1.0
108,999,0,1,1.0,1.0
109,999,0,1,1.0,1.0
110,999,0,1,1.0,1.0
111,999,0,1,1.0,1.0
112,999,0,1,1.0,1.0
113,999,0,1,1.0,1.0
114,999,0,1,1.0,1.0
115,999,0,1,1.0,1.0
116,999,0,1,1.0,1.0
117,999,0,1,1.0,1.0
118,999,0,1,1.0,1.0
119,999,0,1,1.0,1.0
120,999,0,1,1.0,1.0
121,999,0,1,1.0,1.0
122,999,0,1,1.0,1.0
123,999,0,1,1.0,1.0
124,999,0,1,1.0,1.0
125,999,0,1,1.0,1.0
126,999,0,1,1.0,1.0
127,999,0,1,1.0,1.0
128,999,0,1,1.0,1.0
129,999,0,1,1.0,1.0
130,999,0,1,1.0,1.0
131,999,0,1,1.0,1.0
132,999,0,1,1.0,1.0
133,999,0,1,1.0,1.0
134,999,0,1,1.0,1.0
135,999,0,1,1.0,1.0
136,999,0,1,1.0,1.0
137,999,0,1,1.0,1.0
138,999,0,1,1.0,1.0
139,999,0,1,1.0,1.0
140,999,0,1,1.0,1.0
141,999,0,1,1.0,1.0
142,999,0,1,1.0,1.0
143,999,0,1,1.0,1.0
144,999,0,1,1.0,1.0
145,999,0,1,1.0,1.0
146,999,0,1,1.0,1.0
147,999,0,1,1.0,1.0
148,999,0,1,1.0,1.0
149,999,0,1,1.0,1.0
150,999,0,1,1.0,1.0
151,999,0,1,1.0,1.0
152,999,0,1,1.0,1.0
153,999,0,1,1.0,1.0
154,999,0,1,1.0,1.0
155,999,0,1,1.0,1.0
156,999,0,1,1.0,1.0
157,999,0,1,1.0,1.0
158,999,0,1,1.0,1.0
159,999,0,1,1.0,1.0
160,999,0,1,1.0,1.0
161,999,0,1,1.0,1.0
162,999,0,1,1.0,1.0
163,999,0,1,1.0,1.0
164,999,0,1,1.0,1.0
165,999,0,1,1.0,1.0
166,999,0,1,1.0,1.0
167,999,0,1,1.0,1.0
168,999,0,1,1.0,1.0
169,999,0,1,1.0,1.0
170,999,0,1,1.0,1.0
171,999,0,1,1.0,1.0
172,999,0,1,1.0,1.0
173,999,0,1,1.0,1.0
174,999,0,1,1.0,1.0
175,999,0,1,1.0,1.0
176,999,0,1,1.0,1.0
177,999,0,1,1.0,1.0
178,999,0,1,1.0,1.0
179,999,0,1,1.0,1.0
180,999,0,1,1.0,1.0
181,999,0,1,1.0,1.0
182,999,0,1,1.0,1.0
183,999,0,1,1.0,1.0
184,999,0,1,1.0,1.0
185,999,0,1,1.0,1.0
186,999,0,1,1.0,1.0
187,999,0,1,1.0,1.0
188,999,0,1,1.0,1.0
189,999,0,1,1.0,1.0
190,999,0,1,1.0,1.0
191,999,0,1,1.0,1.0
192,999,0,1,1.0,1.0
193,999,0,1,1.0,1.0
194,999,0,1,1.0,1.0
195,999,0,1,1.0,1.0
196,999,0,1,1.0,1.0
197,999,0,1,1.0,1.0
198,999,0,1,1.0,1.0
199,999,0,1,1.0,1.0
200,999,0,1,1.0,1.0
1,998,2,0,0.9995,0.999749498997996
2,998,2,0,0.9995,0.999749498997996
3,998,2,0,0.9995,0.999749498997996
4,998,2,0,0.9995,0.999749498997996
5,998,1,1,1.0,1.0
6,998,1,1,1.0,1.0
7,997,2,1,0.9995,0.9997492477432297
8,997,2,1,0.9995,0.9997492477432297
9,997,2,1,0.9995,0.9997492477432297
10,997,2,1,0.9995,0.9997492477432297
11,997,1,2,1.0,1.0
12,996,2,2,0.999,0.9994979919678715
13,996,2,2,0.999,0.9994979919678715
14,996,2,2,0.999,0.9994979919678715
15,995,3,2,0.9995,0.999748743718593
16,995,3,2,0.9995,0.999748743718593
17,995,3,2,0.9995,0.999748743718593
18,995,3,2,0.9995,0.999748743718593
19,995,3,2,0.9995,0.999748743718593
20,995,3,2,0.9995,0.999748743718593
21,994,4,2,0.999,0.9994969818913481
22,993,5,2,0.9995,0.9997482376636455
23,993,5,2,0.9995,0.9997482376636455
24,992,6,2,0.9995,0.9997479838709677
25,991,7,2,0.999,0.9994954591321897
26,990,8,2,0.9995,0.9997979797979798
27,990,8,2,0.9995,0.9997979797979798
28,990,8,2,0.9995,0.9997979797979798
29,990,8,2,0.9995,0.9997979797979798
30,990,7,3,0.9995,0.9997979797979798
31,990,7,3,0.9995,0.9997979797979798
32,989,8,3,0.999,0.9995955510616785
33,989,8,3,0.999,0.9995955510616785
34,989,8,3,0.999,0.9995955510616785
35,989,7,4,0.9995,0.9997977755308392
36,989,7,4,0.9995,0.9997977755308392
37,989,7,4,0.9995,0.9997977755308392
38,989,7,4,0.9995,0.9997977755308392
39,989,7,4,0.9995,0.9997977755308392
40,989,6,5,1.0,1.0
41,989,6,5,1.0,1.0
42,989,6,5,1.0,1.0
43,989,6,5,1.0,1.0
44,989,6,5,1.0,1.0
45,989,6,5,1.0,1.0
46,989,6,5,1.0,1.0
47,989,6,5,1.0,1.0
48,989,6,5,1.0,1.0
49,989,5,6,1.0,1.0
50,989,5,6,1.0,1.0
51,989,5,6,1.0,1.0
52,989,5,6,1.0,1.0
53,989,5,6,1.0,1.0
54,989,5,6,1.0,1.0
55,989,5,6,1.0,1.0
56,989,5,6,1.0,1.0
57,989,5,6,1.0,1.0
58,989,5,6,1.0,1.0
59,989,5,6,1.0,1.0
60,989,5,6,1.0,1.0
61,989,4,7,1.0,1.0
62,989,3,8,1.0,1.0
63,989,3,8,1.0,1.0
64,989,3,8,1.0,1.0
65,989,3,8,1.0,1.0
66,989,3,8,1.0,1.0
67,989,3,8,1.0,1.0
68,989,3,8,1.0,1.0
69,989,3,8,1.0,1.0
70,989,3,8,1.0,1.0
71,989,3,8,1.0,1.0
72,989,3,8,1.0,1.0
73,989,3,8,1.0,1.0
74,989,3,8,1.0,1.0
75,989,3,8,1.0,1.0
76,989,3,8,1.0,1.0
77,989,3,8,1.0,1.0
78,989,3,8,1.0,1.0
79,989,2,9,1.0,1.0
80,989,2,9,1.0,1.0
81,989,2,9,1.0,1.0
82,989,2,9,1.0,1.0
83,989,2,9,1.0,1.0
84,989,2,9,1.0,1.0
85,989,1,10,1.0,1.0
86,989,1,10,1.0,1.0
87,989,1,10,1.0,1.0
88,989,1,10,1.0,1.0
89,989,1,10,1.0,1.0
90,989,1,10,1.0,1.0
91,989,1,10,1.0,1.0
92,989,1,10,1.0,1.0
93,989,0,11,1.0,1.0
94,989,0,11,1.0,1.0
95,989,0,11,1.0,1.0
96,989,0,11,1.0,1.0
97,989,0,11,1.0,1.0
98,989,0,11,1.0,1.0
99,989,0,11,1.0,1.0
100,989,0,11,1.0,1.0
101,989,0,11,1.0,1.0
102,989,0,11,1.0,1.0
103,989,0,11,1.0,1.0
104,989,0,11,1.0,1.0
105,989,0,11,1.0,1.0
106,989,0,11,1.0,1.0
107,989,0,11,1.0,1.0
108,989,0,11,1.0,1.0
109,989,0,11,1.0,1.0
110,989,0,11,1.0,1.0
111,989,0,11,1.0,1.0
112,989,0,11,1.0,1.0
113,989,0,11,1.0,1.0
114,989,0,11,1.0,1.0
115,989,0,11,1.0,1.0
116,989,0,11,1.0,1.0
117,989,0,11,1.0,1.0
118,989,0,11,1.0,1.0
119,989,0,11,1.0,1.0
120,989,0,11,1.0,1.0
121,989,0,11,1.0,1.0
122,989,0,11,1.0,1.0
123,989,0,11,1.0,1.0
124,989,0,11,1.0,1.0
125,989,0,11,1.0,1.0
126,989,0,11,1.0,1.0
127,989,0,11,1.0,1.0
128,989,0,11,1.0,1.0
129,989,0,11,1.0,1.0
130,989,0,11,1.0,1.0
131,989,0,11,1.0,1.0
132,989,0,11,1.0,1.0
133,989,0,11,1.0,1.0
134,989,0,11,1.0,1.0
135,989,0,11,1.0,1.0
136,989,0,11,1.0,1.0
137,989,0,11,1.0,1.0
138,989,0,11,1.0,1.0
139,989,0,11,1.0,1.0
140,989,0,11,1.0,1.0
141,989,0,11,1.0,1.0
142,989,0,11,1.0,1.0
143,989,0,11,1.0,1.0
144,989,0,11,1.0,1.0
145,989,0,11,1.0,1.0
146,989,0,11,1.0,1.0
147,989,0,11,1.0,1.0
148,989,0,11,1.0,1.0
149,989,0,11,1.0,1.0
150,989,0,11,1.0,1.0
151,989,0,11,1.0,1.0
152,989,0,11,1.0,1.0
153,989,0,11,1.0,1.0
154,989,0,11,1.0,1.0
155,989,0,11,1.0,1.0
156,989,0,11,1.0,1.0
157,989,0,11,1.0,1.0
158,989,0,11,1.0,1.0
159,989,0,11,1.0,1.0
160,989,0,11,1.0,1.0
161,989,0,11,1.0,1.0
162,989,0,11,1.0,1.0
163,989,0,11,1.0,1.0
164,989,0,11,1.0,1.0
165,989,0,11,1.0,1.0
166,989,0,11,1.0,1.0
167,989,0,11,1.0,1.0
168,989,0,11,1.0,1.0
169,989,0,11,1.0,1.0
170,989,0,11,1.0,1.0
171,989,0,11,1.0,1.0
172,989,0,11,1.0,1.0
173,989,0,11,1.0,1.0
174,989,0,11,1.0,1.0
175,989,0,11,1.0,1.0
176,989,0,11,1.0,1.0
177,989,0,11,1.0,1.0
178,989,0,11,1.0,1.0
179,989,0,11,1.0,1.0
180,989,0,11,1.0,1.0
181,989,0,11,1.0,1.0
182,989,0,11,1.0,1.0
183,989,0,11,1.0,1.0
184,989,0,11,1.0,1.0
185,989,0,11,1.0,1.0
186,989,0,11,1.0,1.0
187,989,0,11,1.0,1.0
188,989,0,11,1.0,1.0
189,989,0,11,1.0,1.0
190,989,0,11,1.0,1.0
191,989,0,11,1.0,1.0
192,989,0,11,1.0,1.0
193,989,0,11,1.0,1.0
194,989,0,11,1.0,1.0
195,989,0,11,1.0,1.0
196,989,0,11,1.0,1.0
197,989,0,11,1.0,1.0
198,989,0,11,1.0,1.0
199,989,0,11,1.0,1.0
200,989,0,11,1.0,1.0
1,999,1,0,1.0,1.0
2,998,2,0,0.9995,0.999749498997996
3,997,2,1,0.999,0.9994984954864594
4,997,2,1,0.999,0.9994984954864594
5,997,2,1,0.999,0.9994984954864594
6,997,2,1,0.999,0.9994984954864594
7,997,2,1,0.999,0.9994984954864594
8,997,2,1,0.999,0.9994984954864594
9,997,2,1,0.999,0.9994984954864594
10,997,2,1,0.999,0.9994984954864594
11,997,2,1,0.999,0.9994984954864594
12,997,2,1,0.999,0.9994984954864594
13,997,2,1,0.999,0.9994984954864594
14,997,2,1,0.999,0.9994984954864594
15,997,2,1,0.999,0.9994984954864594
16,996,3,1,0.999,0.9994979919678715
17,996,3,1,0.999,0.9994979919678715
18,996,2,2,1.0,1.0
19,996,2,2,1.0,1.0
20,996,2,2,1.0,1.0
21,996,2,2,1.0,1.0
22,996,2,2,1.0,1.0
23,996,2,2,1.0,1.0
24,996,2,2,1.0,1.0
25,996,2,2,1.0,1.0
26,995,3,2,0.9995,0.999748743718593
27,995,3,2,0.9995,0.999748743718593
28,995,3,2,0.9995,0.999748743718593
29,995,3,2,0.9995,0.999748743718593
30,995,3,2,0.9995,0.999748743718593
31,995,3,2,0.9995,0.999748743718593
32,994,4,2,0.999,0.9994969818913481
33,993,5,2,0.999,0.999496475327291
34,993,4,3,0.999,0.999496475327291
35,993,4,3,0.999,0.999496475327291
36,993,4,3,0.999,0.999496475327291
37,993,4,3,0.999,0.999496475327291
38,993,4,3,0.999,0.999496475327291
39,993,4,3,0.999,0.999496475327291
40,993,4,3,0.999,0.999496475327291
41,993,4,3,0.999,0.999496475327291
42,993,3,4,0.9995,0.9997482376636455
43,993,3,4,0.9995,0.9997482376636455
44,993,3,4,0.9995,0.9997482376636455
45,993,3,4,0.9995,0.9997482376636455
46,993,3,4,0.9995,0.9997482376636455
47,993,3,4,0.9995,0.9997482376636455
48,993,3,4,0.9995,0.9997482376636455
49,993,3,4,0.9995,0.9997482376636455
50,993,3,4,0.9995,0.9997482376636455
51,993,3,4,0.9995,0.9997482376636455
52,993,3,4,0.9995,0.9997482376636455
53,993,3,4,0.9995,0.9997482376636455
54,993,2,5,1.0,1.0
55,993,2,5,1.0,1.0
56,993,2,5,1.0,1.0
57,993,2,5,1.0,1.0
58,993,2,5,1.0,1.0
59,993,2,5,1.0,1.0
60,993,2,5,1.0,1.0
61,993,1,6,1.0,1.0
62,993,1,6,1.0,1.0
63,993,1,6,1.0,1.0
64,993,1,6,1.0,1.0
65,993,1,6,1.0,1.0
66,993,1,6,1.0,1.0
67,993,1,6,1.0,1.0
68,993,0,7,1.0,1.0
69,993,0,7,1.0,1.0
70,993,0,7,1.0,1.0
71,993,0,7,1.0,1.0
72,993,0,7,1.0,1.0
73,993,0,7,1.0,1.0
74,993,0,7,1.0,1.0
75,993,0,7,1.0,1.0
76,993,0,7,1.0,1.0
77,993,0,7,1.0,1.0
78,993,0,7,1.0,1.0
79,993,0,7,1.0,1.0
80,993,0,7,1.0,1.0
81,993,0,7,1.0,1.0
82,993,0,7,1.0,1.0
83,993,0,7,1.0,1.0
84,993,0,7,1.0,1.0
85,993,0,7,1.0,1.0
86,993,0,7,1.0,1.0
87,993,0,7,1.0,1.0
88,993,0,7,1.0,1.0
89,993,0,7,1.0,1.0
90,993,0,7,1.0,1.0
91,993,0,7,1.0,1.0
92,993,0,7,1.0,1.0
93,993,0,7,1.0,1.0
94,993,0,7,1.0,1.0
95,993,0,7,1.0,1.0
96,993,0,7,1.0,1.0
97,993,0,7,1.0,1.0
98,993,0,7,1.0,1.0
99,993,0,7,1.0,1.0
100,993,0,7,1.0,1.0
101,993,0,7,1.0,1.0
102,993,0,7,1.0,1.0
103,993,0,7,1.0,1.0
104,993,0,7,1.0,1.0
105,993,0,7,1.0,1.0
106,993,0,7,1.0,1.0
107,993,0,7,1.0,1.0
108,993,0,7,1.0,1.0
109,993,0,7,1.0,1.0
110,993,0,7,1.0,1.0
111,993,0,7,1.0,1.0
112,993,0,7,1.0,1.0
113,993,0,7,1.0,1.0
114,993,0,7,1.0,1.0
115,993,0,7,1.0,1.0
116,993,0,7,1.0,1.0
117,993,0,7,1.0,1.0
118,993,0,7,1.0,1.0
119,993,0,7,1.0,1.0
120,993,0,7,1.0,1.0
121,993,0,7,1.0,1.0
122,993,0,7,1.0,1.0
123,993,0,7,1.0,1.0
124,993,0,7,1.0,1.0
125,993,0,7,1.0,1.0
126,993,0,7,1.0,1.0
127,993,0,7,1.0,1.0
128,993,0,7,1.0,1.0
129,993,0,7,1.0,1.0
130,993,0,7,1.0,1.0
131,993,0,7,1.0,1.0
132,993,0,7,1.0,1.0
133,993,0,7,1.0,1.0
134,993,0,7,1.0,1.0
135,993,0,7,1.0,1.0
136,993,0,7,1.0,1.0
137,993,0,7,1.0,1.0
138,993,0,7,1.0,1.0
139,993,0,7,1.0,1.0
140,993,0,7,1.0,1.0
141,993,0,7,1.0,1.0
142,993,0,7,1.0,1.0
143,993,0,7,1.0,1.0
144,993,0,7,1.0,1.0
145,993,0,7,1.0,1.0
146,993,0,7,1.0,1.0
147,993,0,7,1.0,1.0
148,993,0,7,1.0,1.0
149,993,0,7,1.0,1.0
150,993,0,7,1.0,1.0
151,993,0,7,1.0,1.0
152,993,0,7,1.0,1.0
153,993,0,7,1.0,1.0
154,993,0,7,1.0,1.0
155,993,0,7,1.0,1.0
156,993,0,7,1.0,1.0
157,993,0,7,1.0,1.0
158,993,0,7,1.0,1.0
159,993,0,7,1.0,1.0
160,993,0,7,1.0,1.0
161,993,0,7,1.0,1.0
162,993,0,7,1.0,1.0
163,993,0,7,1.0,1.0
164,993,0,7,1.0,1.0
165,993,0,7,1.0,1.0
166,993,0,7,1.0,1.0
167,993,0,7,1.0,1.0
168,993,0,7,1.0,1.0
169,993,0,7,1.0,1.0
170,993,0,7,1.0,1.0
171,993,0,7,1.0,1.0
172,993,0,7,1.0,1.0
173,993,0,7,1.0,1.0
174,993,0,7,1.0,1.0
175,993,0,7,1.0,1.0
176,993,0,7,1.0,1.0
177,993,0,7,1.0,1.0
178,993,0,7,1.0,1.0
179,993,0,7,1.0,1.0
180,993,0,7,1.0,1.0
181,993,0,7,1.0,1.0
182,993,0,7,1.0,1.0
183,993,0,7,1.0,1.0
184,993,0,7,1.0,1.0
185,993,0,7,1.0,1.0
186,993,0,7,1.0,1.0
187,993,0,7,1.0,1.0
188,993,0,7,1.0,1.0
189,993,0,7,1.0,1.0
190,993,0,7,1.0,1.0
191,993,0,7,1.0,1.0
192,993,0,7,1.0,1.0
193,993,0,7,1.0,1.0
194,993,0,7,1.0,1.0
195,993,0,7,1.0,1.0
196,993,0,7,1.0,1.0
197,993,0,7,1.0,1.0
198,993,0,7,1.0,1.0
199,993,0,7,1.0,1.0
200,993,0,7,1.0,1.0
1,999,1,0,1.0,1.0
2,999,1,0,1.0,1.0
3,999,1,0,1.0,1.0
4,999,1,0,1.0,1.0
5,999,1,0,1.0,1.0
6,999,1,0,1.0,1.0
7,999,1,0,1.0,1.0
8,999,1,0,1.0,1.0
9,999,1,0,1.0,1.0
10,999,1,0,1.0,1.0
11,999,0,1,1.0,1.0
12,999,0,1,1.0,1.0
13,999,0,1,1.0,1.0
14,999,0,1,1.0,1.0
15,999,0,1,1.0,1.0
16,999,0,1,1.0,1.0
17,999,0,1,1.0,1.0
18,999,0,1,1.0,1.0
19,999,0,1,1.0,1.0
20,999,0,1,1.0,1.0
21,999,0,1,1.0,1.0
22,999,0,1,1.0,1.0
23,999,0,1,1.0,1.0
24,999,0,1,1.0,1.0
25,999,0,1,1.0,1.0
26,999,0,1,1.0,1.0
27,999,0,1,1.0,1.0
28,999,0,1,1.0,1.0
29,999,0,1,1.0,1.0
30,999,0,1,1.0,1.0
31,999,0,1,1.0,1.0
32,999,0,1,1.0,1.0
33,999,0,1,1.0,1.0
34,999,0,1,1.0,1.0
35,999,0,1,1.0,1.0
36,999,0,1,1.0,1.0
37,999,0,1,1.0,1.0
38,999,0,1,1.0,1.0
39,999,0,1,1.0,1.0
40,999,0,1,1.0,1.0
41,999,0,1,1.0,1.0
42,999,0,1,1.0,1.0
43,999,0,1,1.0,1.0
44,999,0,1,1.0,1.0
45,999,0,1,1.0,1.0
46,999,0,1,1.0,1.0
47,999,0,1,1.0,1.0
48,999,0,1,1.0,1.0
49,999,0,1,1.0,1.0
50,999,0,1,1.0,1.0
51,999,0,1,1.0,1.0
52,999,0,1,1.0,1.0
53,999,0,1,1.0,1.0
54,999,0,1,1.0,1.0
55,999,0,1,1.0,1.0
56,999,0,1,1.0,1.0
57,999,0,1,1.0,1.0
58,999,0,1,1.0,1.0
59,999,0,1,1.0,1.0
60,999,0,1,1.0,1.0
61,999,0,1,1.0,1.0
62,999,0,1,1.0,1.0
63,999,0,1,1.0,1.0
64,999,0,1,1.0,1.0
65,999,0,1,1.0,1.0
66,999,0,1,1.0,1.0
67,999,0,1,1.0,1.0
68,999,0,1,1.0,1.0
69,999,0,1,1.0,1.0
70,999,0,1,1.0,1.0
71,999,0,1,1.0,1.0
72,999,0,1,1.0,1.0
73,999,0,1,1.0,1.0
74,999,0,1,1.0,1.0
75,999,0,1,1.0,1.0
76,999,0,1,1.0,1.0
77,999,0,1,1.0,1.0
78,999,0,1,1.0,1.0
79,999,0,1,1.0,1.0
80,999,0,1,1.0,1.0
81,999,0,1,1.0,1.0
82,999,0,1,1.0,1.0
83,999,0,1,1.0,1.0
84,999,0,1,1.0,1.0
85,999,0,1,1.0,1.0
86,999,0,1,1.0,1.0
87,999,0,1,1.0,1.0
88,999,0,1,1.0,1.0
89,999,0,1,1.0,1.0
90,999,0,1,1.0,1.0
91,999,0,1,1.0,1.0
92,999,0,1,1.0,1.0
93,999,0,1,1.0,1.0
94,999,0,1,1.0,1.0
95,999,0,1,1.0,1.0
96,999,0,1,1.0,1.0
97,999,0,1,1.0,1.0
98,999,0,1,1.0,1.0
99,999,0,1,1.0,1.0
100,999,0,1,1.0,1.0
101,999,0,1,1.0,1.0
102,999,0,1,1.0,1.0
103,999,0,1,1.0,1.0
104,999,0,1,1.0,1.0
105,999,0,1,1.0,1.0
106,999,0,1,1.0,1.0
107,999,0,1,1.0,1.0
108,999,0,1,1.0,1.0
109,999,0,1,1.0,1.0
110,999,0,1,1.0,1.0
111,999,0,1,1.0,1.0
112,999,0,1,1.0,1.0
113,999,0,1,1.0,1.0
114,999,0,1,1.0,1.0
115,999,0,1,1.0,1.0
116,999,0,1,1.0,1.0
117,999,0,1,1.0,1.0
118,999,0,1,1.0,1.0
119,999,0,1,1.0,1.0
120,999,0,1,1.0,1.0
121,999,0,1,1.0,1.0
122,999,0,1,1.0,1.0
123,999,0,1,1.0,1.0
124,999,0,1,1.0,1.0
125,999,0,1,1.0,1.0
126,999,0,1,1.0,1.0
127,999,0,1,1.0,1.0
128,999,0,1,1.0,1.0
129,999,0,1,1.0,1.0
130,999,0,1,1.0,1.0
131,999,0,1,1.0,1.0
132,999,0,1,1.0,1.0
133,999,0,1,1.0,1.0
134,999,0,1,1.0,1.0
135,999,0,1,1.0,1.0
136,999,0,1,1.0,1.0
137,999,0,1,1.0,1.0
138,999,0,1,1.0,1.0
139,999,0,1,1.0,1.0
140,999,0,1,1.0,1.0
141,999,0,1,1.0,1.0
142,999,0,1,1.0,1.0
143,999,0,1,1.0,1.0
144,999,0,1,1.0,1.0
145,999,0,1,1.0,1.0
146,999,0,1,1.0,1.0
147,999,0,1,1.0,1.0
148,999,0,1,1.0,1.0
149,999,0,1,1.0,1.0
150,999,0,1,1.0,1.0
151,999,0,1,1.0,1.0
152,999,0,1,1.0,1.0
153,999,0,1,1.0,1.0
154,999,0,1,1.0,1.0
155,999,0,1,1.0,1.0
156,999,0,1,1.0,1.0
157,999,0,1,1.0,1.0
158,999,0,1,1.0,1.0
159,999,0,1,1.0,1.0
160,999,0,1,1.0,1.0
161,999,0,1,1.0,1.0
162,999,0,1,1.0,1.0
163,999,0,1,1.0,1.0
164,999,0,1,1.0,1.0
165,999,0,1,1.0,1.0
166,999,0,1,1.0,1.0
167,999,0,1,1.0,1.0
168,999,0,1,1.0,1.0
169,999,0,1,1.0,1.0
170,999,0,1,1.0,1.0
171,999,0,1,1.0,1.0
172,999,0,1,1.0,1.0
173,999,0,1,1.0,1.0
174,999,0,1,1.0,1.0
175,999,0,1,1.0,1.0
176,999,0,1,1.0,1.0
177,999,0,1,1.0,1.0
178,999,0,1,1.0,1.0
179,999,0,1,1.0,1.0
180,999,0,1,1.0,1.0
181,999,0,1,1.0,1.0
182,999,0,1,1.0,1.0
183,999,0,1,1.0,1.0
184,999,0,1,1.0,1.0
185,999,0,1,1.0,1.0
186,999,0,1,1.0,1.0
187,999,0,1,1.0,1.0
188,999,0,1,1.0,1.0
189,999,0,1,1.0,1.0
190,999,0,1,1.0,1.0
191,999,0,1,1.0,1.0
192,999,0,1,1.0,1.0
193,999,0,1,1.0,1.0
194,999,0,1,1.0,1.0
195,999,0,1,1.0,1.0
196,999,0,1,1.0,1.0
197,999,0,1,1.0,1.0
198,999,0,1,1.0,1.0
199,999,0,1,1.0,1.0
200,999,0,1,1.0,1.0
1,999,1,0,1.0,1.0
2,999,1,0,1.0,1.0
3,998,2,0,0.999,0.9995490981963927
4,998,1,1,1.0,1.0
5,998,0,2,1.0,1.0
6,998,0,2,1.0,1.0
7,998,0,2,1.0,1.0
8,998,0,2,1.0,1.0
9,998,0,2,1.0,1.0
10,998,0,2,1.0,1.0
11,998,0,2,1.0,1.0
12,998,0,2,1.0,1.0
13,998,0,2,1.0,1.0
14,998,0,2,1.0,1.0
15,998,0,2,1.0,1.0
16,998,0,2,1.0,1.0
17,998,0,2,1.0,1.0
18,998,0,2,1.0,1.0
19,998,0,2,1.0,1.0
20,998,0,2,1.0,1.0
21,998,0,2,1.0,1.0
22,998,0,2,1.0,1.0
23,998,0,2,1.0,1.0
24,998,0,2,1.0,1.0
25,998,0,2,1.0,1.0
26,998,0,2,1.0,1.0
27,998,0,2,1.0,1.0
28,998,0,2,1.0,1.0
29,998,0,2,1.0,1.0
30,998,0,2,1.0,1.0
31,998,0,2,1.0,1.0
32,998,0,2,1.0,1.0
33,998,0,2,1.0,1.0
34,998,0,2,1.0,1.0
35,998,0,2,1.0,1.0
36,998,0,2,1.0,1.0
37,998,0,2,1.0,1.0
38,998,0,2,1.0,1.0
39,998,0,2,1.0,1.0
40,998,0,2,1.0,1.0
41,998,0,2,1.0,1.0
42,998,0,2,1.0,1.0
43,998,0,2,1.0,1.0
44,998,0,2,1.0,1.0
45,998,0,2,1.0,1.0
46,998,0,2,1.0,1.0
47,998,0,2,1.0,1.0
48,998,0,2,1.0,1.0
49,998,0,2,1.0,1.0
50,998,0,2,1.0,1.0
51,998,0,2,1.0,1.0
52,998,0,2,1.0,1.0
53,998,0,2,1.0,1.0
54,998,0,2,1.0,1.0
55,998,0,2,1.0,1.0
56,998,0,2,1.0,1.0
57,998,0,2,1.0,1.0
58,998,0,2,1.0,1.0
59,998,0,2,1.0,1.0
60,998,0,2,1.0,1.0
61,998,0,2,1.0,1.0
62,998,0,2,1.0,1.0
63,998,0,2,1.0,1.0
64,998,0,2,1.0,1.0
65,998,0,2,1.0,1.0
66,998,0,2,1.0,1.0
67,998,0,2,1.0,1.0
68,998,0,2,1.0,1.0
69,998,0,2,1.0,1.0
70,998,0,2,1.0,1.0
71,998,0,2,1.0,1.0
72,998,0,2,1.0,1.0
73,998,0,2,1.0,1.0
74,998,0,2,1.0,1.0
75,998,0,2,1.0,1.0
76,998,0,2,1.0,1.0
77,998,0,2,1.0,1.0
78,998,0,2,1.0,1.0
79,998,0,2,1.0,1.0
80,998,0,2,1.0,1.0
81,998,0,2,1.0,1.0
82,998,0,2,1.0,1.0
83,998,0,2,1.0,1.0
84,998,0,2,1.0,1.0
85,998,0,2,1.0,1.0
86,998,0,2,1.0,1.0
87,998,0,2,1.0,1.0
88,998,0,2,1.0,1.0
89,998,0,2,1.0,1.0
90,998,0,2,1.0,1.0
91,998,0,2,1.0,1.0
92,998,0,2,1.0,1.0
93,998,0,2,1.0,1.0
94,998,0,2,1.0,1.0
95,998,0,2,1.0,1.0
96,998,0,2,1.0,1.0
97,998,0,2,1.0,1.0
98,998,0,2,1.0,1.0
99,998,0,2,1.0,1.0
100,998,0,2,1.0,1.0
101,998,0,2,1.0,1.0
102,998,0,2,1.0,1.0
103,998,0,2,1.0,1.0
104,998,0,2,1.0,1.0
105,998,0,2,1.0,1.0
106,998,0,2,1.0,1.0
107,998,0,2,1.0,1.0
108,998,0,2,1.0,1.0
109,998,0,2,1.0,1.0
110,998,0,2,1.0,1.0
111,998,0,2,1.0,1.0
112,998,0,2,1.0,1.0
113,998,0,2,1.0,1.0
114,998,0,2,1.0,1.0
115,998,0,2,1.0,1.0
116,998,0,2,1.0,1.0
117,998,0,2,1.0,1.0
118,998,0,2,1.0,1.0
119,998,0,2,1.0,1.0
120,998,0,2,1.0,1.0
121,998,0,2,1.0,1.0
122,998,0,2,1.0,1.0
123,998,0,2,1.0,1.0
124,998,0,2,1.0,1.0
125,998,0,2,1.0,1.0
126,998,0,2,1.0,1.0
127,998,0,2,1.0,1.0
128,998,0,2,1.0,1.0
129,998,0,2,1.0,1.0
130,998,0,2,1.0,1.0
131,998,0,2,1.0,1.0
132,998,0,2,1.0,1.0
133,998,0,2,1.0,1.0
134,998,0,2,1.0,1.0
135,998,0,2,1.0,1.0
136,998,0,2,1.0,1.0
137,998,0,2,1.0,1.0
138,998,0,2,1.0,1.0
139,998,0,2,1.0,1.0
140,998,0,2,1.0,1.0
141,998,0,2,1.0,1.0
142,998,0,2,1.0,1.0
143,998,0,2,1.0,1.0
144,998,0,2,1.0,1.0
145,998,0,2,1.0,1.0
146,998,0,2,1.0,1.0
147,998,0,2,1.0,1.0
148,998,0,2,1.0,1.0
149,998,0,2,1.0,1.0
150,998,0,2,1.0,1.0
151,998,0,2,1.0,1.0
152,998,0,2,1.0,1.0
153,998,0,2,1.0,1.0
154,998,0,2,1.0,1.0
155,998,0,2,1.0,1.0
156,998,0,2,1.0,1.0
157,998,0,2,1.0,1.0
158,998,0,2,1.0,1.0
159,998,0,2,1.0,1.0
160,998,0,2,1.0,1.0
161,998,0,2,1.0,1.0
162,998,0,2,1.0,1.0
163,998,0,2,1.0,1.0
164,998,0,2,1.0,1.0
165,998,0,2,1.0,1.0
166,998,0,2,1.0,1.0
167,998,0,2,1.0,1.0
168,998,0,2,1.0,1.0
169,998,0,2,1.0,1.0
170,998,0,2,1.0,1.0
171,998,0,2,1.0,1.0
172,998,0,2,1.0,1.0
173,998,0,2,1.0,1.0
174,998,0,2,1.0,1.0
175,998,0,2,1.0,1.0
176,998,0,2,1.0,1.0
177,998,0,2,1.0,1.0
178,998,0,2,1.0,1.0
179,998,0,2,1.0,1.0
180,998,0,2,1.0,1.0
181,998,0,2,1.0,1.0
182,998,0,2,1.0,1.0
183,998,0,2,1.0,1.0
184,998,0,2,1.0,1.0
185,998,0,2,1.0,1.0
186,998,0,2,1.0,1.0
187,998,0,2,1.0,1.0
188,998,0,2,1.0,1.0
189,998,0,2,1.0,1.0
190,998,0,2,1.0,1.0
191,998,0,2,1.0,1.0
192,998,0,2,1.0,1.0
193,998,0,2,1.0,1.0
194,998,0,2,1.0,1.0
195,998,0,2,1.0,1.0
196,998,0,2,1.0,1.0
197,998,0,2,1.0,1.0
198,998,0,2,1.0,1.0
199,998,0,2,1.0,1.0
200,998,0,2,1.0,1.0
