day,s,i,r,edgecount,suscedgecount
1,499,1,0,1.0,1.0
2,497,3,0,0.9956666666666667,0.9978298415491137
3,495,5,0,0.9956666666666667,0.9978210732321404
4,493,5,2,0.9956666666666667,0.997812233772636
5,492,6,2,0.9923333333333333,0.9961231128591502
6,489,9,2,0.9863333333333333,0.9930438409744001
7,483,15,2,0.9806666666666667,0.9899968647056594
8,475,21,4,0.97,0.9841030234279662
9,465,30,5,0.9561666666666667,0.9762534114890357
10,458,37,5,0.9378333333333333,0.9658448571378132
11,441,50,9,0.9195,0.9541742648885506
12,418,67,15,0.8848333333333334,0.930973251759605
13,382,97,21,0.8425,0.8968873601169299
14,360,113,27,0.828,0.8802690846458963
15,328,141,31,0.806,0.8518761511749319
16,297,164,39,0.7925,0.824742793360049
17,268,188,44,0.784,0.79775418248556
18,233,217,50,0.7883333333333333,0.771999741329693
19,204,237,59,0.7901666666666667,0.7420830102968793
20,183,251,66,0.7978333333333333,0.7219430374392799
21,159,260,81,0.808,0.6964866185028672
22,133,278,89,0.8226666666666667,0.6645229093376923
23,111,289,100,0.8373333333333334,0.6314874929596516
24,93,294,113,0.8575,0.6136662939132121
25,78,295,127,0.8746666666666667,0.594291298983548
26,65,295,140,0.8935,0.5865919067144204
27,56,289,155,0.9116666666666666,0.6029425012485243
28,49,286,165,0.9223333333333333,0.6008671768635343
29,36,290,174,0.941,0.5861216595789441
30,29,283,188,0.9526666666666667,0.5882119497676194
31,20,280,200,0.9676666666666667,0.5938028040693945
32,16,273,211,0.9743333333333334,0.600158800274647
33,14,264,222,0.9785,0.6143481526948344
34,10,257,233,0.984,0.5875465987102143
35,8,244,248,0.9875,0.5938082483877678
36,7,239,254,0.9891666666666666,0.5940285496349569
37,3,233,264,0.9951666666666666,0.5626849733028223
38,3,223,274,0.9955,0.5947215865751335
39,3,216,281,0.9956666666666667,0.6122654462242563
40,2,208,290,0.997,0.6243478260869566
41,2,203,295,0.997,0.6243478260869566
42,2,196,302,0.9971666666666666,0.6460869565217391
43,2,185,313,0.9971666666666666,0.6460869565217391
44,1,181,318,0.9985,0.6086956521739131
45,1,171,328,0.9986666666666667,0.6521739130434783
46,1,164,335,0.9986666666666667,0.6521739130434783
47,1,159,340,0.9986666666666667,0.6521739130434783
48,1,147,352,0.999,0.7391304347826086
49,1,144,355,0.999,0.7391304347826086
50,1,143,356,0.999,0.7391304347826086
51,1,139,360,0.999,0.7391304347826086
52,1,134,365,0.999,0.7391304347826086
53,1,126,373,0.999,0.7391304347826086
54,1,121,378,0.999,0.7391304347826086
55,1,115,384,0.999,0.7391304347826086
56,1,112,387,0.999,0.7391304347826086
57,1,109,390,0.999,0.7391304347826086
58,1,100,399,0.999,0.7391304347826086
59,1,95,404,0.999,0.7391304347826086
60,0,91,409,1.0,
61,0,89,411,1.0,
62,0,87,413,1.0,
63,0,84,416,1.0,
64,0,83,417,1.0,
65,0,74,426,1.0,
66,0,73,427,1.0,
67,0,69,431,1.0,
68,0,68,432,1.0,
69,0,67,433,1.0,
70,0,65,435,1.0,
71,0,65,435,1.0,
72,0,61,439,1.0,
73,0,57,443,1.0,
74,0,55,445,1.0,
75,0,51,449,1.0,
76,0,47,453,1.0,
77,0,45,455,1.0,
78,0,41,459,1.0,
79,0,41,459,1.0,
80,0,39,461,1.0,
81,0,38,462,1.0,
82,0,35,465,1.0,
83,0,35,465,1.0,
84,0,34,466,1.0,
85,0,33,467,1.0,
86,0,32,468,1.0,
87,0,29,471,1.0,
88,0,26,474,1.0,
89,0,25,475,1.0,
90,0,25,475,1.0,
91,0,23,477,1.0,
92,0,23,477,1.0,
93,0,21,479,1.0,
94,0,20,480,1.0,
95,0,19,481,1.0,
96,0,17,483,1.0,
97,0,16,484,1.0,
98,0,16,484,1.0,
99,0,16,484,1.0,
100,0,16,484,1.0,
101,0,15,485,1.0,
102,0,15,485,1.0,
103,0,14,486,1.0,
104,0,14,486,1.0,
105,0,14,486,1.0,
106,0,14,486,1.0,
107,0,13,487,1.0,
108,0,13,487,1.0,
109,0,12,488,1.0,
110,0,11,489,1.0,
111,0,11,489,1.0,
112,0,11,489,1.0,
113,0,11,489,1.0,
114,0,11,489,1.0,
115,0,10,490,1.0,
116,0,10,490,1.0,
117,0,10,490,1.0,
118,0,10,490,1.0,
119,0,10,490,1.0,
120,0,10,490,1.0,
121,0,10,490,1.0,
122,0,10,490,1.0,
123,0,10,490,1.0,
124,0,9,491,1.0,
125,0,9,491,1.0,
126,0,9,491,1.0,
127,0,9,491,1.0,
128,0,9,491,1.0,
129,0,9,491,1.0,
130,0,9,491,1.0,
131,0,9,491,1.0,
132,0,9,491,1.0,
133,0,8,492,1.0,
134,0,8,492,1.0,
135,0,7,493,1.0,
136,0,7,493,1.0,
137,0,7,493,1.0,
138,0,7,493,1.0,
139,0,7,493,1.0,
140,0,7,493,1.0,
141,0,7,493,1.0,
142,0,7,493,1.0,
143,0,7,493,1.0,
144,0,7,493,1.0,
145,0,7,493,1.0,
146,0,7,493,1.0,
147,0,6,494,1.0,
148,0,6,494,1.0,
149,0,6,494,1.0,
150,0,6,494,1.0,
151,0,6,494,1.0,
152,0,6,494,1.0,
153,0,6,494,1.0,
154,0,5,495,1.0,
155,0,5,495,1.0,
156,0,5,495,1.0,
157,0,4,496,1.0,
158,0,4,496,1.0,
159,0,3,497,1.0,
160,0,3,497,1.0,
161,0,3,497,1.0,
162,0,3,497,1.0,
163,0,3,497,1.0,
164,0,3,497,1.0,
165,0,3,497,1.0,
166,0,3,497,1.0,
167,0,3,497,1.0,
168,0,3,497,1.0,
169,0,1,499,1.0,
170,0,1,499,1.0,
171,0,1,499,1.0,
172,0,1,499,1.0,
173,0,1,499,1.0,
174,0,1,499,1.0,
175,0,1,499,1.0,
176,0,1,499,1.0,
177,0,1,499,1.0,
178,0,1,499,1.0,
179,0,1,499,1.0,
180,0,1,499,1.0,
181,0,1,499,1.0,
182,0,0,500,1.0,
183,0,0,500,1.0,
184,0,0,500,1.0,
185,0,0,500,1.0,
186,0,0,500,1.0,
187,0,0,500,1.0,
188,0,0,500,1.0,
189,0,0,500,1.0,
190,0,0,500,1.0,
191,0,0,500,1.0,
192,0,0,500,1.0,
193,0,0,500,1.0,
194,0,0,500,1.0,
195,0,0,500,1.0,
196,0,0,500,1.0,
197,0,0,500,1.0,
198,0,0,500,1.0,
199,0,0,500,1.0,
200,0,0,500,1.0,
1,498,2,0,0.9983333333333333,1.0
2,496,4,0,0.9938333333333333,0.9976541849005852
3,495,4,1,0.9943333333333333,0.9979286218758507
4,488,10,2,0.9838333333333333,0.992577929241924
5,480,16,4,0.9776666666666667,0.9893604733518363
6,474,21,5,0.9718333333333333,0.9861662008781299
7,457,38,5,0.945,0.9708844219673518
8,444,50,6,0.9255,0.9590178558361047
9,428,64,8,0.9148333333333334,0.951372946271607
10,401,89,10,0.871,0.9206761656453464
11,379,106,15,0.8443333333333334,0.8982617433641854
12,347,135,18,0.7986666666666666,0.8556717014090939
13,320,158,22,0.7665,0.8184602955289438
14,292,180,28,0.7511666666666666,0.7879359325452676
15,267,202,31,0.7418333333333333,0.759365018196077
16,238,222,40,0.7458333333333333,0.7337717906442854
17,212,240,48,0.7528333333333334,0.7086187308784856
18,182,261,57,0.769,0.6825283440892965
19,162,265,73,0.7888333333333334,0.6737627253310439
20,133,288,79,0.811,0.6447034006645654
21,112,294,94,0.8378333333333333,0.6372992516021282
22,92,301,107,0.8608333333333333,0.6192058604437074
23,75,304,121,0.8875,0.6202614107298752
24,60,304,136,0.9085,0.614418992618993
25,51,301,148,0.9206666666666666,0.6050007367935192
26,39,300,161,0.9403333333333334,0.6131327950309376
27,29,300,171,0.9538333333333333,0.5941483066387765
28,24,294,182,0.9613333333333334,0.588021704081558
29,17,293,190,0.9738333333333333,0.6056774814368744
30,17,284,199,0.9746666666666667,0.6177788388404424
31,16,264,220,0.9776666666666667,0.6440380585378397
32,13,258,229,0.9828333333333333,0.6639670540953105
33,11,251,238,0.9858333333333333,0.6757809717943081
34,11,239,250,0.9868333333333333,0.6980680065604397
35,7,237,256,0.9908333333333333,0.6756709190946234
36,5,234,261,0.9935,0.6743253743532885
37,5,226,269,0.994,0.6988219526314264
38,4,217,279,0.9958333333333333,0.7466701604203546
39,4,210,286,0.9958333333333333,0.7466701604203546
40,4,199,297,0.996,0.7575490756184096
41,4,191,305,0.996,0.7575490756184096
42,3,178,319,0.9971666666666666,0.776308230671466
43,3,170,327,0.9973333333333333,0.7891397716743002
44,3,164,333,0.9973333333333333,0.7891397716743002
45,3,160,337,0.9978333333333333,0.8287036897663722
46,2,157,341,0.9986666666666667,0.8468817061870538
47,1,152,347,0.999,0.769892460170049
48,1,146,353,0.999,0.769892460170049
49,1,139,360,0.999,0.769892460170049
50,1,134,365,0.9991666666666666,0.8083870831785515
51,0,133,367,1.0,
52,0,130,370,1.0,
53,0,124,376,1.0,
54,0,118,382,1.0,
55,0,114,386,1.0,
56,0,105,395,1.0,
57,0,102,398,1.0,
58,0,97,403,1.0,
59,0,94,406,1.0,
60,0,92,408,1.0,
61,0,88,412,1.0,
62,0,85,415,1.0,
63,0,81,419,1.0,
64,0,78,422,1.0,
65,0,76,424,1.0,
66,0,72,428,1.0,
67,0,67,433,1.0,
68,0,67,433,1.0,
69,0,67,433,1.0,
70,0,65,435,1.0,
71,0,63,437,1.0,
72,0,57,443,1.0,
73,0,54,446,1.0,
74,0,52,448,1.0,
75,0,52,448,1.0,
76,0,47,453,1.0,
77,0,45,455,1.0,
78,0,44,456,1.0,
79,0,44,456,1.0,
80,0,43,457,1.0,
81,0,42,458,1.0,
82,0,42,458,1.0,
83,0,39,461,1.0,
84,0,38,462,1.0,
85,0,35,465,1.0,
86,0,34,466,1.0,
87,0,33,467,1.0,
88,0,31,469,1.0,
89,0,29,471,1.0,
90,0,28,472,1.0,
91,0,28,472,1.0,
92,0,27,473,1.0,
93,0,25,475,1.0,
94,0,24,476,1.0,
95,0,24,476,1.0,
96,0,21,479,1.0,
97,0,21,479,1.0,
98,0,20,480,1.0,
99,0,20,480,1.0,
100,0,20,480,1.0,
101,0,18,482,1.0,
102,0,17,483,1.0,
103,0,17,483,1.0,
104,0,17,483,1.0,
105,0,16,484,1.0,
106,0,16,484,1.0,
107,0,16,484,1.0,
108,0,15,485,1.0,
109,0,15,485,1.0,
110,0,15,485,1.0,
111,0,15,485,1.0,
112,0,15,485,1.0,
113,0,15,485,1.0,
114,0,15,485,1.0,
115,0,14,486,1.0,
116,0,14,486,1.0,
117,0,14,486,1.0,
118,0,14,486,1.0,
119,0,14,486,1.0,
120,0,13,487,1.0,
121,0,11,489,1.0,
122,0,11,489,1.0,
123,0,10,490,1.0,
124,0,10,490,1.0,
125,0,10,490,1.0,
126,0,9,491,1.0,
127,0,9,491,1.0,
128,0,9,491,1.0,
129,0,8,492,1.0,
130,0,7,493,1.0,
131,0,6,494,1.0,
132,0,6,494,1.0,
133,0,6,494,1.0,
134,0,6,494,1.0,
135,0,5,495,1.0,
136,0,4,496,1.0,
137,0,4,496,1.0,
138,0,4,496,1.0,
139,0,4,496,1.0,
140,0,4,496,1.0,
141,0,4,496,1.0,
142,0,4,496,1.0,
143,0,4,496,1.0,
144,0,4,496,1.0,
145,0,4,496,1.0,
146,0,4,496,1.0,
147,0,4,496,1.0,
148,0,4,496,1.0,
149,0,4,496,1.0,
150,0,4,496,1.0,
151,0,4,496,1.0,
152,0,4,496,1.0,
153,0,4,496,1.0,
154,0,4,496,1.0,
155,0,4,496,1.0,
156,0,4,496,1.0,
157,0,4,496,1.0,
158,0,3,497,1.0,
159,0,3,497,1.0,
160,0,3,497,1.0,
161,0,3,497,1.0,
162,0,3,497,1.0,
163,0,3,497,1.0,
164,0,3,497,1.0,
165,0,3,497,1.0,
166,0,3,497,1.0,
167,0,3,497,1.0,
168,0,3,497,1.0,
169,0,3,497,1.0,
170,0,3,497,1.0,
171,0,3,497,1.0,
172,0,3,497,1.0,
173,0,3,497,1.0,
174,0,3,497,1.0,
175,0,3,497,1.0,
176,0,3,497,1.0,
177,0,2,498,1.0,
178,0,1,499,1.0,
179,0,1,499,1.0,
180,0,1,499,1.0,
181,0,1,499,1.0,
182,0,1,499,1.0,
183,0,1,499,1.0,
184,0,1,499,1.0,
185,0,1,499,1.0,
186,0,1,499,1.0,
187,0,1,499,1.0,
188,0,1,499,1.0,
189,0,1,499,1.0,
190,0,1,499,1.0,
191,0,1,499,1.0,
192,0,1,499,1.0,
193,0,1,499,1.0,
194,0,1,499,1.0,
195,0,1,499,1.0,
196,0,1,499,1.0,
197,0,1,499,1.0,
198,0,1,499,1.0,
199,0,1,499,1.0,
200,0,1,499,1.0,
1,499,1,0,1.0,1.0
2,498,2,0,0.9986666666666667,0.9993263964950712
3,496,4,0,0.9951666666666666,0.9975331383203051
4,494,6,0,0.99,0.9948479401546644
5,489,10,1,0.983,0.9911703862921966
6,482,16,2,0.9778333333333333,0.9883481873162551
7,473,22,5,0.9671666666666666,0.9824560243132724
8,460,33,7,0.9525,0.9740847157113698
9,441,51,8,0.9206666666666666,0.9549451788439267
10,422,65,13,0.8935,0.9368594339241363
11,398,86,16,0.8631666666666666,0.9139309753800686
12,369,109,22,0.833,0.8869946397989288
13,340,132,28,0.8138333333333333,0.8628441455768823
14,304,162,34,0.7828333333333334,0.8208293314078497
15,275,183,42,0.762,0.7832826573806811
16,248,201,51,0.7516666666666667,0.7495424234160208
17,214,218,68,0.7665,0.7274517727219881
18,191,233,76,0.7741666666666667,0.7041219534948197
19,176,234,90,0.791,0.7024192354911228
20,155,244,101,0.8008333333333333,0.6781842723273298
21,133,246,121,0.8241666666666667,0.6698747958783918
22,115,249,136,0.8486666666666667,0.669935952726123
23,89,258,153,0.8751666666666666,0.6488571397120493
24,76,261,163,0.8883333333333333,0.6325256087670275
25,64,261,175,0.9048333333333334,0.6259836430930181
26,52,266,182,0.9193333333333333,0.6104553171651834
27,47,256,197,0.9303333333333333,0.6275751916223701
28,40,250,210,0.942,0.6363308513145469
29,33,247,220,0.9526666666666667,0.6378312969419689
30,27,244,229,0.9605,0.6256051892283777
31,26,235,239,0.9626666666666667,0.6326191924018012
32,22,226,252,0.97,0.6514768235716852
33,14,225,261,0.9801666666666666,0.6416727837380012
34,12,220,268,0.9836666666666667,0.6563899868247695
35,10,217,273,0.9865,0.6603148880105402
36,8,215,277,0.9896666666666667,0.6761816534914361
37,8,205,287,0.9903333333333333,0.697134034443817
38,7,197,296,0.9918333333333333,0.7057929337743002
39,5,194,301,0.9948333333333333,0.7376753246753246
40,3,186,311,0.9971666666666666,0.7646969696969697
41,3,178,319,0.9971666666666666,0.7646969696969697
42,3,174,323,0.9971666666666666,0.7646969696969697
43,3,165,332,0.9973333333333333,0.7785858585858586
44,3,155,342,0.9975,0.7924747474747474
45,3,144,353,0.9978333333333333,0.8215151515151516
46,3,136,361,0.998,0.834848484848485
47,3,129,368,0.9981666666666666,0.8481818181818181
48,3,125,372,0.9981666666666666,0.8481818181818181
49,3,118,379,0.9983333333333333,0.862070707070707
50,3,110,387,0.9988333333333334,0.9031818181818182
51,3,106,391,0.9988333333333334,0.9031818181818182
52,3,99,398,0.999,0.9183333333333333
53,3,93,404,0.999,0.9183333333333333
54,3,92,405,0.999,0.9183333333333333
55,3,87,410,0.999,0.9183333333333333
56,3,85,412,0.9991666666666666,0.9322222222222223
57,3,82,415,0.9991666666666666,0.9322222222222223
58,3,77,420,0.9991666666666666,0.9322222222222223
59,3,75,422,0.9991666666666666,0.9322222222222223
60,3,71,426,0.9991666666666666,0.9322222222222223
61,3,70,427,0.9991666666666666,0.9322222222222223
62,3,68,429,0.9991666666666666,0.9322222222222223
63,3,67,430,0.9991666666666666,0.9322222222222223
64,2,66,432,0.9996666666666667,0.9583333333333333
65,2,64,434,0.9996666666666667,0.9583333333333333
66,1,62,437,1.0,1.0
67,1,57,442,1.0,1.0
68,1,51,448,1.0,1.0
69,1,48,451,1.0,1.0
70,1,46,453,1.0,1.0
71,1,44,455,1.0,1.0
72,1,42,457,1.0,1.0
73,1,42,457,1.0,1.0
74,1,40,459,1.0,1.0
75,1,38,461,1.0,1.0
76,1,37,462,1.0,1.0
77,1,36,463,1.0,1.0
78,1,35,464,1.0,1.0
79,1,33,466,1.0,1.0
80,1,31,468,1.0,1.0
81,1,29,470,1.0,1.0
82,1,27,472,1.0,1.0
83,1,27,472,1.0,1.0
84,1,27,472,1.0,1.0
85,1,25,474,1.0,1.0
86,1,25,474,1.0,1.0
87,1,23,476,1.0,1.0
88,1,23,476,1.0,1.0
89,1,22,477,1.0,1.0
90,1,20,479,1.0,1.0
91,1,19,480,1.0,1.0
92,1,19,480,1.0,1.0
93,1,19,480,1.0,1.0
94,1,17,482,1.0,1.0
95,1,16,483,1.0,1.0
96,1,16,483,1.0,1.0
97,1,15,484,1.0,1.0
98,1,15,484,1.0,1.0
99,1,14,485,1.0,1.0
100,1,14,485,1.0,1.0
101,1,14,485,1.0,1.0
102,1,14,485,1.0,1.0
103,1,13,486,1.0,1.0
104,1,13,486,1.0,1.0
105,1,12,487,1.0,1.0
106,1,9,490,1.0,1.0
107,1,9,490,1.0,1.0
108,1,9,490,1.0,1.0
109,1,8,491,1.0,1.0
110,1,6,493,1.0,1.0
111,1,5,494,1.0,1.0
112,1,5,494,1.0,1.0
113,1,5,494,1.0,1.0
114,1,5,494,1.0,1.0
115,1,5,494,1.0,1.0
116,1,5,494,1.0,1.0
117,1,5,494,1.0,1.0
118,1,5,494,1.0,1.0
119,1,5,494,1.0,1.0
120,1,4,495,1.0,1.0
121,1,4,495,1.0,1.0
122,1,4,495,1.0,1.0
123,1,3,496,1.0,1.0
124,1,3,496,1.0,1.0
125,1,3,496,1.0,1.0
126,1,3,496,1.0,1.0
127,1,3,496,1.0,1.0
128,1,3,496,1.0,1.0
129,1,3,496,1.0,1.0
130,1,3,496,1.0,1.0
131,1,3,496,1.0,1.0
132,1,3,496,1.0,1.0
133,1,3,496,1.0,1.0
134,1,3,496,1.0,1.0
135,1,3,496,1.0,1.0
136,1,2,497,1.0,1.0
137,1,2,497,1.0,1.0
138,1,2,497,1.0,1.0
139,1,2,497,1.0,1.0
140,1,2,497,1.0,1.0
141,1,2,497,1.0,1.0
142,1,2,497,1.0,1.0
143,1,2,497,1.0,1.0
144,1,2,497,1.0,1.0
145,1,2,497,1.0,1.0
146,1,2,497,1.0,1.0
147,1,2,497,1.0,1.0
148,1,2,497,1.0,1.0
149,1,2,497,1.0,1.0
150,1,2,497,1.0,1.0
151,1,2,497,1.0,1.0
152,1,2,497,1.0,1.0
153,1,2,497,1.0,1.0
154,1,2,497,1.0,1.0
155,1,2,497,1.0,1.0
156,1,2,497,1.0,1.0
157,1,2,497,1.0,1.0
158,1,1,498,1.0,1.0
159,1,1,498,1.0,1.0
160,1,1,498,1.0,1.0
161,1,1,498,1.0,1.0
162,1,1,498,1.0,1.0
163,1,1,498,1.0,1.0
164,1,1,498,1.0,1.0
165,1,1,498,1.0,1.0
166,1,1,498,1.0,1.0
167,1,1,498,1.0,1.0
168,1,1,498,1.0,1.0
169,1,1,498,1.0,1.0
170,1,1,498,1.0,1.0
171,1,1,498,1.0,1.0
172,1,1,498,1.0,1.0
173,1,1,498,1.0,1.0
174,1,1,498,1.0,1.0
175,1,1,498,1.0,1.0
176,1,1,498,1.0,1.0
177,1,1,498,1.0,1.0
178,1,1,498,1.0,1.0
179,1,0,499,1.0,1.0
180,1,0,499,1.0,1.0
181,1,0,499,1.0,1.0
182,1,0,499,1.0,1.0
183,1,0,499,1.0,1.0
184,1,0,499,1.0,1.0
185,1,0,499,1.0,1.0
186,1,0,499,1.0,1.0
187,1,0,499,1.0,1.0
188,1,0,499,1.0,1.0
189,1,0,499,1.0,1.0
190,1,0,499,1.0,1.0
191,1,0,499,1.0,1.0
192,1,0,499,1.0,1.0
193,1,0,499,1.0,1.0
194,1,0,499,1.0,1.0
195,1,0,499,1.0,1.0
196,1,0,499,1.0,1.0
197,1,0,499,1.0,1.0
198,1,0,499,1.0,1.0
199,1,0,499,1.0,1.0
200,1,0,499,1.0,1.0
1,498,2,0,0.9985,1.0
2,496,4,0,0.9936666666666667,0.9975734541270704
3,494,5,1,0.9923333333333333,0.9968767982239292
4,488,10,2,0.9853333333333333,0.9932139212760275
5,482,16,2,0.9731666666666666,0.9867269688080101
6,468,29,3,0.9588333333333333,0.9786120907034421
7,459,38,3,0.9481666666666667,0.9724060242421625
8,438,58,4,0.9133333333333333,0.9509290009149644
9,419,75,6,0.8855,0.932106605072487
10,394,100,6,0.8451666666666666,0.9021436763867818
11,377,111,12,0.8295,0.8873924129969213
12,351,125,24,0.806,0.8621227483306453
13,314,155,31,0.7718333333333334,0.8181481130804182
14,287,173,40,0.7583333333333333,0.78896535964799
15,252,200,48,0.7438333333333333,0.7445405940336979
16,223,223,54,0.7406666666666667,0.7083599766625184
17,191,242,67,0.7528333333333334,0.6742804645638825
18,158,265,77,0.7735,0.6395653496576825
19,122,289,89,0.805,0.596906244599391
20,94,308,98,0.8376666666666667,0.5632953986854291
21,80,313,107,0.8583333333333333,0.5521400512583358
22,62,322,116,0.8866666666666667,0.5366172138889629
23,46,327,127,0.9135,0.5274648721939532
24,36,325,139,0.9333333333333333,0.5311924764042868
25,28,317,155,0.9481666666666667,0.5317775681622948
26,22,305,173,0.9611666666666666,0.5471619266798001
27,21,294,185,0.964,0.5602813921236568
28,16,288,196,0.9731666666666666,0.5660205686143864
29,12,279,209,0.9803333333333333,0.5716538548643506
30,12,270,218,0.981,0.5858553343990367
31,9,261,230,0.9865,0.6009016561186595
32,6,248,246,0.9916666666666667,0.6366767749612183
33,5,240,255,0.9938333333333333,0.6774564862970724
34,5,235,260,0.994,0.6857960785344624
35,5,229,266,0.994,0.6857960785344624
36,4,224,272,0.996,0.7345881084428287
37,3,214,283,0.998,0.8280023721408664
38,3,206,291,0.9983333333333333,0.8558010129321664
39,3,197,300,0.9983333333333333,0.8558010129321664
40,3,187,310,0.9985,0.871685950527195
41,3,180,317,0.9986666666666667,0.885585270922845
42,2,177,321,0.999,0.8756571849259521
43,1,166,333,0.9996666666666667,0.9173551461129023
44,1,160,339,0.9996666666666667,0.9173551461129023
45,1,156,343,0.9996666666666667,0.9173551461129023
46,1,148,351,0.9996666666666667,0.9173551461129023
47,1,142,357,0.9996666666666667,0.9173551461129023
48,1,136,363,0.9996666666666667,0.9173551461129023
49,1,131,368,0.9996666666666667,0.9173551461129023
50,1,126,373,0.9996666666666667,0.9173551461129023
51,1,123,376,0.9996666666666667,0.9173551461129023
52,1,121,378,0.9996666666666667,0.9173551461129023
53,1,117,382,0.9996666666666667,0.9173551461129023
54,1,111,388,0.9996666666666667,0.9173551461129023
55,1,108,391,0.9996666666666667,0.9173551461129023
56,1,103,396,0.9996666666666667,0.9173551461129023
57,1,98,401,0.9996666666666667,0.9173551461129023
58,1,92,407,0.9998333333333334,0.9590531072998524
59,1,91,408,0.9998333333333334,0.9590531072998524
60,1,82,417,0.9998333333333334,0.9590531072998524
61,0,80,420,1.0,
62,0,79,421,1.0,
63,0,78,422,1.0,
64,0,77,423,1.0,
65,0,75,425,1.0,
66,0,72,428,1.0,
67,0,69,431,1.0,
68,0,64,436,1.0,
69,0,61,439,1.0,
70,0,57,443,1.0,
71,0,57,443,1.0,
72,0,53,447,1.0,
73,0,53,447,1.0,
74,0,51,449,1.0,
75,0,51,449,1.0,
76,0,50,450,1.0,
77,0,47,453,1.0,
78,0,42,458,1.0,
79,0,36,464,1.0,
80,0,34,466,1.0,
81,0,32,468,1.0,
82,0,29,471,1.0,
83,0,28,472,1.0,
84,0,27,473,1.0,
85,0,26,474,1.0,
86,0,25,475,1.0,
87,0,25,475,1.0,
88,0,25,475,1.0,
89,0,25,475,1.0,
90,0,24,476,1.0,
91,0,22,478,1.0,
92,0,22,478,1.0,
93,0,22,478,1.0,
94,0,19,481,1.0,
95,0,19,481,1.0,
96,0,18,482,1.0,
97,0,16,484,1.0,
98,0,16,484,1.0,
99,0,16,484,1.0,
100,0,15,485,1.0,
101,0,14,486,1.0,
102,0,13,487,1.0,
103,0,13,487,1.0,
104,0,13,487,1.0,
105,0,11,489,1.0,
106,0,10,490,1.0,
107,0,10,490,1.0,
108,0,10,490,1.0,
109,0,10,490,1.0,
110,0,10,490,1.0,
111,0,9,491,1.0,
112,0,9,491,1.0,
113,0,7,493,1.0,
114,0,7,493,1.0,
115,0,6,494,1.0,
116,0,6,494,1.0,
117,0,6,494,1.0,
118,0,6,494,1.0,
119,0,6,494,1.0,
120,0,6,494,1.0,
121,0,6,494,1.0,
122,0,6,494,1.0,
123,0,6,494,1.0,
124,0,4,496,1.0,
125,0,4,496,1.0,
126,0,4,496,1.0,
127,0,4,496,1.0,
128,0,4,496,1.0,
129,0,3,497,1.0,
130,0,3,497,1.0,
131,0,3,497,1.0,
132,0,2,498,1.0,
133,0,2,498,1.0,
134,0,2,498,1.0,
135,0,2,498,1.0,
136,0,2,498,1.0,
137,0,2,498,1.0,
138,0,2,498,1.0,
139,0,1,499,1.0,
140,0,1,499,1.0,
141,0,1,499,1.0,
142,0,1,499,1.0,
143,0,1,499,1.0,
144,0,1,499,1.0,
145,0,1,499,1.0,
146,0,1,499,1.0,
147,0,1,499,1.0,
148,0,1,499,1.0,
149,0,1,499,1.0,
150,0,1,499,1.0,
151,0,1,499,1.0,
152,0,1,499,1.0,
153,0,1,499,1.0,
154,0,1,499,1.0,
155,0,1,499,1.0,
156,0,1,499,1.0,
157,0,1,499,1.0,
158,0,1,499,1.0,
159,0,1,499,1.0,
160,0,1,499,1.0,
161,0,1,499,1.0,
162,0,1,499,1.0,
163,0,1,499,1.0,
164,0,1,499,1.0,
165,0,1,499,1.0,
166,0,1,499,1.0,
167,0,1,499,1.0,
168,0,1,499,1.0,
169,0,1,499,1.0,
170,0,1,499,1.0,
171,0,1,499,1.0,
172,0,1,499,1.0,
173,0,1,499,1.0,
174,0,0,500,1.0,
175,0,0,500,1.0,
176,0,0,500,1.0,
177,0,0,500,1.0,
178,0,0,500,1.0,
179,0,0,500,1.0,
180,0,0,500,1.0,
181,0,0,500,1.0,
182,0,0,500,1.0,
183,0,0,500,1.0,
184,0,0,500,1.0,
185,0,0,500,1.0,
186,0,0,500,1.0,
187,0,0,500,1.0,
188,0,0,500,1.0,
189,0,0,500,1.0,
190,0,0,500,1.0,
191,0,0,500,1.0,
192,0,0,500,1.0,
193,0,0,500,1.0,
194,0,0,500,1.0,
195,0,0,500,1.0,
196,0,0,500,1.0,
197,0,0,500,1.0,
198,0,0,500,1.0,
199,0,0,500,1.0,
200,0,0,500,1.0,
1,497,3,0,0.9938333333333333,0.996918335797699
2,496,4,0,0.9931666666666666,0.9965568829545863
3,495,5,0,0.9918333333333333,0.9958926884855738
4,492,8,0,0.987,0.9933784961356541
5,491,9,0,0.9853333333333333,0.9925399901907473
6,490,10,0,0.9835,0.9915789117714583
7,485,14,1,0.979,0.9891479343904266
8,481,18,1,0.9776666666666667,0.9884106274240054
9,470,29,1,0.9656666666666667,0.9816743424287365
10,452,43,5,0.9393333333333334,0.966325003196396
11,434,60,6,0.908,0.9469541725592616
12,402,87,11,0.8643333333333333,0.9157576039297864
13,374,112,14,0.8158333333333333,0.8769470855038164
14,347,133,20,0.7911666666666667,0.8496525848586994
15,311,163,26,0.7561666666666667,0.8037287688132752
16,281,188,31,0.7373333333333333,0.7660847961775101
17,239,220,41,0.7303333333333333,0.7185688118522775
18,215,230,55,0.7431666666666666,0.7026410314457251
19,182,250,68,0.7695,0.6838804971577749
20,156,264,80,0.7853333333333333,0.6562019173984497
21,126,281,93,0.8158333333333333,0.6336591657978459
22,101,291,108,0.8533333333333334,0.633372724959942
23,85,291,124,0.8755,0.6304064641031931
24,73,294,133,0.8881666666666667,0.6133055182443916
25,63,297,140,0.9023333333333333,0.6086003240265707
26,53,298,149,0.9156666666666666,0.5967278056613577
27,50,288,162,0.9203333333333333,0.5958727124727125
28,44,281,175,0.9321666666666667,0.6076284897579364
29,38,268,194,0.9451666666666667,0.6320468403534767
30,31,262,207,0.9576666666666667,0.652697733413021
31,25,253,222,0.9676666666666667,0.6700429039559475
32,20,255,225,0.9736666666666667,0.6656963559789647
33,18,243,239,0.9775,0.684859554473081
34,18,236,246,0.9781666666666666,0.6938633324985981
35,14,232,254,0.9836666666666667,0.7019591921765836
36,13,221,266,0.9858333333333333,0.722371883659509
37,12,214,274,0.9868333333333333,0.718302286146489
38,9,207,284,0.99,0.7196672847639031
39,6,204,290,0.9931666666666666,0.7190516273849608
40,5,197,298,0.994,0.7081481481481482
41,5,188,307,0.994,0.7081481481481482
42,4,184,312,0.9951666666666666,0.7
43,4,174,322,0.9956666666666667,0.73125
44,4,166,330,0.9958333333333333,0.7416666666666667
45,4,157,339,0.9958333333333333,0.7416666666666667
46,3,152,345,0.997,0.7527777777777778
47,2,146,352,0.9981666666666666,0.775
48,2,142,356,0.9981666666666666,0.775
49,2,136,362,0.9983333333333333,0.7949999999999999
50,2,131,367,0.9983333333333333,0.7949999999999999
51,2,127,371,0.9983333333333333,0.7949999999999999
52,2,124,374,0.9985,0.8158333333333333
53,2,123,375,0.9985,0.8158333333333333
54,1,121,378,0.9993333333333333,0.84
55,1,113,386,0.9993333333333333,0.84
56,1,109,390,0.9993333333333333,0.84
57,1,104,395,0.9995,0.88
58,1,98,401,0.9995,0.88
59,1,94,405,0.9995,0.88
60,1,91,408,0.9995,0.88
61,1,88,411,0.9996666666666667,0.92
62,1,82,417,0.9996666666666667,0.92
63,1,76,423,0.9998333333333334,0.96
64,1,72,427,1.0,1.0
65,0,70,430,1.0,
66,0,66,434,1.0,
67,0,65,435,1.0,
68,0,63,437,1.0,
69,0,62,438,1.0,
70,0,58,442,1.0,
71,0,55,445,1.0,
72,0,54,446,1.0,
73,0,51,449,1.0,
74,0,49,451,1.0,
75,0,48,452,1.0,
76,0,46,454,1.0,
77,0,44,456,1.0,
78,0,41,459,1.0,
79,0,37,463,1.0,
80,0,35,465,1.0,
81,0,35,465,1.0,
82,0,33,467,1.0,
83,0,33,467,1.0,
84,0,31,469,1.0,
85,0,31,469,1.0,
86,0,29,471,1.0,
87,0,28,472,1.0,
88,0,27,473,1.0,
89,0,27,473,1.0,
90,0,26,474,1.0,
91,0,25,475,1.0,
92,0,23,477,1.0,
93,0,23,477,1.0,
94,0,22,478,1.0,
95,0,22,478,1.0,
96,0,21,479,1.0,
97,0,21,479,1.0,
98,0,21,479,1.0,
99,0,18,482,1.0,
100,0,17,483,1.0,
101,0,17,483,1.0,
102,0,14,486,1.0,
103,0,14,486,1.0,
104,0,14,486,1.0,
105,0,14,486,1.0,
106,0,12,488,1.0,
107,0,10,490,1.0,
108,0,10,490,1.0,
109,0,9,491,1.0,
110,0,8,492,1.0,
111,0,8,492,1.0,
112,0,8,492,1.0,
113,0,8,492,1.0,
114,0,7,493,1.0,
115,0,7,493,1.0,
116,0,6,494,1.0,
117,0,6,494,1.0,
118,0,6,494,1.0,
119,0,5,495,1.0,
120,0,4,496,1.0,
121,0,4,496,1.0,
122,0,4,496,1.0,
123,0,4,496,1.0,
124,0,3,497,1.0,
125,0,3,497,1.0,
126,0,3,497,1.0,
127,0,3,497,1.0,
128,0,3,497,1.0,
129,0,2,498,1.0,
130,0,2,498,1.0,
131,0,2,498,1.0,
132,0,2,498,1.0,
133,0,1,499,1.0,
134,0,1,499,1.0,
135,0,1,499,1.0,
136,0,1,499,1.0,
137,0,0,500,1.0,
138,0,0,500,1.0,
139,0,0,500,1.0,
140,0,0,500,1.0,
141,0,0,500,1.0,
142,0,0,500,1.0,
143,0,0,500,1.0,
144,0,0,500,1.0,
145,0,0,500,1.0,
146,0,0,500,1.0,
147,0,0,500,1.0,
148,0,0,500,1.0,
149,0,0,500,1.0,
150,0,0,500,1.0,
151,0,0,500,1.0,
152,0,0,500,1.0,
153,0,0,500,1.0,
154,0,0,500,1.0,
155,0,0,500,1.0,
156,0,0,500,1.0,
157,0,0,500,1.0,
158,0,0,500,1.0,
159,0,0,500,1.0,
160,0,0,500,1.0,
161,0,0,500,1.0,
162,0,0,500,1.0,
163,0,0,500,1.0,
164,0,0,500,1.0,
165,0,0,500,1.0,
166,0,0,500,1.0,
167,0,0,500,1.0,
168,0,0,500,1.0,
169,0,0,500,1.0,
170,0,0,500,1.0,
171,0,0,500,1.0,
172,0,0,500,1.0,
173,0,0,500,1.0,
174,0,0,500,1.0,
175,0,0,500,1.0,
176,0,0,500,1.0,
177,0,0,500,1.0,
178,0,0,500,1.0,
179,0,0,500,1.0,
180,0,0,500,1.0,
181,0,0,500,1.0,
182,0,0,500,1.0,
183,0,0,500,1.0,
184,0,0,500,1.0,
185,0,0,500,1.0,
186,0,0,500,1.0,
187,0,0,500,1.0,
188,0,0,500,1.0,
189,0,0,500,1.0,
190,0,0,500,1.0,
191,0,0,500,1.0,
192,0,0,500,1.0,
193,0,0,500,1.0,
194,0,0,500,1.0,
195,0,0,500,1.0,
196,0,0,500,1.0,
197,0,0,500,1.0,
198,0,0,500,1.0,
199,0,0,500,1.0,
200,0,0,500,1.0,
1,499,1,0,1.0,1.0
2,496,4,0,0.9936666666666667,0.9968064400795817
3,491,8,1,0.9893333333333333,0.9946165445483608
4,486,13,1,0.979,0.989289756816148
5,481,18,1,0.9686666666666667,0.9838292845817929
6,473,26,1,0.9561666666666667,0.9769319042496725
7,465,34,1,0.9488333333333333,0.9727235415356033
8,447,48,5,0.9271666666666667,0.9596674110904244
9,433,61,6,0.899,0.9419936423912727
10,415,74,11,0.8763333333333333,0.9257841534520425
11,397,91,12,0.85,0.9058322508360839
12,370,114,16,0.8093333333333333,0.8716017421886987
13,331,151,18,0.7666666666666667,0.8237395854288011
14,304,170,26,0.7525,0.7955404510789236
15,263,202,35,0.7305,0.7421434224822779
16,226,234,40,0.7251666666666666,0.6940710398646144
17,200,255,45,0.737,0.6690416339698949
18,172,275,53,0.7496666666666667,0.6342612962254014
19,143,285,72,0.783,0.6191511042362364
20,122,298,80,0.8065,0.6012948827524737
21,101,312,87,0.8335,0.5844457785482323
22,86,314,100,0.8555,0.5746609813621948
23,69,313,118,0.8821666666666667,0.5644319722612099
24,58,309,133,0.9031666666666667,0.5753088354812493
25,49,306,145,0.9195,0.5819299454037696
26,35,305,160,0.943,0.5870039548673089
27,30,299,171,0.952,0.5915664121171367
28,24,290,186,0.9628333333333333,0.6083845083392184
29,23,280,197,0.9655,0.6230950779249456
30,19,270,211,0.973,0.645329781245113
31,16,255,229,0.9791666666666666,0.67386439697581
32,12,254,234,0.9841666666666666,0.6635986356638529
33,10,247,243,0.9876666666666667,0.679796066252588
34,9,240,251,0.9895,0.7010386473429951
35,9,234,257,0.9896666666666667,0.7058695652173914
36,7,228,265,0.9925,0.7248343685300206
37,7,217,276,0.9935,0.7612629399585921
38,7,210,283,0.9936666666666667,0.767215320910973
39,4,204,292,0.9956666666666667,0.7285326086956522
40,4,198,298,0.9956666666666667,0.7285326086956522
41,4,194,302,0.996,0.7498188405797103
42,4,186,310,0.9965,0.7802355072463768
43,3,180,317,0.9973333333333333,0.7794444444444445
44,3,178,319,0.9973333333333333,0.7794444444444445
45,2,169,329,0.9978333333333333,0.7291666666666667
46,2,161,337,0.998,0.75
47,2,152,346,0.9981666666666666,0.7708333333333333
48,2,146,352,0.9981666666666666,0.7708333333333333
49,2,139,359,0.9981666666666666,0.7708333333333333
50,2,133,365,0.9981666666666666,0.7708333333333333
51,2,128,370,0.9981666666666666,0.7708333333333333
52,2,125,373,0.9983333333333333,0.7916666666666667
53,2,124,374,0.9983333333333333,0.7916666666666667
54,2,120,378,0.9983333333333333,0.7916666666666667
55,2,118,380,0.9983333333333333,0.7916666666666667
56,2,109,389,0.9985,0.8125
57,2,105,393,0.9985,0.8125
58,2,102,396,0.9985,0.8125
59,2,100,398,0.9985,0.8125
60,2,95,403,0.9986666666666667,0.8333333333333334
61,1,89,410,0.9993333333333333,0.8333333333333334
62,1,88,411,0.9993333333333333,0.8333333333333334
63,1,82,417,0.9993333333333333,0.8333333333333334
64,1,78,421,0.9993333333333333,0.8333333333333334
65,0,79,421,1.0,
66,0,76,424,1.0,
67,0,75,425,1.0,
68,0,67,433,1.0,
69,0,63,437,1.0,
70,0,60,440,1.0,
71,0,58,442,1.0,
72,0,55,445,1.0,
73,0,51,449,1.0,
74,0,49,451,1.0,
75,0,46,454,1.0,
76,0,43,457,1.0,
77,0,43,457,1.0,
78,0,42,458,1.0,
79,0,41,459,1.0,
80,0,38,462,1.0,
81,0,33,467,1.0,
82,0,31,469,1.0,
83,0,30,470,1.0,
84,0,28,472,1.0,
85,0,27,473,1.0,
86,0,27,473,1.0,
87,0,27,473,1.0,
88,0,26,474,1.0,
89,0,23,477,1.0,
90,0,22,478,1.0,
91,0,19,481,1.0,
92,0,17,483,1.0,
93,0,15,485,1.0,
94,0,15,485,1.0,
95,0,15,485,1.0,
96,0,15,485,1.0,
97,0,15,485,1.0,
98,0,14,486,1.0,
99,0,14,486,1.0,
100,0,14,486,1.0,
101,0,14,486,1.0,
102,0,14,486,1.0,
103,0,14,486,1.0,
104,0,10,490,1.0,
105,0,10,490,1.0,
106,0,9,491,1.0,
107,0,8,492,1.0,
108,0,8,492,1.0,
109,0,8,492,1.0,
110,0,8,492,1.0,
111,0,8,492,1.0,
112,0,7,493,1.0,
113,0,7,493,1.0,
114,0,7,493,1.0,
115,0,7,493,1.0,
116,0,6,494,1.0,
117,0,5,495,1.0,
118,0,5,495,1.0,
119,0,5,495,1.0,
120,0,5,495,1.0,
121,0,4,496,1.0,
122,0,4,496,1.0,
123,0,4,496,1.0,
124,0,4,496,1.0,
125,0,4,496,1.0,
126,0,4,496,1.0,
127,0,3,497,1.0,
128,0,3,497,1.0,
129,0,3,497,1.0,
130,0,3,497,1.0,
131,0,3,497,1.0,
132,0,3,497,1.0,
133,0,3,497,1.0,
134,0,3,497,1.0,
135,0,2,498,1.0,
136,0,2,498,1.0,
137,0,2,498,1.0,
138,0,2,498,1.0,
139,0,1,499,1.0,
140,0,1,499,1.0,
141,0,1,499,1.0,
142,0,1,499,1.0,
143,0,1,499,1.0,
144,0,1,499,1.0,
145,0,1,499,1.0,
146,0,1,499,1.0,
147,0,1,499,1.0,
148,0,1,499,1.0,
149,0,1,499,1.0,
150,0,1,499,1.0,
151,0,1,499,1.0,
152,0,1,499,1.0,
153,0,1,499,1.0,
154,0,1,499,1.0,
155,0,1,499,1.0,
156,0,1,499,1.0,
157,0,1,499,1.0,
158,0,0,500,1.0,
159,0,0,500,1.0,
160,0,0,500,1.0,
161,0,0,500,1.0,
162,0,0,500,1.0,
163,0,0,500,1.0,
164,0,0,500,1.0,
165,0,0,500,1.0,
166,0,0,500,1.0,
167,0,0,500,1.0,
168,0,0,500,1.0,
169,0,0,500,1.0,
170,0,0,500,1.0,
171,0,0,500,1.0,
172,0,0,500,1.0,
173,0,0,500,1.0,
174,0,0,500,1.0,
175,0,0,500,1.0,
176,0,0,500,1.0,
177,0,0,500,1.0,
178,0,0,500,1.0,
179,0,0,500,1.0,
180,0,0,500,1.0,
181,0,0,500,1.0,
182,0,0,500,1.0,
183,0,0,500,1.0,
184,0,0,500,1.0,
185,0,0,500,1.0,
186,0,0,500,1.0,
187,0,0,500,1.0,
188,0,0,500,1.0,
189,0,0,500,1.0,
190,0,0,500,1.0,
191,0,0,500,1.0,
192,0,0,500,1.0,
193,0,0,500,1.0,
194,0,0,500,1.0,
195,0,0,500,1.0,
196,0,0,500,1.0,
197,0,0,500,1.0,
198,0,0,500,1.0,
199,0,0,500,1.0,
200,0,0,500,1.0,
1,498,1,1,1.0,1.0
2,498,1,1,1.0,1.0
3,498,1,1,1.0,1.0
4,497,2,1,0.9971666666666666,0.9985877199165625
5,495,4,1,0.994,0.9969767970444299
6,491,8,1,0.9873333333333333,0.9934998624301733
7,489,10,1,0.9845,0.9920226260210256
8,486,13,1,0.9803333333333333,0.9898545446554929
9,478,21,1,0.9653333333333334,0.9818138338931499
10,462,34,4,0.9463333333333334,0.970905613285154
11,447,47,6,0.9286666666666666,0.9599766433892492
12,432,60,8,0.9151666666666667,0.9507590067533707
13,414,73,13,0.9051666666666667,0.942622217937803
14,399,82,19,0.8865,0.9288047985334681
15,388,88,24,0.8736666666666667,0.918489587507965
16,369,101,30,0.8613333333333333,0.9055558910495873
17,344,124,32,0.8213333333333334,0.8693318239918341
18,313,148,39,0.8015,0.8410439105584265
19,289,170,41,0.7811666666666667,0.810405250489499
20,247,199,54,0.7625,0.7600131636700902
21,212,230,58,0.7538333333333334,0.7100475935361088
22,187,246,67,0.759,0.6773118319502881
23,165,258,77,0.773,0.6550417419402926
24,138,269,93,0.7996666666666666,0.6347439100258887
25,107,291,102,0.8298333333333333,0.600909099328441
26,84,303,113,0.8581666666666666,0.5761926202583553
27,67,306,127,0.8878333333333334,0.5781991765054711
28,57,302,141,0.9046666666666666,0.5785542464146582
29,46,303,151,0.9245,0.5855420930326413
30,40,300,160,0.9353333333333333,0.5917103635092765
31,33,292,175,0.947,0.5941610870464625
32,27,286,187,0.9568333333333333,0.5993080316832331
33,21,281,198,0.966,0.5950724319771938
34,19,276,205,0.9693333333333334,0.5991004334253763
35,17,259,224,0.9761666666666666,0.6523704087898462
36,16,250,234,0.978,0.6573103808429895
37,15,244,241,0.9801666666666666,0.6683373159315187
38,13,237,250,0.9831666666666666,0.6722899910692551
39,11,232,257,0.9855,0.6660085449611142
40,11,222,267,0.9858333333333333,0.6731634271159962
41,8,217,275,0.9908333333333333,0.7105751283740414
42,6,211,283,0.9926666666666667,0.6873690922603967
43,5,201,294,0.9941666666666666,0.702100435796088
44,5,193,302,0.9948333333333333,0.7365536637275768
45,4,187,309,0.9965,0.7820861204013377
46,4,179,317,0.9965,0.7820861204013377
47,4,175,321,0.9965,0.7820861204013377
48,4,166,330,0.9965,0.7820861204013377
49,3,164,333,0.9976666666666667,0.8108974358974358
50,2,161,337,0.9985,0.8221153846153846
51,2,156,342,0.9986666666666667,0.842948717948718
52,2,151,347,0.9986666666666667,0.842948717948718
53,2,145,353,0.9988333333333334,0.8621794871794872
54,2,138,360,0.999,0.8814102564102564
55,2,133,365,0.999,0.8814102564102564
56,2,128,370,0.9993333333333333,0.9198717948717949
57,2,123,375,0.9993333333333333,0.9198717948717949
58,2,118,380,0.9993333333333333,0.9198717948717949
59,2,113,385,0.9993333333333333,0.9198717948717949
60,2,110,388,0.9993333333333333,0.9198717948717949
61,2,108,390,0.9993333333333333,0.9198717948717949
62,2,105,393,0.9993333333333333,0.9198717948717949
63,1,100,399,0.9996666666666667,0.9166666666666666
64,1,94,405,0.9996666666666667,0.9166666666666666
65,1,90,409,0.9996666666666667,0.9166666666666666
66,1,86,413,0.9996666666666667,0.9166666666666666
67,1,81,418,0.9996666666666667,0.9166666666666666
68,1,79,420,0.9996666666666667,0.9166666666666666
69,1,75,424,0.9996666666666667,0.9166666666666666
70,1,72,427,0.9996666666666667,0.9166666666666666
71,1,70,429,0.9996666666666667,0.9166666666666666
72,1,66,433,0.9996666666666667,0.9166666666666666
73,1,63,436,0.9996666666666667,0.9166666666666666
74,1,62,437,0.9996666666666667,0.9166666666666666
75,1,58,441,0.9996666666666667,0.9166666666666666
76,1,54,445,0.9996666666666667,0.9166666666666666
77,0,52,448,1.0,
78,0,50,450,1.0,
79,0,48,452,1.0,
80,0,46,454,1.0,
81,0,42,458,1.0,
82,0,41,459,1.0,
83,0,40,460,1.0,
84,0,39,461,1.0,
85,0,38,462,1.0,
86,0,36,464,1.0,
87,0,32,468,1.0,
88,0,28,472,1.0,
89,0,27,473,1.0,
90,0,26,474,1.0,
91,0,26,474,1.0,
92,0,24,476,1.0,
93,0,23,477,1.0,
94,0,22,478,1.0,
95,0,21,479,1.0,
96,0,21,479,1.0,
97,0,20,480,1.0,
98,0,19,481,1.0,
99,0,18,482,1.0,
100,0,16,484,1.0,
101,0,16,484,1.0,
102,0,16,484,1.0,
103,0,15,485,1.0,
104,0,15,485,1.0,
105,0,14,486,1.0,
106,0,13,487,1.0,
107,0,12,488,1.0,
108,0,12,488,1.0,
109,0,12,488,1.0,
110,0,12,488,1.0,
111,0,11,489,1.0,
112,0,11,489,1.0,
113,0,10,490,1.0,
114,0,10,490,1.0,
115,0,10,490,1.0,
116,0,9,491,1.0,
117,0,9,491,1.0,
118,0,7,493,1.0,
119,0,7,493,1.0,
120,0,7,493,1.0,
121,0,7,493,1.0,
122,0,7,493,1.0,
123,0,7,493,1.0,
124,0,6,494,1.0,
125,0,6,494,1.0,
126,0,6,494,1.0,
127,0,6,494,1.0,
128,0,6,494,1.0,
129,0,6,494,1.0,
130,0,6,494,1.0,
131,0,6,494,1.0,
132,0,6,494,1.0,
133,0,6,494,1.0,
134,0,5,495,1.0,
135,0,5,495,1.0,
136,0,4,496,1.0,
137,0,4,496,1.0,
138,0,4,496,1.0,
139,0,4,496,1.0,
140,0,4,496,1.0,
141,0,4,496,1.0,
142,0,4,496,1.0,
143,0,4,496,1.0,
144,0,4,496,1.0,
145,0,4,496,1.0,
146,0,4,496,1.0,
147,0,4,496,1.0,
148,0,4,496,1.0,
149,0,4,496,1.0,
150,0,4,496,1.0,
151,0,4,496,1.0,
152,0,3,497,1.0,
153,0,3,497,1.0,
154,0,3,497,1.0,
155,0,3,497,1.0,
156,0,3,497,1.0,
157,0,3,497,1.0,
158,0,3,497,1.0,
159,0,3,497,1.0,
160,0,3,497,1.0,
161,0,3,497,1.0,
162,0,2,498,1.0,
163,0,2,498,1.0,
164,0,2,498,1.0,
165,0,2,498,1.0,
166,0,2,498,1.0,
167,0,2,498,1.0,
168,0,2,498,1.0,
169,0,2,498,1.0,
170,0,2,498,1.0,
171,0,2,498,1.0,
172,0,1,499,1.0,
173,0,1,499,1.0,
174,0,1,499,1.0,
175,0,1,499,1.0,
176,0,1,499,1.0,
177,0,1,499,1.0,
178,0,1,499,1.0,
179,0,1,499,1.0,
180,0,1,499,1.0,
181,0,1,499,1.0,
182,0,1,499,1.0,
183,0,1,499,1.0,
184,0,1,499,1.0,
185,0,1,499,1.0,
186,0,1,499,1.0,
187,0,1,499,1.0,
188,0,1,499,1.0,
189,0,1,499,1.0,
190,0,1,499,1.0,
191,0,1,499,1.0,
192,0,1,499,1.0,
193,0,1,499,1.0,
194,0,1,499,1.0,
195,0,1,499,1.0,
196,0,1,499,1.0,
197,0,1,499,1.0,
198,0,1,499,1.0,
199,0,1,499,1.0,
200,0,1,499,1.0,
1,499,1,0,1.0,1.0
2,498,2,0,0.9978333333333333,0.9989270398712514
3,496,4,0,0.9951666666666666,0.9976050659478956
4,489,10,1,0.984,0.9919519368696927
5,481,18,1,0.9705,0.9848742200916114
6,471,26,3,0.9606666666666667,0.9794022513892355
7,461,36,3,0.9443333333333334,0.9702610832253387
8,441,53,6,0.9246666666666666,0.9576429329796183
9,427,62,11,0.9058333333333334,0.9452281298106572
10,408,79,13,0.8811666666666667,0.9273012605557082
11,386,97,17,0.8486666666666667,0.901928763314744
12,352,128,20,0.8113333333333334,0.8660918052370298
13,320,154,26,0.788,0.8344938786330733
14,288,179,33,0.7651666666666667,0.7962819771385116
15,257,199,44,0.7538333333333334,0.7607846139936176
16,225,224,51,0.7461666666666666,0.7171012537405621
17,193,246,61,0.7611666666666667,0.6889600585309078
18,162,265,73,0.7811666666666667,0.6607565658531842
19,136,282,82,0.7966666666666666,0.6239386798434113
20,116,294,90,0.8161666666666667,0.6015605465942798
21,98,305,97,0.8398333333333333,0.5885483720000135
22,75,317,108,0.8741666666666666,0.5788823359142199
23,58,318,124,0.9028333333333334,0.5780698063943942
24,43,320,137,0.929,0.5823020579390651
25,38,313,149,0.937,0.5829357279300071
26,31,313,156,0.9485,0.5814801101968002
27,24,306,170,0.96,0.584639081731473
28,18,297,185,0.97,0.5845735911074076
29,14,287,199,0.9778333333333333,0.6065138484703702
30,14,277,209,0.9786666666666667,0.6216952250647904
31,11,270,219,0.9843333333333333,0.6390806360964464
32,10,257,233,0.986,0.645619438532482
33,7,253,240,0.9911666666666666,0.6821403234446712
34,7,241,252,0.9916666666666667,0.6995395908439387
35,6,223,271,0.9941666666666666,0.7520586297760211
36,5,212,283,0.9958333333333333,0.7861660079051382
37,5,203,292,0.996,0.7948616600790513
38,5,195,300,0.996,0.7948616600790513
39,2,191,307,0.9983333333333333,0.7826086956521738
40,2,182,316,0.9985,0.8043478260869565
41,2,175,323,0.9985,0.8043478260869565
42,2,168,330,0.9985,0.8043478260869565
43,2,163,335,0.9985,0.8043478260869565
44,2,158,340,0.9985,0.8043478260869565
45,2,149,349,0.9986666666666667,0.8260869565217391
46,2,143,355,0.9986666666666667,0.8260869565217391
47,1,138,361,0.9991666666666666,0.782608695652174
48,0,134,366,1.0,
49,0,127,373,1.0,
50,0,121,379,1.0,
51,0,117,383,1.0,
52,0,112,388,1.0,
53,0,105,395,1.0,
54,0,100,400,1.0,
55,0,96,404,1.0,
56,0,91,409,1.0,
57,0,87,413,1.0,
58,0,84,416,1.0,
59,0,82,418,1.0,
60,0,76,424,1.0,
61,0,74,426,1.0,
62,0,71,429,1.0,
63,0,70,430,1.0,
64,0,67,433,1.0,
65,0,65,435,1.0,
66,0,62,438,1.0,
67,0,62,438,1.0,
68,0,57,443,1.0,
69,0,53,447,1.0,
70,0,51,449,1.0,
71,0,50,450,1.0,
72,0,47,453,1.0,
73,0,45,455,1.0,
74,0,43,457,1.0,
75,0,41,459,1.0,
76,0,40,460,1.0,
77,0,39,461,1.0,
78,0,35,465,1.0,
79,0,33,467,1.0,
80,0,31,469,1.0,
81,0,31,469,1.0,
82,0,30,470,1.0,
83,0,27,473,1.0,
84,0,27,473,1.0,
85,0,27,473,1.0,
86,0,26,474,1.0,
87,0,26,474,1.0,
88,0,25,475,1.0,
89,0,24,476,1.0,
90,0,23,477,1.0,
91,0,22,478,1.0,
92,0,22,478,1.0,
93,0,22,478,1.0,
94,0,22,478,1.0,
95,0,20,480,1.0,
96,0,19,481,1.0,
97,0,19,481,1.0,
98,0,19,481,1.0,
99,0,18,482,1.0,
100,0,18,482,1.0,
101,0,17,483,1.0,
102,0,16,484,1.0,
103,0,16,484,1.0,
104,0,14,486,1.0,
105,0,12,488,1.0,
106,0,11,489,1.0,
107,0,9,491,1.0,
108,0,9,491,1.0,
109,0,9,491,1.0,
110,0,8,492,1.0,
111,0,8,492,1.0,
112,0,8,492,1.0,
113,0,8,492,1.0,
114,0,8,492,1.0,
115,0,4,496,1.0,
116,0,4,496,1.0,
117,0,4,496,1.0,
118,0,4,496,1.0,
119,0,4,496,1.0,
120,0,4,496,1.0,
121,0,4,496,1.0,
122,0,3,497,1.0,
123,0,3,497,1.0,
124,0,3,497,1.0,
125,0,3,497,1.0,
126,0,3,497,1.0,
127,0,3,497,1.0,
128,0,3,497,1.0,
129,0,3,497,1.0,
130,0,2,498,1.0,
131,0,2,498,1.0,
132,0,1,499,1.0,
133,0,1,499,1.0,
134,0,1,499,1.0,
135,0,1,499,1.0,
136,0,1,499,1.0,
137,0,1,499,1.0,
138,0,1,499,1.0,
139,0,1,499,1.0,
140,0,1,499,1.0,
141,0,1,499,1.0,
142,0,1,499,1.0,
143,0,1,499,1.0,
144,0,1,499,1.0,
145,0,1,499,1.0,
146,0,1,499,1.0,
147,0,1,499,1.0,
148,0,1,499,1.0,
149,0,1,499,1.0,
150,0,1,499,1.0,
151,0,1,499,1.0,
152,0,1,499,1.0,
153,0,1,499,1.0,
154,0,1,499,1.0,
155,0,1,499,1.0,
156,0,1,499,1.0,
157,0,1,499,1.0,
158,0,1,499,1.0,
159,0,1,499,1.0,
160,0,1,499,1.0,
161,0,1,499,1.0,
162,0,0,500,1.0,
163,0,0,500,1.0,
164,0,0,500,1.0,
165,0,0,500,1.0,
166,0,0,500,1.0,
167,0,0,500,1.0,
168,0,0,500,1.0,
169,0,0,500,1.0,
170,0,0,500,1.0,
171,0,0,500,1.0,
172,0,0,500,1.0,
173,0,0,500,1.0,
174,0,0,500,1.0,
175,0,0,500,1.0,
176,0,0,500,1.0,
177,0,0,500,1.0,
178,0,0,500,1.0,
179,0,0,500,1.0,
180,0,0,500,1.0,
181,0,0,500,1.0,
182,0,0,500,1.0,
183,0,0,500,1.0,
184,0,0,500,1.0,
185,0,0,500,1.0,
186,0,0,500,1.0,
187,0,0,500,1.0,
188,0,0,500,1.0,
189,0,0,500,1.0,
190,0,0,500,1.0,
191,0,0,500,1.0,
192,0,0,500,1.0,
193,0,0,500,1.0,
194,0,0,500,1.0,
195,0,0,500,1.0,
196,0,0,500,1.0,
197,0,0,500,1.0,
198,0,0,500,1.0,
199,0,0,500,1.0,
200,0,0,500,1.0,
1,497,3,0,0.995,1.0
2,497,3,0,0.995,1.0
3,496,3,1,0.995,0.9999745509081154
4,494,5,1,0.9928333333333333,0.9988596974077666
5,488,11,1,0.9853333333333333,0.9950305036586392
6,482,16,2,0.974,0.9890244636858041
7,478,19,3,0.9715,0.9877360641463849
8,464,32,4,0.9535,0.9774634483851179
9,442,50,8,0.9235,0.9592097683825653
10,414,75,11,0.8805,0.93025360879428
11,382,105,13,0.8273333333333334,0.8892246141931374
12,355,129,16,0.791,0.8548675304299058
13,335,144,21,0.7755,0.8343639003767741
14,304,171,25,0.7513333333333333,0.7972198617069197
15,277,194,29,0.7355,0.7625225685987749
16,244,219,37,0.73,0.7243977492017977
17,210,245,45,0.7346666666666667,0.6853974281258716
18,179,265,56,0.7601666666666667,0.6661824040161737
19,151,275,74,0.7846666666666666,0.6455329494951321
20,125,285,90,0.817,0.6362890267485967
21,102,292,106,0.8448333333333333,0.6189438825802057
22,79,307,114,0.8713333333333333,0.5921043309837005
23,63,313,124,0.8935,0.5777506170174332
24,47,316,137,0.9166666666666666,0.5574308511511306
25,39,311,150,0.9311666666666667,0.5597463823970777
26,31,310,159,0.945,0.5593310658861913
27,25,309,166,0.9563333333333334,0.5619569186282009
28,19,298,183,0.968,0.5807025750892487
29,15,286,199,0.976,0.6017496761806582
30,14,277,209,0.979,0.6269799306889898
31,12,274,214,0.9826666666666667,0.6360813789049494
32,12,257,231,0.9838333333333333,0.6613703137709098
33,12,248,240,0.9843333333333333,0.671674110039909
34,12,241,247,0.9845,0.6753064706517771
35,11,233,256,0.9865,0.6896225744539461
36,9,226,265,0.9895,0.7043844346125618
37,9,214,277,0.99,0.7185102814364934
38,8,204,288,0.9921666666666666,0.7508873644408908
39,7,195,298,0.9943333333333333,0.7930339512482402
40,7,188,305,0.9945,0.7990014008248807
41,7,181,312,0.9948333333333333,0.8111957543075805
42,4,174,322,0.9978333333333333,0.8611584027886818
43,4,163,333,0.998,0.8716014395478026
44,4,154,342,0.998,0.8716014395478026
45,3,148,349,0.9985,0.8708859745787982
46,2,138,360,0.9988333333333334,0.8468353444668838
47,1,133,366,0.9996666666666667,0.9189872348026272
48,1,120,379,0.9996666666666667,0.9189872348026272
49,1,117,382,0.9996666666666667,0.9189872348026272
50,1,112,387,0.9996666666666667,0.9189872348026272
51,0,111,389,1.0,
52,0,104,396,1.0,
53,0,102,398,1.0,
54,0,99,401,1.0,
55,0,95,405,1.0,
56,0,91,409,1.0,
57,0,86,414,1.0,
58,0,78,422,1.0,
59,0,77,423,1.0,
60,0,74,426,1.0,
61,0,72,428,1.0,
62,0,69,431,1.0,
63,0,66,434,1.0,
64,0,62,438,1.0,
65,0,60,440,1.0,
66,0,57,443,1.0,
67,0,54,446,1.0,
68,0,52,448,1.0,
69,0,47,453,1.0,
70,0,44,456,1.0,
71,0,42,458,1.0,
72,0,41,459,1.0,
73,0,39,461,1.0,
74,0,37,463,1.0,
75,0,34,466,1.0,
76,0,34,466,1.0,
77,0,33,467,1.0,
78,0,33,467,1.0,
79,0,30,470,1.0,
80,0,29,471,1.0,
81,0,28,472,1.0,
82,0,28,472,1.0,
83,0,27,473,1.0,
84,0,27,473,1.0,
85,0,26,474,1.0,
86,0,24,476,1.0,
87,0,23,477,1.0,
88,0,23,477,1.0,
89,0,21,479,1.0,
90,0,21,479,1.0,
91,0,21,479,1.0,
92,0,20,480,1.0,
93,0,19,481,1.0,
94,0,19,481,1.0,
95,0,19,481,1.0,
96,0,17,483,1.0,
97,0,17,483,1.0,
98,0,16,484,1.0,
99,0,16,484,1.0,
100,0,16,484,1.0,
101,0,16,484,1.0,
102,0,16,484,1.0,
103,0,13,487,1.0,
104,0,10,490,1.0,
105,0,9,491,1.0,
106,0,9,491,1.0,
107,0,8,492,1.0,
108,0,8,492,1.0,
109,0,8,492,1.0,
110,0,8,492,1.0,
111,0,8,492,1.0,
112,0,8,492,1.0,
113,0,8,492,1.0,
114,0,8,492,1.0,
115,0,8,492,1.0,
116,0,8,492,1.0,
117,0,7,493,1.0,
118,0,6,494,1.0,
119,0,5,495,1.0,
120,0,4,496,1.0,
121,0,3,497,1.0,
122,0,2,498,1.0,
123,0,2,498,1.0,
124,0,1,499,1.0,
125,0,1,499,1.0,
126,0,1,499,1.0,
127,0,0,500,1.0,
128,0,0,500,1.0,
129,0,0,500,1.0,
130,0,0,500,1.0,
131,0,0,500,1.0,
132,0,0,500,1.0,
133,0,0,500,1.0,
134,0,0,500,1.0,
135,0,0,500,1.0,
136,0,0,500,1.0,
137,0,0,500,1.0,
138,0,0,500,1.0,
139,0,0,500,1.0,
140,0,0,500,1.0,
141,0,0,500,1.0,
142,0,0,500,1.0,
143,0,0,500,1.0,
144,0,0,500,1.0,
145,0,0,500,1.0,
146,0,0,500,1.0,
147,0,0,500,1.0,
148,0,0,500,1.0,
149,0,0,500,1.0,
150,0,0,500,1.0,
151,0,0,500,1.0,
152,0,0,500,1.0,
153,0,0,500,1.0,
154,0,0,500,1.0,
155,0,0,500,1.0,
156,0,0,500,1.0,
157,0,0,500,1.0,
158,0,0,500,1.0,
159,0,0,500,1.0,
160,0,0,500,1.0,
161,0,0,500,1.0,
162,0,0,500,1.0,
163,0,0,500,1.0,
164,0,0,500,1.0,
165,0,0,500,1.0,
166,0,0,500,1.0,
167,0,0,500,1.0,
168,0,0,500,1.0,
169,0,0,500,1.0,
170,0,0,500,1.0,
171,0,0,500,1.0,
172,0,0,500,1.0,
173,0,0,500,1.0,
174,0,0,500,1.0,
175,0,0,500,1.0,
176,0,0,500,1.0,
177,0,0,500,1.0,
178,0,0,500,1.0,
179,0,0,500,1.0,
180,0,0,500,1.0,
181,0,0,500,1.0,
182,0,0,500,1.0,
183,0,0,500,1.0,
184,0,0,500,1.0,
185,0,0,500,1.0,
186,0,0,500,1.0,
187,0,0,500,1.0,
188,0,0,500,1.0,
189,0,0,500,1.0,
190,0,0,500,1.0,
191,0,0,500,1.0,
192,0,0,500,1.0,
193,0,0,500,1.0,
194,0,0,500,1.0,
195,0,0,500,1.0,
196,0,0,500,1.0,
197,0,0,500,1.0,
198,0,0,500,1.0,
199,0,0,500,1.0,
200,0,0,500,1.0,
1,496,4,0,0.9936666666666667,1.0
2,494,6,0,0.9901666666666666,0.9981916517344227
3,491,9,0,0.9848333333333333,0.9954212641376251
4,485,15,0,0.9751666666666666,0.9902962420024233
5,478,22,0,0.9633333333333334,0.9838207398505879
6,473,27,0,0.959,0.9814239038244224
7,459,40,1,0.9388333333333333,0.9698032575735015
8,444,52,4,0.9148333333333334,0.9551993768780003
9,425,67,8,0.8916666666666667,0.9393496756887053
10,404,86,10,0.8566666666666667,0.9142272835747316
11,379,107,14,0.8245,0.8867743105106283
12,341,142,17,0.7765,0.8386251140280054
13,312,166,22,0.7595,0.8095813086899268
14,283,185,32,0.7461666666666666,0.7782335321752407
15,249,208,43,0.7358333333333333,0.7375727319713377
16,216,236,48,0.737,0.6978241771408049
17,183,264,53,0.7448333333333333,0.6531836132356951
18,153,281,66,0.7741666666666667,0.6326382572682747
19,131,291,78,0.7998333333333333,0.6202784596669761
20,111,296,93,0.8203333333333334,0.5965225027639274
21,84,311,105,0.8541666666666666,0.56765559024704
22,60,325,115,0.8901666666666667,0.545145258031184
23,43,334,123,0.9183333333333333,0.5307131310630505
24,30,329,141,0.9443333333333334,0.5431745641821255
25,22,328,150,0.9601666666666666,0.5527292275090278
26,15,323,162,0.9728333333333333,0.5585579510759814
27,13,311,176,0.9775,0.5728198334831787
28,11,301,188,0.9815,0.5821227629157333
29,9,292,199,0.9851666666666666,0.5921921621321838
30,8,280,212,0.9873333333333333,0.6090083095931259
31,6,267,227,0.9913333333333333,0.6417181385254794
32,5,262,233,0.9925,0.625603812555586
33,5,259,236,0.9925,0.625603812555586
34,3,250,247,0.9956666666666667,0.6408193736255837
35,2,244,254,0.9976666666666667,0.7004021996363117
36,0,237,263,1.0,
37,0,225,275,1.0,
38,0,212,288,1.0,
39,0,205,295,1.0,
40,0,195,305,1.0,
41,0,191,309,1.0,
42,0,178,322,1.0,
43,0,167,333,1.0,
44,0,160,340,1.0,
45,0,155,345,1.0,
46,0,149,351,1.0,
47,0,141,359,1.0,
48,0,139,361,1.0,
49,0,134,366,1.0,
50,0,127,373,1.0,
51,0,120,380,1.0,
52,0,115,385,1.0,
53,0,110,390,1.0,
54,0,106,394,1.0,
55,0,104,396,1.0,
56,0,104,396,1.0,
57,0,100,400,1.0,
58,0,100,400,1.0,
59,0,95,405,1.0,
60,0,92,408,1.0,
61,0,91,409,1.0,
62,0,86,414,1.0,
63,0,81,419,1.0,
64,0,78,422,1.0,
65,0,78,422,1.0,
66,0,73,427,1.0,
67,0,70,430,1.0,
68,0,69,431,1.0,
69,0,68,432,1.0,
70,0,65,435,1.0,
71,0,62,438,1.0,
72,0,60,440,1.0,
73,0,56,444,1.0,
74,0,53,447,1.0,
75,0,50,450,1.0,
76,0,47,453,1.0,
77,0,45,455,1.0,
78,0,45,455,1.0,
79,0,45,455,1.0,
80,0,43,457,1.0,
81,0,43,457,1.0,
82,0,41,459,1.0,
83,0,39,461,1.0,
84,0,38,462,1.0,
85,0,36,464,1.0,
86,0,35,465,1.0,
87,0,33,467,1.0,
88,0,32,468,1.0,
89,0,32,468,1.0,
90,0,31,469,1.0,
91,0,29,471,1.0,
92,0,28,472,1.0,
93,0,27,473,1.0,
94,0,27,473,1.0,
95,0,27,473,1.0,
96,0,23,477,1.0,
97,0,23,477,1.0,
98,0,23,477,1.0,
99,0,22,478,1.0,
100,0,21,479,1.0,
101,0,20,480,1.0,
102,0,19,481,1.0,
103,0,17,483,1.0,
104,0,16,484,1.0,
105,0,16,484,1.0,
106,0,16,484,1.0,
107,0,15,485,1.0,
108,0,14,486,1.0,
109,0,13,487,1.0,
110,0,13,487,1.0,
111,0,11,489,1.0,
112,0,11,489,1.0,
113,0,11,489,1.0,
114,0,11,489,1.0,
115,0,10,490,1.0,
116,0,9,491,1.0,
117,0,9,491,1.0,
118,0,9,491,1.0,
119,0,9,491,1.0,
120,0,8,492,1.0,
121,0,8,492,1.0,
122,0,7,493,1.0,
123,0,7,493,1.0,
124,0,7,493,1.0,
125,0,6,494,1.0,
126,0,6,494,1.0,
127,0,6,494,1.0,
128,0,6,494,1.0,
129,0,5,495,1.0,
130,0,5,495,1.0,
131,0,5,495,1.0,
132,0,5,495,1.0,
133,0,5,495,1.0,
134,0,5,495,1.0,
135,0,5,495,1.0,
136,0,5,495,1.0,
137,0,5,495,1.0,
138,0,5,495,1.0,
139,0,5,495,1.0,
140,0,5,495,1.0,
141,0,5,495,1.0,
142,0,5,495,1.0,
143,0,4,496,1.0,
144,0,3,497,1.0,
145,0,3,497,1.0,
146,0,3,497,1.0,
147,0,2,498,1.0,
148,0,2,498,1.0,
149,0,2,498,1.0,
150,0,2,498,1.0,
151,0,2,498,1.0,
152,0,2,498,1.0,
153,0,2,498,1.0,
154,0,2,498,1.0,
155,0,2,498,1.0,
156,0,1,499,1.0,
157,0,1,499,1.0,
158,0,1,499,1.0,
159,0,1,499,1.0,
160,0,1,499,1.0,
161,0,1,499,1.0,
162,0,1,499,1.0,
163,0,1,499,1.0,
164,0,1,499,1.0,
165,0,1,499,1.0,
166,0,1,499,1.0,
167,0,1,499,1.0,
168,0,1,499,1.0,
169,0,0,500,1.0,
170,0,0,500,1.0,
171,0,0,500,1.0,
172,0,0,500,1.0,
173,0,0,500,1.0,
174,0,0,500,1.0,
175,0,0,500,1.0,
176,0,0,500,1.0,
177,0,0,500,1.0,
178,0,0,500,1.0,
179,0,0,500,1.0,
180,0,0,500,1.0,
181,0,0,500,1.0,
182,0,0,500,1.0,
183,0,0,500,1.0,
184,0,0,500,1.0,
185,0,0,500,1.0,
186,0,0,500,1.0,
187,0,0,500,1.0,
188,0,0,500,1.0,
189,0,0,500,1.0,
190,0,0,500,1.0,
191,0,0,500,1.0,
192,0,0,500,1.0,
193,0,0,500,1.0,
194,0,0,500,1.0,
195,0,0,500,1.0,
196,0,0,500,1.0,
197,0,0,500,1.0,
198,0,0,500,1.0,
199,0,0,500,1.0,
200,0,0,500,1.0,
1,498,2,0,0.997,0.9984834137400926
2,495,5,0,0.9921666666666666,0.995979377346088
3,491,8,1,0.9866666666666667,0.9931213667461786
4,484,14,2,0.9798333333333333,0.9894094427484654
5,478,20,2,0.972,0.9851831971147054
6,469,29,2,0.9558333333333333,0.9763366830869381
7,458,39,3,0.9406666666666667,0.9675841151092717
8,445,52,3,0.9213333333333333,0.9560326388406506
9,420,71,9,0.9025,0.9423257444189121
10,394,93,13,0.8771666666666667,0.9226461286083886
11,370,113,17,0.8478333333333333,0.8979780213258474
12,333,142,25,0.8111666666666667,0.8583811835515369
13,306,162,32,0.785,0.8246100286025653
14,273,185,42,0.765,0.7849275454895693
15,236,216,48,0.7448333333333333,0.7305326482626446
16,211,231,58,0.751,0.7051905686149289
17,176,256,68,0.7658333333333334,0.6657711695380719
18,154,267,79,0.7863333333333333,0.6503217796173754
19,127,281,92,0.8101666666666667,0.6239866710185096
20,106,289,105,0.838,0.6145713365114516
21,83,303,114,0.8606666666666667,0.5771792726219127
22,63,314,123,0.8885,0.5551578752510429
23,45,319,136,0.921,0.5557739892957283
24,36,313,151,0.9371666666666667,0.5567151367151367
25,28,313,159,0.9508333333333333,0.5551829304236136
26,22,305,173,0.9633333333333334,0.5756438094185129
27,17,295,188,0.9728333333333333,0.5886149400471652
28,10,289,201,0.9835,0.5819116318464144
29,9,270,221,0.9861666666666666,0.6133123157036199
30,7,263,230,0.9895,0.6204491678094162
31,5,247,248,0.9933333333333333,0.6516139657444004
32,4,241,255,0.9945,0.6401515151515151
33,4,232,264,0.9945,0.6401515151515151
34,4,226,270,0.9945,0.6401515151515151
35,2,222,276,0.9973333333333333,0.6496212121212122
36,2,212,286,0.9975,0.6704545454545454
37,2,204,294,0.9978333333333333,0.7121212121212122
38,2,193,305,0.9981666666666666,0.7556818181818181
39,2,185,313,0.9983333333333333,0.7765151515151515
40,1,175,324,0.9996666666666667,0.9166666666666666
41,1,166,333,0.9996666666666667,0.9166666666666666
42,1,162,337,0.9996666666666667,0.9166666666666666
43,1,159,340,0.9996666666666667,0.9166666666666666
44,1,154,345,0.9998333333333334,0.9583333333333334
45,1,148,351,0.9998333333333334,0.9583333333333334
46,1,140,359,0.9998333333333334,0.9583333333333334
47,1,136,363,0.9998333333333334,0.9583333333333334
48,1,130,369,0.9998333333333334,0.9583333333333334
49,1,125,374,0.9998333333333334,0.9583333333333334
50,1,120,379,0.9998333333333334,0.9583333333333334
51,1,117,382,0.9998333333333334,0.9583333333333334
52,1,113,386,0.9998333333333334,0.9583333333333334
53,1,111,388,0.9998333333333334,0.9583333333333334
54,1,103,396,0.9998333333333334,0.9583333333333334
55,1,100,399,0.9998333333333334,0.9583333333333334
56,1,96,403,0.9998333333333334,0.9583333333333334
57,1,91,408,1.0,1.0
58,1,88,411,1.0,1.0
59,1,83,416,1.0,1.0
60,1,80,419,1.0,1.0
61,1,77,422,1.0,1.0
62,1,76,423,1.0,1.0
63,1,73,426,1.0,1.0
64,1,69,430,1.0,1.0
65,1,66,433,1.0,1.0
66,1,64,435,1.0,1.0
67,1,59,440,1.0,1.0
68,1,59,440,1.0,1.0
69,1,55,444,1.0,1.0
70,1,54,445,1.0,1.0
71,1,51,448,1.0,1.0
72,1,48,451,1.0,1.0
73,1,46,453,1.0,1.0
74,1,45,454,1.0,1.0
75,1,44,455,1.0,1.0
76,1,43,456,1.0,1.0
77,1,42,457,1.0,1.0
78,1,39,460,1.0,1.0
79,1,37,462,1.0,1.0
80,1,36,463,1.0,1.0
81,1,33,466,1.0,1.0
82,1,31,468,1.0,1.0
83,1,29,470,1.0,1.0
84,1,29,470,1.0,1.0
85,1,28,471,1.0,1.0
86,1,28,471,1.0,1.0
87,1,28,471,1.0,1.0
88,1,26,473,1.0,1.0
89,1,24,475,1.0,1.0
90,1,23,476,1.0,1.0
91,1,22,477,1.0,1.0
92,1,21,478,1.0,1.0
93,1,20,479,1.0,1.0
94,1,19,480,1.0,1.0
95,1,17,482,1.0,1.0
96,1,15,484,1.0,1.0
97,1,15,484,1.0,1.0
98,1,15,484,1.0,1.0
99,1,14,485,1.0,1.0
100,1,14,485,1.0,1.0
101,1,13,486,1.0,1.0
102,1,13,486,1.0,1.0
103,1,12,487,1.0,1.0
104,1,12,487,1.0,1.0
105,1,12,487,1.0,1.0
106,1,11,488,1.0,1.0
107,1,11,488,1.0,1.0
108,1,11,488,1.0,1.0
109,1,10,489,1.0,1.0
110,1,9,490,1.0,1.0
111,1,8,491,1.0,1.0
112,1,8,491,1.0,1.0
113,1,8,491,1.0,1.0
114,1,6,493,1.0,1.0
115,1,6,493,1.0,1.0
116,1,6,493,1.0,1.0
117,1,5,494,1.0,1.0
118,1,5,494,1.0,1.0
119,1,5,494,1.0,1.0
120,1,4,495,1.0,1.0
121,1,4,495,1.0,1.0
122,1,4,495,1.0,1.0
123,1,4,495,1.0,1.0
124,1,3,496,1.0,1.0
125,1,3,496,1.0,1.0
126,1,3,496,1.0,1.0
127,1,2,497,1.0,1.0
128,1,2,497,1.0,1.0
129,1,2,497,1.0,1.0
130,1,2,497,1.0,1.0
131,1,2,497,1.0,1.0
132,1,2,497,1.0,1.0
133,1,2,497,1.0,1.0
134,1,2,497,1.0,1.0
135,1,2,497,1.0,1.0
136,1,2,497,1.0,1.0
137,1,2,497,1.0,1.0
138,1,2,497,1.0,1.0
139,1,2,497,1.0,1.0
140,1,2,497,1.0,1.0
141,1,2,497,1.0,1.0
142,1,2,497,1.0,1.0
143,1,2,497,1.0,1.0
144,1,2,497,1.0,1.0
145,1,2,497,1.0,1.0
146,1,2,497,1.0,1.0
147,1,2,497,1.0,1.0
148,1,2,497,1.0,1.0
149,1,1,498,1.0,1.0
150,1,1,498,1.0,1.0
151,1,1,498,1.0,1.0
152,1,1,498,1.0,1.0
153,1,1,498,1.0,1.0
154,1,1,498,1.0,1.0
155,1,1,498,1.0,1.0
156,1,1,498,1.0,1.0
157,1,1,498,1.0,1.0
158,1,1,498,1.0,1.0
159,1,1,498,1.0,1.0
160,1,1,498,1.0,1.0
161,1,1,498,1.0,1.0
162,1,1,498,1.0,1.0
163,1,1,498,1.0,1.0
164,1,1,498,1.0,1.0
165,1,1,498,1.0,1.0
166,1,1,498,1.0,1.0
167,1,1,498,1.0,1.0
168,1,1,498,1.0,1.0
169,1,1,498,1.0,1.0
170,1,1,498,1.0,1.0
171,1,1,498,1.0,1.0
172,1,0,499,1.0,1.0
173,1,0,499,1.0,1.0
174,1,0,499,1.0,1.0
175,1,0,499,1.0,1.0
176,1,0,499,1.0,1.0
177,1,0,499,1.0,1.0
178,1,0,499,1.0,1.0
179,1,0,499,1.0,1.0
180,1,0,499,1.0,1.0
181,1,0,499,1.0,1.0
182,1,0,499,1.0,1.0
183,1,0,499,1.0,1.0
184,1,0,499,1.0,1.0
185,1,0,499,1.0,1.0
186,1,0,499,1.0,1.0
187,1,0,499,1.0,1.0
188,1,0,499,1.0,1.0
189,1,0,499,1.0,1.0
190,1,0,499,1.0,1.0
191,1,0,499,1.0,1.0
192,1,0,499,1.0,1.0
193,1,0,499,1.0,1.0
194,1,0,499,1.0,1.0
195,1,0,499,1.0,1.0
196,1,0,499,1.0,1.0
197,1,0,499,1.0,1.0
198,1,0,499,1.0,1.0
199,1,0,499,1.0,1.0
200,1,0,499,1.0,1.0
1,498,1,1,1.0,1.0
2,497,2,1,0.9975,0.9987458683386423
3,495,4,1,0.9945,0.9972183566689495
4,493,6,1,0.9905,0.9951291729407085
5,489,9,2,0.9863333333333333,0.9929640449352372
6,482,16,2,0.9766666666666667,0.9878274735067086
7,473,24,3,0.9635,0.9807444891414008
8,460,35,5,0.9486666666666667,0.9721339854222653
9,445,50,5,0.9301666666666667,0.9605280142065682
10,426,68,6,0.9026666666666666,0.9426337420678103
11,408,84,8,0.8786666666666667,0.9255551235533118
12,380,105,15,0.8403333333333334,0.8948940169077468
13,351,130,19,0.8095,0.8646229281922007
14,324,153,23,0.7848333333333334,0.8344052505988192
15,295,178,27,0.7625,0.7998217150110258
16,259,205,36,0.7498333333333334,0.7594069361231832
17,233,223,44,0.7416666666666667,0.7234471572712701
18,207,238,55,0.7593333333333333,0.710181746939394
19,180,259,61,0.7638333333333334,0.6720907781608265
20,160,270,70,0.7748333333333334,0.6475385786717309
21,131,290,79,0.802,0.620745882186307
22,112,294,94,0.83,0.6180637887101396
23,92,299,109,0.857,0.6075995971577257
24,78,303,119,0.8766666666666667,0.600757710846897
25,64,301,135,0.8996666666666666,0.6032311560470528
26,55,295,150,0.914,0.6066511861729252
27,50,286,164,0.9223333333333333,0.6088587583109323
28,37,288,175,0.9405,0.5942233207450599
29,30,285,185,0.953,0.6039516256690172
30,24,280,196,0.9618333333333333,0.5985968433069883
31,23,273,204,0.9636666666666667,0.6009783505719234
32,22,268,210,0.9658333333333333,0.6056771094518131
33,15,254,231,0.977,0.6101558441558442
34,11,248,241,0.9835,0.6150412367606042
35,9,237,254,0.9878333333333333,0.6495535060752453
36,8,226,266,0.99,0.6724868247694336
37,7,212,281,0.992,0.7005157161678902
38,5,204,291,0.9948333333333333,0.7317101449275363
39,3,200,297,0.9971666666666666,0.7584541062801932
40,2,194,304,0.9986666666666667,0.8260869565217391
41,2,189,309,0.9988333333333334,0.8478260869565217
42,2,183,315,0.9988333333333334,0.8478260869565217
43,2,174,324,0.9988333333333334,0.8478260869565217
44,2,168,330,0.9988333333333334,0.8478260869565217
45,2,165,333,0.9988333333333334,0.8478260869565217
46,2,159,339,0.999,0.8695652173913043
47,1,155,344,0.9995,0.8695652173913043
48,1,150,349,0.9995,0.8695652173913043
49,1,143,356,0.9995,0.8695652173913043
50,1,138,361,0.9995,0.8695652173913043
51,1,132,367,0.9995,0.8695652173913043
52,1,130,369,0.9995,0.8695652173913043
53,1,125,374,0.9995,0.8695652173913043
54,1,118,381,0.9995,0.8695652173913043
55,1,113,386,0.9996666666666667,0.9130434782608695
56,1,110,389,0.9996666666666667,0.9130434782608695
57,0,109,391,1.0,
58,0,103,397,1.0,
59,0,96,404,1.0,
60,0,92,408,1.0,
61,0,91,409,1.0,
62,0,88,412,1.0,
63,0,81,419,1.0,
64,0,77,423,1.0,
65,0,76,424,1.0,
66,0,70,430,1.0,
67,0,68,432,1.0,
68,0,66,434,1.0,
69,0,64,436,1.0,
70,0,62,438,1.0,
71,0,60,440,1.0,
72,0,58,442,1.0,
73,0,57,443,1.0,
74,0,54,446,1.0,
75,0,53,447,1.0,
76,0,52,448,1.0,
77,0,51,449,1.0,
78,0,50,450,1.0,
79,0,47,453,1.0,
80,0,46,454,1.0,
81,0,45,455,1.0,
82,0,45,455,1.0,
83,0,44,456,1.0,
84,0,38,462,1.0,
85,0,38,462,1.0,
86,0,36,464,1.0,
87,0,35,465,1.0,
88,0,35,465,1.0,
89,0,32,468,1.0,
90,0,32,468,1.0,
91,0,31,469,1.0,
92,0,30,470,1.0,
93,0,28,472,1.0,
94,0,28,472,1.0,
95,0,26,474,1.0,
96,0,24,476,1.0,
97,0,24,476,1.0,
98,0,23,477,1.0,
99,0,23,477,1.0,
100,0,23,477,1.0,
101,0,22,478,1.0,
102,0,21,479,1.0,
103,0,21,479,1.0,
104,0,21,479,1.0,
105,0,21,479,1.0,
106,0,20,480,1.0,
107,0,20,480,1.0,
108,0,19,481,1.0,
109,0,19,481,1.0,
110,0,19,481,1.0,
111,0,19,481,1.0,
112,0,17,483,1.0,
113,0,16,484,1.0,
114,0,14,486,1.0,
115,0,14,486,1.0,
116,0,14,486,1.0,
117,0,14,486,1.0,
118,0,14,486,1.0,
119,0,14,486,1.0,
120,0,13,487,1.0,
121,0,13,487,1.0,
122,0,13,487,1.0,
123,0,10,490,1.0,
124,0,10,490,1.0,
125,0,10,490,1.0,
126,0,10,490,1.0,
127,0,10,490,1.0,
128,0,9,491,1.0,
129,0,9,491,1.0,
130,0,8,492,1.0,
131,0,8,492,1.0,
132,0,8,492,1.0,
133,0,7,493,1.0,
134,0,7,493,1.0,
135,0,7,493,1.0,
136,0,6,494,1.0,
137,0,6,494,1.0,
138,0,6,494,1.0,
139,0,5,495,1.0,
140,0,5,495,1.0,
141,0,4,496,1.0,
142,0,4,496,1.0,
143,0,4,496,1.0,
144,0,4,496,1.0,
145,0,4,496,1.0,
146,0,4,496,1.0,
147,0,4,496,1.0,
148,0,4,496,1.0,
149,0,4,496,1.0,
150,0,4,496,1.0,
151,0,4,496,1.0,
152,0,4,496,1.0,
153,0,4,496,1.0,
154,0,4,496,1.0,
155,0,4,496,1.0,
156,0,4,496,1.0,
157,0,4,496,1.0,
158,0,4,496,1.0,
159,0,4,496,1.0,
160,0,4,496,1.0,
161,0,4,496,1.0,
162,0,4,496,1.0,
163,0,4,496,1.0,
164,0,4,496,1.0,
165,0,4,496,1.0,
166,0,4,496,1.0,
167,0,3,497,1.0,
168,0,2,498,1.0,
169,0,2,498,1.0,
170,0,2,498,1.0,
171,0,2,498,1.0,
172,0,2,498,1.0,
173,0,2,498,1.0,
174,0,2,498,1.0,
175,0,2,498,1.0,
176,0,1,499,1.0,
177,0,1,499,1.0,
178,0,1,499,1.0,
179,0,1,499,1.0,
180,0,1,499,1.0,
181,0,1,499,1.0,
182,0,1,499,1.0,
183,0,1,499,1.0,
184,0,1,499,1.0,
185,0,1,499,1.0,
186,0,1,499,1.0,
187,0,1,499,1.0,
188,0,1,499,1.0,
189,0,1,499,1.0,
190,0,1,499,1.0,
191,0,1,499,1.0,
192,0,1,499,1.0,
193,0,1,499,1.0,
194,0,1,499,1.0,
195,0,1,499,1.0,
196,0,1,499,1.0,
197,0,1,499,1.0,
198,0,1,499,1.0,
199,0,1,499,1.0,
200,0,1,499,1.0,
1,496,4,0,0.9936666666666667,1.0
2,491,9,0,0.9858333333333333,0.9959020012644119
3,483,17,0,0.97,0.9875060940105805
4,474,26,0,0.9576666666666667,0.9807456150178252
5,463,36,1,0.9416666666666667,0.9714764442204034
6,454,44,2,0.9313333333333333,0.9652365761183107
7,438,58,4,0.911,0.9523897217324124
8,419,73,8,0.8883333333333333,0.9366257153139115
9,395,96,9,0.8505,0.9083529888057492
10,358,128,14,0.8123333333333334,0.8714930714671986
11,328,150,22,0.7815,0.8359244093491298
12,296,174,30,0.7555,0.7951672617499723
13,258,202,40,0.7403333333333333,0.7488700362459362
14,224,226,50,0.734,0.703624096481448
15,189,250,61,0.7458333333333333,0.6652223864938213
16,166,259,75,0.7666666666666667,0.6505184096818578
17,133,278,89,0.798,0.6216166120430724
18,110,291,99,0.8236666666666667,0.6001925597943183
19,90,298,112,0.8561666666666666,0.6015754743385077
20,70,300,130,0.8876666666666667,0.5992290626091119
21,54,306,140,0.9096666666666666,0.5844208729630344
22,43,303,154,0.9296666666666666,0.5950227497426153
23,37,297,166,0.9385,0.5894789726013165
24,31,293,176,0.948,0.5854114963644239
25,28,283,189,0.9538333333333333,0.5921607527862353
26,23,272,205,0.9643333333333334,0.6148159722385794
27,18,268,214,0.973,0.6309351903610453
28,15,265,220,0.9766666666666667,0.6221986245931819
29,11,257,232,0.983,0.6229587407461977
30,11,246,243,0.9836666666666667,0.6378556686149756
31,10,242,248,0.9853333333333333,0.6423315584130068
32,8,235,257,0.9886666666666667,0.6510906069140658
33,7,227,266,0.9898333333333333,0.6370150311011227
34,7,219,274,0.99,0.6427479596103899
35,6,210,284,0.9925,0.6881292375705511
36,6,206,288,0.9926666666666667,0.6948176541646962
37,5,198,297,0.9943333333333333,0.7228433533941948
38,4,194,302,0.9955,0.7229669437008258
39,3,187,310,0.9968333333333333,0.7365497607335009
40,3,183,314,0.997,0.7504839619713031
41,2,178,320,0.9986666666666667,0.8340164692177457
42,2,169,329,0.9988333333333334,0.8558265233290885
43,2,164,334,0.9988333333333334,0.8558265233290885
44,2,152,346,0.999,0.8776365774404311
45,2,146,352,0.999,0.8776365774404311
46,2,143,355,0.999,0.8776365774404311
47,2,137,361,0.999,0.8776365774404311
48,2,135,363,0.9991666666666666,0.8994466315517738
49,2,132,366,0.9993333333333333,0.9195118813342092
50,2,126,372,0.9993333333333333,0.9195118813342092
51,2,123,375,0.9993333333333333,0.9195118813342092
52,2,117,381,0.9993333333333333,0.9195118813342092
53,2,113,385,0.9993333333333333,0.9195118813342092
54,2,112,386,0.9993333333333333,0.9195118813342092
55,2,106,392,0.9993333333333333,0.9195118813342092
56,2,101,397,0.9993333333333333,0.9195118813342092
57,2,100,398,0.9993333333333333,0.9195118813342092
58,2,98,400,0.9995,0.9395771311166445
59,2,93,405,0.9996666666666667,0.9596423808990798
60,2,90,408,0.9996666666666667,0.9596423808990798
61,2,87,411,0.9996666666666667,0.9596423808990798
62,2,83,415,0.9996666666666667,0.9596423808990798
63,2,79,419,0.9996666666666667,0.9596423808990798
64,2,77,421,0.9996666666666667,0.9596423808990798
65,2,72,426,0.9996666666666667,0.9596423808990798
66,2,68,430,0.9996666666666667,0.9596423808990798
67,2,65,433,0.9996666666666667,0.9596423808990798
68,1,62,437,0.9996666666666667,0.9160222726763944
69,1,58,441,0.9996666666666667,0.9160222726763944
70,1,56,443,0.9996666666666667,0.9160222726763944
71,1,55,444,0.9996666666666667,0.9160222726763944
72,1,51,448,0.9998333333333334,0.9596423808990798
73,1,50,449,0.9998333333333334,0.9596423808990798
74,0,47,453,1.0,
75,0,45,455,1.0,
76,0,44,456,1.0,
77,0,44,456,1.0,
78,0,43,457,1.0,
79,0,41,459,1.0,
80,0,38,462,1.0,
81,0,38,462,1.0,
82,0,37,463,1.0,
83,0,36,464,1.0,
84,0,36,464,1.0,
85,0,34,466,1.0,
86,0,32,468,1.0,
87,0,31,469,1.0,
88,0,29,471,1.0,
89,0,27,473,1.0,
90,0,25,475,1.0,
91,0,25,475,1.0,
92,0,24,476,1.0,
93,0,23,477,1.0,
94,0,23,477,1.0,
95,0,23,477,1.0,
96,0,23,477,1.0,
97,0,21,479,1.0,
98,0,21,479,1.0,
99,0,21,479,1.0,
100,0,21,479,1.0,
101,0,21,479,1.0,
102,0,21,479,1.0,
103,0,20,480,1.0,
104,0,20,480,1.0,
105,0,20,480,1.0,
106,0,19,481,1.0,
107,0,16,484,1.0,
108,0,15,485,1.0,
109,0,13,487,1.0,
110,0,12,488,1.0,
111,0,12,488,1.0,
112,0,12,488,1.0,
113,0,11,489,1.0,
114,0,11,489,1.0,
115,0,11,489,1.0,
116,0,11,489,1.0,
117,0,10,490,1.0,
118,0,10,490,1.0,
119,0,9,491,1.0,
120,0,9,491,1.0,
121,0,9,491,1.0,
122,0,9,491,1.0,
123,0,9,491,1.0,
124,0,9,491,1.0,
125,0,9,491,1.0,
126,0,9,491,1.0,
127,0,9,491,1.0,
128,0,8,492,1.0,
129,0,8,492,1.0,
130,0,8,492,1.0,
131,0,8,492,1.0,
132,0,8,492,1.0,
133,0,7,493,1.0,
134,0,6,494,1.0,
135,0,6,494,1.0,
136,0,6,494,1.0,
137,0,5,495,1.0,
138,0,5,495,1.0,
139,0,5,495,1.0,
140,0,4,496,1.0,
141,0,4,496,1.0,
142,0,2,498,1.0,
143,0,1,499,1.0,
144,0,1,499,1.0,
145,0,1,499,1.0,
146,0,1,499,1.0,
147,0,1,499,1.0,
148,0,1,499,1.0,
149,0,1,499,1.0,
150,0,1,499,1.0,
151,0,1,499,1.0,
152,0,1,499,1.0,
153,0,0,500,1.0,
154,0,0,500,1.0,
155,0,0,500,1.0,
156,0,0,500,1.0,
157,0,0,500,1.0,
158,0,0,500,1.0,
159,0,0,500,1.0,
160,0,0,500,1.0,
161,0,0,500,1.0,
162,0,0,500,1.0,
163,0,0,500,1.0,
164,0,0,500,1.0,
165,0,0,500,1.0,
166,0,0,500,1.0,
167,0,0,500,1.0,
168,0,0,500,1.0,
169,0,0,500,1.0,
170,0,0,500,1.0,
171,0,0,500,1.0,
172,0,0,500,1.0,
173,0,0,500,1.0,
174,0,0,500,1.0,
175,0,0,500,1.0,
176,0,0,500,1.0,
177,0,0,500,1.0,
178,0,0,500,1.0,
179,0,0,500,1.0,
180,0,0,500,1.0,
181,0,0,500,1.0,
182,0,0,500,1.0,
183,0,0,500,1.0,
184,0,0,500,1.0,
185,0,0,500,1.0,
186,0,0,500,1.0,
187,0,0,500,1.0,
188,0,0,500,1.0,
189,0,0,500,1.0,
190,0,0,500,1.0,
191,0,0,500,1.0,
192,0,0,500,1.0,
193,0,0,500,1.0,
194,0,0,500,1.0,
195,0,0,500,1.0,
196,0,0,500,1.0,
197,0,0,500,1.0,
198,0,0,500,1.0,
199,0,0,500,1.0,
200,0,0,500,1.0,
1,498,2,0,0.997,0.9999153666078486
2,498,2,0,0.997,0.9999153666078486
3,497,2,1,0.9971666666666666,1.0
4,496,3,1,0.9941666666666666,0.9985103248318487
5,496,3,1,0.9941666666666666,0.9985103248318487
6,496,3,1,0.9941666666666666,0.9985103248318487
7,493,6,1,0.991,0.9968542264200676
8,490,8,2,0.9871666666666666,0.9948629000893643
9,487,11,2,0.9848333333333333,0.9936234897114564
10,479,19,2,0.9731666666666666,0.9872850485910131
11,473,25,2,0.9613333333333334,0.9808352028864991
12,458,38,4,0.9338333333333333,0.9651301995560908
13,442,53,5,0.9086666666666666,0.9496910000682688
14,424,67,9,0.8898333333333334,0.9362151827566955
15,400,88,12,0.8556666666666667,0.9111295555554144
16,373,113,14,0.825,0.8839933136422852
17,343,138,19,0.796,0.8524119093002711
18,312,160,28,0.7793333333333333,0.824043817091452
19,284,183,33,0.7615,0.7902605380142745
20,258,206,36,0.7418333333333333,0.7495781552814111
21,225,231,44,0.7495,0.7212851669346558
22,196,255,49,0.75,0.6808952051898619
23,174,271,55,0.7626666666666667,0.6581538304170516
24,149,285,66,0.7788333333333334,0.6275850433994188
25,126,301,73,0.7973333333333333,0.59577637160562
26,92,325,83,0.8385,0.5582441363791282
27,74,336,90,0.8663333333333333,0.5460789808182045
28,56,342,102,0.898,0.5406731904446309
29,42,337,121,0.9235,0.5379438444533626
30,29,339,132,0.948,0.5348118274672203
31,25,329,146,0.9558333333333333,0.5421210646820982
32,18,319,163,0.9695,0.5600776756513343
33,13,311,176,0.9786666666666667,0.579263310017644
34,11,299,190,0.9825,0.5907007155789721
35,8,291,201,0.9875,0.5952808848651773
36,5,282,213,0.9926666666666667,0.611720613533802
37,4,269,227,0.9951666666666666,0.6705627673039332
38,3,258,239,0.9968333333333333,0.7127350444971746
39,2,253,245,0.9978333333333333,0.699023164426523
40,2,246,252,0.998,0.7228658149961097
41,2,237,261,0.998,0.7228658149961097
42,2,232,266,0.998,0.7228658149961097
43,2,221,277,0.998,0.7228658149961097
44,2,214,284,0.998,0.7228658149961097
45,2,210,288,0.998,0.7228658149961097
46,1,201,298,0.9991666666666666,0.7629648182267785
47,1,193,306,0.9991666666666666,0.7629648182267785
48,1,186,313,0.9991666666666666,0.7629648182267785
49,1,174,325,0.9993333333333333,0.8106501193659522
50,1,165,334,0.9993333333333333,0.8106501193659522
51,1,155,344,0.9995,0.8583354205051259
52,1,147,352,0.9995,0.8583354205051259
53,1,140,359,0.9996666666666667,0.9060207216442996
54,1,135,364,0.9996666666666667,0.9060207216442996
55,1,131,368,0.9996666666666667,0.9060207216442996
56,1,125,374,0.9996666666666667,0.9060207216442996
57,1,122,377,0.9998333333333334,0.9537060227834732
58,1,116,383,0.9998333333333334,0.9537060227834732
59,1,112,387,0.9998333333333334,0.9537060227834732
60,1,105,394,0.9998333333333334,0.9537060227834732
61,1,95,404,0.9998333333333334,0.9537060227834732
62,1,90,409,0.9998333333333334,0.9537060227834732
63,0,85,415,1.0,
64,0,81,419,1.0,
65,0,79,421,1.0,
66,0,75,425,1.0,
67,0,71,429,1.0,
68,0,68,432,1.0,
69,0,64,436,1.0,
70,0,62,438,1.0,
71,0,56,444,1.0,
72,0,55,445,1.0,
73,0,52,448,1.0,
74,0,50,450,1.0,
75,0,48,452,1.0,
76,0,48,452,1.0,
77,0,44,456,1.0,
78,0,42,458,1.0,
79,0,39,461,1.0,
80,0,35,465,1.0,
81,0,34,466,1.0,
82,0,32,468,1.0,
83,0,31,469,1.0,
84,0,30,470,1.0,
85,0,30,470,1.0,
86,0,29,471,1.0,
87,0,28,472,1.0,
88,0,26,474,1.0,
89,0,25,475,1.0,
90,0,25,475,1.0,
91,0,25,475,1.0,
92,0,25,475,1.0,
93,0,23,477,1.0,
94,0,22,478,1.0,
95,0,21,479,1.0,
96,0,21,479,1.0,
97,0,21,479,1.0,
98,0,21,479,1.0,
99,0,20,480,1.0,
100,0,19,481,1.0,
101,0,19,481,1.0,
102,0,19,481,1.0,
103,0,18,482,1.0,
104,0,18,482,1.0,
105,0,17,483,1.0,
106,0,17,483,1.0,
107,0,17,483,1.0,
108,0,15,485,1.0,
109,0,14,486,1.0,
110,0,14,486,1.0,
111,0,14,486,1.0,
112,0,12,488,1.0,
113,0,11,489,1.0,
114,0,10,490,1.0,
115,0,10,490,1.0,
116,0,8,492,1.0,
117,0,8,492,1.0,
118,0,7,493,1.0,
119,0,7,493,1.0,
120,0,7,493,1.0,
121,0,7,493,1.0,
122,0,7,493,1.0,
123,0,7,493,1.0,
124,0,7,493,1.0,
125,0,6,494,1.0,
126,0,6,494,1.0,
127,0,6,494,1.0,
128,0,5,495,1.0,
129,0,5,495,1.0,
130,0,5,495,1.0,
131,0,5,495,1.0,
132,0,5,495,1.0,
133,0,4,496,1.0,
134,0,4,496,1.0,
135,0,4,496,1.0,
136,0,4,496,1.0,
137,0,4,496,1.0,
138,0,3,497,1.0,
139,0,3,497,1.0,
140,0,3,497,1.0,
141,0,2,498,1.0,
142,0,2,498,1.0,
143,0,2,498,1.0,
144,0,2,498,1.0,
145,0,2,498,1.0,
146,0,2,498,1.0,
147,0,2,498,1.0,
148,0,2,498,1.0,
149,0,2,498,1.0,
150,0,2,498,1.0,
151,0,2,498,1.0,
152,0,2,498,1.0,
153,0,2,498,1.0,
154,0,1,499,1.0,
155,0,0,500,1.0,
156,0,0,500,1.0,
157,0,0,500,1.0,
158,0,0,500,1.0,
159,0,0,500,1.0,
160,0,0,500,1.0,
161,0,0,500,1.0,
162,0,0,500,1.0,
163,0,0,500,1.0,
164,0,0,500,1.0,
165,0,0,500,1.0,
166,0,0,500,1.0,
167,0,0,500,1.0,
168,0,0,500,1.0,
169,0,0,500,1.0,
170,0,0,500,1.0,
171,0,0,500,1.0,
172,0,0,500,1.0,
173,0,0,500,1.0,
174,0,0,500,1.0,
175,0,0,500,1.0,
176,0,0,500,1.0,
177,0,0,500,1.0,
178,0,0,500,1.0,
179,0,0,500,1.0,
180,0,0,500,1.0,
181,0,0,500,1.0,
182,0,0,500,1.0,
183,0,0,500,1.0,
184,0,0,500,1.0,
185,0,0,500,1.0,
186,0,0,500,1.0,
187,0,0,500,1.0,
188,0,0,500,1.0,
189,0,0,500,1.0,
190,0,0,500,1.0,
191,0,0,500,1.0,
192,0,0,500,1.0,
193,0,0,500,1.0,
194,0,0,500,1.0,
195,0,0,500,1.0,
196,0,0,500,1.0,
197,0,0,500,1.0,
198,0,0,500,1.0,
199,0,0,500,1.0,
200,0,0,500,1.0,
1,498,2,0,0.9975,1.0
2,497,3,0,0.9943333333333333,0.998395280354325
3,497,3,0,0.9943333333333333,0.998395280354325
4,496,4,0,0.9928333333333333,0.9976422482424714
5,496,4,0,0.9928333333333333,0.9976422482424714
6,492,8,0,0.9875,0.9948613166077676
7,487,12,1,0.98,0.9909799724940712
8,482,16,2,0.975,0.988306082335624
9,477,19,4,0.9706666666666667,0.9859092641885786
10,471,25,4,0.961,0.9805633135907249
11,461,34,5,0.9475,0.9728634834639343
12,451,43,6,0.9326666666666666,0.9639680990070431
13,433,57,10,0.912,0.9503327260188756
14,415,74,11,0.8911666666666667,0.9354361389684915
15,394,95,11,0.8588333333333333,0.9113606126102891
16,377,109,14,0.8455,0.8983901070300353
17,344,138,18,0.8158333333333333,0.8667222509055229
18,318,158,24,0.7928333333333333,0.8379576739134764
19,294,176,30,0.7793333333333333,0.8129897966752562
20,257,206,37,0.7546666666666667,0.7617536647287171
21,227,229,44,0.7548333333333334,0.7312983790608862
22,203,241,56,0.7516666666666667,0.6958084887045893
23,165,265,70,0.774,0.6583513761267985
24,139,287,74,0.7866666666666666,0.6168640853870432
25,110,302,88,0.8236666666666667,0.5982803287458517
26,85,312,103,0.859,0.5825918561156086
27,68,317,115,0.888,0.5826205926125099
28,55,316,129,0.9086666666666666,0.5787488259460706
29,41,313,146,0.9326666666666666,0.5801728183130931
30,37,296,167,0.9425,0.6042825450759082
31,29,291,180,0.9526666666666667,0.5866335610311666
32,21,287,192,0.9656666666666667,0.5822658482930281
33,18,274,208,0.972,0.6035600562028667
34,16,265,219,0.9751666666666666,0.6039248341487882
35,11,259,230,0.984,0.621115321533551
36,11,241,248,0.9845,0.6329083284197896
37,8,231,261,0.9885,0.6188475225863297
38,6,224,270,0.9918333333333333,0.6404743986267708
39,6,216,278,0.9921666666666666,0.6556451198393691
40,5,207,288,0.9941666666666666,0.6860275514802646
41,4,198,298,0.9948333333333333,0.6538604399650424
42,2,181,317,0.9975,0.6602561710352606
43,2,172,326,0.9976666666666667,0.6820228579924669
44,2,164,334,0.9978333333333333,0.7058625627551216
45,1,160,339,0.999,0.7151911428796386
46,1,152,347,0.9993333333333333,0.8105499619302571
47,0,145,355,1.0,
48,0,141,359,1.0,
49,0,134,366,1.0,
50,0,127,373,1.0,
51,0,123,377,1.0,
52,0,117,383,1.0,
53,0,115,385,1.0,
54,0,110,390,1.0,
55,0,101,399,1.0,
56,0,92,408,1.0,
57,0,89,411,1.0,
58,0,86,414,1.0,
59,0,78,422,1.0,
60,0,73,427,1.0,
61,0,70,430,1.0,
62,0,68,432,1.0,
63,0,65,435,1.0,
64,0,63,437,1.0,
65,0,60,440,1.0,
66,0,56,444,1.0,
67,0,53,447,1.0,
68,0,51,449,1.0,
69,0,51,449,1.0,
70,0,51,449,1.0,
71,0,50,450,1.0,
72,0,49,451,1.0,
73,0,46,454,1.0,
74,0,45,455,1.0,
75,0,43,457,1.0,
76,0,40,460,1.0,
77,0,38,462,1.0,
78,0,37,463,1.0,
79,0,34,466,1.0,
80,0,32,468,1.0,
81,0,29,471,1.0,
82,0,28,472,1.0,
83,0,22,478,1.0,
84,0,22,478,1.0,
85,0,22,478,1.0,
86,0,21,479,1.0,
87,0,21,479,1.0,
88,0,21,479,1.0,
89,0,21,479,1.0,
90,0,21,479,1.0,
91,0,20,480,1.0,
92,0,18,482,1.0,
93,0,18,482,1.0,
94,0,17,483,1.0,
95,0,17,483,1.0,
96,0,17,483,1.0,
97,0,16,484,1.0,
98,0,16,484,1.0,
99,0,16,484,1.0,
100,0,16,484,1.0,
101,0,15,485,1.0,
102,0,14,486,1.0,
103,0,14,486,1.0,
104,0,13,487,1.0,
105,0,11,489,1.0,
106,0,11,489,1.0,
107,0,10,490,1.0,
108,0,10,490,1.0,
109,0,10,490,1.0,
110,0,10,490,1.0,
111,0,10,490,1.0,
112,0,10,490,1.0,
113,0,7,493,1.0,
114,0,7,493,1.0,
115,0,7,493,1.0,
116,0,7,493,1.0,
117,0,6,494,1.0,
118,0,6,494,1.0,
119,0,6,494,1.0,
120,0,6,494,1.0,
121,0,6,494,1.0,
122,0,6,494,1.0,
123,0,6,494,1.0,
124,0,6,494,1.0,
125,0,6,494,1.0,
126,0,6,494,1.0,
127,0,5,495,1.0,
128,0,5,495,1.0,
129,0,5,495,1.0,
130,0,5,495,1.0,
131,0,4,496,1.0,
132,0,4,496,1.0,
133,0,4,496,1.0,
134,0,4,496,1.0,
135,0,4,496,1.0,
136,0,3,497,1.0,
137,0,3,497,1.0,
138,0,3,497,1.0,
139,0,3,497,1.0,
140,0,3,497,1.0,
141,0,3,497,1.0,
142,0,3,497,1.0,
143,0,3,497,1.0,
144,0,3,497,1.0,
145,0,3,497,1.0,
146,0,3,497,1.0,
147,0,3,497,1.0,
148,0,3,497,1.0,
149,0,3,497,1.0,
150,0,3,497,1.0,
151,0,2,498,1.0,
152,0,2,498,1.0,
153,0,2,498,1.0,
154,0,2,498,1.0,
155,0,2,498,1.0,
156,0,2,498,1.0,
157,0,2,498,1.0,
158,0,2,498,1.0,
159,0,2,498,1.0,
160,0,2,498,1.0,
161,0,2,498,1.0,
162,0,2,498,1.0,
163,0,2,498,1.0,
164,0,2,498,1.0,
165,0,2,498,1.0,
166,0,2,498,1.0,
167,0,1,499,1.0,
168,0,1,499,1.0,
169,0,1,499,1.0,
170,0,1,499,1.0,
171,0,1,499,1.0,
172,0,1,499,1.0,
173,0,1,499,1.0,
174,0,1,499,1.0,
175,0,0,500,1.0,
176,0,0,500,1.0,
177,0,0,500,1.0,
178,0,0,500,1.0,
179,0,0,500,1.0,
180,0,0,500,1.0,
181,0,0,500,1.0,
182,0,0,500,1.0,
183,0,0,500,1.0,
184,0,0,500,1.0,
185,0,0,500,1.0,
186,0,0,500,1.0,
187,0,0,500,1.0,
188,0,0,500,1.0,
189,0,0,500,1.0,
190,0,0,500,1.0,
191,0,0,500,1.0,
192,0,0,500,1.0,
193,0,0,500,1.0,
194,0,0,500,1.0,
195,0,0,500,1.0,
196,0,0,500,1.0,
197,0,0,500,1.0,
198,0,0,500,1.0,
199,0,0,500,1.0,
200,0,0,500,1.0,
1,499,1,0,1.0,1.0
2,498,2,0,0.9975,0.9987420575175945
3,497,3,0,0.995,0.9974689588835333
4,496,4,0,0.9946666666666667,0.9972986547697278
5,492,8,0,0.9873333333333333,0.9935267189508972
6,489,11,0,0.9811666666666666,0.9902839272368925
7,486,14,0,0.976,0.9875197693667008
8,480,18,2,0.9701666666666666,0.9843122458090756
9,475,22,3,0.9641666666666666,0.9809027496276924
10,464,33,3,0.9443333333333334,0.9696214348252392
11,447,49,4,0.9198333333333333,0.9545806930949426
12,429,65,6,0.8973333333333333,0.9394260745111535
13,407,84,9,0.8625,0.9147261152628327
14,373,115,12,0.8173333333333334,0.8767708109296506
15,344,133,23,0.8023333333333333,0.8558100941187924
16,314,157,29,0.7803333333333333,0.8239260588206062
17,291,173,36,0.7671666666666667,0.7985869129546734
18,265,189,46,0.7686666666666667,0.7797619177321263
19,235,211,54,0.7606666666666667,0.7435095084915915
20,206,234,60,0.7678333333333334,0.7167609356397652
21,180,249,71,0.7875,0.703107088046193
22,160,264,76,0.7951666666666667,0.6787765862543466
23,136,275,89,0.8138333333333333,0.6561986103060776
24,117,284,99,0.8318333333333333,0.6395027041936818
25,101,281,118,0.8521666666666666,0.6349222696051886
26,86,282,132,0.8705,0.6249290362780863
27,75,285,140,0.8841666666666667,0.6156031489091749
28,61,281,158,0.9075,0.6226907167198646
29,56,271,173,0.9168333333333333,0.6319750807003585
30,42,276,182,0.9338333333333333,0.6115167205695156
31,33,273,194,0.9505,0.6275262404116159
32,27,268,205,0.9613333333333334,0.6423260350313491
33,24,264,212,0.966,0.6426946513631296
34,19,259,222,0.9736666666666667,0.6483121036095865
35,15,256,229,0.9785,0.636234856930509
36,13,245,242,0.9833333333333333,0.6773377068862019
37,12,239,249,0.9846666666666667,0.6782269602378298
38,11,234,255,0.9861666666666666,0.6817021384412688
39,8,229,263,0.9908333333333333,0.7127027591973244
40,7,220,273,0.992,0.7151385570950788
41,5,212,283,0.994,0.7055128205128204
42,5,202,293,0.9948333333333333,0.7458717948717949
43,5,189,306,0.995,0.7542051282051281
44,5,184,311,0.9955,0.7785641025641026
45,5,180,315,0.9955,0.7785641025641026
46,4,173,323,0.9966666666666667,0.7961217948717948
47,4,166,330,0.9966666666666667,0.7961217948717948
48,2,166,332,0.999,0.8775
49,2,156,342,0.9993333333333333,0.9183333333333333
50,1,154,345,0.9996666666666667,0.9166666666666666
51,1,150,349,0.9996666666666667,0.9166666666666666
52,1,143,356,0.9996666666666667,0.9166666666666666
53,1,137,362,0.9996666666666667,0.9166666666666666
54,1,131,368,0.9996666666666667,0.9166666666666666
55,1,126,373,0.9996666666666667,0.9166666666666666
56,1,120,379,0.9996666666666667,0.9166666666666666
57,0,116,384,1.0,
58,0,112,388,1.0,
59,0,110,390,1.0,
60,0,105,395,1.0,
61,0,101,399,1.0,
62,0,91,409,1.0,
63,0,86,414,1.0,
64,0,86,414,1.0,
65,0,81,419,1.0,
66,0,75,425,1.0,
67,0,69,431,1.0,
68,0,65,435,1.0,
69,0,64,436,1.0,
70,0,60,440,1.0,
71,0,59,441,1.0,
72,0,57,443,1.0,
73,0,56,444,1.0,
74,0,54,446,1.0,
75,0,52,448,1.0,
76,0,51,449,1.0,
77,0,50,450,1.0,
78,0,47,453,1.0,
79,0,46,454,1.0,
80,0,45,455,1.0,
81,0,44,456,1.0,
82,0,39,461,1.0,
83,0,38,462,1.0,
84,0,36,464,1.0,
85,0,33,467,1.0,
86,0,30,470,1.0,
87,0,30,470,1.0,
88,0,29,471,1.0,
89,0,28,472,1.0,
90,0,24,476,1.0,
91,0,22,478,1.0,
92,0,22,478,1.0,
93,0,21,479,1.0,
94,0,21,479,1.0,
95,0,19,481,1.0,
96,0,19,481,1.0,
97,0,17,483,1.0,
98,0,16,484,1.0,
99,0,16,484,1.0,
100,0,16,484,1.0,
101,0,15,485,1.0,
102,0,14,486,1.0,
103,0,13,487,1.0,
104,0,12,488,1.0,
105,0,11,489,1.0,
106,0,11,489,1.0,
107,0,10,490,1.0,
108,0,10,490,1.0,
109,0,10,490,1.0,
110,0,9,491,1.0,
111,0,9,491,1.0,
112,0,9,491,1.0,
113,0,9,491,1.0,
114,0,9,491,1.0,
115,0,9,491,1.0,
116,0,8,492,1.0,
117,0,8,492,1.0,
118,0,7,493,1.0,
119,0,7,493,1.0,
120,0,7,493,1.0,
121,0,7,493,1.0,
122,0,7,493,1.0,
123,0,6,494,1.0,
124,0,6,494,1.0,
125,0,6,494,1.0,
126,0,6,494,1.0,
127,0,6,494,1.0,
128,0,6,494,1.0,
129,0,6,494,1.0,
130,0,6,494,1.0,
131,0,6,494,1.0,
132,0,6,494,1.0,
133,0,5,495,1.0,
134,0,5,495,1.0,
135,0,5,495,1.0,
136,0,5,495,1.0,
137,0,5,495,1.0,
138,0,5,495,1.0,
139,0,5,495,1.0,
140,0,4,496,1.0,
141,0,4,496,1.0,
142,0,4,496,1.0,
143,0,4,496,1.0,
144,0,3,497,1.0,
145,0,3,497,1.0,
146,0,2,498,1.0,
147,0,2,498,1.0,
148,0,2,498,1.0,
149,0,2,498,1.0,
150,0,2,498,1.0,
151,0,1,499,1.0,
152,0,1,499,1.0,
153,0,1,499,1.0,
154,0,1,499,1.0,
155,0,1,499,1.0,
156,0,1,499,1.0,
157,0,1,499,1.0,
158,0,1,499,1.0,
159,0,1,499,1.0,
160,0,1,499,1.0,
161,0,1,499,1.0,
162,0,1,499,1.0,
163,0,1,499,1.0,
164,0,1,499,1.0,
165,0,1,499,1.0,
166,0,1,499,1.0,
167,0,1,499,1.0,
168,0,1,499,1.0,
169,0,1,499,1.0,
170,0,1,499,1.0,
171,0,1,499,1.0,
172,0,1,499,1.0,
173,0,1,499,1.0,
174,0,1,499,1.0,
175,0,1,499,1.0,
176,0,1,499,1.0,
177,0,1,499,1.0,
178,0,1,499,1.0,
179,0,1,499,1.0,
180,0,1,499,1.0,
181,0,1,499,1.0,
182,0,1,499,1.0,
183,0,1,499,1.0,
184,0,1,499,1.0,
185,0,1,499,1.0,
186,0,1,499,1.0,
187,0,1,499,1.0,
188,0,1,499,1.0,
189,0,1,499,1.0,
190,0,1,499,1.0,
191,0,1,499,1.0,
192,0,1,499,1.0,
193,0,0,500,1.0,
194,0,0,500,1.0,
195,0,0,500,1.0,
196,0,0,500,1.0,
197,0,0,500,1.0,
198,0,0,500,1.0,
199,0,0,500,1.0,
200,0,0,500,1.0,
1,497,3,0,0.997,0.9984669347507245
2,493,5,2,0.9928333333333333,0.9963588227204949
3,492,5,3,0.993,0.99643611030055
4,490,7,3,0.9885,0.9941739063460447
5,487,10,3,0.9856666666666667,0.9927450218772422
6,485,12,3,0.9835,0.9915746529314436
7,482,13,5,0.9823333333333333,0.9908937646300086
8,474,20,6,0.9723333333333334,0.985565875704841
9,456,36,8,0.9443333333333334,0.9695660242623438
10,439,47,14,0.9253333333333333,0.9576437559080918
11,415,66,19,0.89,0.933813449282805
12,400,78,22,0.8688333333333333,0.9181772686653121
13,365,109,26,0.8153333333333334,0.873273703179004
14,326,142,32,0.7655,0.8193042480079024
15,292,170,38,0.734,0.7708597764873822
16,252,199,49,0.7276666666666667,0.7278143006636796
17,222,218,60,0.7375,0.7018452158669549
18,192,235,73,0.7563333333333333,0.6800285000409548
19,173,240,87,0.7793333333333333,0.6786988728230247
20,144,258,98,0.8035,0.6558585305596174
21,119,273,108,0.8226666666666667,0.6241727612973503
22,104,269,127,0.8463333333333334,0.629142695066608
23,89,273,138,0.8671666666666666,0.6271427297123439
24,71,280,149,0.8898333333333334,0.6122458262292924
25,57,284,159,0.9138333333333334,0.6207321549541229
26,47,277,176,0.9288333333333333,0.621115150652616
27,39,272,189,0.9411666666666667,0.6221778425959028
28,34,266,200,0.9516666666666667,0.6444919637055188
29,33,254,213,0.9538333333333333,0.6495926646914789
30,28,249,223,0.9623333333333334,0.6633099224791772
31,25,240,235,0.9666666666666667,0.6655689440993788
32,20,236,244,0.9736666666666667,0.6735856860530773
33,14,234,252,0.9821666666666666,0.6833544405904652
34,14,226,260,0.9825,0.6891877739237987
35,11,211,278,0.9863333333333333,0.6956253956846843
36,9,198,293,0.9891666666666666,0.7045209862601167
37,8,189,303,0.9903333333333333,0.7027944428759646
38,7,184,309,0.9918333333333333,0.7139079347153882
39,7,176,317,0.9921666666666666,0.7258126966201501
40,7,172,321,0.9925,0.7366290231507622
41,6,165,329,0.9935,0.7381884057971013
42,5,160,335,0.9948333333333333,0.753142857142857
43,2,157,341,0.998,0.7678571428571428
44,1,157,342,0.999,0.7857142857142857
45,1,149,350,0.999,0.7857142857142857
46,1,144,355,0.999,0.7857142857142857
47,1,137,362,0.999,0.7857142857142857
48,1,131,368,0.999,0.7857142857142857
49,1,127,372,0.9991666666666666,0.8214285714285714
50,1,125,374,0.9991666666666666,0.8214285714285714
51,1,117,382,0.9991666666666666,0.8214285714285714
52,1,108,391,0.9993333333333333,0.8571428571428571
53,1,102,397,0.9993333333333333,0.8571428571428571
54,1,99,400,0.9993333333333333,0.8571428571428571
55,1,95,404,0.9995,0.8928571428571429
56,1,92,407,0.9995,0.8928571428571429
57,1,87,412,0.9995,0.8928571428571429
58,1,85,414,0.9995,0.8928571428571429
59,1,82,417,0.9996666666666667,0.9285714285714286
60,1,82,417,0.9996666666666667,0.9285714285714286
61,1,79,420,0.9996666666666667,0.9285714285714286
62,1,73,426,0.9998333333333334,0.9642857142857143
63,1,73,426,0.9998333333333334,0.9642857142857143
64,1,68,431,0.9998333333333334,0.9642857142857143
65,1,66,433,0.9998333333333334,0.9642857142857143
66,1,60,439,1.0,1.0
67,1,56,443,1.0,1.0
68,1,52,447,1.0,1.0
69,1,49,450,1.0,1.0
70,1,45,454,1.0,1.0
71,1,42,457,1.0,1.0
72,1,39,460,1.0,1.0
73,1,38,461,1.0,1.0
74,1,36,463,1.0,1.0
75,1,35,464,1.0,1.0
76,1,35,464,1.0,1.0
77,1,35,464,1.0,1.0
78,1,33,466,1.0,1.0
79,1,33,466,1.0,1.0
80,1,33,466,1.0,1.0
81,1,31,468,1.0,1.0
82,1,31,468,1.0,1.0
83,1,30,469,1.0,1.0
84,1,29,470,1.0,1.0
85,1,28,471,1.0,1.0
86,1,27,472,1.0,1.0
87,1,26,473,1.0,1.0
88,1,26,473,1.0,1.0
89,1,25,474,1.0,1.0
90,1,23,476,1.0,1.0
91,1,21,478,1.0,1.0
92,1,20,479,1.0,1.0
93,1,20,479,1.0,1.0
94,1,20,479,1.0,1.0
95,1,20,479,1.0,1.0
96,1,20,479,1.0,1.0
97,1,20,479,1.0,1.0
98,1,19,480,1.0,1.0
99,1,19,480,1.0,1.0
100,1,19,480,1.0,1.0
101,1,18,481,1.0,1.0
102,1,18,481,1.0,1.0
103,1,18,481,1.0,1.0
104,1,18,481,1.0,1.0
105,1,17,482,1.0,1.0
106,1,16,483,1.0,1.0
107,1,16,483,1.0,1.0
108,1,16,483,1.0,1.0
109,1,16,483,1.0,1.0
110,1,15,484,1.0,1.0
111,1,13,486,1.0,1.0
112,1,12,487,1.0,1.0
113,1,12,487,1.0,1.0
114,1,11,488,1.0,1.0
115,1,11,488,1.0,1.0
116,1,11,488,1.0,1.0
117,1,11,488,1.0,1.0
118,1,10,489,1.0,1.0
119,1,10,489,1.0,1.0
120,1,10,489,1.0,1.0
121,1,10,489,1.0,1.0
122,1,9,490,1.0,1.0
123,1,9,490,1.0,1.0
124,1,9,490,1.0,1.0
125,1,9,490,1.0,1.0
126,1,9,490,1.0,1.0
127,1,8,491,1.0,1.0
128,1,8,491,1.0,1.0
129,1,8,491,1.0,1.0
130,1,7,492,1.0,1.0
131,1,7,492,1.0,1.0
132,1,7,492,1.0,1.0
133,1,7,492,1.0,1.0
134,1,6,493,1.0,1.0
135,1,6,493,1.0,1.0
136,1,6,493,1.0,1.0
137,1,6,493,1.0,1.0
138,1,6,493,1.0,1.0
139,1,6,493,1.0,1.0
140,1,6,493,1.0,1.0
141,1,6,493,1.0,1.0
142,1,6,493,1.0,1.0
143,1,6,493,1.0,1.0
144,1,6,493,1.0,1.0
145,1,6,493,1.0,1.0
146,1,6,493,1.0,1.0
147,1,6,493,1.0,1.0
148,1,6,493,1.0,1.0
149,1,6,493,1.0,1.0
150,1,5,494,1.0,1.0
151,1,5,494,1.0,1.0
152,1,4,495,1.0,1.0
153,1,3,496,1.0,1.0
154,1,3,496,1.0,1.0
155,1,3,496,1.0,1.0
156,1,3,496,1.0,1.0
157,1,3,496,1.0,1.0
158,1,3,496,1.0,1.0
159,1,2,497,1.0,1.0
160,1,2,497,1.0,1.0
161,1,2,497,1.0,1.0
162,1,2,497,1.0,1.0
163,1,2,497,1.0,1.0
164,1,2,497,1.0,1.0
165,1,2,497,1.0,1.0
166,1,2,497,1.0,1.0
167,1,2,497,1.0,1.0
168,1,2,497,1.0,1.0
169,1,2,497,1.0,1.0
170,1,2,497,1.0,1.0
171,1,2,497,1.0,1.0
172,1,2,497,1.0,1.0
173,1,2,497,1.0,1.0
174,1,2,497,1.0,1.0
175,1,2,497,1.0,1.0
176,1,2,497,1.0,1.0
177,1,2,497,1.0,1.0
178,1,2,497,1.0,1.0
179,1,2,497,1.0,1.0
180,1,2,497,1.0,1.0
181,1,1,498,1.0,1.0
182,1,1,498,1.0,1.0
183,1,1,498,1.0,1.0
184,1,1,498,1.0,1.0
185,1,1,498,1.0,1.0
186,1,1,498,1.0,1.0
187,1,1,498,1.0,1.0
188,1,1,498,1.0,1.0
189,1,1,498,1.0,1.0
190,1,0,499,1.0,1.0
191,1,0,499,1.0,1.0
192,1,0,499,1.0,1.0
193,1,0,499,1.0,1.0
194,1,0,499,1.0,1.0
195,1,0,499,1.0,1.0
196,1,0,499,1.0,1.0
197,1,0,499,1.0,1.0
198,1,0,499,1.0,1.0
199,1,0,499,1.0,1.0
200,1,0,499,1.0,1.0
1,498,2,0,0.9976666666666667,1.0
2,497,3,0,0.9963333333333333,0.9993286043111342
3,494,6,0,0.996,0.9991612758061128
4,491,8,1,0.9903333333333333,0.99627808082254
5,479,19,2,0.9698333333333333,0.9855037164778833
6,469,28,3,0.9548333333333333,0.9771998141070778
7,450,45,5,0.9253333333333333,0.9599336869354167
8,439,55,6,0.9055,0.9475925683814374
9,422,67,11,0.8843333333333333,0.9329720640373287
10,403,85,12,0.8535,0.9107763784009556
11,367,114,19,0.816,0.8762856613751536
12,346,127,27,0.8086666666666666,0.8632122789245935
13,319,148,33,0.7983333333333333,0.843428458390905
14,298,161,41,0.793,0.8278342278059339
15,265,186,49,0.7736666666666666,0.7880571576148934
16,227,217,56,0.7536666666666667,0.7293316755412463
17,207,231,62,0.7583333333333333,0.7088899447858805
18,173,255,72,0.773,0.6729862537900625
19,149,268,83,0.792,0.6508970297747572
20,127,283,90,0.8115,0.6284273805235336
21,108,294,98,0.8328333333333333,0.6111136315743781
22,84,301,115,0.8658333333333333,0.5999757005063555
23,72,303,125,0.8825,0.5912518684986859
24,56,300,144,0.9088333333333334,0.5929569587200921
25,47,298,155,0.9243333333333333,0.5994338137493951
26,38,298,164,0.939,0.5997159905098998
27,34,292,174,0.946,0.6051106852416207
28,28,287,185,0.9573333333333334,0.6223279858526126
29,18,289,193,0.9726666666666667,0.6221384885536057
30,16,282,202,0.9761666666666666,0.6278020974829155
31,15,272,213,0.9795,0.6596765816000053
32,13,269,218,0.9821666666666666,0.6565510659853939
33,10,263,227,0.9871666666666666,0.6806162002383879
34,10,253,237,0.9876666666666667,0.6933267431453607
35,10,238,252,0.9885,0.7136984352017417
36,7,232,261,0.9921666666666666,0.7254876088454807
37,5,226,269,0.9943333333333333,0.7210040954228156
38,4,219,277,0.9961666666666666,0.7656796223755205
39,3,215,282,0.9971666666666666,0.7672756951149806
40,2,210,288,0.9983333333333333,0.7904912985980359
41,1,199,300,0.9993333333333333,0.8409852361736814
42,1,190,309,0.9993333333333333,0.8409852361736814
43,1,182,317,0.9993333333333333,0.8409852361736814
44,1,175,324,0.9995,0.8810321521819519
45,1,170,329,0.9995,0.8810321521819519
46,1,165,334,0.9995,0.8810321521819519
47,1,160,339,0.9995,0.8810321521819519
48,1,154,345,0.9996666666666667,0.9210790681902224
49,1,143,356,0.9996666666666667,0.9210790681902224
50,1,136,363,0.9996666666666667,0.9210790681902224
51,1,133,366,0.9996666666666667,0.9210790681902224
52,1,128,371,0.9996666666666667,0.9210790681902224
53,1,122,377,0.9996666666666667,0.9210790681902224
54,1,118,381,0.9996666666666667,0.9210790681902224
55,0,117,383,1.0,
56,0,117,383,1.0,
57,0,114,386,1.0,
58,0,111,389,1.0,
59,0,107,393,1.0,
60,0,102,398,1.0,
61,0,96,404,1.0,
62,0,90,410,1.0,
63,0,86,414,1.0,
64,0,83,417,1.0,
65,0,79,421,1.0,
66,0,73,427,1.0,
67,0,71,429,1.0,
68,0,67,433,1.0,
69,0,65,435,1.0,
70,0,61,439,1.0,
71,0,59,441,1.0,
72,0,56,444,1.0,
73,0,54,446,1.0,
74,0,50,450,1.0,
75,0,49,451,1.0,
76,0,46,454,1.0,
77,0,46,454,1.0,
78,0,43,457,1.0,
79,0,40,460,1.0,
80,0,36,464,1.0,
81,0,33,467,1.0,
82,0,32,468,1.0,
83,0,29,471,1.0,
84,0,26,474,1.0,
85,0,25,475,1.0,
86,0,24,476,1.0,
87,0,23,477,1.0,
88,0,22,478,1.0,
89,0,22,478,1.0,
90,0,22,478,1.0,
91,0,22,478,1.0,
92,0,21,479,1.0,
93,0,20,480,1.0,
94,0,20,480,1.0,
95,0,18,482,1.0,
96,0,17,483,1.0,
97,0,17,483,1.0,
98,0,15,485,1.0,
99,0,15,485,1.0,
100,0,14,486,1.0,
101,0,13,487,1.0,
102,0,13,487,1.0,
103,0,12,488,1.0,
104,0,12,488,1.0,
105,0,11,489,1.0,
106,0,11,489,1.0,
107,0,10,490,1.0,
108,0,10,490,1.0,
109,0,9,491,1.0,
110,0,8,492,1.0,
111,0,8,492,1.0,
112,0,8,492,1.0,
113,0,8,492,1.0,
114,0,8,492,1.0,
115,0,8,492,1.0,
116,0,7,493,1.0,
117,0,7,493,1.0,
118,0,7,493,1.0,
119,0,7,493,1.0,
120,0,6,494,1.0,
121,0,6,494,1.0,
122,0,6,494,1.0,
123,0,6,494,1.0,
124,0,6,494,1.0,
125,0,6,494,1.0,
126,0,6,494,1.0,
127,0,6,494,1.0,
128,0,6,494,1.0,
129,0,6,494,1.0,
130,0,6,494,1.0,
131,0,6,494,1.0,
132,0,6,494,1.0,
133,0,6,494,1.0,
134,0,6,494,1.0,
135,0,6,494,1.0,
136,0,5,495,1.0,
137,0,5,495,1.0,
138,0,5,495,1.0,
139,0,5,495,1.0,
140,0,5,495,1.0,
141,0,5,495,1.0,
142,0,5,495,1.0,
143,0,5,495,1.0,
144,0,5,495,1.0,
145,0,5,495,1.0,
146,0,5,495,1.0,
147,0,5,495,1.0,
148,0,5,495,1.0,
149,0,5,495,1.0,
150,0,4,496,1.0,
151,0,4,496,1.0,
152,0,4,496,1.0,
153,0,4,496,1.0,
154,0,4,496,1.0,
155,0,4,496,1.0,
156,0,3,497,1.0,
157,0,3,497,1.0,
158,0,3,497,1.0,
159,0,3,497,1.0,
160,0,3,497,1.0,
161,0,3,497,1.0,
162,0,3,497,1.0,
163,0,2,498,1.0,
164,0,2,498,1.0,
165,0,2,498,1.0,
166,0,2,498,1.0,
167,0,2,498,1.0,
168,0,2,498,1.0,
169,0,2,498,1.0,
170,0,2,498,1.0,
171,0,2,498,1.0,
172,0,2,498,1.0,
173,0,2,498,1.0,
174,0,2,498,1.0,
175,0,2,498,1.0,
176,0,2,498,1.0,
177,0,2,498,1.0,
178,0,2,498,1.0,
179,0,2,498,1.0,
180,0,2,498,1.0,
181,0,2,498,1.0,
182,0,2,498,1.0,
183,0,2,498,1.0,
184,0,2,498,1.0,
185,0,2,498,1.0,
186,0,2,498,1.0,
187,0,1,499,1.0,
188,0,1,499,1.0,
189,0,1,499,1.0,
190,0,1,499,1.0,
191,0,1,499,1.0,
192,0,1,499,1.0,
193,0,1,499,1.0,
194,0,1,499,1.0,
195,0,0,500,1.0,
196,0,0,500,1.0,
197,0,0,500,1.0,
198,0,0,500,1.0,
199,0,0,500,1.0,
200,0,0,500,1.0,
1,498,2,0,0.9973333333333333,1.0
2,495,5,0,0.9945,0.9985598723170754
3,490,10,0,0.9853333333333333,0.9939287010763589
4,483,16,1,0.9776666666666667,0.9898590083095995
5,463,34,3,0.9388333333333333,0.9683173978306461
6,449,47,4,0.9156666666666666,0.9542568063537312
7,427,67,6,0.885,0.9339255510006582
8,398,89,13,0.8583333333333333,0.9123044177905316
9,371,113,16,0.8318333333333333,0.8874399985460423
10,339,140,21,0.8006666666666666,0.8535616811180582
11,303,169,28,0.776,0.8157604911150075
12,279,185,36,0.7591666666666667,0.7843299810075466
13,244,207,49,0.7541666666666667,0.7477697426397625
14,211,231,58,0.7618333333333334,0.7164769566651686
15,187,240,73,0.7835,0.7093123127345428
16,165,253,82,0.7926666666666666,0.6834674081795312
17,142,260,98,0.8151666666666667,0.671828566152128
18,112,280,108,0.8356666666666667,0.6300965774412598
19,92,284,124,0.8638333333333333,0.6268075083194871
20,70,290,140,0.8916666666666667,0.6107128944539998
21,63,289,148,0.9036666666666666,0.6133329690868707
22,52,276,172,0.9248333333333333,0.6352259826318287
23,41,276,183,0.9393333333333334,0.6289806361707867
24,36,276,188,0.9443333333333334,0.6122447005407885
25,27,275,198,0.9578333333333333,0.6076018816193004
26,22,263,215,0.9668333333333333,0.6178297673615584
27,16,260,224,0.9768333333333333,0.6375185741316988
28,15,247,238,0.98,0.6683765141756721
29,13,239,248,0.9835,0.6866034946828437
30,12,231,257,0.9851666666666666,0.6940806559851689
31,10,223,267,0.9883333333333333,0.7114894361910286
32,10,211,279,0.9895,0.741232280702962
33,10,201,289,0.9896666666666667,0.7460005255994367
34,8,196,296,0.9926666666666667,0.7764961228863732
35,7,190,303,0.9936666666666667,0.7816934927371296
36,7,179,314,0.9943333333333333,0.8043609953988327
37,7,170,323,0.9946666666666667,0.815804783150372
38,7,164,329,0.9948333333333333,0.8215266770261417
39,7,159,334,0.995,0.8272485709019113
40,6,151,343,0.9963333333333333,0.8516391041827983
41,5,147,348,0.997,0.8537432450717299
42,5,138,357,0.997,0.8537432450717299
43,5,136,359,0.9971666666666666,0.8617538964978074
44,5,135,360,0.9971666666666666,0.8617538964978074
45,4,134,362,0.9978333333333333,0.8665276432153165
46,3,131,366,0.9985,0.8755536862789638
47,2,129,369,0.9991666666666666,0.9034448623560997
48,2,123,375,0.9991666666666666,0.9034448623560997
49,2,120,378,0.9991666666666666,0.9034448623560997
50,2,118,380,0.9993333333333333,0.9227012359764784
51,2,113,385,0.9993333333333333,0.9227012359764784
52,2,108,390,0.9995,0.9419576095968569
53,2,103,395,0.9995,0.9419576095968569
54,1,101,398,0.9998333333333334,0.9596092854155375
55,0,99,401,1.0,
56,0,96,404,1.0,
57,0,91,409,1.0,
58,0,86,414,1.0,
59,0,83,417,1.0,
60,0,78,422,1.0,
61,0,77,423,1.0,
62,0,75,425,1.0,
63,0,72,428,1.0,
64,0,69,431,1.0,
65,0,62,438,1.0,
66,0,60,440,1.0,
67,0,60,440,1.0,
68,0,59,441,1.0,
69,0,58,442,1.0,
70,0,57,443,1.0,
71,0,57,443,1.0,
72,0,55,445,1.0,
73,0,53,447,1.0,
74,0,52,448,1.0,
75,0,52,448,1.0,
76,0,50,450,1.0,
77,0,47,453,1.0,
78,0,45,455,1.0,
79,0,45,455,1.0,
80,0,43,457,1.0,
81,0,42,458,1.0,
82,0,41,459,1.0,
83,0,40,460,1.0,
84,0,39,461,1.0,
85,0,34,466,1.0,
86,0,34,466,1.0,
87,0,32,468,1.0,
88,0,30,470,1.0,
89,0,30,470,1.0,
90,0,30,470,1.0,
91,0,30,470,1.0,
92,0,30,470,1.0,
93,0,29,471,1.0,
94,0,27,473,1.0,
95,0,26,474,1.0,
96,0,26,474,1.0,
97,0,26,474,1.0,
98,0,25,475,1.0,
99,0,22,478,1.0,
100,0,21,479,1.0,
101,0,19,481,1.0,
102,0,17,483,1.0,
103,0,17,483,1.0,
104,0,16,484,1.0,
105,0,16,484,1.0,
106,0,16,484,1.0,
107,0,16,484,1.0,
108,0,15,485,1.0,
109,0,15,485,1.0,
110,0,14,486,1.0,
111,0,14,486,1.0,
112,0,13,487,1.0,
113,0,13,487,1.0,
114,0,12,488,1.0,
115,0,12,488,1.0,
116,0,11,489,1.0,
117,0,10,490,1.0,
118,0,9,491,1.0,
119,0,9,491,1.0,
120,0,9,491,1.0,
121,0,8,492,1.0,
122,0,8,492,1.0,
123,0,8,492,1.0,
124,0,6,494,1.0,
125,0,6,494,1.0,
126,0,6,494,1.0,
127,0,5,495,1.0,
128,0,5,495,1.0,
129,0,5,495,1.0,
130,0,5,495,1.0,
131,0,5,495,1.0,
132,0,5,495,1.0,
133,0,4,496,1.0,
134,0,4,496,1.0,
135,0,4,496,1.0,
136,0,4,496,1.0,
137,0,4,496,1.0,
138,0,4,496,1.0,
139,0,4,496,1.0,
140,0,4,496,1.0,
141,0,4,496,1.0,
142,0,4,496,1.0,
143,0,3,497,1.0,
144,0,3,497,1.0,
145,0,3,497,1.0,
146,0,3,497,1.0,
147,0,3,497,1.0,
148,0,3,497,1.0,
149,0,2,498,1.0,
150,0,2,498,1.0,
151,0,2,498,1.0,
152,0,1,499,1.0,
153,0,1,499,1.0,
154,0,1,499,1.0,
155,0,1,499,1.0,
156,0,1,499,1.0,
157,0,1,499,1.0,
158,0,1,499,1.0,
159,0,1,499,1.0,
160,0,1,499,1.0,
161,0,1,499,1.0,
162,0,1,499,1.0,
163,0,1,499,1.0,
164,0,1,499,1.0,
165,0,1,499,1.0,
166,0,1,499,1.0,
167,0,1,499,1.0,
168,0,1,499,1.0,
169,0,1,499,1.0,
170,0,1,499,1.0,
171,0,1,499,1.0,
172,0,1,499,1.0,
173,0,1,499,1.0,
174,0,1,499,1.0,
175,0,1,499,1.0,
176,0,1,499,1.0,
177,0,1,499,1.0,
178,0,1,499,1.0,
179,0,1,499,1.0,
180,0,1,499,1.0,
181,0,1,499,1.0,
182,0,1,499,1.0,
183,0,1,499,1.0,
184,0,1,499,1.0,
185,0,1,499,1.0,
186,0,1,499,1.0,
187,0,1,499,1.0,
188,0,1,499,1.0,
189,0,1,499,1.0,
190,0,1,499,1.0,
191,0,0,500,1.0,
192,0,0,500,1.0,
193,0,0,500,1.0,
194,0,0,500,1.0,
195,0,0,500,1.0,
196,0,0,500,1.0,
197,0,0,500,1.0,
198,0,0,500,1.0,
199,0,0,500,1.0,
200,0,0,500,1.0,
1,499,1,0,1.0,1.0
2,498,2,0,0.9978333333333333,0.9989150610688937
3,495,4,1,0.9938333333333333,0.9968833014608157
4,491,8,1,0.9873333333333333,0.9934862324887119
5,484,13,3,0.98,0.989603688439028
6,480,16,4,0.9771666666666666,0.9880385062300824
7,477,19,4,0.9735,0.9860791146116094
8,468,28,4,0.9553333333333334,0.9761397536736629
9,453,40,7,0.9383333333333334,0.9660670516098101
10,438,54,8,0.9153333333333333,0.9517155432784775
11,411,78,11,0.876,0.9246343137372441
12,385,98,17,0.8515,0.9033797256552761
13,356,119,25,0.8336666666666667,0.8830836667505861
14,325,147,28,0.8015,0.8468789592200259
15,289,172,39,0.7733333333333333,0.80327360669458
16,260,197,43,0.7621666666666667,0.7704148768134863
17,225,225,50,0.7628333333333334,0.7350666312866161
18,199,245,56,0.767,0.7053057201546213
19,175,258,67,0.7846666666666666,0.6907815691699969
20,150,276,74,0.7911666666666667,0.6491224962539225
21,121,290,89,0.8211666666666667,0.6259749756617016
22,102,299,99,0.8445,0.6144702594077791
23,82,310,108,0.8678333333333333,0.5922655018007198
24,68,309,123,0.8911666666666667,0.5939915611900402
25,56,309,135,0.9081666666666667,0.5852774980247194
26,46,310,144,0.9235,0.5781474573378365
27,38,311,151,0.9363333333333334,0.5759308184823058
28,31,303,166,0.9515,0.6010057801011517
29,26,297,177,0.9581666666666667,0.5914143103273539
30,22,291,187,0.9648333333333333,0.5961857707509882
31,17,281,202,0.9721666666666666,0.5830055025962955
32,16,268,216,0.975,0.6026206357048748
33,12,266,222,0.9815,0.6034261089152393
34,12,255,233,0.9823333333333333,0.6215694993412384
35,11,247,242,0.9841666666666666,0.6303287818900467
36,11,236,253,0.9846666666666667,0.6420499461013296
37,6,234,260,0.9915,0.6376767676767677
38,4,228,268,0.994,0.6089015151515151
39,3,214,283,0.9958333333333333,0.6325757575757576
40,3,207,290,0.9961666666666666,0.6616161616161617
41,2,202,296,0.9976666666666667,0.696969696969697
42,2,191,307,0.9976666666666667,0.696969696969697
43,2,180,318,0.9978333333333333,0.7196969696969697
44,2,172,326,0.998,0.7424242424242424
45,2,166,332,0.9981666666666666,0.7651515151515151
46,2,160,338,0.9981666666666666,0.7651515151515151
47,2,154,344,0.9981666666666666,0.7651515151515151
48,2,149,349,0.9981666666666666,0.7651515151515151
49,2,144,354,0.9981666666666666,0.7651515151515151
50,2,143,355,0.9981666666666666,0.7651515151515151
51,2,138,360,0.9981666666666666,0.7651515151515151
52,2,132,366,0.9981666666666666,0.7651515151515151
53,2,127,371,0.9983333333333333,0.7859848484848485
54,0,122,378,1.0,
55,0,119,381,1.0,
56,0,115,385,1.0,
57,0,108,392,1.0,
58,0,106,394,1.0,
59,0,103,397,1.0,
60,0,102,398,1.0,
61,0,95,405,1.0,
62,0,91,409,1.0,
63,0,86,414,1.0,
64,0,84,416,1.0,
65,0,81,419,1.0,
66,0,80,420,1.0,
67,0,79,421,1.0,
68,0,75,425,1.0,
69,0,73,427,1.0,
70,0,68,432,1.0,
71,0,67,433,1.0,
72,0,66,434,1.0,
73,0,64,436,1.0,
74,0,63,437,1.0,
75,0,60,440,1.0,
76,0,59,441,1.0,
77,0,57,443,1.0,
78,0,54,446,1.0,
79,0,53,447,1.0,
80,0,51,449,1.0,
81,0,50,450,1.0,
82,0,48,452,1.0,
83,0,46,454,1.0,
84,0,45,455,1.0,
85,0,45,455,1.0,
86,0,44,456,1.0,
87,0,43,457,1.0,
88,0,40,460,1.0,
89,0,39,461,1.0,
90,0,38,462,1.0,
91,0,37,463,1.0,
92,0,36,464,1.0,
93,0,35,465,1.0,
94,0,35,465,1.0,
95,0,32,468,1.0,
96,0,32,468,1.0,
97,0,32,468,1.0,
98,0,32,468,1.0,
99,0,32,468,1.0,
100,0,32,468,1.0,
101,0,29,471,1.0,
102,0,27,473,1.0,
103,0,27,473,1.0,
104,0,27,473,1.0,
105,0,27,473,1.0,
106,0,26,474,1.0,
107,0,26,474,1.0,
108,0,26,474,1.0,
109,0,25,475,1.0,
110,0,25,475,1.0,
111,0,25,475,1.0,
112,0,24,476,1.0,
113,0,23,477,1.0,
114,0,22,478,1.0,
115,0,22,478,1.0,
116,0,21,479,1.0,
117,0,21,479,1.0,
118,0,21,479,1.0,
119,0,20,480,1.0,
120,0,20,480,1.0,
121,0,19,481,1.0,
122,0,18,482,1.0,
123,0,17,483,1.0,
124,0,16,484,1.0,
125,0,14,486,1.0,
126,0,14,486,1.0,
127,0,14,486,1.0,
128,0,13,487,1.0,
129,0,13,487,1.0,
130,0,13,487,1.0,
131,0,12,488,1.0,
132,0,12,488,1.0,
133,0,12,488,1.0,
134,0,10,490,1.0,
135,0,10,490,1.0,
136,0,9,491,1.0,
137,0,8,492,1.0,
138,0,8,492,1.0,
139,0,8,492,1.0,
140,0,7,493,1.0,
141,0,7,493,1.0,
142,0,6,494,1.0,
143,0,6,494,1.0,
144,0,6,494,1.0,
145,0,5,495,1.0,
146,0,4,496,1.0,
147,0,3,497,1.0,
148,0,3,497,1.0,
149,0,3,497,1.0,
150,0,3,497,1.0,
151,0,2,498,1.0,
152,0,1,499,1.0,
153,0,1,499,1.0,
154,0,1,499,1.0,
155,0,1,499,1.0,
156,0,1,499,1.0,
157,0,1,499,1.0,
158,0,1,499,1.0,
159,0,1,499,1.0,
160,0,1,499,1.0,
161,0,1,499,1.0,
162,0,1,499,1.0,
163,0,1,499,1.0,
164,0,1,499,1.0,
165,0,1,499,1.0,
166,0,1,499,1.0,
167,0,1,499,1.0,
168,0,1,499,1.0,
169,0,1,499,1.0,
170,0,1,499,1.0,
171,0,1,499,1.0,
172,0,1,499,1.0,
173,0,1,499,1.0,
174,0,1,499,1.0,
175,0,1,499,1.0,
176,0,1,499,1.0,
177,0,1,499,1.0,
178,0,1,499,1.0,
179,0,1,499,1.0,
180,0,1,499,1.0,
181,0,1,499,1.0,
182,0,1,499,1.0,
183,0,1,499,1.0,
184,0,1,499,1.0,
185,0,1,499,1.0,
186,0,1,499,1.0,
187,0,1,499,1.0,
188,0,1,499,1.0,
189,0,1,499,1.0,
190,0,0,500,1.0,
191,0,0,500,1.0,
192,0,0,500,1.0,
193,0,0,500,1.0,
194,0,0,500,1.0,
195,0,0,500,1.0,
196,0,0,500,1.0,
197,0,0,500,1.0,
198,0,0,500,1.0,
199,0,0,500,1.0,
200,0,0,500,1.0,
1,498,2,0,0.9975,0.9987840707624189
2,497,3,0,0.9975,0.9987816242247175
3,496,2,2,1.0,1.0
4,491,7,2,0.9911666666666666,0.9955376184008965
5,487,11,2,0.9841666666666666,0.9919020367319626
6,480,17,3,0.9753333333333334,0.9872256947795897
7,473,24,3,0.9625,0.9802270756448531
8,462,32,6,0.9458333333333333,0.9707546423224949
9,452,42,6,0.927,0.9595631716053032
10,426,66,8,0.89,0.9351783935938865
11,412,77,11,0.8725,0.9222950474201002
12,383,103,14,0.833,0.8905508600706694
13,358,124,18,0.8095,0.8661100430373533
14,327,148,25,0.7793333333333333,0.8303876927243431
15,305,167,28,0.7698333333333334,0.8102501216297967
16,274,187,39,0.7583333333333333,0.7780342968700048
17,242,208,50,0.758,0.7488555247735988
18,214,229,57,0.768,0.7278707433776511
19,187,244,69,0.786,0.7131960124403741
20,155,265,80,0.7996666666666666,0.6775820173800539
21,130,279,91,0.8213333333333334,0.6569089370310105
22,110,290,100,0.8421666666666666,0.6414398364773858
23,96,296,108,0.8595,0.6347289464929863
24,72,312,116,0.8808333333333334,0.5875722354224769
25,55,314,131,0.9085,0.5852290572843933
26,45,313,142,0.924,0.5788571176542192
27,39,303,158,0.9343333333333333,0.5788708822042156
28,31,298,171,0.9493333333333334,0.5871413766224424
29,25,295,180,0.958,0.572108007934095
30,22,283,195,0.9648333333333333,0.5927162889811111
31,18,279,203,0.9718333333333333,0.6006155237676976
32,15,273,212,0.9763333333333334,0.5905937637241985
33,15,260,225,0.9776666666666667,0.6134404918752744
34,13,249,238,0.9816666666666667,0.6300415526502483
35,11,243,246,0.9848333333333333,0.6395071266019884
36,7,235,258,0.991,0.6618906455862978
37,6,220,274,0.9926666666666667,0.6794027228809837
38,5,209,286,0.9931666666666666,0.6421607378129117
39,4,204,292,0.9945,0.6401515151515151
40,3,198,299,0.996,0.6452020202020202
41,3,190,307,0.9961666666666666,0.6590909090909091
42,2,179,319,0.9975,0.6704545454545454
43,2,169,329,0.9975,0.6704545454545454
44,2,159,339,0.9975,0.6704545454545454
45,1,153,346,0.9986666666666667,0.6363636363636364
46,0,147,353,1.0,
47,0,140,360,1.0,
48,0,131,369,1.0,
49,0,123,377,1.0,
50,0,118,382,1.0,
51,0,113,387,1.0,
52,0,109,391,1.0,
53,0,100,400,1.0,
54,0,93,407,1.0,
55,0,90,410,1.0,
56,0,90,410,1.0,
57,0,86,414,1.0,
58,0,82,418,1.0,
59,0,78,422,1.0,
60,0,74,426,1.0,
61,0,73,427,1.0,
62,0,71,429,1.0,
63,0,69,431,1.0,
64,0,67,433,1.0,
65,0,62,438,1.0,
66,0,62,438,1.0,
67,0,57,443,1.0,
68,0,55,445,1.0,
69,0,52,448,1.0,
70,0,48,452,1.0,
71,0,43,457,1.0,
72,0,42,458,1.0,
73,0,41,459,1.0,
74,0,40,460,1.0,
75,0,39,461,1.0,
76,0,37,463,1.0,
77,0,37,463,1.0,
78,0,36,464,1.0,
79,0,34,466,1.0,
80,0,33,467,1.0,
81,0,32,468,1.0,
82,0,31,469,1.0,
83,0,31,469,1.0,
84,0,27,473,1.0,
85,0,25,475,1.0,
86,0,23,477,1.0,
87,0,22,478,1.0,
88,0,22,478,1.0,
89,0,21,479,1.0,
90,0,21,479,1.0,
91,0,21,479,1.0,
92,0,21,479,1.0,
93,0,19,481,1.0,
94,0,18,482,1.0,
95,0,18,482,1.0,
96,0,18,482,1.0,
97,0,16,484,1.0,
98,0,13,487,1.0,
99,0,13,487,1.0,
100,0,13,487,1.0,
101,0,13,487,1.0,
102,0,13,487,1.0,
103,0,13,487,1.0,
104,0,12,488,1.0,
105,0,10,490,1.0,
106,0,10,490,1.0,
107,0,10,490,1.0,
108,0,9,491,1.0,
109,0,9,491,1.0,
110,0,9,491,1.0,
111,0,9,491,1.0,
112,0,9,491,1.0,
113,0,7,493,1.0,
114,0,6,494,1.0,
115,0,6,494,1.0,
116,0,6,494,1.0,
117,0,6,494,1.0,
118,0,6,494,1.0,
119,0,6,494,1.0,
120,0,6,494,1.0,
121,0,6,494,1.0,
122,0,6,494,1.0,
123,0,6,494,1.0,
124,0,6,494,1.0,
125,0,6,494,1.0,
126,0,6,494,1.0,
127,0,6,494,1.0,
128,0,6,494,1.0,
129,0,6,494,1.0,
130,0,6,494,1.0,
131,0,6,494,1.0,
132,0,6,494,1.0,
133,0,6,494,1.0,
134,0,6,494,1.0,
135,0,6,494,1.0,
136,0,6,494,1.0,
137,0,6,494,1.0,
138,0,6,494,1.0,
139,0,6,494,1.0,
140,0,6,494,1.0,
141,0,6,494,1.0,
142,0,6,494,1.0,
143,0,6,494,1.0,
144,0,6,494,1.0,
145,0,6,494,1.0,
146,0,6,494,1.0,
147,0,6,494,1.0,
148,0,4,496,1.0,
149,0,4,496,1.0,
150,0,4,496,1.0,
151,0,4,496,1.0,
152,0,4,496,1.0,
153,0,4,496,1.0,
154,0,4,496,1.0,
155,0,4,496,1.0,
156,0,4,496,1.0,
157,0,4,496,1.0,
158,0,4,496,1.0,
159,0,3,497,1.0,
160,0,3,497,1.0,
161,0,3,497,1.0,
162,0,3,497,1.0,
163,0,2,498,1.0,
164,0,2,498,1.0,
165,0,2,498,1.0,
166,0,2,498,1.0,
167,0,0,500,1.0,
168,0,0,500,1.0,
169,0,0,500,1.0,
170,0,0,500,1.0,
171,0,0,500,1.0,
172,0,0,500,1.0,
173,0,0,500,1.0,
174,0,0,500,1.0,
175,0,0,500,1.0,
176,0,0,500,1.0,
177,0,0,500,1.0,
178,0,0,500,1.0,
179,0,0,500,1.0,
180,0,0,500,1.0,
181,0,0,500,1.0,
182,0,0,500,1.0,
183,0,0,500,1.0,
184,0,0,500,1.0,
185,0,0,500,1.0,
186,0,0,500,1.0,
187,0,0,500,1.0,
188,0,0,500,1.0,
189,0,0,500,1.0,
190,0,0,500,1.0,
191,0,0,500,1.0,
192,0,0,500,1.0,
193,0,0,500,1.0,
194,0,0,500,1.0,
195,0,0,500,1.0,
196,0,0,500,1.0,
197,0,0,500,1.0,
198,0,0,500,1.0,
199,0,0,500,1.0,
200,0,0,500,1.0,
1,498,2,0,0.9983333333333333,1.0
2,494,6,0,0.99,0.9957661368307872
3,493,6,1,0.99,0.9957558404951318
4,491,8,1,0.9858333333333333,0.9935531484175044
5,488,9,3,0.987,0.9941423036501241
6,483,14,3,0.9761666666666666,0.9884245658464942
7,475,21,4,0.9691666666666666,0.9845982550663216
8,471,22,7,0.9688333333333333,0.9842881573971068
9,461,28,11,0.961,0.9797159460518107
10,453,34,13,0.9476666666666667,0.9720199918459609
11,440,45,15,0.931,0.9617427725967383
12,427,58,15,0.912,0.9494808578381031
13,401,82,17,0.8821666666666667,0.9278683338236314
14,384,95,21,0.8638333333333333,0.9122950752135267
15,362,112,26,0.8431666666666666,0.8927227090939694
16,337,130,33,0.8225,0.8691166272517713
17,314,143,43,0.809,0.8484709378207186
18,285,162,53,0.793,0.8188866697851436
19,257,180,63,0.7945,0.7999521300221077
20,229,200,71,0.7915,0.7717218122736792
21,202,219,79,0.7906666666666666,0.7401614962781459
22,179,233,88,0.7988333333333333,0.7180432475411568
23,159,243,98,0.8106666666666666,0.7003670417811043
24,136,259,105,0.8278333333333333,0.6818371057795728
25,121,261,118,0.8471666666666666,0.6814128645113453
26,107,267,126,0.8586666666666667,0.6666234074169958
27,94,271,135,0.8733333333333333,0.6592957168974626
28,81,272,147,0.8855,0.6431011925402723
29,70,271,159,0.8941666666666667,0.6185738030175971
30,59,269,172,0.9093333333333333,0.6123317406452543
31,51,263,186,0.9261666666666667,0.6355224794582869
32,39,267,194,0.94,0.6104047921586118
33,33,259,208,0.9516666666666667,0.6299040547623785
34,26,255,219,0.9626666666666667,0.635903163978046
35,19,256,225,0.9726666666666667,0.6368831429830581
36,17,242,241,0.9771666666666666,0.6645567587929377
37,10,246,244,0.9855,0.6351926310567343
38,8,234,258,0.9898333333333333,0.683836332578447
39,8,221,271,0.9898333333333333,0.683836332578447
40,7,211,282,0.9921666666666666,0.7235902832792258
41,4,198,298,0.996,0.7528074167106034
42,4,192,304,0.9961666666666666,0.7636861366052653
43,4,183,313,0.9961666666666666,0.7636861366052653
44,3,177,320,0.9968333333333333,0.7403331512313912
45,3,168,329,0.997,0.7536777143021764
46,3,164,333,0.997,0.7536777143021764
47,2,161,337,0.998,0.76064009503476
48,2,155,343,0.9983333333333333,0.8006737842471159
49,1,147,352,0.9995,0.8807411626718274
50,1,140,359,0.9995,0.8807411626718274
51,1,134,365,0.9995,0.8807411626718274
52,1,129,370,0.9995,0.8807411626718274
53,1,124,375,0.9995,0.8807411626718274
54,1,117,382,0.9995,0.8807411626718274
55,1,112,387,0.9995,0.8807411626718274
56,1,110,389,0.9995,0.8807411626718274
57,1,108,391,0.9996666666666667,0.9207748518841833
58,1,104,395,0.9996666666666667,0.9207748518841833
59,1,97,402,0.9996666666666667,0.9207748518841833
60,1,94,405,0.9996666666666667,0.9207748518841833
61,1,90,409,0.9996666666666667,0.9207748518841833
62,1,89,410,0.9996666666666667,0.9207748518841833
63,0,84,416,1.0,
64,0,80,420,1.0,
65,0,76,424,1.0,
66,0,73,427,1.0,
67,0,71,429,1.0,
68,0,68,432,1.0,
69,0,66,434,1.0,
70,0,62,438,1.0,
71,0,60,440,1.0,
72,0,59,441,1.0,
73,0,58,442,1.0,
74,0,56,444,1.0,
75,0,53,447,1.0,
76,0,50,450,1.0,
77,0,48,452,1.0,
78,0,45,455,1.0,
79,0,43,457,1.0,
80,0,42,458,1.0,
81,0,41,459,1.0,
82,0,39,461,1.0,
83,0,38,462,1.0,
84,0,34,466,1.0,
85,0,33,467,1.0,
86,0,31,469,1.0,
87,0,30,470,1.0,
88,0,30,470,1.0,
89,0,28,472,1.0,
90,0,25,475,1.0,
91,0,25,475,1.0,
92,0,22,478,1.0,
93,0,22,478,1.0,
94,0,21,479,1.0,
95,0,20,480,1.0,
96,0,19,481,1.0,
97,0,16,484,1.0,
98,0,15,485,1.0,
99,0,15,485,1.0,
100,0,15,485,1.0,
101,0,15,485,1.0,
102,0,15,485,1.0,
103,0,15,485,1.0,
104,0,15,485,1.0,
105,0,15,485,1.0,
106,0,14,486,1.0,
107,0,13,487,1.0,
108,0,12,488,1.0,
109,0,11,489,1.0,
110,0,8,492,1.0,
111,0,8,492,1.0,
112,0,8,492,1.0,
113,0,8,492,1.0,
114,0,7,493,1.0,
115,0,7,493,1.0,
116,0,7,493,1.0,
117,0,7,493,1.0,
118,0,7,493,1.0,
119,0,7,493,1.0,
120,0,7,493,1.0,
121,0,7,493,1.0,
122,0,7,493,1.0,
123,0,6,494,1.0,
124,0,6,494,1.0,
125,0,5,495,1.0,
126,0,5,495,1.0,
127,0,5,495,1.0,
128,0,5,495,1.0,
129,0,5,495,1.0,
130,0,5,495,1.0,
131,0,5,495,1.0,
132,0,5,495,1.0,
133,0,5,495,1.0,
134,0,5,495,1.0,
135,0,5,495,1.0,
136,0,5,495,1.0,
137,0,5,495,1.0,
138,0,5,495,1.0,
139,0,5,495,1.0,
140,0,5,495,1.0,
141,0,5,495,1.0,
142,0,5,495,1.0,
143,0,3,497,1.0,
144,0,3,497,1.0,
145,0,3,497,1.0,
146,0,3,497,1.0,
147,0,3,497,1.0,
148,0,2,498,1.0,
149,0,2,498,1.0,
150,0,2,498,1.0,
151,0,2,498,1.0,
152,0,2,498,1.0,
153,0,1,499,1.0,
154,0,1,499,1.0,
155,0,1,499,1.0,
156,0,1,499,1.0,
157,0,1,499,1.0,
158,0,1,499,1.0,
159,0,1,499,1.0,
160,0,1,499,1.0,
161,0,1,499,1.0,
162,0,1,499,1.0,
163,0,1,499,1.0,
164,0,0,500,1.0,
165,0,0,500,1.0,
166,0,0,500,1.0,
167,0,0,500,1.0,
168,0,0,500,1.0,
169,0,0,500,1.0,
170,0,0,500,1.0,
171,0,0,500,1.0,
172,0,0,500,1.0,
173,0,0,500,1.0,
174,0,0,500,1.0,
175,0,0,500,1.0,
176,0,0,500,1.0,
177,0,0,500,1.0,
178,0,0,500,1.0,
179,0,0,500,1.0,
180,0,0,500,1.0,
181,0,0,500,1.0,
182,0,0,500,1.0,
183,0,0,500,1.0,
184,0,0,500,1.0,
185,0,0,500,1.0,
186,0,0,500,1.0,
187,0,0,500,1.0,
188,0,0,500,1.0,
189,0,0,500,1.0,
190,0,0,500,1.0,
191,0,0,500,1.0,
192,0,0,500,1.0,
193,0,0,500,1.0,
194,0,0,500,1.0,
195,0,0,500,1.0,
196,0,0,500,1.0,
197,0,0,500,1.0,
198,0,0,500,1.0,
199,0,0,500,1.0,
200,0,0,500,1.0,
1,498,2,0,0.9983333333333333,1.0
2,497,3,0,0.9958333333333333,0.9987515629440138
3,495,5,0,0.9915,0.9965424597241559
4,491,9,0,0.9885,0.995005202299899
5,485,15,0,0.9781666666666666,0.9896209163806382
6,480,20,0,0.968,0.9842109982912188
7,470,29,1,0.9545,0.9766665528797148
8,454,44,2,0.9321666666666667,0.9633909850718925
9,436,61,3,0.9035,0.9455599842324438
10,408,84,8,0.864,0.9175219601120589
11,388,99,13,0.8463333333333334,0.9020003081042597
12,365,118,17,0.8285,0.8835693099922195
13,330,144,26,0.8058333333333333,0.854582936162974
14,305,158,37,0.7966666666666666,0.8349408266331065
15,290,167,43,0.793,0.8233337001393731
16,260,186,54,0.778,0.788275586262084
17,235,200,65,0.7853333333333333,0.7734910778817788
18,210,217,73,0.7755,0.7340713590867646
19,185,230,85,0.7876666666666666,0.7151352377407365
20,165,236,99,0.804,0.7047901783730905
21,142,243,115,0.8203333333333334,0.6856279012631558
22,121,253,126,0.8355,0.6622041406127712
23,93,266,141,0.868,0.6469071103840305
24,77,270,153,0.8856666666666667,0.629731591568331
25,65,267,168,0.9008333333333334,0.619266112414071
26,53,269,178,0.9155,0.603966355868327
27,38,278,184,0.9361666666666667,0.580617947075019
28,29,271,200,0.9531666666666667,0.6040883125639165
29,23,266,211,0.9628333333333333,0.6004688204244593
30,19,249,232,0.9713333333333334,0.6283790401178554
31,14,248,238,0.9785,0.6250281184380693
32,12,239,249,0.9823333333333333,0.6423421336871667
33,7,228,265,0.9903333333333333,0.6733231533517163
34,5,220,275,0.9936666666666667,0.7053303001343754
35,5,212,283,0.994,0.7204426470834552
36,5,204,291,0.9941666666666666,0.7284493395802507
37,4,197,299,0.9956666666666667,0.7496864641230331
38,3,187,310,0.9968333333333333,0.7557884306270013
39,2,182,316,0.9981666666666666,0.7933982148266924
40,2,173,325,0.9981666666666666,0.7933982148266924
41,1,163,336,0.9991666666666666,0.8154964580069506
42,1,157,342,0.9993333333333333,0.8525644788254484
43,1,156,343,0.9993333333333333,0.8525644788254484
44,1,148,351,0.9993333333333333,0.8525644788254484
45,1,138,361,0.9993333333333333,0.8525644788254484
46,0,134,366,1.0,
47,0,131,369,1.0,
48,0,124,376,1.0,
49,0,116,384,1.0,
50,0,113,387,1.0,
51,0,110,390,1.0,
52,0,107,393,1.0,
53,0,102,398,1.0,
54,0,98,402,1.0,
55,0,96,404,1.0,
56,0,89,411,1.0,
57,0,83,417,1.0,
58,0,82,418,1.0,
59,0,78,422,1.0,
60,0,74,426,1.0,
61,0,71,429,1.0,
62,0,69,431,1.0,
63,0,63,437,1.0,
64,0,56,444,1.0,
65,0,56,444,1.0,
66,0,55,445,1.0,
67,0,53,447,1.0,
68,0,50,450,1.0,
69,0,48,452,1.0,
70,0,46,454,1.0,
71,0,45,455,1.0,
72,0,44,456,1.0,
73,0,43,457,1.0,
74,0,42,458,1.0,
75,0,41,459,1.0,
76,0,40,460,1.0,
77,0,37,463,1.0,
78,0,37,463,1.0,
79,0,37,463,1.0,
80,0,37,463,1.0,
81,0,35,465,1.0,
82,0,35,465,1.0,
83,0,35,465,1.0,
84,0,34,466,1.0,
85,0,31,469,1.0,
86,0,31,469,1.0,
87,0,30,470,1.0,
88,0,28,472,1.0,
89,0,28,472,1.0,
90,0,28,472,1.0,
91,0,26,474,1.0,
92,0,23,477,1.0,
93,0,22,478,1.0,
94,0,22,478,1.0,
95,0,21,479,1.0,
96,0,20,480,1.0,
97,0,20,480,1.0,
98,0,20,480,1.0,
99,0,20,480,1.0,
100,0,20,480,1.0,
101,0,19,481,1.0,
102,0,18,482,1.0,
103,0,18,482,1.0,
104,0,17,483,1.0,
105,0,17,483,1.0,
106,0,17,483,1.0,
107,0,16,484,1.0,
108,0,15,485,1.0,
109,0,15,485,1.0,
110,0,15,485,1.0,
111,0,15,485,1.0,
112,0,15,485,1.0,
113,0,15,485,1.0,
114,0,15,485,1.0,
115,0,14,486,1.0,
116,0,13,487,1.0,
117,0,11,489,1.0,
118,0,10,490,1.0,
119,0,9,491,1.0,
120,0,9,491,1.0,
121,0,9,491,1.0,
122,0,9,491,1.0,
123,0,9,491,1.0,
124,0,8,492,1.0,
125,0,7,493,1.0,
126,0,7,493,1.0,
127,0,7,493,1.0,
128,0,7,493,1.0,
129,0,7,493,1.0,
130,0,6,494,1.0,
131,0,5,495,1.0,
132,0,5,495,1.0,
133,0,5,495,1.0,
134,0,5,495,1.0,
135,0,4,496,1.0,
136,0,4,496,1.0,
137,0,4,496,1.0,
138,0,4,496,1.0,
139,0,4,496,1.0,
140,0,4,496,1.0,
141,0,3,497,1.0,
142,0,3,497,1.0,
143,0,3,497,1.0,
144,0,3,497,1.0,
145,0,3,497,1.0,
146,0,3,497,1.0,
147,0,3,497,1.0,
148,0,3,497,1.0,
149,0,3,497,1.0,
150,0,3,497,1.0,
151,0,3,497,1.0,
152,0,2,498,1.0,
153,0,2,498,1.0,
154,0,2,498,1.0,
155,0,2,498,1.0,
156,0,2,498,1.0,
157,0,2,498,1.0,
158,0,2,498,1.0,
159,0,2,498,1.0,
160,0,2,498,1.0,
161,0,2,498,1.0,
162,0,2,498,1.0,
163,0,2,498,1.0,
164,0,1,499,1.0,
165,0,1,499,1.0,
166,0,1,499,1.0,
167,0,1,499,1.0,
168,0,1,499,1.0,
169,0,1,499,1.0,
170,0,0,500,1.0,
171,0,0,500,1.0,
172,0,0,500,1.0,
173,0,0,500,1.0,
174,0,0,500,1.0,
175,0,0,500,1.0,
176,0,0,500,1.0,
177,0,0,500,1.0,
178,0,0,500,1.0,
179,0,0,500,1.0,
180,0,0,500,1.0,
181,0,0,500,1.0,
182,0,0,500,1.0,
183,0,0,500,1.0,
184,0,0,500,1.0,
185,0,0,500,1.0,
186,0,0,500,1.0,
187,0,0,500,1.0,
188,0,0,500,1.0,
189,0,0,500,1.0,
190,0,0,500,1.0,
191,0,0,500,1.0,
192,0,0,500,1.0,
193,0,0,500,1.0,
194,0,0,500,1.0,
195,0,0,500,1.0,
196,0,0,500,1.0,
197,0,0,500,1.0,
198,0,0,500,1.0,
199,0,0,500,1.0,
200,0,0,500,1.0,
1,499,1,0,1.0,1.0
2,495,5,0,0.9911666666666666,0.9956087110241699
3,491,9,0,0.9853333333333333,0.9926100319357204
4,487,12,1,0.9788333333333333,0.9892089737777623
5,478,21,1,0.9678333333333333,0.9832103792386674
6,466,32,2,0.9461666666666667,0.9710350741191383
7,450,47,3,0.9251666666666667,0.958493173475299
8,431,65,4,0.8958333333333334,0.9395543541311725
9,417,75,8,0.8778333333333334,0.9268690307904154
10,402,85,13,0.8625,0.9144980815524836
11,374,111,15,0.8245,0.8825547766578923
12,342,139,19,0.7916666666666666,0.8472356575032315
13,308,167,25,0.7671666666666667,0.8102818348836803
14,275,192,33,0.7516666666666667,0.7735747790521662
15,250,211,39,0.7446666666666667,0.7441075258109126
16,224,226,50,0.7468333333333333,0.7166324186548321
17,195,245,60,0.7518333333333334,0.680101867087257
18,160,266,74,0.7698333333333334,0.6377371103264267
19,140,276,84,0.7928333333333333,0.6281094092999128
20,122,280,98,0.8138333333333333,0.6172030962171451
21,108,286,106,0.8336666666666667,0.6111261353988491
22,87,294,119,0.8653333333333333,0.607195614676085
23,71,300,129,0.8856666666666667,0.5915224031563027
24,52,302,146,0.9118333333333334,0.5700498849856357
25,45,294,161,0.9223333333333333,0.5632139245617506
26,37,295,168,0.936,0.5622410100670971
27,26,299,175,0.9556666666666667,0.563617695014016
28,23,289,188,0.9618333333333333,0.5732523682996273
29,17,282,201,0.972,0.579906789714974
30,13,275,212,0.9793333333333333,0.5971510707798333
31,12,266,222,0.9806666666666667,0.5924148677409545
32,9,258,233,0.9863333333333333,0.6148505681114377
33,9,246,245,0.9865,0.6194801977410673
34,8,239,253,0.9881666666666666,0.6282599194283978
35,7,228,265,0.9903333333333333,0.6527939451852495
36,7,219,274,0.991,0.6776621928795841
37,5,213,282,0.9936666666666667,0.6873634336677814
38,4,210,286,0.9951666666666666,0.7065774804905239
39,4,199,297,0.9956666666666667,0.7358082497212932
40,3,186,311,0.9975,0.794453734671126
41,2,182,316,0.998,0.754180602006689
42,2,172,326,0.9981666666666666,0.7734113712374582
43,2,165,333,0.9981666666666666,0.7734113712374582
44,2,160,338,0.9983333333333333,0.7926421404682273
45,2,155,343,0.9983333333333333,0.7926421404682273
46,2,151,347,0.9983333333333333,0.7926421404682273
47,2,143,355,0.9986666666666667,0.8336120401337792
48,2,139,359,0.9986666666666667,0.8336120401337792
49,2,129,369,0.9986666666666667,0.8336120401337792
50,2,128,370,0.9986666666666667,0.8336120401337792
51,1,127,372,0.9995,0.8846153846153846
52,1,125,374,0.9995,0.8846153846153846
53,1,123,376,0.9995,0.8846153846153846
54,1,117,382,0.9995,0.8846153846153846
55,1,113,386,0.9995,0.8846153846153846
56,1,107,392,0.9995,0.8846153846153846
57,0,103,397,1.0,
58,0,99,401,1.0,
59,0,92,408,1.0,
60,0,88,412,1.0,
61,0,87,413,1.0,
62,0,80,420,1.0,
63,0,76,424,1.0,
64,0,75,425,1.0,
65,0,70,430,1.0,
66,0,68,432,1.0,
67,0,65,435,1.0,
68,0,63,437,1.0,
69,0,59,441,1.0,
70,0,56,444,1.0,
71,0,52,448,1.0,
72,0,52,448,1.0,
73,0,50,450,1.0,
74,0,48,452,1.0,
75,0,46,454,1.0,
76,0,43,457,1.0,
77,0,42,458,1.0,
78,0,40,460,1.0,
79,0,38,462,1.0,
80,0,36,464,1.0,
81,0,35,465,1.0,
82,0,32,468,1.0,
83,0,30,470,1.0,
84,0,29,471,1.0,
85,0,29,471,1.0,
86,0,28,472,1.0,
87,0,25,475,1.0,
88,0,22,478,1.0,
89,0,20,480,1.0,
90,0,19,481,1.0,
91,0,18,482,1.0,
92,0,17,483,1.0,
93,0,17,483,1.0,
94,0,16,484,1.0,
95,0,15,485,1.0,
96,0,15,485,1.0,
97,0,14,486,1.0,
98,0,13,487,1.0,
99,0,12,488,1.0,
100,0,11,489,1.0,
101,0,11,489,1.0,
102,0,11,489,1.0,
103,0,8,492,1.0,
104,0,7,493,1.0,
105,0,7,493,1.0,
106,0,7,493,1.0,
107,0,7,493,1.0,
108,0,7,493,1.0,
109,0,6,494,1.0,
110,0,6,494,1.0,
111,0,5,495,1.0,
112,0,4,496,1.0,
113,0,4,496,1.0,
114,0,4,496,1.0,
115,0,4,496,1.0,
116,0,3,497,1.0,
117,0,3,497,1.0,
118,0,3,497,1.0,
119,0,3,497,1.0,
120,0,3,497,1.0,
121,0,3,497,1.0,
122,0,3,497,1.0,
123,0,3,497,1.0,
124,0,3,497,1.0,
125,0,3,497,1.0,
126,0,3,497,1.0,
127,0,3,497,1.0,
128,0,3,497,1.0,
129,0,3,497,1.0,
130,0,3,497,1.0,
131,0,3,497,1.0,
132,0,3,497,1.0,
133,0,3,497,1.0,
134,0,2,498,1.0,
135,0,2,498,1.0,
136,0,1,499,1.0,
137,0,1,499,1.0,
138,0,1,499,1.0,
139,0,1,499,1.0,
140,0,1,499,1.0,
141,0,1,499,1.0,
142,0,1,499,1.0,
143,0,1,499,1.0,
144,0,1,499,1.0,
145,0,1,499,1.0,
146,0,1,499,1.0,
147,0,1,499,1.0,
148,0,1,499,1.0,
149,0,1,499,1.0,
150,0,1,499,1.0,
151,0,1,499,1.0,
152,0,1,499,1.0,
153,0,1,499,1.0,
154,0,1,499,1.0,
155,0,1,499,1.0,
156,0,1,499,1.0,
157,0,1,499,1.0,
158,0,1,499,1.0,
159,0,1,499,1.0,
160,0,1,499,1.0,
161,0,1,499,1.0,
162,0,1,499,1.0,
163,0,1,499,1.0,
164,0,1,499,1.0,
165,0,1,499,1.0,
166,0,1,499,1.0,
167,0,1,499,1.0,
168,0,1,499,1.0,
169,0,1,499,1.0,
170,0,1,499,1.0,
171,0,1,499,1.0,
172,0,1,499,1.0,
173,0,1,499,1.0,
174,0,1,499,1.0,
175,0,1,499,1.0,
176,0,1,499,1.0,
177,0,1,499,1.0,
178,0,0,500,1.0,
179,0,0,500,1.0,
180,0,0,500,1.0,
181,0,0,500,1.0,
182,0,0,500,1.0,
183,0,0,500,1.0,
184,0,0,500,1.0,
185,0,0,500,1.0,
186,0,0,500,1.0,
187,0,0,500,1.0,
188,0,0,500,1.0,
189,0,0,500,1.0,
190,0,0,500,1.0,
191,0,0,500,1.0,
192,0,0,500,1.0,
193,0,0,500,1.0,
194,0,0,500,1.0,
195,0,0,500,1.0,
196,0,0,500,1.0,
197,0,0,500,1.0,
198,0,0,500,1.0,
199,0,0,500,1.0,
200,0,0,500,1.0,
1,499,1,0,1.0,1.0
2,498,2,0,0.9978333333333333,0.9989069259708337
3,496,4,0,0.9936666666666667,0.9968053944587956
4,495,4,1,0.9938333333333333,0.9968530981534934
5,494,4,2,0.994,0.9969190240317682
6,494,4,2,0.994,0.9969190240317682
7,494,3,3,0.9966666666666667,0.9982889874603481
8,491,6,3,0.9933333333333333,0.99657767898935
9,487,10,3,0.9858333333333333,0.9927284241349951
10,479,18,3,0.9716666666666667,0.9851185013924417
11,469,27,4,0.9583333333333334,0.9777350215372835
12,460,34,6,0.9456666666666667,0.9703160963170415
13,448,44,8,0.9298333333333333,0.9608031881061773
14,425,65,10,0.9003333333333333,0.9411047924889357
15,410,76,14,0.8868333333333334,0.930766381177834
16,387,95,18,0.8655,0.9127775973107368
17,360,112,28,0.8526666666666667,0.8971841913701181
18,341,127,32,0.8393333333333334,0.8812887687290607
19,325,133,42,0.8383333333333334,0.8745262804372116
20,299,153,48,0.8221666666666667,0.8499807300197999
21,272,171,57,0.812,0.8252087099375176
22,249,185,66,0.8175,0.8148187682180863
23,229,195,76,0.815,0.795816422831402
24,202,212,86,0.8113333333333334,0.7645454754107359
25,180,224,96,0.8206666666666667,0.7487125749094348
26,151,244,105,0.8313333333333334,0.7192999236635861
27,130,258,112,0.8361666666666666,0.6827967206211353
28,114,260,126,0.8485,0.6659113655223495
29,99,264,137,0.8655,0.6571177356289346
30,83,274,143,0.8806666666666667,0.6373694876995033
31,66,278,156,0.8973333333333333,0.6076036198467029
32,49,283,168,0.9198333333333333,0.5875618297046868
33,45,276,179,0.9278333333333333,0.5969549702399944
34,38,269,193,0.9415,0.613940410382058
35,32,260,208,0.9541666666666667,0.640242223306082
36,25,257,218,0.9631666666666666,0.6283972275711406
37,20,251,229,0.9711666666666666,0.635868332150941
38,16,240,244,0.9768333333333333,0.6340212112766461
39,11,238,251,0.984,0.6431355359616228
40,9,232,259,0.9873333333333333,0.6573446467649365
41,7,222,271,0.9915,0.702316540142627
42,4,214,282,0.9953333333333333,0.7220974235104669
43,4,209,287,0.9953333333333333,0.7220974235104669
44,4,203,293,0.9955,0.7313566827697262
45,4,194,302,0.9958333333333333,0.7530958132045089
46,4,186,310,0.9958333333333333,0.7530958132045089
47,3,180,317,0.9965,0.7287654320987654
48,3,176,321,0.9965,0.7287654320987654
49,1,167,332,0.9996666666666667,0.9166666666666666
50,1,165,334,0.9996666666666667,0.9166666666666666
51,1,157,342,0.9996666666666667,0.9166666666666666
52,1,149,350,0.9996666666666667,0.9166666666666666
53,1,148,351,0.9996666666666667,0.9166666666666666
54,1,145,354,0.9996666666666667,0.9166666666666666
55,1,143,356,0.9996666666666667,0.9166666666666666
56,1,134,365,0.9996666666666667,0.9166666666666666
57,1,127,372,0.9996666666666667,0.9166666666666666
58,1,126,373,0.9996666666666667,0.9166666666666666
59,1,120,379,0.9996666666666667,0.9166666666666666
60,1,113,386,0.9996666666666667,0.9166666666666666
61,1,111,388,0.9996666666666667,0.9166666666666666
62,1,106,393,0.9998333333333334,0.9583333333333334
63,1,103,396,0.9998333333333334,0.9583333333333334
64,1,98,401,1.0,1.0
65,1,93,406,1.0,1.0
66,1,91,408,1.0,1.0
67,1,88,411,1.0,1.0
68,1,85,414,1.0,1.0
69,1,81,418,1.0,1.0
70,1,79,420,1.0,1.0
71,1,76,423,1.0,1.0
72,1,74,425,1.0,1.0
73,1,68,431,1.0,1.0
74,0,69,431,1.0,
75,0,68,432,1.0,
76,0,66,434,1.0,
77,0,65,435,1.0,
78,0,61,439,1.0,
79,0,59,441,1.0,
80,0,54,446,1.0,
81,0,53,447,1.0,
82,0,50,450,1.0,
83,0,46,454,1.0,
84,0,45,455,1.0,
85,0,43,457,1.0,
86,0,43,457,1.0,
87,0,43,457,1.0,
88,0,40,460,1.0,
89,0,38,462,1.0,
90,0,38,462,1.0,
91,0,38,462,1.0,
92,0,38,462,1.0,
93,0,37,463,1.0,
94,0,35,465,1.0,
95,0,33,467,1.0,
96,0,30,470,1.0,
97,0,30,470,1.0,
98,0,30,470,1.0,
99,0,30,470,1.0,
100,0,27,473,1.0,
101,0,26,474,1.0,
102,0,26,474,1.0,
103,0,25,475,1.0,
104,0,24,476,1.0,
105,0,23,477,1.0,
106,0,22,478,1.0,
107,0,19,481,1.0,
108,0,19,481,1.0,
109,0,18,482,1.0,
110,0,18,482,1.0,
111,0,17,483,1.0,
112,0,17,483,1.0,
113,0,17,483,1.0,
114,0,15,485,1.0,
115,0,15,485,1.0,
116,0,15,485,1.0,
117,0,14,486,1.0,
118,0,14,486,1.0,
119,0,14,486,1.0,
120,0,13,487,1.0,
121,0,13,487,1.0,
122,0,12,488,1.0,
123,0,12,488,1.0,
124,0,12,488,1.0,
125,0,12,488,1.0,
126,0,12,488,1.0,
127,0,11,489,1.0,
128,0,10,490,1.0,
129,0,9,491,1.0,
130,0,8,492,1.0,
131,0,8,492,1.0,
132,0,8,492,1.0,
133,0,8,492,1.0,
134,0,7,493,1.0,
135,0,7,493,1.0,
136,0,7,493,1.0,
137,0,6,494,1.0,
138,0,6,494,1.0,
139,0,6,494,1.0,
140,0,6,494,1.0,
141,0,6,494,1.0,
142,0,6,494,1.0,
143,0,6,494,1.0,
144,0,6,494,1.0,
145,0,6,494,1.0,
146,0,6,494,1.0,
147,0,5,495,1.0,
148,0,4,496,1.0,
149,0,4,496,1.0,
150,0,4,496,1.0,
151,0,4,496,1.0,
152,0,4,496,1.0,
153,0,4,496,1.0,
154,0,3,497,1.0,
155,0,2,498,1.0,
156,0,2,498,1.0,
157,0,2,498,1.0,
158,0,2,498,1.0,
159,0,2,498,1.0,
160,0,2,498,1.0,
161,0,2,498,1.0,
162,0,2,498,1.0,
163,0,2,498,1.0,
164,0,2,498,1.0,
165,0,2,498,1.0,
166,0,2,498,1.0,
167,0,2,498,1.0,
168,0,2,498,1.0,
169,0,2,498,1.0,
170,0,1,499,1.0,
171,0,1,499,1.0,
172,0,1,499,1.0,
173,0,1,499,1.0,
174,0,1,499,1.0,
175,0,1,499,1.0,
176,0,1,499,1.0,
177,0,1,499,1.0,
178,0,1,499,1.0,
179,0,1,499,1.0,
180,0,1,499,1.0,
181,0,1,499,1.0,
182,0,1,499,1.0,
183,0,1,499,1.0,
184,0,1,499,1.0,
185,0,1,499,1.0,
186,0,1,499,1.0,
187,0,1,499,1.0,
188,0,1,499,1.0,
189,0,1,499,1.0,
190,0,1,499,1.0,
191,0,1,499,1.0,
192,0,1,499,1.0,
193,0,1,499,1.0,
194,0,1,499,1.0,
195,0,1,499,1.0,
196,0,1,499,1.0,
197,0,1,499,1.0,
198,0,1,499,1.0,
199,0,1,499,1.0,
200,0,1,499,1.0,
1,499,1,0,1.0,1.0
2,498,2,0,0.9971666666666666,0.9985585628212658
3,498,2,0,0.9971666666666666,0.9985585628212658
4,495,5,0,0.9926666666666667,0.9962740986140196
5,495,5,0,0.9926666666666667,0.9962740986140196
6,491,9,0,0.9841666666666666,0.9918970887137007
7,486,14,0,0.976,0.9875975665951512
8,481,18,1,0.9668333333333333,0.9826944956878068
9,474,23,3,0.9675,0.9828651592094079
10,457,39,4,0.9448333333333333,0.9696875382780625
11,446,46,8,0.9396666666666667,0.9660740717764504
12,430,60,10,0.921,0.9539669735200575
13,410,76,14,0.8956666666666667,0.9362696807140074
14,393,89,18,0.8796666666666667,0.9233934647177263
15,362,114,24,0.8373333333333334,0.8877222426820072
16,331,142,27,0.8051666666666667,0.8524651877561028
17,300,162,38,0.801,0.8332783934558534
18,269,186,45,0.7846666666666666,0.7990660557994016
19,243,205,52,0.77,0.762273156565281
20,210,227,63,0.7685,0.7228729521883603
21,179,244,77,0.7846666666666666,0.6976614746513624
22,147,272,81,0.7885,0.6390205049765442
23,129,280,91,0.8091666666666667,0.6292149267131971
24,99,301,100,0.8406666666666667,0.5982166571594026
25,87,306,107,0.8556666666666667,0.5849263126487673
26,71,306,123,0.8801666666666667,0.5761982135055589
27,57,304,139,0.9045,0.5795160889058678
28,44,303,153,0.9261666666666667,0.5799287679821277
29,38,297,165,0.9366666666666666,0.5832154194225132
30,28,298,174,0.9526666666666667,0.5774628942486085
31,21,291,188,0.9661666666666666,0.5959286595622
32,19,279,202,0.971,0.6150682426311719
33,17,274,209,0.975,0.6298929804684281
34,13,268,219,0.9818333333333333,0.6502156458678198
35,11,254,235,0.9855,0.6680911220239284
36,10,241,249,0.9875,0.6856248719074806
37,9,236,255,0.9888333333333333,0.6859206395679825
38,8,228,264,0.9905,0.6929570158102767
39,8,212,280,0.9913333333333333,0.7204372529644268
40,5,208,287,0.995,0.7375494071146245
41,5,195,300,0.9955,0.7636363636363636
42,4,190,306,0.9971666666666666,0.8132411067193676
43,4,181,315,0.9971666666666666,0.8132411067193676
44,2,178,320,0.999,0.8695652173913043
45,2,172,326,0.999,0.8695652173913043
46,2,163,335,0.999,0.8695652173913043
47,2,157,341,0.999,0.8695652173913043
48,2,153,345,0.999,0.8695652173913043
49,2,151,347,0.999,0.8695652173913043
50,2,144,354,0.999,0.8695652173913043
51,1,143,356,0.9996666666666667,0.9130434782608695
52,1,132,367,0.9996666666666667,0.9130434782608695
53,1,128,371,0.9996666666666667,0.9130434782608695
54,1,124,375,0.9996666666666667,0.9130434782608695
55,0,118,382,1.0,
56,0,110,390,1.0,
57,0,106,394,1.0,
58,0,105,395,1.0,
59,0,100,400,1.0,
60,0,93,407,1.0,
61,0,90,410,1.0,
62,0,88,412,1.0,
63,0,82,418,1.0,
64,0,81,419,1.0,
65,0,78,422,1.0,
66,0,73,427,1.0,
67,0,66,434,1.0,
68,0,63,437,1.0,
69,0,62,438,1.0,
70,0,60,440,1.0,
71,0,58,442,1.0,
72,0,58,442,1.0,
73,0,56,444,1.0,
74,0,51,449,1.0,
75,0,50,450,1.0,
76,0,47,453,1.0,
77,0,43,457,1.0,
78,0,42,458,1.0,
79,0,39,461,1.0,
80,0,37,463,1.0,
81,0,35,465,1.0,
82,0,34,466,1.0,
83,0,31,469,1.0,
84,0,29,471,1.0,
85,0,27,473,1.0,
86,0,26,474,1.0,
87,0,23,477,1.0,
88,0,23,477,1.0,
89,0,23,477,1.0,
90,0,23,477,1.0,
91,0,22,478,1.0,
92,0,21,479,1.0,
93,0,21,479,1.0,
94,0,21,479,1.0,
95,0,19,481,1.0,
96,0,19,481,1.0,
97,0,19,481,1.0,
98,0,19,481,1.0,
99,0,18,482,1.0,
100,0,17,483,1.0,
101,0,17,483,1.0,
102,0,17,483,1.0,
103,0,16,484,1.0,
104,0,16,484,1.0,
105,0,15,485,1.0,
106,0,14,486,1.0,
107,0,14,486,1.0,
108,0,14,486,1.0,
109,0,14,486,1.0,
110,0,13,487,1.0,
111,0,12,488,1.0,
112,0,12,488,1.0,
113,0,12,488,1.0,
114,0,10,490,1.0,
115,0,9,491,1.0,
116,0,9,491,1.0,
117,0,9,491,1.0,
118,0,8,492,1.0,
119,0,8,492,1.0,
120,0,8,492,1.0,
121,0,7,493,1.0,
122,0,6,494,1.0,
123,0,5,495,1.0,
124,0,5,495,1.0,
125,0,5,495,1.0,
126,0,4,496,1.0,
127,0,4,496,1.0,
128,0,4,496,1.0,
129,0,4,496,1.0,
130,0,4,496,1.0,
131,0,4,496,1.0,
132,0,4,496,1.0,
133,0,4,496,1.0,
134,0,4,496,1.0,
135,0,4,496,1.0,
136,0,4,496,1.0,
137,0,4,496,1.0,
138,0,4,496,1.0,
139,0,4,496,1.0,
140,0,4,496,1.0,
141,0,4,496,1.0,
142,0,4,496,1.0,
143,0,4,496,1.0,
144,0,4,496,1.0,
145,0,4,496,1.0,
146,0,4,496,1.0,
147,0,4,496,1.0,
148,0,2,498,1.0,
149,0,2,498,1.0,
150,0,2,498,1.0,
151,0,2,498,1.0,
152,0,2,498,1.0,
153,0,2,498,1.0,
154,0,2,498,1.0,
155,0,2,498,1.0,
156,0,2,498,1.0,
157,0,2,498,1.0,
158,0,2,498,1.0,
159,0,2,498,1.0,
160,0,2,498,1.0,
161,0,2,498,1.0,
162,0,2,498,1.0,
163,0,2,498,1.0,
164,0,2,498,1.0,
165,0,2,498,1.0,
166,0,2,498,1.0,
167,0,2,498,1.0,
168,0,2,498,1.0,
169,0,2,498,1.0,
170,0,2,498,1.0,
171,0,2,498,1.0,
172,0,2,498,1.0,
173,0,2,498,1.0,
174,0,2,498,1.0,
175,0,2,498,1.0,
176,0,2,498,1.0,
177,0,2,498,1.0,
178,0,2,498,1.0,
179,0,2,498,1.0,
180,0,2,498,1.0,
181,0,2,498,1.0,
182,0,2,498,1.0,
183,0,1,499,1.0,
184,0,1,499,1.0,
185,0,1,499,1.0,
186,0,1,499,1.0,
187,0,1,499,1.0,
188,0,1,499,1.0,
189,0,1,499,1.0,
190,0,1,499,1.0,
191,0,1,499,1.0,
192,0,1,499,1.0,
193,0,0,500,1.0,
194,0,0,500,1.0,
195,0,0,500,1.0,
196,0,0,500,1.0,
197,0,0,500,1.0,
198,0,0,500,1.0,
199,0,0,500,1.0,
200,0,0,500,1.0,
1,498,2,0,0.997,1.0
2,497,3,0,0.9945,0.9987245098240173
3,495,5,0,0.9916666666666667,0.997298293513225
4,492,8,0,0.9861666666666666,0.9944286692690608
5,486,14,0,0.9763333333333334,0.989278039583497
6,481,19,0,0.969,0.9853672880505276
7,473,25,2,0.9623333333333334,0.9814728840468557
8,467,31,2,0.9555,0.9776313929413313
9,457,40,3,0.9413333333333334,0.9691826051303766
10,442,52,6,0.9213333333333333,0.9566962208399845
11,426,66,8,0.9096666666666666,0.9482445973867661
12,407,80,13,0.8833333333333333,0.929513313248218
13,389,92,19,0.8715,0.9185319553335113
14,365,111,24,0.851,0.899059496300545
15,338,133,29,0.8205,0.8680361527682184
16,299,163,38,0.8078333333333333,0.8403262444924928
17,260,194,46,0.7698333333333334,0.7783936012669936
18,236,212,52,0.7628333333333334,0.7485116350810666
19,201,236,63,0.7665,0.7090113149571701
20,172,255,73,0.7756666666666666,0.6733261020485518
21,144,269,87,0.7933333333333333,0.6408484254700494
22,125,274,101,0.8151666666666667,0.6295729409824418
23,102,286,112,0.839,0.6053694754690327
24,88,287,125,0.8581666666666666,0.5966281864917359
25,67,296,137,0.8911666666666667,0.594347271066704
26,50,307,143,0.9143333333333333,0.573408582807087
27,45,296,159,0.9241666666666667,0.5818086986414392
28,35,295,170,0.9388333333333333,0.5694944046573074
29,27,287,186,0.9543333333333334,0.5881807626645517
30,21,286,193,0.9643333333333334,0.5860739412159152
31,16,282,202,0.9745,0.6034002108407713
32,10,279,211,0.9843333333333333,0.6125307020445296
33,8,268,224,0.988,0.625931998756329
34,6,259,235,0.9908333333333333,0.6262052405167209
35,5,247,248,0.9926666666666667,0.6422846109751245
36,5,236,259,0.993,0.6583083434734643
37,4,222,274,0.9945,0.6664036666627299
38,4,209,287,0.9951666666666666,0.7068802826090571
39,4,198,298,0.9958333333333333,0.747774183255862
40,3,194,303,0.9968333333333333,0.7433231464507677
41,1,187,312,0.9991666666666666,0.8011866249169951
42,1,180,319,0.9991666666666666,0.8011866249169951
43,1,169,330,0.9991666666666666,0.8011866249169951
44,1,162,337,0.9991666666666666,0.8011866249169951
45,1,156,343,0.9991666666666666,0.8011866249169951
46,0,149,351,1.0,
47,0,141,359,1.0,
48,0,136,364,1.0,
49,0,131,369,1.0,
50,0,126,374,1.0,
51,0,120,380,1.0,
52,0,116,384,1.0,
53,0,111,389,1.0,
54,0,98,402,1.0,
55,0,91,409,1.0,
56,0,89,411,1.0,
57,0,86,414,1.0,
58,0,86,414,1.0,
59,0,84,416,1.0,
60,0,84,416,1.0,
61,0,83,417,1.0,
62,0,79,421,1.0,
63,0,78,422,1.0,
64,0,76,424,1.0,
65,0,75,425,1.0,
66,0,74,426,1.0,
67,0,71,429,1.0,
68,0,67,433,1.0,
69,0,64,436,1.0,
70,0,61,439,1.0,
71,0,61,439,1.0,
72,0,59,441,1.0,
73,0,59,441,1.0,
74,0,57,443,1.0,
75,0,54,446,1.0,
76,0,54,446,1.0,
77,0,51,449,1.0,
78,0,49,451,1.0,
79,0,46,454,1.0,
80,0,43,457,1.0,
81,0,43,457,1.0,
82,0,41,459,1.0,
83,0,40,460,1.0,
84,0,40,460,1.0,
85,0,39,461,1.0,
86,0,39,461,1.0,
87,0,38,462,1.0,
88,0,36,464,1.0,
89,0,36,464,1.0,
90,0,34,466,1.0,
91,0,34,466,1.0,
92,0,34,466,1.0,
93,0,34,466,1.0,
94,0,32,468,1.0,
95,0,31,469,1.0,
96,0,29,471,1.0,
97,0,29,471,1.0,
98,0,26,474,1.0,
99,0,25,475,1.0,
100,0,23,477,1.0,
101,0,22,478,1.0,
102,0,22,478,1.0,
103,0,20,480,1.0,
104,0,20,480,1.0,
105,0,20,480,1.0,
106,0,18,482,1.0,
107,0,17,483,1.0,
108,0,14,486,1.0,
109,0,12,488,1.0,
110,0,12,488,1.0,
111,0,10,490,1.0,
112,0,10,490,1.0,
113,0,10,490,1.0,
114,0,10,490,1.0,
115,0,9,491,1.0,
116,0,9,491,1.0,
117,0,9,491,1.0,
118,0,9,491,1.0,
119,0,9,491,1.0,
120,0,9,491,1.0,
121,0,9,491,1.0,
122,0,9,491,1.0,
123,0,8,492,1.0,
124,0,7,493,1.0,
125,0,7,493,1.0,
126,0,7,493,1.0,
127,0,7,493,1.0,
128,0,7,493,1.0,
129,0,6,494,1.0,
130,0,5,495,1.0,
131,0,5,495,1.0,
132,0,4,496,1.0,
133,0,4,496,1.0,
134,0,4,496,1.0,
135,0,4,496,1.0,
136,0,4,496,1.0,
137,0,4,496,1.0,
138,0,4,496,1.0,
139,0,4,496,1.0,
140,0,3,497,1.0,
141,0,3,497,1.0,
142,0,3,497,1.0,
143,0,3,497,1.0,
144,0,3,497,1.0,
145,0,3,497,1.0,
146,0,3,497,1.0,
147,0,2,498,1.0,
148,0,2,498,1.0,
149,0,2,498,1.0,
150,0,2,498,1.0,
151,0,2,498,1.0,
152,0,1,499,1.0,
153,0,1,499,1.0,
154,0,1,499,1.0,
155,0,1,499,1.0,
156,0,1,499,1.0,
157,0,1,499,1.0,
158,0,1,499,1.0,
159,0,0,500,1.0,
160,0,0,500,1.0,
161,0,0,500,1.0,
162,0,0,500,1.0,
163,0,0,500,1.0,
164,0,0,500,1.0,
165,0,0,500,1.0,
166,0,0,500,1.0,
167,0,0,500,1.0,
168,0,0,500,1.0,
169,0,0,500,1.0,
170,0,0,500,1.0,
171,0,0,500,1.0,
172,0,0,500,1.0,
173,0,0,500,1.0,
174,0,0,500,1.0,
175,0,0,500,1.0,
176,0,0,500,1.0,
177,0,0,500,1.0,
178,0,0,500,1.0,
179,0,0,500,1.0,
180,0,0,500,1.0,
181,0,0,500,1.0,
182,0,0,500,1.0,
183,0,0,500,1.0,
184,0,0,500,1.0,
185,0,0,500,1.0,
186,0,0,500,1.0,
187,0,0,500,1.0,
188,0,0,500,1.0,
189,0,0,500,1.0,
190,0,0,500,1.0,
191,0,0,500,1.0,
192,0,0,500,1.0,
193,0,0,500,1.0,
194,0,0,500,1.0,
195,0,0,500,1.0,
196,0,0,500,1.0,
197,0,0,500,1.0,
198,0,0,500,1.0,
199,0,0,500,1.0,
200,0,0,500,1.0,
1,497,3,0,0.9948333333333333,1.0
2,494,6,0,0.9901666666666666,0.9975967381619547
3,491,9,0,0.9845,0.9946529774233506
4,486,14,0,0.9781666666666666,0.991328517241416
5,477,21,2,0.9666666666666667,0.9849145384587683
6,465,31,4,0.9608333333333333,0.9814816388277512
7,456,39,5,0.9536666666666667,0.9771059204451887
8,442,51,7,0.9406666666666667,0.9690336863488818
9,427,63,10,0.9245,0.9583700423466954
10,406,79,15,0.9096666666666666,0.947083979673077
11,383,97,20,0.8795,0.9239686568550596
12,351,125,24,0.8291666666666667,0.8811709295211257
13,320,153,27,0.7768333333333334,0.8285597030968328
14,279,189,32,0.7473333333333333,0.7759571141956019
15,237,221,42,0.7328333333333333,0.7195620897402948
16,209,243,48,0.7351666666666666,0.6849046213547058
17,171,265,64,0.754,0.6426849854311305
18,142,283,75,0.7776666666666666,0.6098231734496493
19,119,295,86,0.8056666666666666,0.5939836434578947
20,100,303,97,0.8308333333333333,0.5799985836983081
21,82,308,110,0.8566666666666667,0.5646501545308961
22,67,304,129,0.8836666666666667,0.5653267489873622
23,53,305,142,0.9065,0.5589431758465394
24,44,305,151,0.9206666666666666,0.5485485460983297
25,37,295,168,0.9351666666666667,0.5626032688624565
26,31,292,177,0.9448333333333333,0.5560097524385741
27,25,290,185,0.9558333333333333,0.552010568922046
28,23,285,192,0.9605,0.5655577335726225
29,14,282,204,0.9771666666666666,0.5870393762127158
30,14,275,211,0.9776666666666667,0.5962505658463023
31,12,266,222,0.9801666666666666,0.5783235386464927
32,8,260,232,0.9871666666666666,0.5937000924042242
33,7,252,241,0.989,0.6011922924230919
34,4,244,252,0.9938333333333333,0.6066824445030338
35,4,237,259,0.9941666666666666,0.6285192148059597
36,4,228,268,0.9946666666666667,0.6598502330666799
37,4,218,278,0.9948333333333333,0.6702939058202532
38,3,215,282,0.9958333333333333,0.6430770616745772
39,2,205,293,0.9975,0.6892824017358412
40,2,193,305,0.9975,0.6892824017358412
41,1,188,311,0.999,0.7519444382572813
42,1,176,323,0.999,0.7519444382572813
43,1,169,330,0.999,0.7519444382572813
44,1,162,337,0.9991666666666666,0.7937191292715746
45,1,154,345,0.9991666666666666,0.7937191292715746
46,1,149,350,0.9991666666666666,0.7937191292715746
47,1,140,359,0.9991666666666666,0.7937191292715746
48,1,138,361,0.9991666666666666,0.7937191292715746
49,1,135,364,0.9991666666666666,0.7937191292715746
50,1,131,368,0.9991666666666666,0.7937191292715746
51,1,127,372,0.9991666666666666,0.7937191292715746
52,1,125,374,0.9991666666666666,0.7937191292715746
53,0,120,380,1.0,
54,0,115,385,1.0,
55,0,109,391,1.0,
56,0,107,393,1.0,
57,0,103,397,1.0,
58,0,102,398,1.0,
59,0,95,405,1.0,
60,0,93,407,1.0,
61,0,87,413,1.0,
62,0,85,415,1.0,
63,0,83,417,1.0,
64,0,80,420,1.0,
65,0,76,424,1.0,
66,0,72,428,1.0,
67,0,69,431,1.0,
68,0,67,433,1.0,
69,0,66,434,1.0,
70,0,64,436,1.0,
71,0,62,438,1.0,
72,0,60,440,1.0,
73,0,59,441,1.0,
74,0,56,444,1.0,
75,0,55,445,1.0,
76,0,54,446,1.0,
77,0,50,450,1.0,
78,0,50,450,1.0,
79,0,47,453,1.0,
80,0,44,456,1.0,
81,0,42,458,1.0,
82,0,41,459,1.0,
83,0,40,460,1.0,
84,0,38,462,1.0,
85,0,37,463,1.0,
86,0,36,464,1.0,
87,0,35,465,1.0,
88,0,33,467,1.0,
89,0,31,469,1.0,
90,0,30,470,1.0,
91,0,27,473,1.0,
92,0,26,474,1.0,
93,0,24,476,1.0,
94,0,22,478,1.0,
95,0,21,479,1.0,
96,0,21,479,1.0,
97,0,21,479,1.0,
98,0,19,481,1.0,
99,0,19,481,1.0,
100,0,19,481,1.0,
101,0,18,482,1.0,
102,0,17,483,1.0,
103,0,16,484,1.0,
104,0,15,485,1.0,
105,0,12,488,1.0,
106,0,12,488,1.0,
107,0,12,488,1.0,
108,0,11,489,1.0,
109,0,11,489,1.0,
110,0,11,489,1.0,
111,0,11,489,1.0,
112,0,9,491,1.0,
113,0,7,493,1.0,
114,0,7,493,1.0,
115,0,6,494,1.0,
116,0,5,495,1.0,
117,0,4,496,1.0,
118,0,4,496,1.0,
119,0,3,497,1.0,
120,0,3,497,1.0,
121,0,2,498,1.0,
122,0,2,498,1.0,
123,0,2,498,1.0,
124,0,2,498,1.0,
125,0,2,498,1.0,
126,0,2,498,1.0,
127,0,2,498,1.0,
128,0,2,498,1.0,
129,0,2,498,1.0,
130,0,2,498,1.0,
131,0,2,498,1.0,
132,0,2,498,1.0,
133,0,2,498,1.0,
134,0,2,498,1.0,
135,0,2,498,1.0,
136,0,2,498,1.0,
137,0,1,499,1.0,
138,0,1,499,1.0,
139,0,1,499,1.0,
140,0,1,499,1.0,
141,0,1,499,1.0,
142,0,1,499,1.0,
143,0,1,499,1.0,
144,0,1,499,1.0,
145,0,1,499,1.0,
146,0,1,499,1.0,
147,0,1,499,1.0,
148,0,1,499,1.0,
149,0,1,499,1.0,
150,0,1,499,1.0,
151,0,1,499,1.0,
152,0,0,500,1.0,
153,0,0,500,1.0,
154,0,0,500,1.0,
155,0,0,500,1.0,
156,0,0,500,1.0,
157,0,0,500,1.0,
158,0,0,500,1.0,
159,0,0,500,1.0,
160,0,0,500,1.0,
161,0,0,500,1.0,
162,0,0,500,1.0,
163,0,0,500,1.0,
164,0,0,500,1.0,
165,0,0,500,1.0,
166,0,0,500,1.0,
167,0,0,500,1.0,
168,0,0,500,1.0,
169,0,0,500,1.0,
170,0,0,500,1.0,
171,0,0,500,1.0,
172,0,0,500,1.0,
173,0,0,500,1.0,
174,0,0,500,1.0,
175,0,0,500,1.0,
176,0,0,500,1.0,
177,0,0,500,1.0,
178,0,0,500,1.0,
179,0,0,500,1.0,
180,0,0,500,1.0,
181,0,0,500,1.0,
182,0,0,500,1.0,
183,0,0,500,1.0,
184,0,0,500,1.0,
185,0,0,500,1.0,
186,0,0,500,1.0,
187,0,0,500,1.0,
188,0,0,500,1.0,
189,0,0,500,1.0,
190,0,0,500,1.0,
191,0,0,500,1.0,
192,0,0,500,1.0,
193,0,0,500,1.0,
194,0,0,500,1.0,
195,0,0,500,1.0,
196,0,0,500,1.0,
197,0,0,500,1.0,
198,0,0,500,1.0,
199,0,0,500,1.0,
200,0,0,500,1.0,
1,498,2,0,0.998,1.0
2,496,3,1,0.9971666666666666,0.9995674126787616
3,495,4,1,0.9945,0.9982005839357174
4,494,5,1,0.9915,0.9966681661335328
5,491,7,2,0.9876666666666667,0.9946196255492502
6,488,9,3,0.9866666666666667,0.9940553703751409
7,481,16,3,0.972,0.9863040217657094
8,470,26,4,0.9581666666666667,0.9786131673189749
9,459,37,4,0.944,0.9703790740960957
10,442,50,8,0.9243333333333333,0.9580419064826415
11,424,67,9,0.8986666666666666,0.9411392756005369
12,401,85,14,0.8778333333333334,0.9249238637294196
13,381,101,18,0.8561666666666666,0.9070361293475481
14,359,120,21,0.8366666666666667,0.8874452019927508
15,325,150,25,0.8206666666666667,0.8631226064752051
16,300,167,33,0.8191666666666667,0.8503538614831183
17,273,180,47,0.8095,0.8263336201686641
18,250,194,56,0.8103333333333333,0.8105962176461252
19,218,214,68,0.7986666666666666,0.7689468318821825
20,189,232,79,0.802,0.7371202856577566
21,167,245,88,0.8111666666666667,0.715313458085053
22,147,250,103,0.8301666666666667,0.7091971258291737
23,127,260,113,0.8428333333333333,0.6895753793184839
24,109,267,124,0.8528333333333333,0.6606118115960938
25,95,268,137,0.8633333333333333,0.6387223410944713
26,85,268,147,0.8753333333333333,0.631495165715313
27,70,274,156,0.8926666666666667,0.6159619045689415
28,57,274,169,0.9116666666666666,0.6129286595857194
29,45,265,190,0.9325,0.6277204278096528
30,38,263,199,0.9425,0.6258682668433995
31,29,264,207,0.955,0.6158089588835091
32,25,259,216,0.9623333333333334,0.6265627706511614
33,21,256,223,0.9681666666666666,0.6245024479164201
34,15,244,241,0.9791666666666666,0.658755549859363
35,14,235,251,0.9815,0.6759280147362173
36,12,232,256,0.984,0.6739793308121569
37,10,223,267,0.987,0.6811469750263732
38,9,212,279,0.988,0.6713546478857153
39,5,210,285,0.9931666666666666,0.6569674051808599
40,5,204,291,0.994,0.6994018974213937
41,3,200,297,0.9963333333333333,0.7026381900577526
42,2,192,306,0.9976666666666667,0.7090549771815677
43,2,186,312,0.9976666666666667,0.7090549771815677
44,1,180,319,0.999,0.7507640934863657
45,0,167,333,1.0,
46,0,162,338,1.0,
47,0,156,344,1.0,
48,0,149,351,1.0,
49,0,143,357,1.0,
50,0,137,363,1.0,
51,0,130,370,1.0,
52,0,127,373,1.0,
53,0,122,378,1.0,
54,0,118,382,1.0,
55,0,112,388,1.0,
56,0,108,392,1.0,
57,0,101,399,1.0,
58,0,97,403,1.0,
59,0,93,407,1.0,
60,0,91,409,1.0,
61,0,88,412,1.0,
62,0,82,418,1.0,
63,0,78,422,1.0,
64,0,76,424,1.0,
65,0,74,426,1.0,
66,0,71,429,1.0,
67,0,70,430,1.0,
68,0,65,435,1.0,
69,0,60,440,1.0,
70,0,57,443,1.0,
71,0,56,444,1.0,
72,0,53,447,1.0,
73,0,51,449,1.0,
74,0,48,452,1.0,
75,0,44,456,1.0,
76,0,42,458,1.0,
77,0,42,458,1.0,
78,0,40,460,1.0,
79,0,40,460,1.0,
80,0,38,462,1.0,
81,0,36,464,1.0,
82,0,35,465,1.0,
83,0,32,468,1.0,
84,0,30,470,1.0,
85,0,29,471,1.0,
86,0,28,472,1.0,
87,0,28,472,1.0,
88,0,28,472,1.0,
89,0,26,474,1.0,
90,0,25,475,1.0,
91,0,20,480,1.0,
92,0,19,481,1.0,
93,0,17,483,1.0,
94,0,17,483,1.0,
95,0,17,483,1.0,
96,0,17,483,1.0,
97,0,16,484,1.0,
98,0,16,484,1.0,
99,0,16,484,1.0,
100,0,16,484,1.0,
101,0,15,485,1.0,
102,0,14,486,1.0,
103,0,13,487,1.0,
104,0,13,487,1.0,
105,0,12,488,1.0,
106,0,12,488,1.0,
107,0,11,489,1.0,
108,0,11,489,1.0,
109,0,11,489,1.0,
110,0,11,489,1.0,
111,0,11,489,1.0,
112,0,11,489,1.0,
113,0,11,489,1.0,
114,0,10,490,1.0,
115,0,10,490,1.0,
116,0,10,490,1.0,
117,0,10,490,1.0,
118,0,10,490,1.0,
119,0,10,490,1.0,
120,0,10,490,1.0,
121,0,10,490,1.0,
122,0,10,490,1.0,
123,0,10,490,1.0,
124,0,10,490,1.0,
125,0,10,490,1.0,
126,0,10,490,1.0,
127,0,10,490,1.0,
128,0,10,490,1.0,
129,0,10,490,1.0,
130,0,10,490,1.0,
131,0,9,491,1.0,
132,0,7,493,1.0,
133,0,6,494,1.0,
134,0,6,494,1.0,
135,0,5,495,1.0,
136,0,5,495,1.0,
137,0,4,496,1.0,
138,0,4,496,1.0,
139,0,4,496,1.0,
140,0,4,496,1.0,
141,0,4,496,1.0,
142,0,4,496,1.0,
143,0,4,496,1.0,
144,0,4,496,1.0,
145,0,4,496,1.0,
146,0,4,496,1.0,
147,0,3,497,1.0,
148,0,3,497,1.0,
149,0,3,497,1.0,
150,0,3,497,1.0,
151,0,3,497,1.0,
152,0,3,497,1.0,
153,0,3,497,1.0,
154,0,3,497,1.0,
155,0,3,497,1.0,
156,0,2,498,1.0,
157,0,2,498,1.0,
158,0,2,498,1.0,
159,0,2,498,1.0,
160,0,2,498,1.0,
161,0,2,498,1.0,
162,0,2,498,1.0,
163,0,2,498,1.0,
164,0,2,498,1.0,
165,0,2,498,1.0,
166,0,2,498,1.0,
167,0,2,498,1.0,
168,0,2,498,1.0,
169,0,2,498,1.0,
170,0,2,498,1.0,
171,0,2,498,1.0,
172,0,1,499,1.0,
173,0,1,499,1.0,
174,0,1,499,1.0,
175,0,1,499,1.0,
176,0,1,499,1.0,
177,0,1,499,1.0,
178,0,1,499,1.0,
179,0,1,499,1.0,
180,0,1,499,1.0,
181,0,1,499,1.0,
182,0,1,499,1.0,
183,0,1,499,1.0,
184,0,1,499,1.0,
185,0,1,499,1.0,
186,0,1,499,1.0,
187,0,1,499,1.0,
188,0,1,499,1.0,
189,0,1,499,1.0,
190,0,1,499,1.0,
191,0,1,499,1.0,
192,0,1,499,1.0,
193,0,1,499,1.0,
194,0,1,499,1.0,
195,0,1,499,1.0,
196,0,1,499,1.0,
197,0,1,499,1.0,
198,0,1,499,1.0,
199,0,1,499,1.0,
200,0,1,499,1.0,
1,496,3,1,0.9946666666666667,0.997326227792129
2,494,5,1,0.9941666666666666,0.9970691140045126
3,488,11,1,0.9833333333333333,0.9915362157575273
4,483,16,1,0.9748333333333333,0.9870319785667702
5,472,27,1,0.9568333333333333,0.9772011846882886
6,466,32,2,0.9471666666666667,0.971659194440497
7,458,40,2,0.935,0.9645006703455536
8,445,51,4,0.9135,0.9514126893389229
9,426,68,6,0.892,0.936643988075913
10,406,85,9,0.862,0.9147031549992568
11,379,111,10,0.8225,0.882421432680666
12,347,136,17,0.796,0.85266396520622
13,315,160,25,0.7708333333333334,0.8181583040595789
14,285,179,36,0.7601666666666667,0.7901052331853248
15,256,202,42,0.746,0.7523377351374974
16,236,217,47,0.7495,0.7350372494532407
17,204,239,57,0.7471666666666666,0.6903294613567419
18,161,273,66,0.7618333333333334,0.6294743461797202
19,141,286,73,0.7858333333333334,0.6191223898131082
20,119,285,96,0.8181666666666667,0.6164910295728709
21,102,292,106,0.8418333333333333,0.6106543733334014
22,82,302,116,0.8725,0.6099692848685425
23,70,296,134,0.8953333333333333,0.6247017518942983
24,54,304,142,0.9158333333333334,0.60817050367775
25,47,293,160,0.9313333333333333,0.6342780719468971
26,40,287,173,0.9411666666666667,0.6300786500134326
27,33,285,182,0.9496666666666667,0.6167828877315044
28,30,279,191,0.955,0.62279198337894
29,26,267,207,0.9615,0.6251195487901173
30,22,263,215,0.9673333333333334,0.6231421082211597
31,18,254,228,0.9743333333333334,0.6361521007173181
32,14,254,232,0.9806666666666667,0.6502169207603989
33,11,245,244,0.985,0.6588573481854113
34,10,234,256,0.987,0.6762213438735177
35,8,225,267,0.9893333333333333,0.6685284914361
36,6,217,277,0.993,0.7049824330259113
37,6,209,285,0.993,0.7049824330259113
38,6,202,292,0.993,0.7049824330259113
39,6,200,294,0.9933333333333333,0.7192248572683355
40,6,194,300,0.9935,0.7258915239350022
41,6,186,308,0.9938333333333333,0.7401339481774264
42,5,178,317,0.9955,0.768098814229249
43,3,170,327,0.998,0.8355555555555556
44,3,163,334,0.998,0.8355555555555556
45,3,158,339,0.998,0.8355555555555556
46,3,152,345,0.9981666666666666,0.8494444444444444
47,3,143,354,0.9981666666666666,0.8494444444444444
48,3,137,360,0.9983333333333333,0.8633333333333333
49,3,130,367,0.9986666666666667,0.8911111111111111
50,3,125,372,0.9988333333333334,0.9044444444444445
51,3,120,377,0.9988333333333334,0.9044444444444445
52,3,112,385,0.999,0.9177777777777778
53,2,107,391,0.9993333333333333,0.9183333333333333
54,2,102,396,0.9993333333333333,0.9183333333333333
55,2,100,398,0.9993333333333333,0.9183333333333333
56,2,95,403,0.9993333333333333,0.9183333333333333
57,2,95,403,0.9993333333333333,0.9183333333333333
58,2,91,407,0.9995,0.9391666666666667
59,2,86,412,0.9996666666666667,0.96
60,2,85,413,0.9996666666666667,0.96
61,2,83,415,0.9996666666666667,0.96
62,1,83,416,1.0,1.0
63,1,82,417,1.0,1.0
64,1,77,422,1.0,1.0
65,1,74,425,1.0,1.0
66,1,70,429,1.0,1.0
67,1,65,434,1.0,1.0
68,1,64,435,1.0,1.0
69,1,62,437,1.0,1.0
70,1,60,439,1.0,1.0
71,1,56,443,1.0,1.0
72,1,54,445,1.0,1.0
73,1,51,448,1.0,1.0
74,1,47,452,1.0,1.0
75,1,47,452,1.0,1.0
76,1,46,453,1.0,1.0
77,1,45,454,1.0,1.0
78,1,45,454,1.0,1.0
79,1,41,458,1.0,1.0
80,1,40,459,1.0,1.0
81,1,39,460,1.0,1.0
82,1,37,462,1.0,1.0
83,1,37,462,1.0,1.0
84,1,34,465,1.0,1.0
85,1,33,466,1.0,1.0
86,1,33,466,1.0,1.0
87,1,31,468,1.0,1.0
88,1,30,469,1.0,1.0
89,1,28,471,1.0,1.0
90,1,27,472,1.0,1.0
91,1,26,473,1.0,1.0
92,1,26,473,1.0,1.0
93,1,25,474,1.0,1.0
94,1,24,475,1.0,1.0
95,1,24,475,1.0,1.0
96,1,20,479,1.0,1.0
97,1,19,480,1.0,1.0
98,1,19,480,1.0,1.0
99,1,19,480,1.0,1.0
100,1,17,482,1.0,1.0
101,1,17,482,1.0,1.0
102,1,16,483,1.0,1.0
103,1,16,483,1.0,1.0
104,1,15,484,1.0,1.0
105,1,14,485,1.0,1.0
106,1,14,485,1.0,1.0
107,1,14,485,1.0,1.0
108,1,14,485,1.0,1.0
109,1,13,486,1.0,1.0
110,1,13,486,1.0,1.0
111,1,12,487,1.0,1.0
112,1,12,487,1.0,1.0
113,1,11,488,1.0,1.0
114,1,10,489,1.0,1.0
115,1,10,489,1.0,1.0
116,1,10,489,1.0,1.0
117,1,9,490,1.0,1.0
118,1,7,492,1.0,1.0
119,1,7,492,1.0,1.0
120,1,7,492,1.0,1.0
121,1,6,493,1.0,1.0
122,1,6,493,1.0,1.0
123,1,6,493,1.0,1.0
124,1,5,494,1.0,1.0
125,1,5,494,1.0,1.0
126,1,5,494,1.0,1.0
127,1,5,494,1.0,1.0
128,1,5,494,1.0,1.0
129,1,5,494,1.0,1.0
130,1,5,494,1.0,1.0
131,1,5,494,1.0,1.0
132,1,5,494,1.0,1.0
133,1,4,495,1.0,1.0
134,1,4,495,1.0,1.0
135,1,4,495,1.0,1.0
136,1,4,495,1.0,1.0
137,1,4,495,1.0,1.0
138,1,4,495,1.0,1.0
139,1,4,495,1.0,1.0
140,1,4,495,1.0,1.0
141,1,4,495,1.0,1.0
142,1,4,495,1.0,1.0
143,1,4,495,1.0,1.0
144,1,4,495,1.0,1.0
145,1,4,495,1.0,1.0
146,1,4,495,1.0,1.0
147,1,4,495,1.0,1.0
148,1,4,495,1.0,1.0
149,1,4,495,1.0,1.0
150,1,4,495,1.0,1.0
151,1,4,495,1.0,1.0
152,1,4,495,1.0,1.0
153,1,4,495,1.0,1.0
154,1,4,495,1.0,1.0
155,1,4,495,1.0,1.0
156,1,3,496,1.0,1.0
157,1,3,496,1.0,1.0
158,1,2,497,1.0,1.0
159,1,2,497,1.0,1.0
160,1,2,497,1.0,1.0
161,1,2,497,1.0,1.0
162,1,2,497,1.0,1.0
163,1,2,497,1.0,1.0
164,1,2,497,1.0,1.0
165,1,2,497,1.0,1.0
166,1,1,498,1.0,1.0
167,1,1,498,1.0,1.0
168,1,1,498,1.0,1.0
169,1,1,498,1.0,1.0
170,1,1,498,1.0,1.0
171,1,1,498,1.0,1.0
172,1,1,498,1.0,1.0
173,1,1,498,1.0,1.0
174,1,1,498,1.0,1.0
175,1,1,498,1.0,1.0
176,1,1,498,1.0,1.0
177,1,1,498,1.0,1.0
178,1,1,498,1.0,1.0
179,1,1,498,1.0,1.0
180,1,1,498,1.0,1.0
181,1,1,498,1.0,1.0
182,1,1,498,1.0,1.0
183,1,1,498,1.0,1.0
184,1,1,498,1.0,1.0
185,1,1,498,1.0,1.0
186,1,1,498,1.0,1.0
187,1,1,498,1.0,1.0
188,1,1,498,1.0,1.0
189,1,1,498,1.0,1.0
190,1,1,498,1.0,1.0
191,1,1,498,1.0,1.0
192,1,1,498,1.0,1.0
193,1,1,498,1.0,1.0
194,1,1,498,1.0,1.0
195,1,1,498,1.0,1.0
196,1,1,498,1.0,1.0
197,1,1,498,1.0,1.0
198,1,1,498,1.0,1.0
199,1,1,498,1.0,1.0
200,1,1,498,1.0,1.0
1,496,4,0,0.9931666666666666,1.0
2,491,9,0,0.9856666666666667,0.9960948784997663
3,484,16,0,0.9743333333333334,0.9900807446402025
4,481,19,0,0.9716666666666667,0.9886150285087779
5,471,28,1,0.957,0.980342550781236
6,461,36,3,0.945,0.9733870081836683
7,440,51,9,0.9188333333333333,0.9571135950656061
8,426,63,11,0.8956666666666667,0.9419763282172628
9,402,82,16,0.8721666666666666,0.9236583180515915
10,384,98,18,0.8461666666666666,0.9031293940227798
11,363,111,26,0.8285,0.8852528801801347
12,344,123,33,0.8135,0.8674785279268938
13,318,145,37,0.7898333333333334,0.8379272826357682
14,288,169,43,0.777,0.8087161694182985
15,253,200,47,0.7646666666666667,0.7695923089003587
16,224,223,53,0.7651666666666667,0.7393964983935845
17,204,233,63,0.7713333333333333,0.7212742031328399
18,178,248,74,0.7786666666666666,0.6896588776884613
19,164,249,87,0.7963333333333333,0.6902479775364563
20,147,257,96,0.8081666666666667,0.6743408352315597
21,124,260,116,0.8346666666666667,0.6654635121043465
22,101,265,134,0.8585,0.6474786624099288
23,82,275,143,0.8776666666666667,0.6251886612680124
24,63,285,152,0.9065,0.6254849209056289
25,55,277,168,0.92,0.6308859156594601
26,46,275,179,0.9351666666666667,0.6446382491103031
27,43,266,191,0.9413333333333334,0.6560103229716849
28,38,264,198,0.9485,0.6581378590348023
29,32,260,208,0.9566666666666667,0.6553306064981732
30,27,256,217,0.9638333333333333,0.6585400415552881
31,20,253,227,0.9746666666666667,0.6794656347841298
32,19,246,235,0.977,0.6943166130834084
33,18,238,244,0.9781666666666666,0.692794797555114
34,16,227,257,0.9798333333333333,0.6795204742129168
35,14,211,275,0.9835,0.6988107889071508
36,11,209,280,0.9866666666666667,0.6898356354326047
37,11,205,284,0.987,0.6974507386677887
38,8,198,294,0.9915,0.7252178719390453
39,8,190,302,0.9915,0.7252178719390453
40,7,187,306,0.9928333333333333,0.7384511067684023
41,7,178,315,0.9928333333333333,0.7384511067684023
42,7,174,319,0.993,0.744967006113984
43,7,167,326,0.9936666666666667,0.769493768603042
44,7,163,330,0.994,0.7822422673226582
45,6,153,341,0.9951666666666666,0.7929837881009861
46,4,146,350,0.9961666666666666,0.7489942760574941
47,4,142,354,0.9963333333333333,0.7586428193192208
48,4,138,358,0.9963333333333333,0.7586428193192208
49,3,134,363,0.9973333333333333,0.7718834609381269
50,3,131,366,0.9973333333333333,0.7718834609381269
51,3,127,370,0.9973333333333333,0.7718834609381269
52,2,124,374,0.9983333333333333,0.7753920221242093
53,2,114,384,0.9983333333333333,0.7753920221242093
54,2,108,390,0.9983333333333333,0.7753920221242093
55,2,98,400,0.9983333333333333,0.7753920221242093
56,1,95,404,0.9995,0.8666146129623516
57,1,94,405,0.9995,0.8666146129623516
58,1,89,410,0.9995,0.8666146129623516
59,1,87,412,0.9995,0.8666146129623516
60,1,85,414,0.9995,0.8666146129623516
61,0,84,416,1.0,
62,0,82,418,1.0,
63,0,80,420,1.0,
64,0,77,423,1.0,
65,0,76,424,1.0,
66,0,68,432,1.0,
67,0,66,434,1.0,
68,0,63,437,1.0,
69,0,61,439,1.0,
70,0,57,443,1.0,
71,0,53,447,1.0,
72,0,49,451,1.0,
73,0,47,453,1.0,
74,0,43,457,1.0,
75,0,41,459,1.0,
76,0,38,462,1.0,
77,0,37,463,1.0,
78,0,37,463,1.0,
79,0,37,463,1.0,
80,0,34,466,1.0,
81,0,34,466,1.0,
82,0,33,467,1.0,
83,0,29,471,1.0,
84,0,27,473,1.0,
85,0,27,473,1.0,
86,0,25,475,1.0,
87,0,23,477,1.0,
88,0,22,478,1.0,
89,0,21,479,1.0,
90,0,21,479,1.0,
91,0,21,479,1.0,
92,0,19,481,1.0,
93,0,19,481,1.0,
94,0,19,481,1.0,
95,0,18,482,1.0,
96,0,17,483,1.0,
97,0,15,485,1.0,
98,0,14,486,1.0,
99,0,14,486,1.0,
100,0,12,488,1.0,
101,0,12,488,1.0,
102,0,12,488,1.0,
103,0,11,489,1.0,
104,0,11,489,1.0,
105,0,11,489,1.0,
106,0,10,490,1.0,
107,0,10,490,1.0,
108,0,10,490,1.0,
109,0,10,490,1.0,
110,0,10,490,1.0,
111,0,10,490,1.0,
112,0,9,491,1.0,
113,0,9,491,1.0,
114,0,9,491,1.0,
115,0,9,491,1.0,
116,0,8,492,1.0,
117,0,8,492,1.0,
118,0,8,492,1.0,
119,0,7,493,1.0,
120,0,7,493,1.0,
121,0,7,493,1.0,
122,0,6,494,1.0,
123,0,5,495,1.0,
124,0,5,495,1.0,
125,0,5,495,1.0,
126,0,5,495,1.0,
127,0,5,495,1.0,
128,0,5,495,1.0,
129,0,5,495,1.0,
130,0,5,495,1.0,
131,0,5,495,1.0,
132,0,5,495,1.0,
133,0,5,495,1.0,
134,0,5,495,1.0,
135,0,4,496,1.0,
136,0,4,496,1.0,
137,0,3,497,1.0,
138,0,3,497,1.0,
139,0,3,497,1.0,
140,0,3,497,1.0,
141,0,3,497,1.0,
142,0,3,497,1.0,
143,0,3,497,1.0,
144,0,3,497,1.0,
145,0,2,498,1.0,
146,0,2,498,1.0,
147,0,2,498,1.0,
148,0,2,498,1.0,
149,0,2,498,1.0,
150,0,2,498,1.0,
151,0,2,498,1.0,
152,0,2,498,1.0,
153,0,2,498,1.0,
154,0,2,498,1.0,
155,0,2,498,1.0,
156,0,2,498,1.0,
157,0,2,498,1.0,
158,0,2,498,1.0,
159,0,2,498,1.0,
160,0,1,499,1.0,
161,0,1,499,1.0,
162,0,1,499,1.0,
163,0,1,499,1.0,
164,0,1,499,1.0,
165,0,1,499,1.0,
166,0,1,499,1.0,
167,0,1,499,1.0,
168,0,1,499,1.0,
169,0,1,499,1.0,
170,0,1,499,1.0,
171,0,1,499,1.0,
172,0,1,499,1.0,
173,0,1,499,1.0,
174,0,1,499,1.0,
175,0,1,499,1.0,
176,0,1,499,1.0,
177,0,1,499,1.0,
178,0,1,499,1.0,
179,0,1,499,1.0,
180,0,1,499,1.0,
181,0,1,499,1.0,
182,0,1,499,1.0,
183,0,1,499,1.0,
184,0,1,499,1.0,
185,0,1,499,1.0,
186,0,1,499,1.0,
187,0,1,499,1.0,
188,0,1,499,1.0,
189,0,1,499,1.0,
190,0,1,499,1.0,
191,0,1,499,1.0,
192,0,1,499,1.0,
193,0,1,499,1.0,
194,0,1,499,1.0,
195,0,1,499,1.0,
196,0,1,499,1.0,
197,0,1,499,1.0,
198,0,1,499,1.0,
199,0,1,499,1.0,
200,0,1,499,1.0,
1,497,3,0,0.9943333333333333,1.0
2,496,4,0,0.993,0.9993475862712794
3,494,5,1,0.9921666666666666,0.998905878003365
4,492,7,1,0.9886666666666667,0.9971482650771841
5,485,14,1,0.9795,0.9923709151001368
6,477,22,1,0.9655,0.9849586116139137
7,467,31,2,0.9533333333333334,0.9780627606779773
8,453,42,5,0.9433333333333334,0.9716833211548039
9,439,54,7,0.9215,0.9582600247090508
10,415,75,10,0.888,0.9352412238777572
11,380,108,12,0.8338333333333333,0.8932972971660303
12,355,127,18,0.8053333333333333,0.8653392663351795
13,327,146,27,0.7828333333333334,0.8359480147847641
14,299,170,31,0.7578333333333334,0.7995917502055889
15,258,207,35,0.7341666666666666,0.7441890124484852
16,222,234,44,0.729,0.6966030663031845
17,190,241,69,0.7583333333333333,0.6836324035668858
18,168,254,78,0.777,0.6698216414392494
19,138,270,92,0.8073333333333333,0.6514332720624391
20,116,284,100,0.8313333333333334,0.6351956661377419
21,101,288,111,0.849,0.6252431930826708
22,84,298,118,0.8725,0.6204552182432097
23,72,295,133,0.8945,0.6331728190114715
24,65,289,146,0.9061666666666667,0.6393341005098364
25,56,286,158,0.9221666666666667,0.6517773212215537
26,49,278,173,0.9315,0.6498220778434283
27,40,279,181,0.9423333333333334,0.6379236621162726
28,36,268,196,0.9518333333333333,0.6637154261443043
29,28,269,203,0.9588333333333333,0.6274970382729733
30,25,258,217,0.9641666666666666,0.6377191542330761
31,19,254,227,0.9728333333333333,0.6338594037141798
32,13,244,243,0.9811666666666666,0.6295556559014659
33,12,240,248,0.983,0.635814099209053
34,11,232,257,0.9848333333333333,0.6481642886242446
35,9,227,264,0.9881666666666666,0.6693770313071388
36,6,218,276,0.9928333333333333,0.7035739830714831
37,6,211,283,0.9931666666666666,0.7191980909883352
38,6,204,290,0.9933333333333333,0.7261623251373197
39,5,197,298,0.995,0.7531099516958785
40,3,189,308,0.9981666666666666,0.8427794740909498
41,3,179,318,0.9981666666666666,0.8427794740909498
42,3,171,326,0.9983333333333333,0.8594936360485125
43,2,168,330,0.999,0.8649578813038695
44,2,162,336,0.999,0.8649578813038695
45,1,157,342,0.9995,0.8524222598356974
46,0,147,353,1.0,
47,0,138,362,1.0,
48,0,134,366,1.0,
49,0,131,369,1.0,
50,0,125,375,1.0,
51,0,122,378,1.0,
52,0,119,381,1.0,
53,0,114,386,1.0,
54,0,110,390,1.0,
55,0,105,395,1.0,
56,0,103,397,1.0,
57,0,100,400,1.0,
58,0,95,405,1.0,
59,0,93,407,1.0,
60,0,90,410,1.0,
61,0,85,415,1.0,
62,0,82,418,1.0,
63,0,76,424,1.0,
64,0,72,428,1.0,
65,0,69,431,1.0,
66,0,64,436,1.0,
67,0,64,436,1.0,
68,0,61,439,1.0,
69,0,60,440,1.0,
70,0,57,443,1.0,
71,0,54,446,1.0,
72,0,51,449,1.0,
73,0,49,451,1.0,
74,0,44,456,1.0,
75,0,42,458,1.0,
76,0,39,461,1.0,
77,0,38,462,1.0,
78,0,37,463,1.0,
79,0,37,463,1.0,
80,0,36,464,1.0,
81,0,35,465,1.0,
82,0,35,465,1.0,
83,0,34,466,1.0,
84,0,31,469,1.0,
85,0,29,471,1.0,
86,0,28,472,1.0,
87,0,26,474,1.0,
88,0,25,475,1.0,
89,0,25,475,1.0,
90,0,25,475,1.0,
91,0,25,475,1.0,
92,0,23,477,1.0,
93,0,23,477,1.0,
94,0,23,477,1.0,
95,0,23,477,1.0,
96,0,23,477,1.0,
97,0,23,477,1.0,
98,0,21,479,1.0,
99,0,21,479,1.0,
100,0,20,480,1.0,
101,0,19,481,1.0,
102,0,18,482,1.0,
103,0,18,482,1.0,
104,0,16,484,1.0,
105,0,15,485,1.0,
106,0,13,487,1.0,
107,0,12,488,1.0,
108,0,10,490,1.0,
109,0,10,490,1.0,
110,0,8,492,1.0,
111,0,8,492,1.0,
112,0,7,493,1.0,
113,0,7,493,1.0,
114,0,7,493,1.0,
115,0,7,493,1.0,
116,0,5,495,1.0,
117,0,5,495,1.0,
118,0,5,495,1.0,
119,0,4,496,1.0,
120,0,4,496,1.0,
121,0,4,496,1.0,
122,0,2,498,1.0,
123,0,2,498,1.0,
124,0,1,499,1.0,
125,0,1,499,1.0,
126,0,1,499,1.0,
127,0,1,499,1.0,
128,0,1,499,1.0,
129,0,1,499,1.0,
130,0,1,499,1.0,
131,0,1,499,1.0,
132,0,1,499,1.0,
133,0,1,499,1.0,
134,0,1,499,1.0,
135,0,1,499,1.0,
136,0,1,499,1.0,
137,0,1,499,1.0,
138,0,1,499,1.0,
139,0,1,499,1.0,
140,0,1,499,1.0,
141,0,1,499,1.0,
142,0,1,499,1.0,
143,0,1,499,1.0,
144,0,1,499,1.0,
145,0,1,499,1.0,
146,0,1,499,1.0,
147,0,1,499,1.0,
148,0,1,499,1.0,
149,0,1,499,1.0,
150,0,1,499,1.0,
151,0,1,499,1.0,
152,0,1,499,1.0,
153,0,1,499,1.0,
154,0,1,499,1.0,
155,0,1,499,1.0,
156,0,1,499,1.0,
157,0,1,499,1.0,
158,0,1,499,1.0,
159,0,1,499,1.0,
160,0,1,499,1.0,
161,0,1,499,1.0,
162,0,1,499,1.0,
163,0,1,499,1.0,
164,0,1,499,1.0,
165,0,1,499,1.0,
166,0,0,500,1.0,
167,0,0,500,1.0,
168,0,0,500,1.0,
169,0,0,500,1.0,
170,0,0,500,1.0,
171,0,0,500,1.0,
172,0,0,500,1.0,
173,0,0,500,1.0,
174,0,0,500,1.0,
175,0,0,500,1.0,
176,0,0,500,1.0,
177,0,0,500,1.0,
178,0,0,500,1.0,
179,0,0,500,1.0,
180,0,0,500,1.0,
181,0,0,500,1.0,
182,0,0,500,1.0,
183,0,0,500,1.0,
184,0,0,500,1.0,
185,0,0,500,1.0,
186,0,0,500,1.0,
187,0,0,500,1.0,
188,0,0,500,1.0,
189,0,0,500,1.0,
190,0,0,500,1.0,
191,0,0,500,1.0,
192,0,0,500,1.0,
193,0,0,500,1.0,
194,0,0,500,1.0,
195,0,0,500,1.0,
196,0,0,500,1.0,
197,0,0,500,1.0,
198,0,0,500,1.0,
199,0,0,500,1.0,
200,0,0,500,1.0,
1,499,0,1,1.0,1.0
2,499,0,1,1.0,1.0
3,499,0,1,1.0,1.0
4,499,0,1,1.0,1.0
5,499,0,1,1.0,1.0
6,499,0,1,1.0,1.0
7,499,0,1,1.0,1.0
8,499,0,1,1.0,1.0
9,499,0,1,1.0,1.0
10,499,0,1,1.0,1.0
11,499,0,1,1.0,1.0
12,499,0,1,1.0,1.0
13,499,0,1,1.0,1.0
14,499,0,1,1.0,1.0
15,499,0,1,1.0,1.0
16,499,0,1,1.0,1.0
17,499,0,1,1.0,1.0
18,499,0,1,1.0,1.0
19,499,0,1,1.0,1.0
20,499,0,1,1.0,1.0
21,499,0,1,1.0,1.0
22,499,0,1,1.0,1.0
23,499,0,1,1.0,1.0
24,499,0,1,1.0,1.0
25,499,0,1,1.0,1.0
26,499,0,1,1.0,1.0
27,499,0,1,1.0,1.0
28,499,0,1,1.0,1.0
29,499,0,1,1.0,1.0
30,499,0,1,1.0,1.0
31,499,0,1,1.0,1.0
32,499,0,1,1.0,1.0
33,499,0,1,1.0,1.0
34,499,0,1,1.0,1.0
35,499,0,1,1.0,1.0
36,499,0,1,1.0,1.0
37,499,0,1,1.0,1.0
38,499,0,1,1.0,1.0
39,499,0,1,1.0,1.0
40,499,0,1,1.0,1.0
41,499,0,1,1.0,1.0
42,499,0,1,1.0,1.0
43,499,0,1,1.0,1.0
44,499,0,1,1.0,1.0
45,499,0,1,1.0,1.0
46,499,0,1,1.0,1.0
47,499,0,1,1.0,1.0
48,499,0,1,1.0,1.0
49,499,0,1,1.0,1.0
50,499,0,1,1.0,1.0
51,499,0,1,1.0,1.0
52,499,0,1,1.0,1.0
53,499,0,1,1.0,1.0
54,499,0,1,1.0,1.0
55,499,0,1,1.0,1.0
56,499,0,1,1.0,1.0
57,499,0,1,1.0,1.0
58,499,0,1,1.0,1.0
59,499,0,1,1.0,1.0
60,499,0,1,1.0,1.0
61,499,0,1,1.0,1.0
62,499,0,1,1.0,1.0
63,499,0,1,1.0,1.0
64,499,0,1,1.0,1.0
65,499,0,1,1.0,1.0
66,499,0,1,1.0,1.0
67,499,0,1,1.0,1.0
68,499,0,1,1.0,1.0
69,499,0,1,1.0,1.0
70,499,0,1,1.0,1.0
71,499,0,1,1.0,1.0
72,499,0,1,1.0,1.0
73,499,0,1,1.0,1.0
74,499,0,1,1.0,1.0
75,499,0,1,1.0,1.0
76,499,0,1,1.0,1.0
77,499,0,1,1.0,1.0
78,499,0,1,1.0,1.0
79,499,0,1,1.0,1.0
80,499,0,1,1.0,1.0
81,499,0,1,1.0,1.0
82,499,0,1,1.0,1.0
83,499,0,1,1.0,1.0
84,499,0,1,1.0,1.0
85,499,0,1,1.0,1.0
86,499,0,1,1.0,1.0
87,499,0,1,1.0,1.0
88,499,0,1,1.0,1.0
89,499,0,1,1.0,1.0
90,499,0,1,1.0,1.0
91,499,0,1,1.0,1.0
92,499,0,1,1.0,1.0
93,499,0,1,1.0,1.0
94,499,0,1,1.0,1.0
95,499,0,1,1.0,1.0
96,499,0,1,1.0,1.0
97,499,0,1,1.0,1.0
98,499,0,1,1.0,1.0
99,499,0,1,1.0,1.0
100,499,0,1,1.0,1.0
101,499,0,1,1.0,1.0
102,499,0,1,1.0,1.0
103,499,0,1,1.0,1.0
104,499,0,1,1.0,1.0
105,499,0,1,1.0,1.0
106,499,0,1,1.0,1.0
107,499,0,1,1.0,1.0
108,499,0,1,1.0,1.0
109,499,0,1,1.0,1.0
110,499,0,1,1.0,1.0
111,499,0,1,1.0,1.0
112,499,0,1,1.0,1.0
113,499,0,1,1.0,1.0
114,499,0,1,1.0,1.0
115,499,0,1,1.0,1.0
116,499,0,1,1.0,1.0
117,499,0,1,1.0,1.0
118,499,0,1,1.0,1.0
119,499,0,1,1.0,1.0
120,499,0,1,1.0,1.0
121,499,0,1,1.0,1.0
122,499,0,1,1.0,1.0
123,499,0,1,1.0,1.0
124,499,0,1,1.0,1.0
125,499,0,1,1.0,1.0
126,499,0,1,1.0,1.0
127,499,0,1,1.0,1.0
128,499,0,1,1.0,1.0
129,499,0,1,1.0,1.0
130,499,0,1,1.0,1.0
131,499,0,1,1.0,1.0
132,499,0,1,1.0,1.0
133,499,0,1,1.0,1.0
134,499,0,1,1.0,1.0
135,499,0,1,1.0,1.0
136,499,0,1,1.0,1.0
137,499,0,1,1.0,1.0
138,499,0,1,1.0,1.0
139,499,0,1,1.0,1.0
140,499,0,1,1.0,1.0
141,499,0,1,1.0,1.0
142,499,0,1,1.0,1.0
143,499,0,1,1.0,1.0
144,499,0,1,1.0,1.0
145,499,0,1,1.0,1.0
146,499,0,1,1.0,1.0
147,499,0,1,1.0,1.0
148,499,0,1,1.0,1.0
149,499,0,1,1.0,1.0
150,499,0,1,1.0,1.0
151,499,0,1,1.0,1.0
152,499,0,1,1.0,1.0
153,499,0,1,1.0,1.0
154,499,0,1,1.0,1.0
155,499,0,1,1.0,1.0
156,499,0,1,1.0,1.0
157,499,0,1,1.0,1.0
158,499,0,1,1.0,1.0
159,499,0,1,1.0,1.0
160,499,0,1,1.0,1.0
161,499,0,1,1.0,1.0
162,499,0,1,1.0,1.0
163,499,0,1,1.0,1.0
164,499,0,1,1.0,1.0
165,499,0,1,1.0,1.0
166,499,0,1,1.0,1.0
167,499,0,1,1.0,1.0
168,499,0,1,1.0,1.0
169,499,0,1,1.0,1.0
170,499,0,1,1.0,1.0
171,499,0,1,1.0,1.0
172,499,0,1,1.0,1.0
173,499,0,1,1.0,1.0
174,499,0,1,1.0,1.0
175,499,0,1,1.0,1.0
176,499,0,1,1.0,1.0
177,499,0,1,1.0,1.0
178,499,0,1,1.0,1.0
179,499,0,1,1.0,1.0
180,499,0,1,1.0,1.0
181,499,0,1,1.0,1.0
182,499,0,1,1.0,1.0
183,499,0,1,1.0,1.0
184,499,0,1,1.0,1.0
185,499,0,1,1.0,1.0
186,499,0,1,1.0,1.0
187,499,0,1,1.0,1.0
188,499,0,1,1.0,1.0
189,499,0,1,1.0,1.0
190,499,0,1,1.0,1.0
191,499,0,1,1.0,1.0
192,499,0,1,1.0,1.0
193,499,0,1,1.0,1.0
194,499,0,1,1.0,1.0
195,499,0,1,1.0,1.0
196,499,0,1,1.0,1.0
197,499,0,1,1.0,1.0
198,499,0,1,1.0,1.0
199,499,0,1,1.0,1.0
200,499,0,1,1.0,1.0
1,498,2,0,0.9978333333333333,0.9988914225870748
2,497,3,0,0.995,0.9974445966362684
3,496,4,0,0.9951666666666666,0.9975310868420967
4,491,9,0,0.9873333333333333,0.9934159464904174
5,486,14,0,0.9806666666666667,0.989868214030855
6,475,25,0,0.9595,0.9784368224876234
7,463,37,0,0.9388333333333333,0.9666223751659003
8,450,44,6,0.9331666666666667,0.9626546855184537
9,429,60,11,0.9045,0.9441229430157169
10,414,73,13,0.8811666666666667,0.9280059259433339
11,386,97,17,0.8438333333333333,0.898663250011497
12,362,115,23,0.8181666666666667,0.8745636576461071
13,324,145,31,0.784,0.8335277523467203
14,286,171,43,0.7686666666666667,0.7978420015359334
15,256,191,53,0.7568333333333334,0.7624843751590837
16,229,203,68,0.7641666666666667,0.7426382924262972
17,209,216,75,0.7598333333333334,0.7128783022029165
18,176,237,87,0.7796666666666666,0.6873098677652583
19,152,250,98,0.7965,0.6660943297165897
20,136,252,112,0.8165,0.6638868750788255
21,120,259,121,0.8293333333333334,0.6460402171845726
22,92,273,135,0.863,0.6283601316482372
23,73,282,145,0.885,0.6079263858672027
24,60,278,162,0.9051666666666667,0.6055099808234821
25,51,275,174,0.918,0.5969673431417947
26,41,276,183,0.9333333333333333,0.592599154012337
27,37,267,196,0.9433333333333334,0.6151153373922252
28,33,260,207,0.9501666666666667,0.6228848750917262
29,31,249,220,0.9545,0.6341528997209221
30,29,242,229,0.9575,0.6353570295549305
31,24,233,243,0.9661666666666666,0.648452529086587
32,17,233,250,0.9756666666666667,0.6456976106208844
33,14,227,259,0.9798333333333333,0.6436300000896276
34,12,215,273,0.9838333333333333,0.6602487609009348
35,9,209,282,0.9885,0.6766776460254721
36,6,203,291,0.993,0.7024319279754062
37,6,194,300,0.9935,0.7238965744400527
38,4,186,310,0.9963333333333333,0.7670454545454546
39,4,179,317,0.9965,0.7774621212121212
40,3,174,323,0.9978333333333333,0.8143939393939394
41,3,167,330,0.998,0.8295454545454546
42,3,160,337,0.9981666666666666,0.8434343434343434
43,3,156,341,0.9981666666666666,0.8434343434343434
44,3,152,345,0.9983333333333333,0.8573232323232324
45,3,149,348,0.9983333333333333,0.8573232323232324
46,3,144,353,0.9983333333333333,0.8573232323232324
47,3,138,359,0.9983333333333333,0.8573232323232324
48,3,135,362,0.9983333333333333,0.8573232323232324
49,3,132,365,0.9983333333333333,0.8573232323232324
50,3,126,371,0.9985,0.8712121212121212
51,2,126,372,0.9995,0.9318181818181819
52,2,121,377,0.9995,0.9318181818181819
53,1,119,380,1.0,1.0
54,1,114,385,1.0,1.0
55,1,111,388,1.0,1.0
56,1,106,393,1.0,1.0
57,1,99,400,1.0,1.0
58,1,94,405,1.0,1.0
59,1,91,408,1.0,1.0
60,1,89,410,1.0,1.0
61,1,87,412,1.0,1.0
62,1,85,414,1.0,1.0
63,1,80,419,1.0,1.0
64,1,79,420,1.0,1.0
65,1,78,421,1.0,1.0
66,1,76,423,1.0,1.0
67,1,71,428,1.0,1.0
68,1,66,433,1.0,1.0
69,1,65,434,1.0,1.0
70,1,61,438,1.0,1.0
71,1,57,442,1.0,1.0
72,1,57,442,1.0,1.0
73,1,53,446,1.0,1.0
74,1,51,448,1.0,1.0
75,1,49,450,1.0,1.0
76,1,49,450,1.0,1.0
77,1,46,453,1.0,1.0
78,1,46,453,1.0,1.0
79,1,46,453,1.0,1.0
80,1,45,454,1.0,1.0
81,1,44,455,1.0,1.0
82,1,41,458,1.0,1.0
83,1,41,458,1.0,1.0
84,1,36,463,1.0,1.0
85,1,36,463,1.0,1.0
86,0,33,467,1.0,
87,0,33,467,1.0,
88,0,31,469,1.0,
89,0,31,469,1.0,
90,0,29,471,1.0,
91,0,27,473,1.0,
92,0,27,473,1.0,
93,0,26,474,1.0,
94,0,25,475,1.0,
95,0,25,475,1.0,
96,0,25,475,1.0,
97,0,24,476,1.0,
98,0,23,477,1.0,
99,0,23,477,1.0,
100,0,21,479,1.0,
101,0,21,479,1.0,
102,0,20,480,1.0,
103,0,18,482,1.0,
104,0,18,482,1.0,
105,0,16,484,1.0,
106,0,14,486,1.0,
107,0,13,487,1.0,
108,0,13,487,1.0,
109,0,12,488,1.0,
110,0,11,489,1.0,
111,0,9,491,1.0,
112,0,8,492,1.0,
113,0,7,493,1.0,
114,0,7,493,1.0,
115,0,6,494,1.0,
116,0,6,494,1.0,
117,0,6,494,1.0,
118,0,6,494,1.0,
119,0,5,495,1.0,
120,0,5,495,1.0,
121,0,5,495,1.0,
122,0,5,495,1.0,
123,0,5,495,1.0,
124,0,5,495,1.0,
125,0,5,495,1.0,
126,0,5,495,1.0,
127,0,5,495,1.0,
128,0,5,495,1.0,
129,0,5,495,1.0,
130,0,5,495,1.0,
131,0,5,495,1.0,
132,0,5,495,1.0,
133,0,5,495,1.0,
134,0,5,495,1.0,
135,0,5,495,1.0,
136,0,5,495,1.0,
137,0,5,495,1.0,
138,0,4,496,1.0,
139,0,4,496,1.0,
140,0,4,496,1.0,
141,0,4,496,1.0,
142,0,4,496,1.0,
143,0,4,496,1.0,
144,0,4,496,1.0,
145,0,4,496,1.0,
146,0,4,496,1.0,
147,0,4,496,1.0,
148,0,4,496,1.0,
149,0,4,496,1.0,
150,0,4,496,1.0,
151,0,4,496,1.0,
152,0,4,496,1.0,
153,0,4,496,1.0,
154,0,4,496,1.0,
155,0,4,496,1.0,
156,0,3,497,1.0,
157,0,3,497,1.0,
158,0,3,497,1.0,
159,0,3,497,1.0,
160,0,3,497,1.0,
161,0,3,497,1.0,
162,0,1,499,1.0,
163,0,1,499,1.0,
164,0,1,499,1.0,
165,0,1,499,1.0,
166,0,1,499,1.0,
167,0,1,499,1.0,
168,0,1,499,1.0,
169,0,1,499,1.0,
170,0,1,499,1.0,
171,0,1,499,1.0,
172,0,1,499,1.0,
173,0,1,499,1.0,
174,0,1,499,1.0,
175,0,1,499,1.0,
176,0,1,499,1.0,
177,0,1,499,1.0,
178,0,1,499,1.0,
179,0,1,499,1.0,
180,0,1,499,1.0,
181,0,1,499,1.0,
182,0,1,499,1.0,
183,0,1,499,1.0,
184,0,1,499,1.0,
185,0,1,499,1.0,
186,0,1,499,1.0,
187,0,1,499,1.0,
188,0,1,499,1.0,
189,0,1,499,1.0,
190,0,1,499,1.0,
191,0,1,499,1.0,
192,0,1,499,1.0,
193,0,1,499,1.0,
194,0,1,499,1.0,
195,0,1,499,1.0,
196,0,1,499,1.0,
197,0,1,499,1.0,
198,0,1,499,1.0,
199,0,1,499,1.0,
200,0,1,499,1.0,
1,497,3,0,0.9978333333333333,0.9989321023329422
2,496,4,0,0.9978333333333333,0.9989299493134521
3,494,6,0,0.9915,0.9957272928294756
4,489,10,1,0.9828333333333333,0.9912424463233568
5,482,16,2,0.9763333333333334,0.9877364155011639
6,470,27,3,0.9566666666666667,0.9769466147481874
7,456,40,4,0.9326666666666666,0.9629938698297776
8,440,54,6,0.907,0.9470382133055057
9,419,71,10,0.8868333333333334,0.9324224562135739
10,398,90,12,0.8541666666666666,0.9085212426937356
11,374,109,17,0.8276666666666667,0.8849275576094919
12,346,134,20,0.8081666666666667,0.8614428229764667
13,312,158,30,0.7795,0.8240670079256304
14,278,181,41,0.7791666666666667,0.8024439091289592
15,242,203,55,0.7738333333333334,0.7661037107153565
16,204,236,60,0.7635,0.7097402541413624
17,174,255,71,0.7791666666666667,0.680616147276567
18,145,269,86,0.8023333333333333,0.6558742806418968
19,118,287,95,0.8245,0.6220341077083892
20,106,281,113,0.8425,0.62237579840328
21,88,289,123,0.8648333333333333,0.6098797608481403
22,77,289,134,0.8823333333333333,0.6119651154207902
23,56,300,144,0.909,0.5861858454405038
24,45,303,152,0.9245,0.5720961768594618
25,38,294,168,0.9386666666666666,0.5880227330513371
26,29,287,184,0.954,0.5960460318181456
27,25,273,202,0.9605,0.5991986406508146
28,21,267,212,0.9675,0.6067351370353441
29,16,258,226,0.9741666666666666,0.5936475913378088
30,10,254,236,0.9851666666666666,0.6219121964991531
31,8,247,245,0.989,0.6436141304347827
32,8,242,250,0.9893333333333333,0.6542572463768115
33,6,231,263,0.992,0.6511308739569609
34,6,220,274,0.9926666666666667,0.6801438296003514
35,6,215,279,0.9928333333333333,0.6873902064119455
36,5,203,292,0.9941666666666666,0.691897233201581
37,4,197,299,0.9951666666666666,0.6800889328063242
38,4,192,304,0.9953333333333333,0.6909584980237153
39,4,188,308,0.9953333333333333,0.6909584980237153
40,4,184,312,0.9953333333333333,0.6909584980237153
41,3,178,319,0.9965,0.6893939393939394
42,3,169,328,0.9971666666666666,0.7487373737373737
43,2,166,332,0.9981666666666666,0.75
44,2,163,335,0.9981666666666666,0.75
45,2,160,338,0.9981666666666666,0.75
46,2,153,345,0.9983333333333333,0.7727272727272727
47,2,144,354,0.9985,0.7954545454545454
48,2,141,357,0.9985,0.7954545454545454
49,2,139,359,0.9985,0.7954545454545454
50,2,136,362,0.9985,0.7954545454545454
51,2,128,370,0.9988333333333334,0.8409090909090909
52,2,122,376,0.9988333333333334,0.8409090909090909
53,2,119,379,0.9988333333333334,0.8409090909090909
54,2,114,384,0.999,0.8636363636363636
55,1,108,391,0.9995,0.8636363636363636
56,1,104,395,0.9995,0.8636363636363636
57,1,98,401,0.9995,0.8636363636363636
58,1,95,404,0.9995,0.8636363636363636
59,1,91,408,0.9995,0.8636363636363636
60,1,87,412,0.9995,0.8636363636363636
61,1,85,414,0.9995,0.8636363636363636
62,1,80,419,0.9995,0.8636363636363636
63,1,77,422,0.9995,0.8636363636363636
64,1,72,427,0.9995,0.8636363636363636
65,1,70,429,0.9995,0.8636363636363636
66,1,69,430,0.9995,0.8636363636363636
67,1,63,436,0.9995,0.8636363636363636
68,1,63,436,0.9995,0.8636363636363636
69,1,62,437,0.9995,0.8636363636363636
70,1,61,438,0.9996666666666667,0.9090909090909091
71,1,59,440,0.9996666666666667,0.9090909090909091
72,1,55,444,0.9996666666666667,0.9090909090909091
73,1,54,445,0.9996666666666667,0.9090909090909091
74,1,52,447,0.9996666666666667,0.9090909090909091
75,1,47,452,0.9996666666666667,0.9090909090909091
76,1,44,455,0.9996666666666667,0.9090909090909091
77,1,44,455,0.9996666666666667,0.9090909090909091
78,1,43,456,0.9996666666666667,0.9090909090909091
79,1,41,458,0.9996666666666667,0.9090909090909091
80,1,39,460,0.9996666666666667,0.9090909090909091
81,1,37,462,0.9996666666666667,0.9090909090909091
82,1,34,465,0.9996666666666667,0.9090909090909091
83,1,33,466,0.9996666666666667,0.9090909090909091
84,1,31,468,0.9996666666666667,0.9090909090909091
85,1,30,469,0.9996666666666667,0.9090909090909091
86,1,28,471,0.9996666666666667,0.9090909090909091
87,1,27,472,0.9996666666666667,0.9090909090909091
88,1,26,473,0.9996666666666667,0.9090909090909091
89,1,26,473,0.9996666666666667,0.9090909090909091
90,1,26,473,0.9996666666666667,0.9090909090909091
91,1,23,476,0.9996666666666667,0.9090909090909091
92,1,22,477,0.9996666666666667,0.9090909090909091
93,1,21,478,0.9996666666666667,0.9090909090909091
94,1,19,480,0.9996666666666667,0.9090909090909091
95,1,18,481,0.9996666666666667,0.9090909090909091
96,1,18,481,0.9996666666666667,0.9090909090909091
97,1,17,482,0.9996666666666667,0.9090909090909091
98,1,17,482,0.9996666666666667,0.9090909090909091
99,1,16,483,0.9996666666666667,0.9090909090909091
100,1,15,484,0.9998333333333334,0.9545454545454546
101,1,14,485,0.9998333333333334,0.9545454545454546
102,1,13,486,1.0,1.0
103,1,13,486,1.0,1.0
104,1,13,486,1.0,1.0
105,1,13,486,1.0,1.0
106,1,13,486,1.0,1.0
107,1,13,486,1.0,1.0
108,1,10,489,1.0,1.0
109,1,10,489,1.0,1.0
110,1,10,489,1.0,1.0
111,1,10,489,1.0,1.0
112,1,10,489,1.0,1.0
113,1,10,489,1.0,1.0
114,1,9,490,1.0,1.0
115,1,9,490,1.0,1.0
116,1,9,490,1.0,1.0
117,1,9,490,1.0,1.0
118,1,9,490,1.0,1.0
119,1,9,490,1.0,1.0
120,1,9,490,1.0,1.0
121,1,9,490,1.0,1.0
122,1,9,490,1.0,1.0
123,1,7,492,1.0,1.0
124,1,6,493,1.0,1.0
125,1,6,493,1.0,1.0
126,1,6,493,1.0,1.0
127,1,6,493,1.0,1.0
128,1,5,494,1.0,1.0
129,1,4,495,1.0,1.0
130,1,3,496,1.0,1.0
131,1,3,496,1.0,1.0
132,1,3,496,1.0,1.0
133,1,3,496,1.0,1.0
134,1,3,496,1.0,1.0
135,1,3,496,1.0,1.0
136,1,3,496,1.0,1.0
137,1,3,496,1.0,1.0
138,1,3,496,1.0,1.0
139,1,3,496,1.0,1.0
140,1,3,496,1.0,1.0
141,1,3,496,1.0,1.0
142,1,3,496,1.0,1.0
143,1,2,497,1.0,1.0
144,1,2,497,1.0,1.0
145,1,2,497,1.0,1.0
146,1,2,497,1.0,1.0
147,1,1,498,1.0,1.0
148,1,1,498,1.0,1.0
149,1,1,498,1.0,1.0
150,1,1,498,1.0,1.0
151,1,1,498,1.0,1.0
152,1,1,498,1.0,1.0
153,1,1,498,1.0,1.0
154,1,1,498,1.0,1.0
155,1,1,498,1.0,1.0
156,1,1,498,1.0,1.0
157,1,0,499,1.0,1.0
158,1,0,499,1.0,1.0
159,1,0,499,1.0,1.0
160,1,0,499,1.0,1.0
161,1,0,499,1.0,1.0
162,1,0,499,1.0,1.0
163,1,0,499,1.0,1.0
164,1,0,499,1.0,1.0
165,1,0,499,1.0,1.0
166,1,0,499,1.0,1.0
167,1,0,499,1.0,1.0
168,1,0,499,1.0,1.0
169,1,0,499,1.0,1.0
170,1,0,499,1.0,1.0
171,1,0,499,1.0,1.0
172,1,0,499,1.0,1.0
173,1,0,499,1.0,1.0
174,1,0,499,1.0,1.0
175,1,0,499,1.0,1.0
176,1,0,499,1.0,1.0
177,1,0,499,1.0,1.0
178,1,0,499,1.0,1.0
179,1,0,499,1.0,1.0
180,1,0,499,1.0,1.0
181,1,0,499,1.0,1.0
182,1,0,499,1.0,1.0
183,1,0,499,1.0,1.0
184,1,0,499,1.0,1.0
185,1,0,499,1.0,1.0
186,1,0,499,1.0,1.0
187,1,0,499,1.0,1.0
188,1,0,499,1.0,1.0
189,1,0,499,1.0,1.0
190,1,0,499,1.0,1.0
191,1,0,499,1.0,1.0
192,1,0,499,1.0,1.0
193,1,0,499,1.0,1.0
194,1,0,499,1.0,1.0
195,1,0,499,1.0,1.0
196,1,0,499,1.0,1.0
197,1,0,499,1.0,1.0
198,1,0,499,1.0,1.0
199,1,0,499,1.0,1.0
200,1,0,499,1.0,1.0
1,498,2,0,1.0,1.0
2,497,2,1,1.0,1.0
3,494,4,2,0.9951666666666666,0.9975956926075743
4,491,7,2,0.9903333333333333,0.9950933803054586
5,486,12,2,0.981,0.9902583797189273
6,477,21,2,0.9688333333333333,0.9836020865471234
7,470,28,2,0.9546666666666667,0.9758333809268129
8,459,38,3,0.9391666666666667,0.9667911448218354
9,445,48,7,0.9313333333333333,0.961084264521464
10,428,63,9,0.9181666666666667,0.9519027298552364
11,412,75,13,0.9046666666666666,0.94199051527138
12,387,93,20,0.8788333333333334,0.9214666757739979
13,358,118,24,0.8455,0.8916406013023056
14,341,132,27,0.8281666666666667,0.873315500761564
15,313,156,31,0.8105,0.8481411724207872
16,283,179,38,0.7866666666666666,0.8114854653737253
17,256,194,50,0.7855,0.7910875903646659
18,225,214,61,0.776,0.7526781219138706
19,196,223,81,0.7885,0.7325695198110903
20,165,242,93,0.7958333333333333,0.6936253387952992
21,137,259,104,0.8143333333333334,0.6639440414892652
22,118,272,110,0.8345,0.650617236348629
23,91,283,126,0.8636666666666667,0.6270762119973776
24,78,279,143,0.882,0.6228652537849863
25,64,284,152,0.9026666666666666,0.6221274127693964
26,53,279,168,0.9188333333333333,0.6219955897109303
27,47,277,176,0.9286666666666666,0.6267375422740825
28,38,270,192,0.9463333333333334,0.6496181879820324
29,31,266,203,0.9551666666666667,0.6401384543460281
30,23,263,214,0.9685,0.6583645969657312
31,21,256,223,0.9716666666666667,0.662652492435101
32,19,252,229,0.9741666666666666,0.6589205378907896
33,17,244,239,0.977,0.657666434162598
34,13,239,248,0.982,0.6484367082193169
35,12,232,256,0.9833333333333333,0.6473462889767237
36,12,221,267,0.9841666666666666,0.6650214097496706
37,10,218,272,0.9866666666666667,0.6624202898550725
38,9,209,282,0.989,0.6915700483091789
39,7,202,291,0.9916666666666667,0.6975569358178053
40,6,194,300,0.9928333333333333,0.6978743961352657
41,4,190,306,0.9953333333333333,0.7066847826086957
42,4,178,318,0.9956666666666667,0.727518115942029
43,4,170,326,0.9963333333333333,0.7696739130434782
44,4,168,328,0.9963333333333333,0.7696739130434782
45,4,161,335,0.9966666666666667,0.790090579710145
46,4,158,338,0.9966666666666667,0.790090579710145
47,4,154,342,0.9968333333333333,0.8009601449275363
48,4,149,347,0.9968333333333333,0.8009601449275363
49,4,144,352,0.9968333333333333,0.8009601449275363
50,3,139,358,0.9975,0.792584541062802
51,2,133,365,0.998,0.755
52,2,129,369,0.998,0.755
53,2,125,373,0.998,0.755
54,2,120,378,0.998,0.755
55,2,116,382,0.9981666666666666,0.775
56,2,105,393,0.9983333333333333,0.7949999999999999
57,2,104,394,0.9983333333333333,0.7949999999999999
58,2,98,400,0.9983333333333333,0.7949999999999999
59,2,91,407,0.9985,0.815
60,2,88,410,0.9985,0.815
61,1,83,416,0.9995,0.88
62,1,80,419,0.9995,0.88
63,1,78,421,0.9995,0.88
64,1,76,423,0.9995,0.88
65,1,74,425,0.9995,0.88
66,1,72,427,0.9996666666666667,0.92
67,1,70,429,0.9996666666666667,0.92
68,1,69,430,0.9996666666666667,0.92
69,1,66,433,0.9996666666666667,0.92
70,1,66,433,0.9996666666666667,0.92
71,1,63,436,0.9996666666666667,0.92
72,0,62,438,1.0,
73,0,61,439,1.0,
74,0,58,442,1.0,
75,0,56,444,1.0,
76,0,53,447,1.0,
77,0,52,448,1.0,
78,0,49,451,1.0,
79,0,49,451,1.0,
80,0,47,453,1.0,
81,0,43,457,1.0,
82,0,41,459,1.0,
83,0,38,462,1.0,
84,0,37,463,1.0,
85,0,37,463,1.0,
86,0,36,464,1.0,
87,0,34,466,1.0,
88,0,32,468,1.0,
89,0,30,470,1.0,
90,0,29,471,1.0,
91,0,28,472,1.0,
92,0,28,472,1.0,
93,0,27,473,1.0,
94,0,27,473,1.0,
95,0,27,473,1.0,
96,0,27,473,1.0,
97,0,26,474,1.0,
98,0,26,474,1.0,
99,0,25,475,1.0,
100,0,24,476,1.0,
101,0,24,476,1.0,
102,0,23,477,1.0,
103,0,21,479,1.0,
104,0,20,480,1.0,
105,0,18,482,1.0,
106,0,17,483,1.0,
107,0,14,486,1.0,
108,0,14,486,1.0,
109,0,14,486,1.0,
110,0,14,486,1.0,
111,0,14,486,1.0,
112,0,13,487,1.0,
113,0,12,488,1.0,
114,0,11,489,1.0,
115,0,11,489,1.0,
116,0,10,490,1.0,
117,0,9,491,1.0,
118,0,8,492,1.0,
119,0,8,492,1.0,
120,0,8,492,1.0,
121,0,8,492,1.0,
122,0,7,493,1.0,
123,0,7,493,1.0,
124,0,7,493,1.0,
125,0,7,493,1.0,
126,0,6,494,1.0,
127,0,6,494,1.0,
128,0,6,494,1.0,
129,0,6,494,1.0,
130,0,6,494,1.0,
131,0,5,495,1.0,
132,0,5,495,1.0,
133,0,5,495,1.0,
134,0,5,495,1.0,
135,0,5,495,1.0,
136,0,5,495,1.0,
137,0,5,495,1.0,
138,0,5,495,1.0,
139,0,5,495,1.0,
140,0,5,495,1.0,
141,0,5,495,1.0,
142,0,5,495,1.0,
143,0,5,495,1.0,
144,0,5,495,1.0,
145,0,5,495,1.0,
146,0,5,495,1.0,
147,0,5,495,1.0,
148,0,4,496,1.0,
149,0,4,496,1.0,
150,0,3,497,1.0,
151,0,3,497,1.0,
152,0,2,498,1.0,
153,0,2,498,1.0,
154,0,2,498,1.0,
155,0,0,500,1.0,
156,0,0,500,1.0,
157,0,0,500,1.0,
158,0,0,500,1.0,
159,0,0,500,1.0,
160,0,0,500,1.0,
161,0,0,500,1.0,
162,0,0,500,1.0,
163,0,0,500,1.0,
164,0,0,500,1.0,
165,0,0,500,1.0,
166,0,0,500,1.0,
167,0,0,500,1.0,
168,0,0,500,1.0,
169,0,0,500,1.0,
170,0,0,500,1.0,
171,0,0,500,1.0,
172,0,0,500,1.0,
173,0,0,500,1.0,
174,0,0,500,1.0,
175,0,0,500,1.0,
176,0,0,500,1.0,
177,0,0,500,1.0,
178,0,0,500,1.0,
179,0,0,500,1.0,
180,0,0,500,1.0,
181,0,0,500,1.0,
182,0,0,500,1.0,
183,0,0,500,1.0,
184,0,0,500,1.0,
185,0,0,500,1.0,
186,0,0,500,1.0,
187,0,0,500,1.0,
188,0,0,500,1.0,
189,0,0,500,1.0,
190,0,0,500,1.0,
191,0,0,500,1.0,
192,0,0,500,1.0,
193,0,0,500,1.0,
194,0,0,500,1.0,
195,0,0,500,1.0,
196,0,0,500,1.0,
197,0,0,500,1.0,
198,0,0,500,1.0,
199,0,0,500,1.0,
200,0,0,500,1.0,
1,496,4,0,0.9933333333333333,1.0
2,492,7,1,0.9886666666666667,0.9976029954042047
3,489,9,2,0.9866666666666667,0.996548200274109
4,487,11,2,0.984,0.9951383347819597
5,486,12,2,0.9826666666666667,0.9944234552056459
6,484,14,2,0.9793333333333333,0.9927518661132734
7,477,19,4,0.9735,0.9895685024966688
8,470,25,5,0.9703333333333334,0.9877969196101875
9,461,33,6,0.9571666666666667,0.9803961057684313
10,452,42,6,0.951,0.9766873661282387
11,442,51,7,0.9418333333333333,0.9709685467403499
12,426,63,11,0.9126666666666666,0.9525153838101152
13,406,82,12,0.8778333333333334,0.9284233859791191
14,383,99,18,0.8565,0.9097455886389374
15,359,119,22,0.822,0.8795022038275065
16,326,143,31,0.7911666666666667,0.8429276410023412
17,297,164,39,0.7731666666666667,0.8117175490904636
18,259,191,50,0.754,0.7651258794300735
19,232,210,58,0.7485,0.7317809213747561
20,202,235,63,0.7471666666666666,0.6892900088821043
21,179,247,74,0.7563333333333333,0.6613718774021289
22,158,261,81,0.7751666666666667,0.6462964149940957
23,127,278,95,0.8071666666666667,0.6213555778227844
24,105,290,105,0.839,0.6173409228847049
25,92,288,120,0.856,0.6098556445263895
26,69,290,141,0.8928333333333334,0.6119281873175368
27,53,294,153,0.9188333333333333,0.6128561273200152
28,48,289,163,0.9281666666666667,0.6207629581832067
29,43,280,177,0.9386666666666666,0.6406682929256333
30,36,274,190,0.9508333333333333,0.6571675519298551
31,31,264,205,0.9605,0.6816916836432865
32,26,259,215,0.967,0.6812401454696306
33,23,247,230,0.9716666666666667,0.6903379462078306
34,17,245,238,0.9776666666666667,0.666543697260405
35,14,234,252,0.9813333333333333,0.6645343693914364
36,13,226,261,0.9836666666666667,0.6853741183257188
37,12,217,271,0.986,0.7057420285019277
38,9,211,280,0.9901666666666666,0.7311853732347269
39,8,202,290,0.9918333333333333,0.7491751729725249
40,7,194,299,0.9926666666666667,0.7426500033815946
41,5,187,308,0.9945,0.7268238209460192
42,5,177,318,0.995,0.7512653131574699
43,5,173,322,0.995,0.7512653131574699
44,5,164,331,0.9951666666666666,0.7592924137574412
45,5,159,336,0.9953333333333333,0.7673195143574123
46,5,152,343,0.9953333333333333,0.7673195143574123
47,5,143,352,0.9953333333333333,0.7673195143574123
48,3,138,359,0.9971666666666666,0.7598670032234647
49,3,131,366,0.9976666666666667,0.8025507921280736
50,2,120,378,0.9985,0.8062935870506792
51,2,110,388,0.9985,0.8062935870506792
52,2,105,393,0.9986666666666667,0.8301837674077363
53,2,99,399,0.9986666666666667,0.8301837674077363
54,2,97,401,0.9986666666666667,0.8301837674077363
55,2,92,406,0.9986666666666667,0.8301837674077363
56,1,88,411,0.999,0.7525406812473006
57,1,83,416,0.999,0.7525406812473006
58,1,78,421,0.999,0.7525406812473006
59,1,75,424,0.999,0.7525406812473006
60,1,70,429,0.999,0.7525406812473006
61,1,67,432,0.999,0.7525406812473006
62,0,64,436,1.0,
63,0,60,440,1.0,
64,0,56,444,1.0,
65,0,51,449,1.0,
66,0,49,451,1.0,
67,0,46,454,1.0,
68,0,43,457,1.0,
69,0,41,459,1.0,
70,0,40,460,1.0,
71,0,39,461,1.0,
72,0,37,463,1.0,
73,0,36,464,1.0,
74,0,34,466,1.0,
75,0,32,468,1.0,
76,0,30,470,1.0,
77,0,29,471,1.0,
78,0,28,472,1.0,
79,0,26,474,1.0,
80,0,25,475,1.0,
81,0,23,477,1.0,
82,0,20,480,1.0,
83,0,19,481,1.0,
84,0,18,482,1.0,
85,0,17,483,1.0,
86,0,17,483,1.0,
87,0,17,483,1.0,
88,0,15,485,1.0,
89,0,15,485,1.0,
90,0,15,485,1.0,
91,0,15,485,1.0,
92,0,15,485,1.0,
93,0,13,487,1.0,
94,0,13,487,1.0,
95,0,13,487,1.0,
96,0,12,488,1.0,
97,0,12,488,1.0,
98,0,11,489,1.0,
99,0,11,489,1.0,
100,0,11,489,1.0,
101,0,11,489,1.0,
102,0,10,490,1.0,
103,0,10,490,1.0,
104,0,10,490,1.0,
105,0,10,490,1.0,
106,0,10,490,1.0,
107,0,8,492,1.0,
108,0,8,492,1.0,
109,0,8,492,1.0,
110,0,6,494,1.0,
111,0,6,494,1.0,
112,0,6,494,1.0,
113,0,5,495,1.0,
114,0,4,496,1.0,
115,0,4,496,1.0,
116,0,3,497,1.0,
117,0,3,497,1.0,
118,0,3,497,1.0,
119,0,3,497,1.0,
120,0,3,497,1.0,
121,0,3,497,1.0,
122,0,3,497,1.0,
123,0,3,497,1.0,
124,0,3,497,1.0,
125,0,3,497,1.0,
126,0,1,499,1.0,
127,0,1,499,1.0,
128,0,1,499,1.0,
129,0,1,499,1.0,
130,0,1,499,1.0,
131,0,1,499,1.0,
132,0,1,499,1.0,
133,0,1,499,1.0,
134,0,1,499,1.0,
135,0,1,499,1.0,
136,0,1,499,1.0,
137,0,1,499,1.0,
138,0,0,500,1.0,
139,0,0,500,1.0,
140,0,0,500,1.0,
141,0,0,500,1.0,
142,0,0,500,1.0,
143,0,0,500,1.0,
144,0,0,500,1.0,
145,0,0,500,1.0,
146,0,0,500,1.0,
147,0,0,500,1.0,
148,0,0,500,1.0,
149,0,0,500,1.0,
150,0,0,500,1.0,
151,0,0,500,1.0,
152,0,0,500,1.0,
153,0,0,500,1.0,
154,0,0,500,1.0,
155,0,0,500,1.0,
156,0,0,500,1.0,
157,0,0,500,1.0,
158,0,0,500,1.0,
159,0,0,500,1.0,
160,0,0,500,1.0,
161,0,0,500,1.0,
162,0,0,500,1.0,
163,0,0,500,1.0,
164,0,0,500,1.0,
165,0,0,500,1.0,
166,0,0,500,1.0,
167,0,0,500,1.0,
168,0,0,500,1.0,
169,0,0,500,1.0,
170,0,0,500,1.0,
171,0,0,500,1.0,
172,0,0,500,1.0,
173,0,0,500,1.0,
174,0,0,500,1.0,
175,0,0,500,1.0,
176,0,0,500,1.0,
177,0,0,500,1.0,
178,0,0,500,1.0,
179,0,0,500,1.0,
180,0,0,500,1.0,
181,0,0,500,1.0,
182,0,0,500,1.0,
183,0,0,500,1.0,
184,0,0,500,1.0,
185,0,0,500,1.0,
186,0,0,500,1.0,
187,0,0,500,1.0,
188,0,0,500,1.0,
189,0,0,500,1.0,
190,0,0,500,1.0,
191,0,0,500,1.0,
192,0,0,500,1.0,
193,0,0,500,1.0,
194,0,0,500,1.0,
195,0,0,500,1.0,
196,0,0,500,1.0,
197,0,0,500,1.0,
198,0,0,500,1.0,
199,0,0,500,1.0,
200,0,0,500,1.0,
1,498,2,0,0.9973333333333333,0.9987053242077688
2,497,3,0,0.9955,0.9977765893971826
3,495,5,0,0.9933333333333333,0.9966777583255405
4,489,10,1,0.983,0.9914460970009116
5,486,12,2,0.9793333333333333,0.9894375894577183
6,478,20,2,0.9665,0.9825953519459069
7,468,28,4,0.9576666666666667,0.9775136665019608
8,455,39,6,0.9451666666666667,0.9699938575165522
9,439,53,8,0.9271666666666667,0.9586486669640083
10,422,64,14,0.9046666666666666,0.9435594478938802
11,393,92,15,0.8631666666666666,0.912712722101482
12,374,103,23,0.846,0.8968286610613977
13,348,126,26,0.8051666666666667,0.8595967031792868
14,321,151,28,0.7688333333333334,0.8195106603544551
15,284,175,41,0.7525,0.7818707322679266
16,252,198,50,0.7406666666666667,0.7426343290989962
17,228,210,62,0.744,0.7182064045849725
18,201,226,73,0.7543333333333333,0.693534285643021
19,180,239,81,0.7656666666666667,0.6742025153797337
20,154,253,93,0.7855,0.6504684483237336
21,131,266,103,0.808,0.6319670257566566
22,110,278,112,0.83,0.6119618420280996
23,95,282,123,0.8471666666666666,0.5977133394215172
24,76,294,130,0.8711666666666666,0.5748473785070497
25,60,298,142,0.8978333333333334,0.5713819341660684
26,48,292,160,0.9203333333333333,0.5805125761213671
27,33,295,172,0.9446666666666667,0.5735920235524978
28,27,289,184,0.9578333333333333,0.5987654410359724
29,23,280,197,0.9655,0.6139386088251872
30,20,268,212,0.9721666666666666,0.6401510257053735
31,17,258,225,0.9775,0.6571436406730525
32,13,252,235,0.9838333333333333,0.6759875019072343
33,11,248,241,0.9865,0.6762922847903085
34,11,238,251,0.987,0.6885866570846808
35,9,230,261,0.991,0.734100842796495
36,7,217,276,0.9941666666666666,0.7735776128633273
37,5,211,284,0.9953333333333333,0.7448051948051949
38,5,200,295,0.996,0.7816017316017316
39,5,188,307,0.9961666666666666,0.7911255411255411
40,4,183,313,0.9973333333333333,0.8133116883116882
41,4,176,320,0.9975,0.8252164502164502
42,4,170,326,0.9976666666666667,0.8365800865800866
43,4,161,335,0.998,0.8598484848484849
44,4,156,340,0.998,0.8598484848484849
45,4,149,347,0.9981666666666666,0.8712121212121212
46,4,145,351,0.9981666666666666,0.8712121212121212
47,4,138,358,0.9981666666666666,0.8712121212121212
48,3,136,361,0.9983333333333333,0.8434343434343434
49,3,132,365,0.9983333333333333,0.8434343434343434
50,3,128,369,0.9986666666666667,0.8751803751803752
51,3,122,375,0.9986666666666667,0.8751803751803752
52,2,116,382,0.9993333333333333,0.9047619047619048
53,2,109,389,0.9995,0.9285714285714286
54,2,106,392,0.9995,0.9285714285714286
55,2,103,395,0.9995,0.9285714285714286
56,2,99,399,0.9995,0.9285714285714286
57,2,93,405,0.9995,0.9285714285714286
58,2,86,412,0.9995,0.9285714285714286
59,2,85,413,0.9995,0.9285714285714286
60,2,83,415,0.9995,0.9285714285714286
61,2,82,416,0.9995,0.9285714285714286
62,1,80,419,0.9996666666666667,0.9047619047619048
63,1,76,423,0.9996666666666667,0.9047619047619048
64,1,74,425,0.9996666666666667,0.9047619047619048
65,1,69,430,0.9996666666666667,0.9047619047619048
66,1,67,432,0.9996666666666667,0.9047619047619048
67,1,63,436,1.0,1.0
68,1,62,437,1.0,1.0
69,1,61,438,1.0,1.0
70,1,59,440,1.0,1.0
71,1,54,445,1.0,1.0
72,1,54,445,1.0,1.0
73,1,52,447,1.0,1.0
74,1,48,451,1.0,1.0
75,1,47,452,1.0,1.0
76,1,44,455,1.0,1.0
77,1,43,456,1.0,1.0
78,0,42,458,1.0,
79,0,42,458,1.0,
80,0,40,460,1.0,
81,0,40,460,1.0,
82,0,38,462,1.0,
83,0,37,463,1.0,
84,0,37,463,1.0,
85,0,34,466,1.0,
86,0,33,467,1.0,
87,0,32,468,1.0,
88,0,31,469,1.0,
89,0,31,469,1.0,
90,0,31,469,1.0,
91,0,29,471,1.0,
92,0,28,472,1.0,
93,0,26,474,1.0,
94,0,26,474,1.0,
95,0,25,475,1.0,
96,0,25,475,1.0,
97,0,23,477,1.0,
98,0,23,477,1.0,
99,0,22,478,1.0,
100,0,22,478,1.0,
101,0,22,478,1.0,
102,0,22,478,1.0,
103,0,20,480,1.0,
104,0,19,481,1.0,
105,0,19,481,1.0,
106,0,16,484,1.0,
107,0,15,485,1.0,
108,0,15,485,1.0,
109,0,15,485,1.0,
110,0,14,486,1.0,
111,0,14,486,1.0,
112,0,14,486,1.0,
113,0,14,486,1.0,
114,0,14,486,1.0,
115,0,14,486,1.0,
116,0,12,488,1.0,
117,0,10,490,1.0,
118,0,10,490,1.0,
119,0,10,490,1.0,
120,0,10,490,1.0,
121,0,9,491,1.0,
122,0,9,491,1.0,
123,0,8,492,1.0,
124,0,6,494,1.0,
125,0,4,496,1.0,
126,0,4,496,1.0,
127,0,4,496,1.0,
128,0,4,496,1.0,
129,0,4,496,1.0,
130,0,4,496,1.0,
131,0,4,496,1.0,
132,0,4,496,1.0,
133,0,4,496,1.0,
134,0,3,497,1.0,
135,0,3,497,1.0,
136,0,3,497,1.0,
137,0,3,497,1.0,
138,0,3,497,1.0,
139,0,2,498,1.0,
140,0,2,498,1.0,
141,0,2,498,1.0,
142,0,2,498,1.0,
143,0,2,498,1.0,
144,0,2,498,1.0,
145,0,2,498,1.0,
146,0,2,498,1.0,
147,0,2,498,1.0,
148,0,2,498,1.0,
149,0,2,498,1.0,
150,0,2,498,1.0,
151,0,2,498,1.0,
152,0,2,498,1.0,
153,0,1,499,1.0,
154,0,1,499,1.0,
155,0,1,499,1.0,
156,0,1,499,1.0,
157,0,1,499,1.0,
158,0,1,499,1.0,
159,0,1,499,1.0,
160,0,1,499,1.0,
161,0,1,499,1.0,
162,0,1,499,1.0,
163,0,1,499,1.0,
164,0,1,499,1.0,
165,0,1,499,1.0,
166,0,1,499,1.0,
167,0,1,499,1.0,
168,0,1,499,1.0,
169,0,1,499,1.0,
170,0,1,499,1.0,
171,0,1,499,1.0,
172,0,1,499,1.0,
173,0,1,499,1.0,
174,0,1,499,1.0,
175,0,1,499,1.0,
176,0,1,499,1.0,
177,0,1,499,1.0,
178,0,1,499,1.0,
179,0,1,499,1.0,
180,0,1,499,1.0,
181,0,1,499,1.0,
182,0,1,499,1.0,
183,0,1,499,1.0,
184,0,1,499,1.0,
185,0,1,499,1.0,
186,0,1,499,1.0,
187,0,1,499,1.0,
188,0,1,499,1.0,
189,0,1,499,1.0,
190,0,1,499,1.0,
191,0,1,499,1.0,
192,0,1,499,1.0,
193,0,1,499,1.0,
194,0,1,499,1.0,
195,0,1,499,1.0,
196,0,1,499,1.0,
197,0,1,499,1.0,
198,0,1,499,1.0,
199,0,1,499,1.0,
200,0,1,499,1.0,
1,498,2,0,0.997,1.0
2,496,3,1,0.9955,0.9992279052226677
3,493,6,1,0.99,0.9964147461628833
4,490,9,1,0.984,0.9933717474651643
5,479,19,2,0.9743333333333334,0.9880888751297071
6,473,24,3,0.965,0.9830316756014649
7,464,32,4,0.9538333333333333,0.9768312871637931
8,458,35,7,0.9535,0.9762384776983135
9,446,42,12,0.9443333333333334,0.9703107136484548
10,438,48,14,0.9328333333333333,0.9630050908385845
11,419,64,17,0.8976666666666666,0.940156057447237
12,396,84,20,0.866,0.9167248999640164
13,377,99,24,0.8463333333333334,0.899536870092115
14,349,125,26,0.8113333333333334,0.866380159461509
15,317,154,29,0.7918333333333333,0.8374905201026666
16,278,187,35,0.7711666666666667,0.794970061269011
17,254,208,38,0.7661666666666667,0.7692244726105074
18,223,232,45,0.7643333333333333,0.7343534414136446
19,192,252,56,0.7698333333333334,0.698260486195725
20,163,274,63,0.775,0.652071177477553
21,137,287,76,0.8051666666666667,0.6418539225942665
22,104,311,85,0.8363333333333334,0.6015854610001637
23,87,312,101,0.8543333333333333,0.5754492402314122
24,69,313,118,0.8835,0.572148523257818
25,55,313,132,0.908,0.5762061205406588
26,43,313,144,0.9268333333333333,0.568354700597994
27,37,307,156,0.9371666666666667,0.5710860940430925
28,27,307,166,0.9556666666666667,0.5873040631605946
29,26,293,181,0.9575,0.5890400013366757
30,23,286,191,0.963,0.5984063152366245
31,17,279,204,0.9733333333333334,0.6075346339238028
32,13,267,220,0.9815,0.6448253078355903
33,9,262,229,0.988,0.6610574228394266
34,8,252,240,0.9896666666666667,0.672704582813372
35,5,244,251,0.9923333333333333,0.6149968764732572
36,5,235,260,0.993,0.6491679878633485
37,4,228,268,0.9946666666666667,0.6612348223871306
38,2,223,275,0.998,0.7473322475021424
39,1,215,284,0.9983333333333333,0.5842089650524362
40,0,212,288,1.0,
41,0,203,297,1.0,
42,0,194,306,1.0,
43,0,186,314,1.0,
44,0,178,322,1.0,
45,0,174,326,1.0,
46,0,169,331,1.0,
47,0,161,339,1.0,
48,0,158,342,1.0,
49,0,156,344,1.0,
50,0,153,347,1.0,
51,0,149,351,1.0,
52,0,144,356,1.0,
53,0,139,361,1.0,
54,0,135,365,1.0,
55,0,133,367,1.0,
56,0,126,374,1.0,
57,0,116,384,1.0,
58,0,109,391,1.0,
59,0,107,393,1.0,
60,0,103,397,1.0,
61,0,99,401,1.0,
62,0,95,405,1.0,
63,0,88,412,1.0,
64,0,82,418,1.0,
65,0,78,422,1.0,
66,0,77,423,1.0,
67,0,75,425,1.0,
68,0,72,428,1.0,
69,0,70,430,1.0,
70,0,68,432,1.0,
71,0,66,434,1.0,
72,0,63,437,1.0,
73,0,61,439,1.0,
74,0,61,439,1.0,
75,0,57,443,1.0,
76,0,55,445,1.0,
77,0,53,447,1.0,
78,0,51,449,1.0,
79,0,51,449,1.0,
80,0,46,454,1.0,
81,0,46,454,1.0,
82,0,44,456,1.0,
83,0,43,457,1.0,
84,0,39,461,1.0,
85,0,38,462,1.0,
86,0,37,463,1.0,
87,0,34,466,1.0,
88,0,32,468,1.0,
89,0,32,468,1.0,
90,0,31,469,1.0,
91,0,28,472,1.0,
92,0,27,473,1.0,
93,0,27,473,1.0,
94,0,25,475,1.0,
95,0,24,476,1.0,
96,0,23,477,1.0,
97,0,21,479,1.0,
98,0,20,480,1.0,
99,0,19,481,1.0,
100,0,18,482,1.0,
101,0,18,482,1.0,
102,0,17,483,1.0,
103,0,16,484,1.0,
104,0,16,484,1.0,
105,0,16,484,1.0,
106,0,16,484,1.0,
107,0,15,485,1.0,
108,0,15,485,1.0,
109,0,14,486,1.0,
110,0,14,486,1.0,
111,0,13,487,1.0,
112,0,13,487,1.0,
113,0,13,487,1.0,
114,0,13,487,1.0,
115,0,13,487,1.0,
116,0,12,488,1.0,
117,0,11,489,1.0,
118,0,10,490,1.0,
119,0,10,490,1.0,
120,0,10,490,1.0,
121,0,8,492,1.0,
122,0,7,493,1.0,
123,0,7,493,1.0,
124,0,7,493,1.0,
125,0,7,493,1.0,
126,0,7,493,1.0,
127,0,7,493,1.0,
128,0,7,493,1.0,
129,0,7,493,1.0,
130,0,7,493,1.0,
131,0,6,494,1.0,
132,0,5,495,1.0,
133,0,5,495,1.0,
134,0,5,495,1.0,
135,0,5,495,1.0,
136,0,5,495,1.0,
137,0,4,496,1.0,
138,0,4,496,1.0,
139,0,4,496,1.0,
140,0,4,496,1.0,
141,0,4,496,1.0,
142,0,4,496,1.0,
143,0,4,496,1.0,
144,0,4,496,1.0,
145,0,4,496,1.0,
146,0,4,496,1.0,
147,0,4,496,1.0,
148,0,4,496,1.0,
149,0,4,496,1.0,
150,0,3,497,1.0,
151,0,3,497,1.0,
152,0,2,498,1.0,
153,0,2,498,1.0,
154,0,2,498,1.0,
155,0,2,498,1.0,
156,0,2,498,1.0,
157,0,2,498,1.0,
158,0,2,498,1.0,
159,0,2,498,1.0,
160,0,2,498,1.0,
161,0,2,498,1.0,
162,0,2,498,1.0,
163,0,2,498,1.0,
164,0,2,498,1.0,
165,0,2,498,1.0,
166,0,2,498,1.0,
167,0,2,498,1.0,
168,0,2,498,1.0,
169,0,2,498,1.0,
170,0,1,499,1.0,
171,0,1,499,1.0,
172,0,1,499,1.0,
173,0,1,499,1.0,
174,0,1,499,1.0,
175,0,1,499,1.0,
176,0,1,499,1.0,
177,0,1,499,1.0,
178,0,1,499,1.0,
179,0,1,499,1.0,
180,0,0,500,1.0,
181,0,0,500,1.0,
182,0,0,500,1.0,
183,0,0,500,1.0,
184,0,0,500,1.0,
185,0,0,500,1.0,
186,0,0,500,1.0,
187,0,0,500,1.0,
188,0,0,500,1.0,
189,0,0,500,1.0,
190,0,0,500,1.0,
191,0,0,500,1.0,
192,0,0,500,1.0,
193,0,0,500,1.0,
194,0,0,500,1.0,
195,0,0,500,1.0,
196,0,0,500,1.0,
197,0,0,500,1.0,
198,0,0,500,1.0,
199,0,0,500,1.0,
200,0,0,500,1.0,
1,499,1,0,1.0,1.0
2,498,2,0,0.9998333333333334,0.9999163319946454
3,495,3,2,0.9971666666666666,0.9985674037246282
4,495,3,2,0.9971666666666666,0.9985674037246282
5,492,6,2,0.991,0.995457573320334
6,488,10,2,0.9855,0.9926016299109671
7,481,17,2,0.9743333333333334,0.9865980906281909
8,469,27,4,0.9581666666666667,0.9775408856497203
9,460,36,4,0.9413333333333334,0.9678795115652393
10,448,43,9,0.9293333333333333,0.960379888920747
11,431,58,11,0.8991666666666667,0.941378773458366
12,409,80,11,0.8605,0.9140317285416399
13,390,96,14,0.8333333333333334,0.8927659930195869
14,355,125,20,0.8001666666666667,0.858718514709877
15,329,140,31,0.7901666666666667,0.8397427800922546
16,294,167,39,0.7601666666666667,0.7946618201571578
17,258,194,48,0.75,0.7556962032400184
18,217,228,55,0.7505,0.7112186362506939
19,191,242,67,0.754,0.676180163514559
20,171,247,82,0.7741666666666667,0.6679094972509668
21,144,262,94,0.8001666666666667,0.650855270154787
22,123,276,101,0.8193333333333334,0.6309080624545452
23,110,283,107,0.831,0.6143847753768702
24,101,284,115,0.8446666666666667,0.6146916930903156
25,80,286,134,0.8761666666666666,0.6118049853729202
26,54,304,142,0.9091666666666667,0.5773241859232198
27,43,300,157,0.9286666666666666,0.5807642121949503
28,32,301,167,0.9458333333333333,0.5748110177865613
29,25,293,182,0.9603333333333334,0.6021711621711622
30,20,290,190,0.9696666666666667,0.6185679356875009
31,17,285,198,0.975,0.6289500141801933
32,17,269,214,0.9766666666666667,0.6534539629168785
33,15,257,228,0.9805,0.6721307677829418
34,13,250,237,0.9841666666666666,0.6977256299998775
35,11,241,248,0.987,0.7088074968509751
36,11,227,262,0.9878333333333333,0.7274084611041133
37,10,220,270,0.99,0.7535355948399427
38,10,213,277,0.99,0.7535355948399427
39,8,205,287,0.992,0.7561215957955089
40,6,204,290,0.994,0.7576047141264532
41,5,199,296,0.9951666666666666,0.769083452779105
42,4,190,306,0.9958333333333333,0.7535783962414397
43,4,184,312,0.9958333333333333,0.7535783962414397
44,4,176,320,0.9961666666666666,0.7744117295747731
45,4,172,324,0.9961666666666666,0.7744117295747731
46,2,168,330,0.9976666666666667,0.7267080745341614
47,1,166,333,0.9986666666666667,0.7142857142857143
48,1,160,339,0.9986666666666667,0.7142857142857143
49,1,154,345,0.9986666666666667,0.7142857142857143
50,1,147,352,0.9986666666666667,0.7142857142857143
51,0,144,356,1.0,
52,0,138,362,1.0,
53,0,135,365,1.0,
54,0,133,367,1.0,
55,0,126,374,1.0,
56,0,122,378,1.0,
57,0,119,381,1.0,
58,0,112,388,1.0,
59,0,108,392,1.0,
60,0,104,396,1.0,
61,0,101,399,1.0,
62,0,97,403,1.0,
63,0,92,408,1.0,
64,0,89,411,1.0,
65,0,85,415,1.0,
66,0,82,418,1.0,
67,0,80,420,1.0,
68,0,78,422,1.0,
69,0,74,426,1.0,
70,0,74,426,1.0,
71,0,74,426,1.0,
72,0,73,427,1.0,
73,0,70,430,1.0,
74,0,67,433,1.0,
75,0,66,434,1.0,
76,0,64,436,1.0,
77,0,61,439,1.0,
78,0,60,440,1.0,
79,0,58,442,1.0,
80,0,57,443,1.0,
81,0,56,444,1.0,
82,0,55,445,1.0,
83,0,54,446,1.0,
84,0,54,446,1.0,
85,0,54,446,1.0,
86,0,52,448,1.0,
87,0,50,450,1.0,
88,0,49,451,1.0,
89,0,46,454,1.0,
90,0,44,456,1.0,
91,0,43,457,1.0,
92,0,43,457,1.0,
93,0,41,459,1.0,
94,0,41,459,1.0,
95,0,40,460,1.0,
96,0,40,460,1.0,
97,0,36,464,1.0,
98,0,35,465,1.0,
99,0,34,466,1.0,
100,0,31,469,1.0,
101,0,31,469,1.0,
102,0,30,470,1.0,
103,0,30,470,1.0,
104,0,30,470,1.0,
105,0,27,473,1.0,
106,0,25,475,1.0,
107,0,24,476,1.0,
108,0,24,476,1.0,
109,0,22,478,1.0,
110,0,21,479,1.0,
111,0,19,481,1.0,
112,0,19,481,1.0,
113,0,19,481,1.0,
114,0,18,482,1.0,
115,0,17,483,1.0,
116,0,17,483,1.0,
117,0,17,483,1.0,
118,0,17,483,1.0,
119,0,14,486,1.0,
120,0,13,487,1.0,
121,0,12,488,1.0,
122,0,11,489,1.0,
123,0,10,490,1.0,
124,0,10,490,1.0,
125,0,10,490,1.0,
126,0,10,490,1.0,
127,0,8,492,1.0,
128,0,8,492,1.0,
129,0,7,493,1.0,
130,0,7,493,1.0,
131,0,5,495,1.0,
132,0,5,495,1.0,
133,0,5,495,1.0,
134,0,5,495,1.0,
135,0,5,495,1.0,
136,0,5,495,1.0,
137,0,5,495,1.0,
138,0,5,495,1.0,
139,0,5,495,1.0,
140,0,5,495,1.0,
141,0,4,496,1.0,
142,0,2,498,1.0,
143,0,2,498,1.0,
144,0,2,498,1.0,
145,0,1,499,1.0,
146,0,1,499,1.0,
147,0,1,499,1.0,
148,0,1,499,1.0,
149,0,1,499,1.0,
150,0,1,499,1.0,
151,0,1,499,1.0,
152,0,1,499,1.0,
153,0,1,499,1.0,
154,0,1,499,1.0,
155,0,1,499,1.0,
156,0,0,500,1.0,
157,0,0,500,1.0,
158,0,0,500,1.0,
159,0,0,500,1.0,
160,0,0,500,1.0,
161,0,0,500,1.0,
162,0,0,500,1.0,
163,0,0,500,1.0,
164,0,0,500,1.0,
165,0,0,500,1.0,
166,0,0,500,1.0,
167,0,0,500,1.0,
168,0,0,500,1.0,
169,0,0,500,1.0,
170,0,0,500,1.0,
171,0,0,500,1.0,
172,0,0,500,1.0,
173,0,0,500,1.0,
174,0,0,500,1.0,
175,0,0,500,1.0,
176,0,0,500,1.0,
177,0,0,500,1.0,
178,0,0,500,1.0,
179,0,0,500,1.0,
180,0,0,500,1.0,
181,0,0,500,1.0,
182,0,0,500,1.0,
183,0,0,500,1.0,
184,0,0,500,1.0,
185,0,0,500,1.0,
186,0,0,500,1.0,
187,0,0,500,1.0,
188,0,0,500,1.0,
189,0,0,500,1.0,
190,0,0,500,1.0,
191,0,0,500,1.0,
192,0,0,500,1.0,
193,0,0,500,1.0,
194,0,0,500,1.0,
195,0,0,500,1.0,
196,0,0,500,1.0,
197,0,0,500,1.0,
198,0,0,500,1.0,
199,0,0,500,1.0,
200,0,0,500,1.0,
1,496,3,1,0.9958333333333333,0.9978566078031366
2,495,3,2,0.997,0.9984604277292024
3,492,6,2,0.9918333333333333,0.9958442486875678
4,489,8,3,0.989,0.9943197398612176
5,483,14,3,0.9818333333333333,0.9904714542782775
6,479,16,5,0.9803333333333333,0.9895857134874109
7,473,20,7,0.9738333333333333,0.9860498337237926
8,460,33,7,0.948,0.9716162483284413
9,446,46,8,0.9288333333333333,0.95992943429627
10,435,56,9,0.91,0.9481299649875362
11,415,72,13,0.8898333333333334,0.9334469973888518
12,391,91,18,0.8663333333333333,0.914388640939789
13,364,114,22,0.8246666666666667,0.8794009926068227
14,329,142,29,0.7875,0.8380120563269347
15,298,170,32,0.7601666666666667,0.7981760420480415
16,270,193,37,0.7426666666666667,0.7603343383614592
17,237,216,47,0.7371666666666666,0.7206690874981097
18,207,232,61,0.7561666666666667,0.7031615853165948
19,175,247,78,0.7753333333333333,0.6761587290556234
20,157,254,89,0.7958333333333333,0.6717271281187095
21,137,259,104,0.8161666666666667,0.6602074401614231
22,116,267,117,0.8368333333333333,0.644956131172398
23,100,271,129,0.8561666666666666,0.636181043594087
24,83,273,144,0.8796666666666667,0.6349042785396897
25,71,276,153,0.8953333333333333,0.628530830263837
26,60,279,161,0.9096666666666666,0.6202248415835373
27,50,279,171,0.9246666666666666,0.6222240353849049
28,43,272,185,0.9381666666666667,0.6368191633105688
29,34,270,196,0.951,0.6350177039499291
30,29,261,210,0.9601666666666666,0.649746260735766
31,27,253,220,0.9635,0.6545991367730499
32,23,246,231,0.9693333333333334,0.6585682370559498
33,21,230,249,0.9748333333333333,0.692148100346858
34,16,227,257,0.9826666666666667,0.720896268586486
35,12,220,268,0.987,0.7208254909341866
36,7,211,282,0.9923333333333333,0.717955553763007
37,7,201,292,0.9928333333333333,0.7361157269231803
38,6,193,301,0.9938333333333333,0.7356132756132756
39,5,189,306,0.9953333333333333,0.7577359307359307
40,5,179,316,0.9953333333333333,0.7577359307359307
41,5,172,323,0.9955,0.7672597402597402
42,5,166,329,0.9956666666666667,0.7752597402597402
43,4,162,334,0.9965,0.7785984848484848
44,3,157,340,0.9975,0.7944444444444446
45,3,152,345,0.9975,0.7944444444444446
46,3,149,348,0.9975,0.7944444444444446
47,2,143,355,0.9981666666666666,0.775
48,2,136,362,0.9983333333333333,0.7958333333333334
49,2,131,367,0.9983333333333333,0.7958333333333334
50,2,124,374,0.9986666666666667,0.8375
51,2,121,377,0.9986666666666667,0.8375
52,2,119,379,0.9986666666666667,0.8375
53,2,117,381,0.9986666666666667,0.8375
54,2,110,388,0.9986666666666667,0.8375
55,2,109,389,0.9988333333333334,0.8574999999999999
56,2,107,391,0.9988333333333334,0.8574999999999999
57,2,104,394,0.9988333333333334,0.8574999999999999
58,2,99,399,0.999,0.8775
59,2,94,404,0.9991666666666666,0.8975
60,2,93,405,0.9991666666666666,0.8975
61,2,91,407,0.9991666666666666,0.8975
62,2,91,407,0.9991666666666666,0.8975
63,2,91,407,0.9991666666666666,0.8975
64,1,88,411,0.9996666666666667,0.92
65,1,85,414,0.9996666666666667,0.92
66,1,84,415,0.9996666666666667,0.92
67,1,78,421,0.9996666666666667,0.92
68,1,77,422,0.9996666666666667,0.92
69,1,73,426,0.9996666666666667,0.92
70,1,72,427,0.9996666666666667,0.92
71,1,68,431,0.9996666666666667,0.92
72,1,64,435,0.9996666666666667,0.92
73,1,63,436,0.9996666666666667,0.92
74,1,61,438,0.9996666666666667,0.92
75,1,61,438,0.9996666666666667,0.92
76,1,61,438,0.9996666666666667,0.92
77,1,55,444,0.9998333333333334,0.96
78,1,54,445,0.9998333333333334,0.96
79,1,48,451,0.9998333333333334,0.96
80,1,47,452,0.9998333333333334,0.96
81,1,45,454,0.9998333333333334,0.96
82,1,42,457,0.9998333333333334,0.96
83,1,40,459,0.9998333333333334,0.96
84,1,40,459,0.9998333333333334,0.96
85,1,39,460,0.9998333333333334,0.96
86,1,37,462,0.9998333333333334,0.96
87,1,33,466,0.9998333333333334,0.96
88,1,33,466,0.9998333333333334,0.96
89,1,31,468,1.0,1.0
90,1,29,470,1.0,1.0
91,1,29,470,1.0,1.0
92,1,29,470,1.0,1.0
93,1,29,470,1.0,1.0
94,1,28,471,1.0,1.0
95,1,27,472,1.0,1.0
96,1,26,473,1.0,1.0
97,1,24,475,1.0,1.0
98,1,23,476,1.0,1.0
99,1,21,478,1.0,1.0
100,1,21,478,1.0,1.0
101,1,21,478,1.0,1.0
102,1,20,479,1.0,1.0
103,1,19,480,1.0,1.0
104,1,19,480,1.0,1.0
105,1,19,480,1.0,1.0
106,1,17,482,1.0,1.0
107,1,17,482,1.0,1.0
108,1,17,482,1.0,1.0
109,1,17,482,1.0,1.0
110,1,17,482,1.0,1.0
111,1,15,484,1.0,1.0
112,1,14,485,1.0,1.0
113,1,14,485,1.0,1.0
114,1,14,485,1.0,1.0
115,1,14,485,1.0,1.0
116,1,12,487,1.0,1.0
117,1,12,487,1.0,1.0
118,1,12,487,1.0,1.0
119,1,12,487,1.0,1.0
120,1,10,489,1.0,1.0
121,1,10,489,1.0,1.0
122,1,10,489,1.0,1.0
123,1,10,489,1.0,1.0
124,1,9,490,1.0,1.0
125,1,9,490,1.0,1.0
126,1,8,491,1.0,1.0
127,1,8,491,1.0,1.0
128,1,8,491,1.0,1.0
129,1,8,491,1.0,1.0
130,1,8,491,1.0,1.0
131,1,8,491,1.0,1.0
132,1,8,491,1.0,1.0
133,1,8,491,1.0,1.0
134,1,7,492,1.0,1.0
135,1,7,492,1.0,1.0
136,1,7,492,1.0,1.0
137,1,7,492,1.0,1.0
138,1,7,492,1.0,1.0
139,1,7,492,1.0,1.0
140,1,7,492,1.0,1.0
141,1,6,493,1.0,1.0
142,1,6,493,1.0,1.0
143,1,6,493,1.0,1.0
144,1,6,493,1.0,1.0
145,1,6,493,1.0,1.0
146,0,6,494,1.0,
147,0,6,494,1.0,
148,0,6,494,1.0,
149,0,6,494,1.0,
150,0,6,494,1.0,
151,0,5,495,1.0,
152,0,5,495,1.0,
153,0,5,495,1.0,
154,0,5,495,1.0,
155,0,4,496,1.0,
156,0,4,496,1.0,
157,0,4,496,1.0,
158,0,4,496,1.0,
159,0,4,496,1.0,
160,0,4,496,1.0,
161,0,4,496,1.0,
162,0,3,497,1.0,
163,0,3,497,1.0,
164,0,3,497,1.0,
165,0,3,497,1.0,
166,0,2,498,1.0,
167,0,2,498,1.0,
168,0,2,498,1.0,
169,0,2,498,1.0,
170,0,2,498,1.0,
171,0,2,498,1.0,
172,0,2,498,1.0,
173,0,2,498,1.0,
174,0,2,498,1.0,
175,0,2,498,1.0,
176,0,2,498,1.0,
177,0,2,498,1.0,
178,0,2,498,1.0,
179,0,2,498,1.0,
180,0,2,498,1.0,
181,0,1,499,1.0,
182,0,1,499,1.0,
183,0,1,499,1.0,
184,0,1,499,1.0,
185,0,1,499,1.0,
186,0,1,499,1.0,
187,0,1,499,1.0,
188,0,1,499,1.0,
189,0,1,499,1.0,
190,0,1,499,1.0,
191,0,1,499,1.0,
192,0,1,499,1.0,
193,0,1,499,1.0,
194,0,1,499,1.0,
195,0,1,499,1.0,
196,0,1,499,1.0,
197,0,1,499,1.0,
198,0,1,499,1.0,
199,0,1,499,1.0,
200,0,1,499,1.0,
1,498,2,0,0.9978333333333333,0.9999280667665619
2,497,2,1,0.998,1.0
3,497,2,1,0.998,1.0
4,496,3,1,0.9951666666666666,0.9985509733576233
5,495,4,1,0.994,0.9979400613984948
6,494,5,1,0.9923333333333333,0.9971000819483472
7,489,10,1,0.984,0.9928426643251915
8,485,14,1,0.9796666666666667,0.990543929224639
9,482,16,2,0.9788333333333333,0.9900925460157953
10,478,19,3,0.9746666666666667,0.9878146450820633
11,472,24,4,0.9668333333333333,0.9835742733864379
12,460,33,7,0.9528333333333333,0.9754447964850648
13,446,46,8,0.9301666666666667,0.9619243560359642
14,433,56,11,0.9158333333333334,0.952626820910979
15,410,79,11,0.8758333333333334,0.925561326187147
16,375,111,14,0.8258333333333333,0.8850377061078998
17,347,133,20,0.7993333333333333,0.8563772105447565
18,324,148,28,0.7966666666666666,0.8441641276749241
19,284,182,34,0.769,0.7977487797875707
20,253,205,42,0.7525,0.7557153535394029
21,216,229,55,0.7626666666666667,0.7254572266927695
22,183,249,68,0.7703333333333333,0.686799379916448
23,161,253,86,0.7956666666666666,0.683752138334255
24,138,264,98,0.8121666666666667,0.6609628860517046
25,112,286,102,0.831,0.6228215897607466
26,88,302,110,0.8585,0.5975690446531551
27,69,310,121,0.8823333333333333,0.574242937204395
28,58,305,137,0.9051666666666667,0.5917545994675518
29,45,304,151,0.9275,0.5990965273778791
30,32,304,164,0.9455,0.5721881152420757
31,28,293,179,0.9546666666666667,0.59373610921885
32,21,289,190,0.9656666666666667,0.5890234457273053
33,20,278,202,0.9698333333333333,0.6200488209772123
34,13,275,212,0.9806666666666667,0.6251856143000941
35,11,271,218,0.9843333333333333,0.6428706303281413
36,10,262,228,0.9865,0.66185312222431
37,10,249,241,0.987,0.674759415490782
38,8,240,252,0.99,0.6911217737291515
39,7,232,261,0.9915,0.6954403442617761
40,7,218,275,0.9921666666666666,0.7191005630641986
41,7,207,286,0.9925,0.7318180719761552
42,5,196,299,0.995,0.7508147693908976
43,5,188,307,0.9951666666666666,0.7585148405987866
44,4,176,320,0.9966666666666667,0.7857724839734327
45,4,166,330,0.9968333333333333,0.7971475891669051
46,4,153,343,0.9973333333333333,0.8297891953742605
47,4,149,347,0.9973333333333333,0.8297891953742605
48,4,142,354,0.9973333333333333,0.8297891953742605
49,4,136,360,0.9973333333333333,0.8297891953742605
50,4,134,362,0.9973333333333333,0.8297891953742605
51,4,128,368,0.9975,0.8397992879445163
52,4,120,376,0.9976666666666667,0.850679823346968
53,1,119,380,0.9995,0.8704428321961488
54,1,115,384,0.9995,0.8704428321961488
55,1,112,387,0.9995,0.8704428321961488
56,1,108,391,0.9995,0.8704428321961488
57,1,105,394,0.9995,0.8704428321961488
58,1,99,400,0.9995,0.8704428321961488
59,1,94,405,0.9996666666666667,0.9139649738059562
60,1,88,411,0.9996666666666667,0.9139649738059562
61,1,85,414,0.9996666666666667,0.9139649738059562
62,1,81,418,0.9996666666666667,0.9139649738059562
63,1,80,419,0.9996666666666667,0.9139649738059562
64,1,76,423,0.9996666666666667,0.9139649738059562
65,1,76,423,0.9996666666666667,0.9139649738059562
66,0,73,427,1.0,
67,0,68,432,1.0,
68,0,66,434,1.0,
69,0,59,441,1.0,
70,0,58,442,1.0,
71,0,55,445,1.0,
72,0,53,447,1.0,
73,0,51,449,1.0,
74,0,48,452,1.0,
75,0,46,454,1.0,
76,0,45,455,1.0,
77,0,43,457,1.0,
78,0,37,463,1.0,
79,0,36,464,1.0,
80,0,35,465,1.0,
81,0,35,465,1.0,
82,0,35,465,1.0,
83,0,34,466,1.0,
84,0,32,468,1.0,
85,0,30,470,1.0,
86,0,28,472,1.0,
87,0,27,473,1.0,
88,0,25,475,1.0,
89,0,23,477,1.0,
90,0,22,478,1.0,
91,0,22,478,1.0,
92,0,22,478,1.0,
93,0,21,479,1.0,
94,0,19,481,1.0,
95,0,18,482,1.0,
96,0,17,483,1.0,
97,0,15,485,1.0,
98,0,14,486,1.0,
99,0,14,486,1.0,
100,0,14,486,1.0,
101,0,13,487,1.0,
102,0,13,487,1.0,
103,0,13,487,1.0,
104,0,12,488,1.0,
105,0,11,489,1.0,
106,0,11,489,1.0,
107,0,11,489,1.0,
108,0,9,491,1.0,
109,0,9,491,1.0,
110,0,8,492,1.0,
111,0,8,492,1.0,
112,0,8,492,1.0,
113,0,8,492,1.0,
114,0,8,492,1.0,
115,0,8,492,1.0,
116,0,8,492,1.0,
117,0,7,493,1.0,
118,0,7,493,1.0,
119,0,7,493,1.0,
120,0,6,494,1.0,
121,0,6,494,1.0,
122,0,6,494,1.0,
123,0,6,494,1.0,
124,0,6,494,1.0,
125,0,5,495,1.0,
126,0,5,495,1.0,
127,0,5,495,1.0,
128,0,5,495,1.0,
129,0,5,495,1.0,
130,0,5,495,1.0,
131,0,4,496,1.0,
132,0,4,496,1.0,
133,0,4,496,1.0,
134,0,4,496,1.0,
135,0,4,496,1.0,
136,0,3,497,1.0,
137,0,3,497,1.0,
138,0,3,497,1.0,
139,0,3,497,1.0,
140,0,3,497,1.0,
141,0,3,497,1.0,
142,0,3,497,1.0,
143,0,3,497,1.0,
144,0,3,497,1.0,
145,0,3,497,1.0,
146,0,3,497,1.0,
147,0,3,497,1.0,
148,0,3,497,1.0,
149,0,3,497,1.0,
150,0,2,498,1.0,
151,0,2,498,1.0,
152,0,2,498,1.0,
153,0,1,499,1.0,
154,0,1,499,1.0,
155,0,1,499,1.0,
156,0,1,499,1.0,
157,0,1,499,1.0,
158,0,1,499,1.0,
159,0,0,500,1.0,
160,0,0,500,1.0,
161,0,0,500,1.0,
162,0,0,500,1.0,
163,0,0,500,1.0,
164,0,0,500,1.0,
165,0,0,500,1.0,
166,0,0,500,1.0,
167,0,0,500,1.0,
168,0,0,500,1.0,
169,0,0,500,1.0,
170,0,0,500,1.0,
171,0,0,500,1.0,
172,0,0,500,1.0,
173,0,0,500,1.0,
174,0,0,500,1.0,
175,0,0,500,1.0,
176,0,0,500,1.0,
177,0,0,500,1.0,
178,0,0,500,1.0,
179,0,0,500,1.0,
180,0,0,500,1.0,
181,0,0,500,1.0,
182,0,0,500,1.0,
183,0,0,500,1.0,
184,0,0,500,1.0,
185,0,0,500,1.0,
186,0,0,500,1.0,
187,0,0,500,1.0,
188,0,0,500,1.0,
189,0,0,500,1.0,
190,0,0,500,1.0,
191,0,0,500,1.0,
192,0,0,500,1.0,
193,0,0,500,1.0,
194,0,0,500,1.0,
195,0,0,500,1.0,
196,0,0,500,1.0,
197,0,0,500,1.0,
198,0,0,500,1.0,
199,0,0,500,1.0,
200,0,0,500,1.0,
1,495,4,1,0.9943333333333333,1.0
2,491,7,2,0.9895,0.9975457936421875
3,486,12,2,0.9815,0.993467579083321
4,481,17,2,0.9751666666666666,0.990046047517611
5,475,23,2,0.9663333333333334,0.9852241798002259
6,463,34,3,0.9606666666666667,0.9815187449306388
7,452,41,7,0.9466666666666667,0.9732645222131627
8,440,50,10,0.9358333333333333,0.9663454510806853
9,428,61,11,0.9178333333333333,0.954751731155932
10,408,78,14,0.8913333333333333,0.936243403585711
11,389,90,21,0.8768333333333334,0.9235904617319548
12,372,103,25,0.8528333333333333,0.903831861099575
13,344,127,29,0.8195,0.8713075459901144
14,309,158,33,0.7938333333333333,0.8355891751012237
15,281,177,42,0.7738333333333334,0.8014239195944867
16,240,209,51,0.7746666666666666,0.7676951361580641
17,217,215,68,0.7873333333333333,0.7564658989678398
18,198,226,76,0.7945,0.742347341423882
19,175,236,89,0.7965,0.7112387133702339
20,154,251,95,0.8038333333333333,0.6842007253492104
21,126,267,107,0.8233333333333334,0.6518984606979461
22,107,273,120,0.843,0.6345629899658778
23,89,285,126,0.8581666666666666,0.60237165593095
24,77,284,139,0.8766666666666667,0.5996159722416888
25,63,290,147,0.8973333333333333,0.592961557823969
26,48,288,164,0.9246666666666666,0.6069699778578748
27,39,281,180,0.9383333333333334,0.6059954323028486
28,32,282,186,0.9488333333333333,0.6031887185230309
29,25,280,195,0.9606666666666667,0.6058650119265049
30,20,271,209,0.9678333333333333,0.5974570317939117
31,15,268,217,0.977,0.612038167248006
32,14,261,225,0.9791666666666666,0.6219021277909211
33,13,254,233,0.9811666666666666,0.6287428970956696
34,10,243,247,0.9861666666666666,0.6487254098791034
35,9,240,251,0.9875,0.6463205137513917
36,9,227,264,0.9876666666666667,0.6511650989367829
37,9,211,280,0.989,0.688811929995623
38,7,207,286,0.9915,0.6930223149385629
39,6,204,290,0.9925,0.6869709876251743
40,5,196,299,0.9943333333333333,0.713839937897024
41,4,190,306,0.9956666666666667,0.7218189696973635
42,4,180,316,0.9956666666666667,0.7218189696973635
43,4,175,321,0.9958333333333333,0.7332147553039086
44,4,164,332,0.9966666666666667,0.7892027454578048
45,3,154,343,0.9985,0.8680615818550977
46,1,149,350,0.9995,0.8660797060974377
47,1,142,357,0.9995,0.8660797060974377
48,1,137,362,0.9995,0.8660797060974377
49,1,131,368,0.9996666666666667,0.9116628485236186
50,1,122,377,0.9996666666666667,0.9116628485236186
51,1,120,379,0.9998333333333334,0.9572459909497996
52,1,119,380,0.9998333333333334,0.9572459909497996
53,1,114,385,0.9998333333333334,0.9572459909497996
54,0,110,390,1.0,
55,0,105,395,1.0,
56,0,102,398,1.0,
57,0,96,404,1.0,
58,0,91,409,1.0,
59,0,89,411,1.0,
60,0,86,414,1.0,
61,0,81,419,1.0,
62,0,79,421,1.0,
63,0,79,421,1.0,
64,0,77,423,1.0,
65,0,74,426,1.0,
66,0,70,430,1.0,
67,0,66,434,1.0,
68,0,64,436,1.0,
69,0,62,438,1.0,
70,0,60,440,1.0,
71,0,56,444,1.0,
72,0,53,447,1.0,
73,0,51,449,1.0,
74,0,47,453,1.0,
75,0,46,454,1.0,
76,0,44,456,1.0,
77,0,42,458,1.0,
78,0,42,458,1.0,
79,0,41,459,1.0,
80,0,38,462,1.0,
81,0,36,464,1.0,
82,0,36,464,1.0,
83,0,35,465,1.0,
84,0,35,465,1.0,
85,0,35,465,1.0,
86,0,33,467,1.0,
87,0,32,468,1.0,
88,0,30,470,1.0,
89,0,30,470,1.0,
90,0,28,472,1.0,
91,0,25,475,1.0,
92,0,25,475,1.0,
93,0,25,475,1.0,
94,0,23,477,1.0,
95,0,23,477,1.0,
96,0,22,478,1.0,
97,0,20,480,1.0,
98,0,19,481,1.0,
99,0,17,483,1.0,
100,0,17,483,1.0,
101,0,16,484,1.0,
102,0,16,484,1.0,
103,0,15,485,1.0,
104,0,15,485,1.0,
105,0,14,486,1.0,
106,0,14,486,1.0,
107,0,13,487,1.0,
108,0,10,490,1.0,
109,0,10,490,1.0,
110,0,8,492,1.0,
111,0,8,492,1.0,
112,0,8,492,1.0,
113,0,7,493,1.0,
114,0,7,493,1.0,
115,0,7,493,1.0,
116,0,7,493,1.0,
117,0,7,493,1.0,
118,0,7,493,1.0,
119,0,7,493,1.0,
120,0,6,494,1.0,
121,0,6,494,1.0,
122,0,6,494,1.0,
123,0,6,494,1.0,
124,0,6,494,1.0,
125,0,3,497,1.0,
126,0,3,497,1.0,
127,0,3,497,1.0,
128,0,2,498,1.0,
129,0,2,498,1.0,
130,0,2,498,1.0,
131,0,2,498,1.0,
132,0,2,498,1.0,
133,0,2,498,1.0,
134,0,2,498,1.0,
135,0,2,498,1.0,
136,0,2,498,1.0,
137,0,1,499,1.0,
138,0,1,499,1.0,
139,0,1,499,1.0,
140,0,1,499,1.0,
141,0,1,499,1.0,
142,0,1,499,1.0,
143,0,1,499,1.0,
144,0,1,499,1.0,
145,0,1,499,1.0,
146,0,1,499,1.0,
147,0,1,499,1.0,
148,0,1,499,1.0,
149,0,1,499,1.0,
150,0,1,499,1.0,
151,0,1,499,1.0,
152,0,1,499,1.0,
153,0,1,499,1.0,
154,0,0,500,1.0,
155,0,0,500,1.0,
156,0,0,500,1.0,
157,0,0,500,1.0,
158,0,0,500,1.0,
159,0,0,500,1.0,
160,0,0,500,1.0,
161,0,0,500,1.0,
162,0,0,500,1.0,
163,0,0,500,1.0,
164,0,0,500,1.0,
165,0,0,500,1.0,
166,0,0,500,1.0,
167,0,0,500,1.0,
168,0,0,500,1.0,
169,0,0,500,1.0,
170,0,0,500,1.0,
171,0,0,500,1.0,
172,0,0,500,1.0,
173,0,0,500,1.0,
174,0,0,500,1.0,
175,0,0,500,1.0,
176,0,0,500,1.0,
177,0,0,500,1.0,
178,0,0,500,1.0,
179,0,0,500,1.0,
180,0,0,500,1.0,
181,0,0,500,1.0,
182,0,0,500,1.0,
183,0,0,500,1.0,
184,0,0,500,1.0,
185,0,0,500,1.0,
186,0,0,500,1.0,
187,0,0,500,1.0,
188,0,0,500,1.0,
189,0,0,500,1.0,
190,0,0,500,1.0,
191,0,0,500,1.0,
192,0,0,500,1.0,
193,0,0,500,1.0,
194,0,0,500,1.0,
195,0,0,500,1.0,
196,0,0,500,1.0,
197,0,0,500,1.0,
198,0,0,500,1.0,
199,0,0,500,1.0,
200,0,0,500,1.0,
1,496,4,0,0.9933333333333333,0.9995417484475309
2,494,4,2,0.9943333333333333,1.0
3,491,6,3,0.9923333333333333,0.9989659720876738
4,485,12,3,0.9825,0.9937450378386374
5,477,20,3,0.9725,0.9883606297555763
6,459,38,3,0.9415,0.970865053396754
7,440,54,6,0.9208333333333333,0.9577589803065765
8,424,68,8,0.8946666666666667,0.9406310356937606
9,403,88,9,0.8623333333333333,0.917443153978618
10,380,105,15,0.8323333333333334,0.8924337137858351
11,355,126,19,0.8063333333333333,0.8664707504393513
12,330,145,25,0.7895,0.8431073871318223
13,297,171,32,0.772,0.8100600053252305
14,270,189,41,0.7641666666666667,0.7834936479693423
15,247,204,49,0.7683333333333333,0.7667990557758211
16,213,230,57,0.7626666666666667,0.7222392788049529
17,181,253,66,0.778,0.6933081957251082
18,145,276,79,0.7986666666666666,0.6521210379049337
19,122,288,90,0.8221666666666667,0.6337546047042735
20,99,292,109,0.8501666666666666,0.620165522473787
21,87,296,117,0.8638333333333333,0.605626816723592
22,69,298,133,0.888,0.5900610285531258
23,58,294,148,0.9053333333333333,0.5876691492374008
24,52,295,153,0.9148333333333334,0.5869181570438636
25,41,293,166,0.9325,0.5861297705493221
26,30,294,176,0.9496666666666667,0.5806882266919481
27,21,296,183,0.9643333333333334,0.5716363974493139
28,15,289,196,0.9751666666666666,0.5886466727837069
29,11,285,204,0.9818333333333333,0.5895417127550715
30,8,281,211,0.986,0.5606980512248377
31,6,270,224,0.9903333333333333,0.5879500486112959
32,5,255,240,0.9923333333333333,0.5950351550111377
33,4,246,250,0.9941666666666666,0.6179357335494973
34,2,237,261,0.9973333333333333,0.6451472035400831
35,2,231,267,0.9973333333333333,0.6451472035400831
36,2,225,273,0.9973333333333333,0.6451472035400831
37,1,215,284,0.9988333333333334,0.6976707085901974
38,0,208,292,1.0,
39,0,198,302,1.0,
40,0,195,305,1.0,
41,0,183,317,1.0,
42,0,173,327,1.0,
43,0,166,334,1.0,
44,0,164,336,1.0,
45,0,159,341,1.0,
46,0,148,352,1.0,
47,0,141,359,1.0,
48,0,130,370,1.0,
49,0,127,373,1.0,
50,0,121,379,1.0,
51,0,114,386,1.0,
52,0,107,393,1.0,
53,0,102,398,1.0,
54,0,100,400,1.0,
55,0,100,400,1.0,
56,0,96,404,1.0,
57,0,94,406,1.0,
58,0,87,413,1.0,
59,0,84,416,1.0,
60,0,80,420,1.0,
61,0,76,424,1.0,
62,0,71,429,1.0,
63,0,69,431,1.0,
64,0,66,434,1.0,
65,0,64,436,1.0,
66,0,59,441,1.0,
67,0,54,446,1.0,
68,0,52,448,1.0,
69,0,51,449,1.0,
70,0,50,450,1.0,
71,0,49,451,1.0,
72,0,48,452,1.0,
73,0,47,453,1.0,
74,0,46,454,1.0,
75,0,45,455,1.0,
76,0,43,457,1.0,
77,0,40,460,1.0,
78,0,40,460,1.0,
79,0,39,461,1.0,
80,0,35,465,1.0,
81,0,35,465,1.0,
82,0,34,466,1.0,
83,0,30,470,1.0,
84,0,29,471,1.0,
85,0,29,471,1.0,
86,0,29,471,1.0,
87,0,28,472,1.0,
88,0,28,472,1.0,
89,0,28,472,1.0,
90,0,28,472,1.0,
91,0,26,474,1.0,
92,0,26,474,1.0,
93,0,25,475,1.0,
94,0,25,475,1.0,
95,0,22,478,1.0,
96,0,22,478,1.0,
97,0,20,480,1.0,
98,0,19,481,1.0,
99,0,17,483,1.0,
100,0,17,483,1.0,
101,0,17,483,1.0,
102,0,17,483,1.0,
103,0,17,483,1.0,
104,0,16,484,1.0,
105,0,15,485,1.0,
106,0,14,486,1.0,
107,0,13,487,1.0,
108,0,13,487,1.0,
109,0,11,489,1.0,
110,0,11,489,1.0,
111,0,11,489,1.0,
112,0,10,490,1.0,
113,0,10,490,1.0,
114,0,9,491,1.0,
115,0,9,491,1.0,
116,0,9,491,1.0,
117,0,9,491,1.0,
118,0,9,491,1.0,
119,0,9,491,1.0,
120,0,9,491,1.0,
121,0,8,492,1.0,
122,0,8,492,1.0,
123,0,8,492,1.0,
124,0,8,492,1.0,
125,0,8,492,1.0,
126,0,8,492,1.0,
127,0,8,492,1.0,
128,0,7,493,1.0,
129,0,6,494,1.0,
130,0,6,494,1.0,
131,0,6,494,1.0,
132,0,5,495,1.0,
133,0,5,495,1.0,
134,0,5,495,1.0,
135,0,5,495,1.0,
136,0,5,495,1.0,
137,0,5,495,1.0,
138,0,5,495,1.0,
139,0,5,495,1.0,
140,0,5,495,1.0,
141,0,5,495,1.0,
142,0,5,495,1.0,
143,0,5,495,1.0,
144,0,5,495,1.0,
145,0,5,495,1.0,
146,0,5,495,1.0,
147,0,5,495,1.0,
148,0,4,496,1.0,
149,0,4,496,1.0,
150,0,4,496,1.0,
151,0,4,496,1.0,
152,0,4,496,1.0,
153,0,4,496,1.0,
154,0,3,497,1.0,
155,0,3,497,1.0,
156,0,3,497,1.0,
157,0,3,497,1.0,
158,0,3,497,1.0,
159,0,2,498,1.0,
160,0,2,498,1.0,
161,0,2,498,1.0,
162,0,2,498,1.0,
163,0,2,498,1.0,
164,0,2,498,1.0,
165,0,2,498,1.0,
166,0,2,498,1.0,
167,0,1,499,1.0,
168,0,1,499,1.0,
169,0,1,499,1.0,
170,0,1,499,1.0,
171,0,1,499,1.0,
172,0,1,499,1.0,
173,0,1,499,1.0,
174,0,1,499,1.0,
175,0,1,499,1.0,
176,0,1,499,1.0,
177,0,1,499,1.0,
178,0,1,499,1.0,
179,0,1,499,1.0,
180,0,1,499,1.0,
181,0,1,499,1.0,
182,0,1,499,1.0,
183,0,1,499,1.0,
184,0,1,499,1.0,
185,0,1,499,1.0,
186,0,1,499,1.0,
187,0,1,499,1.0,
188,0,1,499,1.0,
189,0,1,499,1.0,
190,0,1,499,1.0,
191,0,1,499,1.0,
192,0,1,499,1.0,
193,0,1,499,1.0,
194,0,1,499,1.0,
195,0,1,499,1.0,
196,0,1,499,1.0,
197,0,1,499,1.0,
198,0,1,499,1.0,
199,0,1,499,1.0,
200,0,1,499,1.0,
1,499,1,0,1.0,1.0
2,498,2,0,0.9986666666666667,0.9993182082744682
3,495,5,0,0.9936666666666667,0.9967743053316176
4,495,5,0,0.9936666666666667,0.9967743053316176
5,490,9,1,0.9861666666666666,0.9929059350882776
6,483,16,1,0.9755,0.9872565313883165
7,472,27,1,0.955,0.9760423675406174
8,457,40,3,0.9395,0.9667801699035644
9,439,55,6,0.91,0.9486572130307894
10,418,73,9,0.8858333333333334,0.9316316701312541
11,390,96,14,0.85,0.9034316782148445
12,355,126,19,0.8045,0.862132279709132
13,328,144,28,0.784,0.8355426506646019
14,302,163,35,0.7663333333333333,0.8066954023172672
15,276,180,44,0.7558333333333334,0.7787998171897784
16,249,195,56,0.7476666666666667,0.7466462141517971
17,207,225,68,0.7536666666666667,0.702127621583397
18,185,233,82,0.7748333333333334,0.6947356435708838
19,166,241,93,0.7868333333333334,0.6785203128101724
20,140,257,103,0.8125,0.6634146954561304
21,123,266,111,0.8331666666666667,0.6587603483091009
22,106,273,121,0.8475,0.6374359826073914
23,91,274,135,0.8696666666666667,0.6374588075365102
24,81,270,149,0.8828333333333334,0.6323552157543738
25,72,265,163,0.8968333333333334,0.6351076812203814
26,55,272,173,0.9193333333333333,0.62621819762344
27,38,278,184,0.942,0.6123954379533688
28,32,271,197,0.9515,0.613951318275546
29,26,264,210,0.9613333333333334,0.6192656564523313
30,24,257,219,0.9656666666666667,0.6322470103948937
31,21,248,231,0.9708333333333333,0.6440772173233763
32,18,243,239,0.9763333333333334,0.6618199377206496
33,16,234,250,0.9803333333333333,0.6831017565735815
34,15,227,258,0.9821666666666666,0.6991097099357968
35,12,222,266,0.9866666666666667,0.715511167576385
36,8,218,274,0.9905,0.697258022774327
37,8,211,281,0.9906666666666667,0.7026928053830227
38,7,199,294,0.9933333333333333,0.7568263827270038
39,6,192,302,0.9946666666666667,0.7743788819875776
40,5,187,308,0.9953333333333333,0.7597308488612835
41,5,176,319,0.9955,0.7680641821946169
42,5,168,327,0.9956666666666667,0.7775879917184264
43,4,166,330,0.9961666666666666,0.7576992753623188
44,3,162,335,0.9971666666666666,0.7608695652173912
45,2,157,341,0.9983333333333333,0.7880434782608696
46,2,153,345,0.9983333333333333,0.7880434782608696
47,2,146,352,0.9985,0.8097826086956521
48,2,137,361,0.9985,0.8097826086956521
49,2,133,365,0.9986666666666667,0.8315217391304348
50,1,130,369,0.9996666666666667,0.9130434782608695
51,1,129,370,0.9996666666666667,0.9130434782608695
52,1,125,374,0.9996666666666667,0.9130434782608695
53,1,119,380,0.9996666666666667,0.9130434782608695
54,1,112,387,0.9996666666666667,0.9130434782608695
55,1,107,392,0.9996666666666667,0.9130434782608695
56,0,106,394,1.0,
57,0,102,398,1.0,
58,0,100,400,1.0,
59,0,96,404,1.0,
60,0,95,405,1.0,
61,0,90,410,1.0,
62,0,87,413,1.0,
63,0,82,418,1.0,
64,0,78,422,1.0,
65,0,75,425,1.0,
66,0,72,428,1.0,
67,0,68,432,1.0,
68,0,65,435,1.0,
69,0,62,438,1.0,
70,0,61,439,1.0,
71,0,59,441,1.0,
72,0,57,443,1.0,
73,0,56,444,1.0,
74,0,55,445,1.0,
75,0,51,449,1.0,
76,0,49,451,1.0,
77,0,47,453,1.0,
78,0,46,454,1.0,
79,0,42,458,1.0,
80,0,42,458,1.0,
81,0,42,458,1.0,
82,0,40,460,1.0,
83,0,40,460,1.0,
84,0,38,462,1.0,
85,0,37,463,1.0,
86,0,36,464,1.0,
87,0,35,465,1.0,
88,0,35,465,1.0,
89,0,33,467,1.0,
90,0,33,467,1.0,
91,0,33,467,1.0,
92,0,32,468,1.0,
93,0,32,468,1.0,
94,0,30,470,1.0,
95,0,29,471,1.0,
96,0,29,471,1.0,
97,0,28,472,1.0,
98,0,27,473,1.0,
99,0,26,474,1.0,
100,0,25,475,1.0,
101,0,23,477,1.0,
102,0,23,477,1.0,
103,0,22,478,1.0,
104,0,22,478,1.0,
105,0,22,478,1.0,
106,0,21,479,1.0,
107,0,20,480,1.0,
108,0,19,481,1.0,
109,0,18,482,1.0,
110,0,17,483,1.0,
111,0,17,483,1.0,
112,0,14,486,1.0,
113,0,11,489,1.0,
114,0,11,489,1.0,
115,0,11,489,1.0,
116,0,9,491,1.0,
117,0,9,491,1.0,
118,0,9,491,1.0,
119,0,9,491,1.0,
120,0,9,491,1.0,
121,0,9,491,1.0,
122,0,9,491,1.0,
123,0,9,491,1.0,
124,0,9,491,1.0,
125,0,7,493,1.0,
126,0,7,493,1.0,
127,0,7,493,1.0,
128,0,6,494,1.0,
129,0,6,494,1.0,
130,0,6,494,1.0,
131,0,6,494,1.0,
132,0,4,496,1.0,
133,0,4,496,1.0,
134,0,3,497,1.0,
135,0,3,497,1.0,
136,0,3,497,1.0,
137,0,3,497,1.0,
138,0,3,497,1.0,
139,0,3,497,1.0,
140,0,3,497,1.0,
141,0,3,497,1.0,
142,0,3,497,1.0,
143,0,3,497,1.0,
144,0,3,497,1.0,
145,0,3,497,1.0,
146,0,3,497,1.0,
147,0,2,498,1.0,
148,0,2,498,1.0,
149,0,2,498,1.0,
150,0,2,498,1.0,
151,0,2,498,1.0,
152,0,2,498,1.0,
153,0,2,498,1.0,
154,0,2,498,1.0,
155,0,1,499,1.0,
156,0,1,499,1.0,
157,0,1,499,1.0,
158,0,1,499,1.0,
159,0,1,499,1.0,
160,0,1,499,1.0,
161,0,1,499,1.0,
162,0,1,499,1.0,
163,0,1,499,1.0,
164,0,1,499,1.0,
165,0,1,499,1.0,
166,0,1,499,1.0,
167,0,1,499,1.0,
168,0,1,499,1.0,
169,0,1,499,1.0,
170,0,1,499,1.0,
171,0,1,499,1.0,
172,0,1,499,1.0,
173,0,1,499,1.0,
174,0,1,499,1.0,
175,0,1,499,1.0,
176,0,1,499,1.0,
177,0,1,499,1.0,
178,0,1,499,1.0,
179,0,1,499,1.0,
180,0,1,499,1.0,
181,0,1,499,1.0,
182,0,1,499,1.0,
183,0,1,499,1.0,
184,0,1,499,1.0,
185,0,0,500,1.0,
186,0,0,500,1.0,
187,0,0,500,1.0,
188,0,0,500,1.0,
189,0,0,500,1.0,
190,0,0,500,1.0,
191,0,0,500,1.0,
192,0,0,500,1.0,
193,0,0,500,1.0,
194,0,0,500,1.0,
195,0,0,500,1.0,
196,0,0,500,1.0,
197,0,0,500,1.0,
198,0,0,500,1.0,
199,0,0,500,1.0,
200,0,0,500,1.0,
1,498,2,0,0.9983333333333333,0.9991612370226828
2,492,8,0,0.9873333333333333,0.9935524549681496
3,490,10,0,0.9858333333333333,0.992763601822608
4,485,15,0,0.976,0.9876731107098655
5,475,23,2,0.961,0.9796515061004764
6,462,32,6,0.9476666666666667,0.9717883956915578
7,449,41,10,0.939,0.9661081017554085
8,436,51,13,0.9216666666666666,0.9550596093924512
9,415,70,15,0.891,0.93405695468812
10,399,82,19,0.872,0.9194152994283182
11,378,101,21,0.8426666666666667,0.895336115845602
12,346,128,26,0.8116666666666666,0.8634765924065338
13,317,149,34,0.796,0.8385931533722248
14,295,165,40,0.774,0.8082471980436531
15,271,180,49,0.7758333333333334,0.7928768862089811
16,240,203,57,0.7751666666666667,0.7652753417409215
17,207,229,64,0.7711666666666667,0.7223313066623295
18,170,258,72,0.7813333333333333,0.6774174817793744
19,149,262,89,0.8018333333333333,0.6663189305048074
20,124,272,104,0.8248333333333333,0.6461336323538288
21,100,287,113,0.8468333333333333,0.6144325580216885
22,80,290,130,0.8766666666666667,0.6123746932415409
23,62,295,143,0.9055,0.6158149517616561
24,50,297,153,0.921,0.6034538707669143
25,38,298,164,0.9393333333333334,0.5998112490103337
26,36,288,176,0.9433333333333334,0.6045124561428908
27,31,282,187,0.9536666666666667,0.6260294871094311
28,27,276,197,0.9591666666666666,0.6201860485193819
29,24,267,209,0.9648333333333333,0.6301054863011385
30,19,259,222,0.975,0.666730569201965
31,16,253,231,0.9796666666666667,0.6752124505928854
32,13,248,239,0.9848333333333333,0.7000344582953277
33,11,246,243,0.9866666666666667,0.6863504611330699
34,11,238,251,0.987,0.6942555994729909
35,11,227,262,0.9881666666666666,0.7215942028985508
36,10,216,274,0.9906666666666667,0.7586396574440052
37,8,208,284,0.9926666666666667,0.7621582674571805
38,8,201,291,0.9928333333333333,0.7673666007905138
39,7,194,299,0.9933333333333333,0.7532636928289103
40,7,191,302,0.9933333333333333,0.7532636928289103
41,7,181,312,0.994,0.7778938452851497
42,5,176,319,0.9965,0.8195652173913043
43,4,174,322,0.9973333333333333,0.828804347826087
44,4,166,330,0.9975,0.8396739130434783
45,4,159,337,0.9975,0.8396739130434783
46,4,150,346,0.9975,0.8396739130434783
47,4,140,356,0.998,0.8718297101449275
48,4,136,360,0.9981666666666666,0.8826992753623188
49,2,129,369,0.9993333333333333,0.9130434782608695
50,2,126,372,0.9993333333333333,0.9130434782608695
51,2,122,376,0.9993333333333333,0.9130434782608695
52,2,117,381,0.9995,0.9347826086956521
53,2,113,385,0.9995,0.9347826086956521
54,2,112,386,0.9995,0.9347826086956521
55,2,110,388,0.9995,0.9347826086956521
56,2,107,391,0.9995,0.9347826086956521
57,2,103,395,0.9995,0.9347826086956521
58,2,97,401,0.9996666666666667,0.9565217391304348
59,2,96,402,0.9996666666666667,0.9565217391304348
60,2,90,408,0.9996666666666667,0.9565217391304348
61,2,87,411,0.9996666666666667,0.9565217391304348
62,1,84,415,1.0,1.0
63,1,81,418,1.0,1.0
64,1,76,423,1.0,1.0
65,1,75,424,1.0,1.0
66,1,71,428,1.0,1.0
67,1,68,431,1.0,1.0
68,1,66,433,1.0,1.0
69,1,63,436,1.0,1.0
70,1,63,436,1.0,1.0
71,1,63,436,1.0,1.0
72,1,57,442,1.0,1.0
73,1,56,443,1.0,1.0
74,1,54,445,1.0,1.0
75,1,52,447,1.0,1.0
76,1,49,450,1.0,1.0
77,1,45,454,1.0,1.0
78,1,45,454,1.0,1.0
79,1,43,456,1.0,1.0
80,1,42,457,1.0,1.0
81,1,37,462,1.0,1.0
82,1,34,465,1.0,1.0
83,1,33,466,1.0,1.0
84,1,32,467,1.0,1.0
85,1,31,468,1.0,1.0
86,1,30,469,1.0,1.0
87,1,27,472,1.0,1.0
88,1,27,472,1.0,1.0
89,1,25,474,1.0,1.0
90,1,22,477,1.0,1.0
91,1,22,477,1.0,1.0
92,1,20,479,1.0,1.0
93,1,20,479,1.0,1.0
94,1,20,479,1.0,1.0
95,1,18,481,1.0,1.0
96,1,18,481,1.0,1.0
97,1,18,481,1.0,1.0
98,1,17,482,1.0,1.0
99,1,17,482,1.0,1.0
100,1,15,484,1.0,1.0
101,1,15,484,1.0,1.0
102,1,15,484,1.0,1.0
103,1,14,485,1.0,1.0
104,1,14,485,1.0,1.0
105,1,13,486,1.0,1.0
106,1,13,486,1.0,1.0
107,1,13,486,1.0,1.0
108,1,13,486,1.0,1.0
109,1,12,487,1.0,1.0
110,1,10,489,1.0,1.0
111,1,10,489,1.0,1.0
112,1,8,491,1.0,1.0
113,1,8,491,1.0,1.0
114,1,6,493,1.0,1.0
115,1,6,493,1.0,1.0
116,1,5,494,1.0,1.0
117,1,5,494,1.0,1.0
118,1,5,494,1.0,1.0
119,1,5,494,1.0,1.0
120,1,5,494,1.0,1.0
121,1,5,494,1.0,1.0
122,1,5,494,1.0,1.0
123,1,5,494,1.0,1.0
124,1,5,494,1.0,1.0
125,1,5,494,1.0,1.0
126,1,5,494,1.0,1.0
127,1,5,494,1.0,1.0
128,1,5,494,1.0,1.0
129,1,5,494,1.0,1.0
130,1,5,494,1.0,1.0
131,1,5,494,1.0,1.0
132,1,5,494,1.0,1.0
133,1,5,494,1.0,1.0
134,1,5,494,1.0,1.0
135,1,5,494,1.0,1.0
136,1,5,494,1.0,1.0
137,1,5,494,1.0,1.0
138,1,5,494,1.0,1.0
139,1,5,494,1.0,1.0
140,1,5,494,1.0,1.0
141,1,5,494,1.0,1.0
142,1,5,494,1.0,1.0
143,1,5,494,1.0,1.0
144,1,5,494,1.0,1.0
145,1,3,496,1.0,1.0
146,1,2,497,1.0,1.0
147,1,2,497,1.0,1.0
148,1,2,497,1.0,1.0
149,1,2,497,1.0,1.0
150,1,2,497,1.0,1.0
151,1,2,497,1.0,1.0
152,1,2,497,1.0,1.0
153,1,2,497,1.0,1.0
154,1,2,497,1.0,1.0
155,1,2,497,1.0,1.0
156,1,2,497,1.0,1.0
157,1,2,497,1.0,1.0
158,1,1,498,1.0,1.0
159,1,1,498,1.0,1.0
160,1,1,498,1.0,1.0
161,1,1,498,1.0,1.0
162,1,1,498,1.0,1.0
163,1,1,498,1.0,1.0
164,1,1,498,1.0,1.0
165,1,1,498,1.0,1.0
166,1,1,498,1.0,1.0
167,1,1,498,1.0,1.0
168,1,1,498,1.0,1.0
169,1,1,498,1.0,1.0
170,1,1,498,1.0,1.0
171,1,1,498,1.0,1.0
172,1,1,498,1.0,1.0
173,1,1,498,1.0,1.0
174,1,1,498,1.0,1.0
175,1,1,498,1.0,1.0
176,1,1,498,1.0,1.0
177,1,1,498,1.0,1.0
178,1,1,498,1.0,1.0
179,1,1,498,1.0,1.0
180,1,1,498,1.0,1.0
181,1,1,498,1.0,1.0
182,1,1,498,1.0,1.0
183,1,0,499,1.0,1.0
184,1,0,499,1.0,1.0
185,1,0,499,1.0,1.0
186,1,0,499,1.0,1.0
187,1,0,499,1.0,1.0
188,1,0,499,1.0,1.0
189,1,0,499,1.0,1.0
190,1,0,499,1.0,1.0
191,1,0,499,1.0,1.0
192,1,0,499,1.0,1.0
193,1,0,499,1.0,1.0
194,1,0,499,1.0,1.0
195,1,0,499,1.0,1.0
196,1,0,499,1.0,1.0
197,1,0,499,1.0,1.0
198,1,0,499,1.0,1.0
199,1,0,499,1.0,1.0
200,1,0,499,1.0,1.0
1,496,4,0,0.9946666666666667,0.9973636855456631
2,492,8,0,0.987,0.9934271502033962
3,486,13,1,0.983,0.9913239825057683
4,477,21,2,0.968,0.9832868493514743
5,463,34,3,0.9435,0.9695436798361955
6,452,40,8,0.9356666666666666,0.9644435423638964
7,434,58,8,0.904,0.9446758207397357
8,417,73,10,0.8821666666666667,0.9293279843493585
9,392,95,13,0.8438333333333333,0.9003250565284726
10,365,114,21,0.815,0.8730755147616375
11,342,135,23,0.7865,0.8438413035533555
12,313,161,26,0.7611666666666667,0.8087745399919971
13,279,186,35,0.7458333333333333,0.771693720373707
14,254,199,47,0.7491666666666666,0.7524657517603337
15,226,218,56,0.7465,0.7190686833123195
16,194,238,68,0.7523333333333333,0.679486454176822
17,167,251,82,0.7731666666666667,0.6595941530106838
18,144,262,94,0.7986666666666666,0.6496974999790917
19,125,268,107,0.8208333333333333,0.6410087609957634
20,106,277,117,0.8385,0.6178988584618739
21,91,282,127,0.8583333333333333,0.6084031661231349
22,75,287,138,0.8815,0.6012077538587075
23,58,292,150,0.9063333333333333,0.5925559267763166
24,46,298,156,0.9273333333333333,0.5982289339519964
25,37,296,167,0.942,0.6028843072321334
26,33,293,174,0.9495,0.6121394635228629
27,31,278,191,0.9548333333333333,0.6329773896043179
28,26,276,198,0.9618333333333333,0.6310991182730313
29,21,266,213,0.9703333333333334,0.6461710270405921
30,17,260,223,0.9755,0.6382283189955826
31,17,249,234,0.9763333333333334,0.6504022320390608
32,12,237,251,0.9838333333333333,0.6585364514712341
33,10,222,268,0.9878333333333333,0.6878326745718051
34,8,213,279,0.9913333333333333,0.7214484519104085
35,8,205,287,0.9916666666666667,0.7323386034255599
36,8,199,293,0.9921666666666666,0.7486429512516469
37,7,195,298,0.9926666666666667,0.7300508187464709
38,6,186,308,0.9933333333333333,0.7140447957839262
39,6,175,319,0.9935,0.7212911725955204
40,5,174,321,0.9948333333333333,0.7351146245059288
41,4,168,328,0.996,0.7449802371541502
42,4,159,337,0.9963333333333333,0.7667193675889328
43,4,151,345,0.9966666666666667,0.7875889328063241
44,4,142,354,0.997,0.8089525691699604
45,3,138,359,0.9983333333333333,0.8530961791831357
46,3,133,364,0.9983333333333333,0.8530961791831357
47,3,124,373,0.9986666666666667,0.8820816864295126
48,2,118,380,0.9993333333333333,0.9110671936758893
49,2,114,384,0.9993333333333333,0.9110671936758893
50,2,111,387,0.9995,0.9328063241106719
51,2,104,394,0.9996666666666667,0.9545454545454546
52,2,101,397,0.9996666666666667,0.9545454545454546
53,2,99,399,0.9996666666666667,0.9545454545454546
54,1,99,400,1.0,1.0
55,1,93,406,1.0,1.0
56,1,90,409,1.0,1.0
57,1,89,410,1.0,1.0
58,1,88,411,1.0,1.0
59,1,83,416,1.0,1.0
60,1,79,420,1.0,1.0
61,1,74,425,1.0,1.0
62,1,68,431,1.0,1.0
63,1,67,432,1.0,1.0
64,1,64,435,1.0,1.0
65,1,59,440,1.0,1.0
66,1,57,442,1.0,1.0
67,1,54,445,1.0,1.0
68,1,50,449,1.0,1.0
69,1,46,453,1.0,1.0
70,1,44,455,1.0,1.0
71,1,44,455,1.0,1.0
72,1,43,456,1.0,1.0
73,1,40,459,1.0,1.0
74,1,39,460,1.0,1.0
75,1,38,461,1.0,1.0
76,1,38,461,1.0,1.0
77,1,37,462,1.0,1.0
78,1,37,462,1.0,1.0
79,1,36,463,1.0,1.0
80,1,34,465,1.0,1.0
81,1,34,465,1.0,1.0
82,1,34,465,1.0,1.0
83,1,33,466,1.0,1.0
84,1,30,469,1.0,1.0
85,1,28,471,1.0,1.0
86,1,25,474,1.0,1.0
87,1,24,475,1.0,1.0
88,1,22,477,1.0,1.0
89,1,22,477,1.0,1.0
90,1,19,480,1.0,1.0
91,1,17,482,1.0,1.0
92,1,16,483,1.0,1.0
93,1,16,483,1.0,1.0
94,1,16,483,1.0,1.0
95,1,13,486,1.0,1.0
96,1,13,486,1.0,1.0
97,1,12,487,1.0,1.0
98,1,12,487,1.0,1.0
99,1,12,487,1.0,1.0
100,1,12,487,1.0,1.0
101,1,11,488,1.0,1.0
102,1,10,489,1.0,1.0
103,1,8,491,1.0,1.0
104,1,8,491,1.0,1.0
105,1,8,491,1.0,1.0
106,1,8,491,1.0,1.0
107,1,8,491,1.0,1.0
108,1,8,491,1.0,1.0
109,1,8,491,1.0,1.0
110,1,8,491,1.0,1.0
111,1,8,491,1.0,1.0
112,1,8,491,1.0,1.0
113,1,8,491,1.0,1.0
114,1,7,492,1.0,1.0
115,1,6,493,1.0,1.0
116,1,5,494,1.0,1.0
117,1,4,495,1.0,1.0
118,1,4,495,1.0,1.0
119,1,4,495,1.0,1.0
120,1,4,495,1.0,1.0
121,1,4,495,1.0,1.0
122,1,4,495,1.0,1.0
123,1,4,495,1.0,1.0
124,1,4,495,1.0,1.0
125,1,4,495,1.0,1.0
126,1,4,495,1.0,1.0
127,1,4,495,1.0,1.0
128,1,4,495,1.0,1.0
129,1,4,495,1.0,1.0
130,1,4,495,1.0,1.0
131,1,4,495,1.0,1.0
132,1,4,495,1.0,1.0
133,1,4,495,1.0,1.0
134,1,4,495,1.0,1.0
135,1,3,496,1.0,1.0
136,1,3,496,1.0,1.0
137,1,3,496,1.0,1.0
138,1,3,496,1.0,1.0
139,1,3,496,1.0,1.0
140,1,3,496,1.0,1.0
141,1,2,497,1.0,1.0
142,1,2,497,1.0,1.0
143,1,1,498,1.0,1.0
144,1,1,498,1.0,1.0
145,1,1,498,1.0,1.0
146,1,1,498,1.0,1.0
147,1,1,498,1.0,1.0
148,1,1,498,1.0,1.0
149,1,1,498,1.0,1.0
150,1,1,498,1.0,1.0
151,1,1,498,1.0,1.0
152,1,1,498,1.0,1.0
153,1,1,498,1.0,1.0
154,1,1,498,1.0,1.0
155,1,1,498,1.0,1.0
156,1,1,498,1.0,1.0
157,1,1,498,1.0,1.0
158,1,1,498,1.0,1.0
159,1,1,498,1.0,1.0
160,1,1,498,1.0,1.0
161,1,1,498,1.0,1.0
162,1,1,498,1.0,1.0
163,1,0,499,1.0,1.0
164,1,0,499,1.0,1.0
165,1,0,499,1.0,1.0
166,1,0,499,1.0,1.0
167,1,0,499,1.0,1.0
168,1,0,499,1.0,1.0
169,1,0,499,1.0,1.0
170,1,0,499,1.0,1.0
171,1,0,499,1.0,1.0
172,1,0,499,1.0,1.0
173,1,0,499,1.0,1.0
174,1,0,499,1.0,1.0
175,1,0,499,1.0,1.0
176,1,0,499,1.0,1.0
177,1,0,499,1.0,1.0
178,1,0,499,1.0,1.0
179,1,0,499,1.0,1.0
180,1,0,499,1.0,1.0
181,1,0,499,1.0,1.0
182,1,0,499,1.0,1.0
183,1,0,499,1.0,1.0
184,1,0,499,1.0,1.0
185,1,0,499,1.0,1.0
186,1,0,499,1.0,1.0
187,1,0,499,1.0,1.0
188,1,0,499,1.0,1.0
189,1,0,499,1.0,1.0
190,1,0,499,1.0,1.0
191,1,0,499,1.0,1.0
192,1,0,499,1.0,1.0
193,1,0,499,1.0,1.0
194,1,0,499,1.0,1.0
195,1,0,499,1.0,1.0
196,1,0,499,1.0,1.0
197,1,0,499,1.0,1.0
198,1,0,499,1.0,1.0
199,1,0,499,1.0,1.0
200,1,0,499,1.0,1.0
1,496,4,0,0.9938333333333333,1.0
2,494,5,1,0.9928333333333333,0.9994685954690525
3,490,9,1,0.9873333333333333,0.9966572826785103
4,483,16,1,0.9763333333333334,0.9909433039245669
5,476,22,2,0.9668333333333333,0.9857234841367593
6,467,28,5,0.9581666666666667,0.9806625826502109
7,451,42,7,0.9336666666666666,0.9662884208023157
8,422,68,10,0.8895,0.937570186609434
9,393,94,13,0.8438333333333333,0.9036415165026686
10,365,118,17,0.809,0.8724539364931932
11,339,140,21,0.7923333333333333,0.8499945888796406
12,305,169,26,0.7768333333333334,0.820486531338666
13,272,196,32,0.7668333333333334,0.788334094895019
14,245,215,40,0.7681666666666667,0.7667541380273596
15,209,242,49,0.7703333333333333,0.7277272336665309
16,178,264,58,0.7838333333333334,0.7000758713963621
17,148,286,66,0.7958333333333333,0.6591747911657072
18,124,296,80,0.8185,0.6388206787517995
19,100,312,88,0.8471666666666666,0.6226881858137322
20,86,315,99,0.8653333333333333,0.613571183057731
21,71,321,108,0.8833333333333333,0.592513920486299
22,52,326,122,0.9075,0.5593311121262668
23,44,325,131,0.9206666666666666,0.55149322185998
24,35,319,146,0.9371666666666667,0.5534248504853766
25,26,315,159,0.9546666666666667,0.5642955270514227
26,21,308,171,0.9643333333333334,0.5694834435955111
27,17,299,184,0.9708333333333333,0.5625875113428788
28,17,289,194,0.972,0.5804661667660145
29,13,278,209,0.9795,0.6024643050687002
30,12,272,216,0.9816666666666667,0.6142191076920067
31,8,263,229,0.9871666666666666,0.5982723194275471
32,8,259,233,0.9871666666666666,0.5982723194275471
33,7,249,244,0.9885,0.5880107765669329
34,6,238,256,0.9905,0.6060586752216103
35,5,226,269,0.9923333333333333,0.6229694582338322
36,3,220,277,0.9958333333333333,0.6396311795184924
37,3,211,286,0.996,0.6541682517802762
38,3,204,293,0.9963333333333333,0.6832423963038441
39,3,189,308,0.9965,0.697779468565628
40,3,181,316,0.9966666666666667,0.7123165408274118
41,3,168,329,0.997,0.7413906853509799
42,2,164,334,0.998,0.7413906853509797
43,2,157,341,0.998,0.7413906853509797
44,2,152,346,0.998,0.7413906853509797
45,2,147,351,0.998,0.7413906853509797
46,1,146,353,0.9988333333333334,0.697779468565628
47,1,141,358,0.9988333333333334,0.697779468565628
48,0,137,363,1.0,
49,0,134,366,1.0,
50,0,130,370,1.0,
51,0,126,374,1.0,
52,0,118,382,1.0,
53,0,113,387,1.0,
54,0,108,392,1.0,
55,0,106,394,1.0,
56,0,99,401,1.0,
57,0,98,402,1.0,
58,0,95,405,1.0,
59,0,88,412,1.0,
60,0,84,416,1.0,
61,0,78,422,1.0,
62,0,74,426,1.0,
63,0,73,427,1.0,
64,0,70,430,1.0,
65,0,63,437,1.0,
66,0,62,438,1.0,
67,0,61,439,1.0,
68,0,57,443,1.0,
69,0,56,444,1.0,
70,0,53,447,1.0,
71,0,53,447,1.0,
72,0,52,448,1.0,
73,0,52,448,1.0,
74,0,52,448,1.0,
75,0,50,450,1.0,
76,0,47,453,1.0,
77,0,46,454,1.0,
78,0,43,457,1.0,
79,0,41,459,1.0,
80,0,40,460,1.0,
81,0,38,462,1.0,
82,0,36,464,1.0,
83,0,33,467,1.0,
84,0,33,467,1.0,
85,0,32,468,1.0,
86,0,32,468,1.0,
87,0,30,470,1.0,
88,0,30,470,1.0,
89,0,29,471,1.0,
90,0,26,474,1.0,
91,0,23,477,1.0,
92,0,23,477,1.0,
93,0,22,478,1.0,
94,0,21,479,1.0,
95,0,20,480,1.0,
96,0,20,480,1.0,
97,0,18,482,1.0,
98,0,17,483,1.0,
99,0,17,483,1.0,
100,0,17,483,1.0,
101,0,17,483,1.0,
102,0,17,483,1.0,
103,0,17,483,1.0,
104,0,17,483,1.0,
105,0,17,483,1.0,
106,0,17,483,1.0,
107,0,16,484,1.0,
108,0,16,484,1.0,
109,0,16,484,1.0,
110,0,14,486,1.0,
111,0,13,487,1.0,
112,0,12,488,1.0,
113,0,12,488,1.0,
114,0,12,488,1.0,
115,0,12,488,1.0,
116,0,12,488,1.0,
117,0,11,489,1.0,
118,0,11,489,1.0,
119,0,8,492,1.0,
120,0,8,492,1.0,
121,0,8,492,1.0,
122,0,8,492,1.0,
123,0,7,493,1.0,
124,0,6,494,1.0,
125,0,6,494,1.0,
126,0,6,494,1.0,
127,0,6,494,1.0,
128,0,5,495,1.0,
129,0,5,495,1.0,
130,0,5,495,1.0,
131,0,5,495,1.0,
132,0,5,495,1.0,
133,0,5,495,1.0,
134,0,5,495,1.0,
135,0,4,496,1.0,
136,0,4,496,1.0,
137,0,4,496,1.0,
138,0,4,496,1.0,
139,0,4,496,1.0,
140,0,4,496,1.0,
141,0,3,497,1.0,
142,0,3,497,1.0,
143,0,3,497,1.0,
144,0,3,497,1.0,
145,0,3,497,1.0,
146,0,3,497,1.0,
147,0,3,497,1.0,
148,0,3,497,1.0,
149,0,3,497,1.0,
150,0,2,498,1.0,
151,0,1,499,1.0,
152,0,1,499,1.0,
153,0,1,499,1.0,
154,0,1,499,1.0,
155,0,1,499,1.0,
156,0,1,499,1.0,
157,0,1,499,1.0,
158,0,1,499,1.0,
159,0,1,499,1.0,
160,0,1,499,1.0,
161,0,1,499,1.0,
162,0,1,499,1.0,
163,0,1,499,1.0,
164,0,1,499,1.0,
165,0,1,499,1.0,
166,0,1,499,1.0,
167,0,1,499,1.0,
168,0,1,499,1.0,
169,0,1,499,1.0,
170,0,1,499,1.0,
171,0,1,499,1.0,
172,0,1,499,1.0,
173,0,1,499,1.0,
174,0,1,499,1.0,
175,0,1,499,1.0,
176,0,1,499,1.0,
177,0,1,499,1.0,
178,0,1,499,1.0,
179,0,1,499,1.0,
180,0,1,499,1.0,
181,0,1,499,1.0,
182,0,1,499,1.0,
183,0,1,499,1.0,
184,0,0,500,1.0,
185,0,0,500,1.0,
186,0,0,500,1.0,
187,0,0,500,1.0,
188,0,0,500,1.0,
189,0,0,500,1.0,
190,0,0,500,1.0,
191,0,0,500,1.0,
192,0,0,500,1.0,
193,0,0,500,1.0,
194,0,0,500,1.0,
195,0,0,500,1.0,
196,0,0,500,1.0,
197,0,0,500,1.0,
198,0,0,500,1.0,
199,0,0,500,1.0,
200,0,0,500,1.0,
1,499,1,0,1.0,1.0
2,497,3,0,0.9971666666666666,0.998577917512394
3,496,4,0,0.994,0.9969708406529059
4,494,6,0,0.9906666666666667,0.9952520288847521
5,491,9,0,0.9863333333333333,0.9930037421443602
6,490,10,0,0.9845,0.9920668421755379
7,485,15,0,0.9763333333333334,0.9877719614424891
8,479,20,1,0.967,0.9828106665371322
9,472,23,5,0.9631666666666666,0.980468302835124
10,458,35,7,0.9493333333333334,0.9723654310192388
11,442,48,10,0.9283333333333333,0.959443371242428
12,425,62,13,0.9111666666666667,0.9478327947917933
13,405,81,14,0.8838333333333334,0.9283394133581154
14,378,105,17,0.8473333333333334,0.8990856379306975
15,349,130,21,0.811,0.8647213371785374
16,315,156,29,0.7825,0.8268527726220508
17,278,188,34,0.7608333333333334,0.7847457863188894
18,251,209,40,0.7498333333333334,0.7504751276245163
19,223,227,50,0.7553333333333333,0.7260559403449677
20,187,254,59,0.756,0.6735032543042309
21,169,260,71,0.7698333333333334,0.6592493018039712
22,135,277,88,0.804,0.6364012920937238
23,115,286,99,0.8228333333333333,0.6129257200826199
24,90,301,109,0.8525,0.588390463535391
25,75,302,123,0.8748333333333334,0.5817380230075883
26,63,306,131,0.8943333333333333,0.5804183353389704
27,53,305,142,0.9106666666666666,0.5782807620174314
28,45,299,156,0.9231666666666667,0.574445250223028
29,38,295,167,0.9373333333333334,0.590702964718983
30,35,291,174,0.9428333333333333,0.5932377601694372
31,27,281,192,0.9546666666666667,0.5791673677905562
32,21,277,202,0.9651666666666666,0.5780155868975745
33,19,266,215,0.9701666666666666,0.5975717760500369
34,14,263,223,0.9783333333333334,0.6057176208884283
35,12,256,232,0.9821666666666666,0.6220216619129664
36,8,248,244,0.9888333333333333,0.6460347985347985
37,6,241,253,0.9926666666666667,0.6960312151616499
38,4,233,263,0.9958333333333333,0.7410033444816053
39,4,225,271,0.9961666666666666,0.7627424749163879
40,3,222,275,0.9973333333333333,0.7851059085841694
41,3,211,286,0.9975,0.7979264214046822
42,3,206,291,0.9975,0.7979264214046822
43,2,200,298,0.9983333333333333,0.7976588628762542
44,2,195,303,0.9985,0.8168896321070234
45,2,185,313,0.9985,0.8168896321070234
46,1,181,318,0.9991666666666666,0.8076923076923077
47,1,170,329,0.9991666666666666,0.8076923076923077
48,1,164,335,0.9991666666666666,0.8076923076923077
49,1,153,346,0.9995,0.8846153846153846
50,1,147,352,0.9996666666666667,0.9230769230769231
51,1,142,357,0.9996666666666667,0.9230769230769231
52,1,136,363,0.9996666666666667,0.9230769230769231
53,1,130,369,0.9996666666666667,0.9230769230769231
54,1,127,372,0.9998333333333334,0.9615384615384616
55,1,123,376,0.9998333333333334,0.9615384615384616
56,1,120,379,0.9998333333333334,0.9615384615384616
57,1,114,385,0.9998333333333334,0.9615384615384616
58,1,109,390,0.9998333333333334,0.9615384615384616
59,1,98,401,0.9998333333333334,0.9615384615384616
60,1,92,407,0.9998333333333334,0.9615384615384616
61,1,86,413,0.9998333333333334,0.9615384615384616
62,1,83,416,0.9998333333333334,0.9615384615384616
63,1,75,424,0.9998333333333334,0.9615384615384616
64,1,72,427,0.9998333333333334,0.9615384615384616
65,1,70,429,0.9998333333333334,0.9615384615384616
66,1,66,433,0.9998333333333334,0.9615384615384616
67,1,63,436,0.9998333333333334,0.9615384615384616
68,1,59,440,0.9998333333333334,0.9615384615384616
69,1,58,441,0.9998333333333334,0.9615384615384616
70,1,57,442,0.9998333333333334,0.9615384615384616
71,1,55,444,0.9998333333333334,0.9615384615384616
72,1,52,447,1.0,1.0
73,1,50,449,1.0,1.0
74,1,47,452,1.0,1.0
75,1,46,453,1.0,1.0
76,1,42,457,1.0,1.0
77,1,35,464,1.0,1.0
78,1,33,466,1.0,1.0
79,1,32,467,1.0,1.0
80,1,31,468,1.0,1.0
81,1,30,469,1.0,1.0
82,1,29,470,1.0,1.0
83,1,28,471,1.0,1.0
84,1,28,471,1.0,1.0
85,1,28,471,1.0,1.0
86,1,28,471,1.0,1.0
87,1,28,471,1.0,1.0
88,1,27,472,1.0,1.0
89,1,27,472,1.0,1.0
90,0,26,474,1.0,
91,0,20,480,1.0,
92,0,18,482,1.0,
93,0,17,483,1.0,
94,0,16,484,1.0,
95,0,16,484,1.0,
96,0,16,484,1.0,
97,0,16,484,1.0,
98,0,15,485,1.0,
99,0,15,485,1.0,
100,0,13,487,1.0,
101,0,12,488,1.0,
102,0,12,488,1.0,
103,0,12,488,1.0,
104,0,12,488,1.0,
105,0,12,488,1.0,
106,0,12,488,1.0,
107,0,12,488,1.0,
108,0,12,488,1.0,
109,0,12,488,1.0,
110,0,12,488,1.0,
111,0,11,489,1.0,
112,0,11,489,1.0,
113,0,11,489,1.0,
114,0,11,489,1.0,
115,0,10,490,1.0,
116,0,10,490,1.0,
117,0,9,491,1.0,
118,0,9,491,1.0,
119,0,7,493,1.0,
120,0,7,493,1.0,
121,0,7,493,1.0,
122,0,7,493,1.0,
123,0,6,494,1.0,
124,0,5,495,1.0,
125,0,5,495,1.0,
126,0,5,495,1.0,
127,0,5,495,1.0,
128,0,4,496,1.0,
129,0,4,496,1.0,
130,0,4,496,1.0,
131,0,4,496,1.0,
132,0,4,496,1.0,
133,0,4,496,1.0,
134,0,4,496,1.0,
135,0,3,497,1.0,
136,0,3,497,1.0,
137,0,3,497,1.0,
138,0,3,497,1.0,
139,0,3,497,1.0,
140,0,3,497,1.0,
141,0,2,498,1.0,
142,0,2,498,1.0,
143,0,2,498,1.0,
144,0,2,498,1.0,
145,0,2,498,1.0,
146,0,1,499,1.0,
147,0,1,499,1.0,
148,0,1,499,1.0,
149,0,1,499,1.0,
150,0,1,499,1.0,
151,0,1,499,1.0,
152,0,1,499,1.0,
153,0,1,499,1.0,
154,0,1,499,1.0,
155,0,1,499,1.0,
156,0,1,499,1.0,
157,0,1,499,1.0,
158,0,1,499,1.0,
159,0,1,499,1.0,
160,0,1,499,1.0,
161,0,1,499,1.0,
162,0,1,499,1.0,
163,0,1,499,1.0,
164,0,1,499,1.0,
165,0,1,499,1.0,
166,0,1,499,1.0,
167,0,1,499,1.0,
168,0,1,499,1.0,
169,0,1,499,1.0,
170,0,1,499,1.0,
171,0,1,499,1.0,
172,0,0,500,1.0,
173,0,0,500,1.0,
174,0,0,500,1.0,
175,0,0,500,1.0,
176,0,0,500,1.0,
177,0,0,500,1.0,
178,0,0,500,1.0,
179,0,0,500,1.0,
180,0,0,500,1.0,
181,0,0,500,1.0,
182,0,0,500,1.0,
183,0,0,500,1.0,
184,0,0,500,1.0,
185,0,0,500,1.0,
186,0,0,500,1.0,
187,0,0,500,1.0,
188,0,0,500,1.0,
189,0,0,500,1.0,
190,0,0,500,1.0,
191,0,0,500,1.0,
192,0,0,500,1.0,
193,0,0,500,1.0,
194,0,0,500,1.0,
195,0,0,500,1.0,
196,0,0,500,1.0,
197,0,0,500,1.0,
198,0,0,500,1.0,
199,0,0,500,1.0,
200,0,0,500,1.0,
1,496,4,0,0.994,1.0
2,490,10,0,0.9848333333333333,0.9953063100049884
3,485,15,0,0.9771666666666666,0.9913211620815591
4,477,23,0,0.9678333333333333,0.9860982172408086
5,469,30,1,0.959,0.9810763463333644
6,458,40,2,0.9518333333333333,0.9763386084169532
7,438,59,3,0.926,0.9605391549273555
8,415,80,5,0.8931666666666667,0.9381102200177754
9,389,105,6,0.8465,0.9033292047158012
10,359,133,8,0.8106666666666666,0.8703495753162644
11,324,165,11,0.7703333333333333,0.8245443416964419
12,302,178,20,0.7625,0.8049409794403345
13,275,196,29,0.7528333333333334,0.7769566814115859
14,253,208,39,0.7463333333333333,0.7507807291419845
15,224,232,44,0.7508333333333334,0.7230296490360661
16,193,251,56,0.7568333333333334,0.6852088552122281
17,167,260,73,0.7811666666666667,0.6739559448700662
18,145,271,84,0.8011666666666667,0.6576630706114089
19,121,285,94,0.8271666666666667,0.6417464828343387
20,101,297,102,0.8456666666666667,0.6160549151711527
21,86,293,121,0.8663333333333333,0.6103842608084454
22,71,287,142,0.8915,0.6176293702075295
23,59,289,152,0.9093333333333333,0.6156729149753689
24,52,286,162,0.9203333333333333,0.6144479501923511
25,45,277,178,0.933,0.6242935863246514
26,41,265,194,0.9421666666666667,0.6444862958063684
27,34,259,207,0.9536666666666667,0.6563895574305264
28,26,252,222,0.9666666666666667,0.6785726400629428
29,21,249,230,0.9721666666666666,0.669282058180809
30,18,237,245,0.9763333333333334,0.6733935001201704
31,18,229,253,0.9775,0.6892634985828937
32,17,220,263,0.9791666666666666,0.6950791783527245
33,15,216,269,0.9821666666666666,0.7062313774683056
34,12,212,276,0.9863333333333333,0.7172519527421995
35,10,206,284,0.9888333333333333,0.721142030798237
36,9,201,290,0.9911666666666666,0.7537509616328899
37,8,190,302,0.9931666666666666,0.7877799428791887
38,7,188,305,0.9938333333333333,0.7811731572241472
39,7,180,313,0.9938333333333333,0.7811731572241472
40,6,177,317,0.9945,0.77327263630987
41,4,167,329,0.9965,0.7874130378957013
42,4,157,339,0.9971666666666666,0.828401566051007
43,2,152,346,0.9988333333333334,0.8567406081089379
44,2,144,354,0.9988333333333334,0.8567406081089379
45,2,143,355,0.9988333333333334,0.8567406081089379
46,2,138,360,0.9988333333333334,0.8567406081089379
47,2,133,365,0.9991666666666666,0.8985328328947396
48,1,131,368,0.9995,0.8776367205018387
49,1,126,373,0.9996666666666667,0.9194289452876405
50,1,122,377,0.9996666666666667,0.9194289452876405
51,1,118,381,0.9996666666666667,0.9194289452876405
52,1,113,386,0.9996666666666667,0.9194289452876405
53,0,105,395,1.0,
54,0,100,400,1.0,
55,0,96,404,1.0,
56,0,95,405,1.0,
57,0,92,408,1.0,
58,0,85,415,1.0,
59,0,80,420,1.0,
60,0,78,422,1.0,
61,0,77,423,1.0,
62,0,74,426,1.0,
63,0,70,430,1.0,
64,0,68,432,1.0,
65,0,63,437,1.0,
66,0,57,443,1.0,
67,0,55,445,1.0,
68,0,54,446,1.0,
69,0,49,451,1.0,
70,0,47,453,1.0,
71,0,47,453,1.0,
72,0,46,454,1.0,
73,0,44,456,1.0,
74,0,40,460,1.0,
75,0,38,462,1.0,
76,0,37,463,1.0,
77,0,37,463,1.0,
78,0,34,466,1.0,
79,0,32,468,1.0,
80,0,31,469,1.0,
81,0,29,471,1.0,
82,0,28,472,1.0,
83,0,26,474,1.0,
84,0,25,475,1.0,
85,0,22,478,1.0,
86,0,22,478,1.0,
87,0,22,478,1.0,
88,0,22,478,1.0,
89,0,22,478,1.0,
90,0,22,478,1.0,
91,0,22,478,1.0,
92,0,20,480,1.0,
93,0,19,481,1.0,
94,0,17,483,1.0,
95,0,17,483,1.0,
96,0,17,483,1.0,
97,0,17,483,1.0,
98,0,16,484,1.0,
99,0,16,484,1.0,
100,0,14,486,1.0,
101,0,13,487,1.0,
102,0,13,487,1.0,
103,0,13,487,1.0,
104,0,12,488,1.0,
105,0,12,488,1.0,
106,0,9,491,1.0,
107,0,9,491,1.0,
108,0,9,491,1.0,
109,0,9,491,1.0,
110,0,9,491,1.0,
111,0,9,491,1.0,
112,0,9,491,1.0,
113,0,8,492,1.0,
114,0,8,492,1.0,
115,0,8,492,1.0,
116,0,7,493,1.0,
117,0,7,493,1.0,
118,0,5,495,1.0,
119,0,5,495,1.0,
120,0,5,495,1.0,
121,0,5,495,1.0,
122,0,5,495,1.0,
123,0,4,496,1.0,
124,0,4,496,1.0,
125,0,4,496,1.0,
126,0,3,497,1.0,
127,0,3,497,1.0,
128,0,3,497,1.0,
129,0,2,498,1.0,
130,0,2,498,1.0,
131,0,2,498,1.0,
132,0,2,498,1.0,
133,0,2,498,1.0,
134,0,2,498,1.0,
135,0,2,498,1.0,
136,0,2,498,1.0,
137,0,2,498,1.0,
138,0,2,498,1.0,
139,0,2,498,1.0,
140,0,2,498,1.0,
141,0,2,498,1.0,
142,0,2,498,1.0,
143,0,2,498,1.0,
144,0,2,498,1.0,
145,0,2,498,1.0,
146,0,2,498,1.0,
147,0,2,498,1.0,
148,0,2,498,1.0,
149,0,2,498,1.0,
150,0,2,498,1.0,
151,0,2,498,1.0,
152,0,2,498,1.0,
153,0,2,498,1.0,
154,0,2,498,1.0,
155,0,2,498,1.0,
156,0,2,498,1.0,
157,0,2,498,1.0,
158,0,2,498,1.0,
159,0,2,498,1.0,
160,0,2,498,1.0,
161,0,2,498,1.0,
162,0,2,498,1.0,
163,0,2,498,1.0,
164,0,2,498,1.0,
165,0,2,498,1.0,
166,0,2,498,1.0,
167,0,2,498,1.0,
168,0,2,498,1.0,
169,0,2,498,1.0,
170,0,2,498,1.0,
171,0,2,498,1.0,
172,0,2,498,1.0,
173,0,2,498,1.0,
174,0,2,498,1.0,
175,0,2,498,1.0,
176,0,2,498,1.0,
177,0,2,498,1.0,
178,0,2,498,1.0,
179,0,2,498,1.0,
180,0,2,498,1.0,
181,0,2,498,1.0,
182,0,2,498,1.0,
183,0,2,498,1.0,
184,0,2,498,1.0,
185,0,2,498,1.0,
186,0,1,499,1.0,
187,0,1,499,1.0,
188,0,1,499,1.0,
189,0,1,499,1.0,
190,0,1,499,1.0,
191,0,1,499,1.0,
192,0,1,499,1.0,
193,0,1,499,1.0,
194,0,1,499,1.0,
195,0,1,499,1.0,
196,0,1,499,1.0,
197,0,1,499,1.0,
198,0,1,499,1.0,
199,0,1,499,1.0,
200,0,1,499,1.0,
