day,s,i,r,edgecount,suscedgecount
1,498,2,0,0.998,0.998995983935743
2,498,2,0,0.998,0.998995983935743
3,498,1,1,1.0,1.0
4,498,1,1,1.0,1.0
5,498,1,1,1.0,1.0
6,498,1,1,1.0,1.0
7,498,0,2,1.0,1.0
8,498,0,2,1.0,1.0
9,498,0,2,1.0,1.0
10,498,0,2,1.0,1.0
11,498,0,2,1.0,1.0
12,498,0,2,1.0,1.0
13,498,0,2,1.0,1.0
14,498,0,2,1.0,1.0
15,498,0,2,1.0,1.0
16,498,0,2,1.0,1.0
17,498,0,2,1.0,1.0
18,498,0,2,1.0,1.0
19,498,0,2,1.0,1.0
20,498,0,2,1.0,1.0
21,498,0,2,1.0,1.0
22,498,0,2,1.0,1.0
23,498,0,2,1.0,1.0
24,498,0,2,1.0,1.0
25,498,0,2,1.0,1.0
26,498,0,2,1.0,1.0
27,498,0,2,1.0,1.0
28,498,0,2,1.0,1.0
29,498,0,2,1.0,1.0
30,498,0,2,1.0,1.0
31,498,0,2,1.0,1.0
32,498,0,2,1.0,1.0
33,498,0,2,1.0,1.0
34,498,0,2,1.0,1.0
35,498,0,2,1.0,1.0
36,498,0,2,1.0,1.0
37,498,0,2,1.0,1.0
38,498,0,2,1.0,1.0
39,498,0,2,1.0,1.0
40,498,0,2,1.0,1.0
41,498,0,2,1.0,1.0
42,498,0,2,1.0,1.0
43,498,0,2,1.0,1.0
44,498,0,2,1.0,1.0
45,498,0,2,1.0,1.0
46,498,0,2,1.0,1.0
47,498,0,2,1.0,1.0
48,498,0,2,1.0,1.0
49,498,0,2,1.0,1.0
50,498,0,2,1.0,1.0
51,498,0,2,1.0,1.0
52,498,0,2,1.0,1.0
53,498,0,2,1.0,1.0
54,498,0,2,1.0,1.0
55,498,0,2,1.0,1.0
56,498,0,2,1.0,1.0
57,498,0,2,1.0,1.0
58,498,0,2,1.0,1.0
59,498,0,2,1.0,1.0
60,498,0,2,1.0,1.0
61,498,0,2,1.0,1.0
62,498,0,2,1.0,1.0
63,498,0,2,1.0,1.0
64,498,0,2,1.0,1.0
65,498,0,2,1.0,1.0
66,498,0,2,1.0,1.0
67,498,0,2,1.0,1.0
68,498,0,2,1.0,1.0
69,498,0,2,1.0,1.0
70,498,0,2,1.0,1.0
71,498,0,2,1.0,1.0
72,498,0,2,1.0,1.0
73,498,0,2,1.0,1.0
74,498,0,2,1.0,1.0
75,498,0,2,1.0,1.0
76,498,0,2,1.0,1.0
77,498,0,2,1.0,1.0
78,498,0,2,1.0,1.0
79,498,0,2,1.0,1.0
80,498,0,2,1.0,1.0
81,498,0,2,1.0,1.0
82,498,0,2,1.0,1.0
83,498,0,2,1.0,1.0
84,498,0,2,1.0,1.0
85,498,0,2,1.0,1.0
86,498,0,2,1.0,1.0
87,498,0,2,1.0,1.0
88,498,0,2,1.0,1.0
89,498,0,2,1.0,1.0
90,498,0,2,1.0,1.0
91,498,0,2,1.0,1.0
92,498,0,2,1.0,1.0
93,498,0,2,1.0,1.0
94,498,0,2,1.0,1.0
95,498,0,2,1.0,1.0
96,498,0,2,1.0,1.0
97,498,0,2,1.0,1.0
98,498,0,2,1.0,1.0
99,498,0,2,1.0,1.0
100,498,0,2,1.0,1.0
101,498,0,2,1.0,1.0
102,498,0,2,1.0,1.0
103,498,0,2,1.0,1.0
104,498,0,2,1.0,1.0
105,498,0,2,1.0,1.0
106,498,0,2,1.0,1.0
107,498,0,2,1.0,1.0
108,498,0,2,1.0,1.0
109,498,0,2,1.0,1.0
110,498,0,2,1.0,1.0
111,498,0,2,1.0,1.0
112,498,0,2,1.0,1.0
113,498,0,2,1.0,1.0
114,498,0,2,1.0,1.0
115,498,0,2,1.0,1.0
116,498,0,2,1.0,1.0
117,498,0,2,1.0,1.0
118,498,0,2,1.0,1.0
119,498,0,2,1.0,1.0
120,498,0,2,1.0,1.0
121,498,0,2,1.0,1.0
122,498,0,2,1.0,1.0
123,498,0,2,1.0,1.0
124,498,0,2,1.0,1.0
125,498,0,2,1.0,1.0
126,498,0,2,1.0,1.0
127,498,0,2,1.0,1.0
128,498,0,2,1.0,1.0
129,498,0,2,1.0,1.0
130,498,0,2,1.0,1.0
131,498,0,2,1.0,1.0
132,498,0,2,1.0,1.0
133,498,0,2,1.0,1.0
134,498,0,2,1.0,1.0
135,498,0,2,1.0,1.0
136,498,0,2,1.0,1.0
137,498,0,2,1.0,1.0
138,498,0,2,1.0,1.0
139,498,0,2,1.0,1.0
140,498,0,2,1.0,1.0
141,498,0,2,1.0,1.0
142,498,0,2,1.0,1.0
143,498,0,2,1.0,1.0
144,498,0,2,1.0,1.0
145,498,0,2,1.0,1.0
146,498,0,2,1.0,1.0
147,498,0,2,1.0,1.0
148,498,0,2,1.0,1.0
149,498,0,2,1.0,1.0
150,498,0,2,1.0,1.0
151,498,0,2,1.0,1.0
152,498,0,2,1.0,1.0
153,498,0,2,1.0,1.0
154,498,0,2,1.0,1.0
155,498,0,2,1.0,1.0
156,498,0,2,1.0,1.0
157,498,0,2,1.0,1.0
158,498,0,2,1.0,1.0
159,498,0,2,1.0,1.0
160,498,0,2,1.0,1.0
161,498,0,2,1.0,1.0
162,498,0,2,1.0,1.0
163,498,0,2,1.0,1.0
164,498,0,2,1.0,1.0
165,498,0,2,1.0,1.0
166,498,0,2,1.0,1.0
167,498,0,2,1.0,1.0
168,498,0,2,1.0,1.0
169,498,0,2,1.0,1.0
170,498,0,2,1.0,1.0
171,498,0,2,1.0,1.0
172,498,0,2,1.0,1.0
173,498,0,2,1.0,1.0
174,498,0,2,1.0,1.0
175,498,0,2,1.0,1.0
176,498,0,2,1.0,1.0
177,498,0,2,1.0,1.0
178,498,0,2,1.0,1.0
179,498,0,2,1.0,1.0
180,498,0,2,1.0,1.0
181,498,0,2,1.0,1.0
182,498,0,2,1.0,1.0
183,498,0,2,1.0,1.0
184,498,0,2,1.0,1.0
185,498,0,2,1.0,1.0
186,498,0,2,1.0,1.0
187,498,0,2,1.0,1.0
188,498,0,2,1.0,1.0
189,498,0,2,1.0,1.0
190,498,0,2,1.0,1.0
191,498,0,2,1.0,1.0
192,498,0,2,1.0,1.0
193,498,0,2,1.0,1.0
194,498,0,2,1.0,1.0
195,498,0,2,1.0,1.0
196,498,0,2,1.0,1.0
197,498,0,2,1.0,1.0
198,498,0,2,1.0,1.0
199,498,0,2,1.0,1.0
200,498,0,2,1.0,1.0
1,499,1,0,1.0,1.0
2,499,1,0,1.0,1.0
3,499,1,0,1.0,1.0
4,499,1,0,1.0,1.0
5,499,1,0,1.0,1.0
6,499,1,0,1.0,1.0
7,499,1,0,1.0,1.0
8,499,1,0,1.0,1.0
9,498,2,0,0.999,0.9994979919678715
10,498,2,0,0.999,0.9994979919678715
11,498,2,0,0.999,0.9994979919678715
12,498,2,0,0.999,0.9994979919678715
13,498,2,0,0.999,0.9994979919678715
14,498,2,0,0.999,0.9994979919678715
15,498,2,0,0.999,0.9994979919678715
16,498,2,0,0.999,0.9994979919678715
17,498,2,0,0.999,0.9994979919678715
18,497,2,1,0.999,0.9994969818913481
19,496,3,1,0.998,0.998991935483871
20,496,3,1,0.998,0.998991935483871
21,496,3,1,0.998,0.998991935483871
22,496,3,1,0.998,0.998991935483871
23,496,3,1,0.998,0.998991935483871
24,496,3,1,0.998,0.998991935483871
25,495,3,2,0.998,0.998989898989899
26,495,3,2,0.998,0.998989898989899
27,495,3,2,0.998,0.998989898989899
28,494,4,2,0.997,0.9984817813765182
29,494,4,2,0.997,0.9984817813765182
30,493,5,2,0.997,0.9984787018255578
31,493,4,3,0.997,0.9984787018255578
32,493,4,3,0.997,0.9984787018255578
33,493,4,3,0.997,0.9984787018255578
34,492,5,3,0.996,0.9979674796747967
35,492,5,3,0.996,0.9979674796747967
36,492,5,3,0.996,0.9979674796747967
37,492,5,3,0.996,0.9979674796747967
38,492,5,3,0.996,0.9979674796747967
39,492,5,3,0.996,0.9979674796747967
40,492,5,3,0.996,0.9979674796747967
41,492,4,4,0.997,0.9984756097560976
42,491,4,5,0.999,0.9994908350305499
43,491,4,5,0.999,0.9994908350305499
44,491,4,5,0.999,0.9994908350305499
45,491,4,5,0.999,0.9994908350305499
46,491,4,5,0.999,0.9994908350305499
47,491,3,6,1.0,1.0
48,491,3,6,1.0,1.0
49,491,3,6,1.0,1.0
50,491,3,6,1.0,1.0
51,491,3,6,1.0,1.0
52,491,3,6,1.0,1.0
53,491,3,6,1.0,1.0
54,491,3,6,1.0,1.0
55,491,3,6,1.0,1.0
56,491,3,6,1.0,1.0
57,491,3,6,1.0,1.0
58,491,3,6,1.0,1.0
59,491,3,6,1.0,1.0
60,491,3,6,1.0,1.0
61,491,3,6,1.0,1.0
62,491,3,6,1.0,1.0
63,491,2,7,1.0,1.0
64,491,2,7,1.0,1.0
65,490,3,7,1.0,1.0
66,490,3,7,1.0,1.0
67,490,3,7,1.0,1.0
68,490,3,7,1.0,1.0
69,490,3,7,1.0,1.0
70,489,4,7,1.0,1.0
71,489,3,8,1.0,1.0
72,489,2,9,1.0,1.0
73,489,2,9,1.0,1.0
74,489,2,9,1.0,1.0
75,489,2,9,1.0,1.0
76,489,2,9,1.0,1.0
77,489,2,9,1.0,1.0
78,489,2,9,1.0,1.0
79,488,3,9,0.999,0.9994877049180327
80,488,3,9,0.999,0.9994877049180327
81,488,2,10,1.0,1.0
82,488,2,10,1.0,1.0
83,488,2,10,1.0,1.0
84,488,2,10,1.0,1.0
85,488,2,10,1.0,1.0
86,488,2,10,1.0,1.0
87,488,2,10,1.0,1.0
88,488,2,10,1.0,1.0
89,487,3,10,0.999,0.9994866529774127
90,487,3,10,0.999,0.9994866529774127
91,487,2,11,1.0,1.0
92,487,2,11,1.0,1.0
93,487,2,11,1.0,1.0
94,487,2,11,1.0,1.0
95,486,3,11,0.999,0.9993141289437585
96,486,3,11,0.999,0.9993141289437585
97,486,3,11,0.999,0.9993141289437585
98,486,3,11,0.999,0.9993141289437585
99,486,2,12,1.0,1.0
100,486,2,12,1.0,1.0
101,486,2,12,1.0,1.0
102,486,2,12,1.0,1.0
103,486,2,12,1.0,1.0
104,486,2,12,1.0,1.0
105,486,2,12,1.0,1.0
106,486,1,13,1.0,1.0
107,485,1,14,1.0,1.0
108,485,1,14,1.0,1.0
109,485,1,14,1.0,1.0
110,485,1,14,1.0,1.0
111,484,2,14,0.999,0.9993112947658401
112,484,2,14,0.999,0.9993112947658401
113,484,1,15,1.0,1.0
114,484,1,15,1.0,1.0
115,484,1,15,1.0,1.0
116,483,1,16,1.0,1.0
117,483,1,16,1.0,1.0
118,483,1,16,1.0,1.0
119,483,1,16,1.0,1.0
120,483,0,17,1.0,1.0
121,483,0,17,1.0,1.0
122,483,0,17,1.0,1.0
123,483,0,17,1.0,1.0
124,483,0,17,1.0,1.0
125,483,0,17,1.0,1.0
126,483,0,17,1.0,1.0
127,483,0,17,1.0,1.0
128,483,0,17,1.0,1.0
129,483,0,17,1.0,1.0
130,483,0,17,1.0,1.0
131,483,0,17,1.0,1.0
132,483,0,17,1.0,1.0
133,483,0,17,1.0,1.0
134,483,0,17,1.0,1.0
135,483,0,17,1.0,1.0
136,483,0,17,1.0,1.0
137,483,0,17,1.0,1.0
138,483,0,17,1.0,1.0
139,483,0,17,1.0,1.0
140,483,0,17,1.0,1.0
141,483,0,17,1.0,1.0
142,483,0,17,1.0,1.0
143,483,0,17,1.0,1.0
144,483,0,17,1.0,1.0
145,483,0,17,1.0,1.0
146,483,0,17,1.0,1.0
147,483,0,17,1.0,1.0
148,483,0,17,1.0,1.0
149,483,0,17,1.0,1.0
150,483,0,17,1.0,1.0
151,483,0,17,1.0,1.0
152,483,0,17,1.0,1.0
153,483,0,17,1.0,1.0
154,483,0,17,1.0,1.0
155,483,0,17,1.0,1.0
156,483,0,17,1.0,1.0
157,483,0,17,1.0,1.0
158,483,0,17,1.0,1.0
159,483,0,17,1.0,1.0
160,483,0,17,1.0,1.0
161,483,0,17,1.0,1.0
162,483,0,17,1.0,1.0
163,483,0,17,1.0,1.0
164,483,0,17,1.0,1.0
165,483,0,17,1.0,1.0
166,483,0,17,1.0,1.0
167,483,0,17,1.0,1.0
168,483,0,17,1.0,1.0
169,483,0,17,1.0,1.0
170,483,0,17,1.0,1.0
171,483,0,17,1.0,1.0
172,483,0,17,1.0,1.0
173,483,0,17,1.0,1.0
174,483,0,17,1.0,1.0
175,483,0,17,1.0,1.0
176,483,0,17,1.0,1.0
177,483,0,17,1.0,1.0
178,483,0,17,1.0,1.0
179,483,0,17,1.0,1.0
180,483,0,17,1.0,1.0
181,483,0,17,1.0,1.0
182,483,0,17,1.0,1.0
183,483,0,17,1.0,1.0
184,483,0,17,1.0,1.0
185,483,0,17,1.0,1.0
186,483,0,17,1.0,1.0
187,483,0,17,1.0,1.0
188,483,0,17,1.0,1.0
189,483,0,17,1.0,1.0
190,483,0,17,1.0,1.0
191,483,0,17,1.0,1.0
192,483,0,17,1.0,1.0
193,483,0,17,1.0,1.0
194,483,0,17,1.0,1.0
195,483,0,17,1.0,1.0
196,483,0,17,1.0,1.0
197,483,0,17,1.0,1.0
198,483,0,17,1.0,1.0
199,483,0,17,1.0,1.0
200,483,0,17,1.0,1.0
1,499,1,0,1.0,1.0
2,499,1,0,1.0,1.0
3,499,1,0,1.0,1.0
4,499,1,0,1.0,1.0
5,499,1,0,1.0,1.0
6,499,1,0,1.0,1.0
7,499,1,0,1.0,1.0
8,499,1,0,1.0,1.0
9,498,2,0,0.999,0.9994979919678715
10,498,2,0,0.999,0.9994979919678715
11,498,2,0,0.999,0.9994979919678715
12,497,2,1,0.999,0.9994969818913481
13,497,2,1,0.999,0.9994969818913481
14,497,2,1,0.999,0.9994969818913481
15,496,3,1,0.999,0.9994959677419355
16,496,3,1,0.999,0.9994959677419355
17,496,3,1,0.999,0.9994959677419355
18,496,3,1,0.999,0.9994959677419355
19,496,3,1,0.999,0.9994959677419355
20,496,3,1,0.999,0.9994959677419355
21,496,3,1,0.999,0.9994959677419355
22,495,4,1,0.998,0.998989898989899
23,495,2,3,0.999,0.9994949494949495
24,494,3,3,0.999,0.9995951417004049
25,494,3,3,0.999,0.9995951417004049
26,494,3,3,0.999,0.9995951417004049
27,494,3,3,0.999,0.9995951417004049
28,494,3,3,0.999,0.9995951417004049
29,494,3,3,0.999,0.9995951417004049
30,494,3,3,0.999,0.9995951417004049
31,494,3,3,0.999,0.9995951417004049
32,494,3,3,0.999,0.9995951417004049
33,494,3,3,0.999,0.9995951417004049
34,494,3,3,0.999,0.9995951417004049
35,494,2,4,1.0,1.0
36,494,2,4,1.0,1.0
37,494,2,4,1.0,1.0
38,494,2,4,1.0,1.0
39,494,2,4,1.0,1.0
40,493,3,4,1.0,1.0
41,493,1,6,1.0,1.0
42,493,1,6,1.0,1.0
43,493,1,6,1.0,1.0
44,493,1,6,1.0,1.0
45,493,1,6,1.0,1.0
46,493,1,6,1.0,1.0
47,493,1,6,1.0,1.0
48,493,1,6,1.0,1.0
49,493,1,6,1.0,1.0
50,493,1,6,1.0,1.0
51,493,0,7,1.0,1.0
52,493,0,7,1.0,1.0
53,493,0,7,1.0,1.0
54,493,0,7,1.0,1.0
55,493,0,7,1.0,1.0
56,493,0,7,1.0,1.0
57,493,0,7,1.0,1.0
58,493,0,7,1.0,1.0
59,493,0,7,1.0,1.0
60,493,0,7,1.0,1.0
61,493,0,7,1.0,1.0
62,493,0,7,1.0,1.0
63,493,0,7,1.0,1.0
64,493,0,7,1.0,1.0
65,493,0,7,1.0,1.0
66,493,0,7,1.0,1.0
67,493,0,7,1.0,1.0
68,493,0,7,1.0,1.0
69,493,0,7,1.0,1.0
70,493,0,7,1.0,1.0
71,493,0,7,1.0,1.0
72,493,0,7,1.0,1.0
73,493,0,7,1.0,1.0
74,493,0,7,1.0,1.0
75,493,0,7,1.0,1.0
76,493,0,7,1.0,1.0
77,493,0,7,1.0,1.0
78,493,0,7,1.0,1.0
79,493,0,7,1.0,1.0
80,493,0,7,1.0,1.0
81,493,0,7,1.0,1.0
82,493,0,7,1.0,1.0
83,493,0,7,1.0,1.0
84,493,0,7,1.0,1.0
85,493,0,7,1.0,1.0
86,493,0,7,1.0,1.0
87,493,0,7,1.0,1.0
88,493,0,7,1.0,1.0
89,493,0,7,1.0,1.0
90,493,0,7,1.0,1.0
91,493,0,7,1.0,1.0
92,493,0,7,1.0,1.0
93,493,0,7,1.0,1.0
94,493,0,7,1.0,1.0
95,493,0,7,1.0,1.0
96,493,0,7,1.0,1.0
97,493,0,7,1.0,1.0
98,493,0,7,1.0,1.0
99,493,0,7,1.0,1.0
100,493,0,7,1.0,1.0
101,493,0,7,1.0,1.0
102,493,0,7,1.0,1.0
103,493,0,7,1.0,1.0
104,493,0,7,1.0,1.0
105,493,0,7,1.0,1.0
106,493,0,7,1.0,1.0
107,493,0,7,1.0,1.0
108,493,0,7,1.0,1.0
109,493,0,7,1.0,1.0
110,493,0,7,1.0,1.0
111,493,0,7,1.0,1.0
112,493,0,7,1.0,1.0
113,493,0,7,1.0,1.0
114,493,0,7,1.0,1.0
115,493,0,7,1.0,1.0
116,493,0,7,1.0,1.0
117,493,0,7,1.0,1.0
118,493,0,7,1.0,1.0
119,493,0,7,1.0,1.0
120,493,0,7,1.0,1.0
121,493,0,7,1.0,1.0
122,493,0,7,1.0,1.0
123,493,0,7,1.0,1.0
124,493,0,7,1.0,1.0
125,493,0,7,1.0,1.0
126,493,0,7,1.0,1.0
127,493,0,7,1.0,1.0
128,493,0,7,1.0,1.0
129,493,0,7,1.0,1.0
130,493,0,7,1.0,1.0
131,493,0,7,1.0,1.0
132,493,0,7,1.0,1.0
133,493,0,7,1.0,1.0
134,493,0,7,1.0,1.0
135,493,0,7,1.0,1.0
136,493,0,7,1.0,1.0
137,493,0,7,1.0,1.0
138,493,0,7,1.0,1.0
139,493,0,7,1.0,1.0
140,493,0,7,1.0,1.0
141,493,0,7,1.0,1.0
142,493,0,7,1.0,1.0
143,493,0,7,1.0,1.0
144,493,0,7,1.0,1.0
145,493,0,7,1.0,1.0
146,493,0,7,1.0,1.0
147,493,0,7,1.0,1.0
148,493,0,7,1.0,1.0
149,493,0,7,1.0,1.0
150,493,0,7,1.0,1.0
151,493,0,7,1.0,1.0
152,493,0,7,1.0,1.0
153,493,0,7,1.0,1.0
154,493,0,7,1.0,1.0
155,493,0,7,1.0,1.0
156,493,0,7,1.0,1.0
157,493,0,7,1.0,1.0
158,493,0,7,1.0,1.0
159,493,0,7,1.0,1.0
160,493,0,7,1.0,1.0
161,493,0,7,1.0,1.0
162,493,0,7,1.0,1.0
163,493,0,7,1.0,1.0
164,493,0,7,1.0,1.0
165,493,0,7,1.0,1.0
166,493,0,7,1.0,1.0
167,493,0,7,1.0,1.0
168,493,0,7,1.0,1.0
169,493,0,7,1.0,1.0
170,493,0,7,1.0,1.0
171,493,0,7,1.0,1.0
172,493,0,7,1.0,1.0
173,493,0,7,1.0,1.0
174,493,0,7,1.0,1.0
175,493,0,7,1.0,1.0
176,493,0,7,1.0,1.0
177,493,0,7,1.0,1.0
178,493,0,7,1.0,1.0
179,493,0,7,1.0,1.0
180,493,0,7,1.0,1.0
181,493,0,7,1.0,1.0
182,493,0,7,1.0,1.0
183,493,0,7,1.0,1.0
184,493,0,7,1.0,1.0
185,493,0,7,1.0,1.0
186,493,0,7,1.0,1.0
187,493,0,7,1.0,1.0
188,493,0,7,1.0,1.0
189,493,0,7,1.0,1.0
190,493,0,7,1.0,1.0
191,493,0,7,1.0,1.0
192,493,0,7,1.0,1.0
193,493,0,7,1.0,1.0
194,493,0,7,1.0,1.0
195,493,0,7,1.0,1.0
196,493,0,7,1.0,1.0
197,493,0,7,1.0,1.0
198,493,0,7,1.0,1.0
199,493,0,7,1.0,1.0
200,493,0,7,1.0,1.0
1,499,1,0,1.0,1.0
2,499,1,0,1.0,1.0
3,499,1,0,1.0,1.0
4,499,1,0,1.0,1.0
5,499,1,0,1.0,1.0
6,498,2,0,0.999,0.9994979919678715
7,498,2,0,0.999,0.9994979919678715
8,498,2,0,0.999,0.9994979919678715
9,497,3,0,0.997,0.9984909456740443
10,496,4,0,0.996,0.9979838709677419
11,496,3,1,0.997,0.9984879032258065
12,496,3,1,0.997,0.9984879032258065
13,496,3,1,0.997,0.9984879032258065
14,496,3,1,0.997,0.9984879032258065
15,496,3,1,0.997,0.9984879032258065
16,495,4,1,0.998,0.998989898989899
17,495,4,1,0.998,0.998989898989899
18,495,4,1,0.998,0.998989898989899
19,495,4,1,0.998,0.998989898989899
20,495,4,1,0.998,0.998989898989899
21,494,5,1,0.999,0.9994939271255061
22,494,4,2,0.999,0.9994939271255061
23,494,4,2,0.999,0.9994939271255061
24,494,4,2,0.999,0.9994939271255061
25,494,4,2,0.999,0.9994939271255061
26,494,3,3,1.0,1.0
27,494,3,3,1.0,1.0
28,494,3,3,1.0,1.0
29,494,3,3,1.0,1.0
30,494,3,3,1.0,1.0
31,494,3,3,1.0,1.0
32,494,3,3,1.0,1.0
33,494,3,3,1.0,1.0
34,494,3,3,1.0,1.0
35,494,3,3,1.0,1.0
36,494,3,3,1.0,1.0
37,494,3,3,1.0,1.0
38,494,3,3,1.0,1.0
39,494,3,3,1.0,1.0
40,494,2,4,1.0,1.0
41,494,2,4,1.0,1.0
42,494,2,4,1.0,1.0
43,494,2,4,1.0,1.0
44,494,2,4,1.0,1.0
45,494,2,4,1.0,1.0
46,493,2,5,1.0,1.0
47,493,2,5,1.0,1.0
48,493,2,5,1.0,1.0
49,493,2,5,1.0,1.0
50,493,2,5,1.0,1.0
51,493,2,5,1.0,1.0
52,493,0,7,1.0,1.0
53,493,0,7,1.0,1.0
54,493,0,7,1.0,1.0
55,493,0,7,1.0,1.0
56,493,0,7,1.0,1.0
57,493,0,7,1.0,1.0
58,493,0,7,1.0,1.0
59,493,0,7,1.0,1.0
60,493,0,7,1.0,1.0
61,493,0,7,1.0,1.0
62,493,0,7,1.0,1.0
63,493,0,7,1.0,1.0
64,493,0,7,1.0,1.0
65,493,0,7,1.0,1.0
66,493,0,7,1.0,1.0
67,493,0,7,1.0,1.0
68,493,0,7,1.0,1.0
69,493,0,7,1.0,1.0
70,493,0,7,1.0,1.0
71,493,0,7,1.0,1.0
72,493,0,7,1.0,1.0
73,493,0,7,1.0,1.0
74,493,0,7,1.0,1.0
75,493,0,7,1.0,1.0
76,493,0,7,1.0,1.0
77,493,0,7,1.0,1.0
78,493,0,7,1.0,1.0
79,493,0,7,1.0,1.0
80,493,0,7,1.0,1.0
81,493,0,7,1.0,1.0
82,493,0,7,1.0,1.0
83,493,0,7,1.0,1.0
84,493,0,7,1.0,1.0
85,493,0,7,1.0,1.0
86,493,0,7,1.0,1.0
87,493,0,7,1.0,1.0
88,493,0,7,1.0,1.0
89,493,0,7,1.0,1.0
90,493,0,7,1.0,1.0
91,493,0,7,1.0,1.0
92,493,0,7,1.0,1.0
93,493,0,7,1.0,1.0
94,493,0,7,1.0,1.0
95,493,0,7,1.0,1.0
96,493,0,7,1.0,1.0
97,493,0,7,1.0,1.0
98,493,0,7,1.0,1.0
99,493,0,7,1.0,1.0
100,493,0,7,1.0,1.0
101,493,0,7,1.0,1.0
102,493,0,7,1.0,1.0
103,493,0,7,1.0,1.0
104,493,0,7,1.0,1.0
105,493,0,7,1.0,1.0
106,493,0,7,1.0,1.0
107,493,0,7,1.0,1.0
108,493,0,7,1.0,1.0
109,493,0,7,1.0,1.0
110,493,0,7,1.0,1.0
111,493,0,7,1.0,1.0
112,493,0,7,1.0,1.0
113,493,0,7,1.0,1.0
114,493,0,7,1.0,1.0
115,493,0,7,1.0,1.0
116,493,0,7,1.0,1.0
117,493,0,7,1.0,1.0
118,493,0,7,1.0,1.0
119,493,0,7,1.0,1.0
120,493,0,7,1.0,1.0
121,493,0,7,1.0,1.0
122,493,0,7,1.0,1.0
123,493,0,7,1.0,1.0
124,493,0,7,1.0,1.0
125,493,0,7,1.0,1.0
126,493,0,7,1.0,1.0
127,493,0,7,1.0,1.0
128,493,0,7,1.0,1.0
129,493,0,7,1.0,1.0
130,493,0,7,1.0,1.0
131,493,0,7,1.0,1.0
132,493,0,7,1.0,1.0
133,493,0,7,1.0,1.0
134,493,0,7,1.0,1.0
135,493,0,7,1.0,1.0
136,493,0,7,1.0,1.0
137,493,0,7,1.0,1.0
138,493,0,7,1.0,1.0
139,493,0,7,1.0,1.0
140,493,0,7,1.0,1.0
141,493,0,7,1.0,1.0
142,493,0,7,1.0,1.0
143,493,0,7,1.0,1.0
144,493,0,7,1.0,1.0
145,493,0,7,1.0,1.0
146,493,0,7,1.0,1.0
147,493,0,7,1.0,1.0
148,493,0,7,1.0,1.0
149,493,0,7,1.0,1.0
150,493,0,7,1.0,1.0
151,493,0,7,1.0,1.0
152,493,0,7,1.0,1.0
153,493,0,7,1.0,1.0
154,493,0,7,1.0,1.0
155,493,0,7,1.0,1.0
156,493,0,7,1.0,1.0
157,493,0,7,1.0,1.0
158,493,0,7,1.0,1.0
159,493,0,7,1.0,1.0
160,493,0,7,1.0,1.0
161,493,0,7,1.0,1.0
162,493,0,7,1.0,1.0
163,493,0,7,1.0,1.0
164,493,0,7,1.0,1.0
165,493,0,7,1.0,1.0
166,493,0,7,1.0,1.0
167,493,0,7,1.0,1.0
168,493,0,7,1.0,1.0
169,493,0,7,1.0,1.0
170,493,0,7,1.0,1.0
171,493,0,7,1.0,1.0
172,493,0,7,1.0,1.0
173,493,0,7,1.0,1.0
174,493,0,7,1.0,1.0
175,493,0,7,1.0,1.0
176,493,0,7,1.0,1.0
177,493,0,7,1.0,1.0
178,493,0,7,1.0,1.0
179,493,0,7,1.0,1.0
180,493,0,7,1.0,1.0
181,493,0,7,1.0,1.0
182,493,0,7,1.0,1.0
183,493,0,7,1.0,1.0
184,493,0,7,1.0,1.0
185,493,0,7,1.0,1.0
186,493,0,7,1.0,1.0
187,493,0,7,1.0,1.0
188,493,0,7,1.0,1.0
189,493,0,7,1.0,1.0
190,493,0,7,1.0,1.0
191,493,0,7,1.0,1.0
192,493,0,7,1.0,1.0
193,493,0,7,1.0,1.0
194,493,0,7,1.0,1.0
195,493,0,7,1.0,1.0
196,493,0,7,1.0,1.0
197,493,0,7,1.0,1.0
198,493,0,7,1.0,1.0
199,493,0,7,1.0,1.0
200,493,0,7,1.0,1.0
1,499,1,0,1.0,1.0
2,499,1,0,1.0,1.0
3,498,2,0,0.999,0.9994979919678715
4,498,2,0,0.999,0.9994979919678715
5,498,2,0,0.999,0.9994979919678715
6,498,2,0,0.999,0.9994979919678715
7,498,2,0,0.999,0.9994979919678715
8,498,2,0,0.999,0.9994979919678715
9,497,3,0,0.998,0.9989939637826962
10,496,4,0,0.996,0.9979838709677419
11,496,4,0,0.996,0.9979838709677419
12,496,4,0,0.996,0.9979838709677419
13,496,4,0,0.996,0.9979838709677419
14,496,4,0,0.996,0.9979838709677419
15,495,5,0,0.994,0.996969696969697
16,493,7,0,0.995,0.9974645030425964
17,493,6,1,0.995,0.9974645030425964
18,492,6,2,0.996,0.9979674796747967
19,491,7,2,0.995,0.9974541751527495
20,490,7,3,0.998,0.9989795918367347
21,490,6,4,0.998,0.9989795918367347
22,488,8,4,0.999,0.9994877049180327
23,488,8,4,0.999,0.9994877049180327
24,488,8,4,0.999,0.9994877049180327
25,488,8,4,0.999,0.9994877049180327
26,488,8,4,0.999,0.9994877049180327
27,487,9,4,0.998,0.9989733059548255
28,486,9,5,0.998,0.9989711934156379
29,486,9,5,0.998,0.9989711934156379
30,486,8,6,0.998,0.9989711934156379
31,486,8,6,0.998,0.9989711934156379
32,485,8,7,0.998,0.9989690721649485
33,485,8,7,0.998,0.9989690721649485
34,485,8,7,0.998,0.9989690721649485
35,485,8,7,0.998,0.9989690721649485
36,485,8,7,0.998,0.9989690721649485
37,485,7,8,0.998,0.9989690721649485
38,485,7,8,0.998,0.9989690721649485
39,485,6,9,0.998,0.9989690721649485
40,483,8,9,0.999,0.9994824016563147
41,483,8,9,0.999,0.9994824016563147
42,482,9,9,0.999,0.9994813278008299
43,482,9,9,0.999,0.9994813278008299
44,482,9,9,0.999,0.9994813278008299
45,481,9,10,0.999,0.9994802494802495
46,481,9,10,0.999,0.9994802494802495
47,481,9,10,0.999,0.9994802494802495
48,480,10,10,0.997,0.9984375
49,480,10,10,0.997,0.9984375
50,480,10,10,0.997,0.9984375
51,480,10,10,0.997,0.9984375
52,480,10,10,0.997,0.9984375
53,480,10,10,0.997,0.9984375
54,480,9,11,0.997,0.9984375
55,480,9,11,0.997,0.9984375
56,480,9,11,0.997,0.9984375
57,480,8,12,0.997,0.9984375
58,479,8,13,0.999,0.9994780793319415
59,479,8,13,0.999,0.9994780793319415
60,479,8,13,0.999,0.9994780793319415
61,479,8,13,0.999,0.9994780793319415
62,479,8,13,0.999,0.9994780793319415
63,479,8,13,0.999,0.9994780793319415
64,479,7,14,0.999,0.9994780793319415
65,479,7,14,0.999,0.9994780793319415
66,479,7,14,0.999,0.9994780793319415
67,479,7,14,0.999,0.9994780793319415
68,478,8,14,0.998,0.9989539748953975
69,478,8,14,0.998,0.9989539748953975
70,478,8,14,0.998,0.9989539748953975
71,478,7,15,0.999,0.9994769874476988
72,478,7,15,0.999,0.9994769874476988
73,478,7,15,0.999,0.9994769874476988
74,477,8,15,0.999,0.999475890985325
75,477,8,15,0.999,0.999475890985325
76,476,9,15,0.998,0.9989495798319328
77,476,9,15,0.998,0.9989495798319328
78,476,9,15,0.998,0.9989495798319328
79,476,9,15,0.998,0.9989495798319328
80,476,9,15,0.998,0.9989495798319328
81,476,9,15,0.998,0.9989495798319328
82,476,9,15,0.998,0.9989495798319328
83,476,8,16,0.998,0.9989495798319328
84,476,8,16,0.998,0.9989495798319328
85,475,8,17,0.998,0.9989473684210526
86,474,9,17,0.997,0.9984177215189873
87,474,9,17,0.997,0.9984177215189873
88,474,8,18,0.998,0.9989451476793249
89,474,6,20,0.998,0.9989451476793249
90,473,6,21,0.999,0.9994714587737844
91,473,6,21,0.999,0.9994714587737844
92,473,5,22,1.0,1.0
93,473,5,22,1.0,1.0
94,473,5,22,1.0,1.0
95,473,4,23,1.0,1.0
96,473,4,23,1.0,1.0
97,473,4,23,1.0,1.0
98,473,4,23,1.0,1.0
99,473,4,23,1.0,1.0
100,473,4,23,1.0,1.0
101,473,3,24,1.0,1.0
102,473,3,24,1.0,1.0
103,473,3,24,1.0,1.0
104,473,3,24,1.0,1.0
105,473,3,24,1.0,1.0
106,472,4,24,1.0,1.0
107,472,4,24,1.0,1.0
108,472,4,24,1.0,1.0
109,471,5,24,1.0,1.0
110,471,5,24,1.0,1.0
111,471,5,24,1.0,1.0
112,471,5,24,1.0,1.0
113,471,5,24,1.0,1.0
114,471,5,24,1.0,1.0
115,471,5,24,1.0,1.0
116,471,5,24,1.0,1.0
117,471,5,24,1.0,1.0
118,471,4,25,1.0,1.0
119,471,4,25,1.0,1.0
120,470,5,25,0.999,0.9992907801418439
121,470,5,25,0.999,0.9992907801418439
122,470,5,25,0.999,0.9992907801418439
123,470,5,25,0.999,0.9992907801418439
124,470,4,26,1.0,1.0
125,470,4,26,1.0,1.0
126,469,5,26,1.0,1.0
127,468,6,26,1.0,1.0
128,468,5,27,1.0,1.0
129,468,5,27,1.0,1.0
130,467,6,27,1.0,1.0
131,467,6,27,1.0,1.0
132,467,6,27,1.0,1.0
133,467,6,27,1.0,1.0
134,467,5,28,1.0,1.0
135,467,4,29,1.0,1.0
136,467,4,29,1.0,1.0
137,467,4,29,1.0,1.0
138,467,4,29,1.0,1.0
139,467,4,29,1.0,1.0
140,467,4,29,1.0,1.0
141,466,5,29,0.999,0.9994635193133047
142,466,4,30,0.999,0.9994635193133047
143,466,4,30,0.999,0.9994635193133047
144,466,4,30,0.999,0.9994635193133047
145,466,4,30,0.999,0.9994635193133047
146,466,4,30,0.999,0.9994635193133047
147,466,4,30,0.999,0.9994635193133047
148,466,4,30,0.999,0.9994635193133047
149,466,4,30,0.999,0.9994635193133047
150,466,4,30,0.999,0.9994635193133047
151,466,4,30,0.999,0.9994635193133047
152,466,4,30,0.999,0.9994635193133047
153,466,2,32,1.0,1.0
154,466,2,32,1.0,1.0
155,466,2,32,1.0,1.0
156,466,2,32,1.0,1.0
157,465,3,32,0.999,0.9994623655913979
158,465,3,32,0.999,0.9994623655913979
159,465,3,32,0.999,0.9994623655913979
160,465,3,32,0.999,0.9994623655913979
161,465,3,32,0.999,0.9994623655913979
162,465,2,33,1.0,1.0
163,465,1,34,1.0,1.0
164,465,1,34,1.0,1.0
165,465,1,34,1.0,1.0
166,465,1,34,1.0,1.0
167,465,1,34,1.0,1.0
168,465,1,34,1.0,1.0
169,465,1,34,1.0,1.0
170,465,0,35,1.0,1.0
171,465,0,35,1.0,1.0
172,465,0,35,1.0,1.0
173,465,0,35,1.0,1.0
174,465,0,35,1.0,1.0
175,465,0,35,1.0,1.0
176,465,0,35,1.0,1.0
177,465,0,35,1.0,1.0
178,465,0,35,1.0,1.0
179,465,0,35,1.0,1.0
180,465,0,35,1.0,1.0
181,465,0,35,1.0,1.0
182,465,0,35,1.0,1.0
183,465,0,35,1.0,1.0
184,465,0,35,1.0,1.0
185,465,0,35,1.0,1.0
186,465,0,35,1.0,1.0
187,465,0,35,1.0,1.0
188,465,0,35,1.0,1.0
189,465,0,35,1.0,1.0
190,465,0,35,1.0,1.0
191,465,0,35,1.0,1.0
192,465,0,35,1.0,1.0
193,465,0,35,1.0,1.0
194,465,0,35,1.0,1.0
195,465,0,35,1.0,1.0
196,465,0,35,1.0,1.0
197,465,0,35,1.0,1.0
198,465,0,35,1.0,1.0
199,465,0,35,1.0,1.0
200,465,0,35,1.0,1.0
1,499,1,0,1.0,1.0
2,499,1,0,1.0,1.0
3,499,1,0,1.0,1.0
4,498,2,0,0.999,0.9994979919678715
5,498,2,0,0.999,0.9994979919678715
6,498,2,0,0.999,0.9994979919678715
7,498,2,0,0.999,0.9994979919678715
8,497,2,1,0.999,0.9994969818913481
9,496,3,1,0.998,0.998991935483871
10,496,3,1,0.998,0.998991935483871
11,494,5,1,0.998,0.9989878542510121
12,494,5,1,0.998,0.9989878542510121
13,493,5,2,0.998,0.9989858012170385
14,493,4,3,0.998,0.9989858012170385
15,493,4,3,0.998,0.9989858012170385
16,492,5,3,0.997,0.9985772357723578
17,492,5,3,0.997,0.9985772357723578
18,492,5,3,0.997,0.9985772357723578
19,492,4,4,0.999,0.9994918699186992
20,492,4,4,0.999,0.9994918699186992
21,491,5,4,0.998,0.9989816700610998
22,491,5,4,0.998,0.9989816700610998
23,491,5,4,0.998,0.9989816700610998
24,491,5,4,0.998,0.9989816700610998
25,491,5,4,0.998,0.9989816700610998
26,491,5,4,0.998,0.9989816700610998
27,491,5,4,0.998,0.9989816700610998
28,491,5,4,0.998,0.9989816700610998
29,491,5,4,0.998,0.9989816700610998
30,489,7,4,0.996,0.9979550102249489
31,488,8,4,0.994,0.9969262295081968
32,488,8,4,0.994,0.9969262295081968
33,488,8,4,0.994,0.9969262295081968
34,487,9,4,0.993,0.9964065708418891
35,485,11,4,0.992,0.9958762886597938
36,485,11,4,0.992,0.9958762886597938
37,485,11,4,0.992,0.9958762886597938
38,484,11,5,0.992,0.9958677685950413
39,484,10,6,0.993,0.9963842975206612
40,484,10,6,0.993,0.9963842975206612
41,484,10,6,0.993,0.9963842975206612
42,484,10,6,0.993,0.9963842975206612
43,484,9,7,0.994,0.996900826446281
44,484,9,7,0.994,0.996900826446281
45,484,8,8,0.995,0.9974173553719008
46,484,8,8,0.995,0.9974173553719008
47,483,9,8,0.995,0.9974120082815735
48,483,9,8,0.995,0.9974120082815735
49,482,10,8,0.993,0.9964730290456432
50,482,9,9,0.994,0.9969917012448133
51,482,9,9,0.994,0.9969917012448133
52,482,9,9,0.994,0.9969917012448133
53,481,9,10,0.995,0.9975051975051975
54,481,9,10,0.995,0.9975051975051975
55,481,9,10,0.995,0.9975051975051975
56,481,8,11,0.996,0.998024948024948
57,481,8,11,0.996,0.998024948024948
58,481,8,11,0.996,0.998024948024948
59,480,8,12,0.996,0.9980208333333334
60,478,10,12,0.997,0.9985355648535565
61,478,10,12,0.997,0.9985355648535565
62,478,10,12,0.997,0.9985355648535565
63,478,9,13,0.997,0.9985355648535565
64,478,9,13,0.997,0.9985355648535565
65,478,9,13,0.997,0.9985355648535565
66,477,9,14,0.997,0.9985324947589099
67,477,9,14,0.997,0.9985324947589099
68,477,9,14,0.997,0.9985324947589099
69,477,9,14,0.997,0.9985324947589099
70,477,8,15,0.999,0.999475890985325
71,476,9,15,1.0,1.0
72,476,9,15,1.0,1.0
73,476,9,15,1.0,1.0
74,476,9,15,1.0,1.0
75,476,8,16,1.0,1.0
76,476,6,18,1.0,1.0
77,475,7,18,0.999,0.9994736842105263
78,474,8,18,0.999,0.9994725738396625
79,474,7,19,0.999,0.9994725738396625
80,474,6,20,0.999,0.9994725738396625
81,473,7,20,0.998,0.9989429175475687
82,473,7,20,0.998,0.9989429175475687
83,471,9,20,0.997,0.9984076433121019
84,471,9,20,0.997,0.9984076433121019
85,471,9,20,0.997,0.9984076433121019
86,471,9,20,0.997,0.9984076433121019
87,470,10,20,0.997,0.9984042553191489
88,470,9,21,0.997,0.9984042553191489
89,470,8,22,0.997,0.9984042553191489
90,469,9,22,0.997,0.9984008528784648
91,468,10,22,0.996,0.9978632478632479
92,467,11,22,0.994,0.9967880085653105
93,467,11,22,0.994,0.9967880085653105
94,465,12,23,0.994,0.9967741935483871
95,463,13,24,0.995,0.9973002159827213
96,462,13,25,0.995,0.9972943722943723
97,462,13,25,0.995,0.9972943722943723
98,462,12,26,0.995,0.9972943722943723
99,461,11,28,0.995,0.9972885032537961
100,461,10,29,0.995,0.9972885032537961
101,460,11,29,0.995,0.9972826086956522
102,459,9,32,0.997,0.9983660130718954
103,459,9,32,0.997,0.9983660130718954
104,459,9,32,0.997,0.9983660130718954
105,459,6,35,0.998,0.9989106753812637
106,459,6,35,0.998,0.9989106753812637
107,458,5,37,1.0,1.0
108,458,4,38,1.0,1.0
109,458,4,38,1.0,1.0
110,458,4,38,1.0,1.0
111,458,4,38,1.0,1.0
112,458,4,38,1.0,1.0
113,458,4,38,1.0,1.0
114,458,4,38,1.0,1.0
115,458,4,38,1.0,1.0
116,458,4,38,1.0,1.0
117,458,4,38,1.0,1.0
118,458,4,38,1.0,1.0
119,458,4,38,1.0,1.0
120,458,3,39,1.0,1.0
121,458,3,39,1.0,1.0
122,458,3,39,1.0,1.0
123,458,3,39,1.0,1.0
124,458,2,40,1.0,1.0
125,458,2,40,1.0,1.0
126,458,2,40,1.0,1.0
127,458,2,40,1.0,1.0
128,458,2,40,1.0,1.0
129,458,2,40,1.0,1.0
130,458,2,40,1.0,1.0
131,458,2,40,1.0,1.0
132,458,2,40,1.0,1.0
133,458,2,40,1.0,1.0
134,458,1,41,1.0,1.0
135,458,1,41,1.0,1.0
136,458,1,41,1.0,1.0
137,458,1,41,1.0,1.0
138,458,1,41,1.0,1.0
139,458,1,41,1.0,1.0
140,458,1,41,1.0,1.0
141,458,1,41,1.0,1.0
142,458,1,41,1.0,1.0
143,458,1,41,1.0,1.0
144,458,1,41,1.0,1.0
145,458,1,41,1.0,1.0
146,458,1,41,1.0,1.0
147,458,1,41,1.0,1.0
148,458,1,41,1.0,1.0
149,458,1,41,1.0,1.0
150,458,1,41,1.0,1.0
151,458,1,41,1.0,1.0
152,458,1,41,1.0,1.0
153,458,1,41,1.0,1.0
154,458,1,41,1.0,1.0
155,458,1,41,1.0,1.0
156,458,1,41,1.0,1.0
157,458,1,41,1.0,1.0
158,458,1,41,1.0,1.0
159,458,1,41,1.0,1.0
160,458,1,41,1.0,1.0
161,458,1,41,1.0,1.0
162,458,1,41,1.0,1.0
163,458,1,41,1.0,1.0
164,458,1,41,1.0,1.0
165,458,1,41,1.0,1.0
166,458,1,41,1.0,1.0
167,458,1,41,1.0,1.0
168,458,1,41,1.0,1.0
169,458,1,41,1.0,1.0
170,458,1,41,1.0,1.0
171,458,1,41,1.0,1.0
172,458,1,41,1.0,1.0
173,458,1,41,1.0,1.0
174,458,1,41,1.0,1.0
175,458,1,41,1.0,1.0
176,458,1,41,1.0,1.0
177,458,1,41,1.0,1.0
178,458,1,41,1.0,1.0
179,458,1,41,1.0,1.0
180,458,1,41,1.0,1.0
181,458,1,41,1.0,1.0
182,458,1,41,1.0,1.0
183,458,1,41,1.0,1.0
184,458,1,41,1.0,1.0
185,458,1,41,1.0,1.0
186,458,1,41,1.0,1.0
187,458,1,41,1.0,1.0
188,458,1,41,1.0,1.0
189,458,1,41,1.0,1.0
190,458,1,41,1.0,1.0
191,458,1,41,1.0,1.0
192,458,1,41,1.0,1.0
193,458,1,41,1.0,1.0
194,458,1,41,1.0,1.0
195,458,1,41,1.0,1.0
196,458,1,41,1.0,1.0
197,458,1,41,1.0,1.0
198,458,1,41,1.0,1.0
199,458,1,41,1.0,1.0
200,458,1,41,1.0,1.0
1,499,1,0,1.0,1.0
2,498,2,0,0.999,0.9994979919678715
3,497,3,0,0.998,0.9989939637826962
4,497,2,1,0.999,0.9994969818913481
5,497,2,1,0.999,0.9994969818913481
6,497,2,1,0.999,0.9994969818913481
7,497,2,1,0.999,0.9994969818913481
8,497,2,1,0.999,0.9994969818913481
9,496,3,1,0.999,0.9994959677419355
10,496,3,1,0.999,0.9994959677419355
11,496,2,2,0.999,0.9994959677419355
12,496,2,2,0.999,0.9994959677419355
13,496,2,2,0.999,0.9994959677419355
14,496,2,2,0.999,0.9994959677419355
15,496,2,2,0.999,0.9994959677419355
16,496,2,2,0.999,0.9994959677419355
17,496,2,2,0.999,0.9994959677419355
18,495,2,3,0.999,0.9994949494949495
19,495,2,3,0.999,0.9994949494949495
20,495,2,3,0.999,0.9994949494949495
21,495,2,3,0.999,0.9994949494949495
22,495,2,3,0.999,0.9994949494949495
23,495,2,3,0.999,0.9994949494949495
24,495,2,3,0.999,0.9994949494949495
25,495,2,3,0.999,0.9994949494949495
26,495,2,3,0.999,0.9994949494949495
27,495,2,3,0.999,0.9994949494949495
28,495,2,3,0.999,0.9994949494949495
29,494,3,3,0.999,0.9994939271255061
30,494,3,3,0.999,0.9994939271255061
31,493,4,3,0.997,0.9984787018255578
32,491,5,4,0.998,0.9988119484046164
33,490,6,4,0.998,0.9988095238095237
34,490,6,4,0.998,0.9988095238095237
35,489,7,4,0.999,0.9994887525562373
36,489,6,5,0.999,0.9994887525562373
37,489,6,5,0.999,0.9994887525562373
38,489,6,5,0.999,0.9994887525562373
39,489,5,6,0.999,0.9994887525562373
40,488,5,7,0.999,0.9994877049180327
41,488,4,8,0.999,0.9994877049180327
42,488,4,8,0.999,0.9994877049180327
43,488,3,9,1.0,1.0
44,488,3,9,1.0,1.0
45,488,3,9,1.0,1.0
46,488,2,10,1.0,1.0
47,488,2,10,1.0,1.0
48,488,2,10,1.0,1.0
49,488,1,11,1.0,1.0
50,488,1,11,1.0,1.0
51,488,1,11,1.0,1.0
52,488,1,11,1.0,1.0
53,488,1,11,1.0,1.0
54,488,0,12,1.0,1.0
55,488,0,12,1.0,1.0
56,488,0,12,1.0,1.0
57,488,0,12,1.0,1.0
58,488,0,12,1.0,1.0
59,488,0,12,1.0,1.0
60,488,0,12,1.0,1.0
61,488,0,12,1.0,1.0
62,488,0,12,1.0,1.0
63,488,0,12,1.0,1.0
64,488,0,12,1.0,1.0
65,488,0,12,1.0,1.0
66,488,0,12,1.0,1.0
67,488,0,12,1.0,1.0
68,488,0,12,1.0,1.0
69,488,0,12,1.0,1.0
70,488,0,12,1.0,1.0
71,488,0,12,1.0,1.0
72,488,0,12,1.0,1.0
73,488,0,12,1.0,1.0
74,488,0,12,1.0,1.0
75,488,0,12,1.0,1.0
76,488,0,12,1.0,1.0
77,488,0,12,1.0,1.0
78,488,0,12,1.0,1.0
79,488,0,12,1.0,1.0
80,488,0,12,1.0,1.0
81,488,0,12,1.0,1.0
82,488,0,12,1.0,1.0
83,488,0,12,1.0,1.0
84,488,0,12,1.0,1.0
85,488,0,12,1.0,1.0
86,488,0,12,1.0,1.0
87,488,0,12,1.0,1.0
88,488,0,12,1.0,1.0
89,488,0,12,1.0,1.0
90,488,0,12,1.0,1.0
91,488,0,12,1.0,1.0
92,488,0,12,1.0,1.0
93,488,0,12,1.0,1.0
94,488,0,12,1.0,1.0
95,488,0,12,1.0,1.0
96,488,0,12,1.0,1.0
97,488,0,12,1.0,1.0
98,488,0,12,1.0,1.0
99,488,0,12,1.0,1.0
100,488,0,12,1.0,1.0
101,488,0,12,1.0,1.0
102,488,0,12,1.0,1.0
103,488,0,12,1.0,1.0
104,488,0,12,1.0,1.0
105,488,0,12,1.0,1.0
106,488,0,12,1.0,1.0
107,488,0,12,1.0,1.0
108,488,0,12,1.0,1.0
109,488,0,12,1.0,1.0
110,488,0,12,1.0,1.0
111,488,0,12,1.0,1.0
112,488,0,12,1.0,1.0
113,488,0,12,1.0,1.0
114,488,0,12,1.0,1.0
115,488,0,12,1.0,1.0
116,488,0,12,1.0,1.0
117,488,0,12,1.0,1.0
118,488,0,12,1.0,1.0
119,488,0,12,1.0,1.0
120,488,0,12,1.0,1.0
121,488,0,12,1.0,1.0
122,488,0,12,1.0,1.0
123,488,0,12,1.0,1.0
124,488,0,12,1.0,1.0
125,488,0,12,1.0,1.0
126,488,0,12,1.0,1.0
127,488,0,12,1.0,1.0
128,488,0,12,1.0,1.0
129,488,0,12,1.0,1.0
130,488,0,12,1.0,1.0
131,488,0,12,1.0,1.0
132,488,0,12,1.0,1.0
133,488,0,12,1.0,1.0
134,488,0,12,1.0,1.0
135,488,0,12,1.0,1.0
136,488,0,12,1.0,1.0
137,488,0,12,1.0,1.0
138,488,0,12,1.0,1.0
139,488,0,12,1.0,1.0
140,488,0,12,1.0,1.0
141,488,0,12,1.0,1.0
142,488,0,12,1.0,1.0
143,488,0,12,1.0,1.0
144,488,0,12,1.0,1.0
145,488,0,12,1.0,1.0
146,488,0,12,1.0,1.0
147,488,0,12,1.0,1.0
148,488,0,12,1.0,1.0
149,488,0,12,1.0,1.0
150,488,0,12,1.0,1.0
151,488,0,12,1.0,1.0
152,488,0,12,1.0,1.0
153,488,0,12,1.0,1.0
154,488,0,12,1.0,1.0
155,488,0,12,1.0,1.0
156,488,0,12,1.0,1.0
157,488,0,12,1.0,1.0
158,488,0,12,1.0,1.0
159,488,0,12,1.0,1.0
160,488,0,12,1.0,1.0
161,488,0,12,1.0,1.0
162,488,0,12,1.0,1.0
163,488,0,12,1.0,1.0
164,488,0,12,1.0,1.0
165,488,0,12,1.0,1.0
166,488,0,12,1.0,1.0
167,488,0,12,1.0,1.0
168,488,0,12,1.0,1.0
169,488,0,12,1.0,1.0
170,488,0,12,1.0,1.0
171,488,0,12,1.0,1.0
172,488,0,12,1.0,1.0
173,488,0,12,1.0,1.0
174,488,0,12,1.0,1.0
175,488,0,12,1.0,1.0
176,488,0,12,1.0,1.0
177,488,0,12,1.0,1.0
178,488,0,12,1.0,1.0
179,488,0,12,1.0,1.0
180,488,0,12,1.0,1.0
181,488,0,12,1.0,1.0
182,488,0,12,1.0,1.0
183,488,0,12,1.0,1.0
184,488,0,12,1.0,1.0
185,488,0,12,1.0,1.0
186,488,0,12,1.0,1.0
187,488,0,12,1.0,1.0
188,488,0,12,1.0,1.0
189,488,0,12,1.0,1.0
190,488,0,12,1.0,1.0
191,488,0,12,1.0,1.0
192,488,0,12,1.0,1.0
193,488,0,12,1.0,1.0
194,488,0,12,1.0,1.0
195,488,0,12,1.0,1.0
196,488,0,12,1.0,1.0
197,488,0,12,1.0,1.0
198,488,0,12,1.0,1.0
199,488,0,12,1.0,1.0
200,488,0,12,1.0,1.0
1,499,1,0,1.0,1.0
2,499,1,0,1.0,1.0
3,498,2,0,0.999,0.9994979919678715
4,498,2,0,0.999,0.9994979919678715
5,498,2,0,0.999,0.9994979919678715
6,498,2,0,0.999,0.9994979919678715
7,498,1,1,1.0,1.0
8,498,1,1,1.0,1.0
9,498,1,1,1.0,1.0
10,498,1,1,1.0,1.0
11,498,1,1,1.0,1.0
12,498,1,1,1.0,1.0
13,498,1,1,1.0,1.0
14,498,1,1,1.0,1.0
15,498,1,1,1.0,1.0
16,498,1,1,1.0,1.0
17,498,1,1,1.0,1.0
18,498,1,1,1.0,1.0
19,498,1,1,1.0,1.0
20,498,1,1,1.0,1.0
21,498,1,1,1.0,1.0
22,498,1,1,1.0,1.0
23,498,1,1,1.0,1.0
24,496,3,1,0.999,0.9993279569892473
25,496,3,1,0.999,0.9993279569892473
26,496,3,1,0.999,0.9993279569892473
27,495,4,1,1.0,1.0
28,494,5,1,0.999,0.9994939271255061
29,494,5,1,0.999,0.9994939271255061
30,494,5,1,0.999,0.9994939271255061
31,494,5,1,0.999,0.9994939271255061
32,494,5,1,0.999,0.9994939271255061
33,494,5,1,0.999,0.9994939271255061
34,494,5,1,0.999,0.9994939271255061
35,494,5,1,0.999,0.9994939271255061
36,494,5,1,0.999,0.9994939271255061
37,494,5,1,0.999,0.9994939271255061
38,494,5,1,0.999,0.9994939271255061
39,494,5,1,0.999,0.9994939271255061
40,494,5,1,0.999,0.9994939271255061
41,494,5,1,0.999,0.9994939271255061
42,493,6,1,0.999,0.9994929006085193
43,492,7,1,0.998,0.9989837398373984
44,491,8,1,0.997,0.9984725050916496
45,489,9,2,0.995,0.9974437627811861
46,489,9,2,0.995,0.9974437627811861
47,489,8,3,0.995,0.9974437627811861
48,489,8,3,0.995,0.9974437627811861
49,488,8,4,0.997,0.9984631147540983
50,488,8,4,0.997,0.9984631147540983
51,487,8,5,0.997,0.9984599589322382
52,487,8,5,0.997,0.9984599589322382
53,487,8,5,0.997,0.9984599589322382
54,487,8,5,0.997,0.9984599589322382
55,487,6,7,0.998,0.9989733059548255
56,487,6,7,0.998,0.9989733059548255
57,487,6,7,0.998,0.9989733059548255
58,487,5,8,0.999,0.9994866529774127
59,487,5,8,0.999,0.9994866529774127
60,486,5,9,0.999,0.9994855967078189
61,485,6,9,0.998,0.9989690721649485
62,485,5,10,0.999,0.9994845360824742
63,485,5,10,0.999,0.9994845360824742
64,485,5,10,0.999,0.9994845360824742
65,485,5,10,0.999,0.9994845360824742
66,485,5,10,0.999,0.9994845360824742
67,485,3,12,1.0,1.0
68,485,3,12,1.0,1.0
69,485,3,12,1.0,1.0
70,485,3,12,1.0,1.0
71,485,3,12,1.0,1.0
72,485,3,12,1.0,1.0
73,484,4,12,0.999,0.9994834710743802
74,484,4,12,0.999,0.9994834710743802
75,484,4,12,0.999,0.9994834710743802
76,483,5,12,0.999,0.9994824016563147
77,483,4,13,0.999,0.9994824016563147
78,483,4,13,0.999,0.9994824016563147
79,483,4,13,0.999,0.9994824016563147
80,483,4,13,0.999,0.9994824016563147
81,483,4,13,0.999,0.9994824016563147
82,482,5,13,0.997,0.9984439834024896
83,481,6,13,0.997,0.9984407484407485
84,481,6,13,0.997,0.9984407484407485
85,481,6,13,0.997,0.9984407484407485
86,481,6,13,0.997,0.9984407484407485
87,480,7,13,0.997,0.9984375
88,479,8,13,0.997,0.9984342379958246
89,478,9,13,0.997,0.9984309623430963
90,478,9,13,0.997,0.9984309623430963
91,477,10,13,0.996,0.9979035639412998
92,477,9,14,0.996,0.9979035639412998
93,476,10,14,0.996,0.9978991596638656
94,474,12,14,0.998,0.9989451476793249
95,474,12,14,0.998,0.9989451476793249
96,474,12,14,0.998,0.9989451476793249
97,474,12,14,0.998,0.9989451476793249
98,474,10,16,1.0,1.0
99,474,10,16,1.0,1.0
100,474,8,18,1.0,1.0
101,474,8,18,1.0,1.0
102,474,8,18,1.0,1.0
103,472,10,18,0.999,0.9994703389830508
104,472,9,19,0.999,0.9994703389830508
105,472,9,19,0.999,0.9994703389830508
106,472,9,19,0.999,0.9994703389830508
107,472,9,19,0.999,0.9994703389830508
108,471,10,19,0.999,0.9994692144373672
109,471,10,19,0.999,0.9994692144373672
110,471,10,19,0.999,0.9994692144373672
111,471,10,19,0.999,0.9994692144373672
112,471,10,19,0.999,0.9994692144373672
113,470,11,19,0.999,0.999468085106383
114,469,12,19,0.998,0.9989339019189766
115,469,12,19,0.998,0.9989339019189766
116,469,10,21,0.999,0.9994669509594882
117,469,8,23,0.999,0.9994669509594882
118,468,8,24,1.0,1.0
119,467,9,24,1.0,1.0
120,467,7,26,1.0,1.0
121,466,8,26,1.0,1.0
122,466,7,27,1.0,1.0
123,466,7,27,1.0,1.0
124,466,6,28,1.0,1.0
125,466,6,28,1.0,1.0
126,466,5,29,1.0,1.0
127,466,5,29,1.0,1.0
128,466,4,30,1.0,1.0
129,466,4,30,1.0,1.0
130,466,4,30,1.0,1.0
131,465,5,30,0.999,0.9994623655913979
132,465,5,30,0.999,0.9994623655913979
133,465,4,31,0.999,0.9994623655913979
134,464,5,31,0.998,0.9987428160919539
135,464,5,31,0.998,0.9987428160919539
136,464,5,31,0.998,0.9987428160919539
137,463,6,31,0.998,0.9987401007919365
138,463,5,32,0.998,0.9987401007919365
139,463,5,32,0.998,0.9987401007919365
140,463,5,32,0.998,0.9987401007919365
141,463,4,33,0.998,0.9987401007919365
142,463,2,35,1.0,1.0
143,463,2,35,1.0,1.0
144,463,2,35,1.0,1.0
145,463,2,35,1.0,1.0
146,463,2,35,1.0,1.0
147,463,2,35,1.0,1.0
148,463,1,36,1.0,1.0
149,463,1,36,1.0,1.0
150,463,1,36,1.0,1.0
151,463,1,36,1.0,1.0
152,462,2,36,0.999,0.9994588744588745
153,462,2,36,0.999,0.9994588744588745
154,462,2,36,0.999,0.9994588744588745
155,462,2,36,0.999,0.9994588744588745
156,462,2,36,0.999,0.9994588744588745
157,462,2,36,0.999,0.9994588744588745
158,462,2,36,0.999,0.9994588744588745
159,462,2,36,0.999,0.9994588744588745
160,461,3,36,0.998,0.9989154013015185
161,461,3,36,0.998,0.9989154013015185
162,461,3,36,0.998,0.9989154013015185
163,461,3,36,0.998,0.9989154013015185
164,461,3,36,0.998,0.9989154013015185
165,460,4,36,0.996,0.9978260869565218
166,460,4,36,0.996,0.9978260869565218
167,460,4,36,0.996,0.9978260869565218
168,460,4,36,0.996,0.9978260869565218
169,458,6,36,0.998,0.9989082969432315
170,458,6,36,0.998,0.9989082969432315
171,458,6,36,0.998,0.9989082969432315
172,457,6,37,0.999,0.99945295404814
173,456,6,38,0.999,0.9994517543859649
174,456,6,38,0.999,0.9994517543859649
175,456,5,39,0.999,0.9994517543859649
176,455,6,39,0.998,0.9989010989010989
177,455,5,40,0.999,0.9994505494505495
178,454,6,40,0.999,0.9994493392070485
179,454,6,40,0.999,0.9994493392070485
180,454,6,40,0.999,0.9994493392070485
181,454,5,41,0.999,0.9994493392070485
182,454,5,41,0.999,0.9994493392070485
183,454,4,42,0.999,0.9994493392070485
184,454,4,42,0.999,0.9994493392070485
185,454,4,42,0.999,0.9994493392070485
186,454,4,42,0.999,0.9994493392070485
187,454,4,42,0.999,0.9994493392070485
188,454,3,43,0.999,0.9994493392070485
189,453,4,43,0.998,0.9988962472406181
190,453,4,43,0.998,0.9988962472406181
191,452,5,43,0.999,0.9994469026548672
192,452,5,43,0.999,0.9994469026548672
193,452,5,43,0.999,0.9994469026548672
194,452,5,43,0.999,0.9994469026548672
195,452,5,43,0.999,0.9994469026548672
196,452,5,43,0.999,0.9994469026548672
197,452,4,44,1.0,1.0
198,452,4,44,1.0,1.0
199,452,4,44,1.0,1.0
200,452,3,45,1.0,1.0
1,499,1,0,1.0,1.0
2,499,1,0,1.0,1.0
3,499,1,0,1.0,1.0
4,499,1,0,1.0,1.0
5,499,1,0,1.0,1.0
6,499,1,0,1.0,1.0
7,499,1,0,1.0,1.0
8,499,1,0,1.0,1.0
9,499,1,0,1.0,1.0
10,498,2,0,0.998,0.998995983935743
11,498,2,0,0.998,0.998995983935743
12,498,2,0,0.998,0.998995983935743
13,497,3,0,0.997,0.9984909456740443
14,496,4,0,0.997,0.9984879032258065
15,495,5,0,0.996,0.997979797979798
16,495,5,0,0.996,0.997979797979798
17,495,5,0,0.996,0.997979797979798
18,495,5,0,0.996,0.997979797979798
19,495,5,0,0.996,0.997979797979798
20,495,5,0,0.996,0.997979797979798
21,495,4,1,0.997,0.9984848484848485
22,493,6,1,0.997,0.9984787018255578
23,493,5,2,0.997,0.9984787018255578
24,493,5,2,0.997,0.9984787018255578
25,493,5,2,0.997,0.9984787018255578
26,492,6,2,0.996,0.9979674796747967
27,492,6,2,0.996,0.9979674796747967
28,492,6,2,0.996,0.9979674796747967
29,492,6,2,0.996,0.9979674796747967
30,491,7,2,0.995,0.9974541751527495
31,491,7,2,0.995,0.9974541751527495
32,490,8,2,0.996,0.9979591836734694
33,490,8,2,0.996,0.9979591836734694
34,489,9,2,0.995,0.9974437627811861
35,489,8,3,0.995,0.9974437627811861
36,489,7,4,0.996,0.9979550102249489
37,489,7,4,0.996,0.9979550102249489
38,489,7,4,0.996,0.9979550102249489
39,488,8,4,0.997,0.9984631147540983
40,488,8,4,0.997,0.9984631147540983
41,488,8,4,0.997,0.9984631147540983
42,488,8,4,0.997,0.9984631147540983
43,488,8,4,0.997,0.9984631147540983
44,487,9,4,0.996,0.997946611909651
45,487,9,4,0.996,0.997946611909651
46,487,9,4,0.996,0.997946611909651
47,486,10,4,0.997,0.9984567901234568
48,486,10,4,0.997,0.9984567901234568
49,486,9,5,0.998,0.9989711934156379
50,485,10,5,0.998,0.9989690721649485
51,485,10,5,0.998,0.9989690721649485
52,485,9,6,0.998,0.9989690721649485
53,485,9,6,0.998,0.9989690721649485
54,485,9,6,0.998,0.9989690721649485
55,485,9,6,0.998,0.9989690721649485
56,485,9,6,0.998,0.9989690721649485
57,485,9,6,0.998,0.9989690721649485
58,484,10,6,0.999,0.9994834710743802
59,484,9,7,0.999,0.9994834710743802
60,484,9,7,0.999,0.9994834710743802
61,484,9,7,0.999,0.9994834710743802
62,484,9,7,0.999,0.9994834710743802
63,484,9,7,0.999,0.9994834710743802
64,484,8,8,0.999,0.9994834710743802
65,484,8,8,0.999,0.9994834710743802
66,484,7,9,0.999,0.9994834710743802
67,484,7,9,0.999,0.9994834710743802
68,484,7,9,0.999,0.9994834710743802
69,484,7,9,0.999,0.9994834710743802
70,484,7,9,0.999,0.9994834710743802
71,484,7,9,0.999,0.9994834710743802
72,484,7,9,0.999,0.9994834710743802
73,484,7,9,0.999,0.9994834710743802
74,484,7,9,0.999,0.9994834710743802
75,484,7,9,0.999,0.9994834710743802
76,484,7,9,0.999,0.9994834710743802
77,484,7,9,0.999,0.9994834710743802
78,484,6,10,0.999,0.9994834710743802
79,484,6,10,0.999,0.9994834710743802
80,484,6,10,0.999,0.9994834710743802
81,484,6,10,0.999,0.9994834710743802
82,484,4,12,1.0,1.0
83,484,4,12,1.0,1.0
84,484,4,12,1.0,1.0
85,484,3,13,1.0,1.0
86,484,3,13,1.0,1.0
87,484,3,13,1.0,1.0
88,484,3,13,1.0,1.0
89,484,3,13,1.0,1.0
90,484,3,13,1.0,1.0
91,484,3,13,1.0,1.0
92,484,3,13,1.0,1.0
93,484,2,14,1.0,1.0
94,484,2,14,1.0,1.0
95,484,2,14,1.0,1.0
96,483,3,14,0.999,0.9993098688750863
97,483,2,15,1.0,1.0
98,483,2,15,1.0,1.0
99,483,2,15,1.0,1.0
100,483,1,16,1.0,1.0
101,483,1,16,1.0,1.0
102,483,1,16,1.0,1.0
103,483,1,16,1.0,1.0
104,482,2,16,1.0,1.0
105,482,2,16,1.0,1.0
106,482,2,16,1.0,1.0
107,482,2,16,1.0,1.0
108,482,2,16,1.0,1.0
109,481,2,17,1.0,1.0
110,481,2,17,1.0,1.0
111,481,2,17,1.0,1.0
112,481,2,17,1.0,1.0
113,481,2,17,1.0,1.0
114,480,3,17,0.999,0.9994791666666667
115,480,3,17,0.999,0.9994791666666667
116,479,3,18,0.998,0.9989561586638831
117,478,3,19,0.997,0.9984309623430963
118,478,3,19,0.997,0.9984309623430963
119,478,3,19,0.997,0.9984309623430963
120,478,3,19,0.997,0.9984309623430963
121,478,3,19,0.997,0.9984309623430963
122,476,5,19,0.997,0.9984243697478992
123,476,5,19,0.997,0.9984243697478992
124,476,3,21,0.999,0.9994747899159664
125,476,3,21,0.999,0.9994747899159664
126,476,3,21,0.999,0.9994747899159664
127,476,3,21,0.999,0.9994747899159664
128,476,3,21,0.999,0.9994747899159664
129,476,3,21,0.999,0.9994747899159664
130,476,3,21,0.999,0.9994747899159664
131,475,4,21,0.998,0.9989473684210526
132,475,4,21,0.998,0.9989473684210526
133,475,4,21,0.998,0.9989473684210526
134,475,4,21,0.998,0.9989473684210526
135,474,5,21,0.997,0.9984177215189873
136,474,5,21,0.997,0.9984177215189873
137,472,6,22,0.996,0.9978813559322034
138,472,6,22,0.996,0.9978813559322034
139,472,6,22,0.996,0.9978813559322034
140,472,6,22,0.996,0.9978813559322034
141,472,6,22,0.996,0.9978813559322034
142,472,6,22,0.996,0.9978813559322034
143,471,7,22,0.995,0.9973460721868365
144,471,7,22,0.995,0.9973460721868365
145,471,7,22,0.995,0.9973460721868365
146,471,6,23,0.996,0.9978768577494692
147,471,6,23,0.996,0.9978768577494692
148,471,6,23,0.996,0.9978768577494692
149,471,6,23,0.996,0.9978768577494692
150,470,7,23,0.997,0.9984042553191489
151,470,7,23,0.997,0.9984042553191489
152,470,7,23,0.997,0.9984042553191489
153,470,6,24,0.998,0.9989361702127659
154,470,6,24,0.998,0.9989361702127659
155,470,6,24,0.998,0.9989361702127659
156,470,6,24,0.998,0.9989361702127659
157,470,6,24,0.998,0.9989361702127659
158,469,7,24,0.998,0.9989339019189766
159,469,7,24,0.998,0.9989339019189766
160,469,7,24,0.998,0.9989339019189766
161,469,7,24,0.998,0.9989339019189766
162,469,7,24,0.998,0.9989339019189766
163,469,7,24,0.998,0.9989339019189766
164,469,7,24,0.998,0.9989339019189766
165,469,7,24,0.998,0.9989339019189766
166,469,6,25,0.998,0.9989339019189766
167,469,6,25,0.998,0.9989339019189766
168,469,5,26,0.999,0.9994669509594882
169,469,4,27,0.999,0.9994669509594882
170,469,4,27,0.999,0.9994669509594882
171,469,4,27,0.999,0.9994669509594882
172,468,5,27,0.999,0.999465811965812
173,467,6,27,0.999,0.9994646680942184
174,466,6,28,1.0,1.0
175,466,5,29,1.0,1.0
176,466,4,30,1.0,1.0
177,465,5,30,0.999,0.9995698924731183
178,465,5,30,0.999,0.9995698924731183
179,465,5,30,0.999,0.9995698924731183
180,464,6,30,0.997,0.9984913793103448
181,464,6,30,0.997,0.9984913793103448
182,464,4,32,0.998,0.9989224137931034
183,464,3,33,1.0,1.0
184,464,3,33,1.0,1.0
185,464,3,33,1.0,1.0
186,464,3,33,1.0,1.0
187,464,3,33,1.0,1.0
188,464,3,33,1.0,1.0
189,464,3,33,1.0,1.0
190,464,3,33,1.0,1.0
191,464,3,33,1.0,1.0
192,464,2,34,1.0,1.0
193,464,2,34,1.0,1.0
194,464,2,34,1.0,1.0
195,464,2,34,1.0,1.0
196,464,2,34,1.0,1.0
197,464,2,34,1.0,1.0
198,464,2,34,1.0,1.0
199,464,2,34,1.0,1.0
200,464,2,34,1.0,1.0
1,499,1,0,1.0,1.0
2,499,1,0,1.0,1.0
3,499,1,0,1.0,1.0
4,499,1,0,1.0,1.0
5,499,1,0,1.0,1.0
6,499,1,0,1.0,1.0
7,499,1,0,1.0,1.0
8,499,1,0,1.0,1.0
9,498,2,0,0.999,0.999330655957162
10,498,2,0,0.999,0.999330655957162
11,498,2,0,0.999,0.999330655957162
12,498,2,0,0.999,0.999330655957162
13,498,2,0,0.999,0.999330655957162
14,498,2,0,0.999,0.999330655957162
15,498,2,0,0.999,0.999330655957162
16,498,2,0,0.999,0.999330655957162
17,498,2,0,0.999,0.999330655957162
18,497,3,0,0.997,0.9981556002682763
19,497,3,0,0.997,0.9981556002682763
20,496,4,0,0.996,0.9976478494623655
21,496,3,1,0.998,0.9988239247311829
22,496,3,1,0.998,0.9988239247311829
23,496,2,2,0.999,0.9994959677419355
24,496,2,2,0.999,0.9994959677419355
25,496,2,2,0.999,0.9994959677419355
26,496,2,2,0.999,0.9994959677419355
27,496,1,3,1.0,1.0
28,496,1,3,1.0,1.0
29,496,0,4,1.0,1.0
30,496,0,4,1.0,1.0
31,496,0,4,1.0,1.0
32,496,0,4,1.0,1.0
33,496,0,4,1.0,1.0
34,496,0,4,1.0,1.0
35,496,0,4,1.0,1.0
36,496,0,4,1.0,1.0
37,496,0,4,1.0,1.0
38,496,0,4,1.0,1.0
39,496,0,4,1.0,1.0
40,496,0,4,1.0,1.0
41,496,0,4,1.0,1.0
42,496,0,4,1.0,1.0
43,496,0,4,1.0,1.0
44,496,0,4,1.0,1.0
45,496,0,4,1.0,1.0
46,496,0,4,1.0,1.0
47,496,0,4,1.0,1.0
48,496,0,4,1.0,1.0
49,496,0,4,1.0,1.0
50,496,0,4,1.0,1.0
51,496,0,4,1.0,1.0
52,496,0,4,1.0,1.0
53,496,0,4,1.0,1.0
54,496,0,4,1.0,1.0
55,496,0,4,1.0,1.0
56,496,0,4,1.0,1.0
57,496,0,4,1.0,1.0
58,496,0,4,1.0,1.0
59,496,0,4,1.0,1.0
60,496,0,4,1.0,1.0
61,496,0,4,1.0,1.0
62,496,0,4,1.0,1.0
63,496,0,4,1.0,1.0
64,496,0,4,1.0,1.0
65,496,0,4,1.0,1.0
66,496,0,4,1.0,1.0
67,496,0,4,1.0,1.0
68,496,0,4,1.0,1.0
69,496,0,4,1.0,1.0
70,496,0,4,1.0,1.0
71,496,0,4,1.0,1.0
72,496,0,4,1.0,1.0
73,496,0,4,1.0,1.0
74,496,0,4,1.0,1.0
75,496,0,4,1.0,1.0
76,496,0,4,1.0,1.0
77,496,0,4,1.0,1.0
78,496,0,4,1.0,1.0
79,496,0,4,1.0,1.0
80,496,0,4,1.0,1.0
81,496,0,4,1.0,1.0
82,496,0,4,1.0,1.0
83,496,0,4,1.0,1.0
84,496,0,4,1.0,1.0
85,496,0,4,1.0,1.0
86,496,0,4,1.0,1.0
87,496,0,4,1.0,1.0
88,496,0,4,1.0,1.0
89,496,0,4,1.0,1.0
90,496,0,4,1.0,1.0
91,496,0,4,1.0,1.0
92,496,0,4,1.0,1.0
93,496,0,4,1.0,1.0
94,496,0,4,1.0,1.0
95,496,0,4,1.0,1.0
96,496,0,4,1.0,1.0
97,496,0,4,1.0,1.0
98,496,0,4,1.0,1.0
99,496,0,4,1.0,1.0
100,496,0,4,1.0,1.0
101,496,0,4,1.0,1.0
102,496,0,4,1.0,1.0
103,496,0,4,1.0,1.0
104,496,0,4,1.0,1.0
105,496,0,4,1.0,1.0
106,496,0,4,1.0,1.0
107,496,0,4,1.0,1.0
108,496,0,4,1.0,1.0
109,496,0,4,1.0,1.0
110,496,0,4,1.0,1.0
111,496,0,4,1.0,1.0
112,496,0,4,1.0,1.0
113,496,0,4,1.0,1.0
114,496,0,4,1.0,1.0
115,496,0,4,1.0,1.0
116,496,0,4,1.0,1.0
117,496,0,4,1.0,1.0
118,496,0,4,1.0,1.0
119,496,0,4,1.0,1.0
120,496,0,4,1.0,1.0
121,496,0,4,1.0,1.0
122,496,0,4,1.0,1.0
123,496,0,4,1.0,1.0
124,496,0,4,1.0,1.0
125,496,0,4,1.0,1.0
126,496,0,4,1.0,1.0
127,496,0,4,1.0,1.0
128,496,0,4,1.0,1.0
129,496,0,4,1.0,1.0
130,496,0,4,1.0,1.0
131,496,0,4,1.0,1.0
132,496,0,4,1.0,1.0
133,496,0,4,1.0,1.0
134,496,0,4,1.0,1.0
135,496,0,4,1.0,1.0
136,496,0,4,1.0,1.0
137,496,0,4,1.0,1.0
138,496,0,4,1.0,1.0
139,496,0,4,1.0,1.0
140,496,0,4,1.0,1.0
141,496,0,4,1.0,1.0
142,496,0,4,1.0,1.0
143,496,0,4,1.0,1.0
144,496,0,4,1.0,1.0
145,496,0,4,1.0,1.0
146,496,0,4,1.0,1.0
147,496,0,4,1.0,1.0
148,496,0,4,1.0,1.0
149,496,0,4,1.0,1.0
150,496,0,4,1.0,1.0
151,496,0,4,1.0,1.0
152,496,0,4,1.0,1.0
153,496,0,4,1.0,1.0
154,496,0,4,1.0,1.0
155,496,0,4,1.0,1.0
156,496,0,4,1.0,1.0
157,496,0,4,1.0,1.0
158,496,0,4,1.0,1.0
159,496,0,4,1.0,1.0
160,496,0,4,1.0,1.0
161,496,0,4,1.0,1.0
162,496,0,4,1.0,1.0
163,496,0,4,1.0,1.0
164,496,0,4,1.0,1.0
165,496,0,4,1.0,1.0
166,496,0,4,1.0,1.0
167,496,0,4,1.0,1.0
168,496,0,4,1.0,1.0
169,496,0,4,1.0,1.0
170,496,0,4,1.0,1.0
171,496,0,4,1.0,1.0
172,496,0,4,1.0,1.0
173,496,0,4,1.0,1.0
174,496,0,4,1.0,1.0
175,496,0,4,1.0,1.0
176,496,0,4,1.0,1.0
177,496,0,4,1.0,1.0
178,496,0,4,1.0,1.0
179,496,0,4,1.0,1.0
180,496,0,4,1.0,1.0
181,496,0,4,1.0,1.0
182,496,0,4,1.0,1.0
183,496,0,4,1.0,1.0
184,496,0,4,1.0,1.0
185,496,0,4,1.0,1.0
186,496,0,4,1.0,1.0
187,496,0,4,1.0,1.0
188,496,0,4,1.0,1.0
189,496,0,4,1.0,1.0
190,496,0,4,1.0,1.0
191,496,0,4,1.0,1.0
192,496,0,4,1.0,1.0
193,496,0,4,1.0,1.0
194,496,0,4,1.0,1.0
195,496,0,4,1.0,1.0
196,496,0,4,1.0,1.0
197,496,0,4,1.0,1.0
198,496,0,4,1.0,1.0
199,496,0,4,1.0,1.0
200,496,0,4,1.0,1.0
1,499,1,0,1.0,1.0
2,499,1,0,1.0,1.0
3,499,1,0,1.0,1.0
4,499,1,0,1.0,1.0
5,499,1,0,1.0,1.0
6,498,2,0,0.999,0.9994979919678715
7,497,3,0,0.998,0.9989939637826962
8,497,2,1,0.999,0.9994969818913481
9,497,2,1,0.999,0.9994969818913481
10,497,2,1,0.999,0.9994969818913481
11,497,1,2,1.0,1.0
12,497,1,2,1.0,1.0
13,497,1,2,1.0,1.0
14,497,1,2,1.0,1.0
15,497,1,2,1.0,1.0
16,497,1,2,1.0,1.0
17,496,1,3,1.0,1.0
18,496,1,3,1.0,1.0
19,496,1,3,1.0,1.0
20,496,1,3,1.0,1.0
21,495,2,3,1.0,1.0
22,494,3,3,0.999,0.9994939271255061
23,494,3,3,0.999,0.9994939271255061
24,493,4,3,0.999,0.9994929006085193
25,492,5,3,0.999,0.9994918699186992
26,492,5,3,0.999,0.9994918699186992
27,492,5,3,0.999,0.9994918699186992
28,492,5,3,0.999,0.9994918699186992
29,492,4,4,1.0,1.0
30,492,4,4,1.0,1.0
31,492,3,5,1.0,1.0
32,492,3,5,1.0,1.0
33,492,3,5,1.0,1.0
34,492,2,6,1.0,1.0
35,492,2,6,1.0,1.0
36,492,2,6,1.0,1.0
37,491,3,6,1.0,1.0
38,491,3,6,1.0,1.0
39,491,3,6,1.0,1.0
40,491,3,6,1.0,1.0
41,490,3,7,1.0,1.0
42,490,3,7,1.0,1.0
43,490,3,7,1.0,1.0
44,490,3,7,1.0,1.0
45,490,3,7,1.0,1.0
46,490,2,8,1.0,1.0
47,490,2,8,1.0,1.0
48,490,2,8,1.0,1.0
49,490,2,8,1.0,1.0
50,490,1,9,1.0,1.0
51,490,1,9,1.0,1.0
52,490,1,9,1.0,1.0
53,490,1,9,1.0,1.0
54,490,1,9,1.0,1.0
55,490,1,9,1.0,1.0
56,490,1,9,1.0,1.0
57,489,1,10,1.0,1.0
58,489,1,10,1.0,1.0
59,489,1,10,1.0,1.0
60,489,1,10,1.0,1.0
61,489,1,10,1.0,1.0
62,489,1,10,1.0,1.0
63,489,1,10,1.0,1.0
64,489,1,10,1.0,1.0
65,489,1,10,1.0,1.0
66,489,1,10,1.0,1.0
67,489,1,10,1.0,1.0
68,489,1,10,1.0,1.0
69,489,1,10,1.0,1.0
70,489,1,10,1.0,1.0
71,489,1,10,1.0,1.0
72,489,1,10,1.0,1.0
73,489,1,10,1.0,1.0
74,489,1,10,1.0,1.0
75,489,1,10,1.0,1.0
76,489,1,10,1.0,1.0
77,489,1,10,1.0,1.0
78,489,1,10,1.0,1.0
79,489,1,10,1.0,1.0
80,489,1,10,1.0,1.0
81,489,1,10,1.0,1.0
82,489,1,10,1.0,1.0
83,489,1,10,1.0,1.0
84,489,1,10,1.0,1.0
85,489,1,10,1.0,1.0
86,489,1,10,1.0,1.0
87,489,1,10,1.0,1.0
88,489,1,10,1.0,1.0
89,489,1,10,1.0,1.0
90,489,1,10,1.0,1.0
91,489,1,10,1.0,1.0
92,489,1,10,1.0,1.0
93,489,1,10,1.0,1.0
94,489,1,10,1.0,1.0
95,489,1,10,1.0,1.0
96,489,1,10,1.0,1.0
97,489,1,10,1.0,1.0
98,489,1,10,1.0,1.0
99,489,0,11,1.0,1.0
100,489,0,11,1.0,1.0
101,489,0,11,1.0,1.0
102,489,0,11,1.0,1.0
103,489,0,11,1.0,1.0
104,489,0,11,1.0,1.0
105,489,0,11,1.0,1.0
106,489,0,11,1.0,1.0
107,489,0,11,1.0,1.0
108,489,0,11,1.0,1.0
109,489,0,11,1.0,1.0
110,489,0,11,1.0,1.0
111,489,0,11,1.0,1.0
112,489,0,11,1.0,1.0
113,489,0,11,1.0,1.0
114,489,0,11,1.0,1.0
115,489,0,11,1.0,1.0
116,489,0,11,1.0,1.0
117,489,0,11,1.0,1.0
118,489,0,11,1.0,1.0
119,489,0,11,1.0,1.0
120,489,0,11,1.0,1.0
121,489,0,11,1.0,1.0
122,489,0,11,1.0,1.0
123,489,0,11,1.0,1.0
124,489,0,11,1.0,1.0
125,489,0,11,1.0,1.0
126,489,0,11,1.0,1.0
127,489,0,11,1.0,1.0
128,489,0,11,1.0,1.0
129,489,0,11,1.0,1.0
130,489,0,11,1.0,1.0
131,489,0,11,1.0,1.0
132,489,0,11,1.0,1.0
133,489,0,11,1.0,1.0
134,489,0,11,1.0,1.0
135,489,0,11,1.0,1.0
136,489,0,11,1.0,1.0
137,489,0,11,1.0,1.0
138,489,0,11,1.0,1.0
139,489,0,11,1.0,1.0
140,489,0,11,1.0,1.0
141,489,0,11,1.0,1.0
142,489,0,11,1.0,1.0
143,489,0,11,1.0,1.0
144,489,0,11,1.0,1.0
145,489,0,11,1.0,1.0
146,489,0,11,1.0,1.0
147,489,0,11,1.0,1.0
148,489,0,11,1.0,1.0
149,489,0,11,1.0,1.0
150,489,0,11,1.0,1.0
151,489,0,11,1.0,1.0
152,489,0,11,1.0,1.0
153,489,0,11,1.0,1.0
154,489,0,11,1.0,1.0
155,489,0,11,1.0,1.0
156,489,0,11,1.0,1.0
157,489,0,11,1.0,1.0
158,489,0,11,1.0,1.0
159,489,0,11,1.0,1.0
160,489,0,11,1.0,1.0
161,489,0,11,1.0,1.0
162,489,0,11,1.0,1.0
163,489,0,11,1.0,1.0
164,489,0,11,1.0,1.0
165,489,0,11,1.0,1.0
166,489,0,11,1.0,1.0
167,489,0,11,1.0,1.0
168,489,0,11,1.0,1.0
169,489,0,11,1.0,1.0
170,489,0,11,1.0,1.0
171,489,0,11,1.0,1.0
172,489,0,11,1.0,1.0
173,489,0,11,1.0,1.0
174,489,0,11,1.0,1.0
175,489,0,11,1.0,1.0
176,489,0,11,1.0,1.0
177,489,0,11,1.0,1.0
178,489,0,11,1.0,1.0
179,489,0,11,1.0,1.0
180,489,0,11,1.0,1.0
181,489,0,11,1.0,1.0
182,489,0,11,1.0,1.0
183,489,0,11,1.0,1.0
184,489,0,11,1.0,1.0
185,489,0,11,1.0,1.0
186,489,0,11,1.0,1.0
187,489,0,11,1.0,1.0
188,489,0,11,1.0,1.0
189,489,0,11,1.0,1.0
190,489,0,11,1.0,1.0
191,489,0,11,1.0,1.0
192,489,0,11,1.0,1.0
193,489,0,11,1.0,1.0
194,489,0,11,1.0,1.0
195,489,0,11,1.0,1.0
196,489,0,11,1.0,1.0
197,489,0,11,1.0,1.0
198,489,0,11,1.0,1.0
199,489,0,11,1.0,1.0
200,489,0,11,1.0,1.0
1,499,1,0,1.0,1.0
2,498,2,0,1.0,1.0
3,496,4,0,0.997,0.9984879032258065
4,496,2,2,1.0,1.0
5,496,2,2,1.0,1.0
6,496,2,2,1.0,1.0
7,496,2,2,1.0,1.0
8,496,2,2,1.0,1.0
9,496,2,2,1.0,1.0
10,496,2,2,1.0,1.0
11,496,2,2,1.0,1.0
12,496,2,2,1.0,1.0
13,495,3,2,0.999,0.9994949494949495
14,495,3,2,0.999,0.9994949494949495
15,495,3,2,0.999,0.9994949494949495
16,495,3,2,0.999,0.9994949494949495
17,495,3,2,0.999,0.9994949494949495
18,495,3,2,0.999,0.9994949494949495
19,495,3,2,0.999,0.9994949494949495
20,495,3,2,0.999,0.9994949494949495
21,495,3,2,0.999,0.9994949494949495
22,494,4,2,0.999,0.9994939271255061
23,493,5,2,0.999,0.9994929006085193
24,493,4,3,0.999,0.9994929006085193
25,492,4,4,0.999,0.9994918699186992
26,492,3,5,1.0,1.0
27,492,3,5,1.0,1.0
28,491,3,6,1.0,1.0
29,491,3,6,1.0,1.0
30,491,3,6,1.0,1.0
31,491,3,6,1.0,1.0
32,491,3,6,1.0,1.0
33,490,3,7,1.0,1.0
34,489,4,7,0.999,0.9994887525562373
35,488,5,7,0.998,0.9989754098360656
36,487,6,7,0.997,0.9984599589322382
37,487,6,7,0.997,0.9984599589322382
38,487,6,7,0.997,0.9984599589322382
39,487,6,7,0.997,0.9984599589322382
40,487,5,8,0.998,0.9989733059548255
41,487,5,8,0.998,0.9989733059548255
42,487,5,8,0.998,0.9989733059548255
43,487,5,8,0.998,0.9989733059548255
44,486,6,8,0.997,0.9984567901234568
45,485,7,8,0.997,0.9984536082474227
46,484,7,9,0.996,0.9979338842975206
47,484,5,11,0.999,0.9994834710743802
48,484,5,11,0.999,0.9994834710743802
49,483,6,11,0.998,0.9989648033126294
50,483,6,11,0.998,0.9989648033126294
51,482,7,11,0.998,0.9989626556016598
52,481,7,12,0.999,0.9994802494802495
53,480,8,12,0.998,0.9989583333333333
54,478,10,12,0.996,0.997907949790795
55,477,11,12,0.995,0.9973794549266247
56,476,11,13,0.994,0.9968487394957983
57,476,11,13,0.994,0.9968487394957983
58,475,12,13,0.994,0.9968421052631579
59,474,12,14,0.993,0.9963080168776371
60,473,12,15,0.993,0.9961240310077518
61,473,12,15,0.993,0.9961240310077518
62,473,12,15,0.993,0.9961240310077518
63,473,12,15,0.993,0.9961240310077518
64,472,13,15,0.993,0.9961158192090395
65,471,14,15,0.993,0.9961075725406935
66,470,14,16,0.993,0.9960992907801418
67,470,13,17,0.994,0.9966312056737587
68,470,12,18,0.995,0.9973404255319149
69,470,11,19,0.997,0.9984042553191489
70,469,12,19,0.996,0.997867803837953
71,466,15,19,0.991,0.9951716738197425
72,465,14,21,0.992,0.9956989247311828
73,463,15,22,0.992,0.9956803455723542
74,463,14,23,0.993,0.9962203023758099
75,461,16,23,0.992,0.9956616052060737
76,460,17,23,0.991,0.9951086956521739
77,457,20,23,0.991,0.9951859956236324
78,457,18,25,0.992,0.9957330415754924
79,457,18,25,0.992,0.9957330415754924
80,457,17,26,0.992,0.9957330415754924
81,455,18,27,0.993,0.9962637362637363
82,454,19,27,0.992,0.995704845814978
83,453,20,27,0.991,0.9951434878587196
84,453,20,27,0.991,0.9951434878587196
85,453,20,27,0.991,0.9951434878587196
86,453,19,28,0.991,0.9951434878587196
87,453,17,30,0.995,0.9973509933774835
88,453,16,31,0.995,0.9973509933774835
89,453,16,31,0.995,0.9973509933774835
90,451,16,33,0.996,0.9978935698447894
91,450,17,33,0.995,0.9974444444444445
92,448,17,35,0.994,0.9968750000000001
93,448,15,37,0.996,0.9977678571428571
94,448,15,37,0.996,0.9977678571428571
95,447,14,39,0.996,0.9977628635346756
96,445,14,41,0.997,0.998314606741573
97,445,14,41,0.997,0.998314606741573
98,444,14,42,0.998,0.9988738738738738
99,443,14,43,0.997,0.9983069977426636
100,442,15,43,0.997,0.9983031674208145
101,442,14,44,0.997,0.9983031674208145
102,441,14,45,0.996,0.9977324263038548
103,440,14,46,0.996,0.9977272727272727
104,439,14,47,0.996,0.9977220956719818
105,439,13,48,0.997,0.9982915717539863
106,438,14,48,0.999,0.9994292237442922
107,438,14,48,0.999,0.9994292237442922
108,438,12,50,0.999,0.9994292237442922
109,436,14,50,0.998,0.9988532110091743
110,435,14,51,0.997,0.9982758620689656
111,435,14,51,0.997,0.9982758620689656
112,434,14,52,0.995,0.9971198156682027
113,434,13,53,0.995,0.9971198156682027
114,433,12,55,0.996,0.9976905311778291
115,433,12,55,0.996,0.9976905311778291
116,433,12,55,0.996,0.9976905311778291
117,432,12,56,0.997,0.9982638888888888
118,431,12,57,0.998,0.9988399071925754
119,429,14,57,0.999,0.9994172494172494
120,429,14,57,0.999,0.9994172494172494
121,427,16,57,0.997,0.9982435597189696
122,426,16,58,0.998,0.9988262910798122
123,425,16,59,0.998,0.9988235294117647
124,425,15,60,0.998,0.9988235294117647
125,425,15,60,0.998,0.9988235294117647
126,424,15,61,0.999,0.9994103773584906
127,424,14,62,0.999,0.9994103773584906
128,423,15,62,0.998,0.9988179669030733
129,423,14,63,0.998,0.9988179669030733
130,422,15,63,0.999,0.9994075829383886
131,422,15,63,0.999,0.9994075829383886
132,422,14,64,0.999,0.9994075829383886
133,422,14,64,0.999,0.9994075829383886
134,422,14,64,0.999,0.9994075829383886
135,422,13,65,0.999,0.9994075829383886
136,421,14,65,0.998,0.998812351543943
137,421,14,65,0.998,0.998812351543943
138,420,15,65,0.997,0.9982142857142857
139,420,15,65,0.997,0.9982142857142857
140,419,15,66,0.996,0.9976133651551312
141,419,15,66,0.996,0.9976133651551312
142,418,15,67,0.998,0.9988038277511961
143,418,15,67,0.998,0.9988038277511961
144,418,15,67,0.998,0.9988038277511961
145,416,17,67,0.997,0.9981971153846154
146,416,17,67,0.997,0.9981971153846154
147,416,17,67,0.997,0.9981971153846154
148,416,17,67,0.997,0.9981971153846154
149,416,17,67,0.997,0.9981971153846154
150,416,17,67,0.997,0.9981971153846154
151,415,15,70,0.997,0.9981927710843373
152,414,14,72,0.998,0.998792270531401
153,414,14,72,0.998,0.998792270531401
154,414,14,72,0.998,0.998792270531401
155,414,13,73,0.999,0.9993961352657005
156,414,13,73,0.999,0.9993961352657005
157,414,12,74,0.999,0.9993961352657005
158,413,13,74,0.998,0.9987893462469734
159,413,13,74,0.998,0.9987893462469734
160,413,13,74,0.998,0.9987893462469734
161,413,12,75,0.998,0.9987893462469734
162,413,11,76,0.999,0.9993946731234867
163,413,10,77,0.999,0.9993946731234867
164,413,10,77,0.999,0.9993946731234867
165,413,10,77,0.999,0.9993946731234867
166,413,10,77,0.999,0.9993946731234867
167,413,10,77,0.999,0.9993946731234867
168,413,10,77,0.999,0.9993946731234867
169,412,10,78,1.0,1.0
170,412,10,78,1.0,1.0
171,412,10,78,1.0,1.0
172,412,8,80,1.0,1.0
173,411,9,80,1.0,1.0
174,411,8,81,1.0,1.0
175,411,6,83,1.0,1.0
176,411,6,83,1.0,1.0
177,411,6,83,1.0,1.0
178,411,6,83,1.0,1.0
179,411,6,83,1.0,1.0
180,411,6,83,1.0,1.0
181,411,5,84,1.0,1.0
182,411,4,85,1.0,1.0
183,411,4,85,1.0,1.0
184,411,3,86,1.0,1.0
185,411,3,86,1.0,1.0
186,411,3,86,1.0,1.0
187,411,3,86,1.0,1.0
188,411,3,86,1.0,1.0
189,411,3,86,1.0,1.0
190,411,3,86,1.0,1.0
191,411,3,86,1.0,1.0
192,411,3,86,1.0,1.0
193,411,3,86,1.0,1.0
194,411,3,86,1.0,1.0
195,411,3,86,1.0,1.0
196,411,3,86,1.0,1.0
197,411,3,86,1.0,1.0
198,411,3,86,1.0,1.0
199,411,3,86,1.0,1.0
200,411,3,86,1.0,1.0
1,498,2,0,0.998,0.998995983935743
2,498,2,0,0.998,0.998995983935743
3,498,2,0,0.998,0.998995983935743
4,497,3,0,0.997,0.9984909456740443
5,497,3,0,0.997,0.9984909456740443
6,497,3,0,0.997,0.9984909456740443
7,496,4,0,0.996,0.9979838709677419
8,496,4,0,0.996,0.9979838709677419
9,496,4,0,0.996,0.9979838709677419
10,496,3,1,0.997,0.9984879032258065
11,496,3,1,0.997,0.9984879032258065
12,496,2,2,0.999,0.9994959677419355
13,496,2,2,0.999,0.9994959677419355
14,496,2,2,0.999,0.9994959677419355
15,496,2,2,0.999,0.9994959677419355
16,495,3,2,0.999,0.9994949494949495
17,495,3,2,0.999,0.9994949494949495
18,495,3,2,0.999,0.9994949494949495
19,495,3,2,0.999,0.9994949494949495
20,495,2,3,1.0,1.0
21,495,2,3,1.0,1.0
22,495,2,3,1.0,1.0
23,495,2,3,1.0,1.0
24,495,2,3,1.0,1.0
25,494,3,3,1.0,1.0
26,493,3,4,1.0,1.0
27,493,3,4,1.0,1.0
28,493,2,5,1.0,1.0
29,493,2,5,1.0,1.0
30,492,3,5,0.999,0.9994918699186992
31,492,3,5,0.999,0.9994918699186992
32,492,3,5,0.999,0.9994918699186992
33,492,3,5,0.999,0.9994918699186992
34,492,3,5,0.999,0.9994918699186992
35,492,3,5,0.999,0.9994918699186992
36,492,3,5,0.999,0.9994918699186992
37,492,3,5,0.999,0.9994918699186992
38,492,3,5,0.999,0.9994918699186992
39,492,3,5,0.999,0.9994918699186992
40,492,3,5,0.999,0.9994918699186992
41,492,3,5,0.999,0.9994918699186992
42,492,3,5,0.999,0.9994918699186992
43,492,3,5,0.999,0.9994918699186992
44,492,2,6,0.999,0.9994918699186992
45,492,2,6,0.999,0.9994918699186992
46,492,2,6,0.999,0.9994918699186992
47,492,1,7,1.0,1.0
48,492,1,7,1.0,1.0
49,491,2,7,1.0,1.0
50,491,2,7,1.0,1.0
51,491,2,7,1.0,1.0
52,491,2,7,1.0,1.0
53,491,2,7,1.0,1.0
54,491,2,7,1.0,1.0
55,490,3,7,0.999,0.9994897959183674
56,490,3,7,0.999,0.9994897959183674
57,490,3,7,0.999,0.9994897959183674
58,490,3,7,0.999,0.9994897959183674
59,489,4,7,0.999,0.9994887525562373
60,488,5,7,0.999,0.9993169398907104
61,488,5,7,0.999,0.9993169398907104
62,488,4,8,0.999,0.9993169398907104
63,488,4,8,0.999,0.9993169398907104
64,488,4,8,0.999,0.9993169398907104
65,487,5,8,0.999,0.9994866529774127
66,487,4,9,1.0,1.0
67,487,3,10,1.0,1.0
68,487,3,10,1.0,1.0
69,487,3,10,1.0,1.0
70,486,4,10,1.0,1.0
71,486,4,10,1.0,1.0
72,486,4,10,1.0,1.0
73,486,4,10,1.0,1.0
74,486,4,10,1.0,1.0
75,486,4,10,1.0,1.0
76,486,4,10,1.0,1.0
77,486,4,10,1.0,1.0
78,486,4,10,1.0,1.0
79,486,4,10,1.0,1.0
80,486,4,10,1.0,1.0
81,486,3,11,1.0,1.0
82,486,3,11,1.0,1.0
83,486,3,11,1.0,1.0
84,486,3,11,1.0,1.0
85,486,3,11,1.0,1.0
86,486,3,11,1.0,1.0
87,486,2,12,1.0,1.0
88,486,2,12,1.0,1.0
89,486,2,12,1.0,1.0
90,486,1,13,1.0,1.0
91,486,1,13,1.0,1.0
92,486,1,13,1.0,1.0
93,486,1,13,1.0,1.0
94,486,1,13,1.0,1.0
95,486,1,13,1.0,1.0
96,486,1,13,1.0,1.0
97,486,1,13,1.0,1.0
98,486,1,13,1.0,1.0
99,486,1,13,1.0,1.0
100,486,1,13,1.0,1.0
101,486,1,13,1.0,1.0
102,486,1,13,1.0,1.0
103,486,1,13,1.0,1.0
104,486,1,13,1.0,1.0
105,486,1,13,1.0,1.0
106,486,1,13,1.0,1.0
107,486,1,13,1.0,1.0
108,486,1,13,1.0,1.0
109,486,1,13,1.0,1.0
110,486,1,13,1.0,1.0
111,486,1,13,1.0,1.0
112,486,1,13,1.0,1.0
113,486,1,13,1.0,1.0
114,486,1,13,1.0,1.0
115,486,1,13,1.0,1.0
116,486,1,13,1.0,1.0
117,486,1,13,1.0,1.0
118,486,1,13,1.0,1.0
119,486,1,13,1.0,1.0
120,486,1,13,1.0,1.0
121,486,1,13,1.0,1.0
122,486,1,13,1.0,1.0
123,486,1,13,1.0,1.0
124,486,1,13,1.0,1.0
125,486,1,13,1.0,1.0
126,486,1,13,1.0,1.0
127,486,1,13,1.0,1.0
128,486,1,13,1.0,1.0
129,486,1,13,1.0,1.0
130,486,1,13,1.0,1.0
131,486,1,13,1.0,1.0
132,486,1,13,1.0,1.0
133,486,1,13,1.0,1.0
134,486,1,13,1.0,1.0
135,486,1,13,1.0,1.0
136,486,1,13,1.0,1.0
137,486,1,13,1.0,1.0
138,486,1,13,1.0,1.0
139,486,1,13,1.0,1.0
140,486,0,14,1.0,1.0
141,486,0,14,1.0,1.0
142,486,0,14,1.0,1.0
143,486,0,14,1.0,1.0
144,486,0,14,1.0,1.0
145,486,0,14,1.0,1.0
146,486,0,14,1.0,1.0
147,486,0,14,1.0,1.0
148,486,0,14,1.0,1.0
149,486,0,14,1.0,1.0
150,486,0,14,1.0,1.0
151,486,0,14,1.0,1.0
152,486,0,14,1.0,1.0
153,486,0,14,1.0,1.0
154,486,0,14,1.0,1.0
155,486,0,14,1.0,1.0
156,486,0,14,1.0,1.0
157,486,0,14,1.0,1.0
158,486,0,14,1.0,1.0
159,486,0,14,1.0,1.0
160,486,0,14,1.0,1.0
161,486,0,14,1.0,1.0
162,486,0,14,1.0,1.0
163,486,0,14,1.0,1.0
164,486,0,14,1.0,1.0
165,486,0,14,1.0,1.0
166,486,0,14,1.0,1.0
167,486,0,14,1.0,1.0
168,486,0,14,1.0,1.0
169,486,0,14,1.0,1.0
170,486,0,14,1.0,1.0
171,486,0,14,1.0,1.0
172,486,0,14,1.0,1.0
173,486,0,14,1.0,1.0
174,486,0,14,1.0,1.0
175,486,0,14,1.0,1.0
176,486,0,14,1.0,1.0
177,486,0,14,1.0,1.0
178,486,0,14,1.0,1.0
179,486,0,14,1.0,1.0
180,486,0,14,1.0,1.0
181,486,0,14,1.0,1.0
182,486,0,14,1.0,1.0
183,486,0,14,1.0,1.0
184,486,0,14,1.0,1.0
185,486,0,14,1.0,1.0
186,486,0,14,1.0,1.0
187,486,0,14,1.0,1.0
188,486,0,14,1.0,1.0
189,486,0,14,1.0,1.0
190,486,0,14,1.0,1.0
191,486,0,14,1.0,1.0
192,486,0,14,1.0,1.0
193,486,0,14,1.0,1.0
194,486,0,14,1.0,1.0
195,486,0,14,1.0,1.0
196,486,0,14,1.0,1.0
197,486,0,14,1.0,1.0
198,486,0,14,1.0,1.0
199,486,0,14,1.0,1.0
200,486,0,14,1.0,1.0
1,498,2,0,0.998,0.998995983935743
2,498,2,0,0.998,0.998995983935743
3,498,2,0,0.998,0.998995983935743
4,497,3,0,0.998,0.9989939637826962
5,497,3,0,0.998,0.9989939637826962
6,497,3,0,0.998,0.9989939637826962
7,497,3,0,0.998,0.9989939637826962
8,497,3,0,0.998,0.9989939637826962
9,496,4,0,0.997,0.9984879032258065
10,496,4,0,0.997,0.9984879032258065
11,496,4,0,0.997,0.9984879032258065
12,496,4,0,0.997,0.9984879032258065
13,495,5,0,0.998,0.998989898989899
14,494,5,1,0.999,0.9994939271255061
15,494,5,1,0.999,0.9994939271255061
16,494,5,1,0.999,0.9994939271255061
17,494,4,2,0.999,0.9994939271255061
18,493,5,2,0.999,0.9994929006085193
19,493,5,2,0.999,0.9994929006085193
20,492,5,3,0.999,0.9994918699186992
21,492,5,3,0.999,0.9994918699186992
22,492,5,3,0.999,0.9994918699186992
23,492,5,3,0.999,0.9994918699186992
24,492,4,4,1.0,1.0
25,492,4,4,1.0,1.0
26,492,4,4,1.0,1.0
27,492,4,4,1.0,1.0
28,492,4,4,1.0,1.0
29,492,4,4,1.0,1.0
30,491,5,4,1.0,1.0
31,491,5,4,1.0,1.0
32,491,5,4,1.0,1.0
33,490,6,4,0.998,0.9988095238095238
34,490,6,4,0.998,0.9988095238095238
35,490,5,5,1.0,1.0
36,490,4,6,1.0,1.0
37,490,4,6,1.0,1.0
38,490,4,6,1.0,1.0
39,489,5,6,1.0,1.0
40,489,5,6,1.0,1.0
41,489,5,6,1.0,1.0
42,489,5,6,1.0,1.0
43,488,6,6,0.999,0.9994877049180327
44,488,6,6,0.999,0.9994877049180327
45,488,6,6,0.999,0.9994877049180327
46,488,6,6,0.999,0.9994877049180327
47,486,7,7,1.0,1.0
48,486,7,7,1.0,1.0
49,486,7,7,1.0,1.0
50,486,7,7,1.0,1.0
51,485,8,7,1.0,1.0
52,485,7,8,1.0,1.0
53,485,7,8,1.0,1.0
54,485,7,8,1.0,1.0
55,485,5,10,1.0,1.0
56,485,4,11,1.0,1.0
57,484,5,11,0.999,0.9994834710743802
58,483,6,11,0.999,0.9994824016563147
59,483,6,11,0.999,0.9994824016563147
60,481,8,11,0.998,0.998960498960499
61,481,8,11,0.998,0.998960498960499
62,479,10,11,0.998,0.9989561586638831
63,479,10,11,0.998,0.9989561586638831
64,479,10,11,0.998,0.9989561586638831
65,479,10,11,0.998,0.9989561586638831
66,479,10,11,0.998,0.9989561586638831
67,479,10,11,0.998,0.9989561586638831
68,479,10,11,0.998,0.9989561586638831
69,479,10,11,0.998,0.9989561586638831
70,478,11,11,0.997,0.9984309623430963
71,477,8,15,0.999,0.999475890985325
72,477,8,15,0.999,0.999475890985325
73,477,6,17,0.999,0.999475890985325
74,476,7,17,0.998,0.9987745098039216
75,476,6,18,0.999,0.9994747899159664
76,476,6,18,0.999,0.9994747899159664
77,476,6,18,0.999,0.9994747899159664
78,475,7,18,0.998,0.9989473684210526
79,475,6,19,0.998,0.9989473684210526
80,475,6,19,0.998,0.9989473684210526
81,475,6,19,0.998,0.9989473684210526
82,475,5,20,0.998,0.9989473684210526
83,475,4,21,0.998,0.9989473684210526
84,475,4,21,0.998,0.9989473684210526
85,475,4,21,0.998,0.9989473684210526
86,475,4,21,0.998,0.9989473684210526
87,475,4,21,0.998,0.9989473684210526
88,475,4,21,0.998,0.9989473684210526
89,475,4,21,0.998,0.9989473684210526
90,475,4,21,0.998,0.9989473684210526
91,475,4,21,0.998,0.9989473684210526
92,474,4,22,0.998,0.9989451476793249
93,474,4,22,0.998,0.9989451476793249
94,474,4,22,0.998,0.9989451476793249
95,474,4,22,0.998,0.9989451476793249
96,474,4,22,0.998,0.9989451476793249
97,474,4,22,0.998,0.9989451476793249
98,474,4,22,0.998,0.9989451476793249
99,473,5,22,0.998,0.9989429175475687
100,473,5,22,0.998,0.9989429175475687
101,473,5,22,0.998,0.9989429175475687
102,473,5,22,0.998,0.9989429175475687
103,473,5,22,0.998,0.9989429175475687
104,473,5,22,0.998,0.9989429175475687
105,473,5,22,0.998,0.9989429175475687
106,473,4,23,0.999,0.9994714587737844
107,473,4,23,0.999,0.9994714587737844
108,473,4,23,0.999,0.9994714587737844
109,473,4,23,0.999,0.9994714587737844
110,473,4,23,0.999,0.9994714587737844
111,473,3,24,1.0,1.0
112,473,3,24,1.0,1.0
113,472,4,24,1.0,1.0
114,472,4,24,1.0,1.0
115,472,4,24,1.0,1.0
116,472,3,25,1.0,1.0
117,472,3,25,1.0,1.0
118,472,3,25,1.0,1.0
119,472,2,26,1.0,1.0
120,471,3,26,0.999,0.9994692144373672
121,471,3,26,0.999,0.9994692144373672
122,471,2,27,1.0,1.0
123,471,2,27,1.0,1.0
124,471,2,27,1.0,1.0
125,471,2,27,1.0,1.0
126,471,2,27,1.0,1.0
127,470,3,27,1.0,1.0
128,469,3,28,0.999,0.9994669509594882
129,469,3,28,0.999,0.9994669509594882
130,469,2,29,1.0,1.0
131,469,2,29,1.0,1.0
132,469,2,29,1.0,1.0
133,469,2,29,1.0,1.0
134,469,2,29,1.0,1.0
135,468,3,29,0.999,0.999465811965812
136,468,3,29,0.999,0.999465811965812
137,468,3,29,0.999,0.999465811965812
138,467,4,29,0.998,0.9990364025695931
139,466,5,29,0.999,0.9995708154506437
140,466,4,30,0.999,0.9995708154506437
141,466,3,31,1.0,1.0
142,465,4,31,0.999,0.9994623655913979
143,465,4,31,0.999,0.9994623655913979
144,465,4,31,0.999,0.9994623655913979
145,465,4,31,0.999,0.9994623655913979
146,465,4,31,0.999,0.9994623655913979
147,465,4,31,0.999,0.9994623655913979
148,465,4,31,0.999,0.9994623655913979
149,465,3,32,0.999,0.9994623655913979
150,465,3,32,0.999,0.9994623655913979
151,465,3,32,0.999,0.9994623655913979
152,464,4,32,0.999,0.9994612068965517
153,464,4,32,0.999,0.9994612068965517
154,464,4,32,0.999,0.9994612068965517
155,464,4,32,0.999,0.9994612068965517
156,463,5,32,0.999,0.9994600431965442
157,463,5,32,0.999,0.9994600431965442
158,463,5,32,0.999,0.9994600431965442
159,462,5,33,0.999,0.9994588744588745
160,461,6,33,0.998,0.9989154013015185
161,461,6,33,0.998,0.9989154013015185
162,461,6,33,0.998,0.9989154013015185
163,460,7,33,0.997,0.9983695652173913
164,460,7,33,0.997,0.9983695652173913
165,460,7,33,0.997,0.9983695652173913
166,459,8,33,0.996,0.9978213507625272
167,459,8,33,0.996,0.9978213507625272
168,458,9,33,0.998,0.9989082969432315
169,457,10,33,0.997,0.9983588621444202
170,457,9,34,0.998,0.9989059080962801
171,456,10,34,0.998,0.9989035087719298
172,456,10,34,0.998,0.9989035087719298
173,456,9,35,0.998,0.9989035087719298
174,456,9,35,0.998,0.9989035087719298
175,456,8,36,0.998,0.9989035087719298
176,456,8,36,0.998,0.9989035087719298
177,456,8,36,0.998,0.9989035087719298
178,455,9,36,0.997,0.9983516483516484
179,455,9,36,0.997,0.9983516483516484
180,454,10,36,0.998,0.998898678414097
181,454,10,36,0.998,0.998898678414097
182,454,10,36,0.998,0.998898678414097
183,454,10,36,0.998,0.998898678414097
184,453,11,36,0.997,0.9983443708609272
185,453,11,36,0.997,0.9983443708609272
186,453,9,38,0.998,0.9988962472406181
187,453,8,39,0.998,0.9988962472406181
188,453,8,39,0.998,0.9988962472406181
189,453,8,39,0.998,0.9988962472406181
190,453,8,39,0.998,0.9988962472406181
191,453,8,39,0.998,0.9988962472406181
192,453,7,40,0.998,0.9988962472406181
193,453,7,40,0.998,0.9988962472406181
194,453,7,40,0.998,0.9988962472406181
195,453,7,40,0.998,0.9988962472406181
196,453,7,40,0.998,0.9988962472406181
197,452,8,40,0.999,0.9994469026548672
198,452,8,40,0.999,0.9994469026548672
199,452,7,41,0.999,0.9994469026548672
200,452,6,42,0.999,0.9994469026548672
1,499,1,0,1.0,1.0
2,499,1,0,1.0,1.0
3,498,1,1,1.0,1.0
4,498,1,1,1.0,1.0
5,498,1,1,1.0,1.0
6,498,1,1,1.0,1.0
7,498,1,1,1.0,1.0
8,498,1,1,1.0,1.0
9,498,1,1,1.0,1.0
10,498,1,1,1.0,1.0
11,498,1,1,1.0,1.0
12,498,1,1,1.0,1.0
13,497,2,1,1.0,1.0
14,497,2,1,1.0,1.0
15,496,3,1,0.998,0.998991935483871
16,496,3,1,0.998,0.998991935483871
17,496,3,1,0.998,0.998991935483871
18,496,2,2,0.999,0.9994959677419355
19,496,2,2,0.999,0.9994959677419355
20,496,2,2,0.999,0.9994959677419355
21,496,2,2,0.999,0.9994959677419355
22,496,1,3,1.0,1.0
23,495,2,3,1.0,1.0
24,495,2,3,1.0,1.0
25,495,1,4,1.0,1.0
26,495,1,4,1.0,1.0
27,495,1,4,1.0,1.0
28,495,1,4,1.0,1.0
29,495,1,4,1.0,1.0
30,495,1,4,1.0,1.0
31,495,1,4,1.0,1.0
32,495,1,4,1.0,1.0
33,495,1,4,1.0,1.0
34,495,1,4,1.0,1.0
35,495,1,4,1.0,1.0
36,495,1,4,1.0,1.0
37,495,1,4,1.0,1.0
38,495,1,4,1.0,1.0
39,494,1,5,1.0,1.0
40,494,1,5,1.0,1.0
41,494,1,5,1.0,1.0
42,494,1,5,1.0,1.0
43,494,1,5,1.0,1.0
44,494,1,5,1.0,1.0
45,494,1,5,1.0,1.0
46,494,1,5,1.0,1.0
47,494,1,5,1.0,1.0
48,494,1,5,1.0,1.0
49,494,1,5,1.0,1.0
50,494,1,5,1.0,1.0
51,494,1,5,1.0,1.0
52,494,1,5,1.0,1.0
53,494,1,5,1.0,1.0
54,494,1,5,1.0,1.0
55,494,1,5,1.0,1.0
56,494,1,5,1.0,1.0
57,494,1,5,1.0,1.0
58,494,1,5,1.0,1.0
59,494,1,5,1.0,1.0
60,494,1,5,1.0,1.0
61,494,1,5,1.0,1.0
62,494,1,5,1.0,1.0
63,494,1,5,1.0,1.0
64,494,1,5,1.0,1.0
65,494,1,5,1.0,1.0
66,494,1,5,1.0,1.0
67,494,1,5,1.0,1.0
68,494,1,5,1.0,1.0
69,494,1,5,1.0,1.0
70,494,1,5,1.0,1.0
71,494,1,5,1.0,1.0
72,494,1,5,1.0,1.0
73,494,1,5,1.0,1.0
74,494,1,5,1.0,1.0
75,494,1,5,1.0,1.0
76,494,1,5,1.0,1.0
77,494,1,5,1.0,1.0
78,494,1,5,1.0,1.0
79,494,1,5,1.0,1.0
80,494,1,5,1.0,1.0
81,494,1,5,1.0,1.0
82,494,1,5,1.0,1.0
83,494,1,5,1.0,1.0
84,494,1,5,1.0,1.0
85,494,1,5,1.0,1.0
86,494,1,5,1.0,1.0
87,494,1,5,1.0,1.0
88,494,1,5,1.0,1.0
89,494,1,5,1.0,1.0
90,494,1,5,1.0,1.0
91,494,1,5,1.0,1.0
92,494,1,5,1.0,1.0
93,494,1,5,1.0,1.0
94,494,1,5,1.0,1.0
95,494,1,5,1.0,1.0
96,494,1,5,1.0,1.0
97,494,1,5,1.0,1.0
98,494,1,5,1.0,1.0
99,494,1,5,1.0,1.0
100,494,1,5,1.0,1.0
101,494,1,5,1.0,1.0
102,494,1,5,1.0,1.0
103,494,1,5,1.0,1.0
104,494,1,5,1.0,1.0
105,494,1,5,1.0,1.0
106,494,1,5,1.0,1.0
107,494,1,5,1.0,1.0
108,494,1,5,1.0,1.0
109,494,1,5,1.0,1.0
110,494,1,5,1.0,1.0
111,494,1,5,1.0,1.0
112,494,1,5,1.0,1.0
113,494,1,5,1.0,1.0
114,494,1,5,1.0,1.0
115,494,1,5,1.0,1.0
116,494,0,6,1.0,1.0
117,494,0,6,1.0,1.0
118,494,0,6,1.0,1.0
119,494,0,6,1.0,1.0
120,494,0,6,1.0,1.0
121,494,0,6,1.0,1.0
122,494,0,6,1.0,1.0
123,494,0,6,1.0,1.0
124,494,0,6,1.0,1.0
125,494,0,6,1.0,1.0
126,494,0,6,1.0,1.0
127,494,0,6,1.0,1.0
128,494,0,6,1.0,1.0
129,494,0,6,1.0,1.0
130,494,0,6,1.0,1.0
131,494,0,6,1.0,1.0
132,494,0,6,1.0,1.0
133,494,0,6,1.0,1.0
134,494,0,6,1.0,1.0
135,494,0,6,1.0,1.0
136,494,0,6,1.0,1.0
137,494,0,6,1.0,1.0
138,494,0,6,1.0,1.0
139,494,0,6,1.0,1.0
140,494,0,6,1.0,1.0
141,494,0,6,1.0,1.0
142,494,0,6,1.0,1.0
143,494,0,6,1.0,1.0
144,494,0,6,1.0,1.0
145,494,0,6,1.0,1.0
146,494,0,6,1.0,1.0
147,494,0,6,1.0,1.0
148,494,0,6,1.0,1.0
149,494,0,6,1.0,1.0
150,494,0,6,1.0,1.0
151,494,0,6,1.0,1.0
152,494,0,6,1.0,1.0
153,494,0,6,1.0,1.0
154,494,0,6,1.0,1.0
155,494,0,6,1.0,1.0
156,494,0,6,1.0,1.0
157,494,0,6,1.0,1.0
158,494,0,6,1.0,1.0
159,494,0,6,1.0,1.0
160,494,0,6,1.0,1.0
161,494,0,6,1.0,1.0
162,494,0,6,1.0,1.0
163,494,0,6,1.0,1.0
164,494,0,6,1.0,1.0
165,494,0,6,1.0,1.0
166,494,0,6,1.0,1.0
167,494,0,6,1.0,1.0
168,494,0,6,1.0,1.0
169,494,0,6,1.0,1.0
170,494,0,6,1.0,1.0
171,494,0,6,1.0,1.0
172,494,0,6,1.0,1.0
173,494,0,6,1.0,1.0
174,494,0,6,1.0,1.0
175,494,0,6,1.0,1.0
176,494,0,6,1.0,1.0
177,494,0,6,1.0,1.0
178,494,0,6,1.0,1.0
179,494,0,6,1.0,1.0
180,494,0,6,1.0,1.0
181,494,0,6,1.0,1.0
182,494,0,6,1.0,1.0
183,494,0,6,1.0,1.0
184,494,0,6,1.0,1.0
185,494,0,6,1.0,1.0
186,494,0,6,1.0,1.0
187,494,0,6,1.0,1.0
188,494,0,6,1.0,1.0
189,494,0,6,1.0,1.0
190,494,0,6,1.0,1.0
191,494,0,6,1.0,1.0
192,494,0,6,1.0,1.0
193,494,0,6,1.0,1.0
194,494,0,6,1.0,1.0
195,494,0,6,1.0,1.0
196,494,0,6,1.0,1.0
197,494,0,6,1.0,1.0
198,494,0,6,1.0,1.0
199,494,0,6,1.0,1.0
200,494,0,6,1.0,1.0
1,498,2,0,0.998,0.998995983935743
2,498,2,0,0.998,0.998995983935743
3,498,2,0,0.998,0.998995983935743
4,498,2,0,0.998,0.998995983935743
5,498,2,0,0.998,0.998995983935743
6,497,3,0,0.997,0.9984909456740443
7,495,5,0,0.998,0.998989898989899
8,495,5,0,0.998,0.998989898989899
9,494,6,0,0.997,0.9984817813765182
10,494,6,0,0.997,0.9984817813765182
11,494,6,0,0.997,0.9984817813765182
12,494,6,0,0.997,0.9984817813765182
13,493,7,0,0.996,0.9979716024340771
14,493,6,1,0.997,0.9984787018255578
15,493,6,1,0.997,0.9984787018255578
16,493,6,1,0.997,0.9984787018255578
17,493,6,1,0.997,0.9984787018255578
18,493,6,1,0.997,0.9984787018255578
19,493,4,3,0.999,0.9994929006085193
20,492,5,3,0.999,0.9994918699186992
21,492,5,3,0.999,0.9994918699186992
22,492,5,3,0.999,0.9994918699186992
23,492,4,4,0.999,0.9994918699186992
24,492,3,5,1.0,1.0
25,492,3,5,1.0,1.0
26,492,3,5,1.0,1.0
27,492,3,5,1.0,1.0
28,492,3,5,1.0,1.0
29,492,3,5,1.0,1.0
30,492,3,5,1.0,1.0
31,492,3,5,1.0,1.0
32,492,3,5,1.0,1.0
33,492,3,5,1.0,1.0
34,492,3,5,1.0,1.0
35,492,3,5,1.0,1.0
36,492,3,5,1.0,1.0
37,492,3,5,1.0,1.0
38,492,3,5,1.0,1.0
39,492,3,5,1.0,1.0
40,492,3,5,1.0,1.0
41,492,3,5,1.0,1.0
42,492,3,5,1.0,1.0
43,492,3,5,1.0,1.0
44,492,3,5,1.0,1.0
45,492,3,5,1.0,1.0
46,492,2,6,1.0,1.0
47,492,2,6,1.0,1.0
48,492,2,6,1.0,1.0
49,492,2,6,1.0,1.0
50,491,3,6,1.0,1.0
51,491,2,7,1.0,1.0
52,491,2,7,1.0,1.0
53,491,2,7,1.0,1.0
54,491,2,7,1.0,1.0
55,491,2,7,1.0,1.0
56,491,2,7,1.0,1.0
57,491,2,7,1.0,1.0
58,491,2,7,1.0,1.0
59,490,3,7,0.999,0.9994897959183674
60,489,4,7,0.998,0.9989775051124744
61,489,4,7,0.998,0.9989775051124744
62,489,4,7,0.998,0.9989775051124744
63,489,4,7,0.998,0.9989775051124744
64,489,4,7,0.998,0.9989775051124744
65,489,4,7,0.998,0.9989775051124744
66,489,4,7,0.998,0.9989775051124744
67,489,4,7,0.998,0.9989775051124744
68,489,4,7,0.998,0.9989775051124744
69,489,4,7,0.998,0.9989775051124744
70,489,4,7,0.998,0.9989775051124744
71,488,5,7,0.997,0.9982923497267758
72,488,5,7,0.997,0.9982923497267758
73,488,5,7,0.997,0.9982923497267758
74,488,5,7,0.997,0.9982923497267758
75,488,5,7,0.997,0.9982923497267758
76,488,5,7,0.997,0.9982923497267758
77,488,5,7,0.997,0.9982923497267758
78,487,6,7,0.995,0.9971937029431895
79,487,5,8,0.996,0.9977070499657769
80,487,5,8,0.996,0.9977070499657769
81,487,5,8,0.996,0.9977070499657769
82,487,5,8,0.996,0.9977070499657769
83,487,5,8,0.996,0.9977070499657769
84,487,3,10,1.0,1.0
85,487,3,10,1.0,1.0
86,487,3,10,1.0,1.0
87,487,3,10,1.0,1.0
88,487,3,10,1.0,1.0
89,486,4,10,1.0,1.0
90,486,3,11,1.0,1.0
91,486,3,11,1.0,1.0
92,485,3,12,1.0,1.0
93,485,3,12,1.0,1.0
94,485,2,13,1.0,1.0
95,485,2,13,1.0,1.0
96,485,2,13,1.0,1.0
97,485,2,13,1.0,1.0
98,485,2,13,1.0,1.0
99,484,3,13,1.0,1.0
100,483,4,13,0.999,0.9994824016563147
101,483,4,13,0.999,0.9994824016563147
102,483,4,13,0.999,0.9994824016563147
103,483,4,13,0.999,0.9994824016563147
104,482,5,13,0.999,0.9994813278008299
105,482,5,13,0.999,0.9994813278008299
106,482,5,13,0.999,0.9994813278008299
107,482,5,13,0.999,0.9994813278008299
108,482,4,14,1.0,1.0
109,482,4,14,1.0,1.0
110,482,4,14,1.0,1.0
111,481,4,15,0.999,0.9994802494802495
112,481,4,15,0.999,0.9994802494802495
113,481,4,15,0.999,0.9994802494802495
114,480,5,15,0.998,0.9989583333333333
115,480,5,15,0.998,0.9989583333333333
116,480,3,17,1.0,1.0
117,480,3,17,1.0,1.0
118,479,4,17,0.999,0.9994780793319415
119,479,4,17,0.999,0.9994780793319415
120,479,3,18,1.0,1.0
121,479,3,18,1.0,1.0
122,477,5,18,0.999,0.9993011879804332
123,476,6,18,0.998,0.9987745098039215
124,476,6,18,0.998,0.9987745098039215
125,475,7,18,0.997,0.9982456140350876
126,474,8,18,0.995,0.9971870604781996
127,474,6,20,0.996,0.9977144866385372
128,473,6,21,0.998,0.9987667371388301
129,471,8,21,0.996,0.9975230007077142
130,469,10,21,0.994,0.9964463397299219
131,468,11,21,0.993,0.9959045584045585
132,468,11,21,0.993,0.9959045584045585
133,468,10,22,0.994,0.9964387464387465
134,467,11,22,0.993,0.9958957887223413
135,466,11,23,0.993,0.9958869814020029
136,465,12,23,0.992,0.9953405017921148
137,464,13,23,0.99,0.9942528735632185
138,464,13,23,0.99,0.9942528735632185
139,461,16,23,0.988,0.9929501084598699
140,460,16,24,0.989,0.9938405797101448
141,459,17,24,0.991,0.9949164851125635
142,458,18,24,0.99,0.9943595342066956
143,458,17,25,0.99,0.9943595342066956
144,457,18,25,0.989,0.9938001458789204
145,456,17,27,0.991,0.9948830409356725
146,456,17,27,0.991,0.9948830409356725
147,455,17,28,0.992,0.9956043956043956
148,455,17,28,0.992,0.9956043956043956
149,455,16,29,0.992,0.9956043956043956
150,454,16,30,0.993,0.9961453744493393
151,454,14,32,0.995,0.9972466960352423
152,453,15,32,0.994,0.9965047829286239
153,451,17,32,0.991,0.9946415373244643
154,447,21,32,0.992,0.9951528709917973
155,447,20,33,0.993,0.9957121551081284
156,445,21,34,0.994,0.9960674157303371
157,444,22,34,0.994,0.9961711711711712
158,443,23,34,0.993,0.9955981941309255
159,443,23,34,0.993,0.9955981941309255
160,442,21,37,0.996,0.997473604826546
161,441,21,38,0.997,0.9979213907785337
162,441,19,40,0.997,0.9979213907785337
163,441,19,40,0.997,0.9979213907785337
164,439,21,40,0.996,0.9973424449506455
165,439,21,40,0.996,0.9973424449506455
166,439,19,42,0.996,0.9973424449506455
167,439,19,42,0.996,0.9973424449506455
168,437,21,42,0.996,0.9973302822273075
169,437,18,45,0.996,0.9973302822273075
170,437,17,46,0.996,0.9973302822273075
171,437,16,47,0.996,0.9973302822273075
172,435,17,48,0.996,0.9974329501915709
173,433,19,48,0.994,0.9963818321785989
174,433,19,48,0.994,0.9963818321785989
175,432,18,50,0.994,0.9963734567901235
176,432,17,51,0.995,0.9968364197530865
177,432,16,52,0.995,0.9968364197530865
178,432,16,52,0.995,0.9968364197530865
179,431,16,53,0.994,0.9962490332559938
180,430,16,54,0.993,0.9956589147286822
181,429,17,54,0.992,0.995066045066045
182,429,16,55,0.994,0.9963092463092462
183,428,16,56,0.996,0.9974688473520248
184,427,16,57,0.996,0.9974629195940671
185,424,18,58,0.996,0.997444968553459
186,421,20,59,0.995,0.9968329374505146
187,419,22,59,0.993,0.9954256165473349
188,418,23,59,0.992,0.99481658692185
189,417,24,59,0.993,0.995603517186251
190,417,22,61,0.995,0.996802557953637
191,415,24,61,0.994,0.9961847389558232
192,415,23,62,0.995,0.9967871485943774
193,415,23,62,0.995,0.9967871485943774
194,413,24,63,0.995,0.9969733656174334
195,412,24,64,0.994,0.9961569579288025
196,411,24,65,0.994,0.996147607461476
197,409,25,66,0.993,0.9955175224123879
198,408,26,66,0.992,0.9948937908496731
199,407,26,67,0.992,0.9948812448812447
200,405,28,67,0.992,0.9950617283950617
1,499,1,0,1.0,1.0
2,499,1,0,1.0,1.0
3,498,2,0,0.999,0.9995983935742973
4,498,1,1,1.0,1.0
5,498,0,2,1.0,1.0
6,498,0,2,1.0,1.0
7,498,0,2,1.0,1.0
8,498,0,2,1.0,1.0
9,498,0,2,1.0,1.0
10,498,0,2,1.0,1.0
11,498,0,2,1.0,1.0
12,498,0,2,1.0,1.0
13,498,0,2,1.0,1.0
14,498,0,2,1.0,1.0
15,498,0,2,1.0,1.0
16,498,0,2,1.0,1.0
17,498,0,2,1.0,1.0
18,498,0,2,1.0,1.0
19,498,0,2,1.0,1.0
20,498,0,2,1.0,1.0
21,498,0,2,1.0,1.0
22,498,0,2,1.0,1.0
23,498,0,2,1.0,1.0
24,498,0,2,1.0,1.0
25,498,0,2,1.0,1.0
26,498,0,2,1.0,1.0
27,498,0,2,1.0,1.0
28,498,0,2,1.0,1.0
29,498,0,2,1.0,1.0
30,498,0,2,1.0,1.0
31,498,0,2,1.0,1.0
32,498,0,2,1.0,1.0
33,498,0,2,1.0,1.0
34,498,0,2,1.0,1.0
35,498,0,2,1.0,1.0
36,498,0,2,1.0,1.0
37,498,0,2,1.0,1.0
38,498,0,2,1.0,1.0
39,498,0,2,1.0,1.0
40,498,0,2,1.0,1.0
41,498,0,2,1.0,1.0
42,498,0,2,1.0,1.0
43,498,0,2,1.0,1.0
44,498,0,2,1.0,1.0
45,498,0,2,1.0,1.0
46,498,0,2,1.0,1.0
47,498,0,2,1.0,1.0
48,498,0,2,1.0,1.0
49,498,0,2,1.0,1.0
50,498,0,2,1.0,1.0
51,498,0,2,1.0,1.0
52,498,0,2,1.0,1.0
53,498,0,2,1.0,1.0
54,498,0,2,1.0,1.0
55,498,0,2,1.0,1.0
56,498,0,2,1.0,1.0
57,498,0,2,1.0,1.0
58,498,0,2,1.0,1.0
59,498,0,2,1.0,1.0
60,498,0,2,1.0,1.0
61,498,0,2,1.0,1.0
62,498,0,2,1.0,1.0
63,498,0,2,1.0,1.0
64,498,0,2,1.0,1.0
65,498,0,2,1.0,1.0
66,498,0,2,1.0,1.0
67,498,0,2,1.0,1.0
68,498,0,2,1.0,1.0
69,498,0,2,1.0,1.0
70,498,0,2,1.0,1.0
71,498,0,2,1.0,1.0
72,498,0,2,1.0,1.0
73,498,0,2,1.0,1.0
74,498,0,2,1.0,1.0
75,498,0,2,1.0,1.0
76,498,0,2,1.0,1.0
77,498,0,2,1.0,1.0
78,498,0,2,1.0,1.0
79,498,0,2,1.0,1.0
80,498,0,2,1.0,1.0
81,498,0,2,1.0,1.0
82,498,0,2,1.0,1.0
83,498,0,2,1.0,1.0
84,498,0,2,1.0,1.0
85,498,0,2,1.0,1.0
86,498,0,2,1.0,1.0
87,498,0,2,1.0,1.0
88,498,0,2,1.0,1.0
89,498,0,2,1.0,1.0
90,498,0,2,1.0,1.0
91,498,0,2,1.0,1.0
92,498,0,2,1.0,1.0
93,498,0,2,1.0,1.0
94,498,0,2,1.0,1.0
95,498,0,2,1.0,1.0
96,498,0,2,1.0,1.0
97,498,0,2,1.0,1.0
98,498,0,2,1.0,1.0
99,498,0,2,1.0,1.0
100,498,0,2,1.0,1.0
101,498,0,2,1.0,1.0
102,498,0,2,1.0,1.0
103,498,0,2,1.0,1.0
104,498,0,2,1.0,1.0
105,498,0,2,1.0,1.0
106,498,0,2,1.0,1.0
107,498,0,2,1.0,1.0
108,498,0,2,1.0,1.0
109,498,0,2,1.0,1.0
110,498,0,2,1.0,1.0
111,498,0,2,1.0,1.0
112,498,0,2,1.0,1.0
113,498,0,2,1.0,1.0
114,498,0,2,1.0,1.0
115,498,0,2,1.0,1.0
116,498,0,2,1.0,1.0
117,498,0,2,1.0,1.0
118,498,0,2,1.0,1.0
119,498,0,2,1.0,1.0
120,498,0,2,1.0,1.0
121,498,0,2,1.0,1.0
122,498,0,2,1.0,1.0
123,498,0,2,1.0,1.0
124,498,0,2,1.0,1.0
125,498,0,2,1.0,1.0
126,498,0,2,1.0,1.0
127,498,0,2,1.0,1.0
128,498,0,2,1.0,1.0
129,498,0,2,1.0,1.0
130,498,0,2,1.0,1.0
131,498,0,2,1.0,1.0
132,498,0,2,1.0,1.0
133,498,0,2,1.0,1.0
134,498,0,2,1.0,1.0
135,498,0,2,1.0,1.0
136,498,0,2,1.0,1.0
137,498,0,2,1.0,1.0
138,498,0,2,1.0,1.0
139,498,0,2,1.0,1.0
140,498,0,2,1.0,1.0
141,498,0,2,1.0,1.0
142,498,0,2,1.0,1.0
143,498,0,2,1.0,1.0
144,498,0,2,1.0,1.0
145,498,0,2,1.0,1.0
146,498,0,2,1.0,1.0
147,498,0,2,1.0,1.0
148,498,0,2,1.0,1.0
149,498,0,2,1.0,1.0
150,498,0,2,1.0,1.0
151,498,0,2,1.0,1.0
152,498,0,2,1.0,1.0
153,498,0,2,1.0,1.0
154,498,0,2,1.0,1.0
155,498,0,2,1.0,1.0
156,498,0,2,1.0,1.0
157,498,0,2,1.0,1.0
158,498,0,2,1.0,1.0
159,498,0,2,1.0,1.0
160,498,0,2,1.0,1.0
161,498,0,2,1.0,1.0
162,498,0,2,1.0,1.0
163,498,0,2,1.0,1.0
164,498,0,2,1.0,1.0
165,498,0,2,1.0,1.0
166,498,0,2,1.0,1.0
167,498,0,2,1.0,1.0
168,498,0,2,1.0,1.0
169,498,0,2,1.0,1.0
170,498,0,2,1.0,1.0
171,498,0,2,1.0,1.0
172,498,0,2,1.0,1.0
173,498,0,2,1.0,1.0
174,498,0,2,1.0,1.0
175,498,0,2,1.0,1.0
176,498,0,2,1.0,1.0
177,498,0,2,1.0,1.0
178,498,0,2,1.0,1.0
179,498,0,2,1.0,1.0
180,498,0,2,1.0,1.0
181,498,0,2,1.0,1.0
182,498,0,2,1.0,1.0
183,498,0,2,1.0,1.0
184,498,0,2,1.0,1.0
185,498,0,2,1.0,1.0
186,498,0,2,1.0,1.0
187,498,0,2,1.0,1.0
188,498,0,2,1.0,1.0
189,498,0,2,1.0,1.0
190,498,0,2,1.0,1.0
191,498,0,2,1.0,1.0
192,498,0,2,1.0,1.0
193,498,0,2,1.0,1.0
194,498,0,2,1.0,1.0
195,498,0,2,1.0,1.0
196,498,0,2,1.0,1.0
197,498,0,2,1.0,1.0
198,498,0,2,1.0,1.0
199,498,0,2,1.0,1.0
200,498,0,2,1.0,1.0
1,499,1,0,1.0,1.0
2,497,2,1,0.999,0.9994969818913481
3,497,2,1,0.999,0.9994969818913481
4,496,3,1,0.999,0.9994959677419355
5,496,2,2,1.0,1.0
6,496,2,2,1.0,1.0
7,496,2,2,1.0,1.0
8,496,2,2,1.0,1.0
9,496,2,2,1.0,1.0
10,496,2,2,1.0,1.0
11,496,2,2,1.0,1.0
12,496,2,2,1.0,1.0
13,495,3,2,0.999,0.9994949494949495
14,495,2,3,1.0,1.0
15,495,2,3,1.0,1.0
16,495,1,4,1.0,1.0
17,495,1,4,1.0,1.0
18,495,1,4,1.0,1.0
19,495,1,4,1.0,1.0
20,495,0,5,1.0,1.0
21,495,0,5,1.0,1.0
22,495,0,5,1.0,1.0
23,495,0,5,1.0,1.0
24,495,0,5,1.0,1.0
25,495,0,5,1.0,1.0
26,495,0,5,1.0,1.0
27,495,0,5,1.0,1.0
28,495,0,5,1.0,1.0
29,495,0,5,1.0,1.0
30,495,0,5,1.0,1.0
31,495,0,5,1.0,1.0
32,495,0,5,1.0,1.0
33,495,0,5,1.0,1.0
34,495,0,5,1.0,1.0
35,495,0,5,1.0,1.0
36,495,0,5,1.0,1.0
37,495,0,5,1.0,1.0
38,495,0,5,1.0,1.0
39,495,0,5,1.0,1.0
40,495,0,5,1.0,1.0
41,495,0,5,1.0,1.0
42,495,0,5,1.0,1.0
43,495,0,5,1.0,1.0
44,495,0,5,1.0,1.0
45,495,0,5,1.0,1.0
46,495,0,5,1.0,1.0
47,495,0,5,1.0,1.0
48,495,0,5,1.0,1.0
49,495,0,5,1.0,1.0
50,495,0,5,1.0,1.0
51,495,0,5,1.0,1.0
52,495,0,5,1.0,1.0
53,495,0,5,1.0,1.0
54,495,0,5,1.0,1.0
55,495,0,5,1.0,1.0
56,495,0,5,1.0,1.0
57,495,0,5,1.0,1.0
58,495,0,5,1.0,1.0
59,495,0,5,1.0,1.0
60,495,0,5,1.0,1.0
61,495,0,5,1.0,1.0
62,495,0,5,1.0,1.0
63,495,0,5,1.0,1.0
64,495,0,5,1.0,1.0
65,495,0,5,1.0,1.0
66,495,0,5,1.0,1.0
67,495,0,5,1.0,1.0
68,495,0,5,1.0,1.0
69,495,0,5,1.0,1.0
70,495,0,5,1.0,1.0
71,495,0,5,1.0,1.0
72,495,0,5,1.0,1.0
73,495,0,5,1.0,1.0
74,495,0,5,1.0,1.0
75,495,0,5,1.0,1.0
76,495,0,5,1.0,1.0
77,495,0,5,1.0,1.0
78,495,0,5,1.0,1.0
79,495,0,5,1.0,1.0
80,495,0,5,1.0,1.0
81,495,0,5,1.0,1.0
82,495,0,5,1.0,1.0
83,495,0,5,1.0,1.0
84,495,0,5,1.0,1.0
85,495,0,5,1.0,1.0
86,495,0,5,1.0,1.0
87,495,0,5,1.0,1.0
88,495,0,5,1.0,1.0
89,495,0,5,1.0,1.0
90,495,0,5,1.0,1.0
91,495,0,5,1.0,1.0
92,495,0,5,1.0,1.0
93,495,0,5,1.0,1.0
94,495,0,5,1.0,1.0
95,495,0,5,1.0,1.0
96,495,0,5,1.0,1.0
97,495,0,5,1.0,1.0
98,495,0,5,1.0,1.0
99,495,0,5,1.0,1.0
100,495,0,5,1.0,1.0
101,495,0,5,1.0,1.0
102,495,0,5,1.0,1.0
103,495,0,5,1.0,1.0
104,495,0,5,1.0,1.0
105,495,0,5,1.0,1.0
106,495,0,5,1.0,1.0
107,495,0,5,1.0,1.0
108,495,0,5,1.0,1.0
109,495,0,5,1.0,1.0
110,495,0,5,1.0,1.0
111,495,0,5,1.0,1.0
112,495,0,5,1.0,1.0
113,495,0,5,1.0,1.0
114,495,0,5,1.0,1.0
115,495,0,5,1.0,1.0
116,495,0,5,1.0,1.0
117,495,0,5,1.0,1.0
118,495,0,5,1.0,1.0
119,495,0,5,1.0,1.0
120,495,0,5,1.0,1.0
121,495,0,5,1.0,1.0
122,495,0,5,1.0,1.0
123,495,0,5,1.0,1.0
124,495,0,5,1.0,1.0
125,495,0,5,1.0,1.0
126,495,0,5,1.0,1.0
127,495,0,5,1.0,1.0
128,495,0,5,1.0,1.0
129,495,0,5,1.0,1.0
130,495,0,5,1.0,1.0
131,495,0,5,1.0,1.0
132,495,0,5,1.0,1.0
133,495,0,5,1.0,1.0
134,495,0,5,1.0,1.0
135,495,0,5,1.0,1.0
136,495,0,5,1.0,1.0
137,495,0,5,1.0,1.0
138,495,0,5,1.0,1.0
139,495,0,5,1.0,1.0
140,495,0,5,1.0,1.0
141,495,0,5,1.0,1.0
142,495,0,5,1.0,1.0
143,495,0,5,1.0,1.0
144,495,0,5,1.0,1.0
145,495,0,5,1.0,1.0
146,495,0,5,1.0,1.0
147,495,0,5,1.0,1.0
148,495,0,5,1.0,1.0
149,495,0,5,1.0,1.0
150,495,0,5,1.0,1.0
151,495,0,5,1.0,1.0
152,495,0,5,1.0,1.0
153,495,0,5,1.0,1.0
154,495,0,5,1.0,1.0
155,495,0,5,1.0,1.0
156,495,0,5,1.0,1.0
157,495,0,5,1.0,1.0
158,495,0,5,1.0,1.0
159,495,0,5,1.0,1.0
160,495,0,5,1.0,1.0
161,495,0,5,1.0,1.0
162,495,0,5,1.0,1.0
163,495,0,5,1.0,1.0
164,495,0,5,1.0,1.0
165,495,0,5,1.0,1.0
166,495,0,5,1.0,1.0
167,495,0,5,1.0,1.0
168,495,0,5,1.0,1.0
169,495,0,5,1.0,1.0
170,495,0,5,1.0,1.0
171,495,0,5,1.0,1.0
172,495,0,5,1.0,1.0
173,495,0,5,1.0,1.0
174,495,0,5,1.0,1.0
175,495,0,5,1.0,1.0
176,495,0,5,1.0,1.0
177,495,0,5,1.0,1.0
178,495,0,5,1.0,1.0
179,495,0,5,1.0,1.0
180,495,0,5,1.0,1.0
181,495,0,5,1.0,1.0
182,495,0,5,1.0,1.0
183,495,0,5,1.0,1.0
184,495,0,5,1.0,1.0
185,495,0,5,1.0,1.0
186,495,0,5,1.0,1.0
187,495,0,5,1.0,1.0
188,495,0,5,1.0,1.0
189,495,0,5,1.0,1.0
190,495,0,5,1.0,1.0
191,495,0,5,1.0,1.0
192,495,0,5,1.0,1.0
193,495,0,5,1.0,1.0
194,495,0,5,1.0,1.0
195,495,0,5,1.0,1.0
196,495,0,5,1.0,1.0
197,495,0,5,1.0,1.0
198,495,0,5,1.0,1.0
199,495,0,5,1.0,1.0
200,495,0,5,1.0,1.0
1,499,1,0,1.0,1.0
2,499,1,0,1.0,1.0
3,498,2,0,0.998,0.998995983935743
4,498,2,0,0.998,0.998995983935743
5,497,3,0,0.998,0.9989939637826962
6,496,4,0,0.998,0.998991935483871
7,495,5,0,0.998,0.9990909090909091
8,494,6,0,0.997,0.9986842105263158
9,494,6,0,0.997,0.9986842105263158
10,494,6,0,0.997,0.9986842105263158
11,493,7,0,0.996,0.9981744421906694
12,492,8,0,0.998,0.9989837398373984
13,492,8,0,0.998,0.9989837398373984
14,492,8,0,0.998,0.9989837398373984
15,492,8,0,0.998,0.9989837398373984
16,492,8,0,0.998,0.9989837398373984
17,492,8,0,0.998,0.9989837398373984
18,491,8,1,0.997,0.9984725050916496
19,491,8,1,0.997,0.9984725050916496
20,491,8,1,0.997,0.9984725050916496
21,491,8,1,0.997,0.9984725050916496
22,490,9,1,0.996,0.9979591836734694
23,489,10,1,0.998,0.9989775051124744
24,489,10,1,0.998,0.9989775051124744
25,489,10,1,0.998,0.9989775051124744
26,489,9,2,0.998,0.9989775051124744
27,489,8,3,0.998,0.9989775051124744
28,489,8,3,0.998,0.9989775051124744
29,489,8,3,0.998,0.9989775051124744
30,488,9,3,0.999,0.9994877049180327
31,487,9,4,0.999,0.9993155373032169
32,486,10,4,0.998,0.9987997256515774
33,486,10,4,0.998,0.9987997256515774
34,486,9,5,0.999,0.9994855967078189
35,486,9,5,0.999,0.9994855967078189
36,485,10,5,0.999,0.9994845360824742
37,484,11,5,0.999,0.9993112947658402
38,484,10,6,0.999,0.9993112947658402
39,484,10,6,0.999,0.9993112947658402
40,483,10,7,0.997,0.9982746721877157
41,482,11,7,0.996,0.9975795297372061
42,481,10,9,0.997,0.9980942480942481
43,480,11,9,0.996,0.9975694444444445
44,479,12,9,0.994,0.9963465553235908
45,479,12,9,0.994,0.9963465553235908
46,479,11,10,0.995,0.9968684759916493
47,478,12,10,0.995,0.9968619246861925
48,478,12,10,0.995,0.9968619246861925
49,478,12,10,0.995,0.9968619246861925
50,476,14,10,0.993,0.9957983193277311
51,476,13,11,0.995,0.9970238095238096
52,476,13,11,0.995,0.9970238095238096
53,476,12,12,0.995,0.9970238095238096
54,475,12,13,0.995,0.9970175438596492
55,475,11,14,0.997,0.9982456140350877
56,474,12,14,0.997,0.9982419127988749
57,474,12,14,0.997,0.9982419127988749
58,474,12,14,0.997,0.9982419127988749
59,473,11,16,0.998,0.9987667371388302
60,473,11,16,0.998,0.9987667371388302
61,473,10,17,0.999,0.9994714587737844
62,472,11,17,0.999,0.9994703389830508
63,470,13,17,0.997,0.99822695035461
64,469,13,18,0.998,0.9987562189054727
65,467,15,18,0.995,0.9971448965024982
66,465,17,18,0.996,0.9977777777777779
67,464,17,19,0.996,0.9979525862068965
68,463,18,19,0.995,0.9975161987041037
69,462,17,21,0.996,0.997943722943723
70,460,17,23,0.996,0.9979347826086957
71,460,16,24,0.996,0.9979347826086957
72,459,15,26,0.996,0.9978213507625272
73,458,16,26,0.996,0.9978165938864629
74,458,16,26,0.996,0.9978165938864629
75,457,17,26,0.994,0.9967177242888403
76,455,17,28,0.994,0.9965201465201464
77,454,18,28,0.994,0.9965124816446401
78,454,18,28,0.994,0.9965124816446401
79,452,18,30,0.994,0.9964970501474926
80,452,18,30,0.994,0.9964970501474926
81,452,18,30,0.994,0.9964970501474926
82,450,20,30,0.995,0.9970370370370369
83,450,19,31,0.996,0.9975925925925925
84,449,17,34,0.997,0.9983296213808464
85,449,17,34,0.997,0.9983296213808464
86,448,18,34,0.997,0.9983258928571429
87,448,17,35,0.997,0.9983258928571429
88,447,16,37,0.998,0.9986950037285607
89,447,16,37,0.998,0.9986950037285607
90,444,18,38,0.993,0.9959834834834835
91,444,18,38,0.993,0.9959834834834835
92,444,17,39,0.993,0.9959834834834835
93,443,17,40,0.994,0.9967268623024831
94,443,17,40,0.994,0.9967268623024831
95,443,16,41,0.994,0.9967268623024831
96,442,15,43,0.995,0.9972850678733032
97,441,16,43,0.994,0.9967120181405896
98,439,18,43,0.995,0.9973804100227791
99,438,19,43,0.995,0.9973744292237443
100,438,19,43,0.995,0.9973744292237443
101,438,18,44,0.995,0.9973744292237443
102,436,18,46,0.994,0.9967889908256882
103,435,18,47,0.993,0.9962068965517242
104,435,18,47,0.993,0.9962068965517242
105,434,19,47,0.991,0.9951612903225806
106,434,18,48,0.991,0.9951612903225806
107,433,19,48,0.992,0.9957274826789838
108,433,18,49,0.992,0.9957274826789838
109,433,17,50,0.993,0.9963048498845265
110,432,17,51,0.995,0.9973379629629631
111,432,17,51,0.995,0.9973379629629631
112,432,15,53,0.996,0.9979166666666667
113,432,15,53,0.996,0.9979166666666667
114,432,15,53,0.996,0.9979166666666667
115,432,15,53,0.996,0.9979166666666667
116,432,13,55,0.997,0.9983796296296297
117,432,13,55,0.997,0.9983796296296297
118,432,13,55,0.997,0.9983796296296297
119,432,12,56,0.998,0.9988425925925926
120,432,12,56,0.998,0.9988425925925926
121,431,11,58,0.997,0.9982598607888631
122,429,12,59,0.995,0.997086247086247
123,429,11,60,0.996,0.9976689976689976
124,429,11,60,0.996,0.9976689976689976
125,426,14,60,0.994,0.9962832550860719
126,426,14,60,0.994,0.9962832550860719
127,426,12,62,0.995,0.9968701095461658
128,425,13,62,0.996,0.9974509803921567
129,425,13,62,0.996,0.9974509803921567
130,425,12,63,0.997,0.9980392156862744
131,425,12,63,0.997,0.9980392156862744
132,425,12,63,0.997,0.9980392156862744
133,424,13,63,0.997,0.9980345911949685
134,424,12,64,0.998,0.9986242138364779
135,424,12,64,0.998,0.9986242138364779
136,424,11,65,0.998,0.9986242138364779
137,424,11,65,0.998,0.9986242138364779
138,424,10,66,0.998,0.9986242138364779
139,424,10,66,0.998,0.9986242138364779
140,424,10,66,0.998,0.9986242138364779
141,424,8,68,0.999,0.9992138364779873
142,423,8,69,0.999,0.9994089834515366
143,422,9,69,0.999,0.9994075829383886
144,422,9,69,0.999,0.9994075829383886
145,422,9,69,0.999,0.9994075829383886
146,422,8,70,0.999,0.9994075829383886
147,422,7,71,0.999,0.9994075829383886
148,421,8,71,0.999,0.9994061757719715
149,420,9,71,0.999,0.9994047619047619
150,419,10,71,0.998,0.9988066825775657
151,419,10,71,0.998,0.9988066825775657
152,418,10,72,0.997,0.9980063795853269
153,417,11,72,0.997,0.9980015987210231
154,416,12,72,0.995,0.9965945512820513
155,415,13,72,0.994,0.995983935742972
156,413,15,72,0.993,0.995359160613398
157,413,14,73,0.993,0.995359160613398
158,411,16,73,0.991,0.9939172749391727
159,411,14,75,0.994,0.9959448499594484
160,409,16,75,0.994,0.995925020374898
161,409,16,75,0.994,0.995925020374898
162,409,15,76,0.994,0.995925020374898
163,409,14,77,0.995,0.9967400162999184
164,408,14,78,0.996,0.9975490196078431
165,408,12,80,0.997,0.9981617647058824
166,408,11,81,0.998,0.9987745098039216
167,406,13,81,0.998,0.9987684729064039
168,405,14,81,0.998,0.9987654320987654
169,405,14,81,0.998,0.9987654320987654
170,405,14,81,0.998,0.9987654320987654
171,405,14,81,0.998,0.9987654320987654
172,404,15,81,0.998,0.9987623762376238
173,404,12,84,0.999,0.9993811881188119
174,404,12,84,0.999,0.9993811881188119
175,403,10,87,0.999,0.999379652605459
176,403,9,88,0.999,0.999379652605459
177,402,9,89,0.998,0.9987562189054726
178,401,8,91,0.999,0.9993765586034913
179,400,9,91,0.998,0.99875
180,400,8,92,0.998,0.99875
181,400,8,92,0.998,0.99875
182,400,8,92,0.998,0.99875
183,400,8,92,0.998,0.99875
184,400,7,93,0.999,0.999375
185,400,7,93,0.999,0.999375
186,399,8,93,0.999,0.9993734335839599
187,399,7,94,0.999,0.9993734335839599
188,397,9,94,0.997,0.9979009235936187
189,397,8,95,0.997,0.9979009235936187
190,397,8,95,0.997,0.9979009235936187
191,396,8,96,0.997,0.9981060606060606
192,396,8,96,0.997,0.9981060606060606
193,396,8,96,0.997,0.9981060606060606
194,396,7,97,0.997,0.9981060606060606
195,396,5,99,0.999,0.9993686868686869
196,395,6,99,0.998,0.9987341772151899
197,395,5,100,0.999,0.9993670886075949
198,394,6,100,0.998,0.998730964467005
199,394,6,100,0.998,0.998730964467005
200,394,5,101,0.998,0.998730964467005
1,499,1,0,1.0,1.0
2,499,1,0,1.0,1.0
3,499,1,0,1.0,1.0
4,499,1,0,1.0,1.0
5,498,2,0,0.999,0.9994979919678715
6,498,2,0,0.999,0.9994979919678715
7,498,2,0,0.999,0.9994979919678715
8,498,2,0,0.999,0.9994979919678715
9,498,2,0,0.999,0.9994979919678715
10,498,1,1,1.0,1.0
11,498,1,1,1.0,1.0
12,498,1,1,1.0,1.0
13,497,2,1,0.999,0.9994969818913481
14,497,2,1,0.999,0.9994969818913481
15,497,2,1,0.999,0.9994969818913481
16,497,2,1,0.999,0.9994969818913481
17,496,3,1,0.999,0.9994959677419355
18,496,2,2,0.999,0.9994959677419355
19,496,2,2,0.999,0.9994959677419355
20,496,1,3,1.0,1.0
21,496,1,3,1.0,1.0
22,496,1,3,1.0,1.0
23,496,1,3,1.0,1.0
24,496,1,3,1.0,1.0
25,496,1,3,1.0,1.0
26,496,1,3,1.0,1.0
27,496,1,3,1.0,1.0
28,496,1,3,1.0,1.0
29,496,1,3,1.0,1.0
30,496,1,3,1.0,1.0
31,496,1,3,1.0,1.0
32,496,1,3,1.0,1.0
33,496,1,3,1.0,1.0
34,496,1,3,1.0,1.0
35,496,1,3,1.0,1.0
36,496,1,3,1.0,1.0
37,496,1,3,1.0,1.0
38,496,1,3,1.0,1.0
39,496,1,3,1.0,1.0
40,496,0,4,1.0,1.0
41,496,0,4,1.0,1.0
42,496,0,4,1.0,1.0
43,496,0,4,1.0,1.0
44,496,0,4,1.0,1.0
45,496,0,4,1.0,1.0
46,496,0,4,1.0,1.0
47,496,0,4,1.0,1.0
48,496,0,4,1.0,1.0
49,496,0,4,1.0,1.0
50,496,0,4,1.0,1.0
51,496,0,4,1.0,1.0
52,496,0,4,1.0,1.0
53,496,0,4,1.0,1.0
54,496,0,4,1.0,1.0
55,496,0,4,1.0,1.0
56,496,0,4,1.0,1.0
57,496,0,4,1.0,1.0
58,496,0,4,1.0,1.0
59,496,0,4,1.0,1.0
60,496,0,4,1.0,1.0
61,496,0,4,1.0,1.0
62,496,0,4,1.0,1.0
63,496,0,4,1.0,1.0
64,496,0,4,1.0,1.0
65,496,0,4,1.0,1.0
66,496,0,4,1.0,1.0
67,496,0,4,1.0,1.0
68,496,0,4,1.0,1.0
69,496,0,4,1.0,1.0
70,496,0,4,1.0,1.0
71,496,0,4,1.0,1.0
72,496,0,4,1.0,1.0
73,496,0,4,1.0,1.0
74,496,0,4,1.0,1.0
75,496,0,4,1.0,1.0
76,496,0,4,1.0,1.0
77,496,0,4,1.0,1.0
78,496,0,4,1.0,1.0
79,496,0,4,1.0,1.0
80,496,0,4,1.0,1.0
81,496,0,4,1.0,1.0
82,496,0,4,1.0,1.0
83,496,0,4,1.0,1.0
84,496,0,4,1.0,1.0
85,496,0,4,1.0,1.0
86,496,0,4,1.0,1.0
87,496,0,4,1.0,1.0
88,496,0,4,1.0,1.0
89,496,0,4,1.0,1.0
90,496,0,4,1.0,1.0
91,496,0,4,1.0,1.0
92,496,0,4,1.0,1.0
93,496,0,4,1.0,1.0
94,496,0,4,1.0,1.0
95,496,0,4,1.0,1.0
96,496,0,4,1.0,1.0
97,496,0,4,1.0,1.0
98,496,0,4,1.0,1.0
99,496,0,4,1.0,1.0
100,496,0,4,1.0,1.0
101,496,0,4,1.0,1.0
102,496,0,4,1.0,1.0
103,496,0,4,1.0,1.0
104,496,0,4,1.0,1.0
105,496,0,4,1.0,1.0
106,496,0,4,1.0,1.0
107,496,0,4,1.0,1.0
108,496,0,4,1.0,1.0
109,496,0,4,1.0,1.0
110,496,0,4,1.0,1.0
111,496,0,4,1.0,1.0
112,496,0,4,1.0,1.0
113,496,0,4,1.0,1.0
114,496,0,4,1.0,1.0
115,496,0,4,1.0,1.0
116,496,0,4,1.0,1.0
117,496,0,4,1.0,1.0
118,496,0,4,1.0,1.0
119,496,0,4,1.0,1.0
120,496,0,4,1.0,1.0
121,496,0,4,1.0,1.0
122,496,0,4,1.0,1.0
123,496,0,4,1.0,1.0
124,496,0,4,1.0,1.0
125,496,0,4,1.0,1.0
126,496,0,4,1.0,1.0
127,496,0,4,1.0,1.0
128,496,0,4,1.0,1.0
129,496,0,4,1.0,1.0
130,496,0,4,1.0,1.0
131,496,0,4,1.0,1.0
132,496,0,4,1.0,1.0
133,496,0,4,1.0,1.0
134,496,0,4,1.0,1.0
135,496,0,4,1.0,1.0
136,496,0,4,1.0,1.0
137,496,0,4,1.0,1.0
138,496,0,4,1.0,1.0
139,496,0,4,1.0,1.0
140,496,0,4,1.0,1.0
141,496,0,4,1.0,1.0
142,496,0,4,1.0,1.0
143,496,0,4,1.0,1.0
144,496,0,4,1.0,1.0
145,496,0,4,1.0,1.0
146,496,0,4,1.0,1.0
147,496,0,4,1.0,1.0
148,496,0,4,1.0,1.0
149,496,0,4,1.0,1.0
150,496,0,4,1.0,1.0
151,496,0,4,1.0,1.0
152,496,0,4,1.0,1.0
153,496,0,4,1.0,1.0
154,496,0,4,1.0,1.0
155,496,0,4,1.0,1.0
156,496,0,4,1.0,1.0
157,496,0,4,1.0,1.0
158,496,0,4,1.0,1.0
159,496,0,4,1.0,1.0
160,496,0,4,1.0,1.0
161,496,0,4,1.0,1.0
162,496,0,4,1.0,1.0
163,496,0,4,1.0,1.0
164,496,0,4,1.0,1.0
165,496,0,4,1.0,1.0
166,496,0,4,1.0,1.0
167,496,0,4,1.0,1.0
168,496,0,4,1.0,1.0
169,496,0,4,1.0,1.0
170,496,0,4,1.0,1.0
171,496,0,4,1.0,1.0
172,496,0,4,1.0,1.0
173,496,0,4,1.0,1.0
174,496,0,4,1.0,1.0
175,496,0,4,1.0,1.0
176,496,0,4,1.0,1.0
177,496,0,4,1.0,1.0
178,496,0,4,1.0,1.0
179,496,0,4,1.0,1.0
180,496,0,4,1.0,1.0
181,496,0,4,1.0,1.0
182,496,0,4,1.0,1.0
183,496,0,4,1.0,1.0
184,496,0,4,1.0,1.0
185,496,0,4,1.0,1.0
186,496,0,4,1.0,1.0
187,496,0,4,1.0,1.0
188,496,0,4,1.0,1.0
189,496,0,4,1.0,1.0
190,496,0,4,1.0,1.0
191,496,0,4,1.0,1.0
192,496,0,4,1.0,1.0
193,496,0,4,1.0,1.0
194,496,0,4,1.0,1.0
195,496,0,4,1.0,1.0
196,496,0,4,1.0,1.0
197,496,0,4,1.0,1.0
198,496,0,4,1.0,1.0
199,496,0,4,1.0,1.0
200,496,0,4,1.0,1.0
1,499,1,0,1.0,1.0
2,499,1,0,1.0,1.0
3,499,1,0,1.0,1.0
4,499,1,0,1.0,1.0
5,499,1,0,1.0,1.0
6,499,0,1,1.0,1.0
7,499,0,1,1.0,1.0
8,499,0,1,1.0,1.0
9,499,0,1,1.0,1.0
10,499,0,1,1.0,1.0
11,499,0,1,1.0,1.0
12,499,0,1,1.0,1.0
13,499,0,1,1.0,1.0
14,499,0,1,1.0,1.0
15,499,0,1,1.0,1.0
16,499,0,1,1.0,1.0
17,499,0,1,1.0,1.0
18,499,0,1,1.0,1.0
19,499,0,1,1.0,1.0
20,499,0,1,1.0,1.0
21,499,0,1,1.0,1.0
22,499,0,1,1.0,1.0
23,499,0,1,1.0,1.0
24,499,0,1,1.0,1.0
25,499,0,1,1.0,1.0
26,499,0,1,1.0,1.0
27,499,0,1,1.0,1.0
28,499,0,1,1.0,1.0
29,499,0,1,1.0,1.0
30,499,0,1,1.0,1.0
31,499,0,1,1.0,1.0
32,499,0,1,1.0,1.0
33,499,0,1,1.0,1.0
34,499,0,1,1.0,1.0
35,499,0,1,1.0,1.0
36,499,0,1,1.0,1.0
37,499,0,1,1.0,1.0
38,499,0,1,1.0,1.0
39,499,0,1,1.0,1.0
40,499,0,1,1.0,1.0
41,499,0,1,1.0,1.0
42,499,0,1,1.0,1.0
43,499,0,1,1.0,1.0
44,499,0,1,1.0,1.0
45,499,0,1,1.0,1.0
46,499,0,1,1.0,1.0
47,499,0,1,1.0,1.0
48,499,0,1,1.0,1.0
49,499,0,1,1.0,1.0
50,499,0,1,1.0,1.0
51,499,0,1,1.0,1.0
52,499,0,1,1.0,1.0
53,499,0,1,1.0,1.0
54,499,0,1,1.0,1.0
55,499,0,1,1.0,1.0
56,499,0,1,1.0,1.0
57,499,0,1,1.0,1.0
58,499,0,1,1.0,1.0
59,499,0,1,1.0,1.0
60,499,0,1,1.0,1.0
61,499,0,1,1.0,1.0
62,499,0,1,1.0,1.0
63,499,0,1,1.0,1.0
64,499,0,1,1.0,1.0
65,499,0,1,1.0,1.0
66,499,0,1,1.0,1.0
67,499,0,1,1.0,1.0
68,499,0,1,1.0,1.0
69,499,0,1,1.0,1.0
70,499,0,1,1.0,1.0
71,499,0,1,1.0,1.0
72,499,0,1,1.0,1.0
73,499,0,1,1.0,1.0
74,499,0,1,1.0,1.0
75,499,0,1,1.0,1.0
76,499,0,1,1.0,1.0
77,499,0,1,1.0,1.0
78,499,0,1,1.0,1.0
79,499,0,1,1.0,1.0
80,499,0,1,1.0,1.0
81,499,0,1,1.0,1.0
82,499,0,1,1.0,1.0
83,499,0,1,1.0,1.0
84,499,0,1,1.0,1.0
85,499,0,1,1.0,1.0
86,499,0,1,1.0,1.0
87,499,0,1,1.0,1.0
88,499,0,1,1.0,1.0
89,499,0,1,1.0,1.0
90,499,0,1,1.0,1.0
91,499,0,1,1.0,1.0
92,499,0,1,1.0,1.0
93,499,0,1,1.0,1.0
94,499,0,1,1.0,1.0
95,499,0,1,1.0,1.0
96,499,0,1,1.0,1.0
97,499,0,1,1.0,1.0
98,499,0,1,1.0,1.0
99,499,0,1,1.0,1.0
100,499,0,1,1.0,1.0
101,499,0,1,1.0,1.0
102,499,0,1,1.0,1.0
103,499,0,1,1.0,1.0
104,499,0,1,1.0,1.0
105,499,0,1,1.0,1.0
106,499,0,1,1.0,1.0
107,499,0,1,1.0,1.0
108,499,0,1,1.0,1.0
109,499,0,1,1.0,1.0
110,499,0,1,1.0,1.0
111,499,0,1,1.0,1.0
112,499,0,1,1.0,1.0
113,499,0,1,1.0,1.0
114,499,0,1,1.0,1.0
115,499,0,1,1.0,1.0
116,499,0,1,1.0,1.0
117,499,0,1,1.0,1.0
118,499,0,1,1.0,1.0
119,499,0,1,1.0,1.0
120,499,0,1,1.0,1.0
121,499,0,1,1.0,1.0
122,499,0,1,1.0,1.0
123,499,0,1,1.0,1.0
124,499,0,1,1.0,1.0
125,499,0,1,1.0,1.0
126,499,0,1,1.0,1.0
127,499,0,1,1.0,1.0
128,499,0,1,1.0,1.0
129,499,0,1,1.0,1.0
130,499,0,1,1.0,1.0
131,499,0,1,1.0,1.0
132,499,0,1,1.0,1.0
133,499,0,1,1.0,1.0
134,499,0,1,1.0,1.0
135,499,0,1,1.0,1.0
136,499,0,1,1.0,1.0
137,499,0,1,1.0,1.0
138,499,0,1,1.0,1.0
139,499,0,1,1.0,1.0
140,499,0,1,1.0,1.0
141,499,0,1,1.0,1.0
142,499,0,1,1.0,1.0
143,499,0,1,1.0,1.0
144,499,0,1,1.0,1.0
145,499,0,1,1.0,1.0
146,499,0,1,1.0,1.0
147,499,0,1,1.0,1.0
148,499,0,1,1.0,1.0
149,499,0,1,1.0,1.0
150,499,0,1,1.0,1.0
151,499,0,1,1.0,1.0
152,499,0,1,1.0,1.0
153,499,0,1,1.0,1.0
154,499,0,1,1.0,1.0
155,499,0,1,1.0,1.0
156,499,0,1,1.0,1.0
157,499,0,1,1.0,1.0
158,499,0,1,1.0,1.0
159,499,0,1,1.0,1.0
160,499,0,1,1.0,1.0
161,499,0,1,1.0,1.0
162,499,0,1,1.0,1.0
163,499,0,1,1.0,1.0
164,499,0,1,1.0,1.0
165,499,0,1,1.0,1.0
166,499,0,1,1.0,1.0
167,499,0,1,1.0,1.0
168,499,0,1,1.0,1.0
169,499,0,1,1.0,1.0
170,499,0,1,1.0,1.0
171,499,0,1,1.0,1.0
172,499,0,1,1.0,1.0
173,499,0,1,1.0,1.0
174,499,0,1,1.0,1.0
175,499,0,1,1.0,1.0
176,499,0,1,1.0,1.0
177,499,0,1,1.0,1.0
178,499,0,1,1.0,1.0
179,499,0,1,1.0,1.0
180,499,0,1,1.0,1.0
181,499,0,1,1.0,1.0
182,499,0,1,1.0,1.0
183,499,0,1,1.0,1.0
184,499,0,1,1.0,1.0
185,499,0,1,1.0,1.0
186,499,0,1,1.0,1.0
187,499,0,1,1.0,1.0
188,499,0,1,1.0,1.0
189,499,0,1,1.0,1.0
190,499,0,1,1.0,1.0
191,499,0,1,1.0,1.0
192,499,0,1,1.0,1.0
193,499,0,1,1.0,1.0
194,499,0,1,1.0,1.0
195,499,0,1,1.0,1.0
196,499,0,1,1.0,1.0
197,499,0,1,1.0,1.0
198,499,0,1,1.0,1.0
199,499,0,1,1.0,1.0
200,499,0,1,1.0,1.0
1,497,3,0,0.999,0.9994969818913481
2,497,2,1,1.0,1.0
3,496,3,1,1.0,1.0
4,496,3,1,1.0,1.0
5,496,2,2,1.0,1.0
6,495,3,2,1.0,1.0
7,495,3,2,1.0,1.0
8,494,4,2,0.999,0.9994939271255061
9,494,3,3,0.999,0.9994939271255061
10,494,3,3,0.999,0.9994939271255061
11,494,3,3,0.999,0.9994939271255061
12,494,3,3,0.999,0.9994939271255061
13,494,3,3,0.999,0.9994939271255061
14,492,5,3,0.999,0.9994918699186992
15,492,4,4,0.999,0.9994918699186992
16,492,4,4,0.999,0.9994918699186992
17,492,4,4,0.999,0.9994918699186992
18,492,4,4,0.999,0.9994918699186992
19,492,4,4,0.999,0.9994918699186992
20,492,3,5,1.0,1.0
21,492,3,5,1.0,1.0
22,492,3,5,1.0,1.0
23,492,3,5,1.0,1.0
24,491,3,6,1.0,1.0
25,491,3,6,1.0,1.0
26,491,2,7,1.0,1.0
27,491,2,7,1.0,1.0
28,491,2,7,1.0,1.0
29,491,2,7,1.0,1.0
30,491,2,7,1.0,1.0
31,491,2,7,1.0,1.0
32,491,2,7,1.0,1.0
33,491,2,7,1.0,1.0
34,491,2,7,1.0,1.0
35,491,2,7,1.0,1.0
36,491,2,7,1.0,1.0
37,491,2,7,1.0,1.0
38,491,2,7,1.0,1.0
39,491,2,7,1.0,1.0
40,491,2,7,1.0,1.0
41,491,2,7,1.0,1.0
42,491,2,7,1.0,1.0
43,491,1,8,1.0,1.0
44,491,0,9,1.0,1.0
45,491,0,9,1.0,1.0
46,491,0,9,1.0,1.0
47,491,0,9,1.0,1.0
48,491,0,9,1.0,1.0
49,491,0,9,1.0,1.0
50,491,0,9,1.0,1.0
51,491,0,9,1.0,1.0
52,491,0,9,1.0,1.0
53,491,0,9,1.0,1.0
54,491,0,9,1.0,1.0
55,491,0,9,1.0,1.0
56,491,0,9,1.0,1.0
57,491,0,9,1.0,1.0
58,491,0,9,1.0,1.0
59,491,0,9,1.0,1.0
60,491,0,9,1.0,1.0
61,491,0,9,1.0,1.0
62,491,0,9,1.0,1.0
63,491,0,9,1.0,1.0
64,491,0,9,1.0,1.0
65,491,0,9,1.0,1.0
66,491,0,9,1.0,1.0
67,491,0,9,1.0,1.0
68,491,0,9,1.0,1.0
69,491,0,9,1.0,1.0
70,491,0,9,1.0,1.0
71,491,0,9,1.0,1.0
72,491,0,9,1.0,1.0
73,491,0,9,1.0,1.0
74,491,0,9,1.0,1.0
75,491,0,9,1.0,1.0
76,491,0,9,1.0,1.0
77,491,0,9,1.0,1.0
78,491,0,9,1.0,1.0
79,491,0,9,1.0,1.0
80,491,0,9,1.0,1.0
81,491,0,9,1.0,1.0
82,491,0,9,1.0,1.0
83,491,0,9,1.0,1.0
84,491,0,9,1.0,1.0
85,491,0,9,1.0,1.0
86,491,0,9,1.0,1.0
87,491,0,9,1.0,1.0
88,491,0,9,1.0,1.0
89,491,0,9,1.0,1.0
90,491,0,9,1.0,1.0
91,491,0,9,1.0,1.0
92,491,0,9,1.0,1.0
93,491,0,9,1.0,1.0
94,491,0,9,1.0,1.0
95,491,0,9,1.0,1.0
96,491,0,9,1.0,1.0
97,491,0,9,1.0,1.0
98,491,0,9,1.0,1.0
99,491,0,9,1.0,1.0
100,491,0,9,1.0,1.0
101,491,0,9,1.0,1.0
102,491,0,9,1.0,1.0
103,491,0,9,1.0,1.0
104,491,0,9,1.0,1.0
105,491,0,9,1.0,1.0
106,491,0,9,1.0,1.0
107,491,0,9,1.0,1.0
108,491,0,9,1.0,1.0
109,491,0,9,1.0,1.0
110,491,0,9,1.0,1.0
111,491,0,9,1.0,1.0
112,491,0,9,1.0,1.0
113,491,0,9,1.0,1.0
114,491,0,9,1.0,1.0
115,491,0,9,1.0,1.0
116,491,0,9,1.0,1.0
117,491,0,9,1.0,1.0
118,491,0,9,1.0,1.0
119,491,0,9,1.0,1.0
120,491,0,9,1.0,1.0
121,491,0,9,1.0,1.0
122,491,0,9,1.0,1.0
123,491,0,9,1.0,1.0
124,491,0,9,1.0,1.0
125,491,0,9,1.0,1.0
126,491,0,9,1.0,1.0
127,491,0,9,1.0,1.0
128,491,0,9,1.0,1.0
129,491,0,9,1.0,1.0
130,491,0,9,1.0,1.0
131,491,0,9,1.0,1.0
132,491,0,9,1.0,1.0
133,491,0,9,1.0,1.0
134,491,0,9,1.0,1.0
135,491,0,9,1.0,1.0
136,491,0,9,1.0,1.0
137,491,0,9,1.0,1.0
138,491,0,9,1.0,1.0
139,491,0,9,1.0,1.0
140,491,0,9,1.0,1.0
141,491,0,9,1.0,1.0
142,491,0,9,1.0,1.0
143,491,0,9,1.0,1.0
144,491,0,9,1.0,1.0
145,491,0,9,1.0,1.0
146,491,0,9,1.0,1.0
147,491,0,9,1.0,1.0
148,491,0,9,1.0,1.0
149,491,0,9,1.0,1.0
150,491,0,9,1.0,1.0
151,491,0,9,1.0,1.0
152,491,0,9,1.0,1.0
153,491,0,9,1.0,1.0
154,491,0,9,1.0,1.0
155,491,0,9,1.0,1.0
156,491,0,9,1.0,1.0
157,491,0,9,1.0,1.0
158,491,0,9,1.0,1.0
159,491,0,9,1.0,1.0
160,491,0,9,1.0,1.0
161,491,0,9,1.0,1.0
162,491,0,9,1.0,1.0
163,491,0,9,1.0,1.0
164,491,0,9,1.0,1.0
165,491,0,9,1.0,1.0
166,491,0,9,1.0,1.0
167,491,0,9,1.0,1.0
168,491,0,9,1.0,1.0
169,491,0,9,1.0,1.0
170,491,0,9,1.0,1.0
171,491,0,9,1.0,1.0
172,491,0,9,1.0,1.0
173,491,0,9,1.0,1.0
174,491,0,9,1.0,1.0
175,491,0,9,1.0,1.0
176,491,0,9,1.0,1.0
177,491,0,9,1.0,1.0
178,491,0,9,1.0,1.0
179,491,0,9,1.0,1.0
180,491,0,9,1.0,1.0
181,491,0,9,1.0,1.0
182,491,0,9,1.0,1.0
183,491,0,9,1.0,1.0
184,491,0,9,1.0,1.0
185,491,0,9,1.0,1.0
186,491,0,9,1.0,1.0
187,491,0,9,1.0,1.0
188,491,0,9,1.0,1.0
189,491,0,9,1.0,1.0
190,491,0,9,1.0,1.0
191,491,0,9,1.0,1.0
192,491,0,9,1.0,1.0
193,491,0,9,1.0,1.0
194,491,0,9,1.0,1.0
195,491,0,9,1.0,1.0
196,491,0,9,1.0,1.0
197,491,0,9,1.0,1.0
198,491,0,9,1.0,1.0
199,491,0,9,1.0,1.0
200,491,0,9,1.0,1.0
1,499,1,0,1.0,1.0
2,499,1,0,1.0,1.0
3,499,1,0,1.0,1.0
4,498,2,0,0.999,0.9994979919678715
5,497,2,1,0.999,0.9994969818913481
6,497,2,1,0.999,0.9994969818913481
7,497,2,1,0.999,0.9994969818913481
8,497,2,1,0.999,0.9994969818913481
9,496,3,1,0.998,0.998991935483871
10,496,3,1,0.998,0.998991935483871
11,496,3,1,0.998,0.998991935483871
12,495,4,1,0.997,0.9984848484848485
13,495,3,2,0.998,0.998989898989899
14,495,3,2,0.998,0.998989898989899
15,495,3,2,0.998,0.998989898989899
16,493,5,2,1.0,1.0
17,493,5,2,1.0,1.0
18,493,5,2,1.0,1.0
19,492,6,2,1.0,1.0
20,492,6,2,1.0,1.0
21,492,6,2,1.0,1.0
22,492,5,3,1.0,1.0
23,492,4,4,1.0,1.0
24,492,4,4,1.0,1.0
25,492,4,4,1.0,1.0
26,492,4,4,1.0,1.0
27,492,4,4,1.0,1.0
28,492,4,4,1.0,1.0
29,492,3,5,1.0,1.0
30,492,3,5,1.0,1.0
31,492,2,6,1.0,1.0
32,492,2,6,1.0,1.0
33,492,2,6,1.0,1.0
34,492,2,6,1.0,1.0
35,492,2,6,1.0,1.0
36,492,2,6,1.0,1.0
37,492,2,6,1.0,1.0
38,492,2,6,1.0,1.0
39,492,2,6,1.0,1.0
40,492,2,6,1.0,1.0
41,492,1,7,1.0,1.0
42,492,1,7,1.0,1.0
43,492,1,7,1.0,1.0
44,492,1,7,1.0,1.0
45,492,1,7,1.0,1.0
46,492,1,7,1.0,1.0
47,492,1,7,1.0,1.0
48,492,1,7,1.0,1.0
49,492,1,7,1.0,1.0
50,492,1,7,1.0,1.0
51,492,1,7,1.0,1.0
52,492,0,8,1.0,1.0
53,492,0,8,1.0,1.0
54,492,0,8,1.0,1.0
55,492,0,8,1.0,1.0
56,492,0,8,1.0,1.0
57,492,0,8,1.0,1.0
58,492,0,8,1.0,1.0
59,492,0,8,1.0,1.0
60,492,0,8,1.0,1.0
61,492,0,8,1.0,1.0
62,492,0,8,1.0,1.0
63,492,0,8,1.0,1.0
64,492,0,8,1.0,1.0
65,492,0,8,1.0,1.0
66,492,0,8,1.0,1.0
67,492,0,8,1.0,1.0
68,492,0,8,1.0,1.0
69,492,0,8,1.0,1.0
70,492,0,8,1.0,1.0
71,492,0,8,1.0,1.0
72,492,0,8,1.0,1.0
73,492,0,8,1.0,1.0
74,492,0,8,1.0,1.0
75,492,0,8,1.0,1.0
76,492,0,8,1.0,1.0
77,492,0,8,1.0,1.0
78,492,0,8,1.0,1.0
79,492,0,8,1.0,1.0
80,492,0,8,1.0,1.0
81,492,0,8,1.0,1.0
82,492,0,8,1.0,1.0
83,492,0,8,1.0,1.0
84,492,0,8,1.0,1.0
85,492,0,8,1.0,1.0
86,492,0,8,1.0,1.0
87,492,0,8,1.0,1.0
88,492,0,8,1.0,1.0
89,492,0,8,1.0,1.0
90,492,0,8,1.0,1.0
91,492,0,8,1.0,1.0
92,492,0,8,1.0,1.0
93,492,0,8,1.0,1.0
94,492,0,8,1.0,1.0
95,492,0,8,1.0,1.0
96,492,0,8,1.0,1.0
97,492,0,8,1.0,1.0
98,492,0,8,1.0,1.0
99,492,0,8,1.0,1.0
100,492,0,8,1.0,1.0
101,492,0,8,1.0,1.0
102,492,0,8,1.0,1.0
103,492,0,8,1.0,1.0
104,492,0,8,1.0,1.0
105,492,0,8,1.0,1.0
106,492,0,8,1.0,1.0
107,492,0,8,1.0,1.0
108,492,0,8,1.0,1.0
109,492,0,8,1.0,1.0
110,492,0,8,1.0,1.0
111,492,0,8,1.0,1.0
112,492,0,8,1.0,1.0
113,492,0,8,1.0,1.0
114,492,0,8,1.0,1.0
115,492,0,8,1.0,1.0
116,492,0,8,1.0,1.0
117,492,0,8,1.0,1.0
118,492,0,8,1.0,1.0
119,492,0,8,1.0,1.0
120,492,0,8,1.0,1.0
121,492,0,8,1.0,1.0
122,492,0,8,1.0,1.0
123,492,0,8,1.0,1.0
124,492,0,8,1.0,1.0
125,492,0,8,1.0,1.0
126,492,0,8,1.0,1.0
127,492,0,8,1.0,1.0
128,492,0,8,1.0,1.0
129,492,0,8,1.0,1.0
130,492,0,8,1.0,1.0
131,492,0,8,1.0,1.0
132,492,0,8,1.0,1.0
133,492,0,8,1.0,1.0
134,492,0,8,1.0,1.0
135,492,0,8,1.0,1.0
136,492,0,8,1.0,1.0
137,492,0,8,1.0,1.0
138,492,0,8,1.0,1.0
139,492,0,8,1.0,1.0
140,492,0,8,1.0,1.0
141,492,0,8,1.0,1.0
142,492,0,8,1.0,1.0
143,492,0,8,1.0,1.0
144,492,0,8,1.0,1.0
145,492,0,8,1.0,1.0
146,492,0,8,1.0,1.0
147,492,0,8,1.0,1.0
148,492,0,8,1.0,1.0
149,492,0,8,1.0,1.0
150,492,0,8,1.0,1.0
151,492,0,8,1.0,1.0
152,492,0,8,1.0,1.0
153,492,0,8,1.0,1.0
154,492,0,8,1.0,1.0
155,492,0,8,1.0,1.0
156,492,0,8,1.0,1.0
157,492,0,8,1.0,1.0
158,492,0,8,1.0,1.0
159,492,0,8,1.0,1.0
160,492,0,8,1.0,1.0
161,492,0,8,1.0,1.0
162,492,0,8,1.0,1.0
163,492,0,8,1.0,1.0
164,492,0,8,1.0,1.0
165,492,0,8,1.0,1.0
166,492,0,8,1.0,1.0
167,492,0,8,1.0,1.0
168,492,0,8,1.0,1.0
169,492,0,8,1.0,1.0
170,492,0,8,1.0,1.0
171,492,0,8,1.0,1.0
172,492,0,8,1.0,1.0
173,492,0,8,1.0,1.0
174,492,0,8,1.0,1.0
175,492,0,8,1.0,1.0
176,492,0,8,1.0,1.0
177,492,0,8,1.0,1.0
178,492,0,8,1.0,1.0
179,492,0,8,1.0,1.0
180,492,0,8,1.0,1.0
181,492,0,8,1.0,1.0
182,492,0,8,1.0,1.0
183,492,0,8,1.0,1.0
184,492,0,8,1.0,1.0
185,492,0,8,1.0,1.0
186,492,0,8,1.0,1.0
187,492,0,8,1.0,1.0
188,492,0,8,1.0,1.0
189,492,0,8,1.0,1.0
190,492,0,8,1.0,1.0
191,492,0,8,1.0,1.0
192,492,0,8,1.0,1.0
193,492,0,8,1.0,1.0
194,492,0,8,1.0,1.0
195,492,0,8,1.0,1.0
196,492,0,8,1.0,1.0
197,492,0,8,1.0,1.0
198,492,0,8,1.0,1.0
199,492,0,8,1.0,1.0
200,492,0,8,1.0,1.0
1,499,1,0,1.0,1.0
2,499,1,0,1.0,1.0
3,499,0,1,1.0,1.0
4,499,0,1,1.0,1.0
5,499,0,1,1.0,1.0
6,499,0,1,1.0,1.0
7,499,0,1,1.0,1.0
8,499,0,1,1.0,1.0
9,499,0,1,1.0,1.0
10,499,0,1,1.0,1.0
11,499,0,1,1.0,1.0
12,499,0,1,1.0,1.0
13,499,0,1,1.0,1.0
14,499,0,1,1.0,1.0
15,499,0,1,1.0,1.0
16,499,0,1,1.0,1.0
17,499,0,1,1.0,1.0
18,499,0,1,1.0,1.0
19,499,0,1,1.0,1.0
20,499,0,1,1.0,1.0
21,499,0,1,1.0,1.0
22,499,0,1,1.0,1.0
23,499,0,1,1.0,1.0
24,499,0,1,1.0,1.0
25,499,0,1,1.0,1.0
26,499,0,1,1.0,1.0
27,499,0,1,1.0,1.0
28,499,0,1,1.0,1.0
29,499,0,1,1.0,1.0
30,499,0,1,1.0,1.0
31,499,0,1,1.0,1.0
32,499,0,1,1.0,1.0
33,499,0,1,1.0,1.0
34,499,0,1,1.0,1.0
35,499,0,1,1.0,1.0
36,499,0,1,1.0,1.0
37,499,0,1,1.0,1.0
38,499,0,1,1.0,1.0
39,499,0,1,1.0,1.0
40,499,0,1,1.0,1.0
41,499,0,1,1.0,1.0
42,499,0,1,1.0,1.0
43,499,0,1,1.0,1.0
44,499,0,1,1.0,1.0
45,499,0,1,1.0,1.0
46,499,0,1,1.0,1.0
47,499,0,1,1.0,1.0
48,499,0,1,1.0,1.0
49,499,0,1,1.0,1.0
50,499,0,1,1.0,1.0
51,499,0,1,1.0,1.0
52,499,0,1,1.0,1.0
53,499,0,1,1.0,1.0
54,499,0,1,1.0,1.0
55,499,0,1,1.0,1.0
56,499,0,1,1.0,1.0
57,499,0,1,1.0,1.0
58,499,0,1,1.0,1.0
59,499,0,1,1.0,1.0
60,499,0,1,1.0,1.0
61,499,0,1,1.0,1.0
62,499,0,1,1.0,1.0
63,499,0,1,1.0,1.0
64,499,0,1,1.0,1.0
65,499,0,1,1.0,1.0
66,499,0,1,1.0,1.0
67,499,0,1,1.0,1.0
68,499,0,1,1.0,1.0
69,499,0,1,1.0,1.0
70,499,0,1,1.0,1.0
71,499,0,1,1.0,1.0
72,499,0,1,1.0,1.0
73,499,0,1,1.0,1.0
74,499,0,1,1.0,1.0
75,499,0,1,1.0,1.0
76,499,0,1,1.0,1.0
77,499,0,1,1.0,1.0
78,499,0,1,1.0,1.0
79,499,0,1,1.0,1.0
80,499,0,1,1.0,1.0
81,499,0,1,1.0,1.0
82,499,0,1,1.0,1.0
83,499,0,1,1.0,1.0
84,499,0,1,1.0,1.0
85,499,0,1,1.0,1.0
86,499,0,1,1.0,1.0
87,499,0,1,1.0,1.0
88,499,0,1,1.0,1.0
89,499,0,1,1.0,1.0
90,499,0,1,1.0,1.0
91,499,0,1,1.0,1.0
92,499,0,1,1.0,1.0
93,499,0,1,1.0,1.0
94,499,0,1,1.0,1.0
95,499,0,1,1.0,1.0
96,499,0,1,1.0,1.0
97,499,0,1,1.0,1.0
98,499,0,1,1.0,1.0
99,499,0,1,1.0,1.0
100,499,0,1,1.0,1.0
101,499,0,1,1.0,1.0
102,499,0,1,1.0,1.0
103,499,0,1,1.0,1.0
104,499,0,1,1.0,1.0
105,499,0,1,1.0,1.0
106,499,0,1,1.0,1.0
107,499,0,1,1.0,1.0
108,499,0,1,1.0,1.0
109,499,0,1,1.0,1.0
110,499,0,1,1.0,1.0
111,499,0,1,1.0,1.0
112,499,0,1,1.0,1.0
113,499,0,1,1.0,1.0
114,499,0,1,1.0,1.0
115,499,0,1,1.0,1.0
116,499,0,1,1.0,1.0
117,499,0,1,1.0,1.0
118,499,0,1,1.0,1.0
119,499,0,1,1.0,1.0
120,499,0,1,1.0,1.0
121,499,0,1,1.0,1.0
122,499,0,1,1.0,1.0
123,499,0,1,1.0,1.0
124,499,0,1,1.0,1.0
125,499,0,1,1.0,1.0
126,499,0,1,1.0,1.0
127,499,0,1,1.0,1.0
128,499,0,1,1.0,1.0
129,499,0,1,1.0,1.0
130,499,0,1,1.0,1.0
131,499,0,1,1.0,1.0
132,499,0,1,1.0,1.0
133,499,0,1,1.0,1.0
134,499,0,1,1.0,1.0
135,499,0,1,1.0,1.0
136,499,0,1,1.0,1.0
137,499,0,1,1.0,1.0
138,499,0,1,1.0,1.0
139,499,0,1,1.0,1.0
140,499,0,1,1.0,1.0
141,499,0,1,1.0,1.0
142,499,0,1,1.0,1.0
143,499,0,1,1.0,1.0
144,499,0,1,1.0,1.0
145,499,0,1,1.0,1.0
146,499,0,1,1.0,1.0
147,499,0,1,1.0,1.0
148,499,0,1,1.0,1.0
149,499,0,1,1.0,1.0
150,499,0,1,1.0,1.0
151,499,0,1,1.0,1.0
152,499,0,1,1.0,1.0
153,499,0,1,1.0,1.0
154,499,0,1,1.0,1.0
155,499,0,1,1.0,1.0
156,499,0,1,1.0,1.0
157,499,0,1,1.0,1.0
158,499,0,1,1.0,1.0
159,499,0,1,1.0,1.0
160,499,0,1,1.0,1.0
161,499,0,1,1.0,1.0
162,499,0,1,1.0,1.0
163,499,0,1,1.0,1.0
164,499,0,1,1.0,1.0
165,499,0,1,1.0,1.0
166,499,0,1,1.0,1.0
167,499,0,1,1.0,1.0
168,499,0,1,1.0,1.0
169,499,0,1,1.0,1.0
170,499,0,1,1.0,1.0
171,499,0,1,1.0,1.0
172,499,0,1,1.0,1.0
173,499,0,1,1.0,1.0
174,499,0,1,1.0,1.0
175,499,0,1,1.0,1.0
176,499,0,1,1.0,1.0
177,499,0,1,1.0,1.0
178,499,0,1,1.0,1.0
179,499,0,1,1.0,1.0
180,499,0,1,1.0,1.0
181,499,0,1,1.0,1.0
182,499,0,1,1.0,1.0
183,499,0,1,1.0,1.0
184,499,0,1,1.0,1.0
185,499,0,1,1.0,1.0
186,499,0,1,1.0,1.0
187,499,0,1,1.0,1.0
188,499,0,1,1.0,1.0
189,499,0,1,1.0,1.0
190,499,0,1,1.0,1.0
191,499,0,1,1.0,1.0
192,499,0,1,1.0,1.0
193,499,0,1,1.0,1.0
194,499,0,1,1.0,1.0
195,499,0,1,1.0,1.0
196,499,0,1,1.0,1.0
197,499,0,1,1.0,1.0
198,499,0,1,1.0,1.0
199,499,0,1,1.0,1.0
200,499,0,1,1.0,1.0
1,499,1,0,1.0,1.0
2,499,1,0,1.0,1.0
3,499,1,0,1.0,1.0
4,499,1,0,1.0,1.0
5,499,1,0,1.0,1.0
6,499,1,0,1.0,1.0
7,499,1,0,1.0,1.0
8,499,1,0,1.0,1.0
9,499,1,0,1.0,1.0
10,499,1,0,1.0,1.0
11,499,1,0,1.0,1.0
12,499,1,0,1.0,1.0
13,498,2,0,1.0,1.0
14,498,1,1,1.0,1.0
15,497,1,2,1.0,1.0
16,497,1,2,1.0,1.0
17,497,1,2,1.0,1.0
18,497,1,2,1.0,1.0
19,497,1,2,1.0,1.0
20,497,1,2,1.0,1.0
21,497,1,2,1.0,1.0
22,497,1,2,1.0,1.0
23,496,2,2,0.999,0.9994959677419355
24,496,2,2,0.999,0.9994959677419355
25,496,2,2,0.999,0.9994959677419355
26,496,1,3,1.0,1.0
27,496,1,3,1.0,1.0
28,495,2,3,1.0,1.0
29,495,2,3,1.0,1.0
30,495,2,3,1.0,1.0
31,495,2,3,1.0,1.0
32,495,2,3,1.0,1.0
33,495,2,3,1.0,1.0
34,495,2,3,1.0,1.0
35,495,2,3,1.0,1.0
36,495,2,3,1.0,1.0
37,495,2,3,1.0,1.0
38,495,2,3,1.0,1.0
39,495,2,3,1.0,1.0
40,495,2,3,1.0,1.0
41,495,2,3,1.0,1.0
42,495,2,3,1.0,1.0
43,494,3,3,1.0,1.0
44,494,3,3,1.0,1.0
45,494,2,4,1.0,1.0
46,494,2,4,1.0,1.0
47,493,3,4,1.0,1.0
48,493,3,4,1.0,1.0
49,493,3,4,1.0,1.0
50,493,3,4,1.0,1.0
51,493,3,4,1.0,1.0
52,493,3,4,1.0,1.0
53,493,3,4,1.0,1.0
54,493,3,4,1.0,1.0
55,492,3,5,1.0,1.0
56,491,4,5,1.0,1.0
57,491,4,5,1.0,1.0
58,491,4,5,1.0,1.0
59,490,3,7,1.0,1.0
60,490,3,7,1.0,1.0
61,490,3,7,1.0,1.0
62,490,3,7,1.0,1.0
63,490,3,7,1.0,1.0
64,490,3,7,1.0,1.0
65,489,4,7,1.0,1.0
66,489,4,7,1.0,1.0
67,488,5,7,0.999,0.9994877049180327
68,488,5,7,0.999,0.9994877049180327
69,488,5,7,0.999,0.9994877049180327
70,488,5,7,0.999,0.9994877049180327
71,488,5,7,0.999,0.9994877049180327
72,487,5,8,1.0,1.0
73,487,5,8,1.0,1.0
74,487,5,8,1.0,1.0
75,486,6,8,0.999,0.9994855967078189
76,485,7,8,0.998,0.9989690721649485
77,484,8,8,0.998,0.9989669421487604
78,484,8,8,0.998,0.9989669421487604
79,484,8,8,0.998,0.9989669421487604
80,483,9,8,0.997,0.9984472049689441
81,483,8,9,0.999,0.9994824016563147
82,483,8,9,0.999,0.9994824016563147
83,483,8,9,0.999,0.9994824016563147
84,483,8,9,0.999,0.9994824016563147
85,483,8,9,0.999,0.9994824016563147
86,483,8,9,0.999,0.9994824016563147
87,483,8,9,0.999,0.9994824016563147
88,483,8,9,0.999,0.9994824016563147
89,483,7,10,0.999,0.9994824016563147
90,483,7,10,0.999,0.9994824016563147
91,483,7,10,0.999,0.9994824016563147
92,483,7,10,0.999,0.9994824016563147
93,483,6,11,1.0,1.0
94,481,8,11,1.0,1.0
95,481,8,11,1.0,1.0
96,480,9,11,1.0,1.0
97,480,7,13,1.0,1.0
98,478,7,15,1.0,1.0
99,477,8,15,0.999,0.999475890985325
100,477,8,15,0.999,0.999475890985325
101,476,9,15,0.999,0.9994747899159664
102,475,10,15,0.998,0.9989473684210526
103,474,11,15,0.998,0.9989451476793249
104,473,11,16,0.997,0.9984143763213531
105,471,12,17,0.997,0.9984076433121019
106,468,15,17,0.993,0.9963675213675214
107,468,15,17,0.993,0.9963675213675214
108,468,15,17,0.993,0.9963675213675214
109,468,15,17,0.993,0.9963675213675214
110,467,16,17,0.991,0.9952890792291221
111,465,17,18,0.992,0.9958064516129033
112,461,21,18,0.99,0.9946854663774404
113,459,23,18,0.989,0.9940450254175744
114,457,25,18,0.989,0.9938366156090445
115,457,23,20,0.989,0.9938366156090445
116,457,22,21,0.991,0.9949307075127645
117,455,23,22,0.992,0.9956410256410256
118,455,23,22,0.992,0.9956410256410256
119,454,23,23,0.991,0.9951908957415565
120,452,25,23,0.99,0.9945058997050147
121,451,25,24,0.989,0.9939393939393939
122,451,23,26,0.99,0.9946784922394679
123,448,25,27,0.99,0.9946428571428572
124,447,26,27,0.988,0.9935123042505594
125,447,26,27,0.988,0.9935123042505594
126,445,28,27,0.987,0.9929213483146068
127,443,28,29,0.987,0.9930022573363431
128,443,26,31,0.987,0.9930022573363431
129,441,27,32,0.988,0.9934240362811791
130,439,26,35,0.991,0.99498861047836
131,438,27,35,0.99,0.994406392694064
132,435,30,35,0.987,0.9926436781609196
133,435,28,37,0.988,0.9932183908045977
134,434,28,38,0.987,0.9924347158218126
135,434,27,39,0.988,0.9930107526881721
136,430,29,41,0.985,0.9913178294573644
137,429,30,41,0.984,0.9907148407148407
138,429,29,42,0.984,0.9907148407148407
139,428,29,43,0.985,0.9912772585669781
140,426,31,43,0.982,0.9895931142410014
141,423,33,44,0.982,0.989519306540583
142,421,34,45,0.983,0.9902612826603325
143,420,31,49,0.985,0.9913095238095239
144,420,31,49,0.985,0.9913095238095239
145,418,32,50,0.985,0.9912679425837321
146,417,31,52,0.986,0.991726618705036
147,415,30,55,0.988,0.9927710843373494
148,415,29,56,0.988,0.9927710843373494
149,414,28,58,0.992,0.9951690821256038
150,413,25,62,0.996,0.9975786924939467
151,412,24,64,0.998,0.9987864077669902
152,412,23,65,0.998,0.9987864077669902
153,412,23,65,0.998,0.9987864077669902
154,411,23,66,0.999,0.9993917274939172
155,409,24,67,0.999,0.9993887530562348
156,409,24,67,0.999,0.9993887530562348
157,409,22,69,0.999,0.9993887530562348
158,406,24,70,0.997,0.9981527093596059
159,406,24,70,0.997,0.9981527093596059
160,405,25,70,0.996,0.9975308641975309
161,403,26,71,0.996,0.9975186104218362
162,403,26,71,0.996,0.9975186104218362
163,401,26,73,0.994,0.9962593516209476
164,400,27,73,0.994,0.99625
165,398,28,74,0.994,0.9962311557788944
166,397,28,75,0.994,0.9960117548278756
167,395,30,75,0.993,0.9953586497890294
168,394,30,76,0.993,0.9953468697123519
169,393,31,76,0.993,0.9955470737913485
170,389,35,76,0.994,0.9961439588688946
171,386,36,78,0.994,0.9961139896373057
172,384,36,80,0.997,0.998046875
173,382,36,82,0.997,0.9980366492146597
174,381,36,83,0.997,0.9980314960629921
175,377,40,83,0.995,0.996684350132626
176,375,40,85,0.995,0.9966666666666667
177,374,39,87,0.994,0.9957664884135471
178,373,39,88,0.993,0.9950848972296692
179,373,36,91,0.995,0.9964253798033957
180,372,36,92,0.996,0.9970878136200716
181,372,35,93,0.997,0.9979838709677419
182,372,35,93,0.997,0.9979838709677419
183,370,35,95,0.995,0.9966216216216216
184,369,34,97,0.997,0.9979674796747967
185,367,35,98,0.996,0.997275204359673
186,367,31,102,0.997,0.9979564032697548
187,367,30,103,0.997,0.9979564032697548
188,367,27,106,0.998,0.9986376021798365
189,365,26,109,0.998,0.9986301369863013
190,363,27,110,0.996,0.9972451790633609
191,363,27,110,0.996,0.9972451790633609
192,362,25,113,0.998,0.9986187845303868
193,362,25,113,0.998,0.9986187845303868
194,361,25,114,0.997,0.9979224376731302
195,359,27,114,0.995,0.9965181058495822
196,359,26,115,0.995,0.9965181058495822
197,358,27,115,0.995,0.9965083798882681
198,358,27,115,0.995,0.9965083798882681
199,358,26,116,0.995,0.9965083798882681
200,357,26,117,0.997,0.9978991596638656
1,499,1,0,1.0,1.0
2,499,1,0,1.0,1.0
3,498,2,0,0.999,0.9994979919678715
4,498,2,0,0.999,0.9994979919678715
5,498,1,1,1.0,1.0
6,498,1,1,1.0,1.0
7,497,2,1,0.999,0.9994969818913481
8,497,2,1,0.999,0.9994969818913481
9,497,2,1,0.999,0.9994969818913481
10,497,2,1,0.999,0.9994969818913481
11,497,2,1,0.999,0.9994969818913481
12,497,2,1,0.999,0.9994969818913481
13,497,1,2,1.0,1.0
14,497,1,2,1.0,1.0
15,497,1,2,1.0,1.0
16,496,2,2,0.999,0.9994959677419355
17,496,2,2,0.999,0.9994959677419355
18,496,2,2,0.999,0.9994959677419355
19,496,2,2,0.999,0.9994959677419355
20,496,2,2,0.999,0.9994959677419355
21,496,2,2,0.999,0.9994959677419355
22,496,2,2,0.999,0.9994959677419355
23,496,2,2,0.999,0.9994959677419355
24,496,2,2,0.999,0.9994959677419355
25,496,2,2,0.999,0.9994959677419355
26,495,3,2,0.999,0.9994949494949495
27,495,3,2,0.999,0.9994949494949495
28,495,2,3,1.0,1.0
29,495,2,3,1.0,1.0
30,495,2,3,1.0,1.0
31,495,2,3,1.0,1.0
32,495,2,3,1.0,1.0
33,495,1,4,1.0,1.0
34,495,0,5,1.0,1.0
35,495,0,5,1.0,1.0
36,495,0,5,1.0,1.0
37,495,0,5,1.0,1.0
38,495,0,5,1.0,1.0
39,495,0,5,1.0,1.0
40,495,0,5,1.0,1.0
41,495,0,5,1.0,1.0
42,495,0,5,1.0,1.0
43,495,0,5,1.0,1.0
44,495,0,5,1.0,1.0
45,495,0,5,1.0,1.0
46,495,0,5,1.0,1.0
47,495,0,5,1.0,1.0
48,495,0,5,1.0,1.0
49,495,0,5,1.0,1.0
50,495,0,5,1.0,1.0
51,495,0,5,1.0,1.0
52,495,0,5,1.0,1.0
53,495,0,5,1.0,1.0
54,495,0,5,1.0,1.0
55,495,0,5,1.0,1.0
56,495,0,5,1.0,1.0
57,495,0,5,1.0,1.0
58,495,0,5,1.0,1.0
59,495,0,5,1.0,1.0
60,495,0,5,1.0,1.0
61,495,0,5,1.0,1.0
62,495,0,5,1.0,1.0
63,495,0,5,1.0,1.0
64,495,0,5,1.0,1.0
65,495,0,5,1.0,1.0
66,495,0,5,1.0,1.0
67,495,0,5,1.0,1.0
68,495,0,5,1.0,1.0
69,495,0,5,1.0,1.0
70,495,0,5,1.0,1.0
71,495,0,5,1.0,1.0
72,495,0,5,1.0,1.0
73,495,0,5,1.0,1.0
74,495,0,5,1.0,1.0
75,495,0,5,1.0,1.0
76,495,0,5,1.0,1.0
77,495,0,5,1.0,1.0
78,495,0,5,1.0,1.0
79,495,0,5,1.0,1.0
80,495,0,5,1.0,1.0
81,495,0,5,1.0,1.0
82,495,0,5,1.0,1.0
83,495,0,5,1.0,1.0
84,495,0,5,1.0,1.0
85,495,0,5,1.0,1.0
86,495,0,5,1.0,1.0
87,495,0,5,1.0,1.0
88,495,0,5,1.0,1.0
89,495,0,5,1.0,1.0
90,495,0,5,1.0,1.0
91,495,0,5,1.0,1.0
92,495,0,5,1.0,1.0
93,495,0,5,1.0,1.0
94,495,0,5,1.0,1.0
95,495,0,5,1.0,1.0
96,495,0,5,1.0,1.0
97,495,0,5,1.0,1.0
98,495,0,5,1.0,1.0
99,495,0,5,1.0,1.0
100,495,0,5,1.0,1.0
101,495,0,5,1.0,1.0
102,495,0,5,1.0,1.0
103,495,0,5,1.0,1.0
104,495,0,5,1.0,1.0
105,495,0,5,1.0,1.0
106,495,0,5,1.0,1.0
107,495,0,5,1.0,1.0
108,495,0,5,1.0,1.0
109,495,0,5,1.0,1.0
110,495,0,5,1.0,1.0
111,495,0,5,1.0,1.0
112,495,0,5,1.0,1.0
113,495,0,5,1.0,1.0
114,495,0,5,1.0,1.0
115,495,0,5,1.0,1.0
116,495,0,5,1.0,1.0
117,495,0,5,1.0,1.0
118,495,0,5,1.0,1.0
119,495,0,5,1.0,1.0
120,495,0,5,1.0,1.0
121,495,0,5,1.0,1.0
122,495,0,5,1.0,1.0
123,495,0,5,1.0,1.0
124,495,0,5,1.0,1.0
125,495,0,5,1.0,1.0
126,495,0,5,1.0,1.0
127,495,0,5,1.0,1.0
128,495,0,5,1.0,1.0
129,495,0,5,1.0,1.0
130,495,0,5,1.0,1.0
131,495,0,5,1.0,1.0
132,495,0,5,1.0,1.0
133,495,0,5,1.0,1.0
134,495,0,5,1.0,1.0
135,495,0,5,1.0,1.0
136,495,0,5,1.0,1.0
137,495,0,5,1.0,1.0
138,495,0,5,1.0,1.0
139,495,0,5,1.0,1.0
140,495,0,5,1.0,1.0
141,495,0,5,1.0,1.0
142,495,0,5,1.0,1.0
143,495,0,5,1.0,1.0
144,495,0,5,1.0,1.0
145,495,0,5,1.0,1.0
146,495,0,5,1.0,1.0
147,495,0,5,1.0,1.0
148,495,0,5,1.0,1.0
149,495,0,5,1.0,1.0
150,495,0,5,1.0,1.0
151,495,0,5,1.0,1.0
152,495,0,5,1.0,1.0
153,495,0,5,1.0,1.0
154,495,0,5,1.0,1.0
155,495,0,5,1.0,1.0
156,495,0,5,1.0,1.0
157,495,0,5,1.0,1.0
158,495,0,5,1.0,1.0
159,495,0,5,1.0,1.0
160,495,0,5,1.0,1.0
161,495,0,5,1.0,1.0
162,495,0,5,1.0,1.0
163,495,0,5,1.0,1.0
164,495,0,5,1.0,1.0
165,495,0,5,1.0,1.0
166,495,0,5,1.0,1.0
167,495,0,5,1.0,1.0
168,495,0,5,1.0,1.0
169,495,0,5,1.0,1.0
170,495,0,5,1.0,1.0
171,495,0,5,1.0,1.0
172,495,0,5,1.0,1.0
173,495,0,5,1.0,1.0
174,495,0,5,1.0,1.0
175,495,0,5,1.0,1.0
176,495,0,5,1.0,1.0
177,495,0,5,1.0,1.0
178,495,0,5,1.0,1.0
179,495,0,5,1.0,1.0
180,495,0,5,1.0,1.0
181,495,0,5,1.0,1.0
182,495,0,5,1.0,1.0
183,495,0,5,1.0,1.0
184,495,0,5,1.0,1.0
185,495,0,5,1.0,1.0
186,495,0,5,1.0,1.0
187,495,0,5,1.0,1.0
188,495,0,5,1.0,1.0
189,495,0,5,1.0,1.0
190,495,0,5,1.0,1.0
191,495,0,5,1.0,1.0
192,495,0,5,1.0,1.0
193,495,0,5,1.0,1.0
194,495,0,5,1.0,1.0
195,495,0,5,1.0,1.0
196,495,0,5,1.0,1.0
197,495,0,5,1.0,1.0
198,495,0,5,1.0,1.0
199,495,0,5,1.0,1.0
200,495,0,5,1.0,1.0
1,499,1,0,1.0,1.0
2,498,2,0,0.999,0.9994979919678715
3,498,2,0,0.999,0.9994979919678715
4,497,3,0,0.997,0.9984909456740443
5,497,3,0,0.997,0.9984909456740443
6,497,3,0,0.997,0.9984909456740443
7,497,3,0,0.997,0.9984909456740443
8,497,2,1,0.999,0.9994969818913481
9,495,4,1,0.998,0.998989898989899
10,495,4,1,0.998,0.998989898989899
11,494,5,1,0.996,0.9979757085020243
12,493,6,1,0.996,0.9979716024340771
13,493,5,2,0.997,0.9984787018255578
14,493,5,2,0.997,0.9984787018255578
15,493,5,2,0.997,0.9984787018255578
16,492,6,2,0.997,0.9984756097560976
17,492,6,2,0.997,0.9984756097560976
18,492,6,2,0.997,0.9984756097560976
19,492,6,2,0.997,0.9984756097560976
20,492,6,2,0.997,0.9984756097560976
21,492,6,2,0.997,0.9984756097560976
22,492,6,2,0.997,0.9984756097560976
23,491,7,2,0.996,0.9979633401221996
24,491,7,2,0.996,0.9979633401221996
25,491,6,3,0.997,0.9984725050916496
26,491,6,3,0.997,0.9984725050916496
27,491,6,3,0.997,0.9984725050916496
28,491,6,3,0.997,0.9984725050916496
29,491,6,3,0.997,0.9984725050916496
30,491,6,3,0.997,0.9984725050916496
31,490,5,5,0.998,0.9989795918367347
32,489,5,6,0.998,0.9989775051124744
33,488,5,7,0.997,0.9984631147540983
34,488,5,7,0.997,0.9984631147540983
35,487,4,9,0.998,0.9989733059548255
36,487,4,9,0.998,0.9989733059548255
37,487,4,9,0.998,0.9989733059548255
38,487,3,10,0.999,0.9994866529774127
39,487,3,10,0.999,0.9994866529774127
40,487,3,10,0.999,0.9994866529774127
41,487,3,10,0.999,0.9994866529774127
42,487,3,10,0.999,0.9994866529774127
43,487,3,10,0.999,0.9994866529774127
44,487,3,10,0.999,0.9994866529774127
45,487,3,10,0.999,0.9994866529774127
46,487,3,10,0.999,0.9994866529774127
47,487,3,10,0.999,0.9994866529774127
48,487,3,10,0.999,0.9994866529774127
49,487,3,10,0.999,0.9994866529774127
50,487,3,10,0.999,0.9994866529774127
51,487,2,11,1.0,1.0
52,487,2,11,1.0,1.0
53,487,2,11,1.0,1.0
54,487,1,12,1.0,1.0
55,487,1,12,1.0,1.0
56,486,2,12,0.999,0.9994855967078189
57,486,2,12,0.999,0.9994855967078189
58,486,2,12,0.999,0.9994855967078189
59,486,1,13,1.0,1.0
60,486,1,13,1.0,1.0
61,486,1,13,1.0,1.0
62,486,1,13,1.0,1.0
63,486,1,13,1.0,1.0
64,486,1,13,1.0,1.0
65,486,1,13,1.0,1.0
66,486,0,14,1.0,1.0
67,486,0,14,1.0,1.0
68,486,0,14,1.0,1.0
69,486,0,14,1.0,1.0
70,486,0,14,1.0,1.0
71,486,0,14,1.0,1.0
72,486,0,14,1.0,1.0
73,486,0,14,1.0,1.0
74,486,0,14,1.0,1.0
75,486,0,14,1.0,1.0
76,486,0,14,1.0,1.0
77,486,0,14,1.0,1.0
78,486,0,14,1.0,1.0
79,486,0,14,1.0,1.0
80,486,0,14,1.0,1.0
81,486,0,14,1.0,1.0
82,486,0,14,1.0,1.0
83,486,0,14,1.0,1.0
84,486,0,14,1.0,1.0
85,486,0,14,1.0,1.0
86,486,0,14,1.0,1.0
87,486,0,14,1.0,1.0
88,486,0,14,1.0,1.0
89,486,0,14,1.0,1.0
90,486,0,14,1.0,1.0
91,486,0,14,1.0,1.0
92,486,0,14,1.0,1.0
93,486,0,14,1.0,1.0
94,486,0,14,1.0,1.0
95,486,0,14,1.0,1.0
96,486,0,14,1.0,1.0
97,486,0,14,1.0,1.0
98,486,0,14,1.0,1.0
99,486,0,14,1.0,1.0
100,486,0,14,1.0,1.0
101,486,0,14,1.0,1.0
102,486,0,14,1.0,1.0
103,486,0,14,1.0,1.0
104,486,0,14,1.0,1.0
105,486,0,14,1.0,1.0
106,486,0,14,1.0,1.0
107,486,0,14,1.0,1.0
108,486,0,14,1.0,1.0
109,486,0,14,1.0,1.0
110,486,0,14,1.0,1.0
111,486,0,14,1.0,1.0
112,486,0,14,1.0,1.0
113,486,0,14,1.0,1.0
114,486,0,14,1.0,1.0
115,486,0,14,1.0,1.0
116,486,0,14,1.0,1.0
117,486,0,14,1.0,1.0
118,486,0,14,1.0,1.0
119,486,0,14,1.0,1.0
120,486,0,14,1.0,1.0
121,486,0,14,1.0,1.0
122,486,0,14,1.0,1.0
123,486,0,14,1.0,1.0
124,486,0,14,1.0,1.0
125,486,0,14,1.0,1.0
126,486,0,14,1.0,1.0
127,486,0,14,1.0,1.0
128,486,0,14,1.0,1.0
129,486,0,14,1.0,1.0
130,486,0,14,1.0,1.0
131,486,0,14,1.0,1.0
132,486,0,14,1.0,1.0
133,486,0,14,1.0,1.0
134,486,0,14,1.0,1.0
135,486,0,14,1.0,1.0
136,486,0,14,1.0,1.0
137,486,0,14,1.0,1.0
138,486,0,14,1.0,1.0
139,486,0,14,1.0,1.0
140,486,0,14,1.0,1.0
141,486,0,14,1.0,1.0
142,486,0,14,1.0,1.0
143,486,0,14,1.0,1.0
144,486,0,14,1.0,1.0
145,486,0,14,1.0,1.0
146,486,0,14,1.0,1.0
147,486,0,14,1.0,1.0
148,486,0,14,1.0,1.0
149,486,0,14,1.0,1.0
150,486,0,14,1.0,1.0
151,486,0,14,1.0,1.0
152,486,0,14,1.0,1.0
153,486,0,14,1.0,1.0
154,486,0,14,1.0,1.0
155,486,0,14,1.0,1.0
156,486,0,14,1.0,1.0
157,486,0,14,1.0,1.0
158,486,0,14,1.0,1.0
159,486,0,14,1.0,1.0
160,486,0,14,1.0,1.0
161,486,0,14,1.0,1.0
162,486,0,14,1.0,1.0
163,486,0,14,1.0,1.0
164,486,0,14,1.0,1.0
165,486,0,14,1.0,1.0
166,486,0,14,1.0,1.0
167,486,0,14,1.0,1.0
168,486,0,14,1.0,1.0
169,486,0,14,1.0,1.0
170,486,0,14,1.0,1.0
171,486,0,14,1.0,1.0
172,486,0,14,1.0,1.0
173,486,0,14,1.0,1.0
174,486,0,14,1.0,1.0
175,486,0,14,1.0,1.0
176,486,0,14,1.0,1.0
177,486,0,14,1.0,1.0
178,486,0,14,1.0,1.0
179,486,0,14,1.0,1.0
180,486,0,14,1.0,1.0
181,486,0,14,1.0,1.0
182,486,0,14,1.0,1.0
183,486,0,14,1.0,1.0
184,486,0,14,1.0,1.0
185,486,0,14,1.0,1.0
186,486,0,14,1.0,1.0
187,486,0,14,1.0,1.0
188,486,0,14,1.0,1.0
189,486,0,14,1.0,1.0
190,486,0,14,1.0,1.0
191,486,0,14,1.0,1.0
192,486,0,14,1.0,1.0
193,486,0,14,1.0,1.0
194,486,0,14,1.0,1.0
195,486,0,14,1.0,1.0
196,486,0,14,1.0,1.0
197,486,0,14,1.0,1.0
198,486,0,14,1.0,1.0
199,486,0,14,1.0,1.0
200,486,0,14,1.0,1.0
1,499,1,0,1.0,1.0
2,498,2,0,0.998,0.998995983935743
3,498,2,0,0.998,0.998995983935743
4,497,3,0,0.997,0.9984909456740443
5,496,4,0,0.996,0.9979838709677419
6,496,4,0,0.996,0.9979838709677419
7,496,3,1,0.998,0.998991935483871
8,496,3,1,0.998,0.998991935483871
9,496,2,2,0.999,0.9994959677419355
10,496,1,3,1.0,1.0
11,496,1,3,1.0,1.0
12,496,1,3,1.0,1.0
13,496,1,3,1.0,1.0
14,495,2,3,0.998,0.998989898989899
15,495,2,3,0.998,0.998989898989899
16,495,2,3,0.998,0.998989898989899
17,495,2,3,0.998,0.998989898989899
18,495,2,3,0.998,0.998989898989899
19,495,2,3,0.998,0.998989898989899
20,495,1,4,1.0,1.0
21,495,1,4,1.0,1.0
22,495,1,4,1.0,1.0
23,495,1,4,1.0,1.0
24,495,1,4,1.0,1.0
25,495,1,4,1.0,1.0
26,495,1,4,1.0,1.0
27,495,1,4,1.0,1.0
28,494,2,4,1.0,1.0
29,494,2,4,1.0,1.0
30,494,2,4,1.0,1.0
31,494,2,4,1.0,1.0
32,493,3,4,0.999,0.9994929006085193
33,493,3,4,0.999,0.9994929006085193
34,492,4,4,0.999,0.9994918699186992
35,492,4,4,0.999,0.9994918699186992
36,491,5,4,0.998,0.9989816700610998
37,491,5,4,0.998,0.9989816700610998
38,491,5,4,0.998,0.9989816700610998
39,491,4,5,0.999,0.9994908350305499
40,491,4,5,0.999,0.9994908350305499
41,491,4,5,0.999,0.9994908350305499
42,490,5,5,0.997,0.9984693877551021
43,490,5,5,0.997,0.9984693877551021
44,490,4,6,0.999,0.9994897959183674
45,490,4,6,0.999,0.9994897959183674
46,490,4,6,0.999,0.9994897959183674
47,490,4,6,0.999,0.9994897959183674
48,490,4,6,0.999,0.9994897959183674
49,490,3,7,1.0,1.0
50,489,4,7,1.0,1.0
51,489,4,7,1.0,1.0
52,489,4,7,1.0,1.0
53,489,4,7,1.0,1.0
54,489,4,7,1.0,1.0
55,489,4,7,1.0,1.0
56,489,4,7,1.0,1.0
57,489,4,7,1.0,1.0
58,489,4,7,1.0,1.0
59,489,4,7,1.0,1.0
60,489,3,8,1.0,1.0
61,489,3,8,1.0,1.0
62,489,3,8,1.0,1.0
63,489,3,8,1.0,1.0
64,489,3,8,1.0,1.0
65,489,3,8,1.0,1.0
66,489,3,8,1.0,1.0
67,489,2,9,1.0,1.0
68,489,2,9,1.0,1.0
69,489,2,9,1.0,1.0
70,489,1,10,1.0,1.0
71,489,1,10,1.0,1.0
72,489,1,10,1.0,1.0
73,489,1,10,1.0,1.0
74,489,1,10,1.0,1.0
75,489,1,10,1.0,1.0
76,489,1,10,1.0,1.0
77,489,1,10,1.0,1.0
78,489,1,10,1.0,1.0
79,489,1,10,1.0,1.0
80,489,1,10,1.0,1.0
81,489,1,10,1.0,1.0
82,489,1,10,1.0,1.0
83,489,0,11,1.0,1.0
84,489,0,11,1.0,1.0
85,489,0,11,1.0,1.0
86,489,0,11,1.0,1.0
87,489,0,11,1.0,1.0
88,489,0,11,1.0,1.0
89,489,0,11,1.0,1.0
90,489,0,11,1.0,1.0
91,489,0,11,1.0,1.0
92,489,0,11,1.0,1.0
93,489,0,11,1.0,1.0
94,489,0,11,1.0,1.0
95,489,0,11,1.0,1.0
96,489,0,11,1.0,1.0
97,489,0,11,1.0,1.0
98,489,0,11,1.0,1.0
99,489,0,11,1.0,1.0
100,489,0,11,1.0,1.0
101,489,0,11,1.0,1.0
102,489,0,11,1.0,1.0
103,489,0,11,1.0,1.0
104,489,0,11,1.0,1.0
105,489,0,11,1.0,1.0
106,489,0,11,1.0,1.0
107,489,0,11,1.0,1.0
108,489,0,11,1.0,1.0
109,489,0,11,1.0,1.0
110,489,0,11,1.0,1.0
111,489,0,11,1.0,1.0
112,489,0,11,1.0,1.0
113,489,0,11,1.0,1.0
114,489,0,11,1.0,1.0
115,489,0,11,1.0,1.0
116,489,0,11,1.0,1.0
117,489,0,11,1.0,1.0
118,489,0,11,1.0,1.0
119,489,0,11,1.0,1.0
120,489,0,11,1.0,1.0
121,489,0,11,1.0,1.0
122,489,0,11,1.0,1.0
123,489,0,11,1.0,1.0
124,489,0,11,1.0,1.0
125,489,0,11,1.0,1.0
126,489,0,11,1.0,1.0
127,489,0,11,1.0,1.0
128,489,0,11,1.0,1.0
129,489,0,11,1.0,1.0
130,489,0,11,1.0,1.0
131,489,0,11,1.0,1.0
132,489,0,11,1.0,1.0
133,489,0,11,1.0,1.0
134,489,0,11,1.0,1.0
135,489,0,11,1.0,1.0
136,489,0,11,1.0,1.0
137,489,0,11,1.0,1.0
138,489,0,11,1.0,1.0
139,489,0,11,1.0,1.0
140,489,0,11,1.0,1.0
141,489,0,11,1.0,1.0
142,489,0,11,1.0,1.0
143,489,0,11,1.0,1.0
144,489,0,11,1.0,1.0
145,489,0,11,1.0,1.0
146,489,0,11,1.0,1.0
147,489,0,11,1.0,1.0
148,489,0,11,1.0,1.0
149,489,0,11,1.0,1.0
150,489,0,11,1.0,1.0
151,489,0,11,1.0,1.0
152,489,0,11,1.0,1.0
153,489,0,11,1.0,1.0
154,489,0,11,1.0,1.0
155,489,0,11,1.0,1.0
156,489,0,11,1.0,1.0
157,489,0,11,1.0,1.0
158,489,0,11,1.0,1.0
159,489,0,11,1.0,1.0
160,489,0,11,1.0,1.0
161,489,0,11,1.0,1.0
162,489,0,11,1.0,1.0
163,489,0,11,1.0,1.0
164,489,0,11,1.0,1.0
165,489,0,11,1.0,1.0
166,489,0,11,1.0,1.0
167,489,0,11,1.0,1.0
168,489,0,11,1.0,1.0
169,489,0,11,1.0,1.0
170,489,0,11,1.0,1.0
171,489,0,11,1.0,1.0
172,489,0,11,1.0,1.0
173,489,0,11,1.0,1.0
174,489,0,11,1.0,1.0
175,489,0,11,1.0,1.0
176,489,0,11,1.0,1.0
177,489,0,11,1.0,1.0
178,489,0,11,1.0,1.0
179,489,0,11,1.0,1.0
180,489,0,11,1.0,1.0
181,489,0,11,1.0,1.0
182,489,0,11,1.0,1.0
183,489,0,11,1.0,1.0
184,489,0,11,1.0,1.0
185,489,0,11,1.0,1.0
186,489,0,11,1.0,1.0
187,489,0,11,1.0,1.0
188,489,0,11,1.0,1.0
189,489,0,11,1.0,1.0
190,489,0,11,1.0,1.0
191,489,0,11,1.0,1.0
192,489,0,11,1.0,1.0
193,489,0,11,1.0,1.0
194,489,0,11,1.0,1.0
195,489,0,11,1.0,1.0
196,489,0,11,1.0,1.0
197,489,0,11,1.0,1.0
198,489,0,11,1.0,1.0
199,489,0,11,1.0,1.0
200,489,0,11,1.0,1.0
1,499,1,0,1.0,1.0
2,499,1,0,1.0,1.0
3,498,2,0,0.998,0.998995983935743
4,498,1,1,1.0,1.0
5,498,1,1,1.0,1.0
6,498,1,1,1.0,1.0
7,498,1,1,1.0,1.0
8,498,1,1,1.0,1.0
9,498,1,1,1.0,1.0
10,498,1,1,1.0,1.0
11,498,1,1,1.0,1.0
12,498,1,1,1.0,1.0
13,498,1,1,1.0,1.0
14,497,2,1,0.999,0.9994969818913481
15,497,2,1,0.999,0.9994969818913481
16,496,2,2,0.999,0.9994959677419355
17,496,2,2,0.999,0.9994959677419355
18,496,2,2,0.999,0.9994959677419355
19,495,3,2,0.998,0.998989898989899
20,495,3,2,0.998,0.998989898989899
21,495,3,2,0.998,0.998989898989899
22,495,3,2,0.998,0.998989898989899
23,495,3,2,0.998,0.998989898989899
24,495,3,2,0.998,0.998989898989899
25,495,3,2,0.998,0.998989898989899
26,495,3,2,0.998,0.998989898989899
27,495,3,2,0.998,0.998989898989899
28,495,3,2,0.998,0.998989898989899
29,495,3,2,0.998,0.998989898989899
30,495,3,2,0.998,0.998989898989899
31,495,2,3,0.999,0.9994949494949495
32,495,2,3,0.999,0.9994949494949495
33,495,2,3,0.999,0.9994949494949495
34,495,2,3,0.999,0.9994949494949495
35,495,2,3,0.999,0.9994949494949495
36,495,2,3,0.999,0.9994949494949495
37,495,1,4,1.0,1.0
38,495,1,4,1.0,1.0
39,495,1,4,1.0,1.0
40,495,1,4,1.0,1.0
41,495,1,4,1.0,1.0
42,495,1,4,1.0,1.0
43,495,1,4,1.0,1.0
44,495,1,4,1.0,1.0
45,495,1,4,1.0,1.0
46,495,1,4,1.0,1.0
47,495,1,4,1.0,1.0
48,495,1,4,1.0,1.0
49,495,1,4,1.0,1.0
50,495,1,4,1.0,1.0
51,495,1,4,1.0,1.0
52,495,1,4,1.0,1.0
53,494,2,4,1.0,1.0
54,494,2,4,1.0,1.0
55,494,2,4,1.0,1.0
56,494,2,4,1.0,1.0
57,494,2,4,1.0,1.0
58,494,2,4,1.0,1.0
59,494,2,4,1.0,1.0
60,494,2,4,1.0,1.0
61,494,2,4,1.0,1.0
62,494,2,4,1.0,1.0
63,494,2,4,1.0,1.0
64,494,2,4,1.0,1.0
65,494,2,4,1.0,1.0
66,494,2,4,1.0,1.0
67,494,2,4,1.0,1.0
68,494,2,4,1.0,1.0
69,494,2,4,1.0,1.0
70,494,2,4,1.0,1.0
71,494,2,4,1.0,1.0
72,494,2,4,1.0,1.0
73,494,2,4,1.0,1.0
74,494,2,4,1.0,1.0
75,494,2,4,1.0,1.0
76,494,2,4,1.0,1.0
77,494,2,4,1.0,1.0
78,494,2,4,1.0,1.0
79,494,2,4,1.0,1.0
80,494,2,4,1.0,1.0
81,494,2,4,1.0,1.0
82,494,2,4,1.0,1.0
83,494,2,4,1.0,1.0
84,494,2,4,1.0,1.0
85,494,2,4,1.0,1.0
86,494,2,4,1.0,1.0
87,494,2,4,1.0,1.0
88,494,2,4,1.0,1.0
89,494,2,4,1.0,1.0
90,494,2,4,1.0,1.0
91,494,2,4,1.0,1.0
92,494,2,4,1.0,1.0
93,494,2,4,1.0,1.0
94,494,2,4,1.0,1.0
95,494,2,4,1.0,1.0
96,494,2,4,1.0,1.0
97,494,2,4,1.0,1.0
98,494,2,4,1.0,1.0
99,494,2,4,1.0,1.0
100,494,2,4,1.0,1.0
101,494,2,4,1.0,1.0
102,494,2,4,1.0,1.0
103,494,1,5,1.0,1.0
104,494,1,5,1.0,1.0
105,494,1,5,1.0,1.0
106,494,1,5,1.0,1.0
107,494,1,5,1.0,1.0
108,494,1,5,1.0,1.0
109,494,1,5,1.0,1.0
110,494,1,5,1.0,1.0
111,494,1,5,1.0,1.0
112,494,1,5,1.0,1.0
113,494,1,5,1.0,1.0
114,494,1,5,1.0,1.0
115,494,1,5,1.0,1.0
116,494,1,5,1.0,1.0
117,494,1,5,1.0,1.0
118,494,1,5,1.0,1.0
119,494,1,5,1.0,1.0
120,494,1,5,1.0,1.0
121,494,1,5,1.0,1.0
122,494,1,5,1.0,1.0
123,494,1,5,1.0,1.0
124,494,1,5,1.0,1.0
125,494,1,5,1.0,1.0
126,494,1,5,1.0,1.0
127,494,1,5,1.0,1.0
128,494,1,5,1.0,1.0
129,494,1,5,1.0,1.0
130,494,1,5,1.0,1.0
131,493,2,5,1.0,1.0
132,493,2,5,1.0,1.0
133,492,3,5,0.999,0.9994918699186992
134,492,3,5,0.999,0.9994918699186992
135,491,4,5,0.999,0.9994908350305499
136,491,3,6,1.0,1.0
137,491,3,6,1.0,1.0
138,491,3,6,1.0,1.0
139,491,3,6,1.0,1.0
140,491,3,6,1.0,1.0
141,491,3,6,1.0,1.0
142,490,4,6,0.999,0.9994897959183674
143,490,3,7,0.999,0.9994897959183674
144,490,3,7,0.999,0.9994897959183674
145,490,3,7,0.999,0.9994897959183674
146,490,3,7,0.999,0.9994897959183674
147,490,2,8,1.0,1.0
148,490,2,8,1.0,1.0
149,490,2,8,1.0,1.0
150,490,2,8,1.0,1.0
151,490,2,8,1.0,1.0
152,490,2,8,1.0,1.0
153,490,2,8,1.0,1.0
154,490,2,8,1.0,1.0
155,490,2,8,1.0,1.0
156,489,3,8,1.0,1.0
157,489,3,8,1.0,1.0
158,489,3,8,1.0,1.0
159,489,3,8,1.0,1.0
160,489,3,8,1.0,1.0
161,489,3,8,1.0,1.0
162,489,3,8,1.0,1.0
163,489,3,8,1.0,1.0
164,489,2,9,1.0,1.0
165,489,2,9,1.0,1.0
166,489,2,9,1.0,1.0
167,489,2,9,1.0,1.0
168,489,2,9,1.0,1.0
169,489,2,9,1.0,1.0
170,489,2,9,1.0,1.0
171,489,2,9,1.0,1.0
172,489,2,9,1.0,1.0
173,489,2,9,1.0,1.0
174,489,2,9,1.0,1.0
175,489,2,9,1.0,1.0
176,488,3,9,1.0,1.0
177,488,3,9,1.0,1.0
178,488,3,9,1.0,1.0
179,488,3,9,1.0,1.0
180,488,3,9,1.0,1.0
181,488,3,9,1.0,1.0
182,488,3,9,1.0,1.0
183,488,3,9,1.0,1.0
184,488,3,9,1.0,1.0
185,488,3,9,1.0,1.0
186,488,3,9,1.0,1.0
187,488,3,9,1.0,1.0
188,488,3,9,1.0,1.0
189,487,4,9,0.999,0.9994866529774127
190,487,4,9,0.999,0.9994866529774127
191,487,4,9,0.999,0.9994866529774127
192,487,4,9,0.999,0.9994866529774127
193,487,4,9,0.999,0.9994866529774127
194,487,3,10,1.0,1.0
195,487,2,11,1.0,1.0
196,487,2,11,1.0,1.0
197,487,2,11,1.0,1.0
198,487,2,11,1.0,1.0
199,487,2,11,1.0,1.0
200,487,2,11,1.0,1.0
1,499,1,0,1.0,1.0
2,499,1,0,1.0,1.0
3,499,1,0,1.0,1.0
4,497,3,0,0.998,0.9989939637826962
5,497,3,0,0.998,0.9989939637826962
6,496,4,0,0.998,0.998991935483871
7,496,4,0,0.998,0.998991935483871
8,496,4,0,0.998,0.998991935483871
9,496,4,0,0.998,0.998991935483871
10,496,3,1,0.999,0.9994959677419355
11,496,3,1,0.999,0.9994959677419355
12,495,3,2,1.0,1.0
13,495,3,2,1.0,1.0
14,495,3,2,1.0,1.0
15,494,4,2,0.999,0.9994939271255061
16,493,5,2,0.999,0.9994929006085193
17,493,5,2,0.999,0.9994929006085193
18,493,3,4,1.0,1.0
19,493,3,4,1.0,1.0
20,493,3,4,1.0,1.0
21,492,4,4,0.999,0.9994918699186992
22,492,4,4,0.999,0.9994918699186992
23,492,3,5,1.0,1.0
24,492,3,5,1.0,1.0
25,492,3,5,1.0,1.0
26,492,3,5,1.0,1.0
27,492,3,5,1.0,1.0
28,492,3,5,1.0,1.0
29,492,3,5,1.0,1.0
30,492,3,5,1.0,1.0
31,492,2,6,1.0,1.0
32,492,2,6,1.0,1.0
33,491,3,6,0.999,0.9994908350305499
34,491,3,6,0.999,0.9994908350305499
35,491,3,6,0.999,0.9994908350305499
36,491,3,6,0.999,0.9994908350305499
37,491,3,6,0.999,0.9994908350305499
38,491,3,6,0.999,0.9994908350305499
39,491,3,6,0.999,0.9994908350305499
40,491,3,6,0.999,0.9994908350305499
41,491,3,6,0.999,0.9994908350305499
42,491,3,6,0.999,0.9994908350305499
43,491,2,7,0.999,0.9994908350305499
44,491,2,7,0.999,0.9994908350305499
45,491,2,7,0.999,0.9994908350305499
46,491,2,7,0.999,0.9994908350305499
47,491,2,7,0.999,0.9994908350305499
48,491,2,7,0.999,0.9994908350305499
49,491,2,7,0.999,0.9994908350305499
50,491,2,7,0.999,0.9994908350305499
51,491,2,7,0.999,0.9994908350305499
52,491,2,7,0.999,0.9994908350305499
53,491,2,7,0.999,0.9994908350305499
54,491,2,7,0.999,0.9994908350305499
55,491,2,7,0.999,0.9994908350305499
56,491,2,7,0.999,0.9994908350305499
57,491,2,7,0.999,0.9994908350305499
58,491,2,7,0.999,0.9994908350305499
59,491,2,7,0.999,0.9994908350305499
60,491,2,7,0.999,0.9994908350305499
61,491,2,7,0.999,0.9994908350305499
62,490,3,7,0.999,0.9994897959183674
63,490,3,7,0.999,0.9994897959183674
64,490,2,8,1.0,1.0
65,490,2,8,1.0,1.0
66,490,2,8,1.0,1.0
67,490,2,8,1.0,1.0
68,490,2,8,1.0,1.0
69,490,2,8,1.0,1.0
70,490,2,8,1.0,1.0
71,490,1,9,1.0,1.0
72,490,1,9,1.0,1.0
73,490,1,9,1.0,1.0
74,490,1,9,1.0,1.0
75,490,1,9,1.0,1.0
76,490,1,9,1.0,1.0
77,490,1,9,1.0,1.0
78,490,1,9,1.0,1.0
79,490,1,9,1.0,1.0
80,490,1,9,1.0,1.0
81,490,1,9,1.0,1.0
82,490,1,9,1.0,1.0
83,490,1,9,1.0,1.0
84,490,1,9,1.0,1.0
85,490,1,9,1.0,1.0
86,489,2,9,1.0,1.0
87,489,2,9,1.0,1.0
88,489,2,9,1.0,1.0
89,489,2,9,1.0,1.0
90,489,2,9,1.0,1.0
91,489,2,9,1.0,1.0
92,488,3,9,0.999,0.9994877049180327
93,488,3,9,0.999,0.9994877049180327
94,488,3,9,0.999,0.9994877049180327
95,488,3,9,0.999,0.9994877049180327
96,488,2,10,1.0,1.0
97,488,2,10,1.0,1.0
98,488,2,10,1.0,1.0
99,487,3,10,0.998,0.9989733059548255
100,487,2,11,0.998,0.9989733059548255
101,487,2,11,0.998,0.9989733059548255
102,487,2,11,0.998,0.9989733059548255
103,487,2,11,0.998,0.9989733059548255
104,487,2,11,0.998,0.9989733059548255
105,487,2,11,0.998,0.9989733059548255
106,487,2,11,0.998,0.9989733059548255
107,487,2,11,0.998,0.9989733059548255
108,487,2,11,0.998,0.9989733059548255
109,487,2,11,0.998,0.9989733059548255
110,487,2,11,0.998,0.9989733059548255
111,487,2,11,0.998,0.9989733059548255
112,487,2,11,0.998,0.9989733059548255
113,487,2,11,0.998,0.9989733059548255
114,487,2,11,0.998,0.9989733059548255
115,487,2,11,0.998,0.9989733059548255
116,487,1,12,1.0,1.0
117,487,1,12,1.0,1.0
118,487,1,12,1.0,1.0
119,487,1,12,1.0,1.0
120,487,1,12,1.0,1.0
121,487,1,12,1.0,1.0
122,487,1,12,1.0,1.0
123,487,1,12,1.0,1.0
124,487,1,12,1.0,1.0
125,487,1,12,1.0,1.0
126,486,2,12,0.999,0.9994855967078189
127,486,2,12,0.999,0.9994855967078189
128,486,2,12,0.999,0.9994855967078189
129,486,2,12,0.999,0.9994855967078189
130,486,2,12,0.999,0.9994855967078189
131,486,2,12,0.999,0.9994855967078189
132,486,1,13,1.0,1.0
133,486,1,13,1.0,1.0
134,486,1,13,1.0,1.0
135,485,2,13,0.998,0.9989690721649485
136,484,3,13,0.998,0.9989669421487604
137,484,3,13,0.998,0.9989669421487604
138,484,3,13,0.998,0.9989669421487604
139,484,3,13,0.998,0.9989669421487604
140,483,4,13,0.997,0.9984472049689441
141,483,4,13,0.997,0.9984472049689441
142,483,4,13,0.997,0.9984472049689441
143,483,4,13,0.997,0.9984472049689441
144,482,4,14,0.999,0.9993084370677731
145,482,4,14,0.999,0.9993084370677731
146,482,4,14,0.999,0.9993084370677731
147,482,4,14,0.999,0.9993084370677731
148,482,4,14,0.999,0.9993084370677731
149,482,4,14,0.999,0.9993084370677731
150,482,2,16,1.0,1.0
151,482,1,17,1.0,1.0
152,482,1,17,1.0,1.0
153,482,1,17,1.0,1.0
154,482,1,17,1.0,1.0
155,482,1,17,1.0,1.0
156,482,1,17,1.0,1.0
157,482,1,17,1.0,1.0
158,482,1,17,1.0,1.0
159,482,1,17,1.0,1.0
160,482,1,17,1.0,1.0
161,482,1,17,1.0,1.0
162,482,1,17,1.0,1.0
163,482,1,17,1.0,1.0
164,482,1,17,1.0,1.0
165,482,1,17,1.0,1.0
166,482,1,17,1.0,1.0
167,482,1,17,1.0,1.0
168,482,0,18,1.0,1.0
169,482,0,18,1.0,1.0
170,482,0,18,1.0,1.0
171,482,0,18,1.0,1.0
172,482,0,18,1.0,1.0
173,482,0,18,1.0,1.0
174,482,0,18,1.0,1.0
175,482,0,18,1.0,1.0
176,482,0,18,1.0,1.0
177,482,0,18,1.0,1.0
178,482,0,18,1.0,1.0
179,482,0,18,1.0,1.0
180,482,0,18,1.0,1.0
181,482,0,18,1.0,1.0
182,482,0,18,1.0,1.0
183,482,0,18,1.0,1.0
184,482,0,18,1.0,1.0
185,482,0,18,1.0,1.0
186,482,0,18,1.0,1.0
187,482,0,18,1.0,1.0
188,482,0,18,1.0,1.0
189,482,0,18,1.0,1.0
190,482,0,18,1.0,1.0
191,482,0,18,1.0,1.0
192,482,0,18,1.0,1.0
193,482,0,18,1.0,1.0
194,482,0,18,1.0,1.0
195,482,0,18,1.0,1.0
196,482,0,18,1.0,1.0
197,482,0,18,1.0,1.0
198,482,0,18,1.0,1.0
199,482,0,18,1.0,1.0
200,482,0,18,1.0,1.0
1,499,1,0,1.0,1.0
2,499,0,1,1.0,1.0
3,499,0,1,1.0,1.0
4,499,0,1,1.0,1.0
5,499,0,1,1.0,1.0
6,499,0,1,1.0,1.0
7,499,0,1,1.0,1.0
8,499,0,1,1.0,1.0
9,499,0,1,1.0,1.0
10,499,0,1,1.0,1.0
11,499,0,1,1.0,1.0
12,499,0,1,1.0,1.0
13,499,0,1,1.0,1.0
14,499,0,1,1.0,1.0
15,499,0,1,1.0,1.0
16,499,0,1,1.0,1.0
17,499,0,1,1.0,1.0
18,499,0,1,1.0,1.0
19,499,0,1,1.0,1.0
20,499,0,1,1.0,1.0
21,499,0,1,1.0,1.0
22,499,0,1,1.0,1.0
23,499,0,1,1.0,1.0
24,499,0,1,1.0,1.0
25,499,0,1,1.0,1.0
26,499,0,1,1.0,1.0
27,499,0,1,1.0,1.0
28,499,0,1,1.0,1.0
29,499,0,1,1.0,1.0
30,499,0,1,1.0,1.0
31,499,0,1,1.0,1.0
32,499,0,1,1.0,1.0
33,499,0,1,1.0,1.0
34,499,0,1,1.0,1.0
35,499,0,1,1.0,1.0
36,499,0,1,1.0,1.0
37,499,0,1,1.0,1.0
38,499,0,1,1.0,1.0
39,499,0,1,1.0,1.0
40,499,0,1,1.0,1.0
41,499,0,1,1.0,1.0
42,499,0,1,1.0,1.0
43,499,0,1,1.0,1.0
44,499,0,1,1.0,1.0
45,499,0,1,1.0,1.0
46,499,0,1,1.0,1.0
47,499,0,1,1.0,1.0
48,499,0,1,1.0,1.0
49,499,0,1,1.0,1.0
50,499,0,1,1.0,1.0
51,499,0,1,1.0,1.0
52,499,0,1,1.0,1.0
53,499,0,1,1.0,1.0
54,499,0,1,1.0,1.0
55,499,0,1,1.0,1.0
56,499,0,1,1.0,1.0
57,499,0,1,1.0,1.0
58,499,0,1,1.0,1.0
59,499,0,1,1.0,1.0
60,499,0,1,1.0,1.0
61,499,0,1,1.0,1.0
62,499,0,1,1.0,1.0
63,499,0,1,1.0,1.0
64,499,0,1,1.0,1.0
65,499,0,1,1.0,1.0
66,499,0,1,1.0,1.0
67,499,0,1,1.0,1.0
68,499,0,1,1.0,1.0
69,499,0,1,1.0,1.0
70,499,0,1,1.0,1.0
71,499,0,1,1.0,1.0
72,499,0,1,1.0,1.0
73,499,0,1,1.0,1.0
74,499,0,1,1.0,1.0
75,499,0,1,1.0,1.0
76,499,0,1,1.0,1.0
77,499,0,1,1.0,1.0
78,499,0,1,1.0,1.0
79,499,0,1,1.0,1.0
80,499,0,1,1.0,1.0
81,499,0,1,1.0,1.0
82,499,0,1,1.0,1.0
83,499,0,1,1.0,1.0
84,499,0,1,1.0,1.0
85,499,0,1,1.0,1.0
86,499,0,1,1.0,1.0
87,499,0,1,1.0,1.0
88,499,0,1,1.0,1.0
89,499,0,1,1.0,1.0
90,499,0,1,1.0,1.0
91,499,0,1,1.0,1.0
92,499,0,1,1.0,1.0
93,499,0,1,1.0,1.0
94,499,0,1,1.0,1.0
95,499,0,1,1.0,1.0
96,499,0,1,1.0,1.0
97,499,0,1,1.0,1.0
98,499,0,1,1.0,1.0
99,499,0,1,1.0,1.0
100,499,0,1,1.0,1.0
101,499,0,1,1.0,1.0
102,499,0,1,1.0,1.0
103,499,0,1,1.0,1.0
104,499,0,1,1.0,1.0
105,499,0,1,1.0,1.0
106,499,0,1,1.0,1.0
107,499,0,1,1.0,1.0
108,499,0,1,1.0,1.0
109,499,0,1,1.0,1.0
110,499,0,1,1.0,1.0
111,499,0,1,1.0,1.0
112,499,0,1,1.0,1.0
113,499,0,1,1.0,1.0
114,499,0,1,1.0,1.0
115,499,0,1,1.0,1.0
116,499,0,1,1.0,1.0
117,499,0,1,1.0,1.0
118,499,0,1,1.0,1.0
119,499,0,1,1.0,1.0
120,499,0,1,1.0,1.0
121,499,0,1,1.0,1.0
122,499,0,1,1.0,1.0
123,499,0,1,1.0,1.0
124,499,0,1,1.0,1.0
125,499,0,1,1.0,1.0
126,499,0,1,1.0,1.0
127,499,0,1,1.0,1.0
128,499,0,1,1.0,1.0
129,499,0,1,1.0,1.0
130,499,0,1,1.0,1.0
131,499,0,1,1.0,1.0
132,499,0,1,1.0,1.0
133,499,0,1,1.0,1.0
134,499,0,1,1.0,1.0
135,499,0,1,1.0,1.0
136,499,0,1,1.0,1.0
137,499,0,1,1.0,1.0
138,499,0,1,1.0,1.0
139,499,0,1,1.0,1.0
140,499,0,1,1.0,1.0
141,499,0,1,1.0,1.0
142,499,0,1,1.0,1.0
143,499,0,1,1.0,1.0
144,499,0,1,1.0,1.0
145,499,0,1,1.0,1.0
146,499,0,1,1.0,1.0
147,499,0,1,1.0,1.0
148,499,0,1,1.0,1.0
149,499,0,1,1.0,1.0
150,499,0,1,1.0,1.0
151,499,0,1,1.0,1.0
152,499,0,1,1.0,1.0
153,499,0,1,1.0,1.0
154,499,0,1,1.0,1.0
155,499,0,1,1.0,1.0
156,499,0,1,1.0,1.0
157,499,0,1,1.0,1.0
158,499,0,1,1.0,1.0
159,499,0,1,1.0,1.0
160,499,0,1,1.0,1.0
161,499,0,1,1.0,1.0
162,499,0,1,1.0,1.0
163,499,0,1,1.0,1.0
164,499,0,1,1.0,1.0
165,499,0,1,1.0,1.0
166,499,0,1,1.0,1.0
167,499,0,1,1.0,1.0
168,499,0,1,1.0,1.0
169,499,0,1,1.0,1.0
170,499,0,1,1.0,1.0
171,499,0,1,1.0,1.0
172,499,0,1,1.0,1.0
173,499,0,1,1.0,1.0
174,499,0,1,1.0,1.0
175,499,0,1,1.0,1.0
176,499,0,1,1.0,1.0
177,499,0,1,1.0,1.0
178,499,0,1,1.0,1.0
179,499,0,1,1.0,1.0
180,499,0,1,1.0,1.0
181,499,0,1,1.0,1.0
182,499,0,1,1.0,1.0
183,499,0,1,1.0,1.0
184,499,0,1,1.0,1.0
185,499,0,1,1.0,1.0
186,499,0,1,1.0,1.0
187,499,0,1,1.0,1.0
188,499,0,1,1.0,1.0
189,499,0,1,1.0,1.0
190,499,0,1,1.0,1.0
191,499,0,1,1.0,1.0
192,499,0,1,1.0,1.0
193,499,0,1,1.0,1.0
194,499,0,1,1.0,1.0
195,499,0,1,1.0,1.0
196,499,0,1,1.0,1.0
197,499,0,1,1.0,1.0
198,499,0,1,1.0,1.0
199,499,0,1,1.0,1.0
200,499,0,1,1.0,1.0
1,499,1,0,1.0,1.0
2,498,2,0,0.999,0.9994979919678715
3,498,2,0,0.999,0.9994979919678715
4,498,1,1,1.0,1.0
5,498,1,1,1.0,1.0
6,498,1,1,1.0,1.0
7,497,2,1,0.999,0.9994969818913481
8,497,2,1,0.999,0.9994969818913481
9,497,2,1,0.999,0.9994969818913481
10,496,3,1,0.999,0.9994959677419355
11,496,3,1,0.999,0.9994959677419355
12,496,2,2,1.0,1.0
13,496,2,2,1.0,1.0
14,495,3,2,1.0,1.0
15,494,4,2,1.0,1.0
16,494,4,2,1.0,1.0
17,493,5,2,0.999,0.9994929006085193
18,493,4,3,0.999,0.9994929006085193
19,493,4,3,0.999,0.9994929006085193
20,493,4,3,0.999,0.9994929006085193
21,492,5,3,0.999,0.9994918699186992
22,492,5,3,0.999,0.9994918699186992
23,492,5,3,0.999,0.9994918699186992
24,492,5,3,0.999,0.9994918699186992
25,492,5,3,0.999,0.9994918699186992
26,492,5,3,0.999,0.9994918699186992
27,492,5,3,0.999,0.9994918699186992
28,491,5,4,1.0,1.0
29,491,5,4,1.0,1.0
30,491,5,4,1.0,1.0
31,491,5,4,1.0,1.0
32,491,5,4,1.0,1.0
33,491,5,4,1.0,1.0
34,491,5,4,1.0,1.0
35,491,5,4,1.0,1.0
36,491,5,4,1.0,1.0
37,491,5,4,1.0,1.0
38,491,5,4,1.0,1.0
39,491,4,5,1.0,1.0
40,491,4,5,1.0,1.0
41,491,4,5,1.0,1.0
42,490,5,5,1.0,1.0
43,490,5,5,1.0,1.0
44,490,5,5,1.0,1.0
45,490,5,5,1.0,1.0
46,490,5,5,1.0,1.0
47,490,5,5,1.0,1.0
48,490,5,5,1.0,1.0
49,489,5,6,0.999,0.9994887525562373
50,489,5,6,0.999,0.9994887525562373
51,489,5,6,0.999,0.9994887525562373
52,489,4,7,0.999,0.9994887525562373
53,488,4,8,1.0,1.0
54,488,4,8,1.0,1.0
55,488,4,8,1.0,1.0
56,488,4,8,1.0,1.0
57,488,4,8,1.0,1.0
58,488,3,9,1.0,1.0
59,488,3,9,1.0,1.0
60,488,2,10,1.0,1.0
61,488,2,10,1.0,1.0
62,488,2,10,1.0,1.0
63,488,2,10,1.0,1.0
64,488,2,10,1.0,1.0
65,488,2,10,1.0,1.0
66,488,2,10,1.0,1.0
67,488,2,10,1.0,1.0
68,488,2,10,1.0,1.0
69,488,2,10,1.0,1.0
70,488,2,10,1.0,1.0
71,488,2,10,1.0,1.0
72,488,2,10,1.0,1.0
73,488,1,11,1.0,1.0
74,488,1,11,1.0,1.0
75,488,1,11,1.0,1.0
76,488,1,11,1.0,1.0
77,488,1,11,1.0,1.0
78,488,1,11,1.0,1.0
79,488,1,11,1.0,1.0
80,488,1,11,1.0,1.0
81,488,1,11,1.0,1.0
82,488,1,11,1.0,1.0
83,488,1,11,1.0,1.0
84,488,1,11,1.0,1.0
85,488,1,11,1.0,1.0
86,488,1,11,1.0,1.0
87,488,1,11,1.0,1.0
88,488,1,11,1.0,1.0
89,488,1,11,1.0,1.0
90,488,1,11,1.0,1.0
91,488,1,11,1.0,1.0
92,488,1,11,1.0,1.0
93,488,1,11,1.0,1.0
94,488,1,11,1.0,1.0
95,488,1,11,1.0,1.0
96,488,1,11,1.0,1.0
97,488,1,11,1.0,1.0
98,488,1,11,1.0,1.0
99,488,0,12,1.0,1.0
100,488,0,12,1.0,1.0
101,488,0,12,1.0,1.0
102,488,0,12,1.0,1.0
103,488,0,12,1.0,1.0
104,488,0,12,1.0,1.0
105,488,0,12,1.0,1.0
106,488,0,12,1.0,1.0
107,488,0,12,1.0,1.0
108,488,0,12,1.0,1.0
109,488,0,12,1.0,1.0
110,488,0,12,1.0,1.0
111,488,0,12,1.0,1.0
112,488,0,12,1.0,1.0
113,488,0,12,1.0,1.0
114,488,0,12,1.0,1.0
115,488,0,12,1.0,1.0
116,488,0,12,1.0,1.0
117,488,0,12,1.0,1.0
118,488,0,12,1.0,1.0
119,488,0,12,1.0,1.0
120,488,0,12,1.0,1.0
121,488,0,12,1.0,1.0
122,488,0,12,1.0,1.0
123,488,0,12,1.0,1.0
124,488,0,12,1.0,1.0
125,488,0,12,1.0,1.0
126,488,0,12,1.0,1.0
127,488,0,12,1.0,1.0
128,488,0,12,1.0,1.0
129,488,0,12,1.0,1.0
130,488,0,12,1.0,1.0
131,488,0,12,1.0,1.0
132,488,0,12,1.0,1.0
133,488,0,12,1.0,1.0
134,488,0,12,1.0,1.0
135,488,0,12,1.0,1.0
136,488,0,12,1.0,1.0
137,488,0,12,1.0,1.0
138,488,0,12,1.0,1.0
139,488,0,12,1.0,1.0
140,488,0,12,1.0,1.0
141,488,0,12,1.0,1.0
142,488,0,12,1.0,1.0
143,488,0,12,1.0,1.0
144,488,0,12,1.0,1.0
145,488,0,12,1.0,1.0
146,488,0,12,1.0,1.0
147,488,0,12,1.0,1.0
148,488,0,12,1.0,1.0
149,488,0,12,1.0,1.0
150,488,0,12,1.0,1.0
151,488,0,12,1.0,1.0
152,488,0,12,1.0,1.0
153,488,0,12,1.0,1.0
154,488,0,12,1.0,1.0
155,488,0,12,1.0,1.0
156,488,0,12,1.0,1.0
157,488,0,12,1.0,1.0
158,488,0,12,1.0,1.0
159,488,0,12,1.0,1.0
160,488,0,12,1.0,1.0
161,488,0,12,1.0,1.0
162,488,0,12,1.0,1.0
163,488,0,12,1.0,1.0
164,488,0,12,1.0,1.0
165,488,0,12,1.0,1.0
166,488,0,12,1.0,1.0
167,488,0,12,1.0,1.0
168,488,0,12,1.0,1.0
169,488,0,12,1.0,1.0
170,488,0,12,1.0,1.0
171,488,0,12,1.0,1.0
172,488,0,12,1.0,1.0
173,488,0,12,1.0,1.0
174,488,0,12,1.0,1.0
175,488,0,12,1.0,1.0
176,488,0,12,1.0,1.0
177,488,0,12,1.0,1.0
178,488,0,12,1.0,1.0
179,488,0,12,1.0,1.0
180,488,0,12,1.0,1.0
181,488,0,12,1.0,1.0
182,488,0,12,1.0,1.0
183,488,0,12,1.0,1.0
184,488,0,12,1.0,1.0
185,488,0,12,1.0,1.0
186,488,0,12,1.0,1.0
187,488,0,12,1.0,1.0
188,488,0,12,1.0,1.0
189,488,0,12,1.0,1.0
190,488,0,12,1.0,1.0
191,488,0,12,1.0,1.0
192,488,0,12,1.0,1.0
193,488,0,12,1.0,1.0
194,488,0,12,1.0,1.0
195,488,0,12,1.0,1.0
196,488,0,12,1.0,1.0
197,488,0,12,1.0,1.0
198,488,0,12,1.0,1.0
199,488,0,12,1.0,1.0
200,488,0,12,1.0,1.0
1,499,1,0,1.0,1.0
2,499,1,0,1.0,1.0
3,499,1,0,1.0,1.0
4,499,1,0,1.0,1.0
5,498,2,0,0.999,0.9994979919678715
6,498,1,1,1.0,1.0
7,498,1,1,1.0,1.0
8,498,1,1,1.0,1.0
9,498,1,1,1.0,1.0
10,497,2,1,0.998,0.9989939637826962
11,497,2,1,0.998,0.9989939637826962
12,497,2,1,0.998,0.9989939637826962
13,497,2,1,0.998,0.9989939637826962
14,497,2,1,0.998,0.9989939637826962
15,497,2,1,0.998,0.9989939637826962
16,497,2,1,0.998,0.9989939637826962
17,497,2,1,0.998,0.9989939637826962
18,497,2,1,0.998,0.9989939637826962
19,497,2,1,0.998,0.9989939637826962
20,497,2,1,0.998,0.9989939637826962
21,497,2,1,0.998,0.9989939637826962
22,497,2,1,0.998,0.9989939637826962
23,497,2,1,0.998,0.9989939637826962
24,497,1,2,1.0,1.0
25,497,1,2,1.0,1.0
26,497,1,2,1.0,1.0
27,497,1,2,1.0,1.0
28,497,1,2,1.0,1.0
29,497,1,2,1.0,1.0
30,497,1,2,1.0,1.0
31,497,1,2,1.0,1.0
32,497,1,2,1.0,1.0
33,497,1,2,1.0,1.0
34,497,1,2,1.0,1.0
35,497,1,2,1.0,1.0
36,497,1,2,1.0,1.0
37,497,1,2,1.0,1.0
38,497,1,2,1.0,1.0
39,497,1,2,1.0,1.0
40,497,1,2,1.0,1.0
41,497,1,2,1.0,1.0
42,497,1,2,1.0,1.0
43,497,1,2,1.0,1.0
44,497,1,2,1.0,1.0
45,497,1,2,1.0,1.0
46,497,1,2,1.0,1.0
47,496,2,2,1.0,1.0
48,496,2,2,1.0,1.0
49,496,0,4,1.0,1.0
50,496,0,4,1.0,1.0
51,496,0,4,1.0,1.0
52,496,0,4,1.0,1.0
53,496,0,4,1.0,1.0
54,496,0,4,1.0,1.0
55,496,0,4,1.0,1.0
56,496,0,4,1.0,1.0
57,496,0,4,1.0,1.0
58,496,0,4,1.0,1.0
59,496,0,4,1.0,1.0
60,496,0,4,1.0,1.0
61,496,0,4,1.0,1.0
62,496,0,4,1.0,1.0
63,496,0,4,1.0,1.0
64,496,0,4,1.0,1.0
65,496,0,4,1.0,1.0
66,496,0,4,1.0,1.0
67,496,0,4,1.0,1.0
68,496,0,4,1.0,1.0
69,496,0,4,1.0,1.0
70,496,0,4,1.0,1.0
71,496,0,4,1.0,1.0
72,496,0,4,1.0,1.0
73,496,0,4,1.0,1.0
74,496,0,4,1.0,1.0
75,496,0,4,1.0,1.0
76,496,0,4,1.0,1.0
77,496,0,4,1.0,1.0
78,496,0,4,1.0,1.0
79,496,0,4,1.0,1.0
80,496,0,4,1.0,1.0
81,496,0,4,1.0,1.0
82,496,0,4,1.0,1.0
83,496,0,4,1.0,1.0
84,496,0,4,1.0,1.0
85,496,0,4,1.0,1.0
86,496,0,4,1.0,1.0
87,496,0,4,1.0,1.0
88,496,0,4,1.0,1.0
89,496,0,4,1.0,1.0
90,496,0,4,1.0,1.0
91,496,0,4,1.0,1.0
92,496,0,4,1.0,1.0
93,496,0,4,1.0,1.0
94,496,0,4,1.0,1.0
95,496,0,4,1.0,1.0
96,496,0,4,1.0,1.0
97,496,0,4,1.0,1.0
98,496,0,4,1.0,1.0
99,496,0,4,1.0,1.0
100,496,0,4,1.0,1.0
101,496,0,4,1.0,1.0
102,496,0,4,1.0,1.0
103,496,0,4,1.0,1.0
104,496,0,4,1.0,1.0
105,496,0,4,1.0,1.0
106,496,0,4,1.0,1.0
107,496,0,4,1.0,1.0
108,496,0,4,1.0,1.0
109,496,0,4,1.0,1.0
110,496,0,4,1.0,1.0
111,496,0,4,1.0,1.0
112,496,0,4,1.0,1.0
113,496,0,4,1.0,1.0
114,496,0,4,1.0,1.0
115,496,0,4,1.0,1.0
116,496,0,4,1.0,1.0
117,496,0,4,1.0,1.0
118,496,0,4,1.0,1.0
119,496,0,4,1.0,1.0
120,496,0,4,1.0,1.0
121,496,0,4,1.0,1.0
122,496,0,4,1.0,1.0
123,496,0,4,1.0,1.0
124,496,0,4,1.0,1.0
125,496,0,4,1.0,1.0
126,496,0,4,1.0,1.0
127,496,0,4,1.0,1.0
128,496,0,4,1.0,1.0
129,496,0,4,1.0,1.0
130,496,0,4,1.0,1.0
131,496,0,4,1.0,1.0
132,496,0,4,1.0,1.0
133,496,0,4,1.0,1.0
134,496,0,4,1.0,1.0
135,496,0,4,1.0,1.0
136,496,0,4,1.0,1.0
137,496,0,4,1.0,1.0
138,496,0,4,1.0,1.0
139,496,0,4,1.0,1.0
140,496,0,4,1.0,1.0
141,496,0,4,1.0,1.0
142,496,0,4,1.0,1.0
143,496,0,4,1.0,1.0
144,496,0,4,1.0,1.0
145,496,0,4,1.0,1.0
146,496,0,4,1.0,1.0
147,496,0,4,1.0,1.0
148,496,0,4,1.0,1.0
149,496,0,4,1.0,1.0
150,496,0,4,1.0,1.0
151,496,0,4,1.0,1.0
152,496,0,4,1.0,1.0
153,496,0,4,1.0,1.0
154,496,0,4,1.0,1.0
155,496,0,4,1.0,1.0
156,496,0,4,1.0,1.0
157,496,0,4,1.0,1.0
158,496,0,4,1.0,1.0
159,496,0,4,1.0,1.0
160,496,0,4,1.0,1.0
161,496,0,4,1.0,1.0
162,496,0,4,1.0,1.0
163,496,0,4,1.0,1.0
164,496,0,4,1.0,1.0
165,496,0,4,1.0,1.0
166,496,0,4,1.0,1.0
167,496,0,4,1.0,1.0
168,496,0,4,1.0,1.0
169,496,0,4,1.0,1.0
170,496,0,4,1.0,1.0
171,496,0,4,1.0,1.0
172,496,0,4,1.0,1.0
173,496,0,4,1.0,1.0
174,496,0,4,1.0,1.0
175,496,0,4,1.0,1.0
176,496,0,4,1.0,1.0
177,496,0,4,1.0,1.0
178,496,0,4,1.0,1.0
179,496,0,4,1.0,1.0
180,496,0,4,1.0,1.0
181,496,0,4,1.0,1.0
182,496,0,4,1.0,1.0
183,496,0,4,1.0,1.0
184,496,0,4,1.0,1.0
185,496,0,4,1.0,1.0
186,496,0,4,1.0,1.0
187,496,0,4,1.0,1.0
188,496,0,4,1.0,1.0
189,496,0,4,1.0,1.0
190,496,0,4,1.0,1.0
191,496,0,4,1.0,1.0
192,496,0,4,1.0,1.0
193,496,0,4,1.0,1.0
194,496,0,4,1.0,1.0
195,496,0,4,1.0,1.0
196,496,0,4,1.0,1.0
197,496,0,4,1.0,1.0
198,496,0,4,1.0,1.0
199,496,0,4,1.0,1.0
200,496,0,4,1.0,1.0
1,499,1,0,1.0,1.0
2,499,1,0,1.0,1.0
3,499,1,0,1.0,1.0
4,498,1,1,1.0,1.0
5,498,1,1,1.0,1.0
6,498,1,1,1.0,1.0
7,498,1,1,1.0,1.0
8,498,1,1,1.0,1.0
9,498,1,1,1.0,1.0
10,498,1,1,1.0,1.0
11,498,1,1,1.0,1.0
12,498,1,1,1.0,1.0
13,498,1,1,1.0,1.0
14,498,1,1,1.0,1.0
15,498,1,1,1.0,1.0
16,498,1,1,1.0,1.0
17,498,1,1,1.0,1.0
18,498,0,2,1.0,1.0
19,498,0,2,1.0,1.0
20,498,0,2,1.0,1.0
21,498,0,2,1.0,1.0
22,498,0,2,1.0,1.0
23,498,0,2,1.0,1.0
24,498,0,2,1.0,1.0
25,498,0,2,1.0,1.0
26,498,0,2,1.0,1.0
27,498,0,2,1.0,1.0
28,498,0,2,1.0,1.0
29,498,0,2,1.0,1.0
30,498,0,2,1.0,1.0
31,498,0,2,1.0,1.0
32,498,0,2,1.0,1.0
33,498,0,2,1.0,1.0
34,498,0,2,1.0,1.0
35,498,0,2,1.0,1.0
36,498,0,2,1.0,1.0
37,498,0,2,1.0,1.0
38,498,0,2,1.0,1.0
39,498,0,2,1.0,1.0
40,498,0,2,1.0,1.0
41,498,0,2,1.0,1.0
42,498,0,2,1.0,1.0
43,498,0,2,1.0,1.0
44,498,0,2,1.0,1.0
45,498,0,2,1.0,1.0
46,498,0,2,1.0,1.0
47,498,0,2,1.0,1.0
48,498,0,2,1.0,1.0
49,498,0,2,1.0,1.0
50,498,0,2,1.0,1.0
51,498,0,2,1.0,1.0
52,498,0,2,1.0,1.0
53,498,0,2,1.0,1.0
54,498,0,2,1.0,1.0
55,498,0,2,1.0,1.0
56,498,0,2,1.0,1.0
57,498,0,2,1.0,1.0
58,498,0,2,1.0,1.0
59,498,0,2,1.0,1.0
60,498,0,2,1.0,1.0
61,498,0,2,1.0,1.0
62,498,0,2,1.0,1.0
63,498,0,2,1.0,1.0
64,498,0,2,1.0,1.0
65,498,0,2,1.0,1.0
66,498,0,2,1.0,1.0
67,498,0,2,1.0,1.0
68,498,0,2,1.0,1.0
69,498,0,2,1.0,1.0
70,498,0,2,1.0,1.0
71,498,0,2,1.0,1.0
72,498,0,2,1.0,1.0
73,498,0,2,1.0,1.0
74,498,0,2,1.0,1.0
75,498,0,2,1.0,1.0
76,498,0,2,1.0,1.0
77,498,0,2,1.0,1.0
78,498,0,2,1.0,1.0
79,498,0,2,1.0,1.0
80,498,0,2,1.0,1.0
81,498,0,2,1.0,1.0
82,498,0,2,1.0,1.0
83,498,0,2,1.0,1.0
84,498,0,2,1.0,1.0
85,498,0,2,1.0,1.0
86,498,0,2,1.0,1.0
87,498,0,2,1.0,1.0
88,498,0,2,1.0,1.0
89,498,0,2,1.0,1.0
90,498,0,2,1.0,1.0
91,498,0,2,1.0,1.0
92,498,0,2,1.0,1.0
93,498,0,2,1.0,1.0
94,498,0,2,1.0,1.0
95,498,0,2,1.0,1.0
96,498,0,2,1.0,1.0
97,498,0,2,1.0,1.0
98,498,0,2,1.0,1.0
99,498,0,2,1.0,1.0
100,498,0,2,1.0,1.0
101,498,0,2,1.0,1.0
102,498,0,2,1.0,1.0
103,498,0,2,1.0,1.0
104,498,0,2,1.0,1.0
105,498,0,2,1.0,1.0
106,498,0,2,1.0,1.0
107,498,0,2,1.0,1.0
108,498,0,2,1.0,1.0
109,498,0,2,1.0,1.0
110,498,0,2,1.0,1.0
111,498,0,2,1.0,1.0
112,498,0,2,1.0,1.0
113,498,0,2,1.0,1.0
114,498,0,2,1.0,1.0
115,498,0,2,1.0,1.0
116,498,0,2,1.0,1.0
117,498,0,2,1.0,1.0
118,498,0,2,1.0,1.0
119,498,0,2,1.0,1.0
120,498,0,2,1.0,1.0
121,498,0,2,1.0,1.0
122,498,0,2,1.0,1.0
123,498,0,2,1.0,1.0
124,498,0,2,1.0,1.0
125,498,0,2,1.0,1.0
126,498,0,2,1.0,1.0
127,498,0,2,1.0,1.0
128,498,0,2,1.0,1.0
129,498,0,2,1.0,1.0
130,498,0,2,1.0,1.0
131,498,0,2,1.0,1.0
132,498,0,2,1.0,1.0
133,498,0,2,1.0,1.0
134,498,0,2,1.0,1.0
135,498,0,2,1.0,1.0
136,498,0,2,1.0,1.0
137,498,0,2,1.0,1.0
138,498,0,2,1.0,1.0
139,498,0,2,1.0,1.0
140,498,0,2,1.0,1.0
141,498,0,2,1.0,1.0
142,498,0,2,1.0,1.0
143,498,0,2,1.0,1.0
144,498,0,2,1.0,1.0
145,498,0,2,1.0,1.0
146,498,0,2,1.0,1.0
147,498,0,2,1.0,1.0
148,498,0,2,1.0,1.0
149,498,0,2,1.0,1.0
150,498,0,2,1.0,1.0
151,498,0,2,1.0,1.0
152,498,0,2,1.0,1.0
153,498,0,2,1.0,1.0
154,498,0,2,1.0,1.0
155,498,0,2,1.0,1.0
156,498,0,2,1.0,1.0
157,498,0,2,1.0,1.0
158,498,0,2,1.0,1.0
159,498,0,2,1.0,1.0
160,498,0,2,1.0,1.0
161,498,0,2,1.0,1.0
162,498,0,2,1.0,1.0
163,498,0,2,1.0,1.0
164,498,0,2,1.0,1.0
165,498,0,2,1.0,1.0
166,498,0,2,1.0,1.0
167,498,0,2,1.0,1.0
168,498,0,2,1.0,1.0
169,498,0,2,1.0,1.0
170,498,0,2,1.0,1.0
171,498,0,2,1.0,1.0
172,498,0,2,1.0,1.0
173,498,0,2,1.0,1.0
174,498,0,2,1.0,1.0
175,498,0,2,1.0,1.0
176,498,0,2,1.0,1.0
177,498,0,2,1.0,1.0
178,498,0,2,1.0,1.0
179,498,0,2,1.0,1.0
180,498,0,2,1.0,1.0
181,498,0,2,1.0,1.0
182,498,0,2,1.0,1.0
183,498,0,2,1.0,1.0
184,498,0,2,1.0,1.0
185,498,0,2,1.0,1.0
186,498,0,2,1.0,1.0
187,498,0,2,1.0,1.0
188,498,0,2,1.0,1.0
189,498,0,2,1.0,1.0
190,498,0,2,1.0,1.0
191,498,0,2,1.0,1.0
192,498,0,2,1.0,1.0
193,498,0,2,1.0,1.0
194,498,0,2,1.0,1.0
195,498,0,2,1.0,1.0
196,498,0,2,1.0,1.0
197,498,0,2,1.0,1.0
198,498,0,2,1.0,1.0
199,498,0,2,1.0,1.0
200,498,0,2,1.0,1.0
1,499,0,1,1.0,1.0
2,499,0,1,1.0,1.0
3,499,0,1,1.0,1.0
4,499,0,1,1.0,1.0
5,499,0,1,1.0,1.0
6,499,0,1,1.0,1.0
7,499,0,1,1.0,1.0
8,499,0,1,1.0,1.0
9,499,0,1,1.0,1.0
10,499,0,1,1.0,1.0
11,499,0,1,1.0,1.0
12,499,0,1,1.0,1.0
13,499,0,1,1.0,1.0
14,499,0,1,1.0,1.0
15,499,0,1,1.0,1.0
16,499,0,1,1.0,1.0
17,499,0,1,1.0,1.0
18,499,0,1,1.0,1.0
19,499,0,1,1.0,1.0
20,499,0,1,1.0,1.0
21,499,0,1,1.0,1.0
22,499,0,1,1.0,1.0
23,499,0,1,1.0,1.0
24,499,0,1,1.0,1.0
25,499,0,1,1.0,1.0
26,499,0,1,1.0,1.0
27,499,0,1,1.0,1.0
28,499,0,1,1.0,1.0
29,499,0,1,1.0,1.0
30,499,0,1,1.0,1.0
31,499,0,1,1.0,1.0
32,499,0,1,1.0,1.0
33,499,0,1,1.0,1.0
34,499,0,1,1.0,1.0
35,499,0,1,1.0,1.0
36,499,0,1,1.0,1.0
37,499,0,1,1.0,1.0
38,499,0,1,1.0,1.0
39,499,0,1,1.0,1.0
40,499,0,1,1.0,1.0
41,499,0,1,1.0,1.0
42,499,0,1,1.0,1.0
43,499,0,1,1.0,1.0
44,499,0,1,1.0,1.0
45,499,0,1,1.0,1.0
46,499,0,1,1.0,1.0
47,499,0,1,1.0,1.0
48,499,0,1,1.0,1.0
49,499,0,1,1.0,1.0
50,499,0,1,1.0,1.0
51,499,0,1,1.0,1.0
52,499,0,1,1.0,1.0
53,499,0,1,1.0,1.0
54,499,0,1,1.0,1.0
55,499,0,1,1.0,1.0
56,499,0,1,1.0,1.0
57,499,0,1,1.0,1.0
58,499,0,1,1.0,1.0
59,499,0,1,1.0,1.0
60,499,0,1,1.0,1.0
61,499,0,1,1.0,1.0
62,499,0,1,1.0,1.0
63,499,0,1,1.0,1.0
64,499,0,1,1.0,1.0
65,499,0,1,1.0,1.0
66,499,0,1,1.0,1.0
67,499,0,1,1.0,1.0
68,499,0,1,1.0,1.0
69,499,0,1,1.0,1.0
70,499,0,1,1.0,1.0
71,499,0,1,1.0,1.0
72,499,0,1,1.0,1.0
73,499,0,1,1.0,1.0
74,499,0,1,1.0,1.0
75,499,0,1,1.0,1.0
76,499,0,1,1.0,1.0
77,499,0,1,1.0,1.0
78,499,0,1,1.0,1.0
79,499,0,1,1.0,1.0
80,499,0,1,1.0,1.0
81,499,0,1,1.0,1.0
82,499,0,1,1.0,1.0
83,499,0,1,1.0,1.0
84,499,0,1,1.0,1.0
85,499,0,1,1.0,1.0
86,499,0,1,1.0,1.0
87,499,0,1,1.0,1.0
88,499,0,1,1.0,1.0
89,499,0,1,1.0,1.0
90,499,0,1,1.0,1.0
91,499,0,1,1.0,1.0
92,499,0,1,1.0,1.0
93,499,0,1,1.0,1.0
94,499,0,1,1.0,1.0
95,499,0,1,1.0,1.0
96,499,0,1,1.0,1.0
97,499,0,1,1.0,1.0
98,499,0,1,1.0,1.0
99,499,0,1,1.0,1.0
100,499,0,1,1.0,1.0
101,499,0,1,1.0,1.0
102,499,0,1,1.0,1.0
103,499,0,1,1.0,1.0
104,499,0,1,1.0,1.0
105,499,0,1,1.0,1.0
106,499,0,1,1.0,1.0
107,499,0,1,1.0,1.0
108,499,0,1,1.0,1.0
109,499,0,1,1.0,1.0
110,499,0,1,1.0,1.0
111,499,0,1,1.0,1.0
112,499,0,1,1.0,1.0
113,499,0,1,1.0,1.0
114,499,0,1,1.0,1.0
115,499,0,1,1.0,1.0
116,499,0,1,1.0,1.0
117,499,0,1,1.0,1.0
118,499,0,1,1.0,1.0
119,499,0,1,1.0,1.0
120,499,0,1,1.0,1.0
121,499,0,1,1.0,1.0
122,499,0,1,1.0,1.0
123,499,0,1,1.0,1.0
124,499,0,1,1.0,1.0
125,499,0,1,1.0,1.0
126,499,0,1,1.0,1.0
127,499,0,1,1.0,1.0
128,499,0,1,1.0,1.0
129,499,0,1,1.0,1.0
130,499,0,1,1.0,1.0
131,499,0,1,1.0,1.0
132,499,0,1,1.0,1.0
133,499,0,1,1.0,1.0
134,499,0,1,1.0,1.0
135,499,0,1,1.0,1.0
136,499,0,1,1.0,1.0
137,499,0,1,1.0,1.0
138,499,0,1,1.0,1.0
139,499,0,1,1.0,1.0
140,499,0,1,1.0,1.0
141,499,0,1,1.0,1.0
142,499,0,1,1.0,1.0
143,499,0,1,1.0,1.0
144,499,0,1,1.0,1.0
145,499,0,1,1.0,1.0
146,499,0,1,1.0,1.0
147,499,0,1,1.0,1.0
148,499,0,1,1.0,1.0
149,499,0,1,1.0,1.0
150,499,0,1,1.0,1.0
151,499,0,1,1.0,1.0
152,499,0,1,1.0,1.0
153,499,0,1,1.0,1.0
154,499,0,1,1.0,1.0
155,499,0,1,1.0,1.0
156,499,0,1,1.0,1.0
157,499,0,1,1.0,1.0
158,499,0,1,1.0,1.0
159,499,0,1,1.0,1.0
160,499,0,1,1.0,1.0
161,499,0,1,1.0,1.0
162,499,0,1,1.0,1.0
163,499,0,1,1.0,1.0
164,499,0,1,1.0,1.0
165,499,0,1,1.0,1.0
166,499,0,1,1.0,1.0
167,499,0,1,1.0,1.0
168,499,0,1,1.0,1.0
169,499,0,1,1.0,1.0
170,499,0,1,1.0,1.0
171,499,0,1,1.0,1.0
172,499,0,1,1.0,1.0
173,499,0,1,1.0,1.0
174,499,0,1,1.0,1.0
175,499,0,1,1.0,1.0
176,499,0,1,1.0,1.0
177,499,0,1,1.0,1.0
178,499,0,1,1.0,1.0
179,499,0,1,1.0,1.0
180,499,0,1,1.0,1.0
181,499,0,1,1.0,1.0
182,499,0,1,1.0,1.0
183,499,0,1,1.0,1.0
184,499,0,1,1.0,1.0
185,499,0,1,1.0,1.0
186,499,0,1,1.0,1.0
187,499,0,1,1.0,1.0
188,499,0,1,1.0,1.0
189,499,0,1,1.0,1.0
190,499,0,1,1.0,1.0
191,499,0,1,1.0,1.0
192,499,0,1,1.0,1.0
193,499,0,1,1.0,1.0
194,499,0,1,1.0,1.0
195,499,0,1,1.0,1.0
196,499,0,1,1.0,1.0
197,499,0,1,1.0,1.0
198,499,0,1,1.0,1.0
199,499,0,1,1.0,1.0
200,499,0,1,1.0,1.0
1,499,0,1,1.0,1.0
2,499,0,1,1.0,1.0
3,499,0,1,1.0,1.0
4,499,0,1,1.0,1.0
5,499,0,1,1.0,1.0
6,499,0,1,1.0,1.0
7,499,0,1,1.0,1.0
8,499,0,1,1.0,1.0
9,499,0,1,1.0,1.0
10,499,0,1,1.0,1.0
11,499,0,1,1.0,1.0
12,499,0,1,1.0,1.0
13,499,0,1,1.0,1.0
14,499,0,1,1.0,1.0
15,499,0,1,1.0,1.0
16,499,0,1,1.0,1.0
17,499,0,1,1.0,1.0
18,499,0,1,1.0,1.0
19,499,0,1,1.0,1.0
20,499,0,1,1.0,1.0
21,499,0,1,1.0,1.0
22,499,0,1,1.0,1.0
23,499,0,1,1.0,1.0
24,499,0,1,1.0,1.0
25,499,0,1,1.0,1.0
26,499,0,1,1.0,1.0
27,499,0,1,1.0,1.0
28,499,0,1,1.0,1.0
29,499,0,1,1.0,1.0
30,499,0,1,1.0,1.0
31,499,0,1,1.0,1.0
32,499,0,1,1.0,1.0
33,499,0,1,1.0,1.0
34,499,0,1,1.0,1.0
35,499,0,1,1.0,1.0
36,499,0,1,1.0,1.0
37,499,0,1,1.0,1.0
38,499,0,1,1.0,1.0
39,499,0,1,1.0,1.0
40,499,0,1,1.0,1.0
41,499,0,1,1.0,1.0
42,499,0,1,1.0,1.0
43,499,0,1,1.0,1.0
44,499,0,1,1.0,1.0
45,499,0,1,1.0,1.0
46,499,0,1,1.0,1.0
47,499,0,1,1.0,1.0
48,499,0,1,1.0,1.0
49,499,0,1,1.0,1.0
50,499,0,1,1.0,1.0
51,499,0,1,1.0,1.0
52,499,0,1,1.0,1.0
53,499,0,1,1.0,1.0
54,499,0,1,1.0,1.0
55,499,0,1,1.0,1.0
56,499,0,1,1.0,1.0
57,499,0,1,1.0,1.0
58,499,0,1,1.0,1.0
59,499,0,1,1.0,1.0
60,499,0,1,1.0,1.0
61,499,0,1,1.0,1.0
62,499,0,1,1.0,1.0
63,499,0,1,1.0,1.0
64,499,0,1,1.0,1.0
65,499,0,1,1.0,1.0
66,499,0,1,1.0,1.0
67,499,0,1,1.0,1.0
68,499,0,1,1.0,1.0
69,499,0,1,1.0,1.0
70,499,0,1,1.0,1.0
71,499,0,1,1.0,1.0
72,499,0,1,1.0,1.0
73,499,0,1,1.0,1.0
74,499,0,1,1.0,1.0
75,499,0,1,1.0,1.0
76,499,0,1,1.0,1.0
77,499,0,1,1.0,1.0
78,499,0,1,1.0,1.0
79,499,0,1,1.0,1.0
80,499,0,1,1.0,1.0
81,499,0,1,1.0,1.0
82,499,0,1,1.0,1.0
83,499,0,1,1.0,1.0
84,499,0,1,1.0,1.0
85,499,0,1,1.0,1.0
86,499,0,1,1.0,1.0
87,499,0,1,1.0,1.0
88,499,0,1,1.0,1.0
89,499,0,1,1.0,1.0
90,499,0,1,1.0,1.0
91,499,0,1,1.0,1.0
92,499,0,1,1.0,1.0
93,499,0,1,1.0,1.0
94,499,0,1,1.0,1.0
95,499,0,1,1.0,1.0
96,499,0,1,1.0,1.0
97,499,0,1,1.0,1.0
98,499,0,1,1.0,1.0
99,499,0,1,1.0,1.0
100,499,0,1,1.0,1.0
101,499,0,1,1.0,1.0
102,499,0,1,1.0,1.0
103,499,0,1,1.0,1.0
104,499,0,1,1.0,1.0
105,499,0,1,1.0,1.0
106,499,0,1,1.0,1.0
107,499,0,1,1.0,1.0
108,499,0,1,1.0,1.0
109,499,0,1,1.0,1.0
110,499,0,1,1.0,1.0
111,499,0,1,1.0,1.0
112,499,0,1,1.0,1.0
113,499,0,1,1.0,1.0
114,499,0,1,1.0,1.0
115,499,0,1,1.0,1.0
116,499,0,1,1.0,1.0
117,499,0,1,1.0,1.0
118,499,0,1,1.0,1.0
119,499,0,1,1.0,1.0
120,499,0,1,1.0,1.0
121,499,0,1,1.0,1.0
122,499,0,1,1.0,1.0
123,499,0,1,1.0,1.0
124,499,0,1,1.0,1.0
125,499,0,1,1.0,1.0
126,499,0,1,1.0,1.0
127,499,0,1,1.0,1.0
128,499,0,1,1.0,1.0
129,499,0,1,1.0,1.0
130,499,0,1,1.0,1.0
131,499,0,1,1.0,1.0
132,499,0,1,1.0,1.0
133,499,0,1,1.0,1.0
134,499,0,1,1.0,1.0
135,499,0,1,1.0,1.0
136,499,0,1,1.0,1.0
137,499,0,1,1.0,1.0
138,499,0,1,1.0,1.0
139,499,0,1,1.0,1.0
140,499,0,1,1.0,1.0
141,499,0,1,1.0,1.0
142,499,0,1,1.0,1.0
143,499,0,1,1.0,1.0
144,499,0,1,1.0,1.0
145,499,0,1,1.0,1.0
146,499,0,1,1.0,1.0
147,499,0,1,1.0,1.0
148,499,0,1,1.0,1.0
149,499,0,1,1.0,1.0
150,499,0,1,1.0,1.0
151,499,0,1,1.0,1.0
152,499,0,1,1.0,1.0
153,499,0,1,1.0,1.0
154,499,0,1,1.0,1.0
155,499,0,1,1.0,1.0
156,499,0,1,1.0,1.0
157,499,0,1,1.0,1.0
158,499,0,1,1.0,1.0
159,499,0,1,1.0,1.0
160,499,0,1,1.0,1.0
161,499,0,1,1.0,1.0
162,499,0,1,1.0,1.0
163,499,0,1,1.0,1.0
164,499,0,1,1.0,1.0
165,499,0,1,1.0,1.0
166,499,0,1,1.0,1.0
167,499,0,1,1.0,1.0
168,499,0,1,1.0,1.0
169,499,0,1,1.0,1.0
170,499,0,1,1.0,1.0
171,499,0,1,1.0,1.0
172,499,0,1,1.0,1.0
173,499,0,1,1.0,1.0
174,499,0,1,1.0,1.0
175,499,0,1,1.0,1.0
176,499,0,1,1.0,1.0
177,499,0,1,1.0,1.0
178,499,0,1,1.0,1.0
179,499,0,1,1.0,1.0
180,499,0,1,1.0,1.0
181,499,0,1,1.0,1.0
182,499,0,1,1.0,1.0
183,499,0,1,1.0,1.0
184,499,0,1,1.0,1.0
185,499,0,1,1.0,1.0
186,499,0,1,1.0,1.0
187,499,0,1,1.0,1.0
188,499,0,1,1.0,1.0
189,499,0,1,1.0,1.0
190,499,0,1,1.0,1.0
191,499,0,1,1.0,1.0
192,499,0,1,1.0,1.0
193,499,0,1,1.0,1.0
194,499,0,1,1.0,1.0
195,499,0,1,1.0,1.0
196,499,0,1,1.0,1.0
197,499,0,1,1.0,1.0
198,499,0,1,1.0,1.0
199,499,0,1,1.0,1.0
200,499,0,1,1.0,1.0
1,499,1,0,1.0,1.0
2,499,1,0,1.0,1.0
3,499,1,0,1.0,1.0
4,499,1,0,1.0,1.0
5,499,1,0,1.0,1.0
6,498,2,0,1.0,1.0
7,498,2,0,1.0,1.0
8,498,2,0,1.0,1.0
9,497,3,0,0.999,0.9994969818913481
10,496,4,0,0.997,0.9984879032258065
11,496,4,0,0.997,0.9984879032258065
12,496,4,0,0.997,0.9984879032258065
13,496,4,0,0.997,0.9984879032258065
14,496,4,0,0.997,0.9984879032258065
15,496,4,0,0.997,0.9984879032258065
16,495,5,0,0.997,0.9984848484848485
17,495,4,1,0.998,0.998989898989899
18,495,4,1,0.998,0.998989898989899
19,494,5,1,0.997,0.9983130904183535
20,494,5,1,0.997,0.9983130904183535
21,494,5,1,0.997,0.9983130904183535
22,493,6,1,0.995,0.9971264367816092
23,493,6,1,0.995,0.9971264367816092
24,493,6,1,0.995,0.9971264367816092
25,493,5,2,0.996,0.9978025693035835
26,493,5,2,0.996,0.9978025693035835
27,493,5,2,0.996,0.9978025693035835
28,492,5,3,0.998,0.9989837398373984
29,492,5,3,0.998,0.9989837398373984
30,492,5,3,0.998,0.9989837398373984
31,492,5,3,0.998,0.9989837398373984
32,492,5,3,0.998,0.9989837398373984
33,492,5,3,0.998,0.9989837398373984
34,492,5,3,0.998,0.9989837398373984
35,492,5,3,0.998,0.9989837398373984
36,492,5,3,0.998,0.9989837398373984
37,492,5,3,0.998,0.9989837398373984
38,492,5,3,0.998,0.9989837398373984
39,492,5,3,0.998,0.9989837398373984
40,492,4,4,1.0,1.0
41,492,4,4,1.0,1.0
42,492,4,4,1.0,1.0
43,492,4,4,1.0,1.0
44,492,4,4,1.0,1.0
45,492,3,5,1.0,1.0
46,492,3,5,1.0,1.0
47,491,4,5,0.999,0.9994908350305499
48,491,4,5,0.999,0.9994908350305499
49,491,4,5,0.999,0.9994908350305499
50,491,4,5,0.999,0.9994908350305499
51,491,4,5,0.999,0.9994908350305499
52,491,4,5,0.999,0.9994908350305499
53,490,5,5,0.999,0.9994897959183674
54,489,6,5,0.999,0.9994887525562373
55,487,8,5,0.998,0.9989733059548255
56,486,9,5,0.997,0.9984567901234568
57,485,9,6,0.997,0.9984536082474227
58,483,11,6,0.995,0.9976190476190476
59,482,12,6,0.995,0.9976141078838174
60,482,10,8,0.996,0.9980290456431535
61,482,10,8,0.996,0.9980290456431535
62,481,11,8,0.995,0.9975051975051975
63,480,12,8,0.995,0.9973958333333334
64,480,11,9,0.996,0.9979166666666667
65,479,12,9,0.995,0.9973903966597077
66,479,12,9,0.995,0.9973903966597077
67,479,12,9,0.995,0.9973903966597077
68,479,11,10,0.996,0.9979123173277662
69,479,11,10,0.996,0.9979123173277662
70,479,11,10,0.996,0.9979123173277662
71,479,11,10,0.996,0.9979123173277662
72,479,11,10,0.996,0.9979123173277662
73,479,9,12,0.997,0.9984342379958246
74,477,11,12,0.996,0.9979035639412998
75,477,11,12,0.996,0.9979035639412998
76,476,10,14,0.996,0.9978991596638656
77,476,10,14,0.996,0.9978991596638656
78,476,10,14,0.996,0.9978991596638656
79,475,11,14,0.995,0.9973684210526316
80,475,11,14,0.995,0.9973684210526316
81,475,11,14,0.995,0.9973684210526316
82,475,10,15,0.996,0.9978947368421053
83,474,11,15,0.996,0.9978902953586498
84,474,11,15,0.996,0.9978902953586498
85,474,11,15,0.996,0.9978902953586498
86,474,10,16,0.996,0.9978902953586498
87,474,10,16,0.996,0.9978902953586498
88,474,8,18,0.996,0.9978902953586498
89,473,9,18,0.995,0.9971811134601832
90,473,9,18,0.995,0.9971811134601832
91,473,9,18,0.995,0.9971811134601832
92,473,9,18,0.995,0.9971811134601832
93,472,9,19,0.996,0.997704802259887
94,472,8,20,0.996,0.997704802259887
95,471,9,20,0.994,0.9964614295824488
96,470,10,20,0.996,0.997517730496454
97,469,11,20,0.996,0.9975124378109453
98,469,10,21,0.996,0.9975124378109453
99,469,10,21,0.996,0.9975124378109453
100,469,10,21,0.996,0.9975124378109453
101,469,9,22,0.996,0.9975124378109453
102,469,9,22,0.996,0.9975124378109453
103,468,10,22,0.998,0.9989316239316239
104,468,10,22,0.998,0.9989316239316239
105,468,10,22,0.998,0.9989316239316239
106,468,10,22,0.998,0.9989316239316239
107,468,10,22,0.998,0.9989316239316239
108,468,10,22,0.998,0.9989316239316239
109,468,10,22,0.998,0.9989316239316239
110,468,10,22,0.998,0.9989316239316239
111,468,10,22,0.998,0.9989316239316239
112,468,10,22,0.998,0.9989316239316239
113,468,10,22,0.998,0.9989316239316239
114,468,10,22,0.998,0.9989316239316239
115,468,10,22,0.998,0.9989316239316239
116,468,9,23,0.998,0.9989316239316239
117,467,9,24,0.999,0.9994646680942184
118,467,8,25,1.0,1.0
119,467,8,25,1.0,1.0
120,467,7,26,1.0,1.0
121,467,7,26,1.0,1.0
122,467,6,27,1.0,1.0
123,467,5,28,1.0,1.0
124,467,5,28,1.0,1.0
125,467,5,28,1.0,1.0
126,467,5,28,1.0,1.0
127,467,5,28,1.0,1.0
128,467,5,28,1.0,1.0
129,467,4,29,1.0,1.0
130,467,4,29,1.0,1.0
131,467,4,29,1.0,1.0
132,467,4,29,1.0,1.0
133,467,4,29,1.0,1.0
134,467,4,29,1.0,1.0
135,467,4,29,1.0,1.0
136,467,4,29,1.0,1.0
137,467,4,29,1.0,1.0
138,467,4,29,1.0,1.0
139,467,4,29,1.0,1.0
140,467,4,29,1.0,1.0
141,467,4,29,1.0,1.0
142,467,4,29,1.0,1.0
143,467,4,29,1.0,1.0
144,467,4,29,1.0,1.0
145,467,4,29,1.0,1.0
146,467,4,29,1.0,1.0
147,467,3,30,1.0,1.0
148,467,3,30,1.0,1.0
149,467,3,30,1.0,1.0
150,467,3,30,1.0,1.0
151,467,3,30,1.0,1.0
152,467,2,31,1.0,1.0
153,467,2,31,1.0,1.0
154,467,2,31,1.0,1.0
155,467,2,31,1.0,1.0
156,467,2,31,1.0,1.0
157,467,2,31,1.0,1.0
158,467,2,31,1.0,1.0
159,467,1,32,1.0,1.0
160,467,1,32,1.0,1.0
161,467,1,32,1.0,1.0
162,467,1,32,1.0,1.0
163,467,1,32,1.0,1.0
164,467,1,32,1.0,1.0
165,467,1,32,1.0,1.0
166,467,1,32,1.0,1.0
167,467,1,32,1.0,1.0
168,467,1,32,1.0,1.0
169,467,1,32,1.0,1.0
170,467,1,32,1.0,1.0
171,467,1,32,1.0,1.0
172,467,1,32,1.0,1.0
173,467,1,32,1.0,1.0
174,467,1,32,1.0,1.0
175,467,1,32,1.0,1.0
176,467,1,32,1.0,1.0
177,467,1,32,1.0,1.0
178,467,1,32,1.0,1.0
179,467,1,32,1.0,1.0
180,467,1,32,1.0,1.0
181,467,1,32,1.0,1.0
182,467,0,33,1.0,1.0
183,467,0,33,1.0,1.0
184,467,0,33,1.0,1.0
185,467,0,33,1.0,1.0
186,467,0,33,1.0,1.0
187,467,0,33,1.0,1.0
188,467,0,33,1.0,1.0
189,467,0,33,1.0,1.0
190,467,0,33,1.0,1.0
191,467,0,33,1.0,1.0
192,467,0,33,1.0,1.0
193,467,0,33,1.0,1.0
194,467,0,33,1.0,1.0
195,467,0,33,1.0,1.0
196,467,0,33,1.0,1.0
197,467,0,33,1.0,1.0
198,467,0,33,1.0,1.0
199,467,0,33,1.0,1.0
200,467,0,33,1.0,1.0
1,499,1,0,1.0,1.0
2,499,1,0,1.0,1.0
3,499,1,0,1.0,1.0
4,499,0,1,1.0,1.0
5,499,0,1,1.0,1.0
6,499,0,1,1.0,1.0
7,499,0,1,1.0,1.0
8,499,0,1,1.0,1.0
9,499,0,1,1.0,1.0
10,499,0,1,1.0,1.0
11,499,0,1,1.0,1.0
12,499,0,1,1.0,1.0
13,499,0,1,1.0,1.0
14,499,0,1,1.0,1.0
15,499,0,1,1.0,1.0
16,499,0,1,1.0,1.0
17,499,0,1,1.0,1.0
18,499,0,1,1.0,1.0
19,499,0,1,1.0,1.0
20,499,0,1,1.0,1.0
21,499,0,1,1.0,1.0
22,499,0,1,1.0,1.0
23,499,0,1,1.0,1.0
24,499,0,1,1.0,1.0
25,499,0,1,1.0,1.0
26,499,0,1,1.0,1.0
27,499,0,1,1.0,1.0
28,499,0,1,1.0,1.0
29,499,0,1,1.0,1.0
30,499,0,1,1.0,1.0
31,499,0,1,1.0,1.0
32,499,0,1,1.0,1.0
33,499,0,1,1.0,1.0
34,499,0,1,1.0,1.0
35,499,0,1,1.0,1.0
36,499,0,1,1.0,1.0
37,499,0,1,1.0,1.0
38,499,0,1,1.0,1.0
39,499,0,1,1.0,1.0
40,499,0,1,1.0,1.0
41,499,0,1,1.0,1.0
42,499,0,1,1.0,1.0
43,499,0,1,1.0,1.0
44,499,0,1,1.0,1.0
45,499,0,1,1.0,1.0
46,499,0,1,1.0,1.0
47,499,0,1,1.0,1.0
48,499,0,1,1.0,1.0
49,499,0,1,1.0,1.0
50,499,0,1,1.0,1.0
51,499,0,1,1.0,1.0
52,499,0,1,1.0,1.0
53,499,0,1,1.0,1.0
54,499,0,1,1.0,1.0
55,499,0,1,1.0,1.0
56,499,0,1,1.0,1.0
57,499,0,1,1.0,1.0
58,499,0,1,1.0,1.0
59,499,0,1,1.0,1.0
60,499,0,1,1.0,1.0
61,499,0,1,1.0,1.0
62,499,0,1,1.0,1.0
63,499,0,1,1.0,1.0
64,499,0,1,1.0,1.0
65,499,0,1,1.0,1.0
66,499,0,1,1.0,1.0
67,499,0,1,1.0,1.0
68,499,0,1,1.0,1.0
69,499,0,1,1.0,1.0
70,499,0,1,1.0,1.0
71,499,0,1,1.0,1.0
72,499,0,1,1.0,1.0
73,499,0,1,1.0,1.0
74,499,0,1,1.0,1.0
75,499,0,1,1.0,1.0
76,499,0,1,1.0,1.0
77,499,0,1,1.0,1.0
78,499,0,1,1.0,1.0
79,499,0,1,1.0,1.0
80,499,0,1,1.0,1.0
81,499,0,1,1.0,1.0
82,499,0,1,1.0,1.0
83,499,0,1,1.0,1.0
84,499,0,1,1.0,1.0
85,499,0,1,1.0,1.0
86,499,0,1,1.0,1.0
87,499,0,1,1.0,1.0
88,499,0,1,1.0,1.0
89,499,0,1,1.0,1.0
90,499,0,1,1.0,1.0
91,499,0,1,1.0,1.0
92,499,0,1,1.0,1.0
93,499,0,1,1.0,1.0
94,499,0,1,1.0,1.0
95,499,0,1,1.0,1.0
96,499,0,1,1.0,1.0
97,499,0,1,1.0,1.0
98,499,0,1,1.0,1.0
99,499,0,1,1.0,1.0
100,499,0,1,1.0,1.0
101,499,0,1,1.0,1.0
102,499,0,1,1.0,1.0
103,499,0,1,1.0,1.0
104,499,0,1,1.0,1.0
105,499,0,1,1.0,1.0
106,499,0,1,1.0,1.0
107,499,0,1,1.0,1.0
108,499,0,1,1.0,1.0
109,499,0,1,1.0,1.0
110,499,0,1,1.0,1.0
111,499,0,1,1.0,1.0
112,499,0,1,1.0,1.0
113,499,0,1,1.0,1.0
114,499,0,1,1.0,1.0
115,499,0,1,1.0,1.0
116,499,0,1,1.0,1.0
117,499,0,1,1.0,1.0
118,499,0,1,1.0,1.0
119,499,0,1,1.0,1.0
120,499,0,1,1.0,1.0
121,499,0,1,1.0,1.0
122,499,0,1,1.0,1.0
123,499,0,1,1.0,1.0
124,499,0,1,1.0,1.0
125,499,0,1,1.0,1.0
126,499,0,1,1.0,1.0
127,499,0,1,1.0,1.0
128,499,0,1,1.0,1.0
129,499,0,1,1.0,1.0
130,499,0,1,1.0,1.0
131,499,0,1,1.0,1.0
132,499,0,1,1.0,1.0
133,499,0,1,1.0,1.0
134,499,0,1,1.0,1.0
135,499,0,1,1.0,1.0
136,499,0,1,1.0,1.0
137,499,0,1,1.0,1.0
138,499,0,1,1.0,1.0
139,499,0,1,1.0,1.0
140,499,0,1,1.0,1.0
141,499,0,1,1.0,1.0
142,499,0,1,1.0,1.0
143,499,0,1,1.0,1.0
144,499,0,1,1.0,1.0
145,499,0,1,1.0,1.0
146,499,0,1,1.0,1.0
147,499,0,1,1.0,1.0
148,499,0,1,1.0,1.0
149,499,0,1,1.0,1.0
150,499,0,1,1.0,1.0
151,499,0,1,1.0,1.0
152,499,0,1,1.0,1.0
153,499,0,1,1.0,1.0
154,499,0,1,1.0,1.0
155,499,0,1,1.0,1.0
156,499,0,1,1.0,1.0
157,499,0,1,1.0,1.0
158,499,0,1,1.0,1.0
159,499,0,1,1.0,1.0
160,499,0,1,1.0,1.0
161,499,0,1,1.0,1.0
162,499,0,1,1.0,1.0
163,499,0,1,1.0,1.0
164,499,0,1,1.0,1.0
165,499,0,1,1.0,1.0
166,499,0,1,1.0,1.0
167,499,0,1,1.0,1.0
168,499,0,1,1.0,1.0
169,499,0,1,1.0,1.0
170,499,0,1,1.0,1.0
171,499,0,1,1.0,1.0
172,499,0,1,1.0,1.0
173,499,0,1,1.0,1.0
174,499,0,1,1.0,1.0
175,499,0,1,1.0,1.0
176,499,0,1,1.0,1.0
177,499,0,1,1.0,1.0
178,499,0,1,1.0,1.0
179,499,0,1,1.0,1.0
180,499,0,1,1.0,1.0
181,499,0,1,1.0,1.0
182,499,0,1,1.0,1.0
183,499,0,1,1.0,1.0
184,499,0,1,1.0,1.0
185,499,0,1,1.0,1.0
186,499,0,1,1.0,1.0
187,499,0,1,1.0,1.0
188,499,0,1,1.0,1.0
189,499,0,1,1.0,1.0
190,499,0,1,1.0,1.0
191,499,0,1,1.0,1.0
192,499,0,1,1.0,1.0
193,499,0,1,1.0,1.0
194,499,0,1,1.0,1.0
195,499,0,1,1.0,1.0
196,499,0,1,1.0,1.0
197,499,0,1,1.0,1.0
198,499,0,1,1.0,1.0
199,499,0,1,1.0,1.0
200,499,0,1,1.0,1.0
1,499,1,0,1.0,1.0
2,499,1,0,1.0,1.0
3,499,1,0,1.0,1.0
4,499,1,0,1.0,1.0
5,499,1,0,1.0,1.0
6,499,1,0,1.0,1.0
7,499,1,0,1.0,1.0
8,499,1,0,1.0,1.0
9,499,1,0,1.0,1.0
10,498,2,0,1.0,1.0
11,497,2,1,0.998,0.9989939637826962
12,497,2,1,0.998,0.9989939637826962
13,497,2,1,0.998,0.9989939637826962
14,497,2,1,0.998,0.9989939637826962
15,497,2,1,0.998,0.9989939637826962
16,497,2,1,0.998,0.9989939637826962
17,497,2,1,0.998,0.9989939637826962
18,495,4,1,0.997,0.9984848484848485
19,495,4,1,0.997,0.9984848484848485
20,495,4,1,0.997,0.9984848484848485
21,495,4,1,0.997,0.9984848484848485
22,495,4,1,0.997,0.9984848484848485
23,494,4,2,0.997,0.9984817813765182
24,494,4,2,0.997,0.9984817813765182
25,494,4,2,0.997,0.9984817813765182
26,494,4,2,0.997,0.9984817813765182
27,494,4,2,0.997,0.9984817813765182
28,494,4,2,0.997,0.9984817813765182
29,494,4,2,0.997,0.9984817813765182
30,493,5,2,0.997,0.9984787018255578
31,493,4,3,0.998,0.9989858012170385
32,493,3,4,0.999,0.9994929006085193
33,493,3,4,0.999,0.9994929006085193
34,493,3,4,0.999,0.9994929006085193
35,493,3,4,0.999,0.9994929006085193
36,493,3,4,0.999,0.9994929006085193
37,492,4,4,1.0,1.0
38,492,3,5,1.0,1.0
39,492,3,5,1.0,1.0
40,492,2,6,1.0,1.0
41,492,1,7,1.0,1.0
42,492,1,7,1.0,1.0
43,492,1,7,1.0,1.0
44,492,1,7,1.0,1.0
45,492,1,7,1.0,1.0
46,492,1,7,1.0,1.0
47,492,1,7,1.0,1.0
48,492,1,7,1.0,1.0
49,492,1,7,1.0,1.0
50,492,1,7,1.0,1.0
51,492,1,7,1.0,1.0
52,492,1,7,1.0,1.0
53,492,1,7,1.0,1.0
54,492,0,8,1.0,1.0
55,492,0,8,1.0,1.0
56,492,0,8,1.0,1.0
57,492,0,8,1.0,1.0
58,492,0,8,1.0,1.0
59,492,0,8,1.0,1.0
60,492,0,8,1.0,1.0
61,492,0,8,1.0,1.0
62,492,0,8,1.0,1.0
63,492,0,8,1.0,1.0
64,492,0,8,1.0,1.0
65,492,0,8,1.0,1.0
66,492,0,8,1.0,1.0
67,492,0,8,1.0,1.0
68,492,0,8,1.0,1.0
69,492,0,8,1.0,1.0
70,492,0,8,1.0,1.0
71,492,0,8,1.0,1.0
72,492,0,8,1.0,1.0
73,492,0,8,1.0,1.0
74,492,0,8,1.0,1.0
75,492,0,8,1.0,1.0
76,492,0,8,1.0,1.0
77,492,0,8,1.0,1.0
78,492,0,8,1.0,1.0
79,492,0,8,1.0,1.0
80,492,0,8,1.0,1.0
81,492,0,8,1.0,1.0
82,492,0,8,1.0,1.0
83,492,0,8,1.0,1.0
84,492,0,8,1.0,1.0
85,492,0,8,1.0,1.0
86,492,0,8,1.0,1.0
87,492,0,8,1.0,1.0
88,492,0,8,1.0,1.0
89,492,0,8,1.0,1.0
90,492,0,8,1.0,1.0
91,492,0,8,1.0,1.0
92,492,0,8,1.0,1.0
93,492,0,8,1.0,1.0
94,492,0,8,1.0,1.0
95,492,0,8,1.0,1.0
96,492,0,8,1.0,1.0
97,492,0,8,1.0,1.0
98,492,0,8,1.0,1.0
99,492,0,8,1.0,1.0
100,492,0,8,1.0,1.0
101,492,0,8,1.0,1.0
102,492,0,8,1.0,1.0
103,492,0,8,1.0,1.0
104,492,0,8,1.0,1.0
105,492,0,8,1.0,1.0
106,492,0,8,1.0,1.0
107,492,0,8,1.0,1.0
108,492,0,8,1.0,1.0
109,492,0,8,1.0,1.0
110,492,0,8,1.0,1.0
111,492,0,8,1.0,1.0
112,492,0,8,1.0,1.0
113,492,0,8,1.0,1.0
114,492,0,8,1.0,1.0
115,492,0,8,1.0,1.0
116,492,0,8,1.0,1.0
117,492,0,8,1.0,1.0
118,492,0,8,1.0,1.0
119,492,0,8,1.0,1.0
120,492,0,8,1.0,1.0
121,492,0,8,1.0,1.0
122,492,0,8,1.0,1.0
123,492,0,8,1.0,1.0
124,492,0,8,1.0,1.0
125,492,0,8,1.0,1.0
126,492,0,8,1.0,1.0
127,492,0,8,1.0,1.0
128,492,0,8,1.0,1.0
129,492,0,8,1.0,1.0
130,492,0,8,1.0,1.0
131,492,0,8,1.0,1.0
132,492,0,8,1.0,1.0
133,492,0,8,1.0,1.0
134,492,0,8,1.0,1.0
135,492,0,8,1.0,1.0
136,492,0,8,1.0,1.0
137,492,0,8,1.0,1.0
138,492,0,8,1.0,1.0
139,492,0,8,1.0,1.0
140,492,0,8,1.0,1.0
141,492,0,8,1.0,1.0
142,492,0,8,1.0,1.0
143,492,0,8,1.0,1.0
144,492,0,8,1.0,1.0
145,492,0,8,1.0,1.0
146,492,0,8,1.0,1.0
147,492,0,8,1.0,1.0
148,492,0,8,1.0,1.0
149,492,0,8,1.0,1.0
150,492,0,8,1.0,1.0
151,492,0,8,1.0,1.0
152,492,0,8,1.0,1.0
153,492,0,8,1.0,1.0
154,492,0,8,1.0,1.0
155,492,0,8,1.0,1.0
156,492,0,8,1.0,1.0
157,492,0,8,1.0,1.0
158,492,0,8,1.0,1.0
159,492,0,8,1.0,1.0
160,492,0,8,1.0,1.0
161,492,0,8,1.0,1.0
162,492,0,8,1.0,1.0
163,492,0,8,1.0,1.0
164,492,0,8,1.0,1.0
165,492,0,8,1.0,1.0
166,492,0,8,1.0,1.0
167,492,0,8,1.0,1.0
168,492,0,8,1.0,1.0
169,492,0,8,1.0,1.0
170,492,0,8,1.0,1.0
171,492,0,8,1.0,1.0
172,492,0,8,1.0,1.0
173,492,0,8,1.0,1.0
174,492,0,8,1.0,1.0
175,492,0,8,1.0,1.0
176,492,0,8,1.0,1.0
177,492,0,8,1.0,1.0
178,492,0,8,1.0,1.0
179,492,0,8,1.0,1.0
180,492,0,8,1.0,1.0
181,492,0,8,1.0,1.0
182,492,0,8,1.0,1.0
183,492,0,8,1.0,1.0
184,492,0,8,1.0,1.0
185,492,0,8,1.0,1.0
186,492,0,8,1.0,1.0
187,492,0,8,1.0,1.0
188,492,0,8,1.0,1.0
189,492,0,8,1.0,1.0
190,492,0,8,1.0,1.0
191,492,0,8,1.0,1.0
192,492,0,8,1.0,1.0
193,492,0,8,1.0,1.0
194,492,0,8,1.0,1.0
195,492,0,8,1.0,1.0
196,492,0,8,1.0,1.0
197,492,0,8,1.0,1.0
198,492,0,8,1.0,1.0
199,492,0,8,1.0,1.0
200,492,0,8,1.0,1.0
1,499,1,0,1.0,1.0
2,498,1,1,1.0,1.0
3,498,1,1,1.0,1.0
4,498,1,1,1.0,1.0
5,498,1,1,1.0,1.0
6,498,1,1,1.0,1.0
7,498,1,1,1.0,1.0
8,498,1,1,1.0,1.0
9,498,1,1,1.0,1.0
10,498,1,1,1.0,1.0
11,498,1,1,1.0,1.0
12,498,1,1,1.0,1.0
13,498,1,1,1.0,1.0
14,498,1,1,1.0,1.0
15,497,2,1,0.999,0.9994969818913481
16,497,1,2,1.0,1.0
17,497,1,2,1.0,1.0
18,497,1,2,1.0,1.0
19,497,1,2,1.0,1.0
20,497,1,2,1.0,1.0
21,496,1,3,1.0,1.0
22,496,0,4,1.0,1.0
23,496,0,4,1.0,1.0
24,496,0,4,1.0,1.0
25,496,0,4,1.0,1.0
26,496,0,4,1.0,1.0
27,496,0,4,1.0,1.0
28,496,0,4,1.0,1.0
29,496,0,4,1.0,1.0
30,496,0,4,1.0,1.0
31,496,0,4,1.0,1.0
32,496,0,4,1.0,1.0
33,496,0,4,1.0,1.0
34,496,0,4,1.0,1.0
35,496,0,4,1.0,1.0
36,496,0,4,1.0,1.0
37,496,0,4,1.0,1.0
38,496,0,4,1.0,1.0
39,496,0,4,1.0,1.0
40,496,0,4,1.0,1.0
41,496,0,4,1.0,1.0
42,496,0,4,1.0,1.0
43,496,0,4,1.0,1.0
44,496,0,4,1.0,1.0
45,496,0,4,1.0,1.0
46,496,0,4,1.0,1.0
47,496,0,4,1.0,1.0
48,496,0,4,1.0,1.0
49,496,0,4,1.0,1.0
50,496,0,4,1.0,1.0
51,496,0,4,1.0,1.0
52,496,0,4,1.0,1.0
53,496,0,4,1.0,1.0
54,496,0,4,1.0,1.0
55,496,0,4,1.0,1.0
56,496,0,4,1.0,1.0
57,496,0,4,1.0,1.0
58,496,0,4,1.0,1.0
59,496,0,4,1.0,1.0
60,496,0,4,1.0,1.0
61,496,0,4,1.0,1.0
62,496,0,4,1.0,1.0
63,496,0,4,1.0,1.0
64,496,0,4,1.0,1.0
65,496,0,4,1.0,1.0
66,496,0,4,1.0,1.0
67,496,0,4,1.0,1.0
68,496,0,4,1.0,1.0
69,496,0,4,1.0,1.0
70,496,0,4,1.0,1.0
71,496,0,4,1.0,1.0
72,496,0,4,1.0,1.0
73,496,0,4,1.0,1.0
74,496,0,4,1.0,1.0
75,496,0,4,1.0,1.0
76,496,0,4,1.0,1.0
77,496,0,4,1.0,1.0
78,496,0,4,1.0,1.0
79,496,0,4,1.0,1.0
80,496,0,4,1.0,1.0
81,496,0,4,1.0,1.0
82,496,0,4,1.0,1.0
83,496,0,4,1.0,1.0
84,496,0,4,1.0,1.0
85,496,0,4,1.0,1.0
86,496,0,4,1.0,1.0
87,496,0,4,1.0,1.0
88,496,0,4,1.0,1.0
89,496,0,4,1.0,1.0
90,496,0,4,1.0,1.0
91,496,0,4,1.0,1.0
92,496,0,4,1.0,1.0
93,496,0,4,1.0,1.0
94,496,0,4,1.0,1.0
95,496,0,4,1.0,1.0
96,496,0,4,1.0,1.0
97,496,0,4,1.0,1.0
98,496,0,4,1.0,1.0
99,496,0,4,1.0,1.0
100,496,0,4,1.0,1.0
101,496,0,4,1.0,1.0
102,496,0,4,1.0,1.0
103,496,0,4,1.0,1.0
104,496,0,4,1.0,1.0
105,496,0,4,1.0,1.0
106,496,0,4,1.0,1.0
107,496,0,4,1.0,1.0
108,496,0,4,1.0,1.0
109,496,0,4,1.0,1.0
110,496,0,4,1.0,1.0
111,496,0,4,1.0,1.0
112,496,0,4,1.0,1.0
113,496,0,4,1.0,1.0
114,496,0,4,1.0,1.0
115,496,0,4,1.0,1.0
116,496,0,4,1.0,1.0
117,496,0,4,1.0,1.0
118,496,0,4,1.0,1.0
119,496,0,4,1.0,1.0
120,496,0,4,1.0,1.0
121,496,0,4,1.0,1.0
122,496,0,4,1.0,1.0
123,496,0,4,1.0,1.0
124,496,0,4,1.0,1.0
125,496,0,4,1.0,1.0
126,496,0,4,1.0,1.0
127,496,0,4,1.0,1.0
128,496,0,4,1.0,1.0
129,496,0,4,1.0,1.0
130,496,0,4,1.0,1.0
131,496,0,4,1.0,1.0
132,496,0,4,1.0,1.0
133,496,0,4,1.0,1.0
134,496,0,4,1.0,1.0
135,496,0,4,1.0,1.0
136,496,0,4,1.0,1.0
137,496,0,4,1.0,1.0
138,496,0,4,1.0,1.0
139,496,0,4,1.0,1.0
140,496,0,4,1.0,1.0
141,496,0,4,1.0,1.0
142,496,0,4,1.0,1.0
143,496,0,4,1.0,1.0
144,496,0,4,1.0,1.0
145,496,0,4,1.0,1.0
146,496,0,4,1.0,1.0
147,496,0,4,1.0,1.0
148,496,0,4,1.0,1.0
149,496,0,4,1.0,1.0
150,496,0,4,1.0,1.0
151,496,0,4,1.0,1.0
152,496,0,4,1.0,1.0
153,496,0,4,1.0,1.0
154,496,0,4,1.0,1.0
155,496,0,4,1.0,1.0
156,496,0,4,1.0,1.0
157,496,0,4,1.0,1.0
158,496,0,4,1.0,1.0
159,496,0,4,1.0,1.0
160,496,0,4,1.0,1.0
161,496,0,4,1.0,1.0
162,496,0,4,1.0,1.0
163,496,0,4,1.0,1.0
164,496,0,4,1.0,1.0
165,496,0,4,1.0,1.0
166,496,0,4,1.0,1.0
167,496,0,4,1.0,1.0
168,496,0,4,1.0,1.0
169,496,0,4,1.0,1.0
170,496,0,4,1.0,1.0
171,496,0,4,1.0,1.0
172,496,0,4,1.0,1.0
173,496,0,4,1.0,1.0
174,496,0,4,1.0,1.0
175,496,0,4,1.0,1.0
176,496,0,4,1.0,1.0
177,496,0,4,1.0,1.0
178,496,0,4,1.0,1.0
179,496,0,4,1.0,1.0
180,496,0,4,1.0,1.0
181,496,0,4,1.0,1.0
182,496,0,4,1.0,1.0
183,496,0,4,1.0,1.0
184,496,0,4,1.0,1.0
185,496,0,4,1.0,1.0
186,496,0,4,1.0,1.0
187,496,0,4,1.0,1.0
188,496,0,4,1.0,1.0
189,496,0,4,1.0,1.0
190,496,0,4,1.0,1.0
191,496,0,4,1.0,1.0
192,496,0,4,1.0,1.0
193,496,0,4,1.0,1.0
194,496,0,4,1.0,1.0
195,496,0,4,1.0,1.0
196,496,0,4,1.0,1.0
197,496,0,4,1.0,1.0
198,496,0,4,1.0,1.0
199,496,0,4,1.0,1.0
200,496,0,4,1.0,1.0
1,499,1,0,1.0,1.0
2,499,1,0,1.0,1.0
3,499,1,0,1.0,1.0
4,499,1,0,1.0,1.0
5,499,1,0,1.0,1.0
6,499,1,0,1.0,1.0
7,499,1,0,1.0,1.0
8,497,3,0,0.998,0.9989939637826962
9,497,3,0,0.998,0.9989939637826962
10,497,3,0,0.998,0.9989939637826962
11,497,2,1,1.0,1.0
12,497,2,1,1.0,1.0
13,496,3,1,0.999,0.9994959677419355
14,496,3,1,0.999,0.9994959677419355
15,495,4,1,0.999,0.9994949494949495
16,495,4,1,0.999,0.9994949494949495
17,495,4,1,0.999,0.9994949494949495
18,495,3,2,1.0,1.0
19,495,3,2,1.0,1.0
20,495,2,3,1.0,1.0
21,495,2,3,1.0,1.0
22,495,2,3,1.0,1.0
23,495,2,3,1.0,1.0
24,495,2,3,1.0,1.0
25,495,2,3,1.0,1.0
26,495,2,3,1.0,1.0
27,495,2,3,1.0,1.0
28,495,2,3,1.0,1.0
29,495,2,3,1.0,1.0
30,495,2,3,1.0,1.0
31,495,2,3,1.0,1.0
32,495,2,3,1.0,1.0
33,495,2,3,1.0,1.0
34,495,2,3,1.0,1.0
35,495,2,3,1.0,1.0
36,495,2,3,1.0,1.0
37,495,2,3,1.0,1.0
38,495,2,3,1.0,1.0
39,495,2,3,1.0,1.0
40,495,2,3,1.0,1.0
41,494,3,3,1.0,1.0
42,492,5,3,0.999,0.9994918699186992
43,491,6,3,0.999,0.9994908350305499
44,491,5,4,0.999,0.9994908350305499
45,490,6,4,0.998,0.9989795918367347
46,489,7,4,0.998,0.9989775051124744
47,488,7,5,0.998,0.9989754098360656
48,487,8,5,0.998,0.9989733059548255
49,487,8,5,0.998,0.9989733059548255
50,486,9,5,0.997,0.9984567901234568
51,486,8,6,0.998,0.9989711934156379
52,486,7,7,0.998,0.9989711934156379
53,486,7,7,0.998,0.9989711934156379
54,486,7,7,0.998,0.9989711934156379
55,485,8,7,0.997,0.9984536082474227
56,485,8,7,0.997,0.9984536082474227
57,485,7,8,0.997,0.9984536082474227
58,485,7,8,0.997,0.9984536082474227
59,485,7,8,0.997,0.9984536082474227
60,485,7,8,0.997,0.9984536082474227
61,485,7,8,0.997,0.9984536082474227
62,485,7,8,0.997,0.9984536082474227
63,483,8,9,0.998,0.9989648033126294
64,483,8,9,0.998,0.9989648033126294
65,483,8,9,0.998,0.9989648033126294
66,482,9,9,0.998,0.9989626556016598
67,481,10,9,0.997,0.9984407484407485
68,481,10,9,0.997,0.9984407484407485
69,480,10,10,0.995,0.9973958333333334
70,479,11,10,0.995,0.9973903966597077
71,478,12,10,0.993,0.9963389121338913
72,477,13,10,0.993,0.9963312368972747
73,477,12,11,0.993,0.9963312368972747
74,477,10,13,0.994,0.9968553459119497
75,476,11,13,0.994,0.9968487394957983
76,476,10,14,0.995,0.9973739495798319
77,476,10,14,0.995,0.9973739495798319
78,476,9,15,0.996,0.9978991596638656
79,475,10,15,0.995,0.9973684210526316
80,474,10,16,0.995,0.9973628691983122
81,472,11,17,0.997,0.9984110169491526
82,472,11,17,0.997,0.9984110169491526
83,472,11,17,0.997,0.9984110169491526
84,470,11,19,0.996,0.997872340425532
85,468,13,19,0.995,0.9973290598290598
86,466,15,19,0.994,0.9967811158798283
87,466,15,19,0.994,0.9967811158798283
88,466,14,20,0.995,0.9973175965665236
89,465,15,20,0.996,0.9978494623655914
90,465,15,20,0.996,0.9978494623655914
91,464,15,21,0.998,0.9989224137931034
92,464,15,21,0.998,0.9989224137931034
93,464,15,21,0.998,0.9989224137931034
94,464,14,22,0.999,0.9994612068965517
95,463,15,22,0.998,0.9989200863930886
96,462,14,24,0.998,0.9989177489177489
97,461,13,26,0.997,0.9983731019522777
98,460,14,26,0.996,0.9976449275362318
99,460,14,26,0.996,0.9976449275362318
100,459,15,26,0.996,0.9976397966594044
101,458,15,27,0.996,0.9976346433770014
102,457,16,27,0.995,0.9969000729394603
103,457,14,29,0.997,0.9981765134938001
104,457,14,29,0.997,0.9981765134938001
105,456,14,30,0.997,0.998172514619883
106,456,14,30,0.997,0.998172514619883
107,456,14,30,0.997,0.998172514619883
108,456,13,31,0.997,0.998172514619883
109,456,13,31,0.997,0.998172514619883
110,455,13,32,0.996,0.9974358974358976
111,455,12,33,0.996,0.9974358974358976
112,455,12,33,0.996,0.9974358974358976
113,455,12,33,0.996,0.9974358974358976
114,454,12,34,0.996,0.9974302496328927
115,454,12,34,0.996,0.9974302496328927
116,453,13,34,0.997,0.9981604120676968
117,453,11,36,0.999,0.9992641648270787
118,452,12,36,0.999,0.9992625368731562
119,452,11,37,0.999,0.9992625368731562
120,452,11,37,0.999,0.9992625368731562
121,452,11,37,0.999,0.9992625368731562
122,452,11,37,0.999,0.9992625368731562
123,452,10,38,0.999,0.9992625368731562
124,452,10,38,0.999,0.9992625368731562
125,452,9,39,0.999,0.9992625368731562
126,452,9,39,0.999,0.9992625368731562
127,452,9,39,0.999,0.9992625368731562
128,452,9,39,0.999,0.9992625368731562
129,452,8,40,0.999,0.9992625368731562
130,452,8,40,0.999,0.9992625368731562
131,452,6,42,1.0,1.0
132,452,6,42,1.0,1.0
133,452,6,42,1.0,1.0
134,452,6,42,1.0,1.0
135,452,6,42,1.0,1.0
136,451,7,42,1.0,1.0
137,451,7,42,1.0,1.0
138,451,7,42,1.0,1.0
139,451,7,42,1.0,1.0
140,451,7,42,1.0,1.0
141,451,6,43,1.0,1.0
142,450,7,43,1.0,1.0
143,450,7,43,1.0,1.0
144,450,7,43,1.0,1.0
145,450,6,44,1.0,1.0
146,450,5,45,1.0,1.0
147,450,5,45,1.0,1.0
148,450,5,45,1.0,1.0
149,450,4,46,1.0,1.0
150,450,4,46,1.0,1.0
151,450,4,46,1.0,1.0
152,450,4,46,1.0,1.0
153,450,4,46,1.0,1.0
154,450,4,46,1.0,1.0
155,450,4,46,1.0,1.0
156,450,4,46,1.0,1.0
157,450,4,46,1.0,1.0
158,450,4,46,1.0,1.0
159,450,4,46,1.0,1.0
160,450,3,47,1.0,1.0
161,450,3,47,1.0,1.0
162,450,3,47,1.0,1.0
163,450,3,47,1.0,1.0
164,450,3,47,1.0,1.0
165,450,3,47,1.0,1.0
166,450,3,47,1.0,1.0
167,450,3,47,1.0,1.0
168,450,3,47,1.0,1.0
169,450,3,47,1.0,1.0
170,450,3,47,1.0,1.0
171,450,3,47,1.0,1.0
172,450,3,47,1.0,1.0
173,450,2,48,1.0,1.0
174,450,2,48,1.0,1.0
175,450,2,48,1.0,1.0
176,450,2,48,1.0,1.0
177,450,2,48,1.0,1.0
178,450,2,48,1.0,1.0
179,450,2,48,1.0,1.0
180,450,2,48,1.0,1.0
181,450,2,48,1.0,1.0
182,450,1,49,1.0,1.0
183,450,1,49,1.0,1.0
184,450,1,49,1.0,1.0
185,450,1,49,1.0,1.0
186,450,1,49,1.0,1.0
187,450,1,49,1.0,1.0
188,450,1,49,1.0,1.0
189,450,1,49,1.0,1.0
190,450,1,49,1.0,1.0
191,450,1,49,1.0,1.0
192,450,1,49,1.0,1.0
193,450,0,50,1.0,1.0
194,450,0,50,1.0,1.0
195,450,0,50,1.0,1.0
196,450,0,50,1.0,1.0
197,450,0,50,1.0,1.0
198,450,0,50,1.0,1.0
199,450,0,50,1.0,1.0
200,450,0,50,1.0,1.0
1,499,1,0,1.0,1.0
2,499,1,0,1.0,1.0
3,498,2,0,0.999,0.9995983935742973
4,498,2,0,0.999,0.9995983935742973
5,498,2,0,0.999,0.9995983935742973
6,498,2,0,0.999,0.9995983935742973
7,497,3,0,0.999,0.9995975855130785
8,497,2,1,1.0,1.0
9,497,1,2,1.0,1.0
10,497,1,2,1.0,1.0
11,497,1,2,1.0,1.0
12,497,1,2,1.0,1.0
13,497,1,2,1.0,1.0
14,497,1,2,1.0,1.0
15,497,1,2,1.0,1.0
16,497,1,2,1.0,1.0
17,497,1,2,1.0,1.0
18,497,1,2,1.0,1.0
19,497,1,2,1.0,1.0
20,496,1,3,1.0,1.0
21,496,1,3,1.0,1.0
22,496,1,3,1.0,1.0
23,496,1,3,1.0,1.0
24,496,1,3,1.0,1.0
25,495,2,3,0.999,0.9994949494949495
26,494,3,3,0.999,0.9994939271255061
27,494,3,3,0.999,0.9994939271255061
28,494,3,3,0.999,0.9994939271255061
29,494,3,3,0.999,0.9994939271255061
30,494,3,3,0.999,0.9994939271255061
31,494,3,3,0.999,0.9994939271255061
32,494,3,3,0.999,0.9994939271255061
33,493,4,3,0.999,0.9994929006085193
34,492,4,4,1.0,1.0
35,492,3,5,1.0,1.0
36,490,4,6,0.999,0.9994897959183674
37,490,4,6,0.999,0.9994897959183674
38,490,4,6,0.999,0.9994897959183674
39,490,4,6,0.999,0.9994897959183674
40,490,4,6,0.999,0.9994897959183674
41,490,4,6,0.999,0.9994897959183674
42,489,5,6,0.999,0.9994887525562373
43,489,5,6,0.999,0.9994887525562373
44,489,5,6,0.999,0.9994887525562373
45,489,5,6,0.999,0.9994887525562373
46,489,5,6,0.999,0.9994887525562373
47,488,6,6,0.999,0.9994877049180327
48,488,6,6,0.999,0.9994877049180327
49,488,6,6,0.999,0.9994877049180327
50,488,5,7,0.999,0.9994877049180327
51,488,5,7,0.999,0.9994877049180327
52,488,5,7,0.999,0.9994877049180327
53,488,5,7,0.999,0.9994877049180327
54,488,5,7,0.999,0.9994877049180327
55,488,5,7,0.999,0.9994877049180327
56,488,4,8,1.0,1.0
57,487,5,8,1.0,1.0
58,487,5,8,1.0,1.0
59,487,5,8,1.0,1.0
60,486,6,8,1.0,1.0
61,486,6,8,1.0,1.0
62,486,5,9,1.0,1.0
63,486,5,9,1.0,1.0
64,486,5,9,1.0,1.0
65,485,5,10,0.999,0.9994845360824742
66,484,6,10,0.998,0.9989669421487604
67,484,5,11,0.998,0.9989669421487604
68,484,4,12,0.999,0.9994834710743802
69,483,5,12,0.998,0.9989648033126294
70,483,5,12,0.998,0.9989648033126294
71,483,5,12,0.998,0.9989648033126294
72,482,6,12,0.997,0.9985477178423237
73,482,6,12,0.997,0.9985477178423237
74,482,5,13,0.997,0.9985477178423237
75,482,3,15,0.999,0.9994813278008299
76,482,3,15,0.999,0.9994813278008299
77,482,3,15,0.999,0.9994813278008299
78,481,4,15,0.999,0.9995841995841996
79,481,4,15,0.999,0.9995841995841996
80,480,5,15,1.0,1.0
81,480,5,15,1.0,1.0
82,479,5,16,1.0,1.0
83,479,5,16,1.0,1.0
84,479,5,16,1.0,1.0
85,479,5,16,1.0,1.0
86,479,4,17,1.0,1.0
87,479,4,17,1.0,1.0
88,479,4,17,1.0,1.0
89,479,4,17,1.0,1.0
90,479,4,17,1.0,1.0
91,479,4,17,1.0,1.0
92,479,4,17,1.0,1.0
93,479,4,17,1.0,1.0
94,479,3,18,1.0,1.0
95,479,3,18,1.0,1.0
96,479,3,18,1.0,1.0
97,479,3,18,1.0,1.0
98,479,3,18,1.0,1.0
99,479,3,18,1.0,1.0
100,479,3,18,1.0,1.0
101,479,2,19,1.0,1.0
102,479,2,19,1.0,1.0
103,479,1,20,1.0,1.0
104,479,1,20,1.0,1.0
105,479,1,20,1.0,1.0
106,479,1,20,1.0,1.0
107,479,1,20,1.0,1.0
108,479,1,20,1.0,1.0
109,479,1,20,1.0,1.0
110,479,1,20,1.0,1.0
111,479,1,20,1.0,1.0
112,479,1,20,1.0,1.0
113,479,1,20,1.0,1.0
114,479,1,20,1.0,1.0
115,479,1,20,1.0,1.0
116,479,1,20,1.0,1.0
117,479,1,20,1.0,1.0
118,479,1,20,1.0,1.0
119,479,1,20,1.0,1.0
120,479,1,20,1.0,1.0
121,479,1,20,1.0,1.0
122,479,1,20,1.0,1.0
123,479,1,20,1.0,1.0
124,479,1,20,1.0,1.0
125,479,0,21,1.0,1.0
126,479,0,21,1.0,1.0
127,479,0,21,1.0,1.0
128,479,0,21,1.0,1.0
129,479,0,21,1.0,1.0
130,479,0,21,1.0,1.0
131,479,0,21,1.0,1.0
132,479,0,21,1.0,1.0
133,479,0,21,1.0,1.0
134,479,0,21,1.0,1.0
135,479,0,21,1.0,1.0
136,479,0,21,1.0,1.0
137,479,0,21,1.0,1.0
138,479,0,21,1.0,1.0
139,479,0,21,1.0,1.0
140,479,0,21,1.0,1.0
141,479,0,21,1.0,1.0
142,479,0,21,1.0,1.0
143,479,0,21,1.0,1.0
144,479,0,21,1.0,1.0
145,479,0,21,1.0,1.0
146,479,0,21,1.0,1.0
147,479,0,21,1.0,1.0
148,479,0,21,1.0,1.0
149,479,0,21,1.0,1.0
150,479,0,21,1.0,1.0
151,479,0,21,1.0,1.0
152,479,0,21,1.0,1.0
153,479,0,21,1.0,1.0
154,479,0,21,1.0,1.0
155,479,0,21,1.0,1.0
156,479,0,21,1.0,1.0
157,479,0,21,1.0,1.0
158,479,0,21,1.0,1.0
159,479,0,21,1.0,1.0
160,479,0,21,1.0,1.0
161,479,0,21,1.0,1.0
162,479,0,21,1.0,1.0
163,479,0,21,1.0,1.0
164,479,0,21,1.0,1.0
165,479,0,21,1.0,1.0
166,479,0,21,1.0,1.0
167,479,0,21,1.0,1.0
168,479,0,21,1.0,1.0
169,479,0,21,1.0,1.0
170,479,0,21,1.0,1.0
171,479,0,21,1.0,1.0
172,479,0,21,1.0,1.0
173,479,0,21,1.0,1.0
174,479,0,21,1.0,1.0
175,479,0,21,1.0,1.0
176,479,0,21,1.0,1.0
177,479,0,21,1.0,1.0
178,479,0,21,1.0,1.0
179,479,0,21,1.0,1.0
180,479,0,21,1.0,1.0
181,479,0,21,1.0,1.0
182,479,0,21,1.0,1.0
183,479,0,21,1.0,1.0
184,479,0,21,1.0,1.0
185,479,0,21,1.0,1.0
186,479,0,21,1.0,1.0
187,479,0,21,1.0,1.0
188,479,0,21,1.0,1.0
189,479,0,21,1.0,1.0
190,479,0,21,1.0,1.0
191,479,0,21,1.0,1.0
192,479,0,21,1.0,1.0
193,479,0,21,1.0,1.0
194,479,0,21,1.0,1.0
195,479,0,21,1.0,1.0
196,479,0,21,1.0,1.0
197,479,0,21,1.0,1.0
198,479,0,21,1.0,1.0
199,479,0,21,1.0,1.0
200,479,0,21,1.0,1.0
1,499,1,0,1.0,1.0
2,497,3,0,0.999,0.9994969818913481
3,497,3,0,0.999,0.9994969818913481
4,497,3,0,0.999,0.9994969818913481
5,497,3,0,0.999,0.9994969818913481
6,496,3,1,0.998,0.998991935483871
7,495,4,1,0.999,0.9994949494949495
8,495,4,1,0.999,0.9994949494949495
9,495,3,2,1.0,1.0
10,495,3,2,1.0,1.0
11,495,3,2,1.0,1.0
12,495,3,2,1.0,1.0
13,494,3,3,1.0,1.0
14,494,3,3,1.0,1.0
15,493,4,3,1.0,1.0
16,492,5,3,1.0,1.0
17,492,5,3,1.0,1.0
18,492,5,3,1.0,1.0
19,491,6,3,0.999,0.9994908350305499
20,491,6,3,0.999,0.9994908350305499
21,491,6,3,0.999,0.9994908350305499
22,491,6,3,0.999,0.9994908350305499
23,490,6,4,0.998,0.9989795918367347
24,490,6,4,0.998,0.9989795918367347
25,490,6,4,0.998,0.9989795918367347
26,490,5,5,0.998,0.9989795918367347
27,490,4,6,0.998,0.9989795918367347
28,490,4,6,0.998,0.9989795918367347
29,490,4,6,0.998,0.9989795918367347
30,490,4,6,0.998,0.9989795918367347
31,490,4,6,0.998,0.9989795918367347
32,489,5,6,0.999,0.9994887525562373
33,489,5,6,0.999,0.9994887525562373
34,489,5,6,0.999,0.9994887525562373
35,489,5,6,0.999,0.9994887525562373
36,489,5,6,0.999,0.9994887525562373
37,488,6,6,1.0,1.0
38,488,6,6,1.0,1.0
39,488,6,6,1.0,1.0
40,488,6,6,1.0,1.0
41,488,6,6,1.0,1.0
42,487,7,6,1.0,1.0
43,487,7,6,1.0,1.0
44,487,7,6,1.0,1.0
45,487,7,6,1.0,1.0
46,487,7,6,1.0,1.0
47,487,7,6,1.0,1.0
48,487,7,6,1.0,1.0
49,487,7,6,1.0,1.0
50,487,7,6,1.0,1.0
51,487,7,6,1.0,1.0
52,487,7,6,1.0,1.0
53,487,7,6,1.0,1.0
54,486,6,8,1.0,1.0
55,486,6,8,1.0,1.0
56,485,6,9,1.0,1.0
57,484,6,10,0.999,0.9994834710743802
58,484,6,10,0.999,0.9994834710743802
59,484,6,10,0.999,0.9994834710743802
60,484,6,10,0.999,0.9994834710743802
61,484,6,10,0.999,0.9994834710743802
62,484,6,10,0.999,0.9994834710743802
63,483,7,10,0.999,0.9994824016563147
64,483,6,11,0.999,0.9994824016563147
65,483,6,11,0.999,0.9994824016563147
66,482,7,11,0.998,0.9990663900414938
67,482,6,12,0.999,0.9995850622406639
68,482,6,12,0.999,0.9995850622406639
69,482,6,12,0.999,0.9995850622406639
70,482,6,12,0.999,0.9995850622406639
71,482,6,12,0.999,0.9995850622406639
72,481,7,12,0.999,0.9995841995841996
73,480,8,12,0.998,0.9990625000000001
74,478,10,12,0.997,0.9984309623430963
75,478,10,12,0.997,0.9984309623430963
76,478,8,14,0.997,0.9984309623430963
77,478,8,14,0.997,0.9984309623430963
78,478,8,14,0.997,0.9984309623430963
79,478,8,14,0.997,0.9984309623430963
80,477,9,14,0.996,0.9979035639412998
81,477,9,14,0.996,0.9979035639412998
82,477,7,16,0.996,0.9979035639412998
83,477,7,16,0.996,0.9979035639412998
84,477,7,16,0.996,0.9979035639412998
85,477,6,17,0.997,0.9984276729559748
86,477,5,18,0.999,0.999475890985325
87,477,5,18,0.999,0.999475890985325
88,477,5,18,0.999,0.999475890985325
89,477,5,18,0.999,0.999475890985325
90,475,7,18,0.998,0.9989473684210526
91,474,7,19,0.998,0.9989451476793249
92,474,6,20,0.999,0.9994725738396625
93,474,5,21,0.999,0.9994725738396625
94,474,5,21,0.999,0.9994725738396625
95,474,5,21,0.999,0.9994725738396625
96,474,5,21,0.999,0.9994725738396625
97,474,4,22,0.999,0.9994725738396625
98,474,4,22,0.999,0.9994725738396625
99,474,4,22,0.999,0.9994725738396625
100,474,4,22,0.999,0.9994725738396625
101,472,4,24,1.0,1.0
102,471,4,25,1.0,1.0
103,470,5,25,0.998,0.9989361702127659
104,469,6,25,0.997,0.9984008528784648
105,469,6,25,0.997,0.9984008528784648
106,469,5,26,0.997,0.9984008528784648
107,469,4,27,0.997,0.9984008528784648
108,469,3,28,0.999,0.9994669509594882
109,469,3,28,0.999,0.9994669509594882
110,469,3,28,0.999,0.9994669509594882
111,469,2,29,1.0,1.0
112,469,2,29,1.0,1.0
113,469,2,29,1.0,1.0
114,469,2,29,1.0,1.0
115,469,2,29,1.0,1.0
116,469,2,29,1.0,1.0
117,469,2,29,1.0,1.0
118,469,2,29,1.0,1.0
119,468,2,30,1.0,1.0
120,468,2,30,1.0,1.0
121,468,2,30,1.0,1.0
122,468,2,30,1.0,1.0
123,468,2,30,1.0,1.0
124,468,2,30,1.0,1.0
125,468,2,30,1.0,1.0
126,467,3,30,1.0,1.0
127,467,3,30,1.0,1.0
128,467,3,30,1.0,1.0
129,467,3,30,1.0,1.0
130,467,3,30,1.0,1.0
131,467,3,30,1.0,1.0
132,467,3,30,1.0,1.0
133,467,3,30,1.0,1.0
134,467,3,30,1.0,1.0
135,467,3,30,1.0,1.0
136,467,3,30,1.0,1.0
137,467,3,30,1.0,1.0
138,467,3,30,1.0,1.0
139,467,3,30,1.0,1.0
140,467,3,30,1.0,1.0
141,467,3,30,1.0,1.0
142,467,3,30,1.0,1.0
143,467,3,30,1.0,1.0
144,467,3,30,1.0,1.0
145,467,3,30,1.0,1.0
146,467,3,30,1.0,1.0
147,467,3,30,1.0,1.0
148,467,3,30,1.0,1.0
149,467,3,30,1.0,1.0
150,467,3,30,1.0,1.0
151,467,3,30,1.0,1.0
152,467,3,30,1.0,1.0
153,467,2,31,1.0,1.0
154,467,2,31,1.0,1.0
155,467,2,31,1.0,1.0
156,467,2,31,1.0,1.0
157,467,2,31,1.0,1.0
158,467,2,31,1.0,1.0
159,467,2,31,1.0,1.0
160,467,2,31,1.0,1.0
161,467,2,31,1.0,1.0
162,467,1,32,1.0,1.0
163,467,1,32,1.0,1.0
164,467,1,32,1.0,1.0
165,467,1,32,1.0,1.0
166,467,1,32,1.0,1.0
167,467,1,32,1.0,1.0
168,467,1,32,1.0,1.0
169,467,1,32,1.0,1.0
170,467,1,32,1.0,1.0
171,467,1,32,1.0,1.0
172,467,1,32,1.0,1.0
173,467,1,32,1.0,1.0
174,467,1,32,1.0,1.0
175,467,1,32,1.0,1.0
176,467,1,32,1.0,1.0
177,467,1,32,1.0,1.0
178,467,1,32,1.0,1.0
179,467,1,32,1.0,1.0
180,467,1,32,1.0,1.0
181,467,1,32,1.0,1.0
182,467,1,32,1.0,1.0
183,467,1,32,1.0,1.0
184,467,1,32,1.0,1.0
185,467,1,32,1.0,1.0
186,467,1,32,1.0,1.0
187,467,1,32,1.0,1.0
188,467,1,32,1.0,1.0
189,467,1,32,1.0,1.0
190,467,1,32,1.0,1.0
191,467,1,32,1.0,1.0
192,467,1,32,1.0,1.0
193,467,1,32,1.0,1.0
194,467,1,32,1.0,1.0
195,467,1,32,1.0,1.0
196,467,1,32,1.0,1.0
197,467,1,32,1.0,1.0
198,467,1,32,1.0,1.0
199,467,1,32,1.0,1.0
200,467,1,32,1.0,1.0
1,499,1,0,1.0,1.0
2,499,1,0,1.0,1.0
3,499,1,0,1.0,1.0
4,499,1,0,1.0,1.0
5,499,1,0,1.0,1.0
6,499,1,0,1.0,1.0
7,499,1,0,1.0,1.0
8,499,1,0,1.0,1.0
9,499,1,0,1.0,1.0
10,498,2,0,0.999,0.9994979919678715
11,498,2,0,0.999,0.9994979919678715
12,498,2,0,0.999,0.9994979919678715
13,498,2,0,0.999,0.9994979919678715
14,498,2,0,0.999,0.9994979919678715
15,498,2,0,0.999,0.9994979919678715
16,498,2,0,0.999,0.9994979919678715
17,498,2,0,0.999,0.9994979919678715
18,498,2,0,0.999,0.9994979919678715
19,498,2,0,0.999,0.9994979919678715
20,497,2,1,0.999,0.9994969818913481
21,496,3,1,0.999,0.9994959677419355
22,495,4,1,0.999,0.9994949494949495
23,495,4,1,0.999,0.9994949494949495
24,495,4,1,0.999,0.9994949494949495
25,495,4,1,0.999,0.9994949494949495
26,494,5,1,0.998,0.9989878542510121
27,494,4,2,0.999,0.9994939271255061
28,494,4,2,0.999,0.9994939271255061
29,494,4,2,0.999,0.9994939271255061
30,494,4,2,0.999,0.9994939271255061
31,494,4,2,0.999,0.9994939271255061
32,494,4,2,0.999,0.9994939271255061
33,494,4,2,0.999,0.9994939271255061
34,494,3,3,0.999,0.9994939271255061
35,494,3,3,0.999,0.9994939271255061
36,494,3,3,0.999,0.9994939271255061
37,494,2,4,1.0,1.0
38,494,2,4,1.0,1.0
39,494,2,4,1.0,1.0
40,493,3,4,1.0,1.0
41,493,3,4,1.0,1.0
42,493,3,4,1.0,1.0
43,493,2,5,1.0,1.0
44,493,1,6,1.0,1.0
45,493,1,6,1.0,1.0
46,493,1,6,1.0,1.0
47,493,1,6,1.0,1.0
48,493,1,6,1.0,1.0
49,493,1,6,1.0,1.0
50,493,1,6,1.0,1.0
51,493,1,6,1.0,1.0
52,493,1,6,1.0,1.0
53,493,1,6,1.0,1.0
54,493,1,6,1.0,1.0
55,493,1,6,1.0,1.0
56,493,1,6,1.0,1.0
57,493,1,6,1.0,1.0
58,493,1,6,1.0,1.0
59,493,1,6,1.0,1.0
60,493,1,6,1.0,1.0
61,493,1,6,1.0,1.0
62,493,1,6,1.0,1.0
63,493,1,6,1.0,1.0
64,493,1,6,1.0,1.0
65,493,1,6,1.0,1.0
66,493,1,6,1.0,1.0
67,493,1,6,1.0,1.0
68,493,1,6,1.0,1.0
69,493,1,6,1.0,1.0
70,493,1,6,1.0,1.0
71,493,1,6,1.0,1.0
72,493,1,6,1.0,1.0
73,493,1,6,1.0,1.0
74,493,1,6,1.0,1.0
75,493,1,6,1.0,1.0
76,493,1,6,1.0,1.0
77,493,1,6,1.0,1.0
78,493,1,6,1.0,1.0
79,493,1,6,1.0,1.0
80,493,1,6,1.0,1.0
81,493,1,6,1.0,1.0
82,493,1,6,1.0,1.0
83,493,1,6,1.0,1.0
84,493,1,6,1.0,1.0
85,493,1,6,1.0,1.0
86,493,1,6,1.0,1.0
87,493,1,6,1.0,1.0
88,493,1,6,1.0,1.0
89,493,1,6,1.0,1.0
90,493,1,6,1.0,1.0
91,493,1,6,1.0,1.0
92,493,1,6,1.0,1.0
93,493,1,6,1.0,1.0
94,493,1,6,1.0,1.0
95,493,0,7,1.0,1.0
96,493,0,7,1.0,1.0
97,493,0,7,1.0,1.0
98,493,0,7,1.0,1.0
99,493,0,7,1.0,1.0
100,493,0,7,1.0,1.0
101,493,0,7,1.0,1.0
102,493,0,7,1.0,1.0
103,493,0,7,1.0,1.0
104,493,0,7,1.0,1.0
105,493,0,7,1.0,1.0
106,493,0,7,1.0,1.0
107,493,0,7,1.0,1.0
108,493,0,7,1.0,1.0
109,493,0,7,1.0,1.0
110,493,0,7,1.0,1.0
111,493,0,7,1.0,1.0
112,493,0,7,1.0,1.0
113,493,0,7,1.0,1.0
114,493,0,7,1.0,1.0
115,493,0,7,1.0,1.0
116,493,0,7,1.0,1.0
117,493,0,7,1.0,1.0
118,493,0,7,1.0,1.0
119,493,0,7,1.0,1.0
120,493,0,7,1.0,1.0
121,493,0,7,1.0,1.0
122,493,0,7,1.0,1.0
123,493,0,7,1.0,1.0
124,493,0,7,1.0,1.0
125,493,0,7,1.0,1.0
126,493,0,7,1.0,1.0
127,493,0,7,1.0,1.0
128,493,0,7,1.0,1.0
129,493,0,7,1.0,1.0
130,493,0,7,1.0,1.0
131,493,0,7,1.0,1.0
132,493,0,7,1.0,1.0
133,493,0,7,1.0,1.0
134,493,0,7,1.0,1.0
135,493,0,7,1.0,1.0
136,493,0,7,1.0,1.0
137,493,0,7,1.0,1.0
138,493,0,7,1.0,1.0
139,493,0,7,1.0,1.0
140,493,0,7,1.0,1.0
141,493,0,7,1.0,1.0
142,493,0,7,1.0,1.0
143,493,0,7,1.0,1.0
144,493,0,7,1.0,1.0
145,493,0,7,1.0,1.0
146,493,0,7,1.0,1.0
147,493,0,7,1.0,1.0
148,493,0,7,1.0,1.0
149,493,0,7,1.0,1.0
150,493,0,7,1.0,1.0
151,493,0,7,1.0,1.0
152,493,0,7,1.0,1.0
153,493,0,7,1.0,1.0
154,493,0,7,1.0,1.0
155,493,0,7,1.0,1.0
156,493,0,7,1.0,1.0
157,493,0,7,1.0,1.0
158,493,0,7,1.0,1.0
159,493,0,7,1.0,1.0
160,493,0,7,1.0,1.0
161,493,0,7,1.0,1.0
162,493,0,7,1.0,1.0
163,493,0,7,1.0,1.0
164,493,0,7,1.0,1.0
165,493,0,7,1.0,1.0
166,493,0,7,1.0,1.0
167,493,0,7,1.0,1.0
168,493,0,7,1.0,1.0
169,493,0,7,1.0,1.0
170,493,0,7,1.0,1.0
171,493,0,7,1.0,1.0
172,493,0,7,1.0,1.0
173,493,0,7,1.0,1.0
174,493,0,7,1.0,1.0
175,493,0,7,1.0,1.0
176,493,0,7,1.0,1.0
177,493,0,7,1.0,1.0
178,493,0,7,1.0,1.0
179,493,0,7,1.0,1.0
180,493,0,7,1.0,1.0
181,493,0,7,1.0,1.0
182,493,0,7,1.0,1.0
183,493,0,7,1.0,1.0
184,493,0,7,1.0,1.0
185,493,0,7,1.0,1.0
186,493,0,7,1.0,1.0
187,493,0,7,1.0,1.0
188,493,0,7,1.0,1.0
189,493,0,7,1.0,1.0
190,493,0,7,1.0,1.0
191,493,0,7,1.0,1.0
192,493,0,7,1.0,1.0
193,493,0,7,1.0,1.0
194,493,0,7,1.0,1.0
195,493,0,7,1.0,1.0
196,493,0,7,1.0,1.0
197,493,0,7,1.0,1.0
198,493,0,7,1.0,1.0
199,493,0,7,1.0,1.0
200,493,0,7,1.0,1.0
1,498,2,0,0.998,0.998995983935743
2,498,2,0,0.998,0.998995983935743
3,498,2,0,0.998,0.998995983935743
4,498,2,0,0.998,0.998995983935743
5,498,1,1,1.0,1.0
6,498,1,1,1.0,1.0
7,498,1,1,1.0,1.0
8,498,1,1,1.0,1.0
9,498,1,1,1.0,1.0
10,498,1,1,1.0,1.0
11,498,1,1,1.0,1.0
12,498,1,1,1.0,1.0
13,497,2,1,0.999,0.9994969818913481
14,497,2,1,0.999,0.9994969818913481
15,497,2,1,0.999,0.9994969818913481
16,497,1,2,1.0,1.0
17,497,1,2,1.0,1.0
18,496,2,2,0.999,0.9994959677419355
19,496,2,2,0.999,0.9994959677419355
20,496,2,2,0.999,0.9994959677419355
21,496,2,2,0.999,0.9994959677419355
22,496,2,2,0.999,0.9994959677419355
23,496,2,2,0.999,0.9994959677419355
24,496,2,2,0.999,0.9994959677419355
25,496,2,2,0.999,0.9994959677419355
26,496,2,2,0.999,0.9994959677419355
27,495,3,2,0.998,0.998989898989899
28,495,3,2,0.998,0.998989898989899
29,495,3,2,0.998,0.998989898989899
30,495,3,2,0.998,0.998989898989899
31,495,2,3,0.999,0.9994949494949495
32,495,2,3,0.999,0.9994949494949495
33,495,2,3,0.999,0.9994949494949495
34,495,2,3,0.999,0.9994949494949495
35,495,2,3,0.999,0.9994949494949495
36,495,2,3,0.999,0.9994949494949495
37,495,2,3,0.999,0.9994949494949495
38,495,2,3,0.999,0.9994949494949495
39,495,2,3,0.999,0.9994949494949495
40,495,2,3,0.999,0.9994949494949495
41,495,2,3,0.999,0.9994949494949495
42,495,2,3,0.999,0.9994949494949495
43,495,2,3,0.999,0.9994949494949495
44,495,2,3,0.999,0.9994949494949495
45,495,2,3,0.999,0.9994949494949495
46,495,2,3,0.999,0.9994949494949495
47,495,2,3,0.999,0.9994949494949495
48,495,2,3,0.999,0.9994949494949495
49,495,2,3,0.999,0.9994949494949495
50,495,2,3,0.999,0.9994949494949495
51,495,1,4,1.0,1.0
52,495,1,4,1.0,1.0
53,495,1,4,1.0,1.0
54,495,1,4,1.0,1.0
55,495,1,4,1.0,1.0
56,495,1,4,1.0,1.0
57,495,0,5,1.0,1.0
58,495,0,5,1.0,1.0
59,495,0,5,1.0,1.0
60,495,0,5,1.0,1.0
61,495,0,5,1.0,1.0
62,495,0,5,1.0,1.0
63,495,0,5,1.0,1.0
64,495,0,5,1.0,1.0
65,495,0,5,1.0,1.0
66,495,0,5,1.0,1.0
67,495,0,5,1.0,1.0
68,495,0,5,1.0,1.0
69,495,0,5,1.0,1.0
70,495,0,5,1.0,1.0
71,495,0,5,1.0,1.0
72,495,0,5,1.0,1.0
73,495,0,5,1.0,1.0
74,495,0,5,1.0,1.0
75,495,0,5,1.0,1.0
76,495,0,5,1.0,1.0
77,495,0,5,1.0,1.0
78,495,0,5,1.0,1.0
79,495,0,5,1.0,1.0
80,495,0,5,1.0,1.0
81,495,0,5,1.0,1.0
82,495,0,5,1.0,1.0
83,495,0,5,1.0,1.0
84,495,0,5,1.0,1.0
85,495,0,5,1.0,1.0
86,495,0,5,1.0,1.0
87,495,0,5,1.0,1.0
88,495,0,5,1.0,1.0
89,495,0,5,1.0,1.0
90,495,0,5,1.0,1.0
91,495,0,5,1.0,1.0
92,495,0,5,1.0,1.0
93,495,0,5,1.0,1.0
94,495,0,5,1.0,1.0
95,495,0,5,1.0,1.0
96,495,0,5,1.0,1.0
97,495,0,5,1.0,1.0
98,495,0,5,1.0,1.0
99,495,0,5,1.0,1.0
100,495,0,5,1.0,1.0
101,495,0,5,1.0,1.0
102,495,0,5,1.0,1.0
103,495,0,5,1.0,1.0
104,495,0,5,1.0,1.0
105,495,0,5,1.0,1.0
106,495,0,5,1.0,1.0
107,495,0,5,1.0,1.0
108,495,0,5,1.0,1.0
109,495,0,5,1.0,1.0
110,495,0,5,1.0,1.0
111,495,0,5,1.0,1.0
112,495,0,5,1.0,1.0
113,495,0,5,1.0,1.0
114,495,0,5,1.0,1.0
115,495,0,5,1.0,1.0
116,495,0,5,1.0,1.0
117,495,0,5,1.0,1.0
118,495,0,5,1.0,1.0
119,495,0,5,1.0,1.0
120,495,0,5,1.0,1.0
121,495,0,5,1.0,1.0
122,495,0,5,1.0,1.0
123,495,0,5,1.0,1.0
124,495,0,5,1.0,1.0
125,495,0,5,1.0,1.0
126,495,0,5,1.0,1.0
127,495,0,5,1.0,1.0
128,495,0,5,1.0,1.0
129,495,0,5,1.0,1.0
130,495,0,5,1.0,1.0
131,495,0,5,1.0,1.0
132,495,0,5,1.0,1.0
133,495,0,5,1.0,1.0
134,495,0,5,1.0,1.0
135,495,0,5,1.0,1.0
136,495,0,5,1.0,1.0
137,495,0,5,1.0,1.0
138,495,0,5,1.0,1.0
139,495,0,5,1.0,1.0
140,495,0,5,1.0,1.0
141,495,0,5,1.0,1.0
142,495,0,5,1.0,1.0
143,495,0,5,1.0,1.0
144,495,0,5,1.0,1.0
145,495,0,5,1.0,1.0
146,495,0,5,1.0,1.0
147,495,0,5,1.0,1.0
148,495,0,5,1.0,1.0
149,495,0,5,1.0,1.0
150,495,0,5,1.0,1.0
151,495,0,5,1.0,1.0
152,495,0,5,1.0,1.0
153,495,0,5,1.0,1.0
154,495,0,5,1.0,1.0
155,495,0,5,1.0,1.0
156,495,0,5,1.0,1.0
157,495,0,5,1.0,1.0
158,495,0,5,1.0,1.0
159,495,0,5,1.0,1.0
160,495,0,5,1.0,1.0
161,495,0,5,1.0,1.0
162,495,0,5,1.0,1.0
163,495,0,5,1.0,1.0
164,495,0,5,1.0,1.0
165,495,0,5,1.0,1.0
166,495,0,5,1.0,1.0
167,495,0,5,1.0,1.0
168,495,0,5,1.0,1.0
169,495,0,5,1.0,1.0
170,495,0,5,1.0,1.0
171,495,0,5,1.0,1.0
172,495,0,5,1.0,1.0
173,495,0,5,1.0,1.0
174,495,0,5,1.0,1.0
175,495,0,5,1.0,1.0
176,495,0,5,1.0,1.0
177,495,0,5,1.0,1.0
178,495,0,5,1.0,1.0
179,495,0,5,1.0,1.0
180,495,0,5,1.0,1.0
181,495,0,5,1.0,1.0
182,495,0,5,1.0,1.0
183,495,0,5,1.0,1.0
184,495,0,5,1.0,1.0
185,495,0,5,1.0,1.0
186,495,0,5,1.0,1.0
187,495,0,5,1.0,1.0
188,495,0,5,1.0,1.0
189,495,0,5,1.0,1.0
190,495,0,5,1.0,1.0
191,495,0,5,1.0,1.0
192,495,0,5,1.0,1.0
193,495,0,5,1.0,1.0
194,495,0,5,1.0,1.0
195,495,0,5,1.0,1.0
196,495,0,5,1.0,1.0
197,495,0,5,1.0,1.0
198,495,0,5,1.0,1.0
199,495,0,5,1.0,1.0
200,495,0,5,1.0,1.0
1,499,1,0,1.0,1.0
2,499,1,0,1.0,1.0
3,499,1,0,1.0,1.0
4,499,1,0,1.0,1.0
5,499,1,0,1.0,1.0
6,499,0,1,1.0,1.0
7,499,0,1,1.0,1.0
8,499,0,1,1.0,1.0
9,499,0,1,1.0,1.0
10,499,0,1,1.0,1.0
11,499,0,1,1.0,1.0
12,499,0,1,1.0,1.0
13,499,0,1,1.0,1.0
14,499,0,1,1.0,1.0
15,499,0,1,1.0,1.0
16,499,0,1,1.0,1.0
17,499,0,1,1.0,1.0
18,499,0,1,1.0,1.0
19,499,0,1,1.0,1.0
20,499,0,1,1.0,1.0
21,499,0,1,1.0,1.0
22,499,0,1,1.0,1.0
23,499,0,1,1.0,1.0
24,499,0,1,1.0,1.0
25,499,0,1,1.0,1.0
26,499,0,1,1.0,1.0
27,499,0,1,1.0,1.0
28,499,0,1,1.0,1.0
29,499,0,1,1.0,1.0
30,499,0,1,1.0,1.0
31,499,0,1,1.0,1.0
32,499,0,1,1.0,1.0
33,499,0,1,1.0,1.0
34,499,0,1,1.0,1.0
35,499,0,1,1.0,1.0
36,499,0,1,1.0,1.0
37,499,0,1,1.0,1.0
38,499,0,1,1.0,1.0
39,499,0,1,1.0,1.0
40,499,0,1,1.0,1.0
41,499,0,1,1.0,1.0
42,499,0,1,1.0,1.0
43,499,0,1,1.0,1.0
44,499,0,1,1.0,1.0
45,499,0,1,1.0,1.0
46,499,0,1,1.0,1.0
47,499,0,1,1.0,1.0
48,499,0,1,1.0,1.0
49,499,0,1,1.0,1.0
50,499,0,1,1.0,1.0
51,499,0,1,1.0,1.0
52,499,0,1,1.0,1.0
53,499,0,1,1.0,1.0
54,499,0,1,1.0,1.0
55,499,0,1,1.0,1.0
56,499,0,1,1.0,1.0
57,499,0,1,1.0,1.0
58,499,0,1,1.0,1.0
59,499,0,1,1.0,1.0
60,499,0,1,1.0,1.0
61,499,0,1,1.0,1.0
62,499,0,1,1.0,1.0
63,499,0,1,1.0,1.0
64,499,0,1,1.0,1.0
65,499,0,1,1.0,1.0
66,499,0,1,1.0,1.0
67,499,0,1,1.0,1.0
68,499,0,1,1.0,1.0
69,499,0,1,1.0,1.0
70,499,0,1,1.0,1.0
71,499,0,1,1.0,1.0
72,499,0,1,1.0,1.0
73,499,0,1,1.0,1.0
74,499,0,1,1.0,1.0
75,499,0,1,1.0,1.0
76,499,0,1,1.0,1.0
77,499,0,1,1.0,1.0
78,499,0,1,1.0,1.0
79,499,0,1,1.0,1.0
80,499,0,1,1.0,1.0
81,499,0,1,1.0,1.0
82,499,0,1,1.0,1.0
83,499,0,1,1.0,1.0
84,499,0,1,1.0,1.0
85,499,0,1,1.0,1.0
86,499,0,1,1.0,1.0
87,499,0,1,1.0,1.0
88,499,0,1,1.0,1.0
89,499,0,1,1.0,1.0
90,499,0,1,1.0,1.0
91,499,0,1,1.0,1.0
92,499,0,1,1.0,1.0
93,499,0,1,1.0,1.0
94,499,0,1,1.0,1.0
95,499,0,1,1.0,1.0
96,499,0,1,1.0,1.0
97,499,0,1,1.0,1.0
98,499,0,1,1.0,1.0
99,499,0,1,1.0,1.0
100,499,0,1,1.0,1.0
101,499,0,1,1.0,1.0
102,499,0,1,1.0,1.0
103,499,0,1,1.0,1.0
104,499,0,1,1.0,1.0
105,499,0,1,1.0,1.0
106,499,0,1,1.0,1.0
107,499,0,1,1.0,1.0
108,499,0,1,1.0,1.0
109,499,0,1,1.0,1.0
110,499,0,1,1.0,1.0
111,499,0,1,1.0,1.0
112,499,0,1,1.0,1.0
113,499,0,1,1.0,1.0
114,499,0,1,1.0,1.0
115,499,0,1,1.0,1.0
116,499,0,1,1.0,1.0
117,499,0,1,1.0,1.0
118,499,0,1,1.0,1.0
119,499,0,1,1.0,1.0
120,499,0,1,1.0,1.0
121,499,0,1,1.0,1.0
122,499,0,1,1.0,1.0
123,499,0,1,1.0,1.0
124,499,0,1,1.0,1.0
125,499,0,1,1.0,1.0
126,499,0,1,1.0,1.0
127,499,0,1,1.0,1.0
128,499,0,1,1.0,1.0
129,499,0,1,1.0,1.0
130,499,0,1,1.0,1.0
131,499,0,1,1.0,1.0
132,499,0,1,1.0,1.0
133,499,0,1,1.0,1.0
134,499,0,1,1.0,1.0
135,499,0,1,1.0,1.0
136,499,0,1,1.0,1.0
137,499,0,1,1.0,1.0
138,499,0,1,1.0,1.0
139,499,0,1,1.0,1.0
140,499,0,1,1.0,1.0
141,499,0,1,1.0,1.0
142,499,0,1,1.0,1.0
143,499,0,1,1.0,1.0
144,499,0,1,1.0,1.0
145,499,0,1,1.0,1.0
146,499,0,1,1.0,1.0
147,499,0,1,1.0,1.0
148,499,0,1,1.0,1.0
149,499,0,1,1.0,1.0
150,499,0,1,1.0,1.0
151,499,0,1,1.0,1.0
152,499,0,1,1.0,1.0
153,499,0,1,1.0,1.0
154,499,0,1,1.0,1.0
155,499,0,1,1.0,1.0
156,499,0,1,1.0,1.0
157,499,0,1,1.0,1.0
158,499,0,1,1.0,1.0
159,499,0,1,1.0,1.0
160,499,0,1,1.0,1.0
161,499,0,1,1.0,1.0
162,499,0,1,1.0,1.0
163,499,0,1,1.0,1.0
164,499,0,1,1.0,1.0
165,499,0,1,1.0,1.0
166,499,0,1,1.0,1.0
167,499,0,1,1.0,1.0
168,499,0,1,1.0,1.0
169,499,0,1,1.0,1.0
170,499,0,1,1.0,1.0
171,499,0,1,1.0,1.0
172,499,0,1,1.0,1.0
173,499,0,1,1.0,1.0
174,499,0,1,1.0,1.0
175,499,0,1,1.0,1.0
176,499,0,1,1.0,1.0
177,499,0,1,1.0,1.0
178,499,0,1,1.0,1.0
179,499,0,1,1.0,1.0
180,499,0,1,1.0,1.0
181,499,0,1,1.0,1.0
182,499,0,1,1.0,1.0
183,499,0,1,1.0,1.0
184,499,0,1,1.0,1.0
185,499,0,1,1.0,1.0
186,499,0,1,1.0,1.0
187,499,0,1,1.0,1.0
188,499,0,1,1.0,1.0
189,499,0,1,1.0,1.0
190,499,0,1,1.0,1.0
191,499,0,1,1.0,1.0
192,499,0,1,1.0,1.0
193,499,0,1,1.0,1.0
194,499,0,1,1.0,1.0
195,499,0,1,1.0,1.0
196,499,0,1,1.0,1.0
197,499,0,1,1.0,1.0
198,499,0,1,1.0,1.0
199,499,0,1,1.0,1.0
200,499,0,1,1.0,1.0
1,499,1,0,1.0,1.0
2,499,1,0,1.0,1.0
3,498,2,0,1.0,1.0
4,497,3,0,1.0,1.0
5,497,3,0,1.0,1.0
6,497,3,0,1.0,1.0
7,497,3,0,1.0,1.0
8,497,3,0,1.0,1.0
9,497,2,1,1.0,1.0
10,497,2,1,1.0,1.0
11,497,2,1,1.0,1.0
12,496,3,1,0.999,0.9994959677419355
13,496,3,1,0.999,0.9994959677419355
14,496,3,1,0.999,0.9994959677419355
15,496,3,1,0.999,0.9994959677419355
16,496,3,1,0.999,0.9994959677419355
17,496,3,1,0.999,0.9994959677419355
18,496,3,1,0.999,0.9994959677419355
19,496,3,1,0.999,0.9994959677419355
20,495,4,1,0.999,0.9994949494949495
21,494,5,1,0.999,0.9994939271255061
22,493,6,1,0.999,0.9994929006085193
23,492,6,2,0.998,0.9989837398373984
24,490,8,2,0.998,0.9989795918367347
25,490,8,2,0.998,0.9989795918367347
26,490,8,2,0.998,0.9989795918367347
27,490,8,2,0.998,0.9989795918367347
28,490,8,2,0.998,0.9989795918367347
29,489,9,2,0.996,0.9977845944103612
30,489,9,2,0.996,0.9977845944103612
31,489,9,2,0.996,0.9977845944103612
32,488,10,2,0.996,0.9977800546448087
33,487,10,3,0.997,0.9984599589322382
34,486,11,3,0.997,0.9984567901234568
35,486,11,3,0.997,0.9984567901234568
36,485,11,4,0.997,0.9984536082474227
37,483,13,4,0.994,0.9968944099378882
38,483,13,4,0.994,0.9968944099378882
39,482,14,4,0.994,0.9968879668049793
40,481,15,4,0.993,0.9963617463617463
41,480,16,4,0.991,0.9953125
42,479,17,4,0.99,0.9947807933194155
43,479,17,4,0.99,0.9947807933194155
44,477,17,6,0.991,0.9952830188679245
45,477,16,7,0.992,0.9958071278825996
46,474,18,8,0.995,0.9973628691983122
47,473,19,8,0.994,0.9968287526427061
48,473,18,9,0.994,0.9968287526427061
49,472,19,9,0.993,0.996292372881356
50,469,22,9,0.991,0.9952025586353944
51,469,21,10,0.991,0.9952025586353944
52,469,20,11,0.991,0.9952025586353944
53,469,19,12,0.993,0.996268656716418
54,467,21,12,0.993,0.9962526766595289
55,467,18,15,0.995,0.9973233404710921
56,467,18,15,0.995,0.9973233404710921
57,466,18,16,0.995,0.9971387696709586
58,465,19,16,0.994,0.9965949820788531
59,462,22,16,0.995,0.9971139971139971
60,462,22,16,0.995,0.9971139971139971
61,462,22,16,0.995,0.9971139971139971
62,460,20,20,0.995,0.9972826086956522
63,459,21,20,0.994,0.9967320261437909
64,458,21,21,0.994,0.9967248908296943
65,457,22,21,0.996,0.9978118161925602
66,456,23,21,0.996,0.9978070175438597
67,455,24,21,0.995,0.9972527472527473
68,454,25,21,0.993,0.9961453744493393
69,452,26,22,0.992,0.995575221238938
70,450,28,22,0.99,0.9944444444444445
71,449,28,23,0.988,0.9933184855233853
72,448,29,23,0.988,0.9933035714285714
73,448,29,23,0.988,0.9933035714285714
74,448,27,25,0.99,0.9944196428571429
75,448,27,25,0.99,0.9944196428571429
76,447,25,28,0.993,0.9960850111856824
77,447,23,30,0.993,0.9960850111856824
78,447,22,31,0.995,0.9972035794183445
79,447,20,33,0.996,0.9977628635346756
80,447,19,34,0.996,0.9977628635346756
81,447,19,34,0.996,0.9977628635346756
82,447,19,34,0.996,0.9977628635346756
83,447,18,35,0.996,0.9977628635346756
84,445,18,37,0.994,0.996629213483146
85,443,19,38,0.992,0.9954853273137697
86,443,18,39,0.992,0.9954853273137697
87,443,18,39,0.992,0.9954853273137697
88,441,20,39,0.991,0.9948979591836735
89,441,19,40,0.991,0.9948979591836735
90,439,20,41,0.99,0.9943052391799544
91,439,20,41,0.99,0.9943052391799544
92,439,20,41,0.99,0.9943052391799544
93,438,21,41,0.99,0.9942922374429224
94,437,19,44,0.993,0.9959954233409611
95,437,18,45,0.993,0.9959954233409611
96,436,19,45,0.993,0.9959862385321101
97,436,18,46,0.993,0.9959862385321101
98,434,19,47,0.991,0.994815668202765
99,433,20,47,0.99,0.9942263279445728
100,432,19,49,0.993,0.9959490740740741
101,431,20,49,0.992,0.9953596287703016
102,430,19,51,0.994,0.9965116279069768
103,429,20,51,0.996,0.9976689976689976
104,429,19,52,0.996,0.9976689976689976
105,429,19,52,0.996,0.9976689976689976
106,427,20,53,0.997,0.9982435597189696
107,427,19,54,0.998,0.9988290398126464
108,424,19,57,0.996,0.9976415094339622
109,424,18,58,0.996,0.9976415094339622
110,423,17,60,0.997,0.99822695035461
111,423,16,61,0.998,0.9988179669030733
112,423,15,62,0.998,0.9988179669030733
113,423,15,62,0.998,0.9988179669030733
114,423,14,63,0.999,0.9994089834515366
115,423,14,63,0.999,0.9994089834515366
116,423,14,63,0.999,0.9994089834515366
117,423,14,63,0.999,0.9994089834515366
118,423,14,63,0.999,0.9994089834515366
119,423,14,63,0.999,0.9994089834515366
120,422,15,63,0.998,0.9988151658767772
121,421,13,66,0.997,0.9982185273159145
122,420,13,67,0.999,0.9994047619047619
123,420,13,67,0.999,0.9994047619047619
124,420,13,67,0.999,0.9994047619047619
125,420,13,67,0.999,0.9994047619047619
126,419,14,67,0.999,0.9994033412887828
127,419,12,69,1.0,1.0
128,418,12,70,1.0,1.0
129,418,11,71,1.0,1.0
130,417,12,71,1.0,1.0
131,417,11,72,1.0,1.0
132,417,10,73,1.0,1.0
133,417,10,73,1.0,1.0
134,417,10,73,1.0,1.0
135,417,9,74,1.0,1.0
136,417,8,75,1.0,1.0
137,417,8,75,1.0,1.0
138,417,8,75,1.0,1.0
139,416,9,75,1.0,1.0
140,415,10,75,0.999,0.9993975903614458
141,415,10,75,0.999,0.9993975903614458
142,414,11,75,0.998,0.998792270531401
143,414,11,75,0.998,0.998792270531401
144,414,11,75,0.998,0.998792270531401
145,414,11,75,0.998,0.998792270531401
146,414,11,75,0.998,0.998792270531401
147,414,11,75,0.998,0.998792270531401
148,414,11,75,0.998,0.998792270531401
149,413,12,75,0.997,0.9981840193704601
150,413,12,75,0.997,0.9981840193704601
151,413,12,75,0.997,0.9981840193704601
152,413,12,75,0.997,0.9981840193704601
153,413,11,76,0.998,0.9987893462469734
154,413,11,76,0.998,0.9987893462469734
155,413,11,76,0.998,0.9987893462469734
156,412,12,76,0.998,0.9987864077669902
157,411,13,76,0.997,0.9981751824817519
158,411,13,76,0.997,0.9981751824817519
159,411,12,77,0.997,0.9981751824817519
160,411,12,77,0.997,0.9981751824817519
161,411,12,77,0.997,0.9981751824817519
162,409,14,77,0.995,0.9969437652811736
163,409,14,77,0.995,0.9969437652811736
164,409,14,77,0.995,0.9969437652811736
165,409,12,79,0.995,0.9969437652811736
166,408,13,79,0.993,0.9957107843137255
167,408,13,79,0.993,0.9957107843137255
168,408,13,79,0.993,0.9957107843137255
169,408,13,79,0.993,0.9957107843137255
170,407,14,79,0.991,0.9944717444717445
171,405,15,80,0.991,0.9944444444444445
172,404,15,81,0.992,0.995049504950495
173,404,15,81,0.992,0.995049504950495
174,404,14,82,0.993,0.9956683168316832
175,404,12,84,0.994,0.9962871287128713
176,404,11,85,0.994,0.9962871287128713
177,403,12,85,0.994,0.9962779156327544
178,403,12,85,0.994,0.9962779156327544
179,401,13,86,0.993,0.9956359102244389
180,400,12,88,0.995,0.996875
181,399,9,92,0.998,0.9987468671679198
182,399,9,92,0.998,0.9987468671679198
183,399,9,92,0.998,0.9987468671679198
184,399,9,92,0.998,0.9987468671679198
185,399,9,92,0.998,0.9987468671679198
186,398,10,92,0.997,0.9981155778894473
187,398,10,92,0.997,0.9981155778894473
188,398,7,95,0.999,0.9993718592964824
189,398,6,96,0.999,0.9993718592964824
190,397,7,96,1.0,1.0
191,397,7,96,1.0,1.0
192,397,7,96,1.0,1.0
193,396,8,96,1.0,1.0
194,396,8,96,1.0,1.0
195,396,8,96,1.0,1.0
196,396,7,97,1.0,1.0
197,396,6,98,1.0,1.0
198,396,5,99,1.0,1.0
199,396,4,100,1.0,1.0
200,396,4,100,1.0,1.0
1,498,2,0,0.999,0.9994979919678715
2,498,2,0,0.999,0.9994979919678715
3,497,3,0,0.997,0.9984909456740443
4,497,2,1,0.999,0.9994969818913481
5,497,2,1,0.999,0.9994969818913481
6,497,2,1,0.999,0.9994969818913481
7,495,4,1,0.997,0.9984848484848485
8,493,6,1,0.996,0.9979716024340771
9,492,7,1,0.995,0.9974593495934959
10,492,7,1,0.995,0.9974593495934959
11,492,6,2,0.996,0.9979674796747967
12,492,6,2,0.996,0.9979674796747967
13,492,6,2,0.996,0.9979674796747967
14,492,5,3,0.997,0.9984756097560976
15,492,5,3,0.997,0.9984756097560976
16,492,5,3,0.997,0.9984756097560976
17,491,6,3,0.997,0.9984725050916496
18,491,6,3,0.997,0.9984725050916496
19,490,6,4,0.999,0.9994897959183674
20,490,6,4,0.999,0.9994897959183674
21,490,5,5,0.999,0.9994897959183674
22,490,5,5,0.999,0.9994897959183674
23,490,4,6,1.0,1.0
24,490,4,6,1.0,1.0
25,490,4,6,1.0,1.0
26,489,5,6,1.0,1.0
27,489,5,6,1.0,1.0
28,489,5,6,1.0,1.0
29,488,5,7,0.999,0.9994877049180327
30,488,5,7,0.999,0.9994877049180327
31,488,5,7,0.999,0.9994877049180327
32,488,5,7,0.999,0.9994877049180327
33,488,5,7,0.999,0.9994877049180327
34,488,5,7,0.999,0.9994877049180327
35,488,4,8,0.999,0.9994877049180327
36,488,4,8,0.999,0.9994877049180327
37,487,5,8,0.998,0.9989733059548255
38,487,5,8,0.998,0.9989733059548255
39,487,5,8,0.998,0.9989733059548255
40,487,4,9,0.999,0.9994866529774127
41,486,5,9,0.999,0.9994855967078189
42,486,5,9,0.999,0.9994855967078189
43,486,4,10,0.999,0.9994855967078189
44,486,4,10,0.999,0.9994855967078189
45,486,4,10,0.999,0.9994855967078189
46,486,4,10,0.999,0.9994855967078189
47,486,4,10,0.999,0.9994855967078189
48,486,3,11,1.0,1.0
49,486,3,11,1.0,1.0
50,486,3,11,1.0,1.0
51,486,2,12,1.0,1.0
52,486,1,13,1.0,1.0
53,486,1,13,1.0,1.0
54,486,1,13,1.0,1.0
55,486,1,13,1.0,1.0
56,486,1,13,1.0,1.0
57,486,1,13,1.0,1.0
58,486,1,13,1.0,1.0
59,486,1,13,1.0,1.0
60,486,1,13,1.0,1.0
61,486,1,13,1.0,1.0
62,486,0,14,1.0,1.0
63,486,0,14,1.0,1.0
64,486,0,14,1.0,1.0
65,486,0,14,1.0,1.0
66,486,0,14,1.0,1.0
67,486,0,14,1.0,1.0
68,486,0,14,1.0,1.0
69,486,0,14,1.0,1.0
70,486,0,14,1.0,1.0
71,486,0,14,1.0,1.0
72,486,0,14,1.0,1.0
73,486,0,14,1.0,1.0
74,486,0,14,1.0,1.0
75,486,0,14,1.0,1.0
76,486,0,14,1.0,1.0
77,486,0,14,1.0,1.0
78,486,0,14,1.0,1.0
79,486,0,14,1.0,1.0
80,486,0,14,1.0,1.0
81,486,0,14,1.0,1.0
82,486,0,14,1.0,1.0
83,486,0,14,1.0,1.0
84,486,0,14,1.0,1.0
85,486,0,14,1.0,1.0
86,486,0,14,1.0,1.0
87,486,0,14,1.0,1.0
88,486,0,14,1.0,1.0
89,486,0,14,1.0,1.0
90,486,0,14,1.0,1.0
91,486,0,14,1.0,1.0
92,486,0,14,1.0,1.0
93,486,0,14,1.0,1.0
94,486,0,14,1.0,1.0
95,486,0,14,1.0,1.0
96,486,0,14,1.0,1.0
97,486,0,14,1.0,1.0
98,486,0,14,1.0,1.0
99,486,0,14,1.0,1.0
100,486,0,14,1.0,1.0
101,486,0,14,1.0,1.0
102,486,0,14,1.0,1.0
103,486,0,14,1.0,1.0
104,486,0,14,1.0,1.0
105,486,0,14,1.0,1.0
106,486,0,14,1.0,1.0
107,486,0,14,1.0,1.0
108,486,0,14,1.0,1.0
109,486,0,14,1.0,1.0
110,486,0,14,1.0,1.0
111,486,0,14,1.0,1.0
112,486,0,14,1.0,1.0
113,486,0,14,1.0,1.0
114,486,0,14,1.0,1.0
115,486,0,14,1.0,1.0
116,486,0,14,1.0,1.0
117,486,0,14,1.0,1.0
118,486,0,14,1.0,1.0
119,486,0,14,1.0,1.0
120,486,0,14,1.0,1.0
121,486,0,14,1.0,1.0
122,486,0,14,1.0,1.0
123,486,0,14,1.0,1.0
124,486,0,14,1.0,1.0
125,486,0,14,1.0,1.0
126,486,0,14,1.0,1.0
127,486,0,14,1.0,1.0
128,486,0,14,1.0,1.0
129,486,0,14,1.0,1.0
130,486,0,14,1.0,1.0
131,486,0,14,1.0,1.0
132,486,0,14,1.0,1.0
133,486,0,14,1.0,1.0
134,486,0,14,1.0,1.0
135,486,0,14,1.0,1.0
136,486,0,14,1.0,1.0
137,486,0,14,1.0,1.0
138,486,0,14,1.0,1.0
139,486,0,14,1.0,1.0
140,486,0,14,1.0,1.0
141,486,0,14,1.0,1.0
142,486,0,14,1.0,1.0
143,486,0,14,1.0,1.0
144,486,0,14,1.0,1.0
145,486,0,14,1.0,1.0
146,486,0,14,1.0,1.0
147,486,0,14,1.0,1.0
148,486,0,14,1.0,1.0
149,486,0,14,1.0,1.0
150,486,0,14,1.0,1.0
151,486,0,14,1.0,1.0
152,486,0,14,1.0,1.0
153,486,0,14,1.0,1.0
154,486,0,14,1.0,1.0
155,486,0,14,1.0,1.0
156,486,0,14,1.0,1.0
157,486,0,14,1.0,1.0
158,486,0,14,1.0,1.0
159,486,0,14,1.0,1.0
160,486,0,14,1.0,1.0
161,486,0,14,1.0,1.0
162,486,0,14,1.0,1.0
163,486,0,14,1.0,1.0
164,486,0,14,1.0,1.0
165,486,0,14,1.0,1.0
166,486,0,14,1.0,1.0
167,486,0,14,1.0,1.0
168,486,0,14,1.0,1.0
169,486,0,14,1.0,1.0
170,486,0,14,1.0,1.0
171,486,0,14,1.0,1.0
172,486,0,14,1.0,1.0
173,486,0,14,1.0,1.0
174,486,0,14,1.0,1.0
175,486,0,14,1.0,1.0
176,486,0,14,1.0,1.0
177,486,0,14,1.0,1.0
178,486,0,14,1.0,1.0
179,486,0,14,1.0,1.0
180,486,0,14,1.0,1.0
181,486,0,14,1.0,1.0
182,486,0,14,1.0,1.0
183,486,0,14,1.0,1.0
184,486,0,14,1.0,1.0
185,486,0,14,1.0,1.0
186,486,0,14,1.0,1.0
187,486,0,14,1.0,1.0
188,486,0,14,1.0,1.0
189,486,0,14,1.0,1.0
190,486,0,14,1.0,1.0
191,486,0,14,1.0,1.0
192,486,0,14,1.0,1.0
193,486,0,14,1.0,1.0
194,486,0,14,1.0,1.0
195,486,0,14,1.0,1.0
196,486,0,14,1.0,1.0
197,486,0,14,1.0,1.0
198,486,0,14,1.0,1.0
199,486,0,14,1.0,1.0
200,486,0,14,1.0,1.0
1,498,2,0,0.999,0.9994979919678715
2,498,2,0,0.999,0.9994979919678715
3,498,2,0,0.999,0.9994979919678715
4,498,2,0,0.999,0.9994979919678715
5,498,2,0,0.999,0.9994979919678715
6,497,3,0,0.999,0.9994969818913481
7,497,3,0,0.999,0.9994969818913481
8,495,5,0,0.996,0.997979797979798
9,495,5,0,0.996,0.997979797979798
10,495,5,0,0.996,0.997979797979798
11,492,7,1,0.996,0.9979674796747967
12,491,5,4,0.998,0.9989816700610998
13,490,6,4,0.998,0.9989795918367347
14,490,6,4,0.998,0.9989795918367347
15,490,6,4,0.998,0.9989795918367347
16,490,6,4,0.998,0.9989795918367347
17,490,6,4,0.998,0.9989795918367347
18,489,6,5,0.998,0.9989775051124744
19,489,6,5,0.998,0.9989775051124744
20,488,6,6,0.998,0.9989754098360656
21,487,7,6,0.997,0.9984599589322382
22,486,8,6,0.996,0.9979423868312757
23,486,7,7,0.997,0.9984567901234568
24,486,7,7,0.997,0.9984567901234568
25,486,7,7,0.997,0.9984567901234568
26,486,6,8,0.998,0.9989711934156379
27,486,6,8,0.998,0.9989711934156379
28,486,6,8,0.998,0.9989711934156379
29,486,5,9,0.999,0.9994855967078189
30,486,5,9,0.999,0.9994855967078189
31,486,5,9,0.999,0.9994855967078189
32,486,5,9,0.999,0.9994855967078189
33,486,5,9,0.999,0.9994855967078189
34,486,5,9,0.999,0.9994855967078189
35,486,5,9,0.999,0.9994855967078189
36,486,5,9,0.999,0.9994855967078189
37,486,5,9,0.999,0.9994855967078189
38,486,5,9,0.999,0.9994855967078189
39,486,5,9,0.999,0.9994855967078189
40,486,5,9,0.999,0.9994855967078189
41,486,5,9,0.999,0.9994855967078189
42,485,6,9,1.0,1.0
43,485,6,9,1.0,1.0
44,484,7,9,1.0,1.0
45,484,6,10,1.0,1.0
46,483,7,10,0.999,0.9994824016563147
47,483,6,11,1.0,1.0
48,483,6,11,1.0,1.0
49,482,7,11,1.0,1.0
50,482,7,11,1.0,1.0
51,482,7,11,1.0,1.0
52,482,7,11,1.0,1.0
53,482,5,13,1.0,1.0
54,482,5,13,1.0,1.0
55,482,5,13,1.0,1.0
56,482,5,13,1.0,1.0
57,481,5,14,0.999,0.9994802494802495
58,481,5,14,0.999,0.9994802494802495
59,481,4,15,0.999,0.9994802494802495
60,481,4,15,0.999,0.9994802494802495
61,481,4,15,0.999,0.9994802494802495
62,481,4,15,0.999,0.9994802494802495
63,481,4,15,0.999,0.9994802494802495
64,481,4,15,0.999,0.9994802494802495
65,481,4,15,0.999,0.9994802494802495
66,481,4,15,0.999,0.9994802494802495
67,481,3,16,0.999,0.9994802494802495
68,481,3,16,0.999,0.9994802494802495
69,481,3,16,0.999,0.9994802494802495
70,481,3,16,0.999,0.9994802494802495
71,481,2,17,0.999,0.9994802494802495
72,481,2,17,0.999,0.9994802494802495
73,481,2,17,0.999,0.9994802494802495
74,481,2,17,0.999,0.9994802494802495
75,481,2,17,0.999,0.9994802494802495
76,481,2,17,0.999,0.9994802494802495
77,481,2,17,0.999,0.9994802494802495
78,481,2,17,0.999,0.9994802494802495
79,481,2,17,0.999,0.9994802494802495
80,481,2,17,0.999,0.9994802494802495
81,480,3,17,0.999,0.9994791666666667
82,480,3,17,0.999,0.9994791666666667
83,480,3,17,0.999,0.9994791666666667
84,480,3,17,0.999,0.9994791666666667
85,480,2,18,1.0,1.0
86,480,2,18,1.0,1.0
87,480,2,18,1.0,1.0
88,480,2,18,1.0,1.0
89,480,2,18,1.0,1.0
90,480,2,18,1.0,1.0
91,480,2,18,1.0,1.0
92,480,2,18,1.0,1.0
93,480,1,19,1.0,1.0
94,480,1,19,1.0,1.0
95,480,1,19,1.0,1.0
96,480,1,19,1.0,1.0
97,480,1,19,1.0,1.0
98,480,1,19,1.0,1.0
99,480,1,19,1.0,1.0
100,480,1,19,1.0,1.0
101,480,1,19,1.0,1.0
102,480,1,19,1.0,1.0
103,480,1,19,1.0,1.0
104,480,1,19,1.0,1.0
105,480,1,19,1.0,1.0
106,480,1,19,1.0,1.0
107,480,1,19,1.0,1.0
108,480,1,19,1.0,1.0
109,480,1,19,1.0,1.0
110,480,1,19,1.0,1.0
111,480,1,19,1.0,1.0
112,480,1,19,1.0,1.0
113,480,1,19,1.0,1.0
114,480,1,19,1.0,1.0
115,480,1,19,1.0,1.0
116,480,1,19,1.0,1.0
117,480,0,20,1.0,1.0
118,480,0,20,1.0,1.0
119,480,0,20,1.0,1.0
120,480,0,20,1.0,1.0
121,480,0,20,1.0,1.0
122,480,0,20,1.0,1.0
123,480,0,20,1.0,1.0
124,480,0,20,1.0,1.0
125,480,0,20,1.0,1.0
126,480,0,20,1.0,1.0
127,480,0,20,1.0,1.0
128,480,0,20,1.0,1.0
129,480,0,20,1.0,1.0
130,480,0,20,1.0,1.0
131,480,0,20,1.0,1.0
132,480,0,20,1.0,1.0
133,480,0,20,1.0,1.0
134,480,0,20,1.0,1.0
135,480,0,20,1.0,1.0
136,480,0,20,1.0,1.0
137,480,0,20,1.0,1.0
138,480,0,20,1.0,1.0
139,480,0,20,1.0,1.0
140,480,0,20,1.0,1.0
141,480,0,20,1.0,1.0
142,480,0,20,1.0,1.0
143,480,0,20,1.0,1.0
144,480,0,20,1.0,1.0
145,480,0,20,1.0,1.0
146,480,0,20,1.0,1.0
147,480,0,20,1.0,1.0
148,480,0,20,1.0,1.0
149,480,0,20,1.0,1.0
150,480,0,20,1.0,1.0
151,480,0,20,1.0,1.0
152,480,0,20,1.0,1.0
153,480,0,20,1.0,1.0
154,480,0,20,1.0,1.0
155,480,0,20,1.0,1.0
156,480,0,20,1.0,1.0
157,480,0,20,1.0,1.0
158,480,0,20,1.0,1.0
159,480,0,20,1.0,1.0
160,480,0,20,1.0,1.0
161,480,0,20,1.0,1.0
162,480,0,20,1.0,1.0
163,480,0,20,1.0,1.0
164,480,0,20,1.0,1.0
165,480,0,20,1.0,1.0
166,480,0,20,1.0,1.0
167,480,0,20,1.0,1.0
168,480,0,20,1.0,1.0
169,480,0,20,1.0,1.0
170,480,0,20,1.0,1.0
171,480,0,20,1.0,1.0
172,480,0,20,1.0,1.0
173,480,0,20,1.0,1.0
174,480,0,20,1.0,1.0
175,480,0,20,1.0,1.0
176,480,0,20,1.0,1.0
177,480,0,20,1.0,1.0
178,480,0,20,1.0,1.0
179,480,0,20,1.0,1.0
180,480,0,20,1.0,1.0
181,480,0,20,1.0,1.0
182,480,0,20,1.0,1.0
183,480,0,20,1.0,1.0
184,480,0,20,1.0,1.0
185,480,0,20,1.0,1.0
186,480,0,20,1.0,1.0
187,480,0,20,1.0,1.0
188,480,0,20,1.0,1.0
189,480,0,20,1.0,1.0
190,480,0,20,1.0,1.0
191,480,0,20,1.0,1.0
192,480,0,20,1.0,1.0
193,480,0,20,1.0,1.0
194,480,0,20,1.0,1.0
195,480,0,20,1.0,1.0
196,480,0,20,1.0,1.0
197,480,0,20,1.0,1.0
198,480,0,20,1.0,1.0
199,480,0,20,1.0,1.0
200,480,0,20,1.0,1.0
1,499,1,0,1.0,1.0
2,497,3,0,0.998,0.9989939637826962
3,497,2,1,0.999,0.9994969818913481
4,497,2,1,0.999,0.9994969818913481
5,497,2,1,0.999,0.9994969818913481
6,497,2,1,0.999,0.9994969818913481
7,497,2,1,0.999,0.9994969818913481
8,497,2,1,0.999,0.9994969818913481
9,497,2,1,0.999,0.9994969818913481
10,497,2,1,0.999,0.9994969818913481
11,497,1,2,1.0,1.0
12,497,0,3,1.0,1.0
13,497,0,3,1.0,1.0
14,497,0,3,1.0,1.0
15,497,0,3,1.0,1.0
16,497,0,3,1.0,1.0
17,497,0,3,1.0,1.0
18,497,0,3,1.0,1.0
19,497,0,3,1.0,1.0
20,497,0,3,1.0,1.0
21,497,0,3,1.0,1.0
22,497,0,3,1.0,1.0
23,497,0,3,1.0,1.0
24,497,0,3,1.0,1.0
25,497,0,3,1.0,1.0
26,497,0,3,1.0,1.0
27,497,0,3,1.0,1.0
28,497,0,3,1.0,1.0
29,497,0,3,1.0,1.0
30,497,0,3,1.0,1.0
31,497,0,3,1.0,1.0
32,497,0,3,1.0,1.0
33,497,0,3,1.0,1.0
34,497,0,3,1.0,1.0
35,497,0,3,1.0,1.0
36,497,0,3,1.0,1.0
37,497,0,3,1.0,1.0
38,497,0,3,1.0,1.0
39,497,0,3,1.0,1.0
40,497,0,3,1.0,1.0
41,497,0,3,1.0,1.0
42,497,0,3,1.0,1.0
43,497,0,3,1.0,1.0
44,497,0,3,1.0,1.0
45,497,0,3,1.0,1.0
46,497,0,3,1.0,1.0
47,497,0,3,1.0,1.0
48,497,0,3,1.0,1.0
49,497,0,3,1.0,1.0
50,497,0,3,1.0,1.0
51,497,0,3,1.0,1.0
52,497,0,3,1.0,1.0
53,497,0,3,1.0,1.0
54,497,0,3,1.0,1.0
55,497,0,3,1.0,1.0
56,497,0,3,1.0,1.0
57,497,0,3,1.0,1.0
58,497,0,3,1.0,1.0
59,497,0,3,1.0,1.0
60,497,0,3,1.0,1.0
61,497,0,3,1.0,1.0
62,497,0,3,1.0,1.0
63,497,0,3,1.0,1.0
64,497,0,3,1.0,1.0
65,497,0,3,1.0,1.0
66,497,0,3,1.0,1.0
67,497,0,3,1.0,1.0
68,497,0,3,1.0,1.0
69,497,0,3,1.0,1.0
70,497,0,3,1.0,1.0
71,497,0,3,1.0,1.0
72,497,0,3,1.0,1.0
73,497,0,3,1.0,1.0
74,497,0,3,1.0,1.0
75,497,0,3,1.0,1.0
76,497,0,3,1.0,1.0
77,497,0,3,1.0,1.0
78,497,0,3,1.0,1.0
79,497,0,3,1.0,1.0
80,497,0,3,1.0,1.0
81,497,0,3,1.0,1.0
82,497,0,3,1.0,1.0
83,497,0,3,1.0,1.0
84,497,0,3,1.0,1.0
85,497,0,3,1.0,1.0
86,497,0,3,1.0,1.0
87,497,0,3,1.0,1.0
88,497,0,3,1.0,1.0
89,497,0,3,1.0,1.0
90,497,0,3,1.0,1.0
91,497,0,3,1.0,1.0
92,497,0,3,1.0,1.0
93,497,0,3,1.0,1.0
94,497,0,3,1.0,1.0
95,497,0,3,1.0,1.0
96,497,0,3,1.0,1.0
97,497,0,3,1.0,1.0
98,497,0,3,1.0,1.0
99,497,0,3,1.0,1.0
100,497,0,3,1.0,1.0
101,497,0,3,1.0,1.0
102,497,0,3,1.0,1.0
103,497,0,3,1.0,1.0
104,497,0,3,1.0,1.0
105,497,0,3,1.0,1.0
106,497,0,3,1.0,1.0
107,497,0,3,1.0,1.0
108,497,0,3,1.0,1.0
109,497,0,3,1.0,1.0
110,497,0,3,1.0,1.0
111,497,0,3,1.0,1.0
112,497,0,3,1.0,1.0
113,497,0,3,1.0,1.0
114,497,0,3,1.0,1.0
115,497,0,3,1.0,1.0
116,497,0,3,1.0,1.0
117,497,0,3,1.0,1.0
118,497,0,3,1.0,1.0
119,497,0,3,1.0,1.0
120,497,0,3,1.0,1.0
121,497,0,3,1.0,1.0
122,497,0,3,1.0,1.0
123,497,0,3,1.0,1.0
124,497,0,3,1.0,1.0
125,497,0,3,1.0,1.0
126,497,0,3,1.0,1.0
127,497,0,3,1.0,1.0
128,497,0,3,1.0,1.0
129,497,0,3,1.0,1.0
130,497,0,3,1.0,1.0
131,497,0,3,1.0,1.0
132,497,0,3,1.0,1.0
133,497,0,3,1.0,1.0
134,497,0,3,1.0,1.0
135,497,0,3,1.0,1.0
136,497,0,3,1.0,1.0
137,497,0,3,1.0,1.0
138,497,0,3,1.0,1.0
139,497,0,3,1.0,1.0
140,497,0,3,1.0,1.0
141,497,0,3,1.0,1.0
142,497,0,3,1.0,1.0
143,497,0,3,1.0,1.0
144,497,0,3,1.0,1.0
145,497,0,3,1.0,1.0
146,497,0,3,1.0,1.0
147,497,0,3,1.0,1.0
148,497,0,3,1.0,1.0
149,497,0,3,1.0,1.0
150,497,0,3,1.0,1.0
151,497,0,3,1.0,1.0
152,497,0,3,1.0,1.0
153,497,0,3,1.0,1.0
154,497,0,3,1.0,1.0
155,497,0,3,1.0,1.0
156,497,0,3,1.0,1.0
157,497,0,3,1.0,1.0
158,497,0,3,1.0,1.0
159,497,0,3,1.0,1.0
160,497,0,3,1.0,1.0
161,497,0,3,1.0,1.0
162,497,0,3,1.0,1.0
163,497,0,3,1.0,1.0
164,497,0,3,1.0,1.0
165,497,0,3,1.0,1.0
166,497,0,3,1.0,1.0
167,497,0,3,1.0,1.0
168,497,0,3,1.0,1.0
169,497,0,3,1.0,1.0
170,497,0,3,1.0,1.0
171,497,0,3,1.0,1.0
172,497,0,3,1.0,1.0
173,497,0,3,1.0,1.0
174,497,0,3,1.0,1.0
175,497,0,3,1.0,1.0
176,497,0,3,1.0,1.0
177,497,0,3,1.0,1.0
178,497,0,3,1.0,1.0
179,497,0,3,1.0,1.0
180,497,0,3,1.0,1.0
181,497,0,3,1.0,1.0
182,497,0,3,1.0,1.0
183,497,0,3,1.0,1.0
184,497,0,3,1.0,1.0
185,497,0,3,1.0,1.0
186,497,0,3,1.0,1.0
187,497,0,3,1.0,1.0
188,497,0,3,1.0,1.0
189,497,0,3,1.0,1.0
190,497,0,3,1.0,1.0
191,497,0,3,1.0,1.0
192,497,0,3,1.0,1.0
193,497,0,3,1.0,1.0
194,497,0,3,1.0,1.0
195,497,0,3,1.0,1.0
196,497,0,3,1.0,1.0
197,497,0,3,1.0,1.0
198,497,0,3,1.0,1.0
199,497,0,3,1.0,1.0
200,497,0,3,1.0,1.0
