day,s,i,r,edgecount,suscedgecount
1,997,3,0,0.9966470588235294,1.0
2,992,8,0,0.9943529411764706,0.9988372070574758
3,988,12,0,0.9903529411764705,0.9968188543830598
4,981,17,2,0.9858823529411764,0.9945139674482472
5,965,31,4,0.9734117647058823,0.9879512749520517
6,949,45,6,0.9614705882352941,0.981394012798584
7,927,66,7,0.9394705882352942,0.9690576858550757
8,894,97,9,0.9111764705882353,0.9520405535569728
9,851,136,13,0.8736470588235294,0.927417684854391
10,787,193,20,0.8313529411764706,0.8943920895397574
11,707,261,32,0.7952941176470588,0.8564762318146741
12,625,322,53,0.7727647058823529,0.819354502662665
13,541,389,70,0.7614117647058823,0.7802598784354354
14,445,467,88,0.7651176470588236,0.7361474022487194
15,352,534,114,0.7875882352941177,0.6974376166737083
16,276,591,133,0.815764705882353,0.6648695752666909
17,227,620,153,0.8410588235294117,0.6478942576478032
18,169,660,171,0.8791176470588236,0.6401016449774919
19,112,685,203,0.9204117647058824,0.6411848682771913
20,77,698,225,0.9458235294117647,0.644972915572518
21,54,696,250,0.9621176470588235,0.6437202430694342
22,42,681,277,0.9704705882352941,0.6418816439810516
23,29,661,310,0.9800588235294118,0.6504366007305442
24,24,642,334,0.9825294117647059,0.6289273946046136
25,16,613,371,0.9883529411764705,0.6353384584186582
26,10,593,397,0.9925882352941177,0.629055309045633
27,8,572,420,0.9941764705882353,0.6343507074138632
28,7,550,443,0.995,0.6425823684057657
29,7,531,462,0.9951176470588236,0.6508936270842258
30,6,511,483,0.9958823529411764,0.6580465629190988
31,3,492,505,0.9979411764705882,0.6673395137458119
32,2,472,526,0.9986470588235294,0.6727017989699029
33,2,447,551,0.9987058823529412,0.6866141232794993
34,2,427,571,0.9987647058823529,0.7013448196073074
35,2,409,589,0.9989411764705882,0.7439001645543086
36,2,385,613,0.9989411764705882,0.7439001645543086
37,2,371,627,0.9989411764705882,0.7439001645543086
38,2,359,639,0.9989411764705882,0.7439001645543086
39,1,349,650,0.9995294117647059,0.7659962090460207
40,1,330,669,0.9996470588235294,0.824918994357253
41,1,318,681,0.9996470588235294,0.824918994357253
42,1,308,691,0.9996470588235294,0.824918994357253
43,1,286,713,0.9996470588235294,0.824918994357253
44,1,280,719,0.9996470588235294,0.824918994357253
45,1,267,732,0.9996470588235294,0.824918994357253
46,1,258,741,0.9996470588235294,0.824918994357253
47,1,247,752,0.9997058823529412,0.8543803870128692
48,1,238,761,0.9997058823529412,0.8543803870128692
49,1,231,768,0.9997058823529412,0.8543803870128692
50,1,219,780,0.9997058823529412,0.8543803870128692
51,1,211,788,0.9997058823529412,0.8543803870128692
52,1,203,796,0.9997058823529412,0.8543803870128692
53,1,198,801,0.9997058823529412,0.8543803870128692
54,1,187,812,0.9997058823529412,0.8543803870128692
55,0,176,824,1.0,
56,0,169,831,1.0,
57,0,166,834,1.0,
58,0,159,841,1.0,
59,0,154,846,1.0,
60,0,149,851,1.0,
61,0,145,855,1.0,
62,0,137,863,1.0,
63,0,129,871,1.0,
64,0,121,879,1.0,
65,0,117,883,1.0,
66,0,111,889,1.0,
67,0,106,894,1.0,
68,0,103,897,1.0,
69,0,100,900,1.0,
70,0,97,903,1.0,
71,0,93,907,1.0,
72,0,88,912,1.0,
73,0,87,913,1.0,
74,0,86,914,1.0,
75,0,80,920,1.0,
76,0,78,922,1.0,
77,0,77,923,1.0,
78,0,77,923,1.0,
79,0,75,925,1.0,
80,0,70,930,1.0,
81,0,68,932,1.0,
82,0,65,935,1.0,
83,0,62,938,1.0,
84,0,59,941,1.0,
85,0,58,942,1.0,
86,0,56,944,1.0,
87,0,53,947,1.0,
88,0,49,951,1.0,
89,0,48,952,1.0,
90,0,48,952,1.0,
91,0,47,953,1.0,
92,0,45,955,1.0,
93,0,42,958,1.0,
94,0,41,959,1.0,
95,0,40,960,1.0,
96,0,39,961,1.0,
97,0,39,961,1.0,
98,0,37,963,1.0,
99,0,36,964,1.0,
100,0,36,964,1.0,
101,0,34,966,1.0,
102,0,31,969,1.0,
103,0,29,971,1.0,
104,0,28,972,1.0,
105,0,27,973,1.0,
106,0,26,974,1.0,
107,0,25,975,1.0,
108,0,23,977,1.0,
109,0,23,977,1.0,
110,0,23,977,1.0,
111,0,23,977,1.0,
112,0,21,979,1.0,
113,0,21,979,1.0,
114,0,19,981,1.0,
115,0,19,981,1.0,
116,0,19,981,1.0,
117,0,18,982,1.0,
118,0,17,983,1.0,
119,0,16,984,1.0,
120,0,16,984,1.0,
121,0,14,986,1.0,
122,0,13,987,1.0,
123,0,12,988,1.0,
124,0,12,988,1.0,
125,0,11,989,1.0,
126,0,11,989,1.0,
127,0,11,989,1.0,
128,0,11,989,1.0,
129,0,10,990,1.0,
130,0,10,990,1.0,
131,0,10,990,1.0,
132,0,10,990,1.0,
133,0,10,990,1.0,
134,0,10,990,1.0,
135,0,10,990,1.0,
136,0,9,991,1.0,
137,0,9,991,1.0,
138,0,8,992,1.0,
139,0,7,993,1.0,
140,0,7,993,1.0,
141,0,7,993,1.0,
142,0,7,993,1.0,
143,0,5,995,1.0,
144,0,4,996,1.0,
145,0,4,996,1.0,
146,0,4,996,1.0,
147,0,4,996,1.0,
148,0,4,996,1.0,
149,0,4,996,1.0,
150,0,3,997,1.0,
151,0,3,997,1.0,
152,0,3,997,1.0,
153,0,3,997,1.0,
154,0,3,997,1.0,
155,0,3,997,1.0,
156,0,2,998,1.0,
157,0,2,998,1.0,
158,0,1,999,1.0,
159,0,1,999,1.0,
160,0,1,999,1.0,
161,0,1,999,1.0,
162,0,1,999,1.0,
163,0,1,999,1.0,
164,0,1,999,1.0,
165,0,1,999,1.0,
166,0,1,999,1.0,
167,0,1,999,1.0,
168,0,1,999,1.0,
169,0,1,999,1.0,
170,0,1,999,1.0,
171,0,1,999,1.0,
172,0,1,999,1.0,
173,0,1,999,1.0,
174,0,1,999,1.0,
175,0,1,999,1.0,
176,0,1,999,1.0,
177,0,1,999,1.0,
178,0,1,999,1.0,
179,0,1,999,1.0,
180,0,1,999,1.0,
181,0,1,999,1.0,
182,0,1,999,1.0,
183,0,1,999,1.0,
184,0,1,999,1.0,
185,0,1,999,1.0,
186,0,1,999,1.0,
187,0,1,999,1.0,
188,0,1,999,1.0,
189,0,1,999,1.0,
190,0,1,999,1.0,
191,0,1,999,1.0,
192,0,1,999,1.0,
193,0,1,999,1.0,
194,0,1,999,1.0,
195,0,1,999,1.0,
196,0,1,999,1.0,
197,0,1,999,1.0,
198,0,1,999,1.0,
199,0,1,999,1.0,
200,0,1,999,1.0,
1,997,3,0,0.9972352941176471,1.0
2,994,6,0,0.9945294117647059,0.9986259564684247
3,989,11,0,0.9906470588235294,0.9966383986461921
4,982,17,1,0.9883529411764705,0.995450223754998
5,967,32,1,0.9752941176470589,0.9885948556757347
6,945,52,3,0.9552352941176471,0.9776380212777239
7,906,88,6,0.9182941176470588,0.9561817165874195
8,865,124,11,0.8838823529411765,0.9341391281300477
9,800,180,20,0.843764705882353,0.903567782744486
10,729,241,30,0.803,0.8658165399916948
11,658,305,37,0.7737647058823529,0.8289149424735199
12,568,377,55,0.749,0.7796685721204141
13,477,449,74,0.7519411764705882,0.7410275980198834
14,409,496,95,0.7608823529411765,0.7080281234818013
15,336,547,117,0.7872941176470588,0.6834474285863908
16,257,598,145,0.8245882352941176,0.657683786094905
17,192,638,170,0.8638235294117647,0.6435217964831158
18,140,657,203,0.8965882352941177,0.6277774426947752
19,106,676,218,0.9208823529411765,0.6237092593100692
20,66,688,246,0.9502352941176471,0.6174617564817217
21,40,685,275,0.9698235294117648,0.6168738898607706
22,23,676,301,0.9828823529411764,0.6193147604749548
23,17,654,329,0.9871764705882353,0.614207131682359
24,16,628,356,0.9880588235294118,0.6171287790399561
25,12,602,386,0.9911764705882353,0.6236333664636396
26,8,584,408,0.9941176470588236,0.6235654096238605
27,4,557,439,0.9971764705882353,0.6382053051323667
28,3,528,469,0.998,0.6512381431268753
29,1,507,492,0.9992941176470588,0.6372554146083906
30,0,491,509,1.0,
31,0,474,526,1.0,
32,0,453,547,1.0,
33,0,433,567,1.0,
34,0,422,578,1.0,
35,0,403,597,1.0,
36,0,389,611,1.0,
37,0,374,626,1.0,
38,0,356,644,1.0,
39,0,345,655,1.0,
40,0,332,668,1.0,
41,0,324,676,1.0,
42,0,309,691,1.0,
43,0,296,704,1.0,
44,0,282,718,1.0,
45,0,271,729,1.0,
46,0,258,742,1.0,
47,0,245,755,1.0,
48,0,232,768,1.0,
49,0,223,777,1.0,
50,0,211,789,1.0,
51,0,201,799,1.0,
52,0,190,810,1.0,
53,0,182,818,1.0,
54,0,173,827,1.0,
55,0,166,834,1.0,
56,0,155,845,1.0,
57,0,153,847,1.0,
58,0,147,853,1.0,
59,0,142,858,1.0,
60,0,134,866,1.0,
61,0,130,870,1.0,
62,0,125,875,1.0,
63,0,118,882,1.0,
64,0,110,890,1.0,
65,0,103,897,1.0,
66,0,99,901,1.0,
67,0,95,905,1.0,
68,0,94,906,1.0,
69,0,90,910,1.0,
70,0,86,914,1.0,
71,0,83,917,1.0,
72,0,77,923,1.0,
73,0,75,925,1.0,
74,0,70,930,1.0,
75,0,65,935,1.0,
76,0,61,939,1.0,
77,0,58,942,1.0,
78,0,56,944,1.0,
79,0,53,947,1.0,
80,0,48,952,1.0,
81,0,48,952,1.0,
82,0,46,954,1.0,
83,0,46,954,1.0,
84,0,44,956,1.0,
85,0,43,957,1.0,
86,0,42,958,1.0,
87,0,42,958,1.0,
88,0,39,961,1.0,
89,0,35,965,1.0,
90,0,34,966,1.0,
91,0,32,968,1.0,
92,0,30,970,1.0,
93,0,30,970,1.0,
94,0,29,971,1.0,
95,0,29,971,1.0,
96,0,28,972,1.0,
97,0,26,974,1.0,
98,0,26,974,1.0,
99,0,26,974,1.0,
100,0,25,975,1.0,
101,0,23,977,1.0,
102,0,22,978,1.0,
103,0,22,978,1.0,
104,0,22,978,1.0,
105,0,22,978,1.0,
106,0,21,979,1.0,
107,0,20,980,1.0,
108,0,20,980,1.0,
109,0,20,980,1.0,
110,0,19,981,1.0,
111,0,19,981,1.0,
112,0,18,982,1.0,
113,0,17,983,1.0,
114,0,15,985,1.0,
115,0,15,985,1.0,
116,0,15,985,1.0,
117,0,15,985,1.0,
118,0,15,985,1.0,
119,0,15,985,1.0,
120,0,14,986,1.0,
121,0,13,987,1.0,
122,0,13,987,1.0,
123,0,13,987,1.0,
124,0,13,987,1.0,
125,0,13,987,1.0,
126,0,12,988,1.0,
127,0,12,988,1.0,
128,0,11,989,1.0,
129,0,9,991,1.0,
130,0,9,991,1.0,
131,0,9,991,1.0,
132,0,9,991,1.0,
133,0,9,991,1.0,
134,0,8,992,1.0,
135,0,7,993,1.0,
136,0,7,993,1.0,
137,0,6,994,1.0,
138,0,6,994,1.0,
139,0,6,994,1.0,
140,0,6,994,1.0,
141,0,6,994,1.0,
142,0,5,995,1.0,
143,0,5,995,1.0,
144,0,5,995,1.0,
145,0,5,995,1.0,
146,0,5,995,1.0,
147,0,5,995,1.0,
148,0,5,995,1.0,
149,0,5,995,1.0,
150,0,5,995,1.0,
151,0,4,996,1.0,
152,0,4,996,1.0,
153,0,4,996,1.0,
154,0,4,996,1.0,
155,0,4,996,1.0,
156,0,4,996,1.0,
157,0,4,996,1.0,
158,0,4,996,1.0,
159,0,4,996,1.0,
160,0,4,996,1.0,
161,0,4,996,1.0,
162,0,4,996,1.0,
163,0,3,997,1.0,
164,0,3,997,1.0,
165,0,2,998,1.0,
166,0,2,998,1.0,
167,0,2,998,1.0,
168,0,2,998,1.0,
169,0,2,998,1.0,
170,0,2,998,1.0,
171,0,2,998,1.0,
172,0,2,998,1.0,
173,0,2,998,1.0,
174,0,2,998,1.0,
175,0,2,998,1.0,
176,0,2,998,1.0,
177,0,2,998,1.0,
178,0,2,998,1.0,
179,0,2,998,1.0,
180,0,2,998,1.0,
181,0,2,998,1.0,
182,0,1,999,1.0,
183,0,1,999,1.0,
184,0,1,999,1.0,
185,0,1,999,1.0,
186,0,1,999,1.0,
187,0,1,999,1.0,
188,0,1,999,1.0,
189,0,0,1000,1.0,
190,0,0,1000,1.0,
191,0,0,1000,1.0,
192,0,0,1000,1.0,
193,0,0,1000,1.0,
194,0,0,1000,1.0,
195,0,0,1000,1.0,
196,0,0,1000,1.0,
197,0,0,1000,1.0,
198,0,0,1000,1.0,
199,0,0,1000,1.0,
200,0,0,1000,1.0,
1,997,3,0,0.9979411764705882,1.0
2,992,8,0,0.9922941176470588,0.9971196371647005
3,984,15,1,0.9872352941176471,0.994481829308547
4,973,26,1,0.9753529411764705,0.9882666223033573
5,962,36,2,0.9677058823529412,0.9841095491674007
6,935,63,2,0.947,0.9724609126330688
7,900,95,5,0.9183529411764706,0.9554992012782757
8,861,127,12,0.8927058823529411,0.9385422402284651
9,807,170,23,0.8578235294117647,0.9127102059231498
10,745,221,34,0.816,0.8771715161031067
11,672,287,41,0.774,0.8324160226286859
12,580,361,59,0.7458235294117647,0.7810409632575614
13,500,424,76,0.7374117647058823,0.7370694004817153
14,416,479,105,0.756235294117647,0.7069375712964743
15,328,546,126,0.7871176470588235,0.6747716887561436
16,253,595,152,0.8260588235294117,0.654863784186033
17,190,633,177,0.8643529411764705,0.6401285598348486
18,128,673,199,0.9061764705882352,0.6301474466052316
19,78,690,232,0.9420588235294117,0.6244019708807566
20,44,697,259,0.9674117647058823,0.62570256307728
21,24,690,286,0.9825294117647059,0.6324057037974522
22,11,669,320,0.992,0.633587381723987
23,6,642,352,0.9955294117647059,0.6204773772364984
24,5,621,374,0.9964117647058823,0.633237860781947
25,5,590,405,0.9964117647058823,0.633237860781947
26,4,567,429,0.9972352941176471,0.6500783915614285
27,2,547,451,0.9987058823529412,0.6616753550572797
28,1,527,472,0.9994705882352941,0.7280324823552877
29,1,506,493,0.9994705882352941,0.7280324823552877
30,1,486,513,0.9994705882352941,0.7280324823552877
31,1,469,530,0.9994705882352941,0.7280324823552877
32,1,450,549,0.9994705882352941,0.7280324823552877
33,1,431,568,0.9994705882352941,0.7280324823552877
34,0,419,581,1.0,
35,0,407,593,1.0,
36,0,388,612,1.0,
37,0,373,627,1.0,
38,0,360,640,1.0,
39,0,341,659,1.0,
40,0,330,670,1.0,
41,0,314,686,1.0,
42,0,300,700,1.0,
43,0,293,707,1.0,
44,0,280,720,1.0,
45,0,270,730,1.0,
46,0,257,743,1.0,
47,0,250,750,1.0,
48,0,239,761,1.0,
49,0,228,772,1.0,
50,0,217,783,1.0,
51,0,211,789,1.0,
52,0,205,795,1.0,
53,0,198,802,1.0,
54,0,191,809,1.0,
55,0,187,813,1.0,
56,0,177,823,1.0,
57,0,171,829,1.0,
58,0,162,838,1.0,
59,0,156,844,1.0,
60,0,151,849,1.0,
61,0,147,853,1.0,
62,0,141,859,1.0,
63,0,138,862,1.0,
64,0,133,867,1.0,
65,0,127,873,1.0,
66,0,120,880,1.0,
67,0,116,884,1.0,
68,0,114,886,1.0,
69,0,111,889,1.0,
70,0,105,895,1.0,
71,0,104,896,1.0,
72,0,101,899,1.0,
73,0,95,905,1.0,
74,0,92,908,1.0,
75,0,88,912,1.0,
76,0,85,915,1.0,
77,0,79,921,1.0,
78,0,77,923,1.0,
79,0,72,928,1.0,
80,0,67,933,1.0,
81,0,67,933,1.0,
82,0,66,934,1.0,
83,0,61,939,1.0,
84,0,61,939,1.0,
85,0,60,940,1.0,
86,0,59,941,1.0,
87,0,58,942,1.0,
88,0,55,945,1.0,
89,0,54,946,1.0,
90,0,50,950,1.0,
91,0,48,952,1.0,
92,0,48,952,1.0,
93,0,47,953,1.0,
94,0,47,953,1.0,
95,0,47,953,1.0,
96,0,42,958,1.0,
97,0,42,958,1.0,
98,0,38,962,1.0,
99,0,36,964,1.0,
100,0,33,967,1.0,
101,0,30,970,1.0,
102,0,28,972,1.0,
103,0,27,973,1.0,
104,0,27,973,1.0,
105,0,25,975,1.0,
106,0,25,975,1.0,
107,0,25,975,1.0,
108,0,24,976,1.0,
109,0,23,977,1.0,
110,0,23,977,1.0,
111,0,22,978,1.0,
112,0,20,980,1.0,
113,0,20,980,1.0,
114,0,19,981,1.0,
115,0,19,981,1.0,
116,0,19,981,1.0,
117,0,18,982,1.0,
118,0,18,982,1.0,
119,0,17,983,1.0,
120,0,16,984,1.0,
121,0,16,984,1.0,
122,0,16,984,1.0,
123,0,14,986,1.0,
124,0,14,986,1.0,
125,0,14,986,1.0,
126,0,13,987,1.0,
127,0,13,987,1.0,
128,0,13,987,1.0,
129,0,13,987,1.0,
130,0,12,988,1.0,
131,0,11,989,1.0,
132,0,10,990,1.0,
133,0,10,990,1.0,
134,0,9,991,1.0,
135,0,9,991,1.0,
136,0,9,991,1.0,
137,0,9,991,1.0,
138,0,8,992,1.0,
139,0,8,992,1.0,
140,0,8,992,1.0,
141,0,8,992,1.0,
142,0,8,992,1.0,
143,0,8,992,1.0,
144,0,8,992,1.0,
145,0,7,993,1.0,
146,0,7,993,1.0,
147,0,7,993,1.0,
148,0,7,993,1.0,
149,0,6,994,1.0,
150,0,6,994,1.0,
151,0,6,994,1.0,
152,0,5,995,1.0,
153,0,5,995,1.0,
154,0,5,995,1.0,
155,0,5,995,1.0,
156,0,5,995,1.0,
157,0,5,995,1.0,
158,0,5,995,1.0,
159,0,5,995,1.0,
160,0,5,995,1.0,
161,0,5,995,1.0,
162,0,5,995,1.0,
163,0,3,997,1.0,
164,0,3,997,1.0,
165,0,3,997,1.0,
166,0,3,997,1.0,
167,0,3,997,1.0,
168,0,3,997,1.0,
169,0,3,997,1.0,
170,0,3,997,1.0,
171,0,3,997,1.0,
172,0,3,997,1.0,
173,0,3,997,1.0,
174,0,3,997,1.0,
175,0,3,997,1.0,
176,0,3,997,1.0,
177,0,3,997,1.0,
178,0,3,997,1.0,
179,0,3,997,1.0,
180,0,3,997,1.0,
181,0,3,997,1.0,
182,0,3,997,1.0,
183,0,2,998,1.0,
184,0,2,998,1.0,
185,0,2,998,1.0,
186,0,2,998,1.0,
187,0,2,998,1.0,
188,0,2,998,1.0,
189,0,2,998,1.0,
190,0,2,998,1.0,
191,0,2,998,1.0,
192,0,2,998,1.0,
193,0,2,998,1.0,
194,0,2,998,1.0,
195,0,2,998,1.0,
196,0,2,998,1.0,
197,0,2,998,1.0,
198,0,1,999,1.0,
199,0,1,999,1.0,
200,0,1,999,1.0,
1,998,2,0,0.9992352941176471,1.0
2,995,5,0,0.9958823529411764,0.9983175827082411
3,987,13,0,0.9878235294117647,0.994219304400622
4,981,19,0,0.9826470588235294,0.9915350305397772
5,974,26,0,0.9764117647058823,0.9882220340343542
6,959,39,2,0.9698235294117648,0.9845968058000628
7,940,57,3,0.9571176470588235,0.9775687242336105
8,906,85,9,0.9313529411764706,0.9624861221649734
9,852,136,12,0.8883529411764706,0.9349365109935306
10,803,176,21,0.8574117647058823,0.9116836902088447
11,747,222,31,0.8215882352941176,0.8810707771318718
12,669,283,48,0.7881176470588235,0.8420892344299011
13,585,348,67,0.7618823529411765,0.7966507379016824
14,506,416,78,0.75,0.7527818079674217
15,429,471,100,0.7512352941176471,0.7097819708157304
16,341,543,116,0.7801176470588236,0.6766425909622957
17,260,598,142,0.8228823529411765,0.6571489946951059
18,180,650,170,0.8724117647058823,0.6431555772030315
19,123,676,201,0.913235294117647,0.6449676739838294
20,87,681,232,0.9381764705882353,0.6425445484852496
21,60,688,252,0.9569411764705882,0.6380566170866258
22,39,683,278,0.9716470588235294,0.6346886968885004
23,24,679,297,0.981764705882353,0.6148393362517325
24,16,660,324,0.9878235294117647,0.6168531237465289
25,8,646,346,0.9939411764705882,0.6264198351211939
26,6,610,384,0.9954117647058823,0.6192712514045876
27,3,582,415,0.9977058823529412,0.6213042520745186
28,3,559,438,0.9977647058823529,0.6308316871667394
29,2,533,465,0.9985294117647059,0.6318421727068234
30,1,514,485,0.9992352941176471,0.6062913240504132
31,0,498,502,1.0,
32,0,481,519,1.0,
33,0,464,536,1.0,
34,0,440,560,1.0,
35,0,420,580,1.0,
36,0,395,605,1.0,
37,0,379,621,1.0,
38,0,359,641,1.0,
39,0,349,651,1.0,
40,0,333,667,1.0,
41,0,317,683,1.0,
42,0,307,693,1.0,
43,0,300,700,1.0,
44,0,283,717,1.0,
45,0,267,733,1.0,
46,0,254,746,1.0,
47,0,246,754,1.0,
48,0,235,765,1.0,
49,0,223,777,1.0,
50,0,211,789,1.0,
51,0,200,800,1.0,
52,0,192,808,1.0,
53,0,184,816,1.0,
54,0,175,825,1.0,
55,0,164,836,1.0,
56,0,160,840,1.0,
57,0,151,849,1.0,
58,0,144,856,1.0,
59,0,142,858,1.0,
60,0,133,867,1.0,
61,0,132,868,1.0,
62,0,125,875,1.0,
63,0,119,881,1.0,
64,0,114,886,1.0,
65,0,113,887,1.0,
66,0,107,893,1.0,
67,0,102,898,1.0,
68,0,101,899,1.0,
69,0,99,901,1.0,
70,0,94,906,1.0,
71,0,88,912,1.0,
72,0,84,916,1.0,
73,0,79,921,1.0,
74,0,79,921,1.0,
75,0,75,925,1.0,
76,0,71,929,1.0,
77,0,69,931,1.0,
78,0,65,935,1.0,
79,0,61,939,1.0,
80,0,59,941,1.0,
81,0,55,945,1.0,
82,0,53,947,1.0,
83,0,52,948,1.0,
84,0,51,949,1.0,
85,0,50,950,1.0,
86,0,47,953,1.0,
87,0,46,954,1.0,
88,0,42,958,1.0,
89,0,39,961,1.0,
90,0,38,962,1.0,
91,0,35,965,1.0,
92,0,33,967,1.0,
93,0,33,967,1.0,
94,0,30,970,1.0,
95,0,29,971,1.0,
96,0,25,975,1.0,
97,0,23,977,1.0,
98,0,22,978,1.0,
99,0,22,978,1.0,
100,0,22,978,1.0,
101,0,20,980,1.0,
102,0,19,981,1.0,
103,0,19,981,1.0,
104,0,19,981,1.0,
105,0,19,981,1.0,
106,0,19,981,1.0,
107,0,18,982,1.0,
108,0,18,982,1.0,
109,0,18,982,1.0,
110,0,16,984,1.0,
111,0,15,985,1.0,
112,0,15,985,1.0,
113,0,15,985,1.0,
114,0,15,985,1.0,
115,0,14,986,1.0,
116,0,14,986,1.0,
117,0,13,987,1.0,
118,0,13,987,1.0,
119,0,12,988,1.0,
120,0,12,988,1.0,
121,0,11,989,1.0,
122,0,10,990,1.0,
123,0,9,991,1.0,
124,0,9,991,1.0,
125,0,8,992,1.0,
126,0,8,992,1.0,
127,0,8,992,1.0,
128,0,8,992,1.0,
129,0,8,992,1.0,
130,0,8,992,1.0,
131,0,7,993,1.0,
132,0,7,993,1.0,
133,0,7,993,1.0,
134,0,7,993,1.0,
135,0,7,993,1.0,
136,0,7,993,1.0,
137,0,7,993,1.0,
138,0,7,993,1.0,
139,0,6,994,1.0,
140,0,6,994,1.0,
141,0,6,994,1.0,
142,0,6,994,1.0,
143,0,6,994,1.0,
144,0,6,994,1.0,
145,0,6,994,1.0,
146,0,5,995,1.0,
147,0,5,995,1.0,
148,0,4,996,1.0,
149,0,3,997,1.0,
150,0,3,997,1.0,
151,0,3,997,1.0,
152,0,3,997,1.0,
153,0,3,997,1.0,
154,0,3,997,1.0,
155,0,3,997,1.0,
156,0,3,997,1.0,
157,0,3,997,1.0,
158,0,3,997,1.0,
159,0,3,997,1.0,
160,0,3,997,1.0,
161,0,3,997,1.0,
162,0,3,997,1.0,
163,0,3,997,1.0,
164,0,1,999,1.0,
165,0,1,999,1.0,
166,0,1,999,1.0,
167,0,1,999,1.0,
168,0,1,999,1.0,
169,0,1,999,1.0,
170,0,1,999,1.0,
171,0,1,999,1.0,
172,0,1,999,1.0,
173,0,1,999,1.0,
174,0,1,999,1.0,
175,0,1,999,1.0,
176,0,1,999,1.0,
177,0,1,999,1.0,
178,0,1,999,1.0,
179,0,1,999,1.0,
180,0,1,999,1.0,
181,0,1,999,1.0,
182,0,1,999,1.0,
183,0,1,999,1.0,
184,0,1,999,1.0,
185,0,1,999,1.0,
186,0,1,999,1.0,
187,0,1,999,1.0,
188,0,1,999,1.0,
189,0,1,999,1.0,
190,0,1,999,1.0,
191,0,1,999,1.0,
192,0,0,1000,1.0,
193,0,0,1000,1.0,
194,0,0,1000,1.0,
195,0,0,1000,1.0,
196,0,0,1000,1.0,
197,0,0,1000,1.0,
198,0,0,1000,1.0,
199,0,0,1000,1.0,
200,0,0,1000,1.0,
1,998,2,0,0.9988823529411764,1.0
2,994,5,1,0.9966470588235294,0.9988696271459215
3,992,6,2,0.9967647058823529,0.9989292456064226
4,987,10,3,0.9934117647058823,0.9972249815818557
5,973,23,4,0.9842941176470589,0.9924840762050308
6,947,49,4,0.9574117647058824,0.9781042879969332
7,904,88,8,0.9151176470588235,0.9536186404165364
8,860,128,12,0.8758823529411764,0.9283670031317222
9,813,172,15,0.8436470588235294,0.9042243339409746
10,747,228,25,0.8018823529411765,0.8677090049237431
11,672,293,35,0.7669411764705882,0.8264726671943541
12,586,369,45,0.7445882352941177,0.7814756030907246
13,500,433,67,0.7455882352941177,0.7448862401989581
14,407,507,86,0.7617647058823529,0.7063596827317904
15,307,579,114,0.7952941176470588,0.6655572773592812
16,232,626,142,0.8372352941176471,0.6474007849555662
17,160,668,172,0.883235294117647,0.6318275995090352
18,105,691,204,0.9228235294117647,0.6304398648329007
19,65,707,228,0.9514705882352941,0.6262165140263534
20,41,709,250,0.9698823529411764,0.6306477057976907
21,26,698,276,0.981,0.6301820648742813
22,16,684,300,0.9882352941176471,0.6271333042448075
23,11,654,335,0.9918235294117647,0.6276699958455817
24,8,633,359,0.9941176470588236,0.6349182181023206
25,6,614,380,0.9955294117647059,0.6185702840536976
26,4,593,403,0.9970588235294118,0.6161242847840382
27,2,571,427,0.9985882352941177,0.6258445839650284
28,2,548,450,0.9986470588235294,0.6425206935691121
29,2,527,471,0.9987058823529412,0.6591968031731961
30,2,505,493,0.9987058823529412,0.6591968031731961
31,1,484,515,0.9992941176470588,0.6474254316879604
32,1,465,534,0.9993529411764706,0.6768538604010496
33,1,447,552,0.9993529411764706,0.6768538604010496
34,1,430,569,0.9994117647058823,0.7062822891141386
35,0,420,580,1.0,
36,0,411,589,1.0,
37,0,396,604,1.0,
38,0,377,623,1.0,
39,0,363,637,1.0,
40,0,348,652,1.0,
41,0,337,663,1.0,
42,0,320,680,1.0,
43,0,302,698,1.0,
44,0,288,712,1.0,
45,0,276,724,1.0,
46,0,263,737,1.0,
47,0,254,746,1.0,
48,0,242,758,1.0,
49,0,230,770,1.0,
50,0,222,778,1.0,
51,0,216,784,1.0,
52,0,207,793,1.0,
53,0,200,800,1.0,
54,0,198,802,1.0,
55,0,189,811,1.0,
56,0,179,821,1.0,
57,0,168,832,1.0,
58,0,162,838,1.0,
59,0,153,847,1.0,
60,0,146,854,1.0,
61,0,144,856,1.0,
62,0,138,862,1.0,
63,0,132,868,1.0,
64,0,124,876,1.0,
65,0,119,881,1.0,
66,0,112,888,1.0,
67,0,109,891,1.0,
68,0,104,896,1.0,
69,0,101,899,1.0,
70,0,96,904,1.0,
71,0,88,912,1.0,
72,0,84,916,1.0,
73,0,79,921,1.0,
74,0,76,924,1.0,
75,0,70,930,1.0,
76,0,67,933,1.0,
77,0,65,935,1.0,
78,0,62,938,1.0,
79,0,61,939,1.0,
80,0,58,942,1.0,
81,0,57,943,1.0,
82,0,55,945,1.0,
83,0,54,946,1.0,
84,0,52,948,1.0,
85,0,50,950,1.0,
86,0,47,953,1.0,
87,0,47,953,1.0,
88,0,45,955,1.0,
89,0,43,957,1.0,
90,0,41,959,1.0,
91,0,39,961,1.0,
92,0,37,963,1.0,
93,0,35,965,1.0,
94,0,33,967,1.0,
95,0,31,969,1.0,
96,0,29,971,1.0,
97,0,27,973,1.0,
98,0,26,974,1.0,
99,0,26,974,1.0,
100,0,25,975,1.0,
101,0,24,976,1.0,
102,0,24,976,1.0,
103,0,23,977,1.0,
104,0,23,977,1.0,
105,0,23,977,1.0,
106,0,21,979,1.0,
107,0,21,979,1.0,
108,0,21,979,1.0,
109,0,18,982,1.0,
110,0,17,983,1.0,
111,0,16,984,1.0,
112,0,16,984,1.0,
113,0,15,985,1.0,
114,0,15,985,1.0,
115,0,15,985,1.0,
116,0,15,985,1.0,
117,0,13,987,1.0,
118,0,13,987,1.0,
119,0,12,988,1.0,
120,0,12,988,1.0,
121,0,12,988,1.0,
122,0,11,989,1.0,
123,0,11,989,1.0,
124,0,10,990,1.0,
125,0,10,990,1.0,
126,0,7,993,1.0,
127,0,7,993,1.0,
128,0,7,993,1.0,
129,0,7,993,1.0,
130,0,7,993,1.0,
131,0,7,993,1.0,
132,0,7,993,1.0,
133,0,7,993,1.0,
134,0,6,994,1.0,
135,0,6,994,1.0,
136,0,5,995,1.0,
137,0,5,995,1.0,
138,0,5,995,1.0,
139,0,5,995,1.0,
140,0,5,995,1.0,
141,0,5,995,1.0,
142,0,5,995,1.0,
143,0,5,995,1.0,
144,0,5,995,1.0,
145,0,5,995,1.0,
146,0,4,996,1.0,
147,0,4,996,1.0,
148,0,2,998,1.0,
149,0,2,998,1.0,
150,0,2,998,1.0,
151,0,2,998,1.0,
152,0,2,998,1.0,
153,0,2,998,1.0,
154,0,2,998,1.0,
155,0,2,998,1.0,
156,0,2,998,1.0,
157,0,2,998,1.0,
158,0,2,998,1.0,
159,0,2,998,1.0,
160,0,2,998,1.0,
161,0,2,998,1.0,
162,0,2,998,1.0,
163,0,2,998,1.0,
164,0,2,998,1.0,
165,0,2,998,1.0,
166,0,2,998,1.0,
167,0,2,998,1.0,
168,0,2,998,1.0,
169,0,2,998,1.0,
170,0,2,998,1.0,
171,0,2,998,1.0,
172,0,2,998,1.0,
173,0,2,998,1.0,
174,0,2,998,1.0,
175,0,2,998,1.0,
176,0,2,998,1.0,
177,0,2,998,1.0,
178,0,2,998,1.0,
179,0,2,998,1.0,
180,0,2,998,1.0,
181,0,2,998,1.0,
182,0,2,998,1.0,
183,0,2,998,1.0,
184,0,2,998,1.0,
185,0,2,998,1.0,
186,0,2,998,1.0,
187,0,2,998,1.0,
188,0,2,998,1.0,
189,0,2,998,1.0,
190,0,2,998,1.0,
191,0,2,998,1.0,
192,0,2,998,1.0,
193,0,1,999,1.0,
194,0,1,999,1.0,
195,0,1,999,1.0,
196,0,1,999,1.0,
197,0,1,999,1.0,
198,0,1,999,1.0,
199,0,1,999,1.0,
200,0,1,999,1.0,
1,998,2,0,1.0,1.0
2,996,4,0,0.9974705882352941,0.9987309096666593
3,994,6,0,0.9950588235294118,0.9975161332096053
4,989,10,1,0.9926470588235294,0.9962852180934165
5,977,20,3,0.9814117647058823,0.9904559390892825
6,964,32,4,0.971764705882353,0.9853229695263644
7,939,54,7,0.953,0.9749690764503144
8,908,85,7,0.9234705882352942,0.9578523850162047
9,858,124,18,0.8905882352941177,0.9361017072350044
10,797,178,25,0.8437058823529412,0.9018469915771649
11,726,238,36,0.7991764705882353,0.8616943349547158
12,654,297,49,0.773,0.8262701330778454
13,562,368,70,0.7560588235294118,0.7824792186859661
14,483,428,89,0.762235294117647,0.7531588479763764
15,373,524,103,0.7803529411764706,0.7053247680373659
16,294,574,132,0.8118823529411765,0.680569624208821
17,228,614,158,0.8451764705882353,0.6616451879183437
18,175,647,178,0.8772352941176471,0.649781778212718
19,124,676,200,0.9078235294117647,0.6274813870141659
20,84,686,230,0.9377058823529412,0.627762296949385
21,57,678,265,0.9574705882352941,0.6268246729072328
22,38,672,290,0.972,0.6297721854797165
23,25,650,325,0.9814117647058823,0.6250014968636011
24,14,641,345,0.9894705882352941,0.6195851031028248
25,12,616,372,0.9910588235294118,0.6224333630079598
26,10,586,404,0.9927058823529412,0.6307484988130149
27,9,562,429,0.9936470588235294,0.6460260872025578
28,5,544,451,0.9964705882352941,0.6446294881588999
29,4,517,479,0.9972941176470588,0.6587280366692132
30,3,492,505,0.9979411764705882,0.6497326203208557
31,3,470,527,0.9980588235294118,0.6699346405228758
32,2,452,546,0.9987058823529412,0.6715686274509804
33,1,436,563,0.9994117647058823,0.696969696969697
34,1,421,578,0.9994705882352941,0.7272727272727273
35,1,409,590,0.9994705882352941,0.7272727272727273
36,0,395,605,1.0,
37,0,379,621,1.0,
38,0,359,641,1.0,
39,0,354,646,1.0,
40,0,342,658,1.0,
41,0,323,677,1.0,
42,0,313,687,1.0,
43,0,298,702,1.0,
44,0,291,709,1.0,
45,0,284,716,1.0,
46,0,275,725,1.0,
47,0,266,734,1.0,
48,0,250,750,1.0,
49,0,239,761,1.0,
50,0,230,770,1.0,
51,0,222,778,1.0,
52,0,215,785,1.0,
53,0,210,790,1.0,
54,0,197,803,1.0,
55,0,189,811,1.0,
56,0,184,816,1.0,
57,0,176,824,1.0,
58,0,171,829,1.0,
59,0,160,840,1.0,
60,0,153,847,1.0,
61,0,148,852,1.0,
62,0,144,856,1.0,
63,0,139,861,1.0,
64,0,135,865,1.0,
65,0,127,873,1.0,
66,0,119,881,1.0,
67,0,115,885,1.0,
68,0,111,889,1.0,
69,0,104,896,1.0,
70,0,96,904,1.0,
71,0,90,910,1.0,
72,0,82,918,1.0,
73,0,80,920,1.0,
74,0,77,923,1.0,
75,0,72,928,1.0,
76,0,69,931,1.0,
77,0,67,933,1.0,
78,0,65,935,1.0,
79,0,63,937,1.0,
80,0,61,939,1.0,
81,0,58,942,1.0,
82,0,57,943,1.0,
83,0,54,946,1.0,
84,0,52,948,1.0,
85,0,51,949,1.0,
86,0,49,951,1.0,
87,0,46,954,1.0,
88,0,45,955,1.0,
89,0,41,959,1.0,
90,0,41,959,1.0,
91,0,40,960,1.0,
92,0,35,965,1.0,
93,0,35,965,1.0,
94,0,33,967,1.0,
95,0,32,968,1.0,
96,0,30,970,1.0,
97,0,29,971,1.0,
98,0,25,975,1.0,
99,0,25,975,1.0,
100,0,24,976,1.0,
101,0,24,976,1.0,
102,0,22,978,1.0,
103,0,22,978,1.0,
104,0,21,979,1.0,
105,0,19,981,1.0,
106,0,18,982,1.0,
107,0,17,983,1.0,
108,0,16,984,1.0,
109,0,14,986,1.0,
110,0,14,986,1.0,
111,0,14,986,1.0,
112,0,14,986,1.0,
113,0,14,986,1.0,
114,0,14,986,1.0,
115,0,13,987,1.0,
116,0,13,987,1.0,
117,0,11,989,1.0,
118,0,11,989,1.0,
119,0,11,989,1.0,
120,0,11,989,1.0,
121,0,11,989,1.0,
122,0,11,989,1.0,
123,0,11,989,1.0,
124,0,11,989,1.0,
125,0,11,989,1.0,
126,0,11,989,1.0,
127,0,11,989,1.0,
128,0,10,990,1.0,
129,0,10,990,1.0,
130,0,9,991,1.0,
131,0,8,992,1.0,
132,0,8,992,1.0,
133,0,8,992,1.0,
134,0,8,992,1.0,
135,0,6,994,1.0,
136,0,6,994,1.0,
137,0,6,994,1.0,
138,0,6,994,1.0,
139,0,6,994,1.0,
140,0,6,994,1.0,
141,0,6,994,1.0,
142,0,6,994,1.0,
143,0,6,994,1.0,
144,0,5,995,1.0,
145,0,5,995,1.0,
146,0,5,995,1.0,
147,0,5,995,1.0,
148,0,5,995,1.0,
149,0,5,995,1.0,
150,0,5,995,1.0,
151,0,5,995,1.0,
152,0,5,995,1.0,
153,0,5,995,1.0,
154,0,5,995,1.0,
155,0,5,995,1.0,
156,0,5,995,1.0,
157,0,5,995,1.0,
158,0,5,995,1.0,
159,0,5,995,1.0,
160,0,4,996,1.0,
161,0,4,996,1.0,
162,0,4,996,1.0,
163,0,4,996,1.0,
164,0,4,996,1.0,
165,0,4,996,1.0,
166,0,4,996,1.0,
167,0,4,996,1.0,
168,0,4,996,1.0,
169,0,2,998,1.0,
170,0,2,998,1.0,
171,0,2,998,1.0,
172,0,2,998,1.0,
173,0,2,998,1.0,
174,0,2,998,1.0,
175,0,2,998,1.0,
176,0,2,998,1.0,
177,0,2,998,1.0,
178,0,2,998,1.0,
179,0,2,998,1.0,
180,0,2,998,1.0,
181,0,2,998,1.0,
182,0,2,998,1.0,
183,0,1,999,1.0,
184,0,1,999,1.0,
185,0,1,999,1.0,
186,0,1,999,1.0,
187,0,1,999,1.0,
188,0,1,999,1.0,
189,0,1,999,1.0,
190,0,1,999,1.0,
191,0,1,999,1.0,
192,0,1,999,1.0,
193,0,1,999,1.0,
194,0,1,999,1.0,
195,0,1,999,1.0,
196,0,1,999,1.0,
197,0,1,999,1.0,
198,0,1,999,1.0,
199,0,1,999,1.0,
200,0,1,999,1.0,
1,997,3,0,0.999,1.0
2,993,5,2,0.9963529411764706,0.9986658469459925
3,987,11,2,0.9904117647058823,0.9956119959326083
4,980,16,4,0.9854117647058823,0.9930479430705459
5,966,28,6,0.9762941176470589,0.9882191845741205
6,941,50,9,0.9581764705882353,0.9783253893420589
7,907,82,11,0.9274705882352942,0.9605405861495756
8,866,114,20,0.8978235294117647,0.9414842661608323
9,822,150,28,0.865764705882353,0.9187510833573237
10,762,199,39,0.8301764705882353,0.8887914272432248
11,689,259,52,0.7888235294117647,0.8468953512437589
12,614,323,63,0.7558235294117647,0.8010240022655154
13,539,384,77,0.745,0.76320250976519
14,437,468,95,0.7505294117647059,0.7140698759852174
15,360,523,117,0.7780588235294118,0.6908071052988694
16,291,561,148,0.8124705882352942,0.6765796785743214
17,214,616,170,0.852764705882353,0.6542340362061788
18,158,648,194,0.8913529411764706,0.6539993794758127
19,106,667,227,0.9276470588235294,0.6562617839511335
20,71,678,251,0.9512941176470588,0.6545726516978694
21,46,677,277,0.9661176470588235,0.6268239005630896
22,27,659,314,0.9800588235294118,0.6264880936429728
23,17,631,352,0.9878823529411764,0.6390657988757324
24,13,612,375,0.9911176470588235,0.6537723261214894
25,10,586,404,0.9931176470588235,0.6493615397980201
26,9,559,432,0.9939411764705882,0.657409061397241
27,4,543,453,0.9975882352941177,0.6950028982754662
28,2,524,474,0.999,0.7463580040247497
29,2,501,497,0.9990588235294118,0.7615170076907244
30,1,476,523,0.9995294117647059,0.7650838320827184
31,1,456,543,0.9995882352941177,0.7945101333166691
32,0,440,560,1.0,
33,0,426,574,1.0,
34,0,407,593,1.0,
35,0,390,610,1.0,
36,0,374,626,1.0,
37,0,364,636,1.0,
38,0,353,647,1.0,
39,0,341,659,1.0,
40,0,332,668,1.0,
41,0,324,676,1.0,
42,0,313,687,1.0,
43,0,298,702,1.0,
44,0,285,715,1.0,
45,0,275,725,1.0,
46,0,263,737,1.0,
47,0,254,746,1.0,
48,0,245,755,1.0,
49,0,235,765,1.0,
50,0,227,773,1.0,
51,0,221,779,1.0,
52,0,208,792,1.0,
53,0,202,798,1.0,
54,0,189,811,1.0,
55,0,184,816,1.0,
56,0,175,825,1.0,
57,0,167,833,1.0,
58,0,160,840,1.0,
59,0,155,845,1.0,
60,0,148,852,1.0,
61,0,142,858,1.0,
62,0,135,865,1.0,
63,0,132,868,1.0,
64,0,126,874,1.0,
65,0,120,880,1.0,
66,0,114,886,1.0,
67,0,109,891,1.0,
68,0,105,895,1.0,
69,0,105,895,1.0,
70,0,104,896,1.0,
71,0,101,899,1.0,
72,0,98,902,1.0,
73,0,94,906,1.0,
74,0,92,908,1.0,
75,0,88,912,1.0,
76,0,87,913,1.0,
77,0,85,915,1.0,
78,0,82,918,1.0,
79,0,78,922,1.0,
80,0,77,923,1.0,
81,0,71,929,1.0,
82,0,69,931,1.0,
83,0,65,935,1.0,
84,0,61,939,1.0,
85,0,56,944,1.0,
86,0,56,944,1.0,
87,0,54,946,1.0,
88,0,53,947,1.0,
89,0,50,950,1.0,
90,0,46,954,1.0,
91,0,45,955,1.0,
92,0,43,957,1.0,
93,0,42,958,1.0,
94,0,42,958,1.0,
95,0,41,959,1.0,
96,0,39,961,1.0,
97,0,38,962,1.0,
98,0,37,963,1.0,
99,0,33,967,1.0,
100,0,32,968,1.0,
101,0,31,969,1.0,
102,0,31,969,1.0,
103,0,30,970,1.0,
104,0,28,972,1.0,
105,0,27,973,1.0,
106,0,25,975,1.0,
107,0,24,976,1.0,
108,0,23,977,1.0,
109,0,22,978,1.0,
110,0,22,978,1.0,
111,0,22,978,1.0,
112,0,21,979,1.0,
113,0,21,979,1.0,
114,0,20,980,1.0,
115,0,20,980,1.0,
116,0,20,980,1.0,
117,0,20,980,1.0,
118,0,20,980,1.0,
119,0,19,981,1.0,
120,0,18,982,1.0,
121,0,17,983,1.0,
122,0,16,984,1.0,
123,0,16,984,1.0,
124,0,15,985,1.0,
125,0,14,986,1.0,
126,0,13,987,1.0,
127,0,13,987,1.0,
128,0,13,987,1.0,
129,0,12,988,1.0,
130,0,12,988,1.0,
131,0,11,989,1.0,
132,0,11,989,1.0,
133,0,9,991,1.0,
134,0,9,991,1.0,
135,0,9,991,1.0,
136,0,9,991,1.0,
137,0,8,992,1.0,
138,0,7,993,1.0,
139,0,7,993,1.0,
140,0,7,993,1.0,
141,0,7,993,1.0,
142,0,7,993,1.0,
143,0,7,993,1.0,
144,0,7,993,1.0,
145,0,7,993,1.0,
146,0,6,994,1.0,
147,0,6,994,1.0,
148,0,6,994,1.0,
149,0,5,995,1.0,
150,0,5,995,1.0,
151,0,5,995,1.0,
152,0,5,995,1.0,
153,0,5,995,1.0,
154,0,5,995,1.0,
155,0,4,996,1.0,
156,0,4,996,1.0,
157,0,4,996,1.0,
158,0,3,997,1.0,
159,0,2,998,1.0,
160,0,2,998,1.0,
161,0,2,998,1.0,
162,0,2,998,1.0,
163,0,2,998,1.0,
164,0,2,998,1.0,
165,0,2,998,1.0,
166,0,2,998,1.0,
167,0,2,998,1.0,
168,0,1,999,1.0,
169,0,1,999,1.0,
170,0,1,999,1.0,
171,0,1,999,1.0,
172,0,1,999,1.0,
173,0,0,1000,1.0,
174,0,0,1000,1.0,
175,0,0,1000,1.0,
176,0,0,1000,1.0,
177,0,0,1000,1.0,
178,0,0,1000,1.0,
179,0,0,1000,1.0,
180,0,0,1000,1.0,
181,0,0,1000,1.0,
182,0,0,1000,1.0,
183,0,0,1000,1.0,
184,0,0,1000,1.0,
185,0,0,1000,1.0,
186,0,0,1000,1.0,
187,0,0,1000,1.0,
188,0,0,1000,1.0,
189,0,0,1000,1.0,
190,0,0,1000,1.0,
191,0,0,1000,1.0,
192,0,0,1000,1.0,
193,0,0,1000,1.0,
194,0,0,1000,1.0,
195,0,0,1000,1.0,
196,0,0,1000,1.0,
197,0,0,1000,1.0,
198,0,0,1000,1.0,
199,0,0,1000,1.0,
200,0,0,1000,1.0,
1,998,2,0,0.9991764705882353,1.0
2,998,2,0,0.9991764705882353,1.0
3,993,7,0,0.9936470588235294,0.9971940045197798
4,987,13,0,0.9890588235294118,0.9948624878096125
5,978,22,0,0.9825882352941177,0.9915386038008183
6,964,34,2,0.9725294117647059,0.9861709206907294
7,942,55,3,0.9528235294117647,0.9753427595229589
8,910,83,7,0.933235294117647,0.9636881254986307
9,860,128,12,0.8911176470588236,0.9369855606840014
10,799,183,18,0.8499411764705882,0.9065071095752055
11,741,231,28,0.8162941176470588,0.8764801569144672
12,675,289,36,0.7878235294117647,0.843406222840311
13,577,369,54,0.7674705882352941,0.7991601227728184
14,497,435,68,0.7531176470588236,0.7520546669169915
15,393,521,86,0.7688235294117647,0.7058458060637659
16,320,567,113,0.8008823529411765,0.6881185666649869
17,232,636,132,0.8432352941176471,0.6614050446953146
18,157,691,152,0.888235294117647,0.6418935336686284
19,111,699,190,0.9182941176470588,0.6290872288151236
20,66,707,227,0.9510588235294117,0.6233298130683149
21,46,697,257,0.9661176470588235,0.6250061149575438
22,29,695,276,0.9786470588235294,0.6241871797655795
23,20,679,301,0.9850588235294118,0.6190004521795479
24,10,655,335,0.9923529411764705,0.6178791225652338
25,5,632,363,0.9962352941176471,0.6243238806090811
26,5,613,382,0.9962352941176471,0.6243238806090811
27,2,592,406,0.9984705882352941,0.5939975361694909
28,1,565,434,0.9992352941176471,0.5939975361694909
29,1,543,456,0.9992352941176471,0.5939975361694909
30,1,525,474,0.9992352941176471,0.5939975361694909
31,1,505,494,0.9992352941176471,0.5939975361694909
32,1,482,517,0.9992352941176471,0.5939975361694909
33,1,460,539,0.9992352941176471,0.5939975361694909
34,0,444,556,1.0,
35,0,423,577,1.0,
36,0,402,598,1.0,
37,0,380,620,1.0,
38,0,370,630,1.0,
39,0,355,645,1.0,
40,0,343,657,1.0,
41,0,324,676,1.0,
42,0,311,689,1.0,
43,0,294,706,1.0,
44,0,281,719,1.0,
45,0,267,733,1.0,
46,0,252,748,1.0,
47,0,236,764,1.0,
48,0,229,771,1.0,
49,0,223,777,1.0,
50,0,215,785,1.0,
51,0,206,794,1.0,
52,0,200,800,1.0,
53,0,197,803,1.0,
54,0,186,814,1.0,
55,0,182,818,1.0,
56,0,177,823,1.0,
57,0,167,833,1.0,
58,0,158,842,1.0,
59,0,152,848,1.0,
60,0,148,852,1.0,
61,0,143,857,1.0,
62,0,135,865,1.0,
63,0,133,867,1.0,
64,0,129,871,1.0,
65,0,128,872,1.0,
66,0,125,875,1.0,
67,0,119,881,1.0,
68,0,116,884,1.0,
69,0,111,889,1.0,
70,0,105,895,1.0,
71,0,100,900,1.0,
72,0,95,905,1.0,
73,0,88,912,1.0,
74,0,86,914,1.0,
75,0,80,920,1.0,
76,0,76,924,1.0,
77,0,70,930,1.0,
78,0,68,932,1.0,
79,0,62,938,1.0,
80,0,60,940,1.0,
81,0,57,943,1.0,
82,0,55,945,1.0,
83,0,54,946,1.0,
84,0,51,949,1.0,
85,0,49,951,1.0,
86,0,48,952,1.0,
87,0,47,953,1.0,
88,0,47,953,1.0,
89,0,43,957,1.0,
90,0,41,959,1.0,
91,0,39,961,1.0,
92,0,39,961,1.0,
93,0,37,963,1.0,
94,0,37,963,1.0,
95,0,37,963,1.0,
96,0,37,963,1.0,
97,0,33,967,1.0,
98,0,33,967,1.0,
99,0,32,968,1.0,
100,0,30,970,1.0,
101,0,28,972,1.0,
102,0,28,972,1.0,
103,0,27,973,1.0,
104,0,26,974,1.0,
105,0,24,976,1.0,
106,0,23,977,1.0,
107,0,21,979,1.0,
108,0,20,980,1.0,
109,0,19,981,1.0,
110,0,16,984,1.0,
111,0,16,984,1.0,
112,0,16,984,1.0,
113,0,14,986,1.0,
114,0,14,986,1.0,
115,0,14,986,1.0,
116,0,13,987,1.0,
117,0,13,987,1.0,
118,0,12,988,1.0,
119,0,10,990,1.0,
120,0,10,990,1.0,
121,0,10,990,1.0,
122,0,10,990,1.0,
123,0,8,992,1.0,
124,0,8,992,1.0,
125,0,8,992,1.0,
126,0,8,992,1.0,
127,0,8,992,1.0,
128,0,7,993,1.0,
129,0,7,993,1.0,
130,0,6,994,1.0,
131,0,6,994,1.0,
132,0,6,994,1.0,
133,0,6,994,1.0,
134,0,6,994,1.0,
135,0,6,994,1.0,
136,0,5,995,1.0,
137,0,5,995,1.0,
138,0,5,995,1.0,
139,0,5,995,1.0,
140,0,4,996,1.0,
141,0,4,996,1.0,
142,0,4,996,1.0,
143,0,4,996,1.0,
144,0,2,998,1.0,
145,0,2,998,1.0,
146,0,2,998,1.0,
147,0,2,998,1.0,
148,0,2,998,1.0,
149,0,2,998,1.0,
150,0,2,998,1.0,
151,0,2,998,1.0,
152,0,2,998,1.0,
153,0,2,998,1.0,
154,0,2,998,1.0,
155,0,2,998,1.0,
156,0,2,998,1.0,
157,0,2,998,1.0,
158,0,2,998,1.0,
159,0,2,998,1.0,
160,0,2,998,1.0,
161,0,2,998,1.0,
162,0,2,998,1.0,
163,0,2,998,1.0,
164,0,2,998,1.0,
165,0,2,998,1.0,
166,0,2,998,1.0,
167,0,2,998,1.0,
168,0,2,998,1.0,
169,0,2,998,1.0,
170,0,2,998,1.0,
171,0,1,999,1.0,
172,0,1,999,1.0,
173,0,1,999,1.0,
174,0,1,999,1.0,
175,0,1,999,1.0,
176,0,1,999,1.0,
177,0,1,999,1.0,
178,0,1,999,1.0,
179,0,1,999,1.0,
180,0,1,999,1.0,
181,0,1,999,1.0,
182,0,1,999,1.0,
183,0,1,999,1.0,
184,0,1,999,1.0,
185,0,1,999,1.0,
186,0,1,999,1.0,
187,0,1,999,1.0,
188,0,1,999,1.0,
189,0,1,999,1.0,
190,0,1,999,1.0,
191,0,1,999,1.0,
192,0,1,999,1.0,
193,0,1,999,1.0,
194,0,1,999,1.0,
195,0,1,999,1.0,
196,0,1,999,1.0,
197,0,1,999,1.0,
198,0,1,999,1.0,
199,0,1,999,1.0,
200,0,1,999,1.0,
1,998,2,0,0.9987647058823529,1.0
2,997,3,0,0.9970588235294118,0.9991263855731829
3,994,6,0,0.9948823529411764,0.9980144494186172
4,988,12,0,0.9893529411764705,0.9951228315228998
5,974,25,1,0.9793529411764705,0.9898833401049553
6,961,37,2,0.9702352941176471,0.9850025486698758
7,946,49,5,0.9633529411764706,0.9811670045333567
8,922,72,6,0.9405882352941176,0.9683298358880963
9,891,98,11,0.9184705882352941,0.9548218401623497
10,846,134,20,0.8846470588235295,0.9325507935245965
11,778,192,30,0.8345294117647059,0.8943877301011414
12,715,247,38,0.7951176470588235,0.8572906863657949
13,639,308,53,0.7675294117647059,0.8185285450192981
14,553,381,66,0.7546470588235294,0.778296522452837
15,461,456,83,0.7608235294117647,0.7400086137612868
16,371,523,106,0.7881176470588235,0.7135769084660302
17,302,568,130,0.8073529411764706,0.680103036989802
18,225,619,156,0.8523529411764705,0.6706477079069685
19,157,664,179,0.8931176470588236,0.6575812055767468
20,112,693,195,0.9234705882352942,0.6570534375887472
21,73,697,230,0.9490588235294117,0.6479581099569595
22,36,701,263,0.973764705882353,0.6298117808202299
23,24,687,289,0.9821176470588235,0.6264598599727479
24,10,683,307,0.9924705882352941,0.6254458570537182
25,6,671,323,0.9954705882352941,0.6187382013004467
26,4,644,352,0.997,0.6163557439001958
27,2,620,378,0.9985882352941177,0.6258855735011992
28,1,605,394,0.9993529411764706,0.6337336684667314
29,1,581,418,0.9993529411764706,0.6337336684667314
30,1,557,442,0.9994117647058823,0.6670880720702437
31,1,540,459,0.9994117647058823,0.6670880720702437
32,0,520,480,1.0,
33,0,497,503,1.0,
34,0,477,523,1.0,
35,0,459,541,1.0,
36,0,444,556,1.0,
37,0,430,570,1.0,
38,0,419,581,1.0,
39,0,405,595,1.0,
40,0,393,607,1.0,
41,0,380,620,1.0,
42,0,361,639,1.0,
43,0,343,657,1.0,
44,0,324,676,1.0,
45,0,306,694,1.0,
46,0,292,708,1.0,
47,0,278,722,1.0,
48,0,268,732,1.0,
49,0,253,747,1.0,
50,0,243,757,1.0,
51,0,227,773,1.0,
52,0,220,780,1.0,
53,0,209,791,1.0,
54,0,202,798,1.0,
55,0,191,809,1.0,
56,0,183,817,1.0,
57,0,176,824,1.0,
58,0,170,830,1.0,
59,0,160,840,1.0,
60,0,151,849,1.0,
61,0,147,853,1.0,
62,0,144,856,1.0,
63,0,137,863,1.0,
64,0,133,867,1.0,
65,0,131,869,1.0,
66,0,125,875,1.0,
67,0,120,880,1.0,
68,0,115,885,1.0,
69,0,113,887,1.0,
70,0,108,892,1.0,
71,0,105,895,1.0,
72,0,102,898,1.0,
73,0,98,902,1.0,
74,0,92,908,1.0,
75,0,91,909,1.0,
76,0,86,914,1.0,
77,0,81,919,1.0,
78,0,78,922,1.0,
79,0,77,923,1.0,
80,0,72,928,1.0,
81,0,69,931,1.0,
82,0,67,933,1.0,
83,0,65,935,1.0,
84,0,64,936,1.0,
85,0,63,937,1.0,
86,0,59,941,1.0,
87,0,56,944,1.0,
88,0,53,947,1.0,
89,0,53,947,1.0,
90,0,51,949,1.0,
91,0,49,951,1.0,
92,0,48,952,1.0,
93,0,45,955,1.0,
94,0,40,960,1.0,
95,0,38,962,1.0,
96,0,36,964,1.0,
97,0,32,968,1.0,
98,0,31,969,1.0,
99,0,26,974,1.0,
100,0,25,975,1.0,
101,0,24,976,1.0,
102,0,23,977,1.0,
103,0,22,978,1.0,
104,0,20,980,1.0,
105,0,20,980,1.0,
106,0,20,980,1.0,
107,0,20,980,1.0,
108,0,19,981,1.0,
109,0,18,982,1.0,
110,0,18,982,1.0,
111,0,18,982,1.0,
112,0,16,984,1.0,
113,0,15,985,1.0,
114,0,14,986,1.0,
115,0,14,986,1.0,
116,0,14,986,1.0,
117,0,14,986,1.0,
118,0,14,986,1.0,
119,0,14,986,1.0,
120,0,14,986,1.0,
121,0,14,986,1.0,
122,0,14,986,1.0,
123,0,14,986,1.0,
124,0,14,986,1.0,
125,0,14,986,1.0,
126,0,14,986,1.0,
127,0,13,987,1.0,
128,0,13,987,1.0,
129,0,13,987,1.0,
130,0,13,987,1.0,
131,0,13,987,1.0,
132,0,13,987,1.0,
133,0,13,987,1.0,
134,0,12,988,1.0,
135,0,12,988,1.0,
136,0,12,988,1.0,
137,0,11,989,1.0,
138,0,11,989,1.0,
139,0,11,989,1.0,
140,0,10,990,1.0,
141,0,9,991,1.0,
142,0,9,991,1.0,
143,0,9,991,1.0,
144,0,8,992,1.0,
145,0,8,992,1.0,
146,0,7,993,1.0,
147,0,7,993,1.0,
148,0,7,993,1.0,
149,0,5,995,1.0,
150,0,5,995,1.0,
151,0,5,995,1.0,
152,0,5,995,1.0,
153,0,5,995,1.0,
154,0,5,995,1.0,
155,0,5,995,1.0,
156,0,5,995,1.0,
157,0,4,996,1.0,
158,0,4,996,1.0,
159,0,4,996,1.0,
160,0,4,996,1.0,
161,0,3,997,1.0,
162,0,3,997,1.0,
163,0,3,997,1.0,
164,0,3,997,1.0,
165,0,3,997,1.0,
166,0,3,997,1.0,
167,0,3,997,1.0,
168,0,3,997,1.0,
169,0,3,997,1.0,
170,0,2,998,1.0,
171,0,2,998,1.0,
172,0,2,998,1.0,
173,0,2,998,1.0,
174,0,2,998,1.0,
175,0,2,998,1.0,
176,0,1,999,1.0,
177,0,1,999,1.0,
178,0,1,999,1.0,
179,0,1,999,1.0,
180,0,1,999,1.0,
181,0,1,999,1.0,
182,0,0,1000,1.0,
183,0,0,1000,1.0,
184,0,0,1000,1.0,
185,0,0,1000,1.0,
186,0,0,1000,1.0,
187,0,0,1000,1.0,
188,0,0,1000,1.0,
189,0,0,1000,1.0,
190,0,0,1000,1.0,
191,0,0,1000,1.0,
192,0,0,1000,1.0,
193,0,0,1000,1.0,
194,0,0,1000,1.0,
195,0,0,1000,1.0,
196,0,0,1000,1.0,
197,0,0,1000,1.0,
198,0,0,1000,1.0,
199,0,0,1000,1.0,
200,0,0,1000,1.0,
1,999,1,0,1.0,1.0
2,996,4,0,0.9966470588235294,0.998320651643871
3,993,7,0,0.9945294117647059,0.9972620621967521
4,991,9,0,0.9924117647058823,0.9962080192863121
5,985,15,0,0.9852352941176471,0.9925327774570085
6,978,21,1,0.982764705882353,0.9912240764798506
7,966,33,1,0.9757058823529412,0.9874416763854031
8,947,51,2,0.9618235294117647,0.9798577586558794
9,927,68,5,0.9494705882352941,0.9727746345259094
10,895,97,8,0.9235882352941176,0.9573339625777533
11,845,142,13,0.888,0.9337804466468981
12,778,200,22,0.8402352941176471,0.8973153227674162
13,702,265,33,0.7992941176470588,0.8569148480464789
14,619,337,44,0.7548823529411764,0.8017150134426474
15,524,407,69,0.7428823529411764,0.7542215129046173
16,424,485,91,0.7604117647058823,0.7166327353758934
17,331,556,113,0.7951176470588235,0.6888273573916847
18,251,616,133,0.8336470588235294,0.665630209334703
19,184,651,165,0.8687058823529412,0.6393330756774346
20,132,674,194,0.903235294117647,0.6277429735847107
21,84,691,225,0.9375882352941176,0.6210483829624652
22,55,686,259,0.9592352941176471,0.6188055706797193
23,36,673,291,0.9737058823529412,0.622937911569275
24,20,660,320,0.9852352941176471,0.6161201427936933
25,15,639,346,0.9889411764705882,0.6150182293060816
26,8,624,368,0.9942352941176471,0.6348507438165882
27,6,595,399,0.9958235294117647,0.6441409212756461
28,4,581,415,0.9974117647058823,0.6661639435832984
29,3,562,435,0.9979411764705882,0.6516594516594517
30,2,542,456,0.9987058823529412,0.6744588744588744
31,1,520,479,0.9995294117647059,0.7714285714285715
32,1,494,505,0.9995882352941177,0.8
33,1,478,521,0.9995882352941177,0.8
34,1,463,536,0.9996470588235294,0.8285714285714286
35,1,434,565,0.9997647058823529,0.8857142857142857
36,1,426,573,0.9998235294117647,0.9142857142857143
37,1,408,591,0.9998235294117647,0.9142857142857143
38,1,387,612,0.9998235294117647,0.9142857142857143
39,1,372,627,0.9998235294117647,0.9142857142857143
40,1,355,644,0.9998235294117647,0.9142857142857143
41,1,345,654,0.9998235294117647,0.9142857142857143
42,1,335,664,0.9998235294117647,0.9142857142857143
43,1,324,675,0.9998235294117647,0.9142857142857143
44,1,315,684,0.9998235294117647,0.9142857142857143
45,1,306,693,0.9998235294117647,0.9142857142857143
46,1,286,713,0.9998235294117647,0.9142857142857143
47,1,277,722,0.9998235294117647,0.9142857142857143
48,1,270,729,0.9998235294117647,0.9142857142857143
49,1,260,739,0.9998235294117647,0.9142857142857143
50,1,246,753,0.9998823529411764,0.9428571428571428
51,1,235,764,0.9998823529411764,0.9428571428571428
52,1,223,776,0.9998823529411764,0.9428571428571428
53,1,215,784,0.9998823529411764,0.9428571428571428
54,1,206,793,0.9998823529411764,0.9428571428571428
55,1,195,804,1.0,1.0
56,1,183,816,1.0,1.0
57,1,175,824,1.0,1.0
58,1,166,833,1.0,1.0
59,1,157,842,1.0,1.0
60,1,154,845,1.0,1.0
61,1,145,854,1.0,1.0
62,1,141,858,1.0,1.0
63,1,131,868,1.0,1.0
64,1,128,871,1.0,1.0
65,1,119,880,1.0,1.0
66,1,114,885,1.0,1.0
67,1,112,887,1.0,1.0
68,1,110,889,1.0,1.0
69,1,105,894,1.0,1.0
70,1,101,898,1.0,1.0
71,1,95,904,1.0,1.0
72,1,90,909,1.0,1.0
73,1,86,913,1.0,1.0
74,1,77,922,1.0,1.0
75,1,74,925,1.0,1.0
76,1,71,928,1.0,1.0
77,1,66,933,1.0,1.0
78,1,63,936,1.0,1.0
79,1,62,937,1.0,1.0
80,1,60,939,1.0,1.0
81,1,58,941,1.0,1.0
82,1,57,942,1.0,1.0
83,1,56,943,1.0,1.0
84,1,54,945,1.0,1.0
85,1,51,948,1.0,1.0
86,1,48,951,1.0,1.0
87,1,46,953,1.0,1.0
88,1,41,958,1.0,1.0
89,1,39,960,1.0,1.0
90,1,37,962,1.0,1.0
91,1,36,963,1.0,1.0
92,1,36,963,1.0,1.0
93,1,33,966,1.0,1.0
94,1,30,969,1.0,1.0
95,1,29,970,1.0,1.0
96,1,26,973,1.0,1.0
97,1,25,974,1.0,1.0
98,1,25,974,1.0,1.0
99,1,25,974,1.0,1.0
100,1,24,975,1.0,1.0
101,1,24,975,1.0,1.0
102,1,24,975,1.0,1.0
103,1,23,976,1.0,1.0
104,1,21,978,1.0,1.0
105,1,20,979,1.0,1.0
106,1,18,981,1.0,1.0
107,1,17,982,1.0,1.0
108,1,16,983,1.0,1.0
109,1,16,983,1.0,1.0
110,1,14,985,1.0,1.0
111,1,13,986,1.0,1.0
112,1,13,986,1.0,1.0
113,1,13,986,1.0,1.0
114,1,13,986,1.0,1.0
115,1,13,986,1.0,1.0
116,1,13,986,1.0,1.0
117,1,12,987,1.0,1.0
118,1,12,987,1.0,1.0
119,1,12,987,1.0,1.0
120,1,11,988,1.0,1.0
121,1,11,988,1.0,1.0
122,1,10,989,1.0,1.0
123,1,9,990,1.0,1.0
124,1,9,990,1.0,1.0
125,1,9,990,1.0,1.0
126,1,9,990,1.0,1.0
127,1,9,990,1.0,1.0
128,1,9,990,1.0,1.0
129,1,7,992,1.0,1.0
130,1,7,992,1.0,1.0
131,1,7,992,1.0,1.0
132,1,7,992,1.0,1.0
133,1,7,992,1.0,1.0
134,1,7,992,1.0,1.0
135,1,7,992,1.0,1.0
136,1,7,992,1.0,1.0
137,1,7,992,1.0,1.0
138,1,6,993,1.0,1.0
139,1,6,993,1.0,1.0
140,1,5,994,1.0,1.0
141,1,5,994,1.0,1.0
142,1,5,994,1.0,1.0
143,1,5,994,1.0,1.0
144,1,5,994,1.0,1.0
145,1,5,994,1.0,1.0
146,1,5,994,1.0,1.0
147,1,5,994,1.0,1.0
148,1,5,994,1.0,1.0
149,1,5,994,1.0,1.0
150,1,5,994,1.0,1.0
151,1,5,994,1.0,1.0
152,1,5,994,1.0,1.0
153,1,5,994,1.0,1.0
154,1,5,994,1.0,1.0
155,1,5,994,1.0,1.0
156,1,4,995,1.0,1.0
157,1,4,995,1.0,1.0
158,1,4,995,1.0,1.0
159,1,4,995,1.0,1.0
160,1,4,995,1.0,1.0
161,1,4,995,1.0,1.0
162,1,4,995,1.0,1.0
163,1,3,996,1.0,1.0
164,1,3,996,1.0,1.0
165,1,3,996,1.0,1.0
166,1,3,996,1.0,1.0
167,1,3,996,1.0,1.0
168,1,3,996,1.0,1.0
169,1,3,996,1.0,1.0
170,1,3,996,1.0,1.0
171,1,3,996,1.0,1.0
172,1,3,996,1.0,1.0
173,1,3,996,1.0,1.0
174,1,3,996,1.0,1.0
175,1,3,996,1.0,1.0
176,1,3,996,1.0,1.0
177,1,3,996,1.0,1.0
178,1,3,996,1.0,1.0
179,1,3,996,1.0,1.0
180,1,3,996,1.0,1.0
181,1,3,996,1.0,1.0
182,1,3,996,1.0,1.0
183,1,3,996,1.0,1.0
184,1,3,996,1.0,1.0
185,1,3,996,1.0,1.0
186,1,3,996,1.0,1.0
187,1,3,996,1.0,1.0
188,1,3,996,1.0,1.0
189,1,3,996,1.0,1.0
190,1,3,996,1.0,1.0
191,1,3,996,1.0,1.0
192,1,3,996,1.0,1.0
193,1,3,996,1.0,1.0
194,1,3,996,1.0,1.0
195,1,2,997,1.0,1.0
196,1,2,997,1.0,1.0
197,1,2,997,1.0,1.0
198,1,2,997,1.0,1.0
199,1,2,997,1.0,1.0
200,1,2,997,1.0,1.0
1,999,1,0,1.0,1.0
2,999,1,0,1.0,1.0
3,997,3,0,0.9974117647058823,0.9987152903370965
4,993,7,0,0.9955882352941177,0.997808325701796
5,988,12,0,0.9905294117647059,0.9952305105696297
6,976,24,0,0.9793529411764705,0.9894239978871654
7,961,35,4,0.9702941176470589,0.9845691802815604
8,931,63,6,0.945,0.9705521972602892
9,901,90,9,0.9264705882352942,0.9592839998725446
10,855,131,14,0.8894705882352941,0.9353982265720191
11,809,173,18,0.8591764705882353,0.9128384878862249
12,737,230,33,0.8218823529411765,0.878950090984518
13,663,292,45,0.7847647058823529,0.837254525671598
14,585,354,61,0.7618823529411765,0.795823354072564
15,500,420,80,0.7514117647058823,0.7506968572637627
16,410,487,103,0.7671176470588236,0.7147965719541367
17,330,547,123,0.8007647058823529,0.6968158269913199
18,251,603,146,0.8364117647058823,0.6720640394719539
19,180,646,174,0.8743529411764706,0.6488699410492991
20,120,676,204,0.9138235294117647,0.6371019154723216
21,80,686,234,0.9414117647058824,0.6301744982714516
22,50,694,256,0.9633529411764706,0.6288226837948868
23,27,684,289,0.9798235294117648,0.618385649791936
24,17,666,317,0.9873529411764705,0.6176756498327516
25,9,649,342,0.9932352941176471,0.6140327337463589
26,5,622,373,0.9964117647058823,0.6135958155129784
27,4,600,396,0.9971764705882353,0.6285075613823241
28,4,577,419,0.9972941176470588,0.6441478350871139
29,2,555,443,0.9988823529411764,0.6935483870967742
30,2,534,464,0.999,0.7258064516129032
31,2,518,480,0.9990588235294118,0.7419354838709677
32,2,494,504,0.9991764705882353,0.7741935483870968
33,1,472,527,0.9996470588235294,0.8064516129032258
34,0,446,554,1.0,
35,0,433,567,1.0,
36,0,415,585,1.0,
37,0,396,604,1.0,
38,0,383,617,1.0,
39,0,372,628,1.0,
40,0,357,643,1.0,
41,0,333,667,1.0,
42,0,318,682,1.0,
43,0,303,697,1.0,
44,0,293,707,1.0,
45,0,278,722,1.0,
46,0,265,735,1.0,
47,0,255,745,1.0,
48,0,245,755,1.0,
49,0,239,761,1.0,
50,0,227,773,1.0,
51,0,221,779,1.0,
52,0,214,786,1.0,
53,0,210,790,1.0,
54,0,204,796,1.0,
55,0,193,807,1.0,
56,0,185,815,1.0,
57,0,175,825,1.0,
58,0,167,833,1.0,
59,0,160,840,1.0,
60,0,153,847,1.0,
61,0,142,858,1.0,
62,0,134,866,1.0,
63,0,132,868,1.0,
64,0,123,877,1.0,
65,0,118,882,1.0,
66,0,115,885,1.0,
67,0,113,887,1.0,
68,0,105,895,1.0,
69,0,102,898,1.0,
70,0,97,903,1.0,
71,0,92,908,1.0,
72,0,90,910,1.0,
73,0,86,914,1.0,
74,0,83,917,1.0,
75,0,83,917,1.0,
76,0,79,921,1.0,
77,0,74,926,1.0,
78,0,74,926,1.0,
79,0,71,929,1.0,
80,0,67,933,1.0,
81,0,65,935,1.0,
82,0,60,940,1.0,
83,0,58,942,1.0,
84,0,56,944,1.0,
85,0,54,946,1.0,
86,0,51,949,1.0,
87,0,49,951,1.0,
88,0,42,958,1.0,
89,0,40,960,1.0,
90,0,39,961,1.0,
91,0,37,963,1.0,
92,0,35,965,1.0,
93,0,34,966,1.0,
94,0,31,969,1.0,
95,0,31,969,1.0,
96,0,26,974,1.0,
97,0,26,974,1.0,
98,0,25,975,1.0,
99,0,25,975,1.0,
100,0,23,977,1.0,
101,0,22,978,1.0,
102,0,21,979,1.0,
103,0,20,980,1.0,
104,0,20,980,1.0,
105,0,20,980,1.0,
106,0,20,980,1.0,
107,0,19,981,1.0,
108,0,19,981,1.0,
109,0,19,981,1.0,
110,0,18,982,1.0,
111,0,18,982,1.0,
112,0,18,982,1.0,
113,0,17,983,1.0,
114,0,17,983,1.0,
115,0,15,985,1.0,
116,0,15,985,1.0,
117,0,15,985,1.0,
118,0,15,985,1.0,
119,0,14,986,1.0,
120,0,14,986,1.0,
121,0,14,986,1.0,
122,0,13,987,1.0,
123,0,11,989,1.0,
124,0,10,990,1.0,
125,0,10,990,1.0,
126,0,10,990,1.0,
127,0,10,990,1.0,
128,0,10,990,1.0,
129,0,8,992,1.0,
130,0,8,992,1.0,
131,0,8,992,1.0,
132,0,7,993,1.0,
133,0,7,993,1.0,
134,0,7,993,1.0,
135,0,7,993,1.0,
136,0,7,993,1.0,
137,0,7,993,1.0,
138,0,7,993,1.0,
139,0,7,993,1.0,
140,0,6,994,1.0,
141,0,5,995,1.0,
142,0,5,995,1.0,
143,0,5,995,1.0,
144,0,4,996,1.0,
145,0,4,996,1.0,
146,0,4,996,1.0,
147,0,4,996,1.0,
148,0,4,996,1.0,
149,0,4,996,1.0,
150,0,4,996,1.0,
151,0,4,996,1.0,
152,0,4,996,1.0,
153,0,4,996,1.0,
154,0,4,996,1.0,
155,0,4,996,1.0,
156,0,4,996,1.0,
157,0,4,996,1.0,
158,0,4,996,1.0,
159,0,4,996,1.0,
160,0,4,996,1.0,
161,0,4,996,1.0,
162,0,4,996,1.0,
163,0,4,996,1.0,
164,0,4,996,1.0,
165,0,4,996,1.0,
166,0,4,996,1.0,
167,0,4,996,1.0,
168,0,4,996,1.0,
169,0,4,996,1.0,
170,0,4,996,1.0,
171,0,4,996,1.0,
172,0,3,997,1.0,
173,0,3,997,1.0,
174,0,3,997,1.0,
175,0,3,997,1.0,
176,0,3,997,1.0,
177,0,3,997,1.0,
178,0,3,997,1.0,
179,0,3,997,1.0,
180,0,2,998,1.0,
181,0,2,998,1.0,
182,0,2,998,1.0,
183,0,2,998,1.0,
184,0,2,998,1.0,
185,0,2,998,1.0,
186,0,2,998,1.0,
187,0,2,998,1.0,
188,0,2,998,1.0,
189,0,2,998,1.0,
190,0,2,998,1.0,
191,0,2,998,1.0,
192,0,2,998,1.0,
193,0,2,998,1.0,
194,0,2,998,1.0,
195,0,2,998,1.0,
196,0,2,998,1.0,
197,0,1,999,1.0,
198,0,1,999,1.0,
199,0,1,999,1.0,
200,0,1,999,1.0,
1,998,2,0,0.9988823529411764,1.0
2,997,3,0,0.9972941176470588,0.9992023301845951
3,996,4,0,0.9966470588235294,0.9988804864219306
4,993,7,0,0.9932352941176471,0.9971584638637412
5,990,10,0,0.990764705882353,0.9959003296220663
6,985,15,0,0.9877058823529412,0.9943478281845952
7,976,24,0,0.9831176470588235,0.991925932052551
8,960,37,3,0.9695294117647059,0.9847473766417123
9,938,58,4,0.9525294117647058,0.9752970244015637
10,904,90,6,0.9271176470588235,0.960255485565686
11,859,132,9,0.8924117647058823,0.9379818810301962
12,811,168,21,0.8625294117647059,0.9158620838595471
13,754,211,35,0.8285882352941176,0.8871544310991754
14,682,272,46,0.7898235294117647,0.8465084317715066
15,606,331,63,0.7661176470588236,0.8078106176176172
16,522,393,85,0.7603529411764706,0.7711511396764409
17,422,476,102,0.7651764705882353,0.722319269731113
18,343,520,137,0.7914117647058824,0.6958428943351088
19,259,576,165,0.8271176470588235,0.6654872745379156
20,191,605,204,0.8674117647058823,0.6514273182490031
21,130,634,236,0.9054117647058824,0.6344592531587504
22,91,649,260,0.9327058823529412,0.6285147739423851
23,54,664,282,0.9597058823529412,0.6251670317194322
24,36,652,312,0.9731764705882353,0.6267077232734833
25,19,645,336,0.9858823529411764,0.6214455009887802
26,15,609,376,0.9889411764705882,0.6238276738710126
27,12,587,401,0.9911764705882353,0.6277774200690766
28,10,556,434,0.9928235294117647,0.6345288195770691
29,6,537,457,0.996,0.6556936068881448
30,4,517,479,0.9973529411764706,0.6556378546011113
31,3,501,496,0.9979411764705882,0.6387584729971142
32,3,476,521,0.998,0.6482875936241164
33,2,460,538,0.9987647058823529,0.6819469068065919
34,2,443,555,0.9987647058823529,0.6819469068065919
35,2,431,567,0.9988235294117647,0.698084933674902
36,1,415,584,0.9994705882352941,0.7100731822056466
37,0,400,600,1.0,
38,0,389,611,1.0,
39,0,375,625,1.0,
40,0,354,646,1.0,
41,0,335,665,1.0,
42,0,323,677,1.0,
43,0,313,687,1.0,
44,0,298,702,1.0,
45,0,285,715,1.0,
46,0,274,726,1.0,
47,0,263,737,1.0,
48,0,251,749,1.0,
49,0,241,759,1.0,
50,0,235,765,1.0,
51,0,223,777,1.0,
52,0,209,791,1.0,
53,0,200,800,1.0,
54,0,192,808,1.0,
55,0,175,825,1.0,
56,0,165,835,1.0,
57,0,159,841,1.0,
58,0,157,843,1.0,
59,0,150,850,1.0,
60,0,144,856,1.0,
61,0,138,862,1.0,
62,0,133,867,1.0,
63,0,125,875,1.0,
64,0,121,879,1.0,
65,0,119,881,1.0,
66,0,115,885,1.0,
67,0,111,889,1.0,
68,0,109,891,1.0,
69,0,104,896,1.0,
70,0,101,899,1.0,
71,0,97,903,1.0,
72,0,96,904,1.0,
73,0,90,910,1.0,
74,0,87,913,1.0,
75,0,84,916,1.0,
76,0,83,917,1.0,
77,0,81,919,1.0,
78,0,80,920,1.0,
79,0,78,922,1.0,
80,0,74,926,1.0,
81,0,71,929,1.0,
82,0,67,933,1.0,
83,0,65,935,1.0,
84,0,62,938,1.0,
85,0,59,941,1.0,
86,0,56,944,1.0,
87,0,55,945,1.0,
88,0,54,946,1.0,
89,0,52,948,1.0,
90,0,47,953,1.0,
91,0,44,956,1.0,
92,0,43,957,1.0,
93,0,42,958,1.0,
94,0,40,960,1.0,
95,0,40,960,1.0,
96,0,35,965,1.0,
97,0,35,965,1.0,
98,0,33,967,1.0,
99,0,33,967,1.0,
100,0,33,967,1.0,
101,0,33,967,1.0,
102,0,31,969,1.0,
103,0,30,970,1.0,
104,0,30,970,1.0,
105,0,30,970,1.0,
106,0,28,972,1.0,
107,0,27,973,1.0,
108,0,23,977,1.0,
109,0,23,977,1.0,
110,0,23,977,1.0,
111,0,23,977,1.0,
112,0,22,978,1.0,
113,0,21,979,1.0,
114,0,20,980,1.0,
115,0,19,981,1.0,
116,0,19,981,1.0,
117,0,19,981,1.0,
118,0,17,983,1.0,
119,0,16,984,1.0,
120,0,16,984,1.0,
121,0,16,984,1.0,
122,0,16,984,1.0,
123,0,15,985,1.0,
124,0,14,986,1.0,
125,0,14,986,1.0,
126,0,14,986,1.0,
127,0,14,986,1.0,
128,0,13,987,1.0,
129,0,12,988,1.0,
130,0,12,988,1.0,
131,0,12,988,1.0,
132,0,12,988,1.0,
133,0,12,988,1.0,
134,0,12,988,1.0,
135,0,11,989,1.0,
136,0,10,990,1.0,
137,0,10,990,1.0,
138,0,10,990,1.0,
139,0,9,991,1.0,
140,0,9,991,1.0,
141,0,9,991,1.0,
142,0,9,991,1.0,
143,0,8,992,1.0,
144,0,8,992,1.0,
145,0,8,992,1.0,
146,0,8,992,1.0,
147,0,7,993,1.0,
148,0,7,993,1.0,
149,0,6,994,1.0,
150,0,6,994,1.0,
151,0,6,994,1.0,
152,0,6,994,1.0,
153,0,6,994,1.0,
154,0,6,994,1.0,
155,0,5,995,1.0,
156,0,5,995,1.0,
157,0,5,995,1.0,
158,0,4,996,1.0,
159,0,3,997,1.0,
160,0,3,997,1.0,
161,0,3,997,1.0,
162,0,3,997,1.0,
163,0,3,997,1.0,
164,0,2,998,1.0,
165,0,2,998,1.0,
166,0,1,999,1.0,
167,0,1,999,1.0,
168,0,1,999,1.0,
169,0,1,999,1.0,
170,0,1,999,1.0,
171,0,1,999,1.0,
172,0,1,999,1.0,
173,0,1,999,1.0,
174,0,1,999,1.0,
175,0,1,999,1.0,
176,0,1,999,1.0,
177,0,1,999,1.0,
178,0,1,999,1.0,
179,0,1,999,1.0,
180,0,1,999,1.0,
181,0,1,999,1.0,
182,0,1,999,1.0,
183,0,1,999,1.0,
184,0,1,999,1.0,
185,0,1,999,1.0,
186,0,1,999,1.0,
187,0,1,999,1.0,
188,0,1,999,1.0,
189,0,1,999,1.0,
190,0,1,999,1.0,
191,0,1,999,1.0,
192,0,1,999,1.0,
193,0,1,999,1.0,
194,0,1,999,1.0,
195,0,1,999,1.0,
196,0,1,999,1.0,
197,0,1,999,1.0,
198,0,1,999,1.0,
199,0,1,999,1.0,
200,0,1,999,1.0,
1,997,3,0,0.9974705882352941,1.0
2,994,6,0,0.9944705882352941,0.998502157371577
3,989,10,1,0.9903529411764705,0.9964759453295383
4,984,13,3,0.9894705882352941,0.9959987685687203
5,974,23,3,0.9815882352941177,0.9919097415669024
6,956,40,4,0.9704117647058823,0.98590332030394
7,941,51,8,0.9655294117647059,0.9830355899820568
8,909,78,13,0.9378823529411765,0.9670911971327849
9,872,110,18,0.9125882352941177,0.9510868470377194
10,820,156,24,0.8779411764705882,0.926780742786512
11,757,209,34,0.836,0.8926632430518321
12,678,275,47,0.8034705882352942,0.8559189698889427
13,601,337,62,0.7725882352941177,0.8112697198662053
14,520,406,74,0.7659411764705882,0.7752258345346186
15,414,503,83,0.7678823529411765,0.7191976140025976
16,316,575,109,0.8005882352941176,0.6838680758079849
17,218,654,128,0.8483529411764706,0.6499355215899149
18,147,690,163,0.8961176470588236,0.6435858795290362
19,89,718,193,0.9369411764705883,0.6451759693702118
20,56,723,221,0.9588823529411765,0.6322202785810518
21,33,723,244,0.9754705882352941,0.6261018983567936
22,20,705,275,0.9851176470588235,0.6238425425470921
23,8,685,307,0.994,0.619475463388543
24,5,659,336,0.9962941176470588,0.6319967379747148
25,2,637,361,0.9985294117647059,0.6433155300188599
26,1,617,382,0.9992941176470588,0.6371652859460218
27,1,593,406,0.9992352941176471,0.6068240818533541
28,0,568,432,1.0,
29,0,544,456,1.0,
30,0,521,479,1.0,
31,0,504,496,1.0,
32,0,484,516,1.0,
33,0,460,540,1.0,
34,0,446,554,1.0,
35,0,436,564,1.0,
36,0,419,581,1.0,
37,0,397,603,1.0,
38,0,386,614,1.0,
39,0,370,630,1.0,
40,0,354,646,1.0,
41,0,336,664,1.0,
42,0,330,670,1.0,
43,0,320,680,1.0,
44,0,305,695,1.0,
45,0,294,706,1.0,
46,0,280,720,1.0,
47,0,266,734,1.0,
48,0,258,742,1.0,
49,0,244,756,1.0,
50,0,229,771,1.0,
51,0,222,778,1.0,
52,0,214,786,1.0,
53,0,208,792,1.0,
54,0,201,799,1.0,
55,0,189,811,1.0,
56,0,175,825,1.0,
57,0,165,835,1.0,
58,0,161,839,1.0,
59,0,152,848,1.0,
60,0,143,857,1.0,
61,0,136,864,1.0,
62,0,130,870,1.0,
63,0,125,875,1.0,
64,0,121,879,1.0,
65,0,117,883,1.0,
66,0,116,884,1.0,
67,0,113,887,1.0,
68,0,107,893,1.0,
69,0,103,897,1.0,
70,0,100,900,1.0,
71,0,94,906,1.0,
72,0,90,910,1.0,
73,0,85,915,1.0,
74,0,80,920,1.0,
75,0,76,924,1.0,
76,0,72,928,1.0,
77,0,68,932,1.0,
78,0,63,937,1.0,
79,0,60,940,1.0,
80,0,59,941,1.0,
81,0,55,945,1.0,
82,0,52,948,1.0,
83,0,50,950,1.0,
84,0,47,953,1.0,
85,0,45,955,1.0,
86,0,44,956,1.0,
87,0,43,957,1.0,
88,0,41,959,1.0,
89,0,37,963,1.0,
90,0,33,967,1.0,
91,0,31,969,1.0,
92,0,29,971,1.0,
93,0,27,973,1.0,
94,0,27,973,1.0,
95,0,27,973,1.0,
96,0,24,976,1.0,
97,0,21,979,1.0,
98,0,20,980,1.0,
99,0,18,982,1.0,
100,0,18,982,1.0,
101,0,18,982,1.0,
102,0,18,982,1.0,
103,0,18,982,1.0,
104,0,17,983,1.0,
105,0,15,985,1.0,
106,0,15,985,1.0,
107,0,13,987,1.0,
108,0,13,987,1.0,
109,0,12,988,1.0,
110,0,11,989,1.0,
111,0,10,990,1.0,
112,0,10,990,1.0,
113,0,8,992,1.0,
114,0,7,993,1.0,
115,0,7,993,1.0,
116,0,7,993,1.0,
117,0,7,993,1.0,
118,0,7,993,1.0,
119,0,7,993,1.0,
120,0,7,993,1.0,
121,0,7,993,1.0,
122,0,6,994,1.0,
123,0,6,994,1.0,
124,0,5,995,1.0,
125,0,5,995,1.0,
126,0,4,996,1.0,
127,0,4,996,1.0,
128,0,3,997,1.0,
129,0,3,997,1.0,
130,0,3,997,1.0,
131,0,3,997,1.0,
132,0,3,997,1.0,
133,0,3,997,1.0,
134,0,3,997,1.0,
135,0,3,997,1.0,
136,0,3,997,1.0,
137,0,3,997,1.0,
138,0,3,997,1.0,
139,0,3,997,1.0,
140,0,3,997,1.0,
141,0,3,997,1.0,
142,0,2,998,1.0,
143,0,2,998,1.0,
144,0,2,998,1.0,
145,0,1,999,1.0,
146,0,1,999,1.0,
147,0,1,999,1.0,
148,0,1,999,1.0,
149,0,1,999,1.0,
150,0,1,999,1.0,
151,0,1,999,1.0,
152,0,1,999,1.0,
153,0,1,999,1.0,
154,0,1,999,1.0,
155,0,1,999,1.0,
156,0,1,999,1.0,
157,0,1,999,1.0,
158,0,1,999,1.0,
159,0,1,999,1.0,
160,0,1,999,1.0,
161,0,1,999,1.0,
162,0,1,999,1.0,
163,0,1,999,1.0,
164,0,1,999,1.0,
165,0,1,999,1.0,
166,0,1,999,1.0,
167,0,1,999,1.0,
168,0,1,999,1.0,
169,0,1,999,1.0,
170,0,1,999,1.0,
171,0,1,999,1.0,
172,0,1,999,1.0,
173,0,1,999,1.0,
174,0,1,999,1.0,
175,0,1,999,1.0,
176,0,1,999,1.0,
177,0,1,999,1.0,
178,0,1,999,1.0,
179,0,1,999,1.0,
180,0,1,999,1.0,
181,0,1,999,1.0,
182,0,1,999,1.0,
183,0,1,999,1.0,
184,0,1,999,1.0,
185,0,1,999,1.0,
186,0,1,999,1.0,
187,0,1,999,1.0,
188,0,1,999,1.0,
189,0,1,999,1.0,
190,0,1,999,1.0,
191,0,1,999,1.0,
192,0,1,999,1.0,
193,0,1,999,1.0,
194,0,0,1000,1.0,
195,0,0,1000,1.0,
196,0,0,1000,1.0,
197,0,0,1000,1.0,
198,0,0,1000,1.0,
199,0,0,1000,1.0,
200,0,0,1000,1.0,
1,999,1,0,1.0,1.0
2,996,4,0,0.9974705882352941,0.9987065351005576
3,995,4,1,0.998,0.9989744303827647
4,985,14,1,0.9884117647058823,0.9940576279289836
5,973,26,1,0.9784705882352941,0.9888416444982768
6,953,43,4,0.9642352941176471,0.9811559944073686
7,924,70,6,0.9391764705882353,0.9669516619288961
8,875,116,9,0.8942941176470588,0.9395192840368591
9,824,163,13,0.8611764705882353,0.9156355341305705
10,760,215,25,0.8165294117647058,0.8792115874230638
11,683,276,41,0.78,0.8388480027848984
12,607,338,55,0.7561764705882353,0.7994198929648203
13,522,408,70,0.7433529411764705,0.7545722661483399
14,435,480,85,0.7541764705882353,0.7171545402854337
15,342,549,109,0.7804117647058824,0.6777280950671735
16,250,619,131,0.8228235294117647,0.6438341437589272
17,181,658,161,0.8684117647058823,0.6339672485839996
18,111,700,189,0.9177647058823529,0.6265243777133053
19,56,729,215,0.9592941176470589,0.6323461792050841
20,35,715,250,0.974,0.623416680005864
21,20,703,277,0.985,0.6168219963938653
22,13,686,301,0.9901176470588235,0.6084457130472312
23,7,661,332,0.9947058823529412,0.6040265959756337
24,7,634,359,0.9947058823529412,0.6040265959756337
25,4,627,369,0.997,0.6158068212622292
26,3,612,385,0.9978235294117647,0.6252944188428059
27,1,589,410,0.9993529411764706,0.6666666666666666
28,1,567,432,0.9993529411764706,0.6666666666666666
29,1,544,455,0.9993529411764706,0.6666666666666666
30,1,525,474,0.9993529411764706,0.6666666666666666
31,1,499,500,0.9994117647058823,0.696969696969697
32,1,478,521,0.9994117647058823,0.696969696969697
33,1,458,541,0.9994117647058823,0.696969696969697
34,1,434,565,0.9994705882352941,0.7272727272727273
35,1,412,587,0.9995294117647059,0.7575757575757576
36,1,392,607,0.9995882352941177,0.7878787878787878
37,1,367,632,0.9995882352941177,0.7878787878787878
38,0,353,647,1.0,
39,0,336,664,1.0,
40,0,329,671,1.0,
41,0,314,686,1.0,
42,0,297,703,1.0,
43,0,285,715,1.0,
44,0,267,733,1.0,
45,0,258,742,1.0,
46,0,248,752,1.0,
47,0,236,764,1.0,
48,0,228,772,1.0,
49,0,218,782,1.0,
50,0,211,789,1.0,
51,0,203,797,1.0,
52,0,194,806,1.0,
53,0,186,814,1.0,
54,0,176,824,1.0,
55,0,169,831,1.0,
56,0,160,840,1.0,
57,0,157,843,1.0,
58,0,151,849,1.0,
59,0,146,854,1.0,
60,0,140,860,1.0,
61,0,133,867,1.0,
62,0,131,869,1.0,
63,0,124,876,1.0,
64,0,121,879,1.0,
65,0,118,882,1.0,
66,0,112,888,1.0,
67,0,106,894,1.0,
68,0,102,898,1.0,
69,0,98,902,1.0,
70,0,93,907,1.0,
71,0,90,910,1.0,
72,0,84,916,1.0,
73,0,83,917,1.0,
74,0,80,920,1.0,
75,0,76,924,1.0,
76,0,72,928,1.0,
77,0,70,930,1.0,
78,0,67,933,1.0,
79,0,62,938,1.0,
80,0,61,939,1.0,
81,0,60,940,1.0,
82,0,58,942,1.0,
83,0,58,942,1.0,
84,0,58,942,1.0,
85,0,58,942,1.0,
86,0,56,944,1.0,
87,0,53,947,1.0,
88,0,52,948,1.0,
89,0,47,953,1.0,
90,0,46,954,1.0,
91,0,45,955,1.0,
92,0,44,956,1.0,
93,0,41,959,1.0,
94,0,40,960,1.0,
95,0,40,960,1.0,
96,0,37,963,1.0,
97,0,35,965,1.0,
98,0,33,967,1.0,
99,0,33,967,1.0,
100,0,32,968,1.0,
101,0,30,970,1.0,
102,0,29,971,1.0,
103,0,28,972,1.0,
104,0,28,972,1.0,
105,0,27,973,1.0,
106,0,25,975,1.0,
107,0,23,977,1.0,
108,0,23,977,1.0,
109,0,22,978,1.0,
110,0,21,979,1.0,
111,0,17,983,1.0,
112,0,17,983,1.0,
113,0,17,983,1.0,
114,0,17,983,1.0,
115,0,16,984,1.0,
116,0,16,984,1.0,
117,0,15,985,1.0,
118,0,15,985,1.0,
119,0,13,987,1.0,
120,0,13,987,1.0,
121,0,13,987,1.0,
122,0,13,987,1.0,
123,0,13,987,1.0,
124,0,13,987,1.0,
125,0,11,989,1.0,
126,0,11,989,1.0,
127,0,11,989,1.0,
128,0,11,989,1.0,
129,0,11,989,1.0,
130,0,11,989,1.0,
131,0,11,989,1.0,
132,0,11,989,1.0,
133,0,11,989,1.0,
134,0,11,989,1.0,
135,0,11,989,1.0,
136,0,11,989,1.0,
137,0,9,991,1.0,
138,0,7,993,1.0,
139,0,7,993,1.0,
140,0,7,993,1.0,
141,0,6,994,1.0,
142,0,5,995,1.0,
143,0,5,995,1.0,
144,0,5,995,1.0,
145,0,5,995,1.0,
146,0,5,995,1.0,
147,0,5,995,1.0,
148,0,5,995,1.0,
149,0,5,995,1.0,
150,0,5,995,1.0,
151,0,5,995,1.0,
152,0,5,995,1.0,
153,0,5,995,1.0,
154,0,5,995,1.0,
155,0,4,996,1.0,
156,0,4,996,1.0,
157,0,4,996,1.0,
158,0,4,996,1.0,
159,0,4,996,1.0,
160,0,4,996,1.0,
161,0,4,996,1.0,
162,0,2,998,1.0,
163,0,2,998,1.0,
164,0,2,998,1.0,
165,0,2,998,1.0,
166,0,2,998,1.0,
167,0,2,998,1.0,
168,0,2,998,1.0,
169,0,1,999,1.0,
170,0,1,999,1.0,
171,0,1,999,1.0,
172,0,1,999,1.0,
173,0,1,999,1.0,
174,0,1,999,1.0,
175,0,1,999,1.0,
176,0,1,999,1.0,
177,0,1,999,1.0,
178,0,1,999,1.0,
179,0,1,999,1.0,
180,0,1,999,1.0,
181,0,1,999,1.0,
182,0,1,999,1.0,
183,0,1,999,1.0,
184,0,1,999,1.0,
185,0,1,999,1.0,
186,0,1,999,1.0,
187,0,1,999,1.0,
188,0,1,999,1.0,
189,0,1,999,1.0,
190,0,1,999,1.0,
191,0,1,999,1.0,
192,0,1,999,1.0,
193,0,1,999,1.0,
194,0,1,999,1.0,
195,0,1,999,1.0,
196,0,1,999,1.0,
197,0,1,999,1.0,
198,0,1,999,1.0,
199,0,1,999,1.0,
200,0,1,999,1.0,
1,999,1,0,1.0,1.0
2,998,2,0,0.9987058823529412,0.9993634606054299
3,993,5,2,0.9958823529411764,0.9979468404955434
4,988,9,3,0.9917058823529412,0.9958423215306778
5,981,16,3,0.989,0.9944284971284125
6,965,31,4,0.9742352941176471,0.9866315335135003
7,942,51,7,0.9551764705882353,0.9761763389700001
8,913,78,9,0.9304705882352942,0.9618387385137389
9,870,114,16,0.8994705882352941,0.9420540584273641
10,809,168,23,0.8570588235294118,0.9114434681341105
11,735,235,30,0.8224705882352941,0.8791653839918917
12,664,289,47,0.7897058823529411,0.8415578104312945
13,593,337,70,0.781235294117647,0.815638247323988
14,515,400,85,0.777,0.7834979488862451
15,440,454,106,0.7804705882352941,0.7500860462193476
16,364,516,120,0.7893529411764706,0.7098577373865804
17,292,566,142,0.8185882352941176,0.6881425531458656
18,222,615,163,0.8460588235294118,0.6503925090618196
19,163,646,191,0.8825294117647059,0.6357616322649623
20,107,668,225,0.9208235294117647,0.6253348793559665
21,75,676,249,0.9450588235294117,0.6275343813033902
22,45,677,278,0.9666470588235294,0.625298600366363
23,25,674,301,0.9817058823529412,0.6255008188323964
24,13,658,329,0.9905882352941177,0.6357473144237851
25,8,639,353,0.9942941176470588,0.6364758403361345
26,6,616,378,0.9956470588235294,0.6262254901960784
27,6,594,400,0.9957058823529412,0.6314338235294118
28,5,584,411,0.9964117647058823,0.6283088235294118
29,3,561,436,0.9981176470588236,0.6666666666666666
30,1,540,459,0.9995882352941177,0.78125
31,1,520,479,0.9995882352941177,0.78125
32,1,497,502,0.9995882352941177,0.78125
33,1,472,527,0.9996470588235294,0.8125
34,1,453,546,0.9997647058823529,0.875
35,1,437,562,0.9997647058823529,0.875
36,1,415,584,0.9997647058823529,0.875
37,1,405,594,0.9997647058823529,0.875
38,1,388,611,0.9998235294117647,0.90625
39,0,375,625,1.0,
40,0,356,644,1.0,
41,0,339,661,1.0,
42,0,330,670,1.0,
43,0,319,681,1.0,
44,0,307,693,1.0,
45,0,289,711,1.0,
46,0,280,720,1.0,
47,0,266,734,1.0,
48,0,249,751,1.0,
49,0,237,763,1.0,
50,0,221,779,1.0,
51,0,216,784,1.0,
52,0,210,790,1.0,
53,0,195,805,1.0,
54,0,188,812,1.0,
55,0,183,817,1.0,
56,0,177,823,1.0,
57,0,168,832,1.0,
58,0,166,834,1.0,
59,0,162,838,1.0,
60,0,157,843,1.0,
61,0,152,848,1.0,
62,0,146,854,1.0,
63,0,140,860,1.0,
64,0,134,866,1.0,
65,0,130,870,1.0,
66,0,125,875,1.0,
67,0,122,878,1.0,
68,0,113,887,1.0,
69,0,108,892,1.0,
70,0,101,899,1.0,
71,0,98,902,1.0,
72,0,92,908,1.0,
73,0,88,912,1.0,
74,0,83,917,1.0,
75,0,82,918,1.0,
76,0,81,919,1.0,
77,0,76,924,1.0,
78,0,73,927,1.0,
79,0,71,929,1.0,
80,0,70,930,1.0,
81,0,67,933,1.0,
82,0,63,937,1.0,
83,0,60,940,1.0,
84,0,59,941,1.0,
85,0,57,943,1.0,
86,0,53,947,1.0,
87,0,50,950,1.0,
88,0,47,953,1.0,
89,0,46,954,1.0,
90,0,44,956,1.0,
91,0,43,957,1.0,
92,0,40,960,1.0,
93,0,38,962,1.0,
94,0,34,966,1.0,
95,0,33,967,1.0,
96,0,32,968,1.0,
97,0,31,969,1.0,
98,0,31,969,1.0,
99,0,29,971,1.0,
100,0,29,971,1.0,
101,0,27,973,1.0,
102,0,26,974,1.0,
103,0,24,976,1.0,
104,0,24,976,1.0,
105,0,20,980,1.0,
106,0,19,981,1.0,
107,0,19,981,1.0,
108,0,18,982,1.0,
109,0,18,982,1.0,
110,0,18,982,1.0,
111,0,18,982,1.0,
112,0,18,982,1.0,
113,0,17,983,1.0,
114,0,17,983,1.0,
115,0,17,983,1.0,
116,0,16,984,1.0,
117,0,14,986,1.0,
118,0,14,986,1.0,
119,0,14,986,1.0,
120,0,14,986,1.0,
121,0,14,986,1.0,
122,0,13,987,1.0,
123,0,13,987,1.0,
124,0,12,988,1.0,
125,0,11,989,1.0,
126,0,9,991,1.0,
127,0,9,991,1.0,
128,0,7,993,1.0,
129,0,7,993,1.0,
130,0,7,993,1.0,
131,0,7,993,1.0,
132,0,7,993,1.0,
133,0,7,993,1.0,
134,0,5,995,1.0,
135,0,5,995,1.0,
136,0,5,995,1.0,
137,0,5,995,1.0,
138,0,5,995,1.0,
139,0,5,995,1.0,
140,0,5,995,1.0,
141,0,4,996,1.0,
142,0,4,996,1.0,
143,0,3,997,1.0,
144,0,3,997,1.0,
145,0,3,997,1.0,
146,0,3,997,1.0,
147,0,3,997,1.0,
148,0,2,998,1.0,
149,0,2,998,1.0,
150,0,2,998,1.0,
151,0,2,998,1.0,
152,0,2,998,1.0,
153,0,1,999,1.0,
154,0,1,999,1.0,
155,0,1,999,1.0,
156,0,1,999,1.0,
157,0,1,999,1.0,
158,0,1,999,1.0,
159,0,1,999,1.0,
160,0,1,999,1.0,
161,0,1,999,1.0,
162,0,1,999,1.0,
163,0,1,999,1.0,
164,0,1,999,1.0,
165,0,1,999,1.0,
166,0,1,999,1.0,
167,0,1,999,1.0,
168,0,1,999,1.0,
169,0,1,999,1.0,
170,0,0,1000,1.0,
171,0,0,1000,1.0,
172,0,0,1000,1.0,
173,0,0,1000,1.0,
174,0,0,1000,1.0,
175,0,0,1000,1.0,
176,0,0,1000,1.0,
177,0,0,1000,1.0,
178,0,0,1000,1.0,
179,0,0,1000,1.0,
180,0,0,1000,1.0,
181,0,0,1000,1.0,
182,0,0,1000,1.0,
183,0,0,1000,1.0,
184,0,0,1000,1.0,
185,0,0,1000,1.0,
186,0,0,1000,1.0,
187,0,0,1000,1.0,
188,0,0,1000,1.0,
189,0,0,1000,1.0,
190,0,0,1000,1.0,
191,0,0,1000,1.0,
192,0,0,1000,1.0,
193,0,0,1000,1.0,
194,0,0,1000,1.0,
195,0,0,1000,1.0,
196,0,0,1000,1.0,
197,0,0,1000,1.0,
198,0,0,1000,1.0,
199,0,0,1000,1.0,
200,0,0,1000,1.0,
1,999,1,0,1.0,1.0
2,995,5,0,0.9966470588235294,0.998293676050296
3,992,7,1,0.9944705882352941,0.9971922116494575
4,981,18,1,0.9849411764705882,0.992311739790776
5,966,33,1,0.9714705882352941,0.9852288742070442
6,941,52,7,0.9506470588235294,0.9738162485410702
7,917,74,9,0.9312941176470588,0.9626333022283213
8,865,123,12,0.8881176470588236,0.9353496416887751
9,805,180,15,0.8394705882352941,0.9004475435587755
10,743,235,22,0.7981764705882353,0.8644139799367153
11,665,303,32,0.7658823529411765,0.8242949219478035
12,584,371,45,0.7523529411764706,0.7879107599558381
13,490,447,63,0.7451176470588236,0.7392904115453712
14,398,518,84,0.7605294117647059,0.6979931876581148
15,299,587,114,0.7995294117647059,0.662976751597477
16,211,646,143,0.8481764705882353,0.6379554599602666
17,150,680,170,0.8880588235294118,0.623163059513072
18,95,699,206,0.9290588235294117,0.6207235912505262
19,59,705,236,0.9558823529411765,0.6233278059705716
20,40,687,273,0.97,0.6198789981469061
21,30,675,295,0.9772352941176471,0.6160161970633983
22,17,657,326,0.9870588235294118,0.6129836728550313
23,14,635,351,0.9893529411764705,0.6112040637369318
24,8,614,378,0.9939411764705882,0.6077490242797998
25,8,585,407,0.9939411764705882,0.6077490242797998
26,7,558,435,0.9948235294117647,0.6151283093882715
27,6,538,456,0.9957058823529412,0.6309857948555766
28,5,509,486,0.9966470588235294,0.6520247541831982
29,2,492,506,0.9987647058823529,0.6829044117647058
30,2,470,528,0.9988235294117647,0.6985294117647058
31,1,460,539,0.9992941176470588,0.6470588235294118
32,1,444,555,0.9993529411764706,0.6764705882352942
33,1,421,578,0.9993529411764706,0.6764705882352942
34,1,395,604,0.9993529411764706,0.6764705882352942
35,1,371,628,0.9994117647058823,0.7058823529411765
36,1,350,649,0.9994117647058823,0.7058823529411765
37,1,328,671,0.9994117647058823,0.7058823529411765
38,1,323,676,0.9994117647058823,0.7058823529411765
39,1,314,685,0.9994117647058823,0.7058823529411765
40,1,306,693,0.9994705882352941,0.7352941176470589
41,1,294,705,0.9995294117647059,0.7647058823529411
42,1,282,717,0.9995294117647059,0.7647058823529411
43,0,279,721,1.0,
44,0,265,735,1.0,
45,0,256,744,1.0,
46,0,235,765,1.0,
47,0,223,777,1.0,
48,0,214,786,1.0,
49,0,206,794,1.0,
50,0,201,799,1.0,
51,0,194,806,1.0,
52,0,183,817,1.0,
53,0,172,828,1.0,
54,0,165,835,1.0,
55,0,158,842,1.0,
56,0,149,851,1.0,
57,0,146,854,1.0,
58,0,141,859,1.0,
59,0,136,864,1.0,
60,0,129,871,1.0,
61,0,123,877,1.0,
62,0,120,880,1.0,
63,0,116,884,1.0,
64,0,110,890,1.0,
65,0,108,892,1.0,
66,0,99,901,1.0,
67,0,97,903,1.0,
68,0,96,904,1.0,
69,0,92,908,1.0,
70,0,87,913,1.0,
71,0,81,919,1.0,
72,0,79,921,1.0,
73,0,76,924,1.0,
74,0,73,927,1.0,
75,0,70,930,1.0,
76,0,68,932,1.0,
77,0,64,936,1.0,
78,0,63,937,1.0,
79,0,62,938,1.0,
80,0,59,941,1.0,
81,0,59,941,1.0,
82,0,54,946,1.0,
83,0,51,949,1.0,
84,0,47,953,1.0,
85,0,43,957,1.0,
86,0,41,959,1.0,
87,0,39,961,1.0,
88,0,39,961,1.0,
89,0,37,963,1.0,
90,0,36,964,1.0,
91,0,35,965,1.0,
92,0,32,968,1.0,
93,0,30,970,1.0,
94,0,30,970,1.0,
95,0,29,971,1.0,
96,0,27,973,1.0,
97,0,26,974,1.0,
98,0,24,976,1.0,
99,0,23,977,1.0,
100,0,22,978,1.0,
101,0,21,979,1.0,
102,0,20,980,1.0,
103,0,19,981,1.0,
104,0,19,981,1.0,
105,0,19,981,1.0,
106,0,19,981,1.0,
107,0,19,981,1.0,
108,0,19,981,1.0,
109,0,19,981,1.0,
110,0,18,982,1.0,
111,0,18,982,1.0,
112,0,18,982,1.0,
113,0,18,982,1.0,
114,0,18,982,1.0,
115,0,18,982,1.0,
116,0,17,983,1.0,
117,0,17,983,1.0,
118,0,16,984,1.0,
119,0,15,985,1.0,
120,0,15,985,1.0,
121,0,15,985,1.0,
122,0,14,986,1.0,
123,0,14,986,1.0,
124,0,13,987,1.0,
125,0,12,988,1.0,
126,0,12,988,1.0,
127,0,12,988,1.0,
128,0,12,988,1.0,
129,0,12,988,1.0,
130,0,12,988,1.0,
131,0,11,989,1.0,
132,0,10,990,1.0,
133,0,10,990,1.0,
134,0,10,990,1.0,
135,0,10,990,1.0,
136,0,10,990,1.0,
137,0,10,990,1.0,
138,0,10,990,1.0,
139,0,10,990,1.0,
140,0,10,990,1.0,
141,0,10,990,1.0,
142,0,9,991,1.0,
143,0,8,992,1.0,
144,0,8,992,1.0,
145,0,8,992,1.0,
146,0,8,992,1.0,
147,0,8,992,1.0,
148,0,7,993,1.0,
149,0,6,994,1.0,
150,0,6,994,1.0,
151,0,6,994,1.0,
152,0,6,994,1.0,
153,0,6,994,1.0,
154,0,6,994,1.0,
155,0,6,994,1.0,
156,0,5,995,1.0,
157,0,5,995,1.0,
158,0,5,995,1.0,
159,0,5,995,1.0,
160,0,5,995,1.0,
161,0,4,996,1.0,
162,0,4,996,1.0,
163,0,4,996,1.0,
164,0,4,996,1.0,
165,0,4,996,1.0,
166,0,4,996,1.0,
167,0,4,996,1.0,
168,0,4,996,1.0,
169,0,3,997,1.0,
170,0,3,997,1.0,
171,0,3,997,1.0,
172,0,3,997,1.0,
173,0,3,997,1.0,
174,0,3,997,1.0,
175,0,3,997,1.0,
176,0,3,997,1.0,
177,0,2,998,1.0,
178,0,2,998,1.0,
179,0,2,998,1.0,
180,0,2,998,1.0,
181,0,2,998,1.0,
182,0,2,998,1.0,
183,0,2,998,1.0,
184,0,2,998,1.0,
185,0,1,999,1.0,
186,0,1,999,1.0,
187,0,1,999,1.0,
188,0,1,999,1.0,
189,0,1,999,1.0,
190,0,1,999,1.0,
191,0,1,999,1.0,
192,0,1,999,1.0,
193,0,1,999,1.0,
194,0,1,999,1.0,
195,0,1,999,1.0,
196,0,1,999,1.0,
197,0,1,999,1.0,
198,0,1,999,1.0,
199,0,1,999,1.0,
200,0,0,1000,1.0,
1,998,2,0,0.9987647058823529,1.0
2,995,5,0,0.9961764705882353,0.9987034847554891
3,991,8,1,0.9931176470588235,0.9971528258125338
4,982,17,1,0.9844117647058823,0.9927159026557597
5,973,25,2,0.9818235294117647,0.991329703005673
6,953,43,4,0.9658823529411765,0.9828054134172198
7,931,62,7,0.9471176470588235,0.9722836436469912
8,893,95,12,0.9153529411764706,0.9532758101109523
9,845,137,18,0.881,0.9302529249806536
10,793,178,29,0.8546470588235294,0.9092579367333503
11,721,243,36,0.8140588235294117,0.8719498240973014
12,652,294,54,0.7861176470588235,0.8367438273220665
13,575,357,68,0.7657058823529411,0.7968865823786556
14,506,407,87,0.765235294117647,0.7684637329522854
15,424,472,104,0.7744117647058824,0.7341937115234407
16,351,529,120,0.7938823529411765,0.7058105114599873
17,271,587,142,0.828764705882353,0.6824639814216976
18,199,633,168,0.8744705882352941,0.6831713632931633
19,143,664,193,0.9102941176470588,0.68520617802102
20,102,682,216,0.9330588235294117,0.669688100053108
21,77,677,246,0.9476470588235294,0.6587937699930417
22,55,669,276,0.9601764705882353,0.6354961106168591
23,39,655,306,0.9709411764705882,0.6263995042283809
24,24,649,327,0.9819411764705882,0.6196074256951286
25,19,626,355,0.9856470588235294,0.6151280254260131
26,13,610,377,0.9901764705882353,0.614337142415667
27,9,591,400,0.9931764705882353,0.6118786541629672
28,3,573,424,0.9978235294117647,0.6376493477978352
29,2,550,448,0.9986470588235294,0.6621743227131366
30,0,521,479,1.0,
31,0,501,499,1.0,
32,0,480,520,1.0,
33,0,462,538,1.0,
34,0,435,565,1.0,
35,0,420,580,1.0,
36,0,403,597,1.0,
37,0,387,613,1.0,
38,0,373,627,1.0,
39,0,360,640,1.0,
40,0,348,652,1.0,
41,0,331,669,1.0,
42,0,314,686,1.0,
43,0,300,700,1.0,
44,0,291,709,1.0,
45,0,276,724,1.0,
46,0,264,736,1.0,
47,0,253,747,1.0,
48,0,246,754,1.0,
49,0,235,765,1.0,
50,0,230,770,1.0,
51,0,218,782,1.0,
52,0,208,792,1.0,
53,0,196,804,1.0,
54,0,191,809,1.0,
55,0,184,816,1.0,
56,0,174,826,1.0,
57,0,171,829,1.0,
58,0,165,835,1.0,
59,0,159,841,1.0,
60,0,155,845,1.0,
61,0,150,850,1.0,
62,0,142,858,1.0,
63,0,138,862,1.0,
64,0,132,868,1.0,
65,0,129,871,1.0,
66,0,126,874,1.0,
67,0,122,878,1.0,
68,0,117,883,1.0,
69,0,114,886,1.0,
70,0,112,888,1.0,
71,0,105,895,1.0,
72,0,95,905,1.0,
73,0,90,910,1.0,
74,0,85,915,1.0,
75,0,79,921,1.0,
76,0,75,925,1.0,
77,0,69,931,1.0,
78,0,69,931,1.0,
79,0,66,934,1.0,
80,0,63,937,1.0,
81,0,61,939,1.0,
82,0,57,943,1.0,
83,0,56,944,1.0,
84,0,53,947,1.0,
85,0,51,949,1.0,
86,0,51,949,1.0,
87,0,50,950,1.0,
88,0,50,950,1.0,
89,0,46,954,1.0,
90,0,44,956,1.0,
91,0,42,958,1.0,
92,0,41,959,1.0,
93,0,38,962,1.0,
94,0,38,962,1.0,
95,0,36,964,1.0,
96,0,34,966,1.0,
97,0,32,968,1.0,
98,0,32,968,1.0,
99,0,32,968,1.0,
100,0,31,969,1.0,
101,0,30,970,1.0,
102,0,29,971,1.0,
103,0,27,973,1.0,
104,0,25,975,1.0,
105,0,24,976,1.0,
106,0,22,978,1.0,
107,0,20,980,1.0,
108,0,19,981,1.0,
109,0,19,981,1.0,
110,0,19,981,1.0,
111,0,18,982,1.0,
112,0,18,982,1.0,
113,0,16,984,1.0,
114,0,16,984,1.0,
115,0,15,985,1.0,
116,0,15,985,1.0,
117,0,15,985,1.0,
118,0,15,985,1.0,
119,0,14,986,1.0,
120,0,12,988,1.0,
121,0,12,988,1.0,
122,0,10,990,1.0,
123,0,10,990,1.0,
124,0,10,990,1.0,
125,0,10,990,1.0,
126,0,9,991,1.0,
127,0,9,991,1.0,
128,0,8,992,1.0,
129,0,8,992,1.0,
130,0,7,993,1.0,
131,0,7,993,1.0,
132,0,7,993,1.0,
133,0,7,993,1.0,
134,0,7,993,1.0,
135,0,7,993,1.0,
136,0,7,993,1.0,
137,0,6,994,1.0,
138,0,6,994,1.0,
139,0,5,995,1.0,
140,0,5,995,1.0,
141,0,4,996,1.0,
142,0,4,996,1.0,
143,0,4,996,1.0,
144,0,4,996,1.0,
145,0,4,996,1.0,
146,0,4,996,1.0,
147,0,4,996,1.0,
148,0,4,996,1.0,
149,0,4,996,1.0,
150,0,4,996,1.0,
151,0,4,996,1.0,
152,0,4,996,1.0,
153,0,3,997,1.0,
154,0,3,997,1.0,
155,0,3,997,1.0,
156,0,3,997,1.0,
157,0,3,997,1.0,
158,0,3,997,1.0,
159,0,3,997,1.0,
160,0,3,997,1.0,
161,0,3,997,1.0,
162,0,3,997,1.0,
163,0,3,997,1.0,
164,0,3,997,1.0,
165,0,3,997,1.0,
166,0,3,997,1.0,
167,0,3,997,1.0,
168,0,3,997,1.0,
169,0,3,997,1.0,
170,0,3,997,1.0,
171,0,3,997,1.0,
172,0,3,997,1.0,
173,0,3,997,1.0,
174,0,2,998,1.0,
175,0,2,998,1.0,
176,0,0,1000,1.0,
177,0,0,1000,1.0,
178,0,0,1000,1.0,
179,0,0,1000,1.0,
180,0,0,1000,1.0,
181,0,0,1000,1.0,
182,0,0,1000,1.0,
183,0,0,1000,1.0,
184,0,0,1000,1.0,
185,0,0,1000,1.0,
186,0,0,1000,1.0,
187,0,0,1000,1.0,
188,0,0,1000,1.0,
189,0,0,1000,1.0,
190,0,0,1000,1.0,
191,0,0,1000,1.0,
192,0,0,1000,1.0,
193,0,0,1000,1.0,
194,0,0,1000,1.0,
195,0,0,1000,1.0,
196,0,0,1000,1.0,
197,0,0,1000,1.0,
198,0,0,1000,1.0,
199,0,0,1000,1.0,
200,0,0,1000,1.0,
1,998,2,0,0.9988823529411764,1.0
2,998,2,0,0.9988823529411764,1.0
3,997,3,0,0.9975882352941177,0.9993449218955657
4,993,7,0,0.9955882352941177,0.998344146871295
5,987,13,0,0.988764705882353,0.9948764208508974
6,978,22,0,0.9799411764705882,0.9902852905282656
7,957,42,1,0.9603529411764706,0.9797851807630868
8,927,67,6,0.9407058823529412,0.9684375527094266
9,884,108,8,0.9132941176470588,0.9514600826078407
10,842,147,11,0.882235294117647,0.9304046761983628
11,772,213,15,0.8355294117647059,0.89360345436805
12,696,277,27,0.7985882352941176,0.8554737512896057
13,630,328,42,0.7735882352941177,0.8204500282240303
14,528,413,59,0.7504705882352941,0.7636907843588279
15,445,471,84,0.7539411764705882,0.7229254743068573
16,363,530,107,0.7696470588235295,0.6815427692910274
17,287,589,124,0.8034117647058824,0.6558387238578347
18,218,636,146,0.8451176470588235,0.6428585699663526
19,151,670,179,0.8889411764705882,0.6294936374540847
20,102,687,211,0.9238823529411765,0.6237862725427279
21,62,695,243,0.9532941176470588,0.619913843881853
22,37,682,281,0.9724705882352941,0.6249728387482658
23,20,665,315,0.9848823529411764,0.6141389608604415
24,10,646,344,0.9925294117647059,0.6093568667876684
25,7,622,371,0.9947058823529412,0.6021941113373864
26,5,593,402,0.9962941176470588,0.6089983071704863
27,2,575,423,0.9987058823529412,0.668672912694732
28,2,547,451,0.9987647058823529,0.6843065479280758
29,2,530,468,0.9987647058823529,0.6843065479280758
30,2,513,485,0.9988235294117647,0.6999401831614195
31,2,487,511,0.9988235294117647,0.6999401831614195
32,1,470,529,0.9994117647058823,0.6878799502671258
33,1,451,548,0.9994705882352941,0.7191472207338133
34,1,430,569,0.9994705882352941,0.7191472207338133
35,1,407,592,0.9995294117647059,0.7504144912005009
36,1,392,607,0.9995294117647059,0.7504144912005009
37,1,367,632,0.9996470588235294,0.8129490321338759
38,1,357,642,0.9996470588235294,0.8129490321338759
39,0,348,652,1.0,
40,0,337,663,1.0,
41,0,319,681,1.0,
42,0,310,690,1.0,
43,0,297,703,1.0,
44,0,289,711,1.0,
45,0,276,724,1.0,
46,0,265,735,1.0,
47,0,256,744,1.0,
48,0,247,753,1.0,
49,0,241,759,1.0,
50,0,233,767,1.0,
51,0,223,777,1.0,
52,0,219,781,1.0,
53,0,210,790,1.0,
54,0,201,799,1.0,
55,0,192,808,1.0,
56,0,188,812,1.0,
57,0,179,821,1.0,
58,0,169,831,1.0,
59,0,164,836,1.0,
60,0,157,843,1.0,
61,0,154,846,1.0,
62,0,146,854,1.0,
63,0,141,859,1.0,
64,0,137,863,1.0,
65,0,132,868,1.0,
66,0,129,871,1.0,
67,0,123,877,1.0,
68,0,117,883,1.0,
69,0,115,885,1.0,
70,0,108,892,1.0,
71,0,105,895,1.0,
72,0,101,899,1.0,
73,0,95,905,1.0,
74,0,87,913,1.0,
75,0,86,914,1.0,
76,0,83,917,1.0,
77,0,81,919,1.0,
78,0,80,920,1.0,
79,0,78,922,1.0,
80,0,75,925,1.0,
81,0,75,925,1.0,
82,0,72,928,1.0,
83,0,67,933,1.0,
84,0,66,934,1.0,
85,0,60,940,1.0,
86,0,60,940,1.0,
87,0,59,941,1.0,
88,0,57,943,1.0,
89,0,56,944,1.0,
90,0,49,951,1.0,
91,0,49,951,1.0,
92,0,48,952,1.0,
93,0,47,953,1.0,
94,0,44,956,1.0,
95,0,41,959,1.0,
96,0,40,960,1.0,
97,0,39,961,1.0,
98,0,35,965,1.0,
99,0,34,966,1.0,
100,0,33,967,1.0,
101,0,32,968,1.0,
102,0,32,968,1.0,
103,0,31,969,1.0,
104,0,31,969,1.0,
105,0,29,971,1.0,
106,0,29,971,1.0,
107,0,28,972,1.0,
108,0,27,973,1.0,
109,0,27,973,1.0,
110,0,27,973,1.0,
111,0,25,975,1.0,
112,0,25,975,1.0,
113,0,24,976,1.0,
114,0,24,976,1.0,
115,0,23,977,1.0,
116,0,22,978,1.0,
117,0,22,978,1.0,
118,0,22,978,1.0,
119,0,18,982,1.0,
120,0,16,984,1.0,
121,0,15,985,1.0,
122,0,14,986,1.0,
123,0,14,986,1.0,
124,0,14,986,1.0,
125,0,13,987,1.0,
126,0,13,987,1.0,
127,0,13,987,1.0,
128,0,13,987,1.0,
129,0,13,987,1.0,
130,0,13,987,1.0,
131,0,13,987,1.0,
132,0,13,987,1.0,
133,0,11,989,1.0,
134,0,10,990,1.0,
135,0,10,990,1.0,
136,0,10,990,1.0,
137,0,10,990,1.0,
138,0,10,990,1.0,
139,0,9,991,1.0,
140,0,9,991,1.0,
141,0,7,993,1.0,
142,0,6,994,1.0,
143,0,5,995,1.0,
144,0,5,995,1.0,
145,0,5,995,1.0,
146,0,5,995,1.0,
147,0,5,995,1.0,
148,0,3,997,1.0,
149,0,3,997,1.0,
150,0,3,997,1.0,
151,0,3,997,1.0,
152,0,3,997,1.0,
153,0,3,997,1.0,
154,0,3,997,1.0,
155,0,3,997,1.0,
156,0,3,997,1.0,
157,0,2,998,1.0,
158,0,2,998,1.0,
159,0,2,998,1.0,
160,0,2,998,1.0,
161,0,2,998,1.0,
162,0,2,998,1.0,
163,0,2,998,1.0,
164,0,1,999,1.0,
165,0,1,999,1.0,
166,0,1,999,1.0,
167,0,1,999,1.0,
168,0,1,999,1.0,
169,0,1,999,1.0,
170,0,1,999,1.0,
171,0,1,999,1.0,
172,0,1,999,1.0,
173,0,1,999,1.0,
174,0,1,999,1.0,
175,0,1,999,1.0,
176,0,1,999,1.0,
177,0,1,999,1.0,
178,0,1,999,1.0,
179,0,1,999,1.0,
180,0,1,999,1.0,
181,0,0,1000,1.0,
182,0,0,1000,1.0,
183,0,0,1000,1.0,
184,0,0,1000,1.0,
185,0,0,1000,1.0,
186,0,0,1000,1.0,
187,0,0,1000,1.0,
188,0,0,1000,1.0,
189,0,0,1000,1.0,
190,0,0,1000,1.0,
191,0,0,1000,1.0,
192,0,0,1000,1.0,
193,0,0,1000,1.0,
194,0,0,1000,1.0,
195,0,0,1000,1.0,
196,0,0,1000,1.0,
197,0,0,1000,1.0,
198,0,0,1000,1.0,
199,0,0,1000,1.0,
200,0,0,1000,1.0,
1,997,3,0,0.9973529411764706,1.0
2,995,5,0,0.9954705882352941,0.9990387841950698
3,990,10,0,0.9926470588235294,0.9976005047824364
4,980,18,2,0.9858235294117647,0.9940660096678398
5,964,30,6,0.9755294117647059,0.988600762916374
6,945,46,9,0.959,0.9795575244021204
7,924,63,13,0.9435294117647058,0.9706513712787702
8,896,83,21,0.925,0.9593331645513894
9,848,129,23,0.8878823529411765,0.9349253360091097
10,795,179,26,0.8464117647058823,0.9045884041266633
11,724,246,30,0.7978823529411765,0.861573658684834
12,644,311,45,0.7754705882352941,0.8269977572065933
13,554,388,58,0.7570588235294118,0.7818027855621167
14,468,459,73,0.7497647058823529,0.7333170251784001
15,371,535,94,0.7774117647058824,0.6999310289271342
16,284,602,114,0.8122941176470588,0.6694094445605431
17,218,635,147,0.8492941176470589,0.6541815021503244
18,140,691,169,0.8978823529411765,0.6342350952281599
19,91,714,195,0.933235294117647,0.6314214935250219
20,59,717,224,0.9570588235294117,0.632645306277873
21,37,713,250,0.9725882352941176,0.6231693804802535
22,22,704,274,0.9839411764705882,0.6292145948682942
23,10,682,308,0.9924117647058823,0.6145097273733309
24,8,658,334,0.9941176470588236,0.6221917107275394
25,6,634,360,0.9955882352941177,0.6190635674868307
26,2,613,385,0.9985294117647059,0.6215642176617462
27,1,587,412,0.9992941176470588,0.613719680393558
28,1,561,438,0.9992941176470588,0.613719680393558
29,1,537,462,0.9992941176470588,0.613719680393558
30,1,518,481,0.9992941176470588,0.613719680393558
31,1,492,507,0.9992941176470588,0.613719680393558
32,0,480,520,1.0,
33,0,453,547,1.0,
34,0,437,563,1.0,
35,0,424,576,1.0,
36,0,410,590,1.0,
37,0,395,605,1.0,
38,0,386,614,1.0,
39,0,370,630,1.0,
40,0,355,645,1.0,
41,0,343,657,1.0,
42,0,325,675,1.0,
43,0,319,681,1.0,
44,0,316,684,1.0,
45,0,308,692,1.0,
46,0,293,707,1.0,
47,0,283,717,1.0,
48,0,275,725,1.0,
49,0,264,736,1.0,
50,0,254,746,1.0,
51,0,241,759,1.0,
52,0,231,769,1.0,
53,0,226,774,1.0,
54,0,219,781,1.0,
55,0,208,792,1.0,
56,0,198,802,1.0,
57,0,190,810,1.0,
58,0,181,819,1.0,
59,0,174,826,1.0,
60,0,168,832,1.0,
61,0,159,841,1.0,
62,0,150,850,1.0,
63,0,146,854,1.0,
64,0,142,858,1.0,
65,0,136,864,1.0,
66,0,130,870,1.0,
67,0,127,873,1.0,
68,0,119,881,1.0,
69,0,112,888,1.0,
70,0,111,889,1.0,
71,0,108,892,1.0,
72,0,103,897,1.0,
73,0,100,900,1.0,
74,0,90,910,1.0,
75,0,85,915,1.0,
76,0,84,916,1.0,
77,0,80,920,1.0,
78,0,79,921,1.0,
79,0,76,924,1.0,
80,0,72,928,1.0,
81,0,69,931,1.0,
82,0,67,933,1.0,
83,0,67,933,1.0,
84,0,63,937,1.0,
85,0,63,937,1.0,
86,0,60,940,1.0,
87,0,56,944,1.0,
88,0,50,950,1.0,
89,0,47,953,1.0,
90,0,46,954,1.0,
91,0,46,954,1.0,
92,0,45,955,1.0,
93,0,44,956,1.0,
94,0,43,957,1.0,
95,0,41,959,1.0,
96,0,39,961,1.0,
97,0,39,961,1.0,
98,0,37,963,1.0,
99,0,36,964,1.0,
100,0,36,964,1.0,
101,0,36,964,1.0,
102,0,35,965,1.0,
103,0,34,966,1.0,
104,0,34,966,1.0,
105,0,34,966,1.0,
106,0,33,967,1.0,
107,0,32,968,1.0,
108,0,31,969,1.0,
109,0,29,971,1.0,
110,0,28,972,1.0,
111,0,28,972,1.0,
112,0,28,972,1.0,
113,0,26,974,1.0,
114,0,25,975,1.0,
115,0,25,975,1.0,
116,0,25,975,1.0,
117,0,24,976,1.0,
118,0,20,980,1.0,
119,0,19,981,1.0,
120,0,18,982,1.0,
121,0,18,982,1.0,
122,0,18,982,1.0,
123,0,18,982,1.0,
124,0,18,982,1.0,
125,0,16,984,1.0,
126,0,15,985,1.0,
127,0,14,986,1.0,
128,0,14,986,1.0,
129,0,13,987,1.0,
130,0,13,987,1.0,
131,0,11,989,1.0,
132,0,11,989,1.0,
133,0,11,989,1.0,
134,0,10,990,1.0,
135,0,9,991,1.0,
136,0,9,991,1.0,
137,0,9,991,1.0,
138,0,8,992,1.0,
139,0,7,993,1.0,
140,0,7,993,1.0,
141,0,7,993,1.0,
142,0,7,993,1.0,
143,0,7,993,1.0,
144,0,7,993,1.0,
145,0,6,994,1.0,
146,0,5,995,1.0,
147,0,5,995,1.0,
148,0,5,995,1.0,
149,0,4,996,1.0,
150,0,4,996,1.0,
151,0,4,996,1.0,
152,0,4,996,1.0,
153,0,4,996,1.0,
154,0,4,996,1.0,
155,0,4,996,1.0,
156,0,3,997,1.0,
157,0,3,997,1.0,
158,0,2,998,1.0,
159,0,2,998,1.0,
160,0,2,998,1.0,
161,0,2,998,1.0,
162,0,2,998,1.0,
163,0,2,998,1.0,
164,0,2,998,1.0,
165,0,1,999,1.0,
166,0,1,999,1.0,
167,0,1,999,1.0,
168,0,1,999,1.0,
169,0,1,999,1.0,
170,0,1,999,1.0,
171,0,0,1000,1.0,
172,0,0,1000,1.0,
173,0,0,1000,1.0,
174,0,0,1000,1.0,
175,0,0,1000,1.0,
176,0,0,1000,1.0,
177,0,0,1000,1.0,
178,0,0,1000,1.0,
179,0,0,1000,1.0,
180,0,0,1000,1.0,
181,0,0,1000,1.0,
182,0,0,1000,1.0,
183,0,0,1000,1.0,
184,0,0,1000,1.0,
185,0,0,1000,1.0,
186,0,0,1000,1.0,
187,0,0,1000,1.0,
188,0,0,1000,1.0,
189,0,0,1000,1.0,
190,0,0,1000,1.0,
191,0,0,1000,1.0,
192,0,0,1000,1.0,
193,0,0,1000,1.0,
194,0,0,1000,1.0,
195,0,0,1000,1.0,
196,0,0,1000,1.0,
197,0,0,1000,1.0,
198,0,0,1000,1.0,
199,0,0,1000,1.0,
200,0,0,1000,1.0,
1,998,2,0,0.9982941176470588,1.0
2,996,4,0,0.9964117647058823,0.9990491688953451
3,994,6,0,0.9956470588235294,0.9986550595299142
4,988,9,3,0.9926470588235294,0.9971063645305489
5,982,14,4,0.9886470588235294,0.9950181092306447
6,973,23,4,0.9805294117647059,0.9907825398446004
7,962,33,5,0.9731764705882353,0.9868686929456125
8,935,58,7,0.9488823529411765,0.9734672953120596
9,898,91,11,0.9206470588235294,0.9565590287564646
10,861,123,16,0.8901764705882353,0.936917680181698
11,804,172,24,0.8503529411764705,0.9075950851619499
12,739,230,31,0.8078823529411765,0.8706738252499008
13,659,297,44,0.775,0.8299889194984194
14,553,395,52,0.7519411764705882,0.7761992512143959
15,450,480,70,0.7635294117647059,0.7373184368230887
16,374,542,84,0.7805882352941177,0.7061112098301948
17,301,586,113,0.8152352941176471,0.6921704665578329
18,230,625,145,0.8507058823529412,0.6744340888457682
19,165,662,173,0.8853529411764706,0.650934145568866
20,120,680,200,0.9118235294117647,0.6310379386149292
21,90,686,224,0.9327647058823529,0.625396654442487
22,60,685,255,0.9545882352941176,0.6194298205700416
23,35,678,287,0.973764705882353,0.6208615609257009
24,20,661,319,0.9848235294117647,0.6167685947601834
25,9,647,344,0.9931764705882353,0.6142814782000586
26,7,619,374,0.9946470588235294,0.6109379002575054
27,5,592,403,0.9963529411764706,0.6307209613531133
28,4,564,432,0.9971764705882353,0.6414389887262004
29,4,538,458,0.9972941176470588,0.6570927052768029
30,3,519,478,0.9980588235294118,0.6664197113882034
31,3,499,498,0.9981176470588236,0.6765294033271342
32,3,481,516,0.9981764705882353,0.6860613985838404
33,3,468,529,0.9982941176470588,0.7069330206513101
34,2,454,544,0.9988235294117647,0.6964506211754603
35,2,440,558,0.9988235294117647,0.6964506211754603
36,2,419,579,0.9988235294117647,0.6964506211754603
37,2,403,595,0.9988823529411764,0.712593516368269
38,2,388,610,0.9989411764705882,0.7268915092533281
39,2,378,620,0.9989411764705882,0.7268915092533281
40,2,361,637,0.9989411764705882,0.7268915092533281
41,2,345,653,0.999,0.7430344044461368
42,2,327,671,0.999,0.7430344044461368
43,2,308,690,0.9990588235294118,0.7591772996389454
44,2,297,701,0.9990588235294118,0.7591772996389454
45,2,282,716,0.9990588235294118,0.7591772996389454
46,2,269,729,0.9991176470588236,0.7753201948317542
47,2,248,750,0.9991176470588236,0.7753201948317542
48,1,239,760,0.9997058823529412,0.8394305500260515
49,1,225,774,0.9997058823529412,0.8394305500260515
50,1,219,780,0.9997647058823529,0.8717163404116689
51,1,213,786,0.9998235294117647,0.9040021307972862
52,1,207,792,0.9998235294117647,0.9040021307972862
53,1,191,808,0.9998823529411764,0.9362879211829035
54,1,183,816,0.9998823529411764,0.9362879211829035
55,1,178,821,0.9998823529411764,0.9362879211829035
56,1,169,830,0.9998823529411764,0.9362879211829035
57,1,166,833,0.9998823529411764,0.9362879211829035
58,1,164,835,0.9998823529411764,0.9362879211829035
59,1,156,843,0.9998823529411764,0.9362879211829035
60,1,147,852,0.9998823529411764,0.9362879211829035
61,1,142,857,0.9998823529411764,0.9362879211829035
62,1,133,866,0.9998823529411764,0.9362879211829035
63,1,126,873,0.9998823529411764,0.9362879211829035
64,1,121,878,0.9998823529411764,0.9362879211829035
65,1,118,881,0.9998823529411764,0.9362879211829035
66,1,113,886,0.9998823529411764,0.9362879211829035
67,1,107,892,0.9998823529411764,0.9362879211829035
68,1,104,895,0.9998823529411764,0.9362879211829035
69,1,98,901,0.9998823529411764,0.9362879211829035
70,0,96,904,1.0,
71,0,94,906,1.0,
72,0,90,910,1.0,
73,0,87,913,1.0,
74,0,86,914,1.0,
75,0,79,921,1.0,
76,0,74,926,1.0,
77,0,72,928,1.0,
78,0,70,930,1.0,
79,0,69,931,1.0,
80,0,67,933,1.0,
81,0,66,934,1.0,
82,0,64,936,1.0,
83,0,62,938,1.0,
84,0,60,940,1.0,
85,0,59,941,1.0,
86,0,57,943,1.0,
87,0,54,946,1.0,
88,0,52,948,1.0,
89,0,51,949,1.0,
90,0,51,949,1.0,
91,0,49,951,1.0,
92,0,45,955,1.0,
93,0,42,958,1.0,
94,0,40,960,1.0,
95,0,40,960,1.0,
96,0,39,961,1.0,
97,0,37,963,1.0,
98,0,37,963,1.0,
99,0,35,965,1.0,
100,0,34,966,1.0,
101,0,33,967,1.0,
102,0,31,969,1.0,
103,0,31,969,1.0,
104,0,28,972,1.0,
105,0,26,974,1.0,
106,0,26,974,1.0,
107,0,25,975,1.0,
108,0,25,975,1.0,
109,0,24,976,1.0,
110,0,24,976,1.0,
111,0,22,978,1.0,
112,0,22,978,1.0,
113,0,21,979,1.0,
114,0,21,979,1.0,
115,0,20,980,1.0,
116,0,20,980,1.0,
117,0,19,981,1.0,
118,0,19,981,1.0,
119,0,18,982,1.0,
120,0,18,982,1.0,
121,0,18,982,1.0,
122,0,18,982,1.0,
123,0,18,982,1.0,
124,0,17,983,1.0,
125,0,17,983,1.0,
126,0,16,984,1.0,
127,0,16,984,1.0,
128,0,16,984,1.0,
129,0,13,987,1.0,
130,0,12,988,1.0,
131,0,12,988,1.0,
132,0,9,991,1.0,
133,0,8,992,1.0,
134,0,8,992,1.0,
135,0,7,993,1.0,
136,0,6,994,1.0,
137,0,6,994,1.0,
138,0,6,994,1.0,
139,0,5,995,1.0,
140,0,5,995,1.0,
141,0,5,995,1.0,
142,0,5,995,1.0,
143,0,5,995,1.0,
144,0,4,996,1.0,
145,0,3,997,1.0,
146,0,2,998,1.0,
147,0,2,998,1.0,
148,0,2,998,1.0,
149,0,2,998,1.0,
150,0,1,999,1.0,
151,0,1,999,1.0,
152,0,1,999,1.0,
153,0,1,999,1.0,
154,0,1,999,1.0,
155,0,1,999,1.0,
156,0,1,999,1.0,
157,0,1,999,1.0,
158,0,0,1000,1.0,
159,0,0,1000,1.0,
160,0,0,1000,1.0,
161,0,0,1000,1.0,
162,0,0,1000,1.0,
163,0,0,1000,1.0,
164,0,0,1000,1.0,
165,0,0,1000,1.0,
166,0,0,1000,1.0,
167,0,0,1000,1.0,
168,0,0,1000,1.0,
169,0,0,1000,1.0,
170,0,0,1000,1.0,
171,0,0,1000,1.0,
172,0,0,1000,1.0,
173,0,0,1000,1.0,
174,0,0,1000,1.0,
175,0,0,1000,1.0,
176,0,0,1000,1.0,
177,0,0,1000,1.0,
178,0,0,1000,1.0,
179,0,0,1000,1.0,
180,0,0,1000,1.0,
181,0,0,1000,1.0,
182,0,0,1000,1.0,
183,0,0,1000,1.0,
184,0,0,1000,1.0,
185,0,0,1000,1.0,
186,0,0,1000,1.0,
187,0,0,1000,1.0,
188,0,0,1000,1.0,
189,0,0,1000,1.0,
190,0,0,1000,1.0,
191,0,0,1000,1.0,
192,0,0,1000,1.0,
193,0,0,1000,1.0,
194,0,0,1000,1.0,
195,0,0,1000,1.0,
196,0,0,1000,1.0,
197,0,0,1000,1.0,
198,0,0,1000,1.0,
199,0,0,1000,1.0,
200,0,0,1000,1.0,
1,999,1,0,1.0,1.0
2,997,2,1,0.9988235294117647,0.9994083265062593
3,995,4,1,0.9965882352941177,0.9982765623101553
4,994,5,1,0.995764705882353,0.9978578951641712
5,991,6,3,0.9951764705882353,0.9975618001978468
6,985,11,4,0.9920588235294118,0.9959677493739059
7,973,22,5,0.9827058823529412,0.9910926321224061
8,962,32,6,0.9720588235294118,0.9854518589669904
9,935,59,6,0.9478823529411765,0.9720317527514609
10,908,84,8,0.926,0.959157125149239
11,857,132,11,0.8881176470588236,0.9346197889579608
12,812,171,17,0.861,0.9142968539799429
13,742,234,24,0.8250588235294117,0.882019362166368
14,666,298,36,0.7951176470588235,0.8463230900060384
15,582,361,57,0.7760588235294118,0.8080368911493458
16,493,430,77,0.7747647058823529,0.7719759500790494
17,421,486,93,0.7818823529411765,0.7408659127950121
18,335,551,114,0.8018823529411765,0.7048683560529858
19,254,609,137,0.8378235294117647,0.6802623991224487
20,184,661,155,0.8784117647058823,0.6681555139759656
21,135,688,177,0.9075882352941177,0.6559041534629104
22,88,709,203,0.9391764705882353,0.6541507271336973
23,59,704,237,0.9581764705882353,0.6455101755348195
24,37,696,267,0.9722352941176471,0.6230977755854032
25,26,673,301,0.9804117647058823,0.6219587144219497
26,18,653,329,0.9864705882352941,0.624843284524657
27,13,631,356,0.9905294117647059,0.6356850158320746
28,10,604,386,0.992764705882353,0.6341638018843901
29,7,585,408,0.9949411764705882,0.6346922860053112
30,3,567,430,0.9979411764705882,0.6555216025804261
31,3,548,449,0.9980588235294118,0.6751464222052457
32,2,512,486,0.9988823529411764,0.719047619047619
33,2,485,513,0.9988823529411764,0.719047619047619
34,2,465,533,0.9988823529411764,0.719047619047619
35,2,452,546,0.9989411764705882,0.7341991341991343
36,2,435,563,0.9990588235294118,0.7627705627705628
37,2,410,588,0.9990588235294118,0.7627705627705628
38,2,399,599,0.9991764705882353,0.7913419913419913
39,1,390,609,0.9997647058823529,0.8857142857142857
40,1,379,620,0.9997647058823529,0.8857142857142857
41,1,365,634,0.9997647058823529,0.8857142857142857
42,1,351,648,0.9997647058823529,0.8857142857142857
43,1,331,668,0.9998235294117647,0.9142857142857143
44,1,318,681,0.9998235294117647,0.9142857142857143
45,1,305,694,0.9998823529411764,0.9428571428571428
46,1,285,714,0.9998823529411764,0.9428571428571428
47,1,276,723,0.9998823529411764,0.9428571428571428
48,1,262,737,0.9998823529411764,0.9428571428571428
49,1,247,752,0.9998823529411764,0.9428571428571428
50,0,239,761,1.0,
51,0,226,774,1.0,
52,0,220,780,1.0,
53,0,214,786,1.0,
54,0,203,797,1.0,
55,0,194,806,1.0,
56,0,192,808,1.0,
57,0,184,816,1.0,
58,0,177,823,1.0,
59,0,169,831,1.0,
60,0,160,840,1.0,
61,0,153,847,1.0,
62,0,148,852,1.0,
63,0,142,858,1.0,
64,0,137,863,1.0,
65,0,134,866,1.0,
66,0,128,872,1.0,
67,0,125,875,1.0,
68,0,119,881,1.0,
69,0,117,883,1.0,
70,0,110,890,1.0,
71,0,105,895,1.0,
72,0,99,901,1.0,
73,0,93,907,1.0,
74,0,92,908,1.0,
75,0,86,914,1.0,
76,0,84,916,1.0,
77,0,81,919,1.0,
78,0,79,921,1.0,
79,0,73,927,1.0,
80,0,71,929,1.0,
81,0,68,932,1.0,
82,0,63,937,1.0,
83,0,58,942,1.0,
84,0,56,944,1.0,
85,0,53,947,1.0,
86,0,52,948,1.0,
87,0,51,949,1.0,
88,0,48,952,1.0,
89,0,47,953,1.0,
90,0,43,957,1.0,
91,0,39,961,1.0,
92,0,37,963,1.0,
93,0,37,963,1.0,
94,0,35,965,1.0,
95,0,34,966,1.0,
96,0,30,970,1.0,
97,0,30,970,1.0,
98,0,30,970,1.0,
99,0,30,970,1.0,
100,0,30,970,1.0,
101,0,29,971,1.0,
102,0,26,974,1.0,
103,0,25,975,1.0,
104,0,25,975,1.0,
105,0,24,976,1.0,
106,0,24,976,1.0,
107,0,23,977,1.0,
108,0,22,978,1.0,
109,0,21,979,1.0,
110,0,19,981,1.0,
111,0,19,981,1.0,
112,0,18,982,1.0,
113,0,18,982,1.0,
114,0,14,986,1.0,
115,0,14,986,1.0,
116,0,14,986,1.0,
117,0,14,986,1.0,
118,0,13,987,1.0,
119,0,12,988,1.0,
120,0,12,988,1.0,
121,0,11,989,1.0,
122,0,11,989,1.0,
123,0,11,989,1.0,
124,0,11,989,1.0,
125,0,11,989,1.0,
126,0,11,989,1.0,
127,0,11,989,1.0,
128,0,9,991,1.0,
129,0,9,991,1.0,
130,0,8,992,1.0,
131,0,8,992,1.0,
132,0,8,992,1.0,
133,0,8,992,1.0,
134,0,7,993,1.0,
135,0,7,993,1.0,
136,0,7,993,1.0,
137,0,7,993,1.0,
138,0,7,993,1.0,
139,0,6,994,1.0,
140,0,5,995,1.0,
141,0,5,995,1.0,
142,0,5,995,1.0,
143,0,5,995,1.0,
144,0,3,997,1.0,
145,0,3,997,1.0,
146,0,3,997,1.0,
147,0,3,997,1.0,
148,0,3,997,1.0,
149,0,3,997,1.0,
150,0,3,997,1.0,
151,0,3,997,1.0,
152,0,3,997,1.0,
153,0,3,997,1.0,
154,0,3,997,1.0,
155,0,3,997,1.0,
156,0,1,999,1.0,
157,0,1,999,1.0,
158,0,1,999,1.0,
159,0,1,999,1.0,
160,0,1,999,1.0,
161,0,1,999,1.0,
162,0,1,999,1.0,
163,0,1,999,1.0,
164,0,1,999,1.0,
165,0,0,1000,1.0,
166,0,0,1000,1.0,
167,0,0,1000,1.0,
168,0,0,1000,1.0,
169,0,0,1000,1.0,
170,0,0,1000,1.0,
171,0,0,1000,1.0,
172,0,0,1000,1.0,
173,0,0,1000,1.0,
174,0,0,1000,1.0,
175,0,0,1000,1.0,
176,0,0,1000,1.0,
177,0,0,1000,1.0,
178,0,0,1000,1.0,
179,0,0,1000,1.0,
180,0,0,1000,1.0,
181,0,0,1000,1.0,
182,0,0,1000,1.0,
183,0,0,1000,1.0,
184,0,0,1000,1.0,
185,0,0,1000,1.0,
186,0,0,1000,1.0,
187,0,0,1000,1.0,
188,0,0,1000,1.0,
189,0,0,1000,1.0,
190,0,0,1000,1.0,
191,0,0,1000,1.0,
192,0,0,1000,1.0,
193,0,0,1000,1.0,
194,0,0,1000,1.0,
195,0,0,1000,1.0,
196,0,0,1000,1.0,
197,0,0,1000,1.0,
198,0,0,1000,1.0,
199,0,0,1000,1.0,
200,0,0,1000,1.0,
1,996,4,0,0.9965294117647059,1.0
2,996,4,0,0.9965294117647059,1.0
3,990,10,0,0.9907058823529412,0.9970208997819726
4,982,17,1,0.9863529411764705,0.9947466782469951
5,970,29,1,0.975,0.9888004861182232
6,951,44,5,0.9615882352941176,0.981555552341993
7,922,70,8,0.9408235294117647,0.9696609432566639
8,892,95,13,0.9198235294117647,0.95677949252966
9,847,134,19,0.8851176470588236,0.9338832624366175
10,792,182,26,0.8416470588235294,0.9016629978781411
11,719,238,43,0.7992941176470588,0.8618972514847401
12,633,311,56,0.7630588235294118,0.8140794771602315
13,560,374,66,0.747,0.7753234564198471
14,468,445,87,0.7508823529411764,0.7350119462281758
15,364,524,112,0.772,0.6876877799196952
16,293,573,134,0.8001176470588235,0.6595274043757261
17,223,615,162,0.8413529411764706,0.6447141420909624
18,152,656,192,0.8884117647058823,0.6341926514000618
19,99,686,215,0.9287058823529412,0.6429244005282166
20,72,690,238,0.9478235294117647,0.6405562770007333
21,54,681,265,0.9615294117647059,0.6467368210953242
22,38,669,293,0.9722352941176471,0.6391851795975346
23,18,655,327,0.9870588235294118,0.6415885849546064
24,11,638,351,0.9918823529411764,0.6297823244271257
25,10,609,381,0.9926470588235294,0.6320471068758061
26,9,594,397,0.9934117647058823,0.6335255095256275
27,3,579,418,0.9977647058823529,0.6356559327398041
28,1,548,451,0.9992352941176471,0.6400209520204209
29,1,527,472,0.9992352941176471,0.6400209520204209
30,1,506,493,0.9992352941176471,0.6400209520204209
31,1,486,513,0.9992941176470588,0.6678479499343521
32,1,471,528,0.9992941176470588,0.6678479499343521
33,1,460,539,0.9992941176470588,0.6678479499343521
34,0,439,561,1.0,
35,0,423,577,1.0,
36,0,396,604,1.0,
37,0,378,622,1.0,
38,0,360,640,1.0,
39,0,349,651,1.0,
40,0,329,671,1.0,
41,0,321,679,1.0,
42,0,309,691,1.0,
43,0,296,704,1.0,
44,0,277,723,1.0,
45,0,270,730,1.0,
46,0,256,744,1.0,
47,0,244,756,1.0,
48,0,231,769,1.0,
49,0,224,776,1.0,
50,0,215,785,1.0,
51,0,207,793,1.0,
52,0,201,799,1.0,
53,0,189,811,1.0,
54,0,183,817,1.0,
55,0,174,826,1.0,
56,0,163,837,1.0,
57,0,157,843,1.0,
58,0,154,846,1.0,
59,0,148,852,1.0,
60,0,140,860,1.0,
61,0,131,869,1.0,
62,0,125,875,1.0,
63,0,118,882,1.0,
64,0,113,887,1.0,
65,0,108,892,1.0,
66,0,103,897,1.0,
67,0,100,900,1.0,
68,0,95,905,1.0,
69,0,91,909,1.0,
70,0,88,912,1.0,
71,0,86,914,1.0,
72,0,83,917,1.0,
73,0,79,921,1.0,
74,0,75,925,1.0,
75,0,69,931,1.0,
76,0,66,934,1.0,
77,0,65,935,1.0,
78,0,64,936,1.0,
79,0,59,941,1.0,
80,0,58,942,1.0,
81,0,57,943,1.0,
82,0,52,948,1.0,
83,0,49,951,1.0,
84,0,45,955,1.0,
85,0,45,955,1.0,
86,0,44,956,1.0,
87,0,42,958,1.0,
88,0,39,961,1.0,
89,0,35,965,1.0,
90,0,35,965,1.0,
91,0,35,965,1.0,
92,0,35,965,1.0,
93,0,34,966,1.0,
94,0,32,968,1.0,
95,0,32,968,1.0,
96,0,31,969,1.0,
97,0,28,972,1.0,
98,0,28,972,1.0,
99,0,27,973,1.0,
100,0,27,973,1.0,
101,0,25,975,1.0,
102,0,25,975,1.0,
103,0,23,977,1.0,
104,0,22,978,1.0,
105,0,21,979,1.0,
106,0,19,981,1.0,
107,0,19,981,1.0,
108,0,19,981,1.0,
109,0,19,981,1.0,
110,0,17,983,1.0,
111,0,16,984,1.0,
112,0,15,985,1.0,
113,0,14,986,1.0,
114,0,14,986,1.0,
115,0,14,986,1.0,
116,0,13,987,1.0,
117,0,12,988,1.0,
118,0,12,988,1.0,
119,0,12,988,1.0,
120,0,12,988,1.0,
121,0,12,988,1.0,
122,0,11,989,1.0,
123,0,11,989,1.0,
124,0,11,989,1.0,
125,0,11,989,1.0,
126,0,11,989,1.0,
127,0,10,990,1.0,
128,0,9,991,1.0,
129,0,9,991,1.0,
130,0,9,991,1.0,
131,0,9,991,1.0,
132,0,8,992,1.0,
133,0,8,992,1.0,
134,0,7,993,1.0,
135,0,7,993,1.0,
136,0,7,993,1.0,
137,0,7,993,1.0,
138,0,7,993,1.0,
139,0,7,993,1.0,
140,0,7,993,1.0,
141,0,7,993,1.0,
142,0,6,994,1.0,
143,0,6,994,1.0,
144,0,6,994,1.0,
145,0,6,994,1.0,
146,0,5,995,1.0,
147,0,5,995,1.0,
148,0,5,995,1.0,
149,0,4,996,1.0,
150,0,4,996,1.0,
151,0,4,996,1.0,
152,0,4,996,1.0,
153,0,4,996,1.0,
154,0,4,996,1.0,
155,0,4,996,1.0,
156,0,3,997,1.0,
157,0,3,997,1.0,
158,0,3,997,1.0,
159,0,3,997,1.0,
160,0,2,998,1.0,
161,0,2,998,1.0,
162,0,2,998,1.0,
163,0,2,998,1.0,
164,0,2,998,1.0,
165,0,2,998,1.0,
166,0,2,998,1.0,
167,0,2,998,1.0,
168,0,2,998,1.0,
169,0,2,998,1.0,
170,0,2,998,1.0,
171,0,2,998,1.0,
172,0,2,998,1.0,
173,0,2,998,1.0,
174,0,2,998,1.0,
175,0,2,998,1.0,
176,0,2,998,1.0,
177,0,2,998,1.0,
178,0,2,998,1.0,
179,0,2,998,1.0,
180,0,2,998,1.0,
181,0,2,998,1.0,
182,0,2,998,1.0,
183,0,2,998,1.0,
184,0,2,998,1.0,
185,0,2,998,1.0,
186,0,1,999,1.0,
187,0,1,999,1.0,
188,0,1,999,1.0,
189,0,1,999,1.0,
190,0,1,999,1.0,
191,0,1,999,1.0,
192,0,1,999,1.0,
193,0,1,999,1.0,
194,0,1,999,1.0,
195,0,1,999,1.0,
196,0,1,999,1.0,
197,0,1,999,1.0,
198,0,1,999,1.0,
199,0,1,999,1.0,
200,0,1,999,1.0,
1,996,3,1,0.9976470588235294,1.0
2,994,5,1,0.9967058823529412,0.9995235745923872
3,989,10,1,0.9924705882352941,0.9973727889865256
4,975,24,1,0.9795294117647059,0.9906910610478653
5,953,44,3,0.9618823529411765,0.981172271233958
6,922,73,5,0.9343529411764706,0.9656148378043601
7,886,102,12,0.9036470588235294,0.9467819064415675
8,844,138,18,0.8709411764705882,0.9248299825514936
9,773,202,25,0.8187058823529412,0.8839856689090639
10,702,262,36,0.7818235294117647,0.8454986027852539
11,620,326,54,0.7588823529411765,0.806121055451866
12,534,400,66,0.7375294117647059,0.7542837783327008
13,437,480,83,0.7515882352941177,0.7155491914073425
14,339,554,107,0.7943529411764706,0.6965297617835668
15,268,603,129,0.8317058823529412,0.6855315007822194
16,194,643,163,0.8701176470588236,0.6650547581381615
17,141,677,182,0.902,0.6513603917647822
18,102,683,215,0.9283529411764706,0.6471578360000525
19,64,694,242,0.954,0.6401576809592103
20,42,689,269,0.9692941176470589,0.6377900081653335
21,26,683,291,0.9808235294117648,0.6351949507521018
22,12,665,323,0.9912352941176471,0.6384334078975091
23,10,642,348,0.9925882352941177,0.6323288511854543
24,3,618,379,0.9978823529411764,0.6368908317087514
25,1,584,415,0.9993529411764706,0.6674526684667546
26,1,554,445,0.9993529411764706,0.6674526684667546
27,1,535,464,0.9993529411764706,0.6674526684667546
28,1,512,487,0.9994117647058823,0.6977914261243343
29,1,487,512,0.9994117647058823,0.6977914261243343
30,1,464,535,0.9994705882352941,0.7281301837819141
31,1,448,551,0.9994705882352941,0.7281301837819141
32,0,431,569,1.0,
33,0,416,584,1.0,
34,0,400,600,1.0,
35,0,384,616,1.0,
36,0,372,628,1.0,
37,0,360,640,1.0,
38,0,348,652,1.0,
39,0,331,669,1.0,
40,0,320,680,1.0,
41,0,308,692,1.0,
42,0,302,698,1.0,
43,0,293,707,1.0,
44,0,282,718,1.0,
45,0,264,736,1.0,
46,0,245,755,1.0,
47,0,234,766,1.0,
48,0,223,777,1.0,
49,0,219,781,1.0,
50,0,213,787,1.0,
51,0,199,801,1.0,
52,0,189,811,1.0,
53,0,185,815,1.0,
54,0,180,820,1.0,
55,0,175,825,1.0,
56,0,165,835,1.0,
57,0,155,845,1.0,
58,0,148,852,1.0,
59,0,140,860,1.0,
60,0,132,868,1.0,
61,0,129,871,1.0,
62,0,124,876,1.0,
63,0,119,881,1.0,
64,0,113,887,1.0,
65,0,108,892,1.0,
66,0,107,893,1.0,
67,0,99,901,1.0,
68,0,99,901,1.0,
69,0,97,903,1.0,
70,0,94,906,1.0,
71,0,89,911,1.0,
72,0,84,916,1.0,
73,0,81,919,1.0,
74,0,79,921,1.0,
75,0,77,923,1.0,
76,0,74,926,1.0,
77,0,72,928,1.0,
78,0,71,929,1.0,
79,0,67,933,1.0,
80,0,65,935,1.0,
81,0,61,939,1.0,
82,0,59,941,1.0,
83,0,56,944,1.0,
84,0,56,944,1.0,
85,0,53,947,1.0,
86,0,51,949,1.0,
87,0,49,951,1.0,
88,0,45,955,1.0,
89,0,43,957,1.0,
90,0,41,959,1.0,
91,0,41,959,1.0,
92,0,41,959,1.0,
93,0,38,962,1.0,
94,0,36,964,1.0,
95,0,36,964,1.0,
96,0,36,964,1.0,
97,0,35,965,1.0,
98,0,34,966,1.0,
99,0,33,967,1.0,
100,0,32,968,1.0,
101,0,31,969,1.0,
102,0,31,969,1.0,
103,0,30,970,1.0,
104,0,28,972,1.0,
105,0,27,973,1.0,
106,0,26,974,1.0,
107,0,26,974,1.0,
108,0,23,977,1.0,
109,0,23,977,1.0,
110,0,23,977,1.0,
111,0,23,977,1.0,
112,0,23,977,1.0,
113,0,23,977,1.0,
114,0,21,979,1.0,
115,0,21,979,1.0,
116,0,19,981,1.0,
117,0,19,981,1.0,
118,0,17,983,1.0,
119,0,17,983,1.0,
120,0,17,983,1.0,
121,0,16,984,1.0,
122,0,16,984,1.0,
123,0,15,985,1.0,
124,0,15,985,1.0,
125,0,14,986,1.0,
126,0,13,987,1.0,
127,0,13,987,1.0,
128,0,13,987,1.0,
129,0,13,987,1.0,
130,0,13,987,1.0,
131,0,13,987,1.0,
132,0,13,987,1.0,
133,0,13,987,1.0,
134,0,13,987,1.0,
135,0,12,988,1.0,
136,0,10,990,1.0,
137,0,9,991,1.0,
138,0,8,992,1.0,
139,0,8,992,1.0,
140,0,8,992,1.0,
141,0,8,992,1.0,
142,0,7,993,1.0,
143,0,7,993,1.0,
144,0,6,994,1.0,
145,0,6,994,1.0,
146,0,6,994,1.0,
147,0,5,995,1.0,
148,0,5,995,1.0,
149,0,4,996,1.0,
150,0,3,997,1.0,
151,0,3,997,1.0,
152,0,3,997,1.0,
153,0,2,998,1.0,
154,0,2,998,1.0,
155,0,2,998,1.0,
156,0,2,998,1.0,
157,0,2,998,1.0,
158,0,2,998,1.0,
159,0,2,998,1.0,
160,0,2,998,1.0,
161,0,2,998,1.0,
162,0,2,998,1.0,
163,0,2,998,1.0,
164,0,2,998,1.0,
165,0,2,998,1.0,
166,0,2,998,1.0,
167,0,2,998,1.0,
168,0,1,999,1.0,
169,0,1,999,1.0,
170,0,1,999,1.0,
171,0,1,999,1.0,
172,0,0,1000,1.0,
173,0,0,1000,1.0,
174,0,0,1000,1.0,
175,0,0,1000,1.0,
176,0,0,1000,1.0,
177,0,0,1000,1.0,
178,0,0,1000,1.0,
179,0,0,1000,1.0,
180,0,0,1000,1.0,
181,0,0,1000,1.0,
182,0,0,1000,1.0,
183,0,0,1000,1.0,
184,0,0,1000,1.0,
185,0,0,1000,1.0,
186,0,0,1000,1.0,
187,0,0,1000,1.0,
188,0,0,1000,1.0,
189,0,0,1000,1.0,
190,0,0,1000,1.0,
191,0,0,1000,1.0,
192,0,0,1000,1.0,
193,0,0,1000,1.0,
194,0,0,1000,1.0,
195,0,0,1000,1.0,
196,0,0,1000,1.0,
197,0,0,1000,1.0,
198,0,0,1000,1.0,
199,0,0,1000,1.0,
200,0,0,1000,1.0,
1,997,3,0,0.9968235294117647,1.0
2,992,8,0,0.9935882352941177,0.9983705595026543
3,984,16,0,0.9872941176470589,0.9951580081294442
4,976,24,0,0.981,0.9918514780374361
5,966,34,0,0.9711176470588235,0.9866279521836068
6,935,62,3,0.9478235294117647,0.9736235572446363
7,893,101,6,0.9079411764705883,0.9498341830027603
8,841,146,13,0.8661176470588235,0.921700423604915
9,778,199,23,0.8228823529411765,0.8874336763513868
10,713,252,35,0.783235294117647,0.8491641732165562
11,632,321,47,0.7477058823529412,0.8016618889760951
12,534,405,61,0.7275882352941176,0.7457951438779602
13,439,475,86,0.7439411764705882,0.7092599585760465
14,345,543,112,0.777,0.6775323095456139
15,268,599,133,0.8191764705882353,0.6633477293533704
16,189,657,154,0.8635294117647059,0.6386643154017214
17,130,689,181,0.906235294117647,0.6388999757270147
18,92,693,215,0.9338235294117647,0.640550037589774
19,62,700,238,0.9537058823529412,0.627131860229271
20,37,686,277,0.9724117647058823,0.6271664028779148
21,22,672,306,0.9839411764705882,0.6354287928409045
22,10,651,339,0.9925294117647059,0.623668905652491
23,4,638,358,0.9971176470588236,0.6351987384618569
24,1,619,380,0.9993529411764706,0.6775453210259806
25,1,596,403,0.9994117647058823,0.7070038132445016
26,1,571,428,0.9994705882352941,0.7364623054630225
27,1,541,458,0.9994705882352941,0.7364623054630225
28,0,524,476,1.0,
29,0,503,497,1.0,
30,0,479,521,1.0,
31,0,457,543,1.0,
32,0,440,560,1.0,
33,0,423,577,1.0,
34,0,401,599,1.0,
35,0,386,614,1.0,
36,0,370,630,1.0,
37,0,352,648,1.0,
38,0,341,659,1.0,
39,0,326,674,1.0,
40,0,314,686,1.0,
41,0,301,699,1.0,
42,0,287,713,1.0,
43,0,283,717,1.0,
44,0,269,731,1.0,
45,0,263,737,1.0,
46,0,253,747,1.0,
47,0,241,759,1.0,
48,0,235,765,1.0,
49,0,231,769,1.0,
50,0,218,782,1.0,
51,0,212,788,1.0,
52,0,205,795,1.0,
53,0,196,804,1.0,
54,0,192,808,1.0,
55,0,185,815,1.0,
56,0,176,824,1.0,
57,0,168,832,1.0,
58,0,164,836,1.0,
59,0,152,848,1.0,
60,0,148,852,1.0,
61,0,143,857,1.0,
62,0,137,863,1.0,
63,0,132,868,1.0,
64,0,127,873,1.0,
65,0,120,880,1.0,
66,0,114,886,1.0,
67,0,110,890,1.0,
68,0,100,900,1.0,
69,0,96,904,1.0,
70,0,89,911,1.0,
71,0,86,914,1.0,
72,0,81,919,1.0,
73,0,79,921,1.0,
74,0,76,924,1.0,
75,0,73,927,1.0,
76,0,71,929,1.0,
77,0,70,930,1.0,
78,0,69,931,1.0,
79,0,64,936,1.0,
80,0,63,937,1.0,
81,0,59,941,1.0,
82,0,58,942,1.0,
83,0,56,944,1.0,
84,0,53,947,1.0,
85,0,47,953,1.0,
86,0,47,953,1.0,
87,0,46,954,1.0,
88,0,45,955,1.0,
89,0,44,956,1.0,
90,0,42,958,1.0,
91,0,41,959,1.0,
92,0,39,961,1.0,
93,0,37,963,1.0,
94,0,37,963,1.0,
95,0,34,966,1.0,
96,0,34,966,1.0,
97,0,33,967,1.0,
98,0,30,970,1.0,
99,0,30,970,1.0,
100,0,29,971,1.0,
101,0,28,972,1.0,
102,0,24,976,1.0,
103,0,24,976,1.0,
104,0,24,976,1.0,
105,0,23,977,1.0,
106,0,22,978,1.0,
107,0,20,980,1.0,
108,0,20,980,1.0,
109,0,20,980,1.0,
110,0,20,980,1.0,
111,0,19,981,1.0,
112,0,17,983,1.0,
113,0,17,983,1.0,
114,0,17,983,1.0,
115,0,17,983,1.0,
116,0,17,983,1.0,
117,0,16,984,1.0,
118,0,15,985,1.0,
119,0,14,986,1.0,
120,0,13,987,1.0,
121,0,13,987,1.0,
122,0,13,987,1.0,
123,0,12,988,1.0,
124,0,11,989,1.0,
125,0,11,989,1.0,
126,0,11,989,1.0,
127,0,10,990,1.0,
128,0,10,990,1.0,
129,0,10,990,1.0,
130,0,9,991,1.0,
131,0,9,991,1.0,
132,0,9,991,1.0,
133,0,9,991,1.0,
134,0,8,992,1.0,
135,0,6,994,1.0,
136,0,6,994,1.0,
137,0,6,994,1.0,
138,0,6,994,1.0,
139,0,6,994,1.0,
140,0,5,995,1.0,
141,0,4,996,1.0,
142,0,3,997,1.0,
143,0,2,998,1.0,
144,0,2,998,1.0,
145,0,2,998,1.0,
146,0,2,998,1.0,
147,0,2,998,1.0,
148,0,2,998,1.0,
149,0,2,998,1.0,
150,0,1,999,1.0,
151,0,1,999,1.0,
152,0,1,999,1.0,
153,0,1,999,1.0,
154,0,1,999,1.0,
155,0,1,999,1.0,
156,0,1,999,1.0,
157,0,1,999,1.0,
158,0,1,999,1.0,
159,0,1,999,1.0,
160,0,1,999,1.0,
161,0,1,999,1.0,
162,0,1,999,1.0,
163,0,1,999,1.0,
164,0,1,999,1.0,
165,0,1,999,1.0,
166,0,1,999,1.0,
167,0,1,999,1.0,
168,0,1,999,1.0,
169,0,1,999,1.0,
170,0,1,999,1.0,
171,0,1,999,1.0,
172,0,1,999,1.0,
173,0,1,999,1.0,
174,0,1,999,1.0,
175,0,1,999,1.0,
176,0,1,999,1.0,
177,0,1,999,1.0,
178,0,1,999,1.0,
179,0,1,999,1.0,
180,0,1,999,1.0,
181,0,1,999,1.0,
182,0,1,999,1.0,
183,0,1,999,1.0,
184,0,1,999,1.0,
185,0,1,999,1.0,
186,0,1,999,1.0,
187,0,1,999,1.0,
188,0,1,999,1.0,
189,0,1,999,1.0,
190,0,1,999,1.0,
191,0,1,999,1.0,
192,0,1,999,1.0,
193,0,1,999,1.0,
194,0,1,999,1.0,
195,0,1,999,1.0,
196,0,1,999,1.0,
197,0,1,999,1.0,
198,0,0,1000,1.0,
199,0,0,1000,1.0,
200,0,0,1000,1.0,
1,998,2,0,0.9987647058823529,1.0
2,995,5,0,0.9955882352941177,0.9984035274460694
3,993,7,0,0.9937058823529412,0.9974520827685517
4,987,12,1,0.9901176470588235,0.9956365771372391
5,980,18,2,0.9845294117647059,0.9927532618133563
6,974,22,4,0.9833529411764705,0.9921134060280223
7,964,31,5,0.9756470588235294,0.9880625049370002
8,946,45,9,0.9678235294117647,0.9837285379280397
9,917,73,10,0.949764705882353,0.9733896073303747
10,884,101,15,0.9335294117647058,0.9631795479034343
11,832,141,27,0.8972941176470588,0.9389659984137645
12,782,185,33,0.8591764705882353,0.9106458438213765
13,726,232,42,0.8295882352941176,0.8834714935842652
14,659,288,53,0.7944117647058824,0.8445667604120204
15,591,340,69,0.7730588235294118,0.8083252785633592
16,516,401,83,0.7588235294117647,0.7660551659840863
17,436,461,103,0.7652941176470588,0.7304650708949352
18,354,529,117,0.7907058823529411,0.7035795509347211
19,283,573,144,0.8230588235294117,0.685613654924407
20,213,619,168,0.8596470588235294,0.6680231481883192
21,150,648,202,0.8992941176470588,0.6624779165952853
22,106,669,225,0.9297647058823529,0.6653451928736102
23,73,676,251,0.9497058823529412,0.6527305727731683
24,45,674,281,0.9681764705882353,0.6412765912647933
25,37,646,317,0.9734705882352941,0.6356379803725011
26,22,636,342,0.9839411764705882,0.630510385606889
27,18,612,370,0.9870588235294118,0.6333316596971135
28,16,593,391,0.9885882352941177,0.6346410052874605
29,12,571,417,0.9912941176470588,0.6243678970674195
30,9,553,438,0.9933529411764705,0.6176651852715285
31,6,533,461,0.9956470588235294,0.6194169176240373
32,5,507,488,0.9964705882352941,0.6237626743419906
33,4,489,507,0.9971764705882353,0.6202778775429565
34,2,471,527,0.9986470588235294,0.6502151093237505
35,1,445,554,0.9992352941176471,0.594114512904021
36,0,432,568,1.0,
37,0,423,577,1.0,
38,0,408,592,1.0,
39,0,391,609,1.0,
40,0,377,623,1.0,
41,0,362,638,1.0,
42,0,349,651,1.0,
43,0,338,662,1.0,
44,0,319,681,1.0,
45,0,309,691,1.0,
46,0,297,703,1.0,
47,0,288,712,1.0,
48,0,277,723,1.0,
49,0,263,737,1.0,
50,0,253,747,1.0,
51,0,239,761,1.0,
52,0,232,768,1.0,
53,0,223,777,1.0,
54,0,217,783,1.0,
55,0,202,798,1.0,
56,0,197,803,1.0,
57,0,190,810,1.0,
58,0,179,821,1.0,
59,0,165,835,1.0,
60,0,156,844,1.0,
61,0,153,847,1.0,
62,0,147,853,1.0,
63,0,139,861,1.0,
64,0,128,872,1.0,
65,0,124,876,1.0,
66,0,118,882,1.0,
67,0,112,888,1.0,
68,0,109,891,1.0,
69,0,104,896,1.0,
70,0,103,897,1.0,
71,0,98,902,1.0,
72,0,93,907,1.0,
73,0,90,910,1.0,
74,0,80,920,1.0,
75,0,80,920,1.0,
76,0,79,921,1.0,
77,0,78,922,1.0,
78,0,78,922,1.0,
79,0,77,923,1.0,
80,0,76,924,1.0,
81,0,71,929,1.0,
82,0,71,929,1.0,
83,0,66,934,1.0,
84,0,63,937,1.0,
85,0,63,937,1.0,
86,0,58,942,1.0,
87,0,57,943,1.0,
88,0,55,945,1.0,
89,0,53,947,1.0,
90,0,52,948,1.0,
91,0,50,950,1.0,
92,0,50,950,1.0,
93,0,48,952,1.0,
94,0,48,952,1.0,
95,0,47,953,1.0,
96,0,46,954,1.0,
97,0,46,954,1.0,
98,0,43,957,1.0,
99,0,42,958,1.0,
100,0,40,960,1.0,
101,0,38,962,1.0,
102,0,37,963,1.0,
103,0,34,966,1.0,
104,0,33,967,1.0,
105,0,32,968,1.0,
106,0,31,969,1.0,
107,0,30,970,1.0,
108,0,29,971,1.0,
109,0,28,972,1.0,
110,0,26,974,1.0,
111,0,23,977,1.0,
112,0,23,977,1.0,
113,0,20,980,1.0,
114,0,19,981,1.0,
115,0,19,981,1.0,
116,0,19,981,1.0,
117,0,18,982,1.0,
118,0,17,983,1.0,
119,0,17,983,1.0,
120,0,15,985,1.0,
121,0,14,986,1.0,
122,0,13,987,1.0,
123,0,13,987,1.0,
124,0,13,987,1.0,
125,0,13,987,1.0,
126,0,13,987,1.0,
127,0,13,987,1.0,
128,0,12,988,1.0,
129,0,12,988,1.0,
130,0,11,989,1.0,
131,0,11,989,1.0,
132,0,10,990,1.0,
133,0,9,991,1.0,
134,0,9,991,1.0,
135,0,9,991,1.0,
136,0,9,991,1.0,
137,0,9,991,1.0,
138,0,8,992,1.0,
139,0,8,992,1.0,
140,0,8,992,1.0,
141,0,8,992,1.0,
142,0,7,993,1.0,
143,0,6,994,1.0,
144,0,5,995,1.0,
145,0,5,995,1.0,
146,0,4,996,1.0,
147,0,4,996,1.0,
148,0,3,997,1.0,
149,0,3,997,1.0,
150,0,3,997,1.0,
151,0,2,998,1.0,
152,0,2,998,1.0,
153,0,1,999,1.0,
154,0,1,999,1.0,
155,0,1,999,1.0,
156,0,1,999,1.0,
157,0,1,999,1.0,
158,0,1,999,1.0,
159,0,1,999,1.0,
160,0,1,999,1.0,
161,0,1,999,1.0,
162,0,1,999,1.0,
163,0,1,999,1.0,
164,0,1,999,1.0,
165,0,1,999,1.0,
166,0,1,999,1.0,
167,0,1,999,1.0,
168,0,1,999,1.0,
169,0,1,999,1.0,
170,0,1,999,1.0,
171,0,0,1000,1.0,
172,0,0,1000,1.0,
173,0,0,1000,1.0,
174,0,0,1000,1.0,
175,0,0,1000,1.0,
176,0,0,1000,1.0,
177,0,0,1000,1.0,
178,0,0,1000,1.0,
179,0,0,1000,1.0,
180,0,0,1000,1.0,
181,0,0,1000,1.0,
182,0,0,1000,1.0,
183,0,0,1000,1.0,
184,0,0,1000,1.0,
185,0,0,1000,1.0,
186,0,0,1000,1.0,
187,0,0,1000,1.0,
188,0,0,1000,1.0,
189,0,0,1000,1.0,
190,0,0,1000,1.0,
191,0,0,1000,1.0,
192,0,0,1000,1.0,
193,0,0,1000,1.0,
194,0,0,1000,1.0,
195,0,0,1000,1.0,
196,0,0,1000,1.0,
197,0,0,1000,1.0,
198,0,0,1000,1.0,
199,0,0,1000,1.0,
200,0,0,1000,1.0,
1,998,2,0,0.9988823529411764,1.0
2,995,5,0,0.9956470588235294,0.9983652325187645
3,992,7,1,0.9943529411764706,0.9976906627572052
4,988,11,1,0.9906470588235294,0.995800294995485
5,980,19,1,0.9834117647058823,0.9920497817704985
6,967,31,2,0.9734117647058823,0.986729522373077
7,949,48,3,0.96,0.979371527722133
8,923,71,6,0.9380588235294117,0.9668365533437051
9,878,112,10,0.903,0.9451331693162829
10,820,163,17,0.863,0.9167796669624015
11,759,212,29,0.8284705882352941,0.8872632170008926
12,676,290,34,0.7798235294117647,0.8372470386241263
13,595,363,42,0.7404705882352941,0.7816973486660449
14,511,424,65,0.7431176470588235,0.7483201810822748
15,425,491,84,0.751,0.7060028523109334
16,346,549,105,0.779235294117647,0.6796244082989454
17,273,598,129,0.8100588235294117,0.6504480138498193
18,197,643,160,0.8568823529411764,0.6343564474602917
19,135,679,186,0.8991764705882352,0.6235506252026756
20,80,716,204,0.9410588235294117,0.6262046997766687
21,49,719,232,0.964764705882353,0.6339617159980251
22,32,706,262,0.9761176470588235,0.6166041257320245
23,18,695,287,0.9867058823529412,0.6126484437956389
24,9,674,317,0.9932941176470588,0.6008101898838754
25,6,650,344,0.9955882352941177,0.6028659322852431
26,4,628,368,0.997,0.5942772619550081
27,3,601,396,0.9978235294117647,0.6021480008961227
28,2,579,419,0.9986470588235294,0.6274512810659065
29,2,563,435,0.9986470588235294,0.6274512810659065
30,2,534,464,0.9986470588235294,0.6274512810659065
31,2,505,493,0.9987058823529412,0.6421653814594118
32,1,488,511,0.9993529411764706,0.676848618101246
33,1,467,532,0.9993529411764706,0.676848618101246
34,1,453,546,0.9993529411764706,0.676848618101246
35,1,438,561,0.9994117647058823,0.7062768188882567
36,1,420,579,0.9994705882352941,0.7357050196752674
37,0,395,605,1.0,
38,0,371,629,1.0,
39,0,357,643,1.0,
40,0,345,655,1.0,
41,0,339,661,1.0,
42,0,323,677,1.0,
43,0,317,683,1.0,
44,0,309,691,1.0,
45,0,303,697,1.0,
46,0,291,709,1.0,
47,0,285,715,1.0,
48,0,275,725,1.0,
49,0,264,736,1.0,
50,0,252,748,1.0,
51,0,239,761,1.0,
52,0,232,768,1.0,
53,0,217,783,1.0,
54,0,207,793,1.0,
55,0,196,804,1.0,
56,0,193,807,1.0,
57,0,187,813,1.0,
58,0,182,818,1.0,
59,0,173,827,1.0,
60,0,167,833,1.0,
61,0,159,841,1.0,
62,0,155,845,1.0,
63,0,150,850,1.0,
64,0,142,858,1.0,
65,0,135,865,1.0,
66,0,127,873,1.0,
67,0,121,879,1.0,
68,0,116,884,1.0,
69,0,113,887,1.0,
70,0,110,890,1.0,
71,0,106,894,1.0,
72,0,104,896,1.0,
73,0,102,898,1.0,
74,0,95,905,1.0,
75,0,94,906,1.0,
76,0,88,912,1.0,
77,0,85,915,1.0,
78,0,78,922,1.0,
79,0,75,925,1.0,
80,0,73,927,1.0,
81,0,71,929,1.0,
82,0,67,933,1.0,
83,0,63,937,1.0,
84,0,61,939,1.0,
85,0,59,941,1.0,
86,0,56,944,1.0,
87,0,54,946,1.0,
88,0,52,948,1.0,
89,0,50,950,1.0,
90,0,49,951,1.0,
91,0,49,951,1.0,
92,0,48,952,1.0,
93,0,43,957,1.0,
94,0,43,957,1.0,
95,0,41,959,1.0,
96,0,40,960,1.0,
97,0,36,964,1.0,
98,0,34,966,1.0,
99,0,33,967,1.0,
100,0,31,969,1.0,
101,0,29,971,1.0,
102,0,27,973,1.0,
103,0,26,974,1.0,
104,0,25,975,1.0,
105,0,23,977,1.0,
106,0,21,979,1.0,
107,0,21,979,1.0,
108,0,20,980,1.0,
109,0,19,981,1.0,
110,0,18,982,1.0,
111,0,18,982,1.0,
112,0,18,982,1.0,
113,0,18,982,1.0,
114,0,18,982,1.0,
115,0,17,983,1.0,
116,0,16,984,1.0,
117,0,15,985,1.0,
118,0,13,987,1.0,
119,0,13,987,1.0,
120,0,12,988,1.0,
121,0,11,989,1.0,
122,0,11,989,1.0,
123,0,9,991,1.0,
124,0,8,992,1.0,
125,0,7,993,1.0,
126,0,7,993,1.0,
127,0,7,993,1.0,
128,0,7,993,1.0,
129,0,7,993,1.0,
130,0,7,993,1.0,
131,0,6,994,1.0,
132,0,5,995,1.0,
133,0,5,995,1.0,
134,0,5,995,1.0,
135,0,5,995,1.0,
136,0,4,996,1.0,
137,0,3,997,1.0,
138,0,3,997,1.0,
139,0,3,997,1.0,
140,0,3,997,1.0,
141,0,3,997,1.0,
142,0,3,997,1.0,
143,0,3,997,1.0,
144,0,3,997,1.0,
145,0,3,997,1.0,
146,0,3,997,1.0,
147,0,3,997,1.0,
148,0,2,998,1.0,
149,0,2,998,1.0,
150,0,2,998,1.0,
151,0,2,998,1.0,
152,0,2,998,1.0,
153,0,2,998,1.0,
154,0,2,998,1.0,
155,0,2,998,1.0,
156,0,2,998,1.0,
157,0,2,998,1.0,
158,0,2,998,1.0,
159,0,2,998,1.0,
160,0,2,998,1.0,
161,0,2,998,1.0,
162,0,2,998,1.0,
163,0,2,998,1.0,
164,0,2,998,1.0,
165,0,2,998,1.0,
166,0,2,998,1.0,
167,0,2,998,1.0,
168,0,2,998,1.0,
169,0,2,998,1.0,
170,0,2,998,1.0,
171,0,2,998,1.0,
172,0,2,998,1.0,
173,0,2,998,1.0,
174,0,2,998,1.0,
175,0,2,998,1.0,
176,0,2,998,1.0,
177,0,2,998,1.0,
178,0,2,998,1.0,
179,0,2,998,1.0,
180,0,2,998,1.0,
181,0,2,998,1.0,
182,0,2,998,1.0,
183,0,2,998,1.0,
184,0,2,998,1.0,
185,0,2,998,1.0,
186,0,2,998,1.0,
187,0,2,998,1.0,
188,0,2,998,1.0,
189,0,2,998,1.0,
190,0,2,998,1.0,
191,0,2,998,1.0,
192,0,2,998,1.0,
193,0,2,998,1.0,
194,0,2,998,1.0,
195,0,2,998,1.0,
196,0,2,998,1.0,
197,0,2,998,1.0,
198,0,2,998,1.0,
199,0,2,998,1.0,
200,0,2,998,1.0,
1,998,2,0,0.9991764705882353,1.0
2,994,6,0,0.9953529411764706,0.9980977699327495
3,990,10,0,0.9920588235294118,0.9964314534535722
4,983,17,0,0.9834117647058823,0.9920378128821435
5,971,28,1,0.9741176470588235,0.987147627690206
6,953,45,2,0.9613529411764706,0.9802034133063028
7,928,68,4,0.9450588235294117,0.9708274850968914
8,894,100,6,0.9245882352941176,0.9581718864084695
9,841,147,12,0.8879411764705882,0.9336582846284942
10,786,189,25,0.8604117647058823,0.9114464461406105
11,728,239,33,0.8237058823529412,0.8791455724225291
12,653,301,46,0.79,0.8391483566072311
13,571,363,66,0.7705882352941177,0.7989172412799463
14,494,420,86,0.7635294117647059,0.7603185476942663
15,404,481,115,0.775,0.721039989219653
16,316,549,135,0.7997647058823529,0.6821303687722582
17,239,599,162,0.838764705882353,0.6615624111301991
18,165,644,191,0.8851176470588236,0.6500276323979156
19,110,674,216,0.9215294117647059,0.6389255539961213
20,69,690,241,0.95,0.6337659892839684
21,41,671,288,0.9697058823529412,0.6239791843392305
22,30,651,319,0.9778823529411764,0.6224128426810431
23,21,636,343,0.9844117647058823,0.6211487224299554
24,15,611,374,0.9891176470588235,0.6268624260419394
25,6,592,402,0.9956470588235294,0.6232316762187383
26,3,574,423,0.9979411764705882,0.6423443311047351
27,3,551,446,0.9981176470588236,0.6746052845814026
28,2,531,467,0.9988235294117647,0.692332838224522
29,2,507,491,0.9988235294117647,0.692332838224522
30,2,487,511,0.9988235294117647,0.692332838224522
31,2,468,530,0.9988235294117647,0.692332838224522
32,2,450,548,0.9989411764705882,0.72012197636779
33,2,432,566,0.9989411764705882,0.72012197636779
34,2,416,582,0.999,0.7373704069394735
35,2,398,600,0.9990588235294118,0.7512649760111075
36,1,385,614,0.9995294117647059,0.7244340840107109
37,1,364,635,0.9995882352941177,0.758930945154078
38,0,350,650,1.0,
39,0,333,667,1.0,
40,0,319,681,1.0,
41,0,304,696,1.0,
42,0,296,704,1.0,
43,0,275,725,1.0,
44,0,259,741,1.0,
45,0,242,758,1.0,
46,0,231,769,1.0,
47,0,222,778,1.0,
48,0,207,793,1.0,
49,0,201,799,1.0,
50,0,196,804,1.0,
51,0,188,812,1.0,
52,0,182,818,1.0,
53,0,176,824,1.0,
54,0,174,826,1.0,
55,0,166,834,1.0,
56,0,163,837,1.0,
57,0,152,848,1.0,
58,0,147,853,1.0,
59,0,142,858,1.0,
60,0,139,861,1.0,
61,0,131,869,1.0,
62,0,123,877,1.0,
63,0,122,878,1.0,
64,0,118,882,1.0,
65,0,111,889,1.0,
66,0,106,894,1.0,
67,0,101,899,1.0,
68,0,97,903,1.0,
69,0,97,903,1.0,
70,0,93,907,1.0,
71,0,90,910,1.0,
72,0,85,915,1.0,
73,0,82,918,1.0,
74,0,79,921,1.0,
75,0,78,922,1.0,
76,0,76,924,1.0,
77,0,71,929,1.0,
78,0,69,931,1.0,
79,0,66,934,1.0,
80,0,61,939,1.0,
81,0,55,945,1.0,
82,0,53,947,1.0,
83,0,49,951,1.0,
84,0,44,956,1.0,
85,0,42,958,1.0,
86,0,41,959,1.0,
87,0,39,961,1.0,
88,0,37,963,1.0,
89,0,36,964,1.0,
90,0,34,966,1.0,
91,0,31,969,1.0,
92,0,27,973,1.0,
93,0,27,973,1.0,
94,0,26,974,1.0,
95,0,25,975,1.0,
96,0,25,975,1.0,
97,0,25,975,1.0,
98,0,22,978,1.0,
99,0,22,978,1.0,
100,0,21,979,1.0,
101,0,19,981,1.0,
102,0,18,982,1.0,
103,0,16,984,1.0,
104,0,15,985,1.0,
105,0,15,985,1.0,
106,0,13,987,1.0,
107,0,12,988,1.0,
108,0,12,988,1.0,
109,0,11,989,1.0,
110,0,10,990,1.0,
111,0,10,990,1.0,
112,0,10,990,1.0,
113,0,9,991,1.0,
114,0,8,992,1.0,
115,0,5,995,1.0,
116,0,5,995,1.0,
117,0,5,995,1.0,
118,0,5,995,1.0,
119,0,5,995,1.0,
120,0,5,995,1.0,
121,0,5,995,1.0,
122,0,5,995,1.0,
123,0,5,995,1.0,
124,0,3,997,1.0,
125,0,3,997,1.0,
126,0,3,997,1.0,
127,0,3,997,1.0,
128,0,3,997,1.0,
129,0,3,997,1.0,
130,0,3,997,1.0,
131,0,3,997,1.0,
132,0,3,997,1.0,
133,0,3,997,1.0,
134,0,3,997,1.0,
135,0,3,997,1.0,
136,0,3,997,1.0,
137,0,3,997,1.0,
138,0,3,997,1.0,
139,0,3,997,1.0,
140,0,3,997,1.0,
141,0,3,997,1.0,
142,0,3,997,1.0,
143,0,3,997,1.0,
144,0,3,997,1.0,
145,0,3,997,1.0,
146,0,3,997,1.0,
147,0,3,997,1.0,
148,0,3,997,1.0,
149,0,2,998,1.0,
150,0,2,998,1.0,
151,0,2,998,1.0,
152,0,2,998,1.0,
153,0,2,998,1.0,
154,0,2,998,1.0,
155,0,2,998,1.0,
156,0,2,998,1.0,
157,0,2,998,1.0,
158,0,0,1000,1.0,
159,0,0,1000,1.0,
160,0,0,1000,1.0,
161,0,0,1000,1.0,
162,0,0,1000,1.0,
163,0,0,1000,1.0,
164,0,0,1000,1.0,
165,0,0,1000,1.0,
166,0,0,1000,1.0,
167,0,0,1000,1.0,
168,0,0,1000,1.0,
169,0,0,1000,1.0,
170,0,0,1000,1.0,
171,0,0,1000,1.0,
172,0,0,1000,1.0,
173,0,0,1000,1.0,
174,0,0,1000,1.0,
175,0,0,1000,1.0,
176,0,0,1000,1.0,
177,0,0,1000,1.0,
178,0,0,1000,1.0,
179,0,0,1000,1.0,
180,0,0,1000,1.0,
181,0,0,1000,1.0,
182,0,0,1000,1.0,
183,0,0,1000,1.0,
184,0,0,1000,1.0,
185,0,0,1000,1.0,
186,0,0,1000,1.0,
187,0,0,1000,1.0,
188,0,0,1000,1.0,
189,0,0,1000,1.0,
190,0,0,1000,1.0,
191,0,0,1000,1.0,
192,0,0,1000,1.0,
193,0,0,1000,1.0,
194,0,0,1000,1.0,
195,0,0,1000,1.0,
196,0,0,1000,1.0,
197,0,0,1000,1.0,
198,0,0,1000,1.0,
199,0,0,1000,1.0,
200,0,0,1000,1.0,
1,997,3,0,0.9975294117647059,1.0
2,993,6,1,0.9941764705882353,0.998300393302991
3,989,10,1,0.9919411764705882,0.9971516584068887
4,982,16,2,0.9866470588235294,0.9944176906181239
5,964,29,7,0.9746470588235294,0.9880666897832071
6,949,43,8,0.9618823529411765,0.9810907087012365
7,917,72,11,0.9358823529411765,0.9661498293787926
8,875,111,14,0.9064705882352941,0.9476119195585843
9,828,148,24,0.8854705882352941,0.9318822497565279
10,769,200,31,0.8485882352941176,0.9024430800667889
11,712,251,37,0.8168823529411765,0.8722000662642005
12,642,304,54,0.7966470588235294,0.8422816958464459
13,552,377,71,0.7804117647058824,0.8015010073811321
14,460,444,96,0.7748235294117647,0.7557345688144409
15,382,506,112,0.7864705882352941,0.7203094667313759
16,293,560,147,0.8170588235294117,0.6867894049949901
17,238,591,171,0.8419411764705882,0.6666373332314735
18,164,641,195,0.8818823529411765,0.6384221143378374
19,118,664,218,0.914235294117647,0.6356692976328397
20,82,666,252,0.939764705882353,0.6311976416366848
21,44,683,273,0.9674117647058823,0.6225360098818457
22,26,660,314,0.9807058823529412,0.6228772143199836
23,17,642,341,0.9873529411764705,0.6209573271129276
24,12,626,362,0.9911176470588235,0.6231826193697251
25,6,607,387,0.9955294117647059,0.6264370348253128
26,4,582,414,0.9971176470588236,0.6277372326516079
27,3,560,437,0.9978823529411764,0.6308456526204327
28,3,538,459,0.998,0.6517865871472519
29,2,510,488,0.9988235294117647,0.6851612015493702
30,1,494,505,0.9994117647058823,0.7067565402801528
31,1,470,529,0.9994705882352941,0.7362047294584925
32,1,443,556,0.9994705882352941,0.7362047294584925
33,1,425,574,0.9994705882352941,0.7362047294584925
34,1,407,592,0.9995882352941177,0.7951011078151717
35,1,391,608,0.9996470588235294,0.8245492969935114
36,1,371,628,0.9996470588235294,0.8245492969935114
37,0,363,637,1.0,
38,0,343,657,1.0,
39,0,328,672,1.0,
40,0,317,683,1.0,
41,0,303,697,1.0,
42,0,291,709,1.0,
43,0,280,720,1.0,
44,0,263,737,1.0,
45,0,252,748,1.0,
46,0,243,757,1.0,
47,0,224,776,1.0,
48,0,216,784,1.0,
49,0,210,790,1.0,
50,0,201,799,1.0,
51,0,195,805,1.0,
52,0,189,811,1.0,
53,0,184,816,1.0,
54,0,176,824,1.0,
55,0,171,829,1.0,
56,0,166,834,1.0,
57,0,161,839,1.0,
58,0,152,848,1.0,
59,0,144,856,1.0,
60,0,141,859,1.0,
61,0,136,864,1.0,
62,0,128,872,1.0,
63,0,124,876,1.0,
64,0,123,877,1.0,
65,0,117,883,1.0,
66,0,113,887,1.0,
67,0,105,895,1.0,
68,0,101,899,1.0,
69,0,98,902,1.0,
70,0,96,904,1.0,
71,0,91,909,1.0,
72,0,87,913,1.0,
73,0,85,915,1.0,
74,0,80,920,1.0,
75,0,74,926,1.0,
76,0,71,929,1.0,
77,0,68,932,1.0,
78,0,61,939,1.0,
79,0,58,942,1.0,
80,0,57,943,1.0,
81,0,57,943,1.0,
82,0,55,945,1.0,
83,0,52,948,1.0,
84,0,51,949,1.0,
85,0,50,950,1.0,
86,0,48,952,1.0,
87,0,46,954,1.0,
88,0,45,955,1.0,
89,0,44,956,1.0,
90,0,43,957,1.0,
91,0,43,957,1.0,
92,0,42,958,1.0,
93,0,39,961,1.0,
94,0,35,965,1.0,
95,0,32,968,1.0,
96,0,31,969,1.0,
97,0,28,972,1.0,
98,0,27,973,1.0,
99,0,27,973,1.0,
100,0,25,975,1.0,
101,0,25,975,1.0,
102,0,23,977,1.0,
103,0,22,978,1.0,
104,0,22,978,1.0,
105,0,21,979,1.0,
106,0,21,979,1.0,
107,0,20,980,1.0,
108,0,17,983,1.0,
109,0,17,983,1.0,
110,0,16,984,1.0,
111,0,16,984,1.0,
112,0,16,984,1.0,
113,0,16,984,1.0,
114,0,16,984,1.0,
115,0,14,986,1.0,
116,0,14,986,1.0,
117,0,14,986,1.0,
118,0,14,986,1.0,
119,0,12,988,1.0,
120,0,12,988,1.0,
121,0,12,988,1.0,
122,0,12,988,1.0,
123,0,9,991,1.0,
124,0,9,991,1.0,
125,0,9,991,1.0,
126,0,9,991,1.0,
127,0,9,991,1.0,
128,0,7,993,1.0,
129,0,7,993,1.0,
130,0,7,993,1.0,
131,0,7,993,1.0,
132,0,7,993,1.0,
133,0,7,993,1.0,
134,0,7,993,1.0,
135,0,6,994,1.0,
136,0,6,994,1.0,
137,0,6,994,1.0,
138,0,6,994,1.0,
139,0,6,994,1.0,
140,0,5,995,1.0,
141,0,5,995,1.0,
142,0,5,995,1.0,
143,0,5,995,1.0,
144,0,5,995,1.0,
145,0,5,995,1.0,
146,0,5,995,1.0,
147,0,5,995,1.0,
148,0,4,996,1.0,
149,0,4,996,1.0,
150,0,4,996,1.0,
151,0,4,996,1.0,
152,0,4,996,1.0,
153,0,4,996,1.0,
154,0,4,996,1.0,
155,0,4,996,1.0,
156,0,4,996,1.0,
157,0,4,996,1.0,
158,0,4,996,1.0,
159,0,4,996,1.0,
160,0,4,996,1.0,
161,0,4,996,1.0,
162,0,4,996,1.0,
163,0,4,996,1.0,
164,0,4,996,1.0,
165,0,4,996,1.0,
166,0,4,996,1.0,
167,0,4,996,1.0,
168,0,4,996,1.0,
169,0,4,996,1.0,
170,0,4,996,1.0,
171,0,4,996,1.0,
172,0,4,996,1.0,
173,0,4,996,1.0,
174,0,4,996,1.0,
175,0,4,996,1.0,
176,0,4,996,1.0,
177,0,4,996,1.0,
178,0,4,996,1.0,
179,0,4,996,1.0,
180,0,4,996,1.0,
181,0,4,996,1.0,
182,0,4,996,1.0,
183,0,4,996,1.0,
184,0,4,996,1.0,
185,0,4,996,1.0,
186,0,4,996,1.0,
187,0,4,996,1.0,
188,0,4,996,1.0,
189,0,4,996,1.0,
190,0,3,997,1.0,
191,0,3,997,1.0,
192,0,3,997,1.0,
193,0,3,997,1.0,
194,0,3,997,1.0,
195,0,3,997,1.0,
196,0,3,997,1.0,
197,0,3,997,1.0,
198,0,3,997,1.0,
199,0,3,997,1.0,
200,0,3,997,1.0,
1,998,2,0,0.9992352941176471,1.0
2,996,4,0,0.9970588235294118,0.9989075067973775
3,990,10,0,0.9912352941176471,0.9959522169188838
4,982,18,0,0.9845882352941177,0.9925155648394061
5,964,33,3,0.9740588235294118,0.9868891585779052
6,940,55,5,0.9512941176470588,0.9744277519486558
7,907,84,9,0.9253529411764706,0.9592954770029443
8,864,125,11,0.8887647058823529,0.9362280991569457
9,807,173,20,0.8464705882352941,0.9054510737286577
10,735,233,32,0.8038823529411765,0.8669485742975145
11,659,294,47,0.767235294117647,0.8234320518102218
12,587,346,67,0.7628235294117647,0.7977308111523036
13,497,415,88,0.7581764705882353,0.7563532578495199
14,424,477,99,0.7665882352941177,0.7247002816896391
15,337,543,120,0.7917058823529411,0.691388926448163
16,248,604,148,0.8282352941176471,0.6535267821170068
17,186,637,177,0.867764705882353,0.6432806192775182
18,126,675,199,0.9088235294117647,0.6346876454654972
19,84,687,229,0.9392941176470588,0.6331821718590838
20,57,688,255,0.9585882352941176,0.6306086589498042
21,32,685,283,0.9768235294117648,0.6325591316497663
22,17,668,315,0.9875882352941177,0.6235280781880082
23,9,653,338,0.9935294117647059,0.6182615752437441
24,5,625,370,0.9966470588235294,0.6444581155133146
25,2,605,393,0.9987647058823529,0.6757793494042416
26,2,587,411,0.9988823529411764,0.7066260191453059
27,2,563,435,0.9988823529411764,0.7066260191453059
28,2,540,458,0.9988823529411764,0.7066260191453059
29,1,519,480,0.9993529411764706,0.6454072438130396
30,1,499,500,0.9993529411764706,0.6454072438130396
31,1,473,526,0.9994117647058823,0.6776776060036915
32,0,457,543,1.0,
33,0,439,561,1.0,
34,0,424,576,1.0,
35,0,409,591,1.0,
36,0,399,601,1.0,
37,0,382,618,1.0,
38,0,363,637,1.0,
39,0,348,652,1.0,
40,0,331,669,1.0,
41,0,321,679,1.0,
42,0,309,691,1.0,
43,0,300,700,1.0,
44,0,287,713,1.0,
45,0,278,722,1.0,
46,0,267,733,1.0,
47,0,256,744,1.0,
48,0,246,754,1.0,
49,0,227,773,1.0,
50,0,213,787,1.0,
51,0,206,794,1.0,
52,0,196,804,1.0,
53,0,189,811,1.0,
54,0,183,817,1.0,
55,0,176,824,1.0,
56,0,168,832,1.0,
57,0,166,834,1.0,
58,0,161,839,1.0,
59,0,154,846,1.0,
60,0,146,854,1.0,
61,0,144,856,1.0,
62,0,137,863,1.0,
63,0,131,869,1.0,
64,0,122,878,1.0,
65,0,120,880,1.0,
66,0,117,883,1.0,
67,0,110,890,1.0,
68,0,104,896,1.0,
69,0,101,899,1.0,
70,0,95,905,1.0,
71,0,94,906,1.0,
72,0,93,907,1.0,
73,0,90,910,1.0,
74,0,85,915,1.0,
75,0,80,920,1.0,
76,0,76,924,1.0,
77,0,72,928,1.0,
78,0,71,929,1.0,
79,0,66,934,1.0,
80,0,62,938,1.0,
81,0,57,943,1.0,
82,0,54,946,1.0,
83,0,51,949,1.0,
84,0,50,950,1.0,
85,0,50,950,1.0,
86,0,45,955,1.0,
87,0,45,955,1.0,
88,0,43,957,1.0,
89,0,43,957,1.0,
90,0,41,959,1.0,
91,0,36,964,1.0,
92,0,34,966,1.0,
93,0,33,967,1.0,
94,0,32,968,1.0,
95,0,29,971,1.0,
96,0,27,973,1.0,
97,0,27,973,1.0,
98,0,27,973,1.0,
99,0,27,973,1.0,
100,0,26,974,1.0,
101,0,26,974,1.0,
102,0,25,975,1.0,
103,0,25,975,1.0,
104,0,25,975,1.0,
105,0,25,975,1.0,
106,0,25,975,1.0,
107,0,24,976,1.0,
108,0,23,977,1.0,
109,0,22,978,1.0,
110,0,22,978,1.0,
111,0,21,979,1.0,
112,0,19,981,1.0,
113,0,19,981,1.0,
114,0,18,982,1.0,
115,0,16,984,1.0,
116,0,16,984,1.0,
117,0,15,985,1.0,
118,0,15,985,1.0,
119,0,15,985,1.0,
120,0,14,986,1.0,
121,0,14,986,1.0,
122,0,14,986,1.0,
123,0,14,986,1.0,
124,0,14,986,1.0,
125,0,12,988,1.0,
126,0,12,988,1.0,
127,0,10,990,1.0,
128,0,10,990,1.0,
129,0,10,990,1.0,
130,0,10,990,1.0,
131,0,10,990,1.0,
132,0,10,990,1.0,
133,0,9,991,1.0,
134,0,9,991,1.0,
135,0,9,991,1.0,
136,0,8,992,1.0,
137,0,7,993,1.0,
138,0,7,993,1.0,
139,0,7,993,1.0,
140,0,6,994,1.0,
141,0,6,994,1.0,
142,0,6,994,1.0,
143,0,6,994,1.0,
144,0,6,994,1.0,
145,0,5,995,1.0,
146,0,4,996,1.0,
147,0,4,996,1.0,
148,0,3,997,1.0,
149,0,3,997,1.0,
150,0,3,997,1.0,
151,0,3,997,1.0,
152,0,3,997,1.0,
153,0,3,997,1.0,
154,0,3,997,1.0,
155,0,3,997,1.0,
156,0,3,997,1.0,
157,0,3,997,1.0,
158,0,3,997,1.0,
159,0,3,997,1.0,
160,0,3,997,1.0,
161,0,3,997,1.0,
162,0,3,997,1.0,
163,0,3,997,1.0,
164,0,3,997,1.0,
165,0,2,998,1.0,
166,0,2,998,1.0,
167,0,2,998,1.0,
168,0,2,998,1.0,
169,0,2,998,1.0,
170,0,2,998,1.0,
171,0,2,998,1.0,
172,0,2,998,1.0,
173,0,2,998,1.0,
174,0,2,998,1.0,
175,0,2,998,1.0,
176,0,2,998,1.0,
177,0,2,998,1.0,
178,0,2,998,1.0,
179,0,2,998,1.0,
180,0,2,998,1.0,
181,0,2,998,1.0,
182,0,2,998,1.0,
183,0,2,998,1.0,
184,0,2,998,1.0,
185,0,2,998,1.0,
186,0,1,999,1.0,
187,0,1,999,1.0,
188,0,1,999,1.0,
189,0,1,999,1.0,
190,0,1,999,1.0,
191,0,1,999,1.0,
192,0,1,999,1.0,
193,0,1,999,1.0,
194,0,1,999,1.0,
195,0,1,999,1.0,
196,0,1,999,1.0,
197,0,1,999,1.0,
198,0,1,999,1.0,
199,0,1,999,1.0,
200,0,1,999,1.0,
1,998,2,0,0.9985294117647059,1.0
2,998,2,0,0.9985294117647059,1.0
3,996,4,0,0.9971176470588236,0.9992831716365619
4,994,6,0,0.9954117647058823,0.9984302295100541
5,990,9,1,0.9939411764705882,0.9976718197057566
6,985,14,1,0.9879411764705882,0.9946437090363537
7,970,27,3,0.9788235294117648,0.9898708485189924
8,949,47,4,0.9565882352941176,0.9778918493533124
9,916,77,7,0.9315294117647058,0.9634420172418497
10,868,118,14,0.8877647058823529,0.936141249267033
11,801,178,21,0.8376470588235294,0.8993159179847245
12,736,234,30,0.7949411764705883,0.8610031416492301
13,660,293,47,0.7682941176470588,0.8244392269558364
14,574,371,55,0.7409411764705882,0.7741548053040831
15,486,441,73,0.7414705882352941,0.733357776711792
16,393,521,86,0.7585882352941177,0.6918697043173847
17,303,590,107,0.8019411764705883,0.6717265267663793
18,226,637,137,0.8444705882352941,0.6551818922638661
19,153,684,163,0.8910588235294118,0.6422393104012427
20,107,693,200,0.924,0.6431342276795656
21,73,691,236,0.9464705882352941,0.6320799128485624
22,43,698,259,0.9684705882352941,0.6314167116887854
23,33,678,289,0.9757058823529412,0.631006177530972
24,23,656,321,0.9828235294117647,0.6217339871860842
25,16,636,348,0.9880588235294118,0.6220474502719416
26,13,621,366,0.9901176470588235,0.6127718182764741
27,12,591,397,0.991,0.6185055236111398
28,11,573,416,0.991764705882353,0.6176393919578879
29,8,548,444,0.9939411764705882,0.6142020683037129
30,7,527,466,0.9948823529411764,0.628711959597746
31,6,500,494,0.9955294117647059,0.6176431994236962
32,5,477,518,0.9963529411764706,0.6283981195227248
33,3,461,536,0.9978235294117647,0.6328788816727423
34,3,446,551,0.9979411764705882,0.6529058041105168
35,2,427,571,0.9986470588235294,0.6704359548308514
36,2,409,589,0.9987058823529412,0.6843352368212471
37,0,394,606,1.0,
38,0,381,619,1.0,
39,0,354,646,1.0,
40,0,337,663,1.0,
41,0,323,677,1.0,
42,0,312,688,1.0,
43,0,296,704,1.0,
44,0,289,711,1.0,
45,0,280,720,1.0,
46,0,266,734,1.0,
47,0,257,743,1.0,
48,0,245,755,1.0,
49,0,238,762,1.0,
50,0,229,771,1.0,
51,0,214,786,1.0,
52,0,202,798,1.0,
53,0,193,807,1.0,
54,0,186,814,1.0,
55,0,176,824,1.0,
56,0,173,827,1.0,
57,0,165,835,1.0,
58,0,156,844,1.0,
59,0,150,850,1.0,
60,0,142,858,1.0,
61,0,140,860,1.0,
62,0,135,865,1.0,
63,0,131,869,1.0,
64,0,124,876,1.0,
65,0,121,879,1.0,
66,0,117,883,1.0,
67,0,110,890,1.0,
68,0,104,896,1.0,
69,0,102,898,1.0,
70,0,99,901,1.0,
71,0,95,905,1.0,
72,0,91,909,1.0,
73,0,88,912,1.0,
74,0,82,918,1.0,
75,0,72,928,1.0,
76,0,69,931,1.0,
77,0,64,936,1.0,
78,0,61,939,1.0,
79,0,55,945,1.0,
80,0,49,951,1.0,
81,0,44,956,1.0,
82,0,42,958,1.0,
83,0,40,960,1.0,
84,0,38,962,1.0,
85,0,35,965,1.0,
86,0,34,966,1.0,
87,0,32,968,1.0,
88,0,29,971,1.0,
89,0,29,971,1.0,
90,0,26,974,1.0,
91,0,23,977,1.0,
92,0,23,977,1.0,
93,0,23,977,1.0,
94,0,23,977,1.0,
95,0,22,978,1.0,
96,0,22,978,1.0,
97,0,22,978,1.0,
98,0,21,979,1.0,
99,0,19,981,1.0,
100,0,19,981,1.0,
101,0,17,983,1.0,
102,0,16,984,1.0,
103,0,15,985,1.0,
104,0,15,985,1.0,
105,0,14,986,1.0,
106,0,14,986,1.0,
107,0,14,986,1.0,
108,0,14,986,1.0,
109,0,13,987,1.0,
110,0,13,987,1.0,
111,0,12,988,1.0,
112,0,12,988,1.0,
113,0,12,988,1.0,
114,0,11,989,1.0,
115,0,11,989,1.0,
116,0,11,989,1.0,
117,0,11,989,1.0,
118,0,10,990,1.0,
119,0,9,991,1.0,
120,0,9,991,1.0,
121,0,9,991,1.0,
122,0,9,991,1.0,
123,0,9,991,1.0,
124,0,7,993,1.0,
125,0,7,993,1.0,
126,0,5,995,1.0,
127,0,5,995,1.0,
128,0,5,995,1.0,
129,0,5,995,1.0,
130,0,5,995,1.0,
131,0,4,996,1.0,
132,0,4,996,1.0,
133,0,4,996,1.0,
134,0,4,996,1.0,
135,0,4,996,1.0,
136,0,4,996,1.0,
137,0,4,996,1.0,
138,0,4,996,1.0,
139,0,4,996,1.0,
140,0,3,997,1.0,
141,0,3,997,1.0,
142,0,3,997,1.0,
143,0,3,997,1.0,
144,0,3,997,1.0,
145,0,2,998,1.0,
146,0,2,998,1.0,
147,0,1,999,1.0,
148,0,1,999,1.0,
149,0,1,999,1.0,
150,0,1,999,1.0,
151,0,1,999,1.0,
152,0,1,999,1.0,
153,0,1,999,1.0,
154,0,1,999,1.0,
155,0,1,999,1.0,
156,0,1,999,1.0,
157,0,1,999,1.0,
158,0,1,999,1.0,
159,0,1,999,1.0,
160,0,1,999,1.0,
161,0,1,999,1.0,
162,0,1,999,1.0,
163,0,0,1000,1.0,
164,0,0,1000,1.0,
165,0,0,1000,1.0,
166,0,0,1000,1.0,
167,0,0,1000,1.0,
168,0,0,1000,1.0,
169,0,0,1000,1.0,
170,0,0,1000,1.0,
171,0,0,1000,1.0,
172,0,0,1000,1.0,
173,0,0,1000,1.0,
174,0,0,1000,1.0,
175,0,0,1000,1.0,
176,0,0,1000,1.0,
177,0,0,1000,1.0,
178,0,0,1000,1.0,
179,0,0,1000,1.0,
180,0,0,1000,1.0,
181,0,0,1000,1.0,
182,0,0,1000,1.0,
183,0,0,1000,1.0,
184,0,0,1000,1.0,
185,0,0,1000,1.0,
186,0,0,1000,1.0,
187,0,0,1000,1.0,
188,0,0,1000,1.0,
189,0,0,1000,1.0,
190,0,0,1000,1.0,
191,0,0,1000,1.0,
192,0,0,1000,1.0,
193,0,0,1000,1.0,
194,0,0,1000,1.0,
195,0,0,1000,1.0,
196,0,0,1000,1.0,
197,0,0,1000,1.0,
198,0,0,1000,1.0,
199,0,0,1000,1.0,
200,0,0,1000,1.0,
1,998,2,0,0.9990588235294118,1.0
2,996,4,0,0.9966470588235294,0.9987889549798737
3,995,5,0,0.9954705882352941,0.9981982556271597
4,992,8,0,0.9924705882352941,0.996684956612971
5,990,10,0,0.99,0.9954365665140938
6,983,17,0,0.9838235294117647,0.9922709505187722
7,978,21,1,0.9820588235294118,0.9913417629006862
8,971,27,2,0.979764705882353,0.9900725476554514
9,957,40,3,0.9781764705882353,0.9890657830015405
10,944,52,4,0.970764705882353,0.9849319795571364
11,913,81,6,0.9531176470588235,0.9747228243838189
12,875,113,12,0.9171176470588235,0.9531035690443369
13,817,162,21,0.8710588235294118,0.9216030683389258
14,762,210,28,0.8303529411764706,0.8891352816803659
15,705,257,38,0.7994117647058824,0.8582427392398073
16,627,318,55,0.7661764705882353,0.8138013371421552
17,540,388,72,0.7520588235294118,0.7710552457612356
18,441,464,95,0.7584117647058823,0.72643212961984
19,347,541,112,0.7834705882352941,0.6874660331116109
20,262,601,137,0.8232352941176471,0.6616533255373955
21,188,655,157,0.8658235294117647,0.6419127963346813
22,125,686,189,0.9098823529411765,0.6368921858964162
23,72,707,221,0.9484705882352941,0.6396139428729509
24,41,710,249,0.9693529411764706,0.6222600175395638
25,27,691,282,0.9797058823529412,0.618279647537707
26,17,663,320,0.9872352941176471,0.619286071617093
27,11,646,343,0.9916470588235294,0.6137834180245
28,11,626,363,0.9916470588235294,0.6137834180245
29,6,608,386,0.9954705882352941,0.6227708359578495
30,4,585,411,0.9969411764705882,0.6234035087600813
31,3,565,432,0.9977647058823529,0.6313904721224829
32,1,545,454,0.9992941176470588,0.647364398847286
33,1,527,472,0.9992941176470588,0.647364398847286
34,1,508,491,0.9993529411764706,0.6767900533403446
35,1,485,514,0.9993529411764706,0.6767900533403446
36,1,457,542,0.9994117647058823,0.706215707833403
37,1,440,559,0.9994117647058823,0.706215707833403
38,1,423,576,0.9994705882352941,0.7356413623264615
39,0,406,594,1.0,
40,0,385,615,1.0,
41,0,370,630,1.0,
42,0,351,649,1.0,
43,0,342,658,1.0,
44,0,327,673,1.0,
45,0,320,680,1.0,
46,0,303,697,1.0,
47,0,288,712,1.0,
48,0,276,724,1.0,
49,0,262,738,1.0,
50,0,249,751,1.0,
51,0,235,765,1.0,
52,0,226,774,1.0,
53,0,220,780,1.0,
54,0,207,793,1.0,
55,0,193,807,1.0,
56,0,186,814,1.0,
57,0,182,818,1.0,
58,0,174,826,1.0,
59,0,166,834,1.0,
60,0,161,839,1.0,
61,0,154,846,1.0,
62,0,145,855,1.0,
63,0,135,865,1.0,
64,0,130,870,1.0,
65,0,127,873,1.0,
66,0,121,879,1.0,
67,0,119,881,1.0,
68,0,117,883,1.0,
69,0,112,888,1.0,
70,0,107,893,1.0,
71,0,103,897,1.0,
72,0,102,898,1.0,
73,0,96,904,1.0,
74,0,91,909,1.0,
75,0,87,913,1.0,
76,0,83,917,1.0,
77,0,77,923,1.0,
78,0,73,927,1.0,
79,0,69,931,1.0,
80,0,65,935,1.0,
81,0,62,938,1.0,
82,0,61,939,1.0,
83,0,59,941,1.0,
84,0,57,943,1.0,
85,0,57,943,1.0,
86,0,55,945,1.0,
87,0,51,949,1.0,
88,0,49,951,1.0,
89,0,48,952,1.0,
90,0,44,956,1.0,
91,0,40,960,1.0,
92,0,38,962,1.0,
93,0,37,963,1.0,
94,0,34,966,1.0,
95,0,34,966,1.0,
96,0,33,967,1.0,
97,0,30,970,1.0,
98,0,29,971,1.0,
99,0,29,971,1.0,
100,0,29,971,1.0,
101,0,29,971,1.0,
102,0,28,972,1.0,
103,0,26,974,1.0,
104,0,26,974,1.0,
105,0,24,976,1.0,
106,0,24,976,1.0,
107,0,23,977,1.0,
108,0,23,977,1.0,
109,0,23,977,1.0,
110,0,23,977,1.0,
111,0,21,979,1.0,
112,0,21,979,1.0,
113,0,19,981,1.0,
114,0,18,982,1.0,
115,0,18,982,1.0,
116,0,17,983,1.0,
117,0,16,984,1.0,
118,0,15,985,1.0,
119,0,15,985,1.0,
120,0,15,985,1.0,
121,0,15,985,1.0,
122,0,14,986,1.0,
123,0,13,987,1.0,
124,0,12,988,1.0,
125,0,12,988,1.0,
126,0,12,988,1.0,
127,0,12,988,1.0,
128,0,12,988,1.0,
129,0,12,988,1.0,
130,0,10,990,1.0,
131,0,9,991,1.0,
132,0,9,991,1.0,
133,0,8,992,1.0,
134,0,8,992,1.0,
135,0,8,992,1.0,
136,0,7,993,1.0,
137,0,7,993,1.0,
138,0,5,995,1.0,
139,0,5,995,1.0,
140,0,5,995,1.0,
141,0,4,996,1.0,
142,0,4,996,1.0,
143,0,4,996,1.0,
144,0,4,996,1.0,
145,0,4,996,1.0,
146,0,4,996,1.0,
147,0,4,996,1.0,
148,0,3,997,1.0,
149,0,3,997,1.0,
150,0,3,997,1.0,
151,0,2,998,1.0,
152,0,2,998,1.0,
153,0,2,998,1.0,
154,0,1,999,1.0,
155,0,1,999,1.0,
156,0,1,999,1.0,
157,0,1,999,1.0,
158,0,1,999,1.0,
159,0,1,999,1.0,
160,0,1,999,1.0,
161,0,1,999,1.0,
162,0,1,999,1.0,
163,0,1,999,1.0,
164,0,1,999,1.0,
165,0,1,999,1.0,
166,0,1,999,1.0,
167,0,1,999,1.0,
168,0,1,999,1.0,
169,0,1,999,1.0,
170,0,1,999,1.0,
171,0,1,999,1.0,
172,0,0,1000,1.0,
173,0,0,1000,1.0,
174,0,0,1000,1.0,
175,0,0,1000,1.0,
176,0,0,1000,1.0,
177,0,0,1000,1.0,
178,0,0,1000,1.0,
179,0,0,1000,1.0,
180,0,0,1000,1.0,
181,0,0,1000,1.0,
182,0,0,1000,1.0,
183,0,0,1000,1.0,
184,0,0,1000,1.0,
185,0,0,1000,1.0,
186,0,0,1000,1.0,
187,0,0,1000,1.0,
188,0,0,1000,1.0,
189,0,0,1000,1.0,
190,0,0,1000,1.0,
191,0,0,1000,1.0,
192,0,0,1000,1.0,
193,0,0,1000,1.0,
194,0,0,1000,1.0,
195,0,0,1000,1.0,
196,0,0,1000,1.0,
197,0,0,1000,1.0,
198,0,0,1000,1.0,
199,0,0,1000,1.0,
200,0,0,1000,1.0,
1,996,4,0,0.9976470588235294,1.0
2,994,6,0,0.9958235294117647,0.9990624192775379
3,984,14,2,0.988764705882353,0.995423621241849
4,972,26,2,0.9771764705882353,0.9893753201857055
5,953,43,4,0.9632941176470589,0.9817669585984915
6,926,67,7,0.9475294117647058,0.9727442760988712
7,892,98,10,0.9182941176470588,0.9552785908514779
8,827,158,15,0.8701176470588236,0.922642605039864
9,762,208,30,0.8383529411764706,0.8950821455037914
10,687,276,37,0.7967647058823529,0.8531842214221876
11,601,349,50,0.764,0.8044673163381331
12,506,427,67,0.7478823529411764,0.7513288341459529
13,417,504,79,0.7518823529411764,0.7026563184319458
14,319,578,103,0.7899411764705883,0.6711258044254638
15,228,645,127,0.837,0.6426648215280772
16,160,678,162,0.8849411764705882,0.6381005856484604
17,103,712,185,0.9253529411764706,0.6356596072714854
18,70,719,211,0.949764705882353,0.6393574599983498
19,47,704,249,0.9655882352941176,0.6307479543456075
20,31,694,275,0.9770588235294118,0.6273361609379856
21,20,676,304,0.9854705882352941,0.6316734027200054
22,13,658,329,0.9907058823529412,0.6387110096074796
23,8,633,359,0.9940588235294118,0.6279639375507033
24,4,618,378,0.9971176470588236,0.6329576449792998
25,3,594,403,0.998,0.6619299782597744
26,3,577,420,0.998,0.6619299782597744
27,2,550,448,0.9985882352941177,0.6478202567584076
28,2,531,467,0.9985882352941177,0.6478202567584076
29,2,511,487,0.9986470588235294,0.6625434444120079
30,2,492,506,0.9987647058823529,0.6919898197192081
31,2,479,519,0.9988235294117647,0.7067130073728083
32,2,461,537,0.9988823529411764,0.7214361950264084
33,1,446,553,0.9995294117647059,0.7656057579872089
34,1,429,570,0.9995294117647059,0.7656057579872089
35,1,414,585,0.9996470588235294,0.8244985086016097
36,1,403,596,0.9996470588235294,0.8244985086016097
37,1,385,614,0.9996470588235294,0.8244985086016097
38,1,370,629,0.9997058823529412,0.85394488390881
39,1,351,648,0.9997058823529412,0.85394488390881
40,1,338,661,0.9997647058823529,0.8833912592160104
41,1,323,676,0.9997647058823529,0.8833912592160104
42,1,309,690,0.9997647058823529,0.8833912592160104
43,1,302,697,0.9998235294117647,0.9128376345232107
44,1,284,715,0.9998235294117647,0.9128376345232107
45,1,274,725,0.9998823529411764,0.942284009830411
46,1,261,738,0.9998823529411764,0.942284009830411
47,1,247,752,0.9998823529411764,0.942284009830411
48,1,238,761,0.9998823529411764,0.942284009830411
49,1,231,768,0.9998823529411764,0.942284009830411
50,1,226,773,0.9998823529411764,0.942284009830411
51,1,220,779,0.9998823529411764,0.942284009830411
52,0,217,783,1.0,
53,0,212,788,1.0,
54,0,203,797,1.0,
55,0,195,805,1.0,
56,0,187,813,1.0,
57,0,177,823,1.0,
58,0,167,833,1.0,
59,0,158,842,1.0,
60,0,151,849,1.0,
61,0,143,857,1.0,
62,0,137,863,1.0,
63,0,134,866,1.0,
64,0,128,872,1.0,
65,0,117,883,1.0,
66,0,110,890,1.0,
67,0,104,896,1.0,
68,0,99,901,1.0,
69,0,91,909,1.0,
70,0,88,912,1.0,
71,0,83,917,1.0,
72,0,79,921,1.0,
73,0,73,927,1.0,
74,0,69,931,1.0,
75,0,64,936,1.0,
76,0,63,937,1.0,
77,0,58,942,1.0,
78,0,57,943,1.0,
79,0,56,944,1.0,
80,0,53,947,1.0,
81,0,52,948,1.0,
82,0,51,949,1.0,
83,0,49,951,1.0,
84,0,47,953,1.0,
85,0,47,953,1.0,
86,0,43,957,1.0,
87,0,40,960,1.0,
88,0,39,961,1.0,
89,0,39,961,1.0,
90,0,39,961,1.0,
91,0,37,963,1.0,
92,0,36,964,1.0,
93,0,34,966,1.0,
94,0,34,966,1.0,
95,0,33,967,1.0,
96,0,31,969,1.0,
97,0,30,970,1.0,
98,0,28,972,1.0,
99,0,28,972,1.0,
100,0,28,972,1.0,
101,0,27,973,1.0,
102,0,26,974,1.0,
103,0,26,974,1.0,
104,0,24,976,1.0,
105,0,24,976,1.0,
106,0,24,976,1.0,
107,0,22,978,1.0,
108,0,22,978,1.0,
109,0,22,978,1.0,
110,0,21,979,1.0,
111,0,21,979,1.0,
112,0,20,980,1.0,
113,0,19,981,1.0,
114,0,18,982,1.0,
115,0,18,982,1.0,
116,0,18,982,1.0,
117,0,17,983,1.0,
118,0,17,983,1.0,
119,0,17,983,1.0,
120,0,16,984,1.0,
121,0,16,984,1.0,
122,0,15,985,1.0,
123,0,11,989,1.0,
124,0,11,989,1.0,
125,0,11,989,1.0,
126,0,10,990,1.0,
127,0,10,990,1.0,
128,0,9,991,1.0,
129,0,9,991,1.0,
130,0,9,991,1.0,
131,0,9,991,1.0,
132,0,9,991,1.0,
133,0,9,991,1.0,
134,0,8,992,1.0,
135,0,8,992,1.0,
136,0,8,992,1.0,
137,0,7,993,1.0,
138,0,7,993,1.0,
139,0,7,993,1.0,
140,0,7,993,1.0,
141,0,7,993,1.0,
142,0,7,993,1.0,
143,0,7,993,1.0,
144,0,7,993,1.0,
145,0,6,994,1.0,
146,0,6,994,1.0,
147,0,5,995,1.0,
148,0,4,996,1.0,
149,0,4,996,1.0,
150,0,3,997,1.0,
151,0,2,998,1.0,
152,0,1,999,1.0,
153,0,1,999,1.0,
154,0,1,999,1.0,
155,0,1,999,1.0,
156,0,1,999,1.0,
157,0,1,999,1.0,
158,0,1,999,1.0,
159,0,1,999,1.0,
160,0,1,999,1.0,
161,0,1,999,1.0,
162,0,1,999,1.0,
163,0,1,999,1.0,
164,0,1,999,1.0,
165,0,1,999,1.0,
166,0,1,999,1.0,
167,0,1,999,1.0,
168,0,1,999,1.0,
169,0,1,999,1.0,
170,0,1,999,1.0,
171,0,1,999,1.0,
172,0,1,999,1.0,
173,0,1,999,1.0,
174,0,1,999,1.0,
175,0,1,999,1.0,
176,0,1,999,1.0,
177,0,1,999,1.0,
178,0,1,999,1.0,
179,0,1,999,1.0,
180,0,1,999,1.0,
181,0,1,999,1.0,
182,0,1,999,1.0,
183,0,1,999,1.0,
184,0,0,1000,1.0,
185,0,0,1000,1.0,
186,0,0,1000,1.0,
187,0,0,1000,1.0,
188,0,0,1000,1.0,
189,0,0,1000,1.0,
190,0,0,1000,1.0,
191,0,0,1000,1.0,
192,0,0,1000,1.0,
193,0,0,1000,1.0,
194,0,0,1000,1.0,
195,0,0,1000,1.0,
196,0,0,1000,1.0,
197,0,0,1000,1.0,
198,0,0,1000,1.0,
199,0,0,1000,1.0,
200,0,0,1000,1.0,
1,998,2,0,0.9984117647058823,1.0
2,998,2,0,0.9984117647058823,1.0
3,998,2,0,0.9984117647058823,1.0
4,997,3,0,0.9972941176470588,0.9994391880356894
5,993,6,1,0.9942352941176471,0.9978809356093976
6,990,9,1,0.9935882352941177,0.997536760584461
7,988,9,3,0.9931176470588235,0.997283243932122
8,979,17,4,0.9861176470588235,0.9936535884422858
9,964,31,5,0.9714705882352941,0.9859482707907828
10,943,50,7,0.9528235294117647,0.9756746039703601
11,922,71,7,0.9358235294117647,0.9658346619501017
12,883,100,17,0.9091176470588235,0.9490678990371483
13,833,141,26,0.8758823529411764,0.9260927990476355
14,780,187,33,0.8432941176470589,0.9001329854070017
15,709,245,46,0.8005294117647059,0.8596980504109328
16,628,313,59,0.7712941176470588,0.8183276191121661
17,544,385,71,0.7527647058823529,0.7730828323814607
18,451,463,86,0.7548235294117647,0.7284164685103472
19,375,515,110,0.7751176470588236,0.7005449635968108
20,296,570,134,0.806,0.6725536221118152
21,221,614,165,0.8438235294117648,0.6465287908423147
22,158,640,202,0.8852941176470588,0.6363066008487718
23,101,667,232,0.9247058823529412,0.6271145214426282
24,75,664,261,0.9439411764705883,0.62556258606821
25,41,677,282,0.9697058823529412,0.6310794771252776
26,20,675,305,0.9852941176470589,0.6326445175924104
27,11,654,335,0.9919411764705882,0.6286607012361833
28,5,642,353,0.9963529411764706,0.6195176366722593
29,4,614,382,0.9971176470588236,0.6260937866266946
30,1,593,406,0.9992941176470588,0.6475730950536726
31,1,566,433,0.9992941176470588,0.6475730950536726
32,0,537,463,1.0,
33,0,519,481,1.0,
34,0,499,501,1.0,
35,0,482,518,1.0,
36,0,468,532,1.0,
37,0,442,558,1.0,
38,0,426,574,1.0,
39,0,411,589,1.0,
40,0,393,607,1.0,
41,0,373,627,1.0,
42,0,353,647,1.0,
43,0,344,656,1.0,
44,0,320,680,1.0,
45,0,306,694,1.0,
46,0,291,709,1.0,
47,0,276,724,1.0,
48,0,267,733,1.0,
49,0,256,744,1.0,
50,0,247,753,1.0,
51,0,238,762,1.0,
52,0,230,770,1.0,
53,0,219,781,1.0,
54,0,205,795,1.0,
55,0,202,798,1.0,
56,0,194,806,1.0,
57,0,190,810,1.0,
58,0,180,820,1.0,
59,0,174,826,1.0,
60,0,167,833,1.0,
61,0,161,839,1.0,
62,0,155,845,1.0,
63,0,148,852,1.0,
64,0,138,862,1.0,
65,0,136,864,1.0,
66,0,130,870,1.0,
67,0,126,874,1.0,
68,0,120,880,1.0,
69,0,117,883,1.0,
70,0,109,891,1.0,
71,0,105,895,1.0,
72,0,96,904,1.0,
73,0,92,908,1.0,
74,0,88,912,1.0,
75,0,88,912,1.0,
76,0,85,915,1.0,
77,0,80,920,1.0,
78,0,77,923,1.0,
79,0,75,925,1.0,
80,0,70,930,1.0,
81,0,66,934,1.0,
82,0,58,942,1.0,
83,0,57,943,1.0,
84,0,53,947,1.0,
85,0,50,950,1.0,
86,0,43,957,1.0,
87,0,40,960,1.0,
88,0,39,961,1.0,
89,0,39,961,1.0,
90,0,38,962,1.0,
91,0,35,965,1.0,
92,0,32,968,1.0,
93,0,30,970,1.0,
94,0,29,971,1.0,
95,0,29,971,1.0,
96,0,27,973,1.0,
97,0,25,975,1.0,
98,0,25,975,1.0,
99,0,23,977,1.0,
100,0,23,977,1.0,
101,0,23,977,1.0,
102,0,22,978,1.0,
103,0,22,978,1.0,
104,0,21,979,1.0,
105,0,21,979,1.0,
106,0,21,979,1.0,
107,0,19,981,1.0,
108,0,19,981,1.0,
109,0,19,981,1.0,
110,0,18,982,1.0,
111,0,18,982,1.0,
112,0,17,983,1.0,
113,0,17,983,1.0,
114,0,16,984,1.0,
115,0,16,984,1.0,
116,0,16,984,1.0,
117,0,14,986,1.0,
118,0,13,987,1.0,
119,0,13,987,1.0,
120,0,13,987,1.0,
121,0,13,987,1.0,
122,0,13,987,1.0,
123,0,13,987,1.0,
124,0,11,989,1.0,
125,0,11,989,1.0,
126,0,11,989,1.0,
127,0,10,990,1.0,
128,0,10,990,1.0,
129,0,10,990,1.0,
130,0,10,990,1.0,
131,0,9,991,1.0,
132,0,8,992,1.0,
133,0,8,992,1.0,
134,0,8,992,1.0,
135,0,8,992,1.0,
136,0,8,992,1.0,
137,0,8,992,1.0,
138,0,8,992,1.0,
139,0,8,992,1.0,
140,0,8,992,1.0,
141,0,8,992,1.0,
142,0,5,995,1.0,
143,0,5,995,1.0,
144,0,5,995,1.0,
145,0,5,995,1.0,
146,0,5,995,1.0,
147,0,5,995,1.0,
148,0,5,995,1.0,
149,0,5,995,1.0,
150,0,5,995,1.0,
151,0,5,995,1.0,
152,0,4,996,1.0,
153,0,4,996,1.0,
154,0,4,996,1.0,
155,0,3,997,1.0,
156,0,2,998,1.0,
157,0,1,999,1.0,
158,0,1,999,1.0,
159,0,1,999,1.0,
160,0,1,999,1.0,
161,0,1,999,1.0,
162,0,1,999,1.0,
163,0,1,999,1.0,
164,0,1,999,1.0,
165,0,1,999,1.0,
166,0,1,999,1.0,
167,0,1,999,1.0,
168,0,1,999,1.0,
169,0,1,999,1.0,
170,0,1,999,1.0,
171,0,1,999,1.0,
172,0,1,999,1.0,
173,0,1,999,1.0,
174,0,1,999,1.0,
175,0,1,999,1.0,
176,0,1,999,1.0,
177,0,1,999,1.0,
178,0,1,999,1.0,
179,0,1,999,1.0,
180,0,1,999,1.0,
181,0,1,999,1.0,
182,0,1,999,1.0,
183,0,1,999,1.0,
184,0,0,1000,1.0,
185,0,0,1000,1.0,
186,0,0,1000,1.0,
187,0,0,1000,1.0,
188,0,0,1000,1.0,
189,0,0,1000,1.0,
190,0,0,1000,1.0,
191,0,0,1000,1.0,
192,0,0,1000,1.0,
193,0,0,1000,1.0,
194,0,0,1000,1.0,
195,0,0,1000,1.0,
196,0,0,1000,1.0,
197,0,0,1000,1.0,
198,0,0,1000,1.0,
199,0,0,1000,1.0,
200,0,0,1000,1.0,
1,998,1,1,1.0,1.0
2,996,3,1,0.9977058823529412,0.9988573452300953
3,992,6,2,0.996,0.9979825086359726
4,988,10,2,0.9921764705882353,0.9960341542223342
5,981,17,2,0.9853529411764705,0.9925171663129102
6,973,24,3,0.9781764705882353,0.9887619938907437
7,956,40,4,0.9644117647058823,0.9813563362476485
8,928,61,11,0.948,0.9719193593950899
9,902,85,13,0.9259411764705883,0.9588767200455393
10,855,128,17,0.8927058823529411,0.9372183784604277
11,809,169,22,0.8604117647058823,0.9137771635981115
12,752,213,35,0.8321176470588235,0.8884235712987668
13,667,283,50,0.7995882352941176,0.8494899947768627
14,599,334,67,0.7758235294117647,0.8124714019490147
15,520,393,87,0.7716470588235295,0.7799037550228745
16,448,443,109,0.7753529411764706,0.7488543100970123
17,363,508,129,0.7885882352941177,0.7083569183693699
18,274,565,161,0.8262941176470588,0.6818010352797235
19,192,619,189,0.8649411764705882,0.6460799109743515
20,145,636,219,0.8964117647058824,0.6399388896370121
21,96,666,238,0.9297647058823529,0.6308354391458943
22,56,679,265,0.958764705882353,0.6306610348387846
23,31,677,292,0.9780588235294118,0.6448765166399982
24,20,660,320,0.9862352941176471,0.6535901292335116
25,14,628,358,0.9903529411764705,0.6547662246716869
26,10,607,383,0.9931764705882353,0.657333152958153
27,9,586,405,0.9941176470588236,0.6707351290684624
28,7,564,429,0.9955294117647059,0.6814123376623378
29,7,542,451,0.9957058823529412,0.6938131313131314
30,6,521,473,0.9967058823529412,0.7223274410774412
31,6,506,488,0.9967647058823529,0.7269570707070708
32,5,489,506,0.9974117647058823,0.7351641414141414
33,5,476,519,0.9974117647058823,0.7351641414141414
34,5,459,536,0.9974705882352941,0.740719696969697
35,4,440,556,0.9983529411764706,0.7895359848484849
36,3,418,579,0.9987647058823529,0.7909301346801346
37,3,401,596,0.9988823529411764,0.8102904040404041
38,1,390,609,0.9994705882352941,0.71875
39,0,381,619,1.0,
40,0,370,630,1.0,
41,0,353,647,1.0,
42,0,345,655,1.0,
43,0,335,665,1.0,
44,0,323,677,1.0,
45,0,309,691,1.0,
46,0,298,702,1.0,
47,0,288,712,1.0,
48,0,276,724,1.0,
49,0,266,734,1.0,
50,0,253,747,1.0,
51,0,240,760,1.0,
52,0,237,763,1.0,
53,0,225,775,1.0,
54,0,212,788,1.0,
55,0,208,792,1.0,
56,0,193,807,1.0,
57,0,184,816,1.0,
58,0,178,822,1.0,
59,0,174,826,1.0,
60,0,166,834,1.0,
61,0,162,838,1.0,
62,0,156,844,1.0,
63,0,155,845,1.0,
64,0,153,847,1.0,
65,0,146,854,1.0,
66,0,139,861,1.0,
67,0,133,867,1.0,
68,0,127,873,1.0,
69,0,116,884,1.0,
70,0,112,888,1.0,
71,0,107,893,1.0,
72,0,102,898,1.0,
73,0,94,906,1.0,
74,0,92,908,1.0,
75,0,90,910,1.0,
76,0,88,912,1.0,
77,0,86,914,1.0,
78,0,83,917,1.0,
79,0,77,923,1.0,
80,0,74,926,1.0,
81,0,70,930,1.0,
82,0,67,933,1.0,
83,0,66,934,1.0,
84,0,64,936,1.0,
85,0,63,937,1.0,
86,0,62,938,1.0,
87,0,59,941,1.0,
88,0,56,944,1.0,
89,0,56,944,1.0,
90,0,55,945,1.0,
91,0,53,947,1.0,
92,0,50,950,1.0,
93,0,49,951,1.0,
94,0,47,953,1.0,
95,0,44,956,1.0,
96,0,43,957,1.0,
97,0,42,958,1.0,
98,0,42,958,1.0,
99,0,42,958,1.0,
100,0,42,958,1.0,
101,0,40,960,1.0,
102,0,39,961,1.0,
103,0,39,961,1.0,
104,0,38,962,1.0,
105,0,37,963,1.0,
106,0,36,964,1.0,
107,0,35,965,1.0,
108,0,33,967,1.0,
109,0,32,968,1.0,
110,0,32,968,1.0,
111,0,31,969,1.0,
112,0,31,969,1.0,
113,0,30,970,1.0,
114,0,28,972,1.0,
115,0,28,972,1.0,
116,0,26,974,1.0,
117,0,26,974,1.0,
118,0,26,974,1.0,
119,0,25,975,1.0,
120,0,25,975,1.0,
121,0,24,976,1.0,
122,0,24,976,1.0,
123,0,23,977,1.0,
124,0,22,978,1.0,
125,0,22,978,1.0,
126,0,21,979,1.0,
127,0,21,979,1.0,
128,0,21,979,1.0,
129,0,21,979,1.0,
130,0,20,980,1.0,
131,0,19,981,1.0,
132,0,18,982,1.0,
133,0,17,983,1.0,
134,0,16,984,1.0,
135,0,16,984,1.0,
136,0,15,985,1.0,
137,0,15,985,1.0,
138,0,15,985,1.0,
139,0,14,986,1.0,
140,0,13,987,1.0,
141,0,13,987,1.0,
142,0,13,987,1.0,
143,0,12,988,1.0,
144,0,12,988,1.0,
145,0,11,989,1.0,
146,0,11,989,1.0,
147,0,11,989,1.0,
148,0,11,989,1.0,
149,0,11,989,1.0,
150,0,10,990,1.0,
151,0,9,991,1.0,
152,0,9,991,1.0,
153,0,8,992,1.0,
154,0,7,993,1.0,
155,0,7,993,1.0,
156,0,7,993,1.0,
157,0,6,994,1.0,
158,0,6,994,1.0,
159,0,6,994,1.0,
160,0,6,994,1.0,
161,0,6,994,1.0,
162,0,6,994,1.0,
163,0,6,994,1.0,
164,0,6,994,1.0,
165,0,5,995,1.0,
166,0,5,995,1.0,
167,0,4,996,1.0,
168,0,4,996,1.0,
169,0,4,996,1.0,
170,0,4,996,1.0,
171,0,4,996,1.0,
172,0,4,996,1.0,
173,0,4,996,1.0,
174,0,3,997,1.0,
175,0,3,997,1.0,
176,0,3,997,1.0,
177,0,3,997,1.0,
178,0,3,997,1.0,
179,0,2,998,1.0,
180,0,2,998,1.0,
181,0,2,998,1.0,
182,0,2,998,1.0,
183,0,2,998,1.0,
184,0,2,998,1.0,
185,0,1,999,1.0,
186,0,1,999,1.0,
187,0,1,999,1.0,
188,0,1,999,1.0,
189,0,1,999,1.0,
190,0,1,999,1.0,
191,0,1,999,1.0,
192,0,1,999,1.0,
193,0,1,999,1.0,
194,0,1,999,1.0,
195,0,1,999,1.0,
196,0,1,999,1.0,
197,0,1,999,1.0,
198,0,1,999,1.0,
199,0,1,999,1.0,
200,0,1,999,1.0,
1,997,3,0,0.9974117647058823,1.0
2,995,5,0,0.9958823529411764,0.9992265855046824
3,990,10,0,0.9920588235294118,0.9972573924994234
4,979,21,0,0.9822352941176471,0.9922099521680158
5,961,38,1,0.966764705882353,0.9839636714541848
6,935,57,8,0.9485882352941176,0.9737375435489447
7,894,95,11,0.9096470588235294,0.950721103231784
8,823,154,23,0.8541764705882353,0.91266183139421
9,750,217,33,0.8047058823529412,0.870600547053599
10,673,285,42,0.7698235294117647,0.829602865585096
11,593,351,56,0.7480588235294118,0.7881086962483944
12,503,424,73,0.7481764705882353,0.7501017862140144
13,421,484,95,0.7676470588235295,0.7238654631283
14,329,553,118,0.8011764705882353,0.6971435272043879
15,248,603,149,0.8396470588235294,0.6759703736465205
16,185,631,184,0.8754705882352941,0.6622528016028322
17,144,642,214,0.9023529411764706,0.6590886838324865
18,96,672,232,0.9343529411764706,0.6574075764482035
19,60,679,261,0.9585294117647059,0.651981594182455
20,43,657,300,0.9689411764705882,0.6350086233485417
21,33,635,332,0.976,0.6335429723830122
22,24,611,365,0.9824117647058823,0.6285999997602647
23,16,595,389,0.9881176470588235,0.622125297788124
24,10,581,409,0.9925882352941177,0.6186062990425066
25,7,558,435,0.9948823529411764,0.6256302379414639
26,5,539,456,0.9965294117647059,0.640776540309584
27,4,515,481,0.9972941176470588,0.6521282749233964
28,3,506,491,0.998,0.6571015186185268
29,3,493,504,0.998,0.6571015186185268
30,3,468,529,0.9980588235294118,0.6669184569689723
31,2,452,546,0.9988235294117647,0.6939942062903622
32,2,435,563,0.9988235294117647,0.6939942062903622
33,2,421,577,0.9989411764705882,0.7234450213416986
34,2,404,594,0.999,0.7395954683053346
35,2,391,607,0.999,0.7395954683053346
36,2,378,620,0.999,0.7395954683053346
37,2,366,632,0.999,0.7395954683053346
38,1,348,651,0.9994705882352941,0.7362703762834096
39,1,329,670,0.9995294117647059,0.7657211913347459
40,1,316,683,0.9995294117647059,0.7657211913347459
41,1,299,700,0.9995882352941177,0.7951720063860823
42,1,291,708,0.9996470588235294,0.8246228214374186
43,1,274,725,0.9996470588235294,0.8246228214374186
44,1,267,732,0.9996470588235294,0.8246228214374186
45,1,256,743,0.9996470588235294,0.8246228214374186
46,1,248,751,0.9996470588235294,0.8246228214374186
47,1,233,766,0.9997058823529412,0.854073636488755
48,1,225,774,0.9997058823529412,0.854073636488755
49,1,219,780,0.9997058823529412,0.854073636488755
50,1,208,791,0.9997058823529412,0.854073636488755
51,1,201,798,0.9997058823529412,0.854073636488755
52,0,198,802,1.0,
53,0,197,803,1.0,
54,0,191,809,1.0,
55,0,187,813,1.0,
56,0,182,818,1.0,
57,0,174,826,1.0,
58,0,167,833,1.0,
59,0,162,838,1.0,
60,0,151,849,1.0,
61,0,144,856,1.0,
62,0,139,861,1.0,
63,0,135,865,1.0,
64,0,126,874,1.0,
65,0,119,881,1.0,
66,0,112,888,1.0,
67,0,106,894,1.0,
68,0,102,898,1.0,
69,0,96,904,1.0,
70,0,93,907,1.0,
71,0,90,910,1.0,
72,0,88,912,1.0,
73,0,87,913,1.0,
74,0,85,915,1.0,
75,0,79,921,1.0,
76,0,76,924,1.0,
77,0,71,929,1.0,
78,0,69,931,1.0,
79,0,64,936,1.0,
80,0,62,938,1.0,
81,0,62,938,1.0,
82,0,60,940,1.0,
83,0,59,941,1.0,
84,0,57,943,1.0,
85,0,53,947,1.0,
86,0,51,949,1.0,
87,0,51,949,1.0,
88,0,49,951,1.0,
89,0,49,951,1.0,
90,0,48,952,1.0,
91,0,48,952,1.0,
92,0,48,952,1.0,
93,0,46,954,1.0,
94,0,45,955,1.0,
95,0,44,956,1.0,
96,0,40,960,1.0,
97,0,40,960,1.0,
98,0,40,960,1.0,
99,0,39,961,1.0,
100,0,39,961,1.0,
101,0,37,963,1.0,
102,0,35,965,1.0,
103,0,34,966,1.0,
104,0,33,967,1.0,
105,0,31,969,1.0,
106,0,30,970,1.0,
107,0,28,972,1.0,
108,0,25,975,1.0,
109,0,24,976,1.0,
110,0,21,979,1.0,
111,0,20,980,1.0,
112,0,18,982,1.0,
113,0,18,982,1.0,
114,0,18,982,1.0,
115,0,18,982,1.0,
116,0,15,985,1.0,
117,0,15,985,1.0,
118,0,14,986,1.0,
119,0,14,986,1.0,
120,0,14,986,1.0,
121,0,14,986,1.0,
122,0,12,988,1.0,
123,0,12,988,1.0,
124,0,12,988,1.0,
125,0,12,988,1.0,
126,0,11,989,1.0,
127,0,11,989,1.0,
128,0,11,989,1.0,
129,0,10,990,1.0,
130,0,8,992,1.0,
131,0,8,992,1.0,
132,0,8,992,1.0,
133,0,8,992,1.0,
134,0,8,992,1.0,
135,0,8,992,1.0,
136,0,8,992,1.0,
137,0,8,992,1.0,
138,0,8,992,1.0,
139,0,8,992,1.0,
140,0,8,992,1.0,
141,0,7,993,1.0,
142,0,7,993,1.0,
143,0,7,993,1.0,
144,0,7,993,1.0,
145,0,7,993,1.0,
146,0,6,994,1.0,
147,0,6,994,1.0,
148,0,6,994,1.0,
149,0,5,995,1.0,
150,0,4,996,1.0,
151,0,4,996,1.0,
152,0,3,997,1.0,
153,0,3,997,1.0,
154,0,3,997,1.0,
155,0,3,997,1.0,
156,0,3,997,1.0,
157,0,3,997,1.0,
158,0,3,997,1.0,
159,0,3,997,1.0,
160,0,3,997,1.0,
161,0,3,997,1.0,
162,0,3,997,1.0,
163,0,2,998,1.0,
164,0,2,998,1.0,
165,0,2,998,1.0,
166,0,2,998,1.0,
167,0,2,998,1.0,
168,0,2,998,1.0,
169,0,2,998,1.0,
170,0,2,998,1.0,
171,0,1,999,1.0,
172,0,1,999,1.0,
173,0,0,1000,1.0,
174,0,0,1000,1.0,
175,0,0,1000,1.0,
176,0,0,1000,1.0,
177,0,0,1000,1.0,
178,0,0,1000,1.0,
179,0,0,1000,1.0,
180,0,0,1000,1.0,
181,0,0,1000,1.0,
182,0,0,1000,1.0,
183,0,0,1000,1.0,
184,0,0,1000,1.0,
185,0,0,1000,1.0,
186,0,0,1000,1.0,
187,0,0,1000,1.0,
188,0,0,1000,1.0,
189,0,0,1000,1.0,
190,0,0,1000,1.0,
191,0,0,1000,1.0,
192,0,0,1000,1.0,
193,0,0,1000,1.0,
194,0,0,1000,1.0,
195,0,0,1000,1.0,
196,0,0,1000,1.0,
197,0,0,1000,1.0,
198,0,0,1000,1.0,
199,0,0,1000,1.0,
200,0,0,1000,1.0,
1,994,6,0,0.9945882352941177,1.0
2,990,10,0,0.99,0.9976543026220976
3,984,16,0,0.9844117647058823,0.994787156242775
4,978,21,1,0.9830588235294118,0.9940522430821523
5,966,29,5,0.9786470588235294,0.9916586204539444
6,950,44,6,0.9688235294117648,0.9862879796389059
7,934,57,9,0.9619411764705882,0.9823065471063681
8,908,81,11,0.945,0.9723104353243829
9,872,110,18,0.9221176470588235,0.9578058077059013
10,830,144,26,0.8896470588235295,0.9359282044075424
11,796,170,34,0.8615882352941177,0.915412867364314
12,726,231,43,0.8075882352941176,0.8696010852144815
13,644,299,57,0.7630588235294118,0.8181120315554579
14,559,364,77,0.7388235294117647,0.768230591889493
15,470,438,92,0.7364117647058823,0.7210166492499688
16,385,511,104,0.7512941176470588,0.6777962026920804
17,313,553,134,0.7898235294117647,0.6648479193499268
18,233,610,157,0.8375882352941176,0.6517749103869968
19,168,651,181,0.8786470588235294,0.636986014090192
20,117,683,200,0.9145882352941177,0.6329515917126104
21,66,707,227,0.951,0.625413242217225
22,37,708,255,0.9727058823529412,0.6253496665515423
23,23,694,283,0.9828823529411764,0.6251253053107904
24,13,679,308,0.9902941176470588,0.6200854521803154
25,6,659,335,0.9955294117647059,0.6075865717676237
26,5,637,358,0.9962941176470588,0.6077499371725051
27,2,611,387,0.9984705882352941,0.5953750077527334
28,1,583,416,0.9992352941176471,0.5953750077527334
29,0,556,444,1.0,
30,0,533,467,1.0,
31,0,511,489,1.0,
32,0,490,510,1.0,
33,0,466,534,1.0,
34,0,450,550,1.0,
35,0,434,566,1.0,
36,0,415,585,1.0,
37,0,398,602,1.0,
38,0,386,614,1.0,
39,0,372,628,1.0,
40,0,348,652,1.0,
41,0,337,663,1.0,
42,0,320,680,1.0,
43,0,308,692,1.0,
44,0,299,701,1.0,
45,0,284,716,1.0,
46,0,274,726,1.0,
47,0,263,737,1.0,
48,0,256,744,1.0,
49,0,243,757,1.0,
50,0,232,768,1.0,
51,0,221,779,1.0,
52,0,211,789,1.0,
53,0,201,799,1.0,
54,0,195,805,1.0,
55,0,190,810,1.0,
56,0,181,819,1.0,
57,0,176,824,1.0,
58,0,169,831,1.0,
59,0,160,840,1.0,
60,0,152,848,1.0,
61,0,151,849,1.0,
62,0,145,855,1.0,
63,0,134,866,1.0,
64,0,129,871,1.0,
65,0,118,882,1.0,
66,0,115,885,1.0,
67,0,108,892,1.0,
68,0,105,895,1.0,
69,0,100,900,1.0,
70,0,97,903,1.0,
71,0,93,907,1.0,
72,0,90,910,1.0,
73,0,87,913,1.0,
74,0,85,915,1.0,
75,0,81,919,1.0,
76,0,79,921,1.0,
77,0,74,926,1.0,
78,0,72,928,1.0,
79,0,68,932,1.0,
80,0,65,935,1.0,
81,0,63,937,1.0,
82,0,61,939,1.0,
83,0,58,942,1.0,
84,0,55,945,1.0,
85,0,50,950,1.0,
86,0,48,952,1.0,
87,0,46,954,1.0,
88,0,44,956,1.0,
89,0,42,958,1.0,
90,0,40,960,1.0,
91,0,38,962,1.0,
92,0,38,962,1.0,
93,0,37,963,1.0,
94,0,37,963,1.0,
95,0,35,965,1.0,
96,0,35,965,1.0,
97,0,33,967,1.0,
98,0,32,968,1.0,
99,0,32,968,1.0,
100,0,31,969,1.0,
101,0,28,972,1.0,
102,0,26,974,1.0,
103,0,24,976,1.0,
104,0,22,978,1.0,
105,0,20,980,1.0,
106,0,20,980,1.0,
107,0,19,981,1.0,
108,0,16,984,1.0,
109,0,16,984,1.0,
110,0,15,985,1.0,
111,0,15,985,1.0,
112,0,15,985,1.0,
113,0,15,985,1.0,
114,0,15,985,1.0,
115,0,15,985,1.0,
116,0,13,987,1.0,
117,0,12,988,1.0,
118,0,10,990,1.0,
119,0,10,990,1.0,
120,0,10,990,1.0,
121,0,9,991,1.0,
122,0,7,993,1.0,
123,0,6,994,1.0,
124,0,5,995,1.0,
125,0,4,996,1.0,
126,0,4,996,1.0,
127,0,4,996,1.0,
128,0,4,996,1.0,
129,0,3,997,1.0,
130,0,3,997,1.0,
131,0,3,997,1.0,
132,0,2,998,1.0,
133,0,2,998,1.0,
134,0,2,998,1.0,
135,0,1,999,1.0,
136,0,1,999,1.0,
137,0,1,999,1.0,
138,0,1,999,1.0,
139,0,1,999,1.0,
140,0,1,999,1.0,
141,0,1,999,1.0,
142,0,0,1000,1.0,
143,0,0,1000,1.0,
144,0,0,1000,1.0,
145,0,0,1000,1.0,
146,0,0,1000,1.0,
147,0,0,1000,1.0,
148,0,0,1000,1.0,
149,0,0,1000,1.0,
150,0,0,1000,1.0,
151,0,0,1000,1.0,
152,0,0,1000,1.0,
153,0,0,1000,1.0,
154,0,0,1000,1.0,
155,0,0,1000,1.0,
156,0,0,1000,1.0,
157,0,0,1000,1.0,
158,0,0,1000,1.0,
159,0,0,1000,1.0,
160,0,0,1000,1.0,
161,0,0,1000,1.0,
162,0,0,1000,1.0,
163,0,0,1000,1.0,
164,0,0,1000,1.0,
165,0,0,1000,1.0,
166,0,0,1000,1.0,
167,0,0,1000,1.0,
168,0,0,1000,1.0,
169,0,0,1000,1.0,
170,0,0,1000,1.0,
171,0,0,1000,1.0,
172,0,0,1000,1.0,
173,0,0,1000,1.0,
174,0,0,1000,1.0,
175,0,0,1000,1.0,
176,0,0,1000,1.0,
177,0,0,1000,1.0,
178,0,0,1000,1.0,
179,0,0,1000,1.0,
180,0,0,1000,1.0,
181,0,0,1000,1.0,
182,0,0,1000,1.0,
183,0,0,1000,1.0,
184,0,0,1000,1.0,
185,0,0,1000,1.0,
186,0,0,1000,1.0,
187,0,0,1000,1.0,
188,0,0,1000,1.0,
189,0,0,1000,1.0,
190,0,0,1000,1.0,
191,0,0,1000,1.0,
192,0,0,1000,1.0,
193,0,0,1000,1.0,
194,0,0,1000,1.0,
195,0,0,1000,1.0,
196,0,0,1000,1.0,
197,0,0,1000,1.0,
198,0,0,1000,1.0,
199,0,0,1000,1.0,
200,0,0,1000,1.0,
1,999,1,0,1.0,1.0
2,999,0,1,1.0,1.0
3,999,0,1,1.0,1.0
4,999,0,1,1.0,1.0
5,999,0,1,1.0,1.0
6,999,0,1,1.0,1.0
7,999,0,1,1.0,1.0
8,999,0,1,1.0,1.0
9,999,0,1,1.0,1.0
10,999,0,1,1.0,1.0
11,999,0,1,1.0,1.0
12,999,0,1,1.0,1.0
13,999,0,1,1.0,1.0
14,999,0,1,1.0,1.0
15,999,0,1,1.0,1.0
16,999,0,1,1.0,1.0
17,999,0,1,1.0,1.0
18,999,0,1,1.0,1.0
19,999,0,1,1.0,1.0
20,999,0,1,1.0,1.0
21,999,0,1,1.0,1.0
22,999,0,1,1.0,1.0
23,999,0,1,1.0,1.0
24,999,0,1,1.0,1.0
25,999,0,1,1.0,1.0
26,999,0,1,1.0,1.0
27,999,0,1,1.0,1.0
28,999,0,1,1.0,1.0
29,999,0,1,1.0,1.0
30,999,0,1,1.0,1.0
31,999,0,1,1.0,1.0
32,999,0,1,1.0,1.0
33,999,0,1,1.0,1.0
34,999,0,1,1.0,1.0
35,999,0,1,1.0,1.0
36,999,0,1,1.0,1.0
37,999,0,1,1.0,1.0
38,999,0,1,1.0,1.0
39,999,0,1,1.0,1.0
40,999,0,1,1.0,1.0
41,999,0,1,1.0,1.0
42,999,0,1,1.0,1.0
43,999,0,1,1.0,1.0
44,999,0,1,1.0,1.0
45,999,0,1,1.0,1.0
46,999,0,1,1.0,1.0
47,999,0,1,1.0,1.0
48,999,0,1,1.0,1.0
49,999,0,1,1.0,1.0
50,999,0,1,1.0,1.0
51,999,0,1,1.0,1.0
52,999,0,1,1.0,1.0
53,999,0,1,1.0,1.0
54,999,0,1,1.0,1.0
55,999,0,1,1.0,1.0
56,999,0,1,1.0,1.0
57,999,0,1,1.0,1.0
58,999,0,1,1.0,1.0
59,999,0,1,1.0,1.0
60,999,0,1,1.0,1.0
61,999,0,1,1.0,1.0
62,999,0,1,1.0,1.0
63,999,0,1,1.0,1.0
64,999,0,1,1.0,1.0
65,999,0,1,1.0,1.0
66,999,0,1,1.0,1.0
67,999,0,1,1.0,1.0
68,999,0,1,1.0,1.0
69,999,0,1,1.0,1.0
70,999,0,1,1.0,1.0
71,999,0,1,1.0,1.0
72,999,0,1,1.0,1.0
73,999,0,1,1.0,1.0
74,999,0,1,1.0,1.0
75,999,0,1,1.0,1.0
76,999,0,1,1.0,1.0
77,999,0,1,1.0,1.0
78,999,0,1,1.0,1.0
79,999,0,1,1.0,1.0
80,999,0,1,1.0,1.0
81,999,0,1,1.0,1.0
82,999,0,1,1.0,1.0
83,999,0,1,1.0,1.0
84,999,0,1,1.0,1.0
85,999,0,1,1.0,1.0
86,999,0,1,1.0,1.0
87,999,0,1,1.0,1.0
88,999,0,1,1.0,1.0
89,999,0,1,1.0,1.0
90,999,0,1,1.0,1.0
91,999,0,1,1.0,1.0
92,999,0,1,1.0,1.0
93,999,0,1,1.0,1.0
94,999,0,1,1.0,1.0
95,999,0,1,1.0,1.0
96,999,0,1,1.0,1.0
97,999,0,1,1.0,1.0
98,999,0,1,1.0,1.0
99,999,0,1,1.0,1.0
100,999,0,1,1.0,1.0
101,999,0,1,1.0,1.0
102,999,0,1,1.0,1.0
103,999,0,1,1.0,1.0
104,999,0,1,1.0,1.0
105,999,0,1,1.0,1.0
106,999,0,1,1.0,1.0
107,999,0,1,1.0,1.0
108,999,0,1,1.0,1.0
109,999,0,1,1.0,1.0
110,999,0,1,1.0,1.0
111,999,0,1,1.0,1.0
112,999,0,1,1.0,1.0
113,999,0,1,1.0,1.0
114,999,0,1,1.0,1.0
115,999,0,1,1.0,1.0
116,999,0,1,1.0,1.0
117,999,0,1,1.0,1.0
118,999,0,1,1.0,1.0
119,999,0,1,1.0,1.0
120,999,0,1,1.0,1.0
121,999,0,1,1.0,1.0
122,999,0,1,1.0,1.0
123,999,0,1,1.0,1.0
124,999,0,1,1.0,1.0
125,999,0,1,1.0,1.0
126,999,0,1,1.0,1.0
127,999,0,1,1.0,1.0
128,999,0,1,1.0,1.0
129,999,0,1,1.0,1.0
130,999,0,1,1.0,1.0
131,999,0,1,1.0,1.0
132,999,0,1,1.0,1.0
133,999,0,1,1.0,1.0
134,999,0,1,1.0,1.0
135,999,0,1,1.0,1.0
136,999,0,1,1.0,1.0
137,999,0,1,1.0,1.0
138,999,0,1,1.0,1.0
139,999,0,1,1.0,1.0
140,999,0,1,1.0,1.0
141,999,0,1,1.0,1.0
142,999,0,1,1.0,1.0
143,999,0,1,1.0,1.0
144,999,0,1,1.0,1.0
145,999,0,1,1.0,1.0
146,999,0,1,1.0,1.0
147,999,0,1,1.0,1.0
148,999,0,1,1.0,1.0
149,999,0,1,1.0,1.0
150,999,0,1,1.0,1.0
151,999,0,1,1.0,1.0
152,999,0,1,1.0,1.0
153,999,0,1,1.0,1.0
154,999,0,1,1.0,1.0
155,999,0,1,1.0,1.0
156,999,0,1,1.0,1.0
157,999,0,1,1.0,1.0
158,999,0,1,1.0,1.0
159,999,0,1,1.0,1.0
160,999,0,1,1.0,1.0
161,999,0,1,1.0,1.0
162,999,0,1,1.0,1.0
163,999,0,1,1.0,1.0
164,999,0,1,1.0,1.0
165,999,0,1,1.0,1.0
166,999,0,1,1.0,1.0
167,999,0,1,1.0,1.0
168,999,0,1,1.0,1.0
169,999,0,1,1.0,1.0
170,999,0,1,1.0,1.0
171,999,0,1,1.0,1.0
172,999,0,1,1.0,1.0
173,999,0,1,1.0,1.0
174,999,0,1,1.0,1.0
175,999,0,1,1.0,1.0
176,999,0,1,1.0,1.0
177,999,0,1,1.0,1.0
178,999,0,1,1.0,1.0
179,999,0,1,1.0,1.0
180,999,0,1,1.0,1.0
181,999,0,1,1.0,1.0
182,999,0,1,1.0,1.0
183,999,0,1,1.0,1.0
184,999,0,1,1.0,1.0
185,999,0,1,1.0,1.0
186,999,0,1,1.0,1.0
187,999,0,1,1.0,1.0
188,999,0,1,1.0,1.0
189,999,0,1,1.0,1.0
190,999,0,1,1.0,1.0
191,999,0,1,1.0,1.0
192,999,0,1,1.0,1.0
193,999,0,1,1.0,1.0
194,999,0,1,1.0,1.0
195,999,0,1,1.0,1.0
196,999,0,1,1.0,1.0
197,999,0,1,1.0,1.0
198,999,0,1,1.0,1.0
199,999,0,1,1.0,1.0
200,999,0,1,1.0,1.0
1,993,6,1,0.9951176470588236,1.0
2,988,10,2,0.992,0.998392491933903
3,982,16,2,0.9866470588235294,0.995609885136875
4,972,25,3,0.9792352941176471,0.9917370850907447
5,957,39,4,0.965,0.9840906007158127
6,933,60,7,0.946764705882353,0.9737841267793017
7,905,85,10,0.924,0.9602786113337716
8,852,131,17,0.8909411764705882,0.938160787878283
9,800,175,25,0.8582352941176471,0.913522541212608
10,742,219,39,0.8342352941176471,0.8902795539510057
11,688,260,52,0.8294705882352941,0.8781679660339623
12,634,300,66,0.8217058823529412,0.8615568954707112
13,561,357,82,0.7963529411764706,0.8204755410757907
14,465,437,98,0.7818235294117647,0.7672909563851342
15,375,502,123,0.7850588235294118,0.7138719148612206
16,295,554,151,0.8078823529411765,0.674642546670123
17,234,590,176,0.8381176470588235,0.6535586507826151
18,171,634,195,0.8765882352941177,0.6376592601632692
19,117,667,216,0.9171764705882353,0.6438203193093291
20,77,675,248,0.9446470588235294,0.6376519573557428
21,48,671,281,0.9647058823529412,0.6297476450229383
22,22,664,314,0.984,0.634571834400471
23,11,653,336,0.9918823529411764,0.6273753009249196
24,8,628,364,0.9941176470588236,0.6283388315726065
25,5,601,394,0.9963529411764706,0.6305252892060877
26,3,584,413,0.9977647058823529,0.6215484893134552
27,3,559,438,0.9978823529411764,0.6418001890131748
28,3,533,464,0.9978823529411764,0.6418001890131748
29,2,515,483,0.9985882352941177,0.6437360132491774
30,1,502,497,0.9992352941176471,0.6191659364076058
31,0,485,515,1.0,
32,0,466,534,1.0,
33,0,446,554,1.0,
34,0,424,576,1.0,
35,0,408,592,1.0,
36,0,395,605,1.0,
37,0,379,621,1.0,
38,0,366,634,1.0,
39,0,351,649,1.0,
40,0,344,656,1.0,
41,0,321,679,1.0,
42,0,308,692,1.0,
43,0,291,709,1.0,
44,0,280,720,1.0,
45,0,266,734,1.0,
46,0,256,744,1.0,
47,0,249,751,1.0,
48,0,243,757,1.0,
49,0,231,769,1.0,
50,0,225,775,1.0,
51,0,219,781,1.0,
52,0,211,789,1.0,
53,0,204,796,1.0,
54,0,196,804,1.0,
55,0,190,810,1.0,
56,0,182,818,1.0,
57,0,177,823,1.0,
58,0,171,829,1.0,
59,0,161,839,1.0,
60,0,153,847,1.0,
61,0,150,850,1.0,
62,0,148,852,1.0,
63,0,141,859,1.0,
64,0,135,865,1.0,
65,0,130,870,1.0,
66,0,123,877,1.0,
67,0,118,882,1.0,
68,0,113,887,1.0,
69,0,105,895,1.0,
70,0,101,899,1.0,
71,0,98,902,1.0,
72,0,91,909,1.0,
73,0,89,911,1.0,
74,0,83,917,1.0,
75,0,80,920,1.0,
76,0,79,921,1.0,
77,0,77,923,1.0,
78,0,75,925,1.0,
79,0,71,929,1.0,
80,0,68,932,1.0,
81,0,65,935,1.0,
82,0,63,937,1.0,
83,0,61,939,1.0,
84,0,61,939,1.0,
85,0,60,940,1.0,
86,0,57,943,1.0,
87,0,56,944,1.0,
88,0,54,946,1.0,
89,0,53,947,1.0,
90,0,50,950,1.0,
91,0,47,953,1.0,
92,0,47,953,1.0,
93,0,47,953,1.0,
94,0,45,955,1.0,
95,0,44,956,1.0,
96,0,43,957,1.0,
97,0,41,959,1.0,
98,0,39,961,1.0,
99,0,37,963,1.0,
100,0,36,964,1.0,
101,0,36,964,1.0,
102,0,35,965,1.0,
103,0,33,967,1.0,
104,0,31,969,1.0,
105,0,31,969,1.0,
106,0,31,969,1.0,
107,0,31,969,1.0,
108,0,31,969,1.0,
109,0,27,973,1.0,
110,0,26,974,1.0,
111,0,26,974,1.0,
112,0,26,974,1.0,
113,0,26,974,1.0,
114,0,26,974,1.0,
115,0,25,975,1.0,
116,0,23,977,1.0,
117,0,20,980,1.0,
118,0,18,982,1.0,
119,0,17,983,1.0,
120,0,16,984,1.0,
121,0,16,984,1.0,
122,0,15,985,1.0,
123,0,15,985,1.0,
124,0,13,987,1.0,
125,0,13,987,1.0,
126,0,13,987,1.0,
127,0,13,987,1.0,
128,0,13,987,1.0,
129,0,13,987,1.0,
130,0,12,988,1.0,
131,0,12,988,1.0,
132,0,11,989,1.0,
133,0,11,989,1.0,
134,0,10,990,1.0,
135,0,10,990,1.0,
136,0,9,991,1.0,
137,0,7,993,1.0,
138,0,7,993,1.0,
139,0,6,994,1.0,
140,0,6,994,1.0,
141,0,6,994,1.0,
142,0,6,994,1.0,
143,0,5,995,1.0,
144,0,5,995,1.0,
145,0,5,995,1.0,
146,0,5,995,1.0,
147,0,5,995,1.0,
148,0,5,995,1.0,
149,0,5,995,1.0,
150,0,5,995,1.0,
151,0,5,995,1.0,
152,0,5,995,1.0,
153,0,5,995,1.0,
154,0,5,995,1.0,
155,0,5,995,1.0,
156,0,5,995,1.0,
157,0,5,995,1.0,
158,0,5,995,1.0,
159,0,5,995,1.0,
160,0,5,995,1.0,
161,0,5,995,1.0,
162,0,5,995,1.0,
163,0,5,995,1.0,
164,0,5,995,1.0,
165,0,5,995,1.0,
166,0,5,995,1.0,
167,0,5,995,1.0,
168,0,4,996,1.0,
169,0,4,996,1.0,
170,0,3,997,1.0,
171,0,3,997,1.0,
172,0,3,997,1.0,
173,0,2,998,1.0,
174,0,2,998,1.0,
175,0,2,998,1.0,
176,0,2,998,1.0,
177,0,2,998,1.0,
178,0,2,998,1.0,
179,0,2,998,1.0,
180,0,2,998,1.0,
181,0,2,998,1.0,
182,0,2,998,1.0,
183,0,2,998,1.0,
184,0,2,998,1.0,
185,0,2,998,1.0,
186,0,2,998,1.0,
187,0,2,998,1.0,
188,0,2,998,1.0,
189,0,2,998,1.0,
190,0,1,999,1.0,
191,0,1,999,1.0,
192,0,1,999,1.0,
193,0,1,999,1.0,
194,0,0,1000,1.0,
195,0,0,1000,1.0,
196,0,0,1000,1.0,
197,0,0,1000,1.0,
198,0,0,1000,1.0,
199,0,0,1000,1.0,
200,0,0,1000,1.0,
1,999,1,0,1.0,1.0
2,998,2,0,0.9987647058823529,0.9993749933432667
3,995,5,0,0.9956470588235294,0.9978045483729383
4,991,8,1,0.9925294117647059,0.9962192309369561
5,983,16,1,0.9885294117647059,0.9941575234546857
6,974,24,2,0.9790588235294118,0.9892103394798218
7,960,36,4,0.9690588235294118,0.9838413798833694
8,935,60,5,0.9455882352941176,0.9708060628415449
9,905,85,10,0.9247647058823529,0.9582694632201317
10,866,118,16,0.891235294117647,0.9370224736237901
11,804,174,22,0.8448823529411764,0.9033409327487432
12,734,238,28,0.7957058823529412,0.8605014020868565
13,660,304,36,0.7581764705882353,0.8164156087594975
14,577,373,50,0.7368235294117647,0.7713130443664726
15,486,445,69,0.7398823529411764,0.7316001425487832
16,384,528,88,0.7701764705882352,0.7003109647561055
17,293,592,115,0.8097058823529412,0.6747868415394872
18,213,649,138,0.8512352941176471,0.6497847086864023
19,147,687,166,0.8977058823529411,0.6496527700353415
20,96,712,192,0.9321176470588235,0.6436642438347254
21,69,700,231,0.9517058823529412,0.6460041909592276
22,40,704,256,0.9714117647058823,0.6383367052733752
23,24,690,286,0.9821764705882353,0.6233383966587832
24,15,675,310,0.9887058823529412,0.616067702939145
25,11,651,338,0.9915882352941177,0.6113655055499976
26,7,631,362,0.9946470588235294,0.6122853686929316
27,5,611,384,0.9961764705882353,0.6149201044053985
28,2,588,410,0.9985294117647059,0.6373949579831932
29,2,569,429,0.9985882352941177,0.6516806722689076
30,1,549,450,0.9993529411764706,0.6857142857142857
31,1,523,476,0.9993529411764706,0.6857142857142857
32,1,502,497,0.9994117647058823,0.7142857142857143
33,1,488,511,0.9994705882352941,0.7428571428571429
34,1,467,532,0.9994705882352941,0.7428571428571429
35,1,445,554,0.9995294117647059,0.7714285714285715
36,1,432,567,0.9995294117647059,0.7714285714285715
37,1,417,582,0.9995882352941177,0.8
38,1,405,594,0.9995882352941177,0.8
39,1,395,604,0.9995882352941177,0.8
40,1,383,616,0.9995882352941177,0.8
41,1,361,638,0.9995882352941177,0.8
42,1,348,651,0.9995882352941177,0.8
43,1,332,667,0.9995882352941177,0.8
44,1,317,682,0.9995882352941177,0.8
45,1,305,694,0.9995882352941177,0.8
46,1,284,715,0.9996470588235294,0.8285714285714286
47,1,271,728,0.9996470588235294,0.8285714285714286
48,1,264,735,0.9996470588235294,0.8285714285714286
49,1,253,746,0.9996470588235294,0.8285714285714286
50,1,242,757,0.9996470588235294,0.8285714285714286
51,1,235,764,0.9996470588235294,0.8285714285714286
52,1,229,770,0.9997058823529412,0.8571428571428571
53,1,216,783,0.9997647058823529,0.8857142857142857
54,1,206,793,0.9997647058823529,0.8857142857142857
55,1,202,797,0.9997647058823529,0.8857142857142857
56,1,192,807,0.9997647058823529,0.8857142857142857
57,1,183,816,0.9997647058823529,0.8857142857142857
58,1,179,820,0.9997647058823529,0.8857142857142857
59,1,166,833,0.9997647058823529,0.8857142857142857
60,1,158,841,0.9997647058823529,0.8857142857142857
61,1,149,850,0.9997647058823529,0.8857142857142857
62,1,146,853,0.9997647058823529,0.8857142857142857
63,0,143,857,1.0,
64,0,137,863,1.0,
65,0,131,869,1.0,
66,0,123,877,1.0,
67,0,120,880,1.0,
68,0,116,884,1.0,
69,0,110,890,1.0,
70,0,104,896,1.0,
71,0,100,900,1.0,
72,0,97,903,1.0,
73,0,91,909,1.0,
74,0,88,912,1.0,
75,0,87,913,1.0,
76,0,82,918,1.0,
77,0,80,920,1.0,
78,0,76,924,1.0,
79,0,71,929,1.0,
80,0,71,929,1.0,
81,0,66,934,1.0,
82,0,61,939,1.0,
83,0,59,941,1.0,
84,0,57,943,1.0,
85,0,55,945,1.0,
86,0,55,945,1.0,
87,0,52,948,1.0,
88,0,48,952,1.0,
89,0,48,952,1.0,
90,0,47,953,1.0,
91,0,45,955,1.0,
92,0,43,957,1.0,
93,0,43,957,1.0,
94,0,41,959,1.0,
95,0,40,960,1.0,
96,0,39,961,1.0,
97,0,38,962,1.0,
98,0,37,963,1.0,
99,0,35,965,1.0,
100,0,34,966,1.0,
101,0,33,967,1.0,
102,0,30,970,1.0,
103,0,30,970,1.0,
104,0,28,972,1.0,
105,0,28,972,1.0,
106,0,27,973,1.0,
107,0,27,973,1.0,
108,0,27,973,1.0,
109,0,26,974,1.0,
110,0,26,974,1.0,
111,0,24,976,1.0,
112,0,24,976,1.0,
113,0,24,976,1.0,
114,0,20,980,1.0,
115,0,20,980,1.0,
116,0,20,980,1.0,
117,0,18,982,1.0,
118,0,18,982,1.0,
119,0,18,982,1.0,
120,0,18,982,1.0,
121,0,18,982,1.0,
122,0,17,983,1.0,
123,0,16,984,1.0,
124,0,14,986,1.0,
125,0,13,987,1.0,
126,0,13,987,1.0,
127,0,13,987,1.0,
128,0,13,987,1.0,
129,0,13,987,1.0,
130,0,13,987,1.0,
131,0,13,987,1.0,
132,0,13,987,1.0,
133,0,12,988,1.0,
134,0,12,988,1.0,
135,0,12,988,1.0,
136,0,12,988,1.0,
137,0,11,989,1.0,
138,0,11,989,1.0,
139,0,10,990,1.0,
140,0,9,991,1.0,
141,0,9,991,1.0,
142,0,8,992,1.0,
143,0,7,993,1.0,
144,0,7,993,1.0,
145,0,7,993,1.0,
146,0,7,993,1.0,
147,0,7,993,1.0,
148,0,7,993,1.0,
149,0,7,993,1.0,
150,0,7,993,1.0,
151,0,4,996,1.0,
152,0,4,996,1.0,
153,0,4,996,1.0,
154,0,4,996,1.0,
155,0,4,996,1.0,
156,0,3,997,1.0,
157,0,3,997,1.0,
158,0,3,997,1.0,
159,0,3,997,1.0,
160,0,3,997,1.0,
161,0,3,997,1.0,
162,0,2,998,1.0,
163,0,2,998,1.0,
164,0,2,998,1.0,
165,0,2,998,1.0,
166,0,2,998,1.0,
167,0,2,998,1.0,
168,0,2,998,1.0,
169,0,2,998,1.0,
170,0,2,998,1.0,
171,0,2,998,1.0,
172,0,2,998,1.0,
173,0,2,998,1.0,
174,0,2,998,1.0,
175,0,2,998,1.0,
176,0,2,998,1.0,
177,0,2,998,1.0,
178,0,2,998,1.0,
179,0,2,998,1.0,
180,0,1,999,1.0,
181,0,1,999,1.0,
182,0,1,999,1.0,
183,0,1,999,1.0,
184,0,1,999,1.0,
185,0,1,999,1.0,
186,0,1,999,1.0,
187,0,1,999,1.0,
188,0,1,999,1.0,
189,0,1,999,1.0,
190,0,1,999,1.0,
191,0,1,999,1.0,
192,0,1,999,1.0,
193,0,1,999,1.0,
194,0,1,999,1.0,
195,0,1,999,1.0,
196,0,1,999,1.0,
197,0,1,999,1.0,
198,0,1,999,1.0,
199,0,1,999,1.0,
200,0,1,999,1.0,
1,997,3,0,0.9974705882352941,1.0
2,992,8,0,0.9931764705882353,0.9978287065784005
3,986,14,0,0.9875882352941177,0.994970601372158
4,974,26,0,0.9776470588235294,0.9898111141208097
5,953,47,0,0.9548823529411765,0.9775946485687319
6,933,66,1,0.9392352941176471,0.968660736668612
7,895,101,4,0.9134705882352941,0.9528988235673727
8,855,131,14,0.8889411764705882,0.9362821042806777
9,796,181,23,0.8524117647058823,0.9084519017339058
10,721,248,31,0.8011176470588235,0.8631266750170249
11,639,323,38,0.7601176470588236,0.8130439433262496
12,564,374,62,0.75,0.7790271948587038
13,475,451,74,0.7483529411764706,0.7356084770690606
14,398,505,97,0.7622941176470588,0.7010870191860221
15,320,568,112,0.8004705882352942,0.6878627875680251
16,240,624,136,0.8374117647058823,0.6597550360974396
17,167,661,172,0.8815882352941177,0.6418995418532548
18,105,692,203,0.9241176470588235,0.6331720295385069
19,62,705,233,0.9546470588235294,0.6278309853153907
20,34,707,259,0.9758235294117648,0.6370203544120044
21,23,688,289,0.9827058823529412,0.6154175508229359
22,12,669,319,0.9908823529411764,0.6155436088971575
23,6,647,347,0.9954705882352941,0.6211139417196799
24,5,626,369,0.9962352941176471,0.6173983590648504
25,5,598,397,0.9962941176470588,0.6234665821952267
26,4,572,424,0.9970588235294118,0.6276276494846275
27,4,546,450,0.9972352941176471,0.6503834862235384
28,3,533,464,0.998,0.6649038772855101
29,0,521,479,1.0,
30,0,498,502,1.0,
31,0,476,524,1.0,
32,0,456,544,1.0,
33,0,431,569,1.0,
34,0,410,590,1.0,
35,0,388,612,1.0,
36,0,371,629,1.0,
37,0,355,645,1.0,
38,0,340,660,1.0,
39,0,324,676,1.0,
40,0,316,684,1.0,
41,0,304,696,1.0,
42,0,288,712,1.0,
43,0,282,718,1.0,
44,0,271,729,1.0,
45,0,260,740,1.0,
46,0,243,757,1.0,
47,0,237,763,1.0,
48,0,221,779,1.0,
49,0,210,790,1.0,
50,0,204,796,1.0,
51,0,192,808,1.0,
52,0,186,814,1.0,
53,0,180,820,1.0,
54,0,172,828,1.0,
55,0,167,833,1.0,
56,0,159,841,1.0,
57,0,151,849,1.0,
58,0,145,855,1.0,
59,0,141,859,1.0,
60,0,134,866,1.0,
61,0,130,870,1.0,
62,0,122,878,1.0,
63,0,120,880,1.0,
64,0,116,884,1.0,
65,0,116,884,1.0,
66,0,113,887,1.0,
67,0,106,894,1.0,
68,0,102,898,1.0,
69,0,101,899,1.0,
70,0,97,903,1.0,
71,0,92,908,1.0,
72,0,89,911,1.0,
73,0,85,915,1.0,
74,0,84,916,1.0,
75,0,83,917,1.0,
76,0,78,922,1.0,
77,0,75,925,1.0,
78,0,72,928,1.0,
79,0,68,932,1.0,
80,0,63,937,1.0,
81,0,62,938,1.0,
82,0,58,942,1.0,
83,0,58,942,1.0,
84,0,53,947,1.0,
85,0,52,948,1.0,
86,0,51,949,1.0,
87,0,51,949,1.0,
88,0,46,954,1.0,
89,0,43,957,1.0,
90,0,40,960,1.0,
91,0,40,960,1.0,
92,0,37,963,1.0,
93,0,37,963,1.0,
94,0,36,964,1.0,
95,0,35,965,1.0,
96,0,34,966,1.0,
97,0,31,969,1.0,
98,0,30,970,1.0,
99,0,30,970,1.0,
100,0,29,971,1.0,
101,0,28,972,1.0,
102,0,26,974,1.0,
103,0,26,974,1.0,
104,0,25,975,1.0,
105,0,25,975,1.0,
106,0,25,975,1.0,
107,0,24,976,1.0,
108,0,22,978,1.0,
109,0,20,980,1.0,
110,0,19,981,1.0,
111,0,19,981,1.0,
112,0,16,984,1.0,
113,0,15,985,1.0,
114,0,15,985,1.0,
115,0,12,988,1.0,
116,0,10,990,1.0,
117,0,9,991,1.0,
118,0,9,991,1.0,
119,0,9,991,1.0,
120,0,8,992,1.0,
121,0,8,992,1.0,
122,0,8,992,1.0,
123,0,7,993,1.0,
124,0,6,994,1.0,
125,0,6,994,1.0,
126,0,6,994,1.0,
127,0,5,995,1.0,
128,0,5,995,1.0,
129,0,5,995,1.0,
130,0,5,995,1.0,
131,0,5,995,1.0,
132,0,4,996,1.0,
133,0,4,996,1.0,
134,0,3,997,1.0,
135,0,2,998,1.0,
136,0,2,998,1.0,
137,0,2,998,1.0,
138,0,1,999,1.0,
139,0,1,999,1.0,
140,0,1,999,1.0,
141,0,1,999,1.0,
142,0,1,999,1.0,
143,0,1,999,1.0,
144,0,1,999,1.0,
145,0,1,999,1.0,
146,0,1,999,1.0,
147,0,1,999,1.0,
148,0,1,999,1.0,
149,0,1,999,1.0,
150,0,1,999,1.0,
151,0,1,999,1.0,
152,0,1,999,1.0,
153,0,1,999,1.0,
154,0,1,999,1.0,
155,0,1,999,1.0,
156,0,1,999,1.0,
157,0,1,999,1.0,
158,0,1,999,1.0,
159,0,1,999,1.0,
160,0,1,999,1.0,
161,0,1,999,1.0,
162,0,1,999,1.0,
163,0,0,1000,1.0,
164,0,0,1000,1.0,
165,0,0,1000,1.0,
166,0,0,1000,1.0,
167,0,0,1000,1.0,
168,0,0,1000,1.0,
169,0,0,1000,1.0,
170,0,0,1000,1.0,
171,0,0,1000,1.0,
172,0,0,1000,1.0,
173,0,0,1000,1.0,
174,0,0,1000,1.0,
175,0,0,1000,1.0,
176,0,0,1000,1.0,
177,0,0,1000,1.0,
178,0,0,1000,1.0,
179,0,0,1000,1.0,
180,0,0,1000,1.0,
181,0,0,1000,1.0,
182,0,0,1000,1.0,
183,0,0,1000,1.0,
184,0,0,1000,1.0,
185,0,0,1000,1.0,
186,0,0,1000,1.0,
187,0,0,1000,1.0,
188,0,0,1000,1.0,
189,0,0,1000,1.0,
190,0,0,1000,1.0,
191,0,0,1000,1.0,
192,0,0,1000,1.0,
193,0,0,1000,1.0,
194,0,0,1000,1.0,
195,0,0,1000,1.0,
196,0,0,1000,1.0,
197,0,0,1000,1.0,
198,0,0,1000,1.0,
199,0,0,1000,1.0,
200,0,0,1000,1.0,
1,997,2,1,0.9984705882352941,1.0
2,995,4,1,0.9967058823529412,0.9991144228971183
3,993,6,1,0.9947058823529412,0.9981051648970714
4,991,6,3,0.9952352941176471,0.9983667604810507
5,986,11,3,0.9899411764705882,0.9956841146030081
6,983,13,4,0.9891764705882353,0.9952743553972342
7,975,21,4,0.9822941176470589,0.9916699929813568
8,964,30,6,0.9772352941176471,0.9889024048090186
9,952,40,8,0.9712352941176471,0.9856136626595882
10,930,59,11,0.9592941176470589,0.9787925254208911
11,893,94,13,0.9285294117647059,0.9605435916633484
12,844,139,17,0.8911176470588236,0.9359835987384086
13,792,189,19,0.8485882352941176,0.9047469078578776
14,741,238,21,0.8123529411764706,0.873644513753788
15,665,302,33,0.7700588235294118,0.8272616146443948
16,558,390,52,0.7438823529411764,0.7703732659591117
17,462,464,74,0.7455882352941177,0.7240626450660367
18,382,531,87,0.764,0.6900665083907414
19,288,603,109,0.8077647058823529,0.664829563637399
20,211,654,135,0.8521176470588235,0.6481643005039056
21,133,703,164,0.9032941176470588,0.6332858438799939
22,85,723,192,0.937235294117647,0.6272625011294787
23,42,736,222,0.9685294117647059,0.6205141058401399
24,26,718,256,0.9802941176470589,0.616673214008992
25,18,701,281,0.9864117647058823,0.6206562928009238
26,12,666,322,0.9908823529411764,0.6137040377930004
27,7,647,346,0.9947058823529412,0.6156250153592973
28,5,628,367,0.9962352941176471,0.6169473669404983
29,3,597,400,0.9977647058823529,0.6204952841368955
30,1,577,422,0.9992352941176471,0.6065215043791409
31,1,550,449,0.9992352941176471,0.6065215043791409
32,1,530,469,0.9992352941176471,0.6065215043791409
33,0,517,483,1.0,
34,0,493,507,1.0,
35,0,479,521,1.0,
36,0,462,538,1.0,
37,0,438,562,1.0,
38,0,422,578,1.0,
39,0,407,593,1.0,
40,0,390,610,1.0,
41,0,374,626,1.0,
42,0,363,637,1.0,
43,0,350,650,1.0,
44,0,336,664,1.0,
45,0,323,677,1.0,
46,0,311,689,1.0,
47,0,298,702,1.0,
48,0,285,715,1.0,
49,0,280,720,1.0,
50,0,271,729,1.0,
51,0,258,742,1.0,
52,0,247,753,1.0,
53,0,237,763,1.0,
54,0,226,774,1.0,
55,0,215,785,1.0,
56,0,210,790,1.0,
57,0,201,799,1.0,
58,0,191,809,1.0,
59,0,179,821,1.0,
60,0,171,829,1.0,
61,0,165,835,1.0,
62,0,159,841,1.0,
63,0,149,851,1.0,
64,0,136,864,1.0,
65,0,129,871,1.0,
66,0,122,878,1.0,
67,0,118,882,1.0,
68,0,112,888,1.0,
69,0,111,889,1.0,
70,0,101,899,1.0,
71,0,96,904,1.0,
72,0,91,909,1.0,
73,0,88,912,1.0,
74,0,85,915,1.0,
75,0,83,917,1.0,
76,0,83,917,1.0,
77,0,81,919,1.0,
78,0,75,925,1.0,
79,0,71,929,1.0,
80,0,68,932,1.0,
81,0,65,935,1.0,
82,0,62,938,1.0,
83,0,60,940,1.0,
84,0,58,942,1.0,
85,0,57,943,1.0,
86,0,52,948,1.0,
87,0,51,949,1.0,
88,0,47,953,1.0,
89,0,46,954,1.0,
90,0,43,957,1.0,
91,0,42,958,1.0,
92,0,40,960,1.0,
93,0,36,964,1.0,
94,0,34,966,1.0,
95,0,34,966,1.0,
96,0,34,966,1.0,
97,0,33,967,1.0,
98,0,32,968,1.0,
99,0,28,972,1.0,
100,0,27,973,1.0,
101,0,27,973,1.0,
102,0,26,974,1.0,
103,0,26,974,1.0,
104,0,25,975,1.0,
105,0,25,975,1.0,
106,0,24,976,1.0,
107,0,24,976,1.0,
108,0,22,978,1.0,
109,0,22,978,1.0,
110,0,20,980,1.0,
111,0,19,981,1.0,
112,0,18,982,1.0,
113,0,18,982,1.0,
114,0,16,984,1.0,
115,0,15,985,1.0,
116,0,12,988,1.0,
117,0,12,988,1.0,
118,0,12,988,1.0,
119,0,12,988,1.0,
120,0,12,988,1.0,
121,0,12,988,1.0,
122,0,12,988,1.0,
123,0,12,988,1.0,
124,0,12,988,1.0,
125,0,11,989,1.0,
126,0,11,989,1.0,
127,0,11,989,1.0,
128,0,11,989,1.0,
129,0,11,989,1.0,
130,0,11,989,1.0,
131,0,11,989,1.0,
132,0,10,990,1.0,
133,0,9,991,1.0,
134,0,9,991,1.0,
135,0,9,991,1.0,
136,0,8,992,1.0,
137,0,8,992,1.0,
138,0,8,992,1.0,
139,0,8,992,1.0,
140,0,8,992,1.0,
141,0,7,993,1.0,
142,0,6,994,1.0,
143,0,6,994,1.0,
144,0,6,994,1.0,
145,0,4,996,1.0,
146,0,3,997,1.0,
147,0,3,997,1.0,
148,0,3,997,1.0,
149,0,3,997,1.0,
150,0,3,997,1.0,
151,0,3,997,1.0,
152,0,3,997,1.0,
153,0,3,997,1.0,
154,0,3,997,1.0,
155,0,3,997,1.0,
156,0,2,998,1.0,
157,0,2,998,1.0,
158,0,1,999,1.0,
159,0,1,999,1.0,
160,0,1,999,1.0,
161,0,1,999,1.0,
162,0,1,999,1.0,
163,0,1,999,1.0,
164,0,1,999,1.0,
165,0,1,999,1.0,
166,0,1,999,1.0,
167,0,1,999,1.0,
168,0,1,999,1.0,
169,0,1,999,1.0,
170,0,0,1000,1.0,
171,0,0,1000,1.0,
172,0,0,1000,1.0,
173,0,0,1000,1.0,
174,0,0,1000,1.0,
175,0,0,1000,1.0,
176,0,0,1000,1.0,
177,0,0,1000,1.0,
178,0,0,1000,1.0,
179,0,0,1000,1.0,
180,0,0,1000,1.0,
181,0,0,1000,1.0,
182,0,0,1000,1.0,
183,0,0,1000,1.0,
184,0,0,1000,1.0,
185,0,0,1000,1.0,
186,0,0,1000,1.0,
187,0,0,1000,1.0,
188,0,0,1000,1.0,
189,0,0,1000,1.0,
190,0,0,1000,1.0,
191,0,0,1000,1.0,
192,0,0,1000,1.0,
193,0,0,1000,1.0,
194,0,0,1000,1.0,
195,0,0,1000,1.0,
196,0,0,1000,1.0,
197,0,0,1000,1.0,
198,0,0,1000,1.0,
199,0,0,1000,1.0,
200,0,0,1000,1.0,
1,996,4,0,0.9969411764705882,1.0
2,993,7,0,0.9953529411764706,0.9991970928510915
3,986,14,0,0.9874117647058823,0.9951687023795285
4,977,22,1,0.9803529411764705,0.9914619867739344
5,968,29,3,0.9755294117647059,0.9888462419078948
6,952,44,4,0.9595294117647059,0.9802235930831983
7,916,74,10,0.933235294117647,0.9649864173664854
8,877,107,16,0.9028823529411765,0.946122847954776
9,831,146,23,0.8742352941176471,0.9257279777501386
10,771,198,31,0.8405294117647059,0.8979415344478584
11,700,257,43,0.8014117647058824,0.8592221111794968
12,609,334,57,0.7741176470588236,0.8156276661991406
13,528,394,78,0.7654117647058823,0.7786040362744079
14,450,452,98,0.7715294117647059,0.7465574147116807
15,370,510,120,0.7881176470588235,0.7136532204986115
16,305,542,153,0.8089411764705883,0.6867534152148153
17,244,583,173,0.8375294117647059,0.6666028791994836
18,175,628,197,0.8766470588235294,0.6460592476054405
19,134,645,221,0.9015882352941177,0.6308687901218494
20,93,655,252,0.9316470588235294,0.62966919292557
21,60,659,281,0.9549411764705882,0.6193304961761342
22,37,654,309,0.9722352941176471,0.6238784342738924
23,25,634,341,0.9814705882352941,0.628053487424472
24,14,616,370,0.9896470588235294,0.6252844354155017
25,10,590,400,0.9925882352941177,0.6220434911493691
26,5,572,423,0.9962941176470588,0.623421087121871
27,3,551,446,0.9978235294117647,0.6310978072668426
28,1,535,464,0.9993529411764706,0.6676961242370555
29,1,521,478,0.9993529411764706,0.6676961242370555
30,1,504,495,0.9993529411764706,0.6676961242370555
31,1,491,508,0.9994705882352941,0.7283957718949697
32,1,473,526,0.9994705882352941,0.7283957718949697
33,1,452,547,0.9994705882352941,0.7283957718949697
34,1,428,571,0.9995294117647059,0.7587455957239267
35,1,410,589,0.9995882352941177,0.7890954195528838
36,1,388,611,0.9996470588235294,0.8194452433818409
37,1,367,632,0.9996470588235294,0.8194452433818409
38,1,350,649,0.9996470588235294,0.8194452433818409
39,1,338,661,0.9996470588235294,0.8194452433818409
40,0,320,680,1.0,
41,0,307,693,1.0,
42,0,297,703,1.0,
43,0,279,721,1.0,
44,0,268,732,1.0,
45,0,251,749,1.0,
46,0,240,760,1.0,
47,0,233,767,1.0,
48,0,224,776,1.0,
49,0,217,783,1.0,
50,0,212,788,1.0,
51,0,207,793,1.0,
52,0,205,795,1.0,
53,0,194,806,1.0,
54,0,184,816,1.0,
55,0,177,823,1.0,
56,0,172,828,1.0,
57,0,168,832,1.0,
58,0,161,839,1.0,
59,0,157,843,1.0,
60,0,152,848,1.0,
61,0,149,851,1.0,
62,0,144,856,1.0,
63,0,137,863,1.0,
64,0,131,869,1.0,
65,0,127,873,1.0,
66,0,124,876,1.0,
67,0,119,881,1.0,
68,0,114,886,1.0,
69,0,108,892,1.0,
70,0,103,897,1.0,
71,0,98,902,1.0,
72,0,98,902,1.0,
73,0,91,909,1.0,
74,0,89,911,1.0,
75,0,85,915,1.0,
76,0,82,918,1.0,
77,0,78,922,1.0,
78,0,74,926,1.0,
79,0,69,931,1.0,
80,0,67,933,1.0,
81,0,64,936,1.0,
82,0,63,937,1.0,
83,0,62,938,1.0,
84,0,60,940,1.0,
85,0,59,941,1.0,
86,0,57,943,1.0,
87,0,55,945,1.0,
88,0,51,949,1.0,
89,0,47,953,1.0,
90,0,42,958,1.0,
91,0,41,959,1.0,
92,0,39,961,1.0,
93,0,39,961,1.0,
94,0,35,965,1.0,
95,0,34,966,1.0,
96,0,34,966,1.0,
97,0,32,968,1.0,
98,0,30,970,1.0,
99,0,29,971,1.0,
100,0,29,971,1.0,
101,0,27,973,1.0,
102,0,27,973,1.0,
103,0,26,974,1.0,
104,0,25,975,1.0,
105,0,24,976,1.0,
106,0,24,976,1.0,
107,0,24,976,1.0,
108,0,24,976,1.0,
109,0,24,976,1.0,
110,0,24,976,1.0,
111,0,22,978,1.0,
112,0,19,981,1.0,
113,0,18,982,1.0,
114,0,18,982,1.0,
115,0,18,982,1.0,
116,0,17,983,1.0,
117,0,16,984,1.0,
118,0,16,984,1.0,
119,0,16,984,1.0,
120,0,16,984,1.0,
121,0,16,984,1.0,
122,0,16,984,1.0,
123,0,16,984,1.0,
124,0,16,984,1.0,
125,0,16,984,1.0,
126,0,14,986,1.0,
127,0,14,986,1.0,
128,0,14,986,1.0,
129,0,14,986,1.0,
130,0,14,986,1.0,
131,0,14,986,1.0,
132,0,14,986,1.0,
133,0,14,986,1.0,
134,0,14,986,1.0,
135,0,14,986,1.0,
136,0,14,986,1.0,
137,0,12,988,1.0,
138,0,11,989,1.0,
139,0,10,990,1.0,
140,0,9,991,1.0,
141,0,8,992,1.0,
142,0,8,992,1.0,
143,0,8,992,1.0,
144,0,8,992,1.0,
145,0,8,992,1.0,
146,0,8,992,1.0,
147,0,8,992,1.0,
148,0,7,993,1.0,
149,0,6,994,1.0,
150,0,6,994,1.0,
151,0,6,994,1.0,
152,0,6,994,1.0,
153,0,6,994,1.0,
154,0,6,994,1.0,
155,0,6,994,1.0,
156,0,6,994,1.0,
157,0,6,994,1.0,
158,0,5,995,1.0,
159,0,5,995,1.0,
160,0,5,995,1.0,
161,0,5,995,1.0,
162,0,5,995,1.0,
163,0,5,995,1.0,
164,0,5,995,1.0,
165,0,5,995,1.0,
166,0,5,995,1.0,
167,0,5,995,1.0,
168,0,5,995,1.0,
169,0,5,995,1.0,
170,0,5,995,1.0,
171,0,5,995,1.0,
172,0,5,995,1.0,
173,0,3,997,1.0,
174,0,3,997,1.0,
175,0,3,997,1.0,
176,0,3,997,1.0,
177,0,3,997,1.0,
178,0,3,997,1.0,
179,0,3,997,1.0,
180,0,3,997,1.0,
181,0,3,997,1.0,
182,0,3,997,1.0,
183,0,3,997,1.0,
184,0,3,997,1.0,
185,0,3,997,1.0,
186,0,3,997,1.0,
187,0,3,997,1.0,
188,0,3,997,1.0,
189,0,3,997,1.0,
190,0,3,997,1.0,
191,0,3,997,1.0,
192,0,3,997,1.0,
193,0,3,997,1.0,
194,0,3,997,1.0,
195,0,3,997,1.0,
196,0,3,997,1.0,
197,0,3,997,1.0,
198,0,3,997,1.0,
199,0,3,997,1.0,
200,0,2,998,1.0,
1,998,2,0,0.9982352941176471,1.0
2,997,3,0,0.9974117647058823,0.999589363414483
3,995,5,0,0.9960588235294118,0.9989022732656453
4,990,10,0,0.9922941176470588,0.9969935409364298
5,981,19,0,0.9833529411764705,0.9924505365127455
6,970,29,1,0.974764705882353,0.9879333378656044
7,951,45,4,0.9611176470588235,0.9805209686966238
8,932,63,5,0.946,0.9719815513312442
9,897,94,9,0.922,0.9575164314189729
10,844,134,22,0.8867647058823529,0.9339660451938873
11,781,189,30,0.8491176470588235,0.9044859652283228
12,710,252,38,0.8031176470588235,0.8623293175397176
13,633,318,49,0.7727058823529411,0.8213737759997636
14,539,403,58,0.7447058823529412,0.7640657582890694
15,445,484,71,0.7482352941176471,0.7182592690097339
16,365,547,88,0.7695294117647059,0.6842682978483886
17,292,596,112,0.8063529411764706,0.667447415368457
18,216,645,139,0.8508823529411764,0.6526924579956255
19,155,676,169,0.8894117647058823,0.6410536793666668
20,102,698,200,0.9261764705882353,0.6355851222609531
21,74,698,228,0.9445882352941176,0.6229123437618187
22,47,700,253,0.9645882352941176,0.6217074858031295
23,31,685,284,0.9768235294117648,0.624504716549973
24,18,674,308,0.9863529411764705,0.6194394617848992
25,12,647,341,0.9908823529411764,0.6189323549829123
26,5,633,362,0.9961764705882353,0.6155988132485958
27,4,607,389,0.997,0.6223090747647592
28,2,593,405,0.9985294117647059,0.6209554575768139
29,1,565,434,0.9993529411764706,0.6770714322615334
30,1,545,454,0.9993529411764706,0.6770714322615334
31,1,518,481,0.9993529411764706,0.6770714322615334
32,1,495,504,0.9994705882352941,0.7359472089799277
33,1,477,522,0.9994705882352941,0.7359472089799277
34,1,458,541,0.9994705882352941,0.7359472089799277
35,0,435,565,1.0,
36,0,424,576,1.0,
37,0,412,588,1.0,
38,0,388,612,1.0,
39,0,368,632,1.0,
40,0,359,641,1.0,
41,0,345,655,1.0,
42,0,333,667,1.0,
43,0,319,681,1.0,
44,0,306,694,1.0,
45,0,297,703,1.0,
46,0,285,715,1.0,
47,0,274,726,1.0,
48,0,265,735,1.0,
49,0,253,747,1.0,
50,0,245,755,1.0,
51,0,234,766,1.0,
52,0,224,776,1.0,
53,0,217,783,1.0,
54,0,207,793,1.0,
55,0,199,801,1.0,
56,0,191,809,1.0,
57,0,181,819,1.0,
58,0,171,829,1.0,
59,0,165,835,1.0,
60,0,160,840,1.0,
61,0,155,845,1.0,
62,0,142,858,1.0,
63,0,142,858,1.0,
64,0,139,861,1.0,
65,0,131,869,1.0,
66,0,124,876,1.0,
67,0,114,886,1.0,
68,0,108,892,1.0,
69,0,103,897,1.0,
70,0,99,901,1.0,
71,0,96,904,1.0,
72,0,92,908,1.0,
73,0,90,910,1.0,
74,0,86,914,1.0,
75,0,82,918,1.0,
76,0,79,921,1.0,
77,0,79,921,1.0,
78,0,77,923,1.0,
79,0,72,928,1.0,
80,0,67,933,1.0,
81,0,65,935,1.0,
82,0,65,935,1.0,
83,0,64,936,1.0,
84,0,62,938,1.0,
85,0,61,939,1.0,
86,0,58,942,1.0,
87,0,56,944,1.0,
88,0,54,946,1.0,
89,0,53,947,1.0,
90,0,51,949,1.0,
91,0,47,953,1.0,
92,0,44,956,1.0,
93,0,41,959,1.0,
94,0,41,959,1.0,
95,0,40,960,1.0,
96,0,39,961,1.0,
97,0,39,961,1.0,
98,0,39,961,1.0,
99,0,37,963,1.0,
100,0,37,963,1.0,
101,0,37,963,1.0,
102,0,36,964,1.0,
103,0,34,966,1.0,
104,0,33,967,1.0,
105,0,33,967,1.0,
106,0,33,967,1.0,
107,0,33,967,1.0,
108,0,31,969,1.0,
109,0,30,970,1.0,
110,0,29,971,1.0,
111,0,28,972,1.0,
112,0,26,974,1.0,
113,0,23,977,1.0,
114,0,22,978,1.0,
115,0,22,978,1.0,
116,0,22,978,1.0,
117,0,21,979,1.0,
118,0,21,979,1.0,
119,0,21,979,1.0,
120,0,20,980,1.0,
121,0,19,981,1.0,
122,0,19,981,1.0,
123,0,19,981,1.0,
124,0,19,981,1.0,
125,0,18,982,1.0,
126,0,17,983,1.0,
127,0,17,983,1.0,
128,0,17,983,1.0,
129,0,16,984,1.0,
130,0,15,985,1.0,
131,0,14,986,1.0,
132,0,13,987,1.0,
133,0,12,988,1.0,
134,0,11,989,1.0,
135,0,11,989,1.0,
136,0,10,990,1.0,
137,0,10,990,1.0,
138,0,10,990,1.0,
139,0,10,990,1.0,
140,0,10,990,1.0,
141,0,10,990,1.0,
142,0,10,990,1.0,
143,0,10,990,1.0,
144,0,10,990,1.0,
145,0,10,990,1.0,
146,0,10,990,1.0,
147,0,8,992,1.0,
148,0,7,993,1.0,
149,0,7,993,1.0,
150,0,7,993,1.0,
151,0,7,993,1.0,
152,0,7,993,1.0,
153,0,7,993,1.0,
154,0,7,993,1.0,
155,0,6,994,1.0,
156,0,6,994,1.0,
157,0,6,994,1.0,
158,0,5,995,1.0,
159,0,5,995,1.0,
160,0,5,995,1.0,
161,0,5,995,1.0,
162,0,5,995,1.0,
163,0,5,995,1.0,
164,0,5,995,1.0,
165,0,4,996,1.0,
166,0,4,996,1.0,
167,0,4,996,1.0,
168,0,4,996,1.0,
169,0,4,996,1.0,
170,0,4,996,1.0,
171,0,3,997,1.0,
172,0,3,997,1.0,
173,0,1,999,1.0,
174,0,1,999,1.0,
175,0,1,999,1.0,
176,0,1,999,1.0,
177,0,1,999,1.0,
178,0,1,999,1.0,
179,0,1,999,1.0,
180,0,1,999,1.0,
181,0,1,999,1.0,
182,0,1,999,1.0,
183,0,1,999,1.0,
184,0,1,999,1.0,
185,0,1,999,1.0,
186,0,1,999,1.0,
187,0,0,1000,1.0,
188,0,0,1000,1.0,
189,0,0,1000,1.0,
190,0,0,1000,1.0,
191,0,0,1000,1.0,
192,0,0,1000,1.0,
193,0,0,1000,1.0,
194,0,0,1000,1.0,
195,0,0,1000,1.0,
196,0,0,1000,1.0,
197,0,0,1000,1.0,
198,0,0,1000,1.0,
199,0,0,1000,1.0,
200,0,0,1000,1.0,
1,999,1,0,1.0,1.0
2,998,2,0,0.9985294117647059,0.9992651178016279
3,996,4,0,0.9964117647058823,0.9981831132450933
4,991,9,0,0.9915882352941177,0.9957317354420117
5,983,17,0,0.9855882352941177,0.9926171592584485
6,972,27,1,0.9758235294117648,0.9875116482036571
7,952,45,3,0.9578235294117647,0.9777975635562138
8,923,70,7,0.9375882352941176,0.9661987955385413
9,889,103,8,0.9108235294117647,0.9498987688474483
10,849,134,17,0.8900588235294118,0.9355057888637006
11,792,184,24,0.8598235294117647,0.9116575197293917
12,729,241,30,0.8266470588235294,0.8811218816150886
13,645,311,44,0.794,0.8403375501312231
14,559,384,57,0.7735882352941177,0.7974859346419054
15,473,453,74,0.7642941176470588,0.750809734408157
16,395,503,102,0.7797647058823529,0.7208368390944226
17,313,565,122,0.8036470588235294,0.6853050756254103
18,243,617,140,0.8321176470588235,0.6532031624500843
19,188,649,163,0.8642941176470588,0.638285162939492
20,133,680,187,0.9036470588235294,0.6349686154714618
21,91,693,216,0.9334705882352942,0.6299572037780224
22,56,686,258,0.9585294117647059,0.6256177624999385
23,33,678,289,0.9751176470588235,0.6178598669165477
24,20,663,317,0.9849411764705882,0.6152789441907338
25,18,635,347,0.9864117647058823,0.6117960319513924
26,12,623,365,0.9911176470588235,0.6195386023422077
27,8,606,386,0.9943529411764706,0.632136488820846
28,3,581,416,0.998,0.649766761543327
29,3,555,442,0.9980588235294118,0.6595706831119544
30,1,540,459,0.9994705882352941,0.71875
31,0,524,476,1.0,
32,0,511,489,1.0,
33,0,491,509,1.0,
34,0,465,535,1.0,
35,0,451,549,1.0,
36,0,437,563,1.0,
37,0,419,581,1.0,
38,0,407,593,1.0,
39,0,390,610,1.0,
40,0,376,624,1.0,
41,0,367,633,1.0,
42,0,352,648,1.0,
43,0,342,658,1.0,
44,0,320,680,1.0,
45,0,311,689,1.0,
46,0,303,697,1.0,
47,0,288,712,1.0,
48,0,283,717,1.0,
49,0,270,730,1.0,
50,0,255,745,1.0,
51,0,242,758,1.0,
52,0,233,767,1.0,
53,0,224,776,1.0,
54,0,214,786,1.0,
55,0,208,792,1.0,
56,0,196,804,1.0,
57,0,189,811,1.0,
58,0,183,817,1.0,
59,0,174,826,1.0,
60,0,171,829,1.0,
61,0,162,838,1.0,
62,0,159,841,1.0,
63,0,152,848,1.0,
64,0,147,853,1.0,
65,0,140,860,1.0,
66,0,135,865,1.0,
67,0,134,866,1.0,
68,0,128,872,1.0,
69,0,123,877,1.0,
70,0,119,881,1.0,
71,0,115,885,1.0,
72,0,107,893,1.0,
73,0,104,896,1.0,
74,0,98,902,1.0,
75,0,95,905,1.0,
76,0,91,909,1.0,
77,0,90,910,1.0,
78,0,87,913,1.0,
79,0,80,920,1.0,
80,0,76,924,1.0,
81,0,73,927,1.0,
82,0,72,928,1.0,
83,0,69,931,1.0,
84,0,62,938,1.0,
85,0,59,941,1.0,
86,0,54,946,1.0,
87,0,54,946,1.0,
88,0,51,949,1.0,
89,0,51,949,1.0,
90,0,47,953,1.0,
91,0,44,956,1.0,
92,0,42,958,1.0,
93,0,41,959,1.0,
94,0,40,960,1.0,
95,0,39,961,1.0,
96,0,35,965,1.0,
97,0,34,966,1.0,
98,0,33,967,1.0,
99,0,32,968,1.0,
100,0,31,969,1.0,
101,0,30,970,1.0,
102,0,28,972,1.0,
103,0,28,972,1.0,
104,0,28,972,1.0,
105,0,25,975,1.0,
106,0,25,975,1.0,
107,0,22,978,1.0,
108,0,21,979,1.0,
109,0,21,979,1.0,
110,0,21,979,1.0,
111,0,19,981,1.0,
112,0,17,983,1.0,
113,0,16,984,1.0,
114,0,16,984,1.0,
115,0,14,986,1.0,
116,0,13,987,1.0,
117,0,12,988,1.0,
118,0,12,988,1.0,
119,0,11,989,1.0,
120,0,11,989,1.0,
121,0,11,989,1.0,
122,0,11,989,1.0,
123,0,11,989,1.0,
124,0,11,989,1.0,
125,0,11,989,1.0,
126,0,11,989,1.0,
127,0,10,990,1.0,
128,0,10,990,1.0,
129,0,10,990,1.0,
130,0,10,990,1.0,
131,0,10,990,1.0,
132,0,10,990,1.0,
133,0,10,990,1.0,
134,0,10,990,1.0,
135,0,10,990,1.0,
136,0,10,990,1.0,
137,0,9,991,1.0,
138,0,9,991,1.0,
139,0,8,992,1.0,
140,0,7,993,1.0,
141,0,7,993,1.0,
142,0,6,994,1.0,
143,0,6,994,1.0,
144,0,6,994,1.0,
145,0,4,996,1.0,
146,0,4,996,1.0,
147,0,4,996,1.0,
148,0,4,996,1.0,
149,0,4,996,1.0,
150,0,4,996,1.0,
151,0,4,996,1.0,
152,0,4,996,1.0,
153,0,4,996,1.0,
154,0,4,996,1.0,
155,0,4,996,1.0,
156,0,4,996,1.0,
157,0,2,998,1.0,
158,0,2,998,1.0,
159,0,2,998,1.0,
160,0,2,998,1.0,
161,0,2,998,1.0,
162,0,2,998,1.0,
163,0,2,998,1.0,
164,0,2,998,1.0,
165,0,2,998,1.0,
166,0,2,998,1.0,
167,0,2,998,1.0,
168,0,2,998,1.0,
169,0,2,998,1.0,
170,0,2,998,1.0,
171,0,2,998,1.0,
172,0,2,998,1.0,
173,0,2,998,1.0,
174,0,2,998,1.0,
175,0,2,998,1.0,
176,0,2,998,1.0,
177,0,2,998,1.0,
178,0,2,998,1.0,
179,0,2,998,1.0,
180,0,1,999,1.0,
181,0,1,999,1.0,
182,0,0,1000,1.0,
183,0,0,1000,1.0,
184,0,0,1000,1.0,
185,0,0,1000,1.0,
186,0,0,1000,1.0,
187,0,0,1000,1.0,
188,0,0,1000,1.0,
189,0,0,1000,1.0,
190,0,0,1000,1.0,
191,0,0,1000,1.0,
192,0,0,1000,1.0,
193,0,0,1000,1.0,
194,0,0,1000,1.0,
195,0,0,1000,1.0,
196,0,0,1000,1.0,
197,0,0,1000,1.0,
198,0,0,1000,1.0,
199,0,0,1000,1.0,
200,0,0,1000,1.0,
1,998,2,0,0.9993529411764706,1.0
2,998,2,0,0.9993529411764706,1.0
3,996,4,0,0.9975294117647059,0.9990803121981214
4,992,8,0,0.992764705882353,0.9966622301477411
5,985,14,1,0.9884117647058823,0.9944191712361298
6,976,23,1,0.9797058823529412,0.9899520736724851
7,958,40,2,0.9641764705882353,0.9816353104379385
8,936,57,7,0.9501764705882353,0.9737246078989767
9,906,84,10,0.9233529411764706,0.9580091917500602
10,860,126,14,0.8898235294117647,0.9362607064688048
11,793,187,20,0.8449411764705882,0.902383812631117
12,718,254,28,0.8044705882352942,0.8639989365717783
13,626,329,45,0.7827647058823529,0.8267856038952017
14,538,408,54,0.7588823529411765,0.7759326800954551
15,456,477,67,0.7565882352941177,0.7327797128164166
16,361,558,81,0.7908235294117647,0.7099882369647602
17,265,623,112,0.8371176470588235,0.6921509210041374
18,201,660,139,0.8667058823529412,0.6674919577919018
19,148,689,163,0.8967058823529411,0.6489365468832625
20,97,719,184,0.9304117647058824,0.6382057068345834
21,58,735,207,0.9576470588235294,0.6293748046451298
22,34,732,234,0.9757058823529412,0.6355045504070901
23,18,719,263,0.9870588235294118,0.6310354736301667
24,11,692,297,0.992,0.6322115654705961
25,5,674,321,0.9962941176470588,0.6232176698825541
26,4,650,346,0.9970588235294118,0.624560708699113
27,4,626,370,0.9970588235294118,0.624560708699113
28,2,609,389,0.9985882352941177,0.6258119628567287
29,2,587,411,0.9985882352941177,0.6258119628567287
30,2,556,442,0.9985882352941177,0.6258119628567287
31,2,536,462,0.9986470588235294,0.6419461775241286
32,2,518,480,0.9987058823529412,0.657102560999565
33,2,500,498,0.9987647058823529,0.6732367756669652
34,1,477,522,0.9992941176470588,0.6365681059683287
35,1,451,548,0.9992941176470588,0.6365681059683287
36,1,434,565,0.9993529411764706,0.6668808729192014
37,1,419,580,0.9993529411764706,0.6668808729192014
38,1,402,597,0.9993529411764706,0.6668808729192014
39,1,388,611,0.9994117647058823,0.6971936398700743
40,0,379,621,1.0,
41,0,355,645,1.0,
42,0,332,668,1.0,
43,0,317,683,1.0,
44,0,299,701,1.0,
45,0,284,716,1.0,
46,0,274,726,1.0,
47,0,265,735,1.0,
48,0,253,747,1.0,
49,0,242,758,1.0,
50,0,230,770,1.0,
51,0,221,779,1.0,
52,0,211,789,1.0,
53,0,203,797,1.0,
54,0,192,808,1.0,
55,0,185,815,1.0,
56,0,180,820,1.0,
57,0,175,825,1.0,
58,0,165,835,1.0,
59,0,161,839,1.0,
60,0,159,841,1.0,
61,0,153,847,1.0,
62,0,149,851,1.0,
63,0,142,858,1.0,
64,0,133,867,1.0,
65,0,128,872,1.0,
66,0,121,879,1.0,
67,0,117,883,1.0,
68,0,114,886,1.0,
69,0,108,892,1.0,
70,0,105,895,1.0,
71,0,101,899,1.0,
72,0,97,903,1.0,
73,0,93,907,1.0,
74,0,89,911,1.0,
75,0,86,914,1.0,
76,0,81,919,1.0,
77,0,79,921,1.0,
78,0,75,925,1.0,
79,0,72,928,1.0,
80,0,69,931,1.0,
81,0,64,936,1.0,
82,0,63,937,1.0,
83,0,62,938,1.0,
84,0,56,944,1.0,
85,0,56,944,1.0,
86,0,54,946,1.0,
87,0,52,948,1.0,
88,0,52,948,1.0,
89,0,51,949,1.0,
90,0,49,951,1.0,
91,0,46,954,1.0,
92,0,44,956,1.0,
93,0,42,958,1.0,
94,0,42,958,1.0,
95,0,39,961,1.0,
96,0,39,961,1.0,
97,0,39,961,1.0,
98,0,37,963,1.0,
99,0,35,965,1.0,
100,0,34,966,1.0,
101,0,32,968,1.0,
102,0,32,968,1.0,
103,0,31,969,1.0,
104,0,29,971,1.0,
105,0,26,974,1.0,
106,0,26,974,1.0,
107,0,24,976,1.0,
108,0,24,976,1.0,
109,0,24,976,1.0,
110,0,23,977,1.0,
111,0,23,977,1.0,
112,0,22,978,1.0,
113,0,19,981,1.0,
114,0,19,981,1.0,
115,0,18,982,1.0,
116,0,18,982,1.0,
117,0,17,983,1.0,
118,0,16,984,1.0,
119,0,16,984,1.0,
120,0,16,984,1.0,
121,0,15,985,1.0,
122,0,13,987,1.0,
123,0,13,987,1.0,
124,0,13,987,1.0,
125,0,12,988,1.0,
126,0,11,989,1.0,
127,0,9,991,1.0,
128,0,8,992,1.0,
129,0,7,993,1.0,
130,0,6,994,1.0,
131,0,6,994,1.0,
132,0,5,995,1.0,
133,0,5,995,1.0,
134,0,5,995,1.0,
135,0,4,996,1.0,
136,0,4,996,1.0,
137,0,3,997,1.0,
138,0,2,998,1.0,
139,0,2,998,1.0,
140,0,2,998,1.0,
141,0,2,998,1.0,
142,0,2,998,1.0,
143,0,2,998,1.0,
144,0,2,998,1.0,
145,0,2,998,1.0,
146,0,2,998,1.0,
147,0,2,998,1.0,
148,0,2,998,1.0,
149,0,2,998,1.0,
150,0,2,998,1.0,
151,0,2,998,1.0,
152,0,2,998,1.0,
153,0,2,998,1.0,
154,0,2,998,1.0,
155,0,1,999,1.0,
156,0,1,999,1.0,
157,0,1,999,1.0,
158,0,1,999,1.0,
159,0,1,999,1.0,
160,0,1,999,1.0,
161,0,1,999,1.0,
162,0,1,999,1.0,
163,0,1,999,1.0,
164,0,1,999,1.0,
165,0,1,999,1.0,
166,0,1,999,1.0,
167,0,1,999,1.0,
168,0,1,999,1.0,
169,0,1,999,1.0,
170,0,1,999,1.0,
171,0,1,999,1.0,
172,0,1,999,1.0,
173,0,1,999,1.0,
174,0,1,999,1.0,
175,0,0,1000,1.0,
176,0,0,1000,1.0,
177,0,0,1000,1.0,
178,0,0,1000,1.0,
179,0,0,1000,1.0,
180,0,0,1000,1.0,
181,0,0,1000,1.0,
182,0,0,1000,1.0,
183,0,0,1000,1.0,
184,0,0,1000,1.0,
185,0,0,1000,1.0,
186,0,0,1000,1.0,
187,0,0,1000,1.0,
188,0,0,1000,1.0,
189,0,0,1000,1.0,
190,0,0,1000,1.0,
191,0,0,1000,1.0,
192,0,0,1000,1.0,
193,0,0,1000,1.0,
194,0,0,1000,1.0,
195,0,0,1000,1.0,
196,0,0,1000,1.0,
197,0,0,1000,1.0,
198,0,0,1000,1.0,
199,0,0,1000,1.0,
200,0,0,1000,1.0,
1,999,1,0,1.0,1.0
2,999,1,0,1.0,1.0
3,998,2,0,0.9989411764705882,0.9994736031169191
4,994,6,0,0.9945882352941177,0.9972601224816737
5,991,9,0,0.9914705882352941,0.9956675528935386
6,987,13,0,0.9885294117647059,0.994209443412812
7,979,20,1,0.9841764705882353,0.9919302794627951
8,967,30,3,0.9760588235294118,0.987644944919572
9,946,48,6,0.9638235294117647,0.9808822012618045
10,921,72,7,0.943764705882353,0.9696231330607802
11,880,109,11,0.9150588235294118,0.9518540212414298
12,824,159,17,0.8742352941176471,0.9237554133034933
13,776,200,24,0.8451176470588235,0.900477596245984
14,716,249,35,0.8132941176470588,0.86984766817073
15,636,315,49,0.7797058823529411,0.8269904384364084
16,557,387,56,0.7624117647058823,0.786621757818939
17,478,450,72,0.7571176470588236,0.7457018877168031
18,394,513,93,0.7689411764705882,0.7063487362007245
19,307,573,120,0.8026470588235294,0.6776792503620166
20,224,632,144,0.8459411764705882,0.6546188186609879
21,155,674,171,0.8877058823529411,0.6354256421522685
22,103,694,203,0.9239411764705883,0.6287543662622324
23,61,715,224,0.9554705882352941,0.6307301469060036
24,38,707,255,0.9713529411764706,0.6178302830048816
25,18,703,279,0.9864705882352941,0.6143997398840061
26,12,684,304,0.9908823529411764,0.6084407099024035
27,8,665,327,0.994,0.6140777458955233
28,7,645,348,0.994764705882353,0.6188538294105521
29,3,627,370,0.9978823529411764,0.628817587641117
30,3,602,395,0.998,0.6497326203208557
31,1,579,420,0.9993529411764706,0.6764705882352942
32,1,558,441,0.9993529411764706,0.6764705882352942
33,1,544,455,0.9993529411764706,0.6764705882352942
34,1,513,486,0.9994117647058823,0.7058823529411765
35,1,487,512,0.9994117647058823,0.7058823529411765
36,1,469,530,0.9994117647058823,0.7058823529411765
37,1,449,550,0.9994117647058823,0.7058823529411765
38,0,438,562,1.0,
39,0,418,582,1.0,
40,0,406,594,1.0,
41,0,393,607,1.0,
42,0,377,623,1.0,
43,0,359,641,1.0,
44,0,346,654,1.0,
45,0,330,670,1.0,
46,0,313,687,1.0,
47,0,301,699,1.0,
48,0,288,712,1.0,
49,0,272,728,1.0,
50,0,268,732,1.0,
51,0,250,750,1.0,
52,0,238,762,1.0,
53,0,231,769,1.0,
54,0,223,777,1.0,
55,0,214,786,1.0,
56,0,202,798,1.0,
57,0,197,803,1.0,
58,0,188,812,1.0,
59,0,179,821,1.0,
60,0,170,830,1.0,
61,0,165,835,1.0,
62,0,159,841,1.0,
63,0,157,843,1.0,
64,0,153,847,1.0,
65,0,146,854,1.0,
66,0,138,862,1.0,
67,0,131,869,1.0,
68,0,122,878,1.0,
69,0,114,886,1.0,
70,0,110,890,1.0,
71,0,107,893,1.0,
72,0,98,902,1.0,
73,0,94,906,1.0,
74,0,89,911,1.0,
75,0,85,915,1.0,
76,0,82,918,1.0,
77,0,78,922,1.0,
78,0,74,926,1.0,
79,0,69,931,1.0,
80,0,67,933,1.0,
81,0,63,937,1.0,
82,0,59,941,1.0,
83,0,57,943,1.0,
84,0,56,944,1.0,
85,0,53,947,1.0,
86,0,51,949,1.0,
87,0,50,950,1.0,
88,0,49,951,1.0,
89,0,47,953,1.0,
90,0,44,956,1.0,
91,0,42,958,1.0,
92,0,41,959,1.0,
93,0,40,960,1.0,
94,0,39,961,1.0,
95,0,39,961,1.0,
96,0,37,963,1.0,
97,0,37,963,1.0,
98,0,35,965,1.0,
99,0,34,966,1.0,
100,0,32,968,1.0,
101,0,31,969,1.0,
102,0,29,971,1.0,
103,0,29,971,1.0,
104,0,26,974,1.0,
105,0,24,976,1.0,
106,0,23,977,1.0,
107,0,22,978,1.0,
108,0,20,980,1.0,
109,0,20,980,1.0,
110,0,19,981,1.0,
111,0,19,981,1.0,
112,0,17,983,1.0,
113,0,16,984,1.0,
114,0,16,984,1.0,
115,0,15,985,1.0,
116,0,15,985,1.0,
117,0,15,985,1.0,
118,0,14,986,1.0,
119,0,13,987,1.0,
120,0,13,987,1.0,
121,0,12,988,1.0,
122,0,12,988,1.0,
123,0,12,988,1.0,
124,0,12,988,1.0,
125,0,12,988,1.0,
126,0,12,988,1.0,
127,0,11,989,1.0,
128,0,11,989,1.0,
129,0,10,990,1.0,
130,0,10,990,1.0,
131,0,10,990,1.0,
132,0,10,990,1.0,
133,0,10,990,1.0,
134,0,10,990,1.0,
135,0,10,990,1.0,
136,0,10,990,1.0,
137,0,10,990,1.0,
138,0,10,990,1.0,
139,0,10,990,1.0,
140,0,8,992,1.0,
141,0,8,992,1.0,
142,0,7,993,1.0,
143,0,7,993,1.0,
144,0,7,993,1.0,
145,0,7,993,1.0,
146,0,6,994,1.0,
147,0,6,994,1.0,
148,0,6,994,1.0,
149,0,6,994,1.0,
150,0,6,994,1.0,
151,0,6,994,1.0,
152,0,4,996,1.0,
153,0,4,996,1.0,
154,0,4,996,1.0,
155,0,4,996,1.0,
156,0,4,996,1.0,
157,0,4,996,1.0,
158,0,4,996,1.0,
159,0,4,996,1.0,
160,0,4,996,1.0,
161,0,4,996,1.0,
162,0,4,996,1.0,
163,0,4,996,1.0,
164,0,4,996,1.0,
165,0,4,996,1.0,
166,0,4,996,1.0,
167,0,4,996,1.0,
168,0,4,996,1.0,
169,0,4,996,1.0,
170,0,4,996,1.0,
171,0,4,996,1.0,
172,0,4,996,1.0,
173,0,3,997,1.0,
174,0,3,997,1.0,
175,0,3,997,1.0,
176,0,3,997,1.0,
177,0,2,998,1.0,
178,0,2,998,1.0,
179,0,2,998,1.0,
180,0,1,999,1.0,
181,0,1,999,1.0,
182,0,1,999,1.0,
183,0,1,999,1.0,
184,0,1,999,1.0,
185,0,1,999,1.0,
186,0,1,999,1.0,
187,0,1,999,1.0,
188,0,1,999,1.0,
189,0,1,999,1.0,
190,0,1,999,1.0,
191,0,1,999,1.0,
192,0,1,999,1.0,
193,0,1,999,1.0,
194,0,1,999,1.0,
195,0,1,999,1.0,
196,0,1,999,1.0,
197,0,1,999,1.0,
198,0,1,999,1.0,
199,0,1,999,1.0,
200,0,1,999,1.0,
1,999,1,0,1.0,1.0
2,996,3,1,0.9971176470588236,0.9985506914560535
3,996,3,1,0.9971176470588236,0.9985506914560535
4,995,4,1,0.9967058823529412,0.9983415506653137
5,991,8,1,0.9923529411764705,0.9961464162147093
6,985,12,3,0.9905294117647059,0.9951818551896939
7,978,17,5,0.9882941176470589,0.9940093154426447
8,968,26,6,0.9832352941176471,0.9912939466856217
9,957,35,8,0.9788235294117648,0.9888602170276862
10,931,60,9,0.9572941176470589,0.9769862300978269
11,908,78,14,0.9388823529411765,0.9662304263091598
12,873,107,20,0.9094705882352941,0.9480137498055573
13,823,154,23,0.8739411764705882,0.9233236215523761
14,757,214,29,0.826,0.8850234410515866
15,683,279,38,0.7815294117647059,0.8400886022458635
16,595,347,58,0.7625882352941177,0.8005817500951877
17,517,411,72,0.7528823529411764,0.7610387891138094
18,441,459,100,0.7618235294117647,0.7300862392062506
19,348,528,124,0.7855294117647059,0.6914900920211061
20,270,588,142,0.8219411764705883,0.6706732216671127
21,188,643,169,0.8718235294117647,0.6583737412999611
22,125,673,202,0.9107058823529411,0.6418891293356458
23,80,691,229,0.9408235294117647,0.6284125525319734
24,50,687,263,0.9631176470588235,0.632549894074562
25,37,678,285,0.9722352941176471,0.6250568606227871
26,24,660,316,0.9818823529411764,0.6205952128953789
27,17,646,337,0.9872352941176471,0.6239285700790892
28,12,630,358,0.9911764705882353,0.6283695125606891
29,5,614,381,0.9962941176470588,0.6372163607457725
30,5,584,411,0.9962941176470588,0.6372163607457725
31,4,558,438,0.9971176470588236,0.6417112299465241
32,4,539,457,0.9971176470588236,0.6417112299465241
33,3,523,474,0.9979411764705882,0.6633986928104575
34,2,505,493,0.9985882352941177,0.6568627450980392
35,0,483,517,1.0,
36,0,460,540,1.0,
37,0,446,554,1.0,
38,0,430,570,1.0,
39,0,415,585,1.0,
40,0,400,600,1.0,
41,0,383,617,1.0,
42,0,373,627,1.0,
43,0,361,639,1.0,
44,0,342,658,1.0,
45,0,320,680,1.0,
46,0,303,697,1.0,
47,0,291,709,1.0,
48,0,280,720,1.0,
49,0,271,729,1.0,
50,0,259,741,1.0,
51,0,252,748,1.0,
52,0,234,766,1.0,
53,0,227,773,1.0,
54,0,211,789,1.0,
55,0,201,799,1.0,
56,0,195,805,1.0,
57,0,185,815,1.0,
58,0,179,821,1.0,
59,0,173,827,1.0,
60,0,169,831,1.0,
61,0,164,836,1.0,
62,0,160,840,1.0,
63,0,153,847,1.0,
64,0,146,854,1.0,
65,0,144,856,1.0,
66,0,136,864,1.0,
67,0,134,866,1.0,
68,0,127,873,1.0,
69,0,118,882,1.0,
70,0,110,890,1.0,
71,0,100,900,1.0,
72,0,99,901,1.0,
73,0,94,906,1.0,
74,0,88,912,1.0,
75,0,81,919,1.0,
76,0,78,922,1.0,
77,0,74,926,1.0,
78,0,67,933,1.0,
79,0,65,935,1.0,
80,0,65,935,1.0,
81,0,64,936,1.0,
82,0,62,938,1.0,
83,0,61,939,1.0,
84,0,58,942,1.0,
85,0,57,943,1.0,
86,0,56,944,1.0,
87,0,53,947,1.0,
88,0,52,948,1.0,
89,0,51,949,1.0,
90,0,50,950,1.0,
91,0,48,952,1.0,
92,0,43,957,1.0,
93,0,42,958,1.0,
94,0,41,959,1.0,
95,0,39,961,1.0,
96,0,38,962,1.0,
97,0,37,963,1.0,
98,0,36,964,1.0,
99,0,36,964,1.0,
100,0,33,967,1.0,
101,0,31,969,1.0,
102,0,31,969,1.0,
103,0,30,970,1.0,
104,0,30,970,1.0,
105,0,27,973,1.0,
106,0,23,977,1.0,
107,0,23,977,1.0,
108,0,22,978,1.0,
109,0,21,979,1.0,
110,0,21,979,1.0,
111,0,21,979,1.0,
112,0,21,979,1.0,
113,0,21,979,1.0,
114,0,20,980,1.0,
115,0,19,981,1.0,
116,0,19,981,1.0,
117,0,19,981,1.0,
118,0,19,981,1.0,
119,0,18,982,1.0,
120,0,18,982,1.0,
121,0,17,983,1.0,
122,0,15,985,1.0,
123,0,15,985,1.0,
124,0,15,985,1.0,
125,0,13,987,1.0,
126,0,12,988,1.0,
127,0,12,988,1.0,
128,0,11,989,1.0,
129,0,11,989,1.0,
130,0,11,989,1.0,
131,0,11,989,1.0,
132,0,10,990,1.0,
133,0,9,991,1.0,
134,0,9,991,1.0,
135,0,8,992,1.0,
136,0,8,992,1.0,
137,0,8,992,1.0,
138,0,8,992,1.0,
139,0,8,992,1.0,
140,0,8,992,1.0,
141,0,8,992,1.0,
142,0,8,992,1.0,
143,0,8,992,1.0,
144,0,8,992,1.0,
145,0,8,992,1.0,
146,0,8,992,1.0,
147,0,8,992,1.0,
148,0,8,992,1.0,
149,0,8,992,1.0,
150,0,6,994,1.0,
151,0,6,994,1.0,
152,0,5,995,1.0,
153,0,5,995,1.0,
154,0,4,996,1.0,
155,0,4,996,1.0,
156,0,4,996,1.0,
157,0,4,996,1.0,
158,0,4,996,1.0,
159,0,4,996,1.0,
160,0,4,996,1.0,
161,0,3,997,1.0,
162,0,3,997,1.0,
163,0,3,997,1.0,
164,0,3,997,1.0,
165,0,3,997,1.0,
166,0,3,997,1.0,
167,0,3,997,1.0,
168,0,3,997,1.0,
169,0,3,997,1.0,
170,0,3,997,1.0,
171,0,3,997,1.0,
172,0,3,997,1.0,
173,0,3,997,1.0,
174,0,3,997,1.0,
175,0,3,997,1.0,
176,0,3,997,1.0,
177,0,3,997,1.0,
178,0,3,997,1.0,
179,0,3,997,1.0,
180,0,3,997,1.0,
181,0,2,998,1.0,
182,0,2,998,1.0,
183,0,2,998,1.0,
184,0,2,998,1.0,
185,0,2,998,1.0,
186,0,2,998,1.0,
187,0,1,999,1.0,
188,0,1,999,1.0,
189,0,1,999,1.0,
190,0,1,999,1.0,
191,0,1,999,1.0,
192,0,1,999,1.0,
193,0,1,999,1.0,
194,0,1,999,1.0,
195,0,1,999,1.0,
196,0,1,999,1.0,
197,0,1,999,1.0,
198,0,1,999,1.0,
199,0,1,999,1.0,
200,0,0,1000,1.0,
1,997,3,0,0.9977647058823529,1.0
2,994,6,0,0.995,0.9986076961780423
3,991,9,0,0.9922941176470588,0.997237950122698
4,981,19,0,0.984,0.9929649416836485
5,967,33,0,0.974764705882353,0.988092373216482
6,948,51,1,0.966,0.9831341336112592
7,922,74,4,0.95,0.9740190304494295
8,873,118,9,0.9108235294117647,0.9500229708914617
9,814,171,15,0.8599411764705882,0.9150859284474819
10,754,223,23,0.8219411764705883,0.8829672231777211
11,680,284,36,0.7839411764705883,0.842073237164442
12,601,349,50,0.7498235294117647,0.7926183373093368
13,528,401,71,0.7558235294117647,0.7693389605771299
14,422,484,94,0.7709411764705882,0.7290428187859356
15,335,544,121,0.7973529411764706,0.6972734162046474
16,255,603,142,0.838,0.6821163791767717
17,188,651,161,0.8777058823529412,0.6731630510449281
18,134,677,189,0.9136470588235294,0.6753612466874037
19,87,700,213,0.9388823529411765,0.645622985949962
20,66,691,243,0.9523529411764706,0.6362997520328798
21,43,681,276,0.968,0.6246236371706788
22,28,667,305,0.9788823529411764,0.6195395909945053
23,17,652,331,0.9871764705882353,0.6164352995833863
24,10,633,357,0.9924117647058823,0.6151261758552021
25,4,619,377,0.9969411764705882,0.6123730706209048
26,3,592,405,0.9977058823529412,0.6142510724888152
27,2,564,434,0.9984705882352941,0.6180070762246358
28,2,542,456,0.9984705882352941,0.6180070762246358
29,1,519,480,0.9992352941176471,0.606739065017174
30,1,487,512,0.9992352941176471,0.606739065017174
31,1,469,530,0.9992352941176471,0.606739065017174
32,1,452,547,0.9992352941176471,0.606739065017174
33,0,437,563,1.0,
34,0,417,583,1.0,
35,0,401,599,1.0,
36,0,387,613,1.0,
37,0,368,632,1.0,
38,0,349,651,1.0,
39,0,334,666,1.0,
40,0,319,681,1.0,
41,0,306,694,1.0,
42,0,296,704,1.0,
43,0,281,719,1.0,
44,0,268,732,1.0,
45,0,261,739,1.0,
46,0,252,748,1.0,
47,0,240,760,1.0,
48,0,225,775,1.0,
49,0,215,785,1.0,
50,0,206,794,1.0,
51,0,194,806,1.0,
52,0,189,811,1.0,
53,0,180,820,1.0,
54,0,177,823,1.0,
55,0,171,829,1.0,
56,0,161,839,1.0,
57,0,153,847,1.0,
58,0,144,856,1.0,
59,0,139,861,1.0,
60,0,133,867,1.0,
61,0,130,870,1.0,
62,0,118,882,1.0,
63,0,113,887,1.0,
64,0,109,891,1.0,
65,0,103,897,1.0,
66,0,97,903,1.0,
67,0,94,906,1.0,
68,0,92,908,1.0,
69,0,88,912,1.0,
70,0,85,915,1.0,
71,0,83,917,1.0,
72,0,80,920,1.0,
73,0,76,924,1.0,
74,0,75,925,1.0,
75,0,71,929,1.0,
76,0,65,935,1.0,
77,0,61,939,1.0,
78,0,59,941,1.0,
79,0,56,944,1.0,
80,0,56,944,1.0,
81,0,52,948,1.0,
82,0,50,950,1.0,
83,0,49,951,1.0,
84,0,48,952,1.0,
85,0,44,956,1.0,
86,0,42,958,1.0,
87,0,38,962,1.0,
88,0,36,964,1.0,
89,0,34,966,1.0,
90,0,33,967,1.0,
91,0,30,970,1.0,
92,0,29,971,1.0,
93,0,29,971,1.0,
94,0,27,973,1.0,
95,0,26,974,1.0,
96,0,26,974,1.0,
97,0,26,974,1.0,
98,0,25,975,1.0,
99,0,24,976,1.0,
100,0,24,976,1.0,
101,0,24,976,1.0,
102,0,23,977,1.0,
103,0,22,978,1.0,
104,0,22,978,1.0,
105,0,22,978,1.0,
106,0,22,978,1.0,
107,0,22,978,1.0,
108,0,22,978,1.0,
109,0,21,979,1.0,
110,0,19,981,1.0,
111,0,19,981,1.0,
112,0,18,982,1.0,
113,0,18,982,1.0,
114,0,16,984,1.0,
115,0,16,984,1.0,
116,0,16,984,1.0,
117,0,15,985,1.0,
118,0,15,985,1.0,
119,0,15,985,1.0,
120,0,14,986,1.0,
121,0,13,987,1.0,
122,0,12,988,1.0,
123,0,12,988,1.0,
124,0,11,989,1.0,
125,0,11,989,1.0,
126,0,10,990,1.0,
127,0,10,990,1.0,
128,0,10,990,1.0,
129,0,8,992,1.0,
130,0,8,992,1.0,
131,0,8,992,1.0,
132,0,7,993,1.0,
133,0,7,993,1.0,
134,0,7,993,1.0,
135,0,6,994,1.0,
136,0,6,994,1.0,
137,0,5,995,1.0,
138,0,5,995,1.0,
139,0,5,995,1.0,
140,0,4,996,1.0,
141,0,4,996,1.0,
142,0,4,996,1.0,
143,0,4,996,1.0,
144,0,4,996,1.0,
145,0,4,996,1.0,
146,0,4,996,1.0,
147,0,4,996,1.0,
148,0,4,996,1.0,
149,0,3,997,1.0,
150,0,3,997,1.0,
151,0,3,997,1.0,
152,0,3,997,1.0,
153,0,3,997,1.0,
154,0,2,998,1.0,
155,0,2,998,1.0,
156,0,2,998,1.0,
157,0,2,998,1.0,
158,0,2,998,1.0,
159,0,2,998,1.0,
160,0,2,998,1.0,
161,0,2,998,1.0,
162,0,2,998,1.0,
163,0,1,999,1.0,
164,0,1,999,1.0,
165,0,1,999,1.0,
166,0,1,999,1.0,
167,0,1,999,1.0,
168,0,1,999,1.0,
169,0,1,999,1.0,
170,0,1,999,1.0,
171,0,1,999,1.0,
172,0,1,999,1.0,
173,0,1,999,1.0,
174,0,1,999,1.0,
175,0,1,999,1.0,
176,0,1,999,1.0,
177,0,1,999,1.0,
178,0,1,999,1.0,
179,0,1,999,1.0,
180,0,1,999,1.0,
181,0,1,999,1.0,
182,0,1,999,1.0,
183,0,1,999,1.0,
184,0,1,999,1.0,
185,0,1,999,1.0,
186,0,1,999,1.0,
187,0,0,1000,1.0,
188,0,0,1000,1.0,
189,0,0,1000,1.0,
190,0,0,1000,1.0,
191,0,0,1000,1.0,
192,0,0,1000,1.0,
193,0,0,1000,1.0,
194,0,0,1000,1.0,
195,0,0,1000,1.0,
196,0,0,1000,1.0,
197,0,0,1000,1.0,
198,0,0,1000,1.0,
199,0,0,1000,1.0,
200,0,0,1000,1.0,
1,997,3,0,0.9978823529411764,0.99893714475057
2,993,7,0,0.9939411764705882,0.9969425738514122
3,988,12,0,0.9902941176470588,0.9950848577557129
4,978,22,0,0.98,0.9897791425832887
5,962,36,2,0.9681176470588235,0.9834923686720652
6,947,49,4,0.9562941176470589,0.9769581938176006
7,914,79,7,0.9306470588235294,0.9621379498483054
8,866,120,14,0.897235294117647,0.9407198569961109
9,819,161,20,0.864764705882353,0.9174060315032239
10,769,200,31,0.8400588235294117,0.8959522737484893
11,699,257,44,0.8105294117647058,0.8645110776276771
12,626,312,62,0.8048235294117647,0.8443972336859104
13,543,379,78,0.7894117647058824,0.8061864132584244
14,453,453,94,0.7956470588235294,0.7740435260708161
15,372,513,115,0.8031176470588235,0.7342259592329318
16,281,573,146,0.8404705882352941,0.7147993289876848
17,206,619,175,0.8722941176470588,0.6880169720875813
18,145,662,193,0.904235294117647,0.6669709594899793
19,98,675,227,0.9318235294117647,0.6492250696217173
20,61,683,256,0.9560588235294117,0.6350098997902447
21,38,671,291,0.9715294117647059,0.6202814006834406
22,22,664,314,0.9838235294117647,0.6287054560116055
23,13,647,340,0.9903529411764705,0.6238107072665896
24,12,612,376,0.9912352941176471,0.6311476989785813
25,10,595,395,0.992764705882353,0.6361651175621764
26,6,570,424,0.996,0.6658963585434173
27,6,555,439,0.9961176470588236,0.6757002801120447
28,5,534,461,0.9971176470588236,0.7108403361344539
29,3,512,485,0.9985294117647059,0.7506127450980392
30,3,493,504,0.9987058823529412,0.7806372549019608
31,3,469,528,0.9987058823529412,0.7806372549019608
32,3,451,546,0.9987058823529412,0.7806372549019608
33,3,435,562,0.9987647058823529,0.7904411764705882
34,3,409,588,0.9988823529411764,0.8112745098039215
35,3,395,602,0.999,0.8321078431372548
36,3,381,616,0.9991764705882353,0.8627450980392156
37,3,369,628,0.9991764705882353,0.8627450980392156
38,3,357,640,0.9991764705882353,0.8627450980392156
39,3,344,653,0.9991764705882353,0.8627450980392156
40,2,333,665,0.9996470588235294,0.9117647058823529
41,2,319,679,0.9996470588235294,0.9117647058823529
42,2,303,695,0.9996470588235294,0.9117647058823529
43,2,294,704,0.9997058823529412,0.9264705882352942
44,1,278,721,1.0,1.0
45,1,265,734,1.0,1.0
46,1,253,746,1.0,1.0
47,1,240,759,1.0,1.0
48,1,223,776,1.0,1.0
49,1,211,788,1.0,1.0
50,1,205,794,1.0,1.0
51,1,197,802,1.0,1.0
52,1,191,808,1.0,1.0
53,1,184,815,1.0,1.0
54,1,177,822,1.0,1.0
55,1,173,826,1.0,1.0
56,1,169,830,1.0,1.0
57,1,163,836,1.0,1.0
58,1,156,843,1.0,1.0
59,1,152,847,1.0,1.0
60,1,150,849,1.0,1.0
61,1,144,855,1.0,1.0
62,1,137,862,1.0,1.0
63,1,131,868,1.0,1.0
64,1,127,872,1.0,1.0
65,1,117,882,1.0,1.0
66,1,112,887,1.0,1.0
67,1,107,892,1.0,1.0
68,1,105,894,1.0,1.0
69,1,99,900,1.0,1.0
70,1,95,904,1.0,1.0
71,1,91,908,1.0,1.0
72,1,86,913,1.0,1.0
73,1,83,916,1.0,1.0
74,1,82,917,1.0,1.0
75,1,78,921,1.0,1.0
76,1,76,923,1.0,1.0
77,1,72,927,1.0,1.0
78,1,70,929,1.0,1.0
79,1,66,933,1.0,1.0
80,1,65,934,1.0,1.0
81,1,60,939,1.0,1.0
82,1,60,939,1.0,1.0
83,1,58,941,1.0,1.0
84,1,57,942,1.0,1.0
85,1,55,944,1.0,1.0
86,1,52,947,1.0,1.0
87,1,51,948,1.0,1.0
88,1,49,950,1.0,1.0
89,1,45,954,1.0,1.0
90,1,45,954,1.0,1.0
91,1,44,955,1.0,1.0
92,1,39,960,1.0,1.0
93,1,38,961,1.0,1.0
94,1,37,962,1.0,1.0
95,1,36,963,1.0,1.0
96,1,36,963,1.0,1.0
97,1,35,964,1.0,1.0
98,1,34,965,1.0,1.0
99,1,31,968,1.0,1.0
100,1,30,969,1.0,1.0
101,1,30,969,1.0,1.0
102,1,29,970,1.0,1.0
103,1,29,970,1.0,1.0
104,1,29,970,1.0,1.0
105,1,29,970,1.0,1.0
106,1,29,970,1.0,1.0
107,1,29,970,1.0,1.0
108,1,28,971,1.0,1.0
109,1,27,972,1.0,1.0
110,1,24,975,1.0,1.0
111,1,22,977,1.0,1.0
112,1,22,977,1.0,1.0
113,1,22,977,1.0,1.0
114,1,22,977,1.0,1.0
115,1,22,977,1.0,1.0
116,1,22,977,1.0,1.0
117,1,21,978,1.0,1.0
118,1,18,981,1.0,1.0
119,1,18,981,1.0,1.0
120,1,18,981,1.0,1.0
121,1,18,981,1.0,1.0
122,1,18,981,1.0,1.0
123,1,17,982,1.0,1.0
124,1,17,982,1.0,1.0
125,1,17,982,1.0,1.0
126,1,16,983,1.0,1.0
127,1,16,983,1.0,1.0
128,1,15,984,1.0,1.0
129,1,15,984,1.0,1.0
130,1,15,984,1.0,1.0
131,1,14,985,1.0,1.0
132,1,14,985,1.0,1.0
133,1,14,985,1.0,1.0
134,1,12,987,1.0,1.0
135,1,12,987,1.0,1.0
136,1,12,987,1.0,1.0
137,1,11,988,1.0,1.0
138,1,10,989,1.0,1.0
139,1,10,989,1.0,1.0
140,1,10,989,1.0,1.0
141,1,10,989,1.0,1.0
142,1,10,989,1.0,1.0
143,1,10,989,1.0,1.0
144,1,10,989,1.0,1.0
145,1,10,989,1.0,1.0
146,1,10,989,1.0,1.0
147,1,10,989,1.0,1.0
148,1,10,989,1.0,1.0
149,1,10,989,1.0,1.0
150,1,10,989,1.0,1.0
151,1,10,989,1.0,1.0
152,1,10,989,1.0,1.0
153,1,9,990,1.0,1.0
154,1,9,990,1.0,1.0
155,1,8,991,1.0,1.0
156,1,8,991,1.0,1.0
157,1,7,992,1.0,1.0
158,1,7,992,1.0,1.0
159,1,6,993,1.0,1.0
160,1,6,993,1.0,1.0
161,1,6,993,1.0,1.0
162,1,6,993,1.0,1.0
163,1,5,994,1.0,1.0
164,1,4,995,1.0,1.0
165,1,4,995,1.0,1.0
166,1,4,995,1.0,1.0
167,1,4,995,1.0,1.0
168,1,4,995,1.0,1.0
169,1,4,995,1.0,1.0
170,1,4,995,1.0,1.0
171,1,4,995,1.0,1.0
172,1,4,995,1.0,1.0
173,1,3,996,1.0,1.0
174,1,3,996,1.0,1.0
175,1,3,996,1.0,1.0
176,1,3,996,1.0,1.0
177,1,3,996,1.0,1.0
178,1,3,996,1.0,1.0
179,1,3,996,1.0,1.0
180,1,3,996,1.0,1.0
181,1,3,996,1.0,1.0
182,1,3,996,1.0,1.0
183,1,2,997,1.0,1.0
184,1,2,997,1.0,1.0
185,1,2,997,1.0,1.0
186,1,2,997,1.0,1.0
187,1,2,997,1.0,1.0
188,1,2,997,1.0,1.0
189,1,2,997,1.0,1.0
190,1,2,997,1.0,1.0
191,1,2,997,1.0,1.0
192,1,2,997,1.0,1.0
193,1,2,997,1.0,1.0
194,1,2,997,1.0,1.0
195,1,1,998,1.0,1.0
196,1,1,998,1.0,1.0
197,1,1,998,1.0,1.0
198,1,1,998,1.0,1.0
199,1,1,998,1.0,1.0
200,1,1,998,1.0,1.0
1,998,2,0,0.9987647058823529,1.0
2,997,3,0,0.9976470588235294,0.9994386532148166
3,992,7,1,0.9956470588235294,0.9984320854061395
4,986,11,3,0.9915882352941177,0.9963487461000669
5,977,20,3,0.9848823529411764,0.9928878439342373
6,960,37,3,0.967,0.9834217348389314
7,934,60,6,0.9454117647058824,0.9713422415812831
8,896,93,11,0.9127647058823529,0.9518287318560731
9,863,116,21,0.8935882352941177,0.9388557659277574
10,814,156,30,0.8586470588235294,0.9135861244030353
11,752,214,34,0.8143529411764706,0.8770339705027289
12,670,278,52,0.7764117647058824,0.8337133558934743
13,576,356,68,0.7419411764705882,0.7761550090676816
14,487,432,81,0.7394705882352941,0.7323779901330444
15,396,501,103,0.7688823529411765,0.7073772741838275
16,313,566,121,0.7951176470588235,0.6715314367879017
17,234,623,143,0.8362941176470589,0.649104889423109
18,169,650,181,0.881,0.6453887396241285
19,122,676,202,0.9113529411764706,0.6343722942366654
20,79,700,221,0.9414705882352942,0.6267687373346683
21,47,707,246,0.9654705882352941,0.6285998997582243
22,29,698,273,0.9784705882352941,0.6299533946641857
23,21,681,298,0.9844117647058823,0.6247851984316826
24,14,647,339,0.9897058823529412,0.6307472297179466
25,11,624,365,0.9920588235294118,0.6360144099391812
26,8,603,389,0.9947058823529412,0.6639509585413491
27,7,580,413,0.9954705882352941,0.669070538748487
28,7,566,427,0.9955882352941177,0.6778858868745267
29,5,541,454,0.9970588235294118,0.6982635195776291
30,3,526,471,0.9982352941176471,0.7033401189693118
31,3,504,493,0.9984117647058823,0.7330670893399506
32,3,479,518,0.9984705882352941,0.7431742592659677
33,3,461,536,0.9984705882352941,0.7431742592659677
34,3,445,552,0.9984705882352941,0.7431742592659677
35,2,425,573,0.999,0.7468901305622975
36,1,404,595,0.9995294117647059,0.7651722173402402
37,1,388,611,0.9995294117647059,0.7651722173402402
38,1,375,624,0.9995294117647059,0.7651722173402402
39,1,357,642,0.9995294117647059,0.7651722173402402
40,1,345,654,0.9995882352941177,0.7946019180071725
41,1,335,664,0.9995882352941177,0.7946019180071725
42,1,317,682,0.9995882352941177,0.7946019180071725
43,1,311,688,0.9996470588235294,0.8240316186741048
44,1,299,700,0.9996470588235294,0.8240316186741048
45,1,289,710,0.9996470588235294,0.8240316186741048
46,1,278,721,0.9996470588235294,0.8240316186741048
47,1,272,727,0.9996470588235294,0.8240316186741048
48,1,260,739,0.9996470588235294,0.8240316186741048
49,1,247,752,0.9997058823529412,0.8534613193410371
50,0,238,762,1.0,
51,0,230,770,1.0,
52,0,215,785,1.0,
53,0,203,797,1.0,
54,0,196,804,1.0,
55,0,189,811,1.0,
56,0,181,819,1.0,
57,0,176,824,1.0,
58,0,166,834,1.0,
59,0,156,844,1.0,
60,0,145,855,1.0,
61,0,140,860,1.0,
62,0,138,862,1.0,
63,0,133,867,1.0,
64,0,124,876,1.0,
65,0,118,882,1.0,
66,0,115,885,1.0,
67,0,107,893,1.0,
68,0,100,900,1.0,
69,0,95,905,1.0,
70,0,91,909,1.0,
71,0,89,911,1.0,
72,0,86,914,1.0,
73,0,85,915,1.0,
74,0,82,918,1.0,
75,0,81,919,1.0,
76,0,79,921,1.0,
77,0,78,922,1.0,
78,0,75,925,1.0,
79,0,72,928,1.0,
80,0,66,934,1.0,
81,0,61,939,1.0,
82,0,59,941,1.0,
83,0,57,943,1.0,
84,0,54,946,1.0,
85,0,52,948,1.0,
86,0,49,951,1.0,
87,0,47,953,1.0,
88,0,45,955,1.0,
89,0,44,956,1.0,
90,0,43,957,1.0,
91,0,43,957,1.0,
92,0,41,959,1.0,
93,0,39,961,1.0,
94,0,39,961,1.0,
95,0,38,962,1.0,
96,0,37,963,1.0,
97,0,36,964,1.0,
98,0,34,966,1.0,
99,0,34,966,1.0,
100,0,33,967,1.0,
101,0,32,968,1.0,
102,0,30,970,1.0,
103,0,30,970,1.0,
104,0,30,970,1.0,
105,0,30,970,1.0,
106,0,26,974,1.0,
107,0,25,975,1.0,
108,0,25,975,1.0,
109,0,25,975,1.0,
110,0,24,976,1.0,
111,0,23,977,1.0,
112,0,22,978,1.0,
113,0,21,979,1.0,
114,0,20,980,1.0,
115,0,18,982,1.0,
116,0,17,983,1.0,
117,0,17,983,1.0,
118,0,16,984,1.0,
119,0,16,984,1.0,
120,0,16,984,1.0,
121,0,15,985,1.0,
122,0,15,985,1.0,
123,0,15,985,1.0,
124,0,14,986,1.0,
125,0,13,987,1.0,
126,0,13,987,1.0,
127,0,13,987,1.0,
128,0,11,989,1.0,
129,0,11,989,1.0,
130,0,10,990,1.0,
131,0,9,991,1.0,
132,0,8,992,1.0,
133,0,7,993,1.0,
134,0,7,993,1.0,
135,0,6,994,1.0,
136,0,6,994,1.0,
137,0,5,995,1.0,
138,0,5,995,1.0,
139,0,5,995,1.0,
140,0,5,995,1.0,
141,0,4,996,1.0,
142,0,4,996,1.0,
143,0,4,996,1.0,
144,0,4,996,1.0,
145,0,3,997,1.0,
146,0,3,997,1.0,
147,0,2,998,1.0,
148,0,2,998,1.0,
149,0,2,998,1.0,
150,0,2,998,1.0,
151,0,2,998,1.0,
152,0,2,998,1.0,
153,0,2,998,1.0,
154,0,2,998,1.0,
155,0,2,998,1.0,
156,0,2,998,1.0,
157,0,2,998,1.0,
158,0,2,998,1.0,
159,0,2,998,1.0,
160,0,2,998,1.0,
161,0,2,998,1.0,
162,0,2,998,1.0,
163,0,2,998,1.0,
164,0,2,998,1.0,
165,0,2,998,1.0,
166,0,2,998,1.0,
167,0,2,998,1.0,
168,0,2,998,1.0,
169,0,1,999,1.0,
170,0,1,999,1.0,
171,0,1,999,1.0,
172,0,1,999,1.0,
173,0,1,999,1.0,
174,0,1,999,1.0,
175,0,1,999,1.0,
176,0,1,999,1.0,
177,0,1,999,1.0,
178,0,1,999,1.0,
179,0,1,999,1.0,
180,0,1,999,1.0,
181,0,1,999,1.0,
182,0,1,999,1.0,
183,0,1,999,1.0,
184,0,1,999,1.0,
185,0,1,999,1.0,
186,0,1,999,1.0,
187,0,1,999,1.0,
188,0,1,999,1.0,
189,0,1,999,1.0,
190,0,1,999,1.0,
191,0,1,999,1.0,
192,0,1,999,1.0,
193,0,1,999,1.0,
194,0,1,999,1.0,
195,0,1,999,1.0,
196,0,1,999,1.0,
197,0,1,999,1.0,
198,0,1,999,1.0,
199,0,1,999,1.0,
200,0,1,999,1.0,
