day,s,i,r,edgecount,suscedgecount
1,496,3,1,0.9952727272727273,1.0
2,490,8,2,0.9874545454545455,0.9959812768226868
3,482,16,2,0.9693636363636363,0.9864720407555795
4,471,27,2,0.949,0.9753087110927908
5,442,53,5,0.9096363636363637,0.9511515699241572
6,416,73,11,0.8877272727272727,0.934623518364297
7,379,107,14,0.8452727272727273,0.8999274226984136
8,344,141,15,0.8160909090909091,0.8681240208306088
9,299,178,23,0.807,0.8402272900039199
10,252,217,31,0.8074545454545454,0.8109915127213728
11,197,263,40,0.8455454545454546,0.8058604242437878
12,141,305,54,0.8731818181818182,0.7768558746363049
13,105,328,67,0.8966363636363637,0.7555907300750268
14,70,348,82,0.9280909090909091,0.7443499584744253
15,42,359,99,0.957,0.7443119768749503
16,23,362,115,0.9854545454545455,0.8426326537446547
17,9,354,137,0.9948181818181818,0.8527434195233407
18,2,345,153,0.9979090909090909,0.740402004936035
19,1,339,160,0.9989090909090909,0.7290112048600961
20,0,325,175,1.0,
21,0,308,192,1.0,
22,0,295,205,1.0,
23,0,280,220,1.0,
24,0,264,236,1.0,
25,0,254,246,1.0,
26,0,246,254,1.0,
27,0,235,265,1.0,
28,0,221,279,1.0,
29,0,214,286,1.0,
30,0,203,297,1.0,
31,0,192,308,1.0,
32,0,189,311,1.0,
33,0,183,317,1.0,
34,0,172,328,1.0,
35,0,167,333,1.0,
36,0,160,340,1.0,
37,0,149,351,1.0,
38,0,144,356,1.0,
39,0,136,364,1.0,
40,0,129,371,1.0,
41,0,127,373,1.0,
42,0,120,380,1.0,
43,0,113,387,1.0,
44,0,102,398,1.0,
45,0,100,400,1.0,
46,0,95,405,1.0,
47,0,91,409,1.0,
48,0,90,410,1.0,
49,0,87,413,1.0,
50,0,83,417,1.0,
51,0,79,421,1.0,
52,0,75,425,1.0,
53,0,68,432,1.0,
54,0,66,434,1.0,
55,0,62,438,1.0,
56,0,59,441,1.0,
57,0,57,443,1.0,
58,0,57,443,1.0,
59,0,54,446,1.0,
60,0,52,448,1.0,
61,0,50,450,1.0,
62,0,47,453,1.0,
63,0,47,453,1.0,
64,0,45,455,1.0,
65,0,45,455,1.0,
66,0,43,457,1.0,
67,0,41,459,1.0,
68,0,40,460,1.0,
69,0,38,462,1.0,
70,0,37,463,1.0,
71,0,37,463,1.0,
72,0,34,466,1.0,
73,0,30,470,1.0,
74,0,29,471,1.0,
75,0,28,472,1.0,
76,0,26,474,1.0,
77,0,25,475,1.0,
78,0,25,475,1.0,
79,0,25,475,1.0,
80,0,25,475,1.0,
81,0,25,475,1.0,
82,0,25,475,1.0,
83,0,24,476,1.0,
84,0,22,478,1.0,
85,0,20,480,1.0,
86,0,19,481,1.0,
87,0,19,481,1.0,
88,0,19,481,1.0,
89,0,19,481,1.0,
90,0,19,481,1.0,
91,0,18,482,1.0,
92,0,18,482,1.0,
93,0,18,482,1.0,
94,0,18,482,1.0,
95,0,18,482,1.0,
96,0,18,482,1.0,
97,0,18,482,1.0,
98,0,17,483,1.0,
99,0,15,485,1.0,
100,0,12,488,1.0,
101,0,12,488,1.0,
102,0,12,488,1.0,
103,0,12,488,1.0,
104,0,11,489,1.0,
105,0,11,489,1.0,
106,0,11,489,1.0,
107,0,11,489,1.0,
108,0,11,489,1.0,
109,0,11,489,1.0,
110,0,11,489,1.0,
111,0,11,489,1.0,
112,0,11,489,1.0,
113,0,11,489,1.0,
114,0,11,489,1.0,
115,0,9,491,1.0,
116,0,9,491,1.0,
117,0,9,491,1.0,
118,0,7,493,1.0,
119,0,7,493,1.0,
120,0,7,493,1.0,
121,0,7,493,1.0,
122,0,7,493,1.0,
123,0,7,493,1.0,
124,0,7,493,1.0,
125,0,7,493,1.0,
126,0,6,494,1.0,
127,0,6,494,1.0,
128,0,4,496,1.0,
129,0,4,496,1.0,
130,0,4,496,1.0,
131,0,4,496,1.0,
132,0,4,496,1.0,
133,0,3,497,1.0,
134,0,3,497,1.0,
135,0,3,497,1.0,
136,0,2,498,1.0,
137,0,2,498,1.0,
138,0,2,498,1.0,
139,0,2,498,1.0,
140,0,1,499,1.0,
141,0,1,499,1.0,
142,0,1,499,1.0,
143,0,0,500,1.0,
144,0,0,500,1.0,
145,0,0,500,1.0,
146,0,0,500,1.0,
147,0,0,500,1.0,
148,0,0,500,1.0,
149,0,0,500,1.0,
150,0,0,500,1.0,
151,0,0,500,1.0,
152,0,0,500,1.0,
153,0,0,500,1.0,
154,0,0,500,1.0,
155,0,0,500,1.0,
156,0,0,500,1.0,
157,0,0,500,1.0,
158,0,0,500,1.0,
159,0,0,500,1.0,
160,0,0,500,1.0,
161,0,0,500,1.0,
162,0,0,500,1.0,
163,0,0,500,1.0,
164,0,0,500,1.0,
165,0,0,500,1.0,
166,0,0,500,1.0,
167,0,0,500,1.0,
168,0,0,500,1.0,
169,0,0,500,1.0,
170,0,0,500,1.0,
171,0,0,500,1.0,
172,0,0,500,1.0,
173,0,0,500,1.0,
174,0,0,500,1.0,
175,0,0,500,1.0,
176,0,0,500,1.0,
177,0,0,500,1.0,
178,0,0,500,1.0,
179,0,0,500,1.0,
180,0,0,500,1.0,
181,0,0,500,1.0,
182,0,0,500,1.0,
183,0,0,500,1.0,
184,0,0,500,1.0,
185,0,0,500,1.0,
186,0,0,500,1.0,
187,0,0,500,1.0,
188,0,0,500,1.0,
189,0,0,500,1.0,
190,0,0,500,1.0,
191,0,0,500,1.0,
192,0,0,500,1.0,
193,0,0,500,1.0,
194,0,0,500,1.0,
195,0,0,500,1.0,
196,0,0,500,1.0,
197,0,0,500,1.0,
198,0,0,500,1.0,
199,0,0,500,1.0,
200,0,0,500,1.0,
1,495,5,0,0.9912727272727273,1.0
2,492,8,0,0.983909090909091,0.9961692347981626
3,480,20,0,0.9620909090909091,0.984528278520559
4,464,36,0,0.9298181818181818,0.9663737101821208
5,435,62,3,0.8815454545454545,0.9362294502501326
6,403,93,4,0.8314545454545454,0.8996402178464824
7,358,135,7,0.778090909090909,0.8491362623616917
8,293,190,17,0.7543636363636363,0.7940572026939877
9,220,253,27,0.7795454545454545,0.7523097359103058
10,146,314,40,0.8576363636363636,0.7576896869455302
11,82,360,58,0.9245454545454546,0.7715681785534365
12,30,397,73,0.9875454545454545,0.8982531686812492
13,1,415,84,0.9997272727272727,0.9309813701468754
14,0,393,107,1.0,
15,0,378,122,1.0,
16,0,372,128,1.0,
17,0,358,142,1.0,
18,0,338,162,1.0,
19,0,328,172,1.0,
20,0,314,186,1.0,
21,0,300,200,1.0,
22,0,284,216,1.0,
23,0,270,230,1.0,
24,0,260,240,1.0,
25,0,245,255,1.0,
26,0,235,265,1.0,
27,0,222,278,1.0,
28,0,208,292,1.0,
29,0,202,298,1.0,
30,0,194,306,1.0,
31,0,184,316,1.0,
32,0,182,318,1.0,
33,0,175,325,1.0,
34,0,170,330,1.0,
35,0,167,333,1.0,
36,0,161,339,1.0,
37,0,155,345,1.0,
38,0,147,353,1.0,
39,0,142,358,1.0,
40,0,136,364,1.0,
41,0,132,368,1.0,
42,0,125,375,1.0,
43,0,116,384,1.0,
44,0,114,386,1.0,
45,0,108,392,1.0,
46,0,103,397,1.0,
47,0,101,399,1.0,
48,0,96,404,1.0,
49,0,92,408,1.0,
50,0,87,413,1.0,
51,0,82,418,1.0,
52,0,81,419,1.0,
53,0,80,420,1.0,
54,0,75,425,1.0,
55,0,73,427,1.0,
56,0,69,431,1.0,
57,0,66,434,1.0,
58,0,62,438,1.0,
59,0,59,441,1.0,
60,0,57,443,1.0,
61,0,57,443,1.0,
62,0,54,446,1.0,
63,0,52,448,1.0,
64,0,50,450,1.0,
65,0,49,451,1.0,
66,0,45,455,1.0,
67,0,42,458,1.0,
68,0,39,461,1.0,
69,0,39,461,1.0,
70,0,38,462,1.0,
71,0,35,465,1.0,
72,0,35,465,1.0,
73,0,35,465,1.0,
74,0,33,467,1.0,
75,0,29,471,1.0,
76,0,28,472,1.0,
77,0,28,472,1.0,
78,0,27,473,1.0,
79,0,27,473,1.0,
80,0,25,475,1.0,
81,0,23,477,1.0,
82,0,21,479,1.0,
83,0,21,479,1.0,
84,0,21,479,1.0,
85,0,20,480,1.0,
86,0,18,482,1.0,
87,0,18,482,1.0,
88,0,18,482,1.0,
89,0,17,483,1.0,
90,0,15,485,1.0,
91,0,14,486,1.0,
92,0,13,487,1.0,
93,0,13,487,1.0,
94,0,12,488,1.0,
95,0,12,488,1.0,
96,0,11,489,1.0,
97,0,11,489,1.0,
98,0,11,489,1.0,
99,0,11,489,1.0,
100,0,9,491,1.0,
101,0,9,491,1.0,
102,0,9,491,1.0,
103,0,9,491,1.0,
104,0,9,491,1.0,
105,0,9,491,1.0,
106,0,9,491,1.0,
107,0,9,491,1.0,
108,0,9,491,1.0,
109,0,9,491,1.0,
110,0,8,492,1.0,
111,0,8,492,1.0,
112,0,8,492,1.0,
113,0,8,492,1.0,
114,0,8,492,1.0,
115,0,8,492,1.0,
116,0,7,493,1.0,
117,0,6,494,1.0,
118,0,6,494,1.0,
119,0,6,494,1.0,
120,0,6,494,1.0,
121,0,6,494,1.0,
122,0,6,494,1.0,
123,0,6,494,1.0,
124,0,6,494,1.0,
125,0,5,495,1.0,
126,0,5,495,1.0,
127,0,5,495,1.0,
128,0,5,495,1.0,
129,0,5,495,1.0,
130,0,5,495,1.0,
131,0,5,495,1.0,
132,0,5,495,1.0,
133,0,5,495,1.0,
134,0,5,495,1.0,
135,0,5,495,1.0,
136,0,5,495,1.0,
137,0,5,495,1.0,
138,0,5,495,1.0,
139,0,5,495,1.0,
140,0,5,495,1.0,
141,0,5,495,1.0,
142,0,5,495,1.0,
143,0,4,496,1.0,
144,0,4,496,1.0,
145,0,4,496,1.0,
146,0,4,496,1.0,
147,0,4,496,1.0,
148,0,4,496,1.0,
149,0,4,496,1.0,
150,0,4,496,1.0,
151,0,4,496,1.0,
152,0,4,496,1.0,
153,0,4,496,1.0,
154,0,4,496,1.0,
155,0,4,496,1.0,
156,0,4,496,1.0,
157,0,4,496,1.0,
158,0,4,496,1.0,
159,0,4,496,1.0,
160,0,4,496,1.0,
161,0,4,496,1.0,
162,0,4,496,1.0,
163,0,4,496,1.0,
164,0,4,496,1.0,
165,0,4,496,1.0,
166,0,4,496,1.0,
167,0,4,496,1.0,
168,0,4,496,1.0,
169,0,4,496,1.0,
170,0,4,496,1.0,
171,0,3,497,1.0,
172,0,2,498,1.0,
173,0,2,498,1.0,
174,0,2,498,1.0,
175,0,2,498,1.0,
176,0,2,498,1.0,
177,0,2,498,1.0,
178,0,2,498,1.0,
179,0,2,498,1.0,
180,0,2,498,1.0,
181,0,2,498,1.0,
182,0,2,498,1.0,
183,0,2,498,1.0,
184,0,2,498,1.0,
185,0,2,498,1.0,
186,0,2,498,1.0,
187,0,2,498,1.0,
188,0,2,498,1.0,
189,0,2,498,1.0,
190,0,2,498,1.0,
191,0,2,498,1.0,
192,0,2,498,1.0,
193,0,2,498,1.0,
194,0,1,499,1.0,
195,0,1,499,1.0,
196,0,1,499,1.0,
197,0,1,499,1.0,
198,0,1,499,1.0,
199,0,1,499,1.0,
200,0,1,499,1.0,
1,493,7,0,0.9876363636363636,1.0
2,485,14,1,0.9746363636363636,0.993150495430034
3,475,24,1,0.9557272727272728,0.9828044470034324
4,461,35,4,0.9352727272727273,0.9709365823577801
5,446,50,4,0.9067272727272727,0.953696874381437
6,416,75,9,0.861909090909091,0.9226275240728945
7,376,105,19,0.8268181818181818,0.890295586872688
8,337,141,22,0.7935454545454546,0.8520361661444954
9,272,196,32,0.7898181818181819,0.8118609300831151
10,220,239,41,0.8059090909090909,0.7841392417271716
11,154,293,53,0.8532727272727273,0.7671423317280559
12,102,333,65,0.8954545454545455,0.7488469878772422
13,63,353,84,0.9393636363636364,0.7649112007794762
14,28,376,96,0.9788181818181818,0.8139556085502574
15,10,385,105,0.9955454545454545,0.892207453979084
16,2,376,122,0.9997272727272727,0.9720148570642317
17,0,368,132,1.0,
18,0,353,147,1.0,
19,0,339,161,1.0,
20,0,324,176,1.0,
21,0,313,187,1.0,
22,0,302,198,1.0,
23,0,288,212,1.0,
24,0,275,225,1.0,
25,0,261,239,1.0,
26,0,253,247,1.0,
27,0,236,264,1.0,
28,0,230,270,1.0,
29,0,217,283,1.0,
30,0,212,288,1.0,
31,0,197,303,1.0,
32,0,190,310,1.0,
33,0,183,317,1.0,
34,0,173,327,1.0,
35,0,166,334,1.0,
36,0,156,344,1.0,
37,0,149,351,1.0,
38,0,143,357,1.0,
39,0,140,360,1.0,
40,0,132,368,1.0,
41,0,126,374,1.0,
42,0,118,382,1.0,
43,0,114,386,1.0,
44,0,107,393,1.0,
45,0,104,396,1.0,
46,0,102,398,1.0,
47,0,96,404,1.0,
48,0,91,409,1.0,
49,0,90,410,1.0,
50,0,89,411,1.0,
51,0,84,416,1.0,
52,0,83,417,1.0,
53,0,82,418,1.0,
54,0,76,424,1.0,
55,0,72,428,1.0,
56,0,70,430,1.0,
57,0,68,432,1.0,
58,0,65,435,1.0,
59,0,64,436,1.0,
60,0,62,438,1.0,
61,0,60,440,1.0,
62,0,58,442,1.0,
63,0,56,444,1.0,
64,0,53,447,1.0,
65,0,52,448,1.0,
66,0,51,449,1.0,
67,0,47,453,1.0,
68,0,46,454,1.0,
69,0,44,456,1.0,
70,0,41,459,1.0,
71,0,38,462,1.0,
72,0,37,463,1.0,
73,0,34,466,1.0,
74,0,34,466,1.0,
75,0,34,466,1.0,
76,0,31,469,1.0,
77,0,30,470,1.0,
78,0,27,473,1.0,
79,0,26,474,1.0,
80,0,24,476,1.0,
81,0,23,477,1.0,
82,0,23,477,1.0,
83,0,21,479,1.0,
84,0,20,480,1.0,
85,0,20,480,1.0,
86,0,16,484,1.0,
87,0,16,484,1.0,
88,0,16,484,1.0,
89,0,14,486,1.0,
90,0,13,487,1.0,
91,0,11,489,1.0,
92,0,10,490,1.0,
93,0,10,490,1.0,
94,0,10,490,1.0,
95,0,10,490,1.0,
96,0,8,492,1.0,
97,0,8,492,1.0,
98,0,8,492,1.0,
99,0,8,492,1.0,
100,0,8,492,1.0,
101,0,8,492,1.0,
102,0,8,492,1.0,
103,0,8,492,1.0,
104,0,7,493,1.0,
105,0,7,493,1.0,
106,0,6,494,1.0,
107,0,6,494,1.0,
108,0,6,494,1.0,
109,0,6,494,1.0,
110,0,5,495,1.0,
111,0,5,495,1.0,
112,0,5,495,1.0,
113,0,5,495,1.0,
114,0,5,495,1.0,
115,0,5,495,1.0,
116,0,5,495,1.0,
117,0,5,495,1.0,
118,0,4,496,1.0,
119,0,4,496,1.0,
120,0,4,496,1.0,
121,0,4,496,1.0,
122,0,4,496,1.0,
123,0,4,496,1.0,
124,0,4,496,1.0,
125,0,4,496,1.0,
126,0,3,497,1.0,
127,0,3,497,1.0,
128,0,3,497,1.0,
129,0,3,497,1.0,
130,0,3,497,1.0,
131,0,3,497,1.0,
132,0,3,497,1.0,
133,0,3,497,1.0,
134,0,3,497,1.0,
135,0,3,497,1.0,
136,0,3,497,1.0,
137,0,3,497,1.0,
138,0,3,497,1.0,
139,0,3,497,1.0,
140,0,3,497,1.0,
141,0,3,497,1.0,
142,0,3,497,1.0,
143,0,3,497,1.0,
144,0,3,497,1.0,
145,0,3,497,1.0,
146,0,3,497,1.0,
147,0,3,497,1.0,
148,0,3,497,1.0,
149,0,3,497,1.0,
150,0,3,497,1.0,
151,0,3,497,1.0,
152,0,3,497,1.0,
153,0,2,498,1.0,
154,0,1,499,1.0,
155,0,1,499,1.0,
156,0,1,499,1.0,
157,0,1,499,1.0,
158,0,1,499,1.0,
159,0,1,499,1.0,
160,0,1,499,1.0,
161,0,1,499,1.0,
162,0,1,499,1.0,
163,0,1,499,1.0,
164,0,1,499,1.0,
165,0,1,499,1.0,
166,0,1,499,1.0,
167,0,1,499,1.0,
168,0,1,499,1.0,
169,0,1,499,1.0,
170,0,1,499,1.0,
171,0,1,499,1.0,
172,0,1,499,1.0,
173,0,1,499,1.0,
174,0,1,499,1.0,
175,0,1,499,1.0,
176,0,1,499,1.0,
177,0,1,499,1.0,
178,0,1,499,1.0,
179,0,1,499,1.0,
180,0,1,499,1.0,
181,0,1,499,1.0,
182,0,0,500,1.0,
183,0,0,500,1.0,
184,0,0,500,1.0,
185,0,0,500,1.0,
186,0,0,500,1.0,
187,0,0,500,1.0,
188,0,0,500,1.0,
189,0,0,500,1.0,
190,0,0,500,1.0,
191,0,0,500,1.0,
192,0,0,500,1.0,
193,0,0,500,1.0,
194,0,0,500,1.0,
195,0,0,500,1.0,
196,0,0,500,1.0,
197,0,0,500,1.0,
198,0,0,500,1.0,
199,0,0,500,1.0,
200,0,0,500,1.0,
1,497,3,0,0.994,1.0
2,494,6,0,0.9927272727272727,0.9993250052277236
3,485,14,1,0.9741818181818181,0.9895731690849922
4,471,28,1,0.945,0.9736082945116619
5,449,47,4,0.9102727272727272,0.952931107400454
6,419,73,8,0.8671818181818182,0.9235981979039636
7,389,101,10,0.8254545454545454,0.8905410345171184
8,341,144,15,0.7800909090909091,0.8413125729384392
9,294,186,20,0.7696363636363637,0.8068677584142399
10,237,238,25,0.7821818181818182,0.7725554956395577
11,176,284,40,0.8369090909090909,0.7704102114850362
12,111,336,53,0.8963636363636364,0.7673267027850259
13,64,370,66,0.9384545454545454,0.7588049197935505
14,33,386,81,0.9735454545454545,0.7984256063625877
15,16,395,89,0.9898181818181818,0.8405679893586075
16,5,394,101,0.9986363636363637,0.9323801986522966
17,0,377,123,1.0,
18,0,361,139,1.0,
19,0,347,153,1.0,
20,0,331,169,1.0,
21,0,309,191,1.0,
22,0,297,203,1.0,
23,0,284,216,1.0,
24,0,272,228,1.0,
25,0,266,234,1.0,
26,0,246,254,1.0,
27,0,236,264,1.0,
28,0,226,274,1.0,
29,0,212,288,1.0,
30,0,203,297,1.0,
31,0,200,300,1.0,
32,0,191,309,1.0,
33,0,184,316,1.0,
34,0,178,322,1.0,
35,0,170,330,1.0,
36,0,161,339,1.0,
37,0,151,349,1.0,
38,0,145,355,1.0,
39,0,139,361,1.0,
40,0,131,369,1.0,
41,0,129,371,1.0,
42,0,124,376,1.0,
43,0,120,380,1.0,
44,0,115,385,1.0,
45,0,112,388,1.0,
46,0,108,392,1.0,
47,0,101,399,1.0,
48,0,100,400,1.0,
49,0,96,404,1.0,
50,0,94,406,1.0,
51,0,91,409,1.0,
52,0,89,411,1.0,
53,0,84,416,1.0,
54,0,79,421,1.0,
55,0,74,426,1.0,
56,0,70,430,1.0,
57,0,65,435,1.0,
58,0,62,438,1.0,
59,0,60,440,1.0,
60,0,56,444,1.0,
61,0,54,446,1.0,
62,0,53,447,1.0,
63,0,49,451,1.0,
64,0,47,453,1.0,
65,0,46,454,1.0,
66,0,45,455,1.0,
67,0,45,455,1.0,
68,0,43,457,1.0,
69,0,39,461,1.0,
70,0,38,462,1.0,
71,0,37,463,1.0,
72,0,36,464,1.0,
73,0,35,465,1.0,
74,0,34,466,1.0,
75,0,31,469,1.0,
76,0,30,470,1.0,
77,0,29,471,1.0,
78,0,27,473,1.0,
79,0,27,473,1.0,
80,0,26,474,1.0,
81,0,25,475,1.0,
82,0,24,476,1.0,
83,0,24,476,1.0,
84,0,24,476,1.0,
85,0,22,478,1.0,
86,0,21,479,1.0,
87,0,20,480,1.0,
88,0,17,483,1.0,
89,0,16,484,1.0,
90,0,16,484,1.0,
91,0,16,484,1.0,
92,0,16,484,1.0,
93,0,14,486,1.0,
94,0,12,488,1.0,
95,0,11,489,1.0,
96,0,11,489,1.0,
97,0,11,489,1.0,
98,0,11,489,1.0,
99,0,11,489,1.0,
100,0,10,490,1.0,
101,0,10,490,1.0,
102,0,10,490,1.0,
103,0,10,490,1.0,
104,0,10,490,1.0,
105,0,10,490,1.0,
106,0,9,491,1.0,
107,0,9,491,1.0,
108,0,9,491,1.0,
109,0,8,492,1.0,
110,0,8,492,1.0,
111,0,7,493,1.0,
112,0,7,493,1.0,
113,0,6,494,1.0,
114,0,6,494,1.0,
115,0,6,494,1.0,
116,0,6,494,1.0,
117,0,6,494,1.0,
118,0,6,494,1.0,
119,0,5,495,1.0,
120,0,5,495,1.0,
121,0,5,495,1.0,
122,0,5,495,1.0,
123,0,5,495,1.0,
124,0,5,495,1.0,
125,0,5,495,1.0,
126,0,5,495,1.0,
127,0,5,495,1.0,
128,0,5,495,1.0,
129,0,4,496,1.0,
130,0,4,496,1.0,
131,0,4,496,1.0,
132,0,4,496,1.0,
133,0,4,496,1.0,
134,0,4,496,1.0,
135,0,4,496,1.0,
136,0,4,496,1.0,
137,0,4,496,1.0,
138,0,4,496,1.0,
139,0,4,496,1.0,
140,0,4,496,1.0,
141,0,4,496,1.0,
142,0,3,497,1.0,
143,0,3,497,1.0,
144,0,2,498,1.0,
145,0,2,498,1.0,
146,0,2,498,1.0,
147,0,2,498,1.0,
148,0,2,498,1.0,
149,0,2,498,1.0,
150,0,1,499,1.0,
151,0,1,499,1.0,
152,0,1,499,1.0,
153,0,1,499,1.0,
154,0,1,499,1.0,
155,0,1,499,1.0,
156,0,1,499,1.0,
157,0,1,499,1.0,
158,0,1,499,1.0,
159,0,1,499,1.0,
160,0,1,499,1.0,
161,0,1,499,1.0,
162,0,1,499,1.0,
163,0,1,499,1.0,
164,0,1,499,1.0,
165,0,1,499,1.0,
166,0,0,500,1.0,
167,0,0,500,1.0,
168,0,0,500,1.0,
169,0,0,500,1.0,
170,0,0,500,1.0,
171,0,0,500,1.0,
172,0,0,500,1.0,
173,0,0,500,1.0,
174,0,0,500,1.0,
175,0,0,500,1.0,
176,0,0,500,1.0,
177,0,0,500,1.0,
178,0,0,500,1.0,
179,0,0,500,1.0,
180,0,0,500,1.0,
181,0,0,500,1.0,
182,0,0,500,1.0,
183,0,0,500,1.0,
184,0,0,500,1.0,
185,0,0,500,1.0,
186,0,0,500,1.0,
187,0,0,500,1.0,
188,0,0,500,1.0,
189,0,0,500,1.0,
190,0,0,500,1.0,
191,0,0,500,1.0,
192,0,0,500,1.0,
193,0,0,500,1.0,
194,0,0,500,1.0,
195,0,0,500,1.0,
196,0,0,500,1.0,
197,0,0,500,1.0,
198,0,0,500,1.0,
199,0,0,500,1.0,
200,0,0,500,1.0,
1,499,1,0,1.0,1.0
2,496,4,0,0.993909090909091,0.9969155628257651
3,490,10,0,0.9807272727272728,0.9901419103604762
4,478,21,1,0.9605454545454546,0.9793287566220988
5,451,44,5,0.9200909090909091,0.9557111297378349
6,427,66,7,0.879,0.9290558844924915
7,404,87,9,0.8449090909090909,0.9039481117593791
8,365,122,13,0.8023636363636364,0.8647622817144416
9,310,169,21,0.7774545454545455,0.8208108991388272
10,244,226,30,0.775,0.7696888169652928
11,182,279,39,0.8301818181818181,0.7664369220284906
12,111,338,51,0.8851818181818182,0.740324064511247
13,58,376,66,0.9530909090909091,0.7955630576434509
14,21,393,86,0.9931818181818182,0.917959460672862
15,3,391,106,0.9995454545454545,0.9600722673893406
16,1,380,119,0.9999090909090909,0.9777777777777777
17,0,370,130,1.0,
18,0,358,142,1.0,
19,0,342,158,1.0,
20,0,332,168,1.0,
21,0,314,186,1.0,
22,0,303,197,1.0,
23,0,291,209,1.0,
24,0,284,216,1.0,
25,0,271,229,1.0,
26,0,264,236,1.0,
27,0,250,250,1.0,
28,0,242,258,1.0,
29,0,233,267,1.0,
30,0,224,276,1.0,
31,0,212,288,1.0,
32,0,198,302,1.0,
33,0,187,313,1.0,
34,0,179,321,1.0,
35,0,172,328,1.0,
36,0,163,337,1.0,
37,0,159,341,1.0,
38,0,153,347,1.0,
39,0,146,354,1.0,
40,0,143,357,1.0,
41,0,132,368,1.0,
42,0,129,371,1.0,
43,0,126,374,1.0,
44,0,116,384,1.0,
45,0,111,389,1.0,
46,0,104,396,1.0,
47,0,96,404,1.0,
48,0,91,409,1.0,
49,0,87,413,1.0,
50,0,82,418,1.0,
51,0,78,422,1.0,
52,0,77,423,1.0,
53,0,74,426,1.0,
54,0,74,426,1.0,
55,0,72,428,1.0,
56,0,69,431,1.0,
57,0,65,435,1.0,
58,0,62,438,1.0,
59,0,61,439,1.0,
60,0,59,441,1.0,
61,0,56,444,1.0,
62,0,52,448,1.0,
63,0,50,450,1.0,
64,0,49,451,1.0,
65,0,47,453,1.0,
66,0,47,453,1.0,
67,0,45,455,1.0,
68,0,44,456,1.0,
69,0,42,458,1.0,
70,0,39,461,1.0,
71,0,38,462,1.0,
72,0,38,462,1.0,
73,0,36,464,1.0,
74,0,36,464,1.0,
75,0,34,466,1.0,
76,0,34,466,1.0,
77,0,34,466,1.0,
78,0,34,466,1.0,
79,0,33,467,1.0,
80,0,33,467,1.0,
81,0,29,471,1.0,
82,0,28,472,1.0,
83,0,28,472,1.0,
84,0,28,472,1.0,
85,0,26,474,1.0,
86,0,25,475,1.0,
87,0,24,476,1.0,
88,0,24,476,1.0,
89,0,24,476,1.0,
90,0,24,476,1.0,
91,0,23,477,1.0,
92,0,23,477,1.0,
93,0,22,478,1.0,
94,0,21,479,1.0,
95,0,21,479,1.0,
96,0,19,481,1.0,
97,0,18,482,1.0,
98,0,15,485,1.0,
99,0,14,486,1.0,
100,0,13,487,1.0,
101,0,13,487,1.0,
102,0,12,488,1.0,
103,0,12,488,1.0,
104,0,9,491,1.0,
105,0,8,492,1.0,
106,0,8,492,1.0,
107,0,8,492,1.0,
108,0,8,492,1.0,
109,0,8,492,1.0,
110,0,8,492,1.0,
111,0,8,492,1.0,
112,0,8,492,1.0,
113,0,8,492,1.0,
114,0,8,492,1.0,
115,0,8,492,1.0,
116,0,8,492,1.0,
117,0,8,492,1.0,
118,0,6,494,1.0,
119,0,6,494,1.0,
120,0,6,494,1.0,
121,0,6,494,1.0,
122,0,6,494,1.0,
123,0,6,494,1.0,
124,0,6,494,1.0,
125,0,6,494,1.0,
126,0,6,494,1.0,
127,0,5,495,1.0,
128,0,5,495,1.0,
129,0,4,496,1.0,
130,0,4,496,1.0,
131,0,4,496,1.0,
132,0,4,496,1.0,
133,0,4,496,1.0,
134,0,4,496,1.0,
135,0,3,497,1.0,
136,0,3,497,1.0,
137,0,3,497,1.0,
138,0,3,497,1.0,
139,0,2,498,1.0,
140,0,2,498,1.0,
141,0,2,498,1.0,
142,0,2,498,1.0,
143,0,2,498,1.0,
144,0,2,498,1.0,
145,0,2,498,1.0,
146,0,2,498,1.0,
147,0,2,498,1.0,
148,0,1,499,1.0,
149,0,1,499,1.0,
150,0,1,499,1.0,
151,0,1,499,1.0,
152,0,1,499,1.0,
153,0,1,499,1.0,
154,0,1,499,1.0,
155,0,1,499,1.0,
156,0,1,499,1.0,
157,0,1,499,1.0,
158,0,0,500,1.0,
159,0,0,500,1.0,
160,0,0,500,1.0,
161,0,0,500,1.0,
162,0,0,500,1.0,
163,0,0,500,1.0,
164,0,0,500,1.0,
165,0,0,500,1.0,
166,0,0,500,1.0,
167,0,0,500,1.0,
168,0,0,500,1.0,
169,0,0,500,1.0,
170,0,0,500,1.0,
171,0,0,500,1.0,
172,0,0,500,1.0,
173,0,0,500,1.0,
174,0,0,500,1.0,
175,0,0,500,1.0,
176,0,0,500,1.0,
177,0,0,500,1.0,
178,0,0,500,1.0,
179,0,0,500,1.0,
180,0,0,500,1.0,
181,0,0,500,1.0,
182,0,0,500,1.0,
183,0,0,500,1.0,
184,0,0,500,1.0,
185,0,0,500,1.0,
186,0,0,500,1.0,
187,0,0,500,1.0,
188,0,0,500,1.0,
189,0,0,500,1.0,
190,0,0,500,1.0,
191,0,0,500,1.0,
192,0,0,500,1.0,
193,0,0,500,1.0,
194,0,0,500,1.0,
195,0,0,500,1.0,
196,0,0,500,1.0,
197,0,0,500,1.0,
198,0,0,500,1.0,
199,0,0,500,1.0,
200,0,0,500,1.0,
1,495,5,0,0.992909090909091,1.0
2,489,10,1,0.9817272727272728,0.9942189383326726
3,479,20,1,0.9630909090909091,0.9842884217110117
4,453,45,2,0.904,0.9504608310503985
5,423,73,4,0.8438181818181818,0.9108400276081421
6,375,112,13,0.7856363636363637,0.8600747544790946
7,326,147,27,0.7563636363636363,0.8158787554220539
8,278,191,31,0.7476363636363637,0.7755019502200935
9,211,255,34,0.795,0.7588822701195951
10,131,320,49,0.8795454545454545,0.7708899686943985
11,69,369,62,0.9342727272727273,0.7612066826016114
12,35,384,81,0.9688181818181818,0.7761939724792944
13,13,391,96,0.9924545454545455,0.8531030714392993
14,4,386,110,0.9984545454545455,0.9012860542825688
15,1,372,127,0.9999090909090909,0.9813499553951688
16,0,355,145,1.0,
17,0,336,164,1.0,
18,0,321,179,1.0,
19,0,306,194,1.0,
20,0,292,208,1.0,
21,0,274,226,1.0,
22,0,262,238,1.0,
23,0,251,249,1.0,
24,0,239,261,1.0,
25,0,231,269,1.0,
26,0,224,276,1.0,
27,0,219,281,1.0,
28,0,212,288,1.0,
29,0,204,296,1.0,
30,0,197,303,1.0,
31,0,191,309,1.0,
32,0,182,318,1.0,
33,0,177,323,1.0,
34,0,170,330,1.0,
35,0,160,340,1.0,
36,0,152,348,1.0,
37,0,148,352,1.0,
38,0,142,358,1.0,
39,0,138,362,1.0,
40,0,134,366,1.0,
41,0,125,375,1.0,
42,0,119,381,1.0,
43,0,115,385,1.0,
44,0,111,389,1.0,
45,0,108,392,1.0,
46,0,106,394,1.0,
47,0,103,397,1.0,
48,0,97,403,1.0,
49,0,94,406,1.0,
50,0,90,410,1.0,
51,0,88,412,1.0,
52,0,81,419,1.0,
53,0,78,422,1.0,
54,0,74,426,1.0,
55,0,71,429,1.0,
56,0,68,432,1.0,
57,0,67,433,1.0,
58,0,67,433,1.0,
59,0,64,436,1.0,
60,0,58,442,1.0,
61,0,56,444,1.0,
62,0,51,449,1.0,
63,0,49,451,1.0,
64,0,49,451,1.0,
65,0,49,451,1.0,
66,0,47,453,1.0,
67,0,46,454,1.0,
68,0,41,459,1.0,
69,0,40,460,1.0,
70,0,38,462,1.0,
71,0,37,463,1.0,
72,0,36,464,1.0,
73,0,35,465,1.0,
74,0,33,467,1.0,
75,0,31,469,1.0,
76,0,31,469,1.0,
77,0,30,470,1.0,
78,0,30,470,1.0,
79,0,29,471,1.0,
80,0,29,471,1.0,
81,0,29,471,1.0,
82,0,28,472,1.0,
83,0,25,475,1.0,
84,0,23,477,1.0,
85,0,23,477,1.0,
86,0,23,477,1.0,
87,0,20,480,1.0,
88,0,20,480,1.0,
89,0,20,480,1.0,
90,0,19,481,1.0,
91,0,18,482,1.0,
92,0,17,483,1.0,
93,0,15,485,1.0,
94,0,15,485,1.0,
95,0,14,486,1.0,
96,0,14,486,1.0,
97,0,14,486,1.0,
98,0,14,486,1.0,
99,0,14,486,1.0,
100,0,14,486,1.0,
101,0,13,487,1.0,
102,0,13,487,1.0,
103,0,13,487,1.0,
104,0,13,487,1.0,
105,0,13,487,1.0,
106,0,13,487,1.0,
107,0,12,488,1.0,
108,0,12,488,1.0,
109,0,11,489,1.0,
110,0,11,489,1.0,
111,0,11,489,1.0,
112,0,11,489,1.0,
113,0,11,489,1.0,
114,0,10,490,1.0,
115,0,9,491,1.0,
116,0,9,491,1.0,
117,0,9,491,1.0,
118,0,9,491,1.0,
119,0,9,491,1.0,
120,0,9,491,1.0,
121,0,8,492,1.0,
122,0,8,492,1.0,
123,0,8,492,1.0,
124,0,7,493,1.0,
125,0,7,493,1.0,
126,0,6,494,1.0,
127,0,6,494,1.0,
128,0,6,494,1.0,
129,0,6,494,1.0,
130,0,6,494,1.0,
131,0,5,495,1.0,
132,0,5,495,1.0,
133,0,5,495,1.0,
134,0,5,495,1.0,
135,0,5,495,1.0,
136,0,4,496,1.0,
137,0,4,496,1.0,
138,0,4,496,1.0,
139,0,4,496,1.0,
140,0,4,496,1.0,
141,0,2,498,1.0,
142,0,2,498,1.0,
143,0,2,498,1.0,
144,0,2,498,1.0,
145,0,2,498,1.0,
146,0,2,498,1.0,
147,0,2,498,1.0,
148,0,1,499,1.0,
149,0,1,499,1.0,
150,0,1,499,1.0,
151,0,1,499,1.0,
152,0,1,499,1.0,
153,0,1,499,1.0,
154,0,1,499,1.0,
155,0,1,499,1.0,
156,0,1,499,1.0,
157,0,0,500,1.0,
158,0,0,500,1.0,
159,0,0,500,1.0,
160,0,0,500,1.0,
161,0,0,500,1.0,
162,0,0,500,1.0,
163,0,0,500,1.0,
164,0,0,500,1.0,
165,0,0,500,1.0,
166,0,0,500,1.0,
167,0,0,500,1.0,
168,0,0,500,1.0,
169,0,0,500,1.0,
170,0,0,500,1.0,
171,0,0,500,1.0,
172,0,0,500,1.0,
173,0,0,500,1.0,
174,0,0,500,1.0,
175,0,0,500,1.0,
176,0,0,500,1.0,
177,0,0,500,1.0,
178,0,0,500,1.0,
179,0,0,500,1.0,
180,0,0,500,1.0,
181,0,0,500,1.0,
182,0,0,500,1.0,
183,0,0,500,1.0,
184,0,0,500,1.0,
185,0,0,500,1.0,
186,0,0,500,1.0,
187,0,0,500,1.0,
188,0,0,500,1.0,
189,0,0,500,1.0,
190,0,0,500,1.0,
191,0,0,500,1.0,
192,0,0,500,1.0,
193,0,0,500,1.0,
194,0,0,500,1.0,
195,0,0,500,1.0,
196,0,0,500,1.0,
197,0,0,500,1.0,
198,0,0,500,1.0,
199,0,0,500,1.0,
200,0,0,500,1.0,
1,495,4,1,0.9941818181818182,1.0
2,490,9,1,0.983,0.9942810317161228
3,480,18,2,0.9666363636363636,0.9855419462416439
4,473,23,4,0.955,0.9790918394706898
5,447,45,8,0.9073636363636364,0.951056582757363
6,416,72,12,0.8611818181818182,0.9193187227144235
7,378,103,19,0.8223636363636364,0.8851290778851114
8,338,135,27,0.7900909090909091,0.8471548243311456
9,289,181,30,0.771090909090909,0.8042088354927139
10,228,237,35,0.7981818181818182,0.7804800688568152
11,154,300,46,0.8514545454545455,0.760142928557096
12,93,343,64,0.9056363636363637,0.7466426217054583
13,38,388,74,0.9752727272727273,0.8363478705807242
14,9,400,91,0.9972727272727273,0.9244619419836847
15,1,389,110,0.9997272727272727,0.929533512981344
16,0,372,128,1.0,
17,0,360,140,1.0,
18,0,346,154,1.0,
19,0,336,164,1.0,
20,0,323,177,1.0,
21,0,308,192,1.0,
22,0,299,201,1.0,
23,0,290,210,1.0,
24,0,278,222,1.0,
25,0,268,232,1.0,
26,0,252,248,1.0,
27,0,242,258,1.0,
28,0,231,269,1.0,
29,0,224,276,1.0,
30,0,214,286,1.0,
31,0,204,296,1.0,
32,0,195,305,1.0,
33,0,188,312,1.0,
34,0,180,320,1.0,
35,0,172,328,1.0,
36,0,169,331,1.0,
37,0,161,339,1.0,
38,0,155,345,1.0,
39,0,149,351,1.0,
40,0,142,358,1.0,
41,0,140,360,1.0,
42,0,132,368,1.0,
43,0,127,373,1.0,
44,0,119,381,1.0,
45,0,115,385,1.0,
46,0,110,390,1.0,
47,0,104,396,1.0,
48,0,102,398,1.0,
49,0,98,402,1.0,
50,0,95,405,1.0,
51,0,91,409,1.0,
52,0,88,412,1.0,
53,0,86,414,1.0,
54,0,79,421,1.0,
55,0,73,427,1.0,
56,0,72,428,1.0,
57,0,71,429,1.0,
58,0,66,434,1.0,
59,0,61,439,1.0,
60,0,58,442,1.0,
61,0,52,448,1.0,
62,0,51,449,1.0,
63,0,50,450,1.0,
64,0,49,451,1.0,
65,0,48,452,1.0,
66,0,46,454,1.0,
67,0,43,457,1.0,
68,0,42,458,1.0,
69,0,42,458,1.0,
70,0,39,461,1.0,
71,0,34,466,1.0,
72,0,32,468,1.0,
73,0,30,470,1.0,
74,0,29,471,1.0,
75,0,28,472,1.0,
76,0,27,473,1.0,
77,0,24,476,1.0,
78,0,22,478,1.0,
79,0,22,478,1.0,
80,0,22,478,1.0,
81,0,22,478,1.0,
82,0,22,478,1.0,
83,0,20,480,1.0,
84,0,18,482,1.0,
85,0,18,482,1.0,
86,0,17,483,1.0,
87,0,17,483,1.0,
88,0,15,485,1.0,
89,0,15,485,1.0,
90,0,14,486,1.0,
91,0,13,487,1.0,
92,0,11,489,1.0,
93,0,11,489,1.0,
94,0,9,491,1.0,
95,0,7,493,1.0,
96,0,6,494,1.0,
97,0,6,494,1.0,
98,0,5,495,1.0,
99,0,4,496,1.0,
100,0,3,497,1.0,
101,0,3,497,1.0,
102,0,3,497,1.0,
103,0,3,497,1.0,
104,0,3,497,1.0,
105,0,3,497,1.0,
106,0,3,497,1.0,
107,0,3,497,1.0,
108,0,3,497,1.0,
109,0,3,497,1.0,
110,0,3,497,1.0,
111,0,3,497,1.0,
112,0,3,497,1.0,
113,0,3,497,1.0,
114,0,3,497,1.0,
115,0,3,497,1.0,
116,0,3,497,1.0,
117,0,3,497,1.0,
118,0,3,497,1.0,
119,0,3,497,1.0,
120,0,3,497,1.0,
121,0,3,497,1.0,
122,0,3,497,1.0,
123,0,3,497,1.0,
124,0,3,497,1.0,
125,0,3,497,1.0,
126,0,2,498,1.0,
127,0,2,498,1.0,
128,0,2,498,1.0,
129,0,2,498,1.0,
130,0,2,498,1.0,
131,0,2,498,1.0,
132,0,2,498,1.0,
133,0,1,499,1.0,
134,0,0,500,1.0,
135,0,0,500,1.0,
136,0,0,500,1.0,
137,0,0,500,1.0,
138,0,0,500,1.0,
139,0,0,500,1.0,
140,0,0,500,1.0,
141,0,0,500,1.0,
142,0,0,500,1.0,
143,0,0,500,1.0,
144,0,0,500,1.0,
145,0,0,500,1.0,
146,0,0,500,1.0,
147,0,0,500,1.0,
148,0,0,500,1.0,
149,0,0,500,1.0,
150,0,0,500,1.0,
151,0,0,500,1.0,
152,0,0,500,1.0,
153,0,0,500,1.0,
154,0,0,500,1.0,
155,0,0,500,1.0,
156,0,0,500,1.0,
157,0,0,500,1.0,
158,0,0,500,1.0,
159,0,0,500,1.0,
160,0,0,500,1.0,
161,0,0,500,1.0,
162,0,0,500,1.0,
163,0,0,500,1.0,
164,0,0,500,1.0,
165,0,0,500,1.0,
166,0,0,500,1.0,
167,0,0,500,1.0,
168,0,0,500,1.0,
169,0,0,500,1.0,
170,0,0,500,1.0,
171,0,0,500,1.0,
172,0,0,500,1.0,
173,0,0,500,1.0,
174,0,0,500,1.0,
175,0,0,500,1.0,
176,0,0,500,1.0,
177,0,0,500,1.0,
178,0,0,500,1.0,
179,0,0,500,1.0,
180,0,0,500,1.0,
181,0,0,500,1.0,
182,0,0,500,1.0,
183,0,0,500,1.0,
184,0,0,500,1.0,
185,0,0,500,1.0,
186,0,0,500,1.0,
187,0,0,500,1.0,
188,0,0,500,1.0,
189,0,0,500,1.0,
190,0,0,500,1.0,
191,0,0,500,1.0,
192,0,0,500,1.0,
193,0,0,500,1.0,
194,0,0,500,1.0,
195,0,0,500,1.0,
196,0,0,500,1.0,
197,0,0,500,1.0,
198,0,0,500,1.0,
199,0,0,500,1.0,
200,0,0,500,1.0,
1,498,2,0,0.998,1.0
2,497,3,0,0.9954545454545455,0.9987280359378605
3,493,7,0,0.9878181818181818,0.9948567611536246
4,488,12,0,0.9768181818181818,0.9891969665739038
5,477,23,0,0.9544545454545454,0.9772030892104393
6,460,37,3,0.9317272727272727,0.9639766587343249
7,445,52,3,0.9127272727272727,0.9519808494807059
8,412,82,6,0.8660909090909091,0.9196633610724922
9,373,115,12,0.8268181818181818,0.8845128803099651
10,325,163,12,0.7777272727272727,0.8296273572723667
11,268,212,20,0.7506363636363637,0.7670756507978481
12,218,250,32,0.7676363636363637,0.7326604603757997
13,152,303,45,0.8394545454545455,0.7343350553157763
14,82,363,55,0.9302727272727273,0.7861753803245504
15,26,409,65,0.9914545454545455,0.9159512825327919
16,5,414,81,0.9995454545454545,0.9771620959549143
17,2,395,103,0.9996363636363637,0.955482591440483
18,0,379,121,1.0,
19,0,363,137,1.0,
20,0,350,150,1.0,
21,0,340,160,1.0,
22,0,329,171,1.0,
23,0,319,181,1.0,
24,0,306,194,1.0,
25,0,293,207,1.0,
26,0,288,212,1.0,
27,0,278,222,1.0,
28,0,269,231,1.0,
29,0,261,239,1.0,
30,0,253,247,1.0,
31,0,245,255,1.0,
32,0,231,269,1.0,
33,0,217,283,1.0,
34,0,209,291,1.0,
35,0,197,303,1.0,
36,0,192,308,1.0,
37,0,181,319,1.0,
38,0,176,324,1.0,
39,0,167,333,1.0,
40,0,161,339,1.0,
41,0,155,345,1.0,
42,0,149,351,1.0,
43,0,145,355,1.0,
44,0,142,358,1.0,
45,0,136,364,1.0,
46,0,133,367,1.0,
47,0,124,376,1.0,
48,0,123,377,1.0,
49,0,113,387,1.0,
50,0,109,391,1.0,
51,0,104,396,1.0,
52,0,102,398,1.0,
53,0,98,402,1.0,
54,0,95,405,1.0,
55,0,91,409,1.0,
56,0,81,419,1.0,
57,0,75,425,1.0,
58,0,73,427,1.0,
59,0,69,431,1.0,
60,0,66,434,1.0,
61,0,64,436,1.0,
62,0,64,436,1.0,
63,0,59,441,1.0,
64,0,55,445,1.0,
65,0,53,447,1.0,
66,0,50,450,1.0,
67,0,44,456,1.0,
68,0,41,459,1.0,
69,0,40,460,1.0,
70,0,40,460,1.0,
71,0,40,460,1.0,
72,0,39,461,1.0,
73,0,38,462,1.0,
74,0,37,463,1.0,
75,0,35,465,1.0,
76,0,35,465,1.0,
77,0,34,466,1.0,
78,0,34,466,1.0,
79,0,34,466,1.0,
80,0,31,469,1.0,
81,0,30,470,1.0,
82,0,29,471,1.0,
83,0,28,472,1.0,
84,0,27,473,1.0,
85,0,26,474,1.0,
86,0,25,475,1.0,
87,0,24,476,1.0,
88,0,24,476,1.0,
89,0,24,476,1.0,
90,0,22,478,1.0,
91,0,19,481,1.0,
92,0,17,483,1.0,
93,0,17,483,1.0,
94,0,16,484,1.0,
95,0,16,484,1.0,
96,0,15,485,1.0,
97,0,15,485,1.0,
98,0,13,487,1.0,
99,0,13,487,1.0,
100,0,13,487,1.0,
101,0,13,487,1.0,
102,0,12,488,1.0,
103,0,11,489,1.0,
104,0,11,489,1.0,
105,0,11,489,1.0,
106,0,11,489,1.0,
107,0,11,489,1.0,
108,0,10,490,1.0,
109,0,10,490,1.0,
110,0,10,490,1.0,
111,0,10,490,1.0,
112,0,10,490,1.0,
113,0,10,490,1.0,
114,0,9,491,1.0,
115,0,9,491,1.0,
116,0,9,491,1.0,
117,0,9,491,1.0,
118,0,9,491,1.0,
119,0,9,491,1.0,
120,0,9,491,1.0,
121,0,7,493,1.0,
122,0,7,493,1.0,
123,0,7,493,1.0,
124,0,7,493,1.0,
125,0,7,493,1.0,
126,0,7,493,1.0,
127,0,6,494,1.0,
128,0,6,494,1.0,
129,0,6,494,1.0,
130,0,5,495,1.0,
131,0,5,495,1.0,
132,0,5,495,1.0,
133,0,5,495,1.0,
134,0,5,495,1.0,
135,0,5,495,1.0,
136,0,5,495,1.0,
137,0,4,496,1.0,
138,0,4,496,1.0,
139,0,4,496,1.0,
140,0,4,496,1.0,
141,0,4,496,1.0,
142,0,3,497,1.0,
143,0,3,497,1.0,
144,0,3,497,1.0,
145,0,2,498,1.0,
146,0,2,498,1.0,
147,0,2,498,1.0,
148,0,1,499,1.0,
149,0,1,499,1.0,
150,0,1,499,1.0,
151,0,1,499,1.0,
152,0,1,499,1.0,
153,0,1,499,1.0,
154,0,1,499,1.0,
155,0,1,499,1.0,
156,0,1,499,1.0,
157,0,1,499,1.0,
158,0,1,499,1.0,
159,0,1,499,1.0,
160,0,1,499,1.0,
161,0,1,499,1.0,
162,0,1,499,1.0,
163,0,1,499,1.0,
164,0,0,500,1.0,
165,0,0,500,1.0,
166,0,0,500,1.0,
167,0,0,500,1.0,
168,0,0,500,1.0,
169,0,0,500,1.0,
170,0,0,500,1.0,
171,0,0,500,1.0,
172,0,0,500,1.0,
173,0,0,500,1.0,
174,0,0,500,1.0,
175,0,0,500,1.0,
176,0,0,500,1.0,
177,0,0,500,1.0,
178,0,0,500,1.0,
179,0,0,500,1.0,
180,0,0,500,1.0,
181,0,0,500,1.0,
182,0,0,500,1.0,
183,0,0,500,1.0,
184,0,0,500,1.0,
185,0,0,500,1.0,
186,0,0,500,1.0,
187,0,0,500,1.0,
188,0,0,500,1.0,
189,0,0,500,1.0,
190,0,0,500,1.0,
191,0,0,500,1.0,
192,0,0,500,1.0,
193,0,0,500,1.0,
194,0,0,500,1.0,
195,0,0,500,1.0,
196,0,0,500,1.0,
197,0,0,500,1.0,
198,0,0,500,1.0,
199,0,0,500,1.0,
200,0,0,500,1.0,
1,498,2,0,0.9972727272727273,1.0
2,493,7,0,0.9881818181818182,0.9953483114337762
3,486,14,0,0.9721818181818181,0.9869744763789585
4,474,26,0,0.9500909090909091,0.97488563385293
5,450,49,1,0.906,0.9488982943745572
6,421,75,4,0.8603636363636363,0.9181198002421124
7,383,109,8,0.8185454545454546,0.8825924093697617
8,327,158,15,0.7766363636363637,0.8301935573503822
9,274,200,26,0.7804545454545454,0.8004857396145311
10,213,248,39,0.7918181818181819,0.7562795726849681
11,157,293,50,0.8387272727272728,0.7435697512555662
12,96,340,64,0.9035454545454545,0.7488203478302335
13,49,375,76,0.9657272727272728,0.8237793338328551
14,18,382,100,0.9904545454545455,0.8648951174407142
15,7,383,110,0.9975454545454545,0.9103778635649752
16,1,369,130,0.9995454545454545,0.8761970505657971
17,0,364,136,1.0,
18,0,348,152,1.0,
19,0,329,171,1.0,
20,0,315,185,1.0,
21,0,306,194,1.0,
22,0,293,207,1.0,
23,0,285,215,1.0,
24,0,275,225,1.0,
25,0,266,234,1.0,
26,0,259,241,1.0,
27,0,246,254,1.0,
28,0,231,269,1.0,
29,0,225,275,1.0,
30,0,211,289,1.0,
31,0,199,301,1.0,
32,0,194,306,1.0,
33,0,189,311,1.0,
34,0,186,314,1.0,
35,0,178,322,1.0,
36,0,173,327,1.0,
37,0,169,331,1.0,
38,0,160,340,1.0,
39,0,154,346,1.0,
40,0,150,350,1.0,
41,0,142,358,1.0,
42,0,136,364,1.0,
43,0,128,372,1.0,
44,0,123,377,1.0,
45,0,120,380,1.0,
46,0,117,383,1.0,
47,0,110,390,1.0,
48,0,106,394,1.0,
49,0,102,398,1.0,
50,0,100,400,1.0,
51,0,98,402,1.0,
52,0,95,405,1.0,
53,0,91,409,1.0,
54,0,89,411,1.0,
55,0,86,414,1.0,
56,0,84,416,1.0,
57,0,81,419,1.0,
58,0,77,423,1.0,
59,0,71,429,1.0,
60,0,67,433,1.0,
61,0,65,435,1.0,
62,0,61,439,1.0,
63,0,58,442,1.0,
64,0,53,447,1.0,
65,0,52,448,1.0,
66,0,52,448,1.0,
67,0,52,448,1.0,
68,0,49,451,1.0,
69,0,46,454,1.0,
70,0,45,455,1.0,
71,0,43,457,1.0,
72,0,41,459,1.0,
73,0,38,462,1.0,
74,0,38,462,1.0,
75,0,37,463,1.0,
76,0,37,463,1.0,
77,0,36,464,1.0,
78,0,36,464,1.0,
79,0,36,464,1.0,
80,0,33,467,1.0,
81,0,31,469,1.0,
82,0,30,470,1.0,
83,0,30,470,1.0,
84,0,30,470,1.0,
85,0,30,470,1.0,
86,0,28,472,1.0,
87,0,28,472,1.0,
88,0,26,474,1.0,
89,0,25,475,1.0,
90,0,24,476,1.0,
91,0,23,477,1.0,
92,0,23,477,1.0,
93,0,23,477,1.0,
94,0,21,479,1.0,
95,0,21,479,1.0,
96,0,21,479,1.0,
97,0,20,480,1.0,
98,0,19,481,1.0,
99,0,19,481,1.0,
100,0,19,481,1.0,
101,0,18,482,1.0,
102,0,17,483,1.0,
103,0,16,484,1.0,
104,0,16,484,1.0,
105,0,14,486,1.0,
106,0,13,487,1.0,
107,0,13,487,1.0,
108,0,12,488,1.0,
109,0,12,488,1.0,
110,0,11,489,1.0,
111,0,11,489,1.0,
112,0,10,490,1.0,
113,0,9,491,1.0,
114,0,8,492,1.0,
115,0,8,492,1.0,
116,0,8,492,1.0,
117,0,7,493,1.0,
118,0,6,494,1.0,
119,0,6,494,1.0,
120,0,6,494,1.0,
121,0,5,495,1.0,
122,0,5,495,1.0,
123,0,5,495,1.0,
124,0,4,496,1.0,
125,0,4,496,1.0,
126,0,3,497,1.0,
127,0,3,497,1.0,
128,0,3,497,1.0,
129,0,3,497,1.0,
130,0,3,497,1.0,
131,0,3,497,1.0,
132,0,3,497,1.0,
133,0,3,497,1.0,
134,0,2,498,1.0,
135,0,2,498,1.0,
136,0,2,498,1.0,
137,0,2,498,1.0,
138,0,2,498,1.0,
139,0,2,498,1.0,
140,0,1,499,1.0,
141,0,1,499,1.0,
142,0,1,499,1.0,
143,0,1,499,1.0,
144,0,1,499,1.0,
145,0,1,499,1.0,
146,0,1,499,1.0,
147,0,1,499,1.0,
148,0,1,499,1.0,
149,0,1,499,1.0,
150,0,1,499,1.0,
151,0,1,499,1.0,
152,0,1,499,1.0,
153,0,1,499,1.0,
154,0,1,499,1.0,
155,0,1,499,1.0,
156,0,1,499,1.0,
157,0,0,500,1.0,
158,0,0,500,1.0,
159,0,0,500,1.0,
160,0,0,500,1.0,
161,0,0,500,1.0,
162,0,0,500,1.0,
163,0,0,500,1.0,
164,0,0,500,1.0,
165,0,0,500,1.0,
166,0,0,500,1.0,
167,0,0,500,1.0,
168,0,0,500,1.0,
169,0,0,500,1.0,
170,0,0,500,1.0,
171,0,0,500,1.0,
172,0,0,500,1.0,
173,0,0,500,1.0,
174,0,0,500,1.0,
175,0,0,500,1.0,
176,0,0,500,1.0,
177,0,0,500,1.0,
178,0,0,500,1.0,
179,0,0,500,1.0,
180,0,0,500,1.0,
181,0,0,500,1.0,
182,0,0,500,1.0,
183,0,0,500,1.0,
184,0,0,500,1.0,
185,0,0,500,1.0,
186,0,0,500,1.0,
187,0,0,500,1.0,
188,0,0,500,1.0,
189,0,0,500,1.0,
190,0,0,500,1.0,
191,0,0,500,1.0,
192,0,0,500,1.0,
193,0,0,500,1.0,
194,0,0,500,1.0,
195,0,0,500,1.0,
196,0,0,500,1.0,
197,0,0,500,1.0,
198,0,0,500,1.0,
199,0,0,500,1.0,
200,0,0,500,1.0,
1,498,2,0,0.9968181818181818,1.0
2,497,3,0,0.993909090909091,0.9985117631206237
3,491,9,0,0.9820909090909091,0.9923719490089875
4,483,16,1,0.9712727272727273,0.9865751275843898
5,468,30,2,0.9468181818181818,0.9729343285948188
6,453,45,2,0.9139090909090909,0.9538398167730913
7,424,69,7,0.8718181818181818,0.9257988242147174
8,385,105,10,0.8210909090909091,0.8854629458539189
9,339,147,14,0.7916363636363636,0.8478860879251772
10,288,182,30,0.7857272727272727,0.8151846042613744
11,228,235,37,0.7855454545454545,0.7658728804013172
12,176,278,46,0.8261818181818181,0.7540216457231316
13,118,319,63,0.8718181818181818,0.7284175434225585
14,74,350,76,0.9294545454545454,0.7606507289791378
15,30,385,85,0.9837272727272727,0.8639731585232516
16,11,389,100,0.9957272727272727,0.9022117149261765
17,5,375,120,0.9986363636363637,0.9331670529574657
18,0,366,134,1.0,
19,0,349,151,1.0,
20,0,339,161,1.0,
21,0,332,168,1.0,
22,0,312,188,1.0,
23,0,298,202,1.0,
24,0,284,216,1.0,
25,0,270,230,1.0,
26,0,255,245,1.0,
27,0,243,257,1.0,
28,0,230,270,1.0,
29,0,223,277,1.0,
30,0,210,290,1.0,
31,0,205,295,1.0,
32,0,196,304,1.0,
33,0,188,312,1.0,
34,0,179,321,1.0,
35,0,170,330,1.0,
36,0,166,334,1.0,
37,0,161,339,1.0,
38,0,154,346,1.0,
39,0,149,351,1.0,
40,0,139,361,1.0,
41,0,136,364,1.0,
42,0,130,370,1.0,
43,0,126,374,1.0,
44,0,122,378,1.0,
45,0,119,381,1.0,
46,0,114,386,1.0,
47,0,110,390,1.0,
48,0,106,394,1.0,
49,0,100,400,1.0,
50,0,93,407,1.0,
51,0,89,411,1.0,
52,0,87,413,1.0,
53,0,83,417,1.0,
54,0,80,420,1.0,
55,0,71,429,1.0,
56,0,69,431,1.0,
57,0,67,433,1.0,
58,0,67,433,1.0,
59,0,65,435,1.0,
60,0,63,437,1.0,
61,0,58,442,1.0,
62,0,58,442,1.0,
63,0,55,445,1.0,
64,0,54,446,1.0,
65,0,53,447,1.0,
66,0,52,448,1.0,
67,0,50,450,1.0,
68,0,46,454,1.0,
69,0,45,455,1.0,
70,0,43,457,1.0,
71,0,41,459,1.0,
72,0,39,461,1.0,
73,0,36,464,1.0,
74,0,31,469,1.0,
75,0,31,469,1.0,
76,0,31,469,1.0,
77,0,30,470,1.0,
78,0,28,472,1.0,
79,0,27,473,1.0,
80,0,25,475,1.0,
81,0,25,475,1.0,
82,0,23,477,1.0,
83,0,20,480,1.0,
84,0,20,480,1.0,
85,0,19,481,1.0,
86,0,18,482,1.0,
87,0,18,482,1.0,
88,0,18,482,1.0,
89,0,16,484,1.0,
90,0,15,485,1.0,
91,0,15,485,1.0,
92,0,15,485,1.0,
93,0,14,486,1.0,
94,0,13,487,1.0,
95,0,13,487,1.0,
96,0,13,487,1.0,
97,0,13,487,1.0,
98,0,13,487,1.0,
99,0,11,489,1.0,
100,0,10,490,1.0,
101,0,10,490,1.0,
102,0,10,490,1.0,
103,0,9,491,1.0,
104,0,9,491,1.0,
105,0,9,491,1.0,
106,0,9,491,1.0,
107,0,9,491,1.0,
108,0,9,491,1.0,
109,0,9,491,1.0,
110,0,8,492,1.0,
111,0,8,492,1.0,
112,0,8,492,1.0,
113,0,8,492,1.0,
114,0,6,494,1.0,
115,0,6,494,1.0,
116,0,5,495,1.0,
117,0,5,495,1.0,
118,0,5,495,1.0,
119,0,4,496,1.0,
120,0,4,496,1.0,
121,0,4,496,1.0,
122,0,3,497,1.0,
123,0,3,497,1.0,
124,0,2,498,1.0,
125,0,2,498,1.0,
126,0,0,500,1.0,
127,0,0,500,1.0,
128,0,0,500,1.0,
129,0,0,500,1.0,
130,0,0,500,1.0,
131,0,0,500,1.0,
132,0,0,500,1.0,
133,0,0,500,1.0,
134,0,0,500,1.0,
135,0,0,500,1.0,
136,0,0,500,1.0,
137,0,0,500,1.0,
138,0,0,500,1.0,
139,0,0,500,1.0,
140,0,0,500,1.0,
141,0,0,500,1.0,
142,0,0,500,1.0,
143,0,0,500,1.0,
144,0,0,500,1.0,
145,0,0,500,1.0,
146,0,0,500,1.0,
147,0,0,500,1.0,
148,0,0,500,1.0,
149,0,0,500,1.0,
150,0,0,500,1.0,
151,0,0,500,1.0,
152,0,0,500,1.0,
153,0,0,500,1.0,
154,0,0,500,1.0,
155,0,0,500,1.0,
156,0,0,500,1.0,
157,0,0,500,1.0,
158,0,0,500,1.0,
159,0,0,500,1.0,
160,0,0,500,1.0,
161,0,0,500,1.0,
162,0,0,500,1.0,
163,0,0,500,1.0,
164,0,0,500,1.0,
165,0,0,500,1.0,
166,0,0,500,1.0,
167,0,0,500,1.0,
168,0,0,500,1.0,
169,0,0,500,1.0,
170,0,0,500,1.0,
171,0,0,500,1.0,
172,0,0,500,1.0,
173,0,0,500,1.0,
174,0,0,500,1.0,
175,0,0,500,1.0,
176,0,0,500,1.0,
177,0,0,500,1.0,
178,0,0,500,1.0,
179,0,0,500,1.0,
180,0,0,500,1.0,
181,0,0,500,1.0,
182,0,0,500,1.0,
183,0,0,500,1.0,
184,0,0,500,1.0,
185,0,0,500,1.0,
186,0,0,500,1.0,
187,0,0,500,1.0,
188,0,0,500,1.0,
189,0,0,500,1.0,
190,0,0,500,1.0,
191,0,0,500,1.0,
192,0,0,500,1.0,
193,0,0,500,1.0,
194,0,0,500,1.0,
195,0,0,500,1.0,
196,0,0,500,1.0,
197,0,0,500,1.0,
198,0,0,500,1.0,
199,0,0,500,1.0,
200,0,0,500,1.0,
1,496,4,0,0.9950909090909091,1.0
2,494,6,0,0.9903636363636363,0.9975893511740422
3,488,12,0,0.9778181818181818,0.9910358801616542
4,471,28,1,0.943,0.9721332439526374
5,452,47,1,0.9060909090909091,0.9504921490997809
6,428,65,7,0.8747272727272727,0.9293038723387281
7,398,89,13,0.8408181818181818,0.9022287089336366
8,365,117,18,0.8070909090909091,0.869978483897159
9,332,142,26,0.7843636363636364,0.8394669516265703
10,281,186,33,0.7642727272727273,0.7918316245359488
11,215,242,43,0.7733636363636364,0.7373607288239163
12,153,291,56,0.8401818181818181,0.7394548769714007
13,87,346,67,0.9222727272727272,0.7759774790833087
14,42,364,94,0.9674545454545455,0.8052086280259513
15,16,367,117,0.9905454545454545,0.8510290827311946
16,5,362,133,0.9972727272727273,0.8593807786362675
17,0,357,143,1.0,
18,0,341,159,1.0,
19,0,329,171,1.0,
20,0,315,185,1.0,
21,0,302,198,1.0,
22,0,293,207,1.0,
23,0,280,220,1.0,
24,0,272,228,1.0,
25,0,265,235,1.0,
26,0,261,239,1.0,
27,0,254,246,1.0,
28,0,248,252,1.0,
29,0,237,263,1.0,
30,0,227,273,1.0,
31,0,214,286,1.0,
32,0,207,293,1.0,
33,0,198,302,1.0,
34,0,186,314,1.0,
35,0,178,322,1.0,
36,0,169,331,1.0,
37,0,164,336,1.0,
38,0,154,346,1.0,
39,0,143,357,1.0,
40,0,139,361,1.0,
41,0,137,363,1.0,
42,0,129,371,1.0,
43,0,125,375,1.0,
44,0,116,384,1.0,
45,0,111,389,1.0,
46,0,105,395,1.0,
47,0,104,396,1.0,
48,0,99,401,1.0,
49,0,97,403,1.0,
50,0,91,409,1.0,
51,0,90,410,1.0,
52,0,89,411,1.0,
53,0,87,413,1.0,
54,0,85,415,1.0,
55,0,84,416,1.0,
56,0,82,418,1.0,
57,0,79,421,1.0,
58,0,78,422,1.0,
59,0,71,429,1.0,
60,0,67,433,1.0,
61,0,65,435,1.0,
62,0,62,438,1.0,
63,0,59,441,1.0,
64,0,58,442,1.0,
65,0,52,448,1.0,
66,0,48,452,1.0,
67,0,47,453,1.0,
68,0,47,453,1.0,
69,0,45,455,1.0,
70,0,42,458,1.0,
71,0,39,461,1.0,
72,0,38,462,1.0,
73,0,38,462,1.0,
74,0,38,462,1.0,
75,0,37,463,1.0,
76,0,34,466,1.0,
77,0,30,470,1.0,
78,0,29,471,1.0,
79,0,28,472,1.0,
80,0,28,472,1.0,
81,0,25,475,1.0,
82,0,25,475,1.0,
83,0,24,476,1.0,
84,0,23,477,1.0,
85,0,23,477,1.0,
86,0,23,477,1.0,
87,0,22,478,1.0,
88,0,22,478,1.0,
89,0,22,478,1.0,
90,0,22,478,1.0,
91,0,20,480,1.0,
92,0,19,481,1.0,
93,0,18,482,1.0,
94,0,15,485,1.0,
95,0,15,485,1.0,
96,0,15,485,1.0,
97,0,15,485,1.0,
98,0,14,486,1.0,
99,0,14,486,1.0,
100,0,12,488,1.0,
101,0,12,488,1.0,
102,0,12,488,1.0,
103,0,11,489,1.0,
104,0,11,489,1.0,
105,0,11,489,1.0,
106,0,11,489,1.0,
107,0,10,490,1.0,
108,0,8,492,1.0,
109,0,7,493,1.0,
110,0,7,493,1.0,
111,0,7,493,1.0,
112,0,6,494,1.0,
113,0,6,494,1.0,
114,0,6,494,1.0,
115,0,6,494,1.0,
116,0,5,495,1.0,
117,0,5,495,1.0,
118,0,5,495,1.0,
119,0,5,495,1.0,
120,0,5,495,1.0,
121,0,5,495,1.0,
122,0,5,495,1.0,
123,0,4,496,1.0,
124,0,4,496,1.0,
125,0,4,496,1.0,
126,0,4,496,1.0,
127,0,4,496,1.0,
128,0,4,496,1.0,
129,0,4,496,1.0,
130,0,4,496,1.0,
131,0,4,496,1.0,
132,0,4,496,1.0,
133,0,4,496,1.0,
134,0,4,496,1.0,
135,0,4,496,1.0,
136,0,4,496,1.0,
137,0,4,496,1.0,
138,0,4,496,1.0,
139,0,4,496,1.0,
140,0,4,496,1.0,
141,0,4,496,1.0,
142,0,4,496,1.0,
143,0,4,496,1.0,
144,0,4,496,1.0,
145,0,4,496,1.0,
146,0,4,496,1.0,
147,0,4,496,1.0,
148,0,4,496,1.0,
149,0,4,496,1.0,
150,0,3,497,1.0,
151,0,3,497,1.0,
152,0,3,497,1.0,
153,0,3,497,1.0,
154,0,3,497,1.0,
155,0,3,497,1.0,
156,0,3,497,1.0,
157,0,2,498,1.0,
158,0,2,498,1.0,
159,0,2,498,1.0,
160,0,2,498,1.0,
161,0,2,498,1.0,
162,0,2,498,1.0,
163,0,2,498,1.0,
164,0,2,498,1.0,
165,0,2,498,1.0,
166,0,2,498,1.0,
167,0,2,498,1.0,
168,0,1,499,1.0,
169,0,1,499,1.0,
170,0,1,499,1.0,
171,0,1,499,1.0,
172,0,1,499,1.0,
173,0,1,499,1.0,
174,0,0,500,1.0,
175,0,0,500,1.0,
176,0,0,500,1.0,
177,0,0,500,1.0,
178,0,0,500,1.0,
179,0,0,500,1.0,
180,0,0,500,1.0,
181,0,0,500,1.0,
182,0,0,500,1.0,
183,0,0,500,1.0,
184,0,0,500,1.0,
185,0,0,500,1.0,
186,0,0,500,1.0,
187,0,0,500,1.0,
188,0,0,500,1.0,
189,0,0,500,1.0,
190,0,0,500,1.0,
191,0,0,500,1.0,
192,0,0,500,1.0,
193,0,0,500,1.0,
194,0,0,500,1.0,
195,0,0,500,1.0,
196,0,0,500,1.0,
197,0,0,500,1.0,
198,0,0,500,1.0,
199,0,0,500,1.0,
200,0,0,500,1.0,
1,495,5,0,0.9914545454545455,1.0
2,488,11,1,0.9787272727272728,0.9933401592352533
3,478,21,1,0.963,0.9848569824888149
4,461,36,3,0.9370909090909091,0.9701038637577528
5,433,60,7,0.894090909090909,0.943063160310623
6,409,81,10,0.8546363636363636,0.91515327088509
7,358,128,14,0.7868181818181819,0.8547000384167787
8,300,172,28,0.7751818181818182,0.8162068776071552
9,238,220,42,0.7830909090909091,0.7755270145301946
10,183,265,52,0.8166363636363636,0.7524941065436344
11,118,318,64,0.8790909090909091,0.7460379566500398
12,69,356,75,0.937,0.7724487900786752
13,36,376,88,0.9666363636363636,0.7672230177712798
14,15,386,99,0.9910909090909091,0.8500114765763644
15,4,381,115,0.9983636363636363,0.8953551721865148
16,1,372,127,0.9999090909090909,0.9815432323836022
17,0,357,143,1.0,
18,0,346,154,1.0,
19,0,335,165,1.0,
20,0,317,183,1.0,
21,0,304,196,1.0,
22,0,293,207,1.0,
23,0,284,216,1.0,
24,0,272,228,1.0,
25,0,266,234,1.0,
26,0,260,240,1.0,
27,0,248,252,1.0,
28,0,235,265,1.0,
29,0,224,276,1.0,
30,0,218,282,1.0,
31,0,210,290,1.0,
32,0,201,299,1.0,
33,0,196,304,1.0,
34,0,189,311,1.0,
35,0,176,324,1.0,
36,0,174,326,1.0,
37,0,166,334,1.0,
38,0,159,341,1.0,
39,0,147,353,1.0,
40,0,142,358,1.0,
41,0,140,360,1.0,
42,0,135,365,1.0,
43,0,132,368,1.0,
44,0,124,376,1.0,
45,0,120,380,1.0,
46,0,111,389,1.0,
47,0,109,391,1.0,
48,0,106,394,1.0,
49,0,101,399,1.0,
50,0,94,406,1.0,
51,0,91,409,1.0,
52,0,88,412,1.0,
53,0,85,415,1.0,
54,0,81,419,1.0,
55,0,78,422,1.0,
56,0,75,425,1.0,
57,0,69,431,1.0,
58,0,67,433,1.0,
59,0,64,436,1.0,
60,0,63,437,1.0,
61,0,63,437,1.0,
62,0,59,441,1.0,
63,0,57,443,1.0,
64,0,53,447,1.0,
65,0,51,449,1.0,
66,0,48,452,1.0,
67,0,46,454,1.0,
68,0,45,455,1.0,
69,0,42,458,1.0,
70,0,40,460,1.0,
71,0,39,461,1.0,
72,0,36,464,1.0,
73,0,33,467,1.0,
74,0,33,467,1.0,
75,0,33,467,1.0,
76,0,30,470,1.0,
77,0,30,470,1.0,
78,0,29,471,1.0,
79,0,28,472,1.0,
80,0,27,473,1.0,
81,0,26,474,1.0,
82,0,24,476,1.0,
83,0,23,477,1.0,
84,0,23,477,1.0,
85,0,21,479,1.0,
86,0,21,479,1.0,
87,0,21,479,1.0,
88,0,21,479,1.0,
89,0,20,480,1.0,
90,0,19,481,1.0,
91,0,18,482,1.0,
92,0,17,483,1.0,
93,0,17,483,1.0,
94,0,17,483,1.0,
95,0,17,483,1.0,
96,0,16,484,1.0,
97,0,15,485,1.0,
98,0,15,485,1.0,
99,0,15,485,1.0,
100,0,15,485,1.0,
101,0,15,485,1.0,
102,0,15,485,1.0,
103,0,15,485,1.0,
104,0,14,486,1.0,
105,0,14,486,1.0,
106,0,14,486,1.0,
107,0,12,488,1.0,
108,0,10,490,1.0,
109,0,9,491,1.0,
110,0,9,491,1.0,
111,0,9,491,1.0,
112,0,8,492,1.0,
113,0,8,492,1.0,
114,0,7,493,1.0,
115,0,7,493,1.0,
116,0,7,493,1.0,
117,0,6,494,1.0,
118,0,6,494,1.0,
119,0,6,494,1.0,
120,0,6,494,1.0,
121,0,6,494,1.0,
122,0,6,494,1.0,
123,0,6,494,1.0,
124,0,6,494,1.0,
125,0,6,494,1.0,
126,0,6,494,1.0,
127,0,6,494,1.0,
128,0,6,494,1.0,
129,0,5,495,1.0,
130,0,5,495,1.0,
131,0,4,496,1.0,
132,0,4,496,1.0,
133,0,4,496,1.0,
134,0,3,497,1.0,
135,0,3,497,1.0,
136,0,3,497,1.0,
137,0,3,497,1.0,
138,0,3,497,1.0,
139,0,3,497,1.0,
140,0,3,497,1.0,
141,0,3,497,1.0,
142,0,3,497,1.0,
143,0,3,497,1.0,
144,0,3,497,1.0,
145,0,3,497,1.0,
146,0,3,497,1.0,
147,0,3,497,1.0,
148,0,3,497,1.0,
149,0,3,497,1.0,
150,0,2,498,1.0,
151,0,2,498,1.0,
152,0,1,499,1.0,
153,0,1,499,1.0,
154,0,1,499,1.0,
155,0,1,499,1.0,
156,0,1,499,1.0,
157,0,1,499,1.0,
158,0,1,499,1.0,
159,0,1,499,1.0,
160,0,1,499,1.0,
161,0,1,499,1.0,
162,0,1,499,1.0,
163,0,1,499,1.0,
164,0,1,499,1.0,
165,0,1,499,1.0,
166,0,1,499,1.0,
167,0,1,499,1.0,
168,0,1,499,1.0,
169,0,1,499,1.0,
170,0,1,499,1.0,
171,0,1,499,1.0,
172,0,1,499,1.0,
173,0,1,499,1.0,
174,0,1,499,1.0,
175,0,1,499,1.0,
176,0,1,499,1.0,
177,0,1,499,1.0,
178,0,1,499,1.0,
179,0,1,499,1.0,
180,0,1,499,1.0,
181,0,1,499,1.0,
182,0,1,499,1.0,
183,0,1,499,1.0,
184,0,1,499,1.0,
185,0,1,499,1.0,
186,0,1,499,1.0,
187,0,1,499,1.0,
188,0,1,499,1.0,
189,0,1,499,1.0,
190,0,1,499,1.0,
191,0,1,499,1.0,
192,0,1,499,1.0,
193,0,0,500,1.0,
194,0,0,500,1.0,
195,0,0,500,1.0,
196,0,0,500,1.0,
197,0,0,500,1.0,
198,0,0,500,1.0,
199,0,0,500,1.0,
200,0,0,500,1.0,
1,499,1,0,1.0,1.0
2,497,3,0,0.9953636363636363,0.9976595571142844
3,494,6,0,0.9895454545454545,0.9946910386047034
4,484,16,0,0.9695454545454546,0.9841520459161736
5,467,33,0,0.9359090909090909,0.9654951585971746
6,439,60,1,0.8893636363636364,0.9366905090983094
7,389,106,5,0.8189090909090909,0.8833290800924805
8,332,161,7,0.7768181818181819,0.8315877275200321
9,275,206,19,0.768090909090909,0.7890578727277346
10,207,263,30,0.7909090909090909,0.7473869946460041
11,150,306,44,0.8369090909090909,0.7278598721995697
12,88,355,57,0.9155454545454546,0.7591878194741739
13,43,390,67,0.973,0.8425933893008803
14,16,402,82,0.995,0.9203504053436765
15,2,399,99,0.9991818181818182,0.8987373737373737
16,1,384,115,0.9993636363636363,0.8409090909090909
17,1,367,132,0.9990909090909091,0.7727272727272727
18,0,348,152,1.0,
19,0,335,165,1.0,
20,0,323,177,1.0,
21,0,309,191,1.0,
22,0,298,202,1.0,
23,0,284,216,1.0,
24,0,268,232,1.0,
25,0,257,243,1.0,
26,0,240,260,1.0,
27,0,232,268,1.0,
28,0,228,272,1.0,
29,0,220,280,1.0,
30,0,214,286,1.0,
31,0,206,294,1.0,
32,0,196,304,1.0,
33,0,186,314,1.0,
34,0,182,318,1.0,
35,0,177,323,1.0,
36,0,166,334,1.0,
37,0,159,341,1.0,
38,0,149,351,1.0,
39,0,143,357,1.0,
40,0,141,359,1.0,
41,0,137,363,1.0,
42,0,131,369,1.0,
43,0,127,373,1.0,
44,0,120,380,1.0,
45,0,112,388,1.0,
46,0,105,395,1.0,
47,0,100,400,1.0,
48,0,95,405,1.0,
49,0,92,408,1.0,
50,0,87,413,1.0,
51,0,84,416,1.0,
52,0,80,420,1.0,
53,0,76,424,1.0,
54,0,75,425,1.0,
55,0,69,431,1.0,
56,0,68,432,1.0,
57,0,66,434,1.0,
58,0,62,438,1.0,
59,0,60,440,1.0,
60,0,57,443,1.0,
61,0,56,444,1.0,
62,0,54,446,1.0,
63,0,50,450,1.0,
64,0,48,452,1.0,
65,0,46,454,1.0,
66,0,41,459,1.0,
67,0,39,461,1.0,
68,0,35,465,1.0,
69,0,35,465,1.0,
70,0,33,467,1.0,
71,0,31,469,1.0,
72,0,31,469,1.0,
73,0,31,469,1.0,
74,0,30,470,1.0,
75,0,28,472,1.0,
76,0,28,472,1.0,
77,0,27,473,1.0,
78,0,26,474,1.0,
79,0,26,474,1.0,
80,0,25,475,1.0,
81,0,24,476,1.0,
82,0,21,479,1.0,
83,0,21,479,1.0,
84,0,21,479,1.0,
85,0,20,480,1.0,
86,0,20,480,1.0,
87,0,19,481,1.0,
88,0,19,481,1.0,
89,0,17,483,1.0,
90,0,17,483,1.0,
91,0,17,483,1.0,
92,0,16,484,1.0,
93,0,16,484,1.0,
94,0,16,484,1.0,
95,0,16,484,1.0,
96,0,15,485,1.0,
97,0,15,485,1.0,
98,0,14,486,1.0,
99,0,13,487,1.0,
100,0,11,489,1.0,
101,0,10,490,1.0,
102,0,10,490,1.0,
103,0,10,490,1.0,
104,0,10,490,1.0,
105,0,9,491,1.0,
106,0,8,492,1.0,
107,0,7,493,1.0,
108,0,7,493,1.0,
109,0,7,493,1.0,
110,0,7,493,1.0,
111,0,7,493,1.0,
112,0,7,493,1.0,
113,0,7,493,1.0,
114,0,7,493,1.0,
115,0,7,493,1.0,
116,0,7,493,1.0,
117,0,7,493,1.0,
118,0,7,493,1.0,
119,0,7,493,1.0,
120,0,7,493,1.0,
121,0,6,494,1.0,
122,0,6,494,1.0,
123,0,5,495,1.0,
124,0,4,496,1.0,
125,0,4,496,1.0,
126,0,4,496,1.0,
127,0,4,496,1.0,
128,0,4,496,1.0,
129,0,3,497,1.0,
130,0,3,497,1.0,
131,0,3,497,1.0,
132,0,3,497,1.0,
133,0,3,497,1.0,
134,0,3,497,1.0,
135,0,3,497,1.0,
136,0,3,497,1.0,
137,0,3,497,1.0,
138,0,3,497,1.0,
139,0,3,497,1.0,
140,0,3,497,1.0,
141,0,3,497,1.0,
142,0,3,497,1.0,
143,0,3,497,1.0,
144,0,3,497,1.0,
145,0,3,497,1.0,
146,0,3,497,1.0,
147,0,2,498,1.0,
148,0,2,498,1.0,
149,0,2,498,1.0,
150,0,2,498,1.0,
151,0,1,499,1.0,
152,0,1,499,1.0,
153,0,1,499,1.0,
154,0,1,499,1.0,
155,0,1,499,1.0,
156,0,1,499,1.0,
157,0,1,499,1.0,
158,0,1,499,1.0,
159,0,1,499,1.0,
160,0,1,499,1.0,
161,0,1,499,1.0,
162,0,1,499,1.0,
163,0,1,499,1.0,
164,0,1,499,1.0,
165,0,1,499,1.0,
166,0,1,499,1.0,
167,0,0,500,1.0,
168,0,0,500,1.0,
169,0,0,500,1.0,
170,0,0,500,1.0,
171,0,0,500,1.0,
172,0,0,500,1.0,
173,0,0,500,1.0,
174,0,0,500,1.0,
175,0,0,500,1.0,
176,0,0,500,1.0,
177,0,0,500,1.0,
178,0,0,500,1.0,
179,0,0,500,1.0,
180,0,0,500,1.0,
181,0,0,500,1.0,
182,0,0,500,1.0,
183,0,0,500,1.0,
184,0,0,500,1.0,
185,0,0,500,1.0,
186,0,0,500,1.0,
187,0,0,500,1.0,
188,0,0,500,1.0,
189,0,0,500,1.0,
190,0,0,500,1.0,
191,0,0,500,1.0,
192,0,0,500,1.0,
193,0,0,500,1.0,
194,0,0,500,1.0,
195,0,0,500,1.0,
196,0,0,500,1.0,
197,0,0,500,1.0,
198,0,0,500,1.0,
199,0,0,500,1.0,
200,0,0,500,1.0,
1,496,4,0,0.9930909090909091,1.0
2,493,5,2,0.991,0.9988913960794745
3,487,10,3,0.9803636363636363,0.9932893344643091
4,482,14,4,0.9746363636363636,0.9902220132003475
5,471,25,4,0.9562727272727273,0.9800990952411948
6,457,38,5,0.9304545454545454,0.9651884780670509
7,435,58,7,0.9004545454545455,0.946024064014212
8,403,89,8,0.8573636363636363,0.9145883029532679
9,362,124,14,0.8251818181818181,0.8822817062530194
10,314,167,19,0.81,0.8513790349766182
11,263,212,25,0.8148181818181818,0.8261663794803807
12,207,257,36,0.8363636363636363,0.8047273426410718
13,151,299,50,0.8710909090909091,0.7887182006668411
14,94,339,67,0.9141818181818182,0.7728789238323156
15,48,373,79,0.9514545454545454,0.7467118544184949
16,23,381,96,0.9823636363636363,0.8070823090400326
17,17,370,113,0.9863636363636363,0.7980600588377473
18,6,368,126,0.9968181818181818,0.8649154264912229
19,3,353,144,0.9979090909090909,0.8195307346446786
20,1,338,161,0.9989090909090909,0.716790730009923
21,0,327,173,1.0,
22,0,311,189,1.0,
23,0,299,201,1.0,
24,0,287,213,1.0,
25,0,276,224,1.0,
26,0,267,233,1.0,
27,0,262,238,1.0,
28,0,247,253,1.0,
29,0,232,268,1.0,
30,0,220,280,1.0,
31,0,207,293,1.0,
32,0,197,303,1.0,
33,0,193,307,1.0,
34,0,188,312,1.0,
35,0,178,322,1.0,
36,0,170,330,1.0,
37,0,164,336,1.0,
38,0,151,349,1.0,
39,0,142,358,1.0,
40,0,136,364,1.0,
41,0,134,366,1.0,
42,0,128,372,1.0,
43,0,123,377,1.0,
44,0,120,380,1.0,
45,0,116,384,1.0,
46,0,113,387,1.0,
47,0,108,392,1.0,
48,0,104,396,1.0,
49,0,100,400,1.0,
50,0,99,401,1.0,
51,0,95,405,1.0,
52,0,90,410,1.0,
53,0,87,413,1.0,
54,0,84,416,1.0,
55,0,82,418,1.0,
56,0,78,422,1.0,
57,0,76,424,1.0,
58,0,73,427,1.0,
59,0,72,428,1.0,
60,0,69,431,1.0,
61,0,67,433,1.0,
62,0,66,434,1.0,
63,0,64,436,1.0,
64,0,61,439,1.0,
65,0,58,442,1.0,
66,0,57,443,1.0,
67,0,53,447,1.0,
68,0,52,448,1.0,
69,0,50,450,1.0,
70,0,50,450,1.0,
71,0,47,453,1.0,
72,0,46,454,1.0,
73,0,43,457,1.0,
74,0,41,459,1.0,
75,0,40,460,1.0,
76,0,39,461,1.0,
77,0,38,462,1.0,
78,0,35,465,1.0,
79,0,33,467,1.0,
80,0,33,467,1.0,
81,0,32,468,1.0,
82,0,32,468,1.0,
83,0,30,470,1.0,
84,0,29,471,1.0,
85,0,29,471,1.0,
86,0,28,472,1.0,
87,0,27,473,1.0,
88,0,23,477,1.0,
89,0,22,478,1.0,
90,0,22,478,1.0,
91,0,22,478,1.0,
92,0,21,479,1.0,
93,0,19,481,1.0,
94,0,19,481,1.0,
95,0,19,481,1.0,
96,0,19,481,1.0,
97,0,18,482,1.0,
98,0,18,482,1.0,
99,0,17,483,1.0,
100,0,16,484,1.0,
101,0,16,484,1.0,
102,0,15,485,1.0,
103,0,15,485,1.0,
104,0,14,486,1.0,
105,0,14,486,1.0,
106,0,13,487,1.0,
107,0,11,489,1.0,
108,0,11,489,1.0,
109,0,11,489,1.0,
110,0,11,489,1.0,
111,0,9,491,1.0,
112,0,9,491,1.0,
113,0,9,491,1.0,
114,0,9,491,1.0,
115,0,8,492,1.0,
116,0,8,492,1.0,
117,0,7,493,1.0,
118,0,7,493,1.0,
119,0,7,493,1.0,
120,0,7,493,1.0,
121,0,7,493,1.0,
122,0,6,494,1.0,
123,0,6,494,1.0,
124,0,6,494,1.0,
125,0,6,494,1.0,
126,0,6,494,1.0,
127,0,5,495,1.0,
128,0,5,495,1.0,
129,0,5,495,1.0,
130,0,4,496,1.0,
131,0,4,496,1.0,
132,0,4,496,1.0,
133,0,4,496,1.0,
134,0,4,496,1.0,
135,0,4,496,1.0,
136,0,4,496,1.0,
137,0,4,496,1.0,
138,0,4,496,1.0,
139,0,4,496,1.0,
140,0,4,496,1.0,
141,0,4,496,1.0,
142,0,4,496,1.0,
143,0,4,496,1.0,
144,0,4,496,1.0,
145,0,4,496,1.0,
146,0,4,496,1.0,
147,0,4,496,1.0,
148,0,4,496,1.0,
149,0,4,496,1.0,
150,0,4,496,1.0,
151,0,4,496,1.0,
152,0,4,496,1.0,
153,0,3,497,1.0,
154,0,3,497,1.0,
155,0,3,497,1.0,
156,0,3,497,1.0,
157,0,3,497,1.0,
158,0,3,497,1.0,
159,0,3,497,1.0,
160,0,3,497,1.0,
161,0,3,497,1.0,
162,0,3,497,1.0,
163,0,3,497,1.0,
164,0,3,497,1.0,
165,0,3,497,1.0,
166,0,3,497,1.0,
167,0,3,497,1.0,
168,0,3,497,1.0,
169,0,3,497,1.0,
170,0,3,497,1.0,
171,0,3,497,1.0,
172,0,3,497,1.0,
173,0,3,497,1.0,
174,0,3,497,1.0,
175,0,3,497,1.0,
176,0,3,497,1.0,
177,0,3,497,1.0,
178,0,3,497,1.0,
179,0,3,497,1.0,
180,0,3,497,1.0,
181,0,3,497,1.0,
182,0,3,497,1.0,
183,0,3,497,1.0,
184,0,3,497,1.0,
185,0,2,498,1.0,
186,0,2,498,1.0,
187,0,2,498,1.0,
188,0,2,498,1.0,
189,0,1,499,1.0,
190,0,1,499,1.0,
191,0,1,499,1.0,
192,0,1,499,1.0,
193,0,1,499,1.0,
194,0,1,499,1.0,
195,0,1,499,1.0,
196,0,1,499,1.0,
197,0,1,499,1.0,
198,0,1,499,1.0,
199,0,1,499,1.0,
200,0,1,499,1.0,
1,496,4,0,0.9928181818181818,1.0
2,492,8,0,0.9842727272727273,0.9956171584847361
3,484,15,1,0.9697272727272728,0.9879101914801063
4,477,22,1,0.9597272727272728,0.9823693921854076
5,464,35,1,0.939,0.9706363198144823
6,442,56,2,0.9011818181818182,0.9477164352293197
7,416,82,2,0.8765454545454545,0.9291927860134237
8,372,123,5,0.823,0.8843031089809426
9,336,154,10,0.794,0.8498066829579974
10,308,172,20,0.7676363636363637,0.8142603901257166
11,255,209,36,0.7715454545454545,0.7788563001029415
12,190,265,45,0.8143636363636364,0.7582607423784017
13,135,304,61,0.8637272727272727,0.7495934689890948
14,80,343,77,0.9272727272727272,0.7742640738324258
15,42,362,96,0.9640909090909091,0.7872056303265457
16,15,379,106,0.9913636363636363,0.854784728372886
17,3,375,122,0.9989090909090909,0.9113699188384213
18,2,363,135,0.9992727272727273,0.9114733660482781
19,1,348,151,0.9997272727272727,0.9421971873757482
20,0,336,164,1.0,
21,0,314,186,1.0,
22,0,291,209,1.0,
23,0,283,217,1.0,
24,0,273,227,1.0,
25,0,259,241,1.0,
26,0,246,254,1.0,
27,0,239,261,1.0,
28,0,230,270,1.0,
29,0,224,276,1.0,
30,0,216,284,1.0,
31,0,205,295,1.0,
32,0,196,304,1.0,
33,0,187,313,1.0,
34,0,178,322,1.0,
35,0,167,333,1.0,
36,0,160,340,1.0,
37,0,156,344,1.0,
38,0,149,351,1.0,
39,0,147,353,1.0,
40,0,144,356,1.0,
41,0,136,364,1.0,
42,0,129,371,1.0,
43,0,128,372,1.0,
44,0,122,378,1.0,
45,0,114,386,1.0,
46,0,111,389,1.0,
47,0,107,393,1.0,
48,0,99,401,1.0,
49,0,94,406,1.0,
50,0,89,411,1.0,
51,0,87,413,1.0,
52,0,87,413,1.0,
53,0,86,414,1.0,
54,0,86,414,1.0,
55,0,84,416,1.0,
56,0,80,420,1.0,
57,0,76,424,1.0,
58,0,74,426,1.0,
59,0,73,427,1.0,
60,0,72,428,1.0,
61,0,70,430,1.0,
62,0,68,432,1.0,
63,0,66,434,1.0,
64,0,63,437,1.0,
65,0,62,438,1.0,
66,0,60,440,1.0,
67,0,60,440,1.0,
68,0,58,442,1.0,
69,0,56,444,1.0,
70,0,55,445,1.0,
71,0,54,446,1.0,
72,0,51,449,1.0,
73,0,49,451,1.0,
74,0,47,453,1.0,
75,0,46,454,1.0,
76,0,43,457,1.0,
77,0,41,459,1.0,
78,0,41,459,1.0,
79,0,38,462,1.0,
80,0,37,463,1.0,
81,0,36,464,1.0,
82,0,35,465,1.0,
83,0,34,466,1.0,
84,0,31,469,1.0,
85,0,30,470,1.0,
86,0,30,470,1.0,
87,0,29,471,1.0,
88,0,29,471,1.0,
89,0,28,472,1.0,
90,0,27,473,1.0,
91,0,25,475,1.0,
92,0,24,476,1.0,
93,0,24,476,1.0,
94,0,23,477,1.0,
95,0,23,477,1.0,
96,0,22,478,1.0,
97,0,21,479,1.0,
98,0,21,479,1.0,
99,0,21,479,1.0,
100,0,21,479,1.0,
101,0,21,479,1.0,
102,0,21,479,1.0,
103,0,20,480,1.0,
104,0,20,480,1.0,
105,0,19,481,1.0,
106,0,18,482,1.0,
107,0,16,484,1.0,
108,0,16,484,1.0,
109,0,16,484,1.0,
110,0,16,484,1.0,
111,0,15,485,1.0,
112,0,15,485,1.0,
113,0,14,486,1.0,
114,0,14,486,1.0,
115,0,12,488,1.0,
116,0,12,488,1.0,
117,0,12,488,1.0,
118,0,11,489,1.0,
119,0,11,489,1.0,
120,0,9,491,1.0,
121,0,9,491,1.0,
122,0,9,491,1.0,
123,0,9,491,1.0,
124,0,9,491,1.0,
125,0,9,491,1.0,
126,0,9,491,1.0,
127,0,8,492,1.0,
128,0,8,492,1.0,
129,0,8,492,1.0,
130,0,8,492,1.0,
131,0,7,493,1.0,
132,0,7,493,1.0,
133,0,7,493,1.0,
134,0,7,493,1.0,
135,0,7,493,1.0,
136,0,7,493,1.0,
137,0,7,493,1.0,
138,0,7,493,1.0,
139,0,6,494,1.0,
140,0,6,494,1.0,
141,0,6,494,1.0,
142,0,6,494,1.0,
143,0,6,494,1.0,
144,0,4,496,1.0,
145,0,4,496,1.0,
146,0,3,497,1.0,
147,0,3,497,1.0,
148,0,3,497,1.0,
149,0,2,498,1.0,
150,0,2,498,1.0,
151,0,2,498,1.0,
152,0,2,498,1.0,
153,0,2,498,1.0,
154,0,2,498,1.0,
155,0,2,498,1.0,
156,0,2,498,1.0,
157,0,2,498,1.0,
158,0,2,498,1.0,
159,0,2,498,1.0,
160,0,2,498,1.0,
161,0,2,498,1.0,
162,0,2,498,1.0,
163,0,2,498,1.0,
164,0,2,498,1.0,
165,0,2,498,1.0,
166,0,2,498,1.0,
167,0,2,498,1.0,
168,0,2,498,1.0,
169,0,2,498,1.0,
170,0,1,499,1.0,
171,0,1,499,1.0,
172,0,1,499,1.0,
173,0,1,499,1.0,
174,0,1,499,1.0,
175,0,1,499,1.0,
176,0,1,499,1.0,
177,0,1,499,1.0,
178,0,1,499,1.0,
179,0,1,499,1.0,
180,0,1,499,1.0,
181,0,1,499,1.0,
182,0,1,499,1.0,
183,0,1,499,1.0,
184,0,1,499,1.0,
185,0,1,499,1.0,
186,0,1,499,1.0,
187,0,1,499,1.0,
188,0,1,499,1.0,
189,0,1,499,1.0,
190,0,1,499,1.0,
191,0,1,499,1.0,
192,0,1,499,1.0,
193,0,1,499,1.0,
194,0,1,499,1.0,
195,0,1,499,1.0,
196,0,1,499,1.0,
197,0,1,499,1.0,
198,0,1,499,1.0,
199,0,1,499,1.0,
200,0,1,499,1.0,
1,495,5,0,0.9916363636363636,1.0
2,485,14,1,0.973,0.9902379256897027
3,477,21,2,0.9599090909090909,0.9830436647565325
4,469,28,3,0.9466363636363636,0.9755300376442234
5,453,42,5,0.9244545454545454,0.9622316232417653
6,427,65,8,0.8967272727272727,0.9432846465779974
7,390,99,11,0.855909090909091,0.9113139754395135
8,335,150,15,0.8058181818181818,0.8585379169309307
9,286,195,19,0.7869090909090909,0.8168010147436686
10,229,237,34,0.7856363636363637,0.7683106949486926
11,171,284,45,0.8143636363636364,0.7299940469568696
12,109,328,63,0.8854545454545455,0.7387406057416523
13,53,369,78,0.9617272727272728,0.8200466010983949
14,15,392,93,0.9948181818181818,0.9149418640778783
15,3,388,109,0.9990909090909091,0.9237492192520249
16,3,371,126,0.9981818181818182,0.8440469570214792
17,1,351,148,0.9989090909090909,0.7173203600749116
18,0,339,161,1.0,
19,0,325,175,1.0,
20,0,314,186,1.0,
21,0,302,198,1.0,
22,0,290,210,1.0,
23,0,280,220,1.0,
24,0,265,235,1.0,
25,0,259,241,1.0,
26,0,251,249,1.0,
27,0,238,262,1.0,
28,0,227,273,1.0,
29,0,214,286,1.0,
30,0,201,299,1.0,
31,0,190,310,1.0,
32,0,181,319,1.0,
33,0,178,322,1.0,
34,0,172,328,1.0,
35,0,171,329,1.0,
36,0,168,332,1.0,
37,0,161,339,1.0,
38,0,152,348,1.0,
39,0,148,352,1.0,
40,0,143,357,1.0,
41,0,136,364,1.0,
42,0,129,371,1.0,
43,0,123,377,1.0,
44,0,120,380,1.0,
45,0,117,383,1.0,
46,0,111,389,1.0,
47,0,103,397,1.0,
48,0,101,399,1.0,
49,0,92,408,1.0,
50,0,89,411,1.0,
51,0,84,416,1.0,
52,0,83,417,1.0,
53,0,81,419,1.0,
54,0,75,425,1.0,
55,0,70,430,1.0,
56,0,68,432,1.0,
57,0,65,435,1.0,
58,0,61,439,1.0,
59,0,56,444,1.0,
60,0,55,445,1.0,
61,0,54,446,1.0,
62,0,52,448,1.0,
63,0,48,452,1.0,
64,0,46,454,1.0,
65,0,44,456,1.0,
66,0,41,459,1.0,
67,0,41,459,1.0,
68,0,38,462,1.0,
69,0,35,465,1.0,
70,0,34,466,1.0,
71,0,31,469,1.0,
72,0,30,470,1.0,
73,0,27,473,1.0,
74,0,26,474,1.0,
75,0,23,477,1.0,
76,0,22,478,1.0,
77,0,22,478,1.0,
78,0,20,480,1.0,
79,0,18,482,1.0,
80,0,18,482,1.0,
81,0,18,482,1.0,
82,0,17,483,1.0,
83,0,17,483,1.0,
84,0,17,483,1.0,
85,0,15,485,1.0,
86,0,15,485,1.0,
87,0,15,485,1.0,
88,0,14,486,1.0,
89,0,13,487,1.0,
90,0,13,487,1.0,
91,0,13,487,1.0,
92,0,12,488,1.0,
93,0,11,489,1.0,
94,0,10,490,1.0,
95,0,10,490,1.0,
96,0,10,490,1.0,
97,0,10,490,1.0,
98,0,10,490,1.0,
99,0,10,490,1.0,
100,0,9,491,1.0,
101,0,9,491,1.0,
102,0,9,491,1.0,
103,0,8,492,1.0,
104,0,8,492,1.0,
105,0,8,492,1.0,
106,0,8,492,1.0,
107,0,7,493,1.0,
108,0,7,493,1.0,
109,0,7,493,1.0,
110,0,7,493,1.0,
111,0,7,493,1.0,
112,0,7,493,1.0,
113,0,7,493,1.0,
114,0,7,493,1.0,
115,0,7,493,1.0,
116,0,7,493,1.0,
117,0,7,493,1.0,
118,0,6,494,1.0,
119,0,6,494,1.0,
120,0,6,494,1.0,
121,0,6,494,1.0,
122,0,6,494,1.0,
123,0,5,495,1.0,
124,0,4,496,1.0,
125,0,4,496,1.0,
126,0,4,496,1.0,
127,0,3,497,1.0,
128,0,3,497,1.0,
129,0,3,497,1.0,
130,0,3,497,1.0,
131,0,3,497,1.0,
132,0,3,497,1.0,
133,0,3,497,1.0,
134,0,3,497,1.0,
135,0,3,497,1.0,
136,0,2,498,1.0,
137,0,2,498,1.0,
138,0,2,498,1.0,
139,0,2,498,1.0,
140,0,2,498,1.0,
141,0,2,498,1.0,
142,0,2,498,1.0,
143,0,2,498,1.0,
144,0,2,498,1.0,
145,0,2,498,1.0,
146,0,2,498,1.0,
147,0,2,498,1.0,
148,0,2,498,1.0,
149,0,2,498,1.0,
150,0,2,498,1.0,
151,0,2,498,1.0,
152,0,2,498,1.0,
153,0,2,498,1.0,
154,0,2,498,1.0,
155,0,2,498,1.0,
156,0,2,498,1.0,
157,0,2,498,1.0,
158,0,2,498,1.0,
159,0,2,498,1.0,
160,0,2,498,1.0,
161,0,2,498,1.0,
162,0,2,498,1.0,
163,0,2,498,1.0,
164,0,2,498,1.0,
165,0,2,498,1.0,
166,0,2,498,1.0,
167,0,2,498,1.0,
168,0,2,498,1.0,
169,0,2,498,1.0,
170,0,2,498,1.0,
171,0,2,498,1.0,
172,0,2,498,1.0,
173,0,2,498,1.0,
174,0,2,498,1.0,
175,0,2,498,1.0,
176,0,1,499,1.0,
177,0,1,499,1.0,
178,0,1,499,1.0,
179,0,1,499,1.0,
180,0,1,499,1.0,
181,0,1,499,1.0,
182,0,1,499,1.0,
183,0,1,499,1.0,
184,0,1,499,1.0,
185,0,1,499,1.0,
186,0,1,499,1.0,
187,0,1,499,1.0,
188,0,1,499,1.0,
189,0,1,499,1.0,
190,0,1,499,1.0,
191,0,1,499,1.0,
192,0,0,500,1.0,
193,0,0,500,1.0,
194,0,0,500,1.0,
195,0,0,500,1.0,
196,0,0,500,1.0,
197,0,0,500,1.0,
198,0,0,500,1.0,
199,0,0,500,1.0,
200,0,0,500,1.0,
1,499,1,0,1.0,1.0
2,496,4,0,0.9934545454545455,0.9966954034518909
3,491,9,0,0.9858181818181818,0.9927225091039376
4,487,13,0,0.9753636363636363,0.9872949520412759
5,473,26,1,0.9523636363636364,0.9747038876207184
6,449,48,3,0.9092727272727272,0.9494364518351176
7,412,83,5,0.8548181818181818,0.9118871654295769
8,381,107,12,0.8221818181818182,0.8831818963118466
9,327,154,19,0.8093636363636364,0.8543991267170712
10,267,197,36,0.8143636363636364,0.8260621081821895
11,216,238,46,0.8283636363636364,0.8012422762669084
12,165,277,58,0.8538181818181818,0.7779424469293791
13,109,316,75,0.9034545454545454,0.7776316624124415
14,73,335,92,0.9341818181818182,0.7732928321981447
15,49,340,111,0.9479090909090909,0.732011965093384
16,26,354,120,0.975909090909091,0.7651521637830034
17,13,353,134,0.992,0.8429190368367471
18,4,353,143,0.9983636363636363,0.8922317992085435
19,0,345,155,1.0,
20,0,330,170,1.0,
21,0,320,180,1.0,
22,0,312,188,1.0,
23,0,297,203,1.0,
24,0,285,215,1.0,
25,0,269,231,1.0,
26,0,255,245,1.0,
27,0,243,257,1.0,
28,0,237,263,1.0,
29,0,226,274,1.0,
30,0,214,286,1.0,
31,0,208,292,1.0,
32,0,200,300,1.0,
33,0,194,306,1.0,
34,0,185,315,1.0,
35,0,180,320,1.0,
36,0,174,326,1.0,
37,0,166,334,1.0,
38,0,162,338,1.0,
39,0,157,343,1.0,
40,0,153,347,1.0,
41,0,148,352,1.0,
42,0,140,360,1.0,
43,0,137,363,1.0,
44,0,131,369,1.0,
45,0,126,374,1.0,
46,0,123,377,1.0,
47,0,119,381,1.0,
48,0,116,384,1.0,
49,0,114,386,1.0,
50,0,106,394,1.0,
51,0,100,400,1.0,
52,0,94,406,1.0,
53,0,89,411,1.0,
54,0,84,416,1.0,
55,0,81,419,1.0,
56,0,76,424,1.0,
57,0,72,428,1.0,
58,0,68,432,1.0,
59,0,67,433,1.0,
60,0,65,435,1.0,
61,0,61,439,1.0,
62,0,60,440,1.0,
63,0,58,442,1.0,
64,0,55,445,1.0,
65,0,52,448,1.0,
66,0,50,450,1.0,
67,0,48,452,1.0,
68,0,46,454,1.0,
69,0,43,457,1.0,
70,0,42,458,1.0,
71,0,41,459,1.0,
72,0,39,461,1.0,
73,0,38,462,1.0,
74,0,37,463,1.0,
75,0,37,463,1.0,
76,0,35,465,1.0,
77,0,33,467,1.0,
78,0,32,468,1.0,
79,0,31,469,1.0,
80,0,30,470,1.0,
81,0,29,471,1.0,
82,0,26,474,1.0,
83,0,26,474,1.0,
84,0,26,474,1.0,
85,0,26,474,1.0,
86,0,25,475,1.0,
87,0,24,476,1.0,
88,0,24,476,1.0,
89,0,24,476,1.0,
90,0,22,478,1.0,
91,0,22,478,1.0,
92,0,20,480,1.0,
93,0,19,481,1.0,
94,0,18,482,1.0,
95,0,18,482,1.0,
96,0,16,484,1.0,
97,0,16,484,1.0,
98,0,15,485,1.0,
99,0,13,487,1.0,
100,0,12,488,1.0,
101,0,12,488,1.0,
102,0,12,488,1.0,
103,0,12,488,1.0,
104,0,11,489,1.0,
105,0,10,490,1.0,
106,0,10,490,1.0,
107,0,10,490,1.0,
108,0,10,490,1.0,
109,0,10,490,1.0,
110,0,10,490,1.0,
111,0,10,490,1.0,
112,0,10,490,1.0,
113,0,10,490,1.0,
114,0,10,490,1.0,
115,0,9,491,1.0,
116,0,9,491,1.0,
117,0,9,491,1.0,
118,0,9,491,1.0,
119,0,8,492,1.0,
120,0,8,492,1.0,
121,0,8,492,1.0,
122,0,8,492,1.0,
123,0,8,492,1.0,
124,0,7,493,1.0,
125,0,6,494,1.0,
126,0,5,495,1.0,
127,0,4,496,1.0,
128,0,4,496,1.0,
129,0,4,496,1.0,
130,0,3,497,1.0,
131,0,3,497,1.0,
132,0,3,497,1.0,
133,0,3,497,1.0,
134,0,3,497,1.0,
135,0,2,498,1.0,
136,0,2,498,1.0,
137,0,2,498,1.0,
138,0,2,498,1.0,
139,0,2,498,1.0,
140,0,2,498,1.0,
141,0,2,498,1.0,
142,0,2,498,1.0,
143,0,1,499,1.0,
144,0,1,499,1.0,
145,0,1,499,1.0,
146,0,1,499,1.0,
147,0,1,499,1.0,
148,0,1,499,1.0,
149,0,1,499,1.0,
150,0,1,499,1.0,
151,0,1,499,1.0,
152,0,1,499,1.0,
153,0,1,499,1.0,
154,0,1,499,1.0,
155,0,1,499,1.0,
156,0,1,499,1.0,
157,0,1,499,1.0,
158,0,1,499,1.0,
159,0,1,499,1.0,
160,0,1,499,1.0,
161,0,1,499,1.0,
162,0,1,499,1.0,
163,0,1,499,1.0,
164,0,1,499,1.0,
165,0,1,499,1.0,
166,0,1,499,1.0,
167,0,1,499,1.0,
168,0,1,499,1.0,
169,0,1,499,1.0,
170,0,1,499,1.0,
171,0,1,499,1.0,
172,0,1,499,1.0,
173,0,1,499,1.0,
174,0,1,499,1.0,
175,0,1,499,1.0,
176,0,1,499,1.0,
177,0,1,499,1.0,
178,0,1,499,1.0,
179,0,1,499,1.0,
180,0,1,499,1.0,
181,0,1,499,1.0,
182,0,1,499,1.0,
183,0,1,499,1.0,
184,0,1,499,1.0,
185,0,0,500,1.0,
186,0,0,500,1.0,
187,0,0,500,1.0,
188,0,0,500,1.0,
189,0,0,500,1.0,
190,0,0,500,1.0,
191,0,0,500,1.0,
192,0,0,500,1.0,
193,0,0,500,1.0,
194,0,0,500,1.0,
195,0,0,500,1.0,
196,0,0,500,1.0,
197,0,0,500,1.0,
198,0,0,500,1.0,
199,0,0,500,1.0,
200,0,0,500,1.0,
1,497,3,0,0.9972727272727273,1.0
2,492,8,0,0.9855454545454545,0.9940119210522078
3,484,16,0,0.9677272727272728,0.9847045497270669
4,470,29,1,0.9393636363636364,0.9690119990241705
5,449,48,3,0.9067272727272727,0.9492647138201945
6,425,71,4,0.8654545454545455,0.9220386255075123
7,376,118,6,0.808,0.8734391677612523
8,337,151,12,0.7890909090909091,0.8448136855063493
9,284,199,17,0.7917272727272727,0.8175372620694659
10,240,231,29,0.7968181818181819,0.7886124595240975
11,184,272,44,0.8234545454545454,0.7598448040241049
12,139,304,57,0.864909090909091,0.7565228463152286
13,87,342,71,0.9151818181818182,0.7567203956898989
14,52,361,87,0.9484545454545454,0.7528615395536481
15,23,377,100,0.982909090909091,0.8126724190514789
16,11,373,116,0.9931818181818182,0.8434349455244758
17,3,371,126,0.9988181818181818,0.9015221711005105
18,1,349,150,0.9992727272727273,0.8150748396251191
19,0,334,166,1.0,
20,0,325,175,1.0,
21,0,311,189,1.0,
22,0,302,198,1.0,
23,0,293,207,1.0,
24,0,281,219,1.0,
25,0,269,231,1.0,
26,0,261,239,1.0,
27,0,254,246,1.0,
28,0,245,255,1.0,
29,0,232,268,1.0,
30,0,226,274,1.0,
31,0,218,282,1.0,
32,0,206,294,1.0,
33,0,199,301,1.0,
34,0,193,307,1.0,
35,0,187,313,1.0,
36,0,179,321,1.0,
37,0,174,326,1.0,
38,0,163,337,1.0,
39,0,155,345,1.0,
40,0,146,354,1.0,
41,0,134,366,1.0,
42,0,128,372,1.0,
43,0,125,375,1.0,
44,0,120,380,1.0,
45,0,115,385,1.0,
46,0,107,393,1.0,
47,0,104,396,1.0,
48,0,99,401,1.0,
49,0,97,403,1.0,
50,0,94,406,1.0,
51,0,91,409,1.0,
52,0,89,411,1.0,
53,0,85,415,1.0,
54,0,83,417,1.0,
55,0,82,418,1.0,
56,0,80,420,1.0,
57,0,75,425,1.0,
58,0,70,430,1.0,
59,0,68,432,1.0,
60,0,67,433,1.0,
61,0,62,438,1.0,
62,0,58,442,1.0,
63,0,58,442,1.0,
64,0,53,447,1.0,
65,0,51,449,1.0,
66,0,49,451,1.0,
67,0,48,452,1.0,
68,0,45,455,1.0,
69,0,43,457,1.0,
70,0,41,459,1.0,
71,0,41,459,1.0,
72,0,38,462,1.0,
73,0,36,464,1.0,
74,0,34,466,1.0,
75,0,32,468,1.0,
76,0,30,470,1.0,
77,0,30,470,1.0,
78,0,28,472,1.0,
79,0,27,473,1.0,
80,0,25,475,1.0,
81,0,25,475,1.0,
82,0,24,476,1.0,
83,0,23,477,1.0,
84,0,23,477,1.0,
85,0,21,479,1.0,
86,0,20,480,1.0,
87,0,20,480,1.0,
88,0,19,481,1.0,
89,0,17,483,1.0,
90,0,17,483,1.0,
91,0,17,483,1.0,
92,0,17,483,1.0,
93,0,15,485,1.0,
94,0,15,485,1.0,
95,0,14,486,1.0,
96,0,12,488,1.0,
97,0,11,489,1.0,
98,0,9,491,1.0,
99,0,8,492,1.0,
100,0,8,492,1.0,
101,0,8,492,1.0,
102,0,8,492,1.0,
103,0,8,492,1.0,
104,0,8,492,1.0,
105,0,8,492,1.0,
106,0,8,492,1.0,
107,0,8,492,1.0,
108,0,8,492,1.0,
109,0,8,492,1.0,
110,0,7,493,1.0,
111,0,7,493,1.0,
112,0,7,493,1.0,
113,0,7,493,1.0,
114,0,7,493,1.0,
115,0,6,494,1.0,
116,0,5,495,1.0,
117,0,5,495,1.0,
118,0,4,496,1.0,
119,0,4,496,1.0,
120,0,2,498,1.0,
121,0,2,498,1.0,
122,0,2,498,1.0,
123,0,2,498,1.0,
124,0,2,498,1.0,
125,0,2,498,1.0,
126,0,2,498,1.0,
127,0,2,498,1.0,
128,0,2,498,1.0,
129,0,2,498,1.0,
130,0,2,498,1.0,
131,0,2,498,1.0,
132,0,2,498,1.0,
133,0,2,498,1.0,
134,0,2,498,1.0,
135,0,2,498,1.0,
136,0,2,498,1.0,
137,0,2,498,1.0,
138,0,1,499,1.0,
139,0,1,499,1.0,
140,0,1,499,1.0,
141,0,1,499,1.0,
142,0,1,499,1.0,
143,0,1,499,1.0,
144,0,1,499,1.0,
145,0,1,499,1.0,
146,0,1,499,1.0,
147,0,1,499,1.0,
148,0,1,499,1.0,
149,0,1,499,1.0,
150,0,1,499,1.0,
151,0,1,499,1.0,
152,0,1,499,1.0,
153,0,1,499,1.0,
154,0,1,499,1.0,
155,0,1,499,1.0,
156,0,1,499,1.0,
157,0,1,499,1.0,
158,0,1,499,1.0,
159,0,1,499,1.0,
160,0,1,499,1.0,
161,0,1,499,1.0,
162,0,1,499,1.0,
163,0,1,499,1.0,
164,0,1,499,1.0,
165,0,1,499,1.0,
166,0,1,499,1.0,
167,0,1,499,1.0,
168,0,1,499,1.0,
169,0,1,499,1.0,
170,0,1,499,1.0,
171,0,1,499,1.0,
172,0,1,499,1.0,
173,0,1,499,1.0,
174,0,1,499,1.0,
175,0,1,499,1.0,
176,0,1,499,1.0,
177,0,1,499,1.0,
178,0,1,499,1.0,
179,0,1,499,1.0,
180,0,1,499,1.0,
181,0,1,499,1.0,
182,0,1,499,1.0,
183,0,1,499,1.0,
184,0,1,499,1.0,
185,0,1,499,1.0,
186,0,1,499,1.0,
187,0,1,499,1.0,
188,0,1,499,1.0,
189,0,1,499,1.0,
190,0,1,499,1.0,
191,0,1,499,1.0,
192,0,1,499,1.0,
193,0,1,499,1.0,
194,0,1,499,1.0,
195,0,1,499,1.0,
196,0,1,499,1.0,
197,0,1,499,1.0,
198,0,1,499,1.0,
199,0,0,500,1.0,
200,0,0,500,1.0,
1,494,6,0,0.9903636363636363,1.0
2,486,14,0,0.9715454545454546,0.9901767592151549
3,478,22,0,0.9534545454545454,0.9803680843503609
4,455,40,5,0.9201818181818182,0.9606436464948287
5,434,58,8,0.8862727272727273,0.9389363208843764
6,396,94,10,0.8374545454545455,0.901569540473356
7,357,126,17,0.7972727272727272,0.8620343661669149
8,296,182,22,0.7681818181818182,0.8078107713932534
9,240,226,34,0.7773636363636364,0.7717102892004496
10,187,269,44,0.8012727272727272,0.7374171134227284
11,108,330,62,0.8921818181818182,0.7541180127295845
12,57,365,78,0.9530909090909091,0.7973526391291109
13,27,378,95,0.9854545454545455,0.8678498065204954
14,8,377,115,0.9959090909090909,0.8728909838679176
15,2,367,131,0.9988181818181818,0.8484281222912642
16,1,350,149,0.9990909090909091,0.7597948854647331
17,1,337,162,0.9990909090909091,0.7597948854647331
18,1,323,176,0.9989090909090909,0.7107758605960406
19,0,314,186,1.0,
20,0,297,203,1.0,
21,0,287,213,1.0,
22,0,276,224,1.0,
23,0,261,239,1.0,
24,0,253,247,1.0,
25,0,242,258,1.0,
26,0,230,270,1.0,
27,0,218,282,1.0,
28,0,214,286,1.0,
29,0,204,296,1.0,
30,0,198,302,1.0,
31,0,190,310,1.0,
32,0,182,318,1.0,
33,0,174,326,1.0,
34,0,168,332,1.0,
35,0,166,334,1.0,
36,0,161,339,1.0,
37,0,152,348,1.0,
38,0,143,357,1.0,
39,0,137,363,1.0,
40,0,132,368,1.0,
41,0,122,378,1.0,
42,0,118,382,1.0,
43,0,113,387,1.0,
44,0,108,392,1.0,
45,0,103,397,1.0,
46,0,103,397,1.0,
47,0,98,402,1.0,
48,0,94,406,1.0,
49,0,91,409,1.0,
50,0,84,416,1.0,
51,0,81,419,1.0,
52,0,80,420,1.0,
53,0,76,424,1.0,
54,0,74,426,1.0,
55,0,71,429,1.0,
56,0,70,430,1.0,
57,0,67,433,1.0,
58,0,66,434,1.0,
59,0,63,437,1.0,
60,0,62,438,1.0,
61,0,61,439,1.0,
62,0,57,443,1.0,
63,0,55,445,1.0,
64,0,53,447,1.0,
65,0,53,447,1.0,
66,0,48,452,1.0,
67,0,46,454,1.0,
68,0,43,457,1.0,
69,0,41,459,1.0,
70,0,37,463,1.0,
71,0,35,465,1.0,
72,0,32,468,1.0,
73,0,32,468,1.0,
74,0,31,469,1.0,
75,0,29,471,1.0,
76,0,28,472,1.0,
77,0,27,473,1.0,
78,0,26,474,1.0,
79,0,26,474,1.0,
80,0,26,474,1.0,
81,0,25,475,1.0,
82,0,25,475,1.0,
83,0,24,476,1.0,
84,0,24,476,1.0,
85,0,23,477,1.0,
86,0,22,478,1.0,
87,0,21,479,1.0,
88,0,21,479,1.0,
89,0,21,479,1.0,
90,0,20,480,1.0,
91,0,20,480,1.0,
92,0,19,481,1.0,
93,0,19,481,1.0,
94,0,19,481,1.0,
95,0,19,481,1.0,
96,0,19,481,1.0,
97,0,19,481,1.0,
98,0,17,483,1.0,
99,0,16,484,1.0,
100,0,13,487,1.0,
101,0,13,487,1.0,
102,0,11,489,1.0,
103,0,11,489,1.0,
104,0,9,491,1.0,
105,0,9,491,1.0,
106,0,9,491,1.0,
107,0,9,491,1.0,
108,0,9,491,1.0,
109,0,7,493,1.0,
110,0,7,493,1.0,
111,0,6,494,1.0,
112,0,6,494,1.0,
113,0,6,494,1.0,
114,0,6,494,1.0,
115,0,6,494,1.0,
116,0,6,494,1.0,
117,0,6,494,1.0,
118,0,6,494,1.0,
119,0,6,494,1.0,
120,0,5,495,1.0,
121,0,5,495,1.0,
122,0,5,495,1.0,
123,0,5,495,1.0,
124,0,5,495,1.0,
125,0,4,496,1.0,
126,0,3,497,1.0,
127,0,2,498,1.0,
128,0,2,498,1.0,
129,0,2,498,1.0,
130,0,2,498,1.0,
131,0,2,498,1.0,
132,0,2,498,1.0,
133,0,2,498,1.0,
134,0,2,498,1.0,
135,0,2,498,1.0,
136,0,2,498,1.0,
137,0,2,498,1.0,
138,0,1,499,1.0,
139,0,1,499,1.0,
140,0,1,499,1.0,
141,0,1,499,1.0,
142,0,1,499,1.0,
143,0,1,499,1.0,
144,0,1,499,1.0,
145,0,1,499,1.0,
146,0,1,499,1.0,
147,0,1,499,1.0,
148,0,1,499,1.0,
149,0,1,499,1.0,
150,0,1,499,1.0,
151,0,1,499,1.0,
152,0,1,499,1.0,
153,0,1,499,1.0,
154,0,1,499,1.0,
155,0,1,499,1.0,
156,0,1,499,1.0,
157,0,1,499,1.0,
158,0,1,499,1.0,
159,0,1,499,1.0,
160,0,1,499,1.0,
161,0,1,499,1.0,
162,0,1,499,1.0,
163,0,1,499,1.0,
164,0,1,499,1.0,
165,0,1,499,1.0,
166,0,1,499,1.0,
167,0,1,499,1.0,
168,0,1,499,1.0,
169,0,1,499,1.0,
170,0,1,499,1.0,
171,0,1,499,1.0,
172,0,1,499,1.0,
173,0,1,499,1.0,
174,0,1,499,1.0,
175,0,1,499,1.0,
176,0,1,499,1.0,
177,0,1,499,1.0,
178,0,1,499,1.0,
179,0,0,500,1.0,
180,0,0,500,1.0,
181,0,0,500,1.0,
182,0,0,500,1.0,
183,0,0,500,1.0,
184,0,0,500,1.0,
185,0,0,500,1.0,
186,0,0,500,1.0,
187,0,0,500,1.0,
188,0,0,500,1.0,
189,0,0,500,1.0,
190,0,0,500,1.0,
191,0,0,500,1.0,
192,0,0,500,1.0,
193,0,0,500,1.0,
194,0,0,500,1.0,
195,0,0,500,1.0,
196,0,0,500,1.0,
197,0,0,500,1.0,
198,0,0,500,1.0,
199,0,0,500,1.0,
200,0,0,500,1.0,
1,498,2,0,0.9979090909090909,1.0
2,493,7,0,0.987,0.994415896965289
3,485,14,1,0.976,0.9886266382572986
4,474,24,2,0.9543636363636364,0.9769084402849317
5,457,38,5,0.9294545454545454,0.9624047660789989
6,422,72,6,0.8773636363636363,0.9282458578837187
7,396,95,9,0.8545454545454545,0.909007886593213
8,366,116,18,0.8394545454545455,0.8908982791010859
9,317,160,23,0.8208181818181818,0.8592740380070697
10,284,186,30,0.8136363636363636,0.8366226256055475
11,237,219,44,0.8022727272727272,0.7924341686403253
12,194,254,52,0.8092727272727273,0.755059931890523
13,140,295,65,0.8414545454545455,0.7167503549192836
14,98,323,79,0.897090909090909,0.7356652694549342
15,43,360,97,0.9678181818181818,0.8097184834558675
16,15,369,116,0.9946363636363637,0.9089435825841485
17,4,368,128,0.9989090909090909,0.9305701620466464
18,1,361,138,0.9995454545454545,0.8898384550494461
19,0,348,152,1.0,
20,0,335,165,1.0,
21,0,325,175,1.0,
22,0,307,193,1.0,
23,0,293,207,1.0,
24,0,282,218,1.0,
25,0,273,227,1.0,
26,0,262,238,1.0,
27,0,252,248,1.0,
28,0,240,260,1.0,
29,0,230,270,1.0,
30,0,222,278,1.0,
31,0,213,287,1.0,
32,0,200,300,1.0,
33,0,191,309,1.0,
34,0,185,315,1.0,
35,0,172,328,1.0,
36,0,167,333,1.0,
37,0,159,341,1.0,
38,0,153,347,1.0,
39,0,146,354,1.0,
40,0,142,358,1.0,
41,0,136,364,1.0,
42,0,132,368,1.0,
43,0,129,371,1.0,
44,0,124,376,1.0,
45,0,122,378,1.0,
46,0,117,383,1.0,
47,0,115,385,1.0,
48,0,112,388,1.0,
49,0,108,392,1.0,
50,0,103,397,1.0,
51,0,97,403,1.0,
52,0,93,407,1.0,
53,0,90,410,1.0,
54,0,82,418,1.0,
55,0,81,419,1.0,
56,0,76,424,1.0,
57,0,73,427,1.0,
58,0,72,428,1.0,
59,0,70,430,1.0,
60,0,67,433,1.0,
61,0,64,436,1.0,
62,0,58,442,1.0,
63,0,55,445,1.0,
64,0,54,446,1.0,
65,0,47,453,1.0,
66,0,46,454,1.0,
67,0,46,454,1.0,
68,0,43,457,1.0,
69,0,43,457,1.0,
70,0,43,457,1.0,
71,0,43,457,1.0,
72,0,40,460,1.0,
73,0,40,460,1.0,
74,0,38,462,1.0,
75,0,37,463,1.0,
76,0,35,465,1.0,
77,0,33,467,1.0,
78,0,31,469,1.0,
79,0,31,469,1.0,
80,0,28,472,1.0,
81,0,28,472,1.0,
82,0,28,472,1.0,
83,0,27,473,1.0,
84,0,25,475,1.0,
85,0,24,476,1.0,
86,0,22,478,1.0,
87,0,19,481,1.0,
88,0,17,483,1.0,
89,0,17,483,1.0,
90,0,17,483,1.0,
91,0,17,483,1.0,
92,0,16,484,1.0,
93,0,15,485,1.0,
94,0,15,485,1.0,
95,0,14,486,1.0,
96,0,14,486,1.0,
97,0,14,486,1.0,
98,0,14,486,1.0,
99,0,14,486,1.0,
100,0,13,487,1.0,
101,0,13,487,1.0,
102,0,12,488,1.0,
103,0,12,488,1.0,
104,0,12,488,1.0,
105,0,11,489,1.0,
106,0,11,489,1.0,
107,0,10,490,1.0,
108,0,10,490,1.0,
109,0,10,490,1.0,
110,0,10,490,1.0,
111,0,9,491,1.0,
112,0,9,491,1.0,
113,0,9,491,1.0,
114,0,8,492,1.0,
115,0,8,492,1.0,
116,0,7,493,1.0,
117,0,7,493,1.0,
118,0,6,494,1.0,
119,0,5,495,1.0,
120,0,4,496,1.0,
121,0,4,496,1.0,
122,0,4,496,1.0,
123,0,4,496,1.0,
124,0,4,496,1.0,
125,0,4,496,1.0,
126,0,4,496,1.0,
127,0,3,497,1.0,
128,0,3,497,1.0,
129,0,3,497,1.0,
130,0,3,497,1.0,
131,0,3,497,1.0,
132,0,3,497,1.0,
133,0,3,497,1.0,
134,0,3,497,1.0,
135,0,3,497,1.0,
136,0,3,497,1.0,
137,0,3,497,1.0,
138,0,2,498,1.0,
139,0,2,498,1.0,
140,0,2,498,1.0,
141,0,2,498,1.0,
142,0,2,498,1.0,
143,0,2,498,1.0,
144,0,2,498,1.0,
145,0,2,498,1.0,
146,0,2,498,1.0,
147,0,2,498,1.0,
148,0,2,498,1.0,
149,0,2,498,1.0,
150,0,1,499,1.0,
151,0,1,499,1.0,
152,0,1,499,1.0,
153,0,1,499,1.0,
154,0,1,499,1.0,
155,0,1,499,1.0,
156,0,1,499,1.0,
157,0,1,499,1.0,
158,0,1,499,1.0,
159,0,0,500,1.0,
160,0,0,500,1.0,
161,0,0,500,1.0,
162,0,0,500,1.0,
163,0,0,500,1.0,
164,0,0,500,1.0,
165,0,0,500,1.0,
166,0,0,500,1.0,
167,0,0,500,1.0,
168,0,0,500,1.0,
169,0,0,500,1.0,
170,0,0,500,1.0,
171,0,0,500,1.0,
172,0,0,500,1.0,
173,0,0,500,1.0,
174,0,0,500,1.0,
175,0,0,500,1.0,
176,0,0,500,1.0,
177,0,0,500,1.0,
178,0,0,500,1.0,
179,0,0,500,1.0,
180,0,0,500,1.0,
181,0,0,500,1.0,
182,0,0,500,1.0,
183,0,0,500,1.0,
184,0,0,500,1.0,
185,0,0,500,1.0,
186,0,0,500,1.0,
187,0,0,500,1.0,
188,0,0,500,1.0,
189,0,0,500,1.0,
190,0,0,500,1.0,
191,0,0,500,1.0,
192,0,0,500,1.0,
193,0,0,500,1.0,
194,0,0,500,1.0,
195,0,0,500,1.0,
196,0,0,500,1.0,
197,0,0,500,1.0,
198,0,0,500,1.0,
199,0,0,500,1.0,
200,0,0,500,1.0,
1,494,6,0,0.989,1.0
2,491,9,0,0.9824545454545455,0.9966168740213229
3,483,15,2,0.973,0.9915596357810156
4,470,28,2,0.9551818181818181,0.9816604208205271
5,447,49,4,0.918,0.9595099619724943
6,419,70,11,0.8826363636363637,0.9348649069398758
7,380,104,16,0.8261818181818181,0.8902246470153211
8,342,140,18,0.7871818181818182,0.8488464746716867
9,289,184,27,0.7619090909090909,0.7983175318539355
10,225,241,34,0.7884545454545454,0.7689000262766619
11,149,301,50,0.8541818181818182,0.7586973200943471
12,85,351,64,0.9207272727272727,0.7691974851214599
13,38,379,83,0.9682727272727273,0.7931848839130988
14,13,385,102,0.9933636363636363,0.8722123031833456
15,3,381,116,0.9993636363636363,0.9524152749232564
16,0,362,138,1.0,
17,0,345,155,1.0,
18,0,333,167,1.0,
19,0,322,178,1.0,
20,0,306,194,1.0,
21,0,295,205,1.0,
22,0,285,215,1.0,
23,0,275,225,1.0,
24,0,267,233,1.0,
25,0,254,246,1.0,
26,0,240,260,1.0,
27,0,229,271,1.0,
28,0,221,279,1.0,
29,0,211,289,1.0,
30,0,197,303,1.0,
31,0,188,312,1.0,
32,0,179,321,1.0,
33,0,169,331,1.0,
34,0,159,341,1.0,
35,0,146,354,1.0,
36,0,140,360,1.0,
37,0,134,366,1.0,
38,0,127,373,1.0,
39,0,122,378,1.0,
40,0,117,383,1.0,
41,0,112,388,1.0,
42,0,106,394,1.0,
43,0,99,401,1.0,
44,0,97,403,1.0,
45,0,91,409,1.0,
46,0,89,411,1.0,
47,0,87,413,1.0,
48,0,83,417,1.0,
49,0,83,417,1.0,
50,0,78,422,1.0,
51,0,73,427,1.0,
52,0,71,429,1.0,
53,0,67,433,1.0,
54,0,64,436,1.0,
55,0,59,441,1.0,
56,0,56,444,1.0,
57,0,54,446,1.0,
58,0,54,446,1.0,
59,0,51,449,1.0,
60,0,49,451,1.0,
61,0,46,454,1.0,
62,0,43,457,1.0,
63,0,42,458,1.0,
64,0,39,461,1.0,
65,0,36,464,1.0,
66,0,31,469,1.0,
67,0,28,472,1.0,
68,0,26,474,1.0,
69,0,25,475,1.0,
70,0,25,475,1.0,
71,0,24,476,1.0,
72,0,23,477,1.0,
73,0,23,477,1.0,
74,0,23,477,1.0,
75,0,22,478,1.0,
76,0,21,479,1.0,
77,0,20,480,1.0,
78,0,17,483,1.0,
79,0,17,483,1.0,
80,0,17,483,1.0,
81,0,17,483,1.0,
82,0,16,484,1.0,
83,0,16,484,1.0,
84,0,16,484,1.0,
85,0,15,485,1.0,
86,0,14,486,1.0,
87,0,14,486,1.0,
88,0,14,486,1.0,
89,0,13,487,1.0,
90,0,13,487,1.0,
91,0,11,489,1.0,
92,0,10,490,1.0,
93,0,9,491,1.0,
94,0,9,491,1.0,
95,0,9,491,1.0,
96,0,8,492,1.0,
97,0,8,492,1.0,
98,0,8,492,1.0,
99,0,8,492,1.0,
100,0,8,492,1.0,
101,0,8,492,1.0,
102,0,8,492,1.0,
103,0,8,492,1.0,
104,0,8,492,1.0,
105,0,7,493,1.0,
106,0,6,494,1.0,
107,0,6,494,1.0,
108,0,6,494,1.0,
109,0,6,494,1.0,
110,0,6,494,1.0,
111,0,5,495,1.0,
112,0,5,495,1.0,
113,0,5,495,1.0,
114,0,5,495,1.0,
115,0,5,495,1.0,
116,0,4,496,1.0,
117,0,4,496,1.0,
118,0,3,497,1.0,
119,0,3,497,1.0,
120,0,2,498,1.0,
121,0,2,498,1.0,
122,0,2,498,1.0,
123,0,2,498,1.0,
124,0,1,499,1.0,
125,0,1,499,1.0,
126,0,1,499,1.0,
127,0,1,499,1.0,
128,0,1,499,1.0,
129,0,1,499,1.0,
130,0,1,499,1.0,
131,0,1,499,1.0,
132,0,1,499,1.0,
133,0,1,499,1.0,
134,0,1,499,1.0,
135,0,1,499,1.0,
136,0,1,499,1.0,
137,0,1,499,1.0,
138,0,1,499,1.0,
139,0,1,499,1.0,
140,0,1,499,1.0,
141,0,1,499,1.0,
142,0,1,499,1.0,
143,0,1,499,1.0,
144,0,1,499,1.0,
145,0,1,499,1.0,
146,0,1,499,1.0,
147,0,1,499,1.0,
148,0,1,499,1.0,
149,0,1,499,1.0,
150,0,1,499,1.0,
151,0,1,499,1.0,
152,0,1,499,1.0,
153,0,1,499,1.0,
154,0,0,500,1.0,
155,0,0,500,1.0,
156,0,0,500,1.0,
157,0,0,500,1.0,
158,0,0,500,1.0,
159,0,0,500,1.0,
160,0,0,500,1.0,
161,0,0,500,1.0,
162,0,0,500,1.0,
163,0,0,500,1.0,
164,0,0,500,1.0,
165,0,0,500,1.0,
166,0,0,500,1.0,
167,0,0,500,1.0,
168,0,0,500,1.0,
169,0,0,500,1.0,
170,0,0,500,1.0,
171,0,0,500,1.0,
172,0,0,500,1.0,
173,0,0,500,1.0,
174,0,0,500,1.0,
175,0,0,500,1.0,
176,0,0,500,1.0,
177,0,0,500,1.0,
178,0,0,500,1.0,
179,0,0,500,1.0,
180,0,0,500,1.0,
181,0,0,500,1.0,
182,0,0,500,1.0,
183,0,0,500,1.0,
184,0,0,500,1.0,
185,0,0,500,1.0,
186,0,0,500,1.0,
187,0,0,500,1.0,
188,0,0,500,1.0,
189,0,0,500,1.0,
190,0,0,500,1.0,
191,0,0,500,1.0,
192,0,0,500,1.0,
193,0,0,500,1.0,
194,0,0,500,1.0,
195,0,0,500,1.0,
196,0,0,500,1.0,
197,0,0,500,1.0,
198,0,0,500,1.0,
199,0,0,500,1.0,
200,0,0,500,1.0,
1,496,4,0,0.9944545454545455,1.0
2,490,10,0,0.9833636363636363,0.9942765832320045
3,485,14,1,0.9752727272727273,0.9900033080591855
4,472,24,4,0.9563636363636364,0.9796476537871308
5,446,50,4,0.897,0.9449994238915002
6,411,82,7,0.8316363636363636,0.9002726257062401
7,363,116,21,0.7906363636363636,0.8585363876626737
8,309,169,22,0.7505454545454545,0.8006326836494014
9,246,220,34,0.7594545454545455,0.7579875019915133
10,182,274,44,0.8194545454545454,0.7540660252069271
11,105,336,59,0.9044545454545454,0.7755641464445775
12,59,365,76,0.9470909090909091,0.779115340035163
13,28,379,93,0.98,0.82447783639103
14,7,382,111,0.9968181818181818,0.8891341735792065
15,0,375,125,1.0,
16,0,366,134,1.0,
17,0,353,147,1.0,
18,0,334,166,1.0,
19,0,322,178,1.0,
20,0,306,194,1.0,
21,0,299,201,1.0,
22,0,284,216,1.0,
23,0,273,227,1.0,
24,0,257,243,1.0,
25,0,246,254,1.0,
26,0,235,265,1.0,
27,0,228,272,1.0,
28,0,217,283,1.0,
29,0,211,289,1.0,
30,0,206,294,1.0,
31,0,197,303,1.0,
32,0,188,312,1.0,
33,0,184,316,1.0,
34,0,182,318,1.0,
35,0,175,325,1.0,
36,0,161,339,1.0,
37,0,153,347,1.0,
38,0,145,355,1.0,
39,0,141,359,1.0,
40,0,134,366,1.0,
41,0,126,374,1.0,
42,0,121,379,1.0,
43,0,117,383,1.0,
44,0,112,388,1.0,
45,0,109,391,1.0,
46,0,108,392,1.0,
47,0,106,394,1.0,
48,0,100,400,1.0,
49,0,98,402,1.0,
50,0,94,406,1.0,
51,0,86,414,1.0,
52,0,82,418,1.0,
53,0,77,423,1.0,
54,0,75,425,1.0,
55,0,72,428,1.0,
56,0,67,433,1.0,
57,0,64,436,1.0,
58,0,57,443,1.0,
59,0,56,444,1.0,
60,0,54,446,1.0,
61,0,53,447,1.0,
62,0,51,449,1.0,
63,0,48,452,1.0,
64,0,48,452,1.0,
65,0,47,453,1.0,
66,0,46,454,1.0,
67,0,44,456,1.0,
68,0,40,460,1.0,
69,0,39,461,1.0,
70,0,38,462,1.0,
71,0,38,462,1.0,
72,0,36,464,1.0,
73,0,35,465,1.0,
74,0,34,466,1.0,
75,0,31,469,1.0,
76,0,31,469,1.0,
77,0,26,474,1.0,
78,0,25,475,1.0,
79,0,25,475,1.0,
80,0,23,477,1.0,
81,0,23,477,1.0,
82,0,23,477,1.0,
83,0,20,480,1.0,
84,0,19,481,1.0,
85,0,19,481,1.0,
86,0,18,482,1.0,
87,0,16,484,1.0,
88,0,16,484,1.0,
89,0,15,485,1.0,
90,0,15,485,1.0,
91,0,15,485,1.0,
92,0,14,486,1.0,
93,0,14,486,1.0,
94,0,14,486,1.0,
95,0,14,486,1.0,
96,0,14,486,1.0,
97,0,14,486,1.0,
98,0,13,487,1.0,
99,0,12,488,1.0,
100,0,12,488,1.0,
101,0,12,488,1.0,
102,0,12,488,1.0,
103,0,12,488,1.0,
104,0,11,489,1.0,
105,0,11,489,1.0,
106,0,11,489,1.0,
107,0,10,490,1.0,
108,0,10,490,1.0,
109,0,10,490,1.0,
110,0,10,490,1.0,
111,0,10,490,1.0,
112,0,8,492,1.0,
113,0,7,493,1.0,
114,0,7,493,1.0,
115,0,7,493,1.0,
116,0,7,493,1.0,
117,0,7,493,1.0,
118,0,6,494,1.0,
119,0,6,494,1.0,
120,0,5,495,1.0,
121,0,5,495,1.0,
122,0,5,495,1.0,
123,0,5,495,1.0,
124,0,5,495,1.0,
125,0,5,495,1.0,
126,0,5,495,1.0,
127,0,4,496,1.0,
128,0,4,496,1.0,
129,0,4,496,1.0,
130,0,4,496,1.0,
131,0,3,497,1.0,
132,0,3,497,1.0,
133,0,3,497,1.0,
134,0,3,497,1.0,
135,0,3,497,1.0,
136,0,3,497,1.0,
137,0,3,497,1.0,
138,0,3,497,1.0,
139,0,3,497,1.0,
140,0,3,497,1.0,
141,0,3,497,1.0,
142,0,3,497,1.0,
143,0,3,497,1.0,
144,0,3,497,1.0,
145,0,3,497,1.0,
146,0,2,498,1.0,
147,0,2,498,1.0,
148,0,2,498,1.0,
149,0,2,498,1.0,
150,0,2,498,1.0,
151,0,2,498,1.0,
152,0,2,498,1.0,
153,0,2,498,1.0,
154,0,2,498,1.0,
155,0,2,498,1.0,
156,0,2,498,1.0,
157,0,2,498,1.0,
158,0,2,498,1.0,
159,0,1,499,1.0,
160,0,0,500,1.0,
161,0,0,500,1.0,
162,0,0,500,1.0,
163,0,0,500,1.0,
164,0,0,500,1.0,
165,0,0,500,1.0,
166,0,0,500,1.0,
167,0,0,500,1.0,
168,0,0,500,1.0,
169,0,0,500,1.0,
170,0,0,500,1.0,
171,0,0,500,1.0,
172,0,0,500,1.0,
173,0,0,500,1.0,
174,0,0,500,1.0,
175,0,0,500,1.0,
176,0,0,500,1.0,
177,0,0,500,1.0,
178,0,0,500,1.0,
179,0,0,500,1.0,
180,0,0,500,1.0,
181,0,0,500,1.0,
182,0,0,500,1.0,
183,0,0,500,1.0,
184,0,0,500,1.0,
185,0,0,500,1.0,
186,0,0,500,1.0,
187,0,0,500,1.0,
188,0,0,500,1.0,
189,0,0,500,1.0,
190,0,0,500,1.0,
191,0,0,500,1.0,
192,0,0,500,1.0,
193,0,0,500,1.0,
194,0,0,500,1.0,
195,0,0,500,1.0,
196,0,0,500,1.0,
197,0,0,500,1.0,
198,0,0,500,1.0,
199,0,0,500,1.0,
200,0,0,500,1.0,
1,496,4,0,0.9925454545454545,1.0
2,492,8,0,0.9838181818181818,0.9955349047445438
3,482,18,0,0.9643636363636363,0.9852551502767184
4,473,27,0,0.9531818181818181,0.9789507955010627
5,455,43,2,0.94,0.970879764885602
6,429,66,5,0.9072727272727272,0.9497800032974907
7,400,91,9,0.8767272727272727,0.9266748052142045
8,365,122,13,0.8443636363636363,0.8968101468486923
9,321,155,24,0.8129090909090909,0.8572220297142764
10,279,192,29,0.7943636363636364,0.8183193323417005
11,240,223,37,0.7954545454545454,0.7890920813634754
12,191,258,51,0.8073636363636364,0.7492385733573317
13,140,292,68,0.8500909090909091,0.7336444186103562
14,93,326,81,0.902090909090909,0.7376628510341877
15,54,355,91,0.9536363636363636,0.7866347768379197
16,20,375,105,0.9886363636363636,0.8591187475840896
17,3,381,116,0.9986363636363637,0.8850065894127005
18,1,370,129,0.9998181818181818,0.9559627384068526
19,1,357,142,0.9998181818181818,0.9559627384068526
20,0,340,160,1.0,
21,0,325,175,1.0,
22,0,310,190,1.0,
23,0,291,209,1.0,
24,0,278,222,1.0,
25,0,271,229,1.0,
26,0,264,236,1.0,
27,0,248,252,1.0,
28,0,236,264,1.0,
29,0,227,273,1.0,
30,0,220,280,1.0,
31,0,207,293,1.0,
32,0,201,299,1.0,
33,0,191,309,1.0,
34,0,183,317,1.0,
35,0,172,328,1.0,
36,0,167,333,1.0,
37,0,159,341,1.0,
38,0,151,349,1.0,
39,0,146,354,1.0,
40,0,139,361,1.0,
41,0,133,367,1.0,
42,0,127,373,1.0,
43,0,122,378,1.0,
44,0,119,381,1.0,
45,0,112,388,1.0,
46,0,109,391,1.0,
47,0,102,398,1.0,
48,0,99,401,1.0,
49,0,95,405,1.0,
50,0,89,411,1.0,
51,0,89,411,1.0,
52,0,85,415,1.0,
53,0,82,418,1.0,
54,0,79,421,1.0,
55,0,74,426,1.0,
56,0,72,428,1.0,
57,0,72,428,1.0,
58,0,69,431,1.0,
59,0,66,434,1.0,
60,0,62,438,1.0,
61,0,61,439,1.0,
62,0,56,444,1.0,
63,0,55,445,1.0,
64,0,52,448,1.0,
65,0,48,452,1.0,
66,0,46,454,1.0,
67,0,45,455,1.0,
68,0,43,457,1.0,
69,0,43,457,1.0,
70,0,43,457,1.0,
71,0,42,458,1.0,
72,0,41,459,1.0,
73,0,38,462,1.0,
74,0,36,464,1.0,
75,0,35,465,1.0,
76,0,35,465,1.0,
77,0,34,466,1.0,
78,0,32,468,1.0,
79,0,32,468,1.0,
80,0,29,471,1.0,
81,0,27,473,1.0,
82,0,27,473,1.0,
83,0,25,475,1.0,
84,0,25,475,1.0,
85,0,24,476,1.0,
86,0,23,477,1.0,
87,0,22,478,1.0,
88,0,21,479,1.0,
89,0,21,479,1.0,
90,0,20,480,1.0,
91,0,17,483,1.0,
92,0,16,484,1.0,
93,0,15,485,1.0,
94,0,13,487,1.0,
95,0,12,488,1.0,
96,0,12,488,1.0,
97,0,11,489,1.0,
98,0,11,489,1.0,
99,0,11,489,1.0,
100,0,10,490,1.0,
101,0,10,490,1.0,
102,0,10,490,1.0,
103,0,10,490,1.0,
104,0,10,490,1.0,
105,0,7,493,1.0,
106,0,7,493,1.0,
107,0,7,493,1.0,
108,0,7,493,1.0,
109,0,7,493,1.0,
110,0,7,493,1.0,
111,0,7,493,1.0,
112,0,6,494,1.0,
113,0,6,494,1.0,
114,0,6,494,1.0,
115,0,6,494,1.0,
116,0,6,494,1.0,
117,0,6,494,1.0,
118,0,6,494,1.0,
119,0,5,495,1.0,
120,0,5,495,1.0,
121,0,4,496,1.0,
122,0,3,497,1.0,
123,0,3,497,1.0,
124,0,3,497,1.0,
125,0,3,497,1.0,
126,0,3,497,1.0,
127,0,3,497,1.0,
128,0,3,497,1.0,
129,0,3,497,1.0,
130,0,3,497,1.0,
131,0,3,497,1.0,
132,0,3,497,1.0,
133,0,3,497,1.0,
134,0,2,498,1.0,
135,0,1,499,1.0,
136,0,1,499,1.0,
137,0,1,499,1.0,
138,0,1,499,1.0,
139,0,1,499,1.0,
140,0,1,499,1.0,
141,0,1,499,1.0,
142,0,1,499,1.0,
143,0,1,499,1.0,
144,0,1,499,1.0,
145,0,1,499,1.0,
146,0,1,499,1.0,
147,0,1,499,1.0,
148,0,1,499,1.0,
149,0,1,499,1.0,
150,0,1,499,1.0,
151,0,1,499,1.0,
152,0,1,499,1.0,
153,0,1,499,1.0,
154,0,1,499,1.0,
155,0,1,499,1.0,
156,0,1,499,1.0,
157,0,1,499,1.0,
158,0,1,499,1.0,
159,0,1,499,1.0,
160,0,1,499,1.0,
161,0,1,499,1.0,
162,0,1,499,1.0,
163,0,0,500,1.0,
164,0,0,500,1.0,
165,0,0,500,1.0,
166,0,0,500,1.0,
167,0,0,500,1.0,
168,0,0,500,1.0,
169,0,0,500,1.0,
170,0,0,500,1.0,
171,0,0,500,1.0,
172,0,0,500,1.0,
173,0,0,500,1.0,
174,0,0,500,1.0,
175,0,0,500,1.0,
176,0,0,500,1.0,
177,0,0,500,1.0,
178,0,0,500,1.0,
179,0,0,500,1.0,
180,0,0,500,1.0,
181,0,0,500,1.0,
182,0,0,500,1.0,
183,0,0,500,1.0,
184,0,0,500,1.0,
185,0,0,500,1.0,
186,0,0,500,1.0,
187,0,0,500,1.0,
188,0,0,500,1.0,
189,0,0,500,1.0,
190,0,0,500,1.0,
191,0,0,500,1.0,
192,0,0,500,1.0,
193,0,0,500,1.0,
194,0,0,500,1.0,
195,0,0,500,1.0,
196,0,0,500,1.0,
197,0,0,500,1.0,
198,0,0,500,1.0,
199,0,0,500,1.0,
200,0,0,500,1.0,
1,497,3,0,0.9947272727272727,1.0
2,494,4,2,0.9946363636363637,0.999934418211825
3,485,13,2,0.977,0.9907549934264034
4,471,27,2,0.9475454545454546,0.9746421445553244
5,443,54,3,0.8915454545454545,0.9411863709514348
6,411,84,5,0.8372727272727273,0.9033698860538129
7,376,110,14,0.8129090909090909,0.8777948140732393
8,336,144,20,0.7972727272727272,0.851297884532403
9,285,183,32,0.8199090909090909,0.8442209069541322
10,224,231,45,0.8144545454545454,0.7950264832351602
11,163,281,56,0.8304545454545454,0.7419314828177902
12,111,319,70,0.8734545454545455,0.7171715951274197
13,65,352,83,0.9412727272727273,0.7750484505449365
14,19,388,93,0.9960909090909091,0.9498704475145376
15,5,389,106,0.999,0.9479797982130393
16,0,373,127,1.0,
17,0,348,152,1.0,
18,0,333,167,1.0,
19,0,320,180,1.0,
20,0,306,194,1.0,
21,0,291,209,1.0,
22,0,276,224,1.0,
23,0,267,233,1.0,
24,0,249,251,1.0,
25,0,240,260,1.0,
26,0,231,269,1.0,
27,0,221,279,1.0,
28,0,211,289,1.0,
29,0,200,300,1.0,
30,0,190,310,1.0,
31,0,185,315,1.0,
32,0,175,325,1.0,
33,0,166,334,1.0,
34,0,160,340,1.0,
35,0,152,348,1.0,
36,0,144,356,1.0,
37,0,139,361,1.0,
38,0,132,368,1.0,
39,0,124,376,1.0,
40,0,120,380,1.0,
41,0,118,382,1.0,
42,0,111,389,1.0,
43,0,106,394,1.0,
44,0,105,395,1.0,
45,0,105,395,1.0,
46,0,102,398,1.0,
47,0,97,403,1.0,
48,0,89,411,1.0,
49,0,88,412,1.0,
50,0,87,413,1.0,
51,0,85,415,1.0,
52,0,83,417,1.0,
53,0,83,417,1.0,
54,0,78,422,1.0,
55,0,76,424,1.0,
56,0,73,427,1.0,
57,0,72,428,1.0,
58,0,67,433,1.0,
59,0,67,433,1.0,
60,0,63,437,1.0,
61,0,61,439,1.0,
62,0,61,439,1.0,
63,0,59,441,1.0,
64,0,54,446,1.0,
65,0,52,448,1.0,
66,0,51,449,1.0,
67,0,48,452,1.0,
68,0,47,453,1.0,
69,0,44,456,1.0,
70,0,44,456,1.0,
71,0,42,458,1.0,
72,0,39,461,1.0,
73,0,39,461,1.0,
74,0,38,462,1.0,
75,0,35,465,1.0,
76,0,35,465,1.0,
77,0,34,466,1.0,
78,0,34,466,1.0,
79,0,33,467,1.0,
80,0,31,469,1.0,
81,0,29,471,1.0,
82,0,25,475,1.0,
83,0,23,477,1.0,
84,0,23,477,1.0,
85,0,21,479,1.0,
86,0,21,479,1.0,
87,0,20,480,1.0,
88,0,18,482,1.0,
89,0,18,482,1.0,
90,0,18,482,1.0,
91,0,18,482,1.0,
92,0,18,482,1.0,
93,0,17,483,1.0,
94,0,16,484,1.0,
95,0,15,485,1.0,
96,0,15,485,1.0,
97,0,14,486,1.0,
98,0,14,486,1.0,
99,0,14,486,1.0,
100,0,13,487,1.0,
101,0,12,488,1.0,
102,0,10,490,1.0,
103,0,10,490,1.0,
104,0,10,490,1.0,
105,0,10,490,1.0,
106,0,9,491,1.0,
107,0,9,491,1.0,
108,0,9,491,1.0,
109,0,9,491,1.0,
110,0,7,493,1.0,
111,0,7,493,1.0,
112,0,7,493,1.0,
113,0,7,493,1.0,
114,0,6,494,1.0,
115,0,6,494,1.0,
116,0,6,494,1.0,
117,0,6,494,1.0,
118,0,6,494,1.0,
119,0,6,494,1.0,
120,0,6,494,1.0,
121,0,6,494,1.0,
122,0,5,495,1.0,
123,0,5,495,1.0,
124,0,5,495,1.0,
125,0,5,495,1.0,
126,0,5,495,1.0,
127,0,5,495,1.0,
128,0,5,495,1.0,
129,0,5,495,1.0,
130,0,5,495,1.0,
131,0,5,495,1.0,
132,0,5,495,1.0,
133,0,5,495,1.0,
134,0,5,495,1.0,
135,0,5,495,1.0,
136,0,5,495,1.0,
137,0,4,496,1.0,
138,0,4,496,1.0,
139,0,4,496,1.0,
140,0,3,497,1.0,
141,0,3,497,1.0,
142,0,3,497,1.0,
143,0,3,497,1.0,
144,0,3,497,1.0,
145,0,3,497,1.0,
146,0,3,497,1.0,
147,0,1,499,1.0,
148,0,1,499,1.0,
149,0,1,499,1.0,
150,0,1,499,1.0,
151,0,1,499,1.0,
152,0,1,499,1.0,
153,0,1,499,1.0,
154,0,1,499,1.0,
155,0,1,499,1.0,
156,0,1,499,1.0,
157,0,1,499,1.0,
158,0,1,499,1.0,
159,0,1,499,1.0,
160,0,1,499,1.0,
161,0,1,499,1.0,
162,0,1,499,1.0,
163,0,1,499,1.0,
164,0,1,499,1.0,
165,0,1,499,1.0,
166,0,1,499,1.0,
167,0,1,499,1.0,
168,0,1,499,1.0,
169,0,1,499,1.0,
170,0,1,499,1.0,
171,0,1,499,1.0,
172,0,1,499,1.0,
173,0,1,499,1.0,
174,0,1,499,1.0,
175,0,1,499,1.0,
176,0,1,499,1.0,
177,0,1,499,1.0,
178,0,1,499,1.0,
179,0,1,499,1.0,
180,0,1,499,1.0,
181,0,1,499,1.0,
182,0,1,499,1.0,
183,0,1,499,1.0,
184,0,1,499,1.0,
185,0,1,499,1.0,
186,0,1,499,1.0,
187,0,1,499,1.0,
188,0,1,499,1.0,
189,0,1,499,1.0,
190,0,1,499,1.0,
191,0,1,499,1.0,
192,0,1,499,1.0,
193,0,1,499,1.0,
194,0,0,500,1.0,
195,0,0,500,1.0,
196,0,0,500,1.0,
197,0,0,500,1.0,
198,0,0,500,1.0,
199,0,0,500,1.0,
200,0,0,500,1.0,
1,499,0,1,1.0,1.0
2,499,0,1,1.0,1.0
3,499,0,1,1.0,1.0
4,499,0,1,1.0,1.0
5,499,0,1,1.0,1.0
6,499,0,1,1.0,1.0
7,499,0,1,1.0,1.0
8,499,0,1,1.0,1.0
9,499,0,1,1.0,1.0
10,499,0,1,1.0,1.0
11,499,0,1,1.0,1.0
12,499,0,1,1.0,1.0
13,499,0,1,1.0,1.0
14,499,0,1,1.0,1.0
15,499,0,1,1.0,1.0
16,499,0,1,1.0,1.0
17,499,0,1,1.0,1.0
18,499,0,1,1.0,1.0
19,499,0,1,1.0,1.0
20,499,0,1,1.0,1.0
21,499,0,1,1.0,1.0
22,499,0,1,1.0,1.0
23,499,0,1,1.0,1.0
24,499,0,1,1.0,1.0
25,499,0,1,1.0,1.0
26,499,0,1,1.0,1.0
27,499,0,1,1.0,1.0
28,499,0,1,1.0,1.0
29,499,0,1,1.0,1.0
30,499,0,1,1.0,1.0
31,499,0,1,1.0,1.0
32,499,0,1,1.0,1.0
33,499,0,1,1.0,1.0
34,499,0,1,1.0,1.0
35,499,0,1,1.0,1.0
36,499,0,1,1.0,1.0
37,499,0,1,1.0,1.0
38,499,0,1,1.0,1.0
39,499,0,1,1.0,1.0
40,499,0,1,1.0,1.0
41,499,0,1,1.0,1.0
42,499,0,1,1.0,1.0
43,499,0,1,1.0,1.0
44,499,0,1,1.0,1.0
45,499,0,1,1.0,1.0
46,499,0,1,1.0,1.0
47,499,0,1,1.0,1.0
48,499,0,1,1.0,1.0
49,499,0,1,1.0,1.0
50,499,0,1,1.0,1.0
51,499,0,1,1.0,1.0
52,499,0,1,1.0,1.0
53,499,0,1,1.0,1.0
54,499,0,1,1.0,1.0
55,499,0,1,1.0,1.0
56,499,0,1,1.0,1.0
57,499,0,1,1.0,1.0
58,499,0,1,1.0,1.0
59,499,0,1,1.0,1.0
60,499,0,1,1.0,1.0
61,499,0,1,1.0,1.0
62,499,0,1,1.0,1.0
63,499,0,1,1.0,1.0
64,499,0,1,1.0,1.0
65,499,0,1,1.0,1.0
66,499,0,1,1.0,1.0
67,499,0,1,1.0,1.0
68,499,0,1,1.0,1.0
69,499,0,1,1.0,1.0
70,499,0,1,1.0,1.0
71,499,0,1,1.0,1.0
72,499,0,1,1.0,1.0
73,499,0,1,1.0,1.0
74,499,0,1,1.0,1.0
75,499,0,1,1.0,1.0
76,499,0,1,1.0,1.0
77,499,0,1,1.0,1.0
78,499,0,1,1.0,1.0
79,499,0,1,1.0,1.0
80,499,0,1,1.0,1.0
81,499,0,1,1.0,1.0
82,499,0,1,1.0,1.0
83,499,0,1,1.0,1.0
84,499,0,1,1.0,1.0
85,499,0,1,1.0,1.0
86,499,0,1,1.0,1.0
87,499,0,1,1.0,1.0
88,499,0,1,1.0,1.0
89,499,0,1,1.0,1.0
90,499,0,1,1.0,1.0
91,499,0,1,1.0,1.0
92,499,0,1,1.0,1.0
93,499,0,1,1.0,1.0
94,499,0,1,1.0,1.0
95,499,0,1,1.0,1.0
96,499,0,1,1.0,1.0
97,499,0,1,1.0,1.0
98,499,0,1,1.0,1.0
99,499,0,1,1.0,1.0
100,499,0,1,1.0,1.0
101,499,0,1,1.0,1.0
102,499,0,1,1.0,1.0
103,499,0,1,1.0,1.0
104,499,0,1,1.0,1.0
105,499,0,1,1.0,1.0
106,499,0,1,1.0,1.0
107,499,0,1,1.0,1.0
108,499,0,1,1.0,1.0
109,499,0,1,1.0,1.0
110,499,0,1,1.0,1.0
111,499,0,1,1.0,1.0
112,499,0,1,1.0,1.0
113,499,0,1,1.0,1.0
114,499,0,1,1.0,1.0
115,499,0,1,1.0,1.0
116,499,0,1,1.0,1.0
117,499,0,1,1.0,1.0
118,499,0,1,1.0,1.0
119,499,0,1,1.0,1.0
120,499,0,1,1.0,1.0
121,499,0,1,1.0,1.0
122,499,0,1,1.0,1.0
123,499,0,1,1.0,1.0
124,499,0,1,1.0,1.0
125,499,0,1,1.0,1.0
126,499,0,1,1.0,1.0
127,499,0,1,1.0,1.0
128,499,0,1,1.0,1.0
129,499,0,1,1.0,1.0
130,499,0,1,1.0,1.0
131,499,0,1,1.0,1.0
132,499,0,1,1.0,1.0
133,499,0,1,1.0,1.0
134,499,0,1,1.0,1.0
135,499,0,1,1.0,1.0
136,499,0,1,1.0,1.0
137,499,0,1,1.0,1.0
138,499,0,1,1.0,1.0
139,499,0,1,1.0,1.0
140,499,0,1,1.0,1.0
141,499,0,1,1.0,1.0
142,499,0,1,1.0,1.0
143,499,0,1,1.0,1.0
144,499,0,1,1.0,1.0
145,499,0,1,1.0,1.0
146,499,0,1,1.0,1.0
147,499,0,1,1.0,1.0
148,499,0,1,1.0,1.0
149,499,0,1,1.0,1.0
150,499,0,1,1.0,1.0
151,499,0,1,1.0,1.0
152,499,0,1,1.0,1.0
153,499,0,1,1.0,1.0
154,499,0,1,1.0,1.0
155,499,0,1,1.0,1.0
156,499,0,1,1.0,1.0
157,499,0,1,1.0,1.0
158,499,0,1,1.0,1.0
159,499,0,1,1.0,1.0
160,499,0,1,1.0,1.0
161,499,0,1,1.0,1.0
162,499,0,1,1.0,1.0
163,499,0,1,1.0,1.0
164,499,0,1,1.0,1.0
165,499,0,1,1.0,1.0
166,499,0,1,1.0,1.0
167,499,0,1,1.0,1.0
168,499,0,1,1.0,1.0
169,499,0,1,1.0,1.0
170,499,0,1,1.0,1.0
171,499,0,1,1.0,1.0
172,499,0,1,1.0,1.0
173,499,0,1,1.0,1.0
174,499,0,1,1.0,1.0
175,499,0,1,1.0,1.0
176,499,0,1,1.0,1.0
177,499,0,1,1.0,1.0
178,499,0,1,1.0,1.0
179,499,0,1,1.0,1.0
180,499,0,1,1.0,1.0
181,499,0,1,1.0,1.0
182,499,0,1,1.0,1.0
183,499,0,1,1.0,1.0
184,499,0,1,1.0,1.0
185,499,0,1,1.0,1.0
186,499,0,1,1.0,1.0
187,499,0,1,1.0,1.0
188,499,0,1,1.0,1.0
189,499,0,1,1.0,1.0
190,499,0,1,1.0,1.0
191,499,0,1,1.0,1.0
192,499,0,1,1.0,1.0
193,499,0,1,1.0,1.0
194,499,0,1,1.0,1.0
195,499,0,1,1.0,1.0
196,499,0,1,1.0,1.0
197,499,0,1,1.0,1.0
198,499,0,1,1.0,1.0
199,499,0,1,1.0,1.0
200,499,0,1,1.0,1.0
1,498,2,0,0.997,1.0
2,493,7,0,0.9873636363636363,0.995066089345245
3,488,12,0,0.9756363636363636,0.9889576904045748
4,474,25,1,0.9520909090909091,0.9761991990501605
5,459,39,2,0.9291818181818182,0.9628843145223114
6,435,62,3,0.8965454545454545,0.9419617849209317
7,402,90,8,0.8646363636363636,0.9170287724872844
8,360,125,15,0.8147272727272727,0.8726694403201721
9,309,167,24,0.7944545454545454,0.8347939815514094
10,254,214,32,0.7914545454545454,0.7957685465110504
11,198,260,42,0.8149090909090909,0.7671348814226328
12,142,304,54,0.866909090909091,0.7667334861181274
13,94,336,70,0.912,0.7678115862756169
14,53,364,83,0.9523636363636364,0.7768434985659264
15,30,377,93,0.9737272727272728,0.7831158128237481
16,10,381,109,0.9924545454545455,0.8128809596756789
17,4,371,125,0.9979090909090909,0.8676239359829937
18,0,358,142,1.0,
19,0,340,160,1.0,
20,0,327,173,1.0,
21,0,314,186,1.0,
22,0,303,197,1.0,
23,0,294,206,1.0,
24,0,282,218,1.0,
25,0,267,233,1.0,
26,0,260,240,1.0,
27,0,252,248,1.0,
28,0,243,257,1.0,
29,0,234,266,1.0,
30,0,220,280,1.0,
31,0,214,286,1.0,
32,0,209,291,1.0,
33,0,200,300,1.0,
34,0,192,308,1.0,
35,0,182,318,1.0,
36,0,175,325,1.0,
37,0,169,331,1.0,
38,0,162,338,1.0,
39,0,153,347,1.0,
40,0,147,353,1.0,
41,0,142,358,1.0,
42,0,138,362,1.0,
43,0,133,367,1.0,
44,0,128,372,1.0,
45,0,120,380,1.0,
46,0,113,387,1.0,
47,0,106,394,1.0,
48,0,98,402,1.0,
49,0,95,405,1.0,
50,0,91,409,1.0,
51,0,89,411,1.0,
52,0,84,416,1.0,
53,0,80,420,1.0,
54,0,72,428,1.0,
55,0,69,431,1.0,
56,0,67,433,1.0,
57,0,65,435,1.0,
58,0,62,438,1.0,
59,0,58,442,1.0,
60,0,55,445,1.0,
61,0,54,446,1.0,
62,0,52,448,1.0,
63,0,51,449,1.0,
64,0,51,449,1.0,
65,0,47,453,1.0,
66,0,45,455,1.0,
67,0,43,457,1.0,
68,0,42,458,1.0,
69,0,38,462,1.0,
70,0,38,462,1.0,
71,0,35,465,1.0,
72,0,33,467,1.0,
73,0,30,470,1.0,
74,0,29,471,1.0,
75,0,29,471,1.0,
76,0,28,472,1.0,
77,0,28,472,1.0,
78,0,26,474,1.0,
79,0,24,476,1.0,
80,0,22,478,1.0,
81,0,22,478,1.0,
82,0,21,479,1.0,
83,0,20,480,1.0,
84,0,17,483,1.0,
85,0,17,483,1.0,
86,0,15,485,1.0,
87,0,15,485,1.0,
88,0,15,485,1.0,
89,0,15,485,1.0,
90,0,14,486,1.0,
91,0,13,487,1.0,
92,0,12,488,1.0,
93,0,11,489,1.0,
94,0,9,491,1.0,
95,0,9,491,1.0,
96,0,8,492,1.0,
97,0,7,493,1.0,
98,0,7,493,1.0,
99,0,7,493,1.0,
100,0,7,493,1.0,
101,0,7,493,1.0,
102,0,7,493,1.0,
103,0,7,493,1.0,
104,0,7,493,1.0,
105,0,5,495,1.0,
106,0,5,495,1.0,
107,0,5,495,1.0,
108,0,5,495,1.0,
109,0,5,495,1.0,
110,0,4,496,1.0,
111,0,4,496,1.0,
112,0,4,496,1.0,
113,0,4,496,1.0,
114,0,4,496,1.0,
115,0,4,496,1.0,
116,0,4,496,1.0,
117,0,4,496,1.0,
118,0,4,496,1.0,
119,0,4,496,1.0,
120,0,4,496,1.0,
121,0,4,496,1.0,
122,0,4,496,1.0,
123,0,3,497,1.0,
124,0,3,497,1.0,
125,0,3,497,1.0,
126,0,3,497,1.0,
127,0,3,497,1.0,
128,0,3,497,1.0,
129,0,3,497,1.0,
130,0,3,497,1.0,
131,0,3,497,1.0,
132,0,3,497,1.0,
133,0,3,497,1.0,
134,0,3,497,1.0,
135,0,3,497,1.0,
136,0,3,497,1.0,
137,0,3,497,1.0,
138,0,3,497,1.0,
139,0,2,498,1.0,
140,0,2,498,1.0,
141,0,2,498,1.0,
142,0,2,498,1.0,
143,0,2,498,1.0,
144,0,2,498,1.0,
145,0,2,498,1.0,
146,0,2,498,1.0,
147,0,2,498,1.0,
148,0,2,498,1.0,
149,0,2,498,1.0,
150,0,2,498,1.0,
151,0,2,498,1.0,
152,0,2,498,1.0,
153,0,2,498,1.0,
154,0,2,498,1.0,
155,0,2,498,1.0,
156,0,1,499,1.0,
157,0,1,499,1.0,
158,0,1,499,1.0,
159,0,1,499,1.0,
160,0,1,499,1.0,
161,0,1,499,1.0,
162,0,1,499,1.0,
163,0,1,499,1.0,
164,0,1,499,1.0,
165,0,1,499,1.0,
166,0,1,499,1.0,
167,0,1,499,1.0,
168,0,1,499,1.0,
169,0,1,499,1.0,
170,0,1,499,1.0,
171,0,1,499,1.0,
172,0,1,499,1.0,
173,0,1,499,1.0,
174,0,1,499,1.0,
175,0,1,499,1.0,
176,0,1,499,1.0,
177,0,1,499,1.0,
178,0,1,499,1.0,
179,0,1,499,1.0,
180,0,1,499,1.0,
181,0,1,499,1.0,
182,0,1,499,1.0,
183,0,1,499,1.0,
184,0,1,499,1.0,
185,0,1,499,1.0,
186,0,1,499,1.0,
187,0,1,499,1.0,
188,0,1,499,1.0,
189,0,1,499,1.0,
190,0,1,499,1.0,
191,0,1,499,1.0,
192,0,1,499,1.0,
193,0,1,499,1.0,
194,0,1,499,1.0,
195,0,1,499,1.0,
196,0,0,500,1.0,
197,0,0,500,1.0,
198,0,0,500,1.0,
199,0,0,500,1.0,
200,0,0,500,1.0,
1,498,2,0,0.9966363636363637,1.0
2,498,2,0,0.9966363636363637,1.0
3,495,5,0,0.9902727272727273,0.9967493481845651
4,491,8,1,0.983909090909091,0.9934397123174791
5,489,10,1,0.9793636363636363,0.9910660807661202
6,483,15,2,0.9723636363636363,0.9872960835849267
7,473,25,2,0.9537272727272728,0.9770904732654851
8,449,47,4,0.9066363636363637,0.9495041161429552
9,417,77,6,0.8525454545454545,0.9129008460236283
10,380,111,9,0.8177272727272727,0.8813083250305724
11,330,155,15,0.7967272727272727,0.8468844922055964
12,284,191,25,0.8034545454545454,0.8275303731008755
13,213,247,40,0.8223636363636364,0.7914668422511472
14,157,291,52,0.866,0.7865677012461715
15,103,336,61,0.8986363636363637,0.7523472701443318
16,63,357,80,0.9374545454545454,0.7490526840408999
17,35,370,95,0.9637272727272728,0.7390802382876942
18,16,377,107,0.9867272727272727,0.7900363782277919
19,8,368,124,0.9954545454545455,0.8566780792319851
20,3,361,136,0.9989090909090909,0.91330281632538
21,2,349,149,0.9993636363636363,0.9245134390266543
22,0,339,161,1.0,
23,0,331,169,1.0,
24,0,320,180,1.0,
25,0,305,195,1.0,
26,0,294,206,1.0,
27,0,280,220,1.0,
28,0,268,232,1.0,
29,0,256,244,1.0,
30,0,249,251,1.0,
31,0,240,260,1.0,
32,0,232,268,1.0,
33,0,225,275,1.0,
34,0,210,290,1.0,
35,0,202,298,1.0,
36,0,195,305,1.0,
37,0,185,315,1.0,
38,0,179,321,1.0,
39,0,176,324,1.0,
40,0,166,334,1.0,
41,0,163,337,1.0,
42,0,153,347,1.0,
43,0,152,348,1.0,
44,0,146,354,1.0,
45,0,141,359,1.0,
46,0,135,365,1.0,
47,0,130,370,1.0,
48,0,127,373,1.0,
49,0,120,380,1.0,
50,0,119,381,1.0,
51,0,117,383,1.0,
52,0,111,389,1.0,
53,0,109,391,1.0,
54,0,107,393,1.0,
55,0,102,398,1.0,
56,0,101,399,1.0,
57,0,98,402,1.0,
58,0,93,407,1.0,
59,0,86,414,1.0,
60,0,81,419,1.0,
61,0,78,422,1.0,
62,0,75,425,1.0,
63,0,74,426,1.0,
64,0,71,429,1.0,
65,0,70,430,1.0,
66,0,67,433,1.0,
67,0,65,435,1.0,
68,0,63,437,1.0,
69,0,61,439,1.0,
70,0,61,439,1.0,
71,0,59,441,1.0,
72,0,58,442,1.0,
73,0,56,444,1.0,
74,0,51,449,1.0,
75,0,50,450,1.0,
76,0,48,452,1.0,
77,0,44,456,1.0,
78,0,43,457,1.0,
79,0,43,457,1.0,
80,0,42,458,1.0,
81,0,42,458,1.0,
82,0,40,460,1.0,
83,0,37,463,1.0,
84,0,33,467,1.0,
85,0,29,471,1.0,
86,0,29,471,1.0,
87,0,28,472,1.0,
88,0,28,472,1.0,
89,0,28,472,1.0,
90,0,27,473,1.0,
91,0,25,475,1.0,
92,0,24,476,1.0,
93,0,24,476,1.0,
94,0,22,478,1.0,
95,0,22,478,1.0,
96,0,22,478,1.0,
97,0,21,479,1.0,
98,0,21,479,1.0,
99,0,21,479,1.0,
100,0,21,479,1.0,
101,0,20,480,1.0,
102,0,19,481,1.0,
103,0,18,482,1.0,
104,0,17,483,1.0,
105,0,17,483,1.0,
106,0,16,484,1.0,
107,0,16,484,1.0,
108,0,15,485,1.0,
109,0,14,486,1.0,
110,0,14,486,1.0,
111,0,14,486,1.0,
112,0,13,487,1.0,
113,0,12,488,1.0,
114,0,12,488,1.0,
115,0,12,488,1.0,
116,0,12,488,1.0,
117,0,12,488,1.0,
118,0,11,489,1.0,
119,0,11,489,1.0,
120,0,11,489,1.0,
121,0,11,489,1.0,
122,0,11,489,1.0,
123,0,11,489,1.0,
124,0,11,489,1.0,
125,0,11,489,1.0,
126,0,11,489,1.0,
127,0,11,489,1.0,
128,0,10,490,1.0,
129,0,9,491,1.0,
130,0,7,493,1.0,
131,0,7,493,1.0,
132,0,7,493,1.0,
133,0,7,493,1.0,
134,0,7,493,1.0,
135,0,6,494,1.0,
136,0,5,495,1.0,
137,0,5,495,1.0,
138,0,5,495,1.0,
139,0,5,495,1.0,
140,0,4,496,1.0,
141,0,4,496,1.0,
142,0,4,496,1.0,
143,0,3,497,1.0,
144,0,3,497,1.0,
145,0,3,497,1.0,
146,0,3,497,1.0,
147,0,3,497,1.0,
148,0,3,497,1.0,
149,0,3,497,1.0,
150,0,3,497,1.0,
151,0,3,497,1.0,
152,0,3,497,1.0,
153,0,3,497,1.0,
154,0,3,497,1.0,
155,0,3,497,1.0,
156,0,3,497,1.0,
157,0,3,497,1.0,
158,0,3,497,1.0,
159,0,3,497,1.0,
160,0,3,497,1.0,
161,0,3,497,1.0,
162,0,3,497,1.0,
163,0,3,497,1.0,
164,0,3,497,1.0,
165,0,3,497,1.0,
166,0,3,497,1.0,
167,0,3,497,1.0,
168,0,3,497,1.0,
169,0,3,497,1.0,
170,0,3,497,1.0,
171,0,3,497,1.0,
172,0,3,497,1.0,
173,0,3,497,1.0,
174,0,3,497,1.0,
175,0,3,497,1.0,
176,0,3,497,1.0,
177,0,3,497,1.0,
178,0,3,497,1.0,
179,0,2,498,1.0,
180,0,2,498,1.0,
181,0,2,498,1.0,
182,0,2,498,1.0,
183,0,2,498,1.0,
184,0,2,498,1.0,
185,0,2,498,1.0,
186,0,2,498,1.0,
187,0,2,498,1.0,
188,0,2,498,1.0,
189,0,2,498,1.0,
190,0,2,498,1.0,
191,0,2,498,1.0,
192,0,2,498,1.0,
193,0,1,499,1.0,
194,0,1,499,1.0,
195,0,1,499,1.0,
196,0,1,499,1.0,
197,0,1,499,1.0,
198,0,1,499,1.0,
199,0,1,499,1.0,
200,0,1,499,1.0,
1,498,2,0,0.9981818181818182,1.0
2,496,3,1,0.9951818181818182,0.9984807031845881
3,492,6,2,0.9892727272727273,0.9954747431889724
4,484,14,2,0.9730909090909091,0.9870528434207119
5,471,25,4,0.9540909090909091,0.9766084552106533
6,458,37,5,0.9331818181818182,0.964513513056988
7,424,71,5,0.8738181818181818,0.9265537749872521
8,381,109,10,0.832,0.8905996716341424
9,331,153,16,0.7939090909090909,0.844728980510074
10,274,199,27,0.7726363636363637,0.7929652707272647
11,213,252,35,0.7896363636363637,0.7530604418170691
12,148,306,46,0.856909090909091,0.7578032335518557
13,86,349,65,0.9157272727272727,0.7533496278415553
14,42,379,79,0.9654545454545455,0.791223660749444
15,20,390,90,0.9917272727272727,0.8945086394657421
16,7,386,107,0.9968181818181818,0.8849023245883268
17,3,376,121,0.9986363636363637,0.8856683852975751
18,0,364,136,1.0,
19,0,344,156,1.0,
20,0,327,173,1.0,
21,0,320,180,1.0,
22,0,305,195,1.0,
23,0,292,208,1.0,
24,0,278,222,1.0,
25,0,265,235,1.0,
26,0,249,251,1.0,
27,0,236,264,1.0,
28,0,233,267,1.0,
29,0,224,276,1.0,
30,0,215,285,1.0,
31,0,210,290,1.0,
32,0,202,298,1.0,
33,0,189,311,1.0,
34,0,182,318,1.0,
35,0,176,324,1.0,
36,0,171,329,1.0,
37,0,163,337,1.0,
38,0,155,345,1.0,
39,0,148,352,1.0,
40,0,142,358,1.0,
41,0,137,363,1.0,
42,0,133,367,1.0,
43,0,128,372,1.0,
44,0,125,375,1.0,
45,0,117,383,1.0,
46,0,115,385,1.0,
47,0,108,392,1.0,
48,0,103,397,1.0,
49,0,101,399,1.0,
50,0,96,404,1.0,
51,0,91,409,1.0,
52,0,88,412,1.0,
53,0,83,417,1.0,
54,0,82,418,1.0,
55,0,81,419,1.0,
56,0,80,420,1.0,
57,0,79,421,1.0,
58,0,77,423,1.0,
59,0,75,425,1.0,
60,0,74,426,1.0,
61,0,70,430,1.0,
62,0,66,434,1.0,
63,0,65,435,1.0,
64,0,63,437,1.0,
65,0,58,442,1.0,
66,0,57,443,1.0,
67,0,57,443,1.0,
68,0,57,443,1.0,
69,0,54,446,1.0,
70,0,54,446,1.0,
71,0,51,449,1.0,
72,0,48,452,1.0,
73,0,46,454,1.0,
74,0,44,456,1.0,
75,0,40,460,1.0,
76,0,38,462,1.0,
77,0,38,462,1.0,
78,0,35,465,1.0,
79,0,32,468,1.0,
80,0,32,468,1.0,
81,0,31,469,1.0,
82,0,30,470,1.0,
83,0,30,470,1.0,
84,0,30,470,1.0,
85,0,29,471,1.0,
86,0,27,473,1.0,
87,0,27,473,1.0,
88,0,26,474,1.0,
89,0,25,475,1.0,
90,0,25,475,1.0,
91,0,24,476,1.0,
92,0,22,478,1.0,
93,0,22,478,1.0,
94,0,19,481,1.0,
95,0,18,482,1.0,
96,0,17,483,1.0,
97,0,16,484,1.0,
98,0,15,485,1.0,
99,0,15,485,1.0,
100,0,15,485,1.0,
101,0,15,485,1.0,
102,0,14,486,1.0,
103,0,14,486,1.0,
104,0,14,486,1.0,
105,0,13,487,1.0,
106,0,13,487,1.0,
107,0,13,487,1.0,
108,0,13,487,1.0,
109,0,13,487,1.0,
110,0,12,488,1.0,
111,0,11,489,1.0,
112,0,10,490,1.0,
113,0,10,490,1.0,
114,0,9,491,1.0,
115,0,8,492,1.0,
116,0,8,492,1.0,
117,0,8,492,1.0,
118,0,8,492,1.0,
119,0,8,492,1.0,
120,0,7,493,1.0,
121,0,7,493,1.0,
122,0,7,493,1.0,
123,0,7,493,1.0,
124,0,7,493,1.0,
125,0,7,493,1.0,
126,0,6,494,1.0,
127,0,6,494,1.0,
128,0,6,494,1.0,
129,0,6,494,1.0,
130,0,6,494,1.0,
131,0,6,494,1.0,
132,0,5,495,1.0,
133,0,5,495,1.0,
134,0,5,495,1.0,
135,0,5,495,1.0,
136,0,4,496,1.0,
137,0,4,496,1.0,
138,0,4,496,1.0,
139,0,4,496,1.0,
140,0,4,496,1.0,
141,0,4,496,1.0,
142,0,4,496,1.0,
143,0,4,496,1.0,
144,0,4,496,1.0,
145,0,4,496,1.0,
146,0,4,496,1.0,
147,0,4,496,1.0,
148,0,3,497,1.0,
149,0,3,497,1.0,
150,0,3,497,1.0,
151,0,3,497,1.0,
152,0,3,497,1.0,
153,0,3,497,1.0,
154,0,3,497,1.0,
155,0,3,497,1.0,
156,0,3,497,1.0,
157,0,3,497,1.0,
158,0,2,498,1.0,
159,0,2,498,1.0,
160,0,2,498,1.0,
161,0,2,498,1.0,
162,0,2,498,1.0,
163,0,2,498,1.0,
164,0,2,498,1.0,
165,0,2,498,1.0,
166,0,2,498,1.0,
167,0,2,498,1.0,
168,0,2,498,1.0,
169,0,2,498,1.0,
170,0,2,498,1.0,
171,0,2,498,1.0,
172,0,2,498,1.0,
173,0,2,498,1.0,
174,0,2,498,1.0,
175,0,2,498,1.0,
176,0,2,498,1.0,
177,0,1,499,1.0,
178,0,0,500,1.0,
179,0,0,500,1.0,
180,0,0,500,1.0,
181,0,0,500,1.0,
182,0,0,500,1.0,
183,0,0,500,1.0,
184,0,0,500,1.0,
185,0,0,500,1.0,
186,0,0,500,1.0,
187,0,0,500,1.0,
188,0,0,500,1.0,
189,0,0,500,1.0,
190,0,0,500,1.0,
191,0,0,500,1.0,
192,0,0,500,1.0,
193,0,0,500,1.0,
194,0,0,500,1.0,
195,0,0,500,1.0,
196,0,0,500,1.0,
197,0,0,500,1.0,
198,0,0,500,1.0,
199,0,0,500,1.0,
200,0,0,500,1.0,
1,497,3,0,0.9935454545454545,1.0
2,494,6,0,0.9890909090909091,0.9977407920349834
3,488,10,2,0.9804545454545455,0.9932366775468786
4,478,20,2,0.9617272727272728,0.9832620733010891
5,471,25,4,0.9527272727272728,0.9781497739200988
6,458,36,6,0.9319090909090909,0.9660060744392949
7,433,58,9,0.8823636363636363,0.935040076650936
8,397,87,16,0.8178181818181818,0.8880021972828006
9,353,126,21,0.7542727272727273,0.8284161827387937
10,310,162,28,0.7248181818181818,0.7801963880490925
11,252,214,34,0.7297272727272728,0.7334175444048782
12,189,267,44,0.7873636363636364,0.7195539573834907
13,107,336,57,0.9029090909090909,0.7739153940422486
14,44,387,69,0.9786363636363636,0.8790120503481181
15,8,408,84,0.9971818181818182,0.9146225998163763
16,2,403,95,0.9997272727272727,0.9681923418023891
17,1,392,107,0.9996363636363637,0.9120249514967939
18,0,377,123,1.0,
19,0,365,135,1.0,
20,0,357,143,1.0,
21,0,341,159,1.0,
22,0,326,174,1.0,
23,0,308,192,1.0,
24,0,300,200,1.0,
25,0,289,211,1.0,
26,0,273,227,1.0,
27,0,265,235,1.0,
28,0,253,247,1.0,
29,0,242,258,1.0,
30,0,230,270,1.0,
31,0,219,281,1.0,
32,0,207,293,1.0,
33,0,199,301,1.0,
34,0,190,310,1.0,
35,0,182,318,1.0,
36,0,177,323,1.0,
37,0,170,330,1.0,
38,0,164,336,1.0,
39,0,159,341,1.0,
40,0,156,344,1.0,
41,0,151,349,1.0,
42,0,145,355,1.0,
43,0,138,362,1.0,
44,0,134,366,1.0,
45,0,131,369,1.0,
46,0,123,377,1.0,
47,0,119,381,1.0,
48,0,111,389,1.0,
49,0,110,390,1.0,
50,0,106,394,1.0,
51,0,102,398,1.0,
52,0,99,401,1.0,
53,0,95,405,1.0,
54,0,90,410,1.0,
55,0,87,413,1.0,
56,0,81,419,1.0,
57,0,80,420,1.0,
58,0,78,422,1.0,
59,0,73,427,1.0,
60,0,69,431,1.0,
61,0,65,435,1.0,
62,0,60,440,1.0,
63,0,59,441,1.0,
64,0,58,442,1.0,
65,0,57,443,1.0,
66,0,51,449,1.0,
67,0,49,451,1.0,
68,0,49,451,1.0,
69,0,49,451,1.0,
70,0,47,453,1.0,
71,0,46,454,1.0,
72,0,43,457,1.0,
73,0,39,461,1.0,
74,0,38,462,1.0,
75,0,37,463,1.0,
76,0,35,465,1.0,
77,0,31,469,1.0,
78,0,29,471,1.0,
79,0,29,471,1.0,
80,0,28,472,1.0,
81,0,28,472,1.0,
82,0,28,472,1.0,
83,0,27,473,1.0,
84,0,25,475,1.0,
85,0,24,476,1.0,
86,0,22,478,1.0,
87,0,21,479,1.0,
88,0,21,479,1.0,
89,0,19,481,1.0,
90,0,18,482,1.0,
91,0,18,482,1.0,
92,0,16,484,1.0,
93,0,16,484,1.0,
94,0,16,484,1.0,
95,0,15,485,1.0,
96,0,14,486,1.0,
97,0,13,487,1.0,
98,0,12,488,1.0,
99,0,12,488,1.0,
100,0,11,489,1.0,
101,0,10,490,1.0,
102,0,10,490,1.0,
103,0,9,491,1.0,
104,0,9,491,1.0,
105,0,9,491,1.0,
106,0,9,491,1.0,
107,0,9,491,1.0,
108,0,9,491,1.0,
109,0,9,491,1.0,
110,0,8,492,1.0,
111,0,8,492,1.0,
112,0,8,492,1.0,
113,0,8,492,1.0,
114,0,7,493,1.0,
115,0,7,493,1.0,
116,0,7,493,1.0,
117,0,7,493,1.0,
118,0,7,493,1.0,
119,0,7,493,1.0,
120,0,7,493,1.0,
121,0,6,494,1.0,
122,0,6,494,1.0,
123,0,6,494,1.0,
124,0,6,494,1.0,
125,0,6,494,1.0,
126,0,6,494,1.0,
127,0,6,494,1.0,
128,0,6,494,1.0,
129,0,6,494,1.0,
130,0,6,494,1.0,
131,0,6,494,1.0,
132,0,6,494,1.0,
133,0,5,495,1.0,
134,0,5,495,1.0,
135,0,5,495,1.0,
136,0,5,495,1.0,
137,0,5,495,1.0,
138,0,5,495,1.0,
139,0,5,495,1.0,
140,0,5,495,1.0,
141,0,5,495,1.0,
142,0,4,496,1.0,
143,0,4,496,1.0,
144,0,4,496,1.0,
145,0,3,497,1.0,
146,0,3,497,1.0,
147,0,3,497,1.0,
148,0,3,497,1.0,
149,0,3,497,1.0,
150,0,3,497,1.0,
151,0,2,498,1.0,
152,0,2,498,1.0,
153,0,2,498,1.0,
154,0,2,498,1.0,
155,0,2,498,1.0,
156,0,2,498,1.0,
157,0,2,498,1.0,
158,0,2,498,1.0,
159,0,2,498,1.0,
160,0,2,498,1.0,
161,0,2,498,1.0,
162,0,2,498,1.0,
163,0,2,498,1.0,
164,0,2,498,1.0,
165,0,1,499,1.0,
166,0,0,500,1.0,
167,0,0,500,1.0,
168,0,0,500,1.0,
169,0,0,500,1.0,
170,0,0,500,1.0,
171,0,0,500,1.0,
172,0,0,500,1.0,
173,0,0,500,1.0,
174,0,0,500,1.0,
175,0,0,500,1.0,
176,0,0,500,1.0,
177,0,0,500,1.0,
178,0,0,500,1.0,
179,0,0,500,1.0,
180,0,0,500,1.0,
181,0,0,500,1.0,
182,0,0,500,1.0,
183,0,0,500,1.0,
184,0,0,500,1.0,
185,0,0,500,1.0,
186,0,0,500,1.0,
187,0,0,500,1.0,
188,0,0,500,1.0,
189,0,0,500,1.0,
190,0,0,500,1.0,
191,0,0,500,1.0,
192,0,0,500,1.0,
193,0,0,500,1.0,
194,0,0,500,1.0,
195,0,0,500,1.0,
196,0,0,500,1.0,
197,0,0,500,1.0,
198,0,0,500,1.0,
199,0,0,500,1.0,
200,0,0,500,1.0,
1,496,4,0,0.992909090909091,1.0
2,492,7,1,0.9888181818181818,0.997896798826283
3,480,19,1,0.9628181818181818,0.9842027933359104
4,464,35,1,0.9342727272727273,0.968069451715398
5,440,58,2,0.8918181818181818,0.9417303029285223
6,410,84,6,0.8617272727272727,0.9186842973281192
7,369,120,11,0.8309090909090909,0.8882517789803117
8,326,159,15,0.8136363636363636,0.8596702843938848
9,273,201,26,0.8117272727272727,0.8301002462604584
10,213,249,38,0.8193636363636364,0.7904453125866733
11,155,293,52,0.8491818181818181,0.7594428472263424
12,107,325,68,0.8824545454545455,0.7272782313612767
13,70,350,80,0.929,0.7485020779176915
14,33,371,96,0.9782727272727273,0.8367706467236653
15,9,378,113,0.9959090909090909,0.8841503984983107
16,2,369,129,0.9984545454545455,0.8015914827233643
17,0,355,145,1.0,
18,0,340,160,1.0,
19,0,328,172,1.0,
20,0,310,190,1.0,
21,0,296,204,1.0,
22,0,289,211,1.0,
23,0,278,222,1.0,
24,0,266,234,1.0,
25,0,257,243,1.0,
26,0,251,249,1.0,
27,0,241,259,1.0,
28,0,234,266,1.0,
29,0,222,278,1.0,
30,0,215,285,1.0,
31,0,207,293,1.0,
32,0,198,302,1.0,
33,0,191,309,1.0,
34,0,185,315,1.0,
35,0,178,322,1.0,
36,0,170,330,1.0,
37,0,161,339,1.0,
38,0,157,343,1.0,
39,0,153,347,1.0,
40,0,148,352,1.0,
41,0,140,360,1.0,
42,0,135,365,1.0,
43,0,128,372,1.0,
44,0,124,376,1.0,
45,0,121,379,1.0,
46,0,115,385,1.0,
47,0,113,387,1.0,
48,0,110,390,1.0,
49,0,104,396,1.0,
50,0,97,403,1.0,
51,0,91,409,1.0,
52,0,88,412,1.0,
53,0,84,416,1.0,
54,0,79,421,1.0,
55,0,76,424,1.0,
56,0,73,427,1.0,
57,0,71,429,1.0,
58,0,65,435,1.0,
59,0,60,440,1.0,
60,0,54,446,1.0,
61,0,53,447,1.0,
62,0,51,449,1.0,
63,0,51,449,1.0,
64,0,47,453,1.0,
65,0,43,457,1.0,
66,0,41,459,1.0,
67,0,41,459,1.0,
68,0,40,460,1.0,
69,0,37,463,1.0,
70,0,36,464,1.0,
71,0,35,465,1.0,
72,0,34,466,1.0,
73,0,33,467,1.0,
74,0,31,469,1.0,
75,0,29,471,1.0,
76,0,28,472,1.0,
77,0,26,474,1.0,
78,0,26,474,1.0,
79,0,26,474,1.0,
80,0,25,475,1.0,
81,0,24,476,1.0,
82,0,24,476,1.0,
83,0,23,477,1.0,
84,0,22,478,1.0,
85,0,22,478,1.0,
86,0,21,479,1.0,
87,0,19,481,1.0,
88,0,19,481,1.0,
89,0,19,481,1.0,
90,0,18,482,1.0,
91,0,18,482,1.0,
92,0,17,483,1.0,
93,0,16,484,1.0,
94,0,16,484,1.0,
95,0,16,484,1.0,
96,0,15,485,1.0,
97,0,14,486,1.0,
98,0,14,486,1.0,
99,0,14,486,1.0,
100,0,14,486,1.0,
101,0,14,486,1.0,
102,0,14,486,1.0,
103,0,14,486,1.0,
104,0,14,486,1.0,
105,0,14,486,1.0,
106,0,14,486,1.0,
107,0,14,486,1.0,
108,0,12,488,1.0,
109,0,12,488,1.0,
110,0,11,489,1.0,
111,0,9,491,1.0,
112,0,8,492,1.0,
113,0,8,492,1.0,
114,0,8,492,1.0,
115,0,8,492,1.0,
116,0,7,493,1.0,
117,0,7,493,1.0,
118,0,7,493,1.0,
119,0,7,493,1.0,
120,0,7,493,1.0,
121,0,6,494,1.0,
122,0,6,494,1.0,
123,0,6,494,1.0,
124,0,6,494,1.0,
125,0,6,494,1.0,
126,0,5,495,1.0,
127,0,5,495,1.0,
128,0,4,496,1.0,
129,0,4,496,1.0,
130,0,3,497,1.0,
131,0,3,497,1.0,
132,0,3,497,1.0,
133,0,3,497,1.0,
134,0,3,497,1.0,
135,0,3,497,1.0,
136,0,3,497,1.0,
137,0,3,497,1.0,
138,0,3,497,1.0,
139,0,3,497,1.0,
140,0,3,497,1.0,
141,0,3,497,1.0,
142,0,2,498,1.0,
143,0,2,498,1.0,
144,0,2,498,1.0,
145,0,2,498,1.0,
146,0,1,499,1.0,
147,0,1,499,1.0,
148,0,1,499,1.0,
149,0,1,499,1.0,
150,0,1,499,1.0,
151,0,1,499,1.0,
152,0,1,499,1.0,
153,0,1,499,1.0,
154,0,1,499,1.0,
155,0,1,499,1.0,
156,0,1,499,1.0,
157,0,1,499,1.0,
158,0,1,499,1.0,
159,0,1,499,1.0,
160,0,1,499,1.0,
161,0,1,499,1.0,
162,0,1,499,1.0,
163,0,0,500,1.0,
164,0,0,500,1.0,
165,0,0,500,1.0,
166,0,0,500,1.0,
167,0,0,500,1.0,
168,0,0,500,1.0,
169,0,0,500,1.0,
170,0,0,500,1.0,
171,0,0,500,1.0,
172,0,0,500,1.0,
173,0,0,500,1.0,
174,0,0,500,1.0,
175,0,0,500,1.0,
176,0,0,500,1.0,
177,0,0,500,1.0,
178,0,0,500,1.0,
179,0,0,500,1.0,
180,0,0,500,1.0,
181,0,0,500,1.0,
182,0,0,500,1.0,
183,0,0,500,1.0,
184,0,0,500,1.0,
185,0,0,500,1.0,
186,0,0,500,1.0,
187,0,0,500,1.0,
188,0,0,500,1.0,
189,0,0,500,1.0,
190,0,0,500,1.0,
191,0,0,500,1.0,
192,0,0,500,1.0,
193,0,0,500,1.0,
194,0,0,500,1.0,
195,0,0,500,1.0,
196,0,0,500,1.0,
197,0,0,500,1.0,
198,0,0,500,1.0,
199,0,0,500,1.0,
200,0,0,500,1.0,
1,497,3,0,0.9945454545454545,1.0
2,492,8,0,0.9856363636363636,0.9954035144772233
3,485,13,2,0.9758181818181818,0.9902067745205667
4,477,21,2,0.9604545454545454,0.9819135335692464
5,466,32,2,0.9485454545454546,0.974967250373002
6,450,48,2,0.9273636363636364,0.9621564095920415
7,423,71,6,0.8925454545454545,0.9390395768562866
8,392,99,9,0.8399090909090909,0.900310582896491
9,359,124,17,0.8056363636363636,0.8668262925564563
10,318,157,25,0.781,0.8298112261761413
11,266,202,32,0.777,0.7924409418081254
12,199,257,44,0.8188181818181818,0.7743369558137548
13,131,314,55,0.8624545454545455,0.7393064024880249
14,74,357,69,0.9357272727272727,0.7832086631678897
15,39,385,76,0.9777272727272728,0.8566416653525443
16,10,400,90,0.9954545454545455,0.884106638638578
17,4,392,104,0.9980909090909091,0.8773678357578003
18,1,379,120,0.9994545454545455,0.8660505772107048
19,1,367,132,0.9994545454545455,0.8660505772107048
20,0,353,147,1.0,
21,0,337,163,1.0,
22,0,322,178,1.0,
23,0,314,186,1.0,
24,0,300,200,1.0,
25,0,286,214,1.0,
26,0,276,224,1.0,
27,0,267,233,1.0,
28,0,259,241,1.0,
29,0,254,246,1.0,
30,0,242,258,1.0,
31,0,226,274,1.0,
32,0,216,284,1.0,
33,0,208,292,1.0,
34,0,197,303,1.0,
35,0,191,309,1.0,
36,0,185,315,1.0,
37,0,182,318,1.0,
38,0,175,325,1.0,
39,0,170,330,1.0,
40,0,163,337,1.0,
41,0,158,342,1.0,
42,0,149,351,1.0,
43,0,139,361,1.0,
44,0,132,368,1.0,
45,0,124,376,1.0,
46,0,120,380,1.0,
47,0,116,384,1.0,
48,0,111,389,1.0,
49,0,103,397,1.0,
50,0,100,400,1.0,
51,0,93,407,1.0,
52,0,89,411,1.0,
53,0,82,418,1.0,
54,0,80,420,1.0,
55,0,78,422,1.0,
56,0,72,428,1.0,
57,0,67,433,1.0,
58,0,66,434,1.0,
59,0,64,436,1.0,
60,0,63,437,1.0,
61,0,61,439,1.0,
62,0,59,441,1.0,
63,0,57,443,1.0,
64,0,53,447,1.0,
65,0,49,451,1.0,
66,0,45,455,1.0,
67,0,44,456,1.0,
68,0,42,458,1.0,
69,0,41,459,1.0,
70,0,40,460,1.0,
71,0,37,463,1.0,
72,0,36,464,1.0,
73,0,34,466,1.0,
74,0,34,466,1.0,
75,0,32,468,1.0,
76,0,29,471,1.0,
77,0,27,473,1.0,
78,0,24,476,1.0,
79,0,22,478,1.0,
80,0,22,478,1.0,
81,0,21,479,1.0,
82,0,20,480,1.0,
83,0,19,481,1.0,
84,0,17,483,1.0,
85,0,17,483,1.0,
86,0,17,483,1.0,
87,0,17,483,1.0,
88,0,17,483,1.0,
89,0,16,484,1.0,
90,0,16,484,1.0,
91,0,16,484,1.0,
92,0,14,486,1.0,
93,0,13,487,1.0,
94,0,13,487,1.0,
95,0,13,487,1.0,
96,0,13,487,1.0,
97,0,13,487,1.0,
98,0,13,487,1.0,
99,0,12,488,1.0,
100,0,11,489,1.0,
101,0,10,490,1.0,
102,0,10,490,1.0,
103,0,10,490,1.0,
104,0,10,490,1.0,
105,0,8,492,1.0,
106,0,8,492,1.0,
107,0,8,492,1.0,
108,0,8,492,1.0,
109,0,6,494,1.0,
110,0,6,494,1.0,
111,0,6,494,1.0,
112,0,6,494,1.0,
113,0,6,494,1.0,
114,0,5,495,1.0,
115,0,5,495,1.0,
116,0,5,495,1.0,
117,0,5,495,1.0,
118,0,5,495,1.0,
119,0,5,495,1.0,
120,0,5,495,1.0,
121,0,5,495,1.0,
122,0,4,496,1.0,
123,0,3,497,1.0,
124,0,3,497,1.0,
125,0,3,497,1.0,
126,0,3,497,1.0,
127,0,3,497,1.0,
128,0,2,498,1.0,
129,0,2,498,1.0,
130,0,2,498,1.0,
131,0,2,498,1.0,
132,0,2,498,1.0,
133,0,1,499,1.0,
134,0,1,499,1.0,
135,0,1,499,1.0,
136,0,1,499,1.0,
137,0,1,499,1.0,
138,0,1,499,1.0,
139,0,1,499,1.0,
140,0,1,499,1.0,
141,0,1,499,1.0,
142,0,1,499,1.0,
143,0,1,499,1.0,
144,0,1,499,1.0,
145,0,1,499,1.0,
146,0,1,499,1.0,
147,0,1,499,1.0,
148,0,1,499,1.0,
149,0,1,499,1.0,
150,0,1,499,1.0,
151,0,1,499,1.0,
152,0,1,499,1.0,
153,0,1,499,1.0,
154,0,1,499,1.0,
155,0,1,499,1.0,
156,0,1,499,1.0,
157,0,1,499,1.0,
158,0,1,499,1.0,
159,0,1,499,1.0,
160,0,1,499,1.0,
161,0,1,499,1.0,
162,0,1,499,1.0,
163,0,1,499,1.0,
164,0,1,499,1.0,
165,0,1,499,1.0,
166,0,1,499,1.0,
167,0,1,499,1.0,
168,0,1,499,1.0,
169,0,1,499,1.0,
170,0,1,499,1.0,
171,0,1,499,1.0,
172,0,0,500,1.0,
173,0,0,500,1.0,
174,0,0,500,1.0,
175,0,0,500,1.0,
176,0,0,500,1.0,
177,0,0,500,1.0,
178,0,0,500,1.0,
179,0,0,500,1.0,
180,0,0,500,1.0,
181,0,0,500,1.0,
182,0,0,500,1.0,
183,0,0,500,1.0,
184,0,0,500,1.0,
185,0,0,500,1.0,
186,0,0,500,1.0,
187,0,0,500,1.0,
188,0,0,500,1.0,
189,0,0,500,1.0,
190,0,0,500,1.0,
191,0,0,500,1.0,
192,0,0,500,1.0,
193,0,0,500,1.0,
194,0,0,500,1.0,
195,0,0,500,1.0,
196,0,0,500,1.0,
197,0,0,500,1.0,
198,0,0,500,1.0,
199,0,0,500,1.0,
200,0,0,500,1.0,
1,497,3,0,0.9941818181818182,1.0
2,494,5,1,0.9910909090909091,0.9984057964507999
3,492,7,1,0.9858181818181818,0.9956655386001387
4,487,11,2,0.9792727272727273,0.9922115671929305
5,477,20,3,0.9636363636363636,0.9837902196704966
6,465,31,4,0.9450909090909091,0.9733960053551041
7,449,47,4,0.9240909090909091,0.9606207419920502
8,421,72,7,0.9014545454545455,0.9443094937772533
9,380,109,11,0.8625454545454545,0.9122541104261883
10,340,145,15,0.8288181818181818,0.8767600565710671
11,288,189,23,0.8088181818181818,0.8361291061359994
12,231,233,36,0.8027272727272727,0.7883058217372235
13,173,279,48,0.8340909090909091,0.7614860978353422
14,118,322,60,0.8847272727272727,0.7566122917205267
15,66,357,77,0.9415454545454546,0.7782349187500025
16,20,390,90,0.988,0.8476383252649157
17,6,382,112,0.9976363636363637,0.8953479607931981
18,1,372,127,0.9999090909090909,0.9796134120609281
19,1,352,147,0.9998181818181818,0.9562892832023348
20,0,337,163,1.0,
21,0,327,173,1.0,
22,0,307,193,1.0,
23,0,292,208,1.0,
24,0,281,219,1.0,
25,0,264,236,1.0,
26,0,254,246,1.0,
27,0,240,260,1.0,
28,0,226,274,1.0,
29,0,216,284,1.0,
30,0,210,290,1.0,
31,0,197,303,1.0,
32,0,191,309,1.0,
33,0,187,313,1.0,
34,0,177,323,1.0,
35,0,166,334,1.0,
36,0,161,339,1.0,
37,0,154,346,1.0,
38,0,149,351,1.0,
39,0,142,358,1.0,
40,0,139,361,1.0,
41,0,136,364,1.0,
42,0,132,368,1.0,
43,0,122,378,1.0,
44,0,120,380,1.0,
45,0,111,389,1.0,
46,0,107,393,1.0,
47,0,103,397,1.0,
48,0,98,402,1.0,
49,0,93,407,1.0,
50,0,89,411,1.0,
51,0,87,413,1.0,
52,0,84,416,1.0,
53,0,80,420,1.0,
54,0,75,425,1.0,
55,0,74,426,1.0,
56,0,73,427,1.0,
57,0,70,430,1.0,
58,0,69,431,1.0,
59,0,68,432,1.0,
60,0,66,434,1.0,
61,0,63,437,1.0,
62,0,60,440,1.0,
63,0,55,445,1.0,
64,0,53,447,1.0,
65,0,50,450,1.0,
66,0,47,453,1.0,
67,0,45,455,1.0,
68,0,44,456,1.0,
69,0,38,462,1.0,
70,0,38,462,1.0,
71,0,35,465,1.0,
72,0,32,468,1.0,
73,0,30,470,1.0,
74,0,29,471,1.0,
75,0,27,473,1.0,
76,0,26,474,1.0,
77,0,26,474,1.0,
78,0,25,475,1.0,
79,0,23,477,1.0,
80,0,21,479,1.0,
81,0,21,479,1.0,
82,0,20,480,1.0,
83,0,20,480,1.0,
84,0,17,483,1.0,
85,0,17,483,1.0,
86,0,17,483,1.0,
87,0,17,483,1.0,
88,0,17,483,1.0,
89,0,17,483,1.0,
90,0,17,483,1.0,
91,0,17,483,1.0,
92,0,17,483,1.0,
93,0,16,484,1.0,
94,0,15,485,1.0,
95,0,14,486,1.0,
96,0,14,486,1.0,
97,0,14,486,1.0,
98,0,13,487,1.0,
99,0,11,489,1.0,
100,0,11,489,1.0,
101,0,11,489,1.0,
102,0,11,489,1.0,
103,0,10,490,1.0,
104,0,10,490,1.0,
105,0,10,490,1.0,
106,0,9,491,1.0,
107,0,9,491,1.0,
108,0,9,491,1.0,
109,0,7,493,1.0,
110,0,7,493,1.0,
111,0,6,494,1.0,
112,0,6,494,1.0,
113,0,6,494,1.0,
114,0,6,494,1.0,
115,0,6,494,1.0,
116,0,6,494,1.0,
117,0,6,494,1.0,
118,0,5,495,1.0,
119,0,5,495,1.0,
120,0,5,495,1.0,
121,0,5,495,1.0,
122,0,5,495,1.0,
123,0,5,495,1.0,
124,0,5,495,1.0,
125,0,5,495,1.0,
126,0,5,495,1.0,
127,0,5,495,1.0,
128,0,5,495,1.0,
129,0,5,495,1.0,
130,0,4,496,1.0,
131,0,4,496,1.0,
132,0,4,496,1.0,
133,0,3,497,1.0,
134,0,2,498,1.0,
135,0,2,498,1.0,
136,0,2,498,1.0,
137,0,2,498,1.0,
138,0,2,498,1.0,
139,0,2,498,1.0,
140,0,2,498,1.0,
141,0,2,498,1.0,
142,0,2,498,1.0,
143,0,2,498,1.0,
144,0,2,498,1.0,
145,0,2,498,1.0,
146,0,2,498,1.0,
147,0,2,498,1.0,
148,0,1,499,1.0,
149,0,1,499,1.0,
150,0,1,499,1.0,
151,0,1,499,1.0,
152,0,1,499,1.0,
153,0,1,499,1.0,
154,0,1,499,1.0,
155,0,1,499,1.0,
156,0,1,499,1.0,
157,0,1,499,1.0,
158,0,1,499,1.0,
159,0,1,499,1.0,
160,0,1,499,1.0,
161,0,1,499,1.0,
162,0,1,499,1.0,
163,0,1,499,1.0,
164,0,1,499,1.0,
165,0,1,499,1.0,
166,0,1,499,1.0,
167,0,1,499,1.0,
168,0,1,499,1.0,
169,0,1,499,1.0,
170,0,1,499,1.0,
171,0,1,499,1.0,
172,0,0,500,1.0,
173,0,0,500,1.0,
174,0,0,500,1.0,
175,0,0,500,1.0,
176,0,0,500,1.0,
177,0,0,500,1.0,
178,0,0,500,1.0,
179,0,0,500,1.0,
180,0,0,500,1.0,
181,0,0,500,1.0,
182,0,0,500,1.0,
183,0,0,500,1.0,
184,0,0,500,1.0,
185,0,0,500,1.0,
186,0,0,500,1.0,
187,0,0,500,1.0,
188,0,0,500,1.0,
189,0,0,500,1.0,
190,0,0,500,1.0,
191,0,0,500,1.0,
192,0,0,500,1.0,
193,0,0,500,1.0,
194,0,0,500,1.0,
195,0,0,500,1.0,
196,0,0,500,1.0,
197,0,0,500,1.0,
198,0,0,500,1.0,
199,0,0,500,1.0,
200,0,0,500,1.0,
1,496,4,0,0.992909090909091,1.0
2,494,6,0,0.9887272727272727,0.9978464138933716
3,489,11,0,0.9792727272727273,0.9928884978085526
4,483,17,0,0.9676363636363636,0.986654616140829
5,469,29,2,0.9453636363636364,0.9741986918698575
6,443,55,2,0.8923636363636364,0.9424508592316037
7,404,91,5,0.8242727272727273,0.894215375644129
8,355,134,11,0.7727272727272727,0.8429647119545293
9,311,170,19,0.765,0.8140247258188075
10,254,222,24,0.7738181818181818,0.7799253374365094
11,182,285,33,0.8312727272727273,0.7704318495959651
12,118,338,44,0.8866363636363637,0.7620966772618224
13,69,371,60,0.9350909090909091,0.7681277874343622
14,21,405,74,0.9912727272727273,0.9002086320919627
15,5,401,94,0.9990909090909091,0.9576504127895148
16,1,385,114,0.9998181818181818,0.9589871198472694
17,0,375,125,1.0,
18,0,356,144,1.0,
19,0,346,154,1.0,
20,0,326,174,1.0,
21,0,314,186,1.0,
22,0,305,195,1.0,
23,0,294,206,1.0,
24,0,281,219,1.0,
25,0,263,237,1.0,
26,0,250,250,1.0,
27,0,235,265,1.0,
28,0,224,276,1.0,
29,0,217,283,1.0,
30,0,209,291,1.0,
31,0,202,298,1.0,
32,0,195,305,1.0,
33,0,189,311,1.0,
34,0,180,320,1.0,
35,0,174,326,1.0,
36,0,166,334,1.0,
37,0,163,337,1.0,
38,0,159,341,1.0,
39,0,154,346,1.0,
40,0,149,351,1.0,
41,0,138,362,1.0,
42,0,132,368,1.0,
43,0,129,371,1.0,
44,0,124,376,1.0,
45,0,120,380,1.0,
46,0,115,385,1.0,
47,0,112,388,1.0,
48,0,106,394,1.0,
49,0,101,399,1.0,
50,0,98,402,1.0,
51,0,95,405,1.0,
52,0,93,407,1.0,
53,0,89,411,1.0,
54,0,88,412,1.0,
55,0,86,414,1.0,
56,0,84,416,1.0,
57,0,79,421,1.0,
58,0,77,423,1.0,
59,0,74,426,1.0,
60,0,71,429,1.0,
61,0,70,430,1.0,
62,0,66,434,1.0,
63,0,65,435,1.0,
64,0,59,441,1.0,
65,0,57,443,1.0,
66,0,54,446,1.0,
67,0,53,447,1.0,
68,0,52,448,1.0,
69,0,50,450,1.0,
70,0,48,452,1.0,
71,0,46,454,1.0,
72,0,44,456,1.0,
73,0,44,456,1.0,
74,0,40,460,1.0,
75,0,40,460,1.0,
76,0,39,461,1.0,
77,0,35,465,1.0,
78,0,32,468,1.0,
79,0,31,469,1.0,
80,0,31,469,1.0,
81,0,30,470,1.0,
82,0,29,471,1.0,
83,0,29,471,1.0,
84,0,28,472,1.0,
85,0,28,472,1.0,
86,0,27,473,1.0,
87,0,27,473,1.0,
88,0,26,474,1.0,
89,0,24,476,1.0,
90,0,24,476,1.0,
91,0,24,476,1.0,
92,0,22,478,1.0,
93,0,19,481,1.0,
94,0,18,482,1.0,
95,0,18,482,1.0,
96,0,18,482,1.0,
97,0,18,482,1.0,
98,0,17,483,1.0,
99,0,17,483,1.0,
100,0,16,484,1.0,
101,0,16,484,1.0,
102,0,16,484,1.0,
103,0,15,485,1.0,
104,0,14,486,1.0,
105,0,14,486,1.0,
106,0,13,487,1.0,
107,0,13,487,1.0,
108,0,12,488,1.0,
109,0,12,488,1.0,
110,0,12,488,1.0,
111,0,12,488,1.0,
112,0,12,488,1.0,
113,0,12,488,1.0,
114,0,12,488,1.0,
115,0,12,488,1.0,
116,0,12,488,1.0,
117,0,10,490,1.0,
118,0,10,490,1.0,
119,0,10,490,1.0,
120,0,9,491,1.0,
121,0,8,492,1.0,
122,0,8,492,1.0,
123,0,8,492,1.0,
124,0,7,493,1.0,
125,0,6,494,1.0,
126,0,6,494,1.0,
127,0,6,494,1.0,
128,0,6,494,1.0,
129,0,5,495,1.0,
130,0,5,495,1.0,
131,0,5,495,1.0,
132,0,4,496,1.0,
133,0,3,497,1.0,
134,0,3,497,1.0,
135,0,2,498,1.0,
136,0,2,498,1.0,
137,0,2,498,1.0,
138,0,2,498,1.0,
139,0,2,498,1.0,
140,0,2,498,1.0,
141,0,2,498,1.0,
142,0,2,498,1.0,
143,0,2,498,1.0,
144,0,2,498,1.0,
145,0,1,499,1.0,
146,0,1,499,1.0,
147,0,1,499,1.0,
148,0,1,499,1.0,
149,0,1,499,1.0,
150,0,1,499,1.0,
151,0,1,499,1.0,
152,0,1,499,1.0,
153,0,1,499,1.0,
154,0,1,499,1.0,
155,0,1,499,1.0,
156,0,1,499,1.0,
157,0,1,499,1.0,
158,0,1,499,1.0,
159,0,1,499,1.0,
160,0,1,499,1.0,
161,0,1,499,1.0,
162,0,1,499,1.0,
163,0,1,499,1.0,
164,0,0,500,1.0,
165,0,0,500,1.0,
166,0,0,500,1.0,
167,0,0,500,1.0,
168,0,0,500,1.0,
169,0,0,500,1.0,
170,0,0,500,1.0,
171,0,0,500,1.0,
172,0,0,500,1.0,
173,0,0,500,1.0,
174,0,0,500,1.0,
175,0,0,500,1.0,
176,0,0,500,1.0,
177,0,0,500,1.0,
178,0,0,500,1.0,
179,0,0,500,1.0,
180,0,0,500,1.0,
181,0,0,500,1.0,
182,0,0,500,1.0,
183,0,0,500,1.0,
184,0,0,500,1.0,
185,0,0,500,1.0,
186,0,0,500,1.0,
187,0,0,500,1.0,
188,0,0,500,1.0,
189,0,0,500,1.0,
190,0,0,500,1.0,
191,0,0,500,1.0,
192,0,0,500,1.0,
193,0,0,500,1.0,
194,0,0,500,1.0,
195,0,0,500,1.0,
196,0,0,500,1.0,
197,0,0,500,1.0,
198,0,0,500,1.0,
199,0,0,500,1.0,
200,0,0,500,1.0,
1,498,2,0,0.997,1.0
2,495,5,0,0.9901818181818182,0.9965327455963265
3,488,11,1,0.9780909090909091,0.9902082504472691
4,479,20,1,0.9619090909090909,0.9814665990435251
5,457,40,3,0.9287272727272727,0.9622516108903597
6,437,60,3,0.9066363636363637,0.9479427799385618
7,401,92,7,0.8652727272727273,0.9174193412579037
8,349,138,13,0.8069090909090909,0.863160856022629
9,294,184,22,0.7804545454545454,0.8146742811154121
10,230,234,36,0.7789090909090909,0.7603302335607599
11,177,275,48,0.8119090909090909,0.7338669993675679
12,121,314,65,0.8680909090909091,0.726375143068067
13,75,348,77,0.9340909090909091,0.7793874939022147
14,36,369,95,0.9780909090909091,0.8470709959375526
15,12,379,109,0.9963636363636363,0.9236027319912349
16,3,376,121,0.9991818181818182,0.9308135167271304
17,1,361,138,0.9998181818181818,0.9514302101609643
18,0,347,153,1.0,
19,0,331,169,1.0,
20,0,319,181,1.0,
21,0,311,189,1.0,
22,0,297,203,1.0,
23,0,286,214,1.0,
24,0,270,230,1.0,
25,0,260,240,1.0,
26,0,249,251,1.0,
27,0,238,262,1.0,
28,0,228,272,1.0,
29,0,217,283,1.0,
30,0,209,291,1.0,
31,0,199,301,1.0,
32,0,191,309,1.0,
33,0,181,319,1.0,
34,0,177,323,1.0,
35,0,173,327,1.0,
36,0,165,335,1.0,
37,0,153,347,1.0,
38,0,148,352,1.0,
39,0,139,361,1.0,
40,0,133,367,1.0,
41,0,128,372,1.0,
42,0,122,378,1.0,
43,0,119,381,1.0,
44,0,113,387,1.0,
45,0,107,393,1.0,
46,0,99,401,1.0,
47,0,96,404,1.0,
48,0,91,409,1.0,
49,0,89,411,1.0,
50,0,86,414,1.0,
51,0,81,419,1.0,
52,0,74,426,1.0,
53,0,72,428,1.0,
54,0,68,432,1.0,
55,0,65,435,1.0,
56,0,65,435,1.0,
57,0,64,436,1.0,
58,0,61,439,1.0,
59,0,60,440,1.0,
60,0,58,442,1.0,
61,0,55,445,1.0,
62,0,52,448,1.0,
63,0,51,449,1.0,
64,0,47,453,1.0,
65,0,44,456,1.0,
66,0,43,457,1.0,
67,0,40,460,1.0,
68,0,38,462,1.0,
69,0,38,462,1.0,
70,0,36,464,1.0,
71,0,34,466,1.0,
72,0,32,468,1.0,
73,0,31,469,1.0,
74,0,30,470,1.0,
75,0,29,471,1.0,
76,0,28,472,1.0,
77,0,26,474,1.0,
78,0,25,475,1.0,
79,0,23,477,1.0,
80,0,23,477,1.0,
81,0,21,479,1.0,
82,0,20,480,1.0,
83,0,18,482,1.0,
84,0,18,482,1.0,
85,0,17,483,1.0,
86,0,16,484,1.0,
87,0,16,484,1.0,
88,0,15,485,1.0,
89,0,15,485,1.0,
90,0,14,486,1.0,
91,0,14,486,1.0,
92,0,14,486,1.0,
93,0,14,486,1.0,
94,0,13,487,1.0,
95,0,13,487,1.0,
96,0,11,489,1.0,
97,0,11,489,1.0,
98,0,11,489,1.0,
99,0,10,490,1.0,
100,0,10,490,1.0,
101,0,9,491,1.0,
102,0,9,491,1.0,
103,0,9,491,1.0,
104,0,9,491,1.0,
105,0,7,493,1.0,
106,0,7,493,1.0,
107,0,7,493,1.0,
108,0,6,494,1.0,
109,0,6,494,1.0,
110,0,6,494,1.0,
111,0,6,494,1.0,
112,0,5,495,1.0,
113,0,4,496,1.0,
114,0,4,496,1.0,
115,0,4,496,1.0,
116,0,3,497,1.0,
117,0,3,497,1.0,
118,0,3,497,1.0,
119,0,3,497,1.0,
120,0,3,497,1.0,
121,0,3,497,1.0,
122,0,3,497,1.0,
123,0,3,497,1.0,
124,0,3,497,1.0,
125,0,2,498,1.0,
126,0,2,498,1.0,
127,0,2,498,1.0,
128,0,2,498,1.0,
129,0,2,498,1.0,
130,0,2,498,1.0,
131,0,2,498,1.0,
132,0,1,499,1.0,
133,0,1,499,1.0,
134,0,1,499,1.0,
135,0,1,499,1.0,
136,0,0,500,1.0,
137,0,0,500,1.0,
138,0,0,500,1.0,
139,0,0,500,1.0,
140,0,0,500,1.0,
141,0,0,500,1.0,
142,0,0,500,1.0,
143,0,0,500,1.0,
144,0,0,500,1.0,
145,0,0,500,1.0,
146,0,0,500,1.0,
147,0,0,500,1.0,
148,0,0,500,1.0,
149,0,0,500,1.0,
150,0,0,500,1.0,
151,0,0,500,1.0,
152,0,0,500,1.0,
153,0,0,500,1.0,
154,0,0,500,1.0,
155,0,0,500,1.0,
156,0,0,500,1.0,
157,0,0,500,1.0,
158,0,0,500,1.0,
159,0,0,500,1.0,
160,0,0,500,1.0,
161,0,0,500,1.0,
162,0,0,500,1.0,
163,0,0,500,1.0,
164,0,0,500,1.0,
165,0,0,500,1.0,
166,0,0,500,1.0,
167,0,0,500,1.0,
168,0,0,500,1.0,
169,0,0,500,1.0,
170,0,0,500,1.0,
171,0,0,500,1.0,
172,0,0,500,1.0,
173,0,0,500,1.0,
174,0,0,500,1.0,
175,0,0,500,1.0,
176,0,0,500,1.0,
177,0,0,500,1.0,
178,0,0,500,1.0,
179,0,0,500,1.0,
180,0,0,500,1.0,
181,0,0,500,1.0,
182,0,0,500,1.0,
183,0,0,500,1.0,
184,0,0,500,1.0,
185,0,0,500,1.0,
186,0,0,500,1.0,
187,0,0,500,1.0,
188,0,0,500,1.0,
189,0,0,500,1.0,
190,0,0,500,1.0,
191,0,0,500,1.0,
192,0,0,500,1.0,
193,0,0,500,1.0,
194,0,0,500,1.0,
195,0,0,500,1.0,
196,0,0,500,1.0,
197,0,0,500,1.0,
198,0,0,500,1.0,
199,0,0,500,1.0,
200,0,0,500,1.0,
1,498,2,0,0.9970909090909091,1.0
2,498,2,0,0.9970909090909091,1.0
3,496,4,0,0.9933636363636363,0.998103101460625
4,491,9,0,0.9834545454545455,0.993019997182241
5,479,21,0,0.9615454545454546,0.9812923066265157
6,459,41,0,0.9231818181818182,0.9594166869860145
7,426,73,1,0.8886363636363637,0.9359161248686794
8,386,107,7,0.8718181818181818,0.9181938768247643
9,352,133,15,0.8530909090909091,0.8967581989807911
10,314,158,28,0.842,0.8753130034716088
11,284,181,35,0.8323636363636364,0.8536360359294258
12,238,220,42,0.8148181818181818,0.806868693799225
13,192,255,53,0.8113636363636364,0.7552933183550488
14,145,289,66,0.8453636363636363,0.733628095457195
15,97,324,79,0.9049090909090909,0.754449658078269
16,53,350,97,0.9492727272727273,0.7596687659540253
17,22,366,112,0.9828181818181818,0.8034491555780742
18,4,367,129,0.9982727272727273,0.8930348750001769
19,1,354,145,0.9993636363636363,0.8456888708458904
20,0,339,161,1.0,
21,0,324,176,1.0,
22,0,307,193,1.0,
23,0,295,205,1.0,
24,0,286,214,1.0,
25,0,271,229,1.0,
26,0,258,242,1.0,
27,0,250,250,1.0,
28,0,239,261,1.0,
29,0,222,278,1.0,
30,0,218,282,1.0,
31,0,210,290,1.0,
32,0,203,297,1.0,
33,0,191,309,1.0,
34,0,184,316,1.0,
35,0,177,323,1.0,
36,0,169,331,1.0,
37,0,162,338,1.0,
38,0,152,348,1.0,
39,0,151,349,1.0,
40,0,147,353,1.0,
41,0,141,359,1.0,
42,0,137,363,1.0,
43,0,134,366,1.0,
44,0,133,367,1.0,
45,0,128,372,1.0,
46,0,122,378,1.0,
47,0,116,384,1.0,
48,0,111,389,1.0,
49,0,108,392,1.0,
50,0,104,396,1.0,
51,0,100,400,1.0,
52,0,96,404,1.0,
53,0,91,409,1.0,
54,0,85,415,1.0,
55,0,81,419,1.0,
56,0,77,423,1.0,
57,0,74,426,1.0,
58,0,71,429,1.0,
59,0,69,431,1.0,
60,0,63,437,1.0,
61,0,60,440,1.0,
62,0,58,442,1.0,
63,0,54,446,1.0,
64,0,47,453,1.0,
65,0,45,455,1.0,
66,0,40,460,1.0,
67,0,37,463,1.0,
68,0,35,465,1.0,
69,0,32,468,1.0,
70,0,30,470,1.0,
71,0,28,472,1.0,
72,0,26,474,1.0,
73,0,26,474,1.0,
74,0,25,475,1.0,
75,0,25,475,1.0,
76,0,21,479,1.0,
77,0,20,480,1.0,
78,0,20,480,1.0,
79,0,20,480,1.0,
80,0,18,482,1.0,
81,0,17,483,1.0,
82,0,17,483,1.0,
83,0,16,484,1.0,
84,0,16,484,1.0,
85,0,16,484,1.0,
86,0,16,484,1.0,
87,0,15,485,1.0,
88,0,15,485,1.0,
89,0,13,487,1.0,
90,0,12,488,1.0,
91,0,12,488,1.0,
92,0,12,488,1.0,
93,0,12,488,1.0,
94,0,11,489,1.0,
95,0,10,490,1.0,
96,0,9,491,1.0,
97,0,9,491,1.0,
98,0,9,491,1.0,
99,0,9,491,1.0,
100,0,9,491,1.0,
101,0,9,491,1.0,
102,0,9,491,1.0,
103,0,9,491,1.0,
104,0,9,491,1.0,
105,0,9,491,1.0,
106,0,9,491,1.0,
107,0,9,491,1.0,
108,0,9,491,1.0,
109,0,9,491,1.0,
110,0,9,491,1.0,
111,0,9,491,1.0,
112,0,8,492,1.0,
113,0,8,492,1.0,
114,0,8,492,1.0,
115,0,8,492,1.0,
116,0,8,492,1.0,
117,0,8,492,1.0,
118,0,8,492,1.0,
119,0,8,492,1.0,
120,0,8,492,1.0,
121,0,8,492,1.0,
122,0,8,492,1.0,
123,0,7,493,1.0,
124,0,7,493,1.0,
125,0,7,493,1.0,
126,0,7,493,1.0,
127,0,7,493,1.0,
128,0,7,493,1.0,
129,0,6,494,1.0,
130,0,6,494,1.0,
131,0,6,494,1.0,
132,0,6,494,1.0,
133,0,6,494,1.0,
134,0,6,494,1.0,
135,0,6,494,1.0,
136,0,6,494,1.0,
137,0,6,494,1.0,
138,0,6,494,1.0,
139,0,5,495,1.0,
140,0,4,496,1.0,
141,0,4,496,1.0,
142,0,3,497,1.0,
143,0,3,497,1.0,
144,0,3,497,1.0,
145,0,3,497,1.0,
146,0,2,498,1.0,
147,0,2,498,1.0,
148,0,2,498,1.0,
149,0,2,498,1.0,
150,0,2,498,1.0,
151,0,2,498,1.0,
152,0,2,498,1.0,
153,0,2,498,1.0,
154,0,2,498,1.0,
155,0,2,498,1.0,
156,0,2,498,1.0,
157,0,2,498,1.0,
158,0,2,498,1.0,
159,0,2,498,1.0,
160,0,2,498,1.0,
161,0,2,498,1.0,
162,0,2,498,1.0,
163,0,2,498,1.0,
164,0,2,498,1.0,
165,0,2,498,1.0,
166,0,2,498,1.0,
167,0,2,498,1.0,
168,0,2,498,1.0,
169,0,2,498,1.0,
170,0,1,499,1.0,
171,0,1,499,1.0,
172,0,1,499,1.0,
173,0,1,499,1.0,
174,0,1,499,1.0,
175,0,1,499,1.0,
176,0,1,499,1.0,
177,0,1,499,1.0,
178,0,1,499,1.0,
179,0,1,499,1.0,
180,0,1,499,1.0,
181,0,0,500,1.0,
182,0,0,500,1.0,
183,0,0,500,1.0,
184,0,0,500,1.0,
185,0,0,500,1.0,
186,0,0,500,1.0,
187,0,0,500,1.0,
188,0,0,500,1.0,
189,0,0,500,1.0,
190,0,0,500,1.0,
191,0,0,500,1.0,
192,0,0,500,1.0,
193,0,0,500,1.0,
194,0,0,500,1.0,
195,0,0,500,1.0,
196,0,0,500,1.0,
197,0,0,500,1.0,
198,0,0,500,1.0,
199,0,0,500,1.0,
200,0,0,500,1.0,
1,497,3,0,0.9947272727272727,1.0
2,492,8,0,0.9870909090909091,0.9960639455916993
3,479,21,0,0.9603636363636363,0.9819040499245953
4,465,35,0,0.9346363636363636,0.9673908962681212
5,441,56,3,0.8935454545454545,0.9421544197887283
6,404,90,6,0.8319090909090909,0.8984200945496724
7,364,126,10,0.7806363636363637,0.8512406534739866
8,315,165,20,0.7622727272727273,0.8126675137741907
9,247,223,30,0.7664545454545455,0.765105652894356
10,184,274,42,0.8077272727272727,0.7396130663476647
11,125,324,51,0.8686363636363637,0.7382787099793001
12,77,355,68,0.9336363636363636,0.7859495499160033
13,30,388,82,0.985909090909091,0.8837059852090362
14,8,400,92,0.998,0.9381716010214696
15,1,395,104,0.9999090909090909,0.9798967698645858
16,0,375,125,1.0,
17,0,364,136,1.0,
18,0,350,150,1.0,
19,0,340,160,1.0,
20,0,329,171,1.0,
21,0,317,183,1.0,
22,0,309,191,1.0,
23,0,301,199,1.0,
24,0,294,206,1.0,
25,0,275,225,1.0,
26,0,261,239,1.0,
27,0,252,248,1.0,
28,0,242,258,1.0,
29,0,231,269,1.0,
30,0,222,278,1.0,
31,0,211,289,1.0,
32,0,202,298,1.0,
33,0,195,305,1.0,
34,0,186,314,1.0,
35,0,179,321,1.0,
36,0,172,328,1.0,
37,0,163,337,1.0,
38,0,159,341,1.0,
39,0,146,354,1.0,
40,0,139,361,1.0,
41,0,129,371,1.0,
42,0,119,381,1.0,
43,0,115,385,1.0,
44,0,113,387,1.0,
45,0,107,393,1.0,
46,0,103,397,1.0,
47,0,98,402,1.0,
48,0,91,409,1.0,
49,0,88,412,1.0,
50,0,83,417,1.0,
51,0,83,417,1.0,
52,0,81,419,1.0,
53,0,80,420,1.0,
54,0,77,423,1.0,
55,0,75,425,1.0,
56,0,72,428,1.0,
57,0,70,430,1.0,
58,0,68,432,1.0,
59,0,65,435,1.0,
60,0,63,437,1.0,
61,0,60,440,1.0,
62,0,57,443,1.0,
63,0,50,450,1.0,
64,0,49,451,1.0,
65,0,47,453,1.0,
66,0,45,455,1.0,
67,0,44,456,1.0,
68,0,44,456,1.0,
69,0,44,456,1.0,
70,0,43,457,1.0,
71,0,39,461,1.0,
72,0,37,463,1.0,
73,0,36,464,1.0,
74,0,36,464,1.0,
75,0,32,468,1.0,
76,0,31,469,1.0,
77,0,31,469,1.0,
78,0,29,471,1.0,
79,0,28,472,1.0,
80,0,26,474,1.0,
81,0,26,474,1.0,
82,0,24,476,1.0,
83,0,24,476,1.0,
84,0,23,477,1.0,
85,0,23,477,1.0,
86,0,23,477,1.0,
87,0,22,478,1.0,
88,0,22,478,1.0,
89,0,22,478,1.0,
90,0,22,478,1.0,
91,0,22,478,1.0,
92,0,21,479,1.0,
93,0,19,481,1.0,
94,0,19,481,1.0,
95,0,19,481,1.0,
96,0,19,481,1.0,
97,0,19,481,1.0,
98,0,16,484,1.0,
99,0,16,484,1.0,
100,0,16,484,1.0,
101,0,16,484,1.0,
102,0,16,484,1.0,
103,0,16,484,1.0,
104,0,16,484,1.0,
105,0,16,484,1.0,
106,0,14,486,1.0,
107,0,14,486,1.0,
108,0,14,486,1.0,
109,0,14,486,1.0,
110,0,14,486,1.0,
111,0,14,486,1.0,
112,0,14,486,1.0,
113,0,14,486,1.0,
114,0,13,487,1.0,
115,0,13,487,1.0,
116,0,12,488,1.0,
117,0,12,488,1.0,
118,0,12,488,1.0,
119,0,11,489,1.0,
120,0,11,489,1.0,
121,0,10,490,1.0,
122,0,10,490,1.0,
123,0,10,490,1.0,
124,0,10,490,1.0,
125,0,10,490,1.0,
126,0,10,490,1.0,
127,0,10,490,1.0,
128,0,10,490,1.0,
129,0,10,490,1.0,
130,0,10,490,1.0,
131,0,8,492,1.0,
132,0,8,492,1.0,
133,0,7,493,1.0,
134,0,6,494,1.0,
135,0,6,494,1.0,
136,0,5,495,1.0,
137,0,4,496,1.0,
138,0,4,496,1.0,
139,0,4,496,1.0,
140,0,4,496,1.0,
141,0,4,496,1.0,
142,0,4,496,1.0,
143,0,4,496,1.0,
144,0,4,496,1.0,
145,0,4,496,1.0,
146,0,4,496,1.0,
147,0,3,497,1.0,
148,0,3,497,1.0,
149,0,3,497,1.0,
150,0,3,497,1.0,
151,0,3,497,1.0,
152,0,3,497,1.0,
153,0,3,497,1.0,
154,0,2,498,1.0,
155,0,1,499,1.0,
156,0,1,499,1.0,
157,0,1,499,1.0,
158,0,1,499,1.0,
159,0,1,499,1.0,
160,0,1,499,1.0,
161,0,1,499,1.0,
162,0,1,499,1.0,
163,0,0,500,1.0,
164,0,0,500,1.0,
165,0,0,500,1.0,
166,0,0,500,1.0,
167,0,0,500,1.0,
168,0,0,500,1.0,
169,0,0,500,1.0,
170,0,0,500,1.0,
171,0,0,500,1.0,
172,0,0,500,1.0,
173,0,0,500,1.0,
174,0,0,500,1.0,
175,0,0,500,1.0,
176,0,0,500,1.0,
177,0,0,500,1.0,
178,0,0,500,1.0,
179,0,0,500,1.0,
180,0,0,500,1.0,
181,0,0,500,1.0,
182,0,0,500,1.0,
183,0,0,500,1.0,
184,0,0,500,1.0,
185,0,0,500,1.0,
186,0,0,500,1.0,
187,0,0,500,1.0,
188,0,0,500,1.0,
189,0,0,500,1.0,
190,0,0,500,1.0,
191,0,0,500,1.0,
192,0,0,500,1.0,
193,0,0,500,1.0,
194,0,0,500,1.0,
195,0,0,500,1.0,
196,0,0,500,1.0,
197,0,0,500,1.0,
198,0,0,500,1.0,
199,0,0,500,1.0,
200,0,0,500,1.0,
1,498,2,0,0.9981818181818182,1.0
2,497,3,0,0.995,0.998409145872062
3,494,6,0,0.9891818181818182,0.9954575932987281
4,488,10,2,0.9838181818181818,0.9926676382794412
5,480,18,2,0.9651818181818181,0.9829403143159703
6,461,37,2,0.9314545454545454,0.9640782155266883
7,424,72,4,0.8769090909090909,0.9288369069509672
8,380,115,5,0.8278181818181818,0.8880473808122027
9,325,164,11,0.8103636363636364,0.855193530090444
10,277,207,16,0.7933636363636364,0.814243401544267
11,221,252,27,0.7942727272727272,0.7677973495271495
12,163,296,41,0.8424545454545455,0.7584935959012639
13,106,341,53,0.8958181818181818,0.7532823013531856
14,53,371,76,0.9569090909090909,0.7948880641157998
15,24,378,98,0.981909090909091,0.8107413034726131
16,14,372,114,0.9894545454545455,0.8089053204750737
17,5,371,124,0.9971818181818182,0.8589091914969503
18,3,354,143,0.998,0.8374144068854568
19,2,347,151,0.9986363636363637,0.832319032095521
20,0,330,170,1.0,
21,0,318,182,1.0,
22,0,307,193,1.0,
23,0,297,203,1.0,
24,0,283,217,1.0,
25,0,275,225,1.0,
26,0,268,232,1.0,
27,0,265,235,1.0,
28,0,257,243,1.0,
29,0,249,251,1.0,
30,0,239,261,1.0,
31,0,229,271,1.0,
32,0,220,280,1.0,
33,0,213,287,1.0,
34,0,204,296,1.0,
35,0,198,302,1.0,
36,0,195,305,1.0,
37,0,183,317,1.0,
38,0,180,320,1.0,
39,0,176,324,1.0,
40,0,168,332,1.0,
41,0,161,339,1.0,
42,0,154,346,1.0,
43,0,144,356,1.0,
44,0,139,361,1.0,
45,0,132,368,1.0,
46,0,125,375,1.0,
47,0,124,376,1.0,
48,0,123,377,1.0,
49,0,120,380,1.0,
50,0,117,383,1.0,
51,0,106,394,1.0,
52,0,103,397,1.0,
53,0,99,401,1.0,
54,0,95,405,1.0,
55,0,92,408,1.0,
56,0,86,414,1.0,
57,0,84,416,1.0,
58,0,83,417,1.0,
59,0,81,419,1.0,
60,0,80,420,1.0,
61,0,77,423,1.0,
62,0,76,424,1.0,
63,0,73,427,1.0,
64,0,72,428,1.0,
65,0,69,431,1.0,
66,0,67,433,1.0,
67,0,63,437,1.0,
68,0,62,438,1.0,
69,0,61,439,1.0,
70,0,59,441,1.0,
71,0,57,443,1.0,
72,0,55,445,1.0,
73,0,55,445,1.0,
74,0,52,448,1.0,
75,0,51,449,1.0,
76,0,51,449,1.0,
77,0,48,452,1.0,
78,0,47,453,1.0,
79,0,45,455,1.0,
80,0,43,457,1.0,
81,0,43,457,1.0,
82,0,41,459,1.0,
83,0,38,462,1.0,
84,0,36,464,1.0,
85,0,33,467,1.0,
86,0,32,468,1.0,
87,0,32,468,1.0,
88,0,30,470,1.0,
89,0,29,471,1.0,
90,0,28,472,1.0,
91,0,28,472,1.0,
92,0,27,473,1.0,
93,0,27,473,1.0,
94,0,25,475,1.0,
95,0,24,476,1.0,
96,0,23,477,1.0,
97,0,21,479,1.0,
98,0,21,479,1.0,
99,0,20,480,1.0,
100,0,18,482,1.0,
101,0,17,483,1.0,
102,0,16,484,1.0,
103,0,16,484,1.0,
104,0,15,485,1.0,
105,0,15,485,1.0,
106,0,15,485,1.0,
107,0,14,486,1.0,
108,0,14,486,1.0,
109,0,14,486,1.0,
110,0,12,488,1.0,
111,0,11,489,1.0,
112,0,11,489,1.0,
113,0,11,489,1.0,
114,0,11,489,1.0,
115,0,10,490,1.0,
116,0,9,491,1.0,
117,0,9,491,1.0,
118,0,9,491,1.0,
119,0,9,491,1.0,
120,0,8,492,1.0,
121,0,8,492,1.0,
122,0,8,492,1.0,
123,0,8,492,1.0,
124,0,5,495,1.0,
125,0,5,495,1.0,
126,0,5,495,1.0,
127,0,5,495,1.0,
128,0,5,495,1.0,
129,0,5,495,1.0,
130,0,5,495,1.0,
131,0,4,496,1.0,
132,0,4,496,1.0,
133,0,4,496,1.0,
134,0,4,496,1.0,
135,0,4,496,1.0,
136,0,4,496,1.0,
137,0,4,496,1.0,
138,0,4,496,1.0,
139,0,4,496,1.0,
140,0,4,496,1.0,
141,0,4,496,1.0,
142,0,4,496,1.0,
143,0,4,496,1.0,
144,0,4,496,1.0,
145,0,4,496,1.0,
146,0,3,497,1.0,
147,0,3,497,1.0,
148,0,3,497,1.0,
149,0,2,498,1.0,
150,0,2,498,1.0,
151,0,2,498,1.0,
152,0,1,499,1.0,
153,0,1,499,1.0,
154,0,1,499,1.0,
155,0,1,499,1.0,
156,0,1,499,1.0,
157,0,1,499,1.0,
158,0,1,499,1.0,
159,0,1,499,1.0,
160,0,1,499,1.0,
161,0,1,499,1.0,
162,0,1,499,1.0,
163,0,1,499,1.0,
164,0,1,499,1.0,
165,0,1,499,1.0,
166,0,1,499,1.0,
167,0,1,499,1.0,
168,0,1,499,1.0,
169,0,1,499,1.0,
170,0,1,499,1.0,
171,0,1,499,1.0,
172,0,1,499,1.0,
173,0,1,499,1.0,
174,0,1,499,1.0,
175,0,1,499,1.0,
176,0,1,499,1.0,
177,0,1,499,1.0,
178,0,1,499,1.0,
179,0,1,499,1.0,
180,0,1,499,1.0,
181,0,1,499,1.0,
182,0,1,499,1.0,
183,0,1,499,1.0,
184,0,1,499,1.0,
185,0,1,499,1.0,
186,0,1,499,1.0,
187,0,1,499,1.0,
188,0,1,499,1.0,
189,0,1,499,1.0,
190,0,1,499,1.0,
191,0,1,499,1.0,
192,0,1,499,1.0,
193,0,1,499,1.0,
194,0,0,500,1.0,
195,0,0,500,1.0,
196,0,0,500,1.0,
197,0,0,500,1.0,
198,0,0,500,1.0,
199,0,0,500,1.0,
200,0,0,500,1.0,
1,497,3,0,0.9940909090909091,1.0
2,493,7,0,0.9904545454545455,0.9981052914824142
3,484,14,2,0.977,0.9909954409529217
4,472,26,2,0.9513636363636364,0.9770057488784265
5,451,46,3,0.9091818181818182,0.9522980072230156
6,419,74,7,0.8491818181818181,0.9125560259359413
7,378,110,12,0.7989090909090909,0.8692068264617243
8,325,156,19,0.7513636363636363,0.8110467092382402
9,265,208,27,0.7515454545454545,0.7682182218048031
10,192,270,38,0.8000909090909091,0.7412241156685717
11,114,336,50,0.8872727272727273,0.7533624815026978
12,56,378,66,0.9659090909090909,0.8487021311512356
13,13,412,75,0.9990909090909091,0.9848914092583312
14,3,408,89,0.9999090909090909,0.9950232786272911
15,0,402,98,1.0,
16,0,383,117,1.0,
17,0,364,136,1.0,
18,0,349,151,1.0,
19,0,339,161,1.0,
20,0,326,174,1.0,
21,0,313,187,1.0,
22,0,298,202,1.0,
23,0,287,213,1.0,
24,0,284,216,1.0,
25,0,275,225,1.0,
26,0,266,234,1.0,
27,0,255,245,1.0,
28,0,245,255,1.0,
29,0,236,264,1.0,
30,0,226,274,1.0,
31,0,219,281,1.0,
32,0,209,291,1.0,
33,0,201,299,1.0,
34,0,195,305,1.0,
35,0,188,312,1.0,
36,0,179,321,1.0,
37,0,171,329,1.0,
38,0,166,334,1.0,
39,0,156,344,1.0,
40,0,148,352,1.0,
41,0,145,355,1.0,
42,0,137,363,1.0,
43,0,129,371,1.0,
44,0,125,375,1.0,
45,0,120,380,1.0,
46,0,115,385,1.0,
47,0,114,386,1.0,
48,0,112,388,1.0,
49,0,109,391,1.0,
50,0,105,395,1.0,
51,0,103,397,1.0,
52,0,97,403,1.0,
53,0,92,408,1.0,
54,0,88,412,1.0,
55,0,87,413,1.0,
56,0,86,414,1.0,
57,0,80,420,1.0,
58,0,78,422,1.0,
59,0,74,426,1.0,
60,0,72,428,1.0,
61,0,69,431,1.0,
62,0,61,439,1.0,
63,0,59,441,1.0,
64,0,58,442,1.0,
65,0,55,445,1.0,
66,0,52,448,1.0,
67,0,52,448,1.0,
68,0,50,450,1.0,
69,0,47,453,1.0,
70,0,47,453,1.0,
71,0,44,456,1.0,
72,0,42,458,1.0,
73,0,41,459,1.0,
74,0,39,461,1.0,
75,0,39,461,1.0,
76,0,38,462,1.0,
77,0,36,464,1.0,
78,0,35,465,1.0,
79,0,31,469,1.0,
80,0,29,471,1.0,
81,0,28,472,1.0,
82,0,28,472,1.0,
83,0,26,474,1.0,
84,0,24,476,1.0,
85,0,24,476,1.0,
86,0,22,478,1.0,
87,0,22,478,1.0,
88,0,22,478,1.0,
89,0,19,481,1.0,
90,0,19,481,1.0,
91,0,19,481,1.0,
92,0,19,481,1.0,
93,0,19,481,1.0,
94,0,19,481,1.0,
95,0,19,481,1.0,
96,0,18,482,1.0,
97,0,16,484,1.0,
98,0,16,484,1.0,
99,0,15,485,1.0,
100,0,15,485,1.0,
101,0,14,486,1.0,
102,0,14,486,1.0,
103,0,13,487,1.0,
104,0,12,488,1.0,
105,0,12,488,1.0,
106,0,12,488,1.0,
107,0,11,489,1.0,
108,0,11,489,1.0,
109,0,9,491,1.0,
110,0,7,493,1.0,
111,0,6,494,1.0,
112,0,6,494,1.0,
113,0,5,495,1.0,
114,0,5,495,1.0,
115,0,5,495,1.0,
116,0,5,495,1.0,
117,0,5,495,1.0,
118,0,5,495,1.0,
119,0,5,495,1.0,
120,0,5,495,1.0,
121,0,5,495,1.0,
122,0,5,495,1.0,
123,0,5,495,1.0,
124,0,5,495,1.0,
125,0,5,495,1.0,
126,0,5,495,1.0,
127,0,5,495,1.0,
128,0,4,496,1.0,
129,0,4,496,1.0,
130,0,4,496,1.0,
131,0,4,496,1.0,
132,0,3,497,1.0,
133,0,3,497,1.0,
134,0,3,497,1.0,
135,0,2,498,1.0,
136,0,2,498,1.0,
137,0,2,498,1.0,
138,0,2,498,1.0,
139,0,2,498,1.0,
140,0,2,498,1.0,
141,0,2,498,1.0,
142,0,2,498,1.0,
143,0,2,498,1.0,
144,0,2,498,1.0,
145,0,2,498,1.0,
146,0,2,498,1.0,
147,0,2,498,1.0,
148,0,2,498,1.0,
149,0,1,499,1.0,
150,0,1,499,1.0,
151,0,1,499,1.0,
152,0,1,499,1.0,
153,0,1,499,1.0,
154,0,1,499,1.0,
155,0,1,499,1.0,
156,0,1,499,1.0,
157,0,1,499,1.0,
158,0,1,499,1.0,
159,0,1,499,1.0,
160,0,1,499,1.0,
161,0,1,499,1.0,
162,0,1,499,1.0,
163,0,1,499,1.0,
164,0,1,499,1.0,
165,0,1,499,1.0,
166,0,1,499,1.0,
167,0,1,499,1.0,
168,0,1,499,1.0,
169,0,1,499,1.0,
170,0,1,499,1.0,
171,0,1,499,1.0,
172,0,1,499,1.0,
173,0,1,499,1.0,
174,0,1,499,1.0,
175,0,1,499,1.0,
176,0,1,499,1.0,
177,0,1,499,1.0,
178,0,1,499,1.0,
179,0,1,499,1.0,
180,0,1,499,1.0,
181,0,1,499,1.0,
182,0,1,499,1.0,
183,0,1,499,1.0,
184,0,1,499,1.0,
185,0,1,499,1.0,
186,0,0,500,1.0,
187,0,0,500,1.0,
188,0,0,500,1.0,
189,0,0,500,1.0,
190,0,0,500,1.0,
191,0,0,500,1.0,
192,0,0,500,1.0,
193,0,0,500,1.0,
194,0,0,500,1.0,
195,0,0,500,1.0,
196,0,0,500,1.0,
197,0,0,500,1.0,
198,0,0,500,1.0,
199,0,0,500,1.0,
200,0,0,500,1.0,
1,497,3,0,0.9949090909090909,1.0
2,495,5,0,0.9916363636363636,0.9983114115273215
3,490,8,2,0.9856363636363636,0.995190577474229
4,484,14,2,0.9735454545454545,0.9888313762170042
5,473,24,3,0.9506363636363636,0.9763245584337675
6,453,42,5,0.9161818181818182,0.9560776799502135
7,423,71,6,0.8618181818181818,0.9206225123615939
8,379,111,10,0.8071818181818182,0.8749426764806778
9,328,151,21,0.8012727272727272,0.8504120411401281
10,273,202,25,0.7910909090909091,0.8103014845022296
11,212,247,41,0.804,0.7703958374237214
12,179,265,56,0.8279090909090909,0.760638268849393
13,138,296,66,0.8486363636363636,0.7269672691003218
14,89,329,82,0.9081818181818182,0.7428005289974685
15,34,374,92,0.9846363636363636,0.8870667743627693
16,13,378,109,0.9963636363636363,0.9303543582255085
17,4,367,129,0.9978181818181818,0.8577093248641026
18,2,359,139,0.9996363636363637,0.9564902641395405
19,0,349,151,1.0,
20,0,339,161,1.0,
21,0,327,173,1.0,
22,0,312,188,1.0,
23,0,303,197,1.0,
24,0,293,207,1.0,
25,0,280,220,1.0,
26,0,271,229,1.0,
27,0,261,239,1.0,
28,0,251,249,1.0,
29,0,240,260,1.0,
30,0,229,271,1.0,
31,0,226,274,1.0,
32,0,219,281,1.0,
33,0,208,292,1.0,
34,0,200,300,1.0,
35,0,192,308,1.0,
36,0,183,317,1.0,
37,0,175,325,1.0,
38,0,166,334,1.0,
39,0,161,339,1.0,
40,0,157,343,1.0,
41,0,154,346,1.0,
42,0,146,354,1.0,
43,0,140,360,1.0,
44,0,134,366,1.0,
45,0,128,372,1.0,
46,0,123,377,1.0,
47,0,121,379,1.0,
48,0,114,386,1.0,
49,0,111,389,1.0,
50,0,108,392,1.0,
51,0,104,396,1.0,
52,0,99,401,1.0,
53,0,97,403,1.0,
54,0,96,404,1.0,
55,0,93,407,1.0,
56,0,90,410,1.0,
57,0,88,412,1.0,
58,0,82,418,1.0,
59,0,80,420,1.0,
60,0,76,424,1.0,
61,0,72,428,1.0,
62,0,68,432,1.0,
63,0,67,433,1.0,
64,0,64,436,1.0,
65,0,63,437,1.0,
66,0,62,438,1.0,
67,0,60,440,1.0,
68,0,58,442,1.0,
69,0,58,442,1.0,
70,0,57,443,1.0,
71,0,57,443,1.0,
72,0,57,443,1.0,
73,0,57,443,1.0,
74,0,53,447,1.0,
75,0,48,452,1.0,
76,0,48,452,1.0,
77,0,45,455,1.0,
78,0,45,455,1.0,
79,0,41,459,1.0,
80,0,37,463,1.0,
81,0,36,464,1.0,
82,0,36,464,1.0,
83,0,36,464,1.0,
84,0,34,466,1.0,
85,0,33,467,1.0,
86,0,32,468,1.0,
87,0,31,469,1.0,
88,0,30,470,1.0,
89,0,30,470,1.0,
90,0,29,471,1.0,
91,0,29,471,1.0,
92,0,28,472,1.0,
93,0,26,474,1.0,
94,0,26,474,1.0,
95,0,25,475,1.0,
96,0,22,478,1.0,
97,0,22,478,1.0,
98,0,22,478,1.0,
99,0,22,478,1.0,
100,0,22,478,1.0,
101,0,20,480,1.0,
102,0,19,481,1.0,
103,0,16,484,1.0,
104,0,16,484,1.0,
105,0,15,485,1.0,
106,0,15,485,1.0,
107,0,15,485,1.0,
108,0,15,485,1.0,
109,0,14,486,1.0,
110,0,12,488,1.0,
111,0,11,489,1.0,
112,0,11,489,1.0,
113,0,11,489,1.0,
114,0,11,489,1.0,
115,0,11,489,1.0,
116,0,9,491,1.0,
117,0,9,491,1.0,
118,0,9,491,1.0,
119,0,8,492,1.0,
120,0,8,492,1.0,
121,0,7,493,1.0,
122,0,7,493,1.0,
123,0,7,493,1.0,
124,0,6,494,1.0,
125,0,6,494,1.0,
126,0,6,494,1.0,
127,0,6,494,1.0,
128,0,6,494,1.0,
129,0,6,494,1.0,
130,0,6,494,1.0,
131,0,6,494,1.0,
132,0,6,494,1.0,
133,0,6,494,1.0,
134,0,6,494,1.0,
135,0,6,494,1.0,
136,0,6,494,1.0,
137,0,5,495,1.0,
138,0,5,495,1.0,
139,0,5,495,1.0,
140,0,4,496,1.0,
141,0,4,496,1.0,
142,0,3,497,1.0,
143,0,3,497,1.0,
144,0,2,498,1.0,
145,0,2,498,1.0,
146,0,2,498,1.0,
147,0,2,498,1.0,
148,0,2,498,1.0,
149,0,2,498,1.0,
150,0,2,498,1.0,
151,0,2,498,1.0,
152,0,2,498,1.0,
153,0,1,499,1.0,
154,0,1,499,1.0,
155,0,1,499,1.0,
156,0,1,499,1.0,
157,0,1,499,1.0,
158,0,1,499,1.0,
159,0,1,499,1.0,
160,0,1,499,1.0,
161,0,1,499,1.0,
162,0,1,499,1.0,
163,0,1,499,1.0,
164,0,1,499,1.0,
165,0,1,499,1.0,
166,0,1,499,1.0,
167,0,1,499,1.0,
168,0,1,499,1.0,
169,0,1,499,1.0,
170,0,1,499,1.0,
171,0,0,500,1.0,
172,0,0,500,1.0,
173,0,0,500,1.0,
174,0,0,500,1.0,
175,0,0,500,1.0,
176,0,0,500,1.0,
177,0,0,500,1.0,
178,0,0,500,1.0,
179,0,0,500,1.0,
180,0,0,500,1.0,
181,0,0,500,1.0,
182,0,0,500,1.0,
183,0,0,500,1.0,
184,0,0,500,1.0,
185,0,0,500,1.0,
186,0,0,500,1.0,
187,0,0,500,1.0,
188,0,0,500,1.0,
189,0,0,500,1.0,
190,0,0,500,1.0,
191,0,0,500,1.0,
192,0,0,500,1.0,
193,0,0,500,1.0,
194,0,0,500,1.0,
195,0,0,500,1.0,
196,0,0,500,1.0,
197,0,0,500,1.0,
198,0,0,500,1.0,
199,0,0,500,1.0,
200,0,0,500,1.0,
1,494,6,0,0.9886363636363636,0.9942678573844664
2,492,8,0,0.9838181818181818,0.9917857750546982
3,484,16,0,0.9683636363636363,0.9836060230581581
4,472,27,1,0.9524545454545454,0.9747204324060277
5,459,39,2,0.9398181818181818,0.9671938663727165
6,432,62,6,0.9119090909090909,0.9490109632033986
7,402,89,9,0.8785454545454545,0.9244462093124025
8,367,117,16,0.8346363636363636,0.8874014035950272
9,322,156,22,0.7781818181818182,0.8279606684803256
10,277,188,35,0.7712727272727272,0.7933414239315565
11,221,241,38,0.783,0.7541559497881095
12,143,309,48,0.8546363636363636,0.7444381152125111
13,79,363,58,0.9343636363636364,0.7898975951838658
14,40,387,73,0.9674545454545455,0.7954330286869004
15,19,394,87,0.9867272727272727,0.8235574170742602
16,7,383,110,0.9964545454545455,0.8711691521600521
17,1,370,129,1.0,1.0
18,0,357,143,1.0,
19,0,343,157,1.0,
20,0,333,167,1.0,
21,0,324,176,1.0,
22,0,315,185,1.0,
23,0,303,197,1.0,
24,0,292,208,1.0,
25,0,282,218,1.0,
26,0,267,233,1.0,
27,0,256,244,1.0,
28,0,246,254,1.0,
29,0,236,264,1.0,
30,0,228,272,1.0,
31,0,220,280,1.0,
32,0,210,290,1.0,
33,0,201,299,1.0,
34,0,192,308,1.0,
35,0,185,315,1.0,
36,0,176,324,1.0,
37,0,169,331,1.0,
38,0,164,336,1.0,
39,0,160,340,1.0,
40,0,154,346,1.0,
41,0,146,354,1.0,
42,0,138,362,1.0,
43,0,134,366,1.0,
44,0,126,374,1.0,
45,0,123,377,1.0,
46,0,119,381,1.0,
47,0,115,385,1.0,
48,0,111,389,1.0,
49,0,107,393,1.0,
50,0,103,397,1.0,
51,0,97,403,1.0,
52,0,90,410,1.0,
53,0,87,413,1.0,
54,0,87,413,1.0,
55,0,83,417,1.0,
56,0,80,420,1.0,
57,0,79,421,1.0,
58,0,73,427,1.0,
59,0,70,430,1.0,
60,0,67,433,1.0,
61,0,64,436,1.0,
62,0,61,439,1.0,
63,0,59,441,1.0,
64,0,57,443,1.0,
65,0,56,444,1.0,
66,0,54,446,1.0,
67,0,51,449,1.0,
68,0,51,449,1.0,
69,0,51,449,1.0,
70,0,50,450,1.0,
71,0,48,452,1.0,
72,0,48,452,1.0,
73,0,48,452,1.0,
74,0,46,454,1.0,
75,0,44,456,1.0,
76,0,44,456,1.0,
77,0,43,457,1.0,
78,0,42,458,1.0,
79,0,42,458,1.0,
80,0,42,458,1.0,
81,0,42,458,1.0,
82,0,40,460,1.0,
83,0,37,463,1.0,
84,0,35,465,1.0,
85,0,31,469,1.0,
86,0,30,470,1.0,
87,0,29,471,1.0,
88,0,27,473,1.0,
89,0,27,473,1.0,
90,0,25,475,1.0,
91,0,23,477,1.0,
92,0,21,479,1.0,
93,0,21,479,1.0,
94,0,21,479,1.0,
95,0,21,479,1.0,
96,0,20,480,1.0,
97,0,20,480,1.0,
98,0,19,481,1.0,
99,0,18,482,1.0,
100,0,18,482,1.0,
101,0,18,482,1.0,
102,0,18,482,1.0,
103,0,17,483,1.0,
104,0,16,484,1.0,
105,0,16,484,1.0,
106,0,16,484,1.0,
107,0,15,485,1.0,
108,0,14,486,1.0,
109,0,14,486,1.0,
110,0,14,486,1.0,
111,0,13,487,1.0,
112,0,12,488,1.0,
113,0,11,489,1.0,
114,0,11,489,1.0,
115,0,10,490,1.0,
116,0,10,490,1.0,
117,0,10,490,1.0,
118,0,9,491,1.0,
119,0,8,492,1.0,
120,0,8,492,1.0,
121,0,6,494,1.0,
122,0,6,494,1.0,
123,0,6,494,1.0,
124,0,5,495,1.0,
125,0,4,496,1.0,
126,0,4,496,1.0,
127,0,4,496,1.0,
128,0,4,496,1.0,
129,0,4,496,1.0,
130,0,4,496,1.0,
131,0,4,496,1.0,
132,0,3,497,1.0,
133,0,3,497,1.0,
134,0,3,497,1.0,
135,0,3,497,1.0,
136,0,3,497,1.0,
137,0,3,497,1.0,
138,0,3,497,1.0,
139,0,2,498,1.0,
140,0,2,498,1.0,
141,0,2,498,1.0,
142,0,2,498,1.0,
143,0,1,499,1.0,
144,0,1,499,1.0,
145,0,1,499,1.0,
146,0,1,499,1.0,
147,0,1,499,1.0,
148,0,1,499,1.0,
149,0,1,499,1.0,
150,0,1,499,1.0,
151,0,1,499,1.0,
152,0,1,499,1.0,
153,0,1,499,1.0,
154,0,0,500,1.0,
155,0,0,500,1.0,
156,0,0,500,1.0,
157,0,0,500,1.0,
158,0,0,500,1.0,
159,0,0,500,1.0,
160,0,0,500,1.0,
161,0,0,500,1.0,
162,0,0,500,1.0,
163,0,0,500,1.0,
164,0,0,500,1.0,
165,0,0,500,1.0,
166,0,0,500,1.0,
167,0,0,500,1.0,
168,0,0,500,1.0,
169,0,0,500,1.0,
170,0,0,500,1.0,
171,0,0,500,1.0,
172,0,0,500,1.0,
173,0,0,500,1.0,
174,0,0,500,1.0,
175,0,0,500,1.0,
176,0,0,500,1.0,
177,0,0,500,1.0,
178,0,0,500,1.0,
179,0,0,500,1.0,
180,0,0,500,1.0,
181,0,0,500,1.0,
182,0,0,500,1.0,
183,0,0,500,1.0,
184,0,0,500,1.0,
185,0,0,500,1.0,
186,0,0,500,1.0,
187,0,0,500,1.0,
188,0,0,500,1.0,
189,0,0,500,1.0,
190,0,0,500,1.0,
191,0,0,500,1.0,
192,0,0,500,1.0,
193,0,0,500,1.0,
194,0,0,500,1.0,
195,0,0,500,1.0,
196,0,0,500,1.0,
197,0,0,500,1.0,
198,0,0,500,1.0,
199,0,0,500,1.0,
200,0,0,500,1.0,
1,497,2,1,0.9970909090909091,1.0
2,495,4,1,0.9930909090909091,0.9979855701691767
3,489,9,2,0.9844545454545455,0.9935426470325667
4,484,13,3,0.9745454545454545,0.9883185093645402
5,470,26,4,0.9469090909090909,0.9732414760769286
6,449,46,5,0.9123636363636364,0.9526698245632368
7,431,62,7,0.89,0.9376639903336966
8,398,91,11,0.8670909090909091,0.9178838538555538
9,373,113,14,0.8393636363636363,0.8934682174874111
10,333,148,19,0.817,0.8633271896672091
11,278,195,27,0.8078181818181818,0.8277263558620355
12,232,229,39,0.8270909090909091,0.8142139424681735
13,178,266,56,0.8325454545454546,0.7648106844752719
14,140,294,66,0.8521818181818182,0.7354751098892629
15,93,331,76,0.9,0.7305629519736009
16,48,362,90,0.9549090909090909,0.7634285332792085
17,22,366,112,0.9858181818181818,0.8366971961393753
18,5,365,130,0.9968181818181818,0.8341509802958289
19,0,362,138,1.0,
20,0,344,156,1.0,
21,0,336,164,1.0,
22,0,326,174,1.0,
23,0,316,184,1.0,
24,0,304,196,1.0,
25,0,288,212,1.0,
26,0,277,223,1.0,
27,0,265,235,1.0,
28,0,251,249,1.0,
29,0,236,264,1.0,
30,0,222,278,1.0,
31,0,215,285,1.0,
32,0,210,290,1.0,
33,0,204,296,1.0,
34,0,200,300,1.0,
35,0,193,307,1.0,
36,0,187,313,1.0,
37,0,181,319,1.0,
38,0,176,324,1.0,
39,0,167,333,1.0,
40,0,164,336,1.0,
41,0,159,341,1.0,
42,0,152,348,1.0,
43,0,145,355,1.0,
44,0,137,363,1.0,
45,0,134,366,1.0,
46,0,131,369,1.0,
47,0,126,374,1.0,
48,0,120,380,1.0,
49,0,117,383,1.0,
50,0,115,385,1.0,
51,0,108,392,1.0,
52,0,104,396,1.0,
53,0,101,399,1.0,
54,0,97,403,1.0,
55,0,94,406,1.0,
56,0,90,410,1.0,
57,0,85,415,1.0,
58,0,83,417,1.0,
59,0,79,421,1.0,
60,0,76,424,1.0,
61,0,76,424,1.0,
62,0,73,427,1.0,
63,0,69,431,1.0,
64,0,69,431,1.0,
65,0,66,434,1.0,
66,0,63,437,1.0,
67,0,60,440,1.0,
68,0,56,444,1.0,
69,0,55,445,1.0,
70,0,53,447,1.0,
71,0,50,450,1.0,
72,0,46,454,1.0,
73,0,44,456,1.0,
74,0,41,459,1.0,
75,0,41,459,1.0,
76,0,39,461,1.0,
77,0,39,461,1.0,
78,0,38,462,1.0,
79,0,36,464,1.0,
80,0,36,464,1.0,
81,0,33,467,1.0,
82,0,33,467,1.0,
83,0,33,467,1.0,
84,0,31,469,1.0,
85,0,28,472,1.0,
86,0,27,473,1.0,
87,0,26,474,1.0,
88,0,24,476,1.0,
89,0,24,476,1.0,
90,0,23,477,1.0,
91,0,22,478,1.0,
92,0,20,480,1.0,
93,0,19,481,1.0,
94,0,18,482,1.0,
95,0,18,482,1.0,
96,0,18,482,1.0,
97,0,17,483,1.0,
98,0,16,484,1.0,
99,0,15,485,1.0,
100,0,15,485,1.0,
101,0,14,486,1.0,
102,0,14,486,1.0,
103,0,13,487,1.0,
104,0,12,488,1.0,
105,0,12,488,1.0,
106,0,12,488,1.0,
107,0,12,488,1.0,
108,0,12,488,1.0,
109,0,10,490,1.0,
110,0,9,491,1.0,
111,0,9,491,1.0,
112,0,9,491,1.0,
113,0,9,491,1.0,
114,0,9,491,1.0,
115,0,9,491,1.0,
116,0,8,492,1.0,
117,0,8,492,1.0,
118,0,8,492,1.0,
119,0,8,492,1.0,
120,0,7,493,1.0,
121,0,7,493,1.0,
122,0,7,493,1.0,
123,0,7,493,1.0,
124,0,5,495,1.0,
125,0,3,497,1.0,
126,0,2,498,1.0,
127,0,2,498,1.0,
128,0,2,498,1.0,
129,0,2,498,1.0,
130,0,2,498,1.0,
131,0,2,498,1.0,
132,0,1,499,1.0,
133,0,1,499,1.0,
134,0,1,499,1.0,
135,0,1,499,1.0,
136,0,1,499,1.0,
137,0,1,499,1.0,
138,0,1,499,1.0,
139,0,1,499,1.0,
140,0,1,499,1.0,
141,0,0,500,1.0,
142,0,0,500,1.0,
143,0,0,500,1.0,
144,0,0,500,1.0,
145,0,0,500,1.0,
146,0,0,500,1.0,
147,0,0,500,1.0,
148,0,0,500,1.0,
149,0,0,500,1.0,
150,0,0,500,1.0,
151,0,0,500,1.0,
152,0,0,500,1.0,
153,0,0,500,1.0,
154,0,0,500,1.0,
155,0,0,500,1.0,
156,0,0,500,1.0,
157,0,0,500,1.0,
158,0,0,500,1.0,
159,0,0,500,1.0,
160,0,0,500,1.0,
161,0,0,500,1.0,
162,0,0,500,1.0,
163,0,0,500,1.0,
164,0,0,500,1.0,
165,0,0,500,1.0,
166,0,0,500,1.0,
167,0,0,500,1.0,
168,0,0,500,1.0,
169,0,0,500,1.0,
170,0,0,500,1.0,
171,0,0,500,1.0,
172,0,0,500,1.0,
173,0,0,500,1.0,
174,0,0,500,1.0,
175,0,0,500,1.0,
176,0,0,500,1.0,
177,0,0,500,1.0,
178,0,0,500,1.0,
179,0,0,500,1.0,
180,0,0,500,1.0,
181,0,0,500,1.0,
182,0,0,500,1.0,
183,0,0,500,1.0,
184,0,0,500,1.0,
185,0,0,500,1.0,
186,0,0,500,1.0,
187,0,0,500,1.0,
188,0,0,500,1.0,
189,0,0,500,1.0,
190,0,0,500,1.0,
191,0,0,500,1.0,
192,0,0,500,1.0,
193,0,0,500,1.0,
194,0,0,500,1.0,
195,0,0,500,1.0,
196,0,0,500,1.0,
197,0,0,500,1.0,
198,0,0,500,1.0,
199,0,0,500,1.0,
200,0,0,500,1.0,
1,497,3,0,0.9958181818181818,1.0
2,491,9,0,0.9845454545454545,0.9942166119014271
3,489,11,0,0.9781818181818182,0.9909198720072447
4,471,28,1,0.943,0.9717597643077575
5,450,47,3,0.9014545454545455,0.9471747139112058
6,423,71,6,0.8557272727272728,0.9165552108745759
7,392,101,7,0.8200909090909091,0.8870103900253313
8,338,145,17,0.7806363636363637,0.8398134851424556
9,277,200,23,0.7821818181818182,0.8053879576134755
10,221,245,34,0.7964545454545454,0.771973478557239
11,154,304,42,0.8438181818181818,0.7482437494325916
12,95,351,54,0.9070909090909091,0.7565918289078268
13,48,377,75,0.964,0.814462021712904
14,20,393,87,0.9922727272727273,0.903891974236959
15,4,390,106,0.9983636363636363,0.8986450658926308
16,1,380,119,0.9997272727272727,0.9338027577997245
17,0,364,136,1.0,
18,0,352,148,1.0,
19,0,339,161,1.0,
20,0,323,177,1.0,
21,0,307,193,1.0,
22,0,299,201,1.0,
23,0,292,208,1.0,
24,0,284,216,1.0,
25,0,268,232,1.0,
26,0,259,241,1.0,
27,0,251,249,1.0,
28,0,242,258,1.0,
29,0,235,265,1.0,
30,0,226,274,1.0,
31,0,217,283,1.0,
32,0,211,289,1.0,
33,0,204,296,1.0,
34,0,196,304,1.0,
35,0,183,317,1.0,
36,0,174,326,1.0,
37,0,167,333,1.0,
38,0,159,341,1.0,
39,0,150,350,1.0,
40,0,145,355,1.0,
41,0,136,364,1.0,
42,0,129,371,1.0,
43,0,128,372,1.0,
44,0,121,379,1.0,
45,0,116,384,1.0,
46,0,109,391,1.0,
47,0,106,394,1.0,
48,0,102,398,1.0,
49,0,99,401,1.0,
50,0,96,404,1.0,
51,0,92,408,1.0,
52,0,84,416,1.0,
53,0,83,417,1.0,
54,0,76,424,1.0,
55,0,71,429,1.0,
56,0,69,431,1.0,
57,0,65,435,1.0,
58,0,58,442,1.0,
59,0,56,444,1.0,
60,0,55,445,1.0,
61,0,51,449,1.0,
62,0,49,451,1.0,
63,0,48,452,1.0,
64,0,43,457,1.0,
65,0,40,460,1.0,
66,0,39,461,1.0,
67,0,38,462,1.0,
68,0,36,464,1.0,
69,0,35,465,1.0,
70,0,33,467,1.0,
71,0,29,471,1.0,
72,0,29,471,1.0,
73,0,28,472,1.0,
74,0,25,475,1.0,
75,0,24,476,1.0,
76,0,23,477,1.0,
77,0,22,478,1.0,
78,0,22,478,1.0,
79,0,20,480,1.0,
80,0,20,480,1.0,
81,0,20,480,1.0,
82,0,19,481,1.0,
83,0,19,481,1.0,
84,0,17,483,1.0,
85,0,16,484,1.0,
86,0,15,485,1.0,
87,0,15,485,1.0,
88,0,14,486,1.0,
89,0,13,487,1.0,
90,0,13,487,1.0,
91,0,13,487,1.0,
92,0,13,487,1.0,
93,0,12,488,1.0,
94,0,12,488,1.0,
95,0,11,489,1.0,
96,0,10,490,1.0,
97,0,9,491,1.0,
98,0,9,491,1.0,
99,0,8,492,1.0,
100,0,7,493,1.0,
101,0,7,493,1.0,
102,0,7,493,1.0,
103,0,7,493,1.0,
104,0,7,493,1.0,
105,0,7,493,1.0,
106,0,7,493,1.0,
107,0,7,493,1.0,
108,0,7,493,1.0,
109,0,6,494,1.0,
110,0,6,494,1.0,
111,0,6,494,1.0,
112,0,6,494,1.0,
113,0,6,494,1.0,
114,0,6,494,1.0,
115,0,5,495,1.0,
116,0,5,495,1.0,
117,0,4,496,1.0,
118,0,4,496,1.0,
119,0,4,496,1.0,
120,0,3,497,1.0,
121,0,3,497,1.0,
122,0,3,497,1.0,
123,0,3,497,1.0,
124,0,3,497,1.0,
125,0,1,499,1.0,
126,0,1,499,1.0,
127,0,1,499,1.0,
128,0,1,499,1.0,
129,0,1,499,1.0,
130,0,1,499,1.0,
131,0,1,499,1.0,
132,0,1,499,1.0,
133,0,1,499,1.0,
134,0,1,499,1.0,
135,0,1,499,1.0,
136,0,1,499,1.0,
137,0,1,499,1.0,
138,0,1,499,1.0,
139,0,1,499,1.0,
140,0,1,499,1.0,
141,0,1,499,1.0,
142,0,1,499,1.0,
143,0,1,499,1.0,
144,0,1,499,1.0,
145,0,1,499,1.0,
146,0,1,499,1.0,
147,0,1,499,1.0,
148,0,1,499,1.0,
149,0,1,499,1.0,
150,0,1,499,1.0,
151,0,1,499,1.0,
152,0,1,499,1.0,
153,0,1,499,1.0,
154,0,1,499,1.0,
155,0,1,499,1.0,
156,0,1,499,1.0,
157,0,1,499,1.0,
158,0,1,499,1.0,
159,0,0,500,1.0,
160,0,0,500,1.0,
161,0,0,500,1.0,
162,0,0,500,1.0,
163,0,0,500,1.0,
164,0,0,500,1.0,
165,0,0,500,1.0,
166,0,0,500,1.0,
167,0,0,500,1.0,
168,0,0,500,1.0,
169,0,0,500,1.0,
170,0,0,500,1.0,
171,0,0,500,1.0,
172,0,0,500,1.0,
173,0,0,500,1.0,
174,0,0,500,1.0,
175,0,0,500,1.0,
176,0,0,500,1.0,
177,0,0,500,1.0,
178,0,0,500,1.0,
179,0,0,500,1.0,
180,0,0,500,1.0,
181,0,0,500,1.0,
182,0,0,500,1.0,
183,0,0,500,1.0,
184,0,0,500,1.0,
185,0,0,500,1.0,
186,0,0,500,1.0,
187,0,0,500,1.0,
188,0,0,500,1.0,
189,0,0,500,1.0,
190,0,0,500,1.0,
191,0,0,500,1.0,
192,0,0,500,1.0,
193,0,0,500,1.0,
194,0,0,500,1.0,
195,0,0,500,1.0,
196,0,0,500,1.0,
197,0,0,500,1.0,
198,0,0,500,1.0,
199,0,0,500,1.0,
200,0,0,500,1.0,
1,499,1,0,1.0,1.0
2,498,2,0,0.9999090909090909,0.9999533015784067
3,492,8,0,0.985,0.9923303463605234
4,483,17,0,0.964,0.9812294538040052
5,475,25,0,0.9489090909090909,0.9729219540805683
6,458,38,4,0.926,0.9593397050537207
7,434,60,6,0.8994545454545455,0.9417930831592677
8,398,91,11,0.8561818181818182,0.909650263725541
9,355,131,14,0.8146363636363636,0.8695134182701656
10,314,166,20,0.7821818181818182,0.8263151011573008
11,255,220,25,0.7554545454545455,0.7603200161240239
12,192,274,34,0.8014545454545454,0.740939801488555
13,115,336,49,0.8947272727272727,0.7697791980333903
14,59,377,64,0.9582727272727273,0.8217310829474239
15,23,394,83,0.9871818181818182,0.8593475534038177
16,9,391,100,0.9960909090909091,0.8883473850423302
17,1,379,120,0.9998181818181818,0.9523809523809523
18,0,369,131,1.0,
19,0,353,147,1.0,
20,0,337,163,1.0,
21,0,330,170,1.0,
22,0,316,184,1.0,
23,0,301,199,1.0,
24,0,289,211,1.0,
25,0,280,220,1.0,
26,0,273,227,1.0,
27,0,260,240,1.0,
28,0,252,248,1.0,
29,0,240,260,1.0,
30,0,229,271,1.0,
31,0,219,281,1.0,
32,0,206,294,1.0,
33,0,197,303,1.0,
34,0,192,308,1.0,
35,0,186,314,1.0,
36,0,177,323,1.0,
37,0,170,330,1.0,
38,0,164,336,1.0,
39,0,160,340,1.0,
40,0,152,348,1.0,
41,0,146,354,1.0,
42,0,139,361,1.0,
43,0,136,364,1.0,
44,0,129,371,1.0,
45,0,125,375,1.0,
46,0,119,381,1.0,
47,0,115,385,1.0,
48,0,113,387,1.0,
49,0,108,392,1.0,
50,0,106,394,1.0,
51,0,102,398,1.0,
52,0,101,399,1.0,
53,0,98,402,1.0,
54,0,93,407,1.0,
55,0,90,410,1.0,
56,0,80,420,1.0,
57,0,79,421,1.0,
58,0,73,427,1.0,
59,0,71,429,1.0,
60,0,66,434,1.0,
61,0,63,437,1.0,
62,0,59,441,1.0,
63,0,56,444,1.0,
64,0,54,446,1.0,
65,0,52,448,1.0,
66,0,49,451,1.0,
67,0,48,452,1.0,
68,0,48,452,1.0,
69,0,46,454,1.0,
70,0,43,457,1.0,
71,0,40,460,1.0,
72,0,38,462,1.0,
73,0,34,466,1.0,
74,0,33,467,1.0,
75,0,30,470,1.0,
76,0,30,470,1.0,
77,0,28,472,1.0,
78,0,28,472,1.0,
79,0,28,472,1.0,
80,0,28,472,1.0,
81,0,28,472,1.0,
82,0,27,473,1.0,
83,0,26,474,1.0,
84,0,24,476,1.0,
85,0,24,476,1.0,
86,0,21,479,1.0,
87,0,21,479,1.0,
88,0,18,482,1.0,
89,0,17,483,1.0,
90,0,16,484,1.0,
91,0,16,484,1.0,
92,0,16,484,1.0,
93,0,15,485,1.0,
94,0,15,485,1.0,
95,0,14,486,1.0,
96,0,13,487,1.0,
97,0,13,487,1.0,
98,0,12,488,1.0,
99,0,12,488,1.0,
100,0,11,489,1.0,
101,0,10,490,1.0,
102,0,9,491,1.0,
103,0,7,493,1.0,
104,0,6,494,1.0,
105,0,6,494,1.0,
106,0,6,494,1.0,
107,0,5,495,1.0,
108,0,5,495,1.0,
109,0,4,496,1.0,
110,0,4,496,1.0,
111,0,3,497,1.0,
112,0,2,498,1.0,
113,0,2,498,1.0,
114,0,2,498,1.0,
115,0,2,498,1.0,
116,0,2,498,1.0,
117,0,2,498,1.0,
118,0,1,499,1.0,
119,0,1,499,1.0,
120,0,1,499,1.0,
121,0,0,500,1.0,
122,0,0,500,1.0,
123,0,0,500,1.0,
124,0,0,500,1.0,
125,0,0,500,1.0,
126,0,0,500,1.0,
127,0,0,500,1.0,
128,0,0,500,1.0,
129,0,0,500,1.0,
130,0,0,500,1.0,
131,0,0,500,1.0,
132,0,0,500,1.0,
133,0,0,500,1.0,
134,0,0,500,1.0,
135,0,0,500,1.0,
136,0,0,500,1.0,
137,0,0,500,1.0,
138,0,0,500,1.0,
139,0,0,500,1.0,
140,0,0,500,1.0,
141,0,0,500,1.0,
142,0,0,500,1.0,
143,0,0,500,1.0,
144,0,0,500,1.0,
145,0,0,500,1.0,
146,0,0,500,1.0,
147,0,0,500,1.0,
148,0,0,500,1.0,
149,0,0,500,1.0,
150,0,0,500,1.0,
151,0,0,500,1.0,
152,0,0,500,1.0,
153,0,0,500,1.0,
154,0,0,500,1.0,
155,0,0,500,1.0,
156,0,0,500,1.0,
157,0,0,500,1.0,
158,0,0,500,1.0,
159,0,0,500,1.0,
160,0,0,500,1.0,
161,0,0,500,1.0,
162,0,0,500,1.0,
163,0,0,500,1.0,
164,0,0,500,1.0,
165,0,0,500,1.0,
166,0,0,500,1.0,
167,0,0,500,1.0,
168,0,0,500,1.0,
169,0,0,500,1.0,
170,0,0,500,1.0,
171,0,0,500,1.0,
172,0,0,500,1.0,
173,0,0,500,1.0,
174,0,0,500,1.0,
175,0,0,500,1.0,
176,0,0,500,1.0,
177,0,0,500,1.0,
178,0,0,500,1.0,
179,0,0,500,1.0,
180,0,0,500,1.0,
181,0,0,500,1.0,
182,0,0,500,1.0,
183,0,0,500,1.0,
184,0,0,500,1.0,
185,0,0,500,1.0,
186,0,0,500,1.0,
187,0,0,500,1.0,
188,0,0,500,1.0,
189,0,0,500,1.0,
190,0,0,500,1.0,
191,0,0,500,1.0,
192,0,0,500,1.0,
193,0,0,500,1.0,
194,0,0,500,1.0,
195,0,0,500,1.0,
196,0,0,500,1.0,
197,0,0,500,1.0,
198,0,0,500,1.0,
199,0,0,500,1.0,
200,0,0,500,1.0,
1,499,1,0,1.0,1.0
2,498,2,0,0.9971818181818182,0.998587974056892
3,497,3,0,0.9941818181818182,0.9970777989622145
4,492,8,0,0.9865454545454545,0.993144625803949
5,479,20,1,0.9624545454545455,0.9803736568733683
6,465,33,2,0.9353636363636364,0.9652576595303675
7,434,63,3,0.8765454545454545,0.9289819179470725
8,401,87,12,0.8294545454545454,0.8940366178312579
9,357,124,19,0.7878181818181819,0.8518494422017024
10,301,174,25,0.768090909090909,0.8076858913888926
11,228,234,38,0.7978181818181819,0.7776221218059418
12,163,291,46,0.8483636363636363,0.7657326861868226
13,101,340,59,0.914,0.7849527588845691
14,60,360,80,0.9424545454545454,0.7567209732094469
15,37,367,96,0.9630909090909091,0.7478690793322474
16,19,373,108,0.9855454545454545,0.8059466026234302
17,8,368,124,0.9959090909090909,0.8693370582905466
18,3,357,140,0.9987272727272727,0.8894425987449243
19,2,341,157,0.9990909090909091,0.8820598006644518
20,0,324,176,1.0,
21,0,310,190,1.0,
22,0,291,209,1.0,
23,0,280,220,1.0,
24,0,268,232,1.0,
25,0,256,244,1.0,
26,0,250,250,1.0,
27,0,246,254,1.0,
28,0,235,265,1.0,
29,0,228,272,1.0,
30,0,215,285,1.0,
31,0,208,292,1.0,
32,0,200,300,1.0,
33,0,198,302,1.0,
34,0,187,313,1.0,
35,0,181,319,1.0,
36,0,173,327,1.0,
37,0,164,336,1.0,
38,0,158,342,1.0,
39,0,152,348,1.0,
40,0,146,354,1.0,
41,0,140,360,1.0,
42,0,135,365,1.0,
43,0,131,369,1.0,
44,0,128,372,1.0,
45,0,123,377,1.0,
46,0,118,382,1.0,
47,0,113,387,1.0,
48,0,108,392,1.0,
49,0,103,397,1.0,
50,0,101,399,1.0,
51,0,100,400,1.0,
52,0,97,403,1.0,
53,0,96,404,1.0,
54,0,89,411,1.0,
55,0,84,416,1.0,
56,0,82,418,1.0,
57,0,80,420,1.0,
58,0,78,422,1.0,
59,0,75,425,1.0,
60,0,71,429,1.0,
61,0,69,431,1.0,
62,0,68,432,1.0,
63,0,65,435,1.0,
64,0,64,436,1.0,
65,0,59,441,1.0,
66,0,57,443,1.0,
67,0,55,445,1.0,
68,0,54,446,1.0,
69,0,54,446,1.0,
70,0,51,449,1.0,
71,0,50,450,1.0,
72,0,48,452,1.0,
73,0,47,453,1.0,
74,0,46,454,1.0,
75,0,44,456,1.0,
76,0,43,457,1.0,
77,0,41,459,1.0,
78,0,40,460,1.0,
79,0,37,463,1.0,
80,0,36,464,1.0,
81,0,33,467,1.0,
82,0,32,468,1.0,
83,0,31,469,1.0,
84,0,28,472,1.0,
85,0,28,472,1.0,
86,0,27,473,1.0,
87,0,25,475,1.0,
88,0,25,475,1.0,
89,0,25,475,1.0,
90,0,25,475,1.0,
91,0,23,477,1.0,
92,0,21,479,1.0,
93,0,20,480,1.0,
94,0,19,481,1.0,
95,0,17,483,1.0,
96,0,17,483,1.0,
97,0,15,485,1.0,
98,0,14,486,1.0,
99,0,14,486,1.0,
100,0,14,486,1.0,
101,0,14,486,1.0,
102,0,14,486,1.0,
103,0,13,487,1.0,
104,0,11,489,1.0,
105,0,11,489,1.0,
106,0,11,489,1.0,
107,0,10,490,1.0,
108,0,10,490,1.0,
109,0,8,492,1.0,
110,0,7,493,1.0,
111,0,7,493,1.0,
112,0,6,494,1.0,
113,0,6,494,1.0,
114,0,6,494,1.0,
115,0,6,494,1.0,
116,0,6,494,1.0,
117,0,6,494,1.0,
118,0,6,494,1.0,
119,0,6,494,1.0,
120,0,5,495,1.0,
121,0,5,495,1.0,
122,0,5,495,1.0,
123,0,5,495,1.0,
124,0,5,495,1.0,
125,0,5,495,1.0,
126,0,5,495,1.0,
127,0,5,495,1.0,
128,0,4,496,1.0,
129,0,4,496,1.0,
130,0,4,496,1.0,
131,0,4,496,1.0,
132,0,4,496,1.0,
133,0,3,497,1.0,
134,0,2,498,1.0,
135,0,2,498,1.0,
136,0,2,498,1.0,
137,0,1,499,1.0,
138,0,1,499,1.0,
139,0,1,499,1.0,
140,0,1,499,1.0,
141,0,1,499,1.0,
142,0,1,499,1.0,
143,0,1,499,1.0,
144,0,1,499,1.0,
145,0,1,499,1.0,
146,0,1,499,1.0,
147,0,1,499,1.0,
148,0,1,499,1.0,
149,0,1,499,1.0,
150,0,1,499,1.0,
151,0,1,499,1.0,
152,0,1,499,1.0,
153,0,1,499,1.0,
154,0,1,499,1.0,
155,0,1,499,1.0,
156,0,1,499,1.0,
157,0,1,499,1.0,
158,0,1,499,1.0,
159,0,1,499,1.0,
160,0,1,499,1.0,
161,0,1,499,1.0,
162,0,1,499,1.0,
163,0,1,499,1.0,
164,0,1,499,1.0,
165,0,1,499,1.0,
166,0,1,499,1.0,
167,0,1,499,1.0,
168,0,1,499,1.0,
169,0,1,499,1.0,
170,0,1,499,1.0,
171,0,0,500,1.0,
172,0,0,500,1.0,
173,0,0,500,1.0,
174,0,0,500,1.0,
175,0,0,500,1.0,
176,0,0,500,1.0,
177,0,0,500,1.0,
178,0,0,500,1.0,
179,0,0,500,1.0,
180,0,0,500,1.0,
181,0,0,500,1.0,
182,0,0,500,1.0,
183,0,0,500,1.0,
184,0,0,500,1.0,
185,0,0,500,1.0,
186,0,0,500,1.0,
187,0,0,500,1.0,
188,0,0,500,1.0,
189,0,0,500,1.0,
190,0,0,500,1.0,
191,0,0,500,1.0,
192,0,0,500,1.0,
193,0,0,500,1.0,
194,0,0,500,1.0,
195,0,0,500,1.0,
196,0,0,500,1.0,
197,0,0,500,1.0,
198,0,0,500,1.0,
199,0,0,500,1.0,
200,0,0,500,1.0,
1,498,2,0,0.9984545454545455,1.0
2,496,4,0,0.9936363636363637,0.9975620096072185
3,491,9,0,0.9856363636363636,0.9934463702375993
4,477,23,0,0.9568181818181818,0.9781441179148266
5,455,43,2,0.9080909090909091,0.9502130041234875
6,428,65,7,0.865909090909091,0.9223513435993196
7,391,99,10,0.8055454545454546,0.8762898937065543
8,348,133,19,0.7816363636363637,0.8436695859519292
9,291,184,25,0.749,0.7854370777114139
10,242,217,41,0.7761818181818182,0.7701531284525949
11,183,261,56,0.8107272727272727,0.7434774949225025
12,127,311,62,0.863909090909091,0.7330176723666185
13,72,356,72,0.9393636363636364,0.7894270140040301
14,28,389,83,0.9874545454545455,0.8864799778462314
15,6,401,93,0.9982727272727273,0.9239951960097365
16,1,395,104,0.9997272727272727,0.9275519002513894
17,0,380,120,1.0,
18,0,372,128,1.0,
19,0,348,152,1.0,
20,0,330,170,1.0,
21,0,321,179,1.0,
22,0,312,188,1.0,
23,0,299,201,1.0,
24,0,279,221,1.0,
25,0,269,231,1.0,
26,0,258,242,1.0,
27,0,249,251,1.0,
28,0,236,264,1.0,
29,0,230,270,1.0,
30,0,227,273,1.0,
31,0,218,282,1.0,
32,0,205,295,1.0,
33,0,201,299,1.0,
34,0,195,305,1.0,
35,0,185,315,1.0,
36,0,182,318,1.0,
37,0,176,324,1.0,
38,0,170,330,1.0,
39,0,161,339,1.0,
40,0,151,349,1.0,
41,0,143,357,1.0,
42,0,137,363,1.0,
43,0,133,367,1.0,
44,0,131,369,1.0,
45,0,123,377,1.0,
46,0,116,384,1.0,
47,0,111,389,1.0,
48,0,109,391,1.0,
49,0,106,394,1.0,
50,0,102,398,1.0,
51,0,98,402,1.0,
52,0,95,405,1.0,
53,0,90,410,1.0,
54,0,86,414,1.0,
55,0,82,418,1.0,
56,0,80,420,1.0,
57,0,75,425,1.0,
58,0,71,429,1.0,
59,0,68,432,1.0,
60,0,65,435,1.0,
61,0,60,440,1.0,
62,0,59,441,1.0,
63,0,58,442,1.0,
64,0,57,443,1.0,
65,0,53,447,1.0,
66,0,52,448,1.0,
67,0,49,451,1.0,
68,0,45,455,1.0,
69,0,43,457,1.0,
70,0,40,460,1.0,
71,0,37,463,1.0,
72,0,36,464,1.0,
73,0,35,465,1.0,
74,0,33,467,1.0,
75,0,31,469,1.0,
76,0,30,470,1.0,
77,0,28,472,1.0,
78,0,25,475,1.0,
79,0,24,476,1.0,
80,0,24,476,1.0,
81,0,22,478,1.0,
82,0,21,479,1.0,
83,0,21,479,1.0,
84,0,20,480,1.0,
85,0,18,482,1.0,
86,0,17,483,1.0,
87,0,17,483,1.0,
88,0,17,483,1.0,
89,0,17,483,1.0,
90,0,15,485,1.0,
91,0,15,485,1.0,
92,0,15,485,1.0,
93,0,14,486,1.0,
94,0,12,488,1.0,
95,0,12,488,1.0,
96,0,12,488,1.0,
97,0,12,488,1.0,
98,0,11,489,1.0,
99,0,10,490,1.0,
100,0,10,490,1.0,
101,0,10,490,1.0,
102,0,10,490,1.0,
103,0,10,490,1.0,
104,0,9,491,1.0,
105,0,9,491,1.0,
106,0,9,491,1.0,
107,0,8,492,1.0,
108,0,8,492,1.0,
109,0,8,492,1.0,
110,0,8,492,1.0,
111,0,8,492,1.0,
112,0,8,492,1.0,
113,0,7,493,1.0,
114,0,7,493,1.0,
115,0,7,493,1.0,
116,0,7,493,1.0,
117,0,6,494,1.0,
118,0,6,494,1.0,
119,0,6,494,1.0,
120,0,6,494,1.0,
121,0,5,495,1.0,
122,0,5,495,1.0,
123,0,5,495,1.0,
124,0,5,495,1.0,
125,0,5,495,1.0,
126,0,5,495,1.0,
127,0,4,496,1.0,
128,0,4,496,1.0,
129,0,3,497,1.0,
130,0,3,497,1.0,
131,0,3,497,1.0,
132,0,2,498,1.0,
133,0,2,498,1.0,
134,0,2,498,1.0,
135,0,2,498,1.0,
136,0,2,498,1.0,
137,0,2,498,1.0,
138,0,2,498,1.0,
139,0,2,498,1.0,
140,0,2,498,1.0,
141,0,2,498,1.0,
142,0,2,498,1.0,
143,0,2,498,1.0,
144,0,2,498,1.0,
145,0,2,498,1.0,
146,0,2,498,1.0,
147,0,2,498,1.0,
148,0,2,498,1.0,
149,0,2,498,1.0,
150,0,2,498,1.0,
151,0,2,498,1.0,
152,0,2,498,1.0,
153,0,2,498,1.0,
154,0,2,498,1.0,
155,0,2,498,1.0,
156,0,2,498,1.0,
157,0,2,498,1.0,
158,0,2,498,1.0,
159,0,2,498,1.0,
160,0,2,498,1.0,
161,0,2,498,1.0,
162,0,2,498,1.0,
163,0,2,498,1.0,
164,0,2,498,1.0,
165,0,2,498,1.0,
166,0,1,499,1.0,
167,0,1,499,1.0,
168,0,1,499,1.0,
169,0,1,499,1.0,
170,0,1,499,1.0,
171,0,1,499,1.0,
172,0,1,499,1.0,
173,0,1,499,1.0,
174,0,1,499,1.0,
175,0,1,499,1.0,
176,0,1,499,1.0,
177,0,1,499,1.0,
178,0,1,499,1.0,
179,0,1,499,1.0,
180,0,1,499,1.0,
181,0,1,499,1.0,
182,0,1,499,1.0,
183,0,1,499,1.0,
184,0,1,499,1.0,
185,0,1,499,1.0,
186,0,1,499,1.0,
187,0,1,499,1.0,
188,0,1,499,1.0,
189,0,1,499,1.0,
190,0,1,499,1.0,
191,0,1,499,1.0,
192,0,1,499,1.0,
193,0,1,499,1.0,
194,0,1,499,1.0,
195,0,1,499,1.0,
196,0,1,499,1.0,
197,0,1,499,1.0,
198,0,1,499,1.0,
199,0,1,499,1.0,
200,0,1,499,1.0,
1,497,3,0,0.9951818181818182,1.0
2,495,5,0,0.9927272727272727,0.9987391585672124
3,493,7,0,0.987909090909091,0.99628101694374
4,482,18,0,0.9651818181818181,0.984287111159975
5,468,32,0,0.9438181818181818,0.9723300457033878
6,449,49,2,0.9058181818181819,0.9498442197540632
7,408,86,6,0.8358181818181818,0.9014510874425
8,366,127,7,0.7748181818181819,0.8482041628901074
9,318,170,12,0.7533636363636363,0.8078187771520919
10,268,214,18,0.7508181818181818,0.7687676514468121
11,208,264,28,0.7931818181818182,0.7520647274179927
12,140,321,39,0.8617272727272727,0.7534552221535268
13,84,361,55,0.926,0.7788320308458542
14,40,393,67,0.9689090909090909,0.8031857617007273
15,19,397,84,0.9850909090909091,0.8005665849525162
16,11,386,103,0.9916363636363636,0.8047464338764395
17,3,383,114,0.9984545454545455,0.868994555710897
18,1,370,129,0.9992727272727273,0.8114955401644831
19,0,354,146,1.0,
20,0,340,160,1.0,
21,0,323,177,1.0,
22,0,313,187,1.0,
23,0,298,202,1.0,
24,0,281,219,1.0,
25,0,273,227,1.0,
26,0,251,249,1.0,
27,0,244,256,1.0,
28,0,234,266,1.0,
29,0,227,273,1.0,
30,0,221,279,1.0,
31,0,215,285,1.0,
32,0,209,291,1.0,
33,0,201,299,1.0,
34,0,195,305,1.0,
35,0,188,312,1.0,
36,0,182,318,1.0,
37,0,170,330,1.0,
38,0,162,338,1.0,
39,0,156,344,1.0,
40,0,154,346,1.0,
41,0,148,352,1.0,
42,0,142,358,1.0,
43,0,133,367,1.0,
44,0,131,369,1.0,
45,0,129,371,1.0,
46,0,122,378,1.0,
47,0,120,380,1.0,
48,0,117,383,1.0,
49,0,114,386,1.0,
50,0,110,390,1.0,
51,0,104,396,1.0,
52,0,102,398,1.0,
53,0,99,401,1.0,
54,0,96,404,1.0,
55,0,92,408,1.0,
56,0,82,418,1.0,
57,0,78,422,1.0,
58,0,77,423,1.0,
59,0,73,427,1.0,
60,0,69,431,1.0,
61,0,68,432,1.0,
62,0,66,434,1.0,
63,0,63,437,1.0,
64,0,56,444,1.0,
65,0,56,444,1.0,
66,0,54,446,1.0,
67,0,53,447,1.0,
68,0,49,451,1.0,
69,0,49,451,1.0,
70,0,44,456,1.0,
71,0,40,460,1.0,
72,0,38,462,1.0,
73,0,37,463,1.0,
74,0,35,465,1.0,
75,0,32,468,1.0,
76,0,31,469,1.0,
77,0,29,471,1.0,
78,0,29,471,1.0,
79,0,26,474,1.0,
80,0,22,478,1.0,
81,0,22,478,1.0,
82,0,22,478,1.0,
83,0,22,478,1.0,
84,0,21,479,1.0,
85,0,18,482,1.0,
86,0,16,484,1.0,
87,0,15,485,1.0,
88,0,14,486,1.0,
89,0,14,486,1.0,
90,0,14,486,1.0,
91,0,13,487,1.0,
92,0,13,487,1.0,
93,0,13,487,1.0,
94,0,12,488,1.0,
95,0,12,488,1.0,
96,0,11,489,1.0,
97,0,10,490,1.0,
98,0,10,490,1.0,
99,0,10,490,1.0,
100,0,9,491,1.0,
101,0,9,491,1.0,
102,0,8,492,1.0,
103,0,8,492,1.0,
104,0,7,493,1.0,
105,0,7,493,1.0,
106,0,7,493,1.0,
107,0,7,493,1.0,
108,0,7,493,1.0,
109,0,6,494,1.0,
110,0,6,494,1.0,
111,0,5,495,1.0,
112,0,5,495,1.0,
113,0,5,495,1.0,
114,0,5,495,1.0,
115,0,5,495,1.0,
116,0,5,495,1.0,
117,0,5,495,1.0,
118,0,4,496,1.0,
119,0,3,497,1.0,
120,0,3,497,1.0,
121,0,3,497,1.0,
122,0,3,497,1.0,
123,0,3,497,1.0,
124,0,3,497,1.0,
125,0,3,497,1.0,
126,0,3,497,1.0,
127,0,3,497,1.0,
128,0,2,498,1.0,
129,0,2,498,1.0,
130,0,2,498,1.0,
131,0,2,498,1.0,
132,0,2,498,1.0,
133,0,2,498,1.0,
134,0,2,498,1.0,
135,0,2,498,1.0,
136,0,2,498,1.0,
137,0,2,498,1.0,
138,0,2,498,1.0,
139,0,2,498,1.0,
140,0,1,499,1.0,
141,0,1,499,1.0,
142,0,1,499,1.0,
143,0,1,499,1.0,
144,0,1,499,1.0,
145,0,1,499,1.0,
146,0,1,499,1.0,
147,0,1,499,1.0,
148,0,1,499,1.0,
149,0,1,499,1.0,
150,0,1,499,1.0,
151,0,1,499,1.0,
152,0,1,499,1.0,
153,0,1,499,1.0,
154,0,1,499,1.0,
155,0,1,499,1.0,
156,0,1,499,1.0,
157,0,1,499,1.0,
158,0,1,499,1.0,
159,0,1,499,1.0,
160,0,1,499,1.0,
161,0,1,499,1.0,
162,0,1,499,1.0,
163,0,1,499,1.0,
164,0,1,499,1.0,
165,0,1,499,1.0,
166,0,0,500,1.0,
167,0,0,500,1.0,
168,0,0,500,1.0,
169,0,0,500,1.0,
170,0,0,500,1.0,
171,0,0,500,1.0,
172,0,0,500,1.0,
173,0,0,500,1.0,
174,0,0,500,1.0,
175,0,0,500,1.0,
176,0,0,500,1.0,
177,0,0,500,1.0,
178,0,0,500,1.0,
179,0,0,500,1.0,
180,0,0,500,1.0,
181,0,0,500,1.0,
182,0,0,500,1.0,
183,0,0,500,1.0,
184,0,0,500,1.0,
185,0,0,500,1.0,
186,0,0,500,1.0,
187,0,0,500,1.0,
188,0,0,500,1.0,
189,0,0,500,1.0,
190,0,0,500,1.0,
191,0,0,500,1.0,
192,0,0,500,1.0,
193,0,0,500,1.0,
194,0,0,500,1.0,
195,0,0,500,1.0,
196,0,0,500,1.0,
197,0,0,500,1.0,
198,0,0,500,1.0,
199,0,0,500,1.0,
200,0,0,500,1.0,
1,499,1,0,1.0,1.0
2,495,5,0,0.9932727272727273,0.9966424753597986
3,489,10,1,0.9856363636363636,0.9926665145260035
4,473,23,4,0.9569090909090909,0.9772949775484776
5,446,49,5,0.8982727272727272,0.942961025536587
6,407,86,7,0.8309090909090909,0.8959490585692134
7,373,114,13,0.8073636363636364,0.8707949428679542
8,325,155,20,0.7711818181818182,0.8236995499018858
9,272,201,27,0.773,0.7907405507669945
10,206,255,39,0.8117272727272727,0.769983697337077
11,150,297,53,0.8494545454545455,0.7478152514792736
12,103,330,67,0.897,0.7482042307117187
13,60,356,84,0.9437272727272727,0.7647985908576137
14,27,374,99,0.9785454545454545,0.8014415180744806
15,9,379,112,0.9965454545454545,0.9036748144938236
16,0,377,123,1.0,
17,0,358,142,1.0,
18,0,350,150,1.0,
19,0,331,169,1.0,
20,0,315,185,1.0,
21,0,290,210,1.0,
22,0,276,224,1.0,
23,0,264,236,1.0,
24,0,253,247,1.0,
25,0,243,257,1.0,
26,0,229,271,1.0,
27,0,221,279,1.0,
28,0,208,292,1.0,
29,0,198,302,1.0,
30,0,191,309,1.0,
31,0,185,315,1.0,
32,0,175,325,1.0,
33,0,169,331,1.0,
34,0,160,340,1.0,
35,0,151,349,1.0,
36,0,143,357,1.0,
37,0,136,364,1.0,
38,0,128,372,1.0,
39,0,125,375,1.0,
40,0,123,377,1.0,
41,0,121,379,1.0,
42,0,118,382,1.0,
43,0,114,386,1.0,
44,0,106,394,1.0,
45,0,104,396,1.0,
46,0,97,403,1.0,
47,0,92,408,1.0,
48,0,87,413,1.0,
49,0,85,415,1.0,
50,0,85,415,1.0,
51,0,83,417,1.0,
52,0,79,421,1.0,
53,0,75,425,1.0,
54,0,73,427,1.0,
55,0,69,431,1.0,
56,0,67,433,1.0,
57,0,64,436,1.0,
58,0,63,437,1.0,
59,0,61,439,1.0,
60,0,58,442,1.0,
61,0,55,445,1.0,
62,0,51,449,1.0,
63,0,49,451,1.0,
64,0,48,452,1.0,
65,0,47,453,1.0,
66,0,44,456,1.0,
67,0,43,457,1.0,
68,0,40,460,1.0,
69,0,36,464,1.0,
70,0,32,468,1.0,
71,0,31,469,1.0,
72,0,29,471,1.0,
73,0,27,473,1.0,
74,0,26,474,1.0,
75,0,26,474,1.0,
76,0,25,475,1.0,
77,0,25,475,1.0,
78,0,25,475,1.0,
79,0,25,475,1.0,
80,0,23,477,1.0,
81,0,22,478,1.0,
82,0,20,480,1.0,
83,0,20,480,1.0,
84,0,20,480,1.0,
85,0,19,481,1.0,
86,0,19,481,1.0,
87,0,18,482,1.0,
88,0,18,482,1.0,
89,0,17,483,1.0,
90,0,17,483,1.0,
91,0,16,484,1.0,
92,0,16,484,1.0,
93,0,16,484,1.0,
94,0,15,485,1.0,
95,0,15,485,1.0,
96,0,14,486,1.0,
97,0,14,486,1.0,
98,0,14,486,1.0,
99,0,13,487,1.0,
100,0,13,487,1.0,
101,0,13,487,1.0,
102,0,13,487,1.0,
103,0,13,487,1.0,
104,0,13,487,1.0,
105,0,12,488,1.0,
106,0,11,489,1.0,
107,0,11,489,1.0,
108,0,11,489,1.0,
109,0,11,489,1.0,
110,0,11,489,1.0,
111,0,10,490,1.0,
112,0,10,490,1.0,
113,0,10,490,1.0,
114,0,9,491,1.0,
115,0,8,492,1.0,
116,0,7,493,1.0,
117,0,7,493,1.0,
118,0,7,493,1.0,
119,0,7,493,1.0,
120,0,6,494,1.0,
121,0,6,494,1.0,
122,0,6,494,1.0,
123,0,5,495,1.0,
124,0,5,495,1.0,
125,0,5,495,1.0,
126,0,5,495,1.0,
127,0,4,496,1.0,
128,0,3,497,1.0,
129,0,3,497,1.0,
130,0,3,497,1.0,
131,0,3,497,1.0,
132,0,3,497,1.0,
133,0,3,497,1.0,
134,0,3,497,1.0,
135,0,3,497,1.0,
136,0,3,497,1.0,
137,0,3,497,1.0,
138,0,3,497,1.0,
139,0,2,498,1.0,
140,0,2,498,1.0,
141,0,2,498,1.0,
142,0,2,498,1.0,
143,0,2,498,1.0,
144,0,2,498,1.0,
145,0,2,498,1.0,
146,0,2,498,1.0,
147,0,2,498,1.0,
148,0,2,498,1.0,
149,0,2,498,1.0,
150,0,2,498,1.0,
151,0,2,498,1.0,
152,0,2,498,1.0,
153,0,2,498,1.0,
154,0,2,498,1.0,
155,0,2,498,1.0,
156,0,1,499,1.0,
157,0,1,499,1.0,
158,0,1,499,1.0,
159,0,1,499,1.0,
160,0,1,499,1.0,
161,0,1,499,1.0,
162,0,1,499,1.0,
163,0,1,499,1.0,
164,0,1,499,1.0,
165,0,1,499,1.0,
166,0,1,499,1.0,
167,0,1,499,1.0,
168,0,1,499,1.0,
169,0,1,499,1.0,
170,0,1,499,1.0,
171,0,1,499,1.0,
172,0,1,499,1.0,
173,0,1,499,1.0,
174,0,1,499,1.0,
175,0,1,499,1.0,
176,0,1,499,1.0,
177,0,1,499,1.0,
178,0,1,499,1.0,
179,0,1,499,1.0,
180,0,1,499,1.0,
181,0,1,499,1.0,
182,0,1,499,1.0,
183,0,1,499,1.0,
184,0,1,499,1.0,
185,0,1,499,1.0,
186,0,1,499,1.0,
187,0,1,499,1.0,
188,0,1,499,1.0,
189,0,1,499,1.0,
190,0,1,499,1.0,
191,0,1,499,1.0,
192,0,1,499,1.0,
193,0,1,499,1.0,
194,0,1,499,1.0,
195,0,1,499,1.0,
196,0,1,499,1.0,
197,0,1,499,1.0,
198,0,1,499,1.0,
199,0,1,499,1.0,
200,0,1,499,1.0,
1,495,5,0,0.9927272727272727,1.0
2,488,11,1,0.9791818181818182,0.9930029704462079
3,475,24,1,0.9523636363636364,0.9786663651668246
4,453,42,5,0.9187272727272727,0.9588837712571029
5,424,71,5,0.8585454545454545,0.9201430701469347
6,395,97,8,0.8201818181818182,0.889524639018412
7,348,139,13,0.7886363636363637,0.8513028211101329
8,290,192,18,0.771090909090909,0.8050885781041375
9,236,237,27,0.778,0.7666255117263246
10,164,292,44,0.845,0.7648719761077987
11,106,343,51,0.9107272727272727,0.7911375480430075
12,50,385,65,0.9533636363636364,0.7680138719899573
13,27,393,80,0.9728181818181818,0.7496489500530322
14,11,396,93,0.994,0.8668071023594892
15,3,392,105,0.9991818181818182,0.9313850754741468
16,0,376,124,1.0,
17,0,357,143,1.0,
18,0,346,154,1.0,
19,0,334,166,1.0,
20,0,322,178,1.0,
21,0,307,193,1.0,
22,0,296,204,1.0,
23,0,283,217,1.0,
24,0,270,230,1.0,
25,0,264,236,1.0,
26,0,254,246,1.0,
27,0,238,262,1.0,
28,0,232,268,1.0,
29,0,227,273,1.0,
30,0,217,283,1.0,
31,0,215,285,1.0,
32,0,205,295,1.0,
33,0,197,303,1.0,
34,0,188,312,1.0,
35,0,182,318,1.0,
36,0,176,324,1.0,
37,0,167,333,1.0,
38,0,161,339,1.0,
39,0,155,345,1.0,
40,0,150,350,1.0,
41,0,142,358,1.0,
42,0,133,367,1.0,
43,0,127,373,1.0,
44,0,121,379,1.0,
45,0,114,386,1.0,
46,0,110,390,1.0,
47,0,106,394,1.0,
48,0,105,395,1.0,
49,0,101,399,1.0,
50,0,95,405,1.0,
51,0,89,411,1.0,
52,0,86,414,1.0,
53,0,82,418,1.0,
54,0,78,422,1.0,
55,0,72,428,1.0,
56,0,70,430,1.0,
57,0,67,433,1.0,
58,0,64,436,1.0,
59,0,63,437,1.0,
60,0,63,437,1.0,
61,0,61,439,1.0,
62,0,56,444,1.0,
63,0,53,447,1.0,
64,0,51,449,1.0,
65,0,50,450,1.0,
66,0,49,451,1.0,
67,0,45,455,1.0,
68,0,42,458,1.0,
69,0,39,461,1.0,
70,0,38,462,1.0,
71,0,38,462,1.0,
72,0,36,464,1.0,
73,0,36,464,1.0,
74,0,36,464,1.0,
75,0,34,466,1.0,
76,0,32,468,1.0,
77,0,30,470,1.0,
78,0,28,472,1.0,
79,0,27,473,1.0,
80,0,26,474,1.0,
81,0,24,476,1.0,
82,0,23,477,1.0,
83,0,22,478,1.0,
84,0,20,480,1.0,
85,0,20,480,1.0,
86,0,19,481,1.0,
87,0,19,481,1.0,
88,0,18,482,1.0,
89,0,17,483,1.0,
90,0,16,484,1.0,
91,0,16,484,1.0,
92,0,14,486,1.0,
93,0,14,486,1.0,
94,0,12,488,1.0,
95,0,12,488,1.0,
96,0,11,489,1.0,
97,0,10,490,1.0,
98,0,9,491,1.0,
99,0,8,492,1.0,
100,0,8,492,1.0,
101,0,8,492,1.0,
102,0,7,493,1.0,
103,0,7,493,1.0,
104,0,7,493,1.0,
105,0,6,494,1.0,
106,0,6,494,1.0,
107,0,5,495,1.0,
108,0,4,496,1.0,
109,0,4,496,1.0,
110,0,4,496,1.0,
111,0,4,496,1.0,
112,0,4,496,1.0,
113,0,4,496,1.0,
114,0,4,496,1.0,
115,0,4,496,1.0,
116,0,3,497,1.0,
117,0,3,497,1.0,
118,0,3,497,1.0,
119,0,3,497,1.0,
120,0,3,497,1.0,
121,0,3,497,1.0,
122,0,2,498,1.0,
123,0,1,499,1.0,
124,0,1,499,1.0,
125,0,1,499,1.0,
126,0,1,499,1.0,
127,0,1,499,1.0,
128,0,1,499,1.0,
129,0,1,499,1.0,
130,0,1,499,1.0,
131,0,1,499,1.0,
132,0,1,499,1.0,
133,0,1,499,1.0,
134,0,1,499,1.0,
135,0,1,499,1.0,
136,0,1,499,1.0,
137,0,0,500,1.0,
138,0,0,500,1.0,
139,0,0,500,1.0,
140,0,0,500,1.0,
141,0,0,500,1.0,
142,0,0,500,1.0,
143,0,0,500,1.0,
144,0,0,500,1.0,
145,0,0,500,1.0,
146,0,0,500,1.0,
147,0,0,500,1.0,
148,0,0,500,1.0,
149,0,0,500,1.0,
150,0,0,500,1.0,
151,0,0,500,1.0,
152,0,0,500,1.0,
153,0,0,500,1.0,
154,0,0,500,1.0,
155,0,0,500,1.0,
156,0,0,500,1.0,
157,0,0,500,1.0,
158,0,0,500,1.0,
159,0,0,500,1.0,
160,0,0,500,1.0,
161,0,0,500,1.0,
162,0,0,500,1.0,
163,0,0,500,1.0,
164,0,0,500,1.0,
165,0,0,500,1.0,
166,0,0,500,1.0,
167,0,0,500,1.0,
168,0,0,500,1.0,
169,0,0,500,1.0,
170,0,0,500,1.0,
171,0,0,500,1.0,
172,0,0,500,1.0,
173,0,0,500,1.0,
174,0,0,500,1.0,
175,0,0,500,1.0,
176,0,0,500,1.0,
177,0,0,500,1.0,
178,0,0,500,1.0,
179,0,0,500,1.0,
180,0,0,500,1.0,
181,0,0,500,1.0,
182,0,0,500,1.0,
183,0,0,500,1.0,
184,0,0,500,1.0,
185,0,0,500,1.0,
186,0,0,500,1.0,
187,0,0,500,1.0,
188,0,0,500,1.0,
189,0,0,500,1.0,
190,0,0,500,1.0,
191,0,0,500,1.0,
192,0,0,500,1.0,
193,0,0,500,1.0,
194,0,0,500,1.0,
195,0,0,500,1.0,
196,0,0,500,1.0,
197,0,0,500,1.0,
198,0,0,500,1.0,
199,0,0,500,1.0,
200,0,0,500,1.0,
1,497,3,0,0.9951818181818182,1.0
2,495,5,0,0.9926363636363637,0.9986942614527055
3,491,9,0,0.9842727272727273,0.9944136071557463
4,484,15,1,0.9758181818181818,0.989930421591301
5,466,32,2,0.9342727272727273,0.9670926444654843
6,442,52,6,0.8937272727272727,0.9421322536240513
7,402,88,10,0.8336363636363636,0.8984702199890601
8,362,119,19,0.7949090909090909,0.8603128282167274
9,318,158,24,0.7721818181818182,0.8225129378445823
10,255,210,35,0.7599090909090909,0.766092793408488
11,179,278,43,0.8161818181818182,0.7452265984053599
12,111,338,51,0.8864545454545455,0.7448250897041614
13,70,357,73,0.9360909090909091,0.7718264137700969
14,31,384,85,0.9763636363636363,0.8096569654481067
15,8,389,103,0.9960909090909091,0.8742125114127579
16,2,376,122,0.9988181818181818,0.8391038835976246
17,1,362,137,0.9993636363636363,0.8312676500937244
18,0,347,153,1.0,
19,0,337,163,1.0,
20,0,326,174,1.0,
21,0,314,186,1.0,
22,0,305,195,1.0,
23,0,288,212,1.0,
24,0,273,227,1.0,
25,0,258,242,1.0,
26,0,242,258,1.0,
27,0,226,274,1.0,
28,0,215,285,1.0,
29,0,208,292,1.0,
30,0,201,299,1.0,
31,0,191,309,1.0,
32,0,180,320,1.0,
33,0,170,330,1.0,
34,0,162,338,1.0,
35,0,156,344,1.0,
36,0,147,353,1.0,
37,0,137,363,1.0,
38,0,130,370,1.0,
39,0,123,377,1.0,
40,0,118,382,1.0,
41,0,113,387,1.0,
42,0,106,394,1.0,
43,0,104,396,1.0,
44,0,99,401,1.0,
45,0,95,405,1.0,
46,0,93,407,1.0,
47,0,87,413,1.0,
48,0,84,416,1.0,
49,0,81,419,1.0,
50,0,78,422,1.0,
51,0,76,424,1.0,
52,0,73,427,1.0,
53,0,73,427,1.0,
54,0,71,429,1.0,
55,0,68,432,1.0,
56,0,67,433,1.0,
57,0,65,435,1.0,
58,0,63,437,1.0,
59,0,61,439,1.0,
60,0,61,439,1.0,
61,0,60,440,1.0,
62,0,58,442,1.0,
63,0,55,445,1.0,
64,0,54,446,1.0,
65,0,50,450,1.0,
66,0,49,451,1.0,
67,0,47,453,1.0,
68,0,41,459,1.0,
69,0,39,461,1.0,
70,0,38,462,1.0,
71,0,37,463,1.0,
72,0,36,464,1.0,
73,0,34,466,1.0,
74,0,33,467,1.0,
75,0,31,469,1.0,
76,0,29,471,1.0,
77,0,28,472,1.0,
78,0,28,472,1.0,
79,0,28,472,1.0,
80,0,27,473,1.0,
81,0,27,473,1.0,
82,0,26,474,1.0,
83,0,25,475,1.0,
84,0,24,476,1.0,
85,0,23,477,1.0,
86,0,21,479,1.0,
87,0,19,481,1.0,
88,0,18,482,1.0,
89,0,17,483,1.0,
90,0,16,484,1.0,
91,0,16,484,1.0,
92,0,16,484,1.0,
93,0,16,484,1.0,
94,0,13,487,1.0,
95,0,11,489,1.0,
96,0,11,489,1.0,
97,0,10,490,1.0,
98,0,9,491,1.0,
99,0,7,493,1.0,
100,0,7,493,1.0,
101,0,5,495,1.0,
102,0,5,495,1.0,
103,0,5,495,1.0,
104,0,5,495,1.0,
105,0,4,496,1.0,
106,0,3,497,1.0,
107,0,3,497,1.0,
108,0,3,497,1.0,
109,0,3,497,1.0,
110,0,3,497,1.0,
111,0,3,497,1.0,
112,0,3,497,1.0,
113,0,3,497,1.0,
114,0,3,497,1.0,
115,0,3,497,1.0,
116,0,3,497,1.0,
117,0,3,497,1.0,
118,0,3,497,1.0,
119,0,2,498,1.0,
120,0,2,498,1.0,
121,0,2,498,1.0,
122,0,2,498,1.0,
123,0,2,498,1.0,
124,0,2,498,1.0,
125,0,2,498,1.0,
126,0,2,498,1.0,
127,0,2,498,1.0,
128,0,2,498,1.0,
129,0,2,498,1.0,
130,0,2,498,1.0,
131,0,2,498,1.0,
132,0,2,498,1.0,
133,0,2,498,1.0,
134,0,2,498,1.0,
135,0,2,498,1.0,
136,0,2,498,1.0,
137,0,2,498,1.0,
138,0,2,498,1.0,
139,0,2,498,1.0,
140,0,2,498,1.0,
141,0,2,498,1.0,
142,0,2,498,1.0,
143,0,1,499,1.0,
144,0,1,499,1.0,
145,0,1,499,1.0,
146,0,1,499,1.0,
147,0,1,499,1.0,
148,0,1,499,1.0,
149,0,1,499,1.0,
150,0,1,499,1.0,
151,0,1,499,1.0,
152,0,1,499,1.0,
153,0,1,499,1.0,
154,0,0,500,1.0,
155,0,0,500,1.0,
156,0,0,500,1.0,
157,0,0,500,1.0,
158,0,0,500,1.0,
159,0,0,500,1.0,
160,0,0,500,1.0,
161,0,0,500,1.0,
162,0,0,500,1.0,
163,0,0,500,1.0,
164,0,0,500,1.0,
165,0,0,500,1.0,
166,0,0,500,1.0,
167,0,0,500,1.0,
168,0,0,500,1.0,
169,0,0,500,1.0,
170,0,0,500,1.0,
171,0,0,500,1.0,
172,0,0,500,1.0,
173,0,0,500,1.0,
174,0,0,500,1.0,
175,0,0,500,1.0,
176,0,0,500,1.0,
177,0,0,500,1.0,
178,0,0,500,1.0,
179,0,0,500,1.0,
180,0,0,500,1.0,
181,0,0,500,1.0,
182,0,0,500,1.0,
183,0,0,500,1.0,
184,0,0,500,1.0,
185,0,0,500,1.0,
186,0,0,500,1.0,
187,0,0,500,1.0,
188,0,0,500,1.0,
189,0,0,500,1.0,
190,0,0,500,1.0,
191,0,0,500,1.0,
192,0,0,500,1.0,
193,0,0,500,1.0,
194,0,0,500,1.0,
195,0,0,500,1.0,
196,0,0,500,1.0,
197,0,0,500,1.0,
198,0,0,500,1.0,
199,0,0,500,1.0,
200,0,0,500,1.0,
1,495,5,0,0.9930909090909091,1.0
2,488,10,2,0.9844545454545455,0.9954972709018023
3,472,26,2,0.9511818181818181,0.9775283281057299
4,451,46,3,0.9091818181818182,0.9530454905206062
5,427,67,6,0.8814545454545455,0.9340070709397115
6,389,102,9,0.8259090909090909,0.8914418224053721
7,339,145,16,0.8033636363636364,0.8581156035947208
8,282,191,27,0.7871818181818182,0.8146254908150239
9,222,242,36,0.8107272727272727,0.7899458951857117
10,165,284,51,0.8491818181818181,0.7744517466973532
11,114,318,68,0.8984545454545455,0.7797959359201341
12,76,339,85,0.9273636363636364,0.7632322072218403
13,55,342,103,0.9458181818181818,0.7547010594733085
14,31,346,123,0.9703636363636363,0.7623052473074988
15,17,349,134,0.986909090909091,0.8081990124683953
16,6,348,146,0.9977272727272727,0.9064082720701129
17,0,338,162,1.0,
18,0,329,171,1.0,
19,0,317,183,1.0,
20,0,312,188,1.0,
21,0,293,207,1.0,
22,0,284,216,1.0,
23,0,266,234,1.0,
24,0,257,243,1.0,
25,0,251,249,1.0,
26,0,238,262,1.0,
27,0,228,272,1.0,
28,0,216,284,1.0,
29,0,210,290,1.0,
30,0,202,298,1.0,
31,0,191,309,1.0,
32,0,186,314,1.0,
33,0,178,322,1.0,
34,0,175,325,1.0,
35,0,168,332,1.0,
36,0,157,343,1.0,
37,0,153,347,1.0,
38,0,147,353,1.0,
39,0,145,355,1.0,
40,0,140,360,1.0,
41,0,134,366,1.0,
42,0,133,367,1.0,
43,0,131,369,1.0,
44,0,125,375,1.0,
45,0,123,377,1.0,
46,0,120,380,1.0,
47,0,111,389,1.0,
48,0,99,401,1.0,
49,0,92,408,1.0,
50,0,91,409,1.0,
51,0,87,413,1.0,
52,0,85,415,1.0,
53,0,82,418,1.0,
54,0,78,422,1.0,
55,0,74,426,1.0,
56,0,71,429,1.0,
57,0,69,431,1.0,
58,0,64,436,1.0,
59,0,58,442,1.0,
60,0,53,447,1.0,
61,0,53,447,1.0,
62,0,51,449,1.0,
63,0,49,451,1.0,
64,0,46,454,1.0,
65,0,44,456,1.0,
66,0,44,456,1.0,
67,0,43,457,1.0,
68,0,39,461,1.0,
69,0,39,461,1.0,
70,0,36,464,1.0,
71,0,35,465,1.0,
72,0,34,466,1.0,
73,0,34,466,1.0,
74,0,30,470,1.0,
75,0,28,472,1.0,
76,0,26,474,1.0,
77,0,23,477,1.0,
78,0,22,478,1.0,
79,0,21,479,1.0,
80,0,20,480,1.0,
81,0,20,480,1.0,
82,0,19,481,1.0,
83,0,18,482,1.0,
84,0,18,482,1.0,
85,0,18,482,1.0,
86,0,18,482,1.0,
87,0,16,484,1.0,
88,0,16,484,1.0,
89,0,16,484,1.0,
90,0,16,484,1.0,
91,0,14,486,1.0,
92,0,13,487,1.0,
93,0,12,488,1.0,
94,0,12,488,1.0,
95,0,12,488,1.0,
96,0,11,489,1.0,
97,0,11,489,1.0,
98,0,11,489,1.0,
99,0,11,489,1.0,
100,0,10,490,1.0,
101,0,9,491,1.0,
102,0,8,492,1.0,
103,0,8,492,1.0,
104,0,7,493,1.0,
105,0,7,493,1.0,
106,0,6,494,1.0,
107,0,6,494,1.0,
108,0,6,494,1.0,
109,0,5,495,1.0,
110,0,3,497,1.0,
111,0,3,497,1.0,
112,0,2,498,1.0,
113,0,2,498,1.0,
114,0,2,498,1.0,
115,0,2,498,1.0,
116,0,2,498,1.0,
117,0,2,498,1.0,
118,0,2,498,1.0,
119,0,2,498,1.0,
120,0,2,498,1.0,
121,0,2,498,1.0,
122,0,2,498,1.0,
123,0,2,498,1.0,
124,0,2,498,1.0,
125,0,2,498,1.0,
126,0,1,499,1.0,
127,0,1,499,1.0,
128,0,1,499,1.0,
129,0,1,499,1.0,
130,0,1,499,1.0,
131,0,1,499,1.0,
132,0,1,499,1.0,
133,0,1,499,1.0,
134,0,1,499,1.0,
135,0,1,499,1.0,
136,0,1,499,1.0,
137,0,1,499,1.0,
138,0,1,499,1.0,
139,0,1,499,1.0,
140,0,1,499,1.0,
141,0,1,499,1.0,
142,0,1,499,1.0,
143,0,1,499,1.0,
144,0,1,499,1.0,
145,0,1,499,1.0,
146,0,1,499,1.0,
147,0,1,499,1.0,
148,0,1,499,1.0,
149,0,1,499,1.0,
150,0,1,499,1.0,
151,0,1,499,1.0,
152,0,1,499,1.0,
153,0,1,499,1.0,
154,0,1,499,1.0,
155,0,1,499,1.0,
156,0,1,499,1.0,
157,0,1,499,1.0,
158,0,1,499,1.0,
159,0,1,499,1.0,
160,0,1,499,1.0,
161,0,1,499,1.0,
162,0,1,499,1.0,
163,0,1,499,1.0,
164,0,1,499,1.0,
165,0,1,499,1.0,
166,0,1,499,1.0,
167,0,1,499,1.0,
168,0,1,499,1.0,
169,0,1,499,1.0,
170,0,1,499,1.0,
171,0,1,499,1.0,
172,0,1,499,1.0,
173,0,1,499,1.0,
174,0,1,499,1.0,
175,0,1,499,1.0,
176,0,1,499,1.0,
177,0,0,500,1.0,
178,0,0,500,1.0,
179,0,0,500,1.0,
180,0,0,500,1.0,
181,0,0,500,1.0,
182,0,0,500,1.0,
183,0,0,500,1.0,
184,0,0,500,1.0,
185,0,0,500,1.0,
186,0,0,500,1.0,
187,0,0,500,1.0,
188,0,0,500,1.0,
189,0,0,500,1.0,
190,0,0,500,1.0,
191,0,0,500,1.0,
192,0,0,500,1.0,
193,0,0,500,1.0,
194,0,0,500,1.0,
195,0,0,500,1.0,
196,0,0,500,1.0,
197,0,0,500,1.0,
198,0,0,500,1.0,
199,0,0,500,1.0,
200,0,0,500,1.0,
