day,s,i,r,edgecount,suscedgecount
1,498,2,0,0.999,0.9995983935742973
2,498,2,0,0.999,0.9995983935742973
3,497,3,0,0.998,0.9990945674044266
4,497,3,0,0.998,0.9990945674044266
5,496,3,1,0.998,0.998991935483871
6,496,2,2,0.999,0.9994959677419355
7,496,2,2,0.999,0.9994959677419355
8,495,3,2,0.999,0.9994949494949495
9,495,2,3,1.0,1.0
10,495,2,3,1.0,1.0
11,495,2,3,1.0,1.0
12,495,2,3,1.0,1.0
13,495,2,3,1.0,1.0
14,495,2,3,1.0,1.0
15,495,2,3,1.0,1.0
16,495,2,3,1.0,1.0
17,495,2,3,1.0,1.0
18,495,2,3,1.0,1.0
19,495,2,3,1.0,1.0
20,495,1,4,1.0,1.0
21,495,1,4,1.0,1.0
22,495,1,4,1.0,1.0
23,495,1,4,1.0,1.0
24,495,1,4,1.0,1.0
25,495,1,4,1.0,1.0
26,495,1,4,1.0,1.0
27,495,1,4,1.0,1.0
28,495,1,4,1.0,1.0
29,495,1,4,1.0,1.0
30,495,1,4,1.0,1.0
31,495,1,4,1.0,1.0
32,495,1,4,1.0,1.0
33,495,1,4,1.0,1.0
34,495,1,4,1.0,1.0
35,495,1,4,1.0,1.0
36,495,0,5,1.0,1.0
37,495,0,5,1.0,1.0
38,495,0,5,1.0,1.0
39,495,0,5,1.0,1.0
40,495,0,5,1.0,1.0
41,495,0,5,1.0,1.0
42,495,0,5,1.0,1.0
43,495,0,5,1.0,1.0
44,495,0,5,1.0,1.0
45,495,0,5,1.0,1.0
46,495,0,5,1.0,1.0
47,495,0,5,1.0,1.0
48,495,0,5,1.0,1.0
49,495,0,5,1.0,1.0
50,495,0,5,1.0,1.0
51,495,0,5,1.0,1.0
52,495,0,5,1.0,1.0
53,495,0,5,1.0,1.0
54,495,0,5,1.0,1.0
55,495,0,5,1.0,1.0
56,495,0,5,1.0,1.0
57,495,0,5,1.0,1.0
58,495,0,5,1.0,1.0
59,495,0,5,1.0,1.0
60,495,0,5,1.0,1.0
61,495,0,5,1.0,1.0
62,495,0,5,1.0,1.0
63,495,0,5,1.0,1.0
64,495,0,5,1.0,1.0
65,495,0,5,1.0,1.0
66,495,0,5,1.0,1.0
67,495,0,5,1.0,1.0
68,495,0,5,1.0,1.0
69,495,0,5,1.0,1.0
70,495,0,5,1.0,1.0
71,495,0,5,1.0,1.0
72,495,0,5,1.0,1.0
73,495,0,5,1.0,1.0
74,495,0,5,1.0,1.0
75,495,0,5,1.0,1.0
76,495,0,5,1.0,1.0
77,495,0,5,1.0,1.0
78,495,0,5,1.0,1.0
79,495,0,5,1.0,1.0
80,495,0,5,1.0,1.0
81,495,0,5,1.0,1.0
82,495,0,5,1.0,1.0
83,495,0,5,1.0,1.0
84,495,0,5,1.0,1.0
85,495,0,5,1.0,1.0
86,495,0,5,1.0,1.0
87,495,0,5,1.0,1.0
88,495,0,5,1.0,1.0
89,495,0,5,1.0,1.0
90,495,0,5,1.0,1.0
91,495,0,5,1.0,1.0
92,495,0,5,1.0,1.0
93,495,0,5,1.0,1.0
94,495,0,5,1.0,1.0
95,495,0,5,1.0,1.0
96,495,0,5,1.0,1.0
97,495,0,5,1.0,1.0
98,495,0,5,1.0,1.0
99,495,0,5,1.0,1.0
100,495,0,5,1.0,1.0
101,495,0,5,1.0,1.0
102,495,0,5,1.0,1.0
103,495,0,5,1.0,1.0
104,495,0,5,1.0,1.0
105,495,0,5,1.0,1.0
106,495,0,5,1.0,1.0
107,495,0,5,1.0,1.0
108,495,0,5,1.0,1.0
109,495,0,5,1.0,1.0
110,495,0,5,1.0,1.0
111,495,0,5,1.0,1.0
112,495,0,5,1.0,1.0
113,495,0,5,1.0,1.0
114,495,0,5,1.0,1.0
115,495,0,5,1.0,1.0
116,495,0,5,1.0,1.0
117,495,0,5,1.0,1.0
118,495,0,5,1.0,1.0
119,495,0,5,1.0,1.0
120,495,0,5,1.0,1.0
121,495,0,5,1.0,1.0
122,495,0,5,1.0,1.0
123,495,0,5,1.0,1.0
124,495,0,5,1.0,1.0
125,495,0,5,1.0,1.0
126,495,0,5,1.0,1.0
127,495,0,5,1.0,1.0
128,495,0,5,1.0,1.0
129,495,0,5,1.0,1.0
130,495,0,5,1.0,1.0
131,495,0,5,1.0,1.0
132,495,0,5,1.0,1.0
133,495,0,5,1.0,1.0
134,495,0,5,1.0,1.0
135,495,0,5,1.0,1.0
136,495,0,5,1.0,1.0
137,495,0,5,1.0,1.0
138,495,0,5,1.0,1.0
139,495,0,5,1.0,1.0
140,495,0,5,1.0,1.0
141,495,0,5,1.0,1.0
142,495,0,5,1.0,1.0
143,495,0,5,1.0,1.0
144,495,0,5,1.0,1.0
145,495,0,5,1.0,1.0
146,495,0,5,1.0,1.0
147,495,0,5,1.0,1.0
148,495,0,5,1.0,1.0
149,495,0,5,1.0,1.0
150,495,0,5,1.0,1.0
151,495,0,5,1.0,1.0
152,495,0,5,1.0,1.0
153,495,0,5,1.0,1.0
154,495,0,5,1.0,1.0
155,495,0,5,1.0,1.0
156,495,0,5,1.0,1.0
157,495,0,5,1.0,1.0
158,495,0,5,1.0,1.0
159,495,0,5,1.0,1.0
160,495,0,5,1.0,1.0
161,495,0,5,1.0,1.0
162,495,0,5,1.0,1.0
163,495,0,5,1.0,1.0
164,495,0,5,1.0,1.0
165,495,0,5,1.0,1.0
166,495,0,5,1.0,1.0
167,495,0,5,1.0,1.0
168,495,0,5,1.0,1.0
169,495,0,5,1.0,1.0
170,495,0,5,1.0,1.0
171,495,0,5,1.0,1.0
172,495,0,5,1.0,1.0
173,495,0,5,1.0,1.0
174,495,0,5,1.0,1.0
175,495,0,5,1.0,1.0
176,495,0,5,1.0,1.0
177,495,0,5,1.0,1.0
178,495,0,5,1.0,1.0
179,495,0,5,1.0,1.0
180,495,0,5,1.0,1.0
181,495,0,5,1.0,1.0
182,495,0,5,1.0,1.0
183,495,0,5,1.0,1.0
184,495,0,5,1.0,1.0
185,495,0,5,1.0,1.0
186,495,0,5,1.0,1.0
187,495,0,5,1.0,1.0
188,495,0,5,1.0,1.0
189,495,0,5,1.0,1.0
190,495,0,5,1.0,1.0
191,495,0,5,1.0,1.0
192,495,0,5,1.0,1.0
193,495,0,5,1.0,1.0
194,495,0,5,1.0,1.0
195,495,0,5,1.0,1.0
196,495,0,5,1.0,1.0
197,495,0,5,1.0,1.0
198,495,0,5,1.0,1.0
199,495,0,5,1.0,1.0
200,495,0,5,1.0,1.0
1,499,1,0,1.0,1.0
2,498,2,0,0.998,0.9988286479250333
3,498,2,0,0.998,0.9988286479250333
4,498,2,0,0.998,0.9988286479250333
5,498,2,0,0.998,0.9988286479250333
6,498,2,0,0.998,0.9988286479250333
7,498,2,0,0.998,0.9988286479250333
8,498,2,0,0.998,0.9988286479250333
9,498,2,0,0.998,0.9988286479250333
10,497,3,0,0.997,0.9981556002682764
11,497,3,0,0.997,0.9981556002682764
12,497,3,0,0.997,0.9981556002682764
13,497,3,0,0.997,0.9981556002682764
14,497,3,0,0.997,0.9981556002682764
15,497,3,0,0.997,0.9981556002682764
16,497,3,0,0.997,0.9981556002682764
17,497,3,0,0.997,0.9981556002682764
18,497,3,0,0.997,0.9981556002682764
19,497,3,0,0.997,0.9981556002682764
20,496,4,0,0.997,0.9981518817204302
21,495,5,0,0.999,0.9994949494949495
22,495,4,1,1.0,1.0
23,495,4,1,1.0,1.0
24,495,4,1,1.0,1.0
25,495,4,1,1.0,1.0
26,495,4,1,1.0,1.0
27,495,4,1,1.0,1.0
28,495,4,1,1.0,1.0
29,495,3,2,1.0,1.0
30,495,3,2,1.0,1.0
31,495,3,2,1.0,1.0
32,495,2,3,1.0,1.0
33,495,2,3,1.0,1.0
34,493,4,3,0.999,0.9994929006085193
35,493,3,4,0.999,0.9994929006085193
36,493,3,4,0.999,0.9994929006085193
37,493,3,4,0.999,0.9994929006085193
38,493,2,5,0.999,0.9994929006085193
39,493,2,5,0.999,0.9994929006085193
40,493,2,5,0.999,0.9994929006085193
41,493,2,5,0.999,0.9994929006085193
42,493,1,6,1.0,1.0
43,493,1,6,1.0,1.0
44,493,1,6,1.0,1.0
45,493,1,6,1.0,1.0
46,493,1,6,1.0,1.0
47,493,1,6,1.0,1.0
48,493,1,6,1.0,1.0
49,493,1,6,1.0,1.0
50,493,1,6,1.0,1.0
51,493,1,6,1.0,1.0
52,493,1,6,1.0,1.0
53,493,1,6,1.0,1.0
54,493,1,6,1.0,1.0
55,493,1,6,1.0,1.0
56,493,1,6,1.0,1.0
57,493,1,6,1.0,1.0
58,493,1,6,1.0,1.0
59,492,2,6,1.0,1.0
60,492,2,6,1.0,1.0
61,492,2,6,1.0,1.0
62,492,2,6,1.0,1.0
63,492,2,6,1.0,1.0
64,492,2,6,1.0,1.0
65,492,2,6,1.0,1.0
66,492,2,6,1.0,1.0
67,492,2,6,1.0,1.0
68,492,2,6,1.0,1.0
69,492,2,6,1.0,1.0
70,492,2,6,1.0,1.0
71,492,1,7,1.0,1.0
72,492,1,7,1.0,1.0
73,492,1,7,1.0,1.0
74,492,1,7,1.0,1.0
75,492,1,7,1.0,1.0
76,492,1,7,1.0,1.0
77,491,2,7,0.999,0.9995926680244399
78,491,1,8,1.0,1.0
79,491,1,8,1.0,1.0
80,491,1,8,1.0,1.0
81,491,1,8,1.0,1.0
82,491,1,8,1.0,1.0
83,491,1,8,1.0,1.0
84,491,1,8,1.0,1.0
85,491,1,8,1.0,1.0
86,491,1,8,1.0,1.0
87,491,1,8,1.0,1.0
88,491,1,8,1.0,1.0
89,491,1,8,1.0,1.0
90,491,1,8,1.0,1.0
91,491,1,8,1.0,1.0
92,491,1,8,1.0,1.0
93,491,1,8,1.0,1.0
94,491,1,8,1.0,1.0
95,491,1,8,1.0,1.0
96,491,1,8,1.0,1.0
97,491,1,8,1.0,1.0
98,491,1,8,1.0,1.0
99,491,1,8,1.0,1.0
100,491,1,8,1.0,1.0
101,491,1,8,1.0,1.0
102,491,1,8,1.0,1.0
103,491,1,8,1.0,1.0
104,491,1,8,1.0,1.0
105,491,1,8,1.0,1.0
106,491,1,8,1.0,1.0
107,491,1,8,1.0,1.0
108,491,1,8,1.0,1.0
109,491,1,8,1.0,1.0
110,491,1,8,1.0,1.0
111,491,1,8,1.0,1.0
112,490,2,8,1.0,1.0
113,490,2,8,1.0,1.0
114,490,2,8,1.0,1.0
115,490,1,9,1.0,1.0
116,490,1,9,1.0,1.0
117,490,1,9,1.0,1.0
118,490,1,9,1.0,1.0
119,490,1,9,1.0,1.0
120,490,0,10,1.0,1.0
121,490,0,10,1.0,1.0
122,490,0,10,1.0,1.0
123,490,0,10,1.0,1.0
124,490,0,10,1.0,1.0
125,490,0,10,1.0,1.0
126,490,0,10,1.0,1.0
127,490,0,10,1.0,1.0
128,490,0,10,1.0,1.0
129,490,0,10,1.0,1.0
130,490,0,10,1.0,1.0
131,490,0,10,1.0,1.0
132,490,0,10,1.0,1.0
133,490,0,10,1.0,1.0
134,490,0,10,1.0,1.0
135,490,0,10,1.0,1.0
136,490,0,10,1.0,1.0
137,490,0,10,1.0,1.0
138,490,0,10,1.0,1.0
139,490,0,10,1.0,1.0
140,490,0,10,1.0,1.0
141,490,0,10,1.0,1.0
142,490,0,10,1.0,1.0
143,490,0,10,1.0,1.0
144,490,0,10,1.0,1.0
145,490,0,10,1.0,1.0
146,490,0,10,1.0,1.0
147,490,0,10,1.0,1.0
148,490,0,10,1.0,1.0
149,490,0,10,1.0,1.0
150,490,0,10,1.0,1.0
151,490,0,10,1.0,1.0
152,490,0,10,1.0,1.0
153,490,0,10,1.0,1.0
154,490,0,10,1.0,1.0
155,490,0,10,1.0,1.0
156,490,0,10,1.0,1.0
157,490,0,10,1.0,1.0
158,490,0,10,1.0,1.0
159,490,0,10,1.0,1.0
160,490,0,10,1.0,1.0
161,490,0,10,1.0,1.0
162,490,0,10,1.0,1.0
163,490,0,10,1.0,1.0
164,490,0,10,1.0,1.0
165,490,0,10,1.0,1.0
166,490,0,10,1.0,1.0
167,490,0,10,1.0,1.0
168,490,0,10,1.0,1.0
169,490,0,10,1.0,1.0
170,490,0,10,1.0,1.0
171,490,0,10,1.0,1.0
172,490,0,10,1.0,1.0
173,490,0,10,1.0,1.0
174,490,0,10,1.0,1.0
175,490,0,10,1.0,1.0
176,490,0,10,1.0,1.0
177,490,0,10,1.0,1.0
178,490,0,10,1.0,1.0
179,490,0,10,1.0,1.0
180,490,0,10,1.0,1.0
181,490,0,10,1.0,1.0
182,490,0,10,1.0,1.0
183,490,0,10,1.0,1.0
184,490,0,10,1.0,1.0
185,490,0,10,1.0,1.0
186,490,0,10,1.0,1.0
187,490,0,10,1.0,1.0
188,490,0,10,1.0,1.0
189,490,0,10,1.0,1.0
190,490,0,10,1.0,1.0
191,490,0,10,1.0,1.0
192,490,0,10,1.0,1.0
193,490,0,10,1.0,1.0
194,490,0,10,1.0,1.0
195,490,0,10,1.0,1.0
196,490,0,10,1.0,1.0
197,490,0,10,1.0,1.0
198,490,0,10,1.0,1.0
199,490,0,10,1.0,1.0
200,490,0,10,1.0,1.0
1,499,1,0,1.0,1.0
2,499,1,0,1.0,1.0
3,499,1,0,1.0,1.0
4,498,2,0,0.998,0.9990963855421687
5,498,2,0,0.998,0.9990963855421687
6,498,2,0,0.998,0.9990963855421687
7,498,2,0,0.998,0.9990963855421687
8,498,2,0,0.998,0.9990963855421687
9,498,2,0,0.998,0.9990963855421687
10,498,2,0,0.998,0.9990963855421687
11,498,2,0,0.998,0.9990963855421687
12,498,2,0,0.998,0.9990963855421687
13,497,1,2,1.0,1.0
14,497,1,2,1.0,1.0
15,497,1,2,1.0,1.0
16,497,1,2,1.0,1.0
17,497,1,2,1.0,1.0
18,496,2,2,0.999,0.9994959677419355
19,496,2,2,0.999,0.9994959677419355
20,496,2,2,0.999,0.9994959677419355
21,496,2,2,0.999,0.9994959677419355
22,495,3,2,0.999,0.9994949494949495
23,495,3,2,0.999,0.9994949494949495
24,495,2,3,0.999,0.9994949494949495
25,495,2,3,0.999,0.9994949494949495
26,495,2,3,0.999,0.9994949494949495
27,495,2,3,0.999,0.9994949494949495
28,495,2,3,0.999,0.9994949494949495
29,495,2,3,0.999,0.9994949494949495
30,495,2,3,0.999,0.9994949494949495
31,495,2,3,0.999,0.9994949494949495
32,494,3,3,0.999,0.9994939271255061
33,494,3,3,0.999,0.9994939271255061
34,494,3,3,0.999,0.9994939271255061
35,494,2,4,0.999,0.9994939271255061
36,494,2,4,0.999,0.9994939271255061
37,493,3,4,0.998,0.9989858012170385
38,493,3,4,0.998,0.9989858012170385
39,493,3,4,0.998,0.9989858012170385
40,493,3,4,0.998,0.9989858012170385
41,493,3,4,0.998,0.9989858012170385
42,493,3,4,0.998,0.9989858012170385
43,493,3,4,0.998,0.9989858012170385
44,493,3,4,0.998,0.9989858012170385
45,493,2,5,0.999,0.9994929006085193
46,493,2,5,0.999,0.9994929006085193
47,493,2,5,0.999,0.9994929006085193
48,493,2,5,0.999,0.9994929006085193
49,493,2,5,0.999,0.9994929006085193
50,491,4,5,0.999,0.9994908350305499
51,491,3,6,1.0,1.0
52,490,4,6,0.998,0.9988095238095237
53,489,5,6,0.997,0.998295841854124
54,489,5,6,0.997,0.998295841854124
55,487,7,6,0.995,0.9974332648870636
56,487,7,6,0.995,0.9974332648870636
57,486,8,6,0.994,0.9969135802469136
58,485,9,6,0.994,0.9970103092783505
59,485,9,6,0.994,0.9970103092783505
60,485,8,7,0.995,0.9975257731958763
61,484,9,7,0.997,0.9985537190082645
62,483,9,8,0.997,0.9985507246376811
63,483,9,8,0.997,0.9985507246376811
64,481,11,8,0.996,0.998024948024948
65,480,12,8,0.995,0.9975
66,480,11,9,0.996,0.9979166666666667
67,480,11,9,0.996,0.9979166666666667
68,480,11,9,0.996,0.9979166666666667
69,479,12,9,0.996,0.9979123173277662
70,479,11,10,0.998,0.9989561586638831
71,478,10,12,0.999,0.9994769874476988
72,478,8,14,0.999,0.9994769874476988
73,478,8,14,0.999,0.9994769874476988
74,477,9,14,0.999,0.999475890985325
75,476,10,14,0.999,0.9994747899159664
76,476,9,15,0.999,0.9994747899159664
77,475,10,15,0.998,0.9989473684210526
78,475,9,16,0.998,0.9989473684210526
79,473,11,16,0.996,0.9978858350951374
80,473,11,16,0.996,0.9978858350951374
81,473,10,17,0.997,0.9984143763213531
82,472,11,17,0.996,0.9978813559322034
83,472,10,18,0.997,0.9984110169491526
84,471,11,18,0.995,0.9974522292993631
85,469,13,18,0.994,0.996908315565032
86,469,13,18,0.994,0.996908315565032
87,469,11,20,0.995,0.9974413646055438
88,468,12,20,0.995,0.9974358974358974
89,468,12,20,0.995,0.9974358974358974
90,468,12,20,0.995,0.9974358974358974
91,468,11,21,0.995,0.9974358974358974
92,468,11,21,0.995,0.9974358974358974
93,468,9,23,0.998,0.9989316239316239
94,467,9,24,0.999,0.9994646680942184
95,467,9,24,0.999,0.9994646680942184
96,467,9,24,0.999,0.9994646680942184
97,467,8,25,1.0,1.0
98,467,8,25,1.0,1.0
99,467,8,25,1.0,1.0
100,466,9,25,0.999,0.9994635193133047
101,466,8,26,1.0,1.0
102,466,8,26,1.0,1.0
103,464,9,27,1.0,1.0
104,464,8,28,1.0,1.0
105,464,8,28,1.0,1.0
106,464,8,28,1.0,1.0
107,464,8,28,1.0,1.0
108,463,9,28,1.0,1.0
109,463,9,28,1.0,1.0
110,462,9,29,1.0,1.0
111,462,8,30,1.0,1.0
112,462,7,31,1.0,1.0
113,462,5,33,1.0,1.0
114,462,5,33,1.0,1.0
115,462,4,34,1.0,1.0
116,462,4,34,1.0,1.0
117,461,5,34,1.0,1.0
118,461,5,34,1.0,1.0
119,461,4,35,1.0,1.0
120,460,5,35,1.0,1.0
121,460,5,35,1.0,1.0
122,460,5,35,1.0,1.0
123,460,5,35,1.0,1.0
124,460,4,36,1.0,1.0
125,460,3,37,1.0,1.0
126,460,3,37,1.0,1.0
127,460,3,37,1.0,1.0
128,460,3,37,1.0,1.0
129,460,3,37,1.0,1.0
130,460,3,37,1.0,1.0
131,460,2,38,1.0,1.0
132,460,2,38,1.0,1.0
133,460,2,38,1.0,1.0
134,460,2,38,1.0,1.0
135,460,2,38,1.0,1.0
136,460,2,38,1.0,1.0
137,459,2,39,1.0,1.0
138,459,2,39,1.0,1.0
139,458,3,39,0.999,0.9994541484716157
140,457,4,39,0.998,0.9989059080962801
141,457,4,39,0.998,0.9989059080962801
142,457,3,40,0.999,0.99945295404814
143,457,3,40,0.999,0.99945295404814
144,457,3,40,0.999,0.99945295404814
145,456,4,40,0.997,0.9983552631578947
146,456,4,40,0.997,0.9983552631578947
147,455,5,40,0.997,0.9983516483516484
148,455,5,40,0.997,0.9983516483516484
149,455,4,41,0.997,0.9983516483516484
150,455,4,41,0.997,0.9983516483516484
151,454,5,41,0.997,0.9984581497797357
152,454,5,41,0.997,0.9984581497797357
153,454,5,41,0.997,0.9984581497797357
154,454,5,41,0.997,0.9984581497797357
155,454,5,41,0.997,0.9984581497797357
156,454,5,41,0.997,0.9984581497797357
157,454,5,41,0.997,0.9984581497797357
158,454,5,41,0.997,0.9984581497797357
159,454,5,41,0.997,0.9984581497797357
160,454,5,41,0.997,0.9984581497797357
161,454,5,41,0.997,0.9984581497797357
162,454,5,41,0.997,0.9984581497797357
163,454,4,42,0.998,0.998898678414097
164,454,4,42,0.998,0.998898678414097
165,454,4,42,0.998,0.998898678414097
166,454,4,42,0.998,0.998898678414097
167,454,3,43,0.999,0.9994493392070485
168,454,3,43,0.999,0.9994493392070485
169,454,3,43,0.999,0.9994493392070485
170,454,3,43,0.999,0.9994493392070485
171,454,3,43,0.999,0.9994493392070485
172,454,3,43,0.999,0.9994493392070485
173,453,4,43,1.0,1.0
174,453,4,43,1.0,1.0
175,453,4,43,1.0,1.0
176,452,5,43,1.0,1.0
177,452,5,43,1.0,1.0
178,452,5,43,1.0,1.0
179,451,6,43,0.999,0.9994456762749445
180,450,7,43,0.999,0.9994444444444445
181,449,7,44,0.999,0.9994432071269488
182,449,6,45,1.0,1.0
183,449,6,45,1.0,1.0
184,449,6,45,1.0,1.0
185,449,6,45,1.0,1.0
186,449,6,45,1.0,1.0
187,449,6,45,1.0,1.0
188,449,5,46,1.0,1.0
189,449,5,46,1.0,1.0
190,449,5,46,1.0,1.0
191,449,5,46,1.0,1.0
192,449,5,46,1.0,1.0
193,447,7,46,0.998,0.9988814317673378
194,446,8,46,0.996,0.9977578475336323
195,446,8,46,0.996,0.9977578475336323
196,444,10,46,0.996,0.9977477477477478
197,444,10,46,0.996,0.9977477477477478
198,442,12,46,0.994,0.996606334841629
199,441,10,49,0.995,0.9971655328798186
200,438,13,49,0.995,0.9971461187214612
1,499,1,0,1.0,1.0
2,499,1,0,1.0,1.0
3,497,3,0,0.998,0.9990945674044266
4,496,3,1,0.999,0.9995967741935484
5,496,3,1,0.999,0.9995967741935484
6,496,3,1,0.999,0.9995967741935484
7,495,3,2,0.999,0.9995959595959596
8,495,2,3,1.0,1.0
9,495,0,5,1.0,1.0
10,495,0,5,1.0,1.0
11,495,0,5,1.0,1.0
12,495,0,5,1.0,1.0
13,495,0,5,1.0,1.0
14,495,0,5,1.0,1.0
15,495,0,5,1.0,1.0
16,495,0,5,1.0,1.0
17,495,0,5,1.0,1.0
18,495,0,5,1.0,1.0
19,495,0,5,1.0,1.0
20,495,0,5,1.0,1.0
21,495,0,5,1.0,1.0
22,495,0,5,1.0,1.0
23,495,0,5,1.0,1.0
24,495,0,5,1.0,1.0
25,495,0,5,1.0,1.0
26,495,0,5,1.0,1.0
27,495,0,5,1.0,1.0
28,495,0,5,1.0,1.0
29,495,0,5,1.0,1.0
30,495,0,5,1.0,1.0
31,495,0,5,1.0,1.0
32,495,0,5,1.0,1.0
33,495,0,5,1.0,1.0
34,495,0,5,1.0,1.0
35,495,0,5,1.0,1.0
36,495,0,5,1.0,1.0
37,495,0,5,1.0,1.0
38,495,0,5,1.0,1.0
39,495,0,5,1.0,1.0
40,495,0,5,1.0,1.0
41,495,0,5,1.0,1.0
42,495,0,5,1.0,1.0
43,495,0,5,1.0,1.0
44,495,0,5,1.0,1.0
45,495,0,5,1.0,1.0
46,495,0,5,1.0,1.0
47,495,0,5,1.0,1.0
48,495,0,5,1.0,1.0
49,495,0,5,1.0,1.0
50,495,0,5,1.0,1.0
51,495,0,5,1.0,1.0
52,495,0,5,1.0,1.0
53,495,0,5,1.0,1.0
54,495,0,5,1.0,1.0
55,495,0,5,1.0,1.0
56,495,0,5,1.0,1.0
57,495,0,5,1.0,1.0
58,495,0,5,1.0,1.0
59,495,0,5,1.0,1.0
60,495,0,5,1.0,1.0
61,495,0,5,1.0,1.0
62,495,0,5,1.0,1.0
63,495,0,5,1.0,1.0
64,495,0,5,1.0,1.0
65,495,0,5,1.0,1.0
66,495,0,5,1.0,1.0
67,495,0,5,1.0,1.0
68,495,0,5,1.0,1.0
69,495,0,5,1.0,1.0
70,495,0,5,1.0,1.0
71,495,0,5,1.0,1.0
72,495,0,5,1.0,1.0
73,495,0,5,1.0,1.0
74,495,0,5,1.0,1.0
75,495,0,5,1.0,1.0
76,495,0,5,1.0,1.0
77,495,0,5,1.0,1.0
78,495,0,5,1.0,1.0
79,495,0,5,1.0,1.0
80,495,0,5,1.0,1.0
81,495,0,5,1.0,1.0
82,495,0,5,1.0,1.0
83,495,0,5,1.0,1.0
84,495,0,5,1.0,1.0
85,495,0,5,1.0,1.0
86,495,0,5,1.0,1.0
87,495,0,5,1.0,1.0
88,495,0,5,1.0,1.0
89,495,0,5,1.0,1.0
90,495,0,5,1.0,1.0
91,495,0,5,1.0,1.0
92,495,0,5,1.0,1.0
93,495,0,5,1.0,1.0
94,495,0,5,1.0,1.0
95,495,0,5,1.0,1.0
96,495,0,5,1.0,1.0
97,495,0,5,1.0,1.0
98,495,0,5,1.0,1.0
99,495,0,5,1.0,1.0
100,495,0,5,1.0,1.0
101,495,0,5,1.0,1.0
102,495,0,5,1.0,1.0
103,495,0,5,1.0,1.0
104,495,0,5,1.0,1.0
105,495,0,5,1.0,1.0
106,495,0,5,1.0,1.0
107,495,0,5,1.0,1.0
108,495,0,5,1.0,1.0
109,495,0,5,1.0,1.0
110,495,0,5,1.0,1.0
111,495,0,5,1.0,1.0
112,495,0,5,1.0,1.0
113,495,0,5,1.0,1.0
114,495,0,5,1.0,1.0
115,495,0,5,1.0,1.0
116,495,0,5,1.0,1.0
117,495,0,5,1.0,1.0
118,495,0,5,1.0,1.0
119,495,0,5,1.0,1.0
120,495,0,5,1.0,1.0
121,495,0,5,1.0,1.0
122,495,0,5,1.0,1.0
123,495,0,5,1.0,1.0
124,495,0,5,1.0,1.0
125,495,0,5,1.0,1.0
126,495,0,5,1.0,1.0
127,495,0,5,1.0,1.0
128,495,0,5,1.0,1.0
129,495,0,5,1.0,1.0
130,495,0,5,1.0,1.0
131,495,0,5,1.0,1.0
132,495,0,5,1.0,1.0
133,495,0,5,1.0,1.0
134,495,0,5,1.0,1.0
135,495,0,5,1.0,1.0
136,495,0,5,1.0,1.0
137,495,0,5,1.0,1.0
138,495,0,5,1.0,1.0
139,495,0,5,1.0,1.0
140,495,0,5,1.0,1.0
141,495,0,5,1.0,1.0
142,495,0,5,1.0,1.0
143,495,0,5,1.0,1.0
144,495,0,5,1.0,1.0
145,495,0,5,1.0,1.0
146,495,0,5,1.0,1.0
147,495,0,5,1.0,1.0
148,495,0,5,1.0,1.0
149,495,0,5,1.0,1.0
150,495,0,5,1.0,1.0
151,495,0,5,1.0,1.0
152,495,0,5,1.0,1.0
153,495,0,5,1.0,1.0
154,495,0,5,1.0,1.0
155,495,0,5,1.0,1.0
156,495,0,5,1.0,1.0
157,495,0,5,1.0,1.0
158,495,0,5,1.0,1.0
159,495,0,5,1.0,1.0
160,495,0,5,1.0,1.0
161,495,0,5,1.0,1.0
162,495,0,5,1.0,1.0
163,495,0,5,1.0,1.0
164,495,0,5,1.0,1.0
165,495,0,5,1.0,1.0
166,495,0,5,1.0,1.0
167,495,0,5,1.0,1.0
168,495,0,5,1.0,1.0
169,495,0,5,1.0,1.0
170,495,0,5,1.0,1.0
171,495,0,5,1.0,1.0
172,495,0,5,1.0,1.0
173,495,0,5,1.0,1.0
174,495,0,5,1.0,1.0
175,495,0,5,1.0,1.0
176,495,0,5,1.0,1.0
177,495,0,5,1.0,1.0
178,495,0,5,1.0,1.0
179,495,0,5,1.0,1.0
180,495,0,5,1.0,1.0
181,495,0,5,1.0,1.0
182,495,0,5,1.0,1.0
183,495,0,5,1.0,1.0
184,495,0,5,1.0,1.0
185,495,0,5,1.0,1.0
186,495,0,5,1.0,1.0
187,495,0,5,1.0,1.0
188,495,0,5,1.0,1.0
189,495,0,5,1.0,1.0
190,495,0,5,1.0,1.0
191,495,0,5,1.0,1.0
192,495,0,5,1.0,1.0
193,495,0,5,1.0,1.0
194,495,0,5,1.0,1.0
195,495,0,5,1.0,1.0
196,495,0,5,1.0,1.0
197,495,0,5,1.0,1.0
198,495,0,5,1.0,1.0
199,495,0,5,1.0,1.0
200,495,0,5,1.0,1.0
1,499,1,0,1.0,1.0
2,498,2,0,1.0,1.0
3,498,2,0,1.0,1.0
4,498,2,0,1.0,1.0
5,498,2,0,1.0,1.0
6,498,2,0,1.0,1.0
7,498,2,0,1.0,1.0
8,498,2,0,1.0,1.0
9,498,2,0,1.0,1.0
10,497,3,0,0.998,0.9989939637826962
11,495,4,1,0.998,0.998989898989899
12,495,4,1,0.998,0.998989898989899
13,495,4,1,0.998,0.998989898989899
14,495,4,1,0.998,0.998989898989899
15,495,4,1,0.998,0.998989898989899
16,495,4,1,0.998,0.998989898989899
17,495,4,1,0.998,0.998989898989899
18,495,4,1,0.998,0.998989898989899
19,495,4,1,0.998,0.998989898989899
20,495,4,1,0.998,0.998989898989899
21,495,3,2,0.998,0.998989898989899
22,495,2,3,1.0,1.0
23,494,3,3,0.999,0.9994939271255061
24,493,4,3,0.999,0.9994929006085193
25,492,5,3,0.999,0.9994918699186992
26,492,5,3,0.999,0.9994918699186992
27,492,5,3,0.999,0.9994918699186992
28,492,5,3,0.999,0.9994918699186992
29,492,5,3,0.999,0.9994918699186992
30,492,5,3,0.999,0.9994918699186992
31,490,7,3,0.998,0.9990816326530613
32,490,7,3,0.998,0.9990816326530613
33,490,5,5,1.0,1.0
34,488,6,6,0.998,0.9989754098360656
35,488,6,6,0.998,0.9989754098360656
36,488,6,6,0.998,0.9989754098360656
37,487,6,7,0.999,0.9994866529774127
38,486,7,7,0.998,0.9989711934156379
39,486,7,7,0.998,0.9989711934156379
40,486,7,7,0.998,0.9989711934156379
41,485,8,7,0.997,0.9985567010309279
42,485,8,7,0.997,0.9985567010309279
43,485,6,9,0.998,0.9990721649484536
44,485,5,10,0.999,0.9994845360824742
45,484,4,12,0.999,0.9995867768595041
46,484,4,12,0.999,0.9995867768595041
47,484,4,12,0.999,0.9995867768595041
48,484,4,12,0.999,0.9995867768595041
49,484,3,13,1.0,1.0
50,484,3,13,1.0,1.0
51,483,4,13,0.999,0.9995859213250518
52,483,4,13,0.999,0.9995859213250518
53,483,4,13,0.999,0.9995859213250518
54,483,4,13,0.999,0.9995859213250518
55,483,4,13,0.999,0.9995859213250518
56,483,4,13,0.999,0.9995859213250518
57,483,4,13,0.999,0.9995859213250518
58,483,4,13,0.999,0.9995859213250518
59,482,5,13,0.998,0.9988934993084372
60,482,5,13,0.998,0.9988934993084372
61,482,5,13,0.998,0.9988934993084372
62,482,5,13,0.998,0.9988934993084372
63,482,5,13,0.998,0.9988934993084372
64,481,6,13,0.998,0.9988911988911989
65,480,7,13,0.999,0.9993055555555554
66,480,6,14,0.999,0.9993055555555554
67,479,7,14,0.998,0.9987821851078635
68,478,8,14,0.998,0.9987796373779637
69,478,8,14,0.998,0.9987796373779637
70,478,7,15,1.0,1.0
71,478,7,15,1.0,1.0
72,478,7,15,1.0,1.0
73,476,9,15,0.998,0.9989495798319328
74,475,9,16,0.998,0.9989473684210526
75,475,9,16,0.998,0.9989473684210526
76,475,8,17,0.999,0.9994736842105263
77,474,8,18,1.0,1.0
78,474,7,19,1.0,1.0
79,472,9,19,0.999,0.9994703389830508
80,472,8,20,0.999,0.9994703389830508
81,472,8,20,0.999,0.9994703389830508
82,471,9,20,0.998,0.9989384288747346
83,469,11,20,0.996,0.9979744136460554
84,469,11,20,0.996,0.9979744136460554
85,469,10,21,0.997,0.9985074626865672
86,469,9,22,0.997,0.9985074626865672
87,467,11,22,0.994,0.9970021413276232
88,467,11,22,0.994,0.9970021413276232
89,466,11,23,0.993,0.9963519313304722
90,466,11,23,0.993,0.9963519313304722
91,465,12,23,0.994,0.9968817204301076
92,465,12,23,0.994,0.9968817204301076
93,465,12,23,0.994,0.9968817204301076
94,464,12,24,0.996,0.9978448275862069
95,464,10,26,0.996,0.9978448275862069
96,463,11,26,0.995,0.9973002159827213
97,462,12,26,0.995,0.9972943722943723
98,461,11,28,0.996,0.9978308026030369
99,460,12,28,0.995,0.9972826086956522
100,458,13,29,0.993,0.99617903930131
101,458,13,29,0.993,0.99617903930131
102,458,11,31,0.995,0.9972707423580786
103,456,13,31,0.995,0.9972587719298246
104,454,14,32,0.996,0.9979074889867842
105,453,15,32,0.995,0.997167034584253
106,452,16,32,0.993,0.9960545722713864
107,451,15,34,0.994,0.99660014781966
108,451,15,34,0.994,0.99660014781966
109,451,14,35,0.995,0.9971544715447154
110,451,12,37,0.995,0.9971544715447154
111,451,10,39,0.996,0.9975979305247598
112,450,10,40,0.996,0.9977777777777778
113,449,10,41,0.997,0.9983296213808464
114,449,9,42,0.997,0.9983296213808464
115,448,10,42,0.998,0.9988839285714286
116,448,10,42,0.998,0.9988839285714286
117,448,9,43,0.998,0.9988839285714286
118,448,9,43,0.998,0.9988839285714286
119,447,9,44,0.999,0.9994407158836689
120,446,9,45,0.999,0.999439461883408
121,446,9,45,0.999,0.999439461883408
122,446,9,45,0.999,0.999439461883408
123,446,7,47,0.999,0.999439461883408
124,446,7,47,0.999,0.999439461883408
125,446,7,47,0.999,0.999439461883408
126,446,7,47,0.999,0.999439461883408
127,446,7,47,0.999,0.999439461883408
128,446,5,49,0.999,0.999439461883408
129,446,4,50,1.0,1.0
130,446,4,50,1.0,1.0
131,446,4,50,1.0,1.0
132,446,3,51,1.0,1.0
133,446,3,51,1.0,1.0
134,446,3,51,1.0,1.0
135,446,3,51,1.0,1.0
136,446,3,51,1.0,1.0
137,446,3,51,1.0,1.0
138,446,3,51,1.0,1.0
139,446,3,51,1.0,1.0
140,446,3,51,1.0,1.0
141,446,2,52,1.0,1.0
142,446,2,52,1.0,1.0
143,446,1,53,1.0,1.0
144,446,1,53,1.0,1.0
145,446,1,53,1.0,1.0
146,446,1,53,1.0,1.0
147,446,1,53,1.0,1.0
148,446,1,53,1.0,1.0
149,446,0,54,1.0,1.0
150,446,0,54,1.0,1.0
151,446,0,54,1.0,1.0
152,446,0,54,1.0,1.0
153,446,0,54,1.0,1.0
154,446,0,54,1.0,1.0
155,446,0,54,1.0,1.0
156,446,0,54,1.0,1.0
157,446,0,54,1.0,1.0
158,446,0,54,1.0,1.0
159,446,0,54,1.0,1.0
160,446,0,54,1.0,1.0
161,446,0,54,1.0,1.0
162,446,0,54,1.0,1.0
163,446,0,54,1.0,1.0
164,446,0,54,1.0,1.0
165,446,0,54,1.0,1.0
166,446,0,54,1.0,1.0
167,446,0,54,1.0,1.0
168,446,0,54,1.0,1.0
169,446,0,54,1.0,1.0
170,446,0,54,1.0,1.0
171,446,0,54,1.0,1.0
172,446,0,54,1.0,1.0
173,446,0,54,1.0,1.0
174,446,0,54,1.0,1.0
175,446,0,54,1.0,1.0
176,446,0,54,1.0,1.0
177,446,0,54,1.0,1.0
178,446,0,54,1.0,1.0
179,446,0,54,1.0,1.0
180,446,0,54,1.0,1.0
181,446,0,54,1.0,1.0
182,446,0,54,1.0,1.0
183,446,0,54,1.0,1.0
184,446,0,54,1.0,1.0
185,446,0,54,1.0,1.0
186,446,0,54,1.0,1.0
187,446,0,54,1.0,1.0
188,446,0,54,1.0,1.0
189,446,0,54,1.0,1.0
190,446,0,54,1.0,1.0
191,446,0,54,1.0,1.0
192,446,0,54,1.0,1.0
193,446,0,54,1.0,1.0
194,446,0,54,1.0,1.0
195,446,0,54,1.0,1.0
196,446,0,54,1.0,1.0
197,446,0,54,1.0,1.0
198,446,0,54,1.0,1.0
199,446,0,54,1.0,1.0
200,446,0,54,1.0,1.0
1,498,2,0,1.0,1.0
2,498,2,0,1.0,1.0
3,496,4,0,0.999,0.9994959677419355
4,496,4,0,0.999,0.9994959677419355
5,495,4,1,0.999,0.9994949494949495
6,495,4,1,0.999,0.9994949494949495
7,495,3,2,1.0,1.0
8,495,3,2,1.0,1.0
9,495,3,2,1.0,1.0
10,495,3,2,1.0,1.0
11,494,4,2,0.999,0.9994939271255061
12,493,5,2,0.999,0.9994929006085193
13,492,5,3,0.999,0.9994918699186992
14,492,5,3,0.999,0.9994918699186992
15,492,4,4,0.999,0.9994918699186992
16,491,5,4,0.999,0.9994908350305499
17,491,5,4,0.999,0.9994908350305499
18,490,6,4,0.998,0.9989795918367347
19,490,6,4,0.998,0.9989795918367347
20,489,7,4,0.996,0.9980572597137014
21,487,9,4,0.998,0.9990759753593429
22,487,9,4,0.998,0.9990759753593429
23,486,10,4,0.997,0.9986625514403292
24,486,9,5,0.997,0.9986625514403292
25,485,10,5,0.997,0.998659793814433
26,483,12,5,0.995,0.9974465148378192
27,483,12,5,0.995,0.9974465148378192
28,483,12,5,0.995,0.9974465148378192
29,483,11,6,0.996,0.9979641131815045
30,482,12,6,0.998,0.9987897648686029
31,482,12,6,0.998,0.9987897648686029
32,481,11,8,0.999,0.9993069993069992
33,481,10,9,0.999,0.9993069993069992
34,480,11,9,0.999,0.9993055555555554
35,480,11,9,0.999,0.9993055555555554
36,480,11,9,0.999,0.9993055555555554
37,480,11,9,0.999,0.9993055555555554
38,480,11,9,0.999,0.9993055555555554
39,480,11,9,0.999,0.9993055555555554
40,479,11,10,1.0,1.0
41,478,12,10,1.0,1.0
42,477,12,11,0.999,0.999475890985325
43,477,11,12,0.999,0.999475890985325
44,477,10,13,1.0,1.0
45,475,12,13,0.998,0.9987719298245613
46,475,11,14,0.998,0.9987719298245613
47,475,11,14,0.998,0.9987719298245613
48,474,12,14,0.997,0.9982419127988748
49,474,10,16,0.997,0.9982419127988748
50,474,10,16,0.997,0.9982419127988748
51,472,10,18,0.995,0.9971751412429378
52,472,10,18,0.995,0.9971751412429378
53,472,10,18,0.995,0.9971751412429378
54,472,9,19,0.995,0.9971751412429378
55,471,10,19,0.995,0.9971691436659589
56,471,10,19,0.995,0.9971691436659589
57,471,9,20,0.995,0.9971691436659589
58,471,9,20,0.995,0.9971691436659589
59,470,10,20,0.995,0.9971631205673758
60,468,12,20,0.994,0.996616809116809
61,466,14,20,0.994,0.9966022889842632
62,465,15,20,0.993,0.9958781362007169
63,465,13,22,0.997,0.9982078853046594
64,465,13,22,0.997,0.9982078853046594
65,465,11,24,0.998,0.9989247311827957
66,465,11,24,0.998,0.9989247311827957
67,464,11,25,0.997,0.9983836206896551
68,464,10,26,0.998,0.9989224137931034
69,463,11,26,0.997,0.9983801295896328
70,462,12,26,0.997,0.9983766233766234
71,461,13,26,0.996,0.9978308026030369
72,460,14,26,0.998,0.9989130434782608
73,458,14,28,0.998,0.9989082969432315
74,456,16,28,0.997,0.9983552631578947
75,456,15,29,0.998,0.9989035087719298
76,455,15,30,0.997,0.9983516483516484
77,454,13,33,0.997,0.9983480176211453
78,454,13,33,0.997,0.9983480176211453
79,454,13,33,0.997,0.9983480176211453
80,453,14,33,0.997,0.9983443708609272
81,450,17,33,0.996,0.9977777777777778
82,449,17,34,0.997,0.9983296213808464
83,449,16,35,0.997,0.9983296213808464
84,449,16,35,0.997,0.9983296213808464
85,449,15,36,0.997,0.9983296213808464
86,447,17,36,0.995,0.9972035794183445
87,447,16,37,0.995,0.9972035794183445
88,447,16,37,0.995,0.9972035794183445
89,447,15,38,0.995,0.9972035794183445
90,446,15,39,0.994,0.9966367713004485
91,446,13,41,0.994,0.9966367713004485
92,446,13,41,0.994,0.9966367713004485
93,444,15,41,0.994,0.9966216216216216
94,442,17,41,0.994,0.996606334841629
95,440,18,42,0.992,0.9954545454545455
96,439,19,42,0.991,0.994874715261959
97,437,21,42,0.992,0.9952326468344775
98,434,21,45,0.994,0.9963517665130569
99,433,20,47,0.995,0.9971131639722863
100,432,21,47,0.995,0.9971064814814815
101,431,21,48,0.995,0.9970997679814385
102,430,21,49,0.995,0.997093023255814
103,430,20,50,0.995,0.997093023255814
104,430,20,50,0.995,0.997093023255814
105,430,18,52,0.996,0.9976744186046511
106,429,17,54,0.997,0.9982517482517482
107,429,17,54,0.997,0.9982517482517482
108,428,18,54,0.996,0.9976635514018691
109,428,18,54,0.996,0.9976635514018691
110,428,18,54,0.996,0.9976635514018691
111,428,15,57,0.997,0.9982476635514018
112,427,15,58,0.996,0.9976580796252927
113,427,15,58,0.996,0.9976580796252927
114,425,17,58,0.996,0.9976470588235294
115,425,17,58,0.996,0.9976470588235294
116,425,17,58,0.996,0.9976470588235294
117,424,18,58,0.996,0.9976415094339622
118,424,18,58,0.996,0.9976415094339622
119,424,18,58,0.996,0.9976415094339622
120,424,17,59,0.996,0.9976415094339622
121,423,17,60,0.995,0.9970449172576832
122,423,16,61,0.996,0.9976359338061466
123,423,16,61,0.996,0.9976359338061466
124,423,16,61,0.996,0.9976359338061466
125,423,16,61,0.996,0.9976359338061466
126,423,16,61,0.996,0.9976359338061466
127,423,14,63,0.996,0.9976359338061466
128,423,14,63,0.996,0.9976359338061466
129,422,14,64,0.995,0.9970379146919431
130,422,14,64,0.995,0.9970379146919431
131,421,15,64,0.996,0.997624703087886
132,420,16,64,0.997,0.9982142857142857
133,420,16,64,0.997,0.9982142857142857
134,420,16,64,0.997,0.9982142857142857
135,420,16,64,0.997,0.9982142857142857
136,419,13,68,0.999,0.9994033412887828
137,418,14,68,0.999,0.9994019138755981
138,418,14,68,0.999,0.9994019138755981
139,418,14,68,0.999,0.9994019138755981
140,418,13,69,0.999,0.9994019138755981
141,418,11,71,0.999,0.9994019138755981
142,418,11,71,0.999,0.9994019138755981
143,418,11,71,0.999,0.9994019138755981
144,418,11,71,0.999,0.9994019138755981
145,418,10,72,0.999,0.9994019138755981
146,418,10,72,0.999,0.9994019138755981
147,418,10,72,0.999,0.9994019138755981
148,418,9,73,0.999,0.9994019138755981
149,418,9,73,0.999,0.9994019138755981
150,418,9,73,0.999,0.9994019138755981
151,418,9,73,0.999,0.9994019138755981
152,418,9,73,0.999,0.9994019138755981
153,418,9,73,0.999,0.9994019138755981
154,418,8,74,1.0,1.0
155,418,8,74,1.0,1.0
156,418,8,74,1.0,1.0
157,416,10,74,0.999,0.9993990384615384
158,415,11,74,0.998,0.9987951807228915
159,415,11,74,0.998,0.9987951807228915
160,415,11,74,0.998,0.9987951807228915
161,414,11,75,0.998,0.998792270531401
162,414,11,75,0.998,0.998792270531401
163,414,11,75,0.998,0.998792270531401
164,414,11,75,0.998,0.998792270531401
165,413,11,76,0.997,0.9981840193704601
166,412,11,77,0.996,0.9975728155339806
167,412,11,77,0.996,0.9975728155339806
168,412,11,77,0.996,0.9975728155339806
169,411,11,78,0.996,0.9975669099756691
170,411,10,79,0.996,0.9975669099756691
171,410,11,79,0.995,0.9969512195121951
172,410,10,80,0.996,0.9975609756097561
173,410,10,80,0.996,0.9975609756097561
174,410,9,81,0.996,0.9975609756097561
175,410,8,82,0.997,0.9981707317073171
176,410,8,82,0.997,0.9981707317073171
177,408,10,82,0.997,0.9981617647058824
178,408,10,82,0.997,0.9981617647058824
179,408,9,83,0.997,0.9981617647058824
180,408,8,84,0.997,0.9981617647058824
181,407,9,84,0.995,0.9969287469287469
182,407,9,84,0.995,0.9969287469287469
183,407,9,84,0.995,0.9969287469287469
184,406,8,86,0.996,0.9973316912972084
185,406,8,86,0.996,0.9973316912972084
186,405,9,86,0.996,0.9975308641975309
187,405,9,86,0.996,0.9975308641975309
188,405,9,86,0.996,0.9975308641975309
189,405,8,87,0.997,0.9981481481481481
190,405,8,87,0.997,0.9981481481481481
191,405,8,87,0.997,0.9981481481481481
192,405,8,87,0.997,0.9981481481481481
193,405,8,87,0.997,0.9981481481481481
194,404,9,87,0.997,0.9981435643564357
195,404,9,87,0.997,0.9981435643564357
196,404,9,87,0.997,0.9981435643564357
197,404,8,88,0.997,0.9981435643564357
198,404,8,88,0.997,0.9981435643564357
199,404,8,88,0.997,0.9981435643564357
200,404,8,88,0.997,0.9981435643564357
1,499,1,0,1.0,1.0
2,499,1,0,1.0,1.0
3,499,1,0,1.0,1.0
4,499,0,1,1.0,1.0
5,499,0,1,1.0,1.0
6,499,0,1,1.0,1.0
7,499,0,1,1.0,1.0
8,499,0,1,1.0,1.0
9,499,0,1,1.0,1.0
10,499,0,1,1.0,1.0
11,499,0,1,1.0,1.0
12,499,0,1,1.0,1.0
13,499,0,1,1.0,1.0
14,499,0,1,1.0,1.0
15,499,0,1,1.0,1.0
16,499,0,1,1.0,1.0
17,499,0,1,1.0,1.0
18,499,0,1,1.0,1.0
19,499,0,1,1.0,1.0
20,499,0,1,1.0,1.0
21,499,0,1,1.0,1.0
22,499,0,1,1.0,1.0
23,499,0,1,1.0,1.0
24,499,0,1,1.0,1.0
25,499,0,1,1.0,1.0
26,499,0,1,1.0,1.0
27,499,0,1,1.0,1.0
28,499,0,1,1.0,1.0
29,499,0,1,1.0,1.0
30,499,0,1,1.0,1.0
31,499,0,1,1.0,1.0
32,499,0,1,1.0,1.0
33,499,0,1,1.0,1.0
34,499,0,1,1.0,1.0
35,499,0,1,1.0,1.0
36,499,0,1,1.0,1.0
37,499,0,1,1.0,1.0
38,499,0,1,1.0,1.0
39,499,0,1,1.0,1.0
40,499,0,1,1.0,1.0
41,499,0,1,1.0,1.0
42,499,0,1,1.0,1.0
43,499,0,1,1.0,1.0
44,499,0,1,1.0,1.0
45,499,0,1,1.0,1.0
46,499,0,1,1.0,1.0
47,499,0,1,1.0,1.0
48,499,0,1,1.0,1.0
49,499,0,1,1.0,1.0
50,499,0,1,1.0,1.0
51,499,0,1,1.0,1.0
52,499,0,1,1.0,1.0
53,499,0,1,1.0,1.0
54,499,0,1,1.0,1.0
55,499,0,1,1.0,1.0
56,499,0,1,1.0,1.0
57,499,0,1,1.0,1.0
58,499,0,1,1.0,1.0
59,499,0,1,1.0,1.0
60,499,0,1,1.0,1.0
61,499,0,1,1.0,1.0
62,499,0,1,1.0,1.0
63,499,0,1,1.0,1.0
64,499,0,1,1.0,1.0
65,499,0,1,1.0,1.0
66,499,0,1,1.0,1.0
67,499,0,1,1.0,1.0
68,499,0,1,1.0,1.0
69,499,0,1,1.0,1.0
70,499,0,1,1.0,1.0
71,499,0,1,1.0,1.0
72,499,0,1,1.0,1.0
73,499,0,1,1.0,1.0
74,499,0,1,1.0,1.0
75,499,0,1,1.0,1.0
76,499,0,1,1.0,1.0
77,499,0,1,1.0,1.0
78,499,0,1,1.0,1.0
79,499,0,1,1.0,1.0
80,499,0,1,1.0,1.0
81,499,0,1,1.0,1.0
82,499,0,1,1.0,1.0
83,499,0,1,1.0,1.0
84,499,0,1,1.0,1.0
85,499,0,1,1.0,1.0
86,499,0,1,1.0,1.0
87,499,0,1,1.0,1.0
88,499,0,1,1.0,1.0
89,499,0,1,1.0,1.0
90,499,0,1,1.0,1.0
91,499,0,1,1.0,1.0
92,499,0,1,1.0,1.0
93,499,0,1,1.0,1.0
94,499,0,1,1.0,1.0
95,499,0,1,1.0,1.0
96,499,0,1,1.0,1.0
97,499,0,1,1.0,1.0
98,499,0,1,1.0,1.0
99,499,0,1,1.0,1.0
100,499,0,1,1.0,1.0
101,499,0,1,1.0,1.0
102,499,0,1,1.0,1.0
103,499,0,1,1.0,1.0
104,499,0,1,1.0,1.0
105,499,0,1,1.0,1.0
106,499,0,1,1.0,1.0
107,499,0,1,1.0,1.0
108,499,0,1,1.0,1.0
109,499,0,1,1.0,1.0
110,499,0,1,1.0,1.0
111,499,0,1,1.0,1.0
112,499,0,1,1.0,1.0
113,499,0,1,1.0,1.0
114,499,0,1,1.0,1.0
115,499,0,1,1.0,1.0
116,499,0,1,1.0,1.0
117,499,0,1,1.0,1.0
118,499,0,1,1.0,1.0
119,499,0,1,1.0,1.0
120,499,0,1,1.0,1.0
121,499,0,1,1.0,1.0
122,499,0,1,1.0,1.0
123,499,0,1,1.0,1.0
124,499,0,1,1.0,1.0
125,499,0,1,1.0,1.0
126,499,0,1,1.0,1.0
127,499,0,1,1.0,1.0
128,499,0,1,1.0,1.0
129,499,0,1,1.0,1.0
130,499,0,1,1.0,1.0
131,499,0,1,1.0,1.0
132,499,0,1,1.0,1.0
133,499,0,1,1.0,1.0
134,499,0,1,1.0,1.0
135,499,0,1,1.0,1.0
136,499,0,1,1.0,1.0
137,499,0,1,1.0,1.0
138,499,0,1,1.0,1.0
139,499,0,1,1.0,1.0
140,499,0,1,1.0,1.0
141,499,0,1,1.0,1.0
142,499,0,1,1.0,1.0
143,499,0,1,1.0,1.0
144,499,0,1,1.0,1.0
145,499,0,1,1.0,1.0
146,499,0,1,1.0,1.0
147,499,0,1,1.0,1.0
148,499,0,1,1.0,1.0
149,499,0,1,1.0,1.0
150,499,0,1,1.0,1.0
151,499,0,1,1.0,1.0
152,499,0,1,1.0,1.0
153,499,0,1,1.0,1.0
154,499,0,1,1.0,1.0
155,499,0,1,1.0,1.0
156,499,0,1,1.0,1.0
157,499,0,1,1.0,1.0
158,499,0,1,1.0,1.0
159,499,0,1,1.0,1.0
160,499,0,1,1.0,1.0
161,499,0,1,1.0,1.0
162,499,0,1,1.0,1.0
163,499,0,1,1.0,1.0
164,499,0,1,1.0,1.0
165,499,0,1,1.0,1.0
166,499,0,1,1.0,1.0
167,499,0,1,1.0,1.0
168,499,0,1,1.0,1.0
169,499,0,1,1.0,1.0
170,499,0,1,1.0,1.0
171,499,0,1,1.0,1.0
172,499,0,1,1.0,1.0
173,499,0,1,1.0,1.0
174,499,0,1,1.0,1.0
175,499,0,1,1.0,1.0
176,499,0,1,1.0,1.0
177,499,0,1,1.0,1.0
178,499,0,1,1.0,1.0
179,499,0,1,1.0,1.0
180,499,0,1,1.0,1.0
181,499,0,1,1.0,1.0
182,499,0,1,1.0,1.0
183,499,0,1,1.0,1.0
184,499,0,1,1.0,1.0
185,499,0,1,1.0,1.0
186,499,0,1,1.0,1.0
187,499,0,1,1.0,1.0
188,499,0,1,1.0,1.0
189,499,0,1,1.0,1.0
190,499,0,1,1.0,1.0
191,499,0,1,1.0,1.0
192,499,0,1,1.0,1.0
193,499,0,1,1.0,1.0
194,499,0,1,1.0,1.0
195,499,0,1,1.0,1.0
196,499,0,1,1.0,1.0
197,499,0,1,1.0,1.0
198,499,0,1,1.0,1.0
199,499,0,1,1.0,1.0
200,499,0,1,1.0,1.0
1,498,2,0,0.999,0.9994979919678715
2,498,2,0,0.999,0.9994979919678715
3,497,3,0,0.998,0.9989939637826962
4,497,3,0,0.998,0.9989939637826962
5,497,3,0,0.998,0.9989939637826962
6,497,3,0,0.998,0.9989939637826962
7,497,3,0,0.998,0.9989939637826962
8,497,3,0,0.998,0.9989939637826962
9,497,3,0,0.998,0.9989939637826962
10,496,4,0,1.0,1.0
11,496,4,0,1.0,1.0
12,496,4,0,1.0,1.0
13,496,4,0,1.0,1.0
14,496,3,1,1.0,1.0
15,496,3,1,1.0,1.0
16,496,3,1,1.0,1.0
17,496,2,2,1.0,1.0
18,495,3,2,0.999,0.9993265993265993
19,495,3,2,0.999,0.9993265993265993
20,495,2,3,1.0,1.0
21,495,2,3,1.0,1.0
22,494,3,3,1.0,1.0
23,494,3,3,1.0,1.0
24,494,3,3,1.0,1.0
25,494,3,3,1.0,1.0
26,493,4,3,1.0,1.0
27,493,4,3,1.0,1.0
28,493,3,4,1.0,1.0
29,492,4,4,1.0,1.0
30,492,4,4,1.0,1.0
31,491,4,5,0.998,0.9989816700610998
32,491,4,5,0.998,0.9989816700610998
33,491,4,5,0.998,0.9989816700610998
34,490,5,5,0.997,0.9984693877551021
35,490,4,6,0.999,0.9994897959183674
36,490,4,6,0.999,0.9994897959183674
37,490,3,7,0.999,0.9994897959183674
38,490,3,7,0.999,0.9994897959183674
39,490,3,7,0.999,0.9994897959183674
40,490,3,7,0.999,0.9994897959183674
41,490,3,7,0.999,0.9994897959183674
42,490,2,8,0.999,0.9994897959183674
43,490,2,8,0.999,0.9994897959183674
44,490,2,8,0.999,0.9994897959183674
45,489,3,8,0.999,0.9994887525562373
46,489,3,8,0.999,0.9994887525562373
47,489,3,8,0.999,0.9994887525562373
48,489,3,8,0.999,0.9994887525562373
49,489,2,9,1.0,1.0
50,489,2,9,1.0,1.0
51,489,2,9,1.0,1.0
52,489,2,9,1.0,1.0
53,489,1,10,1.0,1.0
54,489,1,10,1.0,1.0
55,489,1,10,1.0,1.0
56,489,1,10,1.0,1.0
57,489,1,10,1.0,1.0
58,489,1,10,1.0,1.0
59,489,1,10,1.0,1.0
60,489,1,10,1.0,1.0
61,489,1,10,1.0,1.0
62,489,1,10,1.0,1.0
63,489,1,10,1.0,1.0
64,489,1,10,1.0,1.0
65,489,1,10,1.0,1.0
66,489,1,10,1.0,1.0
67,489,1,10,1.0,1.0
68,489,1,10,1.0,1.0
69,489,1,10,1.0,1.0
70,489,1,10,1.0,1.0
71,489,1,10,1.0,1.0
72,489,1,10,1.0,1.0
73,489,1,10,1.0,1.0
74,489,1,10,1.0,1.0
75,489,1,10,1.0,1.0
76,489,1,10,1.0,1.0
77,489,0,11,1.0,1.0
78,489,0,11,1.0,1.0
79,489,0,11,1.0,1.0
80,489,0,11,1.0,1.0
81,489,0,11,1.0,1.0
82,489,0,11,1.0,1.0
83,489,0,11,1.0,1.0
84,489,0,11,1.0,1.0
85,489,0,11,1.0,1.0
86,489,0,11,1.0,1.0
87,489,0,11,1.0,1.0
88,489,0,11,1.0,1.0
89,489,0,11,1.0,1.0
90,489,0,11,1.0,1.0
91,489,0,11,1.0,1.0
92,489,0,11,1.0,1.0
93,489,0,11,1.0,1.0
94,489,0,11,1.0,1.0
95,489,0,11,1.0,1.0
96,489,0,11,1.0,1.0
97,489,0,11,1.0,1.0
98,489,0,11,1.0,1.0
99,489,0,11,1.0,1.0
100,489,0,11,1.0,1.0
101,489,0,11,1.0,1.0
102,489,0,11,1.0,1.0
103,489,0,11,1.0,1.0
104,489,0,11,1.0,1.0
105,489,0,11,1.0,1.0
106,489,0,11,1.0,1.0
107,489,0,11,1.0,1.0
108,489,0,11,1.0,1.0
109,489,0,11,1.0,1.0
110,489,0,11,1.0,1.0
111,489,0,11,1.0,1.0
112,489,0,11,1.0,1.0
113,489,0,11,1.0,1.0
114,489,0,11,1.0,1.0
115,489,0,11,1.0,1.0
116,489,0,11,1.0,1.0
117,489,0,11,1.0,1.0
118,489,0,11,1.0,1.0
119,489,0,11,1.0,1.0
120,489,0,11,1.0,1.0
121,489,0,11,1.0,1.0
122,489,0,11,1.0,1.0
123,489,0,11,1.0,1.0
124,489,0,11,1.0,1.0
125,489,0,11,1.0,1.0
126,489,0,11,1.0,1.0
127,489,0,11,1.0,1.0
128,489,0,11,1.0,1.0
129,489,0,11,1.0,1.0
130,489,0,11,1.0,1.0
131,489,0,11,1.0,1.0
132,489,0,11,1.0,1.0
133,489,0,11,1.0,1.0
134,489,0,11,1.0,1.0
135,489,0,11,1.0,1.0
136,489,0,11,1.0,1.0
137,489,0,11,1.0,1.0
138,489,0,11,1.0,1.0
139,489,0,11,1.0,1.0
140,489,0,11,1.0,1.0
141,489,0,11,1.0,1.0
142,489,0,11,1.0,1.0
143,489,0,11,1.0,1.0
144,489,0,11,1.0,1.0
145,489,0,11,1.0,1.0
146,489,0,11,1.0,1.0
147,489,0,11,1.0,1.0
148,489,0,11,1.0,1.0
149,489,0,11,1.0,1.0
150,489,0,11,1.0,1.0
151,489,0,11,1.0,1.0
152,489,0,11,1.0,1.0
153,489,0,11,1.0,1.0
154,489,0,11,1.0,1.0
155,489,0,11,1.0,1.0
156,489,0,11,1.0,1.0
157,489,0,11,1.0,1.0
158,489,0,11,1.0,1.0
159,489,0,11,1.0,1.0
160,489,0,11,1.0,1.0
161,489,0,11,1.0,1.0
162,489,0,11,1.0,1.0
163,489,0,11,1.0,1.0
164,489,0,11,1.0,1.0
165,489,0,11,1.0,1.0
166,489,0,11,1.0,1.0
167,489,0,11,1.0,1.0
168,489,0,11,1.0,1.0
169,489,0,11,1.0,1.0
170,489,0,11,1.0,1.0
171,489,0,11,1.0,1.0
172,489,0,11,1.0,1.0
173,489,0,11,1.0,1.0
174,489,0,11,1.0,1.0
175,489,0,11,1.0,1.0
176,489,0,11,1.0,1.0
177,489,0,11,1.0,1.0
178,489,0,11,1.0,1.0
179,489,0,11,1.0,1.0
180,489,0,11,1.0,1.0
181,489,0,11,1.0,1.0
182,489,0,11,1.0,1.0
183,489,0,11,1.0,1.0
184,489,0,11,1.0,1.0
185,489,0,11,1.0,1.0
186,489,0,11,1.0,1.0
187,489,0,11,1.0,1.0
188,489,0,11,1.0,1.0
189,489,0,11,1.0,1.0
190,489,0,11,1.0,1.0
191,489,0,11,1.0,1.0
192,489,0,11,1.0,1.0
193,489,0,11,1.0,1.0
194,489,0,11,1.0,1.0
195,489,0,11,1.0,1.0
196,489,0,11,1.0,1.0
197,489,0,11,1.0,1.0
198,489,0,11,1.0,1.0
199,489,0,11,1.0,1.0
200,489,0,11,1.0,1.0
1,499,1,0,1.0,1.0
2,499,1,0,1.0,1.0
3,499,1,0,1.0,1.0
4,499,1,0,1.0,1.0
5,499,1,0,1.0,1.0
6,498,2,0,0.999,0.9994979919678715
7,498,2,0,0.999,0.9994979919678715
8,498,2,0,0.999,0.9994979919678715
9,498,2,0,0.999,0.9994979919678715
10,498,2,0,0.999,0.9994979919678715
11,498,2,0,0.999,0.9994979919678715
12,498,2,0,0.999,0.9994979919678715
13,498,2,0,0.999,0.9994979919678715
14,497,3,0,0.998,0.9989939637826962
15,497,3,0,0.998,0.9989939637826962
16,497,3,0,0.998,0.9989939637826962
17,497,3,0,0.998,0.9989939637826962
18,496,4,0,0.996,0.9979838709677419
19,496,3,1,0.998,0.998991935483871
20,496,3,1,0.998,0.998991935483871
21,496,3,1,0.998,0.998991935483871
22,495,4,1,0.997,0.9984848484848485
23,495,4,1,0.997,0.9984848484848485
24,494,5,1,0.999,0.9994939271255061
25,494,4,2,1.0,1.0
26,494,4,2,1.0,1.0
27,494,3,3,1.0,1.0
28,494,3,3,1.0,1.0
29,494,2,4,1.0,1.0
30,493,3,4,0.999,0.9994929006085193
31,493,3,4,0.999,0.9994929006085193
32,493,3,4,0.999,0.9994929006085193
33,493,3,4,0.999,0.9994929006085193
34,493,3,4,0.999,0.9994929006085193
35,493,3,4,0.999,0.9994929006085193
36,493,3,4,0.999,0.9994929006085193
37,493,3,4,0.999,0.9994929006085193
38,493,3,4,0.999,0.9994929006085193
39,493,3,4,0.999,0.9994929006085193
40,493,3,4,0.999,0.9994929006085193
41,493,3,4,0.999,0.9994929006085193
42,493,3,4,0.999,0.9994929006085193
43,493,3,4,0.999,0.9994929006085193
44,493,3,4,0.999,0.9994929006085193
45,493,3,4,0.999,0.9994929006085193
46,493,3,4,0.999,0.9994929006085193
47,493,3,4,0.999,0.9994929006085193
48,493,2,5,1.0,1.0
49,493,2,5,1.0,1.0
50,493,2,5,1.0,1.0
51,493,2,5,1.0,1.0
52,493,1,6,1.0,1.0
53,493,1,6,1.0,1.0
54,493,1,6,1.0,1.0
55,493,1,6,1.0,1.0
56,493,1,6,1.0,1.0
57,493,1,6,1.0,1.0
58,493,1,6,1.0,1.0
59,493,1,6,1.0,1.0
60,493,1,6,1.0,1.0
61,493,1,6,1.0,1.0
62,493,1,6,1.0,1.0
63,493,1,6,1.0,1.0
64,493,1,6,1.0,1.0
65,493,1,6,1.0,1.0
66,493,1,6,1.0,1.0
67,493,1,6,1.0,1.0
68,493,1,6,1.0,1.0
69,493,1,6,1.0,1.0
70,493,1,6,1.0,1.0
71,493,1,6,1.0,1.0
72,493,1,6,1.0,1.0
73,493,0,7,1.0,1.0
74,493,0,7,1.0,1.0
75,493,0,7,1.0,1.0
76,493,0,7,1.0,1.0
77,493,0,7,1.0,1.0
78,493,0,7,1.0,1.0
79,493,0,7,1.0,1.0
80,493,0,7,1.0,1.0
81,493,0,7,1.0,1.0
82,493,0,7,1.0,1.0
83,493,0,7,1.0,1.0
84,493,0,7,1.0,1.0
85,493,0,7,1.0,1.0
86,493,0,7,1.0,1.0
87,493,0,7,1.0,1.0
88,493,0,7,1.0,1.0
89,493,0,7,1.0,1.0
90,493,0,7,1.0,1.0
91,493,0,7,1.0,1.0
92,493,0,7,1.0,1.0
93,493,0,7,1.0,1.0
94,493,0,7,1.0,1.0
95,493,0,7,1.0,1.0
96,493,0,7,1.0,1.0
97,493,0,7,1.0,1.0
98,493,0,7,1.0,1.0
99,493,0,7,1.0,1.0
100,493,0,7,1.0,1.0
101,493,0,7,1.0,1.0
102,493,0,7,1.0,1.0
103,493,0,7,1.0,1.0
104,493,0,7,1.0,1.0
105,493,0,7,1.0,1.0
106,493,0,7,1.0,1.0
107,493,0,7,1.0,1.0
108,493,0,7,1.0,1.0
109,493,0,7,1.0,1.0
110,493,0,7,1.0,1.0
111,493,0,7,1.0,1.0
112,493,0,7,1.0,1.0
113,493,0,7,1.0,1.0
114,493,0,7,1.0,1.0
115,493,0,7,1.0,1.0
116,493,0,7,1.0,1.0
117,493,0,7,1.0,1.0
118,493,0,7,1.0,1.0
119,493,0,7,1.0,1.0
120,493,0,7,1.0,1.0
121,493,0,7,1.0,1.0
122,493,0,7,1.0,1.0
123,493,0,7,1.0,1.0
124,493,0,7,1.0,1.0
125,493,0,7,1.0,1.0
126,493,0,7,1.0,1.0
127,493,0,7,1.0,1.0
128,493,0,7,1.0,1.0
129,493,0,7,1.0,1.0
130,493,0,7,1.0,1.0
131,493,0,7,1.0,1.0
132,493,0,7,1.0,1.0
133,493,0,7,1.0,1.0
134,493,0,7,1.0,1.0
135,493,0,7,1.0,1.0
136,493,0,7,1.0,1.0
137,493,0,7,1.0,1.0
138,493,0,7,1.0,1.0
139,493,0,7,1.0,1.0
140,493,0,7,1.0,1.0
141,493,0,7,1.0,1.0
142,493,0,7,1.0,1.0
143,493,0,7,1.0,1.0
144,493,0,7,1.0,1.0
145,493,0,7,1.0,1.0
146,493,0,7,1.0,1.0
147,493,0,7,1.0,1.0
148,493,0,7,1.0,1.0
149,493,0,7,1.0,1.0
150,493,0,7,1.0,1.0
151,493,0,7,1.0,1.0
152,493,0,7,1.0,1.0
153,493,0,7,1.0,1.0
154,493,0,7,1.0,1.0
155,493,0,7,1.0,1.0
156,493,0,7,1.0,1.0
157,493,0,7,1.0,1.0
158,493,0,7,1.0,1.0
159,493,0,7,1.0,1.0
160,493,0,7,1.0,1.0
161,493,0,7,1.0,1.0
162,493,0,7,1.0,1.0
163,493,0,7,1.0,1.0
164,493,0,7,1.0,1.0
165,493,0,7,1.0,1.0
166,493,0,7,1.0,1.0
167,493,0,7,1.0,1.0
168,493,0,7,1.0,1.0
169,493,0,7,1.0,1.0
170,493,0,7,1.0,1.0
171,493,0,7,1.0,1.0
172,493,0,7,1.0,1.0
173,493,0,7,1.0,1.0
174,493,0,7,1.0,1.0
175,493,0,7,1.0,1.0
176,493,0,7,1.0,1.0
177,493,0,7,1.0,1.0
178,493,0,7,1.0,1.0
179,493,0,7,1.0,1.0
180,493,0,7,1.0,1.0
181,493,0,7,1.0,1.0
182,493,0,7,1.0,1.0
183,493,0,7,1.0,1.0
184,493,0,7,1.0,1.0
185,493,0,7,1.0,1.0
186,493,0,7,1.0,1.0
187,493,0,7,1.0,1.0
188,493,0,7,1.0,1.0
189,493,0,7,1.0,1.0
190,493,0,7,1.0,1.0
191,493,0,7,1.0,1.0
192,493,0,7,1.0,1.0
193,493,0,7,1.0,1.0
194,493,0,7,1.0,1.0
195,493,0,7,1.0,1.0
196,493,0,7,1.0,1.0
197,493,0,7,1.0,1.0
198,493,0,7,1.0,1.0
199,493,0,7,1.0,1.0
200,493,0,7,1.0,1.0
1,497,2,1,0.999,0.9994969818913481
2,497,2,1,0.999,0.9994969818913481
3,497,2,1,0.999,0.9994969818913481
4,497,2,1,0.999,0.9994969818913481
5,496,3,1,0.998,0.998991935483871
6,496,3,1,0.998,0.998991935483871
7,496,2,2,0.999,0.9994959677419355
8,496,2,2,0.999,0.9994959677419355
9,496,2,2,0.999,0.9994959677419355
10,496,2,2,0.999,0.9994959677419355
11,496,2,2,0.999,0.9994959677419355
12,496,2,2,0.999,0.9994959677419355
13,496,2,2,0.999,0.9994959677419355
14,496,2,2,0.999,0.9994959677419355
15,496,2,2,0.999,0.9994959677419355
16,496,2,2,0.999,0.9994959677419355
17,496,2,2,0.999,0.9994959677419355
18,496,2,2,0.999,0.9994959677419355
19,496,2,2,0.999,0.9994959677419355
20,496,2,2,0.999,0.9994959677419355
21,496,2,2,0.999,0.9994959677419355
22,496,2,2,0.999,0.9994959677419355
23,496,2,2,0.999,0.9994959677419355
24,496,2,2,0.999,0.9994959677419355
25,496,2,2,0.999,0.9994959677419355
26,496,2,2,0.999,0.9994959677419355
27,496,2,2,0.999,0.9994959677419355
28,496,2,2,0.999,0.9994959677419355
29,496,2,2,0.999,0.9994959677419355
30,496,2,2,0.999,0.9994959677419355
31,496,2,2,0.999,0.9994959677419355
32,495,3,2,1.0,1.0
33,495,3,2,1.0,1.0
34,495,3,2,1.0,1.0
35,495,3,2,1.0,1.0
36,495,3,2,1.0,1.0
37,495,3,2,1.0,1.0
38,495,3,2,1.0,1.0
39,495,3,2,1.0,1.0
40,495,3,2,1.0,1.0
41,495,3,2,1.0,1.0
42,495,3,2,1.0,1.0
43,495,3,2,1.0,1.0
44,495,3,2,1.0,1.0
45,495,3,2,1.0,1.0
46,494,4,2,0.999,0.9994939271255061
47,494,4,2,0.999,0.9994939271255061
48,494,4,2,0.999,0.9994939271255061
49,494,4,2,0.999,0.9994939271255061
50,493,5,2,0.997,0.9984787018255578
51,492,6,2,0.996,0.9979674796747967
52,491,7,2,0.995,0.9974541751527495
53,491,6,3,0.997,0.9984725050916496
54,491,6,3,0.997,0.9984725050916496
55,491,6,3,0.997,0.9984725050916496
56,491,6,3,0.997,0.9984725050916496
57,491,6,3,0.997,0.9984725050916496
58,491,6,3,0.997,0.9984725050916496
59,491,5,4,0.997,0.9984725050916496
60,491,5,4,0.997,0.9984725050916496
61,491,5,4,0.997,0.9984725050916496
62,491,5,4,0.997,0.9984725050916496
63,491,4,5,0.999,0.9994908350305499
64,491,4,5,0.999,0.9994908350305499
65,490,5,5,0.998,0.9989795918367347
66,490,5,5,0.998,0.9989795918367347
67,490,5,5,0.998,0.9989795918367347
68,490,4,6,0.999,0.9994897959183674
69,488,6,6,0.998,0.9989754098360656
70,487,7,6,0.997,0.9984599589322382
71,486,8,6,0.997,0.9984567901234568
72,486,8,6,0.997,0.9984567901234568
73,486,8,6,0.997,0.9984567901234568
74,486,8,6,0.997,0.9984567901234568
75,486,8,6,0.997,0.9984567901234568
76,485,8,7,0.996,0.9979381443298969
77,485,7,8,0.998,0.9989690721649485
78,485,7,8,0.998,0.9989690721649485
79,485,5,10,0.999,0.9994845360824742
80,485,5,10,0.999,0.9994845360824742
81,485,5,10,0.999,0.9994845360824742
82,484,5,11,0.999,0.9994834710743802
83,484,5,11,0.999,0.9994834710743802
84,484,5,11,0.999,0.9994834710743802
85,484,4,12,0.999,0.9994834710743802
86,483,5,12,1.0,1.0
87,483,5,12,1.0,1.0
88,483,5,12,1.0,1.0
89,483,5,12,1.0,1.0
90,483,5,12,1.0,1.0
91,483,5,12,1.0,1.0
92,483,5,12,1.0,1.0
93,483,5,12,1.0,1.0
94,483,5,12,1.0,1.0
95,483,5,12,1.0,1.0
96,483,5,12,1.0,1.0
97,483,5,12,1.0,1.0
98,483,5,12,1.0,1.0
99,483,4,13,1.0,1.0
100,483,4,13,1.0,1.0
101,483,4,13,1.0,1.0
102,483,4,13,1.0,1.0
103,483,4,13,1.0,1.0
104,483,4,13,1.0,1.0
105,483,3,14,1.0,1.0
106,483,3,14,1.0,1.0
107,482,4,14,1.0,1.0
108,481,5,14,1.0,1.0
109,481,5,14,1.0,1.0
110,481,5,14,1.0,1.0
111,481,4,15,1.0,1.0
112,481,4,15,1.0,1.0
113,480,5,15,0.999,0.9994791666666667
114,479,5,16,0.997,0.9984342379958246
115,479,5,16,0.997,0.9984342379958246
116,479,5,16,0.997,0.9984342379958246
117,478,4,18,0.999,0.9994769874476988
118,478,4,18,0.999,0.9994769874476988
119,478,4,18,0.999,0.9994769874476988
120,478,3,19,0.999,0.9994769874476988
121,478,3,19,0.999,0.9994769874476988
122,478,3,19,0.999,0.9994769874476988
123,478,3,19,0.999,0.9994769874476988
124,478,3,19,0.999,0.9994769874476988
125,478,3,19,0.999,0.9994769874476988
126,478,3,19,0.999,0.9994769874476988
127,478,3,19,0.999,0.9994769874476988
128,478,3,19,0.999,0.9994769874476988
129,478,3,19,0.999,0.9994769874476988
130,478,3,19,0.999,0.9994769874476988
131,478,3,19,0.999,0.9994769874476988
132,478,3,19,0.999,0.9994769874476988
133,478,3,19,0.999,0.9994769874476988
134,478,3,19,0.999,0.9994769874476988
135,478,3,19,0.999,0.9994769874476988
136,478,3,19,0.999,0.9994769874476988
137,478,3,19,0.999,0.9994769874476988
138,478,3,19,0.999,0.9994769874476988
139,478,3,19,0.999,0.9994769874476988
140,478,3,19,0.999,0.9994769874476988
141,478,3,19,0.999,0.9994769874476988
142,478,3,19,0.999,0.9994769874476988
143,478,3,19,0.999,0.9994769874476988
144,478,3,19,0.999,0.9994769874476988
145,478,3,19,0.999,0.9994769874476988
146,478,3,19,0.999,0.9994769874476988
147,478,3,19,0.999,0.9994769874476988
148,478,3,19,0.999,0.9994769874476988
149,478,3,19,0.999,0.9994769874476988
150,478,2,20,0.999,0.9994769874476988
151,478,2,20,0.999,0.9994769874476988
152,477,3,20,1.0,1.0
153,477,3,20,1.0,1.0
154,477,3,20,1.0,1.0
155,477,3,20,1.0,1.0
156,477,3,20,1.0,1.0
157,477,3,20,1.0,1.0
158,477,3,20,1.0,1.0
159,477,3,20,1.0,1.0
160,477,3,20,1.0,1.0
161,477,3,20,1.0,1.0
162,477,3,20,1.0,1.0
163,477,3,20,1.0,1.0
164,476,4,20,0.999,0.9994747899159664
165,476,4,20,0.999,0.9994747899159664
166,476,4,20,0.999,0.9994747899159664
167,476,4,20,0.999,0.9994747899159664
168,476,4,20,0.999,0.9994747899159664
169,476,4,20,0.999,0.9994747899159664
170,476,4,20,0.999,0.9994747899159664
171,476,3,21,1.0,1.0
172,476,3,21,1.0,1.0
173,476,3,21,1.0,1.0
174,475,4,21,1.0,1.0
175,475,4,21,1.0,1.0
176,475,4,21,1.0,1.0
177,473,6,21,0.999,0.9994714587737844
178,473,6,21,0.999,0.9994714587737844
179,472,7,21,0.999,0.9994703389830508
180,472,4,24,1.0,1.0
181,472,4,24,1.0,1.0
182,471,5,24,1.0,1.0
183,470,6,24,0.998,0.9987588652482269
184,470,6,24,0.998,0.9987588652482269
185,470,6,24,0.998,0.9987588652482269
186,469,7,24,0.998,0.9987562189054725
187,469,7,24,0.998,0.9987562189054725
188,469,6,25,0.998,0.9987562189054725
189,469,6,25,0.998,0.9987562189054725
190,469,6,25,0.998,0.9987562189054725
191,468,6,26,0.999,0.999465811965812
192,467,7,26,0.998,0.9989293361884368
193,466,8,26,0.997,0.998211731044349
194,465,8,27,0.998,0.9989247311827957
195,465,8,27,0.998,0.9989247311827957
196,465,8,27,0.998,0.9989247311827957
197,464,8,28,0.999,0.9994612068965517
198,464,8,28,0.999,0.9994612068965517
199,464,8,28,0.999,0.9994612068965517
200,464,8,28,0.999,0.9994612068965517
1,499,1,0,1.0,1.0
2,499,1,0,1.0,1.0
3,499,0,1,1.0,1.0
4,499,0,1,1.0,1.0
5,499,0,1,1.0,1.0
6,499,0,1,1.0,1.0
7,499,0,1,1.0,1.0
8,499,0,1,1.0,1.0
9,499,0,1,1.0,1.0
10,499,0,1,1.0,1.0
11,499,0,1,1.0,1.0
12,499,0,1,1.0,1.0
13,499,0,1,1.0,1.0
14,499,0,1,1.0,1.0
15,499,0,1,1.0,1.0
16,499,0,1,1.0,1.0
17,499,0,1,1.0,1.0
18,499,0,1,1.0,1.0
19,499,0,1,1.0,1.0
20,499,0,1,1.0,1.0
21,499,0,1,1.0,1.0
22,499,0,1,1.0,1.0
23,499,0,1,1.0,1.0
24,499,0,1,1.0,1.0
25,499,0,1,1.0,1.0
26,499,0,1,1.0,1.0
27,499,0,1,1.0,1.0
28,499,0,1,1.0,1.0
29,499,0,1,1.0,1.0
30,499,0,1,1.0,1.0
31,499,0,1,1.0,1.0
32,499,0,1,1.0,1.0
33,499,0,1,1.0,1.0
34,499,0,1,1.0,1.0
35,499,0,1,1.0,1.0
36,499,0,1,1.0,1.0
37,499,0,1,1.0,1.0
38,499,0,1,1.0,1.0
39,499,0,1,1.0,1.0
40,499,0,1,1.0,1.0
41,499,0,1,1.0,1.0
42,499,0,1,1.0,1.0
43,499,0,1,1.0,1.0
44,499,0,1,1.0,1.0
45,499,0,1,1.0,1.0
46,499,0,1,1.0,1.0
47,499,0,1,1.0,1.0
48,499,0,1,1.0,1.0
49,499,0,1,1.0,1.0
50,499,0,1,1.0,1.0
51,499,0,1,1.0,1.0
52,499,0,1,1.0,1.0
53,499,0,1,1.0,1.0
54,499,0,1,1.0,1.0
55,499,0,1,1.0,1.0
56,499,0,1,1.0,1.0
57,499,0,1,1.0,1.0
58,499,0,1,1.0,1.0
59,499,0,1,1.0,1.0
60,499,0,1,1.0,1.0
61,499,0,1,1.0,1.0
62,499,0,1,1.0,1.0
63,499,0,1,1.0,1.0
64,499,0,1,1.0,1.0
65,499,0,1,1.0,1.0
66,499,0,1,1.0,1.0
67,499,0,1,1.0,1.0
68,499,0,1,1.0,1.0
69,499,0,1,1.0,1.0
70,499,0,1,1.0,1.0
71,499,0,1,1.0,1.0
72,499,0,1,1.0,1.0
73,499,0,1,1.0,1.0
74,499,0,1,1.0,1.0
75,499,0,1,1.0,1.0
76,499,0,1,1.0,1.0
77,499,0,1,1.0,1.0
78,499,0,1,1.0,1.0
79,499,0,1,1.0,1.0
80,499,0,1,1.0,1.0
81,499,0,1,1.0,1.0
82,499,0,1,1.0,1.0
83,499,0,1,1.0,1.0
84,499,0,1,1.0,1.0
85,499,0,1,1.0,1.0
86,499,0,1,1.0,1.0
87,499,0,1,1.0,1.0
88,499,0,1,1.0,1.0
89,499,0,1,1.0,1.0
90,499,0,1,1.0,1.0
91,499,0,1,1.0,1.0
92,499,0,1,1.0,1.0
93,499,0,1,1.0,1.0
94,499,0,1,1.0,1.0
95,499,0,1,1.0,1.0
96,499,0,1,1.0,1.0
97,499,0,1,1.0,1.0
98,499,0,1,1.0,1.0
99,499,0,1,1.0,1.0
100,499,0,1,1.0,1.0
101,499,0,1,1.0,1.0
102,499,0,1,1.0,1.0
103,499,0,1,1.0,1.0
104,499,0,1,1.0,1.0
105,499,0,1,1.0,1.0
106,499,0,1,1.0,1.0
107,499,0,1,1.0,1.0
108,499,0,1,1.0,1.0
109,499,0,1,1.0,1.0
110,499,0,1,1.0,1.0
111,499,0,1,1.0,1.0
112,499,0,1,1.0,1.0
113,499,0,1,1.0,1.0
114,499,0,1,1.0,1.0
115,499,0,1,1.0,1.0
116,499,0,1,1.0,1.0
117,499,0,1,1.0,1.0
118,499,0,1,1.0,1.0
119,499,0,1,1.0,1.0
120,499,0,1,1.0,1.0
121,499,0,1,1.0,1.0
122,499,0,1,1.0,1.0
123,499,0,1,1.0,1.0
124,499,0,1,1.0,1.0
125,499,0,1,1.0,1.0
126,499,0,1,1.0,1.0
127,499,0,1,1.0,1.0
128,499,0,1,1.0,1.0
129,499,0,1,1.0,1.0
130,499,0,1,1.0,1.0
131,499,0,1,1.0,1.0
132,499,0,1,1.0,1.0
133,499,0,1,1.0,1.0
134,499,0,1,1.0,1.0
135,499,0,1,1.0,1.0
136,499,0,1,1.0,1.0
137,499,0,1,1.0,1.0
138,499,0,1,1.0,1.0
139,499,0,1,1.0,1.0
140,499,0,1,1.0,1.0
141,499,0,1,1.0,1.0
142,499,0,1,1.0,1.0
143,499,0,1,1.0,1.0
144,499,0,1,1.0,1.0
145,499,0,1,1.0,1.0
146,499,0,1,1.0,1.0
147,499,0,1,1.0,1.0
148,499,0,1,1.0,1.0
149,499,0,1,1.0,1.0
150,499,0,1,1.0,1.0
151,499,0,1,1.0,1.0
152,499,0,1,1.0,1.0
153,499,0,1,1.0,1.0
154,499,0,1,1.0,1.0
155,499,0,1,1.0,1.0
156,499,0,1,1.0,1.0
157,499,0,1,1.0,1.0
158,499,0,1,1.0,1.0
159,499,0,1,1.0,1.0
160,499,0,1,1.0,1.0
161,499,0,1,1.0,1.0
162,499,0,1,1.0,1.0
163,499,0,1,1.0,1.0
164,499,0,1,1.0,1.0
165,499,0,1,1.0,1.0
166,499,0,1,1.0,1.0
167,499,0,1,1.0,1.0
168,499,0,1,1.0,1.0
169,499,0,1,1.0,1.0
170,499,0,1,1.0,1.0
171,499,0,1,1.0,1.0
172,499,0,1,1.0,1.0
173,499,0,1,1.0,1.0
174,499,0,1,1.0,1.0
175,499,0,1,1.0,1.0
176,499,0,1,1.0,1.0
177,499,0,1,1.0,1.0
178,499,0,1,1.0,1.0
179,499,0,1,1.0,1.0
180,499,0,1,1.0,1.0
181,499,0,1,1.0,1.0
182,499,0,1,1.0,1.0
183,499,0,1,1.0,1.0
184,499,0,1,1.0,1.0
185,499,0,1,1.0,1.0
186,499,0,1,1.0,1.0
187,499,0,1,1.0,1.0
188,499,0,1,1.0,1.0
189,499,0,1,1.0,1.0
190,499,0,1,1.0,1.0
191,499,0,1,1.0,1.0
192,499,0,1,1.0,1.0
193,499,0,1,1.0,1.0
194,499,0,1,1.0,1.0
195,499,0,1,1.0,1.0
196,499,0,1,1.0,1.0
197,499,0,1,1.0,1.0
198,499,0,1,1.0,1.0
199,499,0,1,1.0,1.0
200,499,0,1,1.0,1.0
1,499,1,0,1.0,1.0
2,498,2,0,0.999,0.9994979919678715
3,498,2,0,0.999,0.9994979919678715
4,498,2,0,0.999,0.9994979919678715
5,498,2,0,0.999,0.9994979919678715
6,498,1,1,1.0,1.0
7,498,1,1,1.0,1.0
8,498,0,2,1.0,1.0
9,498,0,2,1.0,1.0
10,498,0,2,1.0,1.0
11,498,0,2,1.0,1.0
12,498,0,2,1.0,1.0
13,498,0,2,1.0,1.0
14,498,0,2,1.0,1.0
15,498,0,2,1.0,1.0
16,498,0,2,1.0,1.0
17,498,0,2,1.0,1.0
18,498,0,2,1.0,1.0
19,498,0,2,1.0,1.0
20,498,0,2,1.0,1.0
21,498,0,2,1.0,1.0
22,498,0,2,1.0,1.0
23,498,0,2,1.0,1.0
24,498,0,2,1.0,1.0
25,498,0,2,1.0,1.0
26,498,0,2,1.0,1.0
27,498,0,2,1.0,1.0
28,498,0,2,1.0,1.0
29,498,0,2,1.0,1.0
30,498,0,2,1.0,1.0
31,498,0,2,1.0,1.0
32,498,0,2,1.0,1.0
33,498,0,2,1.0,1.0
34,498,0,2,1.0,1.0
35,498,0,2,1.0,1.0
36,498,0,2,1.0,1.0
37,498,0,2,1.0,1.0
38,498,0,2,1.0,1.0
39,498,0,2,1.0,1.0
40,498,0,2,1.0,1.0
41,498,0,2,1.0,1.0
42,498,0,2,1.0,1.0
43,498,0,2,1.0,1.0
44,498,0,2,1.0,1.0
45,498,0,2,1.0,1.0
46,498,0,2,1.0,1.0
47,498,0,2,1.0,1.0
48,498,0,2,1.0,1.0
49,498,0,2,1.0,1.0
50,498,0,2,1.0,1.0
51,498,0,2,1.0,1.0
52,498,0,2,1.0,1.0
53,498,0,2,1.0,1.0
54,498,0,2,1.0,1.0
55,498,0,2,1.0,1.0
56,498,0,2,1.0,1.0
57,498,0,2,1.0,1.0
58,498,0,2,1.0,1.0
59,498,0,2,1.0,1.0
60,498,0,2,1.0,1.0
61,498,0,2,1.0,1.0
62,498,0,2,1.0,1.0
63,498,0,2,1.0,1.0
64,498,0,2,1.0,1.0
65,498,0,2,1.0,1.0
66,498,0,2,1.0,1.0
67,498,0,2,1.0,1.0
68,498,0,2,1.0,1.0
69,498,0,2,1.0,1.0
70,498,0,2,1.0,1.0
71,498,0,2,1.0,1.0
72,498,0,2,1.0,1.0
73,498,0,2,1.0,1.0
74,498,0,2,1.0,1.0
75,498,0,2,1.0,1.0
76,498,0,2,1.0,1.0
77,498,0,2,1.0,1.0
78,498,0,2,1.0,1.0
79,498,0,2,1.0,1.0
80,498,0,2,1.0,1.0
81,498,0,2,1.0,1.0
82,498,0,2,1.0,1.0
83,498,0,2,1.0,1.0
84,498,0,2,1.0,1.0
85,498,0,2,1.0,1.0
86,498,0,2,1.0,1.0
87,498,0,2,1.0,1.0
88,498,0,2,1.0,1.0
89,498,0,2,1.0,1.0
90,498,0,2,1.0,1.0
91,498,0,2,1.0,1.0
92,498,0,2,1.0,1.0
93,498,0,2,1.0,1.0
94,498,0,2,1.0,1.0
95,498,0,2,1.0,1.0
96,498,0,2,1.0,1.0
97,498,0,2,1.0,1.0
98,498,0,2,1.0,1.0
99,498,0,2,1.0,1.0
100,498,0,2,1.0,1.0
101,498,0,2,1.0,1.0
102,498,0,2,1.0,1.0
103,498,0,2,1.0,1.0
104,498,0,2,1.0,1.0
105,498,0,2,1.0,1.0
106,498,0,2,1.0,1.0
107,498,0,2,1.0,1.0
108,498,0,2,1.0,1.0
109,498,0,2,1.0,1.0
110,498,0,2,1.0,1.0
111,498,0,2,1.0,1.0
112,498,0,2,1.0,1.0
113,498,0,2,1.0,1.0
114,498,0,2,1.0,1.0
115,498,0,2,1.0,1.0
116,498,0,2,1.0,1.0
117,498,0,2,1.0,1.0
118,498,0,2,1.0,1.0
119,498,0,2,1.0,1.0
120,498,0,2,1.0,1.0
121,498,0,2,1.0,1.0
122,498,0,2,1.0,1.0
123,498,0,2,1.0,1.0
124,498,0,2,1.0,1.0
125,498,0,2,1.0,1.0
126,498,0,2,1.0,1.0
127,498,0,2,1.0,1.0
128,498,0,2,1.0,1.0
129,498,0,2,1.0,1.0
130,498,0,2,1.0,1.0
131,498,0,2,1.0,1.0
132,498,0,2,1.0,1.0
133,498,0,2,1.0,1.0
134,498,0,2,1.0,1.0
135,498,0,2,1.0,1.0
136,498,0,2,1.0,1.0
137,498,0,2,1.0,1.0
138,498,0,2,1.0,1.0
139,498,0,2,1.0,1.0
140,498,0,2,1.0,1.0
141,498,0,2,1.0,1.0
142,498,0,2,1.0,1.0
143,498,0,2,1.0,1.0
144,498,0,2,1.0,1.0
145,498,0,2,1.0,1.0
146,498,0,2,1.0,1.0
147,498,0,2,1.0,1.0
148,498,0,2,1.0,1.0
149,498,0,2,1.0,1.0
150,498,0,2,1.0,1.0
151,498,0,2,1.0,1.0
152,498,0,2,1.0,1.0
153,498,0,2,1.0,1.0
154,498,0,2,1.0,1.0
155,498,0,2,1.0,1.0
156,498,0,2,1.0,1.0
157,498,0,2,1.0,1.0
158,498,0,2,1.0,1.0
159,498,0,2,1.0,1.0
160,498,0,2,1.0,1.0
161,498,0,2,1.0,1.0
162,498,0,2,1.0,1.0
163,498,0,2,1.0,1.0
164,498,0,2,1.0,1.0
165,498,0,2,1.0,1.0
166,498,0,2,1.0,1.0
167,498,0,2,1.0,1.0
168,498,0,2,1.0,1.0
169,498,0,2,1.0,1.0
170,498,0,2,1.0,1.0
171,498,0,2,1.0,1.0
172,498,0,2,1.0,1.0
173,498,0,2,1.0,1.0
174,498,0,2,1.0,1.0
175,498,0,2,1.0,1.0
176,498,0,2,1.0,1.0
177,498,0,2,1.0,1.0
178,498,0,2,1.0,1.0
179,498,0,2,1.0,1.0
180,498,0,2,1.0,1.0
181,498,0,2,1.0,1.0
182,498,0,2,1.0,1.0
183,498,0,2,1.0,1.0
184,498,0,2,1.0,1.0
185,498,0,2,1.0,1.0
186,498,0,2,1.0,1.0
187,498,0,2,1.0,1.0
188,498,0,2,1.0,1.0
189,498,0,2,1.0,1.0
190,498,0,2,1.0,1.0
191,498,0,2,1.0,1.0
192,498,0,2,1.0,1.0
193,498,0,2,1.0,1.0
194,498,0,2,1.0,1.0
195,498,0,2,1.0,1.0
196,498,0,2,1.0,1.0
197,498,0,2,1.0,1.0
198,498,0,2,1.0,1.0
199,498,0,2,1.0,1.0
200,498,0,2,1.0,1.0
1,498,2,0,0.998,0.998995983935743
2,498,2,0,0.998,0.998995983935743
3,498,2,0,0.998,0.998995983935743
4,498,2,0,0.998,0.998995983935743
5,498,2,0,0.998,0.998995983935743
6,498,2,0,0.998,0.998995983935743
7,498,2,0,0.998,0.998995983935743
8,498,2,0,0.998,0.998995983935743
9,498,2,0,0.998,0.998995983935743
10,497,3,0,0.997,0.9984909456740443
11,497,3,0,0.997,0.9984909456740443
12,497,3,0,0.997,0.9984909456740443
13,497,3,0,0.997,0.9984909456740443
14,496,4,0,0.996,0.9979838709677419
15,496,4,0,0.996,0.9979838709677419
16,496,4,0,0.996,0.9979838709677419
17,496,4,0,0.996,0.9979838709677419
18,495,5,0,0.995,0.9974747474747475
19,495,5,0,0.995,0.9974747474747475
20,495,5,0,0.995,0.9974747474747475
21,494,6,0,0.996,0.9979757085020243
22,494,6,0,0.996,0.9979757085020243
23,494,6,0,0.996,0.9979757085020243
24,494,5,1,0.997,0.9984817813765182
25,493,6,1,0.996,0.9979716024340771
26,492,7,1,0.998,0.9989837398373984
27,492,7,1,0.998,0.9989837398373984
28,492,7,1,0.998,0.9989837398373984
29,492,7,1,0.998,0.9989837398373984
30,491,8,1,0.998,0.9989816700610998
31,491,8,1,0.998,0.9989816700610998
32,491,8,1,0.998,0.9989816700610998
33,491,8,1,0.998,0.9989816700610998
34,491,7,2,0.999,0.9994908350305499
35,491,7,2,0.999,0.9994908350305499
36,491,7,2,0.999,0.9994908350305499
37,491,7,2,0.999,0.9994908350305499
38,491,7,2,0.999,0.9994908350305499
39,490,7,3,1.0,1.0
40,489,7,4,0.999,0.9994887525562373
41,489,7,4,0.999,0.9994887525562373
42,489,7,4,0.999,0.9994887525562373
43,489,7,4,0.999,0.9994887525562373
44,489,7,4,0.999,0.9994887525562373
45,489,7,4,0.999,0.9994887525562373
46,489,5,6,0.999,0.9994887525562373
47,489,5,6,0.999,0.9994887525562373
48,489,5,6,0.999,0.9994887525562373
49,489,5,6,0.999,0.9994887525562373
50,489,5,6,0.999,0.9994887525562373
51,489,5,6,0.999,0.9994887525562373
52,489,5,6,0.999,0.9994887525562373
53,489,4,7,0.999,0.9994887525562373
54,489,4,7,0.999,0.9994887525562373
55,489,4,7,0.999,0.9994887525562373
56,488,5,7,0.999,0.9994877049180327
57,488,5,7,0.999,0.9994877049180327
58,488,4,8,0.999,0.9994877049180327
59,488,4,8,0.999,0.9994877049180327
60,488,4,8,0.999,0.9994877049180327
61,487,5,8,0.999,0.9994866529774127
62,487,5,8,0.999,0.9994866529774127
63,487,4,9,1.0,1.0
64,487,4,9,1.0,1.0
65,487,4,9,1.0,1.0
66,487,4,9,1.0,1.0
67,487,4,9,1.0,1.0
68,486,5,9,0.999,0.9994855967078189
69,485,6,9,0.999,0.9994845360824742
70,485,5,10,0.999,0.9994845360824742
71,485,5,10,0.999,0.9994845360824742
72,485,5,10,0.999,0.9994845360824742
73,485,5,10,0.999,0.9994845360824742
74,485,5,10,0.999,0.9994845360824742
75,485,4,11,1.0,1.0
76,485,4,11,1.0,1.0
77,485,4,11,1.0,1.0
78,485,4,11,1.0,1.0
79,485,4,11,1.0,1.0
80,485,4,11,1.0,1.0
81,485,4,11,1.0,1.0
82,485,3,12,1.0,1.0
83,485,3,12,1.0,1.0
84,485,3,12,1.0,1.0
85,485,3,12,1.0,1.0
86,485,3,12,1.0,1.0
87,485,2,13,1.0,1.0
88,485,2,13,1.0,1.0
89,485,2,13,1.0,1.0
90,485,2,13,1.0,1.0
91,485,2,13,1.0,1.0
92,485,2,13,1.0,1.0
93,485,1,14,1.0,1.0
94,485,1,14,1.0,1.0
95,485,1,14,1.0,1.0
96,485,1,14,1.0,1.0
97,485,1,14,1.0,1.0
98,485,1,14,1.0,1.0
99,485,1,14,1.0,1.0
100,485,1,14,1.0,1.0
101,485,1,14,1.0,1.0
102,485,1,14,1.0,1.0
103,485,1,14,1.0,1.0
104,485,1,14,1.0,1.0
105,485,1,14,1.0,1.0
106,485,1,14,1.0,1.0
107,485,1,14,1.0,1.0
108,485,1,14,1.0,1.0
109,485,1,14,1.0,1.0
110,485,1,14,1.0,1.0
111,485,1,14,1.0,1.0
112,485,1,14,1.0,1.0
113,485,1,14,1.0,1.0
114,485,1,14,1.0,1.0
115,485,1,14,1.0,1.0
116,485,1,14,1.0,1.0
117,485,1,14,1.0,1.0
118,485,1,14,1.0,1.0
119,485,1,14,1.0,1.0
120,485,1,14,1.0,1.0
121,485,1,14,1.0,1.0
122,485,1,14,1.0,1.0
123,485,1,14,1.0,1.0
124,485,1,14,1.0,1.0
125,485,1,14,1.0,1.0
126,485,1,14,1.0,1.0
127,485,1,14,1.0,1.0
128,485,1,14,1.0,1.0
129,485,1,14,1.0,1.0
130,485,1,14,1.0,1.0
131,485,1,14,1.0,1.0
132,485,1,14,1.0,1.0
133,485,1,14,1.0,1.0
134,485,1,14,1.0,1.0
135,485,1,14,1.0,1.0
136,485,1,14,1.0,1.0
137,485,1,14,1.0,1.0
138,485,1,14,1.0,1.0
139,485,1,14,1.0,1.0
140,485,1,14,1.0,1.0
141,485,1,14,1.0,1.0
142,485,1,14,1.0,1.0
143,485,1,14,1.0,1.0
144,485,1,14,1.0,1.0
145,485,1,14,1.0,1.0
146,485,1,14,1.0,1.0
147,485,1,14,1.0,1.0
148,485,1,14,1.0,1.0
149,485,1,14,1.0,1.0
150,485,1,14,1.0,1.0
151,485,1,14,1.0,1.0
152,485,1,14,1.0,1.0
153,485,1,14,1.0,1.0
154,485,1,14,1.0,1.0
155,485,1,14,1.0,1.0
156,485,1,14,1.0,1.0
157,485,1,14,1.0,1.0
158,485,1,14,1.0,1.0
159,485,1,14,1.0,1.0
160,485,1,14,1.0,1.0
161,485,1,14,1.0,1.0
162,485,1,14,1.0,1.0
163,485,1,14,1.0,1.0
164,485,1,14,1.0,1.0
165,485,1,14,1.0,1.0
166,485,1,14,1.0,1.0
167,485,1,14,1.0,1.0
168,485,1,14,1.0,1.0
169,485,1,14,1.0,1.0
170,485,1,14,1.0,1.0
171,485,1,14,1.0,1.0
172,485,1,14,1.0,1.0
173,485,1,14,1.0,1.0
174,485,0,15,1.0,1.0
175,485,0,15,1.0,1.0
176,485,0,15,1.0,1.0
177,485,0,15,1.0,1.0
178,485,0,15,1.0,1.0
179,485,0,15,1.0,1.0
180,485,0,15,1.0,1.0
181,485,0,15,1.0,1.0
182,485,0,15,1.0,1.0
183,485,0,15,1.0,1.0
184,485,0,15,1.0,1.0
185,485,0,15,1.0,1.0
186,485,0,15,1.0,1.0
187,485,0,15,1.0,1.0
188,485,0,15,1.0,1.0
189,485,0,15,1.0,1.0
190,485,0,15,1.0,1.0
191,485,0,15,1.0,1.0
192,485,0,15,1.0,1.0
193,485,0,15,1.0,1.0
194,485,0,15,1.0,1.0
195,485,0,15,1.0,1.0
196,485,0,15,1.0,1.0
197,485,0,15,1.0,1.0
198,485,0,15,1.0,1.0
199,485,0,15,1.0,1.0
200,485,0,15,1.0,1.0
1,499,1,0,1.0,1.0
2,499,1,0,1.0,1.0
3,499,1,0,1.0,1.0
4,499,1,0,1.0,1.0
5,499,1,0,1.0,1.0
6,499,1,0,1.0,1.0
7,498,2,0,0.999,0.9994979919678715
8,498,2,0,0.999,0.9994979919678715
9,498,2,0,0.999,0.9994979919678715
10,497,3,0,0.998,0.9989939637826962
11,496,4,0,0.997,0.9984879032258065
12,496,4,0,0.997,0.9984879032258065
13,494,6,0,0.996,0.9979757085020243
14,492,8,0,0.994,0.9970528455284553
15,492,8,0,0.994,0.9970528455284553
16,490,10,0,0.993,0.9964285714285714
17,489,10,1,0.995,0.9974437627811861
18,487,12,1,0.995,0.9974332648870636
19,486,13,1,0.995,0.9974279835390947
20,486,13,1,0.995,0.9974279835390947
21,486,13,1,0.995,0.9974279835390947
22,486,13,1,0.995,0.9974279835390947
23,484,14,2,0.996,0.9979338842975206
24,484,14,2,0.996,0.9979338842975206
25,483,14,3,0.995,0.9975155279503106
26,483,13,4,0.996,0.9980331262939959
27,482,14,4,0.995,0.9976141078838174
28,481,13,6,0.998,0.9990644490644491
29,478,16,6,0.996,0.9978382147838215
30,477,16,7,0.995,0.9973095737246681
31,477,15,8,0.995,0.9973095737246681
32,476,15,9,0.995,0.9973039215686275
33,476,15,9,0.995,0.9973039215686275
34,475,15,10,0.994,0.9967719298245614
35,474,15,11,0.994,0.9967651195499297
36,473,15,12,0.994,0.9967582804792108
37,473,15,12,0.994,0.9967582804792108
38,473,15,12,0.994,0.9967582804792108
39,470,16,14,0.992,0.9955673758865248
40,468,17,15,0.992,0.995548433048433
41,466,19,15,0.99,0.994456366237482
42,465,19,16,0.991,0.9949820788530465
43,464,20,16,0.992,0.9955100574712643
44,464,18,18,0.993,0.9960488505747126
45,463,19,18,0.992,0.9955003599712022
46,463,19,18,0.992,0.9955003599712022
47,459,22,19,0.993,0.9960058097312998
48,459,20,21,0.994,0.996550472040668
49,459,20,21,0.994,0.996550472040668
50,458,18,24,0.996,0.9976346433770014
51,457,18,25,0.997,0.9983588621444202
52,456,18,26,0.996,0.9978070175438597
53,456,18,26,0.996,0.9978070175438597
54,452,22,26,0.997,0.9984513274336283
55,451,22,27,0.996,0.9978935698447894
56,449,23,28,0.996,0.9978099480326651
57,447,24,29,0.996,0.9976137211036539
58,447,24,29,0.996,0.9976137211036539
59,446,24,30,0.996,0.9974962630792227
60,445,25,30,0.995,0.9969288389513108
61,444,26,30,0.994,0.996171171171171
62,442,27,31,0.992,0.9952488687782804
63,442,27,31,0.992,0.9952488687782804
64,442,24,34,0.995,0.9973227752639517
65,439,26,35,0.992,0.9955201214882308
66,437,27,36,0.991,0.994927536231884
67,437,26,37,0.992,0.9954996186117467
68,437,26,37,0.992,0.9954996186117467
69,437,22,41,0.995,0.9969870327993898
70,436,23,41,0.995,0.9971712538226299
71,434,25,41,0.994,0.9965821812596006
72,432,27,41,0.993,0.995871913580247
73,431,27,42,0.992,0.9952822892498068
74,429,25,46,0.993,0.9956487956487956
75,429,25,46,0.993,0.9956487956487956
76,429,24,47,0.994,0.9961149961149961
77,427,26,47,0.992,0.9947306791569087
78,427,26,47,0.992,0.9947306791569087
79,426,26,48,0.992,0.9947183098591549
80,426,25,49,0.992,0.9947183098591549
81,425,25,50,0.992,0.9948235294117648
82,424,25,51,0.993,0.9952830188679245
83,424,24,52,0.993,0.9952830188679245
84,420,26,54,0.992,0.9946428571428572
85,420,26,54,0.992,0.9946428571428572
86,420,25,55,0.993,0.9952380952380953
87,418,26,56,0.994,0.9956140350877192
88,417,25,58,0.995,0.996203037569944
89,417,25,58,0.995,0.996203037569944
90,416,23,61,0.996,0.9971955128205128
91,416,23,61,0.996,0.9971955128205128
92,415,22,63,0.998,0.9983935742971887
93,414,23,63,0.998,0.998389694041868
94,414,22,64,0.998,0.998389694041868
95,412,23,65,0.997,0.9977750809061489
96,412,22,66,0.997,0.9977750809061489
97,412,21,67,0.997,0.9977750809061489
98,412,19,69,0.997,0.9977750809061489
99,410,20,70,0.996,0.9971544715447154
100,410,19,71,0.997,0.9979674796747967
101,410,17,73,0.998,0.998780487804878
102,409,17,74,0.997,0.9981662591687042
103,409,17,74,0.997,0.9981662591687042
104,409,17,74,0.997,0.9981662591687042
105,408,17,75,0.997,0.9981617647058824
106,407,17,76,0.997,0.9981572481572482
107,406,18,76,0.997,0.9981527093596059
108,406,18,76,0.997,0.9981527093596059
109,406,17,77,0.997,0.9981527093596059
110,405,17,78,0.998,0.9987654320987654
111,405,16,79,0.998,0.9987654320987654
112,405,15,80,0.998,0.9987654320987654
113,405,15,80,0.998,0.9987654320987654
114,405,14,81,0.998,0.9987654320987654
115,404,15,81,0.997,0.9981435643564357
116,404,14,82,0.997,0.9981435643564357
117,404,14,82,0.997,0.9981435643564357
118,404,14,82,0.997,0.9981435643564357
119,403,15,82,0.996,0.9975186104218362
120,403,15,82,0.996,0.9975186104218362
121,403,13,84,0.999,0.999379652605459
122,402,14,84,0.998,0.9987562189054726
123,402,13,85,0.998,0.9987562189054726
124,402,10,88,1.0,1.0
125,402,10,88,1.0,1.0
126,402,9,89,1.0,1.0
127,402,8,90,1.0,1.0
128,402,8,90,1.0,1.0
129,402,7,91,1.0,1.0
130,400,9,91,1.0,1.0
131,400,8,92,1.0,1.0
132,399,8,93,0.999,0.9993734335839599
133,398,9,93,0.999,0.9993718592964824
134,398,8,94,0.999,0.9993718592964824
135,398,8,94,0.999,0.9993718592964824
136,398,6,96,0.999,0.9993718592964824
137,398,6,96,0.999,0.9993718592964824
138,398,6,96,0.999,0.9993718592964824
139,398,6,96,0.999,0.9993718592964824
140,398,6,96,0.999,0.9993718592964824
141,398,6,96,0.999,0.9993718592964824
142,398,5,97,1.0,1.0
143,398,5,97,1.0,1.0
144,398,5,97,1.0,1.0
145,398,5,97,1.0,1.0
146,397,6,97,1.0,1.0
147,397,6,97,1.0,1.0
148,397,5,98,1.0,1.0
149,397,5,98,1.0,1.0
150,397,5,98,1.0,1.0
151,396,6,98,0.999,0.9993686868686869
152,396,6,98,0.999,0.9993686868686869
153,396,6,98,0.999,0.9993686868686869
154,394,8,98,0.999,0.9993654822335025
155,394,8,98,0.999,0.9993654822335025
156,394,8,98,0.999,0.9993654822335025
157,394,8,98,0.999,0.9993654822335025
158,393,8,99,0.999,0.9993638676844784
159,393,8,99,0.999,0.9993638676844784
160,393,8,99,0.999,0.9993638676844784
161,393,7,100,0.999,0.9993638676844784
162,393,7,100,0.999,0.9993638676844784
163,393,7,100,0.999,0.9993638676844784
164,393,7,100,0.999,0.9993638676844784
165,392,8,100,0.999,0.9993622448979592
166,392,8,100,0.999,0.9993622448979592
167,392,8,100,0.999,0.9993622448979592
168,392,8,100,0.999,0.9993622448979592
169,392,8,100,0.999,0.9993622448979592
170,392,8,100,0.999,0.9993622448979592
171,392,7,101,1.0,1.0
172,392,7,101,1.0,1.0
173,392,7,101,1.0,1.0
174,392,7,101,1.0,1.0
175,392,7,101,1.0,1.0
176,392,6,102,1.0,1.0
177,392,6,102,1.0,1.0
178,392,6,102,1.0,1.0
179,392,5,103,1.0,1.0
180,391,5,104,0.999,0.9993606138107417
181,391,5,104,0.999,0.9993606138107417
182,391,4,105,0.999,0.9993606138107417
183,391,3,106,1.0,1.0
184,391,2,107,1.0,1.0
185,391,2,107,1.0,1.0
186,391,2,107,1.0,1.0
187,391,2,107,1.0,1.0
188,391,2,107,1.0,1.0
189,391,2,107,1.0,1.0
190,391,2,107,1.0,1.0
191,391,2,107,1.0,1.0
192,391,1,108,1.0,1.0
193,391,1,108,1.0,1.0
194,391,1,108,1.0,1.0
195,391,1,108,1.0,1.0
196,391,1,108,1.0,1.0
197,391,1,108,1.0,1.0
198,391,1,108,1.0,1.0
199,391,1,108,1.0,1.0
200,391,1,108,1.0,1.0
1,499,1,0,1.0,1.0
2,499,1,0,1.0,1.0
3,499,1,0,1.0,1.0
4,499,1,0,1.0,1.0
5,499,1,0,1.0,1.0
6,499,1,0,1.0,1.0
7,499,1,0,1.0,1.0
8,499,1,0,1.0,1.0
9,499,1,0,1.0,1.0
10,499,1,0,1.0,1.0
11,499,1,0,1.0,1.0
12,499,1,0,1.0,1.0
13,499,1,0,1.0,1.0
14,499,1,0,1.0,1.0
15,499,1,0,1.0,1.0
16,499,1,0,1.0,1.0
17,499,1,0,1.0,1.0
18,499,1,0,1.0,1.0
19,499,1,0,1.0,1.0
20,499,1,0,1.0,1.0
21,499,1,0,1.0,1.0
22,499,1,0,1.0,1.0
23,499,1,0,1.0,1.0
24,499,1,0,1.0,1.0
25,499,1,0,1.0,1.0
26,499,1,0,1.0,1.0
27,499,0,1,1.0,1.0
28,499,0,1,1.0,1.0
29,499,0,1,1.0,1.0
30,499,0,1,1.0,1.0
31,499,0,1,1.0,1.0
32,499,0,1,1.0,1.0
33,499,0,1,1.0,1.0
34,499,0,1,1.0,1.0
35,499,0,1,1.0,1.0
36,499,0,1,1.0,1.0
37,499,0,1,1.0,1.0
38,499,0,1,1.0,1.0
39,499,0,1,1.0,1.0
40,499,0,1,1.0,1.0
41,499,0,1,1.0,1.0
42,499,0,1,1.0,1.0
43,499,0,1,1.0,1.0
44,499,0,1,1.0,1.0
45,499,0,1,1.0,1.0
46,499,0,1,1.0,1.0
47,499,0,1,1.0,1.0
48,499,0,1,1.0,1.0
49,499,0,1,1.0,1.0
50,499,0,1,1.0,1.0
51,499,0,1,1.0,1.0
52,499,0,1,1.0,1.0
53,499,0,1,1.0,1.0
54,499,0,1,1.0,1.0
55,499,0,1,1.0,1.0
56,499,0,1,1.0,1.0
57,499,0,1,1.0,1.0
58,499,0,1,1.0,1.0
59,499,0,1,1.0,1.0
60,499,0,1,1.0,1.0
61,499,0,1,1.0,1.0
62,499,0,1,1.0,1.0
63,499,0,1,1.0,1.0
64,499,0,1,1.0,1.0
65,499,0,1,1.0,1.0
66,499,0,1,1.0,1.0
67,499,0,1,1.0,1.0
68,499,0,1,1.0,1.0
69,499,0,1,1.0,1.0
70,499,0,1,1.0,1.0
71,499,0,1,1.0,1.0
72,499,0,1,1.0,1.0
73,499,0,1,1.0,1.0
74,499,0,1,1.0,1.0
75,499,0,1,1.0,1.0
76,499,0,1,1.0,1.0
77,499,0,1,1.0,1.0
78,499,0,1,1.0,1.0
79,499,0,1,1.0,1.0
80,499,0,1,1.0,1.0
81,499,0,1,1.0,1.0
82,499,0,1,1.0,1.0
83,499,0,1,1.0,1.0
84,499,0,1,1.0,1.0
85,499,0,1,1.0,1.0
86,499,0,1,1.0,1.0
87,499,0,1,1.0,1.0
88,499,0,1,1.0,1.0
89,499,0,1,1.0,1.0
90,499,0,1,1.0,1.0
91,499,0,1,1.0,1.0
92,499,0,1,1.0,1.0
93,499,0,1,1.0,1.0
94,499,0,1,1.0,1.0
95,499,0,1,1.0,1.0
96,499,0,1,1.0,1.0
97,499,0,1,1.0,1.0
98,499,0,1,1.0,1.0
99,499,0,1,1.0,1.0
100,499,0,1,1.0,1.0
101,499,0,1,1.0,1.0
102,499,0,1,1.0,1.0
103,499,0,1,1.0,1.0
104,499,0,1,1.0,1.0
105,499,0,1,1.0,1.0
106,499,0,1,1.0,1.0
107,499,0,1,1.0,1.0
108,499,0,1,1.0,1.0
109,499,0,1,1.0,1.0
110,499,0,1,1.0,1.0
111,499,0,1,1.0,1.0
112,499,0,1,1.0,1.0
113,499,0,1,1.0,1.0
114,499,0,1,1.0,1.0
115,499,0,1,1.0,1.0
116,499,0,1,1.0,1.0
117,499,0,1,1.0,1.0
118,499,0,1,1.0,1.0
119,499,0,1,1.0,1.0
120,499,0,1,1.0,1.0
121,499,0,1,1.0,1.0
122,499,0,1,1.0,1.0
123,499,0,1,1.0,1.0
124,499,0,1,1.0,1.0
125,499,0,1,1.0,1.0
126,499,0,1,1.0,1.0
127,499,0,1,1.0,1.0
128,499,0,1,1.0,1.0
129,499,0,1,1.0,1.0
130,499,0,1,1.0,1.0
131,499,0,1,1.0,1.0
132,499,0,1,1.0,1.0
133,499,0,1,1.0,1.0
134,499,0,1,1.0,1.0
135,499,0,1,1.0,1.0
136,499,0,1,1.0,1.0
137,499,0,1,1.0,1.0
138,499,0,1,1.0,1.0
139,499,0,1,1.0,1.0
140,499,0,1,1.0,1.0
141,499,0,1,1.0,1.0
142,499,0,1,1.0,1.0
143,499,0,1,1.0,1.0
144,499,0,1,1.0,1.0
145,499,0,1,1.0,1.0
146,499,0,1,1.0,1.0
147,499,0,1,1.0,1.0
148,499,0,1,1.0,1.0
149,499,0,1,1.0,1.0
150,499,0,1,1.0,1.0
151,499,0,1,1.0,1.0
152,499,0,1,1.0,1.0
153,499,0,1,1.0,1.0
154,499,0,1,1.0,1.0
155,499,0,1,1.0,1.0
156,499,0,1,1.0,1.0
157,499,0,1,1.0,1.0
158,499,0,1,1.0,1.0
159,499,0,1,1.0,1.0
160,499,0,1,1.0,1.0
161,499,0,1,1.0,1.0
162,499,0,1,1.0,1.0
163,499,0,1,1.0,1.0
164,499,0,1,1.0,1.0
165,499,0,1,1.0,1.0
166,499,0,1,1.0,1.0
167,499,0,1,1.0,1.0
168,499,0,1,1.0,1.0
169,499,0,1,1.0,1.0
170,499,0,1,1.0,1.0
171,499,0,1,1.0,1.0
172,499,0,1,1.0,1.0
173,499,0,1,1.0,1.0
174,499,0,1,1.0,1.0
175,499,0,1,1.0,1.0
176,499,0,1,1.0,1.0
177,499,0,1,1.0,1.0
178,499,0,1,1.0,1.0
179,499,0,1,1.0,1.0
180,499,0,1,1.0,1.0
181,499,0,1,1.0,1.0
182,499,0,1,1.0,1.0
183,499,0,1,1.0,1.0
184,499,0,1,1.0,1.0
185,499,0,1,1.0,1.0
186,499,0,1,1.0,1.0
187,499,0,1,1.0,1.0
188,499,0,1,1.0,1.0
189,499,0,1,1.0,1.0
190,499,0,1,1.0,1.0
191,499,0,1,1.0,1.0
192,499,0,1,1.0,1.0
193,499,0,1,1.0,1.0
194,499,0,1,1.0,1.0
195,499,0,1,1.0,1.0
196,499,0,1,1.0,1.0
197,499,0,1,1.0,1.0
198,499,0,1,1.0,1.0
199,499,0,1,1.0,1.0
200,499,0,1,1.0,1.0
1,499,1,0,1.0,1.0
2,499,1,0,1.0,1.0
3,499,1,0,1.0,1.0
4,499,1,0,1.0,1.0
5,499,1,0,1.0,1.0
6,499,1,0,1.0,1.0
7,499,1,0,1.0,1.0
8,499,1,0,1.0,1.0
9,499,1,0,1.0,1.0
10,499,1,0,1.0,1.0
11,498,2,0,0.998,0.998995983935743
12,498,2,0,0.998,0.998995983935743
13,498,2,0,0.998,0.998995983935743
14,498,2,0,0.998,0.998995983935743
15,498,2,0,0.998,0.998995983935743
16,498,2,0,0.998,0.998995983935743
17,497,3,0,0.998,0.9989939637826962
18,497,3,0,0.998,0.9989939637826962
19,497,3,0,0.998,0.9989939637826962
20,497,2,1,0.999,0.9994969818913481
21,496,3,1,0.999,0.9994959677419355
22,496,3,1,0.999,0.9994959677419355
23,496,3,1,0.999,0.9994959677419355
24,496,3,1,0.999,0.9994959677419355
25,496,3,1,0.999,0.9994959677419355
26,496,3,1,0.999,0.9994959677419355
27,495,3,2,1.0,1.0
28,495,3,2,1.0,1.0
29,495,3,2,1.0,1.0
30,495,3,2,1.0,1.0
31,495,3,2,1.0,1.0
32,495,2,3,1.0,1.0
33,495,2,3,1.0,1.0
34,495,2,3,1.0,1.0
35,495,1,4,1.0,1.0
36,495,1,4,1.0,1.0
37,495,1,4,1.0,1.0
38,495,1,4,1.0,1.0
39,495,1,4,1.0,1.0
40,495,1,4,1.0,1.0
41,495,1,4,1.0,1.0
42,495,1,4,1.0,1.0
43,495,1,4,1.0,1.0
44,495,1,4,1.0,1.0
45,495,0,5,1.0,1.0
46,495,0,5,1.0,1.0
47,495,0,5,1.0,1.0
48,495,0,5,1.0,1.0
49,495,0,5,1.0,1.0
50,495,0,5,1.0,1.0
51,495,0,5,1.0,1.0
52,495,0,5,1.0,1.0
53,495,0,5,1.0,1.0
54,495,0,5,1.0,1.0
55,495,0,5,1.0,1.0
56,495,0,5,1.0,1.0
57,495,0,5,1.0,1.0
58,495,0,5,1.0,1.0
59,495,0,5,1.0,1.0
60,495,0,5,1.0,1.0
61,495,0,5,1.0,1.0
62,495,0,5,1.0,1.0
63,495,0,5,1.0,1.0
64,495,0,5,1.0,1.0
65,495,0,5,1.0,1.0
66,495,0,5,1.0,1.0
67,495,0,5,1.0,1.0
68,495,0,5,1.0,1.0
69,495,0,5,1.0,1.0
70,495,0,5,1.0,1.0
71,495,0,5,1.0,1.0
72,495,0,5,1.0,1.0
73,495,0,5,1.0,1.0
74,495,0,5,1.0,1.0
75,495,0,5,1.0,1.0
76,495,0,5,1.0,1.0
77,495,0,5,1.0,1.0
78,495,0,5,1.0,1.0
79,495,0,5,1.0,1.0
80,495,0,5,1.0,1.0
81,495,0,5,1.0,1.0
82,495,0,5,1.0,1.0
83,495,0,5,1.0,1.0
84,495,0,5,1.0,1.0
85,495,0,5,1.0,1.0
86,495,0,5,1.0,1.0
87,495,0,5,1.0,1.0
88,495,0,5,1.0,1.0
89,495,0,5,1.0,1.0
90,495,0,5,1.0,1.0
91,495,0,5,1.0,1.0
92,495,0,5,1.0,1.0
93,495,0,5,1.0,1.0
94,495,0,5,1.0,1.0
95,495,0,5,1.0,1.0
96,495,0,5,1.0,1.0
97,495,0,5,1.0,1.0
98,495,0,5,1.0,1.0
99,495,0,5,1.0,1.0
100,495,0,5,1.0,1.0
101,495,0,5,1.0,1.0
102,495,0,5,1.0,1.0
103,495,0,5,1.0,1.0
104,495,0,5,1.0,1.0
105,495,0,5,1.0,1.0
106,495,0,5,1.0,1.0
107,495,0,5,1.0,1.0
108,495,0,5,1.0,1.0
109,495,0,5,1.0,1.0
110,495,0,5,1.0,1.0
111,495,0,5,1.0,1.0
112,495,0,5,1.0,1.0
113,495,0,5,1.0,1.0
114,495,0,5,1.0,1.0
115,495,0,5,1.0,1.0
116,495,0,5,1.0,1.0
117,495,0,5,1.0,1.0
118,495,0,5,1.0,1.0
119,495,0,5,1.0,1.0
120,495,0,5,1.0,1.0
121,495,0,5,1.0,1.0
122,495,0,5,1.0,1.0
123,495,0,5,1.0,1.0
124,495,0,5,1.0,1.0
125,495,0,5,1.0,1.0
126,495,0,5,1.0,1.0
127,495,0,5,1.0,1.0
128,495,0,5,1.0,1.0
129,495,0,5,1.0,1.0
130,495,0,5,1.0,1.0
131,495,0,5,1.0,1.0
132,495,0,5,1.0,1.0
133,495,0,5,1.0,1.0
134,495,0,5,1.0,1.0
135,495,0,5,1.0,1.0
136,495,0,5,1.0,1.0
137,495,0,5,1.0,1.0
138,495,0,5,1.0,1.0
139,495,0,5,1.0,1.0
140,495,0,5,1.0,1.0
141,495,0,5,1.0,1.0
142,495,0,5,1.0,1.0
143,495,0,5,1.0,1.0
144,495,0,5,1.0,1.0
145,495,0,5,1.0,1.0
146,495,0,5,1.0,1.0
147,495,0,5,1.0,1.0
148,495,0,5,1.0,1.0
149,495,0,5,1.0,1.0
150,495,0,5,1.0,1.0
151,495,0,5,1.0,1.0
152,495,0,5,1.0,1.0
153,495,0,5,1.0,1.0
154,495,0,5,1.0,1.0
155,495,0,5,1.0,1.0
156,495,0,5,1.0,1.0
157,495,0,5,1.0,1.0
158,495,0,5,1.0,1.0
159,495,0,5,1.0,1.0
160,495,0,5,1.0,1.0
161,495,0,5,1.0,1.0
162,495,0,5,1.0,1.0
163,495,0,5,1.0,1.0
164,495,0,5,1.0,1.0
165,495,0,5,1.0,1.0
166,495,0,5,1.0,1.0
167,495,0,5,1.0,1.0
168,495,0,5,1.0,1.0
169,495,0,5,1.0,1.0
170,495,0,5,1.0,1.0
171,495,0,5,1.0,1.0
172,495,0,5,1.0,1.0
173,495,0,5,1.0,1.0
174,495,0,5,1.0,1.0
175,495,0,5,1.0,1.0
176,495,0,5,1.0,1.0
177,495,0,5,1.0,1.0
178,495,0,5,1.0,1.0
179,495,0,5,1.0,1.0
180,495,0,5,1.0,1.0
181,495,0,5,1.0,1.0
182,495,0,5,1.0,1.0
183,495,0,5,1.0,1.0
184,495,0,5,1.0,1.0
185,495,0,5,1.0,1.0
186,495,0,5,1.0,1.0
187,495,0,5,1.0,1.0
188,495,0,5,1.0,1.0
189,495,0,5,1.0,1.0
190,495,0,5,1.0,1.0
191,495,0,5,1.0,1.0
192,495,0,5,1.0,1.0
193,495,0,5,1.0,1.0
194,495,0,5,1.0,1.0
195,495,0,5,1.0,1.0
196,495,0,5,1.0,1.0
197,495,0,5,1.0,1.0
198,495,0,5,1.0,1.0
199,495,0,5,1.0,1.0
200,495,0,5,1.0,1.0
1,499,0,1,1.0,1.0
2,499,0,1,1.0,1.0
3,499,0,1,1.0,1.0
4,499,0,1,1.0,1.0
5,499,0,1,1.0,1.0
6,499,0,1,1.0,1.0
7,499,0,1,1.0,1.0
8,499,0,1,1.0,1.0
9,499,0,1,1.0,1.0
10,499,0,1,1.0,1.0
11,499,0,1,1.0,1.0
12,499,0,1,1.0,1.0
13,499,0,1,1.0,1.0
14,499,0,1,1.0,1.0
15,499,0,1,1.0,1.0
16,499,0,1,1.0,1.0
17,499,0,1,1.0,1.0
18,499,0,1,1.0,1.0
19,499,0,1,1.0,1.0
20,499,0,1,1.0,1.0
21,499,0,1,1.0,1.0
22,499,0,1,1.0,1.0
23,499,0,1,1.0,1.0
24,499,0,1,1.0,1.0
25,499,0,1,1.0,1.0
26,499,0,1,1.0,1.0
27,499,0,1,1.0,1.0
28,499,0,1,1.0,1.0
29,499,0,1,1.0,1.0
30,499,0,1,1.0,1.0
31,499,0,1,1.0,1.0
32,499,0,1,1.0,1.0
33,499,0,1,1.0,1.0
34,499,0,1,1.0,1.0
35,499,0,1,1.0,1.0
36,499,0,1,1.0,1.0
37,499,0,1,1.0,1.0
38,499,0,1,1.0,1.0
39,499,0,1,1.0,1.0
40,499,0,1,1.0,1.0
41,499,0,1,1.0,1.0
42,499,0,1,1.0,1.0
43,499,0,1,1.0,1.0
44,499,0,1,1.0,1.0
45,499,0,1,1.0,1.0
46,499,0,1,1.0,1.0
47,499,0,1,1.0,1.0
48,499,0,1,1.0,1.0
49,499,0,1,1.0,1.0
50,499,0,1,1.0,1.0
51,499,0,1,1.0,1.0
52,499,0,1,1.0,1.0
53,499,0,1,1.0,1.0
54,499,0,1,1.0,1.0
55,499,0,1,1.0,1.0
56,499,0,1,1.0,1.0
57,499,0,1,1.0,1.0
58,499,0,1,1.0,1.0
59,499,0,1,1.0,1.0
60,499,0,1,1.0,1.0
61,499,0,1,1.0,1.0
62,499,0,1,1.0,1.0
63,499,0,1,1.0,1.0
64,499,0,1,1.0,1.0
65,499,0,1,1.0,1.0
66,499,0,1,1.0,1.0
67,499,0,1,1.0,1.0
68,499,0,1,1.0,1.0
69,499,0,1,1.0,1.0
70,499,0,1,1.0,1.0
71,499,0,1,1.0,1.0
72,499,0,1,1.0,1.0
73,499,0,1,1.0,1.0
74,499,0,1,1.0,1.0
75,499,0,1,1.0,1.0
76,499,0,1,1.0,1.0
77,499,0,1,1.0,1.0
78,499,0,1,1.0,1.0
79,499,0,1,1.0,1.0
80,499,0,1,1.0,1.0
81,499,0,1,1.0,1.0
82,499,0,1,1.0,1.0
83,499,0,1,1.0,1.0
84,499,0,1,1.0,1.0
85,499,0,1,1.0,1.0
86,499,0,1,1.0,1.0
87,499,0,1,1.0,1.0
88,499,0,1,1.0,1.0
89,499,0,1,1.0,1.0
90,499,0,1,1.0,1.0
91,499,0,1,1.0,1.0
92,499,0,1,1.0,1.0
93,499,0,1,1.0,1.0
94,499,0,1,1.0,1.0
95,499,0,1,1.0,1.0
96,499,0,1,1.0,1.0
97,499,0,1,1.0,1.0
98,499,0,1,1.0,1.0
99,499,0,1,1.0,1.0
100,499,0,1,1.0,1.0
101,499,0,1,1.0,1.0
102,499,0,1,1.0,1.0
103,499,0,1,1.0,1.0
104,499,0,1,1.0,1.0
105,499,0,1,1.0,1.0
106,499,0,1,1.0,1.0
107,499,0,1,1.0,1.0
108,499,0,1,1.0,1.0
109,499,0,1,1.0,1.0
110,499,0,1,1.0,1.0
111,499,0,1,1.0,1.0
112,499,0,1,1.0,1.0
113,499,0,1,1.0,1.0
114,499,0,1,1.0,1.0
115,499,0,1,1.0,1.0
116,499,0,1,1.0,1.0
117,499,0,1,1.0,1.0
118,499,0,1,1.0,1.0
119,499,0,1,1.0,1.0
120,499,0,1,1.0,1.0
121,499,0,1,1.0,1.0
122,499,0,1,1.0,1.0
123,499,0,1,1.0,1.0
124,499,0,1,1.0,1.0
125,499,0,1,1.0,1.0
126,499,0,1,1.0,1.0
127,499,0,1,1.0,1.0
128,499,0,1,1.0,1.0
129,499,0,1,1.0,1.0
130,499,0,1,1.0,1.0
131,499,0,1,1.0,1.0
132,499,0,1,1.0,1.0
133,499,0,1,1.0,1.0
134,499,0,1,1.0,1.0
135,499,0,1,1.0,1.0
136,499,0,1,1.0,1.0
137,499,0,1,1.0,1.0
138,499,0,1,1.0,1.0
139,499,0,1,1.0,1.0
140,499,0,1,1.0,1.0
141,499,0,1,1.0,1.0
142,499,0,1,1.0,1.0
143,499,0,1,1.0,1.0
144,499,0,1,1.0,1.0
145,499,0,1,1.0,1.0
146,499,0,1,1.0,1.0
147,499,0,1,1.0,1.0
148,499,0,1,1.0,1.0
149,499,0,1,1.0,1.0
150,499,0,1,1.0,1.0
151,499,0,1,1.0,1.0
152,499,0,1,1.0,1.0
153,499,0,1,1.0,1.0
154,499,0,1,1.0,1.0
155,499,0,1,1.0,1.0
156,499,0,1,1.0,1.0
157,499,0,1,1.0,1.0
158,499,0,1,1.0,1.0
159,499,0,1,1.0,1.0
160,499,0,1,1.0,1.0
161,499,0,1,1.0,1.0
162,499,0,1,1.0,1.0
163,499,0,1,1.0,1.0
164,499,0,1,1.0,1.0
165,499,0,1,1.0,1.0
166,499,0,1,1.0,1.0
167,499,0,1,1.0,1.0
168,499,0,1,1.0,1.0
169,499,0,1,1.0,1.0
170,499,0,1,1.0,1.0
171,499,0,1,1.0,1.0
172,499,0,1,1.0,1.0
173,499,0,1,1.0,1.0
174,499,0,1,1.0,1.0
175,499,0,1,1.0,1.0
176,499,0,1,1.0,1.0
177,499,0,1,1.0,1.0
178,499,0,1,1.0,1.0
179,499,0,1,1.0,1.0
180,499,0,1,1.0,1.0
181,499,0,1,1.0,1.0
182,499,0,1,1.0,1.0
183,499,0,1,1.0,1.0
184,499,0,1,1.0,1.0
185,499,0,1,1.0,1.0
186,499,0,1,1.0,1.0
187,499,0,1,1.0,1.0
188,499,0,1,1.0,1.0
189,499,0,1,1.0,1.0
190,499,0,1,1.0,1.0
191,499,0,1,1.0,1.0
192,499,0,1,1.0,1.0
193,499,0,1,1.0,1.0
194,499,0,1,1.0,1.0
195,499,0,1,1.0,1.0
196,499,0,1,1.0,1.0
197,499,0,1,1.0,1.0
198,499,0,1,1.0,1.0
199,499,0,1,1.0,1.0
200,499,0,1,1.0,1.0
1,499,0,1,1.0,1.0
2,499,0,1,1.0,1.0
3,499,0,1,1.0,1.0
4,499,0,1,1.0,1.0
5,499,0,1,1.0,1.0
6,499,0,1,1.0,1.0
7,499,0,1,1.0,1.0
8,499,0,1,1.0,1.0
9,499,0,1,1.0,1.0
10,499,0,1,1.0,1.0
11,499,0,1,1.0,1.0
12,499,0,1,1.0,1.0
13,499,0,1,1.0,1.0
14,499,0,1,1.0,1.0
15,499,0,1,1.0,1.0
16,499,0,1,1.0,1.0
17,499,0,1,1.0,1.0
18,499,0,1,1.0,1.0
19,499,0,1,1.0,1.0
20,499,0,1,1.0,1.0
21,499,0,1,1.0,1.0
22,499,0,1,1.0,1.0
23,499,0,1,1.0,1.0
24,499,0,1,1.0,1.0
25,499,0,1,1.0,1.0
26,499,0,1,1.0,1.0
27,499,0,1,1.0,1.0
28,499,0,1,1.0,1.0
29,499,0,1,1.0,1.0
30,499,0,1,1.0,1.0
31,499,0,1,1.0,1.0
32,499,0,1,1.0,1.0
33,499,0,1,1.0,1.0
34,499,0,1,1.0,1.0
35,499,0,1,1.0,1.0
36,499,0,1,1.0,1.0
37,499,0,1,1.0,1.0
38,499,0,1,1.0,1.0
39,499,0,1,1.0,1.0
40,499,0,1,1.0,1.0
41,499,0,1,1.0,1.0
42,499,0,1,1.0,1.0
43,499,0,1,1.0,1.0
44,499,0,1,1.0,1.0
45,499,0,1,1.0,1.0
46,499,0,1,1.0,1.0
47,499,0,1,1.0,1.0
48,499,0,1,1.0,1.0
49,499,0,1,1.0,1.0
50,499,0,1,1.0,1.0
51,499,0,1,1.0,1.0
52,499,0,1,1.0,1.0
53,499,0,1,1.0,1.0
54,499,0,1,1.0,1.0
55,499,0,1,1.0,1.0
56,499,0,1,1.0,1.0
57,499,0,1,1.0,1.0
58,499,0,1,1.0,1.0
59,499,0,1,1.0,1.0
60,499,0,1,1.0,1.0
61,499,0,1,1.0,1.0
62,499,0,1,1.0,1.0
63,499,0,1,1.0,1.0
64,499,0,1,1.0,1.0
65,499,0,1,1.0,1.0
66,499,0,1,1.0,1.0
67,499,0,1,1.0,1.0
68,499,0,1,1.0,1.0
69,499,0,1,1.0,1.0
70,499,0,1,1.0,1.0
71,499,0,1,1.0,1.0
72,499,0,1,1.0,1.0
73,499,0,1,1.0,1.0
74,499,0,1,1.0,1.0
75,499,0,1,1.0,1.0
76,499,0,1,1.0,1.0
77,499,0,1,1.0,1.0
78,499,0,1,1.0,1.0
79,499,0,1,1.0,1.0
80,499,0,1,1.0,1.0
81,499,0,1,1.0,1.0
82,499,0,1,1.0,1.0
83,499,0,1,1.0,1.0
84,499,0,1,1.0,1.0
85,499,0,1,1.0,1.0
86,499,0,1,1.0,1.0
87,499,0,1,1.0,1.0
88,499,0,1,1.0,1.0
89,499,0,1,1.0,1.0
90,499,0,1,1.0,1.0
91,499,0,1,1.0,1.0
92,499,0,1,1.0,1.0
93,499,0,1,1.0,1.0
94,499,0,1,1.0,1.0
95,499,0,1,1.0,1.0
96,499,0,1,1.0,1.0
97,499,0,1,1.0,1.0
98,499,0,1,1.0,1.0
99,499,0,1,1.0,1.0
100,499,0,1,1.0,1.0
101,499,0,1,1.0,1.0
102,499,0,1,1.0,1.0
103,499,0,1,1.0,1.0
104,499,0,1,1.0,1.0
105,499,0,1,1.0,1.0
106,499,0,1,1.0,1.0
107,499,0,1,1.0,1.0
108,499,0,1,1.0,1.0
109,499,0,1,1.0,1.0
110,499,0,1,1.0,1.0
111,499,0,1,1.0,1.0
112,499,0,1,1.0,1.0
113,499,0,1,1.0,1.0
114,499,0,1,1.0,1.0
115,499,0,1,1.0,1.0
116,499,0,1,1.0,1.0
117,499,0,1,1.0,1.0
118,499,0,1,1.0,1.0
119,499,0,1,1.0,1.0
120,499,0,1,1.0,1.0
121,499,0,1,1.0,1.0
122,499,0,1,1.0,1.0
123,499,0,1,1.0,1.0
124,499,0,1,1.0,1.0
125,499,0,1,1.0,1.0
126,499,0,1,1.0,1.0
127,499,0,1,1.0,1.0
128,499,0,1,1.0,1.0
129,499,0,1,1.0,1.0
130,499,0,1,1.0,1.0
131,499,0,1,1.0,1.0
132,499,0,1,1.0,1.0
133,499,0,1,1.0,1.0
134,499,0,1,1.0,1.0
135,499,0,1,1.0,1.0
136,499,0,1,1.0,1.0
137,499,0,1,1.0,1.0
138,499,0,1,1.0,1.0
139,499,0,1,1.0,1.0
140,499,0,1,1.0,1.0
141,499,0,1,1.0,1.0
142,499,0,1,1.0,1.0
143,499,0,1,1.0,1.0
144,499,0,1,1.0,1.0
145,499,0,1,1.0,1.0
146,499,0,1,1.0,1.0
147,499,0,1,1.0,1.0
148,499,0,1,1.0,1.0
149,499,0,1,1.0,1.0
150,499,0,1,1.0,1.0
151,499,0,1,1.0,1.0
152,499,0,1,1.0,1.0
153,499,0,1,1.0,1.0
154,499,0,1,1.0,1.0
155,499,0,1,1.0,1.0
156,499,0,1,1.0,1.0
157,499,0,1,1.0,1.0
158,499,0,1,1.0,1.0
159,499,0,1,1.0,1.0
160,499,0,1,1.0,1.0
161,499,0,1,1.0,1.0
162,499,0,1,1.0,1.0
163,499,0,1,1.0,1.0
164,499,0,1,1.0,1.0
165,499,0,1,1.0,1.0
166,499,0,1,1.0,1.0
167,499,0,1,1.0,1.0
168,499,0,1,1.0,1.0
169,499,0,1,1.0,1.0
170,499,0,1,1.0,1.0
171,499,0,1,1.0,1.0
172,499,0,1,1.0,1.0
173,499,0,1,1.0,1.0
174,499,0,1,1.0,1.0
175,499,0,1,1.0,1.0
176,499,0,1,1.0,1.0
177,499,0,1,1.0,1.0
178,499,0,1,1.0,1.0
179,499,0,1,1.0,1.0
180,499,0,1,1.0,1.0
181,499,0,1,1.0,1.0
182,499,0,1,1.0,1.0
183,499,0,1,1.0,1.0
184,499,0,1,1.0,1.0
185,499,0,1,1.0,1.0
186,499,0,1,1.0,1.0
187,499,0,1,1.0,1.0
188,499,0,1,1.0,1.0
189,499,0,1,1.0,1.0
190,499,0,1,1.0,1.0
191,499,0,1,1.0,1.0
192,499,0,1,1.0,1.0
193,499,0,1,1.0,1.0
194,499,0,1,1.0,1.0
195,499,0,1,1.0,1.0
196,499,0,1,1.0,1.0
197,499,0,1,1.0,1.0
198,499,0,1,1.0,1.0
199,499,0,1,1.0,1.0
200,499,0,1,1.0,1.0
1,499,1,0,1.0,1.0
2,498,2,0,0.998,0.998995983935743
3,498,2,0,0.998,0.998995983935743
4,498,2,0,0.998,0.998995983935743
5,498,2,0,0.998,0.998995983935743
6,498,2,0,0.998,0.998995983935743
7,498,2,0,0.998,0.998995983935743
8,498,2,0,0.998,0.998995983935743
9,498,2,0,0.998,0.998995983935743
10,497,2,1,0.999,0.9994969818913481
11,496,3,1,0.997,0.9984879032258065
12,496,3,1,0.997,0.9984879032258065
13,495,4,1,0.996,0.997979797979798
14,495,4,1,0.996,0.997979797979798
15,495,3,2,0.998,0.998989898989899
16,495,3,2,0.998,0.998989898989899
17,495,3,2,0.998,0.998989898989899
18,494,4,2,0.997,0.9984817813765182
19,493,4,3,0.997,0.9984787018255578
20,492,5,3,0.996,0.9979674796747967
21,492,4,4,0.998,0.9989837398373984
22,491,5,4,0.997,0.9984725050916496
23,491,5,4,0.997,0.9984725050916496
24,491,5,4,0.997,0.9984725050916496
25,491,5,4,0.997,0.9984725050916496
26,490,6,4,0.996,0.9979591836734694
27,490,6,4,0.996,0.9979591836734694
28,490,5,5,0.998,0.9989795918367347
29,490,5,5,0.998,0.9989795918367347
30,490,5,5,0.998,0.9989795918367347
31,490,4,6,0.999,0.9994897959183674
32,490,4,6,0.999,0.9994897959183674
33,490,4,6,0.999,0.9994897959183674
34,490,4,6,0.999,0.9994897959183674
35,490,3,7,0.999,0.9994897959183674
36,489,4,7,0.999,0.9994887525562373
37,488,5,7,0.998,0.9989754098360656
38,488,5,7,0.998,0.9989754098360656
39,488,5,7,0.998,0.9989754098360656
40,488,5,7,0.998,0.9989754098360656
41,488,5,7,0.998,0.9989754098360656
42,488,5,7,0.998,0.9989754098360656
43,488,3,9,1.0,1.0
44,488,3,9,1.0,1.0
45,488,3,9,1.0,1.0
46,488,3,9,1.0,1.0
47,488,2,10,1.0,1.0
48,488,2,10,1.0,1.0
49,488,1,11,1.0,1.0
50,488,1,11,1.0,1.0
51,488,1,11,1.0,1.0
52,488,0,12,1.0,1.0
53,488,0,12,1.0,1.0
54,488,0,12,1.0,1.0
55,488,0,12,1.0,1.0
56,488,0,12,1.0,1.0
57,488,0,12,1.0,1.0
58,488,0,12,1.0,1.0
59,488,0,12,1.0,1.0
60,488,0,12,1.0,1.0
61,488,0,12,1.0,1.0
62,488,0,12,1.0,1.0
63,488,0,12,1.0,1.0
64,488,0,12,1.0,1.0
65,488,0,12,1.0,1.0
66,488,0,12,1.0,1.0
67,488,0,12,1.0,1.0
68,488,0,12,1.0,1.0
69,488,0,12,1.0,1.0
70,488,0,12,1.0,1.0
71,488,0,12,1.0,1.0
72,488,0,12,1.0,1.0
73,488,0,12,1.0,1.0
74,488,0,12,1.0,1.0
75,488,0,12,1.0,1.0
76,488,0,12,1.0,1.0
77,488,0,12,1.0,1.0
78,488,0,12,1.0,1.0
79,488,0,12,1.0,1.0
80,488,0,12,1.0,1.0
81,488,0,12,1.0,1.0
82,488,0,12,1.0,1.0
83,488,0,12,1.0,1.0
84,488,0,12,1.0,1.0
85,488,0,12,1.0,1.0
86,488,0,12,1.0,1.0
87,488,0,12,1.0,1.0
88,488,0,12,1.0,1.0
89,488,0,12,1.0,1.0
90,488,0,12,1.0,1.0
91,488,0,12,1.0,1.0
92,488,0,12,1.0,1.0
93,488,0,12,1.0,1.0
94,488,0,12,1.0,1.0
95,488,0,12,1.0,1.0
96,488,0,12,1.0,1.0
97,488,0,12,1.0,1.0
98,488,0,12,1.0,1.0
99,488,0,12,1.0,1.0
100,488,0,12,1.0,1.0
101,488,0,12,1.0,1.0
102,488,0,12,1.0,1.0
103,488,0,12,1.0,1.0
104,488,0,12,1.0,1.0
105,488,0,12,1.0,1.0
106,488,0,12,1.0,1.0
107,488,0,12,1.0,1.0
108,488,0,12,1.0,1.0
109,488,0,12,1.0,1.0
110,488,0,12,1.0,1.0
111,488,0,12,1.0,1.0
112,488,0,12,1.0,1.0
113,488,0,12,1.0,1.0
114,488,0,12,1.0,1.0
115,488,0,12,1.0,1.0
116,488,0,12,1.0,1.0
117,488,0,12,1.0,1.0
118,488,0,12,1.0,1.0
119,488,0,12,1.0,1.0
120,488,0,12,1.0,1.0
121,488,0,12,1.0,1.0
122,488,0,12,1.0,1.0
123,488,0,12,1.0,1.0
124,488,0,12,1.0,1.0
125,488,0,12,1.0,1.0
126,488,0,12,1.0,1.0
127,488,0,12,1.0,1.0
128,488,0,12,1.0,1.0
129,488,0,12,1.0,1.0
130,488,0,12,1.0,1.0
131,488,0,12,1.0,1.0
132,488,0,12,1.0,1.0
133,488,0,12,1.0,1.0
134,488,0,12,1.0,1.0
135,488,0,12,1.0,1.0
136,488,0,12,1.0,1.0
137,488,0,12,1.0,1.0
138,488,0,12,1.0,1.0
139,488,0,12,1.0,1.0
140,488,0,12,1.0,1.0
141,488,0,12,1.0,1.0
142,488,0,12,1.0,1.0
143,488,0,12,1.0,1.0
144,488,0,12,1.0,1.0
145,488,0,12,1.0,1.0
146,488,0,12,1.0,1.0
147,488,0,12,1.0,1.0
148,488,0,12,1.0,1.0
149,488,0,12,1.0,1.0
150,488,0,12,1.0,1.0
151,488,0,12,1.0,1.0
152,488,0,12,1.0,1.0
153,488,0,12,1.0,1.0
154,488,0,12,1.0,1.0
155,488,0,12,1.0,1.0
156,488,0,12,1.0,1.0
157,488,0,12,1.0,1.0
158,488,0,12,1.0,1.0
159,488,0,12,1.0,1.0
160,488,0,12,1.0,1.0
161,488,0,12,1.0,1.0
162,488,0,12,1.0,1.0
163,488,0,12,1.0,1.0
164,488,0,12,1.0,1.0
165,488,0,12,1.0,1.0
166,488,0,12,1.0,1.0
167,488,0,12,1.0,1.0
168,488,0,12,1.0,1.0
169,488,0,12,1.0,1.0
170,488,0,12,1.0,1.0
171,488,0,12,1.0,1.0
172,488,0,12,1.0,1.0
173,488,0,12,1.0,1.0
174,488,0,12,1.0,1.0
175,488,0,12,1.0,1.0
176,488,0,12,1.0,1.0
177,488,0,12,1.0,1.0
178,488,0,12,1.0,1.0
179,488,0,12,1.0,1.0
180,488,0,12,1.0,1.0
181,488,0,12,1.0,1.0
182,488,0,12,1.0,1.0
183,488,0,12,1.0,1.0
184,488,0,12,1.0,1.0
185,488,0,12,1.0,1.0
186,488,0,12,1.0,1.0
187,488,0,12,1.0,1.0
188,488,0,12,1.0,1.0
189,488,0,12,1.0,1.0
190,488,0,12,1.0,1.0
191,488,0,12,1.0,1.0
192,488,0,12,1.0,1.0
193,488,0,12,1.0,1.0
194,488,0,12,1.0,1.0
195,488,0,12,1.0,1.0
196,488,0,12,1.0,1.0
197,488,0,12,1.0,1.0
198,488,0,12,1.0,1.0
199,488,0,12,1.0,1.0
200,488,0,12,1.0,1.0
1,499,1,0,1.0,1.0
2,499,1,0,1.0,1.0
3,499,1,0,1.0,1.0
4,499,1,0,1.0,1.0
5,499,0,1,1.0,1.0
6,499,0,1,1.0,1.0
7,499,0,1,1.0,1.0
8,499,0,1,1.0,1.0
9,499,0,1,1.0,1.0
10,499,0,1,1.0,1.0
11,499,0,1,1.0,1.0
12,499,0,1,1.0,1.0
13,499,0,1,1.0,1.0
14,499,0,1,1.0,1.0
15,499,0,1,1.0,1.0
16,499,0,1,1.0,1.0
17,499,0,1,1.0,1.0
18,499,0,1,1.0,1.0
19,499,0,1,1.0,1.0
20,499,0,1,1.0,1.0
21,499,0,1,1.0,1.0
22,499,0,1,1.0,1.0
23,499,0,1,1.0,1.0
24,499,0,1,1.0,1.0
25,499,0,1,1.0,1.0
26,499,0,1,1.0,1.0
27,499,0,1,1.0,1.0
28,499,0,1,1.0,1.0
29,499,0,1,1.0,1.0
30,499,0,1,1.0,1.0
31,499,0,1,1.0,1.0
32,499,0,1,1.0,1.0
33,499,0,1,1.0,1.0
34,499,0,1,1.0,1.0
35,499,0,1,1.0,1.0
36,499,0,1,1.0,1.0
37,499,0,1,1.0,1.0
38,499,0,1,1.0,1.0
39,499,0,1,1.0,1.0
40,499,0,1,1.0,1.0
41,499,0,1,1.0,1.0
42,499,0,1,1.0,1.0
43,499,0,1,1.0,1.0
44,499,0,1,1.0,1.0
45,499,0,1,1.0,1.0
46,499,0,1,1.0,1.0
47,499,0,1,1.0,1.0
48,499,0,1,1.0,1.0
49,499,0,1,1.0,1.0
50,499,0,1,1.0,1.0
51,499,0,1,1.0,1.0
52,499,0,1,1.0,1.0
53,499,0,1,1.0,1.0
54,499,0,1,1.0,1.0
55,499,0,1,1.0,1.0
56,499,0,1,1.0,1.0
57,499,0,1,1.0,1.0
58,499,0,1,1.0,1.0
59,499,0,1,1.0,1.0
60,499,0,1,1.0,1.0
61,499,0,1,1.0,1.0
62,499,0,1,1.0,1.0
63,499,0,1,1.0,1.0
64,499,0,1,1.0,1.0
65,499,0,1,1.0,1.0
66,499,0,1,1.0,1.0
67,499,0,1,1.0,1.0
68,499,0,1,1.0,1.0
69,499,0,1,1.0,1.0
70,499,0,1,1.0,1.0
71,499,0,1,1.0,1.0
72,499,0,1,1.0,1.0
73,499,0,1,1.0,1.0
74,499,0,1,1.0,1.0
75,499,0,1,1.0,1.0
76,499,0,1,1.0,1.0
77,499,0,1,1.0,1.0
78,499,0,1,1.0,1.0
79,499,0,1,1.0,1.0
80,499,0,1,1.0,1.0
81,499,0,1,1.0,1.0
82,499,0,1,1.0,1.0
83,499,0,1,1.0,1.0
84,499,0,1,1.0,1.0
85,499,0,1,1.0,1.0
86,499,0,1,1.0,1.0
87,499,0,1,1.0,1.0
88,499,0,1,1.0,1.0
89,499,0,1,1.0,1.0
90,499,0,1,1.0,1.0
91,499,0,1,1.0,1.0
92,499,0,1,1.0,1.0
93,499,0,1,1.0,1.0
94,499,0,1,1.0,1.0
95,499,0,1,1.0,1.0
96,499,0,1,1.0,1.0
97,499,0,1,1.0,1.0
98,499,0,1,1.0,1.0
99,499,0,1,1.0,1.0
100,499,0,1,1.0,1.0
101,499,0,1,1.0,1.0
102,499,0,1,1.0,1.0
103,499,0,1,1.0,1.0
104,499,0,1,1.0,1.0
105,499,0,1,1.0,1.0
106,499,0,1,1.0,1.0
107,499,0,1,1.0,1.0
108,499,0,1,1.0,1.0
109,499,0,1,1.0,1.0
110,499,0,1,1.0,1.0
111,499,0,1,1.0,1.0
112,499,0,1,1.0,1.0
113,499,0,1,1.0,1.0
114,499,0,1,1.0,1.0
115,499,0,1,1.0,1.0
116,499,0,1,1.0,1.0
117,499,0,1,1.0,1.0
118,499,0,1,1.0,1.0
119,499,0,1,1.0,1.0
120,499,0,1,1.0,1.0
121,499,0,1,1.0,1.0
122,499,0,1,1.0,1.0
123,499,0,1,1.0,1.0
124,499,0,1,1.0,1.0
125,499,0,1,1.0,1.0
126,499,0,1,1.0,1.0
127,499,0,1,1.0,1.0
128,499,0,1,1.0,1.0
129,499,0,1,1.0,1.0
130,499,0,1,1.0,1.0
131,499,0,1,1.0,1.0
132,499,0,1,1.0,1.0
133,499,0,1,1.0,1.0
134,499,0,1,1.0,1.0
135,499,0,1,1.0,1.0
136,499,0,1,1.0,1.0
137,499,0,1,1.0,1.0
138,499,0,1,1.0,1.0
139,499,0,1,1.0,1.0
140,499,0,1,1.0,1.0
141,499,0,1,1.0,1.0
142,499,0,1,1.0,1.0
143,499,0,1,1.0,1.0
144,499,0,1,1.0,1.0
145,499,0,1,1.0,1.0
146,499,0,1,1.0,1.0
147,499,0,1,1.0,1.0
148,499,0,1,1.0,1.0
149,499,0,1,1.0,1.0
150,499,0,1,1.0,1.0
151,499,0,1,1.0,1.0
152,499,0,1,1.0,1.0
153,499,0,1,1.0,1.0
154,499,0,1,1.0,1.0
155,499,0,1,1.0,1.0
156,499,0,1,1.0,1.0
157,499,0,1,1.0,1.0
158,499,0,1,1.0,1.0
159,499,0,1,1.0,1.0
160,499,0,1,1.0,1.0
161,499,0,1,1.0,1.0
162,499,0,1,1.0,1.0
163,499,0,1,1.0,1.0
164,499,0,1,1.0,1.0
165,499,0,1,1.0,1.0
166,499,0,1,1.0,1.0
167,499,0,1,1.0,1.0
168,499,0,1,1.0,1.0
169,499,0,1,1.0,1.0
170,499,0,1,1.0,1.0
171,499,0,1,1.0,1.0
172,499,0,1,1.0,1.0
173,499,0,1,1.0,1.0
174,499,0,1,1.0,1.0
175,499,0,1,1.0,1.0
176,499,0,1,1.0,1.0
177,499,0,1,1.0,1.0
178,499,0,1,1.0,1.0
179,499,0,1,1.0,1.0
180,499,0,1,1.0,1.0
181,499,0,1,1.0,1.0
182,499,0,1,1.0,1.0
183,499,0,1,1.0,1.0
184,499,0,1,1.0,1.0
185,499,0,1,1.0,1.0
186,499,0,1,1.0,1.0
187,499,0,1,1.0,1.0
188,499,0,1,1.0,1.0
189,499,0,1,1.0,1.0
190,499,0,1,1.0,1.0
191,499,0,1,1.0,1.0
192,499,0,1,1.0,1.0
193,499,0,1,1.0,1.0
194,499,0,1,1.0,1.0
195,499,0,1,1.0,1.0
196,499,0,1,1.0,1.0
197,499,0,1,1.0,1.0
198,499,0,1,1.0,1.0
199,499,0,1,1.0,1.0
200,499,0,1,1.0,1.0
1,498,2,0,0.999,0.9994979919678715
2,497,1,2,1.0,1.0
3,497,1,2,1.0,1.0
4,497,1,2,1.0,1.0
5,497,1,2,1.0,1.0
6,497,1,2,1.0,1.0
7,497,1,2,1.0,1.0
8,497,1,2,1.0,1.0
9,497,1,2,1.0,1.0
10,497,1,2,1.0,1.0
11,497,1,2,1.0,1.0
12,497,1,2,1.0,1.0
13,497,1,2,1.0,1.0
14,497,1,2,1.0,1.0
15,497,1,2,1.0,1.0
16,497,1,2,1.0,1.0
17,497,1,2,1.0,1.0
18,497,1,2,1.0,1.0
19,497,1,2,1.0,1.0
20,497,1,2,1.0,1.0
21,497,1,2,1.0,1.0
22,497,1,2,1.0,1.0
23,497,1,2,1.0,1.0
24,497,1,2,1.0,1.0
25,497,1,2,1.0,1.0
26,497,1,2,1.0,1.0
27,497,1,2,1.0,1.0
28,497,1,2,1.0,1.0
29,497,1,2,1.0,1.0
30,497,1,2,1.0,1.0
31,497,1,2,1.0,1.0
32,496,2,2,0.999,0.9995967741935484
33,496,1,3,1.0,1.0
34,496,1,3,1.0,1.0
35,496,1,3,1.0,1.0
36,496,0,4,1.0,1.0
37,496,0,4,1.0,1.0
38,496,0,4,1.0,1.0
39,496,0,4,1.0,1.0
40,496,0,4,1.0,1.0
41,496,0,4,1.0,1.0
42,496,0,4,1.0,1.0
43,496,0,4,1.0,1.0
44,496,0,4,1.0,1.0
45,496,0,4,1.0,1.0
46,496,0,4,1.0,1.0
47,496,0,4,1.0,1.0
48,496,0,4,1.0,1.0
49,496,0,4,1.0,1.0
50,496,0,4,1.0,1.0
51,496,0,4,1.0,1.0
52,496,0,4,1.0,1.0
53,496,0,4,1.0,1.0
54,496,0,4,1.0,1.0
55,496,0,4,1.0,1.0
56,496,0,4,1.0,1.0
57,496,0,4,1.0,1.0
58,496,0,4,1.0,1.0
59,496,0,4,1.0,1.0
60,496,0,4,1.0,1.0
61,496,0,4,1.0,1.0
62,496,0,4,1.0,1.0
63,496,0,4,1.0,1.0
64,496,0,4,1.0,1.0
65,496,0,4,1.0,1.0
66,496,0,4,1.0,1.0
67,496,0,4,1.0,1.0
68,496,0,4,1.0,1.0
69,496,0,4,1.0,1.0
70,496,0,4,1.0,1.0
71,496,0,4,1.0,1.0
72,496,0,4,1.0,1.0
73,496,0,4,1.0,1.0
74,496,0,4,1.0,1.0
75,496,0,4,1.0,1.0
76,496,0,4,1.0,1.0
77,496,0,4,1.0,1.0
78,496,0,4,1.0,1.0
79,496,0,4,1.0,1.0
80,496,0,4,1.0,1.0
81,496,0,4,1.0,1.0
82,496,0,4,1.0,1.0
83,496,0,4,1.0,1.0
84,496,0,4,1.0,1.0
85,496,0,4,1.0,1.0
86,496,0,4,1.0,1.0
87,496,0,4,1.0,1.0
88,496,0,4,1.0,1.0
89,496,0,4,1.0,1.0
90,496,0,4,1.0,1.0
91,496,0,4,1.0,1.0
92,496,0,4,1.0,1.0
93,496,0,4,1.0,1.0
94,496,0,4,1.0,1.0
95,496,0,4,1.0,1.0
96,496,0,4,1.0,1.0
97,496,0,4,1.0,1.0
98,496,0,4,1.0,1.0
99,496,0,4,1.0,1.0
100,496,0,4,1.0,1.0
101,496,0,4,1.0,1.0
102,496,0,4,1.0,1.0
103,496,0,4,1.0,1.0
104,496,0,4,1.0,1.0
105,496,0,4,1.0,1.0
106,496,0,4,1.0,1.0
107,496,0,4,1.0,1.0
108,496,0,4,1.0,1.0
109,496,0,4,1.0,1.0
110,496,0,4,1.0,1.0
111,496,0,4,1.0,1.0
112,496,0,4,1.0,1.0
113,496,0,4,1.0,1.0
114,496,0,4,1.0,1.0
115,496,0,4,1.0,1.0
116,496,0,4,1.0,1.0
117,496,0,4,1.0,1.0
118,496,0,4,1.0,1.0
119,496,0,4,1.0,1.0
120,496,0,4,1.0,1.0
121,496,0,4,1.0,1.0
122,496,0,4,1.0,1.0
123,496,0,4,1.0,1.0
124,496,0,4,1.0,1.0
125,496,0,4,1.0,1.0
126,496,0,4,1.0,1.0
127,496,0,4,1.0,1.0
128,496,0,4,1.0,1.0
129,496,0,4,1.0,1.0
130,496,0,4,1.0,1.0
131,496,0,4,1.0,1.0
132,496,0,4,1.0,1.0
133,496,0,4,1.0,1.0
134,496,0,4,1.0,1.0
135,496,0,4,1.0,1.0
136,496,0,4,1.0,1.0
137,496,0,4,1.0,1.0
138,496,0,4,1.0,1.0
139,496,0,4,1.0,1.0
140,496,0,4,1.0,1.0
141,496,0,4,1.0,1.0
142,496,0,4,1.0,1.0
143,496,0,4,1.0,1.0
144,496,0,4,1.0,1.0
145,496,0,4,1.0,1.0
146,496,0,4,1.0,1.0
147,496,0,4,1.0,1.0
148,496,0,4,1.0,1.0
149,496,0,4,1.0,1.0
150,496,0,4,1.0,1.0
151,496,0,4,1.0,1.0
152,496,0,4,1.0,1.0
153,496,0,4,1.0,1.0
154,496,0,4,1.0,1.0
155,496,0,4,1.0,1.0
156,496,0,4,1.0,1.0
157,496,0,4,1.0,1.0
158,496,0,4,1.0,1.0
159,496,0,4,1.0,1.0
160,496,0,4,1.0,1.0
161,496,0,4,1.0,1.0
162,496,0,4,1.0,1.0
163,496,0,4,1.0,1.0
164,496,0,4,1.0,1.0
165,496,0,4,1.0,1.0
166,496,0,4,1.0,1.0
167,496,0,4,1.0,1.0
168,496,0,4,1.0,1.0
169,496,0,4,1.0,1.0
170,496,0,4,1.0,1.0
171,496,0,4,1.0,1.0
172,496,0,4,1.0,1.0
173,496,0,4,1.0,1.0
174,496,0,4,1.0,1.0
175,496,0,4,1.0,1.0
176,496,0,4,1.0,1.0
177,496,0,4,1.0,1.0
178,496,0,4,1.0,1.0
179,496,0,4,1.0,1.0
180,496,0,4,1.0,1.0
181,496,0,4,1.0,1.0
182,496,0,4,1.0,1.0
183,496,0,4,1.0,1.0
184,496,0,4,1.0,1.0
185,496,0,4,1.0,1.0
186,496,0,4,1.0,1.0
187,496,0,4,1.0,1.0
188,496,0,4,1.0,1.0
189,496,0,4,1.0,1.0
190,496,0,4,1.0,1.0
191,496,0,4,1.0,1.0
192,496,0,4,1.0,1.0
193,496,0,4,1.0,1.0
194,496,0,4,1.0,1.0
195,496,0,4,1.0,1.0
196,496,0,4,1.0,1.0
197,496,0,4,1.0,1.0
198,496,0,4,1.0,1.0
199,496,0,4,1.0,1.0
200,496,0,4,1.0,1.0
1,499,1,0,1.0,1.0
2,499,1,0,1.0,1.0
3,499,1,0,1.0,1.0
4,499,1,0,1.0,1.0
5,498,2,0,0.998,0.998995983935743
6,498,2,0,0.998,0.998995983935743
7,497,3,0,0.997,0.9984909456740443
8,497,2,1,0.999,0.9994969818913481
9,497,2,1,0.999,0.9994969818913481
10,497,2,1,0.999,0.9994969818913481
11,497,2,1,0.999,0.9994969818913481
12,496,3,1,0.997,0.9984879032258065
13,496,3,1,0.997,0.9984879032258065
14,496,3,1,0.997,0.9984879032258065
15,496,3,1,0.997,0.9984879032258065
16,496,3,1,0.997,0.9984879032258065
17,496,3,1,0.997,0.9984879032258065
18,496,3,1,0.997,0.9984879032258065
19,495,4,1,0.999,0.9994949494949495
20,495,4,1,0.999,0.9994949494949495
21,494,5,1,0.999,0.9993252361673414
22,493,6,1,0.998,0.9988167680865448
23,493,6,1,0.998,0.9988167680865448
24,493,6,1,0.998,0.9988167680865448
25,493,5,2,0.998,0.9988167680865448
26,493,4,3,0.999,0.9994929006085193
27,493,3,4,1.0,1.0
28,493,3,4,1.0,1.0
29,493,3,4,1.0,1.0
30,493,3,4,1.0,1.0
31,493,3,4,1.0,1.0
32,492,4,4,1.0,1.0
33,492,4,4,1.0,1.0
34,492,4,4,1.0,1.0
35,492,4,4,1.0,1.0
36,491,4,5,0.999,0.9994908350305499
37,491,4,5,0.999,0.9994908350305499
38,490,3,7,1.0,1.0
39,489,3,8,0.999,0.9994887525562373
40,489,2,9,1.0,1.0
41,488,3,9,1.0,1.0
42,488,2,10,1.0,1.0
43,488,2,10,1.0,1.0
44,488,2,10,1.0,1.0
45,487,3,10,0.999,0.9994866529774127
46,487,2,11,0.999,0.9994866529774127
47,487,2,11,0.999,0.9994866529774127
48,487,2,11,0.999,0.9994866529774127
49,487,2,11,0.999,0.9994866529774127
50,486,3,11,0.999,0.9994855967078189
51,486,3,11,0.999,0.9994855967078189
52,486,3,11,0.999,0.9994855967078189
53,486,3,11,0.999,0.9994855967078189
54,486,3,11,0.999,0.9994855967078189
55,486,3,11,0.999,0.9994855967078189
56,486,3,11,0.999,0.9994855967078189
57,486,3,11,0.999,0.9994855967078189
58,486,3,11,0.999,0.9994855967078189
59,486,2,12,1.0,1.0
60,486,1,13,1.0,1.0
61,486,1,13,1.0,1.0
62,485,2,13,0.999,0.9994845360824742
63,485,2,13,0.999,0.9994845360824742
64,484,3,13,0.998,0.9989669421487604
65,484,3,13,0.998,0.9989669421487604
66,483,4,13,0.997,0.9984472049689441
67,483,4,13,0.997,0.9984472049689441
68,483,4,13,0.997,0.9984472049689441
69,483,4,13,0.997,0.9984472049689441
70,483,4,13,0.997,0.9984472049689441
71,483,4,13,0.997,0.9984472049689441
72,483,4,13,0.997,0.9984472049689441
73,483,4,13,0.997,0.9984472049689441
74,481,6,13,0.996,0.997920997920998
75,481,6,13,0.996,0.997920997920998
76,481,6,13,0.996,0.997920997920998
77,480,7,13,0.998,0.9989583333333333
78,480,7,13,0.998,0.9989583333333333
79,480,7,13,0.998,0.9989583333333333
80,479,7,14,0.997,0.9984342379958246
81,479,7,14,0.997,0.9984342379958246
82,479,6,15,0.997,0.9984342379958246
83,479,5,16,0.997,0.9984342379958246
84,479,5,16,0.997,0.9984342379958246
85,479,5,16,0.997,0.9984342379958246
86,479,5,16,0.997,0.9984342379958246
87,479,5,16,0.997,0.9984342379958246
88,479,5,16,0.997,0.9984342379958246
89,478,5,17,0.996,0.997907949790795
90,478,5,17,0.996,0.997907949790795
91,478,5,17,0.996,0.997907949790795
92,478,5,17,0.996,0.997907949790795
93,478,4,18,0.997,0.9984309623430963
94,478,3,19,0.998,0.9989539748953975
95,478,3,19,0.998,0.9989539748953975
96,478,3,19,0.998,0.9989539748953975
97,478,3,19,0.998,0.9989539748953975
98,478,3,19,0.998,0.9989539748953975
99,478,3,19,0.998,0.9989539748953975
100,478,3,19,0.998,0.9989539748953975
101,478,3,19,0.998,0.9989539748953975
102,477,4,19,0.998,0.9989517819706499
103,477,3,20,0.998,0.9989517819706499
104,477,3,20,0.998,0.9989517819706499
105,477,3,20,0.998,0.9989517819706499
106,477,3,20,0.998,0.9989517819706499
107,477,3,20,0.998,0.9989517819706499
108,477,3,20,0.998,0.9989517819706499
109,477,3,20,0.998,0.9989517819706499
110,477,2,21,0.999,0.999475890985325
111,477,2,21,0.999,0.999475890985325
112,477,2,21,0.999,0.999475890985325
113,477,2,21,0.999,0.999475890985325
114,477,2,21,0.999,0.999475890985325
115,477,2,21,0.999,0.999475890985325
116,477,2,21,0.999,0.999475890985325
117,477,2,21,0.999,0.999475890985325
118,477,2,21,0.999,0.999475890985325
119,477,2,21,0.999,0.999475890985325
120,477,2,21,0.999,0.999475890985325
121,477,2,21,0.999,0.999475890985325
122,477,2,21,0.999,0.999475890985325
123,477,2,21,0.999,0.999475890985325
124,476,3,21,0.999,0.9994747899159664
125,476,3,21,0.999,0.9994747899159664
126,475,4,21,1.0,1.0
127,475,4,21,1.0,1.0
128,475,4,21,1.0,1.0
129,475,4,21,1.0,1.0
130,475,4,21,1.0,1.0
131,475,3,22,1.0,1.0
132,475,3,22,1.0,1.0
133,475,3,22,1.0,1.0
134,475,3,22,1.0,1.0
135,475,3,22,1.0,1.0
136,475,3,22,1.0,1.0
137,475,3,22,1.0,1.0
138,475,3,22,1.0,1.0
139,475,3,22,1.0,1.0
140,475,3,22,1.0,1.0
141,475,3,22,1.0,1.0
142,475,3,22,1.0,1.0
143,475,2,23,1.0,1.0
144,475,2,23,1.0,1.0
145,475,2,23,1.0,1.0
146,475,2,23,1.0,1.0
147,475,2,23,1.0,1.0
148,475,2,23,1.0,1.0
149,475,2,23,1.0,1.0
150,475,2,23,1.0,1.0
151,474,3,23,1.0,1.0
152,474,3,23,1.0,1.0
153,474,3,23,1.0,1.0
154,474,3,23,1.0,1.0
155,474,3,23,1.0,1.0
156,474,2,24,1.0,1.0
157,474,2,24,1.0,1.0
158,474,2,24,1.0,1.0
159,474,2,24,1.0,1.0
160,474,1,25,1.0,1.0
161,474,1,25,1.0,1.0
162,474,1,25,1.0,1.0
163,474,1,25,1.0,1.0
164,474,1,25,1.0,1.0
165,474,1,25,1.0,1.0
166,474,1,25,1.0,1.0
167,474,1,25,1.0,1.0
168,474,1,25,1.0,1.0
169,474,1,25,1.0,1.0
170,474,1,25,1.0,1.0
171,474,1,25,1.0,1.0
172,474,1,25,1.0,1.0
173,474,1,25,1.0,1.0
174,474,1,25,1.0,1.0
175,474,1,25,1.0,1.0
176,474,1,25,1.0,1.0
177,474,0,26,1.0,1.0
178,474,0,26,1.0,1.0
179,474,0,26,1.0,1.0
180,474,0,26,1.0,1.0
181,474,0,26,1.0,1.0
182,474,0,26,1.0,1.0
183,474,0,26,1.0,1.0
184,474,0,26,1.0,1.0
185,474,0,26,1.0,1.0
186,474,0,26,1.0,1.0
187,474,0,26,1.0,1.0
188,474,0,26,1.0,1.0
189,474,0,26,1.0,1.0
190,474,0,26,1.0,1.0
191,474,0,26,1.0,1.0
192,474,0,26,1.0,1.0
193,474,0,26,1.0,1.0
194,474,0,26,1.0,1.0
195,474,0,26,1.0,1.0
196,474,0,26,1.0,1.0
197,474,0,26,1.0,1.0
198,474,0,26,1.0,1.0
199,474,0,26,1.0,1.0
200,474,0,26,1.0,1.0
1,499,1,0,1.0,1.0
2,498,2,0,0.999,0.9994979919678715
3,498,2,0,0.999,0.9994979919678715
4,497,3,0,0.997,0.9984909456740443
5,497,3,0,0.997,0.9984909456740443
6,497,3,0,0.997,0.9984909456740443
7,497,3,0,0.997,0.9984909456740443
8,496,4,0,0.996,0.9979838709677419
9,495,2,3,0.999,0.9994949494949495
10,495,2,3,0.999,0.9994949494949495
11,494,3,3,0.998,0.9989878542510121
12,494,3,3,0.998,0.9989878542510121
13,493,4,3,0.997,0.9984787018255578
14,492,5,3,0.996,0.9979674796747967
15,492,4,4,0.997,0.9984756097560976
16,491,5,4,0.997,0.9984725050916496
17,491,5,4,0.997,0.9984725050916496
18,491,4,5,0.998,0.9989816700610998
19,491,3,6,0.999,0.9994908350305499
20,491,3,6,0.999,0.9994908350305499
21,491,3,6,0.999,0.9994908350305499
22,491,3,6,0.999,0.9994908350305499
23,491,3,6,0.999,0.9994908350305499
24,490,4,6,1.0,1.0
25,490,4,6,1.0,1.0
26,490,2,8,1.0,1.0
27,490,2,8,1.0,1.0
28,490,2,8,1.0,1.0
29,490,2,8,1.0,1.0
30,490,1,9,1.0,1.0
31,490,1,9,1.0,1.0
32,490,1,9,1.0,1.0
33,490,1,9,1.0,1.0
34,490,1,9,1.0,1.0
35,490,1,9,1.0,1.0
36,490,1,9,1.0,1.0
37,490,1,9,1.0,1.0
38,490,1,9,1.0,1.0
39,490,0,10,1.0,1.0
40,490,0,10,1.0,1.0
41,490,0,10,1.0,1.0
42,490,0,10,1.0,1.0
43,490,0,10,1.0,1.0
44,490,0,10,1.0,1.0
45,490,0,10,1.0,1.0
46,490,0,10,1.0,1.0
47,490,0,10,1.0,1.0
48,490,0,10,1.0,1.0
49,490,0,10,1.0,1.0
50,490,0,10,1.0,1.0
51,490,0,10,1.0,1.0
52,490,0,10,1.0,1.0
53,490,0,10,1.0,1.0
54,490,0,10,1.0,1.0
55,490,0,10,1.0,1.0
56,490,0,10,1.0,1.0
57,490,0,10,1.0,1.0
58,490,0,10,1.0,1.0
59,490,0,10,1.0,1.0
60,490,0,10,1.0,1.0
61,490,0,10,1.0,1.0
62,490,0,10,1.0,1.0
63,490,0,10,1.0,1.0
64,490,0,10,1.0,1.0
65,490,0,10,1.0,1.0
66,490,0,10,1.0,1.0
67,490,0,10,1.0,1.0
68,490,0,10,1.0,1.0
69,490,0,10,1.0,1.0
70,490,0,10,1.0,1.0
71,490,0,10,1.0,1.0
72,490,0,10,1.0,1.0
73,490,0,10,1.0,1.0
74,490,0,10,1.0,1.0
75,490,0,10,1.0,1.0
76,490,0,10,1.0,1.0
77,490,0,10,1.0,1.0
78,490,0,10,1.0,1.0
79,490,0,10,1.0,1.0
80,490,0,10,1.0,1.0
81,490,0,10,1.0,1.0
82,490,0,10,1.0,1.0
83,490,0,10,1.0,1.0
84,490,0,10,1.0,1.0
85,490,0,10,1.0,1.0
86,490,0,10,1.0,1.0
87,490,0,10,1.0,1.0
88,490,0,10,1.0,1.0
89,490,0,10,1.0,1.0
90,490,0,10,1.0,1.0
91,490,0,10,1.0,1.0
92,490,0,10,1.0,1.0
93,490,0,10,1.0,1.0
94,490,0,10,1.0,1.0
95,490,0,10,1.0,1.0
96,490,0,10,1.0,1.0
97,490,0,10,1.0,1.0
98,490,0,10,1.0,1.0
99,490,0,10,1.0,1.0
100,490,0,10,1.0,1.0
101,490,0,10,1.0,1.0
102,490,0,10,1.0,1.0
103,490,0,10,1.0,1.0
104,490,0,10,1.0,1.0
105,490,0,10,1.0,1.0
106,490,0,10,1.0,1.0
107,490,0,10,1.0,1.0
108,490,0,10,1.0,1.0
109,490,0,10,1.0,1.0
110,490,0,10,1.0,1.0
111,490,0,10,1.0,1.0
112,490,0,10,1.0,1.0
113,490,0,10,1.0,1.0
114,490,0,10,1.0,1.0
115,490,0,10,1.0,1.0
116,490,0,10,1.0,1.0
117,490,0,10,1.0,1.0
118,490,0,10,1.0,1.0
119,490,0,10,1.0,1.0
120,490,0,10,1.0,1.0
121,490,0,10,1.0,1.0
122,490,0,10,1.0,1.0
123,490,0,10,1.0,1.0
124,490,0,10,1.0,1.0
125,490,0,10,1.0,1.0
126,490,0,10,1.0,1.0
127,490,0,10,1.0,1.0
128,490,0,10,1.0,1.0
129,490,0,10,1.0,1.0
130,490,0,10,1.0,1.0
131,490,0,10,1.0,1.0
132,490,0,10,1.0,1.0
133,490,0,10,1.0,1.0
134,490,0,10,1.0,1.0
135,490,0,10,1.0,1.0
136,490,0,10,1.0,1.0
137,490,0,10,1.0,1.0
138,490,0,10,1.0,1.0
139,490,0,10,1.0,1.0
140,490,0,10,1.0,1.0
141,490,0,10,1.0,1.0
142,490,0,10,1.0,1.0
143,490,0,10,1.0,1.0
144,490,0,10,1.0,1.0
145,490,0,10,1.0,1.0
146,490,0,10,1.0,1.0
147,490,0,10,1.0,1.0
148,490,0,10,1.0,1.0
149,490,0,10,1.0,1.0
150,490,0,10,1.0,1.0
151,490,0,10,1.0,1.0
152,490,0,10,1.0,1.0
153,490,0,10,1.0,1.0
154,490,0,10,1.0,1.0
155,490,0,10,1.0,1.0
156,490,0,10,1.0,1.0
157,490,0,10,1.0,1.0
158,490,0,10,1.0,1.0
159,490,0,10,1.0,1.0
160,490,0,10,1.0,1.0
161,490,0,10,1.0,1.0
162,490,0,10,1.0,1.0
163,490,0,10,1.0,1.0
164,490,0,10,1.0,1.0
165,490,0,10,1.0,1.0
166,490,0,10,1.0,1.0
167,490,0,10,1.0,1.0
168,490,0,10,1.0,1.0
169,490,0,10,1.0,1.0
170,490,0,10,1.0,1.0
171,490,0,10,1.0,1.0
172,490,0,10,1.0,1.0
173,490,0,10,1.0,1.0
174,490,0,10,1.0,1.0
175,490,0,10,1.0,1.0
176,490,0,10,1.0,1.0
177,490,0,10,1.0,1.0
178,490,0,10,1.0,1.0
179,490,0,10,1.0,1.0
180,490,0,10,1.0,1.0
181,490,0,10,1.0,1.0
182,490,0,10,1.0,1.0
183,490,0,10,1.0,1.0
184,490,0,10,1.0,1.0
185,490,0,10,1.0,1.0
186,490,0,10,1.0,1.0
187,490,0,10,1.0,1.0
188,490,0,10,1.0,1.0
189,490,0,10,1.0,1.0
190,490,0,10,1.0,1.0
191,490,0,10,1.0,1.0
192,490,0,10,1.0,1.0
193,490,0,10,1.0,1.0
194,490,0,10,1.0,1.0
195,490,0,10,1.0,1.0
196,490,0,10,1.0,1.0
197,490,0,10,1.0,1.0
198,490,0,10,1.0,1.0
199,490,0,10,1.0,1.0
200,490,0,10,1.0,1.0
1,499,0,1,1.0,1.0
2,499,0,1,1.0,1.0
3,499,0,1,1.0,1.0
4,499,0,1,1.0,1.0
5,499,0,1,1.0,1.0
6,499,0,1,1.0,1.0
7,499,0,1,1.0,1.0
8,499,0,1,1.0,1.0
9,499,0,1,1.0,1.0
10,499,0,1,1.0,1.0
11,499,0,1,1.0,1.0
12,499,0,1,1.0,1.0
13,499,0,1,1.0,1.0
14,499,0,1,1.0,1.0
15,499,0,1,1.0,1.0
16,499,0,1,1.0,1.0
17,499,0,1,1.0,1.0
18,499,0,1,1.0,1.0
19,499,0,1,1.0,1.0
20,499,0,1,1.0,1.0
21,499,0,1,1.0,1.0
22,499,0,1,1.0,1.0
23,499,0,1,1.0,1.0
24,499,0,1,1.0,1.0
25,499,0,1,1.0,1.0
26,499,0,1,1.0,1.0
27,499,0,1,1.0,1.0
28,499,0,1,1.0,1.0
29,499,0,1,1.0,1.0
30,499,0,1,1.0,1.0
31,499,0,1,1.0,1.0
32,499,0,1,1.0,1.0
33,499,0,1,1.0,1.0
34,499,0,1,1.0,1.0
35,499,0,1,1.0,1.0
36,499,0,1,1.0,1.0
37,499,0,1,1.0,1.0
38,499,0,1,1.0,1.0
39,499,0,1,1.0,1.0
40,499,0,1,1.0,1.0
41,499,0,1,1.0,1.0
42,499,0,1,1.0,1.0
43,499,0,1,1.0,1.0
44,499,0,1,1.0,1.0
45,499,0,1,1.0,1.0
46,499,0,1,1.0,1.0
47,499,0,1,1.0,1.0
48,499,0,1,1.0,1.0
49,499,0,1,1.0,1.0
50,499,0,1,1.0,1.0
51,499,0,1,1.0,1.0
52,499,0,1,1.0,1.0
53,499,0,1,1.0,1.0
54,499,0,1,1.0,1.0
55,499,0,1,1.0,1.0
56,499,0,1,1.0,1.0
57,499,0,1,1.0,1.0
58,499,0,1,1.0,1.0
59,499,0,1,1.0,1.0
60,499,0,1,1.0,1.0
61,499,0,1,1.0,1.0
62,499,0,1,1.0,1.0
63,499,0,1,1.0,1.0
64,499,0,1,1.0,1.0
65,499,0,1,1.0,1.0
66,499,0,1,1.0,1.0
67,499,0,1,1.0,1.0
68,499,0,1,1.0,1.0
69,499,0,1,1.0,1.0
70,499,0,1,1.0,1.0
71,499,0,1,1.0,1.0
72,499,0,1,1.0,1.0
73,499,0,1,1.0,1.0
74,499,0,1,1.0,1.0
75,499,0,1,1.0,1.0
76,499,0,1,1.0,1.0
77,499,0,1,1.0,1.0
78,499,0,1,1.0,1.0
79,499,0,1,1.0,1.0
80,499,0,1,1.0,1.0
81,499,0,1,1.0,1.0
82,499,0,1,1.0,1.0
83,499,0,1,1.0,1.0
84,499,0,1,1.0,1.0
85,499,0,1,1.0,1.0
86,499,0,1,1.0,1.0
87,499,0,1,1.0,1.0
88,499,0,1,1.0,1.0
89,499,0,1,1.0,1.0
90,499,0,1,1.0,1.0
91,499,0,1,1.0,1.0
92,499,0,1,1.0,1.0
93,499,0,1,1.0,1.0
94,499,0,1,1.0,1.0
95,499,0,1,1.0,1.0
96,499,0,1,1.0,1.0
97,499,0,1,1.0,1.0
98,499,0,1,1.0,1.0
99,499,0,1,1.0,1.0
100,499,0,1,1.0,1.0
101,499,0,1,1.0,1.0
102,499,0,1,1.0,1.0
103,499,0,1,1.0,1.0
104,499,0,1,1.0,1.0
105,499,0,1,1.0,1.0
106,499,0,1,1.0,1.0
107,499,0,1,1.0,1.0
108,499,0,1,1.0,1.0
109,499,0,1,1.0,1.0
110,499,0,1,1.0,1.0
111,499,0,1,1.0,1.0
112,499,0,1,1.0,1.0
113,499,0,1,1.0,1.0
114,499,0,1,1.0,1.0
115,499,0,1,1.0,1.0
116,499,0,1,1.0,1.0
117,499,0,1,1.0,1.0
118,499,0,1,1.0,1.0
119,499,0,1,1.0,1.0
120,499,0,1,1.0,1.0
121,499,0,1,1.0,1.0
122,499,0,1,1.0,1.0
123,499,0,1,1.0,1.0
124,499,0,1,1.0,1.0
125,499,0,1,1.0,1.0
126,499,0,1,1.0,1.0
127,499,0,1,1.0,1.0
128,499,0,1,1.0,1.0
129,499,0,1,1.0,1.0
130,499,0,1,1.0,1.0
131,499,0,1,1.0,1.0
132,499,0,1,1.0,1.0
133,499,0,1,1.0,1.0
134,499,0,1,1.0,1.0
135,499,0,1,1.0,1.0
136,499,0,1,1.0,1.0
137,499,0,1,1.0,1.0
138,499,0,1,1.0,1.0
139,499,0,1,1.0,1.0
140,499,0,1,1.0,1.0
141,499,0,1,1.0,1.0
142,499,0,1,1.0,1.0
143,499,0,1,1.0,1.0
144,499,0,1,1.0,1.0
145,499,0,1,1.0,1.0
146,499,0,1,1.0,1.0
147,499,0,1,1.0,1.0
148,499,0,1,1.0,1.0
149,499,0,1,1.0,1.0
150,499,0,1,1.0,1.0
151,499,0,1,1.0,1.0
152,499,0,1,1.0,1.0
153,499,0,1,1.0,1.0
154,499,0,1,1.0,1.0
155,499,0,1,1.0,1.0
156,499,0,1,1.0,1.0
157,499,0,1,1.0,1.0
158,499,0,1,1.0,1.0
159,499,0,1,1.0,1.0
160,499,0,1,1.0,1.0
161,499,0,1,1.0,1.0
162,499,0,1,1.0,1.0
163,499,0,1,1.0,1.0
164,499,0,1,1.0,1.0
165,499,0,1,1.0,1.0
166,499,0,1,1.0,1.0
167,499,0,1,1.0,1.0
168,499,0,1,1.0,1.0
169,499,0,1,1.0,1.0
170,499,0,1,1.0,1.0
171,499,0,1,1.0,1.0
172,499,0,1,1.0,1.0
173,499,0,1,1.0,1.0
174,499,0,1,1.0,1.0
175,499,0,1,1.0,1.0
176,499,0,1,1.0,1.0
177,499,0,1,1.0,1.0
178,499,0,1,1.0,1.0
179,499,0,1,1.0,1.0
180,499,0,1,1.0,1.0
181,499,0,1,1.0,1.0
182,499,0,1,1.0,1.0
183,499,0,1,1.0,1.0
184,499,0,1,1.0,1.0
185,499,0,1,1.0,1.0
186,499,0,1,1.0,1.0
187,499,0,1,1.0,1.0
188,499,0,1,1.0,1.0
189,499,0,1,1.0,1.0
190,499,0,1,1.0,1.0
191,499,0,1,1.0,1.0
192,499,0,1,1.0,1.0
193,499,0,1,1.0,1.0
194,499,0,1,1.0,1.0
195,499,0,1,1.0,1.0
196,499,0,1,1.0,1.0
197,499,0,1,1.0,1.0
198,499,0,1,1.0,1.0
199,499,0,1,1.0,1.0
200,499,0,1,1.0,1.0
1,499,1,0,1.0,1.0
2,499,1,0,1.0,1.0
3,498,2,0,0.999,0.9993306559571619
4,497,3,0,0.998,0.9986586183769282
5,497,2,1,1.0,1.0
6,496,3,1,0.999,0.9994959677419355
7,496,3,1,0.999,0.9994959677419355
8,496,3,1,0.999,0.9994959677419355
9,496,3,1,0.999,0.9994959677419355
10,496,3,1,0.999,0.9994959677419355
11,496,2,2,0.999,0.9994959677419355
12,496,1,3,1.0,1.0
13,496,1,3,1.0,1.0
14,496,1,3,1.0,1.0
15,496,0,4,1.0,1.0
16,496,0,4,1.0,1.0
17,496,0,4,1.0,1.0
18,496,0,4,1.0,1.0
19,496,0,4,1.0,1.0
20,496,0,4,1.0,1.0
21,496,0,4,1.0,1.0
22,496,0,4,1.0,1.0
23,496,0,4,1.0,1.0
24,496,0,4,1.0,1.0
25,496,0,4,1.0,1.0
26,496,0,4,1.0,1.0
27,496,0,4,1.0,1.0
28,496,0,4,1.0,1.0
29,496,0,4,1.0,1.0
30,496,0,4,1.0,1.0
31,496,0,4,1.0,1.0
32,496,0,4,1.0,1.0
33,496,0,4,1.0,1.0
34,496,0,4,1.0,1.0
35,496,0,4,1.0,1.0
36,496,0,4,1.0,1.0
37,496,0,4,1.0,1.0
38,496,0,4,1.0,1.0
39,496,0,4,1.0,1.0
40,496,0,4,1.0,1.0
41,496,0,4,1.0,1.0
42,496,0,4,1.0,1.0
43,496,0,4,1.0,1.0
44,496,0,4,1.0,1.0
45,496,0,4,1.0,1.0
46,496,0,4,1.0,1.0
47,496,0,4,1.0,1.0
48,496,0,4,1.0,1.0
49,496,0,4,1.0,1.0
50,496,0,4,1.0,1.0
51,496,0,4,1.0,1.0
52,496,0,4,1.0,1.0
53,496,0,4,1.0,1.0
54,496,0,4,1.0,1.0
55,496,0,4,1.0,1.0
56,496,0,4,1.0,1.0
57,496,0,4,1.0,1.0
58,496,0,4,1.0,1.0
59,496,0,4,1.0,1.0
60,496,0,4,1.0,1.0
61,496,0,4,1.0,1.0
62,496,0,4,1.0,1.0
63,496,0,4,1.0,1.0
64,496,0,4,1.0,1.0
65,496,0,4,1.0,1.0
66,496,0,4,1.0,1.0
67,496,0,4,1.0,1.0
68,496,0,4,1.0,1.0
69,496,0,4,1.0,1.0
70,496,0,4,1.0,1.0
71,496,0,4,1.0,1.0
72,496,0,4,1.0,1.0
73,496,0,4,1.0,1.0
74,496,0,4,1.0,1.0
75,496,0,4,1.0,1.0
76,496,0,4,1.0,1.0
77,496,0,4,1.0,1.0
78,496,0,4,1.0,1.0
79,496,0,4,1.0,1.0
80,496,0,4,1.0,1.0
81,496,0,4,1.0,1.0
82,496,0,4,1.0,1.0
83,496,0,4,1.0,1.0
84,496,0,4,1.0,1.0
85,496,0,4,1.0,1.0
86,496,0,4,1.0,1.0
87,496,0,4,1.0,1.0
88,496,0,4,1.0,1.0
89,496,0,4,1.0,1.0
90,496,0,4,1.0,1.0
91,496,0,4,1.0,1.0
92,496,0,4,1.0,1.0
93,496,0,4,1.0,1.0
94,496,0,4,1.0,1.0
95,496,0,4,1.0,1.0
96,496,0,4,1.0,1.0
97,496,0,4,1.0,1.0
98,496,0,4,1.0,1.0
99,496,0,4,1.0,1.0
100,496,0,4,1.0,1.0
101,496,0,4,1.0,1.0
102,496,0,4,1.0,1.0
103,496,0,4,1.0,1.0
104,496,0,4,1.0,1.0
105,496,0,4,1.0,1.0
106,496,0,4,1.0,1.0
107,496,0,4,1.0,1.0
108,496,0,4,1.0,1.0
109,496,0,4,1.0,1.0
110,496,0,4,1.0,1.0
111,496,0,4,1.0,1.0
112,496,0,4,1.0,1.0
113,496,0,4,1.0,1.0
114,496,0,4,1.0,1.0
115,496,0,4,1.0,1.0
116,496,0,4,1.0,1.0
117,496,0,4,1.0,1.0
118,496,0,4,1.0,1.0
119,496,0,4,1.0,1.0
120,496,0,4,1.0,1.0
121,496,0,4,1.0,1.0
122,496,0,4,1.0,1.0
123,496,0,4,1.0,1.0
124,496,0,4,1.0,1.0
125,496,0,4,1.0,1.0
126,496,0,4,1.0,1.0
127,496,0,4,1.0,1.0
128,496,0,4,1.0,1.0
129,496,0,4,1.0,1.0
130,496,0,4,1.0,1.0
131,496,0,4,1.0,1.0
132,496,0,4,1.0,1.0
133,496,0,4,1.0,1.0
134,496,0,4,1.0,1.0
135,496,0,4,1.0,1.0
136,496,0,4,1.0,1.0
137,496,0,4,1.0,1.0
138,496,0,4,1.0,1.0
139,496,0,4,1.0,1.0
140,496,0,4,1.0,1.0
141,496,0,4,1.0,1.0
142,496,0,4,1.0,1.0
143,496,0,4,1.0,1.0
144,496,0,4,1.0,1.0
145,496,0,4,1.0,1.0
146,496,0,4,1.0,1.0
147,496,0,4,1.0,1.0
148,496,0,4,1.0,1.0
149,496,0,4,1.0,1.0
150,496,0,4,1.0,1.0
151,496,0,4,1.0,1.0
152,496,0,4,1.0,1.0
153,496,0,4,1.0,1.0
154,496,0,4,1.0,1.0
155,496,0,4,1.0,1.0
156,496,0,4,1.0,1.0
157,496,0,4,1.0,1.0
158,496,0,4,1.0,1.0
159,496,0,4,1.0,1.0
160,496,0,4,1.0,1.0
161,496,0,4,1.0,1.0
162,496,0,4,1.0,1.0
163,496,0,4,1.0,1.0
164,496,0,4,1.0,1.0
165,496,0,4,1.0,1.0
166,496,0,4,1.0,1.0
167,496,0,4,1.0,1.0
168,496,0,4,1.0,1.0
169,496,0,4,1.0,1.0
170,496,0,4,1.0,1.0
171,496,0,4,1.0,1.0
172,496,0,4,1.0,1.0
173,496,0,4,1.0,1.0
174,496,0,4,1.0,1.0
175,496,0,4,1.0,1.0
176,496,0,4,1.0,1.0
177,496,0,4,1.0,1.0
178,496,0,4,1.0,1.0
179,496,0,4,1.0,1.0
180,496,0,4,1.0,1.0
181,496,0,4,1.0,1.0
182,496,0,4,1.0,1.0
183,496,0,4,1.0,1.0
184,496,0,4,1.0,1.0
185,496,0,4,1.0,1.0
186,496,0,4,1.0,1.0
187,496,0,4,1.0,1.0
188,496,0,4,1.0,1.0
189,496,0,4,1.0,1.0
190,496,0,4,1.0,1.0
191,496,0,4,1.0,1.0
192,496,0,4,1.0,1.0
193,496,0,4,1.0,1.0
194,496,0,4,1.0,1.0
195,496,0,4,1.0,1.0
196,496,0,4,1.0,1.0
197,496,0,4,1.0,1.0
198,496,0,4,1.0,1.0
199,496,0,4,1.0,1.0
200,496,0,4,1.0,1.0
1,499,1,0,1.0,1.0
2,499,1,0,1.0,1.0
3,499,1,0,1.0,1.0
4,499,1,0,1.0,1.0
5,499,1,0,1.0,1.0
6,499,1,0,1.0,1.0
7,499,1,0,1.0,1.0
8,499,1,0,1.0,1.0
9,499,1,0,1.0,1.0
10,499,0,1,1.0,1.0
11,499,0,1,1.0,1.0
12,499,0,1,1.0,1.0
13,499,0,1,1.0,1.0
14,499,0,1,1.0,1.0
15,499,0,1,1.0,1.0
16,499,0,1,1.0,1.0
17,499,0,1,1.0,1.0
18,499,0,1,1.0,1.0
19,499,0,1,1.0,1.0
20,499,0,1,1.0,1.0
21,499,0,1,1.0,1.0
22,499,0,1,1.0,1.0
23,499,0,1,1.0,1.0
24,499,0,1,1.0,1.0
25,499,0,1,1.0,1.0
26,499,0,1,1.0,1.0
27,499,0,1,1.0,1.0
28,499,0,1,1.0,1.0
29,499,0,1,1.0,1.0
30,499,0,1,1.0,1.0
31,499,0,1,1.0,1.0
32,499,0,1,1.0,1.0
33,499,0,1,1.0,1.0
34,499,0,1,1.0,1.0
35,499,0,1,1.0,1.0
36,499,0,1,1.0,1.0
37,499,0,1,1.0,1.0
38,499,0,1,1.0,1.0
39,499,0,1,1.0,1.0
40,499,0,1,1.0,1.0
41,499,0,1,1.0,1.0
42,499,0,1,1.0,1.0
43,499,0,1,1.0,1.0
44,499,0,1,1.0,1.0
45,499,0,1,1.0,1.0
46,499,0,1,1.0,1.0
47,499,0,1,1.0,1.0
48,499,0,1,1.0,1.0
49,499,0,1,1.0,1.0
50,499,0,1,1.0,1.0
51,499,0,1,1.0,1.0
52,499,0,1,1.0,1.0
53,499,0,1,1.0,1.0
54,499,0,1,1.0,1.0
55,499,0,1,1.0,1.0
56,499,0,1,1.0,1.0
57,499,0,1,1.0,1.0
58,499,0,1,1.0,1.0
59,499,0,1,1.0,1.0
60,499,0,1,1.0,1.0
61,499,0,1,1.0,1.0
62,499,0,1,1.0,1.0
63,499,0,1,1.0,1.0
64,499,0,1,1.0,1.0
65,499,0,1,1.0,1.0
66,499,0,1,1.0,1.0
67,499,0,1,1.0,1.0
68,499,0,1,1.0,1.0
69,499,0,1,1.0,1.0
70,499,0,1,1.0,1.0
71,499,0,1,1.0,1.0
72,499,0,1,1.0,1.0
73,499,0,1,1.0,1.0
74,499,0,1,1.0,1.0
75,499,0,1,1.0,1.0
76,499,0,1,1.0,1.0
77,499,0,1,1.0,1.0
78,499,0,1,1.0,1.0
79,499,0,1,1.0,1.0
80,499,0,1,1.0,1.0
81,499,0,1,1.0,1.0
82,499,0,1,1.0,1.0
83,499,0,1,1.0,1.0
84,499,0,1,1.0,1.0
85,499,0,1,1.0,1.0
86,499,0,1,1.0,1.0
87,499,0,1,1.0,1.0
88,499,0,1,1.0,1.0
89,499,0,1,1.0,1.0
90,499,0,1,1.0,1.0
91,499,0,1,1.0,1.0
92,499,0,1,1.0,1.0
93,499,0,1,1.0,1.0
94,499,0,1,1.0,1.0
95,499,0,1,1.0,1.0
96,499,0,1,1.0,1.0
97,499,0,1,1.0,1.0
98,499,0,1,1.0,1.0
99,499,0,1,1.0,1.0
100,499,0,1,1.0,1.0
101,499,0,1,1.0,1.0
102,499,0,1,1.0,1.0
103,499,0,1,1.0,1.0
104,499,0,1,1.0,1.0
105,499,0,1,1.0,1.0
106,499,0,1,1.0,1.0
107,499,0,1,1.0,1.0
108,499,0,1,1.0,1.0
109,499,0,1,1.0,1.0
110,499,0,1,1.0,1.0
111,499,0,1,1.0,1.0
112,499,0,1,1.0,1.0
113,499,0,1,1.0,1.0
114,499,0,1,1.0,1.0
115,499,0,1,1.0,1.0
116,499,0,1,1.0,1.0
117,499,0,1,1.0,1.0
118,499,0,1,1.0,1.0
119,499,0,1,1.0,1.0
120,499,0,1,1.0,1.0
121,499,0,1,1.0,1.0
122,499,0,1,1.0,1.0
123,499,0,1,1.0,1.0
124,499,0,1,1.0,1.0
125,499,0,1,1.0,1.0
126,499,0,1,1.0,1.0
127,499,0,1,1.0,1.0
128,499,0,1,1.0,1.0
129,499,0,1,1.0,1.0
130,499,0,1,1.0,1.0
131,499,0,1,1.0,1.0
132,499,0,1,1.0,1.0
133,499,0,1,1.0,1.0
134,499,0,1,1.0,1.0
135,499,0,1,1.0,1.0
136,499,0,1,1.0,1.0
137,499,0,1,1.0,1.0
138,499,0,1,1.0,1.0
139,499,0,1,1.0,1.0
140,499,0,1,1.0,1.0
141,499,0,1,1.0,1.0
142,499,0,1,1.0,1.0
143,499,0,1,1.0,1.0
144,499,0,1,1.0,1.0
145,499,0,1,1.0,1.0
146,499,0,1,1.0,1.0
147,499,0,1,1.0,1.0
148,499,0,1,1.0,1.0
149,499,0,1,1.0,1.0
150,499,0,1,1.0,1.0
151,499,0,1,1.0,1.0
152,499,0,1,1.0,1.0
153,499,0,1,1.0,1.0
154,499,0,1,1.0,1.0
155,499,0,1,1.0,1.0
156,499,0,1,1.0,1.0
157,499,0,1,1.0,1.0
158,499,0,1,1.0,1.0
159,499,0,1,1.0,1.0
160,499,0,1,1.0,1.0
161,499,0,1,1.0,1.0
162,499,0,1,1.0,1.0
163,499,0,1,1.0,1.0
164,499,0,1,1.0,1.0
165,499,0,1,1.0,1.0
166,499,0,1,1.0,1.0
167,499,0,1,1.0,1.0
168,499,0,1,1.0,1.0
169,499,0,1,1.0,1.0
170,499,0,1,1.0,1.0
171,499,0,1,1.0,1.0
172,499,0,1,1.0,1.0
173,499,0,1,1.0,1.0
174,499,0,1,1.0,1.0
175,499,0,1,1.0,1.0
176,499,0,1,1.0,1.0
177,499,0,1,1.0,1.0
178,499,0,1,1.0,1.0
179,499,0,1,1.0,1.0
180,499,0,1,1.0,1.0
181,499,0,1,1.0,1.0
182,499,0,1,1.0,1.0
183,499,0,1,1.0,1.0
184,499,0,1,1.0,1.0
185,499,0,1,1.0,1.0
186,499,0,1,1.0,1.0
187,499,0,1,1.0,1.0
188,499,0,1,1.0,1.0
189,499,0,1,1.0,1.0
190,499,0,1,1.0,1.0
191,499,0,1,1.0,1.0
192,499,0,1,1.0,1.0
193,499,0,1,1.0,1.0
194,499,0,1,1.0,1.0
195,499,0,1,1.0,1.0
196,499,0,1,1.0,1.0
197,499,0,1,1.0,1.0
198,499,0,1,1.0,1.0
199,499,0,1,1.0,1.0
200,499,0,1,1.0,1.0
1,499,1,0,1.0,1.0
2,498,2,0,1.0,1.0
3,497,2,1,1.0,1.0
4,497,2,1,1.0,1.0
5,497,2,1,1.0,1.0
6,497,2,1,1.0,1.0
7,497,2,1,1.0,1.0
8,496,3,1,0.999,0.9994959677419355
9,496,3,1,0.999,0.9994959677419355
10,495,4,1,0.998,0.9990909090909091
11,494,5,1,0.997,0.998582995951417
12,494,5,1,0.997,0.998582995951417
13,493,6,1,0.997,0.9984787018255578
14,492,7,1,0.996,0.9979674796747967
15,491,8,1,0.997,0.9984725050916496
16,491,8,1,0.997,0.9984725050916496
17,491,8,1,0.997,0.9984725050916496
18,490,9,1,0.996,0.9979591836734694
19,490,9,1,0.996,0.9979591836734694
20,489,10,1,0.996,0.9979550102249489
21,489,10,1,0.996,0.9979550102249489
22,489,10,1,0.996,0.9979550102249489
23,488,11,1,0.996,0.9979508196721312
24,488,11,1,0.996,0.9979508196721312
25,488,11,1,0.996,0.9979508196721312
26,487,11,2,0.994,0.9970225872689938
27,487,10,3,0.994,0.9970225872689938
28,487,10,3,0.994,0.9970225872689938
29,487,8,5,0.997,0.9984599589322382
30,486,9,5,0.997,0.9984567901234568
31,486,9,5,0.997,0.9984567901234568
32,486,9,5,0.997,0.9984567901234568
33,486,9,5,0.997,0.9984567901234568
34,486,9,5,0.997,0.9984567901234568
35,485,10,5,0.996,0.9979381443298969
36,485,10,5,0.996,0.9979381443298969
37,484,10,6,0.997,0.9984504132231405
38,483,11,6,0.997,0.9984472049689441
39,483,11,6,0.997,0.9984472049689441
40,483,10,7,0.998,0.9989648033126294
41,483,9,8,0.999,0.9994824016563147
42,483,9,8,0.999,0.9994824016563147
43,483,8,9,0.999,0.9994824016563147
44,483,8,9,0.999,0.9994824016563147
45,481,10,9,0.998,0.998960498960499
46,480,10,10,0.999,0.9994791666666667
47,480,9,11,0.999,0.9994791666666667
48,480,9,11,0.999,0.9994791666666667
49,479,7,14,0.998,0.9989561586638831
50,478,8,14,0.996,0.997907949790795
51,477,9,14,0.996,0.9979035639412998
52,477,8,15,0.997,0.9984276729559748
53,477,8,15,0.997,0.9984276729559748
54,476,9,15,0.997,0.9984243697478992
55,476,8,16,0.997,0.9984243697478992
56,475,9,16,0.997,0.998421052631579
57,475,9,16,0.997,0.998421052631579
58,475,9,16,0.997,0.998421052631579
59,475,8,17,0.998,0.9989473684210526
60,474,8,18,0.998,0.9989451476793249
61,474,7,19,0.998,0.9989451476793249
62,474,6,20,0.998,0.9989451476793249
63,474,6,20,0.998,0.9989451476793249
64,474,6,20,0.998,0.9989451476793249
65,474,6,20,0.998,0.9989451476793249
66,474,6,20,0.998,0.9989451476793249
67,473,7,20,0.999,0.9994714587737844
68,473,7,20,0.999,0.9994714587737844
69,473,7,20,0.999,0.9994714587737844
70,473,7,20,0.999,0.9994714587737844
71,473,7,20,0.999,0.9994714587737844
72,473,6,21,1.0,1.0
73,472,7,21,0.999,0.9994703389830508
74,472,6,22,0.999,0.9994703389830508
75,472,6,22,0.999,0.9994703389830508
76,472,6,22,0.999,0.9994703389830508
77,472,6,22,0.999,0.9994703389830508
78,472,6,22,0.999,0.9994703389830508
79,472,6,22,0.999,0.9994703389830508
80,472,5,23,0.999,0.9994703389830508
81,472,5,23,0.999,0.9994703389830508
82,472,5,23,0.999,0.9994703389830508
83,472,5,23,0.999,0.9994703389830508
84,472,5,23,0.999,0.9994703389830508
85,472,5,23,0.999,0.9994703389830508
86,472,5,23,0.999,0.9994703389830508
87,472,5,23,0.999,0.9994703389830508
88,472,4,24,0.999,0.9994703389830508
89,472,4,24,0.999,0.9994703389830508
90,471,5,24,0.998,0.9989384288747346
91,471,5,24,0.998,0.9989384288747346
92,471,5,24,0.998,0.9989384288747346
93,471,5,24,0.998,0.9989384288747346
94,470,6,24,0.997,0.9984042553191489
95,470,6,24,0.997,0.9984042553191489
96,470,6,24,0.997,0.9984042553191489
97,470,6,24,0.997,0.9984042553191489
98,470,6,24,0.997,0.9984042553191489
99,470,6,24,0.997,0.9984042553191489
100,469,7,24,0.997,0.9984008528784648
101,469,5,26,0.997,0.9984008528784648
102,469,4,27,0.998,0.9989339019189766
103,469,4,27,0.998,0.9989339019189766
104,469,4,27,0.998,0.9989339019189766
105,469,4,27,0.998,0.9989339019189766
106,469,4,27,0.998,0.9989339019189766
107,469,4,27,0.998,0.9989339019189766
108,469,4,27,0.998,0.9989339019189766
109,469,4,27,0.998,0.9989339019189766
110,469,3,28,0.999,0.9994669509594882
111,469,3,28,0.999,0.9994669509594882
112,469,3,28,0.999,0.9994669509594882
113,469,3,28,0.999,0.9994669509594882
114,468,4,28,1.0,1.0
115,468,4,28,1.0,1.0
116,468,4,28,1.0,1.0
117,468,4,28,1.0,1.0
118,468,3,29,1.0,1.0
119,468,3,29,1.0,1.0
120,468,3,29,1.0,1.0
121,468,2,30,1.0,1.0
122,468,2,30,1.0,1.0
123,468,2,30,1.0,1.0
124,468,2,30,1.0,1.0
125,468,2,30,1.0,1.0
126,468,2,30,1.0,1.0
127,468,2,30,1.0,1.0
128,468,2,30,1.0,1.0
129,468,2,30,1.0,1.0
130,468,2,30,1.0,1.0
131,468,2,30,1.0,1.0
132,468,2,30,1.0,1.0
133,468,2,30,1.0,1.0
134,468,1,31,1.0,1.0
135,468,1,31,1.0,1.0
136,468,1,31,1.0,1.0
137,468,1,31,1.0,1.0
138,468,1,31,1.0,1.0
139,468,1,31,1.0,1.0
140,468,1,31,1.0,1.0
141,468,1,31,1.0,1.0
142,468,1,31,1.0,1.0
143,468,1,31,1.0,1.0
144,468,1,31,1.0,1.0
145,468,1,31,1.0,1.0
146,468,1,31,1.0,1.0
147,468,1,31,1.0,1.0
148,468,1,31,1.0,1.0
149,468,1,31,1.0,1.0
150,468,1,31,1.0,1.0
151,468,1,31,1.0,1.0
152,468,1,31,1.0,1.0
153,468,1,31,1.0,1.0
154,468,1,31,1.0,1.0
155,468,1,31,1.0,1.0
156,468,1,31,1.0,1.0
157,468,1,31,1.0,1.0
158,468,1,31,1.0,1.0
159,468,1,31,1.0,1.0
160,468,0,32,1.0,1.0
161,468,0,32,1.0,1.0
162,468,0,32,1.0,1.0
163,468,0,32,1.0,1.0
164,468,0,32,1.0,1.0
165,468,0,32,1.0,1.0
166,468,0,32,1.0,1.0
167,468,0,32,1.0,1.0
168,468,0,32,1.0,1.0
169,468,0,32,1.0,1.0
170,468,0,32,1.0,1.0
171,468,0,32,1.0,1.0
172,468,0,32,1.0,1.0
173,468,0,32,1.0,1.0
174,468,0,32,1.0,1.0
175,468,0,32,1.0,1.0
176,468,0,32,1.0,1.0
177,468,0,32,1.0,1.0
178,468,0,32,1.0,1.0
179,468,0,32,1.0,1.0
180,468,0,32,1.0,1.0
181,468,0,32,1.0,1.0
182,468,0,32,1.0,1.0
183,468,0,32,1.0,1.0
184,468,0,32,1.0,1.0
185,468,0,32,1.0,1.0
186,468,0,32,1.0,1.0
187,468,0,32,1.0,1.0
188,468,0,32,1.0,1.0
189,468,0,32,1.0,1.0
190,468,0,32,1.0,1.0
191,468,0,32,1.0,1.0
192,468,0,32,1.0,1.0
193,468,0,32,1.0,1.0
194,468,0,32,1.0,1.0
195,468,0,32,1.0,1.0
196,468,0,32,1.0,1.0
197,468,0,32,1.0,1.0
198,468,0,32,1.0,1.0
199,468,0,32,1.0,1.0
200,468,0,32,1.0,1.0
1,499,1,0,1.0,1.0
2,499,1,0,1.0,1.0
3,499,1,0,1.0,1.0
4,498,2,0,0.999,0.9994979919678715
5,498,2,0,0.999,0.9994979919678715
6,498,2,0,0.999,0.9994979919678715
7,498,2,0,0.999,0.9994979919678715
8,498,2,0,0.999,0.9994979919678715
9,497,3,0,0.998,0.9990945674044266
10,497,3,0,0.998,0.9990945674044266
11,497,3,0,0.998,0.9990945674044266
12,497,3,0,0.998,0.9990945674044266
13,497,2,1,0.999,0.9995975855130785
14,497,2,1,0.999,0.9995975855130785
15,497,2,1,0.999,0.9995975855130785
16,497,2,1,0.999,0.9995975855130785
17,497,2,1,0.999,0.9995975855130785
18,497,2,1,0.999,0.9995975855130785
19,497,2,1,0.999,0.9995975855130785
20,497,2,1,0.999,0.9995975855130785
21,497,2,1,0.999,0.9995975855130785
22,497,2,1,0.999,0.9995975855130785
23,496,3,1,1.0,1.0
24,496,3,1,1.0,1.0
25,496,3,1,1.0,1.0
26,496,3,1,1.0,1.0
27,496,3,1,1.0,1.0
28,495,3,2,1.0,1.0
29,495,3,2,1.0,1.0
30,495,3,2,1.0,1.0
31,495,3,2,1.0,1.0
32,495,3,2,1.0,1.0
33,495,3,2,1.0,1.0
34,495,3,2,1.0,1.0
35,495,3,2,1.0,1.0
36,494,4,2,0.999,0.9993252361673414
37,494,3,3,1.0,1.0
38,494,3,3,1.0,1.0
39,494,3,3,1.0,1.0
40,494,3,3,1.0,1.0
41,493,4,3,0.999,0.9994929006085193
42,492,5,3,0.998,0.9989837398373984
43,491,6,3,0.998,0.9989816700610998
44,491,6,3,0.998,0.9989816700610998
45,491,6,3,0.998,0.9989816700610998
46,490,7,3,0.997,0.9984693877551021
47,490,7,3,0.997,0.9984693877551021
48,490,6,4,0.998,0.9989795918367347
49,490,6,4,0.998,0.9989795918367347
50,490,6,4,0.998,0.9989795918367347
51,490,6,4,0.998,0.9989795918367347
52,490,5,5,0.999,0.9994897959183674
53,490,4,6,0.999,0.9994897959183674
54,490,4,6,0.999,0.9994897959183674
55,490,4,6,0.999,0.9994897959183674
56,490,4,6,0.999,0.9994897959183674
57,490,4,6,0.999,0.9994897959183674
58,490,3,7,0.999,0.9994897959183674
59,490,2,8,0.999,0.9994897959183674
60,490,2,8,0.999,0.9994897959183674
61,490,2,8,0.999,0.9994897959183674
62,490,2,8,0.999,0.9994897959183674
63,489,3,8,0.999,0.9994887525562373
64,489,3,8,0.999,0.9994887525562373
65,489,3,8,0.999,0.9994887525562373
66,488,4,8,1.0,1.0
67,488,3,9,1.0,1.0
68,488,3,9,1.0,1.0
69,488,2,10,1.0,1.0
70,488,2,10,1.0,1.0
71,488,2,10,1.0,1.0
72,488,2,10,1.0,1.0
73,488,2,10,1.0,1.0
74,488,2,10,1.0,1.0
75,488,2,10,1.0,1.0
76,488,2,10,1.0,1.0
77,488,2,10,1.0,1.0
78,488,2,10,1.0,1.0
79,488,2,10,1.0,1.0
80,488,1,11,1.0,1.0
81,488,1,11,1.0,1.0
82,488,1,11,1.0,1.0
83,488,1,11,1.0,1.0
84,488,1,11,1.0,1.0
85,488,1,11,1.0,1.0
86,488,1,11,1.0,1.0
87,488,1,11,1.0,1.0
88,488,1,11,1.0,1.0
89,488,1,11,1.0,1.0
90,488,1,11,1.0,1.0
91,488,1,11,1.0,1.0
92,488,1,11,1.0,1.0
93,488,1,11,1.0,1.0
94,488,1,11,1.0,1.0
95,488,1,11,1.0,1.0
96,488,1,11,1.0,1.0
97,488,1,11,1.0,1.0
98,488,1,11,1.0,1.0
99,488,1,11,1.0,1.0
100,488,1,11,1.0,1.0
101,488,1,11,1.0,1.0
102,488,1,11,1.0,1.0
103,488,1,11,1.0,1.0
104,488,1,11,1.0,1.0
105,488,1,11,1.0,1.0
106,488,1,11,1.0,1.0
107,488,1,11,1.0,1.0
108,488,1,11,1.0,1.0
109,488,1,11,1.0,1.0
110,488,1,11,1.0,1.0
111,488,1,11,1.0,1.0
112,488,1,11,1.0,1.0
113,488,1,11,1.0,1.0
114,488,1,11,1.0,1.0
115,488,1,11,1.0,1.0
116,488,1,11,1.0,1.0
117,488,1,11,1.0,1.0
118,488,1,11,1.0,1.0
119,488,1,11,1.0,1.0
120,488,1,11,1.0,1.0
121,488,1,11,1.0,1.0
122,488,1,11,1.0,1.0
123,488,1,11,1.0,1.0
124,488,0,12,1.0,1.0
125,488,0,12,1.0,1.0
126,488,0,12,1.0,1.0
127,488,0,12,1.0,1.0
128,488,0,12,1.0,1.0
129,488,0,12,1.0,1.0
130,488,0,12,1.0,1.0
131,488,0,12,1.0,1.0
132,488,0,12,1.0,1.0
133,488,0,12,1.0,1.0
134,488,0,12,1.0,1.0
135,488,0,12,1.0,1.0
136,488,0,12,1.0,1.0
137,488,0,12,1.0,1.0
138,488,0,12,1.0,1.0
139,488,0,12,1.0,1.0
140,488,0,12,1.0,1.0
141,488,0,12,1.0,1.0
142,488,0,12,1.0,1.0
143,488,0,12,1.0,1.0
144,488,0,12,1.0,1.0
145,488,0,12,1.0,1.0
146,488,0,12,1.0,1.0
147,488,0,12,1.0,1.0
148,488,0,12,1.0,1.0
149,488,0,12,1.0,1.0
150,488,0,12,1.0,1.0
151,488,0,12,1.0,1.0
152,488,0,12,1.0,1.0
153,488,0,12,1.0,1.0
154,488,0,12,1.0,1.0
155,488,0,12,1.0,1.0
156,488,0,12,1.0,1.0
157,488,0,12,1.0,1.0
158,488,0,12,1.0,1.0
159,488,0,12,1.0,1.0
160,488,0,12,1.0,1.0
161,488,0,12,1.0,1.0
162,488,0,12,1.0,1.0
163,488,0,12,1.0,1.0
164,488,0,12,1.0,1.0
165,488,0,12,1.0,1.0
166,488,0,12,1.0,1.0
167,488,0,12,1.0,1.0
168,488,0,12,1.0,1.0
169,488,0,12,1.0,1.0
170,488,0,12,1.0,1.0
171,488,0,12,1.0,1.0
172,488,0,12,1.0,1.0
173,488,0,12,1.0,1.0
174,488,0,12,1.0,1.0
175,488,0,12,1.0,1.0
176,488,0,12,1.0,1.0
177,488,0,12,1.0,1.0
178,488,0,12,1.0,1.0
179,488,0,12,1.0,1.0
180,488,0,12,1.0,1.0
181,488,0,12,1.0,1.0
182,488,0,12,1.0,1.0
183,488,0,12,1.0,1.0
184,488,0,12,1.0,1.0
185,488,0,12,1.0,1.0
186,488,0,12,1.0,1.0
187,488,0,12,1.0,1.0
188,488,0,12,1.0,1.0
189,488,0,12,1.0,1.0
190,488,0,12,1.0,1.0
191,488,0,12,1.0,1.0
192,488,0,12,1.0,1.0
193,488,0,12,1.0,1.0
194,488,0,12,1.0,1.0
195,488,0,12,1.0,1.0
196,488,0,12,1.0,1.0
197,488,0,12,1.0,1.0
198,488,0,12,1.0,1.0
199,488,0,12,1.0,1.0
200,488,0,12,1.0,1.0
1,499,1,0,1.0,1.0
2,499,1,0,1.0,1.0
3,499,1,0,1.0,1.0
4,499,1,0,1.0,1.0
5,499,1,0,1.0,1.0
6,499,1,0,1.0,1.0
7,499,1,0,1.0,1.0
8,499,1,0,1.0,1.0
9,499,1,0,1.0,1.0
10,499,1,0,1.0,1.0
11,498,2,0,1.0,1.0
12,498,2,0,1.0,1.0
13,498,2,0,1.0,1.0
14,497,3,0,0.999,0.9994969818913481
15,496,4,0,0.998,0.998991935483871
16,496,4,0,0.998,0.998991935483871
17,496,4,0,0.998,0.998991935483871
18,493,7,0,0.997,0.9984787018255578
19,493,6,1,0.998,0.9989858012170385
20,493,6,1,0.998,0.9989858012170385
21,493,6,1,0.998,0.9989858012170385
22,492,7,1,0.997,0.9984756097560976
23,491,6,3,0.998,0.9989816700610998
24,489,8,3,0.995,0.9974437627811861
25,488,8,4,0.995,0.9974385245901639
26,488,8,4,0.995,0.9974385245901639
27,488,7,5,0.997,0.9984631147540983
28,487,8,5,0.996,0.997946611909651
29,487,8,5,0.996,0.997946611909651
30,486,8,6,0.997,0.9984567901234568
31,486,8,6,0.997,0.9984567901234568
32,486,8,6,0.997,0.9984567901234568
33,486,7,7,0.998,0.9989711934156379
34,486,7,7,0.998,0.9989711934156379
35,485,7,8,0.999,0.9994845360824742
36,485,6,9,0.999,0.9994845360824742
37,485,6,9,0.999,0.9994845360824742
38,484,6,10,0.999,0.9994834710743802
39,484,6,10,0.999,0.9994834710743802
40,484,6,10,0.999,0.9994834710743802
41,483,7,10,0.998,0.9989648033126294
42,483,7,10,0.998,0.9989648033126294
43,483,7,10,0.998,0.9989648033126294
44,483,7,10,0.998,0.9989648033126294
45,483,5,12,0.999,0.9994824016563147
46,483,5,12,0.999,0.9994824016563147
47,483,5,12,0.999,0.9994824016563147
48,483,5,12,0.999,0.9994824016563147
49,483,4,13,1.0,1.0
50,483,4,13,1.0,1.0
51,483,4,13,1.0,1.0
52,482,4,14,1.0,1.0
53,482,4,14,1.0,1.0
54,481,5,14,0.999,0.9994802494802495
55,480,6,14,0.999,0.9994791666666667
56,480,4,16,1.0,1.0
57,480,4,16,1.0,1.0
58,480,4,16,1.0,1.0
59,480,4,16,1.0,1.0
60,480,4,16,1.0,1.0
61,480,4,16,1.0,1.0
62,480,4,16,1.0,1.0
63,480,4,16,1.0,1.0
64,480,3,17,1.0,1.0
65,479,4,17,1.0,1.0
66,479,3,18,1.0,1.0
67,479,3,18,1.0,1.0
68,479,3,18,1.0,1.0
69,479,3,18,1.0,1.0
70,479,3,18,1.0,1.0
71,479,3,18,1.0,1.0
72,479,3,18,1.0,1.0
73,479,3,18,1.0,1.0
74,479,3,18,1.0,1.0
75,479,3,18,1.0,1.0
76,479,3,18,1.0,1.0
77,479,3,18,1.0,1.0
78,479,3,18,1.0,1.0
79,479,3,18,1.0,1.0
80,479,3,18,1.0,1.0
81,479,3,18,1.0,1.0
82,479,3,18,1.0,1.0
83,479,3,18,1.0,1.0
84,479,3,18,1.0,1.0
85,479,3,18,1.0,1.0
86,479,3,18,1.0,1.0
87,479,3,18,1.0,1.0
88,479,3,18,1.0,1.0
89,479,3,18,1.0,1.0
90,479,2,19,1.0,1.0
91,478,3,19,1.0,1.0
92,478,3,19,1.0,1.0
93,478,2,20,1.0,1.0
94,478,2,20,1.0,1.0
95,478,2,20,1.0,1.0
96,478,2,20,1.0,1.0
97,478,2,20,1.0,1.0
98,478,2,20,1.0,1.0
99,478,2,20,1.0,1.0
100,478,2,20,1.0,1.0
101,478,2,20,1.0,1.0
102,476,4,20,0.999,0.9995798319327731
103,474,5,21,0.999,0.9994725738396625
104,474,5,21,0.999,0.9994725738396625
105,474,5,21,0.999,0.9994725738396625
106,474,5,21,0.999,0.9994725738396625
107,474,4,22,0.999,0.9994725738396625
108,474,4,22,0.999,0.9994725738396625
109,474,4,22,0.999,0.9994725738396625
110,474,4,22,0.999,0.9994725738396625
111,473,5,22,0.999,0.9994714587737844
112,473,4,23,0.999,0.9994714587737844
113,473,4,23,0.999,0.9994714587737844
114,473,3,24,0.999,0.9994714587737844
115,473,2,25,1.0,1.0
116,473,2,25,1.0,1.0
117,473,2,25,1.0,1.0
118,473,2,25,1.0,1.0
119,473,2,25,1.0,1.0
120,473,1,26,1.0,1.0
121,473,1,26,1.0,1.0
122,473,1,26,1.0,1.0
123,473,1,26,1.0,1.0
124,472,2,26,1.0,1.0
125,472,2,26,1.0,1.0
126,470,4,26,0.999,0.999468085106383
127,470,4,26,0.999,0.999468085106383
128,470,4,26,0.999,0.999468085106383
129,469,4,27,0.999,0.9994669509594882
130,469,4,27,0.999,0.9994669509594882
131,469,4,27,0.999,0.9994669509594882
132,469,4,27,0.999,0.9994669509594882
133,469,3,28,1.0,1.0
134,468,4,28,0.999,0.9992877492877493
135,467,5,28,0.998,0.998750892219843
136,466,5,29,0.998,0.9989270386266095
137,465,6,29,0.998,0.9989247311827957
138,465,6,29,0.998,0.9989247311827957
139,465,6,29,0.998,0.9989247311827957
140,464,7,29,0.997,0.9983836206896551
141,464,7,29,0.997,0.9983836206896551
142,463,8,29,0.995,0.9973002159827213
143,463,6,31,0.999,0.9994600431965442
144,461,8,31,0.998,0.9989154013015185
145,461,8,31,0.998,0.9989154013015185
146,461,8,31,0.998,0.9989154013015185
147,461,5,34,0.998,0.9989154013015185
148,460,5,35,0.998,0.9989130434782608
149,460,5,35,0.998,0.9989130434782608
150,460,4,36,0.999,0.9994565217391305
151,460,4,36,0.999,0.9994565217391305
152,460,4,36,0.999,0.9994565217391305
153,460,4,36,0.999,0.9994565217391305
154,460,4,36,0.999,0.9994565217391305
155,460,4,36,0.999,0.9994565217391305
156,460,3,37,0.999,0.9994565217391305
157,460,3,37,0.999,0.9994565217391305
158,459,4,37,0.999,0.9994553376906318
159,459,4,37,0.999,0.9994553376906318
160,459,4,37,0.999,0.9994553376906318
161,459,3,38,0.999,0.9994553376906318
162,459,3,38,0.999,0.9994553376906318
163,459,3,38,0.999,0.9994553376906318
164,459,3,38,0.999,0.9994553376906318
165,459,3,38,0.999,0.9994553376906318
166,459,3,38,0.999,0.9994553376906318
167,459,3,38,0.999,0.9994553376906318
168,459,3,38,0.999,0.9994553376906318
169,459,2,39,1.0,1.0
170,459,2,39,1.0,1.0
171,459,1,40,1.0,1.0
172,459,1,40,1.0,1.0
173,459,1,40,1.0,1.0
174,459,1,40,1.0,1.0
175,459,0,41,1.0,1.0
176,459,0,41,1.0,1.0
177,459,0,41,1.0,1.0
178,459,0,41,1.0,1.0
179,459,0,41,1.0,1.0
180,459,0,41,1.0,1.0
181,459,0,41,1.0,1.0
182,459,0,41,1.0,1.0
183,459,0,41,1.0,1.0
184,459,0,41,1.0,1.0
185,459,0,41,1.0,1.0
186,459,0,41,1.0,1.0
187,459,0,41,1.0,1.0
188,459,0,41,1.0,1.0
189,459,0,41,1.0,1.0
190,459,0,41,1.0,1.0
191,459,0,41,1.0,1.0
192,459,0,41,1.0,1.0
193,459,0,41,1.0,1.0
194,459,0,41,1.0,1.0
195,459,0,41,1.0,1.0
196,459,0,41,1.0,1.0
197,459,0,41,1.0,1.0
198,459,0,41,1.0,1.0
199,459,0,41,1.0,1.0
200,459,0,41,1.0,1.0
1,497,3,0,0.998,0.9990945674044266
2,497,3,0,0.998,0.9990945674044266
3,496,4,0,0.997,0.9985887096774194
4,496,3,1,0.999,0.9994959677419355
5,496,3,1,0.999,0.9994959677419355
6,496,3,1,0.999,0.9994959677419355
7,495,4,1,0.997,0.9984848484848485
8,493,6,1,0.994,0.9969574036511156
9,492,6,2,0.996,0.9979674796747967
10,491,6,3,0.999,0.9994908350305499
11,491,6,3,0.999,0.9994908350305499
12,491,6,3,0.999,0.9994908350305499
13,491,6,3,0.999,0.9994908350305499
14,490,5,5,0.999,0.9994897959183674
15,490,4,6,0.999,0.9994897959183674
16,490,4,6,0.999,0.9994897959183674
17,490,4,6,0.999,0.9994897959183674
18,490,4,6,0.999,0.9994897959183674
19,490,4,6,0.999,0.9994897959183674
20,490,3,7,1.0,1.0
21,489,4,7,1.0,1.0
22,489,4,7,1.0,1.0
23,489,4,7,1.0,1.0
24,489,4,7,1.0,1.0
25,489,3,8,1.0,1.0
26,489,3,8,1.0,1.0
27,489,3,8,1.0,1.0
28,489,3,8,1.0,1.0
29,489,2,9,1.0,1.0
30,489,1,10,1.0,1.0
31,489,1,10,1.0,1.0
32,489,1,10,1.0,1.0
33,489,1,10,1.0,1.0
34,489,1,10,1.0,1.0
35,489,1,10,1.0,1.0
36,489,1,10,1.0,1.0
37,489,1,10,1.0,1.0
38,489,1,10,1.0,1.0
39,489,1,10,1.0,1.0
40,489,1,10,1.0,1.0
41,489,1,10,1.0,1.0
42,489,1,10,1.0,1.0
43,489,1,10,1.0,1.0
44,489,1,10,1.0,1.0
45,489,1,10,1.0,1.0
46,489,1,10,1.0,1.0
47,489,1,10,1.0,1.0
48,489,1,10,1.0,1.0
49,489,1,10,1.0,1.0
50,489,1,10,1.0,1.0
51,489,1,10,1.0,1.0
52,489,1,10,1.0,1.0
53,489,1,10,1.0,1.0
54,489,1,10,1.0,1.0
55,489,1,10,1.0,1.0
56,489,1,10,1.0,1.0
57,489,1,10,1.0,1.0
58,489,1,10,1.0,1.0
59,489,1,10,1.0,1.0
60,489,1,10,1.0,1.0
61,489,1,10,1.0,1.0
62,489,1,10,1.0,1.0
63,489,1,10,1.0,1.0
64,489,1,10,1.0,1.0
65,489,1,10,1.0,1.0
66,489,1,10,1.0,1.0
67,489,1,10,1.0,1.0
68,489,1,10,1.0,1.0
69,489,1,10,1.0,1.0
70,489,1,10,1.0,1.0
71,489,1,10,1.0,1.0
72,489,1,10,1.0,1.0
73,489,1,10,1.0,1.0
74,489,1,10,1.0,1.0
75,489,1,10,1.0,1.0
76,489,1,10,1.0,1.0
77,489,0,11,1.0,1.0
78,489,0,11,1.0,1.0
79,489,0,11,1.0,1.0
80,489,0,11,1.0,1.0
81,489,0,11,1.0,1.0
82,489,0,11,1.0,1.0
83,489,0,11,1.0,1.0
84,489,0,11,1.0,1.0
85,489,0,11,1.0,1.0
86,489,0,11,1.0,1.0
87,489,0,11,1.0,1.0
88,489,0,11,1.0,1.0
89,489,0,11,1.0,1.0
90,489,0,11,1.0,1.0
91,489,0,11,1.0,1.0
92,489,0,11,1.0,1.0
93,489,0,11,1.0,1.0
94,489,0,11,1.0,1.0
95,489,0,11,1.0,1.0
96,489,0,11,1.0,1.0
97,489,0,11,1.0,1.0
98,489,0,11,1.0,1.0
99,489,0,11,1.0,1.0
100,489,0,11,1.0,1.0
101,489,0,11,1.0,1.0
102,489,0,11,1.0,1.0
103,489,0,11,1.0,1.0
104,489,0,11,1.0,1.0
105,489,0,11,1.0,1.0
106,489,0,11,1.0,1.0
107,489,0,11,1.0,1.0
108,489,0,11,1.0,1.0
109,489,0,11,1.0,1.0
110,489,0,11,1.0,1.0
111,489,0,11,1.0,1.0
112,489,0,11,1.0,1.0
113,489,0,11,1.0,1.0
114,489,0,11,1.0,1.0
115,489,0,11,1.0,1.0
116,489,0,11,1.0,1.0
117,489,0,11,1.0,1.0
118,489,0,11,1.0,1.0
119,489,0,11,1.0,1.0
120,489,0,11,1.0,1.0
121,489,0,11,1.0,1.0
122,489,0,11,1.0,1.0
123,489,0,11,1.0,1.0
124,489,0,11,1.0,1.0
125,489,0,11,1.0,1.0
126,489,0,11,1.0,1.0
127,489,0,11,1.0,1.0
128,489,0,11,1.0,1.0
129,489,0,11,1.0,1.0
130,489,0,11,1.0,1.0
131,489,0,11,1.0,1.0
132,489,0,11,1.0,1.0
133,489,0,11,1.0,1.0
134,489,0,11,1.0,1.0
135,489,0,11,1.0,1.0
136,489,0,11,1.0,1.0
137,489,0,11,1.0,1.0
138,489,0,11,1.0,1.0
139,489,0,11,1.0,1.0
140,489,0,11,1.0,1.0
141,489,0,11,1.0,1.0
142,489,0,11,1.0,1.0
143,489,0,11,1.0,1.0
144,489,0,11,1.0,1.0
145,489,0,11,1.0,1.0
146,489,0,11,1.0,1.0
147,489,0,11,1.0,1.0
148,489,0,11,1.0,1.0
149,489,0,11,1.0,1.0
150,489,0,11,1.0,1.0
151,489,0,11,1.0,1.0
152,489,0,11,1.0,1.0
153,489,0,11,1.0,1.0
154,489,0,11,1.0,1.0
155,489,0,11,1.0,1.0
156,489,0,11,1.0,1.0
157,489,0,11,1.0,1.0
158,489,0,11,1.0,1.0
159,489,0,11,1.0,1.0
160,489,0,11,1.0,1.0
161,489,0,11,1.0,1.0
162,489,0,11,1.0,1.0
163,489,0,11,1.0,1.0
164,489,0,11,1.0,1.0
165,489,0,11,1.0,1.0
166,489,0,11,1.0,1.0
167,489,0,11,1.0,1.0
168,489,0,11,1.0,1.0
169,489,0,11,1.0,1.0
170,489,0,11,1.0,1.0
171,489,0,11,1.0,1.0
172,489,0,11,1.0,1.0
173,489,0,11,1.0,1.0
174,489,0,11,1.0,1.0
175,489,0,11,1.0,1.0
176,489,0,11,1.0,1.0
177,489,0,11,1.0,1.0
178,489,0,11,1.0,1.0
179,489,0,11,1.0,1.0
180,489,0,11,1.0,1.0
181,489,0,11,1.0,1.0
182,489,0,11,1.0,1.0
183,489,0,11,1.0,1.0
184,489,0,11,1.0,1.0
185,489,0,11,1.0,1.0
186,489,0,11,1.0,1.0
187,489,0,11,1.0,1.0
188,489,0,11,1.0,1.0
189,489,0,11,1.0,1.0
190,489,0,11,1.0,1.0
191,489,0,11,1.0,1.0
192,489,0,11,1.0,1.0
193,489,0,11,1.0,1.0
194,489,0,11,1.0,1.0
195,489,0,11,1.0,1.0
196,489,0,11,1.0,1.0
197,489,0,11,1.0,1.0
198,489,0,11,1.0,1.0
199,489,0,11,1.0,1.0
200,489,0,11,1.0,1.0
1,499,1,0,1.0,1.0
2,499,1,0,1.0,1.0
3,499,1,0,1.0,1.0
4,499,1,0,1.0,1.0
5,498,2,0,0.998,0.998995983935743
6,498,2,0,0.998,0.998995983935743
7,498,2,0,0.998,0.998995983935743
8,498,2,0,0.998,0.998995983935743
9,498,2,0,0.998,0.998995983935743
10,497,3,0,0.997,0.9984909456740443
11,497,3,0,0.997,0.9984909456740443
12,497,3,0,0.997,0.9984909456740443
13,496,3,1,0.997,0.9984879032258065
14,495,4,1,0.996,0.997979797979798
15,495,4,1,0.996,0.997979797979798
16,495,4,1,0.996,0.997979797979798
17,494,5,1,0.996,0.9979757085020243
18,494,5,1,0.996,0.9979757085020243
19,494,5,1,0.996,0.9979757085020243
20,494,5,1,0.996,0.9979757085020243
21,494,5,1,0.996,0.9979757085020243
22,494,5,1,0.996,0.9979757085020243
23,494,5,1,0.996,0.9979757085020243
24,494,5,1,0.996,0.9979757085020243
25,494,5,1,0.996,0.9979757085020243
26,494,5,1,0.996,0.9979757085020243
27,494,5,1,0.996,0.9979757085020243
28,494,5,1,0.996,0.9979757085020243
29,492,7,1,0.997,0.9984756097560976
30,492,7,1,0.997,0.9984756097560976
31,492,7,1,0.997,0.9984756097560976
32,491,7,2,0.998,0.9989816700610998
33,491,6,3,0.998,0.9989816700610998
34,491,6,3,0.998,0.9989816700610998
35,491,6,3,0.998,0.9989816700610998
36,490,7,3,0.999,0.9994897959183674
37,490,7,3,0.999,0.9994897959183674
38,490,7,3,0.999,0.9994897959183674
39,490,7,3,0.999,0.9994897959183674
40,490,7,3,0.999,0.9994897959183674
41,490,6,4,0.999,0.9994897959183674
42,490,5,5,0.999,0.9994897959183674
43,490,3,7,1.0,1.0
44,490,3,7,1.0,1.0
45,490,3,7,1.0,1.0
46,490,3,7,1.0,1.0
47,490,3,7,1.0,1.0
48,490,3,7,1.0,1.0
49,490,3,7,1.0,1.0
50,490,3,7,1.0,1.0
51,490,3,7,1.0,1.0
52,490,3,7,1.0,1.0
53,490,3,7,1.0,1.0
54,490,3,7,1.0,1.0
55,490,3,7,1.0,1.0
56,490,2,8,1.0,1.0
57,490,2,8,1.0,1.0
58,490,2,8,1.0,1.0
59,490,2,8,1.0,1.0
60,490,2,8,1.0,1.0
61,490,2,8,1.0,1.0
62,490,2,8,1.0,1.0
63,490,2,8,1.0,1.0
64,490,2,8,1.0,1.0
65,490,2,8,1.0,1.0
66,490,2,8,1.0,1.0
67,490,2,8,1.0,1.0
68,490,2,8,1.0,1.0
69,490,2,8,1.0,1.0
70,490,2,8,1.0,1.0
71,490,2,8,1.0,1.0
72,490,2,8,1.0,1.0
73,490,2,8,1.0,1.0
74,490,2,8,1.0,1.0
75,490,2,8,1.0,1.0
76,490,2,8,1.0,1.0
77,490,2,8,1.0,1.0
78,490,2,8,1.0,1.0
79,490,2,8,1.0,1.0
80,490,2,8,1.0,1.0
81,490,2,8,1.0,1.0
82,490,2,8,1.0,1.0
83,490,2,8,1.0,1.0
84,490,2,8,1.0,1.0
85,490,2,8,1.0,1.0
86,490,2,8,1.0,1.0
87,490,2,8,1.0,1.0
88,490,2,8,1.0,1.0
89,490,2,8,1.0,1.0
90,490,2,8,1.0,1.0
91,490,2,8,1.0,1.0
92,490,2,8,1.0,1.0
93,490,2,8,1.0,1.0
94,490,2,8,1.0,1.0
95,490,2,8,1.0,1.0
96,490,2,8,1.0,1.0
97,490,2,8,1.0,1.0
98,490,2,8,1.0,1.0
99,490,2,8,1.0,1.0
100,490,2,8,1.0,1.0
101,490,2,8,1.0,1.0
102,490,2,8,1.0,1.0
103,490,2,8,1.0,1.0
104,490,2,8,1.0,1.0
105,490,2,8,1.0,1.0
106,490,2,8,1.0,1.0
107,490,2,8,1.0,1.0
108,490,2,8,1.0,1.0
109,490,1,9,1.0,1.0
110,490,1,9,1.0,1.0
111,490,1,9,1.0,1.0
112,490,1,9,1.0,1.0
113,490,1,9,1.0,1.0
114,490,1,9,1.0,1.0
115,490,1,9,1.0,1.0
116,490,1,9,1.0,1.0
117,490,1,9,1.0,1.0
118,490,1,9,1.0,1.0
119,490,1,9,1.0,1.0
120,490,1,9,1.0,1.0
121,490,0,10,1.0,1.0
122,490,0,10,1.0,1.0
123,490,0,10,1.0,1.0
124,490,0,10,1.0,1.0
125,490,0,10,1.0,1.0
126,490,0,10,1.0,1.0
127,490,0,10,1.0,1.0
128,490,0,10,1.0,1.0
129,490,0,10,1.0,1.0
130,490,0,10,1.0,1.0
131,490,0,10,1.0,1.0
132,490,0,10,1.0,1.0
133,490,0,10,1.0,1.0
134,490,0,10,1.0,1.0
135,490,0,10,1.0,1.0
136,490,0,10,1.0,1.0
137,490,0,10,1.0,1.0
138,490,0,10,1.0,1.0
139,490,0,10,1.0,1.0
140,490,0,10,1.0,1.0
141,490,0,10,1.0,1.0
142,490,0,10,1.0,1.0
143,490,0,10,1.0,1.0
144,490,0,10,1.0,1.0
145,490,0,10,1.0,1.0
146,490,0,10,1.0,1.0
147,490,0,10,1.0,1.0
148,490,0,10,1.0,1.0
149,490,0,10,1.0,1.0
150,490,0,10,1.0,1.0
151,490,0,10,1.0,1.0
152,490,0,10,1.0,1.0
153,490,0,10,1.0,1.0
154,490,0,10,1.0,1.0
155,490,0,10,1.0,1.0
156,490,0,10,1.0,1.0
157,490,0,10,1.0,1.0
158,490,0,10,1.0,1.0
159,490,0,10,1.0,1.0
160,490,0,10,1.0,1.0
161,490,0,10,1.0,1.0
162,490,0,10,1.0,1.0
163,490,0,10,1.0,1.0
164,490,0,10,1.0,1.0
165,490,0,10,1.0,1.0
166,490,0,10,1.0,1.0
167,490,0,10,1.0,1.0
168,490,0,10,1.0,1.0
169,490,0,10,1.0,1.0
170,490,0,10,1.0,1.0
171,490,0,10,1.0,1.0
172,490,0,10,1.0,1.0
173,490,0,10,1.0,1.0
174,490,0,10,1.0,1.0
175,490,0,10,1.0,1.0
176,490,0,10,1.0,1.0
177,490,0,10,1.0,1.0
178,490,0,10,1.0,1.0
179,490,0,10,1.0,1.0
180,490,0,10,1.0,1.0
181,490,0,10,1.0,1.0
182,490,0,10,1.0,1.0
183,490,0,10,1.0,1.0
184,490,0,10,1.0,1.0
185,490,0,10,1.0,1.0
186,490,0,10,1.0,1.0
187,490,0,10,1.0,1.0
188,490,0,10,1.0,1.0
189,490,0,10,1.0,1.0
190,490,0,10,1.0,1.0
191,490,0,10,1.0,1.0
192,490,0,10,1.0,1.0
193,490,0,10,1.0,1.0
194,490,0,10,1.0,1.0
195,490,0,10,1.0,1.0
196,490,0,10,1.0,1.0
197,490,0,10,1.0,1.0
198,490,0,10,1.0,1.0
199,490,0,10,1.0,1.0
200,490,0,10,1.0,1.0
1,498,2,0,0.999,0.9994979919678715
2,498,1,1,1.0,1.0
3,498,0,2,1.0,1.0
4,498,0,2,1.0,1.0
5,498,0,2,1.0,1.0
6,498,0,2,1.0,1.0
7,498,0,2,1.0,1.0
8,498,0,2,1.0,1.0
9,498,0,2,1.0,1.0
10,498,0,2,1.0,1.0
11,498,0,2,1.0,1.0
12,498,0,2,1.0,1.0
13,498,0,2,1.0,1.0
14,498,0,2,1.0,1.0
15,498,0,2,1.0,1.0
16,498,0,2,1.0,1.0
17,498,0,2,1.0,1.0
18,498,0,2,1.0,1.0
19,498,0,2,1.0,1.0
20,498,0,2,1.0,1.0
21,498,0,2,1.0,1.0
22,498,0,2,1.0,1.0
23,498,0,2,1.0,1.0
24,498,0,2,1.0,1.0
25,498,0,2,1.0,1.0
26,498,0,2,1.0,1.0
27,498,0,2,1.0,1.0
28,498,0,2,1.0,1.0
29,498,0,2,1.0,1.0
30,498,0,2,1.0,1.0
31,498,0,2,1.0,1.0
32,498,0,2,1.0,1.0
33,498,0,2,1.0,1.0
34,498,0,2,1.0,1.0
35,498,0,2,1.0,1.0
36,498,0,2,1.0,1.0
37,498,0,2,1.0,1.0
38,498,0,2,1.0,1.0
39,498,0,2,1.0,1.0
40,498,0,2,1.0,1.0
41,498,0,2,1.0,1.0
42,498,0,2,1.0,1.0
43,498,0,2,1.0,1.0
44,498,0,2,1.0,1.0
45,498,0,2,1.0,1.0
46,498,0,2,1.0,1.0
47,498,0,2,1.0,1.0
48,498,0,2,1.0,1.0
49,498,0,2,1.0,1.0
50,498,0,2,1.0,1.0
51,498,0,2,1.0,1.0
52,498,0,2,1.0,1.0
53,498,0,2,1.0,1.0
54,498,0,2,1.0,1.0
55,498,0,2,1.0,1.0
56,498,0,2,1.0,1.0
57,498,0,2,1.0,1.0
58,498,0,2,1.0,1.0
59,498,0,2,1.0,1.0
60,498,0,2,1.0,1.0
61,498,0,2,1.0,1.0
62,498,0,2,1.0,1.0
63,498,0,2,1.0,1.0
64,498,0,2,1.0,1.0
65,498,0,2,1.0,1.0
66,498,0,2,1.0,1.0
67,498,0,2,1.0,1.0
68,498,0,2,1.0,1.0
69,498,0,2,1.0,1.0
70,498,0,2,1.0,1.0
71,498,0,2,1.0,1.0
72,498,0,2,1.0,1.0
73,498,0,2,1.0,1.0
74,498,0,2,1.0,1.0
75,498,0,2,1.0,1.0
76,498,0,2,1.0,1.0
77,498,0,2,1.0,1.0
78,498,0,2,1.0,1.0
79,498,0,2,1.0,1.0
80,498,0,2,1.0,1.0
81,498,0,2,1.0,1.0
82,498,0,2,1.0,1.0
83,498,0,2,1.0,1.0
84,498,0,2,1.0,1.0
85,498,0,2,1.0,1.0
86,498,0,2,1.0,1.0
87,498,0,2,1.0,1.0
88,498,0,2,1.0,1.0
89,498,0,2,1.0,1.0
90,498,0,2,1.0,1.0
91,498,0,2,1.0,1.0
92,498,0,2,1.0,1.0
93,498,0,2,1.0,1.0
94,498,0,2,1.0,1.0
95,498,0,2,1.0,1.0
96,498,0,2,1.0,1.0
97,498,0,2,1.0,1.0
98,498,0,2,1.0,1.0
99,498,0,2,1.0,1.0
100,498,0,2,1.0,1.0
101,498,0,2,1.0,1.0
102,498,0,2,1.0,1.0
103,498,0,2,1.0,1.0
104,498,0,2,1.0,1.0
105,498,0,2,1.0,1.0
106,498,0,2,1.0,1.0
107,498,0,2,1.0,1.0
108,498,0,2,1.0,1.0
109,498,0,2,1.0,1.0
110,498,0,2,1.0,1.0
111,498,0,2,1.0,1.0
112,498,0,2,1.0,1.0
113,498,0,2,1.0,1.0
114,498,0,2,1.0,1.0
115,498,0,2,1.0,1.0
116,498,0,2,1.0,1.0
117,498,0,2,1.0,1.0
118,498,0,2,1.0,1.0
119,498,0,2,1.0,1.0
120,498,0,2,1.0,1.0
121,498,0,2,1.0,1.0
122,498,0,2,1.0,1.0
123,498,0,2,1.0,1.0
124,498,0,2,1.0,1.0
125,498,0,2,1.0,1.0
126,498,0,2,1.0,1.0
127,498,0,2,1.0,1.0
128,498,0,2,1.0,1.0
129,498,0,2,1.0,1.0
130,498,0,2,1.0,1.0
131,498,0,2,1.0,1.0
132,498,0,2,1.0,1.0
133,498,0,2,1.0,1.0
134,498,0,2,1.0,1.0
135,498,0,2,1.0,1.0
136,498,0,2,1.0,1.0
137,498,0,2,1.0,1.0
138,498,0,2,1.0,1.0
139,498,0,2,1.0,1.0
140,498,0,2,1.0,1.0
141,498,0,2,1.0,1.0
142,498,0,2,1.0,1.0
143,498,0,2,1.0,1.0
144,498,0,2,1.0,1.0
145,498,0,2,1.0,1.0
146,498,0,2,1.0,1.0
147,498,0,2,1.0,1.0
148,498,0,2,1.0,1.0
149,498,0,2,1.0,1.0
150,498,0,2,1.0,1.0
151,498,0,2,1.0,1.0
152,498,0,2,1.0,1.0
153,498,0,2,1.0,1.0
154,498,0,2,1.0,1.0
155,498,0,2,1.0,1.0
156,498,0,2,1.0,1.0
157,498,0,2,1.0,1.0
158,498,0,2,1.0,1.0
159,498,0,2,1.0,1.0
160,498,0,2,1.0,1.0
161,498,0,2,1.0,1.0
162,498,0,2,1.0,1.0
163,498,0,2,1.0,1.0
164,498,0,2,1.0,1.0
165,498,0,2,1.0,1.0
166,498,0,2,1.0,1.0
167,498,0,2,1.0,1.0
168,498,0,2,1.0,1.0
169,498,0,2,1.0,1.0
170,498,0,2,1.0,1.0
171,498,0,2,1.0,1.0
172,498,0,2,1.0,1.0
173,498,0,2,1.0,1.0
174,498,0,2,1.0,1.0
175,498,0,2,1.0,1.0
176,498,0,2,1.0,1.0
177,498,0,2,1.0,1.0
178,498,0,2,1.0,1.0
179,498,0,2,1.0,1.0
180,498,0,2,1.0,1.0
181,498,0,2,1.0,1.0
182,498,0,2,1.0,1.0
183,498,0,2,1.0,1.0
184,498,0,2,1.0,1.0
185,498,0,2,1.0,1.0
186,498,0,2,1.0,1.0
187,498,0,2,1.0,1.0
188,498,0,2,1.0,1.0
189,498,0,2,1.0,1.0
190,498,0,2,1.0,1.0
191,498,0,2,1.0,1.0
192,498,0,2,1.0,1.0
193,498,0,2,1.0,1.0
194,498,0,2,1.0,1.0
195,498,0,2,1.0,1.0
196,498,0,2,1.0,1.0
197,498,0,2,1.0,1.0
198,498,0,2,1.0,1.0
199,498,0,2,1.0,1.0
200,498,0,2,1.0,1.0
1,498,2,0,0.999,0.9994979919678715
2,498,2,0,0.999,0.9994979919678715
3,498,2,0,0.999,0.9994979919678715
4,498,2,0,0.999,0.9994979919678715
5,498,2,0,0.999,0.9994979919678715
6,498,2,0,0.999,0.9994979919678715
7,498,2,0,0.999,0.9994979919678715
8,498,2,0,0.999,0.9994979919678715
9,498,1,1,1.0,1.0
10,498,1,1,1.0,1.0
11,498,1,1,1.0,1.0
12,498,1,1,1.0,1.0
13,498,1,1,1.0,1.0
14,498,1,1,1.0,1.0
15,498,1,1,1.0,1.0
16,498,1,1,1.0,1.0
17,498,1,1,1.0,1.0
18,498,1,1,1.0,1.0
19,498,0,2,1.0,1.0
20,498,0,2,1.0,1.0
21,498,0,2,1.0,1.0
22,498,0,2,1.0,1.0
23,498,0,2,1.0,1.0
24,498,0,2,1.0,1.0
25,498,0,2,1.0,1.0
26,498,0,2,1.0,1.0
27,498,0,2,1.0,1.0
28,498,0,2,1.0,1.0
29,498,0,2,1.0,1.0
30,498,0,2,1.0,1.0
31,498,0,2,1.0,1.0
32,498,0,2,1.0,1.0
33,498,0,2,1.0,1.0
34,498,0,2,1.0,1.0
35,498,0,2,1.0,1.0
36,498,0,2,1.0,1.0
37,498,0,2,1.0,1.0
38,498,0,2,1.0,1.0
39,498,0,2,1.0,1.0
40,498,0,2,1.0,1.0
41,498,0,2,1.0,1.0
42,498,0,2,1.0,1.0
43,498,0,2,1.0,1.0
44,498,0,2,1.0,1.0
45,498,0,2,1.0,1.0
46,498,0,2,1.0,1.0
47,498,0,2,1.0,1.0
48,498,0,2,1.0,1.0
49,498,0,2,1.0,1.0
50,498,0,2,1.0,1.0
51,498,0,2,1.0,1.0
52,498,0,2,1.0,1.0
53,498,0,2,1.0,1.0
54,498,0,2,1.0,1.0
55,498,0,2,1.0,1.0
56,498,0,2,1.0,1.0
57,498,0,2,1.0,1.0
58,498,0,2,1.0,1.0
59,498,0,2,1.0,1.0
60,498,0,2,1.0,1.0
61,498,0,2,1.0,1.0
62,498,0,2,1.0,1.0
63,498,0,2,1.0,1.0
64,498,0,2,1.0,1.0
65,498,0,2,1.0,1.0
66,498,0,2,1.0,1.0
67,498,0,2,1.0,1.0
68,498,0,2,1.0,1.0
69,498,0,2,1.0,1.0
70,498,0,2,1.0,1.0
71,498,0,2,1.0,1.0
72,498,0,2,1.0,1.0
73,498,0,2,1.0,1.0
74,498,0,2,1.0,1.0
75,498,0,2,1.0,1.0
76,498,0,2,1.0,1.0
77,498,0,2,1.0,1.0
78,498,0,2,1.0,1.0
79,498,0,2,1.0,1.0
80,498,0,2,1.0,1.0
81,498,0,2,1.0,1.0
82,498,0,2,1.0,1.0
83,498,0,2,1.0,1.0
84,498,0,2,1.0,1.0
85,498,0,2,1.0,1.0
86,498,0,2,1.0,1.0
87,498,0,2,1.0,1.0
88,498,0,2,1.0,1.0
89,498,0,2,1.0,1.0
90,498,0,2,1.0,1.0
91,498,0,2,1.0,1.0
92,498,0,2,1.0,1.0
93,498,0,2,1.0,1.0
94,498,0,2,1.0,1.0
95,498,0,2,1.0,1.0
96,498,0,2,1.0,1.0
97,498,0,2,1.0,1.0
98,498,0,2,1.0,1.0
99,498,0,2,1.0,1.0
100,498,0,2,1.0,1.0
101,498,0,2,1.0,1.0
102,498,0,2,1.0,1.0
103,498,0,2,1.0,1.0
104,498,0,2,1.0,1.0
105,498,0,2,1.0,1.0
106,498,0,2,1.0,1.0
107,498,0,2,1.0,1.0
108,498,0,2,1.0,1.0
109,498,0,2,1.0,1.0
110,498,0,2,1.0,1.0
111,498,0,2,1.0,1.0
112,498,0,2,1.0,1.0
113,498,0,2,1.0,1.0
114,498,0,2,1.0,1.0
115,498,0,2,1.0,1.0
116,498,0,2,1.0,1.0
117,498,0,2,1.0,1.0
118,498,0,2,1.0,1.0
119,498,0,2,1.0,1.0
120,498,0,2,1.0,1.0
121,498,0,2,1.0,1.0
122,498,0,2,1.0,1.0
123,498,0,2,1.0,1.0
124,498,0,2,1.0,1.0
125,498,0,2,1.0,1.0
126,498,0,2,1.0,1.0
127,498,0,2,1.0,1.0
128,498,0,2,1.0,1.0
129,498,0,2,1.0,1.0
130,498,0,2,1.0,1.0
131,498,0,2,1.0,1.0
132,498,0,2,1.0,1.0
133,498,0,2,1.0,1.0
134,498,0,2,1.0,1.0
135,498,0,2,1.0,1.0
136,498,0,2,1.0,1.0
137,498,0,2,1.0,1.0
138,498,0,2,1.0,1.0
139,498,0,2,1.0,1.0
140,498,0,2,1.0,1.0
141,498,0,2,1.0,1.0
142,498,0,2,1.0,1.0
143,498,0,2,1.0,1.0
144,498,0,2,1.0,1.0
145,498,0,2,1.0,1.0
146,498,0,2,1.0,1.0
147,498,0,2,1.0,1.0
148,498,0,2,1.0,1.0
149,498,0,2,1.0,1.0
150,498,0,2,1.0,1.0
151,498,0,2,1.0,1.0
152,498,0,2,1.0,1.0
153,498,0,2,1.0,1.0
154,498,0,2,1.0,1.0
155,498,0,2,1.0,1.0
156,498,0,2,1.0,1.0
157,498,0,2,1.0,1.0
158,498,0,2,1.0,1.0
159,498,0,2,1.0,1.0
160,498,0,2,1.0,1.0
161,498,0,2,1.0,1.0
162,498,0,2,1.0,1.0
163,498,0,2,1.0,1.0
164,498,0,2,1.0,1.0
165,498,0,2,1.0,1.0
166,498,0,2,1.0,1.0
167,498,0,2,1.0,1.0
168,498,0,2,1.0,1.0
169,498,0,2,1.0,1.0
170,498,0,2,1.0,1.0
171,498,0,2,1.0,1.0
172,498,0,2,1.0,1.0
173,498,0,2,1.0,1.0
174,498,0,2,1.0,1.0
175,498,0,2,1.0,1.0
176,498,0,2,1.0,1.0
177,498,0,2,1.0,1.0
178,498,0,2,1.0,1.0
179,498,0,2,1.0,1.0
180,498,0,2,1.0,1.0
181,498,0,2,1.0,1.0
182,498,0,2,1.0,1.0
183,498,0,2,1.0,1.0
184,498,0,2,1.0,1.0
185,498,0,2,1.0,1.0
186,498,0,2,1.0,1.0
187,498,0,2,1.0,1.0
188,498,0,2,1.0,1.0
189,498,0,2,1.0,1.0
190,498,0,2,1.0,1.0
191,498,0,2,1.0,1.0
192,498,0,2,1.0,1.0
193,498,0,2,1.0,1.0
194,498,0,2,1.0,1.0
195,498,0,2,1.0,1.0
196,498,0,2,1.0,1.0
197,498,0,2,1.0,1.0
198,498,0,2,1.0,1.0
199,498,0,2,1.0,1.0
200,498,0,2,1.0,1.0
1,499,1,0,1.0,1.0
2,498,2,0,0.999,0.9995983935742973
3,498,2,0,0.999,0.9995983935742973
4,498,2,0,0.999,0.9995983935742973
5,498,2,0,0.999,0.9995983935742973
6,498,2,0,0.999,0.9995983935742973
7,498,2,0,0.999,0.9995983935742973
8,497,3,0,0.997,0.998524480214621
9,497,3,0,0.997,0.998524480214621
10,496,3,1,0.997,0.9985215053763441
11,496,3,1,0.997,0.9985215053763441
12,496,3,1,0.997,0.9985215053763441
13,496,3,1,0.997,0.9985215053763441
14,496,3,1,0.997,0.9985215053763441
15,496,3,1,0.997,0.9985215053763441
16,496,3,1,0.997,0.9985215053763441
17,496,3,1,0.997,0.9985215053763441
18,496,3,1,0.997,0.9985215053763441
19,495,4,1,0.999,0.9993265993265993
20,495,3,2,0.999,0.9993265993265993
21,495,2,3,1.0,1.0
22,495,2,3,1.0,1.0
23,495,2,3,1.0,1.0
24,495,2,3,1.0,1.0
25,495,2,3,1.0,1.0
26,495,2,3,1.0,1.0
27,495,2,3,1.0,1.0
28,494,2,4,0.999,0.9995951417004049
29,494,2,4,0.999,0.9995951417004049
30,494,2,4,0.999,0.9995951417004049
31,494,2,4,0.999,0.9995951417004049
32,493,3,4,1.0,1.0
33,493,3,4,1.0,1.0
34,493,3,4,1.0,1.0
35,493,3,4,1.0,1.0
36,493,3,4,1.0,1.0
37,492,4,4,1.0,1.0
38,492,4,4,1.0,1.0
39,492,3,5,1.0,1.0
40,492,3,5,1.0,1.0
41,491,4,5,0.999,0.9994908350305499
42,491,3,6,0.999,0.9994908350305499
43,491,3,6,0.999,0.9994908350305499
44,491,3,6,0.999,0.9994908350305499
45,491,3,6,0.999,0.9994908350305499
46,491,3,6,0.999,0.9994908350305499
47,491,2,7,1.0,1.0
48,491,2,7,1.0,1.0
49,491,2,7,1.0,1.0
50,491,2,7,1.0,1.0
51,491,2,7,1.0,1.0
52,491,2,7,1.0,1.0
53,491,2,7,1.0,1.0
54,491,2,7,1.0,1.0
55,491,2,7,1.0,1.0
56,491,2,7,1.0,1.0
57,491,2,7,1.0,1.0
58,491,2,7,1.0,1.0
59,491,2,7,1.0,1.0
60,491,2,7,1.0,1.0
61,491,2,7,1.0,1.0
62,491,2,7,1.0,1.0
63,491,2,7,1.0,1.0
64,491,2,7,1.0,1.0
65,491,2,7,1.0,1.0
66,491,2,7,1.0,1.0
67,491,2,7,1.0,1.0
68,491,2,7,1.0,1.0
69,491,2,7,1.0,1.0
70,491,2,7,1.0,1.0
71,491,2,7,1.0,1.0
72,491,2,7,1.0,1.0
73,491,2,7,1.0,1.0
74,491,2,7,1.0,1.0
75,491,2,7,1.0,1.0
76,491,1,8,1.0,1.0
77,491,1,8,1.0,1.0
78,491,1,8,1.0,1.0
79,491,1,8,1.0,1.0
80,491,1,8,1.0,1.0
81,491,1,8,1.0,1.0
82,491,1,8,1.0,1.0
83,491,1,8,1.0,1.0
84,491,1,8,1.0,1.0
85,491,1,8,1.0,1.0
86,491,1,8,1.0,1.0
87,491,1,8,1.0,1.0
88,491,1,8,1.0,1.0
89,491,1,8,1.0,1.0
90,491,1,8,1.0,1.0
91,491,1,8,1.0,1.0
92,491,1,8,1.0,1.0
93,491,1,8,1.0,1.0
94,491,1,8,1.0,1.0
95,491,1,8,1.0,1.0
96,491,1,8,1.0,1.0
97,491,1,8,1.0,1.0
98,491,1,8,1.0,1.0
99,491,1,8,1.0,1.0
100,491,1,8,1.0,1.0
101,491,1,8,1.0,1.0
102,491,1,8,1.0,1.0
103,491,1,8,1.0,1.0
104,491,1,8,1.0,1.0
105,491,1,8,1.0,1.0
106,491,1,8,1.0,1.0
107,491,1,8,1.0,1.0
108,491,1,8,1.0,1.0
109,491,1,8,1.0,1.0
110,491,1,8,1.0,1.0
111,491,1,8,1.0,1.0
112,491,1,8,1.0,1.0
113,491,1,8,1.0,1.0
114,491,1,8,1.0,1.0
115,491,1,8,1.0,1.0
116,491,1,8,1.0,1.0
117,491,1,8,1.0,1.0
118,491,1,8,1.0,1.0
119,491,1,8,1.0,1.0
120,491,1,8,1.0,1.0
121,491,1,8,1.0,1.0
122,491,1,8,1.0,1.0
123,491,1,8,1.0,1.0
124,491,1,8,1.0,1.0
125,491,1,8,1.0,1.0
126,491,0,9,1.0,1.0
127,491,0,9,1.0,1.0
128,491,0,9,1.0,1.0
129,491,0,9,1.0,1.0
130,491,0,9,1.0,1.0
131,491,0,9,1.0,1.0
132,491,0,9,1.0,1.0
133,491,0,9,1.0,1.0
134,491,0,9,1.0,1.0
135,491,0,9,1.0,1.0
136,491,0,9,1.0,1.0
137,491,0,9,1.0,1.0
138,491,0,9,1.0,1.0
139,491,0,9,1.0,1.0
140,491,0,9,1.0,1.0
141,491,0,9,1.0,1.0
142,491,0,9,1.0,1.0
143,491,0,9,1.0,1.0
144,491,0,9,1.0,1.0
145,491,0,9,1.0,1.0
146,491,0,9,1.0,1.0
147,491,0,9,1.0,1.0
148,491,0,9,1.0,1.0
149,491,0,9,1.0,1.0
150,491,0,9,1.0,1.0
151,491,0,9,1.0,1.0
152,491,0,9,1.0,1.0
153,491,0,9,1.0,1.0
154,491,0,9,1.0,1.0
155,491,0,9,1.0,1.0
156,491,0,9,1.0,1.0
157,491,0,9,1.0,1.0
158,491,0,9,1.0,1.0
159,491,0,9,1.0,1.0
160,491,0,9,1.0,1.0
161,491,0,9,1.0,1.0
162,491,0,9,1.0,1.0
163,491,0,9,1.0,1.0
164,491,0,9,1.0,1.0
165,491,0,9,1.0,1.0
166,491,0,9,1.0,1.0
167,491,0,9,1.0,1.0
168,491,0,9,1.0,1.0
169,491,0,9,1.0,1.0
170,491,0,9,1.0,1.0
171,491,0,9,1.0,1.0
172,491,0,9,1.0,1.0
173,491,0,9,1.0,1.0
174,491,0,9,1.0,1.0
175,491,0,9,1.0,1.0
176,491,0,9,1.0,1.0
177,491,0,9,1.0,1.0
178,491,0,9,1.0,1.0
179,491,0,9,1.0,1.0
180,491,0,9,1.0,1.0
181,491,0,9,1.0,1.0
182,491,0,9,1.0,1.0
183,491,0,9,1.0,1.0
184,491,0,9,1.0,1.0
185,491,0,9,1.0,1.0
186,491,0,9,1.0,1.0
187,491,0,9,1.0,1.0
188,491,0,9,1.0,1.0
189,491,0,9,1.0,1.0
190,491,0,9,1.0,1.0
191,491,0,9,1.0,1.0
192,491,0,9,1.0,1.0
193,491,0,9,1.0,1.0
194,491,0,9,1.0,1.0
195,491,0,9,1.0,1.0
196,491,0,9,1.0,1.0
197,491,0,9,1.0,1.0
198,491,0,9,1.0,1.0
199,491,0,9,1.0,1.0
200,491,0,9,1.0,1.0
1,499,1,0,1.0,1.0
2,499,1,0,1.0,1.0
3,499,1,0,1.0,1.0
4,499,1,0,1.0,1.0
5,499,1,0,1.0,1.0
6,499,1,0,1.0,1.0
7,498,2,0,1.0,1.0
8,498,2,0,1.0,1.0
9,498,2,0,1.0,1.0
10,497,3,0,0.999,0.9994969818913481
11,497,3,0,0.999,0.9994969818913481
12,496,4,0,0.999,0.9994959677419355
13,495,5,0,0.997,0.9984848484848485
14,494,6,0,0.997,0.9984817813765182
15,494,6,0,0.997,0.9984817813765182
16,494,6,0,0.997,0.9984817813765182
17,494,6,0,0.997,0.9984817813765182
18,494,6,0,0.997,0.9984817813765182
19,494,6,0,0.997,0.9984817813765182
20,494,6,0,0.997,0.9984817813765182
21,494,6,0,0.997,0.9984817813765182
22,493,7,0,0.997,0.9984787018255578
23,493,7,0,0.997,0.9984787018255578
24,493,6,1,0.998,0.9989858012170385
25,493,4,3,1.0,1.0
26,493,4,3,1.0,1.0
27,493,4,3,1.0,1.0
28,492,5,3,1.0,1.0
29,492,5,3,1.0,1.0
30,491,6,3,1.0,1.0
31,490,7,3,0.999,0.9994897959183674
32,490,6,4,0.999,0.9994897959183674
33,489,7,4,0.999,0.9994887525562373
34,489,7,4,0.999,0.9994887525562373
35,488,8,4,0.998,0.9988046448087431
36,487,9,4,0.998,0.9988021902806297
37,487,8,5,0.998,0.9988021902806297
38,487,8,5,0.998,0.9988021902806297
39,487,8,5,0.998,0.9988021902806297
40,487,7,6,0.998,0.9988021902806297
41,486,7,7,0.999,0.9993141289437585
42,486,7,7,0.999,0.9993141289437585
43,486,6,8,1.0,1.0
44,486,6,8,1.0,1.0
45,486,6,8,1.0,1.0
46,485,6,9,0.998,0.9989690721649485
47,485,5,10,0.999,0.9994845360824742
48,484,6,10,0.998,0.9989669421487604
49,484,6,10,0.998,0.9989669421487604
50,484,6,10,0.998,0.9989669421487604
51,483,7,10,0.997,0.9984472049689441
52,481,9,10,0.995,0.9974012474012474
53,480,10,10,0.994,0.996875
54,477,13,10,0.991,0.9951083158630328
55,476,13,11,0.992,0.9956232492997199
56,476,13,11,0.992,0.9956232492997199
57,473,16,11,0.993,0.9961240310077518
58,471,17,12,0.994,0.9966383581033261
59,471,15,14,0.995,0.9971691436659589
60,470,16,14,0.993,0.9960992907801418
61,469,17,14,0.992,0.9955579246624022
62,469,16,15,0.993,0.9960909737029139
63,469,15,16,0.994,0.9966240227434257
64,468,14,18,0.997,0.9983974358974359
65,467,15,18,0.997,0.9983940042826552
66,466,14,20,0.997,0.9983905579399142
67,465,15,20,0.996,0.9978494623655914
68,464,16,20,0.995,0.9973060344827587
69,464,15,21,0.996,0.9978448275862069
70,462,16,22,0.998,0.9989177489177489
71,461,16,23,0.998,0.9989154013015185
72,460,17,23,0.996,0.9976449275362318
73,460,17,23,0.996,0.9976449275362318
74,458,18,24,0.993,0.995924308588064
75,458,18,24,0.993,0.995924308588064
76,456,19,25,0.994,0.9966374269005849
77,456,19,25,0.994,0.9966374269005849
78,456,19,25,0.994,0.9966374269005849
79,456,18,26,0.994,0.9966374269005849
80,455,19,26,0.994,0.9965201465201464
81,455,18,27,0.995,0.997069597069597
82,455,18,27,0.995,0.997069597069597
83,454,19,27,0.995,0.9970631424375916
84,454,19,27,0.995,0.9970631424375916
85,452,20,28,0.996,0.9977876106194691
86,451,21,28,0.996,0.9977827050997783
87,451,21,28,0.996,0.9977827050997783
88,449,22,29,0.996,0.9977728285077951
89,449,21,30,0.996,0.9977728285077951
90,449,21,30,0.996,0.9977728285077951
91,448,21,31,0.997,0.9983258928571429
92,446,22,32,0.994,0.9967488789237668
93,446,21,33,0.995,0.9973094170403588
94,446,21,33,0.995,0.9973094170403588
95,446,21,33,0.995,0.9973094170403588
96,444,22,34,0.996,0.9978603603603604
97,444,22,34,0.996,0.9978603603603604
98,444,22,34,0.996,0.9978603603603604
99,444,20,36,0.996,0.9978603603603604
100,443,21,36,0.996,0.9978555304740406
101,443,19,38,0.998,0.9989841986455982
102,442,18,40,0.997,0.9983031674208145
103,441,18,41,0.997,0.9982993197278912
104,440,18,42,0.997,0.9982954545454545
105,439,19,42,0.997,0.9982915717539863
106,438,19,43,0.997,0.9982876712328768
107,437,18,45,0.997,0.9982837528604119
108,436,19,45,0.996,0.9977064220183486
109,435,19,46,0.995,0.9971264367816092
110,434,19,47,0.996,0.9976958525345622
111,431,21,48,0.996,0.9976798143851509
112,431,20,49,0.996,0.9976798143851509
113,429,21,50,0.994,0.9965034965034965
114,427,22,51,0.994,0.9964871194379391
115,426,23,51,0.994,0.9964788732394366
116,425,22,53,0.994,0.9965882352941177
117,425,22,53,0.994,0.9965882352941177
118,424,23,53,0.993,0.9959905660377358
119,424,23,53,0.993,0.9959905660377358
120,424,23,53,0.993,0.9959905660377358
121,423,22,55,0.995,0.9971631205673759
122,421,23,56,0.994,0.9965558194774347
123,420,24,56,0.994,0.9965476190476191
124,419,23,58,0.994,0.9965393794749403
125,419,23,58,0.994,0.9965393794749403
126,419,22,59,0.995,0.9971360381861576
127,419,21,60,0.996,0.9977326968973748
128,418,20,62,0.996,0.9977272727272728
129,418,18,64,0.996,0.9977272727272728
130,417,19,64,0.994,0.996642685851319
131,415,20,65,0.996,0.9979518072289156
132,415,17,68,0.997,0.9984337349397591
133,415,17,68,0.997,0.9984337349397591
134,415,17,68,0.997,0.9984337349397591
135,414,17,69,0.998,0.9990338164251208
136,414,15,71,0.998,0.9990338164251208
137,414,14,72,0.998,0.9990338164251208
138,413,14,73,0.999,0.9995157384987894
139,412,15,73,0.999,0.9995145631067961
140,410,16,74,0.998,0.9990243902439025
141,410,16,74,0.998,0.9990243902439025
142,409,17,74,0.998,0.9990220048899756
143,409,17,74,0.998,0.9990220048899756
144,409,16,75,0.998,0.9990220048899756
145,407,18,75,0.996,0.9979115479115479
146,404,18,78,0.994,0.9967821782178219
147,402,20,78,0.993,0.9960199004975124
148,401,21,78,0.992,0.9953865336658354
149,399,23,78,0.99,0.994110275689223
150,397,23,80,0.99,0.9940806045340049
151,397,23,80,0.99,0.9940806045340049
152,395,25,80,0.988,0.9927848101265823
153,394,26,80,0.988,0.9927664974619289
154,390,28,82,0.99,0.9938461538461539
155,387,31,82,0.987,0.9916451335055986
156,385,32,83,0.99,0.9937662337662339
157,383,33,84,0.992,0.9950391644908617
158,383,31,86,0.992,0.9950391644908617
159,381,33,86,0.99,0.9937007874015749
160,380,32,88,0.99,0.9936842105263158
161,380,31,89,0.99,0.9936842105263158
162,380,30,90,0.99,0.9936842105263158
163,380,27,93,0.993,0.9955263157894737
164,378,29,93,0.991,0.9941798941798942
165,377,26,97,0.992,0.9948275862068966
166,377,24,99,0.992,0.9948275862068966
167,377,23,100,0.992,0.9948275862068966
168,376,22,102,0.992,0.9948138297872341
169,376,22,102,0.992,0.9948138297872341
170,375,22,103,0.992,0.9948
171,375,22,103,0.992,0.9948
172,375,20,105,0.994,0.9961333333333333
173,375,20,105,0.994,0.9961333333333333
174,375,19,106,0.995,0.9968
175,375,19,106,0.995,0.9968
176,374,19,107,0.995,0.9967914438502674
177,370,23,107,0.993,0.9954054054054055
178,367,25,108,0.992,0.9946866485013625
179,366,26,108,0.993,0.9953551912568306
180,366,25,109,0.993,0.9953551912568306
181,364,25,111,0.99,0.9932692307692308
182,360,28,112,0.988,0.9918055555555556
183,358,28,114,0.993,0.9952513966480447
184,354,31,115,0.99,0.9930790960451977
185,351,32,117,0.99,0.9928774928774928
186,351,32,117,0.99,0.9928774928774928
187,349,33,118,0.988,0.9914040114613181
188,349,32,119,0.988,0.9914040114613181
189,348,32,120,0.986,0.9899425287356322
190,346,34,120,0.984,0.9884393063583815
191,345,34,121,0.985,0.9891304347826086
192,343,34,123,0.986,0.9897959183673469
193,341,36,123,0.984,0.98841642228739
194,340,37,123,0.983,0.9876470588235294
195,339,37,124,0.984,0.988495575221239
196,337,38,125,0.986,0.9899109792284867
197,336,37,127,0.988,0.9913690476190476
198,335,38,127,0.989,0.992089552238806
199,334,36,130,0.989,0.9920658682634731
200,334,33,133,0.989,0.9920658682634731
1,499,1,0,1.0,1.0
2,499,1,0,1.0,1.0
3,498,2,0,0.999,0.9994979919678715
4,497,3,0,0.999,0.9994969818913481
5,497,3,0,0.999,0.9994969818913481
6,497,3,0,0.999,0.9994969818913481
7,497,3,0,0.999,0.9994969818913481
8,497,3,0,0.999,0.9994969818913481
9,497,3,0,0.999,0.9994969818913481
10,497,3,0,0.999,0.9994969818913481
11,497,3,0,0.999,0.9994969818913481
12,497,2,1,0.999,0.9994969818913481
13,497,2,1,0.999,0.9994969818913481
14,497,2,1,0.999,0.9994969818913481
15,497,2,1,0.999,0.9994969818913481
16,497,2,1,0.999,0.9994969818913481
17,497,2,1,0.999,0.9994969818913481
18,496,3,1,0.998,0.998991935483871
19,496,3,1,0.998,0.998991935483871
20,496,3,1,0.998,0.998991935483871
21,496,3,1,0.998,0.998991935483871
22,495,4,1,0.997,0.9984848484848485
23,495,4,1,0.997,0.9984848484848485
24,495,4,1,0.997,0.9984848484848485
25,495,4,1,0.997,0.9984848484848485
26,495,3,2,0.999,0.9994949494949495
27,495,3,2,0.999,0.9994949494949495
28,494,4,2,0.997,0.9984817813765182
29,493,5,2,0.997,0.9984787018255578
30,493,5,2,0.997,0.9984787018255578
31,492,6,2,0.996,0.9979674796747967
32,492,6,2,0.996,0.9979674796747967
33,492,6,2,0.996,0.9979674796747967
34,492,6,2,0.996,0.9979674796747967
35,491,7,2,0.995,0.9974541751527495
36,491,6,3,0.996,0.9979633401221996
37,491,6,3,0.996,0.9979633401221996
38,491,6,3,0.996,0.9979633401221996
39,491,5,4,0.997,0.9984725050916496
40,491,5,4,0.997,0.9984725050916496
41,490,4,6,0.998,0.9989795918367347
42,490,4,6,0.998,0.9989795918367347
43,490,4,6,0.998,0.9989795918367347
44,490,4,6,0.998,0.9989795918367347
45,489,5,6,0.999,0.9994887525562373
46,489,5,6,0.999,0.9994887525562373
47,489,5,6,0.999,0.9994887525562373
48,489,5,6,0.999,0.9994887525562373
49,489,5,6,0.999,0.9994887525562373
50,489,5,6,0.999,0.9994887525562373
51,489,4,7,1.0,1.0
52,489,4,7,1.0,1.0
53,489,4,7,1.0,1.0
54,489,4,7,1.0,1.0
55,489,4,7,1.0,1.0
56,489,4,7,1.0,1.0
57,489,4,7,1.0,1.0
58,489,4,7,1.0,1.0
59,489,4,7,1.0,1.0
60,489,4,7,1.0,1.0
61,488,5,7,0.999,0.9994877049180327
62,488,5,7,0.999,0.9994877049180327
63,488,4,8,0.999,0.9994877049180327
64,488,4,8,0.999,0.9994877049180327
65,488,3,9,0.999,0.9994877049180327
66,488,3,9,0.999,0.9994877049180327
67,488,3,9,0.999,0.9994877049180327
68,488,3,9,0.999,0.9994877049180327
69,487,3,10,0.999,0.9994866529774127
70,487,3,10,0.999,0.9994866529774127
71,487,3,10,0.999,0.9994866529774127
72,487,3,10,0.999,0.9994866529774127
73,487,3,10,0.999,0.9994866529774127
74,487,3,10,0.999,0.9994866529774127
75,487,3,10,0.999,0.9994866529774127
76,487,2,11,1.0,1.0
77,487,2,11,1.0,1.0
78,487,2,11,1.0,1.0
79,487,2,11,1.0,1.0
80,487,2,11,1.0,1.0
81,487,2,11,1.0,1.0
82,487,2,11,1.0,1.0
83,487,2,11,1.0,1.0
84,487,2,11,1.0,1.0
85,487,2,11,1.0,1.0
86,487,2,11,1.0,1.0
87,487,2,11,1.0,1.0
88,487,2,11,1.0,1.0
89,487,2,11,1.0,1.0
90,487,2,11,1.0,1.0
91,487,2,11,1.0,1.0
92,487,2,11,1.0,1.0
93,487,2,11,1.0,1.0
94,487,2,11,1.0,1.0
95,487,2,11,1.0,1.0
96,486,2,12,1.0,1.0
97,486,2,12,1.0,1.0
98,485,3,12,1.0,1.0
99,485,3,12,1.0,1.0
100,485,3,12,1.0,1.0
101,485,3,12,1.0,1.0
102,485,3,12,1.0,1.0
103,485,3,12,1.0,1.0
104,485,3,12,1.0,1.0
105,485,3,12,1.0,1.0
106,485,3,12,1.0,1.0
107,484,4,12,1.0,1.0
108,484,3,13,1.0,1.0
109,484,3,13,1.0,1.0
110,484,3,13,1.0,1.0
111,484,3,13,1.0,1.0
112,484,3,13,1.0,1.0
113,484,3,13,1.0,1.0
114,484,3,13,1.0,1.0
115,484,3,13,1.0,1.0
116,484,3,13,1.0,1.0
117,483,4,13,0.999,0.9994824016563147
118,482,5,13,0.999,0.9994813278008299
119,482,4,14,1.0,1.0
120,482,4,14,1.0,1.0
121,482,4,14,1.0,1.0
122,481,4,15,1.0,1.0
123,481,3,16,1.0,1.0
124,481,3,16,1.0,1.0
125,480,4,16,0.998,0.9989583333333333
126,480,4,16,0.998,0.9989583333333333
127,480,4,16,0.998,0.9989583333333333
128,480,3,17,0.998,0.9989583333333333
129,480,2,18,1.0,1.0
130,480,1,19,1.0,1.0
131,480,1,19,1.0,1.0
132,480,1,19,1.0,1.0
133,480,1,19,1.0,1.0
134,480,1,19,1.0,1.0
135,480,1,19,1.0,1.0
136,479,2,19,1.0,1.0
137,479,2,19,1.0,1.0
138,479,2,19,1.0,1.0
139,479,2,19,1.0,1.0
140,479,2,19,1.0,1.0
141,479,2,19,1.0,1.0
142,478,2,20,1.0,1.0
143,477,3,20,0.999,0.999475890985325
144,477,3,20,0.999,0.999475890985325
145,475,5,20,0.997,0.998421052631579
146,475,5,20,0.997,0.998421052631579
147,475,5,20,0.997,0.998421052631579
148,475,5,20,0.997,0.998421052631579
149,475,4,21,0.998,0.9989473684210526
150,475,4,21,0.998,0.9989473684210526
151,474,5,21,0.998,0.9989451476793249
152,473,6,21,0.998,0.9989429175475687
153,473,6,21,0.998,0.9989429175475687
154,473,6,21,0.998,0.9989429175475687
155,473,5,22,0.999,0.9994714587737844
156,473,5,22,0.999,0.9994714587737844
157,473,4,23,0.999,0.9994714587737844
158,473,4,23,0.999,0.9994714587737844
159,473,4,23,0.999,0.9994714587737844
160,473,4,23,0.999,0.9994714587737844
161,473,4,23,0.999,0.9994714587737844
162,473,4,23,0.999,0.9994714587737844
163,473,4,23,0.999,0.9994714587737844
164,473,4,23,0.999,0.9994714587737844
165,473,4,23,0.999,0.9994714587737844
166,473,4,23,0.999,0.9994714587737844
167,473,4,23,0.999,0.9994714587737844
168,473,4,23,0.999,0.9994714587737844
169,473,4,23,0.999,0.9994714587737844
170,473,4,23,0.999,0.9994714587737844
171,473,4,23,0.999,0.9994714587737844
172,472,5,23,0.998,0.9989406779661016
173,472,5,23,0.998,0.9989406779661016
174,472,5,23,0.998,0.9989406779661016
175,472,5,23,0.998,0.9989406779661016
176,471,5,24,0.999,0.9994692144373672
177,470,6,24,0.998,0.9989361702127659
178,470,6,24,0.998,0.9989361702127659
179,469,7,24,0.997,0.9984008528784648
180,469,7,24,0.997,0.9984008528784648
181,469,6,25,0.997,0.9984008528784648
182,469,6,25,0.997,0.9984008528784648
183,469,6,25,0.997,0.9984008528784648
184,469,5,26,0.998,0.9989339019189766
185,469,4,27,0.999,0.9994669509594882
186,469,3,28,0.999,0.9994669509594882
187,468,4,28,0.998,0.9987535612535612
188,468,3,29,0.998,0.9987535612535612
189,468,3,29,0.998,0.9987535612535612
190,468,3,29,0.998,0.9987535612535612
191,467,4,29,0.999,0.9994646680942184
192,467,4,29,0.999,0.9994646680942184
193,467,4,29,0.999,0.9994646680942184
194,467,3,30,0.999,0.9994646680942184
195,467,3,30,0.999,0.9994646680942184
196,467,3,30,0.999,0.9994646680942184
197,467,3,30,0.999,0.9994646680942184
198,467,3,30,0.999,0.9994646680942184
199,467,3,30,0.999,0.9994646680942184
200,467,3,30,0.999,0.9994646680942184
1,499,1,0,1.0,1.0
2,499,1,0,1.0,1.0
3,498,2,0,0.998,0.998995983935743
4,498,2,0,0.998,0.998995983935743
5,498,2,0,0.998,0.998995983935743
6,498,2,0,0.998,0.998995983935743
7,498,2,0,0.998,0.998995983935743
8,498,1,1,1.0,1.0
9,498,1,1,1.0,1.0
10,498,1,1,1.0,1.0
11,498,1,1,1.0,1.0
12,498,1,1,1.0,1.0
13,498,1,1,1.0,1.0
14,498,1,1,1.0,1.0
15,498,1,1,1.0,1.0
16,498,0,2,1.0,1.0
17,498,0,2,1.0,1.0
18,498,0,2,1.0,1.0
19,498,0,2,1.0,1.0
20,498,0,2,1.0,1.0
21,498,0,2,1.0,1.0
22,498,0,2,1.0,1.0
23,498,0,2,1.0,1.0
24,498,0,2,1.0,1.0
25,498,0,2,1.0,1.0
26,498,0,2,1.0,1.0
27,498,0,2,1.0,1.0
28,498,0,2,1.0,1.0
29,498,0,2,1.0,1.0
30,498,0,2,1.0,1.0
31,498,0,2,1.0,1.0
32,498,0,2,1.0,1.0
33,498,0,2,1.0,1.0
34,498,0,2,1.0,1.0
35,498,0,2,1.0,1.0
36,498,0,2,1.0,1.0
37,498,0,2,1.0,1.0
38,498,0,2,1.0,1.0
39,498,0,2,1.0,1.0
40,498,0,2,1.0,1.0
41,498,0,2,1.0,1.0
42,498,0,2,1.0,1.0
43,498,0,2,1.0,1.0
44,498,0,2,1.0,1.0
45,498,0,2,1.0,1.0
46,498,0,2,1.0,1.0
47,498,0,2,1.0,1.0
48,498,0,2,1.0,1.0
49,498,0,2,1.0,1.0
50,498,0,2,1.0,1.0
51,498,0,2,1.0,1.0
52,498,0,2,1.0,1.0
53,498,0,2,1.0,1.0
54,498,0,2,1.0,1.0
55,498,0,2,1.0,1.0
56,498,0,2,1.0,1.0
57,498,0,2,1.0,1.0
58,498,0,2,1.0,1.0
59,498,0,2,1.0,1.0
60,498,0,2,1.0,1.0
61,498,0,2,1.0,1.0
62,498,0,2,1.0,1.0
63,498,0,2,1.0,1.0
64,498,0,2,1.0,1.0
65,498,0,2,1.0,1.0
66,498,0,2,1.0,1.0
67,498,0,2,1.0,1.0
68,498,0,2,1.0,1.0
69,498,0,2,1.0,1.0
70,498,0,2,1.0,1.0
71,498,0,2,1.0,1.0
72,498,0,2,1.0,1.0
73,498,0,2,1.0,1.0
74,498,0,2,1.0,1.0
75,498,0,2,1.0,1.0
76,498,0,2,1.0,1.0
77,498,0,2,1.0,1.0
78,498,0,2,1.0,1.0
79,498,0,2,1.0,1.0
80,498,0,2,1.0,1.0
81,498,0,2,1.0,1.0
82,498,0,2,1.0,1.0
83,498,0,2,1.0,1.0
84,498,0,2,1.0,1.0
85,498,0,2,1.0,1.0
86,498,0,2,1.0,1.0
87,498,0,2,1.0,1.0
88,498,0,2,1.0,1.0
89,498,0,2,1.0,1.0
90,498,0,2,1.0,1.0
91,498,0,2,1.0,1.0
92,498,0,2,1.0,1.0
93,498,0,2,1.0,1.0
94,498,0,2,1.0,1.0
95,498,0,2,1.0,1.0
96,498,0,2,1.0,1.0
97,498,0,2,1.0,1.0
98,498,0,2,1.0,1.0
99,498,0,2,1.0,1.0
100,498,0,2,1.0,1.0
101,498,0,2,1.0,1.0
102,498,0,2,1.0,1.0
103,498,0,2,1.0,1.0
104,498,0,2,1.0,1.0
105,498,0,2,1.0,1.0
106,498,0,2,1.0,1.0
107,498,0,2,1.0,1.0
108,498,0,2,1.0,1.0
109,498,0,2,1.0,1.0
110,498,0,2,1.0,1.0
111,498,0,2,1.0,1.0
112,498,0,2,1.0,1.0
113,498,0,2,1.0,1.0
114,498,0,2,1.0,1.0
115,498,0,2,1.0,1.0
116,498,0,2,1.0,1.0
117,498,0,2,1.0,1.0
118,498,0,2,1.0,1.0
119,498,0,2,1.0,1.0
120,498,0,2,1.0,1.0
121,498,0,2,1.0,1.0
122,498,0,2,1.0,1.0
123,498,0,2,1.0,1.0
124,498,0,2,1.0,1.0
125,498,0,2,1.0,1.0
126,498,0,2,1.0,1.0
127,498,0,2,1.0,1.0
128,498,0,2,1.0,1.0
129,498,0,2,1.0,1.0
130,498,0,2,1.0,1.0
131,498,0,2,1.0,1.0
132,498,0,2,1.0,1.0
133,498,0,2,1.0,1.0
134,498,0,2,1.0,1.0
135,498,0,2,1.0,1.0
136,498,0,2,1.0,1.0
137,498,0,2,1.0,1.0
138,498,0,2,1.0,1.0
139,498,0,2,1.0,1.0
140,498,0,2,1.0,1.0
141,498,0,2,1.0,1.0
142,498,0,2,1.0,1.0
143,498,0,2,1.0,1.0
144,498,0,2,1.0,1.0
145,498,0,2,1.0,1.0
146,498,0,2,1.0,1.0
147,498,0,2,1.0,1.0
148,498,0,2,1.0,1.0
149,498,0,2,1.0,1.0
150,498,0,2,1.0,1.0
151,498,0,2,1.0,1.0
152,498,0,2,1.0,1.0
153,498,0,2,1.0,1.0
154,498,0,2,1.0,1.0
155,498,0,2,1.0,1.0
156,498,0,2,1.0,1.0
157,498,0,2,1.0,1.0
158,498,0,2,1.0,1.0
159,498,0,2,1.0,1.0
160,498,0,2,1.0,1.0
161,498,0,2,1.0,1.0
162,498,0,2,1.0,1.0
163,498,0,2,1.0,1.0
164,498,0,2,1.0,1.0
165,498,0,2,1.0,1.0
166,498,0,2,1.0,1.0
167,498,0,2,1.0,1.0
168,498,0,2,1.0,1.0
169,498,0,2,1.0,1.0
170,498,0,2,1.0,1.0
171,498,0,2,1.0,1.0
172,498,0,2,1.0,1.0
173,498,0,2,1.0,1.0
174,498,0,2,1.0,1.0
175,498,0,2,1.0,1.0
176,498,0,2,1.0,1.0
177,498,0,2,1.0,1.0
178,498,0,2,1.0,1.0
179,498,0,2,1.0,1.0
180,498,0,2,1.0,1.0
181,498,0,2,1.0,1.0
182,498,0,2,1.0,1.0
183,498,0,2,1.0,1.0
184,498,0,2,1.0,1.0
185,498,0,2,1.0,1.0
186,498,0,2,1.0,1.0
187,498,0,2,1.0,1.0
188,498,0,2,1.0,1.0
189,498,0,2,1.0,1.0
190,498,0,2,1.0,1.0
191,498,0,2,1.0,1.0
192,498,0,2,1.0,1.0
193,498,0,2,1.0,1.0
194,498,0,2,1.0,1.0
195,498,0,2,1.0,1.0
196,498,0,2,1.0,1.0
197,498,0,2,1.0,1.0
198,498,0,2,1.0,1.0
199,498,0,2,1.0,1.0
200,498,0,2,1.0,1.0
1,499,1,0,1.0,1.0
2,499,1,0,1.0,1.0
3,499,1,0,1.0,1.0
4,498,2,0,0.998,0.998995983935743
5,498,2,0,0.998,0.998995983935743
6,498,2,0,0.998,0.998995983935743
7,498,2,0,0.998,0.998995983935743
8,498,2,0,0.998,0.998995983935743
9,497,3,0,0.997,0.9984909456740443
10,497,3,0,0.997,0.9984909456740443
11,496,4,0,0.996,0.9979838709677419
12,496,4,0,0.996,0.9979838709677419
13,496,4,0,0.996,0.9979838709677419
14,496,4,0,0.996,0.9979838709677419
15,496,4,0,0.996,0.9979838709677419
16,495,4,1,0.998,0.998989898989899
17,495,4,1,0.998,0.998989898989899
18,495,3,2,0.998,0.998989898989899
19,495,3,2,0.998,0.998989898989899
20,495,3,2,0.998,0.998989898989899
21,495,2,3,0.999,0.9994949494949495
22,495,2,3,0.999,0.9994949494949495
23,495,2,3,0.999,0.9994949494949495
24,495,2,3,0.999,0.9994949494949495
25,495,2,3,0.999,0.9994949494949495
26,495,2,3,0.999,0.9994949494949495
27,495,2,3,0.999,0.9994949494949495
28,495,2,3,0.999,0.9994949494949495
29,495,2,3,0.999,0.9994949494949495
30,495,2,3,0.999,0.9994949494949495
31,495,2,3,0.999,0.9994949494949495
32,495,2,3,0.999,0.9994949494949495
33,495,2,3,0.999,0.9994949494949495
34,495,2,3,0.999,0.9994949494949495
35,495,2,3,0.999,0.9994949494949495
36,495,2,3,0.999,0.9994949494949495
37,495,2,3,0.999,0.9994949494949495
38,495,2,3,0.999,0.9994949494949495
39,495,2,3,0.999,0.9994949494949495
40,495,2,3,0.999,0.9994949494949495
41,495,1,4,1.0,1.0
42,495,1,4,1.0,1.0
43,495,1,4,1.0,1.0
44,495,1,4,1.0,1.0
45,495,1,4,1.0,1.0
46,495,1,4,1.0,1.0
47,495,1,4,1.0,1.0
48,495,1,4,1.0,1.0
49,495,1,4,1.0,1.0
50,495,1,4,1.0,1.0
51,495,1,4,1.0,1.0
52,495,1,4,1.0,1.0
53,495,1,4,1.0,1.0
54,495,1,4,1.0,1.0
55,495,1,4,1.0,1.0
56,495,1,4,1.0,1.0
57,495,1,4,1.0,1.0
58,495,1,4,1.0,1.0
59,495,1,4,1.0,1.0
60,495,1,4,1.0,1.0
61,495,1,4,1.0,1.0
62,495,1,4,1.0,1.0
63,494,2,4,1.0,1.0
64,494,2,4,1.0,1.0
65,493,3,4,1.0,1.0
66,493,3,4,1.0,1.0
67,493,3,4,1.0,1.0
68,493,3,4,1.0,1.0
69,493,3,4,1.0,1.0
70,493,3,4,1.0,1.0
71,493,2,5,1.0,1.0
72,493,2,5,1.0,1.0
73,493,2,5,1.0,1.0
74,493,2,5,1.0,1.0
75,493,2,5,1.0,1.0
76,493,2,5,1.0,1.0
77,493,2,5,1.0,1.0
78,493,2,5,1.0,1.0
79,493,2,5,1.0,1.0
80,493,2,5,1.0,1.0
81,492,3,5,0.999,0.9994918699186992
82,492,3,5,0.999,0.9994918699186992
83,492,3,5,0.999,0.9994918699186992
84,492,3,5,0.999,0.9994918699186992
85,492,3,5,0.999,0.9994918699186992
86,491,4,5,0.997,0.9985743380855397
87,491,4,5,0.997,0.9985743380855397
88,491,4,5,0.997,0.9985743380855397
89,491,4,5,0.997,0.9985743380855397
90,491,3,6,0.998,0.9990835030549898
91,489,5,6,0.998,0.9991820040899796
92,489,5,6,0.998,0.9991820040899796
93,489,5,6,0.998,0.9991820040899796
94,489,5,6,0.998,0.9991820040899796
95,489,5,6,0.998,0.9991820040899796
96,489,5,6,0.998,0.9991820040899796
97,488,6,6,0.997,0.9986680327868853
98,488,6,6,0.997,0.9986680327868853
99,488,6,6,0.997,0.9986680327868853
100,487,7,6,0.999,0.9994866529774127
101,485,9,6,0.998,0.9989690721649485
102,485,9,6,0.998,0.9989690721649485
103,485,9,6,0.998,0.9989690721649485
104,484,9,7,0.997,0.9984504132231405
105,484,9,7,0.997,0.9984504132231405
106,483,10,7,0.996,0.9977570738440303
107,483,10,7,0.996,0.9977570738440303
108,483,10,7,0.996,0.9977570738440303
109,482,11,7,0.995,0.9973374827109267
110,480,13,7,0.996,0.9978472222222223
111,480,12,8,0.997,0.9982638888888888
112,480,12,8,0.997,0.9982638888888888
113,480,12,8,0.997,0.9982638888888888
114,480,12,8,0.997,0.9982638888888888
115,479,13,8,0.996,0.9978427279053584
116,478,14,8,0.995,0.9973152022315203
117,478,14,8,0.995,0.9973152022315203
118,477,14,9,0.995,0.9973095737246681
119,477,14,9,0.995,0.9973095737246681
120,477,14,9,0.995,0.9973095737246681
121,477,11,12,0.997,0.9983577917540183
122,476,12,12,0.995,0.9971288515406163
123,476,12,12,0.995,0.9971288515406163
124,476,12,12,0.995,0.9971288515406163
125,476,12,12,0.995,0.9971288515406163
126,476,12,12,0.995,0.9971288515406163
127,476,12,12,0.995,0.9971288515406163
128,475,13,12,0.993,0.9960701754385964
129,475,13,12,0.993,0.9960701754385964
130,473,15,12,0.992,0.9955250176180409
131,473,13,14,0.993,0.9960535588442565
132,473,12,15,0.995,0.9970049330514448
133,472,13,15,0.995,0.9971045197740113
134,471,13,16,0.994,0.9965675866949752
135,471,13,16,0.994,0.9965675866949752
136,471,13,16,0.994,0.9965675866949752
137,471,12,17,0.995,0.9972753007784856
138,471,12,17,0.995,0.9972753007784856
139,471,12,17,0.995,0.9972753007784856
140,471,12,17,0.995,0.9972753007784856
141,471,12,17,0.995,0.9972753007784856
142,470,11,19,0.995,0.9972695035460993
143,468,13,19,0.995,0.9972578347578348
144,467,14,19,0.996,0.99796573875803
145,466,13,21,0.997,0.9984978540772532
146,466,13,21,0.997,0.9984978540772532
147,466,13,21,0.997,0.9984978540772532
148,465,14,21,0.997,0.998494623655914
149,464,15,21,0.998,0.9990301724137931
150,464,14,22,0.998,0.9990301724137931
151,462,15,23,1.0,1.0
152,461,16,23,0.999,0.9994577006507592
153,461,16,23,0.999,0.9994577006507592
154,461,15,24,0.999,0.9994577006507592
155,461,14,25,1.0,1.0
156,461,13,26,1.0,1.0
157,460,13,27,1.0,1.0
158,460,10,30,1.0,1.0
159,460,10,30,1.0,1.0
160,459,11,30,0.999,0.9994553376906318
161,459,11,30,0.999,0.9994553376906318
162,459,11,30,0.999,0.9994553376906318
163,459,11,30,0.999,0.9994553376906318
164,459,11,30,0.999,0.9994553376906318
165,459,11,30,0.999,0.9994553376906318
166,458,11,31,0.999,0.9994541484716157
167,458,10,32,0.999,0.9994541484716157
168,458,10,32,0.999,0.9994541484716157
169,458,9,33,0.999,0.9994541484716157
170,457,10,33,0.999,0.99945295404814
171,457,9,34,1.0,1.0
172,457,8,35,1.0,1.0
173,457,8,35,1.0,1.0
174,457,7,36,1.0,1.0
175,457,6,37,1.0,1.0
176,457,6,37,1.0,1.0
177,457,6,37,1.0,1.0
178,457,6,37,1.0,1.0
179,457,6,37,1.0,1.0
180,457,6,37,1.0,1.0
181,457,6,37,1.0,1.0
182,457,6,37,1.0,1.0
183,457,5,38,1.0,1.0
184,457,5,38,1.0,1.0
185,457,5,38,1.0,1.0
186,457,5,38,1.0,1.0
187,457,4,39,1.0,1.0
188,457,4,39,1.0,1.0
189,457,4,39,1.0,1.0
190,457,3,40,1.0,1.0
191,457,3,40,1.0,1.0
192,457,3,40,1.0,1.0
193,457,2,41,1.0,1.0
194,457,2,41,1.0,1.0
195,457,2,41,1.0,1.0
196,457,2,41,1.0,1.0
197,457,2,41,1.0,1.0
198,457,2,41,1.0,1.0
199,457,2,41,1.0,1.0
200,457,2,41,1.0,1.0
1,499,1,0,1.0,1.0
2,499,1,0,1.0,1.0
3,499,1,0,1.0,1.0
4,499,1,0,1.0,1.0
5,499,1,0,1.0,1.0
6,499,1,0,1.0,1.0
7,499,1,0,1.0,1.0
8,499,1,0,1.0,1.0
9,499,1,0,1.0,1.0
10,499,1,0,1.0,1.0
11,498,2,0,0.999,0.9994979919678715
12,498,2,0,0.999,0.9994979919678715
13,498,1,1,1.0,1.0
14,497,2,1,0.999,0.9994969818913481
15,497,2,1,0.999,0.9994969818913481
16,497,2,1,0.999,0.9994969818913481
17,497,2,1,0.999,0.9994969818913481
18,497,2,1,0.999,0.9994969818913481
19,497,2,1,0.999,0.9994969818913481
20,497,2,1,0.999,0.9994969818913481
21,497,2,1,0.999,0.9994969818913481
22,497,2,1,0.999,0.9994969818913481
23,497,2,1,0.999,0.9994969818913481
24,497,2,1,0.999,0.9994969818913481
25,497,2,1,0.999,0.9994969818913481
26,497,1,2,1.0,1.0
27,497,1,2,1.0,1.0
28,497,1,2,1.0,1.0
29,497,1,2,1.0,1.0
30,497,1,2,1.0,1.0
31,497,1,2,1.0,1.0
32,497,1,2,1.0,1.0
33,497,1,2,1.0,1.0
34,497,1,2,1.0,1.0
35,497,1,2,1.0,1.0
36,497,1,2,1.0,1.0
37,497,1,2,1.0,1.0
38,497,1,2,1.0,1.0
39,497,1,2,1.0,1.0
40,497,1,2,1.0,1.0
41,497,1,2,1.0,1.0
42,497,1,2,1.0,1.0
43,496,2,2,1.0,1.0
44,496,2,2,1.0,1.0
45,496,1,3,1.0,1.0
46,496,1,3,1.0,1.0
47,496,1,3,1.0,1.0
48,496,1,3,1.0,1.0
49,496,1,3,1.0,1.0
50,496,0,4,1.0,1.0
51,496,0,4,1.0,1.0
52,496,0,4,1.0,1.0
53,496,0,4,1.0,1.0
54,496,0,4,1.0,1.0
55,496,0,4,1.0,1.0
56,496,0,4,1.0,1.0
57,496,0,4,1.0,1.0
58,496,0,4,1.0,1.0
59,496,0,4,1.0,1.0
60,496,0,4,1.0,1.0
61,496,0,4,1.0,1.0
62,496,0,4,1.0,1.0
63,496,0,4,1.0,1.0
64,496,0,4,1.0,1.0
65,496,0,4,1.0,1.0
66,496,0,4,1.0,1.0
67,496,0,4,1.0,1.0
68,496,0,4,1.0,1.0
69,496,0,4,1.0,1.0
70,496,0,4,1.0,1.0
71,496,0,4,1.0,1.0
72,496,0,4,1.0,1.0
73,496,0,4,1.0,1.0
74,496,0,4,1.0,1.0
75,496,0,4,1.0,1.0
76,496,0,4,1.0,1.0
77,496,0,4,1.0,1.0
78,496,0,4,1.0,1.0
79,496,0,4,1.0,1.0
80,496,0,4,1.0,1.0
81,496,0,4,1.0,1.0
82,496,0,4,1.0,1.0
83,496,0,4,1.0,1.0
84,496,0,4,1.0,1.0
85,496,0,4,1.0,1.0
86,496,0,4,1.0,1.0
87,496,0,4,1.0,1.0
88,496,0,4,1.0,1.0
89,496,0,4,1.0,1.0
90,496,0,4,1.0,1.0
91,496,0,4,1.0,1.0
92,496,0,4,1.0,1.0
93,496,0,4,1.0,1.0
94,496,0,4,1.0,1.0
95,496,0,4,1.0,1.0
96,496,0,4,1.0,1.0
97,496,0,4,1.0,1.0
98,496,0,4,1.0,1.0
99,496,0,4,1.0,1.0
100,496,0,4,1.0,1.0
101,496,0,4,1.0,1.0
102,496,0,4,1.0,1.0
103,496,0,4,1.0,1.0
104,496,0,4,1.0,1.0
105,496,0,4,1.0,1.0
106,496,0,4,1.0,1.0
107,496,0,4,1.0,1.0
108,496,0,4,1.0,1.0
109,496,0,4,1.0,1.0
110,496,0,4,1.0,1.0
111,496,0,4,1.0,1.0
112,496,0,4,1.0,1.0
113,496,0,4,1.0,1.0
114,496,0,4,1.0,1.0
115,496,0,4,1.0,1.0
116,496,0,4,1.0,1.0
117,496,0,4,1.0,1.0
118,496,0,4,1.0,1.0
119,496,0,4,1.0,1.0
120,496,0,4,1.0,1.0
121,496,0,4,1.0,1.0
122,496,0,4,1.0,1.0
123,496,0,4,1.0,1.0
124,496,0,4,1.0,1.0
125,496,0,4,1.0,1.0
126,496,0,4,1.0,1.0
127,496,0,4,1.0,1.0
128,496,0,4,1.0,1.0
129,496,0,4,1.0,1.0
130,496,0,4,1.0,1.0
131,496,0,4,1.0,1.0
132,496,0,4,1.0,1.0
133,496,0,4,1.0,1.0
134,496,0,4,1.0,1.0
135,496,0,4,1.0,1.0
136,496,0,4,1.0,1.0
137,496,0,4,1.0,1.0
138,496,0,4,1.0,1.0
139,496,0,4,1.0,1.0
140,496,0,4,1.0,1.0
141,496,0,4,1.0,1.0
142,496,0,4,1.0,1.0
143,496,0,4,1.0,1.0
144,496,0,4,1.0,1.0
145,496,0,4,1.0,1.0
146,496,0,4,1.0,1.0
147,496,0,4,1.0,1.0
148,496,0,4,1.0,1.0
149,496,0,4,1.0,1.0
150,496,0,4,1.0,1.0
151,496,0,4,1.0,1.0
152,496,0,4,1.0,1.0
153,496,0,4,1.0,1.0
154,496,0,4,1.0,1.0
155,496,0,4,1.0,1.0
156,496,0,4,1.0,1.0
157,496,0,4,1.0,1.0
158,496,0,4,1.0,1.0
159,496,0,4,1.0,1.0
160,496,0,4,1.0,1.0
161,496,0,4,1.0,1.0
162,496,0,4,1.0,1.0
163,496,0,4,1.0,1.0
164,496,0,4,1.0,1.0
165,496,0,4,1.0,1.0
166,496,0,4,1.0,1.0
167,496,0,4,1.0,1.0
168,496,0,4,1.0,1.0
169,496,0,4,1.0,1.0
170,496,0,4,1.0,1.0
171,496,0,4,1.0,1.0
172,496,0,4,1.0,1.0
173,496,0,4,1.0,1.0
174,496,0,4,1.0,1.0
175,496,0,4,1.0,1.0
176,496,0,4,1.0,1.0
177,496,0,4,1.0,1.0
178,496,0,4,1.0,1.0
179,496,0,4,1.0,1.0
180,496,0,4,1.0,1.0
181,496,0,4,1.0,1.0
182,496,0,4,1.0,1.0
183,496,0,4,1.0,1.0
184,496,0,4,1.0,1.0
185,496,0,4,1.0,1.0
186,496,0,4,1.0,1.0
187,496,0,4,1.0,1.0
188,496,0,4,1.0,1.0
189,496,0,4,1.0,1.0
190,496,0,4,1.0,1.0
191,496,0,4,1.0,1.0
192,496,0,4,1.0,1.0
193,496,0,4,1.0,1.0
194,496,0,4,1.0,1.0
195,496,0,4,1.0,1.0
196,496,0,4,1.0,1.0
197,496,0,4,1.0,1.0
198,496,0,4,1.0,1.0
199,496,0,4,1.0,1.0
200,496,0,4,1.0,1.0
1,499,1,0,1.0,1.0
2,499,1,0,1.0,1.0
3,499,1,0,1.0,1.0
4,499,1,0,1.0,1.0
5,499,1,0,1.0,1.0
6,499,1,0,1.0,1.0
7,499,1,0,1.0,1.0
8,499,1,0,1.0,1.0
9,499,1,0,1.0,1.0
10,499,1,0,1.0,1.0
11,499,1,0,1.0,1.0
12,499,1,0,1.0,1.0
13,499,1,0,1.0,1.0
14,499,1,0,1.0,1.0
15,498,2,0,0.999,0.9994979919678715
16,498,2,0,0.999,0.9994979919678715
17,498,2,0,0.999,0.9994979919678715
18,498,2,0,0.999,0.9994979919678715
19,498,2,0,0.999,0.9994979919678715
20,497,3,0,0.998,0.9989939637826962
21,496,4,0,0.998,0.998991935483871
22,495,5,0,0.996,0.997979797979798
23,495,5,0,0.996,0.997979797979798
24,495,5,0,0.996,0.997979797979798
25,495,5,0,0.996,0.997979797979798
26,494,6,0,0.996,0.9979757085020243
27,493,7,0,0.995,0.9974645030425964
28,493,7,0,0.995,0.9974645030425964
29,492,8,0,0.995,0.9974593495934959
30,490,9,1,0.994,0.996938775510204
31,490,9,1,0.994,0.996938775510204
32,488,11,1,0.992,0.99573087431694
33,487,12,1,0.99,0.9945242984257358
34,487,12,1,0.99,0.9945242984257358
35,486,13,1,0.989,0.9939986282578874
36,484,15,1,0.99,0.9944903581267217
37,482,17,1,0.992,0.995850622406639
38,482,15,3,0.992,0.995850622406639
39,481,16,3,0.991,0.9953222453222453
40,481,16,3,0.991,0.9953222453222453
41,481,16,3,0.991,0.9953222453222453
42,480,16,4,0.99,0.9948958333333333
43,479,17,4,0.991,0.9954070981210856
44,479,16,5,0.992,0.9959290187891441
45,479,14,7,0.992,0.9959290187891441
46,478,14,8,0.991,0.9955020920502092
47,478,14,8,0.991,0.9955020920502092
48,478,14,8,0.991,0.9955020920502092
49,478,14,8,0.991,0.9955020920502092
50,476,15,9,0.991,0.9954831932773109
51,476,15,9,0.991,0.9954831932773109
52,473,17,10,0.991,0.9954545454545455
53,472,17,11,0.993,0.9965042372881356
54,471,18,11,0.992,0.9957891012031139
55,470,17,13,0.993,0.9964893617021278
56,468,18,14,0.996,0.9978632478632479
57,468,18,14,0.996,0.9978632478632479
58,468,17,15,0.996,0.9978632478632479
59,468,17,15,0.996,0.9978632478632479
60,468,16,16,0.996,0.9978632478632479
61,466,17,17,0.995,0.9973175965665236
62,466,16,18,0.995,0.9973175965665236
63,465,17,18,0.995,0.9973118279569892
64,462,20,18,0.993,0.9962121212121212
65,462,20,18,0.993,0.9962121212121212
66,462,19,19,0.993,0.9962121212121212
67,462,18,20,0.993,0.9962121212121212
68,461,18,21,0.992,0.9956616052060737
69,461,17,22,0.992,0.9956616052060737
70,460,17,23,0.993,0.996195652173913
71,458,18,24,0.992,0.9957423580786027
72,457,19,24,0.991,0.9951859956236324
73,457,18,25,0.991,0.9951859956236324
74,457,17,26,0.991,0.9951859956236324
75,457,17,26,0.991,0.9951859956236324
76,454,17,29,0.994,0.9968061674008811
77,452,17,31,0.994,0.9966814159292036
78,451,17,32,0.997,0.9983370288248337
79,451,16,33,0.997,0.9983370288248337
80,450,17,33,0.997,0.9983333333333333
81,449,15,36,0.998,0.9988864142538976
82,449,15,36,0.998,0.9988864142538976
83,449,15,36,0.998,0.9988864142538976
84,447,16,37,1.0,1.0
85,447,16,37,1.0,1.0
86,445,17,38,0.999,0.9992509363295881
87,445,16,39,0.999,0.9992509363295881
88,445,16,39,0.999,0.9992509363295881
89,444,17,39,1.0,1.0
90,444,16,40,1.0,1.0
91,444,14,42,1.0,1.0
92,444,14,42,1.0,1.0
93,444,14,42,1.0,1.0
94,444,14,42,1.0,1.0
95,444,13,43,1.0,1.0
96,444,12,44,1.0,1.0
97,444,10,46,1.0,1.0
98,444,9,47,1.0,1.0
99,444,9,47,1.0,1.0
100,444,7,49,1.0,1.0
101,444,7,49,1.0,1.0
102,444,7,49,1.0,1.0
103,444,7,49,1.0,1.0
104,444,7,49,1.0,1.0
105,444,7,49,1.0,1.0
106,444,6,50,1.0,1.0
107,444,6,50,1.0,1.0
108,444,6,50,1.0,1.0
109,444,4,52,1.0,1.0
110,444,4,52,1.0,1.0
111,444,4,52,1.0,1.0
112,444,4,52,1.0,1.0
113,444,4,52,1.0,1.0
114,444,3,53,1.0,1.0
115,444,3,53,1.0,1.0
116,444,3,53,1.0,1.0
117,444,3,53,1.0,1.0
118,444,3,53,1.0,1.0
119,444,3,53,1.0,1.0
120,444,3,53,1.0,1.0
121,444,3,53,1.0,1.0
122,444,3,53,1.0,1.0
123,444,3,53,1.0,1.0
124,444,3,53,1.0,1.0
125,444,3,53,1.0,1.0
126,444,3,53,1.0,1.0
127,444,3,53,1.0,1.0
128,444,3,53,1.0,1.0
129,444,3,53,1.0,1.0
130,444,3,53,1.0,1.0
131,444,3,53,1.0,1.0
132,444,3,53,1.0,1.0
133,444,3,53,1.0,1.0
134,444,3,53,1.0,1.0
135,444,3,53,1.0,1.0
136,444,3,53,1.0,1.0
137,444,3,53,1.0,1.0
138,444,3,53,1.0,1.0
139,444,2,54,1.0,1.0
140,444,2,54,1.0,1.0
141,444,2,54,1.0,1.0
142,444,2,54,1.0,1.0
143,444,2,54,1.0,1.0
144,444,2,54,1.0,1.0
145,444,2,54,1.0,1.0
146,444,2,54,1.0,1.0
147,444,2,54,1.0,1.0
148,444,2,54,1.0,1.0
149,444,2,54,1.0,1.0
150,444,2,54,1.0,1.0
151,444,2,54,1.0,1.0
152,444,2,54,1.0,1.0
153,444,2,54,1.0,1.0
154,444,2,54,1.0,1.0
155,444,2,54,1.0,1.0
156,444,2,54,1.0,1.0
157,444,2,54,1.0,1.0
158,444,2,54,1.0,1.0
159,444,2,54,1.0,1.0
160,444,2,54,1.0,1.0
161,444,2,54,1.0,1.0
162,444,2,54,1.0,1.0
163,444,2,54,1.0,1.0
164,444,2,54,1.0,1.0
165,444,2,54,1.0,1.0
166,444,2,54,1.0,1.0
167,444,2,54,1.0,1.0
168,444,2,54,1.0,1.0
169,444,2,54,1.0,1.0
170,444,2,54,1.0,1.0
171,444,1,55,1.0,1.0
172,444,1,55,1.0,1.0
173,444,1,55,1.0,1.0
174,444,1,55,1.0,1.0
175,444,1,55,1.0,1.0
176,444,1,55,1.0,1.0
177,444,1,55,1.0,1.0
178,444,1,55,1.0,1.0
179,444,1,55,1.0,1.0
180,444,1,55,1.0,1.0
181,444,1,55,1.0,1.0
182,444,1,55,1.0,1.0
183,444,1,55,1.0,1.0
184,444,1,55,1.0,1.0
185,444,1,55,1.0,1.0
186,444,1,55,1.0,1.0
187,444,1,55,1.0,1.0
188,444,1,55,1.0,1.0
189,444,1,55,1.0,1.0
190,444,1,55,1.0,1.0
191,444,1,55,1.0,1.0
192,444,1,55,1.0,1.0
193,444,0,56,1.0,1.0
194,444,0,56,1.0,1.0
195,444,0,56,1.0,1.0
196,444,0,56,1.0,1.0
197,444,0,56,1.0,1.0
198,444,0,56,1.0,1.0
199,444,0,56,1.0,1.0
200,444,0,56,1.0,1.0
1,499,1,0,1.0,1.0
2,499,1,0,1.0,1.0
3,499,1,0,1.0,1.0
4,499,1,0,1.0,1.0
5,498,2,0,0.999,0.9994979919678715
6,498,2,0,0.999,0.9994979919678715
7,498,2,0,0.999,0.9994979919678715
8,498,2,0,0.999,0.9994979919678715
9,497,2,1,0.999,0.9994969818913481
10,496,2,2,0.999,0.9994959677419355
11,496,2,2,0.999,0.9994959677419355
12,496,2,2,0.999,0.9994959677419355
13,496,2,2,0.999,0.9994959677419355
14,496,2,2,0.999,0.9994959677419355
15,496,2,2,0.999,0.9994959677419355
16,495,3,2,0.998,0.998989898989899
17,494,4,2,0.997,0.9984817813765182
18,494,4,2,0.997,0.9984817813765182
19,494,4,2,0.997,0.9984817813765182
20,494,4,2,0.997,0.9984817813765182
21,494,4,2,0.997,0.9984817813765182
22,494,4,2,0.997,0.9984817813765182
23,494,4,2,0.997,0.9984817813765182
24,494,4,2,0.997,0.9984817813765182
25,492,6,2,0.999,0.9994918699186992
26,491,7,2,0.999,0.9994908350305499
27,491,7,2,0.999,0.9994908350305499
28,491,6,3,1.0,1.0
29,491,6,3,1.0,1.0
30,491,6,3,1.0,1.0
31,491,4,5,1.0,1.0
32,491,4,5,1.0,1.0
33,491,4,5,1.0,1.0
34,491,4,5,1.0,1.0
35,491,4,5,1.0,1.0
36,491,4,5,1.0,1.0
37,491,4,5,1.0,1.0
38,491,4,5,1.0,1.0
39,491,4,5,1.0,1.0
40,491,4,5,1.0,1.0
41,491,3,6,1.0,1.0
42,491,3,6,1.0,1.0
43,491,3,6,1.0,1.0
44,489,5,6,0.999,0.9994887525562373
45,489,5,6,0.999,0.9994887525562373
46,489,5,6,0.999,0.9994887525562373
47,489,5,6,0.999,0.9994887525562373
48,489,5,6,0.999,0.9994887525562373
49,489,5,6,0.999,0.9994887525562373
50,489,5,6,0.999,0.9994887525562373
51,489,5,6,0.999,0.9994887525562373
52,489,4,7,0.999,0.9994887525562373
53,489,4,7,0.999,0.9994887525562373
54,488,5,7,0.999,0.9994877049180327
55,488,5,7,0.999,0.9994877049180327
56,488,4,8,1.0,1.0
57,488,4,8,1.0,1.0
58,488,4,8,1.0,1.0
59,488,4,8,1.0,1.0
60,488,3,9,1.0,1.0
61,488,3,9,1.0,1.0
62,488,3,9,1.0,1.0
63,488,3,9,1.0,1.0
64,488,3,9,1.0,1.0
65,488,2,10,1.0,1.0
66,488,2,10,1.0,1.0
67,488,2,10,1.0,1.0
68,487,3,10,0.999,0.9994866529774127
69,487,2,11,0.999,0.9994866529774127
70,485,4,11,0.998,0.9989690721649485
71,484,5,11,0.996,0.9979338842975206
72,484,5,11,0.996,0.9979338842975206
73,484,5,11,0.996,0.9979338842975206
74,483,5,12,0.996,0.9979296066252588
75,483,5,12,0.996,0.9979296066252588
76,483,5,12,0.996,0.9979296066252588
77,483,4,13,0.998,0.9989648033126294
78,483,4,13,0.998,0.9989648033126294
79,483,4,13,0.998,0.9989648033126294
80,483,4,13,0.998,0.9989648033126294
81,483,4,13,0.998,0.9989648033126294
82,483,4,13,0.998,0.9989648033126294
83,482,4,14,0.999,0.9994813278008299
84,482,4,14,0.999,0.9994813278008299
85,482,4,14,0.999,0.9994813278008299
86,481,5,14,0.999,0.9994802494802495
87,481,5,14,0.999,0.9994802494802495
88,479,7,14,0.998,0.9987821851078635
89,479,7,14,0.998,0.9987821851078635
90,479,7,14,0.998,0.9987821851078635
91,479,7,14,0.998,0.9987821851078635
92,479,7,14,0.998,0.9987821851078635
93,479,7,14,0.998,0.9987821851078635
94,478,8,14,0.996,0.9977336122733611
95,476,10,14,0.994,0.9964985994397759
96,474,12,14,0.994,0.9963080168776371
97,474,11,15,0.995,0.9970112517580872
98,474,11,15,0.995,0.9970112517580872
99,473,10,17,0.998,0.9989429175475687
100,472,11,17,0.998,0.9989406779661016
101,472,11,17,0.998,0.9989406779661016
102,472,11,17,0.998,0.9989406779661016
103,472,8,20,0.999,0.9994703389830508
104,472,8,20,0.999,0.9994703389830508
105,472,7,21,0.999,0.9994703389830508
106,472,7,21,0.999,0.9994703389830508
107,471,8,21,0.998,0.9989384288747346
108,470,7,23,0.999,0.999468085106383
109,469,8,23,0.999,0.9994669509594882
110,469,8,23,0.999,0.9994669509594882
111,468,9,23,0.998,0.9989316239316239
112,467,10,23,0.998,0.9989293361884368
113,467,10,23,0.998,0.9989293361884368
114,467,10,23,0.998,0.9989293361884368
115,467,10,23,0.998,0.9989293361884368
116,467,10,23,0.998,0.9989293361884368
117,467,9,24,0.999,0.9994646680942184
118,467,8,25,0.999,0.9994646680942184
119,467,8,25,0.999,0.9994646680942184
120,466,8,26,0.999,0.9994635193133047
121,466,8,26,0.999,0.9994635193133047
122,466,8,26,0.999,0.9994635193133047
123,466,8,26,0.999,0.9994635193133047
124,466,8,26,0.999,0.9994635193133047
125,466,8,26,0.999,0.9994635193133047
126,465,9,26,0.998,0.9987455197132615
127,465,8,27,0.999,0.9994623655913979
128,465,7,28,0.999,0.9994623655913979
129,465,7,28,0.999,0.9994623655913979
130,465,7,28,0.999,0.9994623655913979
131,464,8,28,0.999,0.9994612068965517
132,464,8,28,0.999,0.9994612068965517
133,464,7,29,1.0,1.0
134,464,7,29,1.0,1.0
135,464,7,29,1.0,1.0
136,464,7,29,1.0,1.0
137,464,7,29,1.0,1.0
138,464,7,29,1.0,1.0
139,464,7,29,1.0,1.0
140,463,8,29,0.999,0.9994600431965442
141,463,8,29,0.999,0.9994600431965442
142,463,8,29,0.999,0.9994600431965442
143,463,8,29,0.999,0.9994600431965442
144,462,9,29,0.998,0.9987373737373737
145,462,8,30,0.998,0.9987373737373737
146,461,9,30,0.998,0.9987346348517714
147,461,9,30,0.998,0.9987346348517714
148,461,8,31,0.998,0.9987346348517714
149,461,8,31,0.998,0.9987346348517714
150,461,8,31,0.998,0.9987346348517714
151,461,8,31,0.998,0.9987346348517714
152,461,6,33,0.999,0.9994577006507592
153,461,6,33,0.999,0.9994577006507592
154,461,6,33,0.999,0.9994577006507592
155,460,7,33,0.998,0.9989130434782608
156,460,7,33,0.998,0.9989130434782608
157,460,7,33,0.998,0.9989130434782608
158,460,7,33,0.998,0.9989130434782608
159,460,7,33,0.998,0.9989130434782608
160,460,7,33,0.998,0.9989130434782608
161,460,7,33,0.998,0.9989130434782608
162,460,7,33,0.998,0.9989130434782608
163,460,6,34,0.998,0.9989130434782608
164,460,6,34,0.998,0.9989130434782608
165,460,5,35,0.998,0.9989130434782608
166,458,6,36,0.999,0.9994541484716157
167,458,6,36,0.999,0.9994541484716157
168,458,4,38,0.999,0.9994541484716157
169,458,4,38,0.999,0.9994541484716157
170,458,4,38,0.999,0.9994541484716157
171,458,4,38,0.999,0.9994541484716157
172,458,4,38,0.999,0.9994541484716157
173,457,5,38,0.999,0.99945295404814
174,457,5,38,0.999,0.99945295404814
175,457,3,40,1.0,1.0
176,457,2,41,1.0,1.0
177,457,2,41,1.0,1.0
178,457,2,41,1.0,1.0
179,457,2,41,1.0,1.0
180,457,2,41,1.0,1.0
181,457,2,41,1.0,1.0
182,457,2,41,1.0,1.0
183,457,2,41,1.0,1.0
184,457,2,41,1.0,1.0
185,457,2,41,1.0,1.0
186,457,2,41,1.0,1.0
187,457,2,41,1.0,1.0
188,457,2,41,1.0,1.0
189,457,2,41,1.0,1.0
190,456,2,42,1.0,1.0
191,456,2,42,1.0,1.0
192,456,2,42,1.0,1.0
193,456,2,42,1.0,1.0
194,456,2,42,1.0,1.0
195,455,3,42,0.999,0.9994505494505495
196,455,3,42,0.999,0.9994505494505495
197,455,3,42,0.999,0.9994505494505495
198,454,4,42,0.997,0.9983480176211453
199,454,4,42,0.997,0.9983480176211453
200,454,4,42,0.997,0.9983480176211453
1,499,1,0,1.0,1.0
2,498,1,1,1.0,1.0
3,498,1,1,1.0,1.0
4,498,1,1,1.0,1.0
5,498,1,1,1.0,1.0
6,498,1,1,1.0,1.0
7,498,1,1,1.0,1.0
8,498,0,2,1.0,1.0
9,498,0,2,1.0,1.0
10,498,0,2,1.0,1.0
11,498,0,2,1.0,1.0
12,498,0,2,1.0,1.0
13,498,0,2,1.0,1.0
14,498,0,2,1.0,1.0
15,498,0,2,1.0,1.0
16,498,0,2,1.0,1.0
17,498,0,2,1.0,1.0
18,498,0,2,1.0,1.0
19,498,0,2,1.0,1.0
20,498,0,2,1.0,1.0
21,498,0,2,1.0,1.0
22,498,0,2,1.0,1.0
23,498,0,2,1.0,1.0
24,498,0,2,1.0,1.0
25,498,0,2,1.0,1.0
26,498,0,2,1.0,1.0
27,498,0,2,1.0,1.0
28,498,0,2,1.0,1.0
29,498,0,2,1.0,1.0
30,498,0,2,1.0,1.0
31,498,0,2,1.0,1.0
32,498,0,2,1.0,1.0
33,498,0,2,1.0,1.0
34,498,0,2,1.0,1.0
35,498,0,2,1.0,1.0
36,498,0,2,1.0,1.0
37,498,0,2,1.0,1.0
38,498,0,2,1.0,1.0
39,498,0,2,1.0,1.0
40,498,0,2,1.0,1.0
41,498,0,2,1.0,1.0
42,498,0,2,1.0,1.0
43,498,0,2,1.0,1.0
44,498,0,2,1.0,1.0
45,498,0,2,1.0,1.0
46,498,0,2,1.0,1.0
47,498,0,2,1.0,1.0
48,498,0,2,1.0,1.0
49,498,0,2,1.0,1.0
50,498,0,2,1.0,1.0
51,498,0,2,1.0,1.0
52,498,0,2,1.0,1.0
53,498,0,2,1.0,1.0
54,498,0,2,1.0,1.0
55,498,0,2,1.0,1.0
56,498,0,2,1.0,1.0
57,498,0,2,1.0,1.0
58,498,0,2,1.0,1.0
59,498,0,2,1.0,1.0
60,498,0,2,1.0,1.0
61,498,0,2,1.0,1.0
62,498,0,2,1.0,1.0
63,498,0,2,1.0,1.0
64,498,0,2,1.0,1.0
65,498,0,2,1.0,1.0
66,498,0,2,1.0,1.0
67,498,0,2,1.0,1.0
68,498,0,2,1.0,1.0
69,498,0,2,1.0,1.0
70,498,0,2,1.0,1.0
71,498,0,2,1.0,1.0
72,498,0,2,1.0,1.0
73,498,0,2,1.0,1.0
74,498,0,2,1.0,1.0
75,498,0,2,1.0,1.0
76,498,0,2,1.0,1.0
77,498,0,2,1.0,1.0
78,498,0,2,1.0,1.0
79,498,0,2,1.0,1.0
80,498,0,2,1.0,1.0
81,498,0,2,1.0,1.0
82,498,0,2,1.0,1.0
83,498,0,2,1.0,1.0
84,498,0,2,1.0,1.0
85,498,0,2,1.0,1.0
86,498,0,2,1.0,1.0
87,498,0,2,1.0,1.0
88,498,0,2,1.0,1.0
89,498,0,2,1.0,1.0
90,498,0,2,1.0,1.0
91,498,0,2,1.0,1.0
92,498,0,2,1.0,1.0
93,498,0,2,1.0,1.0
94,498,0,2,1.0,1.0
95,498,0,2,1.0,1.0
96,498,0,2,1.0,1.0
97,498,0,2,1.0,1.0
98,498,0,2,1.0,1.0
99,498,0,2,1.0,1.0
100,498,0,2,1.0,1.0
101,498,0,2,1.0,1.0
102,498,0,2,1.0,1.0
103,498,0,2,1.0,1.0
104,498,0,2,1.0,1.0
105,498,0,2,1.0,1.0
106,498,0,2,1.0,1.0
107,498,0,2,1.0,1.0
108,498,0,2,1.0,1.0
109,498,0,2,1.0,1.0
110,498,0,2,1.0,1.0
111,498,0,2,1.0,1.0
112,498,0,2,1.0,1.0
113,498,0,2,1.0,1.0
114,498,0,2,1.0,1.0
115,498,0,2,1.0,1.0
116,498,0,2,1.0,1.0
117,498,0,2,1.0,1.0
118,498,0,2,1.0,1.0
119,498,0,2,1.0,1.0
120,498,0,2,1.0,1.0
121,498,0,2,1.0,1.0
122,498,0,2,1.0,1.0
123,498,0,2,1.0,1.0
124,498,0,2,1.0,1.0
125,498,0,2,1.0,1.0
126,498,0,2,1.0,1.0
127,498,0,2,1.0,1.0
128,498,0,2,1.0,1.0
129,498,0,2,1.0,1.0
130,498,0,2,1.0,1.0
131,498,0,2,1.0,1.0
132,498,0,2,1.0,1.0
133,498,0,2,1.0,1.0
134,498,0,2,1.0,1.0
135,498,0,2,1.0,1.0
136,498,0,2,1.0,1.0
137,498,0,2,1.0,1.0
138,498,0,2,1.0,1.0
139,498,0,2,1.0,1.0
140,498,0,2,1.0,1.0
141,498,0,2,1.0,1.0
142,498,0,2,1.0,1.0
143,498,0,2,1.0,1.0
144,498,0,2,1.0,1.0
145,498,0,2,1.0,1.0
146,498,0,2,1.0,1.0
147,498,0,2,1.0,1.0
148,498,0,2,1.0,1.0
149,498,0,2,1.0,1.0
150,498,0,2,1.0,1.0
151,498,0,2,1.0,1.0
152,498,0,2,1.0,1.0
153,498,0,2,1.0,1.0
154,498,0,2,1.0,1.0
155,498,0,2,1.0,1.0
156,498,0,2,1.0,1.0
157,498,0,2,1.0,1.0
158,498,0,2,1.0,1.0
159,498,0,2,1.0,1.0
160,498,0,2,1.0,1.0
161,498,0,2,1.0,1.0
162,498,0,2,1.0,1.0
163,498,0,2,1.0,1.0
164,498,0,2,1.0,1.0
165,498,0,2,1.0,1.0
166,498,0,2,1.0,1.0
167,498,0,2,1.0,1.0
168,498,0,2,1.0,1.0
169,498,0,2,1.0,1.0
170,498,0,2,1.0,1.0
171,498,0,2,1.0,1.0
172,498,0,2,1.0,1.0
173,498,0,2,1.0,1.0
174,498,0,2,1.0,1.0
175,498,0,2,1.0,1.0
176,498,0,2,1.0,1.0
177,498,0,2,1.0,1.0
178,498,0,2,1.0,1.0
179,498,0,2,1.0,1.0
180,498,0,2,1.0,1.0
181,498,0,2,1.0,1.0
182,498,0,2,1.0,1.0
183,498,0,2,1.0,1.0
184,498,0,2,1.0,1.0
185,498,0,2,1.0,1.0
186,498,0,2,1.0,1.0
187,498,0,2,1.0,1.0
188,498,0,2,1.0,1.0
189,498,0,2,1.0,1.0
190,498,0,2,1.0,1.0
191,498,0,2,1.0,1.0
192,498,0,2,1.0,1.0
193,498,0,2,1.0,1.0
194,498,0,2,1.0,1.0
195,498,0,2,1.0,1.0
196,498,0,2,1.0,1.0
197,498,0,2,1.0,1.0
198,498,0,2,1.0,1.0
199,498,0,2,1.0,1.0
200,498,0,2,1.0,1.0
1,498,2,0,0.999,0.9994979919678715
2,498,1,1,1.0,1.0
3,498,1,1,1.0,1.0
4,498,1,1,1.0,1.0
5,498,1,1,1.0,1.0
6,498,1,1,1.0,1.0
7,498,1,1,1.0,1.0
8,498,1,1,1.0,1.0
9,498,1,1,1.0,1.0
10,498,1,1,1.0,1.0
11,497,2,1,0.999,0.9994969818913481
12,497,2,1,0.999,0.9994969818913481
13,497,1,2,1.0,1.0
14,497,1,2,1.0,1.0
15,497,1,2,1.0,1.0
16,497,1,2,1.0,1.0
17,497,1,2,1.0,1.0
18,497,1,2,1.0,1.0
19,497,1,2,1.0,1.0
20,496,2,2,0.999,0.9994959677419355
21,496,2,2,0.999,0.9994959677419355
22,496,2,2,0.999,0.9994959677419355
23,495,3,2,0.999,0.9994949494949495
24,495,3,2,0.999,0.9994949494949495
25,495,3,2,0.999,0.9994949494949495
26,495,3,2,0.999,0.9994949494949495
27,494,4,2,0.999,0.9994939271255061
28,494,4,2,0.999,0.9994939271255061
29,494,4,2,0.999,0.9994939271255061
30,494,4,2,0.999,0.9994939271255061
31,494,4,2,0.999,0.9994939271255061
32,494,4,2,0.999,0.9994939271255061
33,493,5,2,0.999,0.9994929006085193
34,492,6,2,0.999,0.9994918699186992
35,492,5,3,0.999,0.9994918699186992
36,491,6,3,0.999,0.9994908350305499
37,491,6,3,0.999,0.9994908350305499
38,491,6,3,0.999,0.9994908350305499
39,491,6,3,0.999,0.9994908350305499
40,491,6,3,0.999,0.9994908350305499
41,491,5,4,0.999,0.9994908350305499
42,491,5,4,0.999,0.9994908350305499
43,491,5,4,0.999,0.9994908350305499
44,490,5,5,0.998,0.9989795918367347
45,490,5,5,0.998,0.9989795918367347
46,490,5,5,0.998,0.9989795918367347
47,490,5,5,0.998,0.9989795918367347
48,490,5,5,0.998,0.9989795918367347
49,490,4,6,0.999,0.9994897959183674
50,490,4,6,0.999,0.9994897959183674
51,490,4,6,0.999,0.9994897959183674
52,490,4,6,0.999,0.9994897959183674
53,490,4,6,0.999,0.9994897959183674
54,490,4,6,0.999,0.9994897959183674
55,490,4,6,0.999,0.9994897959183674
56,490,4,6,0.999,0.9994897959183674
57,490,4,6,0.999,0.9994897959183674
58,490,4,6,0.999,0.9994897959183674
59,489,5,6,0.998,0.9989775051124744
60,489,4,7,0.999,0.9994887525562373
61,489,4,7,0.999,0.9994887525562373
62,489,4,7,0.999,0.9994887525562373
63,489,4,7,0.999,0.9994887525562373
64,489,4,7,0.999,0.9994887525562373
65,488,5,7,0.998,0.9989754098360656
66,488,5,7,0.998,0.9989754098360656
67,488,4,8,0.999,0.9994877049180327
68,488,3,9,0.999,0.9994877049180327
69,488,3,9,0.999,0.9994877049180327
70,488,3,9,0.999,0.9994877049180327
71,488,3,9,0.999,0.9994877049180327
72,488,3,9,0.999,0.9994877049180327
73,488,3,9,0.999,0.9994877049180327
74,488,3,9,0.999,0.9994877049180327
75,488,3,9,0.999,0.9994877049180327
76,488,3,9,0.999,0.9994877049180327
77,488,3,9,0.999,0.9994877049180327
78,488,2,10,1.0,1.0
79,488,2,10,1.0,1.0
80,488,2,10,1.0,1.0
81,488,2,10,1.0,1.0
82,488,2,10,1.0,1.0
83,488,2,10,1.0,1.0
84,488,2,10,1.0,1.0
85,488,2,10,1.0,1.0
86,488,2,10,1.0,1.0
87,488,2,10,1.0,1.0
88,488,2,10,1.0,1.0
89,488,2,10,1.0,1.0
90,488,2,10,1.0,1.0
91,488,2,10,1.0,1.0
92,488,2,10,1.0,1.0
93,488,2,10,1.0,1.0
94,488,2,10,1.0,1.0
95,488,2,10,1.0,1.0
96,488,2,10,1.0,1.0
97,487,3,10,1.0,1.0
98,487,3,10,1.0,1.0
99,487,3,10,1.0,1.0
100,487,3,10,1.0,1.0
101,487,2,11,1.0,1.0
102,487,2,11,1.0,1.0
103,487,1,12,1.0,1.0
104,487,1,12,1.0,1.0
105,487,1,12,1.0,1.0
106,487,1,12,1.0,1.0
107,487,1,12,1.0,1.0
108,487,1,12,1.0,1.0
109,487,1,12,1.0,1.0
110,487,1,12,1.0,1.0
111,487,1,12,1.0,1.0
112,487,1,12,1.0,1.0
113,487,1,12,1.0,1.0
114,487,1,12,1.0,1.0
115,487,1,12,1.0,1.0
116,487,0,13,1.0,1.0
117,487,0,13,1.0,1.0
118,487,0,13,1.0,1.0
119,487,0,13,1.0,1.0
120,487,0,13,1.0,1.0
121,487,0,13,1.0,1.0
122,487,0,13,1.0,1.0
123,487,0,13,1.0,1.0
124,487,0,13,1.0,1.0
125,487,0,13,1.0,1.0
126,487,0,13,1.0,1.0
127,487,0,13,1.0,1.0
128,487,0,13,1.0,1.0
129,487,0,13,1.0,1.0
130,487,0,13,1.0,1.0
131,487,0,13,1.0,1.0
132,487,0,13,1.0,1.0
133,487,0,13,1.0,1.0
134,487,0,13,1.0,1.0
135,487,0,13,1.0,1.0
136,487,0,13,1.0,1.0
137,487,0,13,1.0,1.0
138,487,0,13,1.0,1.0
139,487,0,13,1.0,1.0
140,487,0,13,1.0,1.0
141,487,0,13,1.0,1.0
142,487,0,13,1.0,1.0
143,487,0,13,1.0,1.0
144,487,0,13,1.0,1.0
145,487,0,13,1.0,1.0
146,487,0,13,1.0,1.0
147,487,0,13,1.0,1.0
148,487,0,13,1.0,1.0
149,487,0,13,1.0,1.0
150,487,0,13,1.0,1.0
151,487,0,13,1.0,1.0
152,487,0,13,1.0,1.0
153,487,0,13,1.0,1.0
154,487,0,13,1.0,1.0
155,487,0,13,1.0,1.0
156,487,0,13,1.0,1.0
157,487,0,13,1.0,1.0
158,487,0,13,1.0,1.0
159,487,0,13,1.0,1.0
160,487,0,13,1.0,1.0
161,487,0,13,1.0,1.0
162,487,0,13,1.0,1.0
163,487,0,13,1.0,1.0
164,487,0,13,1.0,1.0
165,487,0,13,1.0,1.0
166,487,0,13,1.0,1.0
167,487,0,13,1.0,1.0
168,487,0,13,1.0,1.0
169,487,0,13,1.0,1.0
170,487,0,13,1.0,1.0
171,487,0,13,1.0,1.0
172,487,0,13,1.0,1.0
173,487,0,13,1.0,1.0
174,487,0,13,1.0,1.0
175,487,0,13,1.0,1.0
176,487,0,13,1.0,1.0
177,487,0,13,1.0,1.0
178,487,0,13,1.0,1.0
179,487,0,13,1.0,1.0
180,487,0,13,1.0,1.0
181,487,0,13,1.0,1.0
182,487,0,13,1.0,1.0
183,487,0,13,1.0,1.0
184,487,0,13,1.0,1.0
185,487,0,13,1.0,1.0
186,487,0,13,1.0,1.0
187,487,0,13,1.0,1.0
188,487,0,13,1.0,1.0
189,487,0,13,1.0,1.0
190,487,0,13,1.0,1.0
191,487,0,13,1.0,1.0
192,487,0,13,1.0,1.0
193,487,0,13,1.0,1.0
194,487,0,13,1.0,1.0
195,487,0,13,1.0,1.0
196,487,0,13,1.0,1.0
197,487,0,13,1.0,1.0
198,487,0,13,1.0,1.0
199,487,0,13,1.0,1.0
200,487,0,13,1.0,1.0
1,499,1,0,1.0,1.0
2,499,1,0,1.0,1.0
3,499,1,0,1.0,1.0
4,499,1,0,1.0,1.0
5,499,1,0,1.0,1.0
6,499,1,0,1.0,1.0
7,499,1,0,1.0,1.0
8,499,1,0,1.0,1.0
9,499,1,0,1.0,1.0
10,499,1,0,1.0,1.0
11,499,1,0,1.0,1.0
12,499,1,0,1.0,1.0
13,499,1,0,1.0,1.0
14,498,2,0,1.0,1.0
15,498,2,0,1.0,1.0
16,498,2,0,1.0,1.0
17,498,2,0,1.0,1.0
18,498,1,1,1.0,1.0
19,498,1,1,1.0,1.0
20,498,1,1,1.0,1.0
21,498,1,1,1.0,1.0
22,498,1,1,1.0,1.0
23,498,1,1,1.0,1.0
24,497,2,1,0.998,0.9988262910798121
25,497,2,1,0.998,0.9988262910798121
26,497,2,1,0.998,0.9988262910798121
27,497,2,1,0.998,0.9988262910798121
28,497,2,1,0.998,0.9988262910798121
29,497,2,1,0.998,0.9988262910798121
30,497,2,1,0.998,0.9988262910798121
31,497,1,2,1.0,1.0
32,496,2,2,1.0,1.0
33,496,2,2,1.0,1.0
34,496,2,2,1.0,1.0
35,496,2,2,1.0,1.0
36,495,2,3,1.0,1.0
37,495,2,3,1.0,1.0
38,495,2,3,1.0,1.0
39,495,2,3,1.0,1.0
40,495,2,3,1.0,1.0
41,495,2,3,1.0,1.0
42,494,3,3,1.0,1.0
43,494,3,3,1.0,1.0
44,494,3,3,1.0,1.0
45,494,3,3,1.0,1.0
46,494,3,3,1.0,1.0
47,494,3,3,1.0,1.0
48,494,3,3,1.0,1.0
49,494,3,3,1.0,1.0
50,494,3,3,1.0,1.0
51,494,3,3,1.0,1.0
52,494,2,4,1.0,1.0
53,494,2,4,1.0,1.0
54,494,1,5,1.0,1.0
55,494,1,5,1.0,1.0
56,494,1,5,1.0,1.0
57,494,1,5,1.0,1.0
58,494,1,5,1.0,1.0
59,494,1,5,1.0,1.0
60,494,1,5,1.0,1.0
61,494,1,5,1.0,1.0
62,494,1,5,1.0,1.0
63,494,1,5,1.0,1.0
64,494,1,5,1.0,1.0
65,494,1,5,1.0,1.0
66,493,2,5,1.0,1.0
67,493,2,5,1.0,1.0
68,493,2,5,1.0,1.0
69,493,2,5,1.0,1.0
70,493,2,5,1.0,1.0
71,493,2,5,1.0,1.0
72,493,2,5,1.0,1.0
73,492,3,5,0.999,0.9994918699186992
74,492,3,5,0.999,0.9994918699186992
75,491,4,5,0.998,0.9989816700610998
76,490,5,5,0.997,0.9986394557823128
77,490,5,5,0.997,0.9986394557823128
78,490,5,5,0.997,0.9986394557823128
79,489,6,5,0.997,0.9986366734832992
80,489,6,5,0.997,0.9986366734832992
81,487,8,5,0.994,0.9972621492128679
82,487,8,5,0.994,0.9972621492128679
83,486,8,6,0.994,0.9972565157750344
84,485,9,6,0.993,0.9967353951890034
85,485,8,7,0.993,0.9967353951890034
86,484,9,7,0.991,0.9956955922865014
87,484,9,7,0.991,0.9956955922865014
88,484,9,7,0.991,0.9956955922865014
89,483,8,9,0.994,0.9970669427191166
90,483,8,9,0.994,0.9970669427191166
91,482,9,9,0.993,0.9965421853388658
92,480,11,9,0.993,0.9965277777777778
93,479,12,9,0.994,0.9968684759916493
94,477,11,12,0.995,0.9973794549266247
95,477,11,12,0.995,0.9973794549266247
96,476,12,12,0.995,0.9973739495798319
97,476,11,13,0.996,0.9978991596638656
98,475,12,13,0.995,0.9973684210526316
99,475,10,15,0.997,0.998421052631579
100,475,10,15,0.997,0.998421052631579
101,475,10,15,0.997,0.998421052631579
102,475,9,16,0.998,0.9989473684210526
103,474,10,16,0.998,0.9990506329113924
104,474,10,16,0.998,0.9990506329113924
105,473,11,16,0.998,0.9990486257928118
106,472,12,16,0.998,0.9990466101694916
107,472,12,16,0.998,0.9990466101694916
108,471,13,16,0.996,0.9980891719745223
109,471,13,16,0.996,0.9980891719745223
110,470,13,17,0.997,0.9986170212765958
111,470,13,17,0.997,0.9986170212765958
112,468,15,17,0.997,0.9986111111111111
113,468,15,17,0.997,0.9986111111111111
114,468,13,19,0.997,0.9986111111111111
115,468,13,19,0.997,0.9986111111111111
116,467,14,19,0.996,0.9980728051391864
117,467,11,22,0.997,0.998608137044968
118,467,11,22,0.997,0.998608137044968
119,467,11,22,0.997,0.998608137044968
120,467,11,22,0.997,0.998608137044968
121,467,10,23,0.997,0.998608137044968
122,467,10,23,0.997,0.998608137044968
123,467,10,23,0.997,0.998608137044968
124,466,10,24,0.998,0.9990343347639485
125,465,11,24,0.999,0.9994623655913979
126,465,11,24,0.999,0.9994623655913979
127,465,10,25,0.999,0.9994623655913979
128,465,10,25,0.999,0.9994623655913979
129,464,11,25,0.998,0.9989224137931034
130,464,10,26,0.998,0.9989224137931034
131,464,10,26,0.998,0.9989224137931034
132,464,9,27,0.998,0.9989224137931034
133,463,9,28,1.0,1.0
134,462,10,28,0.999,0.9994588744588745
135,462,10,28,0.999,0.9994588744588745
136,462,10,28,0.999,0.9994588744588745
137,462,10,28,0.999,0.9994588744588745
138,462,9,29,0.999,0.9994588744588745
139,462,9,29,0.999,0.9994588744588745
140,462,8,30,1.0,1.0
141,462,8,30,1.0,1.0
142,462,8,30,1.0,1.0
143,460,10,30,0.999,0.9992753623188405
144,460,10,30,0.999,0.9992753623188405
145,459,11,30,0.997,0.9981844589687726
146,458,12,30,0.997,0.9981804949053856
147,458,12,30,0.997,0.9981804949053856
148,457,13,30,0.996,0.9976294675419402
149,456,13,31,0.995,0.99718567251462
150,456,11,33,0.996,0.9976242690058479
151,456,11,33,0.996,0.9976242690058479
152,455,11,34,0.998,0.9989010989010989
153,455,11,34,0.998,0.9989010989010989
154,454,11,35,0.999,0.9994493392070485
155,454,11,35,0.999,0.9994493392070485
156,454,10,36,0.999,0.9994493392070485
157,453,11,36,0.998,0.9988962472406181
158,453,10,37,0.999,0.9994481236203091
159,452,11,37,0.999,0.9994469026548672
160,452,10,38,0.999,0.9994469026548672
161,452,9,39,1.0,1.0
162,451,9,40,1.0,1.0
163,451,9,40,1.0,1.0
164,451,8,41,1.0,1.0
165,451,8,41,1.0,1.0
166,451,7,42,1.0,1.0
167,451,7,42,1.0,1.0
168,450,8,42,1.0,1.0
169,449,8,43,1.0,1.0
170,449,8,43,1.0,1.0
171,449,8,43,1.0,1.0
172,447,10,43,0.998,0.9988814317673378
173,447,9,44,0.998,0.9988814317673378
174,447,9,44,0.998,0.9988814317673378
175,447,9,44,0.998,0.9988814317673378
176,447,9,44,0.998,0.9988814317673378
177,447,9,44,0.998,0.9988814317673378
178,447,9,44,0.998,0.9988814317673378
179,447,9,44,0.998,0.9988814317673378
180,447,8,45,0.998,0.9988814317673378
181,446,9,45,0.998,0.9988789237668162
182,446,9,45,0.998,0.9988789237668162
183,446,9,45,0.998,0.9988789237668162
184,446,9,45,0.998,0.9988789237668162
185,446,9,45,0.998,0.9988789237668162
186,445,10,45,0.997,0.998314606741573
187,445,10,45,0.997,0.998314606741573
188,445,10,45,0.997,0.998314606741573
189,445,10,45,0.997,0.998314606741573
190,445,9,46,0.998,0.998876404494382
191,444,10,46,0.997,0.9983108108108109
192,444,10,46,0.997,0.9983108108108109
193,443,11,46,0.997,0.9983069977426636
194,443,9,48,0.998,0.9988713318284425
195,442,10,48,0.998,0.998868778280543
196,442,10,48,0.998,0.998868778280543
197,442,10,48,0.998,0.998868778280543
198,441,11,48,0.996,0.9977324263038548
199,441,11,48,0.996,0.9977324263038548
200,441,9,50,0.996,0.9977324263038548
1,499,1,0,1.0,1.0
2,497,3,0,0.998,0.9989939637826962
3,497,3,0,0.998,0.9989939637826962
4,497,3,0,0.998,0.9989939637826962
5,497,3,0,0.998,0.9989939637826962
6,497,3,0,0.998,0.9989939637826962
7,497,2,1,0.999,0.9994969818913481
8,496,3,1,0.999,0.9994959677419355
9,496,3,1,0.999,0.9994959677419355
10,496,3,1,0.999,0.9994959677419355
11,496,3,1,0.999,0.9994959677419355
12,496,3,1,0.999,0.9994959677419355
13,496,3,1,0.999,0.9994959677419355
14,496,3,1,0.999,0.9994959677419355
15,496,3,1,0.999,0.9994959677419355
16,496,3,1,0.999,0.9994959677419355
17,496,2,2,1.0,1.0
18,496,1,3,1.0,1.0
19,496,1,3,1.0,1.0
20,496,1,3,1.0,1.0
21,496,0,4,1.0,1.0
22,496,0,4,1.0,1.0
23,496,0,4,1.0,1.0
24,496,0,4,1.0,1.0
25,496,0,4,1.0,1.0
26,496,0,4,1.0,1.0
27,496,0,4,1.0,1.0
28,496,0,4,1.0,1.0
29,496,0,4,1.0,1.0
30,496,0,4,1.0,1.0
31,496,0,4,1.0,1.0
32,496,0,4,1.0,1.0
33,496,0,4,1.0,1.0
34,496,0,4,1.0,1.0
35,496,0,4,1.0,1.0
36,496,0,4,1.0,1.0
37,496,0,4,1.0,1.0
38,496,0,4,1.0,1.0
39,496,0,4,1.0,1.0
40,496,0,4,1.0,1.0
41,496,0,4,1.0,1.0
42,496,0,4,1.0,1.0
43,496,0,4,1.0,1.0
44,496,0,4,1.0,1.0
45,496,0,4,1.0,1.0
46,496,0,4,1.0,1.0
47,496,0,4,1.0,1.0
48,496,0,4,1.0,1.0
49,496,0,4,1.0,1.0
50,496,0,4,1.0,1.0
51,496,0,4,1.0,1.0
52,496,0,4,1.0,1.0
53,496,0,4,1.0,1.0
54,496,0,4,1.0,1.0
55,496,0,4,1.0,1.0
56,496,0,4,1.0,1.0
57,496,0,4,1.0,1.0
58,496,0,4,1.0,1.0
59,496,0,4,1.0,1.0
60,496,0,4,1.0,1.0
61,496,0,4,1.0,1.0
62,496,0,4,1.0,1.0
63,496,0,4,1.0,1.0
64,496,0,4,1.0,1.0
65,496,0,4,1.0,1.0
66,496,0,4,1.0,1.0
67,496,0,4,1.0,1.0
68,496,0,4,1.0,1.0
69,496,0,4,1.0,1.0
70,496,0,4,1.0,1.0
71,496,0,4,1.0,1.0
72,496,0,4,1.0,1.0
73,496,0,4,1.0,1.0
74,496,0,4,1.0,1.0
75,496,0,4,1.0,1.0
76,496,0,4,1.0,1.0
77,496,0,4,1.0,1.0
78,496,0,4,1.0,1.0
79,496,0,4,1.0,1.0
80,496,0,4,1.0,1.0
81,496,0,4,1.0,1.0
82,496,0,4,1.0,1.0
83,496,0,4,1.0,1.0
84,496,0,4,1.0,1.0
85,496,0,4,1.0,1.0
86,496,0,4,1.0,1.0
87,496,0,4,1.0,1.0
88,496,0,4,1.0,1.0
89,496,0,4,1.0,1.0
90,496,0,4,1.0,1.0
91,496,0,4,1.0,1.0
92,496,0,4,1.0,1.0
93,496,0,4,1.0,1.0
94,496,0,4,1.0,1.0
95,496,0,4,1.0,1.0
96,496,0,4,1.0,1.0
97,496,0,4,1.0,1.0
98,496,0,4,1.0,1.0
99,496,0,4,1.0,1.0
100,496,0,4,1.0,1.0
101,496,0,4,1.0,1.0
102,496,0,4,1.0,1.0
103,496,0,4,1.0,1.0
104,496,0,4,1.0,1.0
105,496,0,4,1.0,1.0
106,496,0,4,1.0,1.0
107,496,0,4,1.0,1.0
108,496,0,4,1.0,1.0
109,496,0,4,1.0,1.0
110,496,0,4,1.0,1.0
111,496,0,4,1.0,1.0
112,496,0,4,1.0,1.0
113,496,0,4,1.0,1.0
114,496,0,4,1.0,1.0
115,496,0,4,1.0,1.0
116,496,0,4,1.0,1.0
117,496,0,4,1.0,1.0
118,496,0,4,1.0,1.0
119,496,0,4,1.0,1.0
120,496,0,4,1.0,1.0
121,496,0,4,1.0,1.0
122,496,0,4,1.0,1.0
123,496,0,4,1.0,1.0
124,496,0,4,1.0,1.0
125,496,0,4,1.0,1.0
126,496,0,4,1.0,1.0
127,496,0,4,1.0,1.0
128,496,0,4,1.0,1.0
129,496,0,4,1.0,1.0
130,496,0,4,1.0,1.0
131,496,0,4,1.0,1.0
132,496,0,4,1.0,1.0
133,496,0,4,1.0,1.0
134,496,0,4,1.0,1.0
135,496,0,4,1.0,1.0
136,496,0,4,1.0,1.0
137,496,0,4,1.0,1.0
138,496,0,4,1.0,1.0
139,496,0,4,1.0,1.0
140,496,0,4,1.0,1.0
141,496,0,4,1.0,1.0
142,496,0,4,1.0,1.0
143,496,0,4,1.0,1.0
144,496,0,4,1.0,1.0
145,496,0,4,1.0,1.0
146,496,0,4,1.0,1.0
147,496,0,4,1.0,1.0
148,496,0,4,1.0,1.0
149,496,0,4,1.0,1.0
150,496,0,4,1.0,1.0
151,496,0,4,1.0,1.0
152,496,0,4,1.0,1.0
153,496,0,4,1.0,1.0
154,496,0,4,1.0,1.0
155,496,0,4,1.0,1.0
156,496,0,4,1.0,1.0
157,496,0,4,1.0,1.0
158,496,0,4,1.0,1.0
159,496,0,4,1.0,1.0
160,496,0,4,1.0,1.0
161,496,0,4,1.0,1.0
162,496,0,4,1.0,1.0
163,496,0,4,1.0,1.0
164,496,0,4,1.0,1.0
165,496,0,4,1.0,1.0
166,496,0,4,1.0,1.0
167,496,0,4,1.0,1.0
168,496,0,4,1.0,1.0
169,496,0,4,1.0,1.0
170,496,0,4,1.0,1.0
171,496,0,4,1.0,1.0
172,496,0,4,1.0,1.0
173,496,0,4,1.0,1.0
174,496,0,4,1.0,1.0
175,496,0,4,1.0,1.0
176,496,0,4,1.0,1.0
177,496,0,4,1.0,1.0
178,496,0,4,1.0,1.0
179,496,0,4,1.0,1.0
180,496,0,4,1.0,1.0
181,496,0,4,1.0,1.0
182,496,0,4,1.0,1.0
183,496,0,4,1.0,1.0
184,496,0,4,1.0,1.0
185,496,0,4,1.0,1.0
186,496,0,4,1.0,1.0
187,496,0,4,1.0,1.0
188,496,0,4,1.0,1.0
189,496,0,4,1.0,1.0
190,496,0,4,1.0,1.0
191,496,0,4,1.0,1.0
192,496,0,4,1.0,1.0
193,496,0,4,1.0,1.0
194,496,0,4,1.0,1.0
195,496,0,4,1.0,1.0
196,496,0,4,1.0,1.0
197,496,0,4,1.0,1.0
198,496,0,4,1.0,1.0
199,496,0,4,1.0,1.0
200,496,0,4,1.0,1.0
1,499,1,0,1.0,1.0
2,498,2,0,0.999,0.9994979919678715
3,498,2,0,0.999,0.9994979919678715
4,498,2,0,0.999,0.9994979919678715
5,498,2,0,0.999,0.9994979919678715
6,496,4,0,0.997,0.9984879032258065
7,496,4,0,0.997,0.9984879032258065
8,496,4,0,0.997,0.9984879032258065
9,496,4,0,0.997,0.9984879032258065
10,496,4,0,0.997,0.9984879032258065
11,496,4,0,0.997,0.9984879032258065
12,496,4,0,0.997,0.9984879032258065
13,496,4,0,0.997,0.9984879032258065
14,496,4,0,0.997,0.9984879032258065
15,495,4,1,0.997,0.9984848484848485
16,495,4,1,0.997,0.9984848484848485
17,495,4,1,0.997,0.9984848484848485
18,494,5,1,0.999,0.9994939271255061
19,494,5,1,0.999,0.9994939271255061
20,494,5,1,0.999,0.9994939271255061
21,494,5,1,0.999,0.9994939271255061
22,494,3,3,0.999,0.9994939271255061
23,494,3,3,0.999,0.9994939271255061
24,494,3,3,0.999,0.9994939271255061
25,494,3,3,0.999,0.9994939271255061
26,494,3,3,0.999,0.9994939271255061
27,494,3,3,0.999,0.9994939271255061
28,494,3,3,0.999,0.9994939271255061
29,494,3,3,0.999,0.9994939271255061
30,494,3,3,0.999,0.9994939271255061
31,494,3,3,0.999,0.9994939271255061
32,493,4,3,0.998,0.9989858012170385
33,492,5,3,0.999,0.9994918699186992
34,492,5,3,0.999,0.9994918699186992
35,492,5,3,0.999,0.9994918699186992
36,492,5,3,0.999,0.9994918699186992
37,491,6,3,0.998,0.9989816700610998
38,490,7,3,0.998,0.9989795918367347
39,489,8,3,0.997,0.9985685071574643
40,489,8,3,0.997,0.9985685071574643
41,488,9,3,0.996,0.9981557377049181
42,487,10,3,0.997,0.9986652977412731
43,486,11,3,0.996,0.9981481481481482
44,485,12,3,0.996,0.9981443298969073
45,484,13,3,0.996,0.9981404958677687
46,484,13,3,0.996,0.9981404958677687
47,484,12,4,0.997,0.9986570247933885
48,484,11,5,0.997,0.9986570247933885
49,483,11,6,0.997,0.9986542443064182
50,483,10,7,0.997,0.9986542443064182
51,482,11,7,0.996,0.9981327800829876
52,482,9,9,0.996,0.9981327800829876
53,482,9,9,0.996,0.9981327800829876
54,481,10,9,0.995,0.9976091476091477
55,481,10,9,0.995,0.9976091476091477
56,480,11,9,0.995,0.9976041666666667
57,480,9,11,0.995,0.9976041666666667
58,480,9,11,0.995,0.9976041666666667
59,480,9,11,0.995,0.9976041666666667
60,480,8,12,0.996,0.9980208333333334
61,478,9,13,0.994,0.9969665271966528
62,478,9,13,0.994,0.9969665271966528
63,478,9,13,0.994,0.9969665271966528
64,478,9,13,0.994,0.9969665271966528
65,478,9,13,0.994,0.9969665271966528
66,478,9,13,0.994,0.9969665271966528
67,478,8,14,0.996,0.9980125523012553
68,478,8,14,0.996,0.9980125523012553
69,477,9,14,0.995,0.9974842767295597
70,476,10,14,0.995,0.9974789915966387
71,476,9,15,0.996,0.9978991596638656
72,476,9,15,0.996,0.9978991596638656
73,476,9,15,0.996,0.9978991596638656
74,475,10,15,0.996,0.9978947368421053
75,475,10,15,0.996,0.9978947368421053
76,475,10,15,0.996,0.9978947368421053
77,473,11,16,0.995,0.9973572938689218
78,472,12,16,0.994,0.996822033898305
79,472,12,16,0.994,0.996822033898305
80,472,10,18,0.997,0.9984110169491526
81,471,10,19,0.997,0.9984076433121019
82,469,11,20,0.997,0.9984008528784648
83,469,11,20,0.997,0.9984008528784648
84,468,11,21,0.996,0.9978632478632479
85,468,11,21,0.996,0.9978632478632479
86,468,11,21,0.996,0.9978632478632479
87,468,11,21,0.996,0.9978632478632479
88,468,11,21,0.996,0.9978632478632479
89,468,11,21,0.996,0.9978632478632479
90,466,12,22,0.997,0.9983905579399142
91,466,12,22,0.997,0.9983905579399142
92,466,12,22,0.997,0.9983905579399142
93,466,10,24,0.998,0.9989270386266095
94,466,10,24,0.998,0.9989270386266095
95,464,12,24,0.998,0.9989224137931034
96,464,12,24,0.998,0.9989224137931034
97,463,13,24,0.997,0.9982001439884809
98,461,14,25,0.994,0.9963846710050616
99,460,15,25,0.993,0.9958333333333335
100,460,15,25,0.993,0.9958333333333335
101,460,11,29,0.995,0.9969202898550725
102,460,10,30,0.996,0.9974637681159421
103,460,10,30,0.996,0.9974637681159421
104,460,9,31,0.997,0.9981884057971013
105,460,9,31,0.997,0.9981884057971013
106,460,9,31,0.997,0.9981884057971013
107,459,10,31,0.998,0.9987291212781408
108,458,10,32,0.999,0.9994541484716157
109,458,9,33,0.999,0.9994541484716157
110,458,8,34,1.0,1.0
111,458,8,34,1.0,1.0
112,458,8,34,1.0,1.0
113,458,6,36,1.0,1.0
114,458,6,36,1.0,1.0
115,458,6,36,1.0,1.0
116,458,6,36,1.0,1.0
117,458,5,37,1.0,1.0
118,458,5,37,1.0,1.0
119,458,5,37,1.0,1.0
120,458,5,37,1.0,1.0
121,458,5,37,1.0,1.0
122,457,6,37,1.0,1.0
123,457,6,37,1.0,1.0
124,457,6,37,1.0,1.0
125,457,6,37,1.0,1.0
126,457,6,37,1.0,1.0
127,457,6,37,1.0,1.0
128,457,6,37,1.0,1.0
129,457,6,37,1.0,1.0
130,457,6,37,1.0,1.0
131,457,5,38,1.0,1.0
132,457,5,38,1.0,1.0
133,457,3,40,1.0,1.0
134,457,2,41,1.0,1.0
135,457,2,41,1.0,1.0
136,457,2,41,1.0,1.0
137,456,3,41,1.0,1.0
138,456,3,41,1.0,1.0
139,456,3,41,1.0,1.0
140,456,3,41,1.0,1.0
141,456,3,41,1.0,1.0
142,456,3,41,1.0,1.0
143,456,3,41,1.0,1.0
144,456,3,41,1.0,1.0
145,455,4,41,1.0,1.0
146,455,4,41,1.0,1.0
147,455,4,41,1.0,1.0
148,455,4,41,1.0,1.0
149,455,4,41,1.0,1.0
150,455,4,41,1.0,1.0
151,455,3,42,1.0,1.0
152,454,4,42,1.0,1.0
153,454,4,42,1.0,1.0
154,454,4,42,1.0,1.0
155,453,5,42,0.999,0.9992641648270787
156,452,6,42,0.998,0.9987094395280235
157,452,6,42,0.998,0.9987094395280235
158,451,7,42,0.998,0.9988913525498891
159,451,7,42,0.998,0.9988913525498891
160,450,7,43,0.999,0.9994444444444445
161,450,7,43,0.999,0.9994444444444445
162,450,7,43,0.999,0.9994444444444445
163,449,8,43,0.999,0.9994432071269488
164,449,7,44,0.999,0.9994432071269488
165,449,6,45,0.999,0.9994432071269488
166,449,6,45,0.999,0.9994432071269488
167,449,6,45,0.999,0.9994432071269488
168,448,7,45,0.998,0.9988839285714286
169,447,8,45,0.997,0.9983221476510067
170,447,8,45,0.997,0.9983221476510067
171,447,8,45,0.997,0.9983221476510067
172,447,8,45,0.997,0.9983221476510067
173,447,8,45,0.997,0.9983221476510067
174,447,8,45,0.997,0.9983221476510067
175,446,9,45,0.997,0.9983183856502242
176,446,9,45,0.997,0.9983183856502242
177,446,9,45,0.997,0.9983183856502242
178,446,9,45,0.997,0.9983183856502242
179,446,9,45,0.997,0.9983183856502242
180,445,9,46,0.997,0.998314606741573
181,445,8,47,0.998,0.998876404494382
182,445,8,47,0.998,0.998876404494382
183,445,8,47,0.998,0.998876404494382
184,445,8,47,0.998,0.998876404494382
185,445,8,47,0.998,0.998876404494382
186,445,8,47,0.998,0.998876404494382
187,445,8,47,0.998,0.998876404494382
188,445,8,47,0.998,0.998876404494382
189,445,7,48,0.998,0.998876404494382
190,445,7,48,0.998,0.998876404494382
191,445,7,48,0.998,0.998876404494382
192,445,6,49,0.998,0.998876404494382
193,445,6,49,0.998,0.998876404494382
194,445,5,50,0.999,0.999438202247191
195,444,6,50,0.998,0.9988738738738738
196,443,7,50,0.997,0.9983069977426636
197,443,7,50,0.997,0.9983069977426636
198,443,6,51,0.997,0.9983069977426636
199,443,6,51,0.997,0.9983069977426636
200,443,6,51,0.997,0.9983069977426636
1,499,1,0,1.0,1.0
2,499,1,0,1.0,1.0
3,499,1,0,1.0,1.0
4,499,1,0,1.0,1.0
5,499,1,0,1.0,1.0
6,499,1,0,1.0,1.0
7,499,1,0,1.0,1.0
8,499,1,0,1.0,1.0
9,498,2,0,0.999,0.9994979919678715
10,498,2,0,0.999,0.9994979919678715
11,497,3,0,0.998,0.9989939637826962
12,497,3,0,0.998,0.9989939637826962
13,496,4,0,0.998,0.998991935483871
14,496,4,0,0.998,0.998991935483871
15,496,4,0,0.998,0.998991935483871
16,496,1,3,1.0,1.0
17,496,1,3,1.0,1.0
18,496,1,3,1.0,1.0
19,496,1,3,1.0,1.0
20,496,1,3,1.0,1.0
21,496,1,3,1.0,1.0
22,495,2,3,1.0,1.0
23,494,2,4,1.0,1.0
24,494,2,4,1.0,1.0
25,494,2,4,1.0,1.0
26,494,2,4,1.0,1.0
27,494,2,4,1.0,1.0
28,494,2,4,1.0,1.0
29,494,2,4,1.0,1.0
30,494,2,4,1.0,1.0
31,494,2,4,1.0,1.0
32,494,2,4,1.0,1.0
33,494,2,4,1.0,1.0
34,494,2,4,1.0,1.0
35,494,2,4,1.0,1.0
36,494,2,4,1.0,1.0
37,493,3,4,0.999,0.9994929006085193
38,492,4,4,0.998,0.9989837398373984
39,492,3,5,0.999,0.9994918699186992
40,492,3,5,0.999,0.9994918699186992
41,492,3,5,0.999,0.9994918699186992
42,492,3,5,0.999,0.9994918699186992
43,492,3,5,0.999,0.9994918699186992
44,492,3,5,0.999,0.9994918699186992
45,492,3,5,0.999,0.9994918699186992
46,492,3,5,0.999,0.9994918699186992
47,492,3,5,0.999,0.9994918699186992
48,492,3,5,0.999,0.9994918699186992
49,491,4,5,0.999,0.9994908350305499
50,491,3,6,0.999,0.9994908350305499
51,491,3,6,0.999,0.9994908350305499
52,491,3,6,0.999,0.9994908350305499
53,491,3,6,0.999,0.9994908350305499
54,491,3,6,0.999,0.9994908350305499
55,491,3,6,0.999,0.9994908350305499
56,491,3,6,0.999,0.9994908350305499
57,491,3,6,0.999,0.9994908350305499
58,491,3,6,0.999,0.9994908350305499
59,491,3,6,0.999,0.9994908350305499
60,491,2,7,1.0,1.0
61,491,2,7,1.0,1.0
62,491,2,7,1.0,1.0
63,491,2,7,1.0,1.0
64,491,1,8,1.0,1.0
65,491,1,8,1.0,1.0
66,491,1,8,1.0,1.0
67,491,1,8,1.0,1.0
68,491,1,8,1.0,1.0
69,491,1,8,1.0,1.0
70,491,1,8,1.0,1.0
71,491,1,8,1.0,1.0
72,491,1,8,1.0,1.0
73,491,1,8,1.0,1.0
74,491,1,8,1.0,1.0
75,491,1,8,1.0,1.0
76,491,1,8,1.0,1.0
77,491,1,8,1.0,1.0
78,491,1,8,1.0,1.0
79,491,1,8,1.0,1.0
80,491,1,8,1.0,1.0
81,491,1,8,1.0,1.0
82,491,1,8,1.0,1.0
83,491,1,8,1.0,1.0
84,491,1,8,1.0,1.0
85,491,1,8,1.0,1.0
86,491,1,8,1.0,1.0
87,491,1,8,1.0,1.0
88,491,1,8,1.0,1.0
89,491,1,8,1.0,1.0
90,491,0,9,1.0,1.0
91,491,0,9,1.0,1.0
92,491,0,9,1.0,1.0
93,491,0,9,1.0,1.0
94,491,0,9,1.0,1.0
95,491,0,9,1.0,1.0
96,491,0,9,1.0,1.0
97,491,0,9,1.0,1.0
98,491,0,9,1.0,1.0
99,491,0,9,1.0,1.0
100,491,0,9,1.0,1.0
101,491,0,9,1.0,1.0
102,491,0,9,1.0,1.0
103,491,0,9,1.0,1.0
104,491,0,9,1.0,1.0
105,491,0,9,1.0,1.0
106,491,0,9,1.0,1.0
107,491,0,9,1.0,1.0
108,491,0,9,1.0,1.0
109,491,0,9,1.0,1.0
110,491,0,9,1.0,1.0
111,491,0,9,1.0,1.0
112,491,0,9,1.0,1.0
113,491,0,9,1.0,1.0
114,491,0,9,1.0,1.0
115,491,0,9,1.0,1.0
116,491,0,9,1.0,1.0
117,491,0,9,1.0,1.0
118,491,0,9,1.0,1.0
119,491,0,9,1.0,1.0
120,491,0,9,1.0,1.0
121,491,0,9,1.0,1.0
122,491,0,9,1.0,1.0
123,491,0,9,1.0,1.0
124,491,0,9,1.0,1.0
125,491,0,9,1.0,1.0
126,491,0,9,1.0,1.0
127,491,0,9,1.0,1.0
128,491,0,9,1.0,1.0
129,491,0,9,1.0,1.0
130,491,0,9,1.0,1.0
131,491,0,9,1.0,1.0
132,491,0,9,1.0,1.0
133,491,0,9,1.0,1.0
134,491,0,9,1.0,1.0
135,491,0,9,1.0,1.0
136,491,0,9,1.0,1.0
137,491,0,9,1.0,1.0
138,491,0,9,1.0,1.0
139,491,0,9,1.0,1.0
140,491,0,9,1.0,1.0
141,491,0,9,1.0,1.0
142,491,0,9,1.0,1.0
143,491,0,9,1.0,1.0
144,491,0,9,1.0,1.0
145,491,0,9,1.0,1.0
146,491,0,9,1.0,1.0
147,491,0,9,1.0,1.0
148,491,0,9,1.0,1.0
149,491,0,9,1.0,1.0
150,491,0,9,1.0,1.0
151,491,0,9,1.0,1.0
152,491,0,9,1.0,1.0
153,491,0,9,1.0,1.0
154,491,0,9,1.0,1.0
155,491,0,9,1.0,1.0
156,491,0,9,1.0,1.0
157,491,0,9,1.0,1.0
158,491,0,9,1.0,1.0
159,491,0,9,1.0,1.0
160,491,0,9,1.0,1.0
161,491,0,9,1.0,1.0
162,491,0,9,1.0,1.0
163,491,0,9,1.0,1.0
164,491,0,9,1.0,1.0
165,491,0,9,1.0,1.0
166,491,0,9,1.0,1.0
167,491,0,9,1.0,1.0
168,491,0,9,1.0,1.0
169,491,0,9,1.0,1.0
170,491,0,9,1.0,1.0
171,491,0,9,1.0,1.0
172,491,0,9,1.0,1.0
173,491,0,9,1.0,1.0
174,491,0,9,1.0,1.0
175,491,0,9,1.0,1.0
176,491,0,9,1.0,1.0
177,491,0,9,1.0,1.0
178,491,0,9,1.0,1.0
179,491,0,9,1.0,1.0
180,491,0,9,1.0,1.0
181,491,0,9,1.0,1.0
182,491,0,9,1.0,1.0
183,491,0,9,1.0,1.0
184,491,0,9,1.0,1.0
185,491,0,9,1.0,1.0
186,491,0,9,1.0,1.0
187,491,0,9,1.0,1.0
188,491,0,9,1.0,1.0
189,491,0,9,1.0,1.0
190,491,0,9,1.0,1.0
191,491,0,9,1.0,1.0
192,491,0,9,1.0,1.0
193,491,0,9,1.0,1.0
194,491,0,9,1.0,1.0
195,491,0,9,1.0,1.0
196,491,0,9,1.0,1.0
197,491,0,9,1.0,1.0
198,491,0,9,1.0,1.0
199,491,0,9,1.0,1.0
200,491,0,9,1.0,1.0
1,499,1,0,1.0,1.0
2,499,1,0,1.0,1.0
3,499,1,0,1.0,1.0
4,499,1,0,1.0,1.0
5,499,1,0,1.0,1.0
6,498,2,0,0.999,0.9994979919678715
7,498,2,0,0.999,0.9994979919678715
8,498,2,0,0.999,0.9994979919678715
9,498,2,0,0.999,0.9994979919678715
10,498,2,0,0.999,0.9994979919678715
11,498,2,0,0.999,0.9994979919678715
12,498,2,0,0.999,0.9994979919678715
13,498,2,0,0.999,0.9994979919678715
14,497,3,0,0.998,0.9989939637826962
15,497,3,0,0.998,0.9989939637826962
16,497,3,0,0.998,0.9989939637826962
17,497,3,0,0.998,0.9989939637826962
18,497,3,0,0.998,0.9989939637826962
19,497,3,0,0.998,0.9989939637826962
20,497,3,0,0.998,0.9989939637826962
21,497,3,0,0.998,0.9989939637826962
22,497,3,0,0.998,0.9989939637826962
23,497,3,0,0.998,0.9989939637826962
24,497,3,0,0.998,0.9989939637826962
25,497,3,0,0.998,0.9989939637826962
26,497,3,0,0.998,0.9989939637826962
27,496,3,1,0.998,0.998991935483871
28,496,3,1,0.998,0.998991935483871
29,496,3,1,0.998,0.998991935483871
30,496,2,2,0.999,0.9994959677419355
31,496,2,2,0.999,0.9994959677419355
32,496,2,2,0.999,0.9994959677419355
33,496,2,2,0.999,0.9994959677419355
34,496,2,2,0.999,0.9994959677419355
35,496,2,2,0.999,0.9994959677419355
36,495,3,2,0.998,0.998989898989899
37,495,3,2,0.998,0.998989898989899
38,495,3,2,0.998,0.998989898989899
39,495,3,2,0.998,0.998989898989899
40,495,3,2,0.998,0.998989898989899
41,495,3,2,0.998,0.998989898989899
42,495,3,2,0.998,0.998989898989899
43,494,4,2,0.998,0.9989878542510121
44,494,4,2,0.998,0.9989878542510121
45,493,5,2,0.998,0.9989858012170385
46,492,5,3,0.997,0.9984756097560976
47,492,5,3,0.997,0.9984756097560976
48,491,6,3,0.999,0.9994908350305499
49,491,6,3,0.999,0.9994908350305499
50,491,6,3,0.999,0.9994908350305499
51,491,6,3,0.999,0.9994908350305499
52,491,6,3,0.999,0.9994908350305499
53,490,7,3,0.999,0.9994897959183674
54,490,6,4,0.999,0.9994897959183674
55,490,6,4,0.999,0.9994897959183674
56,490,6,4,0.999,0.9994897959183674
57,490,6,4,0.999,0.9994897959183674
58,490,6,4,0.999,0.9994897959183674
59,490,6,4,0.999,0.9994897959183674
60,490,6,4,0.999,0.9994897959183674
61,490,6,4,0.999,0.9994897959183674
62,490,6,4,0.999,0.9994897959183674
63,490,6,4,0.999,0.9994897959183674
64,489,7,4,0.998,0.9989775051124744
65,489,6,5,0.998,0.9989775051124744
66,488,7,5,0.998,0.9989754098360656
67,488,7,5,0.998,0.9989754098360656
68,488,7,5,0.998,0.9989754098360656
69,488,7,5,0.998,0.9989754098360656
70,488,7,5,0.998,0.9989754098360656
71,487,8,5,0.996,0.997946611909651
72,487,5,8,1.0,1.0
73,487,4,9,1.0,1.0
74,487,4,9,1.0,1.0
75,487,4,9,1.0,1.0
76,487,4,9,1.0,1.0
77,487,4,9,1.0,1.0
78,487,4,9,1.0,1.0
79,487,4,9,1.0,1.0
80,486,5,9,1.0,1.0
81,486,5,9,1.0,1.0
82,486,5,9,1.0,1.0
83,486,5,9,1.0,1.0
84,486,5,9,1.0,1.0
85,486,5,9,1.0,1.0
86,486,5,9,1.0,1.0
87,486,5,9,1.0,1.0
88,485,6,9,0.999,0.9994845360824742
89,484,6,10,1.0,1.0
90,483,7,10,1.0,1.0
91,483,7,10,1.0,1.0
92,483,6,11,1.0,1.0
93,483,6,11,1.0,1.0
94,482,7,11,1.0,1.0
95,482,7,11,1.0,1.0
96,482,7,11,1.0,1.0
97,481,8,11,0.999,0.9994802494802495
98,481,8,11,0.999,0.9994802494802495
99,480,9,11,0.997,0.9984375
100,479,10,11,0.997,0.9984342379958246
101,478,11,11,0.997,0.9984309623430963
102,477,11,12,0.999,0.999475890985325
103,477,11,12,0.999,0.999475890985325
104,477,10,13,1.0,1.0
105,477,10,13,1.0,1.0
106,477,9,14,1.0,1.0
107,476,10,14,1.0,1.0
108,475,11,14,0.999,0.9994736842105263
109,475,11,14,0.999,0.9994736842105263
110,474,12,14,0.999,0.9994725738396625
111,473,13,14,0.999,0.9994714587737844
112,472,11,17,0.999,0.9994703389830508
113,472,10,18,0.999,0.9994703389830508
114,472,10,18,0.999,0.9994703389830508
115,472,10,18,0.999,0.9994703389830508
116,472,10,18,0.999,0.9994703389830508
117,472,10,18,0.999,0.9994703389830508
118,471,11,18,0.999,0.9994692144373672
119,470,12,18,0.998,0.9989361702127659
120,470,10,20,0.998,0.9989361702127659
121,468,10,22,0.999,0.999465811965812
122,467,11,22,0.998,0.9989293361884368
123,467,10,23,0.998,0.9989293361884368
124,466,11,23,0.997,0.9983905579399142
125,464,12,24,0.997,0.9983836206896551
126,464,12,24,0.997,0.9983836206896551
127,461,15,24,0.995,0.9972885032537961
128,457,18,25,0.994,0.9965353756382201
129,454,21,25,0.992,0.9953377386196769
130,454,20,26,0.992,0.9953377386196769
131,448,26,26,0.994,0.996391369047619
132,448,25,27,0.994,0.996391369047619
133,448,25,27,0.994,0.996391369047619
134,447,26,27,0.993,0.9956375838926175
135,446,27,27,0.991,0.9943198804185351
136,445,27,28,0.99,0.99374531835206
137,444,26,30,0.991,0.994481981981982
138,443,25,32,0.993,0.9955981941309255
139,442,24,34,0.995,0.9967194570135747
140,441,23,36,0.994,0.9961451247165534
141,440,24,36,0.994,0.9961363636363637
142,439,24,37,0.993,0.9956719817767654
143,436,26,38,0.994,0.9964067278287462
144,434,28,38,0.991,0.9942780337941628
145,432,29,39,0.988,0.9925154320987654
146,431,29,40,0.987,0.9919180201082753
147,429,29,42,0.988,0.9924630924630924
148,428,28,44,0.989,0.9930295950155763
149,428,27,45,0.99,0.993613707165109
150,427,28,45,0.99,0.9935987509758001
151,426,29,45,0.99,0.9935837245696401
152,426,28,46,0.99,0.9935837245696401
153,424,29,47,0.993,0.9957154088050315
154,424,28,48,0.993,0.9957154088050315
155,422,28,50,0.992,0.995221169036335
156,421,27,52,0.993,0.9956848772763263
157,417,30,53,0.991,0.9944444444444445
158,417,29,54,0.991,0.9944444444444445
159,417,27,56,0.992,0.9950439648281375
160,417,27,56,0.992,0.9950439648281375
161,415,27,58,0.99,0.9938152610441767
162,415,25,60,0.991,0.9944176706827309
163,413,26,61,0.99,0.9935835351089589
164,412,27,61,0.99,0.9935679611650486
165,412,25,63,0.991,0.9943770226537217
166,411,22,67,0.992,0.9948499594484995
167,410,20,70,0.992,0.9948373983739838
168,410,19,71,0.992,0.9948373983739838
169,407,20,73,0.992,0.9947993447993447
170,406,20,74,0.992,0.9947865353037767
171,406,20,74,0.992,0.9947865353037767
172,406,20,74,0.992,0.9947865353037767
173,406,19,75,0.993,0.9954022988505747
174,406,18,76,0.993,0.9954022988505747
175,405,17,78,0.993,0.9955967078189302
176,403,19,78,0.99,0.993631100082713
177,402,20,78,0.99,0.9936152570480928
178,401,19,80,0.991,0.9940980881130507
179,399,18,83,0.994,0.9960735171261486
180,397,19,84,0.995,0.996767422334173
181,396,20,84,0.995,0.9967592592592593
182,395,19,86,0.996,0.9972573839662446
183,395,19,86,0.996,0.9972573839662446
184,394,20,86,0.996,0.9972504230118442
185,394,20,86,0.996,0.9972504230118442
186,394,20,86,0.996,0.9972504230118442
187,393,21,86,0.996,0.9972434266327395
188,391,22,87,0.997,0.9980818414322251
189,391,21,88,0.997,0.9980818414322251
190,389,23,88,0.995,0.9967866323907455
191,389,23,88,0.995,0.9967866323907455
192,387,23,90,0.995,0.9967700258397932
193,387,22,91,0.996,0.9974160206718347
194,386,21,93,0.997,0.9980569948186528
195,385,22,93,0.997,0.9980519480519481
196,383,24,93,0.993,0.9954308093994778
197,383,23,94,0.993,0.9954308093994778
198,383,20,97,0.993,0.9954308093994778
199,383,20,97,0.993,0.9954308093994778
200,382,18,100,0.995,0.9965095986038394
1,499,1,0,1.0,1.0
2,499,1,0,1.0,1.0
3,499,1,0,1.0,1.0
4,499,1,0,1.0,1.0
5,499,1,0,1.0,1.0
6,499,1,0,1.0,1.0
7,499,1,0,1.0,1.0
8,498,2,0,1.0,1.0
9,498,2,0,1.0,1.0
10,498,2,0,1.0,1.0
11,498,2,0,1.0,1.0
12,498,1,1,1.0,1.0
13,498,1,1,1.0,1.0
14,498,1,1,1.0,1.0
15,498,1,1,1.0,1.0
16,498,1,1,1.0,1.0
17,497,2,1,0.999,0.9995975855130785
18,497,2,1,0.999,0.9995975855130785
19,497,1,2,1.0,1.0
20,497,1,2,1.0,1.0
21,497,1,2,1.0,1.0
22,497,1,2,1.0,1.0
23,497,1,2,1.0,1.0
24,497,1,2,1.0,1.0
25,497,1,2,1.0,1.0
26,497,1,2,1.0,1.0
27,497,1,2,1.0,1.0
28,497,1,2,1.0,1.0
29,497,1,2,1.0,1.0
30,497,1,2,1.0,1.0
31,497,1,2,1.0,1.0
32,497,1,2,1.0,1.0
33,496,2,2,0.999,0.9994959677419355
34,496,2,2,0.999,0.9994959677419355
35,495,3,2,0.999,0.9994949494949495
36,495,3,2,0.999,0.9994949494949495
37,494,4,2,0.998,0.9989878542510121
38,494,4,2,0.998,0.9989878542510121
39,493,4,3,0.998,0.9989858012170385
40,493,3,4,0.999,0.9994929006085193
41,491,5,4,0.998,0.9989816700610998
42,491,5,4,0.998,0.9989816700610998
43,491,5,4,0.998,0.9989816700610998
44,491,5,4,0.998,0.9989816700610998
45,491,5,4,0.998,0.9989816700610998
46,491,5,4,0.998,0.9989816700610998
47,491,5,4,0.998,0.9989816700610998
48,491,5,4,0.998,0.9989816700610998
49,491,5,4,0.998,0.9989816700610998
50,491,5,4,0.998,0.9989816700610998
51,491,5,4,0.998,0.9989816700610998
52,489,7,4,0.998,0.9989775051124744
53,489,7,4,0.998,0.9989775051124744
54,489,6,5,0.999,0.9994887525562373
55,489,6,5,0.999,0.9994887525562373
56,489,6,5,0.999,0.9994887525562373
57,489,5,6,1.0,1.0
58,488,6,6,1.0,1.0
59,488,6,6,1.0,1.0
60,488,6,6,1.0,1.0
61,488,6,6,1.0,1.0
62,486,8,6,0.998,0.9989711934156379
63,486,8,6,0.998,0.9989711934156379
64,486,8,6,0.998,0.9989711934156379
65,486,7,7,0.999,0.9994855967078189
66,486,7,7,0.999,0.9994855967078189
67,486,7,7,0.999,0.9994855967078189
68,484,9,7,0.998,0.9989669421487604
69,484,7,9,0.998,0.9989669421487604
70,484,7,9,0.998,0.9989669421487604
71,484,7,9,0.998,0.9989669421487604
72,484,6,10,0.999,0.9994834710743802
73,484,6,10,0.999,0.9994834710743802
74,484,5,11,0.999,0.9994834710743802
75,484,5,11,0.999,0.9994834710743802
76,484,5,11,0.999,0.9994834710743802
77,484,4,12,0.999,0.9994834710743802
78,484,4,12,0.999,0.9994834710743802
79,484,4,12,0.999,0.9994834710743802
80,484,4,12,0.999,0.9994834710743802
81,484,4,12,0.999,0.9994834710743802
82,484,4,12,0.999,0.9994834710743802
83,484,4,12,0.999,0.9994834710743802
84,484,4,12,0.999,0.9994834710743802
85,483,5,12,0.998,0.9989648033126294
86,483,5,12,0.998,0.9989648033126294
87,482,6,12,0.996,0.9979253112033195
88,482,5,13,0.998,0.9989626556016598
89,481,6,13,0.998,0.998960498960499
90,479,8,13,0.997,0.9984342379958246
91,479,8,13,0.997,0.9984342379958246
92,479,7,14,0.997,0.9984342379958246
93,479,7,14,0.997,0.9984342379958246
94,478,8,14,0.997,0.9984309623430963
95,478,8,14,0.997,0.9984309623430963
96,477,9,14,0.997,0.9984276729559748
97,477,9,14,0.997,0.9984276729559748
98,477,8,15,0.997,0.9984276729559748
99,477,8,15,0.997,0.9984276729559748
100,477,7,16,0.997,0.9984276729559748
101,477,6,17,0.997,0.9984276729559748
102,477,6,17,0.997,0.9984276729559748
103,476,7,17,0.996,0.9978991596638656
104,476,6,18,0.997,0.9984243697478992
105,475,7,18,0.997,0.998421052631579
106,474,8,18,0.996,0.9978902953586498
107,474,8,18,0.996,0.9978902953586498
108,474,7,19,0.997,0.9984177215189873
109,473,8,19,0.997,0.9984143763213531
110,472,9,19,0.996,0.9978813559322034
111,472,9,19,0.996,0.9978813559322034
112,471,10,19,0.995,0.9971691436659589
113,470,11,19,0.996,0.9976950354609928
114,469,12,19,0.997,0.998223169864961
115,468,13,19,0.997,0.9982193732193733
116,467,14,19,0.997,0.9982155603140614
117,467,14,19,0.997,0.9982155603140614
118,465,15,20,0.997,0.9982078853046595
119,465,15,20,0.997,0.9982078853046595
120,464,16,20,0.998,0.9989224137931034
121,464,16,20,0.998,0.9989224137931034
122,461,19,20,0.997,0.9981923355025306
123,461,19,20,0.997,0.9981923355025306
124,460,20,20,0.995,0.9971014492753623
125,460,18,22,0.995,0.9971014492753623
126,459,18,23,0.996,0.9976397966594044
127,459,18,23,0.996,0.9976397966594044
128,459,16,25,0.996,0.9976397966594044
129,458,17,25,0.998,0.9987263464337699
130,457,17,26,0.998,0.99872355944566
131,457,17,26,0.998,0.99872355944566
132,456,18,26,0.997,0.998172514619883
133,456,17,27,0.998,0.9989035087719298
134,455,16,29,0.998,0.9989010989010989
135,455,16,29,0.998,0.9989010989010989
136,454,16,30,0.998,0.998898678414097
137,454,13,33,0.999,0.9994493392070485
138,454,11,35,0.999,0.9994493392070485
139,454,11,35,0.999,0.9994493392070485
140,454,11,35,0.999,0.9994493392070485
141,454,11,35,0.999,0.9994493392070485
142,453,12,35,0.998,0.9987122884473878
143,453,10,37,0.999,0.9994481236203091
144,453,10,37,0.999,0.9994481236203091
145,453,10,37,0.999,0.9994481236203091
146,453,10,37,0.999,0.9994481236203091
147,452,10,38,0.999,0.9994469026548672
148,451,11,38,0.999,0.9994456762749445
149,451,11,38,0.999,0.9994456762749445
150,451,11,38,0.999,0.9994456762749445
151,450,12,38,0.998,0.9988888888888889
152,450,12,38,0.998,0.9988888888888889
153,450,12,38,0.998,0.9988888888888889
154,450,11,39,0.998,0.9988888888888889
155,450,10,40,0.998,0.9988888888888889
156,450,10,40,0.998,0.9988888888888889
157,450,9,41,0.998,0.9988888888888889
158,450,9,41,0.998,0.9988888888888889
159,450,8,42,0.998,0.9988888888888889
160,449,9,42,0.997,0.9983296213808464
161,447,11,42,0.995,0.9973154362416108
162,446,12,42,0.996,0.9978699551569506
163,446,12,42,0.996,0.9978699551569506
164,445,13,42,0.994,0.9967415730337079
165,444,14,42,0.993,0.9961711711711712
166,444,13,43,0.993,0.9961711711711712
167,444,12,44,0.993,0.9961711711711712
168,443,13,44,0.993,0.9961625282167044
169,443,13,44,0.993,0.9961625282167044
170,442,14,44,0.992,0.9955882352941177
171,442,14,44,0.992,0.9955882352941177
172,442,14,44,0.992,0.9955882352941177
173,439,16,45,0.995,0.9971526195899773
174,438,16,46,0.995,0.9971461187214612
175,437,17,46,0.995,0.9971395881006865
176,437,16,47,0.995,0.9971395881006865
177,437,15,48,0.995,0.9971395881006865
178,436,16,48,0.994,0.9965596330275229
179,436,16,48,0.994,0.9965596330275229
180,435,17,48,0.996,0.9977011494252873
181,435,17,48,0.996,0.9977011494252873
182,433,19,48,0.998,0.9988452655889145
183,432,19,49,0.997,0.9982638888888888
184,432,18,50,0.997,0.9982638888888888
185,432,18,50,0.997,0.9982638888888888
186,431,18,51,0.998,0.9988399071925754
187,431,17,52,0.998,0.9988399071925754
188,430,18,52,0.998,0.9988372093023256
189,430,16,54,0.998,0.9988372093023256
190,430,14,56,0.998,0.9988372093023256
191,429,13,58,0.997,0.9982517482517482
192,428,14,58,0.996,0.9976635514018691
193,428,14,58,0.996,0.9976635514018691
194,427,15,58,0.995,0.997072599531616
195,426,15,59,0.995,0.9970657276995305
196,426,15,59,0.995,0.9970657276995305
197,425,15,60,0.995,0.9970588235294118
198,423,17,60,0.995,0.9970449172576832
199,423,16,61,0.996,0.9976359338061466
200,423,16,61,0.996,0.9976359338061466
1,499,1,0,1.0,1.0
2,499,1,0,1.0,1.0
3,499,1,0,1.0,1.0
4,499,1,0,1.0,1.0
5,499,1,0,1.0,1.0
6,497,3,0,0.998,0.9989939637826962
7,497,3,0,0.998,0.9989939637826962
8,497,3,0,0.998,0.9989939637826962
9,497,3,0,0.998,0.9989939637826962
10,496,4,0,0.998,0.998991935483871
11,495,5,0,0.996,0.9978114478114477
12,493,7,0,0.995,0.9972954699121027
13,492,8,0,0.995,0.9972899728997289
14,491,9,0,0.995,0.997284453496266
15,490,10,0,0.996,0.9979591836734694
16,489,11,0,0.995,0.9974437627811861
17,488,12,0,0.997,0.9984631147540983
18,488,11,1,0.998,0.9989754098360656
19,487,11,2,0.996,0.9981177275838466
20,486,11,3,0.997,0.9986282578875171
21,486,11,3,0.997,0.9986282578875171
22,486,10,4,0.997,0.9986282578875171
23,486,10,4,0.997,0.9986282578875171
24,486,10,4,0.997,0.9986282578875171
25,484,12,4,0.997,0.9986225895316804
26,484,12,4,0.997,0.9986225895316804
27,482,14,4,0.999,0.9994813278008299
28,482,14,4,0.999,0.9994813278008299
29,482,12,6,0.999,0.9994813278008299
30,482,12,6,0.999,0.9994813278008299
31,482,12,6,0.999,0.9994813278008299
32,482,12,6,0.999,0.9994813278008299
33,482,11,7,0.999,0.9994813278008299
34,482,11,7,0.999,0.9994813278008299
35,482,9,9,1.0,1.0
36,482,9,9,1.0,1.0
37,482,8,10,1.0,1.0
38,482,8,10,1.0,1.0
39,481,9,10,1.0,1.0
40,480,10,10,1.0,1.0
41,479,11,10,0.999,0.9994780793319415
42,479,11,10,0.999,0.9994780793319415
43,479,10,11,0.999,0.9994780793319415
44,479,10,11,0.999,0.9994780793319415
45,478,10,12,0.999,0.9994769874476988
46,477,10,13,0.999,0.999475890985325
47,477,10,13,0.999,0.999475890985325
48,476,11,13,0.998,0.9990546218487395
49,474,12,14,0.998,0.9990506329113924
50,472,13,15,0.997,0.9984110169491526
51,471,14,15,0.997,0.9984076433121019
52,471,13,16,0.997,0.9984076433121019
53,471,13,16,0.997,0.9984076433121019
54,470,14,16,0.996,0.997872340425532
55,470,14,16,0.996,0.997872340425532
56,469,14,17,0.995,0.9974413646055438
57,468,15,17,0.994,0.9969017094017094
58,467,16,17,0.993,0.9963597430406852
59,467,15,18,0.994,0.9967880085653105
60,467,14,19,0.994,0.9967880085653105
61,467,14,19,0.994,0.9967880085653105
62,467,14,19,0.994,0.9967880085653105
63,467,13,20,0.994,0.9967880085653105
64,466,14,20,0.995,0.9973175965665236
65,466,13,21,0.996,0.9978540772532188
66,466,13,21,0.996,0.9978540772532188
67,466,13,21,0.996,0.9978540772532188
68,466,13,21,0.996,0.9978540772532188
69,466,13,21,0.996,0.9978540772532188
70,466,12,22,0.996,0.9978540772532188
71,465,13,22,0.996,0.9978494623655914
72,465,12,23,0.996,0.9978494623655914
73,465,11,24,0.997,0.9983870967741936
74,464,12,24,0.997,0.9983836206896551
75,464,11,25,0.998,0.9989224137931034
76,463,12,25,0.998,0.9989200863930886
77,463,11,26,0.998,0.9989200863930886
78,463,10,27,0.999,0.9994600431965442
79,462,10,28,0.999,0.9994588744588745
80,461,11,28,0.998,0.9989154013015185
81,461,11,28,0.998,0.9989154013015185
82,461,11,28,0.998,0.9989154013015185
83,461,11,28,0.998,0.9989154013015185
84,461,11,28,0.998,0.9989154013015185
85,460,11,29,0.999,0.9994565217391305
86,460,11,29,0.999,0.9994565217391305
87,459,12,29,0.998,0.9989106753812637
88,457,14,29,0.997,0.9981765134938002
89,456,15,29,0.997,0.9981725146198831
90,454,17,29,0.996,0.9974302496328927
91,453,17,30,0.998,0.9988962472406181
92,453,16,31,0.998,0.9988962472406181
93,453,16,31,0.998,0.9988962472406181
94,453,16,31,0.998,0.9988962472406181
95,453,16,31,0.998,0.9988962472406181
96,453,14,33,0.999,0.9994481236203091
97,453,14,33,0.999,0.9994481236203091
98,453,14,33,0.999,0.9994481236203091
99,452,14,34,1.0,1.0
100,452,12,36,1.0,1.0
101,452,11,37,1.0,1.0
102,452,10,38,1.0,1.0
103,452,9,39,1.0,1.0
104,452,9,39,1.0,1.0
105,452,9,39,1.0,1.0
106,452,7,41,1.0,1.0
107,452,7,41,1.0,1.0
108,452,6,42,1.0,1.0
109,452,6,42,1.0,1.0
110,452,6,42,1.0,1.0
111,452,5,43,1.0,1.0
112,452,5,43,1.0,1.0
113,452,5,43,1.0,1.0
114,452,4,44,1.0,1.0
115,452,4,44,1.0,1.0
116,452,4,44,1.0,1.0
117,452,3,45,1.0,1.0
118,452,3,45,1.0,1.0
119,452,3,45,1.0,1.0
120,452,3,45,1.0,1.0
121,452,2,46,1.0,1.0
122,452,2,46,1.0,1.0
123,452,2,46,1.0,1.0
124,452,2,46,1.0,1.0
125,452,2,46,1.0,1.0
126,452,2,46,1.0,1.0
127,452,2,46,1.0,1.0
128,452,2,46,1.0,1.0
129,452,2,46,1.0,1.0
130,452,2,46,1.0,1.0
131,452,2,46,1.0,1.0
132,452,2,46,1.0,1.0
133,452,2,46,1.0,1.0
134,452,2,46,1.0,1.0
135,452,2,46,1.0,1.0
136,452,2,46,1.0,1.0
137,452,2,46,1.0,1.0
138,452,2,46,1.0,1.0
139,452,2,46,1.0,1.0
140,452,2,46,1.0,1.0
141,452,2,46,1.0,1.0
142,452,2,46,1.0,1.0
143,452,2,46,1.0,1.0
144,452,2,46,1.0,1.0
145,452,2,46,1.0,1.0
146,452,2,46,1.0,1.0
147,452,1,47,1.0,1.0
148,452,1,47,1.0,1.0
149,452,1,47,1.0,1.0
150,452,1,47,1.0,1.0
151,452,1,47,1.0,1.0
152,452,1,47,1.0,1.0
153,452,1,47,1.0,1.0
154,452,1,47,1.0,1.0
155,452,1,47,1.0,1.0
156,452,1,47,1.0,1.0
157,452,1,47,1.0,1.0
158,452,1,47,1.0,1.0
159,452,1,47,1.0,1.0
160,452,1,47,1.0,1.0
161,452,1,47,1.0,1.0
162,452,1,47,1.0,1.0
163,452,1,47,1.0,1.0
164,452,1,47,1.0,1.0
165,452,0,48,1.0,1.0
166,452,0,48,1.0,1.0
167,452,0,48,1.0,1.0
168,452,0,48,1.0,1.0
169,452,0,48,1.0,1.0
170,452,0,48,1.0,1.0
171,452,0,48,1.0,1.0
172,452,0,48,1.0,1.0
173,452,0,48,1.0,1.0
174,452,0,48,1.0,1.0
175,452,0,48,1.0,1.0
176,452,0,48,1.0,1.0
177,452,0,48,1.0,1.0
178,452,0,48,1.0,1.0
179,452,0,48,1.0,1.0
180,452,0,48,1.0,1.0
181,452,0,48,1.0,1.0
182,452,0,48,1.0,1.0
183,452,0,48,1.0,1.0
184,452,0,48,1.0,1.0
185,452,0,48,1.0,1.0
186,452,0,48,1.0,1.0
187,452,0,48,1.0,1.0
188,452,0,48,1.0,1.0
189,452,0,48,1.0,1.0
190,452,0,48,1.0,1.0
191,452,0,48,1.0,1.0
192,452,0,48,1.0,1.0
193,452,0,48,1.0,1.0
194,452,0,48,1.0,1.0
195,452,0,48,1.0,1.0
196,452,0,48,1.0,1.0
197,452,0,48,1.0,1.0
198,452,0,48,1.0,1.0
199,452,0,48,1.0,1.0
200,452,0,48,1.0,1.0
