day,s,i,r,edgecount,suscedgecount
1,497,3,0,0.9975,1.0
2,494,6,0,0.9901666666666666,0.996265072294854
3,492,8,0,0.9865,0.9943599581681319
4,488,12,0,0.9823333333333333,0.9921632271690084
5,484,16,0,0.9731666666666666,0.9873801992774884
6,479,21,0,0.964,0.9824912913219084
7,468,31,1,0.949,0.9739812621493572
8,452,46,2,0.9218333333333333,0.9580066972666216
9,436,61,3,0.8926666666666667,0.9396930038312699
10,416,75,9,0.8746666666666667,0.9259992982910286
11,395,94,11,0.8498333333333333,0.9060185350811389
12,370,114,16,0.8273333333333334,0.8841300562057002
13,339,139,22,0.7958333333333333,0.8498449723452579
14,313,159,28,0.7801666666666667,0.8245605475279454
15,283,181,36,0.7723333333333333,0.7989862217600047
16,250,203,47,0.765,0.7650736368498143
17,217,226,57,0.7708333333333334,0.7364043015611779
18,189,247,64,0.7833333333333333,0.7137323230491838
19,159,269,72,0.7921666666666667,0.6726214845260178
20,133,288,79,0.8108333333333333,0.6436398738503428
21,119,288,93,0.832,0.6457836661101263
22,101,294,105,0.8543333333333333,0.6380671598885995
23,83,298,119,0.8786666666666667,0.6324627233561103
24,73,294,133,0.894,0.635066079358785
25,66,294,140,0.9026666666666666,0.6297551231496535
26,53,299,148,0.9195,0.6174374082147353
27,42,293,165,0.9385,0.6318991083107519
28,34,292,174,0.9476666666666667,0.612673833533757
29,29,283,188,0.9556666666666667,0.6152544982351391
30,26,274,200,0.9615,0.6284853486104093
31,22,270,208,0.9673333333333334,0.6272554857591415
32,18,260,222,0.974,0.6385062090253666
33,16,253,231,0.978,0.6550066783301837
34,16,244,240,0.9786666666666667,0.665341491155283
35,14,236,250,0.9813333333333333,0.6683750287847788
36,12,218,270,0.9858333333333333,0.7054426993388988
37,9,210,281,0.9896666666666667,0.7126613705739925
38,5,204,291,0.995,0.7471558888985722
39,4,195,301,0.9965,0.7746100724340164
40,4,187,309,0.9965,0.7746100724340164
41,4,178,318,0.997,0.8068846676093868
42,2,173,325,0.998,0.7487864386486953
43,2,167,331,0.998,0.7487864386486953
44,2,161,337,0.9981666666666666,0.7705534862838318
45,1,156,343,0.9993333333333333,0.841078720621674
46,1,149,350,0.9995,0.8811300882703251
47,1,140,359,0.9996666666666667,0.9211814559189764
48,1,134,365,0.9996666666666667,0.9211814559189764
49,1,130,369,0.9996666666666667,0.9211814559189764
50,1,128,371,0.9996666666666667,0.9211814559189764
51,1,122,377,0.9996666666666667,0.9211814559189764
52,0,120,380,1.0,
53,0,114,386,1.0,
54,0,111,389,1.0,
55,0,110,390,1.0,
56,0,106,394,1.0,
57,0,100,400,1.0,
58,0,98,402,1.0,
59,0,92,408,1.0,
60,0,90,410,1.0,
61,0,86,414,1.0,
62,0,82,418,1.0,
63,0,79,421,1.0,
64,0,74,426,1.0,
65,0,73,427,1.0,
66,0,70,430,1.0,
67,0,68,432,1.0,
68,0,64,436,1.0,
69,0,59,441,1.0,
70,0,56,444,1.0,
71,0,53,447,1.0,
72,0,51,449,1.0,
73,0,51,449,1.0,
74,0,51,449,1.0,
75,0,50,450,1.0,
76,0,47,453,1.0,
77,0,46,454,1.0,
78,0,44,456,1.0,
79,0,42,458,1.0,
80,0,39,461,1.0,
81,0,38,462,1.0,
82,0,38,462,1.0,
83,0,34,466,1.0,
84,0,31,469,1.0,
85,0,31,469,1.0,
86,0,30,470,1.0,
87,0,29,471,1.0,
88,0,27,473,1.0,
89,0,26,474,1.0,
90,0,26,474,1.0,
91,0,24,476,1.0,
92,0,23,477,1.0,
93,0,22,478,1.0,
94,0,21,479,1.0,
95,0,20,480,1.0,
96,0,18,482,1.0,
97,0,17,483,1.0,
98,0,16,484,1.0,
99,0,16,484,1.0,
100,0,15,485,1.0,
101,0,15,485,1.0,
102,0,14,486,1.0,
103,0,13,487,1.0,
104,0,12,488,1.0,
105,0,12,488,1.0,
106,0,12,488,1.0,
107,0,12,488,1.0,
108,0,11,489,1.0,
109,0,11,489,1.0,
110,0,11,489,1.0,
111,0,10,490,1.0,
112,0,9,491,1.0,
113,0,9,491,1.0,
114,0,9,491,1.0,
115,0,8,492,1.0,
116,0,8,492,1.0,
117,0,8,492,1.0,
118,0,8,492,1.0,
119,0,7,493,1.0,
120,0,7,493,1.0,
121,0,7,493,1.0,
122,0,7,493,1.0,
123,0,7,493,1.0,
124,0,7,493,1.0,
125,0,7,493,1.0,
126,0,7,493,1.0,
127,0,6,494,1.0,
128,0,5,495,1.0,
129,0,5,495,1.0,
130,0,4,496,1.0,
131,0,4,496,1.0,
132,0,4,496,1.0,
133,0,4,496,1.0,
134,0,3,497,1.0,
135,0,3,497,1.0,
136,0,3,497,1.0,
137,0,3,497,1.0,
138,0,3,497,1.0,
139,0,3,497,1.0,
140,0,3,497,1.0,
141,0,3,497,1.0,
142,0,3,497,1.0,
143,0,3,497,1.0,
144,0,3,497,1.0,
145,0,3,497,1.0,
146,0,2,498,1.0,
147,0,2,498,1.0,
148,0,2,498,1.0,
149,0,2,498,1.0,
150,0,1,499,1.0,
151,0,1,499,1.0,
152,0,1,499,1.0,
153,0,1,499,1.0,
154,0,1,499,1.0,
155,0,1,499,1.0,
156,0,1,499,1.0,
157,0,1,499,1.0,
158,0,1,499,1.0,
159,0,1,499,1.0,
160,0,1,499,1.0,
161,0,1,499,1.0,
162,0,1,499,1.0,
163,0,1,499,1.0,
164,0,1,499,1.0,
165,0,1,499,1.0,
166,0,1,499,1.0,
167,0,1,499,1.0,
168,0,1,499,1.0,
169,0,1,499,1.0,
170,0,1,499,1.0,
171,0,1,499,1.0,
172,0,1,499,1.0,
173,0,1,499,1.0,
174,0,1,499,1.0,
175,0,1,499,1.0,
176,0,1,499,1.0,
177,0,1,499,1.0,
178,0,1,499,1.0,
179,0,1,499,1.0,
180,0,1,499,1.0,
181,0,1,499,1.0,
182,0,1,499,1.0,
183,0,1,499,1.0,
184,0,1,499,1.0,
185,0,1,499,1.0,
186,0,1,499,1.0,
187,0,1,499,1.0,
188,0,1,499,1.0,
189,0,1,499,1.0,
190,0,1,499,1.0,
191,0,1,499,1.0,
192,0,1,499,1.0,
193,0,1,499,1.0,
194,0,1,499,1.0,
195,0,1,499,1.0,
196,0,1,499,1.0,
197,0,1,499,1.0,
198,0,1,499,1.0,
199,0,1,499,1.0,
200,0,1,499,1.0,
1,498,2,0,0.9976666666666667,1.0
2,497,3,0,0.995,0.9986339662076599
3,495,5,0,0.9923333333333333,0.9972765349524083
4,494,5,1,0.9921666666666666,0.9971869707713653
5,492,7,1,0.989,0.9955449931088574
6,487,12,1,0.9831666666666666,0.9924630845950679
7,478,21,1,0.9666666666666667,0.9836652844791394
8,471,26,3,0.9576666666666667,0.9787357623168361
9,456,38,6,0.9448333333333333,0.9709462476204568
10,444,49,7,0.925,0.9590804735539428
11,427,64,9,0.9066666666666666,0.9466319891858324
12,409,79,12,0.8811666666666667,0.9286470823289772
13,378,106,16,0.848,0.9010664832907124
14,357,122,21,0.8215,0.8766994717531201
15,331,139,30,0.7936666666666666,0.8455544339724765
16,302,162,36,0.7645,0.806400393842338
17,265,193,42,0.7481666666666666,0.7637269146191947
18,223,227,50,0.7391666666666666,0.7090027917276832
19,186,252,62,0.7608333333333334,0.6797416701168366
20,156,271,73,0.7786666666666666,0.6476306006737113
21,136,271,93,0.805,0.6427102285802632
22,117,279,104,0.8266666666666667,0.6301980411702486
23,94,289,117,0.8558333333333333,0.6161628691560208
24,77,300,123,0.8765,0.597545523294856
25,62,292,146,0.9045,0.6135055988496828
26,47,293,160,0.9246666666666666,0.5992365289859618
27,40,289,171,0.935,0.593458260998112
28,36,276,188,0.9446666666666667,0.614219062411777
29,25,281,194,0.9581666666666667,0.5833133793500795
30,20,278,202,0.9663333333333334,0.5756932667347402
31,16,270,214,0.9748333333333333,0.6039878440506318
32,14,254,232,0.9803333333333333,0.6443344666100445
33,10,249,241,0.9865,0.6561765988476085
34,9,239,252,0.9881666666666666,0.6643940606956352
35,9,230,261,0.9886666666666667,0.6793648419818931
36,7,222,271,0.992,0.7090291983294926
37,5,213,282,0.994,0.7005496491005082
38,5,207,288,0.9941666666666666,0.7088929806711957
39,4,201,295,0.9951666666666666,0.6983912654985259
40,2,188,310,0.9978333333333333,0.7339229753832582
41,2,178,320,0.9981666666666666,0.7739709669225582
42,2,175,323,0.9981666666666666,0.7739709669225582
43,1,172,327,0.9993333333333333,0.8270780861377169
44,1,163,336,0.9995,0.8706085117239125
45,1,158,341,0.9995,0.8706085117239125
46,1,153,346,0.9995,0.8706085117239125
47,1,147,352,0.9995,0.8706085117239125
48,1,136,363,0.9996666666666667,0.9141389373101081
49,1,131,368,0.9996666666666667,0.9141389373101081
50,1,126,373,0.9996666666666667,0.9141389373101081
51,1,121,378,0.9996666666666667,0.9141389373101081
52,1,117,382,0.9996666666666667,0.9141389373101081
53,1,116,383,0.9996666666666667,0.9141389373101081
54,1,113,386,0.9996666666666667,0.9141389373101081
55,0,108,392,1.0,
56,0,106,394,1.0,
57,0,102,398,1.0,
58,0,99,401,1.0,
59,0,95,405,1.0,
60,0,90,410,1.0,
61,0,85,415,1.0,
62,0,81,419,1.0,
63,0,80,420,1.0,
64,0,77,423,1.0,
65,0,75,425,1.0,
66,0,70,430,1.0,
67,0,67,433,1.0,
68,0,65,435,1.0,
69,0,60,440,1.0,
70,0,57,443,1.0,
71,0,55,445,1.0,
72,0,54,446,1.0,
73,0,51,449,1.0,
74,0,51,449,1.0,
75,0,50,450,1.0,
76,0,48,452,1.0,
77,0,46,454,1.0,
78,0,44,456,1.0,
79,0,44,456,1.0,
80,0,42,458,1.0,
81,0,40,460,1.0,
82,0,39,461,1.0,
83,0,39,461,1.0,
84,0,38,462,1.0,
85,0,37,463,1.0,
86,0,36,464,1.0,
87,0,35,465,1.0,
88,0,33,467,1.0,
89,0,32,468,1.0,
90,0,32,468,1.0,
91,0,31,469,1.0,
92,0,29,471,1.0,
93,0,25,475,1.0,
94,0,23,477,1.0,
95,0,21,479,1.0,
96,0,19,481,1.0,
97,0,19,481,1.0,
98,0,18,482,1.0,
99,0,16,484,1.0,
100,0,16,484,1.0,
101,0,15,485,1.0,
102,0,15,485,1.0,
103,0,15,485,1.0,
104,0,14,486,1.0,
105,0,14,486,1.0,
106,0,14,486,1.0,
107,0,14,486,1.0,
108,0,13,487,1.0,
109,0,13,487,1.0,
110,0,12,488,1.0,
111,0,12,488,1.0,
112,0,12,488,1.0,
113,0,12,488,1.0,
114,0,11,489,1.0,
115,0,10,490,1.0,
116,0,10,490,1.0,
117,0,9,491,1.0,
118,0,9,491,1.0,
119,0,9,491,1.0,
120,0,9,491,1.0,
121,0,9,491,1.0,
122,0,9,491,1.0,
123,0,9,491,1.0,
124,0,9,491,1.0,
125,0,9,491,1.0,
126,0,9,491,1.0,
127,0,9,491,1.0,
128,0,8,492,1.0,
129,0,8,492,1.0,
130,0,8,492,1.0,
131,0,8,492,1.0,
132,0,6,494,1.0,
133,0,6,494,1.0,
134,0,6,494,1.0,
135,0,5,495,1.0,
136,0,5,495,1.0,
137,0,5,495,1.0,
138,0,5,495,1.0,
139,0,5,495,1.0,
140,0,4,496,1.0,
141,0,4,496,1.0,
142,0,4,496,1.0,
143,0,4,496,1.0,
144,0,4,496,1.0,
145,0,4,496,1.0,
146,0,4,496,1.0,
147,0,3,497,1.0,
148,0,3,497,1.0,
149,0,3,497,1.0,
150,0,3,497,1.0,
151,0,2,498,1.0,
152,0,2,498,1.0,
153,0,2,498,1.0,
154,0,2,498,1.0,
155,0,2,498,1.0,
156,0,2,498,1.0,
157,0,2,498,1.0,
158,0,2,498,1.0,
159,0,2,498,1.0,
160,0,2,498,1.0,
161,0,2,498,1.0,
162,0,2,498,1.0,
163,0,2,498,1.0,
164,0,2,498,1.0,
165,0,2,498,1.0,
166,0,2,498,1.0,
167,0,2,498,1.0,
168,0,2,498,1.0,
169,0,2,498,1.0,
170,0,2,498,1.0,
171,0,2,498,1.0,
172,0,2,498,1.0,
173,0,2,498,1.0,
174,0,2,498,1.0,
175,0,2,498,1.0,
176,0,2,498,1.0,
177,0,2,498,1.0,
178,0,2,498,1.0,
179,0,2,498,1.0,
180,0,2,498,1.0,
181,0,2,498,1.0,
182,0,2,498,1.0,
183,0,2,498,1.0,
184,0,2,498,1.0,
185,0,2,498,1.0,
186,0,2,498,1.0,
187,0,2,498,1.0,
188,0,2,498,1.0,
189,0,2,498,1.0,
190,0,2,498,1.0,
191,0,2,498,1.0,
192,0,2,498,1.0,
193,0,2,498,1.0,
194,0,2,498,1.0,
195,0,2,498,1.0,
196,0,2,498,1.0,
197,0,2,498,1.0,
198,0,2,498,1.0,
199,0,2,498,1.0,
200,0,2,498,1.0,
1,499,1,0,1.0,1.0
2,498,2,0,0.9973333333333333,0.9986582690053094
3,496,4,0,0.9935,0.9967100431125676
4,494,6,0,0.9915,0.9956794374726956
5,490,10,0,0.985,0.9923168676930878
6,484,16,0,0.9781666666666666,0.9887116406138146
7,478,20,2,0.9708333333333333,0.9847836616014713
8,472,25,3,0.9623333333333334,0.9802011401900865
9,463,34,3,0.947,0.9715878514455845
10,450,44,6,0.9295,0.9610269587274418
11,436,56,8,0.9061666666666667,0.9463891145123694
12,410,78,12,0.8676666666666667,0.9196193580780008
13,392,93,15,0.8485,0.9034947554130118
14,359,120,21,0.8146666666666667,0.8713061789851181
15,328,144,28,0.7853333333333333,0.8369515768587877
16,304,162,34,0.7726666666666666,0.813308439140104
17,268,193,39,0.7428333333333333,0.7599415469645839
18,231,219,50,0.7541666666666667,0.7338577090628663
19,199,240,61,0.7635,0.7019154092979742
20,175,254,71,0.7715,0.6717928368387995
21,141,275,84,0.7955,0.6361275313464644
22,118,293,89,0.82,0.6178159561173563
23,94,307,99,0.8476666666666667,0.5940684511637334
24,72,310,118,0.8811666666666667,0.587346906761158
25,60,309,131,0.9008333333333334,0.5866711850950981
26,51,308,141,0.9151666666666667,0.587030416301516
27,39,311,150,0.9346666666666666,0.5825166639380687
28,29,307,164,0.9531666666666667,0.5968701313678825
29,24,296,180,0.9623333333333334,0.6073751731360427
30,21,291,188,0.969,0.6315274580491971
31,17,289,194,0.9745,0.6229426668812857
32,15,276,209,0.9778333333333333,0.6293703591094896
33,11,266,223,0.9835,0.619956236122244
34,10,263,227,0.9855,0.6334156278504105
35,8,257,235,0.9893333333333333,0.6644185796087969
36,8,249,243,0.9895,0.6698533622174926
37,6,245,249,0.9926666666666667,0.696395392047566
38,4,238,258,0.9946666666666667,0.6700459866220736
39,4,226,270,0.9946666666666667,0.6700459866220736
40,3,219,278,0.9965,0.7010869565217391
41,3,208,289,0.9965,0.7010869565217391
42,2,199,299,0.9978333333333333,0.723731884057971
43,2,187,311,0.998,0.7445652173913043
44,2,179,319,0.998,0.7445652173913043
45,2,168,330,0.998,0.7445652173913043
46,2,164,334,0.998,0.7445652173913043
47,2,158,340,0.998,0.7445652173913043
48,2,156,342,0.998,0.7445652173913043
49,2,151,347,0.9981666666666666,0.7653985507246377
50,2,145,353,0.9981666666666666,0.7653985507246377
51,2,141,357,0.9981666666666666,0.7653985507246377
52,2,136,362,0.9983333333333333,0.7871376811594203
53,2,132,366,0.9985,0.8088768115942029
54,2,124,374,0.9986666666666667,0.8306159420289855
55,1,122,377,0.9995,0.8695652173913043
56,1,114,385,0.9995,0.8695652173913043
57,1,113,386,0.9995,0.8695652173913043
58,1,111,388,0.9996666666666667,0.9130434782608695
59,1,106,393,0.9996666666666667,0.9130434782608695
60,1,102,397,0.9996666666666667,0.9130434782608695
61,1,96,403,0.9996666666666667,0.9130434782608695
62,1,92,407,0.9996666666666667,0.9130434782608695
63,1,86,413,0.9996666666666667,0.9130434782608695
64,1,81,418,0.9996666666666667,0.9130434782608695
65,1,77,422,0.9996666666666667,0.9130434782608695
66,1,74,425,0.9996666666666667,0.9130434782608695
67,1,73,426,0.9996666666666667,0.9130434782608695
68,1,72,427,0.9996666666666667,0.9130434782608695
69,1,69,430,0.9996666666666667,0.9130434782608695
70,1,67,432,0.9996666666666667,0.9130434782608695
71,1,62,437,0.9996666666666667,0.9130434782608695
72,1,60,439,0.9996666666666667,0.9130434782608695
73,1,57,442,0.9996666666666667,0.9130434782608695
74,1,56,443,0.9996666666666667,0.9130434782608695
75,1,55,444,0.9996666666666667,0.9130434782608695
76,1,50,449,0.9996666666666667,0.9130434782608695
77,1,48,451,0.9996666666666667,0.9130434782608695
78,1,46,453,0.9996666666666667,0.9130434782608695
79,1,42,457,0.9996666666666667,0.9130434782608695
80,0,39,461,1.0,
81,0,39,461,1.0,
82,0,36,464,1.0,
83,0,33,467,1.0,
84,0,29,471,1.0,
85,0,29,471,1.0,
86,0,26,474,1.0,
87,0,25,475,1.0,
88,0,23,477,1.0,
89,0,22,478,1.0,
90,0,22,478,1.0,
91,0,20,480,1.0,
92,0,19,481,1.0,
93,0,18,482,1.0,
94,0,14,486,1.0,
95,0,13,487,1.0,
96,0,12,488,1.0,
97,0,11,489,1.0,
98,0,11,489,1.0,
99,0,11,489,1.0,
100,0,11,489,1.0,
101,0,11,489,1.0,
102,0,11,489,1.0,
103,0,11,489,1.0,
104,0,11,489,1.0,
105,0,11,489,1.0,
106,0,11,489,1.0,
107,0,11,489,1.0,
108,0,9,491,1.0,
109,0,8,492,1.0,
110,0,8,492,1.0,
111,0,8,492,1.0,
112,0,6,494,1.0,
113,0,6,494,1.0,
114,0,5,495,1.0,
115,0,4,496,1.0,
116,0,4,496,1.0,
117,0,4,496,1.0,
118,0,4,496,1.0,
119,0,4,496,1.0,
120,0,4,496,1.0,
121,0,4,496,1.0,
122,0,4,496,1.0,
123,0,4,496,1.0,
124,0,4,496,1.0,
125,0,4,496,1.0,
126,0,4,496,1.0,
127,0,4,496,1.0,
128,0,4,496,1.0,
129,0,4,496,1.0,
130,0,4,496,1.0,
131,0,4,496,1.0,
132,0,4,496,1.0,
133,0,4,496,1.0,
134,0,4,496,1.0,
135,0,4,496,1.0,
136,0,3,497,1.0,
137,0,3,497,1.0,
138,0,3,497,1.0,
139,0,3,497,1.0,
140,0,3,497,1.0,
141,0,3,497,1.0,
142,0,3,497,1.0,
143,0,3,497,1.0,
144,0,3,497,1.0,
145,0,3,497,1.0,
146,0,2,498,1.0,
147,0,2,498,1.0,
148,0,2,498,1.0,
149,0,2,498,1.0,
150,0,2,498,1.0,
151,0,2,498,1.0,
152,0,2,498,1.0,
153,0,2,498,1.0,
154,0,1,499,1.0,
155,0,1,499,1.0,
156,0,1,499,1.0,
157,0,1,499,1.0,
158,0,1,499,1.0,
159,0,1,499,1.0,
160,0,1,499,1.0,
161,0,1,499,1.0,
162,0,1,499,1.0,
163,0,1,499,1.0,
164,0,1,499,1.0,
165,0,1,499,1.0,
166,0,1,499,1.0,
167,0,1,499,1.0,
168,0,1,499,1.0,
169,0,1,499,1.0,
170,0,1,499,1.0,
171,0,1,499,1.0,
172,0,1,499,1.0,
173,0,1,499,1.0,
174,0,1,499,1.0,
175,0,1,499,1.0,
176,0,1,499,1.0,
177,0,1,499,1.0,
178,0,1,499,1.0,
179,0,1,499,1.0,
180,0,1,499,1.0,
181,0,1,499,1.0,
182,0,1,499,1.0,
183,0,1,499,1.0,
184,0,1,499,1.0,
185,0,1,499,1.0,
186,0,1,499,1.0,
187,0,1,499,1.0,
188,0,1,499,1.0,
189,0,1,499,1.0,
190,0,1,499,1.0,
191,0,1,499,1.0,
192,0,1,499,1.0,
193,0,1,499,1.0,
194,0,1,499,1.0,
195,0,1,499,1.0,
196,0,1,499,1.0,
197,0,1,499,1.0,
198,0,1,499,1.0,
199,0,1,499,1.0,
200,0,1,499,1.0,
1,495,5,0,0.9923333333333333,1.0
2,492,8,0,0.9866666666666667,0.9970782147322517
3,489,10,1,0.9858333333333333,0.9966447226391477
4,480,17,3,0.9793333333333333,0.9930169769303105
5,471,25,4,0.9633333333333334,0.9842227411679356
6,464,31,5,0.9578333333333333,0.9808647850798943
7,459,36,5,0.95,0.9763917041443965
8,443,52,5,0.9266666666666666,0.9621001029280257
9,429,62,9,0.9121666666666667,0.9522624993737522
10,410,77,13,0.8875,0.9348930088479074
11,385,93,22,0.8588333333333333,0.9116456498127469
12,359,115,26,0.8241666666666667,0.8807084749970269
13,334,136,30,0.7951666666666667,0.8494880729742644
14,301,165,34,0.7686666666666667,0.8100329242809975
15,264,196,40,0.7616666666666667,0.7762777967339576
16,221,232,47,0.7521666666666667,0.7209247736944898
17,194,250,56,0.7615,0.6933140678272945
18,166,273,61,0.7661666666666667,0.647316685464322
19,141,286,73,0.793,0.6331974389590024
20,125,288,87,0.8158333333333333,0.6326413679937455
21,99,300,101,0.846,0.6135001670991024
22,81,310,109,0.8705,0.6015233772781329
23,67,305,128,0.8955,0.6106753585151973
24,55,297,148,0.914,0.6079245385301121
25,43,297,160,0.9331666666666667,0.6086425817613785
26,35,296,169,0.9433333333333334,0.5931445070547491
27,25,295,180,0.9606666666666667,0.5993270604044183
28,19,287,194,0.9718333333333333,0.621976141406363
29,16,281,203,0.9768333333333333,0.6310637634070466
30,12,280,208,0.9831666666666666,0.6396872010324625
31,8,273,219,0.9888333333333333,0.6427991725634136
32,6,262,232,0.9923333333333333,0.6738425559758143
33,6,255,239,0.9925,0.6811175093466731
34,5,251,244,0.994,0.6951217945855768
35,4,239,257,0.9951666666666666,0.6947580469170338
36,3,230,267,0.996,0.6644457412051213
37,2,217,281,0.997,0.6201897748657291
38,1,209,290,0.9983333333333333,0.585633746354149
39,0,201,299,1.0,
40,0,189,311,1.0,
41,0,179,321,1.0,
42,0,173,327,1.0,
43,0,170,330,1.0,
44,0,158,342,1.0,
45,0,153,347,1.0,
46,0,148,352,1.0,
47,0,141,359,1.0,
48,0,134,366,1.0,
49,0,132,368,1.0,
50,0,129,371,1.0,
51,0,123,377,1.0,
52,0,118,382,1.0,
53,0,114,386,1.0,
54,0,107,393,1.0,
55,0,105,395,1.0,
56,0,101,399,1.0,
57,0,97,403,1.0,
58,0,92,408,1.0,
59,0,90,410,1.0,
60,0,89,411,1.0,
61,0,87,413,1.0,
62,0,81,419,1.0,
63,0,80,420,1.0,
64,0,74,426,1.0,
65,0,72,428,1.0,
66,0,66,434,1.0,
67,0,63,437,1.0,
68,0,61,439,1.0,
69,0,57,443,1.0,
70,0,52,448,1.0,
71,0,52,448,1.0,
72,0,51,449,1.0,
73,0,49,451,1.0,
74,0,49,451,1.0,
75,0,49,451,1.0,
76,0,49,451,1.0,
77,0,45,455,1.0,
78,0,43,457,1.0,
79,0,39,461,1.0,
80,0,37,463,1.0,
81,0,37,463,1.0,
82,0,37,463,1.0,
83,0,37,463,1.0,
84,0,36,464,1.0,
85,0,34,466,1.0,
86,0,33,467,1.0,
87,0,31,469,1.0,
88,0,29,471,1.0,
89,0,27,473,1.0,
90,0,27,473,1.0,
91,0,27,473,1.0,
92,0,26,474,1.0,
93,0,24,476,1.0,
94,0,23,477,1.0,
95,0,23,477,1.0,
96,0,22,478,1.0,
97,0,20,480,1.0,
98,0,19,481,1.0,
99,0,18,482,1.0,
100,0,18,482,1.0,
101,0,17,483,1.0,
102,0,17,483,1.0,
103,0,17,483,1.0,
104,0,17,483,1.0,
105,0,15,485,1.0,
106,0,14,486,1.0,
107,0,13,487,1.0,
108,0,12,488,1.0,
109,0,12,488,1.0,
110,0,12,488,1.0,
111,0,12,488,1.0,
112,0,12,488,1.0,
113,0,12,488,1.0,
114,0,12,488,1.0,
115,0,12,488,1.0,
116,0,12,488,1.0,
117,0,12,488,1.0,
118,0,12,488,1.0,
119,0,12,488,1.0,
120,0,11,489,1.0,
121,0,11,489,1.0,
122,0,9,491,1.0,
123,0,7,493,1.0,
124,0,7,493,1.0,
125,0,7,493,1.0,
126,0,7,493,1.0,
127,0,7,493,1.0,
128,0,7,493,1.0,
129,0,7,493,1.0,
130,0,6,494,1.0,
131,0,6,494,1.0,
132,0,6,494,1.0,
133,0,6,494,1.0,
134,0,3,497,1.0,
135,0,3,497,1.0,
136,0,3,497,1.0,
137,0,3,497,1.0,
138,0,3,497,1.0,
139,0,3,497,1.0,
140,0,3,497,1.0,
141,0,2,498,1.0,
142,0,2,498,1.0,
143,0,1,499,1.0,
144,0,1,499,1.0,
145,0,1,499,1.0,
146,0,1,499,1.0,
147,0,1,499,1.0,
148,0,1,499,1.0,
149,0,1,499,1.0,
150,0,1,499,1.0,
151,0,1,499,1.0,
152,0,1,499,1.0,
153,0,1,499,1.0,
154,0,1,499,1.0,
155,0,1,499,1.0,
156,0,1,499,1.0,
157,0,1,499,1.0,
158,0,1,499,1.0,
159,0,1,499,1.0,
160,0,1,499,1.0,
161,0,1,499,1.0,
162,0,1,499,1.0,
163,0,1,499,1.0,
164,0,1,499,1.0,
165,0,1,499,1.0,
166,0,1,499,1.0,
167,0,1,499,1.0,
168,0,1,499,1.0,
169,0,1,499,1.0,
170,0,1,499,1.0,
171,0,1,499,1.0,
172,0,0,500,1.0,
173,0,0,500,1.0,
174,0,0,500,1.0,
175,0,0,500,1.0,
176,0,0,500,1.0,
177,0,0,500,1.0,
178,0,0,500,1.0,
179,0,0,500,1.0,
180,0,0,500,1.0,
181,0,0,500,1.0,
182,0,0,500,1.0,
183,0,0,500,1.0,
184,0,0,500,1.0,
185,0,0,500,1.0,
186,0,0,500,1.0,
187,0,0,500,1.0,
188,0,0,500,1.0,
189,0,0,500,1.0,
190,0,0,500,1.0,
191,0,0,500,1.0,
192,0,0,500,1.0,
193,0,0,500,1.0,
194,0,0,500,1.0,
195,0,0,500,1.0,
196,0,0,500,1.0,
197,0,0,500,1.0,
198,0,0,500,1.0,
199,0,0,500,1.0,
200,0,0,500,1.0,
1,498,2,0,1.0,1.0
2,494,6,0,0.9911666666666666,0.9955027946816364
3,492,8,0,0.9875,0.9936487405182173
4,484,16,0,0.9726666666666667,0.9859529501619871
5,475,24,1,0.9578333333333333,0.9778933750714072
6,471,28,1,0.9528333333333333,0.9750048494537554
7,462,35,3,0.9455,0.9706206520125211
8,456,41,3,0.9391666666666667,0.9666791997412707
9,445,48,7,0.9283333333333333,0.959784729609351
10,419,72,9,0.8963333333333333,0.9380934408655691
11,396,91,13,0.8668333333333333,0.9158116027988665
12,368,115,17,0.838,0.8899313948977228
13,342,134,24,0.8116666666666666,0.8625391672861795
14,307,163,30,0.7751666666666667,0.8169911466944464
15,275,183,42,0.7725,0.7936561502909328
16,234,214,52,0.7618333333333334,0.7462395651061574
17,201,232,67,0.7731666666666667,0.7190007836676666
18,174,248,78,0.7826666666666666,0.6882772570591161
19,149,257,94,0.7975,0.6602191262681487
20,132,254,114,0.8183333333333334,0.6559940158046218
21,109,268,123,0.8358333333333333,0.6250138916911951
22,96,268,136,0.8558333333333333,0.6261823514314456
23,79,274,147,0.8823333333333333,0.628651079041833
24,62,285,153,0.905,0.617920252699355
25,52,283,165,0.9186666666666666,0.6091141349669779
26,45,279,176,0.93,0.6108209335842187
27,40,278,182,0.9398333333333333,0.6248388234149104
28,29,282,189,0.9573333333333334,0.6363148553928164
29,24,274,202,0.9668333333333333,0.6567755945745076
30,22,263,215,0.9708333333333333,0.6707307185568055
31,19,257,224,0.9758333333333333,0.6811083729390365
32,18,249,233,0.9781666666666666,0.6957221602873777
33,15,237,248,0.9828333333333333,0.7118201412114455
34,12,234,254,0.9865,0.718579524340394
35,9,221,270,0.9911666666666666,0.7520401337792642
36,9,212,279,0.9915,0.7612993930385233
37,5,214,281,0.9948333333333333,0.7344202898550726
38,5,203,292,0.9951666666666666,0.7518115942028986
39,4,198,298,0.9963333333333333,0.7653985507246377
40,4,191,305,0.9966666666666667,0.7866847826086957
41,4,185,311,0.9968333333333333,0.7971014492753623
42,4,178,318,0.9968333333333333,0.7971014492753623
43,2,167,331,0.9983333333333333,0.7880434782608696
44,2,157,341,0.9983333333333333,0.7880434782608696
45,2,149,349,0.9985,0.8097826086956521
46,2,139,359,0.9985,0.8097826086956521
47,2,135,363,0.9985,0.8097826086956521
48,2,130,368,0.9985,0.8097826086956521
49,1,127,372,0.9995,0.8695652173913043
50,1,121,378,0.9995,0.8695652173913043
51,1,117,382,0.9995,0.8695652173913043
52,1,112,387,0.9995,0.8695652173913043
53,1,108,391,0.9996666666666667,0.9130434782608695
54,1,107,392,0.9996666666666667,0.9130434782608695
55,1,103,396,0.9996666666666667,0.9130434782608695
56,1,100,399,0.9996666666666667,0.9130434782608695
57,1,94,405,0.9996666666666667,0.9130434782608695
58,1,92,407,0.9996666666666667,0.9130434782608695
59,1,89,410,0.9996666666666667,0.9130434782608695
60,1,88,411,0.9996666666666667,0.9130434782608695
61,1,81,418,0.9996666666666667,0.9130434782608695
62,0,75,425,1.0,
63,0,74,426,1.0,
64,0,70,430,1.0,
65,0,65,435,1.0,
66,0,63,437,1.0,
67,0,61,439,1.0,
68,0,57,443,1.0,
69,0,56,444,1.0,
70,0,51,449,1.0,
71,0,50,450,1.0,
72,0,49,451,1.0,
73,0,48,452,1.0,
74,0,47,453,1.0,
75,0,45,455,1.0,
76,0,41,459,1.0,
77,0,39,461,1.0,
78,0,38,462,1.0,
79,0,37,463,1.0,
80,0,35,465,1.0,
81,0,35,465,1.0,
82,0,33,467,1.0,
83,0,33,467,1.0,
84,0,31,469,1.0,
85,0,29,471,1.0,
86,0,29,471,1.0,
87,0,28,472,1.0,
88,0,27,473,1.0,
89,0,26,474,1.0,
90,0,26,474,1.0,
91,0,25,475,1.0,
92,0,24,476,1.0,
93,0,22,478,1.0,
94,0,22,478,1.0,
95,0,21,479,1.0,
96,0,20,480,1.0,
97,0,20,480,1.0,
98,0,19,481,1.0,
99,0,16,484,1.0,
100,0,16,484,1.0,
101,0,16,484,1.0,
102,0,16,484,1.0,
103,0,16,484,1.0,
104,0,15,485,1.0,
105,0,14,486,1.0,
106,0,13,487,1.0,
107,0,13,487,1.0,
108,0,11,489,1.0,
109,0,10,490,1.0,
110,0,8,492,1.0,
111,0,7,493,1.0,
112,0,5,495,1.0,
113,0,5,495,1.0,
114,0,4,496,1.0,
115,0,4,496,1.0,
116,0,4,496,1.0,
117,0,4,496,1.0,
118,0,4,496,1.0,
119,0,4,496,1.0,
120,0,4,496,1.0,
121,0,3,497,1.0,
122,0,3,497,1.0,
123,0,3,497,1.0,
124,0,3,497,1.0,
125,0,3,497,1.0,
126,0,3,497,1.0,
127,0,3,497,1.0,
128,0,3,497,1.0,
129,0,2,498,1.0,
130,0,2,498,1.0,
131,0,2,498,1.0,
132,0,2,498,1.0,
133,0,2,498,1.0,
134,0,2,498,1.0,
135,0,2,498,1.0,
136,0,2,498,1.0,
137,0,2,498,1.0,
138,0,2,498,1.0,
139,0,2,498,1.0,
140,0,2,498,1.0,
141,0,2,498,1.0,
142,0,2,498,1.0,
143,0,2,498,1.0,
144,0,2,498,1.0,
145,0,2,498,1.0,
146,0,2,498,1.0,
147,0,2,498,1.0,
148,0,2,498,1.0,
149,0,2,498,1.0,
150,0,2,498,1.0,
151,0,2,498,1.0,
152,0,2,498,1.0,
153,0,1,499,1.0,
154,0,1,499,1.0,
155,0,0,500,1.0,
156,0,0,500,1.0,
157,0,0,500,1.0,
158,0,0,500,1.0,
159,0,0,500,1.0,
160,0,0,500,1.0,
161,0,0,500,1.0,
162,0,0,500,1.0,
163,0,0,500,1.0,
164,0,0,500,1.0,
165,0,0,500,1.0,
166,0,0,500,1.0,
167,0,0,500,1.0,
168,0,0,500,1.0,
169,0,0,500,1.0,
170,0,0,500,1.0,
171,0,0,500,1.0,
172,0,0,500,1.0,
173,0,0,500,1.0,
174,0,0,500,1.0,
175,0,0,500,1.0,
176,0,0,500,1.0,
177,0,0,500,1.0,
178,0,0,500,1.0,
179,0,0,500,1.0,
180,0,0,500,1.0,
181,0,0,500,1.0,
182,0,0,500,1.0,
183,0,0,500,1.0,
184,0,0,500,1.0,
185,0,0,500,1.0,
186,0,0,500,1.0,
187,0,0,500,1.0,
188,0,0,500,1.0,
189,0,0,500,1.0,
190,0,0,500,1.0,
191,0,0,500,1.0,
192,0,0,500,1.0,
193,0,0,500,1.0,
194,0,0,500,1.0,
195,0,0,500,1.0,
196,0,0,500,1.0,
197,0,0,500,1.0,
198,0,0,500,1.0,
199,0,0,500,1.0,
200,0,0,500,1.0,
1,496,4,0,0.9938333333333333,1.0
2,495,5,0,0.9926666666666667,0.999427281284292
3,491,8,1,0.9875,0.9967946762262789
4,484,13,3,0.9813333333333333,0.993581260570801
5,478,18,4,0.9716666666666667,0.9883749953705616
6,472,24,4,0.9641666666666666,0.9842503017234495
7,463,33,4,0.9498333333333333,0.9762003290336598
8,448,46,6,0.939,0.9692824187833787
9,438,56,6,0.9258333333333333,0.9609249206869128
10,426,64,10,0.919,0.9557693312756307
11,410,76,14,0.9048333333333334,0.945390130834713
12,397,84,19,0.8955,0.9376516738501569
13,372,103,25,0.865,0.9127121578278722
14,346,123,31,0.834,0.8833565632881221
15,317,146,37,0.8028333333333333,0.8478185538235913
16,281,176,43,0.7783333333333333,0.8062902738741436
17,250,201,49,0.7575,0.760971077247687
18,220,227,53,0.7518333333333334,0.7208732932251007
19,189,251,60,0.7586666666666667,0.6829140908206809
20,162,258,80,0.7845,0.6691392443701689
21,140,266,94,0.8063333333333333,0.656478184853687
22,115,278,107,0.8336666666666667,0.6400651284011537
23,92,289,119,0.8578333333333333,0.6140581450027462
24,80,297,123,0.8695,0.5941560928619358
25,65,304,131,0.891,0.5831977838683113
26,54,308,138,0.9086666666666666,0.5783501170678454
27,49,295,156,0.919,0.5881131222239772
28,37,296,167,0.9388333333333333,0.5846417742616208
29,33,294,173,0.945,0.5812681002910466
30,28,287,185,0.955,0.5977300115015367
31,22,280,198,0.9643333333333334,0.5952389113068203
32,17,272,211,0.9736666666666667,0.6124668974416864
33,13,271,216,0.98,0.6147677143785687
34,10,265,225,0.9848333333333333,0.6209366775511603
35,9,263,228,0.9865,0.6269290712430642
36,8,258,234,0.9888333333333333,0.6532743013983661
37,8,241,251,0.9898333333333333,0.6845678244112945
38,6,233,261,0.993,0.7031217689802689
39,6,223,271,0.9931666666666666,0.7100881782160877
40,6,214,280,0.9938333333333333,0.7405775277286968
41,5,210,285,0.995,0.7465782848637348
42,5,201,294,0.9951666666666666,0.7553014407764121
43,5,185,310,0.996,0.7967945857343806
44,5,180,315,0.9961666666666666,0.8055177416470578
45,4,175,321,0.9973333333333333,0.8307465435245497
46,3,166,331,0.9978333333333333,0.8184963626670929
47,2,159,339,0.9988333333333334,0.8465426306166403
48,2,153,345,0.9988333333333334,0.8465426306166403
49,2,149,349,0.9988333333333334,0.8465426306166403
50,2,143,355,0.999,0.8683505203983335
51,1,140,359,0.9993333333333333,0.8207696699655482
52,1,135,364,0.9993333333333333,0.8207696699655482
53,1,131,368,0.9993333333333333,0.8207696699655482
54,1,124,375,0.9993333333333333,0.8207696699655482
55,0,118,382,1.0,
56,0,115,385,1.0,
57,0,108,392,1.0,
58,0,104,396,1.0,
59,0,96,404,1.0,
60,0,91,409,1.0,
61,0,90,410,1.0,
62,0,85,415,1.0,
63,0,80,420,1.0,
64,0,78,422,1.0,
65,0,75,425,1.0,
66,0,73,427,1.0,
67,0,71,429,1.0,
68,0,68,432,1.0,
69,0,64,436,1.0,
70,0,62,438,1.0,
71,0,59,441,1.0,
72,0,57,443,1.0,
73,0,53,447,1.0,
74,0,52,448,1.0,
75,0,50,450,1.0,
76,0,48,452,1.0,
77,0,48,452,1.0,
78,0,46,454,1.0,
79,0,44,456,1.0,
80,0,44,456,1.0,
81,0,44,456,1.0,
82,0,42,458,1.0,
83,0,41,459,1.0,
84,0,39,461,1.0,
85,0,39,461,1.0,
86,0,39,461,1.0,
87,0,37,463,1.0,
88,0,37,463,1.0,
89,0,36,464,1.0,
90,0,34,466,1.0,
91,0,33,467,1.0,
92,0,31,469,1.0,
93,0,28,472,1.0,
94,0,27,473,1.0,
95,0,27,473,1.0,
96,0,27,473,1.0,
97,0,26,474,1.0,
98,0,25,475,1.0,
99,0,25,475,1.0,
100,0,25,475,1.0,
101,0,23,477,1.0,
102,0,20,480,1.0,
103,0,20,480,1.0,
104,0,17,483,1.0,
105,0,17,483,1.0,
106,0,17,483,1.0,
107,0,16,484,1.0,
108,0,14,486,1.0,
109,0,14,486,1.0,
110,0,13,487,1.0,
111,0,13,487,1.0,
112,0,13,487,1.0,
113,0,13,487,1.0,
114,0,12,488,1.0,
115,0,12,488,1.0,
116,0,12,488,1.0,
117,0,12,488,1.0,
118,0,12,488,1.0,
119,0,12,488,1.0,
120,0,11,489,1.0,
121,0,10,490,1.0,
122,0,10,490,1.0,
123,0,10,490,1.0,
124,0,10,490,1.0,
125,0,10,490,1.0,
126,0,10,490,1.0,
127,0,10,490,1.0,
128,0,10,490,1.0,
129,0,10,490,1.0,
130,0,10,490,1.0,
131,0,10,490,1.0,
132,0,9,491,1.0,
133,0,9,491,1.0,
134,0,8,492,1.0,
135,0,8,492,1.0,
136,0,7,493,1.0,
137,0,7,493,1.0,
138,0,7,493,1.0,
139,0,7,493,1.0,
140,0,7,493,1.0,
141,0,7,493,1.0,
142,0,7,493,1.0,
143,0,7,493,1.0,
144,0,7,493,1.0,
145,0,7,493,1.0,
146,0,7,493,1.0,
147,0,7,493,1.0,
148,0,6,494,1.0,
149,0,5,495,1.0,
150,0,5,495,1.0,
151,0,5,495,1.0,
152,0,5,495,1.0,
153,0,5,495,1.0,
154,0,5,495,1.0,
155,0,5,495,1.0,
156,0,5,495,1.0,
157,0,5,495,1.0,
158,0,5,495,1.0,
159,0,4,496,1.0,
160,0,3,497,1.0,
161,0,3,497,1.0,
162,0,3,497,1.0,
163,0,3,497,1.0,
164,0,3,497,1.0,
165,0,3,497,1.0,
166,0,3,497,1.0,
167,0,3,497,1.0,
168,0,3,497,1.0,
169,0,3,497,1.0,
170,0,3,497,1.0,
171,0,2,498,1.0,
172,0,2,498,1.0,
173,0,2,498,1.0,
174,0,2,498,1.0,
175,0,2,498,1.0,
176,0,2,498,1.0,
177,0,2,498,1.0,
178,0,2,498,1.0,
179,0,2,498,1.0,
180,0,2,498,1.0,
181,0,2,498,1.0,
182,0,2,498,1.0,
183,0,2,498,1.0,
184,0,2,498,1.0,
185,0,2,498,1.0,
186,0,2,498,1.0,
187,0,2,498,1.0,
188,0,1,499,1.0,
189,0,1,499,1.0,
190,0,1,499,1.0,
191,0,1,499,1.0,
192,0,1,499,1.0,
193,0,1,499,1.0,
194,0,1,499,1.0,
195,0,1,499,1.0,
196,0,1,499,1.0,
197,0,1,499,1.0,
198,0,1,499,1.0,
199,0,1,499,1.0,
200,0,1,499,1.0,
1,495,5,0,0.9916666666666667,1.0
2,494,6,0,0.9903333333333333,0.9992963774556386
3,491,8,1,0.9866666666666667,0.9974301726052206
4,484,15,1,0.9731666666666666,0.990344483786753
5,477,21,2,0.9668333333333333,0.9868521747319962
6,476,22,2,0.9648333333333333,0.9857916489278372
7,463,35,2,0.9481666666666667,0.9763408459111749
8,458,40,2,0.9435,0.9734172342706031
9,450,45,5,0.9401666666666667,0.9709302330904112
10,431,60,9,0.9308333333333333,0.9639212385085953
11,411,78,11,0.9116666666666666,0.9500841933388736
12,386,100,14,0.8746666666666667,0.9226909401226171
13,367,116,17,0.866,0.9128458877967676
14,346,130,24,0.8511666666666666,0.8964226758007978
15,324,143,33,0.8415,0.8815694725987622
16,301,157,42,0.8258333333333333,0.858821677289103
17,278,174,48,0.8128333333333333,0.8354448802082262
18,250,191,59,0.798,0.8015099067181344
19,225,205,70,0.8053333333333333,0.7871834886834268
20,203,221,76,0.7998333333333333,0.7568613155246919
21,166,252,82,0.8103333333333333,0.715969722294413
22,148,260,92,0.8248333333333333,0.7058796537546024
23,130,267,103,0.8306666666666667,0.6753703571270008
24,113,273,114,0.8441666666666666,0.6561379098425001
25,98,278,124,0.8588333333333333,0.6398757870079643
26,79,282,139,0.8825,0.627522669162184
27,61,295,144,0.9028333333333334,0.5996456817104125
28,45,297,158,0.9288333333333333,0.600018770234542
29,35,294,171,0.9431666666666667,0.5890894758786537
30,27,290,183,0.9553333333333334,0.5844176850670005
31,22,285,193,0.963,0.5762189087695289
32,16,283,201,0.973,0.5721925339400659
33,11,283,206,0.9816666666666667,0.5764035455479964
34,6,281,213,0.99,0.5749275539285971
35,4,276,220,0.9938333333333333,0.60086641513811
36,3,265,232,0.9956666666666667,0.6325112745095454
37,3,254,243,0.9958333333333333,0.6470657046037247
38,3,249,248,0.9958333333333333,0.6470657046037247
39,3,245,252,0.9958333333333333,0.6470657046037247
40,2,238,260,0.9976666666666667,0.69861264452061
41,2,228,270,0.9978333333333333,0.7204442896618791
42,2,220,278,0.9978333333333333,0.7204442896618791
43,2,212,286,0.998,0.7422759348031481
44,2,206,292,0.998,0.7422759348031481
45,1,196,303,0.9988333333333334,0.69861264452061
46,1,191,308,0.9988333333333334,0.69861264452061
47,1,184,315,0.999,0.7422759348031481
48,1,178,321,0.999,0.7422759348031481
49,1,173,326,0.9991666666666666,0.7859392250856864
50,1,168,331,0.9991666666666666,0.7859392250856864
51,1,160,339,0.9991666666666666,0.7859392250856864
52,1,156,343,0.9993333333333333,0.8296025153682245
53,1,152,347,0.9995,0.8732658056507625
54,1,143,356,0.9995,0.8732658056507625
55,1,141,358,0.9995,0.8732658056507625
56,1,136,363,0.9995,0.8732658056507625
57,1,132,367,0.9995,0.8732658056507625
58,1,124,375,0.9995,0.8732658056507625
59,1,120,379,0.9995,0.8732658056507625
60,1,111,388,0.9996666666666667,0.9169290959333006
61,1,107,392,0.9996666666666667,0.9169290959333006
62,1,104,395,0.9998333333333334,0.9605923862158389
63,1,100,399,0.9998333333333334,0.9605923862158389
64,1,98,401,0.9998333333333334,0.9605923862158389
65,1,93,406,0.9998333333333334,0.9605923862158389
66,1,91,408,0.9998333333333334,0.9605923862158389
67,1,87,412,0.9998333333333334,0.9605923862158389
68,1,85,414,0.9998333333333334,0.9605923862158389
69,0,84,416,1.0,
70,0,81,419,1.0,
71,0,76,424,1.0,
72,0,71,429,1.0,
73,0,64,436,1.0,
74,0,60,440,1.0,
75,0,57,443,1.0,
76,0,55,445,1.0,
77,0,53,447,1.0,
78,0,50,450,1.0,
79,0,49,451,1.0,
80,0,46,454,1.0,
81,0,44,456,1.0,
82,0,44,456,1.0,
83,0,44,456,1.0,
84,0,43,457,1.0,
85,0,42,458,1.0,
86,0,40,460,1.0,
87,0,39,461,1.0,
88,0,36,464,1.0,
89,0,36,464,1.0,
90,0,35,465,1.0,
91,0,33,467,1.0,
92,0,32,468,1.0,
93,0,30,470,1.0,
94,0,27,473,1.0,
95,0,26,474,1.0,
96,0,24,476,1.0,
97,0,21,479,1.0,
98,0,21,479,1.0,
99,0,19,481,1.0,
100,0,18,482,1.0,
101,0,18,482,1.0,
102,0,18,482,1.0,
103,0,18,482,1.0,
104,0,16,484,1.0,
105,0,14,486,1.0,
106,0,14,486,1.0,
107,0,14,486,1.0,
108,0,14,486,1.0,
109,0,11,489,1.0,
110,0,9,491,1.0,
111,0,9,491,1.0,
112,0,8,492,1.0,
113,0,7,493,1.0,
114,0,7,493,1.0,
115,0,7,493,1.0,
116,0,7,493,1.0,
117,0,7,493,1.0,
118,0,7,493,1.0,
119,0,7,493,1.0,
120,0,7,493,1.0,
121,0,7,493,1.0,
122,0,7,493,1.0,
123,0,6,494,1.0,
124,0,6,494,1.0,
125,0,6,494,1.0,
126,0,6,494,1.0,
127,0,6,494,1.0,
128,0,5,495,1.0,
129,0,5,495,1.0,
130,0,5,495,1.0,
131,0,4,496,1.0,
132,0,4,496,1.0,
133,0,4,496,1.0,
134,0,4,496,1.0,
135,0,4,496,1.0,
136,0,4,496,1.0,
137,0,4,496,1.0,
138,0,4,496,1.0,
139,0,4,496,1.0,
140,0,4,496,1.0,
141,0,4,496,1.0,
142,0,4,496,1.0,
143,0,3,497,1.0,
144,0,3,497,1.0,
145,0,3,497,1.0,
146,0,3,497,1.0,
147,0,3,497,1.0,
148,0,3,497,1.0,
149,0,2,498,1.0,
150,0,2,498,1.0,
151,0,2,498,1.0,
152,0,2,498,1.0,
153,0,2,498,1.0,
154,0,2,498,1.0,
155,0,2,498,1.0,
156,0,2,498,1.0,
157,0,2,498,1.0,
158,0,2,498,1.0,
159,0,2,498,1.0,
160,0,0,500,1.0,
161,0,0,500,1.0,
162,0,0,500,1.0,
163,0,0,500,1.0,
164,0,0,500,1.0,
165,0,0,500,1.0,
166,0,0,500,1.0,
167,0,0,500,1.0,
168,0,0,500,1.0,
169,0,0,500,1.0,
170,0,0,500,1.0,
171,0,0,500,1.0,
172,0,0,500,1.0,
173,0,0,500,1.0,
174,0,0,500,1.0,
175,0,0,500,1.0,
176,0,0,500,1.0,
177,0,0,500,1.0,
178,0,0,500,1.0,
179,0,0,500,1.0,
180,0,0,500,1.0,
181,0,0,500,1.0,
182,0,0,500,1.0,
183,0,0,500,1.0,
184,0,0,500,1.0,
185,0,0,500,1.0,
186,0,0,500,1.0,
187,0,0,500,1.0,
188,0,0,500,1.0,
189,0,0,500,1.0,
190,0,0,500,1.0,
191,0,0,500,1.0,
192,0,0,500,1.0,
193,0,0,500,1.0,
194,0,0,500,1.0,
195,0,0,500,1.0,
196,0,0,500,1.0,
197,0,0,500,1.0,
198,0,0,500,1.0,
199,0,0,500,1.0,
200,0,0,500,1.0,
1,498,2,0,0.998,1.0
2,498,2,0,0.998,1.0
3,496,3,1,0.9955,0.9987491903818495
4,494,4,2,0.9938333333333333,0.9978878116062181
5,491,7,2,0.9895,0.9956737912012487
6,487,11,2,0.9806666666666667,0.9910207956069699
7,483,15,2,0.9755,0.988300842331105
8,480,18,2,0.9713333333333334,0.9860532986402252
9,472,26,2,0.9576666666666667,0.9784985369129882
10,462,35,3,0.9471666666666667,0.9722621867744847
11,451,46,3,0.9275,0.9606532614793943
12,440,54,6,0.9133333333333333,0.9515563341267226
13,420,69,11,0.8936666666666667,0.9374863844926774
14,392,95,13,0.8628333333333333,0.9134631312852269
15,373,104,23,0.857,0.9050075710715731
16,349,126,25,0.8386666666666667,0.8853604242636002
17,323,150,27,0.811,0.8546507915419466
18,301,165,34,0.797,0.8323302405587557
19,271,186,43,0.771,0.7897505216718971
20,248,204,48,0.7628333333333334,0.7616804745129727
21,213,227,60,0.7608333333333334,0.7197433689737567
22,180,246,74,0.7695,0.6808403818987434
23,147,267,86,0.7885,0.6407133183719473
24,120,284,96,0.8135,0.6113182921286343
25,102,295,103,0.8355,0.5976049989269259
26,81,300,119,0.8648333333333333,0.5839486409390595
27,60,312,128,0.8946666666666667,0.5619449650758281
28,50,313,137,0.913,0.5665761653142816
29,42,308,150,0.9256666666666666,0.5573228391687556
30,32,305,163,0.9415,0.5404596538753721
31,27,295,178,0.9518333333333333,0.5541032966939778
32,18,292,190,0.9685,0.5606663890766388
33,13,284,203,0.9788333333333333,0.5872763710367614
34,11,277,212,0.9838333333333333,0.6260942485067077
35,10,263,227,0.9858333333333333,0.6392678240405081
36,9,256,235,0.9883333333333333,0.6686534459629909
37,9,246,245,0.9896666666666667,0.7064871714729376
38,8,237,255,0.9905,0.6961403543318144
39,5,231,264,0.9936666666666667,0.682907507661817
40,4,216,280,0.9953333333333333,0.7012725590906395
41,2,209,289,0.9983333333333333,0.7868847168177969
42,1,205,294,0.9996666666666667,0.9209336619394127
43,1,199,300,0.9996666666666667,0.9209336619394127
44,1,191,308,0.9996666666666667,0.9209336619394127
45,1,186,313,0.9996666666666667,0.9209336619394127
46,1,181,318,0.9996666666666667,0.9209336619394127
47,1,172,327,0.9996666666666667,0.9209336619394127
48,1,165,334,0.9996666666666667,0.9209336619394127
49,1,162,337,0.9996666666666667,0.9209336619394127
50,0,155,345,1.0,
51,0,152,348,1.0,
52,0,147,353,1.0,
53,0,140,360,1.0,
54,0,133,367,1.0,
55,0,127,373,1.0,
56,0,122,378,1.0,
57,0,118,382,1.0,
58,0,114,386,1.0,
59,0,110,390,1.0,
60,0,108,392,1.0,
61,0,103,397,1.0,
62,0,100,400,1.0,
63,0,93,407,1.0,
64,0,92,408,1.0,
65,0,89,411,1.0,
66,0,83,417,1.0,
67,0,79,421,1.0,
68,0,76,424,1.0,
69,0,73,427,1.0,
70,0,68,432,1.0,
71,0,66,434,1.0,
72,0,61,439,1.0,
73,0,59,441,1.0,
74,0,57,443,1.0,
75,0,54,446,1.0,
76,0,53,447,1.0,
77,0,53,447,1.0,
78,0,52,448,1.0,
79,0,50,450,1.0,
80,0,50,450,1.0,
81,0,48,452,1.0,
82,0,48,452,1.0,
83,0,47,453,1.0,
84,0,45,455,1.0,
85,0,44,456,1.0,
86,0,42,458,1.0,
87,0,41,459,1.0,
88,0,41,459,1.0,
89,0,41,459,1.0,
90,0,41,459,1.0,
91,0,39,461,1.0,
92,0,39,461,1.0,
93,0,37,463,1.0,
94,0,35,465,1.0,
95,0,34,466,1.0,
96,0,33,467,1.0,
97,0,30,470,1.0,
98,0,30,470,1.0,
99,0,30,470,1.0,
100,0,29,471,1.0,
101,0,29,471,1.0,
102,0,29,471,1.0,
103,0,28,472,1.0,
104,0,26,474,1.0,
105,0,23,477,1.0,
106,0,23,477,1.0,
107,0,23,477,1.0,
108,0,23,477,1.0,
109,0,22,478,1.0,
110,0,21,479,1.0,
111,0,18,482,1.0,
112,0,17,483,1.0,
113,0,16,484,1.0,
114,0,15,485,1.0,
115,0,14,486,1.0,
116,0,13,487,1.0,
117,0,12,488,1.0,
118,0,11,489,1.0,
119,0,11,489,1.0,
120,0,10,490,1.0,
121,0,10,490,1.0,
122,0,8,492,1.0,
123,0,7,493,1.0,
124,0,6,494,1.0,
125,0,6,494,1.0,
126,0,6,494,1.0,
127,0,5,495,1.0,
128,0,5,495,1.0,
129,0,5,495,1.0,
130,0,5,495,1.0,
131,0,5,495,1.0,
132,0,5,495,1.0,
133,0,4,496,1.0,
134,0,4,496,1.0,
135,0,4,496,1.0,
136,0,4,496,1.0,
137,0,4,496,1.0,
138,0,3,497,1.0,
139,0,3,497,1.0,
140,0,3,497,1.0,
141,0,3,497,1.0,
142,0,3,497,1.0,
143,0,3,497,1.0,
144,0,2,498,1.0,
145,0,2,498,1.0,
146,0,2,498,1.0,
147,0,2,498,1.0,
148,0,2,498,1.0,
149,0,2,498,1.0,
150,0,2,498,1.0,
151,0,2,498,1.0,
152,0,1,499,1.0,
153,0,1,499,1.0,
154,0,1,499,1.0,
155,0,1,499,1.0,
156,0,1,499,1.0,
157,0,1,499,1.0,
158,0,1,499,1.0,
159,0,1,499,1.0,
160,0,1,499,1.0,
161,0,1,499,1.0,
162,0,1,499,1.0,
163,0,1,499,1.0,
164,0,1,499,1.0,
165,0,1,499,1.0,
166,0,1,499,1.0,
167,0,1,499,1.0,
168,0,1,499,1.0,
169,0,1,499,1.0,
170,0,1,499,1.0,
171,0,1,499,1.0,
172,0,0,500,1.0,
173,0,0,500,1.0,
174,0,0,500,1.0,
175,0,0,500,1.0,
176,0,0,500,1.0,
177,0,0,500,1.0,
178,0,0,500,1.0,
179,0,0,500,1.0,
180,0,0,500,1.0,
181,0,0,500,1.0,
182,0,0,500,1.0,
183,0,0,500,1.0,
184,0,0,500,1.0,
185,0,0,500,1.0,
186,0,0,500,1.0,
187,0,0,500,1.0,
188,0,0,500,1.0,
189,0,0,500,1.0,
190,0,0,500,1.0,
191,0,0,500,1.0,
192,0,0,500,1.0,
193,0,0,500,1.0,
194,0,0,500,1.0,
195,0,0,500,1.0,
196,0,0,500,1.0,
197,0,0,500,1.0,
198,0,0,500,1.0,
199,0,0,500,1.0,
200,0,0,500,1.0,
1,496,4,0,0.9943333333333333,1.0
2,494,6,0,0.9921666666666666,0.9989122789590317
3,487,13,0,0.98,0.9926352986364212
4,479,18,3,0.9748333333333333,0.9896857446030559
5,472,24,4,0.9615,0.9823978130198422
6,455,41,4,0.9351666666666667,0.9670185566336712
7,441,54,5,0.9125,0.9529376119100075
8,429,64,7,0.8971666666666667,0.9425054931124122
9,403,87,10,0.8548333333333333,0.9124316811409316
10,376,111,13,0.814,0.878707936523163
11,347,134,19,0.7751666666666667,0.8402575612644421
12,314,161,25,0.753,0.8053196052123925
13,286,181,33,0.7411666666666666,0.7755514210761647
14,257,200,43,0.7275,0.7362575473967162
15,230,221,49,0.7213333333333334,0.6981354198539107
16,194,243,63,0.7316666666666667,0.6547157222177292
17,167,255,78,0.756,0.6351924689548032
18,132,285,83,0.783,0.5900332125766866
19,103,300,97,0.8225,0.5704672877494017
20,79,319,102,0.8601666666666666,0.5567034801257669
21,63,321,116,0.8893333333333333,0.5599736139396315
22,51,318,131,0.9131666666666667,0.5728492377456911
23,39,314,147,0.9365,0.593249867408752
24,32,310,158,0.9473333333333334,0.5902280365118547
25,27,309,164,0.9566666666666667,0.6013080517262968
26,24,296,180,0.962,0.6044267303320774
27,20,280,200,0.9703333333333334,0.630351319800237
28,19,266,215,0.9726666666666667,0.642848289757193
29,17,259,224,0.9768333333333333,0.6601910819318619
30,13,248,239,0.9828333333333333,0.6697604847425475
31,12,234,254,0.9851666666666666,0.6896649973025142
32,10,231,259,0.9881666666666666,0.7022956138965345
33,10,225,265,0.9888333333333333,0.7188689344358785
34,9,212,279,0.9901666666666666,0.7233649293162707
35,8,205,287,0.9915,0.7304861258051054
36,8,199,293,0.9918333333333333,0.7414065923608572
37,8,193,299,0.992,0.7466294241918687
38,7,189,304,0.9933333333333333,0.7551161414017804
39,7,188,305,0.9933333333333333,0.7551161414017804
40,6,181,313,0.9941666666666666,0.7518224445413033
41,6,176,318,0.9941666666666666,0.7518224445413033
42,5,169,326,0.995,0.7452294829454215
43,5,162,333,0.9955,0.7706624031660002
44,5,156,339,0.9958333333333333,0.7881351496552029
45,5,150,345,0.996,0.7968550080165442
46,4,146,350,0.9966666666666667,0.7871554867802129
47,4,140,356,0.9966666666666667,0.7871554867802129
48,4,138,358,0.9966666666666667,0.7871554867802129
49,4,130,366,0.9966666666666667,0.7871554867802129
50,3,123,374,0.9978333333333333,0.8152428992368008
51,3,119,378,0.998,0.8304365918361075
52,2,114,384,0.9988333333333334,0.85821572647184
53,2,111,387,0.9988333333333334,0.85821572647184
54,2,105,393,0.9988333333333334,0.85821572647184
55,2,104,394,0.9988333333333334,0.85821572647184
56,2,102,396,0.9988333333333334,0.85821572647184
57,2,97,401,0.9988333333333334,0.85821572647184
58,2,92,406,0.9988333333333334,0.85821572647184
59,2,87,411,0.9988333333333334,0.85821572647184
60,1,84,415,0.9996666666666667,0.9225610146299039
61,1,82,417,0.9996666666666667,0.9225610146299039
62,1,80,419,0.9996666666666667,0.9225610146299039
63,1,77,422,0.9996666666666667,0.9225610146299039
64,1,76,423,0.9996666666666667,0.9225610146299039
65,1,74,425,0.9996666666666667,0.9225610146299039
66,1,70,429,0.9996666666666667,0.9225610146299039
67,1,70,429,0.9996666666666667,0.9225610146299039
68,1,67,432,0.9996666666666667,0.9225610146299039
69,1,66,433,0.9996666666666667,0.9225610146299039
70,1,60,439,0.9998333333333334,0.9626723630920736
71,0,58,442,1.0,
72,0,56,444,1.0,
73,0,55,445,1.0,
74,0,53,447,1.0,
75,0,50,450,1.0,
76,0,46,454,1.0,
77,0,42,458,1.0,
78,0,42,458,1.0,
79,0,40,460,1.0,
80,0,38,462,1.0,
81,0,38,462,1.0,
82,0,37,463,1.0,
83,0,36,464,1.0,
84,0,36,464,1.0,
85,0,34,466,1.0,
86,0,34,466,1.0,
87,0,33,467,1.0,
88,0,33,467,1.0,
89,0,33,467,1.0,
90,0,32,468,1.0,
91,0,32,468,1.0,
92,0,30,470,1.0,
93,0,29,471,1.0,
94,0,28,472,1.0,
95,0,27,473,1.0,
96,0,26,474,1.0,
97,0,25,475,1.0,
98,0,24,476,1.0,
99,0,23,477,1.0,
100,0,21,479,1.0,
101,0,20,480,1.0,
102,0,19,481,1.0,
103,0,17,483,1.0,
104,0,17,483,1.0,
105,0,17,483,1.0,
106,0,17,483,1.0,
107,0,15,485,1.0,
108,0,15,485,1.0,
109,0,14,486,1.0,
110,0,13,487,1.0,
111,0,13,487,1.0,
112,0,13,487,1.0,
113,0,12,488,1.0,
114,0,11,489,1.0,
115,0,11,489,1.0,
116,0,11,489,1.0,
117,0,10,490,1.0,
118,0,10,490,1.0,
119,0,10,490,1.0,
120,0,9,491,1.0,
121,0,9,491,1.0,
122,0,8,492,1.0,
123,0,8,492,1.0,
124,0,7,493,1.0,
125,0,7,493,1.0,
126,0,7,493,1.0,
127,0,7,493,1.0,
128,0,7,493,1.0,
129,0,7,493,1.0,
130,0,7,493,1.0,
131,0,7,493,1.0,
132,0,7,493,1.0,
133,0,7,493,1.0,
134,0,7,493,1.0,
135,0,7,493,1.0,
136,0,7,493,1.0,
137,0,7,493,1.0,
138,0,7,493,1.0,
139,0,6,494,1.0,
140,0,6,494,1.0,
141,0,6,494,1.0,
142,0,6,494,1.0,
143,0,6,494,1.0,
144,0,6,494,1.0,
145,0,6,494,1.0,
146,0,6,494,1.0,
147,0,5,495,1.0,
148,0,5,495,1.0,
149,0,5,495,1.0,
150,0,5,495,1.0,
151,0,5,495,1.0,
152,0,5,495,1.0,
153,0,5,495,1.0,
154,0,4,496,1.0,
155,0,4,496,1.0,
156,0,3,497,1.0,
157,0,3,497,1.0,
158,0,3,497,1.0,
159,0,3,497,1.0,
160,0,3,497,1.0,
161,0,3,497,1.0,
162,0,3,497,1.0,
163,0,3,497,1.0,
164,0,3,497,1.0,
165,0,3,497,1.0,
166,0,3,497,1.0,
167,0,3,497,1.0,
168,0,3,497,1.0,
169,0,2,498,1.0,
170,0,2,498,1.0,
171,0,2,498,1.0,
172,0,2,498,1.0,
173,0,2,498,1.0,
174,0,1,499,1.0,
175,0,1,499,1.0,
176,0,1,499,1.0,
177,0,1,499,1.0,
178,0,1,499,1.0,
179,0,1,499,1.0,
180,0,1,499,1.0,
181,0,1,499,1.0,
182,0,1,499,1.0,
183,0,1,499,1.0,
184,0,1,499,1.0,
185,0,1,499,1.0,
186,0,1,499,1.0,
187,0,1,499,1.0,
188,0,1,499,1.0,
189,0,1,499,1.0,
190,0,1,499,1.0,
191,0,1,499,1.0,
192,0,1,499,1.0,
193,0,1,499,1.0,
194,0,1,499,1.0,
195,0,1,499,1.0,
196,0,1,499,1.0,
197,0,1,499,1.0,
198,0,1,499,1.0,
199,0,1,499,1.0,
200,0,1,499,1.0,
1,499,1,0,1.0,1.0
2,499,1,0,1.0,1.0
3,498,2,0,0.9981666666666666,0.9990883041642601
4,495,4,1,0.9935,0.996728094771573
5,492,7,1,0.9876666666666667,0.9937507415702008
6,489,8,3,0.9868333333333333,0.9932592902784954
7,486,11,3,0.982,0.9907510277639102
8,480,16,4,0.9743333333333334,0.9866908934966001
9,477,19,4,0.9705,0.9846032859978717
10,470,26,4,0.9621666666666666,0.9799836812894167
11,457,35,8,0.9483333333333334,0.9717313728354542
12,435,56,9,0.909,0.9476333190566074
13,413,75,12,0.88,0.927510122260096
14,394,93,13,0.846,0.9021637117184458
15,355,126,19,0.8108333333333333,0.8667415097206891
16,308,167,25,0.7738333333333334,0.81627191614981
17,284,185,31,0.7611666666666667,0.7894876120794676
18,249,211,40,0.7576666666666667,0.7556321619129371
19,214,234,52,0.7616666666666667,0.7197460453372685
20,186,256,58,0.758,0.6715922485908461
21,168,263,69,0.7773333333333333,0.6653058020501085
22,144,271,85,0.7956666666666666,0.64112907059616
23,120,286,94,0.8256666666666667,0.6325126680887551
24,98,299,103,0.8485,0.60902926159581
25,85,291,124,0.868,0.607409167795357
26,65,292,143,0.8966666666666666,0.5978371249709042
27,48,296,156,0.9195,0.5741724911561868
28,45,286,169,0.926,0.5823277398929574
29,39,282,179,0.9351666666666667,0.5765602420619144
30,30,274,196,0.9513333333333334,0.5890934620934621
31,24,272,204,0.9625,0.6033033240913676
32,19,263,218,0.9708333333333333,0.607751455257176
33,16,257,227,0.9746666666666667,0.5994675342773169
34,15,254,231,0.9765,0.6054825416129763
35,13,246,241,0.9805,0.6214159196433443
36,11,233,256,0.9848333333333333,0.6494426193042794
37,10,227,263,0.9861666666666666,0.6473723884810842
38,7,220,273,0.99,0.6293415073539297
39,6,215,279,0.9913333333333333,0.6281711525189786
40,4,207,289,0.994,0.6060429606625258
41,3,201,296,0.9955,0.5997239475500344
42,3,198,299,0.9955,0.5997239475500344
43,2,193,305,0.997,0.5952380952380952
44,2,188,310,0.9971666666666666,0.6190476190476191
45,1,184,315,0.9985,0.5714285714285714
46,1,177,322,0.9985,0.5714285714285714
47,1,170,329,0.9985,0.5714285714285714
48,1,162,337,0.9985,0.5714285714285714
49,1,155,344,0.9988333333333334,0.6666666666666666
50,1,151,348,0.999,0.7142857142857143
51,1,147,352,0.999,0.7142857142857143
52,0,143,357,1.0,
53,0,140,360,1.0,
54,0,138,362,1.0,
55,0,128,372,1.0,
56,0,120,380,1.0,
57,0,118,382,1.0,
58,0,116,384,1.0,
59,0,115,385,1.0,
60,0,112,388,1.0,
61,0,110,390,1.0,
62,0,108,392,1.0,
63,0,104,396,1.0,
64,0,100,400,1.0,
65,0,96,404,1.0,
66,0,92,408,1.0,
67,0,85,415,1.0,
68,0,82,418,1.0,
69,0,78,422,1.0,
70,0,72,428,1.0,
71,0,68,432,1.0,
72,0,64,436,1.0,
73,0,62,438,1.0,
74,0,59,441,1.0,
75,0,56,444,1.0,
76,0,52,448,1.0,
77,0,51,449,1.0,
78,0,50,450,1.0,
79,0,48,452,1.0,
80,0,46,454,1.0,
81,0,41,459,1.0,
82,0,39,461,1.0,
83,0,39,461,1.0,
84,0,37,463,1.0,
85,0,33,467,1.0,
86,0,33,467,1.0,
87,0,32,468,1.0,
88,0,31,469,1.0,
89,0,30,470,1.0,
90,0,30,470,1.0,
91,0,28,472,1.0,
92,0,26,474,1.0,
93,0,23,477,1.0,
94,0,22,478,1.0,
95,0,22,478,1.0,
96,0,20,480,1.0,
97,0,19,481,1.0,
98,0,19,481,1.0,
99,0,18,482,1.0,
100,0,18,482,1.0,
101,0,18,482,1.0,
102,0,17,483,1.0,
103,0,17,483,1.0,
104,0,17,483,1.0,
105,0,15,485,1.0,
106,0,14,486,1.0,
107,0,13,487,1.0,
108,0,13,487,1.0,
109,0,13,487,1.0,
110,0,13,487,1.0,
111,0,12,488,1.0,
112,0,12,488,1.0,
113,0,12,488,1.0,
114,0,11,489,1.0,
115,0,10,490,1.0,
116,0,10,490,1.0,
117,0,8,492,1.0,
118,0,7,493,1.0,
119,0,7,493,1.0,
120,0,7,493,1.0,
121,0,5,495,1.0,
122,0,4,496,1.0,
123,0,3,497,1.0,
124,0,3,497,1.0,
125,0,3,497,1.0,
126,0,3,497,1.0,
127,0,3,497,1.0,
128,0,3,497,1.0,
129,0,2,498,1.0,
130,0,2,498,1.0,
131,0,1,499,1.0,
132,0,1,499,1.0,
133,0,1,499,1.0,
134,0,1,499,1.0,
135,0,1,499,1.0,
136,0,1,499,1.0,
137,0,1,499,1.0,
138,0,1,499,1.0,
139,0,1,499,1.0,
140,0,1,499,1.0,
141,0,1,499,1.0,
142,0,1,499,1.0,
143,0,1,499,1.0,
144,0,1,499,1.0,
145,0,1,499,1.0,
146,0,1,499,1.0,
147,0,1,499,1.0,
148,0,1,499,1.0,
149,0,1,499,1.0,
150,0,1,499,1.0,
151,0,1,499,1.0,
152,0,1,499,1.0,
153,0,1,499,1.0,
154,0,1,499,1.0,
155,0,1,499,1.0,
156,0,1,499,1.0,
157,0,1,499,1.0,
158,0,1,499,1.0,
159,0,1,499,1.0,
160,0,1,499,1.0,
161,0,1,499,1.0,
162,0,1,499,1.0,
163,0,1,499,1.0,
164,0,1,499,1.0,
165,0,1,499,1.0,
166,0,1,499,1.0,
167,0,1,499,1.0,
168,0,1,499,1.0,
169,0,1,499,1.0,
170,0,1,499,1.0,
171,0,1,499,1.0,
172,0,1,499,1.0,
173,0,1,499,1.0,
174,0,1,499,1.0,
175,0,1,499,1.0,
176,0,1,499,1.0,
177,0,1,499,1.0,
178,0,0,500,1.0,
179,0,0,500,1.0,
180,0,0,500,1.0,
181,0,0,500,1.0,
182,0,0,500,1.0,
183,0,0,500,1.0,
184,0,0,500,1.0,
185,0,0,500,1.0,
186,0,0,500,1.0,
187,0,0,500,1.0,
188,0,0,500,1.0,
189,0,0,500,1.0,
190,0,0,500,1.0,
191,0,0,500,1.0,
192,0,0,500,1.0,
193,0,0,500,1.0,
194,0,0,500,1.0,
195,0,0,500,1.0,
196,0,0,500,1.0,
197,0,0,500,1.0,
198,0,0,500,1.0,
199,0,0,500,1.0,
200,0,0,500,1.0,
1,498,1,1,1.0,1.0
2,497,2,1,1.0,1.0
3,493,5,2,0.9928333333333333,0.9963849074365876
4,485,12,3,0.9833333333333333,0.9914191728055466
5,475,21,4,0.9643333333333334,0.9812787709281989
6,463,32,5,0.9475,0.9717260008071351
7,450,42,8,0.9296666666666666,0.9609292416654734
8,431,59,10,0.896,0.9395193232366641
9,413,76,11,0.8623333333333333,0.9165077663872274
10,390,96,14,0.8325,0.89253751599571
11,353,125,22,0.7938333333333333,0.8538293618950104
12,322,153,25,0.7723333333333333,0.8226100978916263
13,300,172,28,0.7516666666666667,0.7927724488072314
14,258,206,36,0.7453333333333333,0.7533419576341719
15,233,224,43,0.7545,0.7369823796489219
16,197,245,58,0.7711666666666667,0.7094386947807827
17,170,258,72,0.7826666666666666,0.6795723580199283
18,143,272,85,0.7978333333333333,0.6460414742065699
19,111,289,100,0.8363333333333334,0.6312742369264109
20,94,287,119,0.8693333333333333,0.6515358533096738
21,74,297,129,0.8868333333333334,0.6175912326999284
22,58,302,140,0.9086666666666666,0.6052926318780891
23,47,305,148,0.9243333333333333,0.597072262544048
24,36,304,160,0.9413333333333334,0.5923043180651876
25,25,305,170,0.9583333333333334,0.5784007152268021
26,22,299,179,0.9638333333333333,0.5848685899081156
27,19,298,183,0.9696666666666667,0.5962551636007012
28,18,287,195,0.972,0.6034746010832968
29,17,284,199,0.9736666666666667,0.6047756335735877
30,14,282,204,0.9775,0.588478731413514
31,13,271,216,0.9803333333333333,0.6101900273639405
32,5,270,225,0.9923333333333333,0.613144927536232
33,4,261,235,0.9938333333333333,0.6142572463768117
34,4,251,245,0.9938333333333333,0.6142572463768117
35,4,240,256,0.994,0.6246739130434783
36,3,225,272,0.9963333333333333,0.6929468599033818
37,3,216,281,0.9965,0.70743961352657
38,3,203,294,0.9968333333333333,0.7352173913043479
39,3,196,301,0.9968333333333333,0.7352173913043479
40,1,185,314,0.9991666666666666,0.7916666666666666
41,1,179,320,0.9991666666666666,0.7916666666666666
42,1,174,325,0.9991666666666666,0.7916666666666666
43,1,164,335,0.9991666666666666,0.7916666666666666
44,1,154,345,0.9991666666666666,0.7916666666666666
45,1,146,353,0.9991666666666666,0.7916666666666666
46,1,140,359,0.9993333333333333,0.8333333333333334
47,1,136,363,0.9993333333333333,0.8333333333333334
48,1,130,369,0.9995,0.875
49,1,121,378,0.9995,0.875
50,1,116,383,0.9996666666666667,0.9166666666666666
51,1,111,388,0.9996666666666667,0.9166666666666666
52,1,108,391,0.9996666666666667,0.9166666666666666
53,1,104,395,0.9996666666666667,0.9166666666666666
54,0,102,398,1.0,
55,0,98,402,1.0,
56,0,96,404,1.0,
57,0,94,406,1.0,
58,0,89,411,1.0,
59,0,84,416,1.0,
60,0,82,418,1.0,
61,0,79,421,1.0,
62,0,76,424,1.0,
63,0,72,428,1.0,
64,0,69,431,1.0,
65,0,68,432,1.0,
66,0,66,434,1.0,
67,0,63,437,1.0,
68,0,62,438,1.0,
69,0,58,442,1.0,
70,0,52,448,1.0,
71,0,51,449,1.0,
72,0,50,450,1.0,
73,0,46,454,1.0,
74,0,43,457,1.0,
75,0,41,459,1.0,
76,0,38,462,1.0,
77,0,35,465,1.0,
78,0,35,465,1.0,
79,0,35,465,1.0,
80,0,32,468,1.0,
81,0,30,470,1.0,
82,0,28,472,1.0,
83,0,27,473,1.0,
84,0,25,475,1.0,
85,0,24,476,1.0,
86,0,22,478,1.0,
87,0,20,480,1.0,
88,0,18,482,1.0,
89,0,18,482,1.0,
90,0,17,483,1.0,
91,0,16,484,1.0,
92,0,16,484,1.0,
93,0,16,484,1.0,
94,0,15,485,1.0,
95,0,13,487,1.0,
96,0,13,487,1.0,
97,0,13,487,1.0,
98,0,12,488,1.0,
99,0,12,488,1.0,
100,0,12,488,1.0,
101,0,12,488,1.0,
102,0,12,488,1.0,
103,0,11,489,1.0,
104,0,11,489,1.0,
105,0,11,489,1.0,
106,0,9,491,1.0,
107,0,9,491,1.0,
108,0,8,492,1.0,
109,0,7,493,1.0,
110,0,7,493,1.0,
111,0,7,493,1.0,
112,0,7,493,1.0,
113,0,7,493,1.0,
114,0,7,493,1.0,
115,0,7,493,1.0,
116,0,7,493,1.0,
117,0,7,493,1.0,
118,0,7,493,1.0,
119,0,7,493,1.0,
120,0,7,493,1.0,
121,0,7,493,1.0,
122,0,7,493,1.0,
123,0,7,493,1.0,
124,0,7,493,1.0,
125,0,6,494,1.0,
126,0,6,494,1.0,
127,0,6,494,1.0,
128,0,6,494,1.0,
129,0,6,494,1.0,
130,0,6,494,1.0,
131,0,6,494,1.0,
132,0,5,495,1.0,
133,0,4,496,1.0,
134,0,4,496,1.0,
135,0,4,496,1.0,
136,0,4,496,1.0,
137,0,4,496,1.0,
138,0,4,496,1.0,
139,0,4,496,1.0,
140,0,4,496,1.0,
141,0,4,496,1.0,
142,0,4,496,1.0,
143,0,4,496,1.0,
144,0,4,496,1.0,
145,0,4,496,1.0,
146,0,4,496,1.0,
147,0,4,496,1.0,
148,0,4,496,1.0,
149,0,4,496,1.0,
150,0,4,496,1.0,
151,0,4,496,1.0,
152,0,4,496,1.0,
153,0,4,496,1.0,
154,0,4,496,1.0,
155,0,4,496,1.0,
156,0,4,496,1.0,
157,0,3,497,1.0,
158,0,2,498,1.0,
159,0,2,498,1.0,
160,0,2,498,1.0,
161,0,2,498,1.0,
162,0,2,498,1.0,
163,0,2,498,1.0,
164,0,2,498,1.0,
165,0,2,498,1.0,
166,0,2,498,1.0,
167,0,2,498,1.0,
168,0,2,498,1.0,
169,0,2,498,1.0,
170,0,2,498,1.0,
171,0,2,498,1.0,
172,0,2,498,1.0,
173,0,2,498,1.0,
174,0,2,498,1.0,
175,0,2,498,1.0,
176,0,2,498,1.0,
177,0,2,498,1.0,
178,0,2,498,1.0,
179,0,2,498,1.0,
180,0,2,498,1.0,
181,0,2,498,1.0,
182,0,1,499,1.0,
183,0,1,499,1.0,
184,0,1,499,1.0,
185,0,1,499,1.0,
186,0,1,499,1.0,
187,0,1,499,1.0,
188,0,1,499,1.0,
189,0,0,500,1.0,
190,0,0,500,1.0,
191,0,0,500,1.0,
192,0,0,500,1.0,
193,0,0,500,1.0,
194,0,0,500,1.0,
195,0,0,500,1.0,
196,0,0,500,1.0,
197,0,0,500,1.0,
198,0,0,500,1.0,
199,0,0,500,1.0,
200,0,0,500,1.0,
1,495,5,0,0.9911666666666666,0.9955801659262353
2,494,6,0,0.9903333333333333,0.9951792968158925
3,492,8,0,0.988,0.993952678574453
4,489,11,0,0.9818333333333333,0.9907758807914404
5,482,18,0,0.9686666666666667,0.98379323087694
6,475,24,1,0.9608333333333333,0.9794127478251049
7,461,36,3,0.9433333333333334,0.9693559605117655
8,442,53,5,0.9165,0.9528279196157418
9,427,67,6,0.8963333333333333,0.9392151411136241
10,406,84,10,0.8761666666666666,0.9239317300818694
11,386,102,12,0.8456666666666667,0.9002276876336348
12,358,126,16,0.816,0.8716829418074257
13,325,154,21,0.7815,0.8323003639739426
14,298,177,25,0.7571666666666667,0.7968147259531853
15,264,208,28,0.7311666666666666,0.7463551695279298
16,234,234,32,0.7256666666666667,0.7083379804403587
17,199,256,45,0.7405,0.6751668977329891
18,169,273,58,0.7685,0.6579848939805205
19,131,304,65,0.7945,0.6070121340350347
20,101,315,84,0.8331666666666667,0.5861015170636351
21,79,326,95,0.8626666666666667,0.5631647408422312
22,66,326,108,0.8836666666666667,0.5588077695982834
23,46,336,118,0.9161666666666667,0.5415086373403953
24,32,335,133,0.9406666666666667,0.5290818546389198
25,25,326,149,0.9541666666666667,0.5319515196558675
26,23,315,162,0.9586666666666667,0.5422780198867156
27,20,306,174,0.9645,0.5469557165861514
28,17,302,181,0.9695,0.5403187458558303
29,11,295,194,0.98,0.5343858878641488
30,10,285,205,0.983,0.5651014492753623
31,9,279,212,0.9851666666666666,0.5803059581320451
32,7,271,222,0.989,0.597287784679089
33,6,260,234,0.991,0.6107487922705314
34,5,254,241,0.993,0.6372463768115942
35,5,247,248,0.993,0.6372463768115942
36,4,242,254,0.9945,0.6443840579710145
37,4,231,265,0.9946666666666667,0.6552536231884057
38,4,223,273,0.9946666666666667,0.6552536231884057
39,2,211,287,0.9976666666666667,0.6728260869565217
40,2,206,292,0.9976666666666667,0.6728260869565217
41,2,201,297,0.9976666666666667,0.6728260869565217
42,2,194,304,0.9978333333333333,0.6945652173913044
43,1,184,315,0.999,0.7391304347826086
44,1,173,326,0.9991666666666666,0.782608695652174
45,1,166,333,0.9993333333333333,0.8260869565217391
46,1,154,345,0.9996666666666667,0.9130434782608695
47,1,147,352,0.9996666666666667,0.9130434782608695
48,1,142,357,0.9996666666666667,0.9130434782608695
49,1,135,364,1.0,1.0
50,1,131,368,1.0,1.0
51,1,124,375,1.0,1.0
52,1,113,386,1.0,1.0
53,1,110,389,1.0,1.0
54,1,109,390,1.0,1.0
55,1,105,394,1.0,1.0
56,1,101,398,1.0,1.0
57,1,97,402,1.0,1.0
58,1,92,407,1.0,1.0
59,1,86,413,1.0,1.0
60,1,80,419,1.0,1.0
61,1,77,422,1.0,1.0
62,1,75,424,1.0,1.0
63,1,72,427,1.0,1.0
64,1,70,429,1.0,1.0
65,1,70,429,1.0,1.0
66,1,64,435,1.0,1.0
67,1,58,441,1.0,1.0
68,1,53,446,1.0,1.0
69,1,52,447,1.0,1.0
70,1,46,453,1.0,1.0
71,1,42,457,1.0,1.0
72,1,37,462,1.0,1.0
73,1,35,464,1.0,1.0
74,1,34,465,1.0,1.0
75,1,34,465,1.0,1.0
76,1,33,466,1.0,1.0
77,1,31,468,1.0,1.0
78,1,27,472,1.0,1.0
79,1,24,475,1.0,1.0
80,1,23,476,1.0,1.0
81,1,22,477,1.0,1.0
82,1,22,477,1.0,1.0
83,1,22,477,1.0,1.0
84,1,22,477,1.0,1.0
85,1,19,480,1.0,1.0
86,1,17,482,1.0,1.0
87,1,16,483,1.0,1.0
88,1,15,484,1.0,1.0
89,1,15,484,1.0,1.0
90,1,15,484,1.0,1.0
91,1,14,485,1.0,1.0
92,1,14,485,1.0,1.0
93,1,14,485,1.0,1.0
94,1,12,487,1.0,1.0
95,1,12,487,1.0,1.0
96,1,12,487,1.0,1.0
97,1,12,487,1.0,1.0
98,1,12,487,1.0,1.0
99,1,12,487,1.0,1.0
100,1,12,487,1.0,1.0
101,1,12,487,1.0,1.0
102,1,12,487,1.0,1.0
103,1,10,489,1.0,1.0
104,1,10,489,1.0,1.0
105,1,9,490,1.0,1.0
106,1,8,491,1.0,1.0
107,1,8,491,1.0,1.0
108,1,8,491,1.0,1.0
109,1,8,491,1.0,1.0
110,1,8,491,1.0,1.0
111,1,8,491,1.0,1.0
112,1,8,491,1.0,1.0
113,1,7,492,1.0,1.0
114,1,7,492,1.0,1.0
115,1,6,493,1.0,1.0
116,1,6,493,1.0,1.0
117,1,5,494,1.0,1.0
118,1,5,494,1.0,1.0
119,1,5,494,1.0,1.0
120,1,5,494,1.0,1.0
121,1,5,494,1.0,1.0
122,1,5,494,1.0,1.0
123,1,5,494,1.0,1.0
124,1,5,494,1.0,1.0
125,1,5,494,1.0,1.0
126,1,5,494,1.0,1.0
127,1,5,494,1.0,1.0
128,1,5,494,1.0,1.0
129,1,5,494,1.0,1.0
130,1,4,495,1.0,1.0
131,1,4,495,1.0,1.0
132,1,4,495,1.0,1.0
133,1,4,495,1.0,1.0
134,1,4,495,1.0,1.0
135,1,4,495,1.0,1.0
136,1,4,495,1.0,1.0
137,1,4,495,1.0,1.0
138,1,2,497,1.0,1.0
139,1,2,497,1.0,1.0
140,1,2,497,1.0,1.0
141,1,2,497,1.0,1.0
142,1,2,497,1.0,1.0
143,1,1,498,1.0,1.0
144,1,1,498,1.0,1.0
145,1,1,498,1.0,1.0
146,1,0,499,1.0,1.0
147,1,0,499,1.0,1.0
148,1,0,499,1.0,1.0
149,1,0,499,1.0,1.0
150,1,0,499,1.0,1.0
151,1,0,499,1.0,1.0
152,1,0,499,1.0,1.0
153,1,0,499,1.0,1.0
154,1,0,499,1.0,1.0
155,1,0,499,1.0,1.0
156,1,0,499,1.0,1.0
157,1,0,499,1.0,1.0
158,1,0,499,1.0,1.0
159,1,0,499,1.0,1.0
160,1,0,499,1.0,1.0
161,1,0,499,1.0,1.0
162,1,0,499,1.0,1.0
163,1,0,499,1.0,1.0
164,1,0,499,1.0,1.0
165,1,0,499,1.0,1.0
166,1,0,499,1.0,1.0
167,1,0,499,1.0,1.0
168,1,0,499,1.0,1.0
169,1,0,499,1.0,1.0
170,1,0,499,1.0,1.0
171,1,0,499,1.0,1.0
172,1,0,499,1.0,1.0
173,1,0,499,1.0,1.0
174,1,0,499,1.0,1.0
175,1,0,499,1.0,1.0
176,1,0,499,1.0,1.0
177,1,0,499,1.0,1.0
178,1,0,499,1.0,1.0
179,1,0,499,1.0,1.0
180,1,0,499,1.0,1.0
181,1,0,499,1.0,1.0
182,1,0,499,1.0,1.0
183,1,0,499,1.0,1.0
184,1,0,499,1.0,1.0
185,1,0,499,1.0,1.0
186,1,0,499,1.0,1.0
187,1,0,499,1.0,1.0
188,1,0,499,1.0,1.0
189,1,0,499,1.0,1.0
190,1,0,499,1.0,1.0
191,1,0,499,1.0,1.0
192,1,0,499,1.0,1.0
193,1,0,499,1.0,1.0
194,1,0,499,1.0,1.0
195,1,0,499,1.0,1.0
196,1,0,499,1.0,1.0
197,1,0,499,1.0,1.0
198,1,0,499,1.0,1.0
199,1,0,499,1.0,1.0
200,1,0,499,1.0,1.0
1,498,2,0,0.998,1.0
2,495,5,0,0.9915,0.996639039965183
3,492,6,2,0.9905,0.9961219386940028
4,488,8,4,0.987,0.9942522174554177
5,483,13,4,0.981,0.991097118029327
6,479,17,4,0.9765,0.988695935575749
7,475,19,6,0.9753333333333334,0.9879830288777502
8,463,30,7,0.9575,0.9781035104263118
9,449,43,8,0.9333333333333333,0.963936159564857
10,433,58,9,0.9116666666666666,0.9500711505516868
11,412,77,11,0.8776666666666667,0.9267402964128637
12,382,98,20,0.8515,0.903904516792051
13,358,121,21,0.8226666666666667,0.8771503724810851
14,323,150,27,0.7861666666666667,0.8355063837030138
15,285,181,34,0.758,0.7885925902506085
16,260,198,42,0.7496666666666667,0.7600685605792343
17,228,218,54,0.7551666666666667,0.7317771682619617
18,199,232,69,0.764,0.703909162763043
19,174,248,78,0.7793333333333333,0.6834813389726507
20,143,262,95,0.8081666666666667,0.6662083428189197
21,117,273,110,0.8341666666666666,0.6470718819277368
22,99,277,124,0.8585,0.6440578835294418
23,85,276,139,0.8788333333333334,0.6460424584169094
24,68,287,145,0.8921666666666667,0.604708196000398
25,58,286,156,0.909,0.6089082363461774
26,45,284,171,0.9286666666666666,0.6023597101939558
27,39,276,185,0.9396666666666667,0.6117897398902036
28,33,271,196,0.9505,0.6206865523193505
29,27,271,202,0.9571666666666667,0.5951448364038979
30,25,261,214,0.964,0.6324608498800164
31,22,253,225,0.9695,0.6452064546468633
32,20,244,236,0.9746666666666667,0.6768208084356974
33,16,240,244,0.9791666666666666,0.6674042906024056
34,12,231,257,0.9851666666666666,0.681929973386165
35,11,221,268,0.9865,0.6841147108841289
36,7,217,276,0.9913333333333333,0.6814693404207558
37,5,208,287,0.9935,0.659151710255221
38,5,199,296,0.9938333333333333,0.6761978439349858
39,3,199,298,0.9961666666666666,0.6591344396030632
40,2,192,306,0.9975,0.6613796243835793
41,2,184,314,0.9976666666666667,0.6852131243613659
42,2,175,323,0.9976666666666667,0.6852131243613659
43,1,173,326,0.999,0.7507552493002793
44,1,168,331,0.999,0.7507552493002793
45,1,161,338,0.9991666666666666,0.7924638742614059
46,1,159,340,0.9991666666666666,0.7924638742614059
47,1,153,346,0.9991666666666666,0.7924638742614059
48,1,145,354,0.9993333333333333,0.8341724992225326
49,1,140,359,0.9995,0.8758811241836592
50,1,136,363,0.9995,0.8758811241836592
51,1,129,370,0.9995,0.8758811241836592
52,0,124,376,1.0,
53,0,121,379,1.0,
54,0,116,384,1.0,
55,0,112,388,1.0,
56,0,107,393,1.0,
57,0,102,398,1.0,
58,0,98,402,1.0,
59,0,97,403,1.0,
60,0,94,406,1.0,
61,0,87,413,1.0,
62,0,84,416,1.0,
63,0,80,420,1.0,
64,0,74,426,1.0,
65,0,71,429,1.0,
66,0,66,434,1.0,
67,0,61,439,1.0,
68,0,59,441,1.0,
69,0,58,442,1.0,
70,0,54,446,1.0,
71,0,52,448,1.0,
72,0,49,451,1.0,
73,0,47,453,1.0,
74,0,46,454,1.0,
75,0,43,457,1.0,
76,0,43,457,1.0,
77,0,41,459,1.0,
78,0,40,460,1.0,
79,0,39,461,1.0,
80,0,39,461,1.0,
81,0,36,464,1.0,
82,0,34,466,1.0,
83,0,32,468,1.0,
84,0,30,470,1.0,
85,0,29,471,1.0,
86,0,29,471,1.0,
87,0,27,473,1.0,
88,0,25,475,1.0,
89,0,25,475,1.0,
90,0,23,477,1.0,
91,0,23,477,1.0,
92,0,20,480,1.0,
93,0,19,481,1.0,
94,0,19,481,1.0,
95,0,17,483,1.0,
96,0,16,484,1.0,
97,0,15,485,1.0,
98,0,15,485,1.0,
99,0,15,485,1.0,
100,0,15,485,1.0,
101,0,14,486,1.0,
102,0,14,486,1.0,
103,0,13,487,1.0,
104,0,13,487,1.0,
105,0,13,487,1.0,
106,0,13,487,1.0,
107,0,13,487,1.0,
108,0,13,487,1.0,
109,0,12,488,1.0,
110,0,11,489,1.0,
111,0,11,489,1.0,
112,0,11,489,1.0,
113,0,11,489,1.0,
114,0,9,491,1.0,
115,0,9,491,1.0,
116,0,9,491,1.0,
117,0,9,491,1.0,
118,0,9,491,1.0,
119,0,8,492,1.0,
120,0,8,492,1.0,
121,0,8,492,1.0,
122,0,8,492,1.0,
123,0,8,492,1.0,
124,0,8,492,1.0,
125,0,8,492,1.0,
126,0,8,492,1.0,
127,0,8,492,1.0,
128,0,8,492,1.0,
129,0,8,492,1.0,
130,0,8,492,1.0,
131,0,7,493,1.0,
132,0,7,493,1.0,
133,0,7,493,1.0,
134,0,7,493,1.0,
135,0,7,493,1.0,
136,0,7,493,1.0,
137,0,7,493,1.0,
138,0,7,493,1.0,
139,0,7,493,1.0,
140,0,7,493,1.0,
141,0,7,493,1.0,
142,0,7,493,1.0,
143,0,6,494,1.0,
144,0,6,494,1.0,
145,0,6,494,1.0,
146,0,6,494,1.0,
147,0,6,494,1.0,
148,0,6,494,1.0,
149,0,6,494,1.0,
150,0,5,495,1.0,
151,0,5,495,1.0,
152,0,5,495,1.0,
153,0,5,495,1.0,
154,0,5,495,1.0,
155,0,5,495,1.0,
156,0,5,495,1.0,
157,0,5,495,1.0,
158,0,5,495,1.0,
159,0,5,495,1.0,
160,0,5,495,1.0,
161,0,5,495,1.0,
162,0,4,496,1.0,
163,0,4,496,1.0,
164,0,4,496,1.0,
165,0,4,496,1.0,
166,0,4,496,1.0,
167,0,4,496,1.0,
168,0,4,496,1.0,
169,0,4,496,1.0,
170,0,4,496,1.0,
171,0,3,497,1.0,
172,0,3,497,1.0,
173,0,3,497,1.0,
174,0,3,497,1.0,
175,0,3,497,1.0,
176,0,3,497,1.0,
177,0,3,497,1.0,
178,0,3,497,1.0,
179,0,2,498,1.0,
180,0,2,498,1.0,
181,0,2,498,1.0,
182,0,2,498,1.0,
183,0,2,498,1.0,
184,0,2,498,1.0,
185,0,2,498,1.0,
186,0,2,498,1.0,
187,0,2,498,1.0,
188,0,2,498,1.0,
189,0,2,498,1.0,
190,0,2,498,1.0,
191,0,2,498,1.0,
192,0,2,498,1.0,
193,0,2,498,1.0,
194,0,2,498,1.0,
195,0,2,498,1.0,
196,0,2,498,1.0,
197,0,2,498,1.0,
198,0,2,498,1.0,
199,0,2,498,1.0,
200,0,2,498,1.0,
1,498,2,0,0.9975,1.0
2,496,4,0,0.9953333333333333,0.9989085394266475
3,493,7,0,0.9895,0.9959005843445279
4,492,8,0,0.9895,0.9958897043890809
5,486,13,1,0.9795,0.9906370008284116
6,480,17,3,0.9726666666666667,0.9869277130593451
7,472,25,3,0.9608333333333333,0.9803611701777363
8,457,37,6,0.9365,0.966483518683427
9,433,59,8,0.8945,0.9402492100502821
10,414,77,9,0.8663333333333333,0.9203738144334506
11,393,92,15,0.8478333333333333,0.9043187256014653
12,359,118,23,0.8091666666666667,0.8680036244021512
13,321,152,27,0.7776666666666666,0.8279278668445254
14,287,185,28,0.741,0.7752712706849004
15,259,209,32,0.73,0.7399426048877922
16,219,241,40,0.7286666666666667,0.6904520528582895
17,182,268,50,0.745,0.65034264665977
18,151,288,61,0.764,0.6101249848945408
19,134,293,73,0.7871666666666667,0.6025685423911968
20,109,304,87,0.8188333333333333,0.5846891487737588
21,85,309,106,0.8565,0.5770153029475771
22,74,310,116,0.8736666666666667,0.5728515533318056
23,59,313,128,0.9,0.5762241973033393
24,51,310,139,0.9136666666666666,0.5763394742511803
25,35,312,153,0.9403333333333334,0.5733712094576341
26,30,302,168,0.9501666666666667,0.5830519698535679
27,23,295,182,0.9645,0.6114447295114106
28,19,289,192,0.97,0.6049135752431136
29,15,280,205,0.9771666666666666,0.6199150863886526
30,14,275,211,0.9785,0.616526361196643
31,14,264,222,0.979,0.6253664618734072
32,12,253,235,0.9823333333333333,0.6333082010225464
33,9,246,245,0.9875,0.6520767435695032
34,7,243,250,0.9906666666666667,0.6656087528730305
35,4,233,263,0.9955,0.7128489752043299
36,4,228,268,0.9955,0.7128489752043299
37,3,216,281,0.9968333333333333,0.728569139203747
38,2,210,288,0.9981666666666666,0.7654510624331482
39,1,205,294,0.9993333333333333,0.8343779353536687
40,1,194,305,0.9993333333333333,0.8343779353536687
41,1,179,320,0.9993333333333333,0.8343779353536687
42,1,177,322,0.9993333333333333,0.8343779353536687
43,1,168,331,0.9993333333333333,0.8343779353536687
44,1,163,336,0.9993333333333333,0.8343779353536687
45,1,152,347,0.9995,0.876096832121352
46,1,147,352,0.9995,0.876096832121352
47,1,139,360,0.9995,0.876096832121352
48,1,133,366,0.9995,0.876096832121352
49,1,126,373,0.9996666666666667,0.9178157288890354
50,1,120,379,0.9996666666666667,0.9178157288890354
51,1,118,381,0.9996666666666667,0.9178157288890354
52,1,111,388,0.9996666666666667,0.9178157288890354
53,1,106,393,0.9996666666666667,0.9178157288890354
54,1,101,398,0.9996666666666667,0.9178157288890354
55,1,99,400,0.9996666666666667,0.9178157288890354
56,1,97,402,0.9996666666666667,0.9178157288890354
57,1,94,405,0.9996666666666667,0.9178157288890354
58,1,93,406,0.9996666666666667,0.9178157288890354
59,1,87,412,0.9996666666666667,0.9178157288890354
60,1,81,418,0.9996666666666667,0.9178157288890354
61,1,79,420,0.9996666666666667,0.9178157288890354
62,0,77,423,1.0,
63,0,72,428,1.0,
64,0,70,430,1.0,
65,0,66,434,1.0,
66,0,62,438,1.0,
67,0,61,439,1.0,
68,0,57,443,1.0,
69,0,54,446,1.0,
70,0,53,447,1.0,
71,0,51,449,1.0,
72,0,50,450,1.0,
73,0,47,453,1.0,
74,0,46,454,1.0,
75,0,43,457,1.0,
76,0,42,458,1.0,
77,0,41,459,1.0,
78,0,40,460,1.0,
79,0,37,463,1.0,
80,0,36,464,1.0,
81,0,34,466,1.0,
82,0,33,467,1.0,
83,0,32,468,1.0,
84,0,31,469,1.0,
85,0,28,472,1.0,
86,0,26,474,1.0,
87,0,26,474,1.0,
88,0,25,475,1.0,
89,0,22,478,1.0,
90,0,22,478,1.0,
91,0,22,478,1.0,
92,0,22,478,1.0,
93,0,21,479,1.0,
94,0,18,482,1.0,
95,0,17,483,1.0,
96,0,17,483,1.0,
97,0,17,483,1.0,
98,0,17,483,1.0,
99,0,17,483,1.0,
100,0,15,485,1.0,
101,0,15,485,1.0,
102,0,15,485,1.0,
103,0,15,485,1.0,
104,0,15,485,1.0,
105,0,15,485,1.0,
106,0,14,486,1.0,
107,0,14,486,1.0,
108,0,14,486,1.0,
109,0,13,487,1.0,
110,0,13,487,1.0,
111,0,12,488,1.0,
112,0,12,488,1.0,
113,0,12,488,1.0,
114,0,11,489,1.0,
115,0,11,489,1.0,
116,0,11,489,1.0,
117,0,11,489,1.0,
118,0,11,489,1.0,
119,0,10,490,1.0,
120,0,10,490,1.0,
121,0,10,490,1.0,
122,0,10,490,1.0,
123,0,9,491,1.0,
124,0,9,491,1.0,
125,0,9,491,1.0,
126,0,7,493,1.0,
127,0,7,493,1.0,
128,0,6,494,1.0,
129,0,5,495,1.0,
130,0,5,495,1.0,
131,0,4,496,1.0,
132,0,3,497,1.0,
133,0,3,497,1.0,
134,0,2,498,1.0,
135,0,2,498,1.0,
136,0,2,498,1.0,
137,0,1,499,1.0,
138,0,1,499,1.0,
139,0,1,499,1.0,
140,0,1,499,1.0,
141,0,1,499,1.0,
142,0,1,499,1.0,
143,0,1,499,1.0,
144,0,1,499,1.0,
145,0,1,499,1.0,
146,0,1,499,1.0,
147,0,1,499,1.0,
148,0,0,500,1.0,
149,0,0,500,1.0,
150,0,0,500,1.0,
151,0,0,500,1.0,
152,0,0,500,1.0,
153,0,0,500,1.0,
154,0,0,500,1.0,
155,0,0,500,1.0,
156,0,0,500,1.0,
157,0,0,500,1.0,
158,0,0,500,1.0,
159,0,0,500,1.0,
160,0,0,500,1.0,
161,0,0,500,1.0,
162,0,0,500,1.0,
163,0,0,500,1.0,
164,0,0,500,1.0,
165,0,0,500,1.0,
166,0,0,500,1.0,
167,0,0,500,1.0,
168,0,0,500,1.0,
169,0,0,500,1.0,
170,0,0,500,1.0,
171,0,0,500,1.0,
172,0,0,500,1.0,
173,0,0,500,1.0,
174,0,0,500,1.0,
175,0,0,500,1.0,
176,0,0,500,1.0,
177,0,0,500,1.0,
178,0,0,500,1.0,
179,0,0,500,1.0,
180,0,0,500,1.0,
181,0,0,500,1.0,
182,0,0,500,1.0,
183,0,0,500,1.0,
184,0,0,500,1.0,
185,0,0,500,1.0,
186,0,0,500,1.0,
187,0,0,500,1.0,
188,0,0,500,1.0,
189,0,0,500,1.0,
190,0,0,500,1.0,
191,0,0,500,1.0,
192,0,0,500,1.0,
193,0,0,500,1.0,
194,0,0,500,1.0,
195,0,0,500,1.0,
196,0,0,500,1.0,
197,0,0,500,1.0,
198,0,0,500,1.0,
199,0,0,500,1.0,
200,0,0,500,1.0,
1,498,2,0,0.9971666666666666,1.0
2,497,3,0,0.9971666666666666,0.9999970993010749
3,497,3,0,0.9971666666666666,0.9999970993010749
4,496,4,0,0.9953333333333333,0.9990524030841048
5,494,6,0,0.991,0.9968711069435846
6,491,9,0,0.9876666666666667,0.9951071255590466
7,487,13,0,0.978,0.9900095964702177
8,478,21,1,0.9625,0.9816556207489334
9,473,25,2,0.9563333333333334,0.9781469183051048
10,461,37,2,0.9348333333333333,0.9657639312681332
11,452,44,4,0.9263333333333333,0.9603840640056891
12,435,59,6,0.9098333333333334,0.9494993817375589
13,420,71,9,0.8866666666666667,0.9337539335593752
14,398,93,9,0.8616666666666667,0.9143423772007313
15,374,114,12,0.8311666666666667,0.8885601643848083
16,348,135,17,0.8133333333333334,0.8673433147345274
17,315,161,24,0.7935,0.8372203931515855
18,282,186,32,0.7738333333333334,0.7999914921153147
19,250,209,41,0.7741666666666667,0.7742754850367052
20,219,227,54,0.7813333333333333,0.7514071153862236
21,196,238,66,0.7896666666666666,0.7326893225535145
22,168,257,75,0.7863333333333333,0.6822824841280299
23,140,276,84,0.8043333333333333,0.6502231798666149
24,123,282,95,0.8228333333333333,0.6395008366314975
25,99,297,104,0.843,0.6026957467639478
26,82,299,119,0.8668333333333333,0.5932572068238612
27,66,310,124,0.8898333333333334,0.5827736359665121
28,53,307,140,0.9071666666666667,0.5638354025425782
29,43,308,149,0.925,0.5631111089965645
30,33,302,165,0.9445,0.578770872677824
31,28,286,186,0.9576666666666667,0.6208688439953463
32,23,278,199,0.966,0.6287291798121545
33,19,269,212,0.9741666666666666,0.6598764784637318
34,16,261,223,0.9788333333333333,0.6680202613755513
35,13,252,235,0.9843333333333333,0.69965010898575
36,12,245,243,0.9853333333333333,0.6953641817742032
37,11,236,253,0.9873333333333333,0.713388888124853
38,8,231,261,0.9913333333333333,0.731735520869061
39,7,224,269,0.9925,0.7349328095335832
40,4,220,276,0.9956666666666667,0.7279501105172219
41,4,209,287,0.9958333333333333,0.7383817943439486
42,4,202,294,0.996,0.7492670296414023
43,2,198,300,0.9976666666666667,0.709354500217405
44,2,193,305,0.9976666666666667,0.709354500217405
45,1,183,316,0.9986666666666667,0.6676277649104989
46,0,174,326,1.0,
47,0,161,339,1.0,
48,0,157,343,1.0,
49,0,150,350,1.0,
50,0,141,359,1.0,
51,0,133,367,1.0,
52,0,129,371,1.0,
53,0,125,375,1.0,
54,0,122,378,1.0,
55,0,117,383,1.0,
56,0,115,385,1.0,
57,0,111,389,1.0,
58,0,108,392,1.0,
59,0,103,397,1.0,
60,0,99,401,1.0,
61,0,94,406,1.0,
62,0,91,409,1.0,
63,0,88,412,1.0,
64,0,83,417,1.0,
65,0,81,419,1.0,
66,0,77,423,1.0,
67,0,74,426,1.0,
68,0,69,431,1.0,
69,0,65,435,1.0,
70,0,61,439,1.0,
71,0,58,442,1.0,
72,0,54,446,1.0,
73,0,52,448,1.0,
74,0,49,451,1.0,
75,0,48,452,1.0,
76,0,46,454,1.0,
77,0,46,454,1.0,
78,0,45,455,1.0,
79,0,44,456,1.0,
80,0,41,459,1.0,
81,0,39,461,1.0,
82,0,36,464,1.0,
83,0,36,464,1.0,
84,0,35,465,1.0,
85,0,33,467,1.0,
86,0,32,468,1.0,
87,0,28,472,1.0,
88,0,27,473,1.0,
89,0,27,473,1.0,
90,0,26,474,1.0,
91,0,24,476,1.0,
92,0,23,477,1.0,
93,0,22,478,1.0,
94,0,21,479,1.0,
95,0,20,480,1.0,
96,0,19,481,1.0,
97,0,19,481,1.0,
98,0,19,481,1.0,
99,0,19,481,1.0,
100,0,18,482,1.0,
101,0,18,482,1.0,
102,0,18,482,1.0,
103,0,18,482,1.0,
104,0,18,482,1.0,
105,0,18,482,1.0,
106,0,18,482,1.0,
107,0,16,484,1.0,
108,0,14,486,1.0,
109,0,14,486,1.0,
110,0,13,487,1.0,
111,0,11,489,1.0,
112,0,11,489,1.0,
113,0,10,490,1.0,
114,0,10,490,1.0,
115,0,10,490,1.0,
116,0,10,490,1.0,
117,0,9,491,1.0,
118,0,9,491,1.0,
119,0,9,491,1.0,
120,0,8,492,1.0,
121,0,7,493,1.0,
122,0,6,494,1.0,
123,0,6,494,1.0,
124,0,6,494,1.0,
125,0,6,494,1.0,
126,0,6,494,1.0,
127,0,6,494,1.0,
128,0,6,494,1.0,
129,0,6,494,1.0,
130,0,6,494,1.0,
131,0,6,494,1.0,
132,0,6,494,1.0,
133,0,6,494,1.0,
134,0,6,494,1.0,
135,0,5,495,1.0,
136,0,5,495,1.0,
137,0,5,495,1.0,
138,0,4,496,1.0,
139,0,4,496,1.0,
140,0,4,496,1.0,
141,0,4,496,1.0,
142,0,4,496,1.0,
143,0,4,496,1.0,
144,0,4,496,1.0,
145,0,4,496,1.0,
146,0,4,496,1.0,
147,0,4,496,1.0,
148,0,4,496,1.0,
149,0,4,496,1.0,
150,0,4,496,1.0,
151,0,4,496,1.0,
152,0,4,496,1.0,
153,0,4,496,1.0,
154,0,4,496,1.0,
155,0,4,496,1.0,
156,0,4,496,1.0,
157,0,4,496,1.0,
158,0,4,496,1.0,
159,0,4,496,1.0,
160,0,4,496,1.0,
161,0,4,496,1.0,
162,0,4,496,1.0,
163,0,4,496,1.0,
164,0,3,497,1.0,
165,0,3,497,1.0,
166,0,3,497,1.0,
167,0,3,497,1.0,
168,0,2,498,1.0,
169,0,2,498,1.0,
170,0,1,499,1.0,
171,0,1,499,1.0,
172,0,1,499,1.0,
173,0,1,499,1.0,
174,0,1,499,1.0,
175,0,1,499,1.0,
176,0,1,499,1.0,
177,0,1,499,1.0,
178,0,1,499,1.0,
179,0,1,499,1.0,
180,0,1,499,1.0,
181,0,1,499,1.0,
182,0,1,499,1.0,
183,0,1,499,1.0,
184,0,1,499,1.0,
185,0,1,499,1.0,
186,0,1,499,1.0,
187,0,1,499,1.0,
188,0,1,499,1.0,
189,0,1,499,1.0,
190,0,1,499,1.0,
191,0,1,499,1.0,
192,0,1,499,1.0,
193,0,1,499,1.0,
194,0,1,499,1.0,
195,0,1,499,1.0,
196,0,1,499,1.0,
197,0,1,499,1.0,
198,0,1,499,1.0,
199,0,1,499,1.0,
200,0,1,499,1.0,
1,497,3,0,0.996,1.0
2,494,6,0,0.9906666666666667,0.9972600647263425
3,489,11,0,0.9831666666666666,0.9933652331929899
4,481,19,0,0.973,0.9879052760353072
5,475,25,0,0.9611666666666666,0.9815031121573088
6,459,40,1,0.9343333333333333,0.9662019149307854
7,445,47,8,0.9241666666666667,0.959397202575733
8,429,62,9,0.8988333333333334,0.9428923630719067
9,410,78,12,0.8708333333333333,0.9230514987547771
10,379,105,16,0.8373333333333334,0.8943782805859252
11,364,113,23,0.8275,0.883025445842992
12,341,131,28,0.8051666666666667,0.8579365651452331
13,314,148,38,0.7993333333333333,0.8407879448650303
14,281,177,42,0.7751666666666667,0.8005285066844436
15,243,209,48,0.7733333333333333,0.7671782570140228
16,212,232,56,0.7785,0.7388570250994372
17,183,249,68,0.7976666666666666,0.7229981055401615
18,162,256,82,0.8093333333333333,0.7052055733556294
19,139,259,102,0.8323333333333334,0.6994641272151499
20,123,262,115,0.8463333333333334,0.6880170009078806
21,109,265,126,0.861,0.6816808851428854
22,99,260,141,0.872,0.6765086940246638
23,83,264,153,0.8853333333333333,0.6540050754278501
24,75,260,165,0.8995,0.6641040961745955
25,60,267,173,0.9136666666666666,0.6384523944167492
26,50,268,182,0.9288333333333333,0.6429779616291502
27,42,267,191,0.9416666666666667,0.6546258460596192
28,36,261,203,0.9496666666666667,0.6500238444895817
29,31,253,216,0.9578333333333333,0.6586343237806443
30,24,251,225,0.966,0.6438510971238035
31,19,243,238,0.9743333333333334,0.6601300314062208
32,19,235,246,0.9755,0.6754460422159981
33,16,230,254,0.9798333333333333,0.6854972386153474
34,13,223,264,0.9848333333333333,0.7079747660082434
35,8,218,274,0.9911666666666666,0.723616801123403
36,8,208,284,0.9916666666666667,0.7397271493875358
37,7,201,292,0.9928333333333333,0.7440077494605898
38,7,187,306,0.9935,0.7681453947954063
39,7,181,312,0.9936666666666667,0.7743691108250109
40,7,179,314,0.9938333333333333,0.7798747057742765
41,7,172,321,0.9941666666666666,0.7923221378334855
42,7,166,327,0.9941666666666666,0.7923221378334855
43,6,159,335,0.9956666666666667,0.8221409188260951
44,5,150,345,0.9966666666666667,0.8334178135243517
45,3,145,352,0.9981666666666666,0.8459067370237583
46,3,134,363,0.9981666666666666,0.8459067370237583
47,2,126,372,0.9986666666666667,0.8322923582089983
48,2,121,377,0.9986666666666667,0.8322923582089983
49,2,115,383,0.9986666666666667,0.8322923582089983
50,2,111,387,0.9988333333333334,0.853167739058297
51,0,107,393,1.0,
52,0,100,400,1.0,
53,0,94,406,1.0,
54,0,89,411,1.0,
55,0,83,417,1.0,
56,0,79,421,1.0,
57,0,75,425,1.0,
58,0,73,427,1.0,
59,0,71,429,1.0,
60,0,67,433,1.0,
61,0,65,435,1.0,
62,0,61,439,1.0,
63,0,57,443,1.0,
64,0,54,446,1.0,
65,0,53,447,1.0,
66,0,47,453,1.0,
67,0,45,455,1.0,
68,0,44,456,1.0,
69,0,43,457,1.0,
70,0,43,457,1.0,
71,0,42,458,1.0,
72,0,41,459,1.0,
73,0,41,459,1.0,
74,0,41,459,1.0,
75,0,39,461,1.0,
76,0,36,464,1.0,
77,0,33,467,1.0,
78,0,31,469,1.0,
79,0,30,470,1.0,
80,0,29,471,1.0,
81,0,27,473,1.0,
82,0,26,474,1.0,
83,0,26,474,1.0,
84,0,26,474,1.0,
85,0,25,475,1.0,
86,0,24,476,1.0,
87,0,24,476,1.0,
88,0,22,478,1.0,
89,0,21,479,1.0,
90,0,21,479,1.0,
91,0,20,480,1.0,
92,0,19,481,1.0,
93,0,18,482,1.0,
94,0,18,482,1.0,
95,0,15,485,1.0,
96,0,13,487,1.0,
97,0,12,488,1.0,
98,0,11,489,1.0,
99,0,11,489,1.0,
100,0,10,490,1.0,
101,0,10,490,1.0,
102,0,10,490,1.0,
103,0,10,490,1.0,
104,0,9,491,1.0,
105,0,9,491,1.0,
106,0,9,491,1.0,
107,0,9,491,1.0,
108,0,9,491,1.0,
109,0,9,491,1.0,
110,0,9,491,1.0,
111,0,9,491,1.0,
112,0,8,492,1.0,
113,0,8,492,1.0,
114,0,7,493,1.0,
115,0,7,493,1.0,
116,0,6,494,1.0,
117,0,5,495,1.0,
118,0,5,495,1.0,
119,0,5,495,1.0,
120,0,4,496,1.0,
121,0,4,496,1.0,
122,0,4,496,1.0,
123,0,4,496,1.0,
124,0,4,496,1.0,
125,0,4,496,1.0,
126,0,4,496,1.0,
127,0,4,496,1.0,
128,0,4,496,1.0,
129,0,3,497,1.0,
130,0,3,497,1.0,
131,0,3,497,1.0,
132,0,3,497,1.0,
133,0,2,498,1.0,
134,0,2,498,1.0,
135,0,2,498,1.0,
136,0,2,498,1.0,
137,0,2,498,1.0,
138,0,2,498,1.0,
139,0,2,498,1.0,
140,0,2,498,1.0,
141,0,2,498,1.0,
142,0,2,498,1.0,
143,0,2,498,1.0,
144,0,2,498,1.0,
145,0,2,498,1.0,
146,0,2,498,1.0,
147,0,2,498,1.0,
148,0,2,498,1.0,
149,0,2,498,1.0,
150,0,2,498,1.0,
151,0,2,498,1.0,
152,0,2,498,1.0,
153,0,2,498,1.0,
154,0,2,498,1.0,
155,0,2,498,1.0,
156,0,2,498,1.0,
157,0,2,498,1.0,
158,0,2,498,1.0,
159,0,2,498,1.0,
160,0,2,498,1.0,
161,0,2,498,1.0,
162,0,2,498,1.0,
163,0,1,499,1.0,
164,0,1,499,1.0,
165,0,1,499,1.0,
166,0,1,499,1.0,
167,0,1,499,1.0,
168,0,1,499,1.0,
169,0,1,499,1.0,
170,0,1,499,1.0,
171,0,1,499,1.0,
172,0,1,499,1.0,
173,0,1,499,1.0,
174,0,1,499,1.0,
175,0,1,499,1.0,
176,0,1,499,1.0,
177,0,1,499,1.0,
178,0,1,499,1.0,
179,0,1,499,1.0,
180,0,1,499,1.0,
181,0,1,499,1.0,
182,0,1,499,1.0,
183,0,1,499,1.0,
184,0,1,499,1.0,
185,0,1,499,1.0,
186,0,1,499,1.0,
187,0,1,499,1.0,
188,0,1,499,1.0,
189,0,0,500,1.0,
190,0,0,500,1.0,
191,0,0,500,1.0,
192,0,0,500,1.0,
193,0,0,500,1.0,
194,0,0,500,1.0,
195,0,0,500,1.0,
196,0,0,500,1.0,
197,0,0,500,1.0,
198,0,0,500,1.0,
199,0,0,500,1.0,
200,0,0,500,1.0,
1,497,3,0,0.9951666666666666,1.0
2,496,4,0,0.9935,0.9991456704475096
3,493,7,0,0.9885,0.9965580777246826
4,487,13,0,0.9795,0.9918943059271637
5,478,21,1,0.9726666666666667,0.9880401392414193
6,472,27,1,0.9616666666666667,0.9819909555026958
7,459,40,1,0.944,0.9717831837731936
8,447,51,2,0.9285,0.9623238816311152
9,431,65,4,0.9061666666666667,0.9479349418754045
10,421,71,8,0.8928333333333334,0.9386983657793568
11,401,87,12,0.8621666666666666,0.9164686825067182
12,369,114,17,0.826,0.8841260347626553
13,340,140,20,0.7965,0.8522820234634788
14,307,169,24,0.774,0.8178687209619565
15,271,194,35,0.7791666666666667,0.797739631304782
16,246,207,47,0.783,0.7808240779410257
17,209,232,59,0.7935,0.755088583929817
18,200,230,70,0.8028333333333333,0.755367251005321
19,169,256,75,0.8013333333333333,0.7080991118670018
20,146,273,81,0.8071666666666667,0.6717982472619797
21,125,284,91,0.8291666666666667,0.6608901168095045
22,106,290,104,0.8491666666666666,0.6463499783366664
23,86,289,125,0.8716666666666667,0.6294076138028258
24,73,287,140,0.89,0.626932472247369
25,67,278,155,0.901,0.6342370652560848
26,53,277,170,0.9145,0.5993019639400535
27,44,275,181,0.9291666666666667,0.598796011315051
28,37,273,190,0.9436666666666667,0.6211670609216069
29,31,266,203,0.9508333333333333,0.6068601035237446
30,28,260,212,0.9551666666666667,0.6008197978963518
31,24,249,227,0.9618333333333333,0.6040423234664946
32,22,239,239,0.966,0.6158250930376749
33,18,233,249,0.9745,0.6498817095253866
34,15,228,257,0.98,0.6719269411310995
35,12,220,268,0.9858333333333333,0.7068514954610446
36,10,218,272,0.9876666666666667,0.6937576458992151
37,10,208,282,0.988,0.7021255132516464
38,9,201,290,0.9896666666666667,0.711736101105609
39,8,196,296,0.9916666666666667,0.7380712246410853
40,8,190,302,0.9916666666666667,0.7380712246410853
41,8,183,309,0.9925,0.7655580048292919
42,8,177,315,0.9926666666666667,0.7707788422073822
43,6,168,326,0.995,0.7891264743402187
44,6,164,330,0.995,0.7891264743402187
45,5,156,339,0.9958333333333333,0.790054256350175
46,5,149,346,0.9958333333333333,0.790054256350175
47,4,147,349,0.9966666666666667,0.7896299859292519
48,2,148,350,0.9986666666666667,0.8338151914390026
49,2,141,357,0.9986666666666667,0.8338151914390026
50,2,136,362,0.9986666666666667,0.8338151914390026
51,1,133,366,0.9996666666666667,0.9112734332666695
52,1,129,370,0.9996666666666667,0.9112734332666695
53,1,122,377,0.9996666666666667,0.9112734332666695
54,1,117,382,0.9996666666666667,0.9112734332666695
55,0,114,386,1.0,
56,0,110,390,1.0,
57,0,107,393,1.0,
58,0,104,396,1.0,
59,0,103,397,1.0,
60,0,97,403,1.0,
61,0,90,410,1.0,
62,0,89,411,1.0,
63,0,84,416,1.0,
64,0,79,421,1.0,
65,0,78,422,1.0,
66,0,77,423,1.0,
67,0,74,426,1.0,
68,0,70,430,1.0,
69,0,69,431,1.0,
70,0,65,435,1.0,
71,0,64,436,1.0,
72,0,64,436,1.0,
73,0,62,438,1.0,
74,0,61,439,1.0,
75,0,60,440,1.0,
76,0,58,442,1.0,
77,0,55,445,1.0,
78,0,53,447,1.0,
79,0,52,448,1.0,
80,0,48,452,1.0,
81,0,47,453,1.0,
82,0,45,455,1.0,
83,0,45,455,1.0,
84,0,45,455,1.0,
85,0,45,455,1.0,
86,0,44,456,1.0,
87,0,44,456,1.0,
88,0,42,458,1.0,
89,0,41,459,1.0,
90,0,39,461,1.0,
91,0,36,464,1.0,
92,0,35,465,1.0,
93,0,35,465,1.0,
94,0,35,465,1.0,
95,0,34,466,1.0,
96,0,32,468,1.0,
97,0,31,469,1.0,
98,0,31,469,1.0,
99,0,29,471,1.0,
100,0,27,473,1.0,
101,0,24,476,1.0,
102,0,24,476,1.0,
103,0,23,477,1.0,
104,0,22,478,1.0,
105,0,20,480,1.0,
106,0,19,481,1.0,
107,0,18,482,1.0,
108,0,18,482,1.0,
109,0,17,483,1.0,
110,0,15,485,1.0,
111,0,15,485,1.0,
112,0,15,485,1.0,
113,0,15,485,1.0,
114,0,14,486,1.0,
115,0,14,486,1.0,
116,0,14,486,1.0,
117,0,14,486,1.0,
118,0,13,487,1.0,
119,0,13,487,1.0,
120,0,13,487,1.0,
121,0,11,489,1.0,
122,0,10,490,1.0,
123,0,9,491,1.0,
124,0,9,491,1.0,
125,0,8,492,1.0,
126,0,8,492,1.0,
127,0,7,493,1.0,
128,0,7,493,1.0,
129,0,7,493,1.0,
130,0,7,493,1.0,
131,0,7,493,1.0,
132,0,6,494,1.0,
133,0,6,494,1.0,
134,0,6,494,1.0,
135,0,6,494,1.0,
136,0,4,496,1.0,
137,0,4,496,1.0,
138,0,4,496,1.0,
139,0,4,496,1.0,
140,0,4,496,1.0,
141,0,3,497,1.0,
142,0,3,497,1.0,
143,0,3,497,1.0,
144,0,3,497,1.0,
145,0,3,497,1.0,
146,0,3,497,1.0,
147,0,3,497,1.0,
148,0,3,497,1.0,
149,0,3,497,1.0,
150,0,3,497,1.0,
151,0,2,498,1.0,
152,0,2,498,1.0,
153,0,2,498,1.0,
154,0,2,498,1.0,
155,0,1,499,1.0,
156,0,1,499,1.0,
157,0,1,499,1.0,
158,0,0,500,1.0,
159,0,0,500,1.0,
160,0,0,500,1.0,
161,0,0,500,1.0,
162,0,0,500,1.0,
163,0,0,500,1.0,
164,0,0,500,1.0,
165,0,0,500,1.0,
166,0,0,500,1.0,
167,0,0,500,1.0,
168,0,0,500,1.0,
169,0,0,500,1.0,
170,0,0,500,1.0,
171,0,0,500,1.0,
172,0,0,500,1.0,
173,0,0,500,1.0,
174,0,0,500,1.0,
175,0,0,500,1.0,
176,0,0,500,1.0,
177,0,0,500,1.0,
178,0,0,500,1.0,
179,0,0,500,1.0,
180,0,0,500,1.0,
181,0,0,500,1.0,
182,0,0,500,1.0,
183,0,0,500,1.0,
184,0,0,500,1.0,
185,0,0,500,1.0,
186,0,0,500,1.0,
187,0,0,500,1.0,
188,0,0,500,1.0,
189,0,0,500,1.0,
190,0,0,500,1.0,
191,0,0,500,1.0,
192,0,0,500,1.0,
193,0,0,500,1.0,
194,0,0,500,1.0,
195,0,0,500,1.0,
196,0,0,500,1.0,
197,0,0,500,1.0,
198,0,0,500,1.0,
199,0,0,500,1.0,
200,0,0,500,1.0,
1,495,5,0,0.9915,0.9989307391136646
2,495,4,1,0.9936666666666667,1.0
3,491,8,1,0.9861666666666666,0.9961927515622281
4,480,18,2,0.9723333333333334,0.9889265884867946
5,471,26,3,0.9605,0.9823519779704474
6,462,35,3,0.9495,0.9760208306743536
7,451,43,6,0.9386666666666666,0.9693498378473745
8,441,50,9,0.9323333333333333,0.9650460229073632
9,425,64,11,0.9146666666666666,0.9531898246902435
10,412,75,13,0.8928333333333334,0.9382605238326079
11,379,102,19,0.8543333333333333,0.9067633700488718
12,352,126,22,0.8235,0.8773496525144482
13,317,155,28,0.8005,0.8452528245110196
14,288,178,34,0.7736666666666666,0.8055570011786054
15,252,205,43,0.761,0.7641768345802313
16,226,221,53,0.755,0.7297549955374039
17,198,239,63,0.7715,0.712571523289815
18,166,261,73,0.7868333333333334,0.6795857594079113
19,141,273,86,0.803,0.6514128077208075
20,120,281,99,0.8226666666666667,0.6319488728089947
21,94,285,121,0.8573333333333333,0.6200768650310068
22,73,291,136,0.8855,0.6048694521211166
23,60,291,149,0.9065,0.6068017795539602
24,46,289,165,0.9276666666666666,0.6005748793780519
25,36,288,176,0.9435,0.5991294137549579
26,29,278,193,0.9563333333333334,0.6157974458785932
27,25,263,212,0.9648333333333333,0.640437681447634
28,20,263,217,0.9718333333333333,0.6358416924969025
29,17,251,232,0.9775,0.6589500080658531
30,13,244,243,0.9823333333333333,0.6490765047096294
31,12,230,258,0.9853333333333333,0.6847333172310084
32,11,223,266,0.9865,0.6861839252986227
33,10,218,272,0.9873333333333333,0.6766572226519854
34,9,215,276,0.989,0.6888406616157258
35,8,205,287,0.9908333333333333,0.7108023337420553
36,6,202,292,0.9936666666666667,0.7369264207923385
37,5,196,299,0.9948333333333333,0.7421966713972652
38,5,186,309,0.995,0.7509198448123163
39,4,183,313,0.996,0.7505563792533558
40,2,180,318,0.998,0.7496477153559546
41,2,173,325,0.998,0.7496477153559546
42,1,163,336,0.9988333333333334,0.710575167767705
43,1,156,343,0.999,0.7523737070481582
44,1,146,353,0.999,0.7523737070481582
45,1,137,362,0.999,0.7523737070481582
46,1,129,370,0.999,0.7523737070481582
47,1,125,374,0.999,0.7523737070481582
48,1,118,381,0.999,0.7523737070481582
49,1,112,387,0.9993333333333333,0.8359707856090647
50,1,108,391,0.9993333333333333,0.8359707856090647
51,1,99,400,0.9995,0.8777693248895179
52,0,95,405,1.0,
53,0,93,407,1.0,
54,0,90,410,1.0,
55,0,83,417,1.0,
56,0,79,421,1.0,
57,0,74,426,1.0,
58,0,71,429,1.0,
59,0,69,431,1.0,
60,0,65,435,1.0,
61,0,63,437,1.0,
62,0,59,441,1.0,
63,0,59,441,1.0,
64,0,59,441,1.0,
65,0,58,442,1.0,
66,0,58,442,1.0,
67,0,56,444,1.0,
68,0,52,448,1.0,
69,0,52,448,1.0,
70,0,48,452,1.0,
71,0,46,454,1.0,
72,0,45,455,1.0,
73,0,43,457,1.0,
74,0,38,462,1.0,
75,0,36,464,1.0,
76,0,34,466,1.0,
77,0,34,466,1.0,
78,0,34,466,1.0,
79,0,32,468,1.0,
80,0,30,470,1.0,
81,0,29,471,1.0,
82,0,28,472,1.0,
83,0,28,472,1.0,
84,0,28,472,1.0,
85,0,27,473,1.0,
86,0,25,475,1.0,
87,0,23,477,1.0,
88,0,22,478,1.0,
89,0,21,479,1.0,
90,0,20,480,1.0,
91,0,19,481,1.0,
92,0,19,481,1.0,
93,0,18,482,1.0,
94,0,17,483,1.0,
95,0,16,484,1.0,
96,0,14,486,1.0,
97,0,13,487,1.0,
98,0,13,487,1.0,
99,0,12,488,1.0,
100,0,12,488,1.0,
101,0,12,488,1.0,
102,0,11,489,1.0,
103,0,9,491,1.0,
104,0,9,491,1.0,
105,0,9,491,1.0,
106,0,8,492,1.0,
107,0,8,492,1.0,
108,0,8,492,1.0,
109,0,8,492,1.0,
110,0,8,492,1.0,
111,0,6,494,1.0,
112,0,6,494,1.0,
113,0,6,494,1.0,
114,0,6,494,1.0,
115,0,6,494,1.0,
116,0,5,495,1.0,
117,0,5,495,1.0,
118,0,5,495,1.0,
119,0,5,495,1.0,
120,0,5,495,1.0,
121,0,5,495,1.0,
122,0,5,495,1.0,
123,0,5,495,1.0,
124,0,5,495,1.0,
125,0,5,495,1.0,
126,0,5,495,1.0,
127,0,4,496,1.0,
128,0,4,496,1.0,
129,0,3,497,1.0,
130,0,2,498,1.0,
131,0,2,498,1.0,
132,0,2,498,1.0,
133,0,2,498,1.0,
134,0,2,498,1.0,
135,0,2,498,1.0,
136,0,2,498,1.0,
137,0,1,499,1.0,
138,0,1,499,1.0,
139,0,0,500,1.0,
140,0,0,500,1.0,
141,0,0,500,1.0,
142,0,0,500,1.0,
143,0,0,500,1.0,
144,0,0,500,1.0,
145,0,0,500,1.0,
146,0,0,500,1.0,
147,0,0,500,1.0,
148,0,0,500,1.0,
149,0,0,500,1.0,
150,0,0,500,1.0,
151,0,0,500,1.0,
152,0,0,500,1.0,
153,0,0,500,1.0,
154,0,0,500,1.0,
155,0,0,500,1.0,
156,0,0,500,1.0,
157,0,0,500,1.0,
158,0,0,500,1.0,
159,0,0,500,1.0,
160,0,0,500,1.0,
161,0,0,500,1.0,
162,0,0,500,1.0,
163,0,0,500,1.0,
164,0,0,500,1.0,
165,0,0,500,1.0,
166,0,0,500,1.0,
167,0,0,500,1.0,
168,0,0,500,1.0,
169,0,0,500,1.0,
170,0,0,500,1.0,
171,0,0,500,1.0,
172,0,0,500,1.0,
173,0,0,500,1.0,
174,0,0,500,1.0,
175,0,0,500,1.0,
176,0,0,500,1.0,
177,0,0,500,1.0,
178,0,0,500,1.0,
179,0,0,500,1.0,
180,0,0,500,1.0,
181,0,0,500,1.0,
182,0,0,500,1.0,
183,0,0,500,1.0,
184,0,0,500,1.0,
185,0,0,500,1.0,
186,0,0,500,1.0,
187,0,0,500,1.0,
188,0,0,500,1.0,
189,0,0,500,1.0,
190,0,0,500,1.0,
191,0,0,500,1.0,
192,0,0,500,1.0,
193,0,0,500,1.0,
194,0,0,500,1.0,
195,0,0,500,1.0,
196,0,0,500,1.0,
197,0,0,500,1.0,
198,0,0,500,1.0,
199,0,0,500,1.0,
200,0,0,500,1.0,
1,499,1,0,1.0,1.0
2,497,3,0,0.9945,0.9972170644215959
3,492,8,0,0.9883333333333333,0.9940672045934507
4,489,9,2,0.9865,0.9931307838238576
5,484,13,3,0.9813333333333333,0.9903911405299295
6,481,15,4,0.9801666666666666,0.9897475765870414
7,475,19,6,0.9733333333333334,0.9859865221480781
8,465,24,11,0.9658333333333333,0.981740124782668
9,453,36,11,0.95,0.9725392131409984
10,436,53,11,0.9225,0.955701921455312
11,417,70,13,0.8908333333333334,0.9346204517031333
12,391,95,14,0.8486666666666667,0.9031831798144486
13,361,122,17,0.8148333333333333,0.8716685769166801
14,335,141,24,0.8016666666666666,0.8520179686441852
15,305,166,29,0.77,0.8119873305333034
16,276,188,36,0.7573333333333333,0.7806179605943311
17,240,213,47,0.7541666666666667,0.7439477671080931
18,212,231,57,0.745,0.6986677292870894
19,178,256,66,0.768,0.6740881829816856
20,144,281,75,0.7845,0.6256011849686367
21,125,291,84,0.8045,0.6090629984508246
22,99,305,96,0.8368333333333333,0.5884899638171487
23,79,315,106,0.866,0.5765956040942283
24,70,315,115,0.8803333333333333,0.5723585577063839
25,57,312,131,0.9036666666666666,0.57588083400059
26,45,316,139,0.9213333333333333,0.5650660288003283
27,37,310,153,0.9363333333333334,0.5707744944701467
28,29,311,160,0.9493333333333334,0.5630327493595859
29,23,305,172,0.9611666666666666,0.5770207454801028
30,18,297,185,0.9696666666666667,0.5779923820141212
31,16,288,196,0.9745,0.6008754877369007
32,14,273,213,0.9786666666666667,0.6186351329829591
33,12,263,225,0.9826666666666667,0.6368798773690078
34,11,257,232,0.9845,0.6455356237964934
35,9,251,240,0.9878333333333333,0.6613712374581939
36,7,247,246,0.9911666666666666,0.6855390985825768
37,5,236,259,0.9938333333333333,0.6894927536231885
38,5,221,274,0.9938333333333333,0.6894927536231885
39,4,214,282,0.9953333333333333,0.7056159420289856
40,3,203,294,0.9961666666666666,0.6769323671497585
41,3,196,301,0.9963333333333333,0.6908212560386474
42,3,191,306,0.9965,0.7047101449275361
43,3,181,316,0.9966666666666667,0.7185990338164251
44,3,174,323,0.9968333333333333,0.7324879227053142
45,1,168,331,0.9988333333333334,0.7083333333333334
46,1,164,335,0.9988333333333334,0.7083333333333334
47,1,156,343,0.999,0.75
48,0,150,350,1.0,
49,0,146,354,1.0,
50,0,142,358,1.0,
51,0,134,366,1.0,
52,0,131,369,1.0,
53,0,124,376,1.0,
54,0,120,380,1.0,
55,0,116,384,1.0,
56,0,111,389,1.0,
57,0,102,398,1.0,
58,0,96,404,1.0,
59,0,93,407,1.0,
60,0,90,410,1.0,
61,0,85,415,1.0,
62,0,80,420,1.0,
63,0,74,426,1.0,
64,0,68,432,1.0,
65,0,63,437,1.0,
66,0,63,437,1.0,
67,0,61,439,1.0,
68,0,58,442,1.0,
69,0,56,444,1.0,
70,0,54,446,1.0,
71,0,52,448,1.0,
72,0,49,451,1.0,
73,0,47,453,1.0,
74,0,45,455,1.0,
75,0,43,457,1.0,
76,0,42,458,1.0,
77,0,40,460,1.0,
78,0,37,463,1.0,
79,0,33,467,1.0,
80,0,32,468,1.0,
81,0,32,468,1.0,
82,0,31,469,1.0,
83,0,30,470,1.0,
84,0,30,470,1.0,
85,0,30,470,1.0,
86,0,30,470,1.0,
87,0,29,471,1.0,
88,0,28,472,1.0,
89,0,27,473,1.0,
90,0,26,474,1.0,
91,0,26,474,1.0,
92,0,26,474,1.0,
93,0,25,475,1.0,
94,0,25,475,1.0,
95,0,22,478,1.0,
96,0,21,479,1.0,
97,0,21,479,1.0,
98,0,19,481,1.0,
99,0,19,481,1.0,
100,0,17,483,1.0,
101,0,17,483,1.0,
102,0,14,486,1.0,
103,0,14,486,1.0,
104,0,13,487,1.0,
105,0,11,489,1.0,
106,0,10,490,1.0,
107,0,9,491,1.0,
108,0,9,491,1.0,
109,0,9,491,1.0,
110,0,9,491,1.0,
111,0,9,491,1.0,
112,0,9,491,1.0,
113,0,9,491,1.0,
114,0,9,491,1.0,
115,0,7,493,1.0,
116,0,7,493,1.0,
117,0,7,493,1.0,
118,0,7,493,1.0,
119,0,7,493,1.0,
120,0,7,493,1.0,
121,0,7,493,1.0,
122,0,7,493,1.0,
123,0,7,493,1.0,
124,0,7,493,1.0,
125,0,5,495,1.0,
126,0,4,496,1.0,
127,0,4,496,1.0,
128,0,4,496,1.0,
129,0,4,496,1.0,
130,0,4,496,1.0,
131,0,4,496,1.0,
132,0,4,496,1.0,
133,0,4,496,1.0,
134,0,4,496,1.0,
135,0,4,496,1.0,
136,0,4,496,1.0,
137,0,4,496,1.0,
138,0,4,496,1.0,
139,0,3,497,1.0,
140,0,3,497,1.0,
141,0,3,497,1.0,
142,0,3,497,1.0,
143,0,3,497,1.0,
144,0,3,497,1.0,
145,0,3,497,1.0,
146,0,3,497,1.0,
147,0,3,497,1.0,
148,0,3,497,1.0,
149,0,3,497,1.0,
150,0,3,497,1.0,
151,0,3,497,1.0,
152,0,3,497,1.0,
153,0,3,497,1.0,
154,0,3,497,1.0,
155,0,3,497,1.0,
156,0,3,497,1.0,
157,0,3,497,1.0,
158,0,3,497,1.0,
159,0,3,497,1.0,
160,0,3,497,1.0,
161,0,3,497,1.0,
162,0,3,497,1.0,
163,0,3,497,1.0,
164,0,3,497,1.0,
165,0,2,498,1.0,
166,0,2,498,1.0,
167,0,2,498,1.0,
168,0,2,498,1.0,
169,0,2,498,1.0,
170,0,2,498,1.0,
171,0,2,498,1.0,
172,0,2,498,1.0,
173,0,2,498,1.0,
174,0,2,498,1.0,
175,0,2,498,1.0,
176,0,2,498,1.0,
177,0,2,498,1.0,
178,0,2,498,1.0,
179,0,2,498,1.0,
180,0,2,498,1.0,
181,0,2,498,1.0,
182,0,2,498,1.0,
183,0,2,498,1.0,
184,0,2,498,1.0,
185,0,2,498,1.0,
186,0,2,498,1.0,
187,0,1,499,1.0,
188,0,1,499,1.0,
189,0,1,499,1.0,
190,0,1,499,1.0,
191,0,1,499,1.0,
192,0,1,499,1.0,
193,0,1,499,1.0,
194,0,1,499,1.0,
195,0,1,499,1.0,
196,0,1,499,1.0,
197,0,1,499,1.0,
198,0,1,499,1.0,
199,0,1,499,1.0,
200,0,1,499,1.0,
1,497,3,0,0.9946666666666667,1.0
2,497,3,0,0.9946666666666667,1.0
3,494,6,0,0.9896666666666667,0.9974545955341034
4,492,7,1,0.9866666666666667,0.995881486865225
5,489,10,1,0.9818333333333333,0.9933629847204533
6,483,15,2,0.9731666666666666,0.9887901591245646
7,479,18,3,0.9716666666666667,0.9879334111027993
8,473,24,3,0.9625,0.9828915320636797
9,465,31,4,0.9563333333333334,0.979132823566469
10,457,38,5,0.954,0.9773393311148864
11,447,46,7,0.9516666666666667,0.9755989654454473
12,430,59,11,0.9428333333333333,0.9694653010829121
13,412,77,11,0.916,0.9518161795188674
14,391,92,17,0.8876666666666667,0.9308562037919076
15,365,113,22,0.8623333333333333,0.9083497174395199
16,342,128,30,0.8355,0.8823884326869106
17,301,165,34,0.7883333333333333,0.826640948869127
18,276,183,41,0.7755,0.7990168781279908
19,246,209,45,0.7715,0.7703026695912275
20,209,234,57,0.7633333333333333,0.7196936831726223
21,192,245,63,0.7658333333333334,0.6973505999813221
22,158,268,74,0.788,0.6667842898703787
23,128,288,84,0.8076666666666666,0.6259318797518247
24,106,301,93,0.8321666666666667,0.6075336967038367
25,84,314,102,0.8593333333333333,0.5831821922161919
26,68,314,118,0.885,0.5780765302541436
27,60,309,131,0.8993333333333333,0.5815340247730104
28,52,300,148,0.9191666666666667,0.6154590143562991
29,40,301,159,0.9361666666666667,0.6047499508607183
30,34,294,172,0.9463333333333334,0.6096202833444745
31,30,283,187,0.954,0.6211627224882612
32,29,272,199,0.9576666666666667,0.639494227304159
33,24,264,212,0.9661666666666666,0.6553242511144854
34,21,256,223,0.9695,0.6449245171391854
35,19,247,234,0.9736666666666667,0.6586575644741655
36,15,241,244,0.9795,0.663386446682387
37,13,231,256,0.9833333333333333,0.681997140478298
38,13,223,264,0.9835,0.6850823416841789
39,10,218,272,0.9878333333333333,0.6987371515865125
40,10,208,282,0.9888333333333333,0.7241822367493643
41,9,200,291,0.9906666666666667,0.7445662381224476
42,9,193,298,0.9915,0.7672196136434078
43,7,188,305,0.9936666666666667,0.7744278203945533
44,5,181,314,0.9956666666666667,0.7810231565748894
45,4,175,321,0.9961666666666666,0.7565589641867337
46,4,171,325,0.9961666666666666,0.7565589641867337
47,4,164,332,0.9961666666666666,0.7565589641867337
48,3,159,338,0.9971666666666666,0.7617056238070516
49,3,152,345,0.9973333333333333,0.7762373686173609
50,3,143,354,0.9975,0.7901636240605742
51,3,139,358,0.9976666666666667,0.8046953688708836
52,3,136,361,0.998,0.8331533691244062
53,3,133,364,0.998,0.8331533691244062
54,3,127,370,0.998,0.8331533691244062
55,1,119,380,0.9991666666666666,0.7847142197567082
56,1,115,384,0.9991666666666666,0.7847142197567082
57,1,111,388,0.9991666666666666,0.7847142197567082
58,1,101,398,0.9991666666666666,0.7847142197567082
59,1,96,403,0.9993333333333333,0.8283094541876364
60,1,91,408,0.9995,0.8719046886185645
61,1,87,412,0.9995,0.8719046886185645
62,1,86,413,0.9995,0.8719046886185645
63,1,80,419,0.9996666666666667,0.9154999230494928
64,1,76,423,0.9996666666666667,0.9154999230494928
65,1,75,424,0.9996666666666667,0.9154999230494928
66,1,71,428,0.9996666666666667,0.9154999230494928
67,0,67,433,1.0,
68,0,62,438,1.0,
69,0,58,442,1.0,
70,0,58,442,1.0,
71,0,55,445,1.0,
72,0,54,446,1.0,
73,0,52,448,1.0,
74,0,51,449,1.0,
75,0,50,450,1.0,
76,0,49,451,1.0,
77,0,48,452,1.0,
78,0,44,456,1.0,
79,0,41,459,1.0,
80,0,40,460,1.0,
81,0,40,460,1.0,
82,0,39,461,1.0,
83,0,39,461,1.0,
84,0,37,463,1.0,
85,0,36,464,1.0,
86,0,35,465,1.0,
87,0,35,465,1.0,
88,0,33,467,1.0,
89,0,32,468,1.0,
90,0,29,471,1.0,
91,0,28,472,1.0,
92,0,28,472,1.0,
93,0,27,473,1.0,
94,0,26,474,1.0,
95,0,24,476,1.0,
96,0,23,477,1.0,
97,0,21,479,1.0,
98,0,20,480,1.0,
99,0,20,480,1.0,
100,0,19,481,1.0,
101,0,19,481,1.0,
102,0,18,482,1.0,
103,0,17,483,1.0,
104,0,15,485,1.0,
105,0,15,485,1.0,
106,0,15,485,1.0,
107,0,13,487,1.0,
108,0,13,487,1.0,
109,0,13,487,1.0,
110,0,11,489,1.0,
111,0,11,489,1.0,
112,0,11,489,1.0,
113,0,10,490,1.0,
114,0,10,490,1.0,
115,0,10,490,1.0,
116,0,10,490,1.0,
117,0,10,490,1.0,
118,0,10,490,1.0,
119,0,10,490,1.0,
120,0,10,490,1.0,
121,0,10,490,1.0,
122,0,9,491,1.0,
123,0,7,493,1.0,
124,0,7,493,1.0,
125,0,6,494,1.0,
126,0,6,494,1.0,
127,0,6,494,1.0,
128,0,6,494,1.0,
129,0,6,494,1.0,
130,0,6,494,1.0,
131,0,6,494,1.0,
132,0,6,494,1.0,
133,0,6,494,1.0,
134,0,6,494,1.0,
135,0,5,495,1.0,
136,0,5,495,1.0,
137,0,5,495,1.0,
138,0,4,496,1.0,
139,0,4,496,1.0,
140,0,4,496,1.0,
141,0,4,496,1.0,
142,0,4,496,1.0,
143,0,4,496,1.0,
144,0,4,496,1.0,
145,0,4,496,1.0,
146,0,4,496,1.0,
147,0,4,496,1.0,
148,0,4,496,1.0,
149,0,4,496,1.0,
150,0,4,496,1.0,
151,0,3,497,1.0,
152,0,3,497,1.0,
153,0,3,497,1.0,
154,0,3,497,1.0,
155,0,3,497,1.0,
156,0,3,497,1.0,
157,0,3,497,1.0,
158,0,2,498,1.0,
159,0,2,498,1.0,
160,0,2,498,1.0,
161,0,2,498,1.0,
162,0,2,498,1.0,
163,0,2,498,1.0,
164,0,2,498,1.0,
165,0,2,498,1.0,
166,0,2,498,1.0,
167,0,2,498,1.0,
168,0,2,498,1.0,
169,0,2,498,1.0,
170,0,2,498,1.0,
171,0,2,498,1.0,
172,0,2,498,1.0,
173,0,2,498,1.0,
174,0,2,498,1.0,
175,0,2,498,1.0,
176,0,2,498,1.0,
177,0,2,498,1.0,
178,0,2,498,1.0,
179,0,1,499,1.0,
180,0,1,499,1.0,
181,0,1,499,1.0,
182,0,1,499,1.0,
183,0,1,499,1.0,
184,0,1,499,1.0,
185,0,1,499,1.0,
186,0,1,499,1.0,
187,0,1,499,1.0,
188,0,1,499,1.0,
189,0,1,499,1.0,
190,0,1,499,1.0,
191,0,1,499,1.0,
192,0,1,499,1.0,
193,0,1,499,1.0,
194,0,1,499,1.0,
195,0,1,499,1.0,
196,0,1,499,1.0,
197,0,1,499,1.0,
198,0,1,499,1.0,
199,0,1,499,1.0,
200,0,1,499,1.0,
1,499,1,0,1.0,1.0
2,499,1,0,1.0,1.0
3,497,3,0,0.995,0.9974636090588326
4,495,5,0,0.9908333333333333,0.9953598783005898
5,492,7,1,0.9903333333333333,0.9950785316957109
6,484,14,2,0.9816666666666667,0.9905373325553887
7,471,27,2,0.9566666666666667,0.9771474577950161
8,461,35,4,0.9446666666666667,0.9701805151649535
9,453,43,4,0.9318333333333333,0.9625899812649981
10,432,62,6,0.9076666666666666,0.9464498241626864
11,414,78,8,0.9016666666666666,0.9405626957428049
12,395,93,12,0.8795,0.9234094406989287
13,368,116,16,0.855,0.9012052515939566
14,342,138,20,0.8378333333333333,0.8810752832358476
15,315,159,26,0.8178333333333333,0.8551308312371114
16,296,169,35,0.8103333333333333,0.8393271135118962
17,270,188,42,0.7888333333333334,0.8037301905466157
18,237,211,52,0.7921666666666667,0.7793379296800688
19,213,224,63,0.779,0.7388047841946597
20,185,235,80,0.7896666666666666,0.7136884872102264
21,164,248,88,0.8,0.6924129037079726
22,148,256,96,0.8116666666666666,0.679267753072101
23,123,275,102,0.8315,0.6554608266326188
24,104,280,116,0.851,0.639931643746443
25,94,282,124,0.8606666666666667,0.6275022102473536
26,79,289,132,0.8773333333333333,0.6097380925806903
27,68,286,146,0.8935,0.6052378024788512
28,54,290,156,0.9126666666666666,0.5931957159855711
29,45,285,170,0.9258333333333333,0.5858186772969383
30,34,285,181,0.9423333333333334,0.5725336236653371
31,27,282,191,0.9548333333333333,0.5756862568456772
32,22,280,198,0.9628333333333333,0.5728397919603453
33,20,271,209,0.9676666666666667,0.5925458599371642
34,17,268,215,0.973,0.5968930898598418
35,13,266,221,0.9791666666666666,0.5945478713037242
36,9,255,236,0.9868333333333333,0.6262288436201479
37,8,248,244,0.9888333333333333,0.6440977500760109
38,8,233,259,0.9895,0.6649833409344279
39,6,221,273,0.9921666666666666,0.6606829161176987
40,5,215,280,0.9933333333333333,0.6515151515151515
41,4,207,289,0.9945,0.6404808959156785
42,4,200,296,0.9948333333333333,0.6613142292490118
43,4,192,304,0.9951666666666666,0.6830945322793148
44,4,186,310,0.9953333333333333,0.6944581686429512
45,4,182,314,0.9953333333333333,0.6944581686429512
46,4,179,317,0.9955,0.7053277338603425
47,2,176,322,0.9976666666666667,0.7001811594202898
48,2,164,334,0.9983333333333333,0.7853260869565217
49,2,154,344,0.9983333333333333,0.7853260869565217
50,2,148,350,0.9985,0.8070652173913043
51,1,145,354,0.9995,0.875
52,1,140,359,0.9995,0.875
53,1,131,368,0.9995,0.875
54,1,124,375,0.9995,0.875
55,0,119,381,1.0,
56,0,114,386,1.0,
57,0,107,393,1.0,
58,0,100,400,1.0,
59,0,95,405,1.0,
60,0,89,411,1.0,
61,0,87,413,1.0,
62,0,85,415,1.0,
63,0,81,419,1.0,
64,0,77,423,1.0,
65,0,77,423,1.0,
66,0,75,425,1.0,
67,0,73,427,1.0,
68,0,70,430,1.0,
69,0,68,432,1.0,
70,0,63,437,1.0,
71,0,59,441,1.0,
72,0,56,444,1.0,
73,0,54,446,1.0,
74,0,51,449,1.0,
75,0,49,451,1.0,
76,0,48,452,1.0,
77,0,47,453,1.0,
78,0,47,453,1.0,
79,0,43,457,1.0,
80,0,38,462,1.0,
81,0,37,463,1.0,
82,0,36,464,1.0,
83,0,35,465,1.0,
84,0,35,465,1.0,
85,0,32,468,1.0,
86,0,31,469,1.0,
87,0,31,469,1.0,
88,0,30,470,1.0,
89,0,27,473,1.0,
90,0,27,473,1.0,
91,0,27,473,1.0,
92,0,26,474,1.0,
93,0,25,475,1.0,
94,0,25,475,1.0,
95,0,25,475,1.0,
96,0,24,476,1.0,
97,0,23,477,1.0,
98,0,22,478,1.0,
99,0,21,479,1.0,
100,0,19,481,1.0,
101,0,16,484,1.0,
102,0,15,485,1.0,
103,0,15,485,1.0,
104,0,15,485,1.0,
105,0,15,485,1.0,
106,0,15,485,1.0,
107,0,14,486,1.0,
108,0,13,487,1.0,
109,0,12,488,1.0,
110,0,12,488,1.0,
111,0,12,488,1.0,
112,0,11,489,1.0,
113,0,10,490,1.0,
114,0,10,490,1.0,
115,0,9,491,1.0,
116,0,9,491,1.0,
117,0,8,492,1.0,
118,0,8,492,1.0,
119,0,8,492,1.0,
120,0,7,493,1.0,
121,0,7,493,1.0,
122,0,7,493,1.0,
123,0,6,494,1.0,
124,0,6,494,1.0,
125,0,6,494,1.0,
126,0,6,494,1.0,
127,0,6,494,1.0,
128,0,6,494,1.0,
129,0,6,494,1.0,
130,0,6,494,1.0,
131,0,6,494,1.0,
132,0,6,494,1.0,
133,0,6,494,1.0,
134,0,6,494,1.0,
135,0,6,494,1.0,
136,0,6,494,1.0,
137,0,6,494,1.0,
138,0,5,495,1.0,
139,0,4,496,1.0,
140,0,4,496,1.0,
141,0,4,496,1.0,
142,0,4,496,1.0,
143,0,4,496,1.0,
144,0,4,496,1.0,
145,0,4,496,1.0,
146,0,4,496,1.0,
147,0,4,496,1.0,
148,0,4,496,1.0,
149,0,4,496,1.0,
150,0,4,496,1.0,
151,0,4,496,1.0,
152,0,4,496,1.0,
153,0,4,496,1.0,
154,0,4,496,1.0,
155,0,4,496,1.0,
156,0,4,496,1.0,
157,0,3,497,1.0,
158,0,3,497,1.0,
159,0,2,498,1.0,
160,0,2,498,1.0,
161,0,1,499,1.0,
162,0,1,499,1.0,
163,0,1,499,1.0,
164,0,1,499,1.0,
165,0,1,499,1.0,
166,0,1,499,1.0,
167,0,1,499,1.0,
168,0,1,499,1.0,
169,0,0,500,1.0,
170,0,0,500,1.0,
171,0,0,500,1.0,
172,0,0,500,1.0,
173,0,0,500,1.0,
174,0,0,500,1.0,
175,0,0,500,1.0,
176,0,0,500,1.0,
177,0,0,500,1.0,
178,0,0,500,1.0,
179,0,0,500,1.0,
180,0,0,500,1.0,
181,0,0,500,1.0,
182,0,0,500,1.0,
183,0,0,500,1.0,
184,0,0,500,1.0,
185,0,0,500,1.0,
186,0,0,500,1.0,
187,0,0,500,1.0,
188,0,0,500,1.0,
189,0,0,500,1.0,
190,0,0,500,1.0,
191,0,0,500,1.0,
192,0,0,500,1.0,
193,0,0,500,1.0,
194,0,0,500,1.0,
195,0,0,500,1.0,
196,0,0,500,1.0,
197,0,0,500,1.0,
198,0,0,500,1.0,
199,0,0,500,1.0,
200,0,0,500,1.0,
1,499,1,0,1.0,1.0
2,499,1,0,1.0,1.0
3,496,4,0,0.9931666666666666,0.9965680005770292
4,495,5,0,0.9921666666666666,0.9960480716765301
5,492,8,0,0.9898333333333333,0.9948190033131709
6,487,13,0,0.9811666666666666,0.9902297581893154
7,481,19,0,0.9721666666666666,0.985333233426879
8,472,28,0,0.9566666666666667,0.9768503552521607
9,462,38,0,0.9411666666666667,0.9680728436191453
10,450,43,7,0.9363333333333334,0.964696953181011
11,438,53,9,0.9238333333333333,0.9567956023748161
12,420,67,13,0.8966666666666666,0.9390703791645819
13,397,86,17,0.864,0.9147791399269879
14,365,115,20,0.8296666666666667,0.883903737495161
15,343,131,26,0.8121666666666667,0.8635675885688561
16,319,149,32,0.7965,0.8408388252064142
17,283,175,42,0.7896666666666666,0.8142935390346666
18,251,199,50,0.7761666666666667,0.7767688741255344
19,225,214,61,0.7803333333333333,0.7555476735109585
20,204,225,71,0.7875,0.7392596158143899
21,174,237,89,0.794,0.7034157131483468
22,148,254,98,0.8048333333333333,0.6692670346474693
23,120,264,116,0.8301666666666667,0.644866629076774
24,104,267,129,0.8515,0.6420862748517432
25,83,272,145,0.875,0.6221498645699799
26,71,273,156,0.8901666666666667,0.611197313606989
27,58,273,169,0.9105,0.6108106586067605
28,52,271,177,0.9183333333333333,0.604389317482963
29,46,266,188,0.9293333333333333,0.6127844099819525
30,39,262,199,0.941,0.6173000039722449
31,31,260,209,0.9528333333333333,0.6174730318769589
32,28,255,217,0.958,0.621368354730156
33,26,252,222,0.9618333333333333,0.6278154788355459
34,21,248,231,0.9711666666666666,0.6527473906355896
35,19,243,238,0.9743333333333334,0.6592813136520231
36,15,237,248,0.9803333333333333,0.6725451505016724
37,10,235,255,0.9875,0.6914827201783723
38,8,229,263,0.9908333333333333,0.7206103678929765
39,8,220,272,0.9911666666666666,0.7310270345596432
40,7,217,276,0.9923333333333333,0.7326023252110208
41,6,213,281,0.9943333333333333,0.7680360460795242
42,5,202,293,0.9953333333333333,0.7716722408026755
43,4,196,300,0.9958333333333333,0.7445903010033444
44,3,189,308,0.9971666666666666,0.7672798216276476
45,3,184,313,0.9971666666666666,0.7672798216276476
46,3,178,319,0.9973333333333333,0.7801003344481606
47,3,176,321,0.9973333333333333,0.7801003344481606
48,3,172,325,0.9975,0.7929208472686734
49,3,164,333,0.9975,0.7929208472686734
50,3,159,338,0.9976666666666667,0.8074136008918616
51,3,154,343,0.9976666666666667,0.8074136008918616
52,3,150,347,0.9978333333333333,0.8219063545150501
53,3,143,354,0.9978333333333333,0.8219063545150501
54,3,140,357,0.9978333333333333,0.8219063545150501
55,3,138,359,0.998,0.835795243403939
56,2,133,365,0.9986666666666667,0.8306159420289855
57,2,126,372,0.9988333333333334,0.8514492753623188
58,2,124,374,0.9988333333333334,0.8514492753623188
59,2,120,378,0.999,0.8731884057971014
60,2,116,382,0.999,0.8731884057971014
61,1,115,384,0.9993333333333333,0.8333333333333334
62,1,110,389,0.9995,0.875
63,1,107,392,0.9995,0.875
64,1,102,397,0.9995,0.875
65,1,97,402,0.9995,0.875
66,1,93,406,0.9995,0.875
67,1,89,410,0.9995,0.875
68,1,84,415,0.9995,0.875
69,1,82,417,0.9995,0.875
70,1,79,420,0.9995,0.875
71,1,77,422,0.9995,0.875
72,1,74,425,0.9995,0.875
73,1,71,428,0.9996666666666667,0.9166666666666666
74,1,70,429,0.9996666666666667,0.9166666666666666
75,1,69,430,0.9996666666666667,0.9166666666666666
76,1,66,433,0.9996666666666667,0.9166666666666666
77,1,65,434,0.9996666666666667,0.9166666666666666
78,1,62,437,0.9996666666666667,0.9166666666666666
79,1,61,438,0.9996666666666667,0.9166666666666666
80,1,60,439,0.9996666666666667,0.9166666666666666
81,1,59,440,0.9996666666666667,0.9166666666666666
82,1,57,442,0.9996666666666667,0.9166666666666666
83,1,56,443,0.9996666666666667,0.9166666666666666
84,1,55,444,0.9996666666666667,0.9166666666666666
85,1,54,445,0.9996666666666667,0.9166666666666666
86,1,52,447,0.9996666666666667,0.9166666666666666
87,1,50,449,0.9996666666666667,0.9166666666666666
88,1,49,450,0.9998333333333334,0.9583333333333334
89,1,47,452,0.9998333333333334,0.9583333333333334
90,0,45,455,1.0,
91,0,39,461,1.0,
92,0,39,461,1.0,
93,0,38,462,1.0,
94,0,37,463,1.0,
95,0,35,465,1.0,
96,0,35,465,1.0,
97,0,33,467,1.0,
98,0,33,467,1.0,
99,0,33,467,1.0,
100,0,33,467,1.0,
101,0,33,467,1.0,
102,0,31,469,1.0,
103,0,30,470,1.0,
104,0,30,470,1.0,
105,0,29,471,1.0,
106,0,27,473,1.0,
107,0,26,474,1.0,
108,0,24,476,1.0,
109,0,24,476,1.0,
110,0,22,478,1.0,
111,0,22,478,1.0,
112,0,18,482,1.0,
113,0,17,483,1.0,
114,0,17,483,1.0,
115,0,17,483,1.0,
116,0,16,484,1.0,
117,0,15,485,1.0,
118,0,15,485,1.0,
119,0,14,486,1.0,
120,0,13,487,1.0,
121,0,13,487,1.0,
122,0,12,488,1.0,
123,0,12,488,1.0,
124,0,12,488,1.0,
125,0,12,488,1.0,
126,0,12,488,1.0,
127,0,12,488,1.0,
128,0,11,489,1.0,
129,0,10,490,1.0,
130,0,10,490,1.0,
131,0,10,490,1.0,
132,0,10,490,1.0,
133,0,9,491,1.0,
134,0,9,491,1.0,
135,0,9,491,1.0,
136,0,8,492,1.0,
137,0,8,492,1.0,
138,0,8,492,1.0,
139,0,7,493,1.0,
140,0,7,493,1.0,
141,0,7,493,1.0,
142,0,7,493,1.0,
143,0,7,493,1.0,
144,0,7,493,1.0,
145,0,7,493,1.0,
146,0,7,493,1.0,
147,0,7,493,1.0,
148,0,7,493,1.0,
149,0,7,493,1.0,
150,0,6,494,1.0,
151,0,4,496,1.0,
152,0,4,496,1.0,
153,0,4,496,1.0,
154,0,3,497,1.0,
155,0,3,497,1.0,
156,0,3,497,1.0,
157,0,3,497,1.0,
158,0,3,497,1.0,
159,0,3,497,1.0,
160,0,3,497,1.0,
161,0,2,498,1.0,
162,0,2,498,1.0,
163,0,2,498,1.0,
164,0,2,498,1.0,
165,0,2,498,1.0,
166,0,2,498,1.0,
167,0,2,498,1.0,
168,0,2,498,1.0,
169,0,1,499,1.0,
170,0,1,499,1.0,
171,0,1,499,1.0,
172,0,0,500,1.0,
173,0,0,500,1.0,
174,0,0,500,1.0,
175,0,0,500,1.0,
176,0,0,500,1.0,
177,0,0,500,1.0,
178,0,0,500,1.0,
179,0,0,500,1.0,
180,0,0,500,1.0,
181,0,0,500,1.0,
182,0,0,500,1.0,
183,0,0,500,1.0,
184,0,0,500,1.0,
185,0,0,500,1.0,
186,0,0,500,1.0,
187,0,0,500,1.0,
188,0,0,500,1.0,
189,0,0,500,1.0,
190,0,0,500,1.0,
191,0,0,500,1.0,
192,0,0,500,1.0,
193,0,0,500,1.0,
194,0,0,500,1.0,
195,0,0,500,1.0,
196,0,0,500,1.0,
197,0,0,500,1.0,
198,0,0,500,1.0,
199,0,0,500,1.0,
200,0,0,500,1.0,
1,499,1,0,1.0,1.0
2,499,1,0,1.0,1.0
3,497,3,0,1.0,1.0
4,492,8,0,0.9883333333333333,0.9941294895094824
5,489,10,1,0.987,0.9934140678614761
6,486,12,2,0.9803333333333333,0.9899523418305848
7,478,18,4,0.9705,0.9846595084552152
8,473,22,5,0.9611666666666666,0.9795413242747557
9,467,27,6,0.9513333333333334,0.9739901734846339
10,456,36,8,0.9393333333333334,0.9668161177819835
11,440,48,12,0.9156666666666666,0.9520307003785264
12,427,60,13,0.8965,0.9393144891704102
13,401,84,15,0.8515,0.9075011036124557
14,380,102,18,0.8278333333333333,0.8869484546303769
15,346,135,19,0.7845,0.8445917342317191
16,309,167,24,0.7521666666666667,0.7996725559199178
17,284,180,36,0.7538333333333334,0.7833662627431764
18,260,194,46,0.7523333333333333,0.7621269178300951
19,234,210,56,0.7556666666666667,0.7392835150109397
20,200,236,64,0.7583333333333333,0.698579805339588
21,170,257,73,0.7755,0.6705295343569001
22,140,276,84,0.8011666666666667,0.6448984023797688
23,121,286,93,0.8211666666666667,0.6302214036745116
24,98,298,104,0.8463333333333334,0.6072763099071884
25,86,298,116,0.864,0.605671095840459
26,71,297,132,0.8878333333333334,0.6075752018954713
27,60,299,141,0.9026666666666666,0.5966507116072333
28,48,299,153,0.9228333333333333,0.6008073176823178
29,40,299,161,0.9336666666666666,0.5892210307808133
30,32,291,177,0.9496666666666667,0.6100452152014653
31,27,286,187,0.9563333333333334,0.5999466180625601
32,22,282,196,0.967,0.6299524750611707
33,17,273,210,0.9735,0.6160120569967118
34,12,270,218,0.98,0.5920194962042787
35,7,268,225,0.9886666666666667,0.5904037267080745
36,4,260,236,0.9945,0.6514673913043478
37,3,253,244,0.996,0.6602898550724637
38,2,246,252,0.9973333333333333,0.662608695652174
39,1,237,262,0.9985,0.6086956521739131
40,0,227,273,1.0,
41,0,218,282,1.0,
42,0,211,289,1.0,
43,0,208,292,1.0,
44,0,199,301,1.0,
45,0,192,308,1.0,
46,0,185,315,1.0,
47,0,180,320,1.0,
48,0,174,326,1.0,
49,0,166,334,1.0,
50,0,160,340,1.0,
51,0,153,347,1.0,
52,0,147,353,1.0,
53,0,141,359,1.0,
54,0,133,367,1.0,
55,0,125,375,1.0,
56,0,118,382,1.0,
57,0,114,386,1.0,
58,0,111,389,1.0,
59,0,106,394,1.0,
60,0,103,397,1.0,
61,0,98,402,1.0,
62,0,92,408,1.0,
63,0,87,413,1.0,
64,0,87,413,1.0,
65,0,82,418,1.0,
66,0,80,420,1.0,
67,0,77,423,1.0,
68,0,75,425,1.0,
69,0,71,429,1.0,
70,0,62,438,1.0,
71,0,57,443,1.0,
72,0,55,445,1.0,
73,0,51,449,1.0,
74,0,49,451,1.0,
75,0,45,455,1.0,
76,0,42,458,1.0,
77,0,41,459,1.0,
78,0,41,459,1.0,
79,0,40,460,1.0,
80,0,40,460,1.0,
81,0,40,460,1.0,
82,0,38,462,1.0,
83,0,37,463,1.0,
84,0,36,464,1.0,
85,0,33,467,1.0,
86,0,33,467,1.0,
87,0,32,468,1.0,
88,0,30,470,1.0,
89,0,29,471,1.0,
90,0,27,473,1.0,
91,0,27,473,1.0,
92,0,25,475,1.0,
93,0,25,475,1.0,
94,0,23,477,1.0,
95,0,22,478,1.0,
96,0,20,480,1.0,
97,0,19,481,1.0,
98,0,19,481,1.0,
99,0,18,482,1.0,
100,0,17,483,1.0,
101,0,17,483,1.0,
102,0,16,484,1.0,
103,0,16,484,1.0,
104,0,16,484,1.0,
105,0,15,485,1.0,
106,0,15,485,1.0,
107,0,15,485,1.0,
108,0,14,486,1.0,
109,0,13,487,1.0,
110,0,13,487,1.0,
111,0,12,488,1.0,
112,0,12,488,1.0,
113,0,11,489,1.0,
114,0,11,489,1.0,
115,0,11,489,1.0,
116,0,11,489,1.0,
117,0,11,489,1.0,
118,0,10,490,1.0,
119,0,10,490,1.0,
120,0,9,491,1.0,
121,0,9,491,1.0,
122,0,9,491,1.0,
123,0,9,491,1.0,
124,0,9,491,1.0,
125,0,9,491,1.0,
126,0,9,491,1.0,
127,0,9,491,1.0,
128,0,9,491,1.0,
129,0,9,491,1.0,
130,0,9,491,1.0,
131,0,9,491,1.0,
132,0,9,491,1.0,
133,0,8,492,1.0,
134,0,8,492,1.0,
135,0,6,494,1.0,
136,0,5,495,1.0,
137,0,5,495,1.0,
138,0,4,496,1.0,
139,0,4,496,1.0,
140,0,4,496,1.0,
141,0,4,496,1.0,
142,0,4,496,1.0,
143,0,4,496,1.0,
144,0,3,497,1.0,
145,0,3,497,1.0,
146,0,2,498,1.0,
147,0,2,498,1.0,
148,0,2,498,1.0,
149,0,2,498,1.0,
150,0,2,498,1.0,
151,0,2,498,1.0,
152,0,2,498,1.0,
153,0,2,498,1.0,
154,0,2,498,1.0,
155,0,2,498,1.0,
156,0,2,498,1.0,
157,0,2,498,1.0,
158,0,2,498,1.0,
159,0,2,498,1.0,
160,0,2,498,1.0,
161,0,2,498,1.0,
162,0,2,498,1.0,
163,0,2,498,1.0,
164,0,2,498,1.0,
165,0,2,498,1.0,
166,0,2,498,1.0,
167,0,2,498,1.0,
168,0,1,499,1.0,
169,0,1,499,1.0,
170,0,1,499,1.0,
171,0,1,499,1.0,
172,0,1,499,1.0,
173,0,1,499,1.0,
174,0,1,499,1.0,
175,0,1,499,1.0,
176,0,1,499,1.0,
177,0,1,499,1.0,
178,0,1,499,1.0,
179,0,1,499,1.0,
180,0,1,499,1.0,
181,0,1,499,1.0,
182,0,1,499,1.0,
183,0,1,499,1.0,
184,0,1,499,1.0,
185,0,1,499,1.0,
186,0,1,499,1.0,
187,0,1,499,1.0,
188,0,1,499,1.0,
189,0,1,499,1.0,
190,0,1,499,1.0,
191,0,1,499,1.0,
192,0,1,499,1.0,
193,0,1,499,1.0,
194,0,1,499,1.0,
195,0,0,500,1.0,
196,0,0,500,1.0,
197,0,0,500,1.0,
198,0,0,500,1.0,
199,0,0,500,1.0,
200,0,0,500,1.0,
1,496,3,1,0.9961666666666666,1.0
2,493,6,1,0.9895,0.9965883995902066
3,491,8,1,0.9878333333333333,0.9957241730645894
4,487,11,2,0.984,0.993648617043157
5,479,19,2,0.9711666666666666,0.9867260767528744
6,473,22,5,0.9658333333333333,0.9836668213711401
7,461,33,6,0.9508333333333333,0.9750455512332326
8,452,40,8,0.945,0.9711783229393829
9,431,61,8,0.9075,0.9478591779914995
10,417,70,13,0.8968333333333334,0.9397335219410212
11,398,86,16,0.8731666666666666,0.9220860940256257
12,377,103,20,0.8445,0.8986820067111035
13,343,132,25,0.8038333333333333,0.8585760250955713
14,317,147,36,0.8028333333333333,0.8461676120493143
15,296,163,41,0.7878333333333334,0.8223237453254068
16,256,197,47,0.7713333333333333,0.7779009465882065
17,225,220,55,0.7686666666666667,0.7442238303170036
18,194,246,60,0.7673333333333333,0.7007307940742606
19,160,270,70,0.7755,0.6490675352583133
20,131,283,86,0.8011666666666667,0.6204845182886443
21,108,295,97,0.825,0.5952509838534659
22,81,313,106,0.8583333333333333,0.5645872938410907
23,65,316,119,0.8888333333333334,0.5741255487215384
24,53,315,132,0.9085,0.5692895974264629
25,41,316,143,0.9291666666666667,0.5679266918183445
26,33,311,156,0.9435,0.5719314843607927
27,29,300,171,0.951,0.5773960026116971
28,25,296,179,0.9575,0.5760496999758906
29,19,286,195,0.9693333333333334,0.5950292955567429
30,17,276,207,0.9723333333333334,0.593056812276431
31,17,265,218,0.973,0.6026836292898784
32,16,257,227,0.9751666666666666,0.6139166792077585
33,13,250,237,0.9796666666666667,0.6112604989671504
34,11,240,249,0.9845,0.6499635158643515
35,10,232,258,0.987,0.6772188154450062
36,10,223,267,0.9871666666666666,0.681393710578389
37,9,215,276,0.9886666666666667,0.687724223063733
38,6,208,286,0.9925,0.6913626340881883
39,6,199,295,0.9931666666666666,0.7189169419685147
40,5,195,300,0.994,0.7043883069043426
41,4,185,311,0.9953333333333333,0.7130720887817789
42,3,175,322,0.9966666666666667,0.7281017112619568
43,3,169,328,0.9968333333333333,0.7420180283732326
44,3,161,336,0.997,0.7559343454845088
45,2,154,344,0.9983333333333333,0.7932300753427282
46,2,151,347,0.9983333333333333,0.7932300753427282
47,2,142,356,0.9983333333333333,0.7932300753427282
48,1,132,367,0.999,0.7514811240089003
49,1,128,371,0.999,0.7514811240089003
50,0,124,376,1.0,
51,0,117,383,1.0,
52,0,112,388,1.0,
53,0,109,391,1.0,
54,0,105,395,1.0,
55,0,101,399,1.0,
56,0,91,409,1.0,
57,0,86,414,1.0,
58,0,84,416,1.0,
59,0,82,418,1.0,
60,0,76,424,1.0,
61,0,74,426,1.0,
62,0,72,428,1.0,
63,0,68,432,1.0,
64,0,66,434,1.0,
65,0,64,436,1.0,
66,0,62,438,1.0,
67,0,59,441,1.0,
68,0,58,442,1.0,
69,0,55,445,1.0,
70,0,54,446,1.0,
71,0,52,448,1.0,
72,0,49,451,1.0,
73,0,48,452,1.0,
74,0,46,454,1.0,
75,0,44,456,1.0,
76,0,43,457,1.0,
77,0,39,461,1.0,
78,0,36,464,1.0,
79,0,33,467,1.0,
80,0,31,469,1.0,
81,0,29,471,1.0,
82,0,29,471,1.0,
83,0,28,472,1.0,
84,0,28,472,1.0,
85,0,27,473,1.0,
86,0,25,475,1.0,
87,0,22,478,1.0,
88,0,22,478,1.0,
89,0,21,479,1.0,
90,0,20,480,1.0,
91,0,17,483,1.0,
92,0,17,483,1.0,
93,0,17,483,1.0,
94,0,17,483,1.0,
95,0,17,483,1.0,
96,0,16,484,1.0,
97,0,13,487,1.0,
98,0,13,487,1.0,
99,0,12,488,1.0,
100,0,11,489,1.0,
101,0,11,489,1.0,
102,0,9,491,1.0,
103,0,9,491,1.0,
104,0,9,491,1.0,
105,0,9,491,1.0,
106,0,9,491,1.0,
107,0,9,491,1.0,
108,0,9,491,1.0,
109,0,9,491,1.0,
110,0,9,491,1.0,
111,0,8,492,1.0,
112,0,8,492,1.0,
113,0,7,493,1.0,
114,0,7,493,1.0,
115,0,6,494,1.0,
116,0,6,494,1.0,
117,0,6,494,1.0,
118,0,6,494,1.0,
119,0,6,494,1.0,
120,0,5,495,1.0,
121,0,5,495,1.0,
122,0,5,495,1.0,
123,0,5,495,1.0,
124,0,5,495,1.0,
125,0,5,495,1.0,
126,0,5,495,1.0,
127,0,5,495,1.0,
128,0,5,495,1.0,
129,0,5,495,1.0,
130,0,5,495,1.0,
131,0,5,495,1.0,
132,0,5,495,1.0,
133,0,5,495,1.0,
134,0,5,495,1.0,
135,0,5,495,1.0,
136,0,5,495,1.0,
137,0,5,495,1.0,
138,0,5,495,1.0,
139,0,5,495,1.0,
140,0,5,495,1.0,
141,0,4,496,1.0,
142,0,4,496,1.0,
143,0,4,496,1.0,
144,0,4,496,1.0,
145,0,4,496,1.0,
146,0,4,496,1.0,
147,0,4,496,1.0,
148,0,4,496,1.0,
149,0,4,496,1.0,
150,0,4,496,1.0,
151,0,4,496,1.0,
152,0,4,496,1.0,
153,0,4,496,1.0,
154,0,4,496,1.0,
155,0,4,496,1.0,
156,0,4,496,1.0,
157,0,2,498,1.0,
158,0,2,498,1.0,
159,0,1,499,1.0,
160,0,1,499,1.0,
161,0,1,499,1.0,
162,0,1,499,1.0,
163,0,1,499,1.0,
164,0,1,499,1.0,
165,0,1,499,1.0,
166,0,1,499,1.0,
167,0,0,500,1.0,
168,0,0,500,1.0,
169,0,0,500,1.0,
170,0,0,500,1.0,
171,0,0,500,1.0,
172,0,0,500,1.0,
173,0,0,500,1.0,
174,0,0,500,1.0,
175,0,0,500,1.0,
176,0,0,500,1.0,
177,0,0,500,1.0,
178,0,0,500,1.0,
179,0,0,500,1.0,
180,0,0,500,1.0,
181,0,0,500,1.0,
182,0,0,500,1.0,
183,0,0,500,1.0,
184,0,0,500,1.0,
185,0,0,500,1.0,
186,0,0,500,1.0,
187,0,0,500,1.0,
188,0,0,500,1.0,
189,0,0,500,1.0,
190,0,0,500,1.0,
191,0,0,500,1.0,
192,0,0,500,1.0,
193,0,0,500,1.0,
194,0,0,500,1.0,
195,0,0,500,1.0,
196,0,0,500,1.0,
197,0,0,500,1.0,
198,0,0,500,1.0,
199,0,0,500,1.0,
200,0,0,500,1.0,
1,496,4,0,0.9935,1.0
2,493,7,0,0.99,0.9982259126988573
3,491,9,0,0.9863333333333333,0.9963807468172488
4,487,11,2,0.9821666666666666,0.9941927861094193
5,480,18,2,0.9715,0.9885034832901753
6,474,24,2,0.961,0.9827952988985236
7,463,32,5,0.949,0.9758635189951602
8,453,40,7,0.9361666666666667,0.9680885025700763
9,438,52,10,0.92,0.9577544357932034
10,419,69,12,0.8923333333333333,0.9393031433370641
11,407,74,19,0.8916666666666667,0.9369957626304602
12,390,86,24,0.8693333333333333,0.9195392724785372
13,360,111,29,0.8438333333333333,0.8947565958980683
14,336,132,32,0.8186666666666667,0.8682725012596458
15,303,161,36,0.7941666666666667,0.833085284188202
16,282,172,46,0.791,0.8177464650646571
17,256,195,49,0.7756666666666666,0.783090804873976
18,228,211,61,0.7851666666666667,0.7659063138863126
19,203,227,70,0.7896666666666666,0.7424140150970937
20,173,245,82,0.7973333333333333,0.7088720833959635
21,155,254,91,0.8095,0.6932598643282456
22,137,263,100,0.8233333333333334,0.6780461615710216
23,121,270,109,0.832,0.6525891039472153
24,101,276,123,0.8493333333333334,0.6269301682815547
25,83,283,134,0.8716666666666667,0.6129703405213888
26,70,278,152,0.8933333333333333,0.6176880753744022
27,52,286,162,0.9176666666666666,0.6016729406205478
28,40,287,173,0.9363333333333334,0.599943188240525
29,35,278,187,0.9466666666666667,0.6146655313297681
30,27,275,198,0.9565,0.5925417432536114
31,24,269,207,0.9621666666666666,0.6008506573599208
32,20,263,217,0.9693333333333334,0.61009981280034
33,16,256,228,0.9758333333333333,0.6171204569341144
34,10,250,240,0.986,0.646853226313796
35,10,240,250,0.9863333333333333,0.655228091150837
36,7,237,256,0.9908333333333333,0.6675023324831277
37,6,233,261,0.9918333333333333,0.6533478441131649
38,6,219,275,0.9925,0.6818456480725406
39,5,214,281,0.9938333333333333,0.6909263490558853
40,3,205,292,0.9973333333333333,0.7775829366058237
41,3,198,299,0.9973333333333333,0.7775829366058237
42,3,187,310,0.9975,0.7921226325034644
43,3,178,319,0.998,0.833415368852764
44,3,175,322,0.998,0.833415368852764
45,3,168,329,0.998,0.833415368852764
46,2,158,340,0.9988333333333334,0.8575512640428475
47,2,151,347,0.9988333333333334,0.8575512640428475
48,2,147,351,0.9988333333333334,0.8575512640428475
49,2,140,358,0.9988333333333334,0.8575512640428475
50,2,132,366,0.9993333333333333,0.9194903685667969
51,2,126,372,0.9993333333333333,0.9194903685667969
52,1,119,380,0.9995,0.8723817538584411
53,1,115,384,0.9995,0.8723817538584411
54,1,115,384,0.9995,0.8723817538584411
55,1,109,390,0.9995,0.8723817538584411
56,0,106,394,1.0,
57,0,102,398,1.0,
58,0,100,400,1.0,
59,0,96,404,1.0,
60,0,90,410,1.0,
61,0,86,414,1.0,
62,0,82,418,1.0,
63,0,78,422,1.0,
64,0,74,426,1.0,
65,0,71,429,1.0,
66,0,70,430,1.0,
67,0,70,430,1.0,
68,0,69,431,1.0,
69,0,66,434,1.0,
70,0,63,437,1.0,
71,0,59,441,1.0,
72,0,58,442,1.0,
73,0,57,443,1.0,
74,0,55,445,1.0,
75,0,54,446,1.0,
76,0,53,447,1.0,
77,0,52,448,1.0,
78,0,51,449,1.0,
79,0,51,449,1.0,
80,0,51,449,1.0,
81,0,50,450,1.0,
82,0,50,450,1.0,
83,0,48,452,1.0,
84,0,47,453,1.0,
85,0,45,455,1.0,
86,0,44,456,1.0,
87,0,42,458,1.0,
88,0,40,460,1.0,
89,0,39,461,1.0,
90,0,37,463,1.0,
91,0,36,464,1.0,
92,0,34,466,1.0,
93,0,34,466,1.0,
94,0,33,467,1.0,
95,0,33,467,1.0,
96,0,31,469,1.0,
97,0,29,471,1.0,
98,0,27,473,1.0,
99,0,27,473,1.0,
100,0,24,476,1.0,
101,0,23,477,1.0,
102,0,21,479,1.0,
103,0,20,480,1.0,
104,0,19,481,1.0,
105,0,19,481,1.0,
106,0,19,481,1.0,
107,0,19,481,1.0,
108,0,18,482,1.0,
109,0,17,483,1.0,
110,0,17,483,1.0,
111,0,17,483,1.0,
112,0,16,484,1.0,
113,0,14,486,1.0,
114,0,12,488,1.0,
115,0,12,488,1.0,
116,0,11,489,1.0,
117,0,11,489,1.0,
118,0,11,489,1.0,
119,0,10,490,1.0,
120,0,10,490,1.0,
121,0,10,490,1.0,
122,0,10,490,1.0,
123,0,9,491,1.0,
124,0,8,492,1.0,
125,0,8,492,1.0,
126,0,8,492,1.0,
127,0,8,492,1.0,
128,0,8,492,1.0,
129,0,8,492,1.0,
130,0,8,492,1.0,
131,0,8,492,1.0,
132,0,7,493,1.0,
133,0,7,493,1.0,
134,0,6,494,1.0,
135,0,6,494,1.0,
136,0,6,494,1.0,
137,0,5,495,1.0,
138,0,5,495,1.0,
139,0,5,495,1.0,
140,0,5,495,1.0,
141,0,5,495,1.0,
142,0,5,495,1.0,
143,0,5,495,1.0,
144,0,5,495,1.0,
145,0,3,497,1.0,
146,0,3,497,1.0,
147,0,3,497,1.0,
148,0,3,497,1.0,
149,0,3,497,1.0,
150,0,3,497,1.0,
151,0,3,497,1.0,
152,0,3,497,1.0,
153,0,3,497,1.0,
154,0,3,497,1.0,
155,0,3,497,1.0,
156,0,3,497,1.0,
157,0,3,497,1.0,
158,0,3,497,1.0,
159,0,3,497,1.0,
160,0,3,497,1.0,
161,0,3,497,1.0,
162,0,3,497,1.0,
163,0,3,497,1.0,
164,0,2,498,1.0,
165,0,2,498,1.0,
166,0,2,498,1.0,
167,0,2,498,1.0,
168,0,2,498,1.0,
169,0,1,499,1.0,
170,0,1,499,1.0,
171,0,1,499,1.0,
172,0,1,499,1.0,
173,0,1,499,1.0,
174,0,1,499,1.0,
175,0,1,499,1.0,
176,0,1,499,1.0,
177,0,1,499,1.0,
178,0,1,499,1.0,
179,0,1,499,1.0,
180,0,1,499,1.0,
181,0,1,499,1.0,
182,0,1,499,1.0,
183,0,1,499,1.0,
184,0,1,499,1.0,
185,0,1,499,1.0,
186,0,1,499,1.0,
187,0,1,499,1.0,
188,0,1,499,1.0,
189,0,1,499,1.0,
190,0,1,499,1.0,
191,0,1,499,1.0,
192,0,1,499,1.0,
193,0,1,499,1.0,
194,0,1,499,1.0,
195,0,1,499,1.0,
196,0,1,499,1.0,
197,0,1,499,1.0,
198,0,1,499,1.0,
199,0,1,499,1.0,
200,0,1,499,1.0,
1,497,3,0,0.9941666666666666,0.9970386881365798
2,497,3,0,0.9941666666666666,0.9970386881365798
3,496,4,0,0.9938333333333333,0.9968647069970702
4,494,6,0,0.991,0.9954157871993641
5,490,10,0,0.9845,0.9920633809813046
6,485,13,2,0.98,0.989647911412591
7,473,24,3,0.9603333333333334,0.9789558015801237
8,464,30,6,0.95,0.9730222906258326
9,453,39,8,0.9336666666666666,0.9633773128081604
10,436,53,11,0.9118333333333334,0.9493078488715704
11,416,70,14,0.8851666666666667,0.930774991645602
12,402,80,18,0.8726666666666667,0.920615640158145
13,382,96,22,0.8501666666666666,0.901897612403531
14,357,118,25,0.829,0.8803452097594102
15,327,141,32,0.8126666666666666,0.8569108429771904
16,295,165,40,0.7936666666666666,0.8253036495424114
17,259,195,46,0.774,0.7824130464503135
18,235,211,54,0.7741666666666667,0.7602353844463002
19,211,226,63,0.7726666666666666,0.7305701252064326
20,178,249,73,0.7835,0.6951761631048393
21,160,259,81,0.7973333333333333,0.6832447724377072
22,139,271,90,0.8093333333333333,0.6571776081284996
23,119,278,103,0.8296666666666667,0.6421029847025463
24,102,289,109,0.8441666666666666,0.617838971911862
25,86,300,114,0.8611666666666666,0.5949142263196865
26,69,307,124,0.8858333333333334,0.5871560082429649
27,53,305,142,0.9113333333333333,0.5810804071509568
28,40,308,152,0.9311666666666667,0.5692248783824871
29,31,302,167,0.9473333333333334,0.5727888988057291
30,28,295,177,0.9526666666666667,0.5764023295545035
31,24,289,187,0.9586666666666667,0.5691942417485896
32,19,282,199,0.9693333333333334,0.5918044731774709
33,14,272,214,0.9783333333333334,0.6104648974214192
34,10,267,223,0.985,0.6203030303030304
35,7,258,235,0.9901666666666666,0.6375654056088839
36,6,244,250,0.9918333333333333,0.6499527887571366
37,4,236,260,0.9946666666666667,0.6570355731225297
38,4,228,268,0.9948333333333333,0.667905138339921
39,4,221,275,0.9948333333333333,0.667905138339921
40,4,212,284,0.9948333333333333,0.667905138339921
41,4,207,289,0.995,0.6792687747035573
42,3,196,301,0.9966666666666667,0.7068511198945981
43,3,185,312,0.997,0.7364953886693018
44,3,174,323,0.9978333333333333,0.8102766798418973
45,2,170,328,0.9981666666666666,0.7608695652173914
46,1,166,333,0.9996666666666667,0.9130434782608695
47,1,160,339,0.9996666666666667,0.9130434782608695
48,1,155,344,0.9996666666666667,0.9130434782608695
49,1,150,349,0.9998333333333334,0.9565217391304348
50,1,143,356,0.9998333333333334,0.9565217391304348
51,1,139,360,0.9998333333333334,0.9565217391304348
52,1,133,366,0.9998333333333334,0.9565217391304348
53,1,129,370,0.9998333333333334,0.9565217391304348
54,1,129,370,0.9998333333333334,0.9565217391304348
55,1,122,377,0.9998333333333334,0.9565217391304348
56,1,118,381,0.9998333333333334,0.9565217391304348
57,1,113,386,0.9998333333333334,0.9565217391304348
58,1,107,392,0.9998333333333334,0.9565217391304348
59,1,104,395,0.9998333333333334,0.9565217391304348
60,1,100,399,1.0,1.0
61,1,95,404,1.0,1.0
62,1,92,407,1.0,1.0
63,1,90,409,1.0,1.0
64,1,86,413,1.0,1.0
65,1,81,418,1.0,1.0
66,1,78,421,1.0,1.0
67,1,75,424,1.0,1.0
68,1,67,432,1.0,1.0
69,1,67,432,1.0,1.0
70,1,64,435,1.0,1.0
71,1,59,440,1.0,1.0
72,1,57,442,1.0,1.0
73,1,55,444,1.0,1.0
74,0,54,446,1.0,
75,0,51,449,1.0,
76,0,45,455,1.0,
77,0,43,457,1.0,
78,0,40,460,1.0,
79,0,36,464,1.0,
80,0,36,464,1.0,
81,0,35,465,1.0,
82,0,34,466,1.0,
83,0,32,468,1.0,
84,0,32,468,1.0,
85,0,32,468,1.0,
86,0,30,470,1.0,
87,0,30,470,1.0,
88,0,30,470,1.0,
89,0,30,470,1.0,
90,0,29,471,1.0,
91,0,29,471,1.0,
92,0,26,474,1.0,
93,0,24,476,1.0,
94,0,24,476,1.0,
95,0,22,478,1.0,
96,0,21,479,1.0,
97,0,21,479,1.0,
98,0,20,480,1.0,
99,0,20,480,1.0,
100,0,20,480,1.0,
101,0,20,480,1.0,
102,0,20,480,1.0,
103,0,18,482,1.0,
104,0,18,482,1.0,
105,0,18,482,1.0,
106,0,17,483,1.0,
107,0,16,484,1.0,
108,0,16,484,1.0,
109,0,16,484,1.0,
110,0,16,484,1.0,
111,0,16,484,1.0,
112,0,16,484,1.0,
113,0,15,485,1.0,
114,0,15,485,1.0,
115,0,15,485,1.0,
116,0,15,485,1.0,
117,0,15,485,1.0,
118,0,14,486,1.0,
119,0,14,486,1.0,
120,0,13,487,1.0,
121,0,13,487,1.0,
122,0,13,487,1.0,
123,0,12,488,1.0,
124,0,11,489,1.0,
125,0,11,489,1.0,
126,0,11,489,1.0,
127,0,10,490,1.0,
128,0,10,490,1.0,
129,0,9,491,1.0,
130,0,9,491,1.0,
131,0,9,491,1.0,
132,0,9,491,1.0,
133,0,8,492,1.0,
134,0,8,492,1.0,
135,0,7,493,1.0,
136,0,7,493,1.0,
137,0,7,493,1.0,
138,0,7,493,1.0,
139,0,6,494,1.0,
140,0,6,494,1.0,
141,0,5,495,1.0,
142,0,5,495,1.0,
143,0,4,496,1.0,
144,0,4,496,1.0,
145,0,4,496,1.0,
146,0,4,496,1.0,
147,0,4,496,1.0,
148,0,4,496,1.0,
149,0,4,496,1.0,
150,0,4,496,1.0,
151,0,3,497,1.0,
152,0,3,497,1.0,
153,0,3,497,1.0,
154,0,3,497,1.0,
155,0,3,497,1.0,
156,0,3,497,1.0,
157,0,3,497,1.0,
158,0,3,497,1.0,
159,0,3,497,1.0,
160,0,2,498,1.0,
161,0,2,498,1.0,
162,0,2,498,1.0,
163,0,2,498,1.0,
164,0,2,498,1.0,
165,0,2,498,1.0,
166,0,2,498,1.0,
167,0,1,499,1.0,
168,0,1,499,1.0,
169,0,1,499,1.0,
170,0,1,499,1.0,
171,0,1,499,1.0,
172,0,1,499,1.0,
173,0,1,499,1.0,
174,0,1,499,1.0,
175,0,1,499,1.0,
176,0,1,499,1.0,
177,0,1,499,1.0,
178,0,1,499,1.0,
179,0,1,499,1.0,
180,0,1,499,1.0,
181,0,1,499,1.0,
182,0,1,499,1.0,
183,0,1,499,1.0,
184,0,1,499,1.0,
185,0,1,499,1.0,
186,0,1,499,1.0,
187,0,1,499,1.0,
188,0,1,499,1.0,
189,0,1,499,1.0,
190,0,1,499,1.0,
191,0,1,499,1.0,
192,0,1,499,1.0,
193,0,1,499,1.0,
194,0,1,499,1.0,
195,0,1,499,1.0,
196,0,1,499,1.0,
197,0,1,499,1.0,
198,0,1,499,1.0,
199,0,1,499,1.0,
200,0,1,499,1.0,
1,498,2,0,0.997,1.0
2,494,5,1,0.9921666666666666,0.9975564610926886
3,492,7,1,0.9903333333333333,0.9966337599838149
4,490,9,1,0.9865,0.994641240051116
5,486,13,1,0.9795,0.9909941282881386
6,478,21,1,0.9688333333333333,0.9851974039633119
7,472,26,2,0.9608333333333333,0.9806845882867151
8,461,34,5,0.9513333333333334,0.9750011361973515
9,447,48,5,0.9291666666666667,0.9617364997192204
10,427,65,8,0.8985,0.9421651162992319
11,401,86,13,0.8633333333333333,0.9162656301877037
12,376,110,14,0.8308333333333333,0.8889294129287592
13,338,141,21,0.793,0.8481604179057662
14,310,162,28,0.7795,0.8236848188282837
15,276,190,34,0.7658333333333334,0.7894482419175324
16,240,220,40,0.7658333333333334,0.7562772425590586
17,200,255,45,0.7695,0.7118646119092584
18,164,281,55,0.782,0.6675554712531748
19,136,299,65,0.8038333333333333,0.6391701287184031
20,109,316,75,0.8361666666666666,0.6230415290376891
21,88,320,92,0.8558333333333333,0.5886085482938198
22,79,315,106,0.871,0.5894865700251718
23,64,319,117,0.8908333333333334,0.5725548016204873
24,49,324,127,0.914,0.5590600064311176
25,41,321,138,0.9291666666666667,0.5669765073268818
26,31,319,150,0.9473333333333334,0.5750115543423271
27,20,309,171,0.9661666666666666,0.5766660017581143
28,19,301,180,0.9678333333333333,0.5763860198657835
29,16,291,193,0.974,0.5966113620289383
30,15,280,205,0.9766666666666667,0.6123438160494732
31,12,267,221,0.982,0.6212917873847572
32,11,261,228,0.9838333333333333,0.6301050997320202
33,10,258,232,0.9858333333333333,0.6432211558365933
34,8,247,245,0.9903333333333333,0.6967715124159599
35,7,238,255,0.9921666666666666,0.7185941801742416
36,6,228,266,0.9936666666666667,0.7367566253556497
37,5,221,274,0.9941666666666666,0.7102938165862469
38,5,207,288,0.9941666666666666,0.7102938165862469
39,4,197,299,0.9958333333333333,0.738891503199968
40,4,188,308,0.9961666666666666,0.7597564566359399
41,4,179,317,0.9963333333333333,0.7701889333539261
42,4,174,322,0.9963333333333333,0.7701889333539261
43,4,166,330,0.9963333333333333,0.7701889333539261
44,4,160,336,0.9965,0.7810749960161724
45,4,155,341,0.9965,0.7810749960161724
46,4,150,346,0.9965,0.7810749960161724
47,4,141,355,0.9968333333333333,0.8019399494521444
48,3,138,359,0.9973333333333333,0.7789582616096244
49,1,131,368,0.9996666666666667,0.9180579511827717
50,1,127,372,0.9996666666666667,0.9180579511827717
51,1,122,377,0.9996666666666667,0.9180579511827717
52,1,120,379,0.9996666666666667,0.9180579511827717
53,1,116,383,0.9996666666666667,0.9180579511827717
54,0,112,388,1.0,
55,0,103,397,1.0,
56,0,97,403,1.0,
57,0,93,407,1.0,
58,0,90,410,1.0,
59,0,87,413,1.0,
60,0,83,417,1.0,
61,0,77,423,1.0,
62,0,73,427,1.0,
63,0,69,431,1.0,
64,0,68,432,1.0,
65,0,64,436,1.0,
66,0,61,439,1.0,
67,0,61,439,1.0,
68,0,60,440,1.0,
69,0,57,443,1.0,
70,0,57,443,1.0,
71,0,52,448,1.0,
72,0,50,450,1.0,
73,0,48,452,1.0,
74,0,45,455,1.0,
75,0,42,458,1.0,
76,0,39,461,1.0,
77,0,38,462,1.0,
78,0,38,462,1.0,
79,0,35,465,1.0,
80,0,33,467,1.0,
81,0,32,468,1.0,
82,0,29,471,1.0,
83,0,29,471,1.0,
84,0,29,471,1.0,
85,0,29,471,1.0,
86,0,29,471,1.0,
87,0,27,473,1.0,
88,0,26,474,1.0,
89,0,25,475,1.0,
90,0,24,476,1.0,
91,0,24,476,1.0,
92,0,24,476,1.0,
93,0,22,478,1.0,
94,0,22,478,1.0,
95,0,22,478,1.0,
96,0,21,479,1.0,
97,0,20,480,1.0,
98,0,20,480,1.0,
99,0,18,482,1.0,
100,0,17,483,1.0,
101,0,17,483,1.0,
102,0,15,485,1.0,
103,0,14,486,1.0,
104,0,13,487,1.0,
105,0,12,488,1.0,
106,0,12,488,1.0,
107,0,11,489,1.0,
108,0,10,490,1.0,
109,0,9,491,1.0,
110,0,9,491,1.0,
111,0,8,492,1.0,
112,0,8,492,1.0,
113,0,8,492,1.0,
114,0,8,492,1.0,
115,0,8,492,1.0,
116,0,8,492,1.0,
117,0,7,493,1.0,
118,0,7,493,1.0,
119,0,6,494,1.0,
120,0,6,494,1.0,
121,0,5,495,1.0,
122,0,4,496,1.0,
123,0,4,496,1.0,
124,0,3,497,1.0,
125,0,3,497,1.0,
126,0,3,497,1.0,
127,0,3,497,1.0,
128,0,3,497,1.0,
129,0,3,497,1.0,
130,0,3,497,1.0,
131,0,3,497,1.0,
132,0,3,497,1.0,
133,0,3,497,1.0,
134,0,2,498,1.0,
135,0,1,499,1.0,
136,0,1,499,1.0,
137,0,1,499,1.0,
138,0,1,499,1.0,
139,0,1,499,1.0,
140,0,1,499,1.0,
141,0,1,499,1.0,
142,0,1,499,1.0,
143,0,1,499,1.0,
144,0,1,499,1.0,
145,0,1,499,1.0,
146,0,1,499,1.0,
147,0,1,499,1.0,
148,0,1,499,1.0,
149,0,1,499,1.0,
150,0,1,499,1.0,
151,0,1,499,1.0,
152,0,1,499,1.0,
153,0,1,499,1.0,
154,0,1,499,1.0,
155,0,1,499,1.0,
156,0,1,499,1.0,
157,0,1,499,1.0,
158,0,1,499,1.0,
159,0,1,499,1.0,
160,0,1,499,1.0,
161,0,1,499,1.0,
162,0,1,499,1.0,
163,0,1,499,1.0,
164,0,1,499,1.0,
165,0,1,499,1.0,
166,0,1,499,1.0,
167,0,1,499,1.0,
168,0,1,499,1.0,
169,0,1,499,1.0,
170,0,1,499,1.0,
171,0,1,499,1.0,
172,0,1,499,1.0,
173,0,1,499,1.0,
174,0,1,499,1.0,
175,0,1,499,1.0,
176,0,1,499,1.0,
177,0,1,499,1.0,
178,0,1,499,1.0,
179,0,1,499,1.0,
180,0,1,499,1.0,
181,0,1,499,1.0,
182,0,0,500,1.0,
183,0,0,500,1.0,
184,0,0,500,1.0,
185,0,0,500,1.0,
186,0,0,500,1.0,
187,0,0,500,1.0,
188,0,0,500,1.0,
189,0,0,500,1.0,
190,0,0,500,1.0,
191,0,0,500,1.0,
192,0,0,500,1.0,
193,0,0,500,1.0,
194,0,0,500,1.0,
195,0,0,500,1.0,
196,0,0,500,1.0,
197,0,0,500,1.0,
198,0,0,500,1.0,
199,0,0,500,1.0,
200,0,0,500,1.0,
1,498,2,0,0.998,0.9989925752580722
2,497,2,1,0.998,0.9989905482465189
3,495,4,1,0.993,0.9964348083153529
4,493,6,1,0.9898333333333333,0.9948306309846128
5,491,8,1,0.9866666666666667,0.9932252824296568
6,484,14,2,0.978,0.988702583781186
7,482,16,2,0.9753333333333334,0.9872528158393213
8,476,21,3,0.97,0.9841788870880943
9,469,27,4,0.9625,0.9798350635112478
10,464,31,5,0.9575,0.9769262825123957
11,452,41,7,0.9478333333333333,0.9709671254635663
12,445,48,7,0.9393333333333334,0.9657698594987311
13,425,66,9,0.9215,0.9537928065871799
14,397,92,11,0.8726666666666667,0.9197950869388828
15,370,112,18,0.8355,0.8886592413983718
16,337,139,24,0.7843333333333333,0.8390994200541355
17,314,159,27,0.7601666666666667,0.8080665300728996
18,285,182,33,0.7355,0.7663050859359021
19,260,196,44,0.7346666666666667,0.7432359170001311
20,233,216,51,0.7288333333333333,0.7063337859503189
21,210,233,57,0.7396666666666667,0.6861235135924576
22,189,240,71,0.7623333333333333,0.6816503031938964
23,164,254,82,0.7855,0.6691012648833433
24,134,274,92,0.814,0.6498040163143992
25,106,291,103,0.8426666666666667,0.6268634578437696
26,85,302,113,0.8668333333333333,0.6050396544821097
27,68,309,123,0.8893333333333333,0.5899142577371479
28,59,303,138,0.9038333333333334,0.5903131989056823
29,47,306,147,0.921,0.5753910987768527
30,41,302,157,0.9313333333333333,0.5769433082529584
31,27,307,166,0.9543333333333334,0.5713787286251054
32,19,308,173,0.9675,0.5585841084925753
33,13,308,179,0.9763333333333334,0.5330515860950643
34,7,305,188,0.9876666666666667,0.5536203651421042
35,7,293,200,0.9878333333333333,0.55933465085639
36,4,285,211,0.9928333333333333,0.5375494071146245
37,3,275,222,0.995,0.5639547650417215
38,2,261,237,0.9968333333333333,0.575098814229249
39,2,250,248,0.9971666666666666,0.6195652173913043
40,2,243,255,0.9971666666666666,0.6195652173913043
41,1,229,270,0.999,0.7391304347826086
42,1,213,286,0.9991666666666666,0.782608695652174
43,1,206,293,0.9991666666666666,0.782608695652174
44,1,200,299,0.9991666666666666,0.782608695652174
45,1,195,304,0.9993333333333333,0.8260869565217391
46,1,187,312,0.9993333333333333,0.8260869565217391
47,1,179,320,0.9993333333333333,0.8260869565217391
48,1,176,323,0.9993333333333333,0.8260869565217391
49,1,171,328,0.9995,0.8695652173913043
50,1,166,333,0.9996666666666667,0.9130434782608695
51,1,156,343,0.9996666666666667,0.9130434782608695
52,1,149,350,0.9996666666666667,0.9130434782608695
53,1,141,358,0.9996666666666667,0.9130434782608695
54,1,137,362,0.9996666666666667,0.9130434782608695
55,1,131,368,0.9996666666666667,0.9130434782608695
56,1,127,372,0.9996666666666667,0.9130434782608695
57,1,123,376,0.9996666666666667,0.9130434782608695
58,1,116,383,0.9998333333333334,0.9565217391304348
59,1,109,390,0.9998333333333334,0.9565217391304348
60,1,105,394,0.9998333333333334,0.9565217391304348
61,1,101,398,0.9998333333333334,0.9565217391304348
62,1,98,401,0.9998333333333334,0.9565217391304348
63,1,95,404,0.9998333333333334,0.9565217391304348
64,1,92,407,0.9998333333333334,0.9565217391304348
65,1,89,410,0.9998333333333334,0.9565217391304348
66,1,84,415,0.9998333333333334,0.9565217391304348
67,1,80,419,1.0,1.0
68,1,78,421,1.0,1.0
69,0,75,425,1.0,
70,0,73,427,1.0,
71,0,69,431,1.0,
72,0,68,432,1.0,
73,0,63,437,1.0,
74,0,61,439,1.0,
75,0,60,440,1.0,
76,0,58,442,1.0,
77,0,56,444,1.0,
78,0,55,445,1.0,
79,0,52,448,1.0,
80,0,49,451,1.0,
81,0,48,452,1.0,
82,0,47,453,1.0,
83,0,43,457,1.0,
84,0,41,459,1.0,
85,0,41,459,1.0,
86,0,40,460,1.0,
87,0,37,463,1.0,
88,0,36,464,1.0,
89,0,34,466,1.0,
90,0,32,468,1.0,
91,0,28,472,1.0,
92,0,26,474,1.0,
93,0,25,475,1.0,
94,0,23,477,1.0,
95,0,22,478,1.0,
96,0,22,478,1.0,
97,0,21,479,1.0,
98,0,20,480,1.0,
99,0,19,481,1.0,
100,0,19,481,1.0,
101,0,17,483,1.0,
102,0,17,483,1.0,
103,0,16,484,1.0,
104,0,16,484,1.0,
105,0,16,484,1.0,
106,0,16,484,1.0,
107,0,15,485,1.0,
108,0,14,486,1.0,
109,0,13,487,1.0,
110,0,11,489,1.0,
111,0,11,489,1.0,
112,0,11,489,1.0,
113,0,11,489,1.0,
114,0,11,489,1.0,
115,0,11,489,1.0,
116,0,11,489,1.0,
117,0,11,489,1.0,
118,0,11,489,1.0,
119,0,9,491,1.0,
120,0,8,492,1.0,
121,0,8,492,1.0,
122,0,8,492,1.0,
123,0,8,492,1.0,
124,0,8,492,1.0,
125,0,8,492,1.0,
126,0,8,492,1.0,
127,0,8,492,1.0,
128,0,8,492,1.0,
129,0,8,492,1.0,
130,0,7,493,1.0,
131,0,7,493,1.0,
132,0,6,494,1.0,
133,0,6,494,1.0,
134,0,6,494,1.0,
135,0,6,494,1.0,
136,0,6,494,1.0,
137,0,6,494,1.0,
138,0,6,494,1.0,
139,0,5,495,1.0,
140,0,4,496,1.0,
141,0,4,496,1.0,
142,0,4,496,1.0,
143,0,4,496,1.0,
144,0,4,496,1.0,
145,0,4,496,1.0,
146,0,4,496,1.0,
147,0,4,496,1.0,
148,0,4,496,1.0,
149,0,3,497,1.0,
150,0,2,498,1.0,
151,0,2,498,1.0,
152,0,2,498,1.0,
153,0,2,498,1.0,
154,0,2,498,1.0,
155,0,2,498,1.0,
156,0,2,498,1.0,
157,0,2,498,1.0,
158,0,2,498,1.0,
159,0,2,498,1.0,
160,0,2,498,1.0,
161,0,2,498,1.0,
162,0,2,498,1.0,
163,0,2,498,1.0,
164,0,2,498,1.0,
165,0,2,498,1.0,
166,0,1,499,1.0,
167,0,1,499,1.0,
168,0,1,499,1.0,
169,0,1,499,1.0,
170,0,1,499,1.0,
171,0,1,499,1.0,
172,0,1,499,1.0,
173,0,1,499,1.0,
174,0,1,499,1.0,
175,0,1,499,1.0,
176,0,1,499,1.0,
177,0,1,499,1.0,
178,0,1,499,1.0,
179,0,1,499,1.0,
180,0,1,499,1.0,
181,0,1,499,1.0,
182,0,1,499,1.0,
183,0,1,499,1.0,
184,0,1,499,1.0,
185,0,1,499,1.0,
186,0,1,499,1.0,
187,0,1,499,1.0,
188,0,1,499,1.0,
189,0,1,499,1.0,
190,0,1,499,1.0,
191,0,1,499,1.0,
192,0,1,499,1.0,
193,0,1,499,1.0,
194,0,0,500,1.0,
195,0,0,500,1.0,
196,0,0,500,1.0,
197,0,0,500,1.0,
198,0,0,500,1.0,
199,0,0,500,1.0,
200,0,0,500,1.0,
1,498,2,0,0.9968333333333333,0.9999155513099325
2,498,2,0,0.9968333333333333,0.9999155513099325
3,497,2,1,0.997,1.0
4,497,2,1,0.997,1.0
5,497,2,1,0.997,1.0
6,495,4,1,0.9936666666666667,0.9983341881725494
7,494,4,2,0.9951666666666666,0.9990755727681855
8,489,9,2,0.9871666666666666,0.9948753390989462
9,481,16,3,0.9745,0.9882083224693545
10,475,20,5,0.9703333333333334,0.9858227730498773
11,468,27,5,0.9536666666666667,0.9765494173141854
12,458,36,6,0.9401666666666667,0.968575591745255
13,444,48,8,0.9201666666666667,0.9563465585187513
14,429,63,8,0.9005,0.9432713132667155
15,407,81,12,0.8795,0.9274679629446246
16,382,102,16,0.8525,0.9050234058226808
17,364,115,21,0.8396666666666667,0.891373378309358
18,334,139,27,0.8278333333333333,0.8730007082681501
19,303,159,38,0.8016666666666666,0.8383330799667061
20,275,177,48,0.7865,0.8079718466764295
21,251,198,51,0.7753333333333333,0.7781939880148662
22,223,212,65,0.7711666666666667,0.7452112005630996
23,191,229,80,0.7738333333333334,0.705110495793291
24,166,243,91,0.7865,0.6793964166706469
25,136,264,100,0.8061666666666667,0.645238341877373
26,113,277,110,0.8255,0.6146061141058707
27,92,291,117,0.8545,0.6048835138436464
28,73,293,134,0.8796666666666667,0.5887569550622396
29,64,293,143,0.896,0.5927891781983748
30,52,289,159,0.9141666666666667,0.5850728684500638
31,46,284,170,0.9218333333333333,0.5740964760410814
32,38,288,174,0.9351666666666667,0.5724442946779289
33,34,285,181,0.9435,0.5835845039608765
34,21,278,201,0.9655,0.5885625046437476
35,18,265,217,0.9713333333333334,0.6020902327516122
36,15,261,224,0.9773333333333334,0.6221127873537616
37,14,251,235,0.9788333333333333,0.6199062398592545
38,11,244,245,0.9841666666666666,0.640048145632762
39,9,238,253,0.987,0.6364928723859915
40,7,230,263,0.9908333333333333,0.6702812677797167
41,5,225,270,0.994,0.6999962101599656
42,4,216,280,0.9956666666666667,0.7326098678739377
43,3,211,286,0.9973333333333333,0.7820794792261648
44,2,207,291,0.998,0.7594613439624325
45,2,199,299,0.9981666666666666,0.7794910936933099
46,2,192,306,0.9981666666666666,0.7794910936933099
47,2,186,312,0.9981666666666666,0.7794910936933099
48,1,181,318,0.9985,0.640951991388075
49,0,177,323,1.0,
50,0,171,329,1.0,
51,0,161,339,1.0,
52,0,156,344,1.0,
53,0,150,350,1.0,
54,0,144,356,1.0,
55,0,138,362,1.0,
56,0,133,367,1.0,
57,0,122,378,1.0,
58,0,117,383,1.0,
59,0,111,389,1.0,
60,0,108,392,1.0,
61,0,107,393,1.0,
62,0,101,399,1.0,
63,0,100,400,1.0,
64,0,92,408,1.0,
65,0,90,410,1.0,
66,0,83,417,1.0,
67,0,82,418,1.0,
68,0,81,419,1.0,
69,0,78,422,1.0,
70,0,76,424,1.0,
71,0,74,426,1.0,
72,0,70,430,1.0,
73,0,69,431,1.0,
74,0,65,435,1.0,
75,0,63,437,1.0,
76,0,60,440,1.0,
77,0,56,444,1.0,
78,0,53,447,1.0,
79,0,52,448,1.0,
80,0,50,450,1.0,
81,0,46,454,1.0,
82,0,43,457,1.0,
83,0,41,459,1.0,
84,0,39,461,1.0,
85,0,36,464,1.0,
86,0,35,465,1.0,
87,0,33,467,1.0,
88,0,33,467,1.0,
89,0,33,467,1.0,
90,0,30,470,1.0,
91,0,29,471,1.0,
92,0,29,471,1.0,
93,0,28,472,1.0,
94,0,28,472,1.0,
95,0,27,473,1.0,
96,0,27,473,1.0,
97,0,26,474,1.0,
98,0,25,475,1.0,
99,0,24,476,1.0,
100,0,24,476,1.0,
101,0,21,479,1.0,
102,0,20,480,1.0,
103,0,20,480,1.0,
104,0,18,482,1.0,
105,0,17,483,1.0,
106,0,17,483,1.0,
107,0,16,484,1.0,
108,0,15,485,1.0,
109,0,15,485,1.0,
110,0,13,487,1.0,
111,0,13,487,1.0,
112,0,13,487,1.0,
113,0,12,488,1.0,
114,0,10,490,1.0,
115,0,10,490,1.0,
116,0,9,491,1.0,
117,0,9,491,1.0,
118,0,8,492,1.0,
119,0,8,492,1.0,
120,0,7,493,1.0,
121,0,6,494,1.0,
122,0,6,494,1.0,
123,0,6,494,1.0,
124,0,6,494,1.0,
125,0,6,494,1.0,
126,0,6,494,1.0,
127,0,5,495,1.0,
128,0,5,495,1.0,
129,0,5,495,1.0,
130,0,3,497,1.0,
131,0,3,497,1.0,
132,0,3,497,1.0,
133,0,3,497,1.0,
134,0,3,497,1.0,
135,0,3,497,1.0,
136,0,3,497,1.0,
137,0,3,497,1.0,
138,0,3,497,1.0,
139,0,3,497,1.0,
140,0,3,497,1.0,
141,0,3,497,1.0,
142,0,3,497,1.0,
143,0,3,497,1.0,
144,0,3,497,1.0,
145,0,3,497,1.0,
146,0,2,498,1.0,
147,0,2,498,1.0,
148,0,2,498,1.0,
149,0,2,498,1.0,
150,0,2,498,1.0,
151,0,2,498,1.0,
152,0,2,498,1.0,
153,0,2,498,1.0,
154,0,2,498,1.0,
155,0,2,498,1.0,
156,0,2,498,1.0,
157,0,2,498,1.0,
158,0,2,498,1.0,
159,0,2,498,1.0,
160,0,2,498,1.0,
161,0,2,498,1.0,
162,0,2,498,1.0,
163,0,2,498,1.0,
164,0,2,498,1.0,
165,0,2,498,1.0,
166,0,1,499,1.0,
167,0,1,499,1.0,
168,0,1,499,1.0,
169,0,1,499,1.0,
170,0,1,499,1.0,
171,0,1,499,1.0,
172,0,1,499,1.0,
173,0,1,499,1.0,
174,0,1,499,1.0,
175,0,1,499,1.0,
176,0,1,499,1.0,
177,0,1,499,1.0,
178,0,1,499,1.0,
179,0,1,499,1.0,
180,0,1,499,1.0,
181,0,1,499,1.0,
182,0,0,500,1.0,
183,0,0,500,1.0,
184,0,0,500,1.0,
185,0,0,500,1.0,
186,0,0,500,1.0,
187,0,0,500,1.0,
188,0,0,500,1.0,
189,0,0,500,1.0,
190,0,0,500,1.0,
191,0,0,500,1.0,
192,0,0,500,1.0,
193,0,0,500,1.0,
194,0,0,500,1.0,
195,0,0,500,1.0,
196,0,0,500,1.0,
197,0,0,500,1.0,
198,0,0,500,1.0,
199,0,0,500,1.0,
200,0,0,500,1.0,
1,497,3,0,0.9965,1.0
2,495,4,1,0.9935,0.9984611379190078
3,492,7,1,0.9895,0.9963574346951547
4,487,12,1,0.98,0.9914452323939774
5,483,16,1,0.972,0.9872152880411237
6,476,23,1,0.9601666666666666,0.9807572132059326
7,468,31,1,0.9475,0.973575685252947
8,452,46,2,0.925,0.959918704853325
9,433,64,3,0.897,0.9421287797256584
10,410,84,6,0.8645,0.9189012517169926
11,387,105,8,0.8271666666666667,0.8898899600373439
12,362,128,10,0.8023333333333333,0.8651940797072172
13,333,150,17,0.7753333333333333,0.8329184844365655
14,307,169,24,0.7656666666666667,0.8109377284178765
15,275,196,29,0.7516666666666667,0.7759494398927904
16,244,220,36,0.742,0.7378379084644705
17,213,236,51,0.7481666666666666,0.7073659591296941
18,184,255,61,0.7548333333333334,0.6701979502239933
19,148,277,75,0.7738333333333334,0.6210124901468826
20,126,290,84,0.7981666666666667,0.603069845005847
21,108,292,100,0.8238333333333333,0.597094165658819
22,87,304,109,0.8576666666666667,0.5962508380508966
23,63,314,123,0.894,0.5812553733240454
24,51,308,141,0.9143333333333333,0.5819865570130266
25,40,302,158,0.933,0.5849932335875904
26,34,291,175,0.945,0.5982075607807278
27,30,286,184,0.9525,0.6057821524252791
28,26,278,196,0.9605,0.620300629093818
29,19,278,203,0.9713333333333334,0.6250610665312536
30,16,271,213,0.9768333333333333,0.6388125643316083
31,14,262,224,0.9806666666666667,0.6538303851286769
32,12,251,237,0.9836666666666667,0.6590992956140412
33,10,238,252,0.9865,0.6578139523364959
34,8,232,260,0.9903333333333333,0.6928009506156781
35,6,225,269,0.9931666666666666,0.7132178754709917
36,5,213,282,0.9946666666666667,0.738158749445904
37,5,203,292,0.995,0.7552178633966727
38,4,196,300,0.9958333333333333,0.7475702989085301
39,3,192,305,0.9968333333333333,0.7457615488832536
40,3,184,313,0.9968333333333333,0.7457615488832536
41,3,177,320,0.9968333333333333,0.7457615488832536
42,2,168,330,0.9983333333333333,0.7980761649989445
43,2,157,341,0.9983333333333333,0.7980761649989445
44,2,153,345,0.9983333333333333,0.7980761649989445
45,2,150,348,0.9983333333333333,0.7980761649989445
46,2,146,352,0.9983333333333333,0.7980761649989445
47,2,142,356,0.9983333333333333,0.7980761649989445
48,2,139,359,0.9983333333333333,0.7980761649989445
49,2,135,363,0.9983333333333333,0.7980761649989445
50,2,131,367,0.9983333333333333,0.7980761649989445
51,2,126,372,0.9983333333333333,0.7980761649989445
52,2,122,376,0.9983333333333333,0.7980761649989445
53,2,119,379,0.9983333333333333,0.7980761649989445
54,1,114,385,0.9991666666666666,0.7930673187751017
55,1,108,391,0.9991666666666666,0.7930673187751017
56,1,103,396,0.9991666666666666,0.7930673187751017
57,1,95,404,0.9991666666666666,0.7930673187751017
58,1,91,408,0.9993333333333333,0.8348077039737914
59,1,85,414,0.9993333333333333,0.8348077039737914
60,1,84,415,0.9993333333333333,0.8348077039737914
61,1,80,419,0.9993333333333333,0.8348077039737914
62,1,76,423,0.9993333333333333,0.8348077039737914
63,1,71,428,0.9993333333333333,0.8348077039737914
64,0,68,432,1.0,
65,0,67,433,1.0,
66,0,63,437,1.0,
67,0,59,441,1.0,
68,0,57,443,1.0,
69,0,57,443,1.0,
70,0,56,444,1.0,
71,0,56,444,1.0,
72,0,53,447,1.0,
73,0,49,451,1.0,
74,0,47,453,1.0,
75,0,46,454,1.0,
76,0,44,456,1.0,
77,0,40,460,1.0,
78,0,38,462,1.0,
79,0,36,464,1.0,
80,0,34,466,1.0,
81,0,30,470,1.0,
82,0,30,470,1.0,
83,0,26,474,1.0,
84,0,24,476,1.0,
85,0,24,476,1.0,
86,0,23,477,1.0,
87,0,21,479,1.0,
88,0,21,479,1.0,
89,0,20,480,1.0,
90,0,20,480,1.0,
91,0,19,481,1.0,
92,0,18,482,1.0,
93,0,17,483,1.0,
94,0,15,485,1.0,
95,0,15,485,1.0,
96,0,14,486,1.0,
97,0,14,486,1.0,
98,0,13,487,1.0,
99,0,13,487,1.0,
100,0,13,487,1.0,
101,0,12,488,1.0,
102,0,12,488,1.0,
103,0,12,488,1.0,
104,0,11,489,1.0,
105,0,11,489,1.0,
106,0,11,489,1.0,
107,0,11,489,1.0,
108,0,11,489,1.0,
109,0,11,489,1.0,
110,0,11,489,1.0,
111,0,11,489,1.0,
112,0,11,489,1.0,
113,0,10,490,1.0,
114,0,10,490,1.0,
115,0,10,490,1.0,
116,0,9,491,1.0,
117,0,9,491,1.0,
118,0,8,492,1.0,
119,0,7,493,1.0,
120,0,7,493,1.0,
121,0,7,493,1.0,
122,0,7,493,1.0,
123,0,7,493,1.0,
124,0,7,493,1.0,
125,0,7,493,1.0,
126,0,6,494,1.0,
127,0,6,494,1.0,
128,0,6,494,1.0,
129,0,6,494,1.0,
130,0,6,494,1.0,
131,0,6,494,1.0,
132,0,6,494,1.0,
133,0,5,495,1.0,
134,0,5,495,1.0,
135,0,5,495,1.0,
136,0,5,495,1.0,
137,0,5,495,1.0,
138,0,5,495,1.0,
139,0,5,495,1.0,
140,0,5,495,1.0,
141,0,5,495,1.0,
142,0,5,495,1.0,
143,0,5,495,1.0,
144,0,5,495,1.0,
145,0,5,495,1.0,
146,0,4,496,1.0,
147,0,4,496,1.0,
148,0,4,496,1.0,
149,0,4,496,1.0,
150,0,4,496,1.0,
151,0,4,496,1.0,
152,0,4,496,1.0,
153,0,4,496,1.0,
154,0,4,496,1.0,
155,0,4,496,1.0,
156,0,4,496,1.0,
157,0,4,496,1.0,
158,0,4,496,1.0,
159,0,4,496,1.0,
160,0,4,496,1.0,
161,0,3,497,1.0,
162,0,3,497,1.0,
163,0,3,497,1.0,
164,0,3,497,1.0,
165,0,3,497,1.0,
166,0,3,497,1.0,
167,0,2,498,1.0,
168,0,2,498,1.0,
169,0,2,498,1.0,
170,0,2,498,1.0,
171,0,2,498,1.0,
172,0,1,499,1.0,
173,0,1,499,1.0,
174,0,1,499,1.0,
175,0,1,499,1.0,
176,0,1,499,1.0,
177,0,1,499,1.0,
178,0,1,499,1.0,
179,0,1,499,1.0,
180,0,1,499,1.0,
181,0,1,499,1.0,
182,0,1,499,1.0,
183,0,1,499,1.0,
184,0,1,499,1.0,
185,0,1,499,1.0,
186,0,1,499,1.0,
187,0,1,499,1.0,
188,0,1,499,1.0,
189,0,1,499,1.0,
190,0,1,499,1.0,
191,0,1,499,1.0,
192,0,1,499,1.0,
193,0,1,499,1.0,
194,0,1,499,1.0,
195,0,1,499,1.0,
196,0,1,499,1.0,
197,0,1,499,1.0,
198,0,1,499,1.0,
199,0,1,499,1.0,
200,0,1,499,1.0,
1,498,2,0,0.997,1.0
2,497,3,0,0.9953333333333333,0.9991595539262551
3,497,3,0,0.9953333333333333,0.9991595539262551
4,495,5,0,0.9925,0.9977023345827892
5,494,6,0,0.9898333333333333,0.9963287081149066
6,493,7,0,0.9876666666666667,0.9952356220841867
7,491,9,0,0.9841666666666666,0.9934351828993664
8,489,10,1,0.9825,0.9925188667011787
9,487,12,1,0.9805,0.9914611329742531
10,481,17,2,0.9768333333333333,0.9894612435728815
11,474,24,2,0.9666666666666667,0.9838790649608907
12,462,36,2,0.949,0.9737530709365794
13,451,43,6,0.9396666666666667,0.9678748590104513
14,436,56,8,0.9223333333333333,0.9567229370895325
15,419,68,13,0.8946666666666667,0.9382415150770044
16,399,84,17,0.865,0.9164327620768
17,376,103,21,0.8436666666666667,0.8972013304141362
18,354,121,25,0.8191666666666667,0.8736247347245069
19,324,143,33,0.7953333333333333,0.8433287038531134
20,299,168,33,0.776,0.8140822413900627
21,273,179,48,0.775,0.7953645542110227
22,239,208,53,0.7621666666666667,0.7520105649659041
23,207,232,61,0.7648333333333334,0.7165239027302802
24,188,236,76,0.769,0.6934523666904567
25,169,246,85,0.7823333333333333,0.6787285721511659
26,153,250,97,0.7948333333333333,0.6652493122793222
27,131,262,107,0.8138333333333333,0.6441869327496381
28,109,271,120,0.839,0.6300817479147333
29,87,277,136,0.863,0.6056593017974403
30,68,284,148,0.8901666666666667,0.5966593170611163
31,57,281,162,0.9105,0.6095432226725036
32,48,282,170,0.925,0.6102378042594424
33,43,279,178,0.9315,0.605471539959393
34,39,275,186,0.9398333333333333,0.6176042860318348
35,35,272,193,0.9476666666666667,0.6309154628281877
36,25,267,208,0.9611666666666666,0.6153543349970109
37,23,259,218,0.9641666666666666,0.6141873518350692
38,20,250,230,0.9696666666666667,0.6253619476980135
39,17,243,240,0.9755,0.6419032647528066
40,16,236,248,0.9776666666666667,0.6549340310590888
41,15,223,262,0.9801666666666666,0.674463477936192
42,14,212,274,0.9823333333333333,0.6899814779714392
43,9,212,279,0.989,0.7002228090029147
44,8,208,284,0.9901666666666666,0.6976146831467114
45,7,204,289,0.991,0.6795381437401941
46,7,198,295,0.9915,0.6964867889845915
47,6,192,302,0.9926666666666667,0.6942367282195729
48,5,183,312,0.9946666666666667,0.7266297731548764
49,4,179,317,0.996,0.7489559440014307
50,3,175,322,0.9968333333333333,0.737344223939393
51,2,170,328,0.9975,0.6853817766617745
52,2,163,335,0.9975,0.6853817766617745
53,1,158,341,0.9986666666666667,0.6531592534896199
54,1,154,345,0.9986666666666667,0.6531592534896199
55,1,150,349,0.9986666666666667,0.6531592534896199
56,1,149,350,0.9986666666666667,0.6531592534896199
57,1,142,357,0.9988333333333334,0.6967032037222611
58,0,141,359,1.0,
59,0,141,359,1.0,
60,0,136,364,1.0,
61,0,130,370,1.0,
62,0,120,380,1.0,
63,0,114,386,1.0,
64,0,111,389,1.0,
65,0,106,394,1.0,
66,0,104,396,1.0,
67,0,97,403,1.0,
68,0,91,409,1.0,
69,0,87,413,1.0,
70,0,78,422,1.0,
71,0,76,424,1.0,
72,0,69,431,1.0,
73,0,66,434,1.0,
74,0,65,435,1.0,
75,0,59,441,1.0,
76,0,57,443,1.0,
77,0,54,446,1.0,
78,0,52,448,1.0,
79,0,50,450,1.0,
80,0,48,452,1.0,
81,0,47,453,1.0,
82,0,44,456,1.0,
83,0,43,457,1.0,
84,0,42,458,1.0,
85,0,40,460,1.0,
86,0,38,462,1.0,
87,0,37,463,1.0,
88,0,36,464,1.0,
89,0,34,466,1.0,
90,0,32,468,1.0,
91,0,31,469,1.0,
92,0,31,469,1.0,
93,0,30,470,1.0,
94,0,30,470,1.0,
95,0,28,472,1.0,
96,0,28,472,1.0,
97,0,28,472,1.0,
98,0,27,473,1.0,
99,0,25,475,1.0,
100,0,24,476,1.0,
101,0,23,477,1.0,
102,0,22,478,1.0,
103,0,22,478,1.0,
104,0,20,480,1.0,
105,0,20,480,1.0,
106,0,20,480,1.0,
107,0,20,480,1.0,
108,0,20,480,1.0,
109,0,20,480,1.0,
110,0,20,480,1.0,
111,0,19,481,1.0,
112,0,18,482,1.0,
113,0,17,483,1.0,
114,0,15,485,1.0,
115,0,15,485,1.0,
116,0,15,485,1.0,
117,0,15,485,1.0,
118,0,14,486,1.0,
119,0,12,488,1.0,
120,0,12,488,1.0,
121,0,12,488,1.0,
122,0,12,488,1.0,
123,0,12,488,1.0,
124,0,11,489,1.0,
125,0,11,489,1.0,
126,0,9,491,1.0,
127,0,9,491,1.0,
128,0,9,491,1.0,
129,0,8,492,1.0,
130,0,8,492,1.0,
131,0,7,493,1.0,
132,0,7,493,1.0,
133,0,6,494,1.0,
134,0,6,494,1.0,
135,0,6,494,1.0,
136,0,5,495,1.0,
137,0,4,496,1.0,
138,0,4,496,1.0,
139,0,4,496,1.0,
140,0,4,496,1.0,
141,0,3,497,1.0,
142,0,2,498,1.0,
143,0,2,498,1.0,
144,0,2,498,1.0,
145,0,2,498,1.0,
146,0,2,498,1.0,
147,0,2,498,1.0,
148,0,2,498,1.0,
149,0,2,498,1.0,
150,0,2,498,1.0,
151,0,2,498,1.0,
152,0,2,498,1.0,
153,0,2,498,1.0,
154,0,2,498,1.0,
155,0,2,498,1.0,
156,0,2,498,1.0,
157,0,2,498,1.0,
158,0,1,499,1.0,
159,0,1,499,1.0,
160,0,1,499,1.0,
161,0,1,499,1.0,
162,0,1,499,1.0,
163,0,1,499,1.0,
164,0,1,499,1.0,
165,0,1,499,1.0,
166,0,1,499,1.0,
167,0,1,499,1.0,
168,0,1,499,1.0,
169,0,1,499,1.0,
170,0,1,499,1.0,
171,0,1,499,1.0,
172,0,1,499,1.0,
173,0,1,499,1.0,
174,0,1,499,1.0,
175,0,1,499,1.0,
176,0,1,499,1.0,
177,0,1,499,1.0,
178,0,1,499,1.0,
179,0,1,499,1.0,
180,0,1,499,1.0,
181,0,1,499,1.0,
182,0,1,499,1.0,
183,0,1,499,1.0,
184,0,1,499,1.0,
185,0,1,499,1.0,
186,0,1,499,1.0,
187,0,1,499,1.0,
188,0,1,499,1.0,
189,0,1,499,1.0,
190,0,1,499,1.0,
191,0,1,499,1.0,
192,0,1,499,1.0,
193,0,0,500,1.0,
194,0,0,500,1.0,
195,0,0,500,1.0,
196,0,0,500,1.0,
197,0,0,500,1.0,
198,0,0,500,1.0,
199,0,0,500,1.0,
200,0,0,500,1.0,
1,495,5,0,0.9938333333333333,0.9969104084321475
2,486,11,3,0.9861666666666666,0.9929319731976737
3,480,17,3,0.9756666666666667,0.9873567344156112
4,465,32,3,0.9465,0.9712472237647553
5,454,42,4,0.9286666666666666,0.9606799379017344
6,439,56,5,0.9048333333333334,0.9457614707471099
7,414,81,5,0.8715,0.9221505577318432
8,381,111,8,0.8488333333333333,0.9004139266931688
9,351,137,12,0.8448333333333333,0.8888209315584517
10,314,167,19,0.8038333333333333,0.8426161002704895
11,286,184,30,0.7915,0.8164555040299948
12,262,201,37,0.795,0.802956834194803
13,244,209,47,0.7888333333333334,0.782484771273973
14,211,231,58,0.7863333333333333,0.7456152276263548
15,189,238,73,0.8023333333333333,0.7378602261084433
16,163,253,84,0.803,0.6958743373240572
17,136,268,96,0.823,0.6715134860994836
18,117,275,108,0.8436666666666667,0.6626119424707311
19,97,285,118,0.8591666666666666,0.6341447435642864
20,83,287,130,0.8725,0.6121698602892945
21,72,286,142,0.8858333333333334,0.5980035815633642
22,62,289,149,0.8986666666666666,0.5845550452352696
23,59,282,159,0.906,0.5949796126251542
24,50,278,172,0.9171666666666667,0.5791181934008021
25,40,277,183,0.9328333333333333,0.5771773100088318
26,34,271,195,0.9435,0.5803577156006824
27,28,260,212,0.9556666666666667,0.6011821382551197
28,22,257,221,0.9666666666666667,0.6155620400679689
29,16,251,233,0.9755,0.6144490473294821
30,14,240,246,0.9798333333333333,0.6352775485384182
31,14,231,255,0.98,0.63838313860053
32,11,228,261,0.9851666666666666,0.6562091268415379
33,11,216,273,0.9861666666666666,0.6804635285662953
34,11,204,285,0.9866666666666667,0.6920050305425799
35,11,196,293,0.9878333333333333,0.7193586058210563
36,9,195,296,0.9901666666666666,0.7214734299516907
37,7,192,301,0.9923333333333333,0.7216459627329191
38,6,188,306,0.9928333333333333,0.6960869565217392
39,6,181,313,0.9941666666666666,0.7522705314009661
40,3,174,323,0.9965,0.706231884057971
41,3,170,327,0.997,0.7485507246376812
42,3,165,332,0.9971666666666666,0.7630434782608696
43,2,160,338,0.9983333333333333,0.7958333333333334
44,2,154,344,0.9983333333333333,0.7958333333333334
45,2,148,350,0.9983333333333333,0.7958333333333334
46,2,142,356,0.9983333333333333,0.7958333333333334
47,2,135,363,0.9985,0.8166666666666667
48,2,125,373,0.9985,0.8166666666666667
49,2,123,375,0.9985,0.8166666666666667
50,2,118,380,0.9985,0.8166666666666667
51,2,115,383,0.9986666666666667,0.8375
52,1,111,388,0.9991666666666666,0.8
53,1,107,392,0.9991666666666666,0.8
54,1,101,398,0.9993333333333333,0.84
55,1,98,401,0.9993333333333333,0.84
56,1,96,403,0.9993333333333333,0.84
57,1,92,407,0.9993333333333333,0.84
58,1,90,409,0.9993333333333333,0.84
59,1,86,413,0.9993333333333333,0.84
60,1,81,418,0.9995,0.88
61,1,78,421,0.9995,0.88
62,1,72,427,0.9995,0.88
63,1,68,431,0.9995,0.88
64,1,65,434,0.9995,0.88
65,1,64,435,0.9995,0.88
66,1,60,439,0.9996666666666667,0.92
67,1,57,442,0.9996666666666667,0.92
68,1,55,444,0.9996666666666667,0.92
69,1,52,447,0.9996666666666667,0.92
70,1,49,450,0.9996666666666667,0.92
71,1,45,454,0.9996666666666667,0.92
72,1,43,456,0.9996666666666667,0.92
73,1,42,457,0.9996666666666667,0.92
74,1,40,459,0.9996666666666667,0.92
75,1,36,463,0.9998333333333334,0.96
76,1,35,464,0.9998333333333334,0.96
77,1,34,465,1.0,1.0
78,0,34,466,1.0,
79,0,32,468,1.0,
80,0,31,469,1.0,
81,0,30,470,1.0,
82,0,29,471,1.0,
83,0,29,471,1.0,
84,0,28,472,1.0,
85,0,27,473,1.0,
86,0,26,474,1.0,
87,0,23,477,1.0,
88,0,22,478,1.0,
89,0,21,479,1.0,
90,0,20,480,1.0,
91,0,18,482,1.0,
92,0,18,482,1.0,
93,0,18,482,1.0,
94,0,18,482,1.0,
95,0,18,482,1.0,
96,0,18,482,1.0,
97,0,17,483,1.0,
98,0,17,483,1.0,
99,0,17,483,1.0,
100,0,17,483,1.0,
101,0,16,484,1.0,
102,0,16,484,1.0,
103,0,16,484,1.0,
104,0,15,485,1.0,
105,0,14,486,1.0,
106,0,13,487,1.0,
107,0,11,489,1.0,
108,0,11,489,1.0,
109,0,11,489,1.0,
110,0,11,489,1.0,
111,0,10,490,1.0,
112,0,10,490,1.0,
113,0,8,492,1.0,
114,0,8,492,1.0,
115,0,8,492,1.0,
116,0,8,492,1.0,
117,0,8,492,1.0,
118,0,8,492,1.0,
119,0,7,493,1.0,
120,0,6,494,1.0,
121,0,6,494,1.0,
122,0,6,494,1.0,
123,0,5,495,1.0,
124,0,5,495,1.0,
125,0,5,495,1.0,
126,0,5,495,1.0,
127,0,5,495,1.0,
128,0,5,495,1.0,
129,0,5,495,1.0,
130,0,5,495,1.0,
131,0,5,495,1.0,
132,0,5,495,1.0,
133,0,4,496,1.0,
134,0,4,496,1.0,
135,0,3,497,1.0,
136,0,3,497,1.0,
137,0,3,497,1.0,
138,0,3,497,1.0,
139,0,3,497,1.0,
140,0,3,497,1.0,
141,0,3,497,1.0,
142,0,3,497,1.0,
143,0,3,497,1.0,
144,0,3,497,1.0,
145,0,3,497,1.0,
146,0,3,497,1.0,
147,0,3,497,1.0,
148,0,3,497,1.0,
149,0,3,497,1.0,
150,0,1,499,1.0,
151,0,1,499,1.0,
152,0,1,499,1.0,
153,0,1,499,1.0,
154,0,1,499,1.0,
155,0,1,499,1.0,
156,0,1,499,1.0,
157,0,1,499,1.0,
158,0,1,499,1.0,
159,0,1,499,1.0,
160,0,1,499,1.0,
161,0,1,499,1.0,
162,0,1,499,1.0,
163,0,1,499,1.0,
164,0,1,499,1.0,
165,0,1,499,1.0,
166,0,1,499,1.0,
167,0,1,499,1.0,
168,0,1,499,1.0,
169,0,1,499,1.0,
170,0,1,499,1.0,
171,0,1,499,1.0,
172,0,1,499,1.0,
173,0,1,499,1.0,
174,0,0,500,1.0,
175,0,0,500,1.0,
176,0,0,500,1.0,
177,0,0,500,1.0,
178,0,0,500,1.0,
179,0,0,500,1.0,
180,0,0,500,1.0,
181,0,0,500,1.0,
182,0,0,500,1.0,
183,0,0,500,1.0,
184,0,0,500,1.0,
185,0,0,500,1.0,
186,0,0,500,1.0,
187,0,0,500,1.0,
188,0,0,500,1.0,
189,0,0,500,1.0,
190,0,0,500,1.0,
191,0,0,500,1.0,
192,0,0,500,1.0,
193,0,0,500,1.0,
194,0,0,500,1.0,
195,0,0,500,1.0,
196,0,0,500,1.0,
197,0,0,500,1.0,
198,0,0,500,1.0,
199,0,0,500,1.0,
200,0,0,500,1.0,
1,495,5,0,0.993,1.0
2,490,10,0,0.9873333333333333,0.9970913024236786
3,488,11,1,0.9845,0.9956667217149694
4,484,15,1,0.9795,0.9929927489395096
5,478,21,1,0.9655,0.985493843236676
6,470,26,4,0.9588333333333333,0.9815414953965464
7,456,38,6,0.9386666666666666,0.969724190861419
8,444,47,9,0.9216666666666666,0.9590696541699868
9,431,58,11,0.908,0.9498843460813268
10,414,73,13,0.8785,0.9297559109326602
11,393,93,14,0.8465,0.9053792902579575
12,364,118,18,0.8158333333333333,0.876420053984371
13,335,139,26,0.8058333333333333,0.8575373827558058
14,302,163,35,0.7831666666666667,0.8223350691242229
15,279,178,43,0.7946666666666666,0.8174634660051804
16,254,194,52,0.7951666666666667,0.7999084579258819
17,231,209,60,0.7945,0.779206583009771
18,208,223,69,0.7945,0.7540496527817778
19,185,239,76,0.809,0.7427734540589946
20,161,251,88,0.823,0.7256200829376395
21,138,269,93,0.818,0.6700221502513115
22,120,277,103,0.8376666666666667,0.6617275856081144
23,108,276,116,0.8506666666666667,0.6546288772488809
24,97,274,129,0.8611666666666666,0.6405903752164523
25,83,273,144,0.8796666666666667,0.636294720573733
26,70,268,162,0.9023333333333333,0.6494910946404165
27,61,265,174,0.9148333333333334,0.6490800069349691
28,51,262,187,0.93,0.6524818507041359
29,47,258,195,0.9351666666666667,0.6508317105105048
30,38,257,205,0.9465,0.6428030909690206
31,29,254,217,0.9605,0.6544901534063533
32,27,249,224,0.9618333333333333,0.6410971710082728
33,24,245,231,0.9665,0.6443453010359687
34,22,239,239,0.9706666666666667,0.6613495873183979
35,18,231,251,0.9773333333333334,0.6816231007632167
36,18,217,265,0.9781666666666666,0.6934481402152757
37,16,210,274,0.9811666666666666,0.7031020014129824
38,13,205,282,0.9866666666666667,0.7377878559071054
39,13,201,286,0.9871666666666666,0.7475770531092776
40,12,193,295,0.9888333333333333,0.7616983060662649
41,9,183,308,0.9921666666666666,0.7805767415920402
42,9,176,315,0.9926666666666667,0.7953410546017233
43,9,169,322,0.9931666666666666,0.8098850047306649
44,9,157,334,0.9936666666666667,0.8246493177403481
45,9,153,338,0.9938333333333333,0.8291094624465568
46,8,149,343,0.9948333333333333,0.8374125521571641
47,8,144,348,0.9955,0.8592284773505764
48,8,135,357,0.9955,0.8592284773505764
49,8,133,359,0.9956666666666667,0.8646824586489296
50,8,126,366,0.9956666666666667,0.8646824586489296
51,8,121,371,0.9958333333333333,0.8701364399472827
52,7,116,377,0.9973333333333333,0.9034720708345456
53,7,110,383,0.9975,0.9099885160221883
54,7,105,388,0.9975,0.9099885160221883
55,7,103,390,0.9975,0.9099885160221883
56,7,102,391,0.9975,0.9099885160221883
57,7,96,397,0.9976666666666667,0.9162216375060205
58,7,94,399,0.9978333333333333,0.9224547589898525
59,6,92,402,0.9981666666666666,0.9241468311098323
60,5,90,405,0.9985,0.9257224257071343
61,5,88,407,0.9985,0.9257224257071343
62,4,85,411,0.999,0.9389937801997935
63,4,81,415,0.999,0.9389937801997935
64,4,79,417,0.999,0.9389937801997935
65,4,78,418,0.999,0.9389937801997935
66,3,76,421,0.9995,0.9605067064321864
67,3,73,424,0.9995,0.9605067064321864
68,3,67,430,0.9996666666666667,0.9750506565611279
69,3,66,431,0.9996666666666667,0.9750506565611279
70,3,64,433,0.9996666666666667,0.9750506565611279
71,3,60,437,0.9996666666666667,0.9750506565611279
72,2,59,439,0.9998333333333334,0.9826256305866184
73,1,58,441,0.9998333333333334,0.9599007085101471
74,1,54,445,0.9998333333333334,0.9599007085101471
75,1,51,448,0.9998333333333334,0.9599007085101471
76,1,47,452,0.9998333333333334,0.9599007085101471
77,0,44,456,1.0,
78,0,43,457,1.0,
79,0,41,459,1.0,
80,0,40,460,1.0,
81,0,35,465,1.0,
82,0,35,465,1.0,
83,0,35,465,1.0,
84,0,32,468,1.0,
85,0,32,468,1.0,
86,0,30,470,1.0,
87,0,29,471,1.0,
88,0,29,471,1.0,
89,0,29,471,1.0,
90,0,28,472,1.0,
91,0,28,472,1.0,
92,0,26,474,1.0,
93,0,24,476,1.0,
94,0,24,476,1.0,
95,0,24,476,1.0,
96,0,22,478,1.0,
97,0,22,478,1.0,
98,0,21,479,1.0,
99,0,18,482,1.0,
100,0,17,483,1.0,
101,0,17,483,1.0,
102,0,17,483,1.0,
103,0,17,483,1.0,
104,0,17,483,1.0,
105,0,17,483,1.0,
106,0,16,484,1.0,
107,0,16,484,1.0,
108,0,15,485,1.0,
109,0,15,485,1.0,
110,0,15,485,1.0,
111,0,15,485,1.0,
112,0,14,486,1.0,
113,0,13,487,1.0,
114,0,12,488,1.0,
115,0,11,489,1.0,
116,0,11,489,1.0,
117,0,11,489,1.0,
118,0,11,489,1.0,
119,0,11,489,1.0,
120,0,11,489,1.0,
121,0,11,489,1.0,
122,0,11,489,1.0,
123,0,11,489,1.0,
124,0,11,489,1.0,
125,0,11,489,1.0,
126,0,11,489,1.0,
127,0,11,489,1.0,
128,0,11,489,1.0,
129,0,11,489,1.0,
130,0,11,489,1.0,
131,0,9,491,1.0,
132,0,9,491,1.0,
133,0,9,491,1.0,
134,0,9,491,1.0,
135,0,8,492,1.0,
136,0,7,493,1.0,
137,0,7,493,1.0,
138,0,7,493,1.0,
139,0,6,494,1.0,
140,0,6,494,1.0,
141,0,6,494,1.0,
142,0,6,494,1.0,
143,0,6,494,1.0,
144,0,5,495,1.0,
145,0,5,495,1.0,
146,0,4,496,1.0,
147,0,4,496,1.0,
148,0,4,496,1.0,
149,0,4,496,1.0,
150,0,4,496,1.0,
151,0,4,496,1.0,
152,0,4,496,1.0,
153,0,3,497,1.0,
154,0,3,497,1.0,
155,0,3,497,1.0,
156,0,3,497,1.0,
157,0,3,497,1.0,
158,0,3,497,1.0,
159,0,3,497,1.0,
160,0,3,497,1.0,
161,0,3,497,1.0,
162,0,3,497,1.0,
163,0,3,497,1.0,
164,0,3,497,1.0,
165,0,3,497,1.0,
166,0,3,497,1.0,
167,0,3,497,1.0,
168,0,3,497,1.0,
169,0,3,497,1.0,
170,0,3,497,1.0,
171,0,3,497,1.0,
172,0,2,498,1.0,
173,0,2,498,1.0,
174,0,2,498,1.0,
175,0,2,498,1.0,
176,0,2,498,1.0,
177,0,2,498,1.0,
178,0,2,498,1.0,
179,0,2,498,1.0,
180,0,2,498,1.0,
181,0,2,498,1.0,
182,0,2,498,1.0,
183,0,2,498,1.0,
184,0,2,498,1.0,
185,0,2,498,1.0,
186,0,2,498,1.0,
187,0,2,498,1.0,
188,0,2,498,1.0,
189,0,2,498,1.0,
190,0,2,498,1.0,
191,0,2,498,1.0,
192,0,2,498,1.0,
193,0,2,498,1.0,
194,0,2,498,1.0,
195,0,2,498,1.0,
196,0,2,498,1.0,
197,0,2,498,1.0,
198,0,2,498,1.0,
199,0,2,498,1.0,
200,0,2,498,1.0,
1,497,3,0,0.9941666666666666,0.9994094575331498
2,496,3,1,0.9945,0.9995871629610137
3,495,4,1,0.9936666666666667,0.9991556467679855
4,495,3,2,0.9953333333333333,1.0
5,492,6,2,0.9908333333333333,0.9976551694847207
6,485,13,2,0.9785,0.9912473983715187
7,478,20,2,0.9668333333333333,0.984960791588852
8,475,22,3,0.9655,0.9841311366753828
9,469,27,4,0.9595,0.9807769508863262
10,457,38,5,0.9511666666666667,0.9757881171679277
11,451,44,5,0.9401666666666667,0.9693158645262977
12,437,58,5,0.9215,0.9574616418796315
13,418,76,6,0.8951666666666667,0.939869517918993
14,393,94,13,0.8691666666666666,0.9191765835538964
15,372,109,19,0.8526666666666667,0.9033944764276419
16,354,120,26,0.8388333333333333,0.8886043918579165
17,328,138,34,0.8215,0.8663431849317755
18,300,159,41,0.805,0.8397949580539293
19,275,178,47,0.7828333333333334,0.8045621770424061
20,240,200,60,0.771,0.7632541084151799
21,213,217,70,0.7718333333333334,0.7334269986992579
22,187,236,77,0.7776666666666666,0.7038178915164556
23,159,249,92,0.7981666666666667,0.6839584162738886
24,130,268,102,0.8153333333333334,0.647381943730257
25,114,277,109,0.8315,0.6324172574997606
26,93,281,126,0.858,0.6208878704848743
27,78,277,145,0.881,0.6201774384949744
28,66,280,154,0.8978333333333334,0.6128797953063372
29,53,278,169,0.917,0.6080086606911352
30,45,278,177,0.9275,0.5964637564488037
31,41,270,189,0.935,0.6019522396699026
32,35,262,203,0.9456666666666667,0.6085436673910881
33,30,256,214,0.9546666666666667,0.619926554028182
34,27,246,227,0.9621666666666666,0.6463594803471404
35,23,242,235,0.9676666666666667,0.6445011962905535
36,18,240,242,0.974,0.6372365515699566
37,16,237,247,0.9773333333333334,0.644419729197689
38,12,235,253,0.9825,0.6337264839109745
39,10,228,262,0.9855,0.635370592107314
40,10,223,267,0.9856666666666667,0.6395472351149969
41,10,213,277,0.9865,0.6606265707815985
42,9,210,281,0.9875,0.6534498448616303
43,8,200,292,0.9893333333333333,0.6644675838875087
44,8,194,298,0.9901666666666666,0.6908167534707608
45,7,189,304,0.9913333333333333,0.6883315211717793
46,7,180,313,0.9916666666666667,0.7005242057283693
47,5,175,320,0.9936666666666667,0.6843738276484742
48,4,170,326,0.995,0.6892732114896606
49,4,159,337,0.9958333333333333,0.741517567720547
50,4,150,346,0.996,0.752413158175372
51,4,143,353,0.9965,0.7829026521314576
52,4,140,356,0.9965,0.7829026521314576
53,3,137,360,0.9975,0.7899303079748197
54,3,128,369,0.9975,0.7899303079748197
55,3,120,377,0.9978333333333333,0.8183799052735298
56,3,115,382,0.9978333333333333,0.8183799052735298
57,3,105,392,0.9983333333333333,0.8607516459311829
58,3,101,396,0.9983333333333333,0.8607516459311829
59,3,96,401,0.9983333333333333,0.8607516459311829
60,3,91,406,0.9983333333333333,0.8607516459311829
61,3,89,408,0.9986666666666667,0.8892012432298928
62,3,86,411,0.999,0.9176508405286028
63,3,81,416,0.999,0.9176508405286028
64,3,80,417,0.999,0.9176508405286028
65,3,77,420,0.999,0.9176508405286028
66,3,73,424,0.999,0.9176508405286028
67,3,72,425,0.999,0.9176508405286028
68,3,68,429,0.999,0.9176508405286028
69,3,68,429,0.999,0.9176508405286028
70,3,67,430,0.999,0.9176508405286028
71,3,63,434,0.999,0.9176508405286028
72,3,62,435,0.999,0.9176508405286028
73,2,62,436,0.9991666666666666,0.8952543490381291
74,2,59,439,0.9991666666666666,0.8952543490381291
75,2,59,439,0.9991666666666666,0.8952543490381291
76,2,56,442,0.9993333333333333,0.9170455299477792
77,2,53,445,0.9993333333333333,0.9170455299477792
78,2,51,447,0.9993333333333333,0.9170455299477792
79,1,50,449,0.9996666666666667,0.9188614616902501
80,1,47,452,0.9996666666666667,0.9188614616902501
81,1,45,454,0.9996666666666667,0.9188614616902501
82,1,41,458,0.9996666666666667,0.9188614616902501
83,0,38,462,1.0,
84,0,38,462,1.0,
85,0,37,463,1.0,
86,0,34,466,1.0,
87,0,33,467,1.0,
88,0,31,469,1.0,
89,0,29,471,1.0,
90,0,28,472,1.0,
91,0,27,473,1.0,
92,0,25,475,1.0,
93,0,25,475,1.0,
94,0,25,475,1.0,
95,0,25,475,1.0,
96,0,25,475,1.0,
97,0,25,475,1.0,
98,0,24,476,1.0,
99,0,23,477,1.0,
100,0,22,478,1.0,
101,0,22,478,1.0,
102,0,21,479,1.0,
103,0,20,480,1.0,
104,0,19,481,1.0,
105,0,19,481,1.0,
106,0,18,482,1.0,
107,0,18,482,1.0,
108,0,17,483,1.0,
109,0,14,486,1.0,
110,0,14,486,1.0,
111,0,13,487,1.0,
112,0,13,487,1.0,
113,0,13,487,1.0,
114,0,13,487,1.0,
115,0,12,488,1.0,
116,0,11,489,1.0,
117,0,11,489,1.0,
118,0,11,489,1.0,
119,0,10,490,1.0,
120,0,10,490,1.0,
121,0,9,491,1.0,
122,0,7,493,1.0,
123,0,7,493,1.0,
124,0,7,493,1.0,
125,0,7,493,1.0,
126,0,6,494,1.0,
127,0,6,494,1.0,
128,0,6,494,1.0,
129,0,6,494,1.0,
130,0,5,495,1.0,
131,0,5,495,1.0,
132,0,5,495,1.0,
133,0,5,495,1.0,
134,0,5,495,1.0,
135,0,5,495,1.0,
136,0,5,495,1.0,
137,0,5,495,1.0,
138,0,5,495,1.0,
139,0,5,495,1.0,
140,0,5,495,1.0,
141,0,5,495,1.0,
142,0,5,495,1.0,
143,0,5,495,1.0,
144,0,5,495,1.0,
145,0,5,495,1.0,
146,0,5,495,1.0,
147,0,5,495,1.0,
148,0,4,496,1.0,
149,0,4,496,1.0,
150,0,4,496,1.0,
151,0,4,496,1.0,
152,0,4,496,1.0,
153,0,4,496,1.0,
154,0,4,496,1.0,
155,0,4,496,1.0,
156,0,4,496,1.0,
157,0,4,496,1.0,
158,0,4,496,1.0,
159,0,4,496,1.0,
160,0,4,496,1.0,
161,0,4,496,1.0,
162,0,4,496,1.0,
163,0,4,496,1.0,
164,0,4,496,1.0,
165,0,4,496,1.0,
166,0,4,496,1.0,
167,0,4,496,1.0,
168,0,3,497,1.0,
169,0,3,497,1.0,
170,0,3,497,1.0,
171,0,3,497,1.0,
172,0,2,498,1.0,
173,0,2,498,1.0,
174,0,2,498,1.0,
175,0,2,498,1.0,
176,0,2,498,1.0,
177,0,2,498,1.0,
178,0,2,498,1.0,
179,0,2,498,1.0,
180,0,2,498,1.0,
181,0,2,498,1.0,
182,0,2,498,1.0,
183,0,2,498,1.0,
184,0,2,498,1.0,
185,0,2,498,1.0,
186,0,2,498,1.0,
187,0,2,498,1.0,
188,0,2,498,1.0,
189,0,2,498,1.0,
190,0,2,498,1.0,
191,0,2,498,1.0,
192,0,1,499,1.0,
193,0,1,499,1.0,
194,0,1,499,1.0,
195,0,1,499,1.0,
196,0,1,499,1.0,
197,0,1,499,1.0,
198,0,1,499,1.0,
199,0,1,499,1.0,
200,0,1,499,1.0,
1,496,2,2,0.9975,1.0
2,493,4,3,0.9943333333333333,0.9983653986952068
3,492,5,3,0.9943333333333333,0.9983595376340081
4,489,7,4,0.991,0.9966499783235127
5,482,14,4,0.9815,0.9916663015851139
6,472,24,4,0.9691666666666666,0.9848864367884014
7,463,29,8,0.9596666666666667,0.9794394613421594
8,455,36,9,0.947,0.9720552702948113
9,443,46,11,0.931,0.9622397359391663
10,419,66,15,0.9011666666666667,0.9420075773946764
11,400,79,21,0.8825,0.9275374190237794
12,390,87,23,0.8698333333333333,0.9175159045277796
13,364,108,28,0.8425,0.8925732212554828
14,351,114,35,0.8366666666666667,0.8845779451779862
15,320,139,41,0.8025,0.8466287483434913
16,294,161,45,0.789,0.8213881654886567
17,258,193,49,0.7728333333333334,0.7809248552338363
18,237,211,52,0.7643333333333333,0.7526955635276329
19,214,231,55,0.7666666666666667,0.7287237569099109
20,187,250,63,0.7638333333333334,0.6854314835703427
21,158,264,78,0.7835,0.6587365771036521
22,142,270,88,0.8013333333333333,0.6519192066206217
23,119,281,100,0.826,0.6350715334631611
24,92,297,111,0.8511666666666666,0.5963070246282635
25,77,302,121,0.8688333333333333,0.5755790202350345
26,65,304,131,0.8878333333333334,0.5695473302486744
27,44,311,145,0.9225,0.5604717794074648
28,37,306,157,0.9351666666666667,0.56276024569985
29,24,314,162,0.9558333333333333,0.5388094650086663
30,19,305,176,0.965,0.5401660146024226
31,13,300,187,0.977,0.5568811329610227
32,10,296,194,0.9828333333333333,0.5675636556896214
33,6,284,210,0.9903333333333333,0.5970975258075912
34,5,276,219,0.9925,0.6247358688953193
35,4,260,236,0.9936666666666667,0.6067895681530647
36,4,256,240,0.9936666666666667,0.6067895681530647
37,3,246,251,0.996,0.6688778918247216
38,3,238,259,0.9961666666666666,0.6822278790354547
39,2,232,266,0.9976666666666667,0.7104514933016243
40,2,225,273,0.9976666666666667,0.7104514933016243
41,2,219,279,0.9976666666666667,0.7104514933016243
42,2,215,283,0.9978333333333333,0.7322177767973849
43,2,212,286,0.9978333333333333,0.7322177767973849
44,2,206,292,0.9978333333333333,0.7322177767973849
45,2,200,298,0.9978333333333333,0.7322177767973849
46,2,192,306,0.9978333333333333,0.7322177767973849
47,2,188,310,0.9978333333333333,0.7322177767973849
48,1,184,315,0.9986666666666667,0.68084934774739
49,1,178,321,0.9986666666666667,0.68084934774739
50,1,170,329,0.9986666666666667,0.68084934774739
51,1,161,338,0.999,0.7609492710117888
52,0,154,346,1.0,
53,0,148,352,1.0,
54,0,144,356,1.0,
55,0,136,364,1.0,
56,0,135,365,1.0,
57,0,125,375,1.0,
58,0,119,381,1.0,
59,0,115,385,1.0,
60,0,110,390,1.0,
61,0,105,395,1.0,
62,0,96,404,1.0,
63,0,91,409,1.0,
64,0,87,413,1.0,
65,0,86,414,1.0,
66,0,82,418,1.0,
67,0,80,420,1.0,
68,0,79,421,1.0,
69,0,77,423,1.0,
70,0,74,426,1.0,
71,0,69,431,1.0,
72,0,65,435,1.0,
73,0,61,439,1.0,
74,0,57,443,1.0,
75,0,55,445,1.0,
76,0,54,446,1.0,
77,0,50,450,1.0,
78,0,49,451,1.0,
79,0,48,452,1.0,
80,0,46,454,1.0,
81,0,45,455,1.0,
82,0,43,457,1.0,
83,0,41,459,1.0,
84,0,41,459,1.0,
85,0,36,464,1.0,
86,0,35,465,1.0,
87,0,34,466,1.0,
88,0,33,467,1.0,
89,0,32,468,1.0,
90,0,30,470,1.0,
91,0,27,473,1.0,
92,0,26,474,1.0,
93,0,24,476,1.0,
94,0,24,476,1.0,
95,0,23,477,1.0,
96,0,21,479,1.0,
97,0,19,481,1.0,
98,0,19,481,1.0,
99,0,19,481,1.0,
100,0,19,481,1.0,
101,0,16,484,1.0,
102,0,16,484,1.0,
103,0,16,484,1.0,
104,0,15,485,1.0,
105,0,15,485,1.0,
106,0,13,487,1.0,
107,0,13,487,1.0,
108,0,11,489,1.0,
109,0,11,489,1.0,
110,0,10,490,1.0,
111,0,10,490,1.0,
112,0,10,490,1.0,
113,0,8,492,1.0,
114,0,7,493,1.0,
115,0,7,493,1.0,
116,0,7,493,1.0,
117,0,7,493,1.0,
118,0,6,494,1.0,
119,0,6,494,1.0,
120,0,6,494,1.0,
121,0,6,494,1.0,
122,0,6,494,1.0,
123,0,6,494,1.0,
124,0,6,494,1.0,
125,0,5,495,1.0,
126,0,5,495,1.0,
127,0,5,495,1.0,
128,0,5,495,1.0,
129,0,5,495,1.0,
130,0,5,495,1.0,
131,0,5,495,1.0,
132,0,5,495,1.0,
133,0,5,495,1.0,
134,0,5,495,1.0,
135,0,5,495,1.0,
136,0,5,495,1.0,
137,0,5,495,1.0,
138,0,5,495,1.0,
139,0,5,495,1.0,
140,0,3,497,1.0,
141,0,2,498,1.0,
142,0,2,498,1.0,
143,0,2,498,1.0,
144,0,2,498,1.0,
145,0,2,498,1.0,
146,0,2,498,1.0,
147,0,2,498,1.0,
148,0,2,498,1.0,
149,0,2,498,1.0,
150,0,2,498,1.0,
151,0,2,498,1.0,
152,0,2,498,1.0,
153,0,2,498,1.0,
154,0,2,498,1.0,
155,0,2,498,1.0,
156,0,2,498,1.0,
157,0,2,498,1.0,
158,0,2,498,1.0,
159,0,2,498,1.0,
160,0,2,498,1.0,
161,0,2,498,1.0,
162,0,2,498,1.0,
163,0,1,499,1.0,
164,0,1,499,1.0,
165,0,1,499,1.0,
166,0,1,499,1.0,
167,0,1,499,1.0,
168,0,1,499,1.0,
169,0,1,499,1.0,
170,0,1,499,1.0,
171,0,0,500,1.0,
172,0,0,500,1.0,
173,0,0,500,1.0,
174,0,0,500,1.0,
175,0,0,500,1.0,
176,0,0,500,1.0,
177,0,0,500,1.0,
178,0,0,500,1.0,
179,0,0,500,1.0,
180,0,0,500,1.0,
181,0,0,500,1.0,
182,0,0,500,1.0,
183,0,0,500,1.0,
184,0,0,500,1.0,
185,0,0,500,1.0,
186,0,0,500,1.0,
187,0,0,500,1.0,
188,0,0,500,1.0,
189,0,0,500,1.0,
190,0,0,500,1.0,
191,0,0,500,1.0,
192,0,0,500,1.0,
193,0,0,500,1.0,
194,0,0,500,1.0,
195,0,0,500,1.0,
196,0,0,500,1.0,
197,0,0,500,1.0,
198,0,0,500,1.0,
199,0,0,500,1.0,
200,0,0,500,1.0,
1,497,3,0,0.9958333333333333,1.0
2,495,5,0,0.9916666666666667,0.9978858450375113
3,495,5,0,0.9916666666666667,0.9978858450375113
4,490,10,0,0.9826666666666667,0.9932108892559893
5,486,14,0,0.9765,0.9899839916657581
6,478,22,0,0.965,0.9837324843759515
7,466,32,2,0.9523333333333334,0.9765505948776654
8,459,36,5,0.9503333333333334,0.9749892211904997
9,450,43,7,0.94,0.9687283365237498
10,436,56,8,0.9225,0.9575840363023489
11,417,72,11,0.8965,0.9399313427625926
12,394,93,13,0.8643333333333333,0.9159210355551678
13,362,120,18,0.8241666666666667,0.8804234523941508
14,327,147,26,0.7938333333333333,0.844253057864223
15,297,169,34,0.7685,0.806717837931109
16,259,200,41,0.748,0.7583363235346444
17,230,221,49,0.7371666666666666,0.7155105220785669
18,203,239,58,0.7425,0.683779827179462
19,166,261,73,0.7718333333333334,0.6574442760250953
20,149,260,91,0.7861666666666667,0.6416177488420017
21,129,269,102,0.8061666666666667,0.624933706781324
22,114,269,117,0.8303333333333334,0.627957949330844
23,94,279,127,0.8531666666666666,0.6108477051571064
24,76,287,137,0.8783333333333333,0.6032469837435214
25,63,284,153,0.9003333333333333,0.6083229666279968
26,52,289,159,0.916,0.599396111408798
27,47,283,170,0.9265,0.6117427633244782
28,41,277,182,0.936,0.6139533821245838
29,36,267,197,0.9471666666666667,0.6368403781750916
30,30,265,205,0.9553333333333334,0.6311113997148199
31,23,263,214,0.9656666666666667,0.6297849920645796
32,20,257,223,0.9708333333333333,0.6411893923996795
33,16,250,234,0.9786666666666667,0.6703380572237035
34,12,239,249,0.9845,0.6810514534422881
35,9,225,266,0.9896666666666667,0.7202926997653971
36,7,216,277,0.9925,0.7413461228131548
37,6,210,284,0.9936666666666667,0.7466008750246658
38,4,201,295,0.9958333333333333,0.7545540135069524
39,4,193,303,0.9961666666666666,0.7739397885575263
40,3,185,312,0.9968333333333333,0.7555481558172382
41,2,178,320,0.9985,0.8142025521241028
42,1,174,325,0.9993333333333333,0.8350795406401055
43,1,164,335,0.9993333333333333,0.8350795406401055
44,0,155,345,1.0,
45,0,149,351,1.0,
46,0,142,358,1.0,
47,0,134,366,1.0,
48,0,129,371,1.0,
49,0,124,376,1.0,
50,0,119,381,1.0,
51,0,116,384,1.0,
52,0,115,385,1.0,
53,0,109,391,1.0,
54,0,102,398,1.0,
55,0,96,404,1.0,
56,0,91,409,1.0,
57,0,84,416,1.0,
58,0,82,418,1.0,
59,0,79,421,1.0,
60,0,78,422,1.0,
61,0,71,429,1.0,
62,0,66,434,1.0,
63,0,62,438,1.0,
64,0,61,439,1.0,
65,0,59,441,1.0,
66,0,56,444,1.0,
67,0,54,446,1.0,
68,0,52,448,1.0,
69,0,50,450,1.0,
70,0,50,450,1.0,
71,0,49,451,1.0,
72,0,47,453,1.0,
73,0,45,455,1.0,
74,0,42,458,1.0,
75,0,41,459,1.0,
76,0,40,460,1.0,
77,0,40,460,1.0,
78,0,39,461,1.0,
79,0,36,464,1.0,
80,0,36,464,1.0,
81,0,36,464,1.0,
82,0,36,464,1.0,
83,0,35,465,1.0,
84,0,35,465,1.0,
85,0,31,469,1.0,
86,0,29,471,1.0,
87,0,27,473,1.0,
88,0,26,474,1.0,
89,0,25,475,1.0,
90,0,25,475,1.0,
91,0,24,476,1.0,
92,0,23,477,1.0,
93,0,22,478,1.0,
94,0,20,480,1.0,
95,0,20,480,1.0,
96,0,20,480,1.0,
97,0,19,481,1.0,
98,0,18,482,1.0,
99,0,17,483,1.0,
100,0,17,483,1.0,
101,0,17,483,1.0,
102,0,16,484,1.0,
103,0,16,484,1.0,
104,0,16,484,1.0,
105,0,15,485,1.0,
106,0,14,486,1.0,
107,0,13,487,1.0,
108,0,12,488,1.0,
109,0,12,488,1.0,
110,0,12,488,1.0,
111,0,12,488,1.0,
112,0,12,488,1.0,
113,0,12,488,1.0,
114,0,12,488,1.0,
115,0,12,488,1.0,
116,0,12,488,1.0,
117,0,12,488,1.0,
118,0,12,488,1.0,
119,0,12,488,1.0,
120,0,10,490,1.0,
121,0,9,491,1.0,
122,0,8,492,1.0,
123,0,8,492,1.0,
124,0,8,492,1.0,
125,0,8,492,1.0,
126,0,8,492,1.0,
127,0,8,492,1.0,
128,0,8,492,1.0,
129,0,8,492,1.0,
130,0,8,492,1.0,
131,0,8,492,1.0,
132,0,8,492,1.0,
133,0,8,492,1.0,
134,0,8,492,1.0,
135,0,8,492,1.0,
136,0,8,492,1.0,
137,0,6,494,1.0,
138,0,6,494,1.0,
139,0,6,494,1.0,
140,0,6,494,1.0,
141,0,5,495,1.0,
142,0,5,495,1.0,
143,0,5,495,1.0,
144,0,5,495,1.0,
145,0,5,495,1.0,
146,0,5,495,1.0,
147,0,5,495,1.0,
148,0,4,496,1.0,
149,0,4,496,1.0,
150,0,3,497,1.0,
151,0,3,497,1.0,
152,0,3,497,1.0,
153,0,3,497,1.0,
154,0,3,497,1.0,
155,0,3,497,1.0,
156,0,3,497,1.0,
157,0,3,497,1.0,
158,0,3,497,1.0,
159,0,3,497,1.0,
160,0,3,497,1.0,
161,0,3,497,1.0,
162,0,3,497,1.0,
163,0,3,497,1.0,
164,0,3,497,1.0,
165,0,3,497,1.0,
166,0,3,497,1.0,
167,0,3,497,1.0,
168,0,3,497,1.0,
169,0,3,497,1.0,
170,0,3,497,1.0,
171,0,2,498,1.0,
172,0,2,498,1.0,
173,0,2,498,1.0,
174,0,2,498,1.0,
175,0,2,498,1.0,
176,0,2,498,1.0,
177,0,2,498,1.0,
178,0,2,498,1.0,
179,0,2,498,1.0,
180,0,2,498,1.0,
181,0,2,498,1.0,
182,0,2,498,1.0,
183,0,2,498,1.0,
184,0,1,499,1.0,
185,0,1,499,1.0,
186,0,1,499,1.0,
187,0,0,500,1.0,
188,0,0,500,1.0,
189,0,0,500,1.0,
190,0,0,500,1.0,
191,0,0,500,1.0,
192,0,0,500,1.0,
193,0,0,500,1.0,
194,0,0,500,1.0,
195,0,0,500,1.0,
196,0,0,500,1.0,
197,0,0,500,1.0,
198,0,0,500,1.0,
199,0,0,500,1.0,
200,0,0,500,1.0,
1,497,3,0,0.9951666666666666,0.9976348461266666
2,495,4,1,0.9935,0.9967790347553194
3,492,7,1,0.9883333333333333,0.9941496814393598
4,487,11,2,0.9836666666666667,0.9916916396931574
5,481,17,2,0.9756666666666667,0.987425165987039
6,469,29,2,0.9528333333333333,0.9748930630672542
7,461,36,3,0.9423333333333334,0.9687231728663399
8,450,47,3,0.923,0.9571714266409918
9,424,72,4,0.8771666666666667,0.9276572810981137
10,403,88,9,0.8643333333333333,0.9160016251315205
11,375,114,11,0.8353333333333334,0.8908782975264135
12,348,137,15,0.7983333333333333,0.8558959310258661
13,316,161,23,0.7841666666666667,0.8302516233893503
14,279,188,33,0.7838333333333334,0.8071552296680861
15,251,205,44,0.7895,0.7904515985903479
16,227,221,52,0.7953333333333333,0.7748988288520945
17,197,238,65,0.8076666666666666,0.7567306795479384
18,169,257,74,0.8093333333333333,0.7179206553196776
19,148,267,85,0.8251666666666667,0.7047270346726869
20,129,280,91,0.8373333333333334,0.6861692400148752
21,108,285,107,0.8666666666666667,0.6922891899804138
22,95,285,120,0.881,0.6862063664786777
23,81,291,128,0.8925,0.6686834662921619
24,72,289,139,0.9026666666666666,0.6617856316165495
25,58,292,150,0.919,0.6511047283273671
26,52,284,164,0.927,0.649013573909059
27,46,281,173,0.932,0.6289511946080945
28,39,276,185,0.9436666666666667,0.6368486540504377
29,32,272,196,0.951,0.6155983064339043
30,28,264,208,0.958,0.6241535698600915
31,24,260,216,0.9635,0.6210953435319377
32,18,255,227,0.972,0.6136343710860619
33,15,249,236,0.9766666666666667,0.6154578636607622
34,11,247,242,0.9835,0.6214361001317523
35,9,244,247,0.9866666666666667,0.6278743961352657
36,9,231,260,0.9873333333333333,0.6465942028985507
37,9,222,269,0.9873333333333333,0.6465942028985507
38,7,204,289,0.9918333333333333,0.708447204968944
39,6,197,297,0.9941666666666666,0.7567995169082126
40,5,187,308,0.9946666666666667,0.733159420289855
41,5,176,319,0.9948333333333333,0.7414927536231884
42,5,162,333,0.9953333333333333,0.7661594202898551
43,4,155,341,0.9965,0.7833333333333333
44,4,146,350,0.9965,0.7833333333333333
45,4,139,357,0.9968333333333333,0.8041666666666666
46,4,128,368,0.997,0.8145833333333333
47,4,123,373,0.9971666666666666,0.8250000000000001
48,3,121,376,0.9978333333333333,0.8222222222222223
49,3,117,380,0.998,0.8361111111111111
50,3,111,386,0.998,0.8361111111111111
51,3,108,389,0.998,0.8361111111111111
52,2,108,390,0.9988333333333334,0.8541666666666666
53,2,105,393,0.9988333333333334,0.8541666666666666
54,1,101,398,0.9996666666666667,0.9166666666666666
55,1,97,402,0.9996666666666667,0.9166666666666666
56,1,92,407,0.9996666666666667,0.9166666666666666
57,1,87,412,0.9996666666666667,0.9166666666666666
58,1,84,415,0.9996666666666667,0.9166666666666666
59,1,78,421,0.9996666666666667,0.9166666666666666
60,1,74,425,0.9998333333333334,0.9583333333333334
61,1,71,428,0.9998333333333334,0.9583333333333334
62,1,68,431,0.9998333333333334,0.9583333333333334
63,1,67,432,0.9998333333333334,0.9583333333333334
64,1,64,435,1.0,1.0
65,1,63,436,1.0,1.0
66,1,58,441,1.0,1.0
67,1,54,445,1.0,1.0
68,1,52,447,1.0,1.0
69,1,50,449,1.0,1.0
70,1,50,449,1.0,1.0
71,1,49,450,1.0,1.0
72,1,45,454,1.0,1.0
73,1,43,456,1.0,1.0
74,1,42,457,1.0,1.0
75,1,41,458,1.0,1.0
76,1,38,461,1.0,1.0
77,1,37,462,1.0,1.0
78,1,37,462,1.0,1.0
79,1,35,464,1.0,1.0
80,0,35,465,1.0,
81,0,32,468,1.0,
82,0,31,469,1.0,
83,0,30,470,1.0,
84,0,29,471,1.0,
85,0,29,471,1.0,
86,0,27,473,1.0,
87,0,24,476,1.0,
88,0,20,480,1.0,
89,0,20,480,1.0,
90,0,20,480,1.0,
91,0,20,480,1.0,
92,0,20,480,1.0,
93,0,19,481,1.0,
94,0,19,481,1.0,
95,0,19,481,1.0,
96,0,18,482,1.0,
97,0,17,483,1.0,
98,0,16,484,1.0,
99,0,16,484,1.0,
100,0,16,484,1.0,
101,0,16,484,1.0,
102,0,15,485,1.0,
103,0,15,485,1.0,
104,0,15,485,1.0,
105,0,15,485,1.0,
106,0,14,486,1.0,
107,0,14,486,1.0,
108,0,14,486,1.0,
109,0,14,486,1.0,
110,0,13,487,1.0,
111,0,13,487,1.0,
112,0,13,487,1.0,
113,0,13,487,1.0,
114,0,13,487,1.0,
115,0,12,488,1.0,
116,0,11,489,1.0,
117,0,10,490,1.0,
118,0,10,490,1.0,
119,0,9,491,1.0,
120,0,9,491,1.0,
121,0,9,491,1.0,
122,0,9,491,1.0,
123,0,9,491,1.0,
124,0,8,492,1.0,
125,0,7,493,1.0,
126,0,7,493,1.0,
127,0,6,494,1.0,
128,0,6,494,1.0,
129,0,5,495,1.0,
130,0,5,495,1.0,
131,0,5,495,1.0,
132,0,4,496,1.0,
133,0,4,496,1.0,
134,0,3,497,1.0,
135,0,3,497,1.0,
136,0,3,497,1.0,
137,0,3,497,1.0,
138,0,3,497,1.0,
139,0,3,497,1.0,
140,0,3,497,1.0,
141,0,3,497,1.0,
142,0,3,497,1.0,
143,0,3,497,1.0,
144,0,3,497,1.0,
145,0,3,497,1.0,
146,0,3,497,1.0,
147,0,3,497,1.0,
148,0,3,497,1.0,
149,0,3,497,1.0,
150,0,3,497,1.0,
151,0,3,497,1.0,
152,0,3,497,1.0,
153,0,3,497,1.0,
154,0,3,497,1.0,
155,0,3,497,1.0,
156,0,3,497,1.0,
157,0,3,497,1.0,
158,0,3,497,1.0,
159,0,3,497,1.0,
160,0,3,497,1.0,
161,0,3,497,1.0,
162,0,3,497,1.0,
163,0,3,497,1.0,
164,0,3,497,1.0,
165,0,3,497,1.0,
166,0,3,497,1.0,
167,0,3,497,1.0,
168,0,3,497,1.0,
169,0,3,497,1.0,
170,0,3,497,1.0,
171,0,3,497,1.0,
172,0,3,497,1.0,
173,0,3,497,1.0,
174,0,3,497,1.0,
175,0,3,497,1.0,
176,0,3,497,1.0,
177,0,3,497,1.0,
178,0,3,497,1.0,
179,0,3,497,1.0,
180,0,3,497,1.0,
181,0,3,497,1.0,
182,0,3,497,1.0,
183,0,3,497,1.0,
184,0,3,497,1.0,
185,0,2,498,1.0,
186,0,2,498,1.0,
187,0,2,498,1.0,
188,0,2,498,1.0,
189,0,2,498,1.0,
190,0,2,498,1.0,
191,0,2,498,1.0,
192,0,2,498,1.0,
193,0,2,498,1.0,
194,0,2,498,1.0,
195,0,2,498,1.0,
196,0,2,498,1.0,
197,0,2,498,1.0,
198,0,2,498,1.0,
199,0,1,499,1.0,
200,0,1,499,1.0,
1,499,1,0,1.0,1.0
2,498,2,0,0.9983333333333333,0.9991758673489947
3,496,4,0,0.994,0.9970063984895682
4,494,6,0,0.9896666666666667,0.9948108422932397
5,489,11,0,0.982,0.9908650520155811
6,485,15,0,0.9771666666666666,0.9882930808255775
7,480,20,0,0.9691666666666666,0.9840120483548925
8,468,32,0,0.9535,0.9751813483562833
9,454,45,1,0.934,0.9637757820222865
10,443,56,1,0.9158333333333334,0.9526433533460721
11,421,73,6,0.8936666666666667,0.9372640441095466
12,394,98,8,0.8655,0.9150747892951601
13,367,117,16,0.8376666666666667,0.8896222677575597
14,343,132,25,0.8291666666666667,0.8760333873719602
15,318,151,31,0.8228333333333333,0.8613378055926593
16,291,173,36,0.8001666666666667,0.828801823429046
17,258,203,39,0.7778333333333334,0.7848197536089346
18,233,216,51,0.7915,0.7766551513976406
19,213,226,61,0.8046666666666666,0.7718615871136794
20,185,246,69,0.7955,0.7249983767375071
21,154,260,86,0.8198333333333333,0.7077918927382506
22,135,269,96,0.8365,0.6959773776053969
23,124,262,114,0.857,0.7108103386276599
24,114,262,124,0.8623333333333333,0.6969403467820707
25,104,263,133,0.8733333333333333,0.694263815275521
26,95,265,140,0.8813333333333333,0.6871683001293984
27,77,268,155,0.8993333333333333,0.6728190208060337
28,66,265,169,0.9073333333333333,0.6485744953333886
29,61,259,180,0.9155,0.651877013459337
30,50,265,185,0.9288333333333333,0.641261639809466
31,44,261,195,0.9366666666666666,0.6373423924560288
32,36,257,207,0.9495,0.646489913066
33,30,260,210,0.9568333333333333,0.6364539035843383
34,25,259,216,0.963,0.6251103070842202
35,21,252,227,0.969,0.6256754598058946
36,19,244,237,0.9726666666666667,0.6344470670443211
37,14,239,247,0.9803333333333333,0.6452102245580507
38,12,225,263,0.984,0.6650459866220736
39,7,222,271,0.9905,0.6551345755693582
40,5,218,277,0.9931666666666666,0.6577101449275362
41,5,205,290,0.9936666666666667,0.6823768115942028
42,4,198,298,0.9948333333333333,0.6758876811594203
43,4,189,307,0.9951666666666666,0.6963043478260869
44,4,183,313,0.9953333333333333,0.7071739130434782
45,4,169,327,0.9955,0.7180434782608696
46,4,160,336,0.9958333333333333,0.7388768115942029
47,3,156,341,0.9971666666666666,0.7677777777777778
48,2,151,347,0.9983333333333333,0.7916666666666666
49,2,145,353,0.9985,0.8125
50,2,140,358,0.9986666666666667,0.8333333333333333
51,2,137,361,0.9986666666666667,0.8333333333333333
52,1,136,363,0.9991666666666666,0.7916666666666666
53,0,130,370,1.0,
54,0,128,372,1.0,
55,0,126,374,1.0,
56,0,118,382,1.0,
57,0,111,389,1.0,
58,0,101,399,1.0,
59,0,93,407,1.0,
60,0,93,407,1.0,
61,0,91,409,1.0,
62,0,86,414,1.0,
63,0,84,416,1.0,
64,0,81,419,1.0,
65,0,80,420,1.0,
66,0,75,425,1.0,
67,0,73,427,1.0,
68,0,71,429,1.0,
69,0,67,433,1.0,
70,0,64,436,1.0,
71,0,60,440,1.0,
72,0,58,442,1.0,
73,0,55,445,1.0,
74,0,53,447,1.0,
75,0,51,449,1.0,
76,0,50,450,1.0,
77,0,49,451,1.0,
78,0,49,451,1.0,
79,0,47,453,1.0,
80,0,46,454,1.0,
81,0,42,458,1.0,
82,0,40,460,1.0,
83,0,40,460,1.0,
84,0,40,460,1.0,
85,0,40,460,1.0,
86,0,38,462,1.0,
87,0,38,462,1.0,
88,0,38,462,1.0,
89,0,37,463,1.0,
90,0,37,463,1.0,
91,0,34,466,1.0,
92,0,34,466,1.0,
93,0,33,467,1.0,
94,0,32,468,1.0,
95,0,30,470,1.0,
96,0,30,470,1.0,
97,0,30,470,1.0,
98,0,29,471,1.0,
99,0,29,471,1.0,
100,0,29,471,1.0,
101,0,27,473,1.0,
102,0,25,475,1.0,
103,0,25,475,1.0,
104,0,24,476,1.0,
105,0,24,476,1.0,
106,0,22,478,1.0,
107,0,21,479,1.0,
108,0,20,480,1.0,
109,0,19,481,1.0,
110,0,18,482,1.0,
111,0,16,484,1.0,
112,0,16,484,1.0,
113,0,14,486,1.0,
114,0,13,487,1.0,
115,0,12,488,1.0,
116,0,12,488,1.0,
117,0,12,488,1.0,
118,0,12,488,1.0,
119,0,10,490,1.0,
120,0,10,490,1.0,
121,0,10,490,1.0,
122,0,10,490,1.0,
123,0,10,490,1.0,
124,0,9,491,1.0,
125,0,7,493,1.0,
126,0,7,493,1.0,
127,0,6,494,1.0,
128,0,6,494,1.0,
129,0,5,495,1.0,
130,0,5,495,1.0,
131,0,5,495,1.0,
132,0,5,495,1.0,
133,0,5,495,1.0,
134,0,5,495,1.0,
135,0,5,495,1.0,
136,0,4,496,1.0,
137,0,4,496,1.0,
138,0,4,496,1.0,
139,0,4,496,1.0,
140,0,4,496,1.0,
141,0,4,496,1.0,
142,0,4,496,1.0,
143,0,4,496,1.0,
144,0,4,496,1.0,
145,0,4,496,1.0,
146,0,4,496,1.0,
147,0,4,496,1.0,
148,0,4,496,1.0,
149,0,4,496,1.0,
150,0,3,497,1.0,
151,0,3,497,1.0,
152,0,3,497,1.0,
153,0,3,497,1.0,
154,0,3,497,1.0,
155,0,3,497,1.0,
156,0,3,497,1.0,
157,0,3,497,1.0,
158,0,3,497,1.0,
159,0,3,497,1.0,
160,0,3,497,1.0,
161,0,3,497,1.0,
162,0,3,497,1.0,
163,0,3,497,1.0,
164,0,3,497,1.0,
165,0,3,497,1.0,
166,0,3,497,1.0,
167,0,2,498,1.0,
168,0,2,498,1.0,
169,0,2,498,1.0,
170,0,2,498,1.0,
171,0,2,498,1.0,
172,0,1,499,1.0,
173,0,1,499,1.0,
174,0,1,499,1.0,
175,0,1,499,1.0,
176,0,1,499,1.0,
177,0,1,499,1.0,
178,0,1,499,1.0,
179,0,1,499,1.0,
180,0,1,499,1.0,
181,0,1,499,1.0,
182,0,1,499,1.0,
183,0,1,499,1.0,
184,0,1,499,1.0,
185,0,1,499,1.0,
186,0,1,499,1.0,
187,0,1,499,1.0,
188,0,1,499,1.0,
189,0,1,499,1.0,
190,0,1,499,1.0,
191,0,1,499,1.0,
192,0,0,500,1.0,
193,0,0,500,1.0,
194,0,0,500,1.0,
195,0,0,500,1.0,
196,0,0,500,1.0,
197,0,0,500,1.0,
198,0,0,500,1.0,
199,0,0,500,1.0,
200,0,0,500,1.0,
1,498,2,0,0.9975,0.9987658824209373
2,498,2,0,0.9975,0.9987658824209373
3,495,5,0,0.9923333333333333,0.9961618940275067
4,492,8,0,0.9866666666666667,0.9933165689912774
5,491,9,0,0.9843333333333333,0.9920954169063617
6,485,15,0,0.9748333333333333,0.9871281786759152
7,480,20,0,0.9695,0.9842237452731112
8,469,31,0,0.9476666666666667,0.9721633101164018
9,455,45,0,0.9191666666666667,0.9556934793365754
10,437,60,3,0.8968333333333334,0.9412056934910383
11,424,72,4,0.8813333333333333,0.9302831640111172
12,407,88,5,0.855,0.9111113800639493
13,383,108,9,0.8206666666666667,0.8830107862563306
14,350,135,15,0.7985,0.856403654339679
15,312,169,19,0.7668333333333334,0.8133791051272935
16,281,197,22,0.7538333333333334,0.7806534655652712
17,247,222,31,0.7431666666666666,0.7397422915835167
18,214,238,48,0.7538333333333334,0.7119638472879025
19,192,245,63,0.7733333333333333,0.7045379014185627
20,162,264,74,0.7813333333333333,0.6621952392550889
21,136,278,86,0.8035,0.6378766651672663
22,115,284,101,0.8281666666666667,0.6249179305606526
23,98,293,109,0.8496666666666667,0.6126996687134221
24,85,290,125,0.8705,0.616036865947352
25,74,289,137,0.8893333333333333,0.623534479621436
26,60,294,146,0.9076666666666666,0.6131500118239249
27,47,295,158,0.9245,0.5967861601857901
28,36,293,171,0.9425,0.6018307940047072
29,33,283,184,0.9491666666666667,0.6160715854194115
30,26,282,192,0.9616666666666667,0.6324691278621045
31,22,269,209,0.9703333333333334,0.6642768825377522
32,21,260,219,0.9726666666666667,0.6746942188246537
33,19,252,229,0.9758333333333333,0.6821181716833892
34,16,246,238,0.9793333333333333,0.6770199275362319
35,14,245,241,0.982,0.677675983436853
36,13,237,250,0.9828333333333333,0.6690356744704572
37,13,228,259,0.9845,0.7012486064659977
38,11,222,267,0.9868333333333333,0.7019499341238471
39,10,213,277,0.9878333333333333,0.6959782608695652
40,9,205,286,0.9891666666666666,0.697938808373591
41,7,189,304,0.9918333333333333,0.7084472049689442
42,6,182,312,0.9938333333333333,0.7431884057971015
43,4,180,316,0.9956666666666667,0.7297826086956521
44,4,174,322,0.9958333333333333,0.7397826086956522
45,4,167,329,0.9963333333333333,0.7710688405797101
46,3,162,335,0.9971666666666666,0.7602657004830918
47,3,155,342,0.9973333333333333,0.7741545893719807
48,3,149,348,0.9975,0.7880434782608695
49,3,139,358,0.9975,0.7880434782608695
50,3,136,361,0.9975,0.7880434782608695
51,3,128,369,0.9976666666666667,0.8019323671497585
52,1,123,376,0.999,0.7391304347826086
53,1,118,381,0.999,0.7391304347826086
54,1,115,384,0.999,0.7391304347826086
55,1,106,393,0.9991666666666666,0.782608695652174
56,1,99,400,0.9991666666666666,0.782608695652174
57,1,94,405,0.9993333333333333,0.8260869565217391
58,1,90,409,0.9995,0.8695652173913043
59,1,83,416,0.9995,0.8695652173913043
60,1,80,419,0.9995,0.8695652173913043
61,1,75,424,0.9995,0.8695652173913043
62,1,68,431,0.9995,0.8695652173913043
63,1,66,433,0.9995,0.8695652173913043
64,1,63,436,0.9995,0.8695652173913043
65,1,60,439,0.9996666666666667,0.9130434782608695
66,1,57,442,0.9996666666666667,0.9130434782608695
67,1,55,444,0.9996666666666667,0.9130434782608695
68,1,55,444,0.9996666666666667,0.9130434782608695
69,1,52,447,0.9996666666666667,0.9130434782608695
70,1,47,452,0.9996666666666667,0.9130434782608695
71,1,45,454,0.9996666666666667,0.9130434782608695
72,1,43,456,0.9996666666666667,0.9130434782608695
73,1,42,457,0.9996666666666667,0.9130434782608695
74,1,41,458,0.9996666666666667,0.9130434782608695
75,1,38,461,0.9996666666666667,0.9130434782608695
76,1,37,462,0.9996666666666667,0.9130434782608695
77,1,36,463,0.9996666666666667,0.9130434782608695
78,1,35,464,0.9996666666666667,0.9130434782608695
79,1,34,465,0.9996666666666667,0.9130434782608695
80,1,31,468,0.9998333333333334,0.9565217391304348
81,1,30,469,0.9998333333333334,0.9565217391304348
82,1,28,471,0.9998333333333334,0.9565217391304348
83,1,27,472,0.9998333333333334,0.9565217391304348
84,1,26,473,1.0,1.0
85,1,25,474,1.0,1.0
86,1,24,475,1.0,1.0
87,1,24,475,1.0,1.0
88,1,23,476,1.0,1.0
89,1,21,478,1.0,1.0
90,1,20,479,1.0,1.0
91,1,19,480,1.0,1.0
92,1,18,481,1.0,1.0
93,1,18,481,1.0,1.0
94,1,17,482,1.0,1.0
95,1,17,482,1.0,1.0
96,1,17,482,1.0,1.0
97,1,16,483,1.0,1.0
98,1,16,483,1.0,1.0
99,1,14,485,1.0,1.0
100,1,13,486,1.0,1.0
101,1,12,487,1.0,1.0
102,1,12,487,1.0,1.0
103,1,11,488,1.0,1.0
104,1,11,488,1.0,1.0
105,1,11,488,1.0,1.0
106,1,11,488,1.0,1.0
107,1,11,488,1.0,1.0
108,1,11,488,1.0,1.0
109,1,11,488,1.0,1.0
110,1,10,489,1.0,1.0
111,1,10,489,1.0,1.0
112,1,10,489,1.0,1.0
113,1,10,489,1.0,1.0
114,1,8,491,1.0,1.0
115,1,8,491,1.0,1.0
116,1,7,492,1.0,1.0
117,1,6,493,1.0,1.0
118,1,6,493,1.0,1.0
119,1,5,494,1.0,1.0
120,1,4,495,1.0,1.0
121,1,3,496,1.0,1.0
122,1,3,496,1.0,1.0
123,1,1,498,1.0,1.0
124,1,1,498,1.0,1.0
125,1,1,498,1.0,1.0
126,1,1,498,1.0,1.0
127,1,1,498,1.0,1.0
128,1,1,498,1.0,1.0
129,1,1,498,1.0,1.0
130,1,0,499,1.0,1.0
131,1,0,499,1.0,1.0
132,1,0,499,1.0,1.0
133,1,0,499,1.0,1.0
134,1,0,499,1.0,1.0
135,1,0,499,1.0,1.0
136,1,0,499,1.0,1.0
137,1,0,499,1.0,1.0
138,1,0,499,1.0,1.0
139,1,0,499,1.0,1.0
140,1,0,499,1.0,1.0
141,1,0,499,1.0,1.0
142,1,0,499,1.0,1.0
143,1,0,499,1.0,1.0
144,1,0,499,1.0,1.0
145,1,0,499,1.0,1.0
146,1,0,499,1.0,1.0
147,1,0,499,1.0,1.0
148,1,0,499,1.0,1.0
149,1,0,499,1.0,1.0
150,1,0,499,1.0,1.0
151,1,0,499,1.0,1.0
152,1,0,499,1.0,1.0
153,1,0,499,1.0,1.0
154,1,0,499,1.0,1.0
155,1,0,499,1.0,1.0
156,1,0,499,1.0,1.0
157,1,0,499,1.0,1.0
158,1,0,499,1.0,1.0
159,1,0,499,1.0,1.0
160,1,0,499,1.0,1.0
161,1,0,499,1.0,1.0
162,1,0,499,1.0,1.0
163,1,0,499,1.0,1.0
164,1,0,499,1.0,1.0
165,1,0,499,1.0,1.0
166,1,0,499,1.0,1.0
167,1,0,499,1.0,1.0
168,1,0,499,1.0,1.0
169,1,0,499,1.0,1.0
170,1,0,499,1.0,1.0
171,1,0,499,1.0,1.0
172,1,0,499,1.0,1.0
173,1,0,499,1.0,1.0
174,1,0,499,1.0,1.0
175,1,0,499,1.0,1.0
176,1,0,499,1.0,1.0
177,1,0,499,1.0,1.0
178,1,0,499,1.0,1.0
179,1,0,499,1.0,1.0
180,1,0,499,1.0,1.0
181,1,0,499,1.0,1.0
182,1,0,499,1.0,1.0
183,1,0,499,1.0,1.0
184,1,0,499,1.0,1.0
185,1,0,499,1.0,1.0
186,1,0,499,1.0,1.0
187,1,0,499,1.0,1.0
188,1,0,499,1.0,1.0
189,1,0,499,1.0,1.0
190,1,0,499,1.0,1.0
191,1,0,499,1.0,1.0
192,1,0,499,1.0,1.0
193,1,0,499,1.0,1.0
194,1,0,499,1.0,1.0
195,1,0,499,1.0,1.0
196,1,0,499,1.0,1.0
197,1,0,499,1.0,1.0
198,1,0,499,1.0,1.0
199,1,0,499,1.0,1.0
200,1,0,499,1.0,1.0
1,499,1,0,1.0,1.0
2,498,2,0,0.9971666666666666,0.9985824146169877
3,496,4,0,0.9933333333333333,0.9966682287408971
4,493,7,0,0.99,0.9949668726161363
5,490,10,0,0.9841666666666666,0.991958260543886
6,485,14,1,0.9808333333333333,0.9901865050466574
7,478,20,2,0.9651666666666666,0.9818461246035377
8,468,27,5,0.9568333333333333,0.9769354624482829
9,457,38,5,0.9398333333333333,0.9670534999766282
10,440,52,8,0.9183333333333333,0.9533126885740522
11,418,72,10,0.8878333333333334,0.9327289888762741
12,396,91,13,0.8615,0.912391101229485
13,378,107,15,0.8425,0.895537522293331
14,349,130,21,0.8245,0.8740433768115343
15,325,150,25,0.8075,0.8516258593134848
16,294,175,31,0.7758333333333334,0.8092497509556072
17,262,199,39,0.762,0.7727672168644621
18,231,223,46,0.7531666666666667,0.7327124459704922
19,199,241,60,0.7651666666666667,0.7048131650513123
20,176,254,70,0.7716666666666666,0.6755231138445071
21,143,275,82,0.7878333333333334,0.6285592531518345
22,120,284,96,0.8103333333333333,0.6025719668147205
23,97,301,102,0.8363333333333334,0.5764369085435871
24,75,314,111,0.871,0.5668554303452854
25,65,314,121,0.8875,0.5630051693630289
26,54,318,128,0.9061666666666667,0.5627601378164985
27,40,321,139,0.9286666666666666,0.5531629449455536
28,34,318,148,0.9391666666666667,0.551239712026157
29,26,313,161,0.9531666666666667,0.5504153186092985
30,21,306,173,0.9636666666666667,0.5718060495596727
31,14,308,178,0.9761666666666666,0.5746329033285554
32,11,299,190,0.9813333333333333,0.5813048545657242
33,10,293,197,0.9828333333333333,0.5754353400222966
34,8,290,202,0.9865,0.5832072185061316
35,8,283,209,0.9866666666666667,0.588014910813824
36,7,276,217,0.9888333333333333,0.6048901098901099
37,5,260,235,0.993,0.6551393534002229
38,4,245,251,0.9955,0.7293589743589743
39,3,239,258,0.9966666666666667,0.7288888888888888
40,3,232,265,0.9968333333333333,0.7422222222222222
41,3,222,275,0.997,0.7555555555555555
42,3,214,283,0.997,0.7555555555555555
43,3,207,290,0.997,0.7555555555555555
44,3,200,297,0.997,0.7555555555555555
45,3,191,306,0.997,0.7555555555555555
46,3,182,315,0.997,0.7555555555555555
47,3,175,322,0.9971666666666666,0.7688888888888888
48,2,170,328,0.9983333333333333,0.7941666666666667
49,2,160,338,0.9985,0.8141666666666667
50,2,158,340,0.9986666666666667,0.835
51,0,150,350,1.0,
52,0,148,352,1.0,
53,0,141,359,1.0,
54,0,135,365,1.0,
55,0,130,370,1.0,
56,0,127,373,1.0,
57,0,120,380,1.0,
58,0,114,386,1.0,
59,0,110,390,1.0,
60,0,106,394,1.0,
61,0,103,397,1.0,
62,0,96,404,1.0,
63,0,96,404,1.0,
64,0,95,405,1.0,
65,0,94,406,1.0,
66,0,92,408,1.0,
67,0,87,413,1.0,
68,0,84,416,1.0,
69,0,81,419,1.0,
70,0,78,422,1.0,
71,0,76,424,1.0,
72,0,70,430,1.0,
73,0,66,434,1.0,
74,0,64,436,1.0,
75,0,63,437,1.0,
76,0,61,439,1.0,
77,0,58,442,1.0,
78,0,53,447,1.0,
79,0,50,450,1.0,
80,0,46,454,1.0,
81,0,44,456,1.0,
82,0,43,457,1.0,
83,0,41,459,1.0,
84,0,40,460,1.0,
85,0,38,462,1.0,
86,0,36,464,1.0,
87,0,32,468,1.0,
88,0,29,471,1.0,
89,0,27,473,1.0,
90,0,25,475,1.0,
91,0,24,476,1.0,
92,0,24,476,1.0,
93,0,24,476,1.0,
94,0,21,479,1.0,
95,0,20,480,1.0,
96,0,19,481,1.0,
97,0,19,481,1.0,
98,0,19,481,1.0,
99,0,19,481,1.0,
100,0,18,482,1.0,
101,0,17,483,1.0,
102,0,17,483,1.0,
103,0,17,483,1.0,
104,0,16,484,1.0,
105,0,16,484,1.0,
106,0,15,485,1.0,
107,0,15,485,1.0,
108,0,15,485,1.0,
109,0,14,486,1.0,
110,0,13,487,1.0,
111,0,13,487,1.0,
112,0,12,488,1.0,
113,0,11,489,1.0,
114,0,11,489,1.0,
115,0,11,489,1.0,
116,0,9,491,1.0,
117,0,9,491,1.0,
118,0,9,491,1.0,
119,0,9,491,1.0,
120,0,9,491,1.0,
121,0,8,492,1.0,
122,0,8,492,1.0,
123,0,7,493,1.0,
124,0,7,493,1.0,
125,0,7,493,1.0,
126,0,7,493,1.0,
127,0,7,493,1.0,
128,0,6,494,1.0,
129,0,6,494,1.0,
130,0,5,495,1.0,
131,0,5,495,1.0,
132,0,5,495,1.0,
133,0,5,495,1.0,
134,0,5,495,1.0,
135,0,5,495,1.0,
136,0,5,495,1.0,
137,0,5,495,1.0,
138,0,5,495,1.0,
139,0,4,496,1.0,
140,0,4,496,1.0,
141,0,3,497,1.0,
142,0,3,497,1.0,
143,0,3,497,1.0,
144,0,3,497,1.0,
145,0,3,497,1.0,
146,0,3,497,1.0,
147,0,3,497,1.0,
148,0,3,497,1.0,
149,0,3,497,1.0,
150,0,3,497,1.0,
151,0,3,497,1.0,
152,0,3,497,1.0,
153,0,3,497,1.0,
154,0,3,497,1.0,
155,0,3,497,1.0,
156,0,3,497,1.0,
157,0,3,497,1.0,
158,0,3,497,1.0,
159,0,3,497,1.0,
160,0,3,497,1.0,
161,0,3,497,1.0,
162,0,3,497,1.0,
163,0,3,497,1.0,
164,0,3,497,1.0,
165,0,3,497,1.0,
166,0,3,497,1.0,
167,0,3,497,1.0,
168,0,3,497,1.0,
169,0,3,497,1.0,
170,0,3,497,1.0,
171,0,3,497,1.0,
172,0,3,497,1.0,
173,0,3,497,1.0,
174,0,2,498,1.0,
175,0,2,498,1.0,
176,0,2,498,1.0,
177,0,1,499,1.0,
178,0,1,499,1.0,
179,0,1,499,1.0,
180,0,1,499,1.0,
181,0,1,499,1.0,
182,0,1,499,1.0,
183,0,1,499,1.0,
184,0,1,499,1.0,
185,0,1,499,1.0,
186,0,1,499,1.0,
187,0,1,499,1.0,
188,0,1,499,1.0,
189,0,1,499,1.0,
190,0,1,499,1.0,
191,0,1,499,1.0,
192,0,1,499,1.0,
193,0,1,499,1.0,
194,0,1,499,1.0,
195,0,1,499,1.0,
196,0,1,499,1.0,
197,0,1,499,1.0,
198,0,1,499,1.0,
199,0,1,499,1.0,
200,0,1,499,1.0,
1,498,1,1,1.0,1.0
2,497,2,1,0.9981666666666666,0.999083374270147
3,495,3,2,0.9951666666666666,0.9975426946059357
4,491,7,2,0.9891666666666666,0.9944618724349532
5,486,11,3,0.984,0.9917316721865836
6,485,12,3,0.9826666666666667,0.9910080242482752
7,478,17,5,0.9821666666666666,0.9907029602499859
8,471,22,7,0.973,0.9856828637923442
9,465,27,8,0.9686666666666667,0.9832114198028177
10,454,38,8,0.955,0.9753519276307057
11,446,43,11,0.948,0.9710446816890568
12,432,56,12,0.9201666666666667,0.9540283076610573
13,414,69,17,0.899,0.9391913034766427
14,395,87,18,0.8763333333333333,0.9221479417665439
15,372,105,23,0.8571666666666666,0.9045674087872546
16,345,129,26,0.822,0.8716224284245708
17,319,152,29,0.803,0.8464304172447829
18,293,170,37,0.7866666666666666,0.8186722028582839
19,268,191,41,0.7726666666666666,0.7887087130849298
20,237,212,51,0.7703333333333333,0.7583404115673424
21,211,228,61,0.7776666666666666,0.7372417029361188
22,174,256,70,0.7833333333333333,0.6897447940014155
23,149,267,84,0.7986666666666666,0.662744201188905
24,108,298,94,0.8293333333333334,0.6047151292078828
25,89,310,101,0.8495,0.5769806872640286
26,71,313,116,0.8753333333333333,0.5587373073502897
27,52,324,124,0.9058333333333334,0.5463977362597764
28,46,319,135,0.9165,0.5445579602432155
29,33,315,152,0.9408333333333333,0.5488784842737412
30,30,306,164,0.95,0.5803995979865545
31,24,298,178,0.9593333333333334,0.5731744915712308
32,20,291,189,0.9673333333333334,0.5859592943288596
33,17,288,195,0.9715,0.5787348414586266
34,14,276,210,0.9786666666666667,0.6197923505066364
35,12,262,226,0.9828333333333333,0.639114979223675
36,9,254,237,0.9883333333333333,0.6711263696046303
37,9,246,245,0.9883333333333333,0.6711263696046303
38,8,230,262,0.9906666666666667,0.7015117310226007
39,6,224,270,0.9921666666666666,0.673504442417486
40,4,216,280,0.995,0.6918006993006993
41,4,209,287,0.995,0.6918006993006993
42,3,204,293,0.9961666666666666,0.6951282051282052
43,3,192,305,0.9965,0.7218376068376068
44,2,186,312,0.998,0.7558333333333334
45,1,182,317,0.999,0.76
46,0,174,326,1.0,
47,0,165,335,1.0,
48,0,153,347,1.0,
49,0,143,357,1.0,
50,0,134,366,1.0,
51,0,129,371,1.0,
52,0,125,375,1.0,
53,0,118,382,1.0,
54,0,115,385,1.0,
55,0,110,390,1.0,
56,0,103,397,1.0,
57,0,100,400,1.0,
58,0,99,401,1.0,
59,0,97,403,1.0,
60,0,92,408,1.0,
61,0,89,411,1.0,
62,0,87,413,1.0,
63,0,86,414,1.0,
64,0,80,420,1.0,
65,0,78,422,1.0,
66,0,76,424,1.0,
67,0,75,425,1.0,
68,0,70,430,1.0,
69,0,67,433,1.0,
70,0,64,436,1.0,
71,0,63,437,1.0,
72,0,61,439,1.0,
73,0,56,444,1.0,
74,0,52,448,1.0,
75,0,49,451,1.0,
76,0,49,451,1.0,
77,0,48,452,1.0,
78,0,46,454,1.0,
79,0,42,458,1.0,
80,0,41,459,1.0,
81,0,40,460,1.0,
82,0,39,461,1.0,
83,0,38,462,1.0,
84,0,37,463,1.0,
85,0,35,465,1.0,
86,0,31,469,1.0,
87,0,31,469,1.0,
88,0,29,471,1.0,
89,0,28,472,1.0,
90,0,27,473,1.0,
91,0,24,476,1.0,
92,0,23,477,1.0,
93,0,23,477,1.0,
94,0,21,479,1.0,
95,0,20,480,1.0,
96,0,19,481,1.0,
97,0,19,481,1.0,
98,0,18,482,1.0,
99,0,17,483,1.0,
100,0,17,483,1.0,
101,0,15,485,1.0,
102,0,13,487,1.0,
103,0,13,487,1.0,
104,0,13,487,1.0,
105,0,13,487,1.0,
106,0,10,490,1.0,
107,0,10,490,1.0,
108,0,10,490,1.0,
109,0,10,490,1.0,
110,0,10,490,1.0,
111,0,9,491,1.0,
112,0,7,493,1.0,
113,0,7,493,1.0,
114,0,7,493,1.0,
115,0,7,493,1.0,
116,0,7,493,1.0,
117,0,7,493,1.0,
118,0,5,495,1.0,
119,0,5,495,1.0,
120,0,4,496,1.0,
121,0,4,496,1.0,
122,0,4,496,1.0,
123,0,4,496,1.0,
124,0,4,496,1.0,
125,0,4,496,1.0,
126,0,4,496,1.0,
127,0,4,496,1.0,
128,0,4,496,1.0,
129,0,3,497,1.0,
130,0,2,498,1.0,
131,0,2,498,1.0,
132,0,2,498,1.0,
133,0,2,498,1.0,
134,0,2,498,1.0,
135,0,2,498,1.0,
136,0,2,498,1.0,
137,0,2,498,1.0,
138,0,2,498,1.0,
139,0,2,498,1.0,
140,0,2,498,1.0,
141,0,2,498,1.0,
142,0,2,498,1.0,
143,0,2,498,1.0,
144,0,2,498,1.0,
145,0,2,498,1.0,
146,0,2,498,1.0,
147,0,2,498,1.0,
148,0,2,498,1.0,
149,0,2,498,1.0,
150,0,2,498,1.0,
151,0,2,498,1.0,
152,0,2,498,1.0,
153,0,2,498,1.0,
154,0,2,498,1.0,
155,0,2,498,1.0,
156,0,2,498,1.0,
157,0,2,498,1.0,
158,0,2,498,1.0,
159,0,2,498,1.0,
160,0,2,498,1.0,
161,0,2,498,1.0,
162,0,2,498,1.0,
163,0,2,498,1.0,
164,0,2,498,1.0,
165,0,2,498,1.0,
166,0,2,498,1.0,
167,0,2,498,1.0,
168,0,2,498,1.0,
169,0,2,498,1.0,
170,0,2,498,1.0,
171,0,2,498,1.0,
172,0,2,498,1.0,
173,0,2,498,1.0,
174,0,2,498,1.0,
175,0,2,498,1.0,
176,0,2,498,1.0,
177,0,2,498,1.0,
178,0,2,498,1.0,
179,0,2,498,1.0,
180,0,1,499,1.0,
181,0,1,499,1.0,
182,0,1,499,1.0,
183,0,1,499,1.0,
184,0,1,499,1.0,
185,0,1,499,1.0,
186,0,1,499,1.0,
187,0,1,499,1.0,
188,0,1,499,1.0,
189,0,1,499,1.0,
190,0,1,499,1.0,
191,0,1,499,1.0,
192,0,1,499,1.0,
193,0,1,499,1.0,
194,0,1,499,1.0,
195,0,1,499,1.0,
196,0,1,499,1.0,
197,0,1,499,1.0,
198,0,1,499,1.0,
199,0,1,499,1.0,
200,0,1,499,1.0,
1,497,3,0,0.9968333333333333,0.9984275329805029
2,497,3,0,0.9968333333333333,0.9984275329805029
3,495,5,0,0.9925,0.9962460104348554
4,493,7,0,0.9871666666666666,0.9935462526061345
5,487,13,0,0.9766666666666667,0.9881395999372073
6,481,19,0,0.9676666666666667,0.9833853491211351
7,471,28,1,0.9528333333333333,0.9751171339780219
8,461,36,3,0.9453333333333334,0.9705089754995443
9,455,40,5,0.9416666666666667,0.9681178694074061
10,439,52,9,0.9245,0.957095973969798
11,409,79,12,0.8715,0.92129916024941
12,388,95,17,0.8531666666666666,0.9054215370598159
13,371,111,18,0.8338333333333333,0.8879903479551903
14,343,128,29,0.8161666666666667,0.8657369027314521
15,318,147,35,0.791,0.8354495406860732
16,285,174,41,0.7726666666666666,0.8002020115940787
17,256,196,48,0.7623333333333333,0.7670665426813525
18,220,224,56,0.7685,0.7354767773947616
19,200,230,70,0.7783333333333333,0.7212118132672479
20,173,251,76,0.7833333333333333,0.6847929969744495
21,137,278,85,0.8075,0.6455932716389714
22,105,297,98,0.8355,0.6031643325618481
23,83,307,110,0.8626666666666667,0.579233138570488
24,71,302,127,0.8861666666666667,0.5929945659339414
25,56,298,146,0.9093333333333333,0.5904347161062999
26,51,292,157,0.9216666666666666,0.6115795259017766
27,40,295,165,0.9405,0.6181717069162721
28,30,291,179,0.9565,0.6275853639114508
29,23,283,194,0.9651666666666666,0.611281406054563
30,21,275,204,0.9701666666666666,0.6379840449405668
31,17,269,214,0.9748333333333333,0.6217010355373527
32,14,255,231,0.9816666666666667,0.6670667014145275
33,13,247,240,0.9835,0.6782584138269758
34,13,241,246,0.9838333333333333,0.684947377037678
35,10,233,257,0.9885,0.7092379142596534
36,9,223,268,0.99,0.7167269686834904
37,8,214,278,0.9913333333333333,0.7267723852234722
38,8,206,286,0.9916666666666667,0.7374542034052903
39,6,205,289,0.9945,0.7658333333333333
40,6,194,300,0.9948333333333333,0.7797463768115942
41,4,187,309,0.9966666666666667,0.7896376811594203
42,3,182,315,0.9976666666666667,0.7995169082125604
43,3,176,321,0.9978333333333333,0.8140096618357487
44,1,174,325,0.9991666666666666,0.782608695652174
45,1,165,334,0.9993333333333333,0.8260869565217391
46,1,163,336,0.9993333333333333,0.8260869565217391
47,1,155,344,0.9993333333333333,0.8260869565217391
48,1,150,349,0.9993333333333333,0.8260869565217391
49,1,141,358,0.9993333333333333,0.8260869565217391
50,1,136,363,0.9993333333333333,0.8260869565217391
51,1,131,368,0.9993333333333333,0.8260869565217391
52,1,125,374,0.9993333333333333,0.8260869565217391
53,1,118,381,0.9993333333333333,0.8260869565217391
54,1,114,385,0.9993333333333333,0.8260869565217391
55,1,110,389,0.9993333333333333,0.8260869565217391
56,1,103,396,0.9993333333333333,0.8260869565217391
57,1,101,398,0.9995,0.8695652173913043
58,1,96,403,0.9995,0.8695652173913043
59,1,94,405,0.9995,0.8695652173913043
60,1,91,408,0.9995,0.8695652173913043
61,1,88,411,0.9995,0.8695652173913043
62,1,87,412,0.9995,0.8695652173913043
63,1,84,415,0.9995,0.8695652173913043
64,1,83,416,0.9995,0.8695652173913043
65,1,80,419,0.9995,0.8695652173913043
66,1,74,425,0.9996666666666667,0.9130434782608695
67,1,70,429,0.9996666666666667,0.9130434782608695
68,1,69,430,0.9996666666666667,0.9130434782608695
69,1,66,433,0.9996666666666667,0.9130434782608695
70,1,62,437,0.9996666666666667,0.9130434782608695
71,1,59,440,0.9996666666666667,0.9130434782608695
72,1,59,440,0.9996666666666667,0.9130434782608695
73,1,57,442,0.9996666666666667,0.9130434782608695
74,1,57,442,0.9996666666666667,0.9130434782608695
75,1,55,444,0.9996666666666667,0.9130434782608695
76,1,54,445,0.9996666666666667,0.9130434782608695
77,1,51,448,0.9996666666666667,0.9130434782608695
78,1,49,450,0.9996666666666667,0.9130434782608695
79,1,46,453,0.9996666666666667,0.9130434782608695
80,1,45,454,0.9996666666666667,0.9130434782608695
81,1,45,454,0.9996666666666667,0.9130434782608695
82,1,42,457,0.9996666666666667,0.9130434782608695
83,1,40,459,0.9996666666666667,0.9130434782608695
84,1,37,462,0.9998333333333334,0.9565217391304348
85,1,35,464,1.0,1.0
86,1,34,465,1.0,1.0
87,1,33,466,1.0,1.0
88,1,32,467,1.0,1.0
89,1,31,468,1.0,1.0
90,1,28,471,1.0,1.0
91,1,28,471,1.0,1.0
92,1,28,471,1.0,1.0
93,1,25,474,1.0,1.0
94,1,25,474,1.0,1.0
95,1,24,475,1.0,1.0
96,1,21,478,1.0,1.0
97,1,21,478,1.0,1.0
98,1,21,478,1.0,1.0
99,1,21,478,1.0,1.0
100,1,21,478,1.0,1.0
101,1,18,481,1.0,1.0
102,1,18,481,1.0,1.0
103,1,18,481,1.0,1.0
104,1,18,481,1.0,1.0
105,1,17,482,1.0,1.0
106,1,17,482,1.0,1.0
107,1,15,484,1.0,1.0
108,1,14,485,1.0,1.0
109,1,14,485,1.0,1.0
110,1,14,485,1.0,1.0
111,1,13,486,1.0,1.0
112,1,13,486,1.0,1.0
113,1,13,486,1.0,1.0
114,1,11,488,1.0,1.0
115,1,11,488,1.0,1.0
116,1,11,488,1.0,1.0
117,1,10,489,1.0,1.0
118,1,9,490,1.0,1.0
119,1,9,490,1.0,1.0
120,1,6,493,1.0,1.0
121,1,6,493,1.0,1.0
122,1,6,493,1.0,1.0
123,1,6,493,1.0,1.0
124,1,6,493,1.0,1.0
125,1,5,494,1.0,1.0
126,1,5,494,1.0,1.0
127,1,5,494,1.0,1.0
128,1,5,494,1.0,1.0
129,1,5,494,1.0,1.0
130,1,5,494,1.0,1.0
131,1,4,495,1.0,1.0
132,1,4,495,1.0,1.0
133,1,4,495,1.0,1.0
134,1,4,495,1.0,1.0
135,1,2,497,1.0,1.0
136,1,2,497,1.0,1.0
137,1,1,498,1.0,1.0
138,1,1,498,1.0,1.0
139,1,1,498,1.0,1.0
140,1,1,498,1.0,1.0
141,1,1,498,1.0,1.0
142,1,1,498,1.0,1.0
143,1,1,498,1.0,1.0
144,1,1,498,1.0,1.0
145,1,1,498,1.0,1.0
146,1,1,498,1.0,1.0
147,1,0,499,1.0,1.0
148,1,0,499,1.0,1.0
149,1,0,499,1.0,1.0
150,1,0,499,1.0,1.0
151,1,0,499,1.0,1.0
152,1,0,499,1.0,1.0
153,1,0,499,1.0,1.0
154,1,0,499,1.0,1.0
155,1,0,499,1.0,1.0
156,1,0,499,1.0,1.0
157,1,0,499,1.0,1.0
158,1,0,499,1.0,1.0
159,1,0,499,1.0,1.0
160,1,0,499,1.0,1.0
161,1,0,499,1.0,1.0
162,1,0,499,1.0,1.0
163,1,0,499,1.0,1.0
164,1,0,499,1.0,1.0
165,1,0,499,1.0,1.0
166,1,0,499,1.0,1.0
167,1,0,499,1.0,1.0
168,1,0,499,1.0,1.0
169,1,0,499,1.0,1.0
170,1,0,499,1.0,1.0
171,1,0,499,1.0,1.0
172,1,0,499,1.0,1.0
173,1,0,499,1.0,1.0
174,1,0,499,1.0,1.0
175,1,0,499,1.0,1.0
176,1,0,499,1.0,1.0
177,1,0,499,1.0,1.0
178,1,0,499,1.0,1.0
179,1,0,499,1.0,1.0
180,1,0,499,1.0,1.0
181,1,0,499,1.0,1.0
182,1,0,499,1.0,1.0
183,1,0,499,1.0,1.0
184,1,0,499,1.0,1.0
185,1,0,499,1.0,1.0
186,1,0,499,1.0,1.0
187,1,0,499,1.0,1.0
188,1,0,499,1.0,1.0
189,1,0,499,1.0,1.0
190,1,0,499,1.0,1.0
191,1,0,499,1.0,1.0
192,1,0,499,1.0,1.0
193,1,0,499,1.0,1.0
194,1,0,499,1.0,1.0
195,1,0,499,1.0,1.0
196,1,0,499,1.0,1.0
197,1,0,499,1.0,1.0
198,1,0,499,1.0,1.0
199,1,0,499,1.0,1.0
200,1,0,499,1.0,1.0
1,498,2,0,0.9971666666666666,1.0
2,498,2,0,0.9971666666666666,1.0
3,497,3,0,0.9948333333333333,0.9988036823026852
4,495,5,0,0.9921666666666666,0.9974176025216057
5,494,6,0,0.9908333333333333,0.9967254962982619
6,489,10,1,0.9855,0.993958442581761
7,485,13,2,0.9825,0.9923638810797716
8,476,22,2,0.9698333333333333,0.9855527159912109
9,465,31,4,0.9575,0.978453778753357
10,453,41,6,0.9358333333333333,0.965844174526363
11,437,53,10,0.9215,0.9563503429608348
12,414,74,12,0.8796666666666667,0.9282436863530364
13,390,94,16,0.8528333333333333,0.906568311028881
14,367,115,18,0.822,0.8796591508534592
15,338,136,26,0.8101666666666667,0.8605169227265378
16,311,154,35,0.7885,0.8303765483974557
17,287,171,42,0.7748333333333334,0.8042819229396396
18,258,190,52,0.7726666666666666,0.7800741536027259
19,230,208,62,0.7791666666666667,0.7602267981641294
20,204,220,76,0.7873333333333333,0.7402198859192256
21,186,227,87,0.7956666666666666,0.7263631497408115
22,166,235,99,0.8036666666666666,0.7054360462225351
23,133,257,110,0.8183333333333334,0.6593268965125105
24,114,264,122,0.8355,0.6397926875171482
25,99,266,135,0.8528333333333333,0.6287715682754449
26,75,278,147,0.8813333333333333,0.6039295767427486
27,59,284,157,0.904,0.5904783973806035
28,48,286,166,0.9191666666666667,0.5768496104142533
29,36,282,182,0.9405,0.5868190155517695
30,26,285,189,0.9578333333333333,0.5930058980230539
31,22,281,197,0.9643333333333334,0.593321078965829
32,17,277,206,0.9723333333333334,0.5912057752035218
33,14,270,216,0.9778333333333333,0.6043219926065112
34,13,260,227,0.9801666666666666,0.6183480745320062
35,13,250,237,0.9806666666666667,0.6278699409751239
36,8,248,244,0.9885,0.6443682653363765
37,6,241,253,0.9916666666666667,0.6653136698918576
38,6,229,265,0.9921666666666666,0.6853638365081911
39,6,221,273,0.9923333333333333,0.6923182699663646
40,6,212,282,0.9926666666666667,0.7068318702269001
41,6,202,292,0.9933333333333333,0.7330637554727213
42,5,198,297,0.9943333333333333,0.7285334860762981
43,5,194,301,0.9943333333333333,0.7285334860762981
44,5,186,309,0.9946666666666667,0.744296868581491
45,4,177,319,0.9958333333333333,0.7482184247647078
46,3,176,321,0.997,0.7582684210191908
47,2,167,331,0.9981666666666666,0.7858509807735885
48,2,158,340,0.9981666666666666,0.7858509807735885
49,2,153,345,0.9981666666666666,0.7858509807735885
50,1,146,353,0.999,0.7788965473154152
51,1,138,361,0.9991666666666666,0.8159868590923397
52,0,133,367,1.0,
53,0,126,374,1.0,
54,0,124,376,1.0,
55,0,116,384,1.0,
56,0,108,392,1.0,
57,0,102,398,1.0,
58,0,97,403,1.0,
59,0,94,406,1.0,
60,0,90,410,1.0,
61,0,87,413,1.0,
62,0,83,417,1.0,
63,0,80,420,1.0,
64,0,78,422,1.0,
65,0,77,423,1.0,
66,0,72,428,1.0,
67,0,69,431,1.0,
68,0,68,432,1.0,
69,0,62,438,1.0,
70,0,62,438,1.0,
71,0,59,441,1.0,
72,0,56,444,1.0,
73,0,54,446,1.0,
74,0,51,449,1.0,
75,0,48,452,1.0,
76,0,46,454,1.0,
77,0,45,455,1.0,
78,0,43,457,1.0,
79,0,40,460,1.0,
80,0,39,461,1.0,
81,0,36,464,1.0,
82,0,34,466,1.0,
83,0,30,470,1.0,
84,0,29,471,1.0,
85,0,28,472,1.0,
86,0,28,472,1.0,
87,0,25,475,1.0,
88,0,25,475,1.0,
89,0,22,478,1.0,
90,0,19,481,1.0,
91,0,18,482,1.0,
92,0,16,484,1.0,
93,0,15,485,1.0,
94,0,15,485,1.0,
95,0,15,485,1.0,
96,0,15,485,1.0,
97,0,15,485,1.0,
98,0,15,485,1.0,
99,0,15,485,1.0,
100,0,15,485,1.0,
101,0,14,486,1.0,
102,0,14,486,1.0,
103,0,14,486,1.0,
104,0,13,487,1.0,
105,0,13,487,1.0,
106,0,13,487,1.0,
107,0,13,487,1.0,
108,0,13,487,1.0,
109,0,13,487,1.0,
110,0,13,487,1.0,
111,0,12,488,1.0,
112,0,12,488,1.0,
113,0,11,489,1.0,
114,0,11,489,1.0,
115,0,10,490,1.0,
116,0,9,491,1.0,
117,0,9,491,1.0,
118,0,9,491,1.0,
119,0,9,491,1.0,
120,0,8,492,1.0,
121,0,8,492,1.0,
122,0,7,493,1.0,
123,0,7,493,1.0,
124,0,6,494,1.0,
125,0,6,494,1.0,
126,0,5,495,1.0,
127,0,5,495,1.0,
128,0,5,495,1.0,
129,0,5,495,1.0,
130,0,5,495,1.0,
131,0,5,495,1.0,
132,0,4,496,1.0,
133,0,4,496,1.0,
134,0,4,496,1.0,
135,0,3,497,1.0,
136,0,3,497,1.0,
137,0,3,497,1.0,
138,0,3,497,1.0,
139,0,3,497,1.0,
140,0,3,497,1.0,
141,0,3,497,1.0,
142,0,3,497,1.0,
143,0,3,497,1.0,
144,0,3,497,1.0,
145,0,3,497,1.0,
146,0,3,497,1.0,
147,0,3,497,1.0,
148,0,3,497,1.0,
149,0,3,497,1.0,
150,0,3,497,1.0,
151,0,2,498,1.0,
152,0,2,498,1.0,
153,0,2,498,1.0,
154,0,2,498,1.0,
155,0,2,498,1.0,
156,0,2,498,1.0,
157,0,2,498,1.0,
158,0,2,498,1.0,
159,0,2,498,1.0,
160,0,2,498,1.0,
161,0,2,498,1.0,
162,0,2,498,1.0,
163,0,2,498,1.0,
164,0,1,499,1.0,
165,0,1,499,1.0,
166,0,1,499,1.0,
167,0,1,499,1.0,
168,0,1,499,1.0,
169,0,1,499,1.0,
170,0,1,499,1.0,
171,0,1,499,1.0,
172,0,1,499,1.0,
173,0,1,499,1.0,
174,0,1,499,1.0,
175,0,1,499,1.0,
176,0,1,499,1.0,
177,0,1,499,1.0,
178,0,1,499,1.0,
179,0,1,499,1.0,
180,0,1,499,1.0,
181,0,1,499,1.0,
182,0,1,499,1.0,
183,0,1,499,1.0,
184,0,1,499,1.0,
185,0,0,500,1.0,
186,0,0,500,1.0,
187,0,0,500,1.0,
188,0,0,500,1.0,
189,0,0,500,1.0,
190,0,0,500,1.0,
191,0,0,500,1.0,
192,0,0,500,1.0,
193,0,0,500,1.0,
194,0,0,500,1.0,
195,0,0,500,1.0,
196,0,0,500,1.0,
197,0,0,500,1.0,
198,0,0,500,1.0,
199,0,0,500,1.0,
200,0,0,500,1.0,
1,497,3,0,0.9946666666666667,1.0
2,496,4,0,0.9935,0.9994169367297102
3,492,8,0,0.9851666666666666,0.9951641170077696
4,491,8,1,0.9883333333333333,0.9967779178117281
5,488,11,1,0.9818333333333333,0.9934063714072877
6,480,18,2,0.9725,0.9883454929404505
7,472,26,2,0.9601666666666666,0.9815208488753726
8,462,33,5,0.9515,0.9763834178163305
9,447,46,7,0.94,0.9688515931582745
10,429,61,10,0.9153333333333333,0.9529356361172435
11,418,70,12,0.9048333333333334,0.945326274999769
12,399,85,16,0.8841666666666667,0.9294434458822777
13,372,106,22,0.8535,0.9034162987254354
14,346,121,33,0.8333333333333334,0.88154270417215
15,319,143,38,0.8066666666666666,0.8501643083814894
16,285,171,44,0.7806666666666666,0.809035759773459
17,256,197,47,0.7616666666666667,0.7678216769707362
18,228,220,52,0.7671666666666667,0.7460310240991967
19,211,227,62,0.7723333333333333,0.7316857724755005
20,171,255,74,0.7843333333333333,0.6855247779470279
21,140,272,88,0.7985,0.6410446853287836
22,122,280,98,0.8186666666666667,0.6291976973280398
23,103,283,114,0.839,0.608028084069261
24,78,293,129,0.869,0.5767759856450255
25,61,299,140,0.895,0.5656260716314364
26,49,294,157,0.917,0.5728717723806045
27,39,297,164,0.9346666666666666,0.5780241514909601
28,30,297,173,0.9501666666666667,0.5812587307947412
29,22,291,187,0.9636666666666667,0.5847751239632505
30,21,283,196,0.9675,0.6110715637566639
31,16,277,207,0.9758333333333333,0.6208046567516006
32,12,270,218,0.9826666666666667,0.6384040592479879
33,11,259,230,0.985,0.6583096017354381
34,6,257,237,0.9918333333333333,0.655805171409205
35,5,251,244,0.9938333333333333,0.6844195263409764
36,5,242,253,0.9941666666666666,0.7014936864991643
37,5,233,262,0.9941666666666666,0.7014936864991643
38,5,222,273,0.9945,0.7185678466573521
39,4,212,284,0.9958333333333333,0.7342797068029185
40,4,205,291,0.996,0.7451781069038895
41,2,199,299,0.9983333333333333,0.7892258073119806
42,2,193,305,0.9985,0.8101144075055082
43,1,186,313,0.9993333333333333,0.8282784076737931
44,1,177,322,0.9993333333333333,0.8282784076737931
45,1,172,327,0.9993333333333333,0.8282784076737931
46,1,166,333,0.9993333333333333,0.8282784076737931
47,1,164,335,0.9993333333333333,0.8282784076737931
48,1,155,344,0.9993333333333333,0.8282784076737931
49,1,148,351,0.9993333333333333,0.8282784076737931
50,0,143,357,1.0,
51,0,139,361,1.0,
52,0,129,371,1.0,
53,0,125,375,1.0,
54,0,121,379,1.0,
55,0,117,383,1.0,
56,0,116,384,1.0,
57,0,109,391,1.0,
58,0,106,394,1.0,
59,0,101,399,1.0,
60,0,98,402,1.0,
61,0,94,406,1.0,
62,0,91,409,1.0,
63,0,89,411,1.0,
64,0,88,412,1.0,
65,0,84,416,1.0,
66,0,84,416,1.0,
67,0,83,417,1.0,
68,0,82,418,1.0,
69,0,78,422,1.0,
70,0,73,427,1.0,
71,0,68,432,1.0,
72,0,64,436,1.0,
73,0,62,438,1.0,
74,0,58,442,1.0,
75,0,58,442,1.0,
76,0,54,446,1.0,
77,0,53,447,1.0,
78,0,43,457,1.0,
79,0,42,458,1.0,
80,0,40,460,1.0,
81,0,38,462,1.0,
82,0,37,463,1.0,
83,0,35,465,1.0,
84,0,35,465,1.0,
85,0,33,467,1.0,
86,0,32,468,1.0,
87,0,31,469,1.0,
88,0,30,470,1.0,
89,0,27,473,1.0,
90,0,23,477,1.0,
91,0,21,479,1.0,
92,0,19,481,1.0,
93,0,18,482,1.0,
94,0,18,482,1.0,
95,0,18,482,1.0,
96,0,17,483,1.0,
97,0,14,486,1.0,
98,0,14,486,1.0,
99,0,12,488,1.0,
100,0,11,489,1.0,
101,0,11,489,1.0,
102,0,10,490,1.0,
103,0,10,490,1.0,
104,0,10,490,1.0,
105,0,10,490,1.0,
106,0,9,491,1.0,
107,0,8,492,1.0,
108,0,8,492,1.0,
109,0,8,492,1.0,
110,0,7,493,1.0,
111,0,7,493,1.0,
112,0,7,493,1.0,
113,0,6,494,1.0,
114,0,6,494,1.0,
115,0,6,494,1.0,
116,0,6,494,1.0,
117,0,6,494,1.0,
118,0,5,495,1.0,
119,0,5,495,1.0,
120,0,5,495,1.0,
121,0,5,495,1.0,
122,0,5,495,1.0,
123,0,5,495,1.0,
124,0,5,495,1.0,
125,0,5,495,1.0,
126,0,5,495,1.0,
127,0,5,495,1.0,
128,0,5,495,1.0,
129,0,5,495,1.0,
130,0,5,495,1.0,
131,0,5,495,1.0,
132,0,4,496,1.0,
133,0,4,496,1.0,
134,0,3,497,1.0,
135,0,2,498,1.0,
136,0,2,498,1.0,
137,0,2,498,1.0,
138,0,1,499,1.0,
139,0,1,499,1.0,
140,0,1,499,1.0,
141,0,0,500,1.0,
142,0,0,500,1.0,
143,0,0,500,1.0,
144,0,0,500,1.0,
145,0,0,500,1.0,
146,0,0,500,1.0,
147,0,0,500,1.0,
148,0,0,500,1.0,
149,0,0,500,1.0,
150,0,0,500,1.0,
151,0,0,500,1.0,
152,0,0,500,1.0,
153,0,0,500,1.0,
154,0,0,500,1.0,
155,0,0,500,1.0,
156,0,0,500,1.0,
157,0,0,500,1.0,
158,0,0,500,1.0,
159,0,0,500,1.0,
160,0,0,500,1.0,
161,0,0,500,1.0,
162,0,0,500,1.0,
163,0,0,500,1.0,
164,0,0,500,1.0,
165,0,0,500,1.0,
166,0,0,500,1.0,
167,0,0,500,1.0,
168,0,0,500,1.0,
169,0,0,500,1.0,
170,0,0,500,1.0,
171,0,0,500,1.0,
172,0,0,500,1.0,
173,0,0,500,1.0,
174,0,0,500,1.0,
175,0,0,500,1.0,
176,0,0,500,1.0,
177,0,0,500,1.0,
178,0,0,500,1.0,
179,0,0,500,1.0,
180,0,0,500,1.0,
181,0,0,500,1.0,
182,0,0,500,1.0,
183,0,0,500,1.0,
184,0,0,500,1.0,
185,0,0,500,1.0,
186,0,0,500,1.0,
187,0,0,500,1.0,
188,0,0,500,1.0,
189,0,0,500,1.0,
190,0,0,500,1.0,
191,0,0,500,1.0,
192,0,0,500,1.0,
193,0,0,500,1.0,
194,0,0,500,1.0,
195,0,0,500,1.0,
196,0,0,500,1.0,
197,0,0,500,1.0,
198,0,0,500,1.0,
199,0,0,500,1.0,
200,0,0,500,1.0,
1,499,1,0,1.0,1.0
2,495,5,0,0.9921666666666666,0.9960207283566969
3,492,8,0,0.9865,0.9930613930666953
4,489,11,0,0.9806666666666667,0.9900130123869787
5,485,13,2,0.9793333333333333,0.9891497853707625
6,479,18,3,0.9746666666666667,0.9865247564117493
7,473,21,6,0.968,0.9828701220851235
8,463,27,10,0.9591666666666666,0.9776934400866226
9,449,41,10,0.9411666666666667,0.9668159018391419
10,442,46,12,0.934,0.9622901540135458
11,428,58,14,0.9176666666666666,0.9513862323959845
12,410,72,18,0.8961666666666667,0.936086296033804
13,387,90,23,0.8606666666666667,0.9095013720836663
14,367,108,25,0.8338333333333333,0.8861550171057337
15,336,135,29,0.7983333333333333,0.8491446750330031
16,307,157,36,0.7778333333333334,0.8177370582702689
17,280,176,44,0.7656666666666667,0.7893006261337007
18,249,199,52,0.7571666666666667,0.7546718029527529
19,223,218,59,0.7526666666666667,0.7211543983049149
20,190,239,71,0.7626666666666667,0.6858122544037877
21,172,249,79,0.778,0.6761536700389077
22,138,272,90,0.7965,0.6300162970358307
23,110,290,100,0.8336666666666667,0.6199268874150295
24,84,307,109,0.8666666666666667,0.6004972633569943
25,71,306,123,0.8891666666666667,0.6071521668551674
26,65,300,135,0.9003333333333333,0.6140815661484558
27,55,300,145,0.916,0.6151925686668772
28,45,293,162,0.93,0.6100665723612585
29,36,292,172,0.9435,0.606130137977964
30,33,279,188,0.951,0.6272483598965812
31,28,270,202,0.9595,0.6347006280469013
32,23,268,209,0.9655,0.6205791310139136
33,20,256,224,0.9706666666666667,0.6323982720178372
34,18,250,232,0.9743333333333334,0.6406134646352037
35,17,243,240,0.976,0.6442779854416683
36,12,232,256,0.9831666666666666,0.645006038647343
37,10,225,265,0.9868333333333333,0.663855072463768
38,7,220,273,0.9905,0.6529606625258799
39,6,213,281,0.9928333333333333,0.6965700483091787
40,6,205,289,0.9928333333333333,0.6965700483091787
41,6,199,295,0.9928333333333333,0.6965700483091787
42,6,188,306,0.9933333333333333,0.717427536231884
43,5,175,320,0.9945,0.7217826086956523
44,4,165,331,0.9963333333333333,0.7704710144927536
45,4,160,336,0.9963333333333333,0.7704710144927536
46,4,153,343,0.9965,0.7813405797101449
47,4,146,350,0.9965,0.7813405797101449
48,4,143,353,0.9966666666666667,0.7913405797101449
49,4,139,357,0.9966666666666667,0.7913405797101449
50,4,129,367,0.997,0.8122101449275362
51,4,126,370,0.997,0.8122101449275362
52,3,122,375,0.9975,0.7907246376811594
53,3,118,379,0.9975,0.7907246376811594
54,3,109,388,0.9976666666666667,0.8040579710144927
55,3,108,389,0.9976666666666667,0.8040579710144927
56,3,103,394,0.9978333333333333,0.8185507246376812
57,3,101,396,0.998,0.8330434782608697
58,3,97,400,0.9981666666666666,0.8463768115942031
59,0,99,401,1.0,
60,0,94,406,1.0,
61,0,92,408,1.0,
62,0,89,411,1.0,
63,0,87,413,1.0,
64,0,85,415,1.0,
65,0,82,418,1.0,
66,0,75,425,1.0,
67,0,71,429,1.0,
68,0,70,430,1.0,
69,0,67,433,1.0,
70,0,66,434,1.0,
71,0,64,436,1.0,
72,0,61,439,1.0,
73,0,60,440,1.0,
74,0,55,445,1.0,
75,0,54,446,1.0,
76,0,52,448,1.0,
77,0,52,448,1.0,
78,0,51,449,1.0,
79,0,51,449,1.0,
80,0,50,450,1.0,
81,0,48,452,1.0,
82,0,48,452,1.0,
83,0,47,453,1.0,
84,0,46,454,1.0,
85,0,44,456,1.0,
86,0,42,458,1.0,
87,0,40,460,1.0,
88,0,39,461,1.0,
89,0,35,465,1.0,
90,0,33,467,1.0,
91,0,31,469,1.0,
92,0,26,474,1.0,
93,0,25,475,1.0,
94,0,23,477,1.0,
95,0,22,478,1.0,
96,0,22,478,1.0,
97,0,22,478,1.0,
98,0,20,480,1.0,
99,0,19,481,1.0,
100,0,18,482,1.0,
101,0,16,484,1.0,
102,0,15,485,1.0,
103,0,14,486,1.0,
104,0,12,488,1.0,
105,0,12,488,1.0,
106,0,11,489,1.0,
107,0,11,489,1.0,
108,0,10,490,1.0,
109,0,9,491,1.0,
110,0,8,492,1.0,
111,0,8,492,1.0,
112,0,8,492,1.0,
113,0,8,492,1.0,
114,0,8,492,1.0,
115,0,7,493,1.0,
116,0,7,493,1.0,
117,0,7,493,1.0,
118,0,7,493,1.0,
119,0,6,494,1.0,
120,0,6,494,1.0,
121,0,5,495,1.0,
122,0,5,495,1.0,
123,0,5,495,1.0,
124,0,5,495,1.0,
125,0,5,495,1.0,
126,0,5,495,1.0,
127,0,5,495,1.0,
128,0,5,495,1.0,
129,0,5,495,1.0,
130,0,5,495,1.0,
131,0,5,495,1.0,
132,0,5,495,1.0,
133,0,5,495,1.0,
134,0,5,495,1.0,
135,0,4,496,1.0,
136,0,4,496,1.0,
137,0,4,496,1.0,
138,0,4,496,1.0,
139,0,4,496,1.0,
140,0,4,496,1.0,
141,0,4,496,1.0,
142,0,4,496,1.0,
143,0,4,496,1.0,
144,0,4,496,1.0,
145,0,4,496,1.0,
146,0,3,497,1.0,
147,0,3,497,1.0,
148,0,3,497,1.0,
149,0,3,497,1.0,
150,0,3,497,1.0,
151,0,3,497,1.0,
152,0,3,497,1.0,
153,0,3,497,1.0,
154,0,3,497,1.0,
155,0,3,497,1.0,
156,0,3,497,1.0,
157,0,3,497,1.0,
158,0,2,498,1.0,
159,0,2,498,1.0,
160,0,2,498,1.0,
161,0,2,498,1.0,
162,0,2,498,1.0,
163,0,2,498,1.0,
164,0,2,498,1.0,
165,0,2,498,1.0,
166,0,1,499,1.0,
167,0,1,499,1.0,
168,0,1,499,1.0,
169,0,1,499,1.0,
170,0,1,499,1.0,
171,0,1,499,1.0,
172,0,1,499,1.0,
173,0,1,499,1.0,
174,0,1,499,1.0,
175,0,1,499,1.0,
176,0,1,499,1.0,
177,0,1,499,1.0,
178,0,1,499,1.0,
179,0,1,499,1.0,
180,0,1,499,1.0,
181,0,1,499,1.0,
182,0,1,499,1.0,
183,0,1,499,1.0,
184,0,1,499,1.0,
185,0,1,499,1.0,
186,0,1,499,1.0,
187,0,1,499,1.0,
188,0,1,499,1.0,
189,0,1,499,1.0,
190,0,1,499,1.0,
191,0,1,499,1.0,
192,0,1,499,1.0,
193,0,1,499,1.0,
194,0,1,499,1.0,
195,0,1,499,1.0,
196,0,1,499,1.0,
197,0,1,499,1.0,
198,0,1,499,1.0,
199,0,1,499,1.0,
200,0,1,499,1.0,
1,497,3,0,0.9953333333333333,1.0
2,494,6,0,0.9923333333333333,0.9984720649129959
3,493,6,1,0.992,0.9982716267018825
4,488,10,2,0.9848333333333333,0.9945619004922576
5,483,14,3,0.977,0.990427070543084
6,477,19,4,0.9708333333333333,0.9870096982860674
7,470,25,5,0.9583333333333334,0.9800984308755646
8,457,38,5,0.9396666666666667,0.9690985258407122
9,444,48,8,0.924,0.9591252582230956
10,430,61,9,0.9021666666666667,0.9451676679668799
11,406,83,11,0.8678333333333333,0.9206830763959143
12,375,108,17,0.8288333333333333,0.8878079342986247
13,339,138,23,0.8008333333333333,0.8548328903569092
14,310,161,29,0.7686666666666667,0.8148319307912009
15,282,186,32,0.7656666666666667,0.793636469846292
16,257,208,35,0.7501666666666666,0.7586052409397015
17,229,226,45,0.7565,0.7351313565714761
18,198,244,58,0.7626666666666667,0.7016108502101736
19,179,250,71,0.7775,0.6902058383454786
20,153,265,82,0.7965,0.6685401389895943
21,135,272,93,0.8111666666666667,0.6522256024095128
22,107,291,102,0.835,0.614584481182705
23,80,305,115,0.8683333333333333,0.5892906047668781
24,61,315,124,0.895,0.569471680894409
25,48,309,143,0.9171666666666667,0.5682951557472322
26,35,312,153,0.9373333333333334,0.5451304430112143
27,30,304,166,0.9476666666666667,0.5556333803562585
28,23,300,177,0.9595,0.5516956974520371
29,19,295,186,0.9676666666666667,0.5665797299710795
30,18,282,200,0.9708333333333333,0.5874205000472519
31,14,274,212,0.9775,0.5837392265149134
32,13,261,226,0.9796666666666667,0.5963738898606663
33,11,251,238,0.9831666666666666,0.6070612184224109
34,6,243,251,0.9911666666666666,0.623062049358515
35,5,234,261,0.993,0.6505507015014498
36,3,225,272,0.9956666666666667,0.6367693660208764
37,3,215,282,0.996,0.6658234815807642
38,3,205,292,0.9961666666666666,0.6803505393607081
39,3,197,300,0.9965,0.7081940667722673
40,3,187,310,0.9966666666666667,0.7221158304780468
41,2,180,318,0.9971666666666666,0.647362012318752
42,2,173,325,0.9971666666666666,0.647362012318752
43,2,171,327,0.9973333333333333,0.6682446578774216
44,2,164,334,0.9973333333333333,0.6682446578774216
45,1,162,337,0.999,0.7517752401120993
46,1,155,344,0.999,0.7517752401120993
47,1,147,352,0.999,0.7517752401120993
48,1,140,359,0.999,0.7517752401120993
49,1,137,362,0.999,0.7517752401120993
50,1,136,363,0.999,0.7517752401120993
51,0,133,367,1.0,
52,0,127,373,1.0,
53,0,118,382,1.0,
54,0,109,391,1.0,
55,0,103,397,1.0,
56,0,97,403,1.0,
57,0,94,406,1.0,
58,0,90,410,1.0,
59,0,89,411,1.0,
60,0,87,413,1.0,
61,0,85,415,1.0,
62,0,85,415,1.0,
63,0,82,418,1.0,
64,0,80,420,1.0,
65,0,79,421,1.0,
66,0,77,423,1.0,
67,0,74,426,1.0,
68,0,72,428,1.0,
69,0,71,429,1.0,
70,0,70,430,1.0,
71,0,61,439,1.0,
72,0,56,444,1.0,
73,0,55,445,1.0,
74,0,52,448,1.0,
75,0,51,449,1.0,
76,0,50,450,1.0,
77,0,47,453,1.0,
78,0,45,455,1.0,
79,0,43,457,1.0,
80,0,42,458,1.0,
81,0,42,458,1.0,
82,0,39,461,1.0,
83,0,38,462,1.0,
84,0,36,464,1.0,
85,0,33,467,1.0,
86,0,32,468,1.0,
87,0,32,468,1.0,
88,0,31,469,1.0,
89,0,28,472,1.0,
90,0,26,474,1.0,
91,0,26,474,1.0,
92,0,25,475,1.0,
93,0,25,475,1.0,
94,0,25,475,1.0,
95,0,24,476,1.0,
96,0,23,477,1.0,
97,0,23,477,1.0,
98,0,22,478,1.0,
99,0,22,478,1.0,
100,0,21,479,1.0,
101,0,20,480,1.0,
102,0,19,481,1.0,
103,0,18,482,1.0,
104,0,18,482,1.0,
105,0,17,483,1.0,
106,0,17,483,1.0,
107,0,17,483,1.0,
108,0,16,484,1.0,
109,0,15,485,1.0,
110,0,13,487,1.0,
111,0,11,489,1.0,
112,0,11,489,1.0,
113,0,11,489,1.0,
114,0,11,489,1.0,
115,0,11,489,1.0,
116,0,11,489,1.0,
117,0,10,490,1.0,
118,0,10,490,1.0,
119,0,9,491,1.0,
120,0,8,492,1.0,
121,0,8,492,1.0,
122,0,8,492,1.0,
123,0,8,492,1.0,
124,0,7,493,1.0,
125,0,5,495,1.0,
126,0,5,495,1.0,
127,0,5,495,1.0,
128,0,5,495,1.0,
129,0,4,496,1.0,
130,0,4,496,1.0,
131,0,4,496,1.0,
132,0,3,497,1.0,
133,0,3,497,1.0,
134,0,3,497,1.0,
135,0,3,497,1.0,
136,0,3,497,1.0,
137,0,3,497,1.0,
138,0,2,498,1.0,
139,0,2,498,1.0,
140,0,2,498,1.0,
141,0,2,498,1.0,
142,0,2,498,1.0,
143,0,2,498,1.0,
144,0,2,498,1.0,
145,0,2,498,1.0,
146,0,2,498,1.0,
147,0,2,498,1.0,
148,0,2,498,1.0,
149,0,2,498,1.0,
150,0,2,498,1.0,
151,0,2,498,1.0,
152,0,2,498,1.0,
153,0,2,498,1.0,
154,0,2,498,1.0,
155,0,2,498,1.0,
156,0,2,498,1.0,
157,0,2,498,1.0,
158,0,1,499,1.0,
159,0,1,499,1.0,
160,0,1,499,1.0,
161,0,1,499,1.0,
162,0,1,499,1.0,
163,0,1,499,1.0,
164,0,1,499,1.0,
165,0,1,499,1.0,
166,0,1,499,1.0,
167,0,1,499,1.0,
168,0,1,499,1.0,
169,0,1,499,1.0,
170,0,1,499,1.0,
171,0,1,499,1.0,
172,0,1,499,1.0,
173,0,1,499,1.0,
174,0,1,499,1.0,
175,0,1,499,1.0,
176,0,1,499,1.0,
177,0,1,499,1.0,
178,0,1,499,1.0,
179,0,1,499,1.0,
180,0,0,500,1.0,
181,0,0,500,1.0,
182,0,0,500,1.0,
183,0,0,500,1.0,
184,0,0,500,1.0,
185,0,0,500,1.0,
186,0,0,500,1.0,
187,0,0,500,1.0,
188,0,0,500,1.0,
189,0,0,500,1.0,
190,0,0,500,1.0,
191,0,0,500,1.0,
192,0,0,500,1.0,
193,0,0,500,1.0,
194,0,0,500,1.0,
195,0,0,500,1.0,
196,0,0,500,1.0,
197,0,0,500,1.0,
198,0,0,500,1.0,
199,0,0,500,1.0,
200,0,0,500,1.0,
1,495,5,0,0.9925,1.0
2,491,9,0,0.9838333333333333,0.9955141516498648
3,488,12,0,0.9793333333333333,0.9931055088580334
4,485,15,0,0.9758333333333333,0.9912548320885538
5,484,16,0,0.9751666666666666,0.9908863468421338
6,474,26,0,0.966,0.9857555348551622
7,459,39,2,0.9415,0.9717886354970222
8,440,58,2,0.9088333333333334,0.9519216195090775
9,427,70,3,0.8961666666666667,0.9429985493754492
10,400,95,5,0.8561666666666666,0.9135198102368014
11,376,114,10,0.8271666666666667,0.8885327138851242
12,350,133,17,0.7913333333333333,0.8540021889600387
13,326,152,22,0.7686666666666667,0.8255803974614544
14,295,172,33,0.7551666666666667,0.7956865039901698
15,252,210,38,0.7258333333333333,0.7308338222514739
16,218,233,49,0.7375,0.7021426976969385
17,180,261,59,0.751,0.6570450732007177
18,152,278,70,0.7805,0.642100382494926
19,123,297,80,0.8065,0.6105812079266351
20,101,305,94,0.8383333333333334,0.6030545724314409
21,81,314,105,0.8666666666666667,0.5916061141260984
22,67,316,117,0.89,0.5928071772580642
23,51,317,132,0.9108333333333334,0.5650864514495907
24,41,311,148,0.9276666666666666,0.5590888852202589
25,33,308,159,0.943,0.5687299784379098
26,24,306,170,0.9581666666666667,0.5647256583126379
27,20,299,181,0.9648333333333333,0.5621596662904683
28,16,289,195,0.9736666666666667,0.5886176471136809
29,14,281,205,0.9775,0.5961228542197698
30,13,268,219,0.9801666666666666,0.6158954485421542
31,12,256,232,0.9821666666666666,0.6272004247573948
32,10,245,245,0.9861666666666666,0.6529854119318067
33,10,235,255,0.9865,0.661183316690548
34,9,227,264,0.9876666666666667,0.6531409656498418
35,7,221,272,0.9913333333333333,0.685843217235288
36,7,213,280,0.9918333333333333,0.704548032250796
37,6,205,289,0.9938333333333333,0.738623702198029
38,6,201,293,0.9943333333333333,0.7601428991024443
39,5,197,298,0.9955,0.7725088601404744
40,4,190,306,0.9966666666666667,0.7883300161744248
41,4,178,318,0.997,0.8096976694386682
42,4,173,323,0.9973333333333333,0.8310653227029114
43,4,169,327,0.9975,0.8419764647952911
44,3,165,332,0.998,0.8292467990208482
45,1,161,338,0.9996666666666667,0.9165359357598848
46,1,156,343,0.9996666666666667,0.9165359357598848
47,1,152,347,0.9996666666666667,0.9165359357598848
48,1,147,352,0.9996666666666667,0.9165359357598848
49,0,143,357,1.0,
50,0,137,363,1.0,
51,0,133,367,1.0,
52,0,124,376,1.0,
53,0,118,382,1.0,
54,0,115,385,1.0,
55,0,112,388,1.0,
56,0,110,390,1.0,
57,0,106,394,1.0,
58,0,100,400,1.0,
59,0,94,406,1.0,
60,0,90,410,1.0,
61,0,87,413,1.0,
62,0,85,415,1.0,
63,0,79,421,1.0,
64,0,77,423,1.0,
65,0,74,426,1.0,
66,0,71,429,1.0,
67,0,66,434,1.0,
68,0,66,434,1.0,
69,0,62,438,1.0,
70,0,56,444,1.0,
71,0,49,451,1.0,
72,0,44,456,1.0,
73,0,43,457,1.0,
74,0,40,460,1.0,
75,0,39,461,1.0,
76,0,35,465,1.0,
77,0,34,466,1.0,
78,0,33,467,1.0,
79,0,30,470,1.0,
80,0,27,473,1.0,
81,0,27,473,1.0,
82,0,26,474,1.0,
83,0,25,475,1.0,
84,0,25,475,1.0,
85,0,25,475,1.0,
86,0,22,478,1.0,
87,0,21,479,1.0,
88,0,18,482,1.0,
89,0,18,482,1.0,
90,0,16,484,1.0,
91,0,15,485,1.0,
92,0,15,485,1.0,
93,0,14,486,1.0,
94,0,14,486,1.0,
95,0,14,486,1.0,
96,0,14,486,1.0,
97,0,14,486,1.0,
98,0,14,486,1.0,
99,0,14,486,1.0,
100,0,13,487,1.0,
101,0,12,488,1.0,
102,0,10,490,1.0,
103,0,10,490,1.0,
104,0,10,490,1.0,
105,0,10,490,1.0,
106,0,10,490,1.0,
107,0,10,490,1.0,
108,0,10,490,1.0,
109,0,10,490,1.0,
110,0,10,490,1.0,
111,0,10,490,1.0,
112,0,10,490,1.0,
113,0,10,490,1.0,
114,0,10,490,1.0,
115,0,10,490,1.0,
116,0,10,490,1.0,
117,0,10,490,1.0,
118,0,9,491,1.0,
119,0,9,491,1.0,
120,0,8,492,1.0,
121,0,8,492,1.0,
122,0,8,492,1.0,
123,0,7,493,1.0,
124,0,7,493,1.0,
125,0,7,493,1.0,
126,0,7,493,1.0,
127,0,7,493,1.0,
128,0,7,493,1.0,
129,0,7,493,1.0,
130,0,7,493,1.0,
131,0,7,493,1.0,
132,0,7,493,1.0,
133,0,7,493,1.0,
134,0,6,494,1.0,
135,0,6,494,1.0,
136,0,6,494,1.0,
137,0,6,494,1.0,
138,0,6,494,1.0,
139,0,6,494,1.0,
140,0,6,494,1.0,
141,0,6,494,1.0,
142,0,6,494,1.0,
143,0,6,494,1.0,
144,0,6,494,1.0,
145,0,5,495,1.0,
146,0,4,496,1.0,
147,0,4,496,1.0,
148,0,4,496,1.0,
149,0,4,496,1.0,
150,0,3,497,1.0,
151,0,3,497,1.0,
152,0,3,497,1.0,
153,0,3,497,1.0,
154,0,3,497,1.0,
155,0,3,497,1.0,
156,0,3,497,1.0,
157,0,2,498,1.0,
158,0,2,498,1.0,
159,0,2,498,1.0,
160,0,1,499,1.0,
161,0,1,499,1.0,
162,0,1,499,1.0,
163,0,1,499,1.0,
164,0,0,500,1.0,
165,0,0,500,1.0,
166,0,0,500,1.0,
167,0,0,500,1.0,
168,0,0,500,1.0,
169,0,0,500,1.0,
170,0,0,500,1.0,
171,0,0,500,1.0,
172,0,0,500,1.0,
173,0,0,500,1.0,
174,0,0,500,1.0,
175,0,0,500,1.0,
176,0,0,500,1.0,
177,0,0,500,1.0,
178,0,0,500,1.0,
179,0,0,500,1.0,
180,0,0,500,1.0,
181,0,0,500,1.0,
182,0,0,500,1.0,
183,0,0,500,1.0,
184,0,0,500,1.0,
185,0,0,500,1.0,
186,0,0,500,1.0,
187,0,0,500,1.0,
188,0,0,500,1.0,
189,0,0,500,1.0,
190,0,0,500,1.0,
191,0,0,500,1.0,
192,0,0,500,1.0,
193,0,0,500,1.0,
194,0,0,500,1.0,
195,0,0,500,1.0,
196,0,0,500,1.0,
197,0,0,500,1.0,
198,0,0,500,1.0,
199,0,0,500,1.0,
200,0,0,500,1.0,
1,498,2,0,0.9981666666666666,1.0
2,494,6,0,0.9925,0.997154873313719
3,493,7,0,0.9923333333333333,0.9970626284280172
4,491,9,0,0.99,0.9958889863185416
5,485,15,0,0.9746666666666667,0.9879801124703879
6,480,20,0,0.9641666666666666,0.9823320532666857
7,467,33,0,0.9433333333333334,0.9705904295010297
8,450,49,1,0.9235,0.9583535817542228
9,437,58,5,0.9133333333333333,0.9511132902674947
10,424,70,6,0.8933333333333333,0.9378788303399825
11,402,90,8,0.8606666666666667,0.9142058094356995
12,378,112,10,0.8353333333333334,0.8918898211225385
13,348,132,20,0.8081666666666667,0.8627140180360074
14,315,161,24,0.7733333333333333,0.8205151326305382
15,289,173,38,0.7721666666666667,0.8032318860861742
16,262,192,46,0.7651666666666667,0.7768077012681199
17,235,210,55,0.7623333333333333,0.7483849168948473
18,214,223,63,0.7635,0.7254144665400424
19,179,242,79,0.7815,0.6974441191310913
20,157,256,87,0.788,0.6643146767284651
21,131,270,99,0.8108333333333333,0.640903129229825
22,106,286,108,0.838,0.6192458150095586
23,82,294,124,0.8665,0.5927035200606936
24,69,296,135,0.8856666666666667,0.5851177044776525
25,59,294,147,0.9026666666666666,0.5876648612279176
26,50,293,157,0.9186666666666666,0.5915576504484322
27,43,290,167,0.9293333333333333,0.5866960677528643
28,29,291,180,0.9521666666666667,0.5886244094456333
29,25,281,194,0.9601666666666666,0.6022777368773431
30,21,276,203,0.9663333333333334,0.5969747377739656
31,16,273,211,0.9751666666666666,0.6065424545417022
32,13,269,218,0.9801666666666666,0.6173971329885328
33,12,262,226,0.9821666666666666,0.6265976482869475
34,10,257,233,0.9861666666666666,0.6505948665366008
35,9,252,239,0.9876666666666667,0.6545993777869684
36,8,240,252,0.9896666666666667,0.6751356945383244
37,6,230,264,0.9916666666666667,0.6482811310164148
38,5,223,272,0.9923333333333333,0.6125669187863317
39,5,217,278,0.9923333333333333,0.6125669187863317
40,5,210,285,0.9925,0.6209079716020497
41,3,206,291,0.996,0.6561628215031513
42,2,198,300,0.998,0.7340126477831862
43,2,194,304,0.9981666666666666,0.7548652798224812
44,2,187,311,0.9981666666666666,0.7548652798224812
45,1,184,315,0.9993333333333333,0.8007410703089304
46,1,178,321,0.9993333333333333,0.8007410703089304
47,1,170,329,0.9993333333333333,0.8007410703089304
48,1,162,337,0.9993333333333333,0.8007410703089304
49,1,160,339,0.9993333333333333,0.8007410703089304
50,1,157,342,0.9993333333333333,0.8007410703089304
51,1,149,350,0.9993333333333333,0.8007410703089304
52,1,146,353,0.9995,0.8507873872032384
53,1,137,362,0.9995,0.8507873872032384
54,1,130,369,0.9995,0.8507873872032384
55,1,128,371,0.9995,0.8507873872032384
56,1,124,375,0.9995,0.8507873872032384
57,1,120,379,0.9995,0.8507873872032384
58,1,116,383,0.9995,0.8507873872032384
59,1,114,385,0.9995,0.8507873872032384
60,0,111,389,1.0,
61,0,108,392,1.0,
62,0,103,397,1.0,
63,0,99,401,1.0,
64,0,97,403,1.0,
65,0,91,409,1.0,
66,0,83,417,1.0,
67,0,82,418,1.0,
68,0,79,421,1.0,
69,0,77,423,1.0,
70,0,75,425,1.0,
71,0,70,430,1.0,
72,0,68,432,1.0,
73,0,66,434,1.0,
74,0,60,440,1.0,
75,0,58,442,1.0,
76,0,53,447,1.0,
77,0,51,449,1.0,
78,0,50,450,1.0,
79,0,48,452,1.0,
80,0,47,453,1.0,
81,0,46,454,1.0,
82,0,45,455,1.0,
83,0,42,458,1.0,
84,0,42,458,1.0,
85,0,41,459,1.0,
86,0,41,459,1.0,
87,0,38,462,1.0,
88,0,37,463,1.0,
89,0,33,467,1.0,
90,0,32,468,1.0,
91,0,31,469,1.0,
92,0,30,470,1.0,
93,0,30,470,1.0,
94,0,27,473,1.0,
95,0,25,475,1.0,
96,0,25,475,1.0,
97,0,25,475,1.0,
98,0,23,477,1.0,
99,0,22,478,1.0,
100,0,22,478,1.0,
101,0,20,480,1.0,
102,0,20,480,1.0,
103,0,19,481,1.0,
104,0,19,481,1.0,
105,0,19,481,1.0,
106,0,19,481,1.0,
107,0,18,482,1.0,
108,0,15,485,1.0,
109,0,15,485,1.0,
110,0,14,486,1.0,
111,0,12,488,1.0,
112,0,10,490,1.0,
113,0,10,490,1.0,
114,0,9,491,1.0,
115,0,9,491,1.0,
116,0,8,492,1.0,
117,0,8,492,1.0,
118,0,8,492,1.0,
119,0,8,492,1.0,
120,0,7,493,1.0,
121,0,7,493,1.0,
122,0,7,493,1.0,
123,0,7,493,1.0,
124,0,7,493,1.0,
125,0,7,493,1.0,
126,0,7,493,1.0,
127,0,7,493,1.0,
128,0,7,493,1.0,
129,0,7,493,1.0,
130,0,7,493,1.0,
131,0,7,493,1.0,
132,0,6,494,1.0,
133,0,5,495,1.0,
134,0,5,495,1.0,
135,0,4,496,1.0,
136,0,4,496,1.0,
137,0,4,496,1.0,
138,0,4,496,1.0,
139,0,4,496,1.0,
140,0,4,496,1.0,
141,0,4,496,1.0,
142,0,4,496,1.0,
143,0,4,496,1.0,
144,0,4,496,1.0,
145,0,3,497,1.0,
146,0,3,497,1.0,
147,0,3,497,1.0,
148,0,2,498,1.0,
149,0,2,498,1.0,
150,0,2,498,1.0,
151,0,2,498,1.0,
152,0,2,498,1.0,
153,0,2,498,1.0,
154,0,2,498,1.0,
155,0,1,499,1.0,
156,0,0,500,1.0,
157,0,0,500,1.0,
158,0,0,500,1.0,
159,0,0,500,1.0,
160,0,0,500,1.0,
161,0,0,500,1.0,
162,0,0,500,1.0,
163,0,0,500,1.0,
164,0,0,500,1.0,
165,0,0,500,1.0,
166,0,0,500,1.0,
167,0,0,500,1.0,
168,0,0,500,1.0,
169,0,0,500,1.0,
170,0,0,500,1.0,
171,0,0,500,1.0,
172,0,0,500,1.0,
173,0,0,500,1.0,
174,0,0,500,1.0,
175,0,0,500,1.0,
176,0,0,500,1.0,
177,0,0,500,1.0,
178,0,0,500,1.0,
179,0,0,500,1.0,
180,0,0,500,1.0,
181,0,0,500,1.0,
182,0,0,500,1.0,
183,0,0,500,1.0,
184,0,0,500,1.0,
185,0,0,500,1.0,
186,0,0,500,1.0,
187,0,0,500,1.0,
188,0,0,500,1.0,
189,0,0,500,1.0,
190,0,0,500,1.0,
191,0,0,500,1.0,
192,0,0,500,1.0,
193,0,0,500,1.0,
194,0,0,500,1.0,
195,0,0,500,1.0,
196,0,0,500,1.0,
197,0,0,500,1.0,
198,0,0,500,1.0,
199,0,0,500,1.0,
200,0,0,500,1.0,
1,499,1,0,1.0,1.0
2,497,3,0,0.9951666666666666,0.997567859778515
3,492,8,0,0.9903333333333333,0.99514195301576
4,487,13,0,0.9781666666666666,0.9888737998866559
5,481,18,1,0.9721666666666666,0.9855877987985011
6,470,28,2,0.9518333333333333,0.9744326320542787
7,458,39,3,0.9303333333333333,0.9620538505753049
8,440,54,6,0.9033333333333333,0.9451155468013176
9,413,78,9,0.8726666666666667,0.9229896847293416
10,396,90,14,0.8633333333333333,0.9137996184998821
11,372,110,18,0.8368333333333333,0.8903172362674467
12,342,138,20,0.809,0.8604366245670593
13,316,162,22,0.789,0.8326695087103728
14,285,184,31,0.7783333333333333,0.8050215567126322
15,246,217,37,0.7553333333333333,0.7503827893824359
16,227,225,48,0.7668333333333334,0.7415106077603684
17,201,236,63,0.7728333333333334,0.7156280724667055
18,180,251,69,0.7735,0.6834510968544785
19,162,256,82,0.789,0.6723754782920107
20,145,263,92,0.7965,0.6465249375534232
21,120,281,99,0.8136666666666666,0.6082364114012665
22,106,285,109,0.8293333333333334,0.5932931272841035
23,86,294,120,0.8585,0.5846511491354768
24,68,299,133,0.8853333333333333,0.5746230414229136
25,55,303,142,0.9096666666666666,0.586554860598339
26,40,309,151,0.9325,0.5743899067920808
27,34,305,161,0.9428333333333333,0.5764940276641044
28,30,298,172,0.9503333333333334,0.5806615679006983
29,22,297,181,0.963,0.5734787504253909
30,18,291,191,0.9706666666666667,0.5866355062007236
31,13,291,196,0.9796666666666667,0.6027966236661888
32,12,280,208,0.9815,0.6082047964113181
33,10,273,217,0.985,0.615860248447205
34,9,264,227,0.9871666666666666,0.6350630064156635
35,9,249,242,0.988,0.6585755182373538
36,9,240,251,0.9881666666666666,0.66340643611175
37,8,234,258,0.9898333333333333,0.6761976650563606
38,6,224,270,0.9926666666666667,0.6833574879227052
39,5,212,283,0.994,0.6904223602484473
40,5,205,290,0.9943333333333333,0.7071180124223604
41,3,197,300,0.9966666666666667,0.7018633540372671
42,3,194,303,0.9968333333333333,0.7163561076604554
43,2,185,313,0.9981666666666666,0.7505175983436853
44,2,177,321,0.9981666666666666,0.7505175983436853
45,2,169,329,0.9983333333333333,0.7722567287784678
46,2,160,338,0.9988333333333334,0.8374741200828157
47,2,156,342,0.9988333333333334,0.8374741200828157
48,2,152,346,0.999,0.8612836438923395
49,2,147,351,0.999,0.8612836438923395
50,2,144,354,0.999,0.8612836438923395
51,1,138,361,0.9995,0.8571428571428571
52,1,132,367,0.9995,0.8571428571428571
53,1,126,373,0.9995,0.8571428571428571
54,1,122,377,0.9995,0.8571428571428571
55,1,118,381,0.9995,0.8571428571428571
56,1,114,385,0.9995,0.8571428571428571
57,1,112,387,0.9995,0.8571428571428571
58,1,112,387,0.9995,0.8571428571428571
59,1,106,393,0.9995,0.8571428571428571
60,1,103,396,0.9995,0.8571428571428571
61,1,97,402,0.9995,0.8571428571428571
62,1,88,411,0.9998333333333334,0.9523809523809523
63,1,86,413,0.9998333333333334,0.9523809523809523
64,1,84,415,0.9998333333333334,0.9523809523809523
65,1,80,419,0.9998333333333334,0.9523809523809523
66,1,75,424,0.9998333333333334,0.9523809523809523
67,1,68,431,0.9998333333333334,0.9523809523809523
68,1,61,438,0.9998333333333334,0.9523809523809523
69,1,56,443,0.9998333333333334,0.9523809523809523
70,1,55,444,0.9998333333333334,0.9523809523809523
71,1,54,445,0.9998333333333334,0.9523809523809523
72,1,50,449,0.9998333333333334,0.9523809523809523
73,1,47,452,0.9998333333333334,0.9523809523809523
74,1,44,455,0.9998333333333334,0.9523809523809523
75,1,42,457,0.9998333333333334,0.9523809523809523
76,1,41,458,0.9998333333333334,0.9523809523809523
77,1,39,460,0.9998333333333334,0.9523809523809523
78,0,40,460,1.0,
79,0,37,463,1.0,
80,0,35,465,1.0,
81,0,32,468,1.0,
82,0,32,468,1.0,
83,0,31,469,1.0,
84,0,29,471,1.0,
85,0,29,471,1.0,
86,0,29,471,1.0,
87,0,29,471,1.0,
88,0,29,471,1.0,
89,0,27,473,1.0,
90,0,26,474,1.0,
91,0,25,475,1.0,
92,0,25,475,1.0,
93,0,23,477,1.0,
94,0,22,478,1.0,
95,0,20,480,1.0,
96,0,20,480,1.0,
97,0,20,480,1.0,
98,0,19,481,1.0,
99,0,19,481,1.0,
100,0,18,482,1.0,
101,0,17,483,1.0,
102,0,16,484,1.0,
103,0,14,486,1.0,
104,0,13,487,1.0,
105,0,11,489,1.0,
106,0,11,489,1.0,
107,0,11,489,1.0,
108,0,11,489,1.0,
109,0,10,490,1.0,
110,0,9,491,1.0,
111,0,9,491,1.0,
112,0,8,492,1.0,
113,0,8,492,1.0,
114,0,8,492,1.0,
115,0,8,492,1.0,
116,0,7,493,1.0,
117,0,7,493,1.0,
118,0,6,494,1.0,
119,0,4,496,1.0,
120,0,4,496,1.0,
121,0,4,496,1.0,
122,0,3,497,1.0,
123,0,3,497,1.0,
124,0,3,497,1.0,
125,0,3,497,1.0,
126,0,3,497,1.0,
127,0,3,497,1.0,
128,0,3,497,1.0,
129,0,3,497,1.0,
130,0,3,497,1.0,
131,0,3,497,1.0,
132,0,3,497,1.0,
133,0,2,498,1.0,
134,0,2,498,1.0,
135,0,1,499,1.0,
136,0,1,499,1.0,
137,0,1,499,1.0,
138,0,1,499,1.0,
139,0,1,499,1.0,
140,0,1,499,1.0,
141,0,1,499,1.0,
142,0,1,499,1.0,
143,0,1,499,1.0,
144,0,1,499,1.0,
145,0,1,499,1.0,
146,0,1,499,1.0,
147,0,1,499,1.0,
148,0,1,499,1.0,
149,0,1,499,1.0,
150,0,1,499,1.0,
151,0,1,499,1.0,
152,0,1,499,1.0,
153,0,0,500,1.0,
154,0,0,500,1.0,
155,0,0,500,1.0,
156,0,0,500,1.0,
157,0,0,500,1.0,
158,0,0,500,1.0,
159,0,0,500,1.0,
160,0,0,500,1.0,
161,0,0,500,1.0,
162,0,0,500,1.0,
163,0,0,500,1.0,
164,0,0,500,1.0,
165,0,0,500,1.0,
166,0,0,500,1.0,
167,0,0,500,1.0,
168,0,0,500,1.0,
169,0,0,500,1.0,
170,0,0,500,1.0,
171,0,0,500,1.0,
172,0,0,500,1.0,
173,0,0,500,1.0,
174,0,0,500,1.0,
175,0,0,500,1.0,
176,0,0,500,1.0,
177,0,0,500,1.0,
178,0,0,500,1.0,
179,0,0,500,1.0,
180,0,0,500,1.0,
181,0,0,500,1.0,
182,0,0,500,1.0,
183,0,0,500,1.0,
184,0,0,500,1.0,
185,0,0,500,1.0,
186,0,0,500,1.0,
187,0,0,500,1.0,
188,0,0,500,1.0,
189,0,0,500,1.0,
190,0,0,500,1.0,
191,0,0,500,1.0,
192,0,0,500,1.0,
193,0,0,500,1.0,
194,0,0,500,1.0,
195,0,0,500,1.0,
196,0,0,500,1.0,
197,0,0,500,1.0,
198,0,0,500,1.0,
199,0,0,500,1.0,
200,0,0,500,1.0,
1,498,2,0,0.9983333333333333,1.0
2,498,2,0,0.9983333333333333,1.0
3,495,5,0,0.9916666666666667,0.9966282376620459
4,492,7,1,0.9886666666666667,0.9950775318257222
5,489,9,2,0.985,0.9931579706323918
6,485,13,2,0.9781666666666666,0.9896116637136212
7,481,15,4,0.9771666666666666,0.9889508227098804
8,476,17,7,0.9733333333333334,0.9867961770689153
9,469,24,7,0.965,0.9821162668542643
10,462,29,9,0.9553333333333334,0.9766001306522873
11,456,35,9,0.9501666666666667,0.9735326101218559
12,445,44,11,0.9411666666666667,0.9678824510289722
13,435,46,19,0.9415,0.9673223939154029
14,421,55,24,0.9353333333333333,0.962500280624044
15,404,68,28,0.9151666666666667,0.9483273917977982
16,389,80,31,0.8986666666666666,0.9353574492718756
17,367,99,34,0.8788333333333334,0.9179015113904464
18,344,121,35,0.8511666666666666,0.8922216917422017
19,318,141,41,0.8273333333333334,0.8646069322792922
20,299,153,48,0.812,0.8432916476172009
21,274,173,53,0.7966666666666666,0.8148915841714769
22,252,191,57,0.7791666666666667,0.7809340213278471
23,226,201,73,0.7783333333333333,0.7550254665428716
24,203,218,79,0.7808333333333334,0.7299591648124658
25,171,233,96,0.7891666666666667,0.6911300801060023
26,145,248,107,0.8043333333333333,0.66132313001401
27,127,256,117,0.823,0.650434769546929
28,96,276,128,0.859,0.6306668095852573
29,80,276,144,0.8868333333333334,0.6433474731346023
30,60,283,157,0.9115,0.6295726871690057
31,46,281,173,0.931,0.6246193796781094
32,37,278,185,0.9443333333333334,0.6238673619731638
33,33,269,198,0.9498333333333333,0.6219767896802425
34,27,261,212,0.9593333333333334,0.6277768935536603
35,24,252,224,0.9648333333333333,0.6330095644856016
36,19,248,233,0.9703333333333334,0.6090401266680037
37,17,239,244,0.9736666666666667,0.6127634294307598
38,12,232,256,0.9825,0.6327463259132966
39,11,224,265,0.9846666666666667,0.6525231353416393
40,9,219,272,0.9876666666666667,0.6566700356731112
41,8,212,280,0.9893333333333333,0.6657762475837287
42,7,210,283,0.9908333333333333,0.6738580210316145
43,6,204,290,0.9921666666666666,0.6749638168438985
44,5,187,308,0.993,0.6514910592501741
45,5,178,317,0.9936666666666667,0.6852148428875036
46,5,174,321,0.9938333333333333,0.6929135726508641
47,5,166,329,0.994,0.7012538632278379
48,4,158,338,0.9953333333333333,0.7097615174953198
49,4,150,346,0.9953333333333333,0.7097615174953198
50,2,146,352,0.998,0.7522997888327283
51,1,141,358,0.9991666666666666,0.8083666251528537
52,0,133,367,1.0,
53,0,128,372,1.0,
54,0,125,375,1.0,
55,0,118,382,1.0,
56,0,112,388,1.0,
57,0,109,391,1.0,
58,0,104,396,1.0,
59,0,102,398,1.0,
60,0,95,405,1.0,
61,0,92,408,1.0,
62,0,91,409,1.0,
63,0,89,411,1.0,
64,0,86,414,1.0,
65,0,82,418,1.0,
66,0,80,420,1.0,
67,0,77,423,1.0,
68,0,75,425,1.0,
69,0,70,430,1.0,
70,0,67,433,1.0,
71,0,64,436,1.0,
72,0,60,440,1.0,
73,0,57,443,1.0,
74,0,54,446,1.0,
75,0,53,447,1.0,
76,0,50,450,1.0,
77,0,50,450,1.0,
78,0,50,450,1.0,
79,0,48,452,1.0,
80,0,44,456,1.0,
81,0,42,458,1.0,
82,0,41,459,1.0,
83,0,41,459,1.0,
84,0,41,459,1.0,
85,0,41,459,1.0,
86,0,39,461,1.0,
87,0,37,463,1.0,
88,0,35,465,1.0,
89,0,34,466,1.0,
90,0,33,467,1.0,
91,0,33,467,1.0,
92,0,32,468,1.0,
93,0,32,468,1.0,
94,0,31,469,1.0,
95,0,30,470,1.0,
96,0,28,472,1.0,
97,0,25,475,1.0,
98,0,23,477,1.0,
99,0,21,479,1.0,
100,0,21,479,1.0,
101,0,20,480,1.0,
102,0,19,481,1.0,
103,0,19,481,1.0,
104,0,19,481,1.0,
105,0,19,481,1.0,
106,0,17,483,1.0,
107,0,15,485,1.0,
108,0,15,485,1.0,
109,0,15,485,1.0,
110,0,15,485,1.0,
111,0,14,486,1.0,
112,0,14,486,1.0,
113,0,14,486,1.0,
114,0,12,488,1.0,
115,0,11,489,1.0,
116,0,9,491,1.0,
117,0,8,492,1.0,
118,0,8,492,1.0,
119,0,8,492,1.0,
120,0,8,492,1.0,
121,0,8,492,1.0,
122,0,7,493,1.0,
123,0,6,494,1.0,
124,0,6,494,1.0,
125,0,6,494,1.0,
126,0,6,494,1.0,
127,0,5,495,1.0,
128,0,4,496,1.0,
129,0,4,496,1.0,
130,0,4,496,1.0,
131,0,4,496,1.0,
132,0,4,496,1.0,
133,0,4,496,1.0,
134,0,4,496,1.0,
135,0,4,496,1.0,
136,0,4,496,1.0,
137,0,4,496,1.0,
138,0,4,496,1.0,
139,0,4,496,1.0,
140,0,4,496,1.0,
141,0,4,496,1.0,
142,0,4,496,1.0,
143,0,3,497,1.0,
144,0,3,497,1.0,
145,0,3,497,1.0,
146,0,3,497,1.0,
147,0,3,497,1.0,
148,0,3,497,1.0,
149,0,3,497,1.0,
150,0,3,497,1.0,
151,0,3,497,1.0,
152,0,3,497,1.0,
153,0,3,497,1.0,
154,0,3,497,1.0,
155,0,3,497,1.0,
156,0,3,497,1.0,
157,0,3,497,1.0,
158,0,3,497,1.0,
159,0,3,497,1.0,
160,0,3,497,1.0,
161,0,3,497,1.0,
162,0,3,497,1.0,
163,0,3,497,1.0,
164,0,3,497,1.0,
165,0,3,497,1.0,
166,0,3,497,1.0,
167,0,2,498,1.0,
168,0,2,498,1.0,
169,0,2,498,1.0,
170,0,2,498,1.0,
171,0,2,498,1.0,
172,0,2,498,1.0,
173,0,2,498,1.0,
174,0,2,498,1.0,
175,0,2,498,1.0,
176,0,1,499,1.0,
177,0,1,499,1.0,
178,0,1,499,1.0,
179,0,1,499,1.0,
180,0,1,499,1.0,
181,0,1,499,1.0,
182,0,1,499,1.0,
183,0,1,499,1.0,
184,0,1,499,1.0,
185,0,1,499,1.0,
186,0,1,499,1.0,
187,0,1,499,1.0,
188,0,1,499,1.0,
189,0,0,500,1.0,
190,0,0,500,1.0,
191,0,0,500,1.0,
192,0,0,500,1.0,
193,0,0,500,1.0,
194,0,0,500,1.0,
195,0,0,500,1.0,
196,0,0,500,1.0,
197,0,0,500,1.0,
198,0,0,500,1.0,
199,0,0,500,1.0,
200,0,0,500,1.0,
