day,s,i,r,edgecount,suscedgecount
1,998,2,0,0.9995,0.9997995991983968
2,997,3,0,0.9995,0.9997993981945837
3,997,3,0,0.9995,0.9997993981945837
4,997,3,0,0.9995,0.9997993981945837
5,996,4,0,0.999,0.9995481927710843
6,996,4,0,0.999,0.9995481927710843
7,995,5,0,0.9985,0.9992964824120603
8,995,5,0,0.9985,0.9992964824120603
9,995,5,0,0.9985,0.9992964824120603
10,995,5,0,0.9985,0.9992964824120603
11,993,7,0,0.9985,0.9992950654582075
12,993,7,0,0.9985,0.9992950654582075
13,992,8,0,0.998,0.9990423387096774
14,990,10,0,0.9975,0.9987878787878788
15,990,10,0,0.9975,0.9987878787878788
16,989,10,1,0.998,0.9989888776541962
17,988,11,1,0.9975,0.9987348178137652
18,987,11,2,0.9975,0.9987335359675785
19,987,11,2,0.9975,0.9987335359675785
20,987,11,2,0.9975,0.9987335359675785
21,986,12,2,0.9975,0.9987322515212982
22,985,13,2,0.997,0.9984771573604061
23,982,16,2,0.996,0.9980142566191446
24,981,17,2,0.9955,0.9977573904179409
25,978,18,4,0.996,0.9980061349693251
26,977,18,5,0.996,0.9980040941658137
27,976,19,5,0.9955,0.9977459016393442
28,976,19,5,0.9955,0.9977459016393442
29,976,19,5,0.9955,0.9977459016393442
30,974,18,8,0.997,0.9985112936344969
31,970,21,9,0.9955,0.9977835051546392
32,970,20,10,0.9955,0.9977835051546392
33,969,21,10,0.995,0.9975232198142415
34,968,22,10,0.995,0.9975206611570249
35,967,21,12,0.9955,0.9977766287487073
36,967,21,12,0.9955,0.9977766287487073
37,965,23,12,0.995,0.9975129533678757
38,962,25,13,0.994,0.996985446985447
39,957,29,14,0.9925,0.9961859979101358
40,957,29,14,0.9925,0.9961859979101358
41,951,33,16,0.9945,0.9973186119873817
42,950,34,16,0.9945,0.9973157894736843
43,950,34,16,0.9945,0.9973157894736843
44,948,35,17,0.996,0.9981012658227849
45,948,35,17,0.996,0.9981012658227849
46,948,34,18,0.996,0.9981012658227849
47,942,36,22,0.997,0.998619957537155
48,941,35,24,0.997,0.9986184909670563
49,938,38,24,0.9965,0.9983475479744137
50,935,40,25,0.996,0.9980213903743317
51,933,41,26,0.9965,0.9982851018220794
52,931,39,30,0.9955,0.9976906552094522
53,930,37,33,0.996,0.9979569892473118
54,927,36,37,0.997,0.9984358144552319
55,927,34,39,0.9975,0.9987055016181229
56,926,33,41,0.998,0.9989740820734341
57,925,32,43,0.998,0.998882882882883
58,922,34,44,0.996,0.9977584960231382
59,921,34,45,0.996,0.9977560622511763
60,920,35,45,0.997,0.9984782608695653
61,920,33,47,0.997,0.9984782608695653
62,920,33,47,0.997,0.9984782608695653
63,918,35,47,0.996,0.9979302832244009
64,917,34,49,0.996,0.997928026172301
65,917,32,51,0.996,0.997928026172301
66,916,31,53,0.996,0.9979257641921397
67,916,31,53,0.996,0.9979257641921397
68,916,29,55,0.996,0.9979257641921397
69,914,31,55,0.9965,0.9981947483588621
70,914,30,56,0.997,0.9984135667396061
71,912,31,57,0.997,0.9984100877192982
72,910,33,57,0.996,0.9978571428571428
73,909,32,59,0.996,0.9977631096442978
74,908,31,61,0.996,0.9977606461086638
75,904,34,62,0.994,0.9966445427728614
76,903,33,64,0.994,0.9966408268733851
77,901,34,65,0.993,0.996078431372549
78,898,34,68,0.9935,0.996399406087602
79,897,35,68,0.993,0.99611668524712
80,897,35,68,0.993,0.99611668524712
81,897,34,69,0.993,0.99611668524712
82,894,35,71,0.9935,0.9965324384787472
83,892,35,73,0.9945,0.9971412556053812
84,891,36,73,0.9945,0.9971380471380472
85,889,36,75,0.995,0.9973003374578178
86,887,36,77,0.996,0.9979143179255919
87,885,37,78,0.996,0.9979096045197741
88,885,36,79,0.9965,0.9981920903954803
89,885,35,80,0.997,0.9984180790960452
90,884,35,81,0.997,0.9984162895927602
91,880,36,84,0.9975,0.9986931818181819
92,880,35,85,0.9975,0.9986931818181819
93,879,35,86,0.998,0.9989192263936291
94,879,34,87,0.998,0.9989192263936291
95,879,33,88,0.998,0.9989192263936291
96,878,32,90,0.998,0.9989749430523919
97,876,33,91,0.9975,0.998744292237443
98,875,32,93,0.9975,0.9987428571428573
99,874,31,95,0.997,0.9984553775743709
100,873,30,97,0.997,0.9984536082474228
101,869,34,97,0.9965,0.998216340621404
102,868,34,98,0.9955,0.9976958525345622
103,866,34,100,0.9955,0.9976905311778291
104,864,35,101,0.995,0.9974537037037037
105,860,36,104,0.996,0.9977906976744186
106,858,37,105,0.9955,0.9974941724941725
107,858,35,107,0.996,0.9977272727272727
108,856,36,108,0.997,0.9983060747663551
109,854,36,110,0.9965,0.9979117876658861
110,852,37,111,0.9965,0.9980046948356807
111,852,34,114,0.997,0.9982981220657277
112,852,33,115,0.997,0.9982981220657277
113,851,34,115,0.997,0.9982961222091656
114,850,34,116,0.997,0.9982941176470588
115,849,33,118,0.997,0.9982921083627797
116,849,30,121,0.997,0.9982921083627797
117,849,28,123,0.997,0.9982921083627797
118,847,28,125,0.9975,0.9985832349468713
119,846,28,126,0.9975,0.9985224586288416
120,846,26,128,0.998,0.9988179669030733
121,845,26,129,0.998,0.9988165680473373
122,844,25,131,0.997,0.9982227488151659
123,841,28,131,0.9965,0.9979191438763377
124,841,28,131,0.9965,0.9979191438763377
125,840,28,132,0.997,0.9982142857142857
126,837,28,135,0.9975,0.9985663082437275
127,835,29,136,0.998,0.9988622754491018
128,835,29,136,0.998,0.9988622754491018
129,833,28,139,0.9985,0.9991596638655461
130,833,27,140,0.9985,0.9991596638655461
131,831,27,142,0.9985,0.9992178098676294
132,830,28,142,0.9985,0.9992168674698796
133,827,29,144,0.998,0.9989117291414752
134,826,28,146,0.998,0.998910411622276
135,826,28,146,0.998,0.998910411622276
136,825,28,147,0.9985,0.9991515151515151
137,825,27,148,0.999,0.9993939393939394
138,824,26,150,0.9995,0.9996966019417476
139,823,25,152,0.9995,0.9996962332928311
140,822,23,155,0.9995,0.9996958637469586
141,821,24,155,0.9995,0.9996954933008526
142,821,22,157,0.9995,0.9996954933008526
143,820,19,161,0.9995,0.9996951219512196
144,820,17,163,0.9995,0.9996951219512196
145,819,16,165,1.0,1.0
146,818,16,166,0.9995,0.9997555012224938
147,818,15,167,0.9995,0.9997555012224938
148,817,16,167,0.9995,0.9996940024479805
149,816,17,167,0.999,0.9993872549019608
150,816,17,167,0.999,0.9993872549019608
151,816,17,167,0.999,0.9993872549019608
152,815,17,168,0.999,0.9993865030674847
153,815,17,168,0.999,0.9993865030674847
154,814,18,168,0.999,0.9993857493857494
155,813,19,168,0.999,0.9993849938499385
156,813,19,168,0.999,0.9993849938499385
157,813,18,169,0.999,0.9993849938499385
158,813,16,171,0.9995,0.9996924969249692
159,813,15,172,0.9995,0.9996924969249692
160,813,15,172,0.9995,0.9996924969249692
161,813,13,174,0.9995,0.9996924969249692
162,812,13,175,0.9995,0.999692118226601
163,812,12,176,0.9995,0.999692118226601
164,811,12,177,0.9995,0.999691738594328
165,809,13,178,0.999,0.9992789451998353
166,809,13,178,0.999,0.9992789451998353
167,808,12,180,0.999,0.9992780528052806
168,808,10,182,0.9995,0.9995874587458747
169,806,12,182,0.999,0.9992762613730357
170,804,14,182,0.998,0.9987562189054726
171,803,15,182,0.9975,0.9984433374844334
172,801,16,183,0.9975,0.9984394506866417
173,801,16,183,0.9975,0.9984394506866417
174,800,15,185,0.998,0.99875
175,799,15,186,0.997,0.9981852315394242
176,797,17,186,0.996,0.9975533249686324
177,797,16,187,0.9965,0.9978670012547051
178,797,15,188,0.997,0.9981806775407779
179,797,13,190,0.9975,0.9984943538268506
180,796,14,190,0.9965,0.997927135678392
181,796,13,191,0.997,0.9982412060301508
182,795,14,191,0.9965,0.9979245283018868
183,793,15,192,0.996,0.9976040353089534
184,793,14,193,0.996,0.9976040353089534
185,790,17,193,0.997,0.9981012658227848
186,789,18,193,0.9965,0.9977820025348543
187,789,16,195,0.997,0.9980988593155894
188,788,17,195,0.9965,0.9977791878172588
189,788,16,196,0.997,0.9980964467005076
190,786,18,196,0.9975,0.9984096692111959
191,783,21,196,0.9975,0.9984035759897829
192,780,21,199,0.9975,0.9983974358974359
193,780,21,199,0.9975,0.9983974358974359
194,780,21,199,0.9975,0.9983974358974359
195,778,22,200,0.9985,0.9990359897172236
196,777,23,200,0.998,0.9987129987129987
197,775,24,201,0.9985,0.9990322580645161
198,775,24,201,0.9985,0.9990322580645161
199,773,23,204,0.9975,0.9983829236739974
200,773,21,206,0.998,0.9987063389391979
1,999,1,0,1.0,1.0
2,999,1,0,1.0,1.0
3,999,1,0,1.0,1.0
4,999,1,0,1.0,1.0
5,999,1,0,1.0,1.0
6,999,1,0,1.0,1.0
7,999,1,0,1.0,1.0
8,999,1,0,1.0,1.0
9,999,1,0,1.0,1.0
10,998,2,0,0.9995,0.999749498997996
11,997,3,0,0.999,0.9994984954864594
12,995,4,1,0.999,0.9994974874371859
13,995,4,1,0.999,0.9994974874371859
14,995,4,1,0.999,0.9994974874371859
15,994,5,1,0.999,0.9994969818913481
16,994,4,2,0.9995,0.9997484909456741
17,994,4,2,0.9995,0.9997484909456741
18,994,4,2,0.9995,0.9997484909456741
19,994,4,2,0.9995,0.9997484909456741
20,994,3,3,1.0,1.0
21,994,3,3,1.0,1.0
22,993,4,3,1.0,1.0
23,993,4,3,1.0,1.0
24,993,3,4,1.0,1.0
25,992,3,5,1.0,1.0
26,991,4,5,0.9995,0.9997477295660948
27,990,5,5,0.9985,0.9992424242424243
28,990,4,6,0.9995,0.9997474747474747
29,989,5,6,0.9995,0.999747219413549
30,989,5,6,0.9995,0.999747219413549
31,989,5,6,0.9995,0.999747219413549
32,989,4,7,0.9995,0.999747219413549
33,989,4,7,0.9995,0.999747219413549
34,988,5,7,1.0,1.0
35,988,5,7,1.0,1.0
36,987,6,7,0.9995,0.9997467071935157
37,987,5,8,0.9995,0.9997467071935157
38,987,5,8,0.9995,0.9997467071935157
39,986,6,8,0.9995,0.9997464503042597
40,986,5,9,0.9995,0.9997464503042597
41,986,5,9,0.9995,0.9997464503042597
42,986,3,11,1.0,1.0
43,986,3,11,1.0,1.0
44,986,3,11,1.0,1.0
45,985,4,11,0.9995,0.999746192893401
46,985,4,11,0.9995,0.999746192893401
47,985,4,11,0.9995,0.999746192893401
48,985,4,11,0.9995,0.999746192893401
49,984,5,11,0.9995,0.9997459349593496
50,984,5,11,0.9995,0.9997459349593496
51,984,5,11,0.9995,0.9997459349593496
52,984,5,11,0.9995,0.9997459349593496
53,984,5,11,0.9995,0.9997459349593496
54,984,5,11,0.9995,0.9997459349593496
55,984,5,11,0.9995,0.9997459349593496
56,984,4,12,0.9995,0.9997459349593496
57,984,4,12,0.9995,0.9997459349593496
58,984,4,12,0.9995,0.9997459349593496
59,984,3,13,1.0,1.0
60,984,3,13,1.0,1.0
61,984,3,13,1.0,1.0
62,983,4,13,0.9995,0.9997456765005086
63,983,4,13,0.9995,0.9997456765005086
64,983,4,13,0.9995,0.9997456765005086
65,983,4,13,0.9995,0.9997456765005086
66,983,4,13,0.9995,0.9997456765005086
67,983,4,13,0.9995,0.9997456765005086
68,983,4,13,0.9995,0.9997456765005086
69,983,4,13,0.9995,0.9997456765005086
70,983,4,13,0.9995,0.9997456765005086
71,982,5,13,0.999,0.9994908350305499
72,982,5,13,0.999,0.9994908350305499
73,982,5,13,0.999,0.9994908350305499
74,982,5,13,0.999,0.9994908350305499
75,982,5,13,0.999,0.9994908350305499
76,982,4,14,0.9995,0.9997454175152749
77,982,3,15,0.9995,0.9997454175152749
78,982,3,15,0.9995,0.9997454175152749
79,982,3,15,0.9995,0.9997454175152749
80,982,3,15,0.9995,0.9997454175152749
81,982,3,15,0.9995,0.9997454175152749
82,982,3,15,0.9995,0.9997454175152749
83,982,3,15,0.9995,0.9997454175152749
84,982,3,15,0.9995,0.9997454175152749
85,982,3,15,0.9995,0.9997454175152749
86,982,2,16,0.9995,0.9997454175152749
87,982,1,17,1.0,1.0
88,982,0,18,1.0,1.0
89,982,0,18,1.0,1.0
90,982,0,18,1.0,1.0
91,982,0,18,1.0,1.0
92,982,0,18,1.0,1.0
93,982,0,18,1.0,1.0
94,982,0,18,1.0,1.0
95,982,0,18,1.0,1.0
96,982,0,18,1.0,1.0
97,982,0,18,1.0,1.0
98,982,0,18,1.0,1.0
99,982,0,18,1.0,1.0
100,982,0,18,1.0,1.0
101,982,0,18,1.0,1.0
102,982,0,18,1.0,1.0
103,982,0,18,1.0,1.0
104,982,0,18,1.0,1.0
105,982,0,18,1.0,1.0
106,982,0,18,1.0,1.0
107,982,0,18,1.0,1.0
108,982,0,18,1.0,1.0
109,982,0,18,1.0,1.0
110,982,0,18,1.0,1.0
111,982,0,18,1.0,1.0
112,982,0,18,1.0,1.0
113,982,0,18,1.0,1.0
114,982,0,18,1.0,1.0
115,982,0,18,1.0,1.0
116,982,0,18,1.0,1.0
117,982,0,18,1.0,1.0
118,982,0,18,1.0,1.0
119,982,0,18,1.0,1.0
120,982,0,18,1.0,1.0
121,982,0,18,1.0,1.0
122,982,0,18,1.0,1.0
123,982,0,18,1.0,1.0
124,982,0,18,1.0,1.0
125,982,0,18,1.0,1.0
126,982,0,18,1.0,1.0
127,982,0,18,1.0,1.0
128,982,0,18,1.0,1.0
129,982,0,18,1.0,1.0
130,982,0,18,1.0,1.0
131,982,0,18,1.0,1.0
132,982,0,18,1.0,1.0
133,982,0,18,1.0,1.0
134,982,0,18,1.0,1.0
135,982,0,18,1.0,1.0
136,982,0,18,1.0,1.0
137,982,0,18,1.0,1.0
138,982,0,18,1.0,1.0
139,982,0,18,1.0,1.0
140,982,0,18,1.0,1.0
141,982,0,18,1.0,1.0
142,982,0,18,1.0,1.0
143,982,0,18,1.0,1.0
144,982,0,18,1.0,1.0
145,982,0,18,1.0,1.0
146,982,0,18,1.0,1.0
147,982,0,18,1.0,1.0
148,982,0,18,1.0,1.0
149,982,0,18,1.0,1.0
150,982,0,18,1.0,1.0
151,982,0,18,1.0,1.0
152,982,0,18,1.0,1.0
153,982,0,18,1.0,1.0
154,982,0,18,1.0,1.0
155,982,0,18,1.0,1.0
156,982,0,18,1.0,1.0
157,982,0,18,1.0,1.0
158,982,0,18,1.0,1.0
159,982,0,18,1.0,1.0
160,982,0,18,1.0,1.0
161,982,0,18,1.0,1.0
162,982,0,18,1.0,1.0
163,982,0,18,1.0,1.0
164,982,0,18,1.0,1.0
165,982,0,18,1.0,1.0
166,982,0,18,1.0,1.0
167,982,0,18,1.0,1.0
168,982,0,18,1.0,1.0
169,982,0,18,1.0,1.0
170,982,0,18,1.0,1.0
171,982,0,18,1.0,1.0
172,982,0,18,1.0,1.0
173,982,0,18,1.0,1.0
174,982,0,18,1.0,1.0
175,982,0,18,1.0,1.0
176,982,0,18,1.0,1.0
177,982,0,18,1.0,1.0
178,982,0,18,1.0,1.0
179,982,0,18,1.0,1.0
180,982,0,18,1.0,1.0
181,982,0,18,1.0,1.0
182,982,0,18,1.0,1.0
183,982,0,18,1.0,1.0
184,982,0,18,1.0,1.0
185,982,0,18,1.0,1.0
186,982,0,18,1.0,1.0
187,982,0,18,1.0,1.0
188,982,0,18,1.0,1.0
189,982,0,18,1.0,1.0
190,982,0,18,1.0,1.0
191,982,0,18,1.0,1.0
192,982,0,18,1.0,1.0
193,982,0,18,1.0,1.0
194,982,0,18,1.0,1.0
195,982,0,18,1.0,1.0
196,982,0,18,1.0,1.0
197,982,0,18,1.0,1.0
198,982,0,18,1.0,1.0
199,982,0,18,1.0,1.0
200,982,0,18,1.0,1.0
1,999,1,0,1.0,1.0
2,999,1,0,1.0,1.0
3,999,1,0,1.0,1.0
4,999,1,0,1.0,1.0
5,999,1,0,1.0,1.0
6,999,1,0,1.0,1.0
7,999,1,0,1.0,1.0
8,999,1,0,1.0,1.0
9,999,1,0,1.0,1.0
10,999,1,0,1.0,1.0
11,999,1,0,1.0,1.0
12,999,1,0,1.0,1.0
13,999,1,0,1.0,1.0
14,999,1,0,1.0,1.0
15,999,1,0,1.0,1.0
16,999,1,0,1.0,1.0
17,999,1,0,1.0,1.0
18,999,1,0,1.0,1.0
19,999,1,0,1.0,1.0
20,999,1,0,1.0,1.0
21,999,1,0,1.0,1.0
22,999,1,0,1.0,1.0
23,999,1,0,1.0,1.0
24,998,2,0,0.999,0.999498997995992
25,998,2,0,0.999,0.999498997995992
26,998,2,0,0.999,0.999498997995992
27,997,3,0,0.9985,0.9992477432296891
28,997,3,0,0.9985,0.9992477432296891
29,997,2,1,0.9995,0.9997492477432297
30,997,2,1,0.9995,0.9997492477432297
31,997,2,1,0.9995,0.9997492477432297
32,997,2,1,0.9995,0.9997492477432297
33,997,2,1,0.9995,0.9997492477432297
34,997,2,1,0.9995,0.9997492477432297
35,997,2,1,0.9995,0.9997492477432297
36,997,2,1,0.9995,0.9997492477432297
37,997,2,1,0.9995,0.9997492477432297
38,996,3,1,0.9995,0.9997489959839357
39,996,3,1,0.9995,0.9997489959839357
40,996,3,1,0.9995,0.9997489959839357
41,996,3,1,0.9995,0.9997489959839357
42,996,3,1,0.9995,0.9997489959839357
43,996,3,1,0.9995,0.9997489959839357
44,996,3,1,0.9995,0.9997489959839357
45,996,3,1,0.9995,0.9997489959839357
46,996,2,2,0.9995,0.9997489959839357
47,996,2,2,0.9995,0.9997489959839357
48,996,2,2,0.9995,0.9997489959839357
49,996,2,2,0.9995,0.9997489959839357
50,996,2,2,0.9995,0.9997489959839357
51,996,2,2,0.9995,0.9997489959839357
52,996,2,2,0.9995,0.9997489959839357
53,996,2,2,0.9995,0.9997489959839357
54,996,2,2,0.9995,0.9997489959839357
55,996,2,2,0.9995,0.9997489959839357
56,996,2,2,0.9995,0.9997489959839357
57,996,1,3,1.0,1.0
58,996,1,3,1.0,1.0
59,996,1,3,1.0,1.0
60,996,1,3,1.0,1.0
61,996,1,3,1.0,1.0
62,996,1,3,1.0,1.0
63,996,1,3,1.0,1.0
64,996,1,3,1.0,1.0
65,995,2,3,1.0,1.0
66,995,2,3,1.0,1.0
67,995,2,3,1.0,1.0
68,995,2,3,1.0,1.0
69,995,2,3,1.0,1.0
70,995,2,3,1.0,1.0
71,995,2,3,1.0,1.0
72,995,2,3,1.0,1.0
73,995,2,3,1.0,1.0
74,995,2,3,1.0,1.0
75,995,2,3,1.0,1.0
76,995,1,4,1.0,1.0
77,995,1,4,1.0,1.0
78,995,1,4,1.0,1.0
79,995,1,4,1.0,1.0
80,995,1,4,1.0,1.0
81,995,1,4,1.0,1.0
82,995,1,4,1.0,1.0
83,995,0,5,1.0,1.0
84,995,0,5,1.0,1.0
85,995,0,5,1.0,1.0
86,995,0,5,1.0,1.0
87,995,0,5,1.0,1.0
88,995,0,5,1.0,1.0
89,995,0,5,1.0,1.0
90,995,0,5,1.0,1.0
91,995,0,5,1.0,1.0
92,995,0,5,1.0,1.0
93,995,0,5,1.0,1.0
94,995,0,5,1.0,1.0
95,995,0,5,1.0,1.0
96,995,0,5,1.0,1.0
97,995,0,5,1.0,1.0
98,995,0,5,1.0,1.0
99,995,0,5,1.0,1.0
100,995,0,5,1.0,1.0
101,995,0,5,1.0,1.0
102,995,0,5,1.0,1.0
103,995,0,5,1.0,1.0
104,995,0,5,1.0,1.0
105,995,0,5,1.0,1.0
106,995,0,5,1.0,1.0
107,995,0,5,1.0,1.0
108,995,0,5,1.0,1.0
109,995,0,5,1.0,1.0
110,995,0,5,1.0,1.0
111,995,0,5,1.0,1.0
112,995,0,5,1.0,1.0
113,995,0,5,1.0,1.0
114,995,0,5,1.0,1.0
115,995,0,5,1.0,1.0
116,995,0,5,1.0,1.0
117,995,0,5,1.0,1.0
118,995,0,5,1.0,1.0
119,995,0,5,1.0,1.0
120,995,0,5,1.0,1.0
121,995,0,5,1.0,1.0
122,995,0,5,1.0,1.0
123,995,0,5,1.0,1.0
124,995,0,5,1.0,1.0
125,995,0,5,1.0,1.0
126,995,0,5,1.0,1.0
127,995,0,5,1.0,1.0
128,995,0,5,1.0,1.0
129,995,0,5,1.0,1.0
130,995,0,5,1.0,1.0
131,995,0,5,1.0,1.0
132,995,0,5,1.0,1.0
133,995,0,5,1.0,1.0
134,995,0,5,1.0,1.0
135,995,0,5,1.0,1.0
136,995,0,5,1.0,1.0
137,995,0,5,1.0,1.0
138,995,0,5,1.0,1.0
139,995,0,5,1.0,1.0
140,995,0,5,1.0,1.0
141,995,0,5,1.0,1.0
142,995,0,5,1.0,1.0
143,995,0,5,1.0,1.0
144,995,0,5,1.0,1.0
145,995,0,5,1.0,1.0
146,995,0,5,1.0,1.0
147,995,0,5,1.0,1.0
148,995,0,5,1.0,1.0
149,995,0,5,1.0,1.0
150,995,0,5,1.0,1.0
151,995,0,5,1.0,1.0
152,995,0,5,1.0,1.0
153,995,0,5,1.0,1.0
154,995,0,5,1.0,1.0
155,995,0,5,1.0,1.0
156,995,0,5,1.0,1.0
157,995,0,5,1.0,1.0
158,995,0,5,1.0,1.0
159,995,0,5,1.0,1.0
160,995,0,5,1.0,1.0
161,995,0,5,1.0,1.0
162,995,0,5,1.0,1.0
163,995,0,5,1.0,1.0
164,995,0,5,1.0,1.0
165,995,0,5,1.0,1.0
166,995,0,5,1.0,1.0
167,995,0,5,1.0,1.0
168,995,0,5,1.0,1.0
169,995,0,5,1.0,1.0
170,995,0,5,1.0,1.0
171,995,0,5,1.0,1.0
172,995,0,5,1.0,1.0
173,995,0,5,1.0,1.0
174,995,0,5,1.0,1.0
175,995,0,5,1.0,1.0
176,995,0,5,1.0,1.0
177,995,0,5,1.0,1.0
178,995,0,5,1.0,1.0
179,995,0,5,1.0,1.0
180,995,0,5,1.0,1.0
181,995,0,5,1.0,1.0
182,995,0,5,1.0,1.0
183,995,0,5,1.0,1.0
184,995,0,5,1.0,1.0
185,995,0,5,1.0,1.0
186,995,0,5,1.0,1.0
187,995,0,5,1.0,1.0
188,995,0,5,1.0,1.0
189,995,0,5,1.0,1.0
190,995,0,5,1.0,1.0
191,995,0,5,1.0,1.0
192,995,0,5,1.0,1.0
193,995,0,5,1.0,1.0
194,995,0,5,1.0,1.0
195,995,0,5,1.0,1.0
196,995,0,5,1.0,1.0
197,995,0,5,1.0,1.0
198,995,0,5,1.0,1.0
199,995,0,5,1.0,1.0
200,995,0,5,1.0,1.0
1,999,1,0,1.0,1.0
2,999,1,0,1.0,1.0
3,999,1,0,1.0,1.0
4,999,1,0,1.0,1.0
5,999,1,0,1.0,1.0
6,999,1,0,1.0,1.0
7,999,1,0,1.0,1.0
8,999,1,0,1.0,1.0
9,999,1,0,1.0,1.0
10,999,1,0,1.0,1.0
11,999,1,0,1.0,1.0
12,999,1,0,1.0,1.0
13,999,1,0,1.0,1.0
14,999,1,0,1.0,1.0
15,998,2,0,0.9995,0.999749498997996
16,998,2,0,0.9995,0.999749498997996
17,998,2,0,0.9995,0.999749498997996
18,997,3,0,0.9985,0.9992477432296891
19,997,3,0,0.9985,0.9992477432296891
20,997,3,0,0.9985,0.9992477432296891
21,996,4,0,0.998,0.998995983935743
22,996,4,0,0.998,0.998995983935743
23,996,4,0,0.998,0.998995983935743
24,996,3,1,0.999,0.9994979919678715
25,996,3,1,0.999,0.9994979919678715
26,996,2,2,1.0,1.0
27,996,2,2,1.0,1.0
28,996,2,2,1.0,1.0
29,996,2,2,1.0,1.0
30,996,2,2,1.0,1.0
31,996,1,3,1.0,1.0
32,996,1,3,1.0,1.0
33,995,2,3,0.9995,0.9997989949748743
34,995,2,3,0.9995,0.9997989949748743
35,995,2,3,0.9995,0.9997989949748743
36,995,2,3,0.9995,0.9997989949748743
37,994,3,3,0.9995,0.9997484909456741
38,993,4,3,0.9995,0.9997482376636455
39,993,4,3,0.9995,0.9997482376636455
40,993,2,5,1.0,1.0
41,993,2,5,1.0,1.0
42,993,2,5,1.0,1.0
43,993,2,5,1.0,1.0
44,993,2,5,1.0,1.0
45,993,2,5,1.0,1.0
46,993,2,5,1.0,1.0
47,993,2,5,1.0,1.0
48,993,2,5,1.0,1.0
49,993,2,5,1.0,1.0
50,993,2,5,1.0,1.0
51,993,2,5,1.0,1.0
52,993,2,5,1.0,1.0
53,993,1,6,1.0,1.0
54,993,1,6,1.0,1.0
55,993,1,6,1.0,1.0
56,993,1,6,1.0,1.0
57,993,1,6,1.0,1.0
58,993,1,6,1.0,1.0
59,993,1,6,1.0,1.0
60,993,1,6,1.0,1.0
61,993,1,6,1.0,1.0
62,993,1,6,1.0,1.0
63,993,1,6,1.0,1.0
64,993,1,6,1.0,1.0
65,993,1,6,1.0,1.0
66,993,1,6,1.0,1.0
67,993,1,6,1.0,1.0
68,993,1,6,1.0,1.0
69,993,1,6,1.0,1.0
70,993,1,6,1.0,1.0
71,993,1,6,1.0,1.0
72,992,2,6,1.0,1.0
73,992,2,6,1.0,1.0
74,992,2,6,1.0,1.0
75,992,2,6,1.0,1.0
76,992,2,6,1.0,1.0
77,992,2,6,1.0,1.0
78,992,2,6,1.0,1.0
79,992,2,6,1.0,1.0
80,992,2,6,1.0,1.0
81,992,2,6,1.0,1.0
82,992,2,6,1.0,1.0
83,992,2,6,1.0,1.0
84,992,2,6,1.0,1.0
85,992,2,6,1.0,1.0
86,992,2,6,1.0,1.0
87,992,2,6,1.0,1.0
88,992,2,6,1.0,1.0
89,992,2,6,1.0,1.0
90,992,2,6,1.0,1.0
91,992,2,6,1.0,1.0
92,992,2,6,1.0,1.0
93,992,2,6,1.0,1.0
94,992,1,7,1.0,1.0
95,992,1,7,1.0,1.0
96,992,1,7,1.0,1.0
97,992,1,7,1.0,1.0
98,992,1,7,1.0,1.0
99,992,1,7,1.0,1.0
100,992,1,7,1.0,1.0
101,992,1,7,1.0,1.0
102,992,1,7,1.0,1.0
103,992,1,7,1.0,1.0
104,992,1,7,1.0,1.0
105,992,1,7,1.0,1.0
106,992,1,7,1.0,1.0
107,992,1,7,1.0,1.0
108,992,1,7,1.0,1.0
109,992,1,7,1.0,1.0
110,992,1,7,1.0,1.0
111,992,1,7,1.0,1.0
112,992,1,7,1.0,1.0
113,992,1,7,1.0,1.0
114,992,1,7,1.0,1.0
115,992,1,7,1.0,1.0
116,992,1,7,1.0,1.0
117,992,1,7,1.0,1.0
118,992,1,7,1.0,1.0
119,992,0,8,1.0,1.0
120,992,0,8,1.0,1.0
121,992,0,8,1.0,1.0
122,992,0,8,1.0,1.0
123,992,0,8,1.0,1.0
124,992,0,8,1.0,1.0
125,992,0,8,1.0,1.0
126,992,0,8,1.0,1.0
127,992,0,8,1.0,1.0
128,992,0,8,1.0,1.0
129,992,0,8,1.0,1.0
130,992,0,8,1.0,1.0
131,992,0,8,1.0,1.0
132,992,0,8,1.0,1.0
133,992,0,8,1.0,1.0
134,992,0,8,1.0,1.0
135,992,0,8,1.0,1.0
136,992,0,8,1.0,1.0
137,992,0,8,1.0,1.0
138,992,0,8,1.0,1.0
139,992,0,8,1.0,1.0
140,992,0,8,1.0,1.0
141,992,0,8,1.0,1.0
142,992,0,8,1.0,1.0
143,992,0,8,1.0,1.0
144,992,0,8,1.0,1.0
145,992,0,8,1.0,1.0
146,992,0,8,1.0,1.0
147,992,0,8,1.0,1.0
148,992,0,8,1.0,1.0
149,992,0,8,1.0,1.0
150,992,0,8,1.0,1.0
151,992,0,8,1.0,1.0
152,992,0,8,1.0,1.0
153,992,0,8,1.0,1.0
154,992,0,8,1.0,1.0
155,992,0,8,1.0,1.0
156,992,0,8,1.0,1.0
157,992,0,8,1.0,1.0
158,992,0,8,1.0,1.0
159,992,0,8,1.0,1.0
160,992,0,8,1.0,1.0
161,992,0,8,1.0,1.0
162,992,0,8,1.0,1.0
163,992,0,8,1.0,1.0
164,992,0,8,1.0,1.0
165,992,0,8,1.0,1.0
166,992,0,8,1.0,1.0
167,992,0,8,1.0,1.0
168,992,0,8,1.0,1.0
169,992,0,8,1.0,1.0
170,992,0,8,1.0,1.0
171,992,0,8,1.0,1.0
172,992,0,8,1.0,1.0
173,992,0,8,1.0,1.0
174,992,0,8,1.0,1.0
175,992,0,8,1.0,1.0
176,992,0,8,1.0,1.0
177,992,0,8,1.0,1.0
178,992,0,8,1.0,1.0
179,992,0,8,1.0,1.0
180,992,0,8,1.0,1.0
181,992,0,8,1.0,1.0
182,992,0,8,1.0,1.0
183,992,0,8,1.0,1.0
184,992,0,8,1.0,1.0
185,992,0,8,1.0,1.0
186,992,0,8,1.0,1.0
187,992,0,8,1.0,1.0
188,992,0,8,1.0,1.0
189,992,0,8,1.0,1.0
190,992,0,8,1.0,1.0
191,992,0,8,1.0,1.0
192,992,0,8,1.0,1.0
193,992,0,8,1.0,1.0
194,992,0,8,1.0,1.0
195,992,0,8,1.0,1.0
196,992,0,8,1.0,1.0
197,992,0,8,1.0,1.0
198,992,0,8,1.0,1.0
199,992,0,8,1.0,1.0
200,992,0,8,1.0,1.0
1,999,1,0,1.0,1.0
2,999,1,0,1.0,1.0
3,999,1,0,1.0,1.0
4,999,1,0,1.0,1.0
5,999,1,0,1.0,1.0
6,999,1,0,1.0,1.0
7,999,1,0,1.0,1.0
8,999,1,0,1.0,1.0
9,999,1,0,1.0,1.0
10,999,1,0,1.0,1.0
11,999,1,0,1.0,1.0
12,999,1,0,1.0,1.0
13,999,1,0,1.0,1.0
14,999,1,0,1.0,1.0
15,999,1,0,1.0,1.0
16,999,1,0,1.0,1.0
17,999,1,0,1.0,1.0
18,999,1,0,1.0,1.0
19,998,1,1,1.0,1.0
20,998,1,1,1.0,1.0
21,998,1,1,1.0,1.0
22,998,1,1,1.0,1.0
23,998,1,1,1.0,1.0
24,998,1,1,1.0,1.0
25,998,1,1,1.0,1.0
26,998,1,1,1.0,1.0
27,998,1,1,1.0,1.0
28,998,1,1,1.0,1.0
29,997,2,1,1.0,1.0
30,997,2,1,1.0,1.0
31,997,2,1,1.0,1.0
32,997,2,1,1.0,1.0
33,997,2,1,1.0,1.0
34,997,2,1,1.0,1.0
35,997,2,1,1.0,1.0
36,995,4,1,0.9995,0.999748743718593
37,995,4,1,0.9995,0.999748743718593
38,995,4,1,0.9995,0.999748743718593
39,995,3,2,0.9995,0.999748743718593
40,995,3,2,0.9995,0.999748743718593
41,994,4,2,0.9995,0.9997484909456741
42,993,5,2,0.999,0.9995468277945619
43,993,5,2,0.999,0.9995468277945619
44,992,4,4,0.999,0.9995463709677419
45,992,3,5,0.9995,0.9997983870967742
46,990,5,5,0.999,0.9994949494949495
47,990,5,5,0.999,0.9994949494949495
48,989,6,5,0.9995,0.999747219413549
49,988,6,6,1.0,1.0
50,988,5,7,1.0,1.0
51,988,5,7,1.0,1.0
52,988,5,7,1.0,1.0
53,988,4,8,1.0,1.0
54,988,4,8,1.0,1.0
55,988,4,8,1.0,1.0
56,987,5,8,0.9995,0.9997467071935157
57,987,4,9,0.9995,0.9997467071935157
58,987,4,9,0.9995,0.9997467071935157
59,987,4,9,0.9995,0.9997467071935157
60,987,4,9,0.9995,0.9997467071935157
61,986,5,9,0.999,0.9994929006085193
62,986,5,9,0.999,0.9994929006085193
63,985,6,9,0.9985,0.999238578680203
64,985,6,9,0.9985,0.999238578680203
65,984,7,9,0.9995,0.9997459349593496
66,983,8,9,0.9995,0.9997456765005086
67,983,8,9,0.9995,0.9997456765005086
68,983,8,9,0.9995,0.9997456765005086
69,983,7,10,0.9995,0.9997456765005086
70,982,7,11,0.9995,0.9997454175152749
71,982,7,11,0.9995,0.9997454175152749
72,981,8,11,0.999,0.9995412844036696
73,981,8,11,0.999,0.9995412844036696
74,981,7,12,0.999,0.9995412844036696
75,979,9,12,0.9985,0.999284984678243
76,978,9,13,0.9985,0.9992842535787321
77,977,10,13,0.9985,0.9992835209825998
78,976,11,13,0.9985,0.9992827868852459
79,976,11,13,0.9985,0.9992827868852459
80,975,12,13,0.9985,0.9992820512820513
81,973,14,13,0.998,0.9989893799246317
82,971,15,14,0.998,0.9987984895296944
83,971,14,15,0.998,0.9987984895296944
84,970,15,15,0.998,0.9987972508591064
85,970,15,15,0.998,0.9987972508591064
86,969,15,16,0.998,0.9988820089439284
87,968,15,17,0.9975,0.9985365013774103
88,968,14,18,0.998,0.9988808539944903
89,967,15,18,0.997,0.9982764563943467
90,967,14,19,0.997,0.9982764563943467
91,967,14,19,0.997,0.9982764563943467
92,966,15,19,0.997,0.9982746721877156
93,964,17,19,0.997,0.9983575380359613
94,961,19,20,0.996,0.9976586888657648
95,961,19,20,0.996,0.9976586888657648
96,961,19,20,0.996,0.9976586888657648
97,960,18,22,0.9965,0.9979166666666667
98,959,19,22,0.9965,0.9979144942648592
99,958,19,23,0.9975,0.9985212247738344
100,957,20,23,0.997,0.9982584465343086
101,957,20,23,0.997,0.9982584465343086
102,957,19,24,0.9975,0.9985196795541623
103,956,19,25,0.997,0.9982566248256626
104,953,21,26,0.9985,0.9992130115424974
105,953,20,27,0.9985,0.9992130115424974
106,953,20,27,0.9985,0.9992130115424974
107,952,20,28,0.998,0.9989495798319328
108,952,20,28,0.998,0.9989495798319328
109,952,20,28,0.998,0.9989495798319328
110,950,19,31,0.997,0.9984736842105263
111,947,22,31,0.996,0.9979408658922914
112,945,23,32,0.9955,0.9976719576719576
113,945,22,33,0.996,0.9979365079365079
114,944,23,33,0.996,0.9979343220338982
115,943,24,33,0.996,0.997932131495228
116,943,24,33,0.996,0.997932131495228
117,942,24,34,0.996,0.9979299363057325
118,942,22,36,0.996,0.9979299363057325
119,940,23,37,0.995,0.9973936170212766
120,937,26,37,0.9965,0.9981856990394877
121,936,27,37,0.9965,0.9981837606837607
122,935,27,38,0.9965,0.9981818181818182
123,933,28,39,0.997,0.9984458735262594
124,932,29,39,0.997,0.9984442060085836
125,932,26,42,0.9975,0.9987124463519312
126,929,28,43,0.997,0.9984391819160388
127,927,28,45,0.996,0.9978065444084862
128,927,28,45,0.996,0.9978065444084862
129,924,29,47,0.996,0.9977994227994228
130,924,29,47,0.996,0.9977994227994228
131,922,30,48,0.9945,0.9969812002892263
132,920,31,49,0.9965,0.9981521739130435
133,920,29,51,0.9965,0.9981521739130435
134,917,31,52,0.9965,0.9980916030534351
135,914,34,52,0.995,0.9971735959153902
136,914,33,53,0.9955,0.9974471188913202
137,913,33,54,0.995,0.9970792259948887
138,912,32,56,0.995,0.9970760233918129
139,909,34,57,0.995,0.9971580491382471
140,908,35,57,0.995,0.997154919236417
141,904,37,59,0.9955,0.9975663716814159
142,901,39,60,0.995,0.9971328153903072
143,899,39,62,0.994,0.9965702632554692
144,897,40,63,0.994,0.9965626161278336
145,897,39,64,0.994,0.9965626161278336
146,895,40,65,0.994,0.9965549348230913
147,894,37,69,0.9955,0.99748322147651
148,892,37,71,0.996,0.9977578475336323
149,891,34,75,0.9975,0.9985970819304153
150,889,34,77,0.9975,0.9985939257592801
151,888,32,80,0.9985,0.9991554054054054
152,886,32,82,0.998,0.9988713318284425
153,886,32,82,0.998,0.9988713318284425
154,884,34,82,0.997,0.9983031674208145
155,881,35,84,0.996,0.9976352629587589
156,880,36,84,0.996,0.9976325757575757
157,878,34,88,0.995,0.9970197418375095
158,875,37,88,0.995,0.9970095238095238
159,874,37,89,0.9945,0.9967200610221205
160,872,37,91,0.995,0.9970948012232417
161,871,36,93,0.995,0.9970914657481822
162,869,37,94,0.995,0.9970847717683161
163,866,37,97,0.997,0.9982678983833718
164,864,38,98,0.996,0.9975887345679012
165,861,37,102,0.9955,0.9972899728997291
166,859,38,103,0.995,0.9969926270857588
167,856,40,104,0.9935,0.9960085669781931
168,856,40,104,0.9935,0.9960085669781931
169,854,42,104,0.9925,0.9954137392661981
170,854,40,106,0.9935,0.995999219359875
171,854,40,106,0.9935,0.995999219359875
172,850,40,110,0.992,0.9951568627450981
173,850,40,110,0.992,0.9951568627450981
174,849,40,111,0.993,0.9957400863761288
175,847,42,111,0.9935,0.9960251869342779
176,845,43,112,0.9925,0.9953846153846154
177,845,42,113,0.993,0.9956213017751478
178,845,41,114,0.993,0.9956213017751478
179,844,40,116,0.9945,0.9965047393364929
180,843,41,116,0.9945,0.9965005931198101
181,843,40,117,0.995,0.996797153024911
182,842,39,119,0.9945,0.9964964370546318
183,839,42,119,0.995,0.996881207787048
184,838,40,122,0.996,0.9975735879077168
185,834,41,125,0.9945,0.9966626698641088
186,833,39,128,0.9945,0.9966586634653862
187,832,40,128,0.995,0.9970552884615385
188,831,40,129,0.9945,0.9967509025270758
189,830,38,132,0.996,0.9976506024096385
190,830,36,134,0.9965,0.9978915662650603
191,830,35,135,0.9965,0.9978915662650603
192,827,35,138,0.9955,0.9971785570334544
193,827,34,139,0.996,0.9974808544941557
194,825,36,139,0.996,0.9974747474747475
195,821,38,141,0.997,0.9981729598051157
196,820,37,143,0.9975,0.9984756097560976
197,818,38,144,0.998,0.9987775061124694
198,817,37,146,0.9975,0.9984700122399021
199,816,36,148,0.998,0.9987745098039216
200,813,37,150,0.998,0.998769987699877
1,999,1,0,1.0,1.0
2,999,1,0,1.0,1.0
3,999,1,0,1.0,1.0
4,999,1,0,1.0,1.0
5,999,1,0,1.0,1.0
6,999,1,0,1.0,1.0
7,999,1,0,1.0,1.0
8,999,1,0,1.0,1.0
9,999,1,0,1.0,1.0
10,999,1,0,1.0,1.0
11,999,1,0,1.0,1.0
12,999,1,0,1.0,1.0
13,999,0,1,1.0,1.0
14,999,0,1,1.0,1.0
15,999,0,1,1.0,1.0
16,999,0,1,1.0,1.0
17,999,0,1,1.0,1.0
18,999,0,1,1.0,1.0
19,999,0,1,1.0,1.0
20,999,0,1,1.0,1.0
21,999,0,1,1.0,1.0
22,999,0,1,1.0,1.0
23,999,0,1,1.0,1.0
24,999,0,1,1.0,1.0
25,999,0,1,1.0,1.0
26,999,0,1,1.0,1.0
27,999,0,1,1.0,1.0
28,999,0,1,1.0,1.0
29,999,0,1,1.0,1.0
30,999,0,1,1.0,1.0
31,999,0,1,1.0,1.0
32,999,0,1,1.0,1.0
33,999,0,1,1.0,1.0
34,999,0,1,1.0,1.0
35,999,0,1,1.0,1.0
36,999,0,1,1.0,1.0
37,999,0,1,1.0,1.0
38,999,0,1,1.0,1.0
39,999,0,1,1.0,1.0
40,999,0,1,1.0,1.0
41,999,0,1,1.0,1.0
42,999,0,1,1.0,1.0
43,999,0,1,1.0,1.0
44,999,0,1,1.0,1.0
45,999,0,1,1.0,1.0
46,999,0,1,1.0,1.0
47,999,0,1,1.0,1.0
48,999,0,1,1.0,1.0
49,999,0,1,1.0,1.0
50,999,0,1,1.0,1.0
51,999,0,1,1.0,1.0
52,999,0,1,1.0,1.0
53,999,0,1,1.0,1.0
54,999,0,1,1.0,1.0
55,999,0,1,1.0,1.0
56,999,0,1,1.0,1.0
57,999,0,1,1.0,1.0
58,999,0,1,1.0,1.0
59,999,0,1,1.0,1.0
60,999,0,1,1.0,1.0
61,999,0,1,1.0,1.0
62,999,0,1,1.0,1.0
63,999,0,1,1.0,1.0
64,999,0,1,1.0,1.0
65,999,0,1,1.0,1.0
66,999,0,1,1.0,1.0
67,999,0,1,1.0,1.0
68,999,0,1,1.0,1.0
69,999,0,1,1.0,1.0
70,999,0,1,1.0,1.0
71,999,0,1,1.0,1.0
72,999,0,1,1.0,1.0
73,999,0,1,1.0,1.0
74,999,0,1,1.0,1.0
75,999,0,1,1.0,1.0
76,999,0,1,1.0,1.0
77,999,0,1,1.0,1.0
78,999,0,1,1.0,1.0
79,999,0,1,1.0,1.0
80,999,0,1,1.0,1.0
81,999,0,1,1.0,1.0
82,999,0,1,1.0,1.0
83,999,0,1,1.0,1.0
84,999,0,1,1.0,1.0
85,999,0,1,1.0,1.0
86,999,0,1,1.0,1.0
87,999,0,1,1.0,1.0
88,999,0,1,1.0,1.0
89,999,0,1,1.0,1.0
90,999,0,1,1.0,1.0
91,999,0,1,1.0,1.0
92,999,0,1,1.0,1.0
93,999,0,1,1.0,1.0
94,999,0,1,1.0,1.0
95,999,0,1,1.0,1.0
96,999,0,1,1.0,1.0
97,999,0,1,1.0,1.0
98,999,0,1,1.0,1.0
99,999,0,1,1.0,1.0
100,999,0,1,1.0,1.0
101,999,0,1,1.0,1.0
102,999,0,1,1.0,1.0
103,999,0,1,1.0,1.0
104,999,0,1,1.0,1.0
105,999,0,1,1.0,1.0
106,999,0,1,1.0,1.0
107,999,0,1,1.0,1.0
108,999,0,1,1.0,1.0
109,999,0,1,1.0,1.0
110,999,0,1,1.0,1.0
111,999,0,1,1.0,1.0
112,999,0,1,1.0,1.0
113,999,0,1,1.0,1.0
114,999,0,1,1.0,1.0
115,999,0,1,1.0,1.0
116,999,0,1,1.0,1.0
117,999,0,1,1.0,1.0
118,999,0,1,1.0,1.0
119,999,0,1,1.0,1.0
120,999,0,1,1.0,1.0
121,999,0,1,1.0,1.0
122,999,0,1,1.0,1.0
123,999,0,1,1.0,1.0
124,999,0,1,1.0,1.0
125,999,0,1,1.0,1.0
126,999,0,1,1.0,1.0
127,999,0,1,1.0,1.0
128,999,0,1,1.0,1.0
129,999,0,1,1.0,1.0
130,999,0,1,1.0,1.0
131,999,0,1,1.0,1.0
132,999,0,1,1.0,1.0
133,999,0,1,1.0,1.0
134,999,0,1,1.0,1.0
135,999,0,1,1.0,1.0
136,999,0,1,1.0,1.0
137,999,0,1,1.0,1.0
138,999,0,1,1.0,1.0
139,999,0,1,1.0,1.0
140,999,0,1,1.0,1.0
141,999,0,1,1.0,1.0
142,999,0,1,1.0,1.0
143,999,0,1,1.0,1.0
144,999,0,1,1.0,1.0
145,999,0,1,1.0,1.0
146,999,0,1,1.0,1.0
147,999,0,1,1.0,1.0
148,999,0,1,1.0,1.0
149,999,0,1,1.0,1.0
150,999,0,1,1.0,1.0
151,999,0,1,1.0,1.0
152,999,0,1,1.0,1.0
153,999,0,1,1.0,1.0
154,999,0,1,1.0,1.0
155,999,0,1,1.0,1.0
156,999,0,1,1.0,1.0
157,999,0,1,1.0,1.0
158,999,0,1,1.0,1.0
159,999,0,1,1.0,1.0
160,999,0,1,1.0,1.0
161,999,0,1,1.0,1.0
162,999,0,1,1.0,1.0
163,999,0,1,1.0,1.0
164,999,0,1,1.0,1.0
165,999,0,1,1.0,1.0
166,999,0,1,1.0,1.0
167,999,0,1,1.0,1.0
168,999,0,1,1.0,1.0
169,999,0,1,1.0,1.0
170,999,0,1,1.0,1.0
171,999,0,1,1.0,1.0
172,999,0,1,1.0,1.0
173,999,0,1,1.0,1.0
174,999,0,1,1.0,1.0
175,999,0,1,1.0,1.0
176,999,0,1,1.0,1.0
177,999,0,1,1.0,1.0
178,999,0,1,1.0,1.0
179,999,0,1,1.0,1.0
180,999,0,1,1.0,1.0
181,999,0,1,1.0,1.0
182,999,0,1,1.0,1.0
183,999,0,1,1.0,1.0
184,999,0,1,1.0,1.0
185,999,0,1,1.0,1.0
186,999,0,1,1.0,1.0
187,999,0,1,1.0,1.0
188,999,0,1,1.0,1.0
189,999,0,1,1.0,1.0
190,999,0,1,1.0,1.0
191,999,0,1,1.0,1.0
192,999,0,1,1.0,1.0
193,999,0,1,1.0,1.0
194,999,0,1,1.0,1.0
195,999,0,1,1.0,1.0
196,999,0,1,1.0,1.0
197,999,0,1,1.0,1.0
198,999,0,1,1.0,1.0
199,999,0,1,1.0,1.0
200,999,0,1,1.0,1.0
1,999,1,0,1.0,1.0
2,999,1,0,1.0,1.0
3,999,1,0,1.0,1.0
4,999,1,0,1.0,1.0
5,999,1,0,1.0,1.0
6,999,1,0,1.0,1.0
7,999,0,1,1.0,1.0
8,999,0,1,1.0,1.0
9,999,0,1,1.0,1.0
10,999,0,1,1.0,1.0
11,999,0,1,1.0,1.0
12,999,0,1,1.0,1.0
13,999,0,1,1.0,1.0
14,999,0,1,1.0,1.0
15,999,0,1,1.0,1.0
16,999,0,1,1.0,1.0
17,999,0,1,1.0,1.0
18,999,0,1,1.0,1.0
19,999,0,1,1.0,1.0
20,999,0,1,1.0,1.0
21,999,0,1,1.0,1.0
22,999,0,1,1.0,1.0
23,999,0,1,1.0,1.0
24,999,0,1,1.0,1.0
25,999,0,1,1.0,1.0
26,999,0,1,1.0,1.0
27,999,0,1,1.0,1.0
28,999,0,1,1.0,1.0
29,999,0,1,1.0,1.0
30,999,0,1,1.0,1.0
31,999,0,1,1.0,1.0
32,999,0,1,1.0,1.0
33,999,0,1,1.0,1.0
34,999,0,1,1.0,1.0
35,999,0,1,1.0,1.0
36,999,0,1,1.0,1.0
37,999,0,1,1.0,1.0
38,999,0,1,1.0,1.0
39,999,0,1,1.0,1.0
40,999,0,1,1.0,1.0
41,999,0,1,1.0,1.0
42,999,0,1,1.0,1.0
43,999,0,1,1.0,1.0
44,999,0,1,1.0,1.0
45,999,0,1,1.0,1.0
46,999,0,1,1.0,1.0
47,999,0,1,1.0,1.0
48,999,0,1,1.0,1.0
49,999,0,1,1.0,1.0
50,999,0,1,1.0,1.0
51,999,0,1,1.0,1.0
52,999,0,1,1.0,1.0
53,999,0,1,1.0,1.0
54,999,0,1,1.0,1.0
55,999,0,1,1.0,1.0
56,999,0,1,1.0,1.0
57,999,0,1,1.0,1.0
58,999,0,1,1.0,1.0
59,999,0,1,1.0,1.0
60,999,0,1,1.0,1.0
61,999,0,1,1.0,1.0
62,999,0,1,1.0,1.0
63,999,0,1,1.0,1.0
64,999,0,1,1.0,1.0
65,999,0,1,1.0,1.0
66,999,0,1,1.0,1.0
67,999,0,1,1.0,1.0
68,999,0,1,1.0,1.0
69,999,0,1,1.0,1.0
70,999,0,1,1.0,1.0
71,999,0,1,1.0,1.0
72,999,0,1,1.0,1.0
73,999,0,1,1.0,1.0
74,999,0,1,1.0,1.0
75,999,0,1,1.0,1.0
76,999,0,1,1.0,1.0
77,999,0,1,1.0,1.0
78,999,0,1,1.0,1.0
79,999,0,1,1.0,1.0
80,999,0,1,1.0,1.0
81,999,0,1,1.0,1.0
82,999,0,1,1.0,1.0
83,999,0,1,1.0,1.0
84,999,0,1,1.0,1.0
85,999,0,1,1.0,1.0
86,999,0,1,1.0,1.0
87,999,0,1,1.0,1.0
88,999,0,1,1.0,1.0
89,999,0,1,1.0,1.0
90,999,0,1,1.0,1.0
91,999,0,1,1.0,1.0
92,999,0,1,1.0,1.0
93,999,0,1,1.0,1.0
94,999,0,1,1.0,1.0
95,999,0,1,1.0,1.0
96,999,0,1,1.0,1.0
97,999,0,1,1.0,1.0
98,999,0,1,1.0,1.0
99,999,0,1,1.0,1.0
100,999,0,1,1.0,1.0
101,999,0,1,1.0,1.0
102,999,0,1,1.0,1.0
103,999,0,1,1.0,1.0
104,999,0,1,1.0,1.0
105,999,0,1,1.0,1.0
106,999,0,1,1.0,1.0
107,999,0,1,1.0,1.0
108,999,0,1,1.0,1.0
109,999,0,1,1.0,1.0
110,999,0,1,1.0,1.0
111,999,0,1,1.0,1.0
112,999,0,1,1.0,1.0
113,999,0,1,1.0,1.0
114,999,0,1,1.0,1.0
115,999,0,1,1.0,1.0
116,999,0,1,1.0,1.0
117,999,0,1,1.0,1.0
118,999,0,1,1.0,1.0
119,999,0,1,1.0,1.0
120,999,0,1,1.0,1.0
121,999,0,1,1.0,1.0
122,999,0,1,1.0,1.0
123,999,0,1,1.0,1.0
124,999,0,1,1.0,1.0
125,999,0,1,1.0,1.0
126,999,0,1,1.0,1.0
127,999,0,1,1.0,1.0
128,999,0,1,1.0,1.0
129,999,0,1,1.0,1.0
130,999,0,1,1.0,1.0
131,999,0,1,1.0,1.0
132,999,0,1,1.0,1.0
133,999,0,1,1.0,1.0
134,999,0,1,1.0,1.0
135,999,0,1,1.0,1.0
136,999,0,1,1.0,1.0
137,999,0,1,1.0,1.0
138,999,0,1,1.0,1.0
139,999,0,1,1.0,1.0
140,999,0,1,1.0,1.0
141,999,0,1,1.0,1.0
142,999,0,1,1.0,1.0
143,999,0,1,1.0,1.0
144,999,0,1,1.0,1.0
145,999,0,1,1.0,1.0
146,999,0,1,1.0,1.0
147,999,0,1,1.0,1.0
148,999,0,1,1.0,1.0
149,999,0,1,1.0,1.0
150,999,0,1,1.0,1.0
151,999,0,1,1.0,1.0
152,999,0,1,1.0,1.0
153,999,0,1,1.0,1.0
154,999,0,1,1.0,1.0
155,999,0,1,1.0,1.0
156,999,0,1,1.0,1.0
157,999,0,1,1.0,1.0
158,999,0,1,1.0,1.0
159,999,0,1,1.0,1.0
160,999,0,1,1.0,1.0
161,999,0,1,1.0,1.0
162,999,0,1,1.0,1.0
163,999,0,1,1.0,1.0
164,999,0,1,1.0,1.0
165,999,0,1,1.0,1.0
166,999,0,1,1.0,1.0
167,999,0,1,1.0,1.0
168,999,0,1,1.0,1.0
169,999,0,1,1.0,1.0
170,999,0,1,1.0,1.0
171,999,0,1,1.0,1.0
172,999,0,1,1.0,1.0
173,999,0,1,1.0,1.0
174,999,0,1,1.0,1.0
175,999,0,1,1.0,1.0
176,999,0,1,1.0,1.0
177,999,0,1,1.0,1.0
178,999,0,1,1.0,1.0
179,999,0,1,1.0,1.0
180,999,0,1,1.0,1.0
181,999,0,1,1.0,1.0
182,999,0,1,1.0,1.0
183,999,0,1,1.0,1.0
184,999,0,1,1.0,1.0
185,999,0,1,1.0,1.0
186,999,0,1,1.0,1.0
187,999,0,1,1.0,1.0
188,999,0,1,1.0,1.0
189,999,0,1,1.0,1.0
190,999,0,1,1.0,1.0
191,999,0,1,1.0,1.0
192,999,0,1,1.0,1.0
193,999,0,1,1.0,1.0
194,999,0,1,1.0,1.0
195,999,0,1,1.0,1.0
196,999,0,1,1.0,1.0
197,999,0,1,1.0,1.0
198,999,0,1,1.0,1.0
199,999,0,1,1.0,1.0
200,999,0,1,1.0,1.0
1,998,1,1,1.0,1.0
2,998,1,1,1.0,1.0
3,998,1,1,1.0,1.0
4,997,2,1,0.999,0.9994984954864594
5,997,2,1,0.999,0.9994984954864594
6,997,2,1,0.999,0.9994984954864594
7,996,3,1,0.9985,0.9992469879518072
8,996,3,1,0.9985,0.9992469879518072
9,995,4,1,0.999,0.9994974874371859
10,995,4,1,0.999,0.9994974874371859
11,995,4,1,0.999,0.9994974874371859
12,995,4,1,0.999,0.9994974874371859
13,995,4,1,0.999,0.9994974874371859
14,995,4,1,0.999,0.9994974874371859
15,995,4,1,0.999,0.9994974874371859
16,995,4,1,0.999,0.9994974874371859
17,995,4,1,0.999,0.9994974874371859
18,994,4,2,0.9995,0.9997484909456741
19,994,4,2,0.9995,0.9997484909456741
20,993,5,2,0.9995,0.9997482376636455
21,992,6,2,0.999,0.9994959677419355
22,992,6,2,0.999,0.9994959677419355
23,992,6,2,0.999,0.9994959677419355
24,992,6,2,0.999,0.9994959677419355
25,991,7,2,0.999,0.9994113689875547
26,991,7,2,0.999,0.9994113689875547
27,991,7,2,0.999,0.9994113689875547
28,991,7,2,0.999,0.9994113689875547
29,991,7,2,0.999,0.9994113689875547
30,991,7,2,0.999,0.9994113689875547
31,990,8,2,0.999,0.9994107744107744
32,989,9,2,0.9985,0.9992079541624537
33,989,9,2,0.9985,0.9992079541624537
34,989,9,2,0.9985,0.9992079541624537
35,989,9,2,0.9985,0.9992079541624537
36,988,10,2,0.998,0.9989541160593792
37,987,10,3,0.9985,0.9991556906450523
38,987,8,5,0.9985,0.9991556906450523
39,987,8,5,0.9985,0.9991556906450523
40,987,7,6,0.9985,0.9991556906450523
41,987,7,6,0.9985,0.9991556906450523
42,987,5,8,0.999,0.9994089834515366
43,987,5,8,0.999,0.9994089834515366
44,987,5,8,0.999,0.9994089834515366
45,987,5,8,0.999,0.9994089834515366
46,987,5,8,0.999,0.9994089834515366
47,987,5,8,0.999,0.9994089834515366
48,987,4,9,0.9995,0.999662276258021
49,987,3,10,0.9995,0.999662276258021
50,987,3,10,0.9995,0.999662276258021
51,987,3,10,0.9995,0.999662276258021
52,987,3,10,0.9995,0.999662276258021
53,987,3,10,0.9995,0.999662276258021
54,987,2,11,0.9995,0.999662276258021
55,987,2,11,0.9995,0.999662276258021
56,987,1,12,1.0,1.0
57,987,1,12,1.0,1.0
58,987,1,12,1.0,1.0
59,987,1,12,1.0,1.0
60,987,1,12,1.0,1.0
61,987,1,12,1.0,1.0
62,987,1,12,1.0,1.0
63,987,1,12,1.0,1.0
64,987,1,12,1.0,1.0
65,987,1,12,1.0,1.0
66,987,1,12,1.0,1.0
67,987,0,13,1.0,1.0
68,987,0,13,1.0,1.0
69,987,0,13,1.0,1.0
70,987,0,13,1.0,1.0
71,987,0,13,1.0,1.0
72,987,0,13,1.0,1.0
73,987,0,13,1.0,1.0
74,987,0,13,1.0,1.0
75,987,0,13,1.0,1.0
76,987,0,13,1.0,1.0
77,987,0,13,1.0,1.0
78,987,0,13,1.0,1.0
79,987,0,13,1.0,1.0
80,987,0,13,1.0,1.0
81,987,0,13,1.0,1.0
82,987,0,13,1.0,1.0
83,987,0,13,1.0,1.0
84,987,0,13,1.0,1.0
85,987,0,13,1.0,1.0
86,987,0,13,1.0,1.0
87,987,0,13,1.0,1.0
88,987,0,13,1.0,1.0
89,987,0,13,1.0,1.0
90,987,0,13,1.0,1.0
91,987,0,13,1.0,1.0
92,987,0,13,1.0,1.0
93,987,0,13,1.0,1.0
94,987,0,13,1.0,1.0
95,987,0,13,1.0,1.0
96,987,0,13,1.0,1.0
97,987,0,13,1.0,1.0
98,987,0,13,1.0,1.0
99,987,0,13,1.0,1.0
100,987,0,13,1.0,1.0
101,987,0,13,1.0,1.0
102,987,0,13,1.0,1.0
103,987,0,13,1.0,1.0
104,987,0,13,1.0,1.0
105,987,0,13,1.0,1.0
106,987,0,13,1.0,1.0
107,987,0,13,1.0,1.0
108,987,0,13,1.0,1.0
109,987,0,13,1.0,1.0
110,987,0,13,1.0,1.0
111,987,0,13,1.0,1.0
112,987,0,13,1.0,1.0
113,987,0,13,1.0,1.0
114,987,0,13,1.0,1.0
115,987,0,13,1.0,1.0
116,987,0,13,1.0,1.0
117,987,0,13,1.0,1.0
118,987,0,13,1.0,1.0
119,987,0,13,1.0,1.0
120,987,0,13,1.0,1.0
121,987,0,13,1.0,1.0
122,987,0,13,1.0,1.0
123,987,0,13,1.0,1.0
124,987,0,13,1.0,1.0
125,987,0,13,1.0,1.0
126,987,0,13,1.0,1.0
127,987,0,13,1.0,1.0
128,987,0,13,1.0,1.0
129,987,0,13,1.0,1.0
130,987,0,13,1.0,1.0
131,987,0,13,1.0,1.0
132,987,0,13,1.0,1.0
133,987,0,13,1.0,1.0
134,987,0,13,1.0,1.0
135,987,0,13,1.0,1.0
136,987,0,13,1.0,1.0
137,987,0,13,1.0,1.0
138,987,0,13,1.0,1.0
139,987,0,13,1.0,1.0
140,987,0,13,1.0,1.0
141,987,0,13,1.0,1.0
142,987,0,13,1.0,1.0
143,987,0,13,1.0,1.0
144,987,0,13,1.0,1.0
145,987,0,13,1.0,1.0
146,987,0,13,1.0,1.0
147,987,0,13,1.0,1.0
148,987,0,13,1.0,1.0
149,987,0,13,1.0,1.0
150,987,0,13,1.0,1.0
151,987,0,13,1.0,1.0
152,987,0,13,1.0,1.0
153,987,0,13,1.0,1.0
154,987,0,13,1.0,1.0
155,987,0,13,1.0,1.0
156,987,0,13,1.0,1.0
157,987,0,13,1.0,1.0
158,987,0,13,1.0,1.0
159,987,0,13,1.0,1.0
160,987,0,13,1.0,1.0
161,987,0,13,1.0,1.0
162,987,0,13,1.0,1.0
163,987,0,13,1.0,1.0
164,987,0,13,1.0,1.0
165,987,0,13,1.0,1.0
166,987,0,13,1.0,1.0
167,987,0,13,1.0,1.0
168,987,0,13,1.0,1.0
169,987,0,13,1.0,1.0
170,987,0,13,1.0,1.0
171,987,0,13,1.0,1.0
172,987,0,13,1.0,1.0
173,987,0,13,1.0,1.0
174,987,0,13,1.0,1.0
175,987,0,13,1.0,1.0
176,987,0,13,1.0,1.0
177,987,0,13,1.0,1.0
178,987,0,13,1.0,1.0
179,987,0,13,1.0,1.0
180,987,0,13,1.0,1.0
181,987,0,13,1.0,1.0
182,987,0,13,1.0,1.0
183,987,0,13,1.0,1.0
184,987,0,13,1.0,1.0
185,987,0,13,1.0,1.0
186,987,0,13,1.0,1.0
187,987,0,13,1.0,1.0
188,987,0,13,1.0,1.0
189,987,0,13,1.0,1.0
190,987,0,13,1.0,1.0
191,987,0,13,1.0,1.0
192,987,0,13,1.0,1.0
193,987,0,13,1.0,1.0
194,987,0,13,1.0,1.0
195,987,0,13,1.0,1.0
196,987,0,13,1.0,1.0
197,987,0,13,1.0,1.0
198,987,0,13,1.0,1.0
199,987,0,13,1.0,1.0
200,987,0,13,1.0,1.0
1,999,1,0,1.0,1.0
2,999,1,0,1.0,1.0
3,999,1,0,1.0,1.0
4,999,1,0,1.0,1.0
5,999,1,0,1.0,1.0
6,999,1,0,1.0,1.0
7,999,1,0,1.0,1.0
8,999,1,0,1.0,1.0
9,999,1,0,1.0,1.0
10,999,1,0,1.0,1.0
11,999,1,0,1.0,1.0
12,999,1,0,1.0,1.0
13,999,1,0,1.0,1.0
14,999,1,0,1.0,1.0
15,999,1,0,1.0,1.0
16,999,1,0,1.0,1.0
17,999,1,0,1.0,1.0
18,999,1,0,1.0,1.0
19,999,1,0,1.0,1.0
20,999,1,0,1.0,1.0
21,999,1,0,1.0,1.0
22,999,1,0,1.0,1.0
23,999,1,0,1.0,1.0
24,999,1,0,1.0,1.0
25,999,1,0,1.0,1.0
26,999,1,0,1.0,1.0
27,998,1,1,1.0,1.0
28,998,1,1,1.0,1.0
29,998,1,1,1.0,1.0
30,998,1,1,1.0,1.0
31,998,1,1,1.0,1.0
32,998,1,1,1.0,1.0
33,998,1,1,1.0,1.0
34,998,1,1,1.0,1.0
35,998,1,1,1.0,1.0
36,997,2,1,0.9995,0.9997993981945837
37,997,2,1,0.9995,0.9997993981945837
38,997,2,1,0.9995,0.9997993981945837
39,997,2,1,0.9995,0.9997993981945837
40,997,2,1,0.9995,0.9997993981945837
41,997,2,1,0.9995,0.9997993981945837
42,997,2,1,0.9995,0.9997993981945837
43,997,2,1,0.9995,0.9997993981945837
44,997,2,1,0.9995,0.9997993981945837
45,997,2,1,0.9995,0.9997993981945837
46,997,2,1,0.9995,0.9997993981945837
47,997,2,1,0.9995,0.9997993981945837
48,996,3,1,0.999,0.9995983935742973
49,996,2,2,0.9995,0.9997991967871486
50,996,2,2,0.9995,0.9997991967871486
51,996,2,2,0.9995,0.9997991967871486
52,996,2,2,0.9995,0.9997991967871486
53,995,3,2,0.9995,0.9997989949748743
54,994,4,2,0.999,0.9995975855130785
55,994,4,2,0.999,0.9995975855130785
56,994,4,2,0.999,0.9995975855130785
57,994,4,2,0.999,0.9995975855130785
58,994,4,2,0.999,0.9995975855130785
59,993,5,2,0.999,0.9995971802618329
60,992,6,2,0.9995,0.9997479838709677
61,991,7,2,0.9995,0.9997477295660948
62,991,7,2,0.9995,0.9997477295660948
63,990,8,2,0.9995,0.9997474747474747
64,990,7,3,0.9995,0.9997474747474747
65,990,7,3,0.9995,0.9997474747474747
66,990,7,3,0.9995,0.9997474747474747
67,990,7,3,0.9995,0.9997474747474747
68,990,6,4,0.9995,0.9997474747474747
69,990,5,5,0.9995,0.9997474747474747
70,989,6,5,0.999,0.9994944388270981
71,989,6,5,0.999,0.9994944388270981
72,989,6,5,0.999,0.9994944388270981
73,988,7,5,0.998,0.9989878542510121
74,988,7,5,0.998,0.9989878542510121
75,987,7,6,0.9985,0.9992401215805471
76,987,7,6,0.9985,0.9992401215805471
77,987,5,8,0.9995,0.9997467071935157
78,987,5,8,0.9995,0.9997467071935157
79,986,6,8,0.999,0.9995436105476673
80,986,6,8,0.999,0.9995436105476673
81,986,6,8,0.999,0.9995436105476673
82,984,8,8,0.999,0.9995426829268292
83,984,8,8,0.999,0.9995426829268292
84,984,8,8,0.999,0.9995426829268292
85,984,7,9,0.999,0.9995426829268292
86,984,7,9,0.999,0.9995426829268292
87,984,7,9,0.999,0.9995426829268292
88,983,7,10,0.999,0.9994913530010173
89,983,7,10,0.999,0.9994913530010173
90,983,7,10,0.999,0.9994913530010173
91,983,7,10,0.999,0.9994913530010173
92,982,7,11,0.999,0.9994908350305499
93,982,6,12,0.9995,0.9997454175152749
94,981,7,12,0.999,0.9994903160040775
95,981,6,13,0.9995,0.9997451580020388
96,981,5,14,0.9995,0.9997451580020388
97,980,6,14,0.999,0.9994897959183674
98,980,6,14,0.999,0.9994897959183674
99,979,6,15,0.999,0.9994892747701737
100,979,6,15,0.999,0.9994892747701737
101,978,6,16,0.9985,0.9992331288343558
102,978,6,16,0.9985,0.9992331288343558
103,978,6,16,0.9985,0.9992331288343558
104,978,6,16,0.9985,0.9992331288343558
105,978,5,17,0.999,0.9994887525562373
106,978,5,17,0.999,0.9994887525562373
107,978,5,17,0.999,0.9994887525562373
108,978,5,17,0.999,0.9994887525562373
109,978,5,17,0.999,0.9994887525562373
110,978,5,17,0.999,0.9994887525562373
111,978,5,17,0.999,0.9994887525562373
112,978,4,18,0.9995,0.9997443762781186
113,978,4,18,0.9995,0.9997443762781186
114,978,4,18,0.9995,0.9997443762781186
115,978,3,19,0.9995,0.9997443762781186
116,978,2,20,1.0,1.0
117,978,2,20,1.0,1.0
118,978,2,20,1.0,1.0
119,978,2,20,1.0,1.0
120,978,2,20,1.0,1.0
121,978,2,20,1.0,1.0
122,978,2,20,1.0,1.0
123,978,2,20,1.0,1.0
124,978,2,20,1.0,1.0
125,978,2,20,1.0,1.0
126,978,2,20,1.0,1.0
127,978,2,20,1.0,1.0
128,978,2,20,1.0,1.0
129,978,2,20,1.0,1.0
130,978,2,20,1.0,1.0
131,978,2,20,1.0,1.0
132,978,2,20,1.0,1.0
133,978,2,20,1.0,1.0
134,978,2,20,1.0,1.0
135,978,2,20,1.0,1.0
136,978,2,20,1.0,1.0
137,978,2,20,1.0,1.0
138,978,1,21,1.0,1.0
139,978,1,21,1.0,1.0
140,978,1,21,1.0,1.0
141,978,1,21,1.0,1.0
142,978,0,22,1.0,1.0
143,978,0,22,1.0,1.0
144,978,0,22,1.0,1.0
145,978,0,22,1.0,1.0
146,978,0,22,1.0,1.0
147,978,0,22,1.0,1.0
148,978,0,22,1.0,1.0
149,978,0,22,1.0,1.0
150,978,0,22,1.0,1.0
151,978,0,22,1.0,1.0
152,978,0,22,1.0,1.0
153,978,0,22,1.0,1.0
154,978,0,22,1.0,1.0
155,978,0,22,1.0,1.0
156,978,0,22,1.0,1.0
157,978,0,22,1.0,1.0
158,978,0,22,1.0,1.0
159,978,0,22,1.0,1.0
160,978,0,22,1.0,1.0
161,978,0,22,1.0,1.0
162,978,0,22,1.0,1.0
163,978,0,22,1.0,1.0
164,978,0,22,1.0,1.0
165,978,0,22,1.0,1.0
166,978,0,22,1.0,1.0
167,978,0,22,1.0,1.0
168,978,0,22,1.0,1.0
169,978,0,22,1.0,1.0
170,978,0,22,1.0,1.0
171,978,0,22,1.0,1.0
172,978,0,22,1.0,1.0
173,978,0,22,1.0,1.0
174,978,0,22,1.0,1.0
175,978,0,22,1.0,1.0
176,978,0,22,1.0,1.0
177,978,0,22,1.0,1.0
178,978,0,22,1.0,1.0
179,978,0,22,1.0,1.0
180,978,0,22,1.0,1.0
181,978,0,22,1.0,1.0
182,978,0,22,1.0,1.0
183,978,0,22,1.0,1.0
184,978,0,22,1.0,1.0
185,978,0,22,1.0,1.0
186,978,0,22,1.0,1.0
187,978,0,22,1.0,1.0
188,978,0,22,1.0,1.0
189,978,0,22,1.0,1.0
190,978,0,22,1.0,1.0
191,978,0,22,1.0,1.0
192,978,0,22,1.0,1.0
193,978,0,22,1.0,1.0
194,978,0,22,1.0,1.0
195,978,0,22,1.0,1.0
196,978,0,22,1.0,1.0
197,978,0,22,1.0,1.0
198,978,0,22,1.0,1.0
199,978,0,22,1.0,1.0
200,978,0,22,1.0,1.0
1,998,2,0,0.999,0.9995490981963927
2,998,2,0,0.999,0.9995490981963927
3,998,1,1,1.0,1.0
4,998,1,1,1.0,1.0
5,998,1,1,1.0,1.0
6,998,1,1,1.0,1.0
7,998,1,1,1.0,1.0
8,998,1,1,1.0,1.0
9,998,1,1,1.0,1.0
10,998,1,1,1.0,1.0
11,997,2,1,0.9995,0.9997993981945837
12,997,2,1,0.9995,0.9997993981945837
13,997,2,1,0.9995,0.9997993981945837
14,997,2,1,0.9995,0.9997993981945837
15,997,2,1,0.9995,0.9997993981945837
16,996,3,1,0.999,0.9995983935742973
17,995,4,1,0.9985,0.9993467336683417
18,995,4,1,0.9985,0.9993467336683417
19,995,4,1,0.9985,0.9993467336683417
20,995,4,1,0.9985,0.9993467336683417
21,995,4,1,0.9985,0.9993467336683417
22,995,4,1,0.9985,0.9993467336683417
23,995,4,1,0.9985,0.9993467336683417
24,995,4,1,0.9985,0.9993467336683417
25,995,4,1,0.9985,0.9993467336683417
26,995,4,1,0.9985,0.9993467336683417
27,995,4,1,0.9985,0.9993467336683417
28,994,5,1,0.998,0.9990945674044266
29,994,5,1,0.998,0.9990945674044266
30,994,5,1,0.998,0.9990945674044266
31,994,5,1,0.998,0.9990945674044266
32,994,4,2,0.999,0.9995472837022132
33,994,4,2,0.999,0.9995472837022132
34,993,5,2,0.999,0.999496475327291
35,993,5,2,0.999,0.999496475327291
36,992,6,2,0.9985,0.9992439516129032
37,992,6,2,0.9985,0.9992439516129032
38,992,6,2,0.9985,0.9992439516129032
39,992,6,2,0.9985,0.9992439516129032
40,992,6,2,0.9985,0.9992439516129032
41,991,6,3,0.9995,0.9997477295660948
42,990,6,4,0.9985,0.9992424242424243
43,990,6,4,0.9985,0.9992424242424243
44,989,6,5,0.999,0.9994944388270981
45,989,5,6,0.999,0.9994944388270981
46,989,4,7,1.0,1.0
47,989,3,8,1.0,1.0
48,989,3,8,1.0,1.0
49,988,4,8,0.9995,0.999746963562753
50,987,4,9,0.9995,0.9997467071935157
51,987,4,9,0.9995,0.9997467071935157
52,987,4,9,0.9995,0.9997467071935157
53,987,4,9,0.9995,0.9997467071935157
54,987,4,9,0.9995,0.9997467071935157
55,987,4,9,0.9995,0.9997467071935157
56,987,4,9,0.9995,0.9997467071935157
57,987,4,9,0.9995,0.9997467071935157
58,986,5,9,0.999,0.9994929006085193
59,985,5,10,0.999,0.999492385786802
60,985,5,10,0.999,0.999492385786802
61,985,4,11,0.999,0.999492385786802
62,985,4,11,0.999,0.999492385786802
63,985,4,11,0.999,0.999492385786802
64,984,5,11,0.999,0.9994918699186992
65,983,6,11,0.9985,0.9992370295015259
66,983,6,11,0.9985,0.9992370295015259
67,983,6,11,0.9985,0.9992370295015259
68,983,6,11,0.9985,0.9992370295015259
69,982,6,12,0.999,0.9994908350305499
70,982,6,12,0.999,0.9994908350305499
71,981,7,12,0.9985,0.9992354740061162
72,981,7,12,0.9985,0.9992354740061162
73,981,7,12,0.9985,0.9992354740061162
74,981,7,12,0.9985,0.9992354740061162
75,981,7,12,0.9985,0.9992354740061162
76,981,7,12,0.9985,0.9992354740061162
77,981,7,12,0.9985,0.9992354740061162
78,980,7,13,0.999,0.9995408163265306
79,980,7,13,0.999,0.9995408163265306
80,980,6,14,0.999,0.9995408163265306
81,980,2,18,1.0,1.0
82,980,2,18,1.0,1.0
83,980,2,18,1.0,1.0
84,980,2,18,1.0,1.0
85,979,3,18,0.9995,0.9997446373850868
86,979,2,19,1.0,1.0
87,979,2,19,1.0,1.0
88,979,2,19,1.0,1.0
89,978,3,19,1.0,1.0
90,978,3,19,1.0,1.0
91,978,3,19,1.0,1.0
92,978,3,19,1.0,1.0
93,978,3,19,1.0,1.0
94,977,4,19,1.0,1.0
95,977,4,19,1.0,1.0
96,977,4,19,1.0,1.0
97,975,6,19,0.9985,0.9992820512820513
98,975,6,19,0.9985,0.9992820512820513
99,975,6,19,0.9985,0.9992820512820513
100,975,5,20,0.9985,0.9992820512820513
101,975,5,20,0.9985,0.9992820512820513
102,974,5,21,0.9995,0.999794661190965
103,974,5,21,0.9995,0.999794661190965
104,974,5,21,0.9995,0.999794661190965
105,974,5,21,0.9995,0.999794661190965
106,974,5,21,0.9995,0.999794661190965
107,974,5,21,0.9995,0.999794661190965
108,974,5,21,0.9995,0.999794661190965
109,973,6,21,0.999,0.9994518670777663
110,973,6,21,0.999,0.9994518670777663
111,973,6,21,0.999,0.9994518670777663
112,971,7,22,0.999,0.9995365602471679
113,970,7,23,0.9995,0.9997422680412371
114,970,7,23,0.9995,0.9997422680412371
115,970,6,24,1.0,1.0
116,969,7,24,1.0,1.0
117,967,9,24,0.9995,0.999741468459152
118,966,10,24,0.999,0.9994824016563147
119,965,11,24,0.999,0.9994818652849741
120,964,12,24,0.9985,0.9992219917012448
121,964,12,24,0.9985,0.9992219917012448
122,964,12,24,0.9985,0.9992219917012448
123,963,13,24,0.9985,0.9992211838006231
124,961,15,24,0.999,0.9994797086368367
125,960,16,24,0.9985,0.9992708333333333
126,960,16,24,0.9985,0.9992708333333333
127,959,17,24,0.998,0.9989224887035106
128,959,17,24,0.998,0.9989224887035106
129,957,19,24,0.997,0.998397770811564
130,957,19,24,0.997,0.998397770811564
131,955,21,24,0.9965,0.9981326352530542
132,955,21,24,0.9965,0.9981326352530542
133,954,22,24,0.996,0.9979210342417889
134,954,22,24,0.996,0.9979210342417889
135,952,22,26,0.996,0.9978641456582633
136,951,22,27,0.996,0.9978093235191027
137,949,23,28,0.996,0.9978047067088163
138,948,23,29,0.9955,0.9975386779184248
139,947,21,32,0.9965,0.9981520591341078
140,945,22,33,0.9965,0.9981481481481481
141,944,23,33,0.9965,0.998146186440678
142,944,23,33,0.9965,0.998146186440678
143,944,20,36,0.998,0.9989406779661016
144,943,21,36,0.9975,0.9986744432661718
145,941,21,38,0.9975,0.9986716259298618
146,941,20,39,0.9975,0.9986716259298618
147,941,20,39,0.9975,0.9986716259298618
148,940,20,40,0.9975,0.9986702127659575
149,939,20,41,0.9975,0.9986687965921193
150,938,19,43,0.998,0.9989339019189766
151,936,20,44,0.998,0.9989316239316239
152,935,21,44,0.9975,0.9986631016042781
153,935,20,45,0.9975,0.9986631016042781
154,932,23,45,0.9965,0.998175965665236
155,932,22,46,0.997,0.9983905579399142
156,931,21,48,0.9965,0.998030791263874
157,930,21,49,0.997,0.9982974910394264
158,930,20,50,0.9975,0.9985663082437276
159,928,22,50,0.9965,0.9979346264367815
160,927,20,53,0.9975,0.998561668464581
161,927,18,55,0.9975,0.998561668464581
162,927,17,56,0.998,0.998831355627472
163,927,16,57,0.9985,0.9991010427903632
164,927,15,58,0.9985,0.9991010427903632
165,927,15,58,0.9985,0.9991010427903632
166,926,16,58,0.998,0.9988300935925125
167,925,16,59,0.998,0.9987387387387388
168,925,16,59,0.998,0.9987387387387388
169,925,14,61,0.9985,0.9990990990990991
170,925,13,62,0.9985,0.9990990990990991
171,925,13,62,0.9985,0.9990990990990991
172,925,13,62,0.9985,0.9990990990990991
173,924,14,62,0.998,0.9988275613275613
174,923,15,62,0.9975,0.9985554351751534
175,922,14,64,0.9975,0.9985538684020245
176,922,14,64,0.9975,0.9985538684020245
177,921,14,65,0.997,0.9981903727832065
178,921,14,65,0.997,0.9981903727832065
179,920,15,65,0.9975,0.9984601449275361
180,917,18,65,0.9975,0.9984551072337331
181,916,18,66,0.9965,0.9978165938864629
182,914,18,68,0.9975,0.9985412107950401
183,913,17,70,0.9985,0.9991785323110625
184,912,17,71,0.9985,0.9991776315789473
185,911,16,73,0.999,0.9994511525795828
186,910,17,73,0.999,0.9994505494505495
187,910,15,75,0.999,0.9994505494505495
188,910,13,77,0.9995,0.9997252747252747
189,910,12,78,0.9995,0.9997252747252747
190,909,13,78,0.999,0.9994499449944995
191,908,13,79,0.999,0.9994493392070485
192,908,12,80,0.999,0.9994493392070485
193,908,11,81,0.9995,0.9997246696035242
194,908,9,83,0.9995,0.9997246696035242
195,908,9,83,0.9995,0.9997246696035242
196,908,8,84,0.9995,0.9997246696035242
197,907,8,85,0.9995,0.9997243660418964
198,907,6,87,0.9995,0.9997243660418964
199,907,6,87,0.9995,0.9997243660418964
200,907,6,87,0.9995,0.9997243660418964
1,998,0,2,1.0,1.0
2,998,0,2,1.0,1.0
3,998,0,2,1.0,1.0
4,998,0,2,1.0,1.0
5,998,0,2,1.0,1.0
6,998,0,2,1.0,1.0
7,998,0,2,1.0,1.0
8,998,0,2,1.0,1.0
9,998,0,2,1.0,1.0
10,998,0,2,1.0,1.0
11,998,0,2,1.0,1.0
12,998,0,2,1.0,1.0
13,998,0,2,1.0,1.0
14,998,0,2,1.0,1.0
15,998,0,2,1.0,1.0
16,998,0,2,1.0,1.0
17,998,0,2,1.0,1.0
18,998,0,2,1.0,1.0
19,998,0,2,1.0,1.0
20,998,0,2,1.0,1.0
21,998,0,2,1.0,1.0
22,998,0,2,1.0,1.0
23,998,0,2,1.0,1.0
24,998,0,2,1.0,1.0
25,998,0,2,1.0,1.0
26,998,0,2,1.0,1.0
27,998,0,2,1.0,1.0
28,998,0,2,1.0,1.0
29,998,0,2,1.0,1.0
30,998,0,2,1.0,1.0
31,998,0,2,1.0,1.0
32,998,0,2,1.0,1.0
33,998,0,2,1.0,1.0
34,998,0,2,1.0,1.0
35,998,0,2,1.0,1.0
36,998,0,2,1.0,1.0
37,998,0,2,1.0,1.0
38,998,0,2,1.0,1.0
39,998,0,2,1.0,1.0
40,998,0,2,1.0,1.0
41,998,0,2,1.0,1.0
42,998,0,2,1.0,1.0
43,998,0,2,1.0,1.0
44,998,0,2,1.0,1.0
45,998,0,2,1.0,1.0
46,998,0,2,1.0,1.0
47,998,0,2,1.0,1.0
48,998,0,2,1.0,1.0
49,998,0,2,1.0,1.0
50,998,0,2,1.0,1.0
51,998,0,2,1.0,1.0
52,998,0,2,1.0,1.0
53,998,0,2,1.0,1.0
54,998,0,2,1.0,1.0
55,998,0,2,1.0,1.0
56,998,0,2,1.0,1.0
57,998,0,2,1.0,1.0
58,998,0,2,1.0,1.0
59,998,0,2,1.0,1.0
60,998,0,2,1.0,1.0
61,998,0,2,1.0,1.0
62,998,0,2,1.0,1.0
63,998,0,2,1.0,1.0
64,998,0,2,1.0,1.0
65,998,0,2,1.0,1.0
66,998,0,2,1.0,1.0
67,998,0,2,1.0,1.0
68,998,0,2,1.0,1.0
69,998,0,2,1.0,1.0
70,998,0,2,1.0,1.0
71,998,0,2,1.0,1.0
72,998,0,2,1.0,1.0
73,998,0,2,1.0,1.0
74,998,0,2,1.0,1.0
75,998,0,2,1.0,1.0
76,998,0,2,1.0,1.0
77,998,0,2,1.0,1.0
78,998,0,2,1.0,1.0
79,998,0,2,1.0,1.0
80,998,0,2,1.0,1.0
81,998,0,2,1.0,1.0
82,998,0,2,1.0,1.0
83,998,0,2,1.0,1.0
84,998,0,2,1.0,1.0
85,998,0,2,1.0,1.0
86,998,0,2,1.0,1.0
87,998,0,2,1.0,1.0
88,998,0,2,1.0,1.0
89,998,0,2,1.0,1.0
90,998,0,2,1.0,1.0
91,998,0,2,1.0,1.0
92,998,0,2,1.0,1.0
93,998,0,2,1.0,1.0
94,998,0,2,1.0,1.0
95,998,0,2,1.0,1.0
96,998,0,2,1.0,1.0
97,998,0,2,1.0,1.0
98,998,0,2,1.0,1.0
99,998,0,2,1.0,1.0
100,998,0,2,1.0,1.0
101,998,0,2,1.0,1.0
102,998,0,2,1.0,1.0
103,998,0,2,1.0,1.0
104,998,0,2,1.0,1.0
105,998,0,2,1.0,1.0
106,998,0,2,1.0,1.0
107,998,0,2,1.0,1.0
108,998,0,2,1.0,1.0
109,998,0,2,1.0,1.0
110,998,0,2,1.0,1.0
111,998,0,2,1.0,1.0
112,998,0,2,1.0,1.0
113,998,0,2,1.0,1.0
114,998,0,2,1.0,1.0
115,998,0,2,1.0,1.0
116,998,0,2,1.0,1.0
117,998,0,2,1.0,1.0
118,998,0,2,1.0,1.0
119,998,0,2,1.0,1.0
120,998,0,2,1.0,1.0
121,998,0,2,1.0,1.0
122,998,0,2,1.0,1.0
123,998,0,2,1.0,1.0
124,998,0,2,1.0,1.0
125,998,0,2,1.0,1.0
126,998,0,2,1.0,1.0
127,998,0,2,1.0,1.0
128,998,0,2,1.0,1.0
129,998,0,2,1.0,1.0
130,998,0,2,1.0,1.0
131,998,0,2,1.0,1.0
132,998,0,2,1.0,1.0
133,998,0,2,1.0,1.0
134,998,0,2,1.0,1.0
135,998,0,2,1.0,1.0
136,998,0,2,1.0,1.0
137,998,0,2,1.0,1.0
138,998,0,2,1.0,1.0
139,998,0,2,1.0,1.0
140,998,0,2,1.0,1.0
141,998,0,2,1.0,1.0
142,998,0,2,1.0,1.0
143,998,0,2,1.0,1.0
144,998,0,2,1.0,1.0
145,998,0,2,1.0,1.0
146,998,0,2,1.0,1.0
147,998,0,2,1.0,1.0
148,998,0,2,1.0,1.0
149,998,0,2,1.0,1.0
150,998,0,2,1.0,1.0
151,998,0,2,1.0,1.0
152,998,0,2,1.0,1.0
153,998,0,2,1.0,1.0
154,998,0,2,1.0,1.0
155,998,0,2,1.0,1.0
156,998,0,2,1.0,1.0
157,998,0,2,1.0,1.0
158,998,0,2,1.0,1.0
159,998,0,2,1.0,1.0
160,998,0,2,1.0,1.0
161,998,0,2,1.0,1.0
162,998,0,2,1.0,1.0
163,998,0,2,1.0,1.0
164,998,0,2,1.0,1.0
165,998,0,2,1.0,1.0
166,998,0,2,1.0,1.0
167,998,0,2,1.0,1.0
168,998,0,2,1.0,1.0
169,998,0,2,1.0,1.0
170,998,0,2,1.0,1.0
171,998,0,2,1.0,1.0
172,998,0,2,1.0,1.0
173,998,0,2,1.0,1.0
174,998,0,2,1.0,1.0
175,998,0,2,1.0,1.0
176,998,0,2,1.0,1.0
177,998,0,2,1.0,1.0
178,998,0,2,1.0,1.0
179,998,0,2,1.0,1.0
180,998,0,2,1.0,1.0
181,998,0,2,1.0,1.0
182,998,0,2,1.0,1.0
183,998,0,2,1.0,1.0
184,998,0,2,1.0,1.0
185,998,0,2,1.0,1.0
186,998,0,2,1.0,1.0
187,998,0,2,1.0,1.0
188,998,0,2,1.0,1.0
189,998,0,2,1.0,1.0
190,998,0,2,1.0,1.0
191,998,0,2,1.0,1.0
192,998,0,2,1.0,1.0
193,998,0,2,1.0,1.0
194,998,0,2,1.0,1.0
195,998,0,2,1.0,1.0
196,998,0,2,1.0,1.0
197,998,0,2,1.0,1.0
198,998,0,2,1.0,1.0
199,998,0,2,1.0,1.0
200,998,0,2,1.0,1.0
1,999,1,0,1.0,1.0
2,997,3,0,0.9985,0.9993480441323972
3,997,3,0,0.9985,0.9993480441323972
4,997,3,0,0.9985,0.9993480441323972
5,997,3,0,0.9985,0.9993480441323972
6,997,3,0,0.9985,0.9993480441323972
7,997,2,1,0.9995,0.9997993981945837
8,997,1,2,1.0,1.0
9,997,1,2,1.0,1.0
10,997,1,2,1.0,1.0
11,997,1,2,1.0,1.0
12,997,1,2,1.0,1.0
13,997,1,2,1.0,1.0
14,996,2,2,0.999,0.9995481927710843
15,996,2,2,0.999,0.9995481927710843
16,996,2,2,0.999,0.9995481927710843
17,996,2,2,0.999,0.9995481927710843
18,996,2,2,0.999,0.9995481927710843
19,996,2,2,0.999,0.9995481927710843
20,996,2,2,0.999,0.9995481927710843
21,996,2,2,0.999,0.9995481927710843
22,996,2,2,0.999,0.9995481927710843
23,996,2,2,0.999,0.9995481927710843
24,996,2,2,0.999,0.9995481927710843
25,996,2,2,0.999,0.9995481927710843
26,996,1,3,1.0,1.0
27,996,1,3,1.0,1.0
28,996,1,3,1.0,1.0
29,996,1,3,1.0,1.0
30,995,1,4,1.0,1.0
31,995,1,4,1.0,1.0
32,995,1,4,1.0,1.0
33,995,1,4,1.0,1.0
34,995,1,4,1.0,1.0
35,995,1,4,1.0,1.0
36,995,1,4,1.0,1.0
37,995,1,4,1.0,1.0
38,995,1,4,1.0,1.0
39,995,1,4,1.0,1.0
40,995,1,4,1.0,1.0
41,995,1,4,1.0,1.0
42,995,1,4,1.0,1.0
43,995,1,4,1.0,1.0
44,995,1,4,1.0,1.0
45,995,1,4,1.0,1.0
46,995,1,4,1.0,1.0
47,995,1,4,1.0,1.0
48,994,2,4,1.0,1.0
49,994,2,4,1.0,1.0
50,994,2,4,1.0,1.0
51,994,2,4,1.0,1.0
52,994,2,4,1.0,1.0
53,994,2,4,1.0,1.0
54,994,2,4,1.0,1.0
55,994,2,4,1.0,1.0
56,994,1,5,1.0,1.0
57,994,0,6,1.0,1.0
58,994,0,6,1.0,1.0
59,994,0,6,1.0,1.0
60,994,0,6,1.0,1.0
61,994,0,6,1.0,1.0
62,994,0,6,1.0,1.0
63,994,0,6,1.0,1.0
64,994,0,6,1.0,1.0
65,994,0,6,1.0,1.0
66,994,0,6,1.0,1.0
67,994,0,6,1.0,1.0
68,994,0,6,1.0,1.0
69,994,0,6,1.0,1.0
70,994,0,6,1.0,1.0
71,994,0,6,1.0,1.0
72,994,0,6,1.0,1.0
73,994,0,6,1.0,1.0
74,994,0,6,1.0,1.0
75,994,0,6,1.0,1.0
76,994,0,6,1.0,1.0
77,994,0,6,1.0,1.0
78,994,0,6,1.0,1.0
79,994,0,6,1.0,1.0
80,994,0,6,1.0,1.0
81,994,0,6,1.0,1.0
82,994,0,6,1.0,1.0
83,994,0,6,1.0,1.0
84,994,0,6,1.0,1.0
85,994,0,6,1.0,1.0
86,994,0,6,1.0,1.0
87,994,0,6,1.0,1.0
88,994,0,6,1.0,1.0
89,994,0,6,1.0,1.0
90,994,0,6,1.0,1.0
91,994,0,6,1.0,1.0
92,994,0,6,1.0,1.0
93,994,0,6,1.0,1.0
94,994,0,6,1.0,1.0
95,994,0,6,1.0,1.0
96,994,0,6,1.0,1.0
97,994,0,6,1.0,1.0
98,994,0,6,1.0,1.0
99,994,0,6,1.0,1.0
100,994,0,6,1.0,1.0
101,994,0,6,1.0,1.0
102,994,0,6,1.0,1.0
103,994,0,6,1.0,1.0
104,994,0,6,1.0,1.0
105,994,0,6,1.0,1.0
106,994,0,6,1.0,1.0
107,994,0,6,1.0,1.0
108,994,0,6,1.0,1.0
109,994,0,6,1.0,1.0
110,994,0,6,1.0,1.0
111,994,0,6,1.0,1.0
112,994,0,6,1.0,1.0
113,994,0,6,1.0,1.0
114,994,0,6,1.0,1.0
115,994,0,6,1.0,1.0
116,994,0,6,1.0,1.0
117,994,0,6,1.0,1.0
118,994,0,6,1.0,1.0
119,994,0,6,1.0,1.0
120,994,0,6,1.0,1.0
121,994,0,6,1.0,1.0
122,994,0,6,1.0,1.0
123,994,0,6,1.0,1.0
124,994,0,6,1.0,1.0
125,994,0,6,1.0,1.0
126,994,0,6,1.0,1.0
127,994,0,6,1.0,1.0
128,994,0,6,1.0,1.0
129,994,0,6,1.0,1.0
130,994,0,6,1.0,1.0
131,994,0,6,1.0,1.0
132,994,0,6,1.0,1.0
133,994,0,6,1.0,1.0
134,994,0,6,1.0,1.0
135,994,0,6,1.0,1.0
136,994,0,6,1.0,1.0
137,994,0,6,1.0,1.0
138,994,0,6,1.0,1.0
139,994,0,6,1.0,1.0
140,994,0,6,1.0,1.0
141,994,0,6,1.0,1.0
142,994,0,6,1.0,1.0
143,994,0,6,1.0,1.0
144,994,0,6,1.0,1.0
145,994,0,6,1.0,1.0
146,994,0,6,1.0,1.0
147,994,0,6,1.0,1.0
148,994,0,6,1.0,1.0
149,994,0,6,1.0,1.0
150,994,0,6,1.0,1.0
151,994,0,6,1.0,1.0
152,994,0,6,1.0,1.0
153,994,0,6,1.0,1.0
154,994,0,6,1.0,1.0
155,994,0,6,1.0,1.0
156,994,0,6,1.0,1.0
157,994,0,6,1.0,1.0
158,994,0,6,1.0,1.0
159,994,0,6,1.0,1.0
160,994,0,6,1.0,1.0
161,994,0,6,1.0,1.0
162,994,0,6,1.0,1.0
163,994,0,6,1.0,1.0
164,994,0,6,1.0,1.0
165,994,0,6,1.0,1.0
166,994,0,6,1.0,1.0
167,994,0,6,1.0,1.0
168,994,0,6,1.0,1.0
169,994,0,6,1.0,1.0
170,994,0,6,1.0,1.0
171,994,0,6,1.0,1.0
172,994,0,6,1.0,1.0
173,994,0,6,1.0,1.0
174,994,0,6,1.0,1.0
175,994,0,6,1.0,1.0
176,994,0,6,1.0,1.0
177,994,0,6,1.0,1.0
178,994,0,6,1.0,1.0
179,994,0,6,1.0,1.0
180,994,0,6,1.0,1.0
181,994,0,6,1.0,1.0
182,994,0,6,1.0,1.0
183,994,0,6,1.0,1.0
184,994,0,6,1.0,1.0
185,994,0,6,1.0,1.0
186,994,0,6,1.0,1.0
187,994,0,6,1.0,1.0
188,994,0,6,1.0,1.0
189,994,0,6,1.0,1.0
190,994,0,6,1.0,1.0
191,994,0,6,1.0,1.0
192,994,0,6,1.0,1.0
193,994,0,6,1.0,1.0
194,994,0,6,1.0,1.0
195,994,0,6,1.0,1.0
196,994,0,6,1.0,1.0
197,994,0,6,1.0,1.0
198,994,0,6,1.0,1.0
199,994,0,6,1.0,1.0
200,994,0,6,1.0,1.0
1,998,2,0,0.9995,0.9997995991983968
2,997,3,0,0.9995,0.9997492477432297
3,997,1,2,1.0,1.0
4,997,1,2,1.0,1.0
5,997,1,2,1.0,1.0
6,997,1,2,1.0,1.0
7,997,1,2,1.0,1.0
8,997,1,2,1.0,1.0
9,997,0,3,1.0,1.0
10,997,0,3,1.0,1.0
11,997,0,3,1.0,1.0
12,997,0,3,1.0,1.0
13,997,0,3,1.0,1.0
14,997,0,3,1.0,1.0
15,997,0,3,1.0,1.0
16,997,0,3,1.0,1.0
17,997,0,3,1.0,1.0
18,997,0,3,1.0,1.0
19,997,0,3,1.0,1.0
20,997,0,3,1.0,1.0
21,997,0,3,1.0,1.0
22,997,0,3,1.0,1.0
23,997,0,3,1.0,1.0
24,997,0,3,1.0,1.0
25,997,0,3,1.0,1.0
26,997,0,3,1.0,1.0
27,997,0,3,1.0,1.0
28,997,0,3,1.0,1.0
29,997,0,3,1.0,1.0
30,997,0,3,1.0,1.0
31,997,0,3,1.0,1.0
32,997,0,3,1.0,1.0
33,997,0,3,1.0,1.0
34,997,0,3,1.0,1.0
35,997,0,3,1.0,1.0
36,997,0,3,1.0,1.0
37,997,0,3,1.0,1.0
38,997,0,3,1.0,1.0
39,997,0,3,1.0,1.0
40,997,0,3,1.0,1.0
41,997,0,3,1.0,1.0
42,997,0,3,1.0,1.0
43,997,0,3,1.0,1.0
44,997,0,3,1.0,1.0
45,997,0,3,1.0,1.0
46,997,0,3,1.0,1.0
47,997,0,3,1.0,1.0
48,997,0,3,1.0,1.0
49,997,0,3,1.0,1.0
50,997,0,3,1.0,1.0
51,997,0,3,1.0,1.0
52,997,0,3,1.0,1.0
53,997,0,3,1.0,1.0
54,997,0,3,1.0,1.0
55,997,0,3,1.0,1.0
56,997,0,3,1.0,1.0
57,997,0,3,1.0,1.0
58,997,0,3,1.0,1.0
59,997,0,3,1.0,1.0
60,997,0,3,1.0,1.0
61,997,0,3,1.0,1.0
62,997,0,3,1.0,1.0
63,997,0,3,1.0,1.0
64,997,0,3,1.0,1.0
65,997,0,3,1.0,1.0
66,997,0,3,1.0,1.0
67,997,0,3,1.0,1.0
68,997,0,3,1.0,1.0
69,997,0,3,1.0,1.0
70,997,0,3,1.0,1.0
71,997,0,3,1.0,1.0
72,997,0,3,1.0,1.0
73,997,0,3,1.0,1.0
74,997,0,3,1.0,1.0
75,997,0,3,1.0,1.0
76,997,0,3,1.0,1.0
77,997,0,3,1.0,1.0
78,997,0,3,1.0,1.0
79,997,0,3,1.0,1.0
80,997,0,3,1.0,1.0
81,997,0,3,1.0,1.0
82,997,0,3,1.0,1.0
83,997,0,3,1.0,1.0
84,997,0,3,1.0,1.0
85,997,0,3,1.0,1.0
86,997,0,3,1.0,1.0
87,997,0,3,1.0,1.0
88,997,0,3,1.0,1.0
89,997,0,3,1.0,1.0
90,997,0,3,1.0,1.0
91,997,0,3,1.0,1.0
92,997,0,3,1.0,1.0
93,997,0,3,1.0,1.0
94,997,0,3,1.0,1.0
95,997,0,3,1.0,1.0
96,997,0,3,1.0,1.0
97,997,0,3,1.0,1.0
98,997,0,3,1.0,1.0
99,997,0,3,1.0,1.0
100,997,0,3,1.0,1.0
101,997,0,3,1.0,1.0
102,997,0,3,1.0,1.0
103,997,0,3,1.0,1.0
104,997,0,3,1.0,1.0
105,997,0,3,1.0,1.0
106,997,0,3,1.0,1.0
107,997,0,3,1.0,1.0
108,997,0,3,1.0,1.0
109,997,0,3,1.0,1.0
110,997,0,3,1.0,1.0
111,997,0,3,1.0,1.0
112,997,0,3,1.0,1.0
113,997,0,3,1.0,1.0
114,997,0,3,1.0,1.0
115,997,0,3,1.0,1.0
116,997,0,3,1.0,1.0
117,997,0,3,1.0,1.0
118,997,0,3,1.0,1.0
119,997,0,3,1.0,1.0
120,997,0,3,1.0,1.0
121,997,0,3,1.0,1.0
122,997,0,3,1.0,1.0
123,997,0,3,1.0,1.0
124,997,0,3,1.0,1.0
125,997,0,3,1.0,1.0
126,997,0,3,1.0,1.0
127,997,0,3,1.0,1.0
128,997,0,3,1.0,1.0
129,997,0,3,1.0,1.0
130,997,0,3,1.0,1.0
131,997,0,3,1.0,1.0
132,997,0,3,1.0,1.0
133,997,0,3,1.0,1.0
134,997,0,3,1.0,1.0
135,997,0,3,1.0,1.0
136,997,0,3,1.0,1.0
137,997,0,3,1.0,1.0
138,997,0,3,1.0,1.0
139,997,0,3,1.0,1.0
140,997,0,3,1.0,1.0
141,997,0,3,1.0,1.0
142,997,0,3,1.0,1.0
143,997,0,3,1.0,1.0
144,997,0,3,1.0,1.0
145,997,0,3,1.0,1.0
146,997,0,3,1.0,1.0
147,997,0,3,1.0,1.0
148,997,0,3,1.0,1.0
149,997,0,3,1.0,1.0
150,997,0,3,1.0,1.0
151,997,0,3,1.0,1.0
152,997,0,3,1.0,1.0
153,997,0,3,1.0,1.0
154,997,0,3,1.0,1.0
155,997,0,3,1.0,1.0
156,997,0,3,1.0,1.0
157,997,0,3,1.0,1.0
158,997,0,3,1.0,1.0
159,997,0,3,1.0,1.0
160,997,0,3,1.0,1.0
161,997,0,3,1.0,1.0
162,997,0,3,1.0,1.0
163,997,0,3,1.0,1.0
164,997,0,3,1.0,1.0
165,997,0,3,1.0,1.0
166,997,0,3,1.0,1.0
167,997,0,3,1.0,1.0
168,997,0,3,1.0,1.0
169,997,0,3,1.0,1.0
170,997,0,3,1.0,1.0
171,997,0,3,1.0,1.0
172,997,0,3,1.0,1.0
173,997,0,3,1.0,1.0
174,997,0,3,1.0,1.0
175,997,0,3,1.0,1.0
176,997,0,3,1.0,1.0
177,997,0,3,1.0,1.0
178,997,0,3,1.0,1.0
179,997,0,3,1.0,1.0
180,997,0,3,1.0,1.0
181,997,0,3,1.0,1.0
182,997,0,3,1.0,1.0
183,997,0,3,1.0,1.0
184,997,0,3,1.0,1.0
185,997,0,3,1.0,1.0
186,997,0,3,1.0,1.0
187,997,0,3,1.0,1.0
188,997,0,3,1.0,1.0
189,997,0,3,1.0,1.0
190,997,0,3,1.0,1.0
191,997,0,3,1.0,1.0
192,997,0,3,1.0,1.0
193,997,0,3,1.0,1.0
194,997,0,3,1.0,1.0
195,997,0,3,1.0,1.0
196,997,0,3,1.0,1.0
197,997,0,3,1.0,1.0
198,997,0,3,1.0,1.0
199,997,0,3,1.0,1.0
200,997,0,3,1.0,1.0
1,999,1,0,1.0,1.0
2,999,1,0,1.0,1.0
3,999,1,0,1.0,1.0
4,999,1,0,1.0,1.0
5,999,1,0,1.0,1.0
6,999,0,1,1.0,1.0
7,999,0,1,1.0,1.0
8,999,0,1,1.0,1.0
9,999,0,1,1.0,1.0
10,999,0,1,1.0,1.0
11,999,0,1,1.0,1.0
12,999,0,1,1.0,1.0
13,999,0,1,1.0,1.0
14,999,0,1,1.0,1.0
15,999,0,1,1.0,1.0
16,999,0,1,1.0,1.0
17,999,0,1,1.0,1.0
18,999,0,1,1.0,1.0
19,999,0,1,1.0,1.0
20,999,0,1,1.0,1.0
21,999,0,1,1.0,1.0
22,999,0,1,1.0,1.0
23,999,0,1,1.0,1.0
24,999,0,1,1.0,1.0
25,999,0,1,1.0,1.0
26,999,0,1,1.0,1.0
27,999,0,1,1.0,1.0
28,999,0,1,1.0,1.0
29,999,0,1,1.0,1.0
30,999,0,1,1.0,1.0
31,999,0,1,1.0,1.0
32,999,0,1,1.0,1.0
33,999,0,1,1.0,1.0
34,999,0,1,1.0,1.0
35,999,0,1,1.0,1.0
36,999,0,1,1.0,1.0
37,999,0,1,1.0,1.0
38,999,0,1,1.0,1.0
39,999,0,1,1.0,1.0
40,999,0,1,1.0,1.0
41,999,0,1,1.0,1.0
42,999,0,1,1.0,1.0
43,999,0,1,1.0,1.0
44,999,0,1,1.0,1.0
45,999,0,1,1.0,1.0
46,999,0,1,1.0,1.0
47,999,0,1,1.0,1.0
48,999,0,1,1.0,1.0
49,999,0,1,1.0,1.0
50,999,0,1,1.0,1.0
51,999,0,1,1.0,1.0
52,999,0,1,1.0,1.0
53,999,0,1,1.0,1.0
54,999,0,1,1.0,1.0
55,999,0,1,1.0,1.0
56,999,0,1,1.0,1.0
57,999,0,1,1.0,1.0
58,999,0,1,1.0,1.0
59,999,0,1,1.0,1.0
60,999,0,1,1.0,1.0
61,999,0,1,1.0,1.0
62,999,0,1,1.0,1.0
63,999,0,1,1.0,1.0
64,999,0,1,1.0,1.0
65,999,0,1,1.0,1.0
66,999,0,1,1.0,1.0
67,999,0,1,1.0,1.0
68,999,0,1,1.0,1.0
69,999,0,1,1.0,1.0
70,999,0,1,1.0,1.0
71,999,0,1,1.0,1.0
72,999,0,1,1.0,1.0
73,999,0,1,1.0,1.0
74,999,0,1,1.0,1.0
75,999,0,1,1.0,1.0
76,999,0,1,1.0,1.0
77,999,0,1,1.0,1.0
78,999,0,1,1.0,1.0
79,999,0,1,1.0,1.0
80,999,0,1,1.0,1.0
81,999,0,1,1.0,1.0
82,999,0,1,1.0,1.0
83,999,0,1,1.0,1.0
84,999,0,1,1.0,1.0
85,999,0,1,1.0,1.0
86,999,0,1,1.0,1.0
87,999,0,1,1.0,1.0
88,999,0,1,1.0,1.0
89,999,0,1,1.0,1.0
90,999,0,1,1.0,1.0
91,999,0,1,1.0,1.0
92,999,0,1,1.0,1.0
93,999,0,1,1.0,1.0
94,999,0,1,1.0,1.0
95,999,0,1,1.0,1.0
96,999,0,1,1.0,1.0
97,999,0,1,1.0,1.0
98,999,0,1,1.0,1.0
99,999,0,1,1.0,1.0
100,999,0,1,1.0,1.0
101,999,0,1,1.0,1.0
102,999,0,1,1.0,1.0
103,999,0,1,1.0,1.0
104,999,0,1,1.0,1.0
105,999,0,1,1.0,1.0
106,999,0,1,1.0,1.0
107,999,0,1,1.0,1.0
108,999,0,1,1.0,1.0
109,999,0,1,1.0,1.0
110,999,0,1,1.0,1.0
111,999,0,1,1.0,1.0
112,999,0,1,1.0,1.0
113,999,0,1,1.0,1.0
114,999,0,1,1.0,1.0
115,999,0,1,1.0,1.0
116,999,0,1,1.0,1.0
117,999,0,1,1.0,1.0
118,999,0,1,1.0,1.0
119,999,0,1,1.0,1.0
120,999,0,1,1.0,1.0
121,999,0,1,1.0,1.0
122,999,0,1,1.0,1.0
123,999,0,1,1.0,1.0
124,999,0,1,1.0,1.0
125,999,0,1,1.0,1.0
126,999,0,1,1.0,1.0
127,999,0,1,1.0,1.0
128,999,0,1,1.0,1.0
129,999,0,1,1.0,1.0
130,999,0,1,1.0,1.0
131,999,0,1,1.0,1.0
132,999,0,1,1.0,1.0
133,999,0,1,1.0,1.0
134,999,0,1,1.0,1.0
135,999,0,1,1.0,1.0
136,999,0,1,1.0,1.0
137,999,0,1,1.0,1.0
138,999,0,1,1.0,1.0
139,999,0,1,1.0,1.0
140,999,0,1,1.0,1.0
141,999,0,1,1.0,1.0
142,999,0,1,1.0,1.0
143,999,0,1,1.0,1.0
144,999,0,1,1.0,1.0
145,999,0,1,1.0,1.0
146,999,0,1,1.0,1.0
147,999,0,1,1.0,1.0
148,999,0,1,1.0,1.0
149,999,0,1,1.0,1.0
150,999,0,1,1.0,1.0
151,999,0,1,1.0,1.0
152,999,0,1,1.0,1.0
153,999,0,1,1.0,1.0
154,999,0,1,1.0,1.0
155,999,0,1,1.0,1.0
156,999,0,1,1.0,1.0
157,999,0,1,1.0,1.0
158,999,0,1,1.0,1.0
159,999,0,1,1.0,1.0
160,999,0,1,1.0,1.0
161,999,0,1,1.0,1.0
162,999,0,1,1.0,1.0
163,999,0,1,1.0,1.0
164,999,0,1,1.0,1.0
165,999,0,1,1.0,1.0
166,999,0,1,1.0,1.0
167,999,0,1,1.0,1.0
168,999,0,1,1.0,1.0
169,999,0,1,1.0,1.0
170,999,0,1,1.0,1.0
171,999,0,1,1.0,1.0
172,999,0,1,1.0,1.0
173,999,0,1,1.0,1.0
174,999,0,1,1.0,1.0
175,999,0,1,1.0,1.0
176,999,0,1,1.0,1.0
177,999,0,1,1.0,1.0
178,999,0,1,1.0,1.0
179,999,0,1,1.0,1.0
180,999,0,1,1.0,1.0
181,999,0,1,1.0,1.0
182,999,0,1,1.0,1.0
183,999,0,1,1.0,1.0
184,999,0,1,1.0,1.0
185,999,0,1,1.0,1.0
186,999,0,1,1.0,1.0
187,999,0,1,1.0,1.0
188,999,0,1,1.0,1.0
189,999,0,1,1.0,1.0
190,999,0,1,1.0,1.0
191,999,0,1,1.0,1.0
192,999,0,1,1.0,1.0
193,999,0,1,1.0,1.0
194,999,0,1,1.0,1.0
195,999,0,1,1.0,1.0
196,999,0,1,1.0,1.0
197,999,0,1,1.0,1.0
198,999,0,1,1.0,1.0
199,999,0,1,1.0,1.0
200,999,0,1,1.0,1.0
1,999,1,0,1.0,1.0
2,999,1,0,1.0,1.0
3,998,2,0,0.999,0.999498997995992
4,998,2,0,0.999,0.999498997995992
5,998,2,0,0.999,0.999498997995992
6,997,3,0,0.999,0.9994984954864594
7,997,3,0,0.999,0.9994984954864594
8,997,3,0,0.999,0.9994984954864594
9,996,4,0,0.999,0.9994979919678715
10,996,2,2,1.0,1.0
11,996,2,2,1.0,1.0
12,996,2,2,1.0,1.0
13,996,2,2,1.0,1.0
14,996,2,2,1.0,1.0
15,996,2,2,1.0,1.0
16,995,3,2,0.9995,0.999748743718593
17,995,3,2,0.9995,0.999748743718593
18,994,3,3,1.0,1.0
19,994,3,3,1.0,1.0
20,993,3,4,1.0,1.0
21,993,3,4,1.0,1.0
22,993,3,4,1.0,1.0
23,991,4,5,1.0,1.0
24,991,4,5,1.0,1.0
25,991,4,5,1.0,1.0
26,991,3,6,1.0,1.0
27,991,3,6,1.0,1.0
28,991,3,6,1.0,1.0
29,991,3,6,1.0,1.0
30,991,3,6,1.0,1.0
31,991,3,6,1.0,1.0
32,991,3,6,1.0,1.0
33,989,5,6,0.9995,0.9996629592180654
34,989,5,6,0.9995,0.9996629592180654
35,989,5,6,0.9995,0.9996629592180654
36,988,5,7,1.0,1.0
37,988,4,8,1.0,1.0
38,988,4,8,1.0,1.0
39,988,3,9,1.0,1.0
40,988,3,9,1.0,1.0
41,987,4,9,1.0,1.0
42,987,4,9,1.0,1.0
43,987,4,9,1.0,1.0
44,987,3,10,1.0,1.0
45,986,4,10,1.0,1.0
46,985,5,10,0.9995,0.999746192893401
47,985,5,10,0.9995,0.999746192893401
48,985,5,10,0.9995,0.999746192893401
49,985,5,10,0.9995,0.999746192893401
50,985,5,10,0.9995,0.999746192893401
51,984,6,10,0.9985,0.9992378048780488
52,983,7,10,0.9985,0.9992370295015259
53,982,8,10,0.9985,0.9992362525458248
54,982,8,10,0.9985,0.9992362525458248
55,981,9,10,0.998,0.9989806320081549
56,980,10,10,0.999,0.9994897959183674
57,980,10,10,0.999,0.9994897959183674
58,979,9,12,0.999,0.9994892747701737
59,979,7,14,0.9995,0.9997446373850868
60,979,7,14,0.9995,0.9997446373850868
61,979,7,14,0.9995,0.9997446373850868
62,979,6,15,0.9995,0.9997446373850868
63,979,6,15,0.9995,0.9997446373850868
64,979,6,15,0.9995,0.9997446373850868
65,978,7,15,0.9995,0.9997443762781186
66,977,8,15,0.9995,0.9997441146366428
67,977,8,15,0.9995,0.9997441146366428
68,977,7,16,0.9995,0.9997441146366428
69,977,6,17,0.9995,0.9997441146366428
70,977,5,18,0.9995,0.9997441146366428
71,977,4,19,1.0,1.0
72,977,4,19,1.0,1.0
73,976,4,20,1.0,1.0
74,975,4,21,1.0,1.0
75,975,4,21,1.0,1.0
76,974,5,21,1.0,1.0
77,973,6,21,1.0,1.0
78,972,6,22,1.0,1.0
79,970,8,22,0.999,0.9993127147766322
80,969,8,23,0.999,0.9993980048159614
81,969,8,23,0.999,0.9993980048159614
82,969,8,23,0.999,0.9993980048159614
83,968,8,24,0.999,0.9993973829201102
84,968,7,25,0.9995,0.99974173553719
85,968,7,25,0.9995,0.99974173553719
86,968,7,25,0.9995,0.99974173553719
87,968,7,25,0.9995,0.99974173553719
88,968,6,26,0.9995,0.99974173553719
89,968,6,26,0.9995,0.99974173553719
90,968,5,27,0.9995,0.99974173553719
91,967,6,27,0.9995,0.999741468459152
92,966,7,27,0.9995,0.9997412008281573
93,966,7,27,0.9995,0.9997412008281573
94,965,8,27,0.9995,0.9997409326424871
95,965,8,27,0.9995,0.9997409326424871
96,964,8,28,0.9995,0.9997406639004149
97,963,9,28,0.999,0.9994807892004154
98,963,9,28,0.999,0.9994807892004154
99,962,9,29,0.9985,0.9991337491337492
100,961,10,29,0.998,0.9988727020464795
101,960,11,29,0.9975,0.9986111111111112
102,960,11,29,0.9975,0.9986111111111112
103,960,11,29,0.9975,0.9986111111111112
104,959,12,29,0.9985,0.9991310392770247
105,957,14,29,0.9985,0.9991292232671544
106,956,15,29,0.9975,0.99860529986053
107,955,16,29,0.997,0.9983420593368239
108,955,16,29,0.997,0.9983420593368239
109,954,17,29,0.9965,0.9980782669461915
110,953,16,31,0.996,0.9978663868485484
111,951,17,32,0.9965,0.9980722046968105
112,951,17,32,0.9965,0.9980722046968105
113,951,17,32,0.9965,0.9980722046968105
114,951,17,32,0.9965,0.9980722046968105
115,949,19,32,0.9955,0.9975412715138743
116,947,20,33,0.996,0.9978000703977473
117,945,21,34,0.9965,0.9981128747795415
118,943,21,36,0.9965,0.9980558501237187
119,941,22,37,0.996,0.9977860432164365
120,940,23,37,0.9955,0.997517730496454
121,938,23,39,0.9955,0.9975657427149964
122,938,21,41,0.9965,0.9980987917555082
123,935,24,41,0.9965,0.9980035650623886
124,935,24,41,0.9965,0.9980035650623886
125,934,22,44,0.997,0.9982690935046395
126,932,23,45,0.9965,0.997997138769671
127,932,22,46,0.997,0.9982653791130186
128,931,22,47,0.997,0.9982635159326888
129,931,20,49,0.9975,0.9986215538847119
130,930,20,50,0.9975,0.9986200716845879
131,928,21,51,0.9965,0.9981321839080459
132,926,23,51,0.996,0.9978041756659467
133,925,23,52,0.996,0.9978018018018018
134,923,24,53,0.9955,0.9975803539183821
135,922,24,54,0.9955,0.9975777295733912
136,922,22,56,0.9955,0.9975777295733912
137,920,23,57,0.996,0.9979347826086957
138,920,23,57,0.996,0.9979347826086957
139,919,21,60,0.9965,0.9982045701849837
140,916,23,61,0.9965,0.9981986899563319
141,915,22,63,0.9965,0.9981967213114754
142,913,23,64,0.9955,0.9975538517707192
143,912,24,64,0.995,0.9972770467836257
144,911,25,64,0.9945,0.9969996341017197
145,908,28,64,0.995,0.9973568281938326
146,906,27,67,0.9955,0.997682119205298
147,904,26,70,0.9965,0.9979719764011798
148,903,25,72,0.9965,0.99796973052787
149,901,26,73,0.9965,0.9979652238253791
150,898,26,76,0.9965,0.9979584261321455
151,896,27,77,0.995,0.9971726190476191
152,896,27,77,0.995,0.9971726190476191
153,894,26,80,0.996,0.997669649515287
154,893,26,81,0.996,0.9976670399402762
155,891,27,82,0.9955,0.9973812196034418
156,889,27,84,0.9965,0.9979377577802774
157,887,28,85,0.997,0.9982149567831642
158,886,27,87,0.997,0.9982129420617005
159,886,26,88,0.997,0.9982129420617005
160,886,26,88,0.997,0.9982129420617005
161,885,27,88,0.997,0.9982109227871939
162,884,27,89,0.9975,0.9985859728506787
163,881,30,89,0.9975,0.9985811577752554
164,880,28,92,0.998,0.9988636363636364
165,880,27,93,0.9985,0.9991477272727273
166,880,26,94,0.9985,0.9991477272727273
167,880,25,95,0.9985,0.9991477272727273
168,880,25,95,0.9985,0.9991477272727273
169,879,25,96,0.998,0.9988623435722411
170,878,24,98,0.998,0.9988610478359908
171,877,22,101,0.9995,0.999714937286203
172,877,21,102,1.0,1.0
173,877,20,103,1.0,1.0
174,877,20,103,1.0,1.0
175,877,19,104,1.0,1.0
176,876,20,104,1.0,1.0
177,875,21,104,0.9995,0.9997714285714285
178,875,19,106,0.9995,0.9997714285714285
179,873,20,107,0.9995,0.9997136311569301
180,872,21,107,0.9995,0.9997133027522935
181,871,21,108,0.999,0.9994259471871412
182,871,21,108,0.999,0.9994259471871412
183,870,22,108,0.999,0.9994252873563219
184,868,22,110,0.9985,0.9991359447004609
185,868,21,111,0.9985,0.9991359447004609
186,865,23,112,0.998,0.9988439306358381
187,865,23,112,0.998,0.9988439306358381
188,865,22,113,0.9985,0.9991329479768786
189,865,20,115,0.9985,0.9991329479768786
190,863,19,118,0.9985,0.9991309385863267
191,863,18,119,0.999,0.9994206257242179
192,863,17,120,0.9995,0.9997103128621089
193,862,17,121,0.9985,0.9990332559938128
194,860,17,123,0.9975,0.9985077519379846
195,859,18,123,0.9975,0.9985060147458286
196,857,18,125,0.998,0.9988914819136522
197,857,18,125,0.998,0.9988914819136522
198,855,18,127,0.9975,0.9985964912280701
199,853,19,128,0.998,0.998886283704572
200,852,18,130,0.998,0.9988849765258215
1,998,2,0,0.999,0.9995490981963927
2,998,2,0,0.999,0.9995490981963927
3,998,2,0,0.999,0.9995490981963927
4,997,3,0,0.9985,0.9993480441323972
5,997,2,1,0.999,0.9995486459378133
6,996,3,1,0.9985,0.99929718875502
7,993,6,1,0.9985,0.9992950654582075
8,992,7,1,0.998,0.9990423387096774
9,992,7,1,0.998,0.9990423387096774
10,992,7,1,0.998,0.9990423387096774
11,992,6,2,0.9985,0.9992943548387097
12,992,6,2,0.9985,0.9992943548387097
13,991,7,2,0.998,0.9990413723511604
14,989,8,3,0.9985,0.9992922143579372
15,988,8,4,0.9995,0.999746963562753
16,988,7,5,1.0,1.0
17,988,7,5,1.0,1.0
18,986,9,5,0.9995,0.9997464503042597
19,985,8,7,0.9995,0.999746192893401
20,983,10,7,0.9985,0.9991522550016955
21,982,11,7,0.9985,0.9991513917175832
22,979,14,7,0.999,0.9994892747701737
23,979,14,7,0.999,0.9994892747701737
24,979,14,7,0.999,0.9994892747701737
25,979,14,7,0.999,0.9994892747701737
26,979,14,7,0.999,0.9994892747701737
27,979,14,7,0.999,0.9994892747701737
28,979,14,7,0.999,0.9994892747701737
29,979,14,7,0.999,0.9994892747701737
30,979,14,7,0.999,0.9994892747701737
31,978,15,7,0.9985,0.9992842535787321
32,977,14,9,0.999,0.9994882292732856
33,976,11,13,0.9995,0.9997438524590164
34,975,12,13,0.999,0.9994871794871795
35,974,13,13,0.9985,0.9991444216290212
36,974,12,14,0.9985,0.9991444216290212
37,974,12,14,0.9985,0.9991444216290212
38,973,13,14,0.9985,0.9991435423090099
39,973,12,15,0.9985,0.9991435423090099
40,972,13,15,0.9985,0.9991426611796982
41,970,13,17,0.9985,0.9991408934707904
42,970,13,17,0.9985,0.9991408934707904
43,968,14,18,0.9985,0.9991391184573002
44,968,14,18,0.9985,0.9991391184573002
45,964,17,19,0.9975,0.9986341632088521
46,963,17,20,0.9975,0.9986327448944272
47,959,21,20,0.9955,0.9976885644768856
48,957,22,21,0.996,0.9979449669104841
49,954,25,21,0.995,0.997414395527603
50,952,26,22,0.9935,0.996673669467787
51,950,28,22,0.993,0.9964035087719297
52,949,29,22,0.9925,0.9961362838075166
53,945,33,22,0.992,0.9959082892416226
54,943,34,23,0.992,0.9958996111700248
55,939,36,25,0.992,0.9958288959886403
56,937,37,26,0.991,0.9952863749555317
57,932,42,26,0.991,0.9950464949928469
58,930,44,26,0.9905,0.9947670250896057
59,930,42,28,0.9925,0.9958781362007169
60,930,41,29,0.9925,0.9958781362007169
61,928,40,32,0.9935,0.9964080459770115
62,927,41,32,0.993,0.996044588277598
63,921,44,35,0.992,0.995385450597177
64,920,44,36,0.9915,0.9951086956521739
65,917,46,37,0.992,0.9953653217011995
66,916,46,38,0.992,0.9953602620087336
67,915,45,40,0.992,0.9953551912568306
68,913,44,43,0.9935,0.996257758305951
69,911,44,45,0.993,0.9960300036589828
70,911,42,47,0.994,0.9965788510793999
71,908,44,48,0.9945,0.9970264317180616
72,906,44,50,0.995,0.9972958057395143
73,903,47,50,0.9945,0.9969176818014027
74,899,48,53,0.994,0.996681497960697
75,899,47,54,0.994,0.996681497960697
76,895,49,56,0.9935,0.9964432029795157
77,891,48,61,0.9945,0.996988402543958
78,889,44,67,0.995,0.9972065991751031
79,889,42,69,0.996,0.9978065241844769
80,888,41,71,0.9955,0.9975788288288289
81,886,43,71,0.9955,0.9975733634311512
82,886,40,74,0.9955,0.9975733634311512
83,884,42,74,0.995,0.9972850678733032
84,882,43,75,0.995,0.9972789115646259
85,882,42,76,0.9955,0.997562358276644
86,880,43,77,0.995,0.9972159090909091
87,879,44,77,0.9945,0.996833522942738
88,877,44,79,0.993,0.9959331052831624
89,873,44,83,0.9945,0.9967735777014128
90,872,45,83,0.9945,0.996769877675841
91,870,45,85,0.9955,0.9974329501915709
92,866,49,85,0.995,0.9971324095458044
93,863,48,89,0.9945,0.9969293163383546
94,860,49,91,0.9945,0.9969186046511628
95,858,50,92,0.9945,0.9969114219114219
96,857,51,92,0.9935,0.9963243873978996
97,854,51,95,0.995,0.9971896955503513
98,853,51,96,0.9955,0.9974794841735053
99,851,51,98,0.996,0.9977673325499413
100,849,52,99,0.996,0.9976050255202199
101,849,52,99,0.996,0.9976050255202199
102,845,56,99,0.994,0.9962721893491123
103,845,51,104,0.994,0.9962721893491123
104,841,52,107,0.9925,0.9954815695600476
105,839,52,109,0.9925,0.9954707985697259
106,837,53,110,0.993,0.9954798884906412
107,835,54,111,0.992,0.9948702594810379
108,833,54,113,0.9915,0.9945578231292518
109,831,52,117,0.9915,0.9944444444444445
110,830,49,121,0.9925,0.9950401606425703
111,827,51,122,0.992,0.9946594115276097
112,825,53,122,0.9915,0.9943434343434343
113,822,54,124,0.9925,0.9949310624493105
114,817,57,126,0.9915,0.9942880456956343
115,816,58,126,0.991,0.9939746732026142
116,815,57,128,0.993,0.9951942740286298
117,815,55,130,0.9935,0.9955010224948875
118,814,54,132,0.9935,0.9955978705978706
119,812,54,134,0.993,0.9951765188834153
120,809,56,135,0.992,0.9945405850844664
121,806,57,137,0.993,0.9951406120760959
122,803,56,141,0.9915,0.99431299294313
123,802,56,142,0.992,0.9947215295095594
124,802,54,144,0.9925,0.9950332502078137
125,798,56,146,0.9925,0.9950083542188806
126,796,56,148,0.992,0.9946817420435511
127,795,53,152,0.9935,0.9957232704402516
128,794,54,152,0.993,0.9954030226700252
129,792,54,154,0.9935,0.9956439393939394
130,789,57,154,0.994,0.9959442332065905
131,788,55,157,0.995,0.9966793570219967
132,787,54,159,0.9955,0.9970986869970352
133,786,53,161,0.996,0.9974130619168787
134,782,57,161,0.9955,0.9970801364023871
135,780,55,165,0.995,0.9968162393162393
136,777,53,170,0.996,0.9975117975117975
137,777,51,172,0.9965,0.9978335478335479
138,775,51,174,0.996,0.997505376344086
139,775,46,179,0.996,0.997505376344086
140,774,45,181,0.9965,0.9978251507321274
141,772,43,185,0.9965,0.9979274611398965
142,769,45,186,0.997,0.9982444733420027
143,769,45,186,0.997,0.9982444733420027
144,766,44,190,0.997,0.9981723237597911
145,766,43,191,0.997,0.9981723237597911
146,764,42,194,0.997,0.9981675392670157
147,760,46,194,0.996,0.9972807017543859
148,760,45,195,0.996,0.9972807017543859
149,757,44,199,0.9955,0.9970497578159401
150,757,39,204,0.9965,0.997710259797446
151,756,38,206,0.9975,0.998478835978836
152,755,37,208,0.9975,0.998476821192053
153,755,35,210,0.9975,0.998476821192053
154,755,35,210,0.9975,0.998476821192053
155,754,35,211,0.997,0.9981432360742706
156,752,35,213,0.9975,0.9984042553191489
157,751,32,217,0.9985,0.9991344873501997
158,750,33,217,0.9975,0.9984666666666667
159,747,34,219,0.9975,0.9983935742971887
160,746,33,221,0.998,0.9986595174262735
161,745,34,221,0.998,0.9986577181208054
162,741,37,222,0.997,0.9978632478632478
163,738,39,223,0.997,0.997854561878952
164,737,40,223,0.997,0.9978516508367254
165,736,38,226,0.9975,0.9983695652173913
166,735,38,227,0.9965,0.9978231292517007
167,733,38,229,0.998,0.9987039563437926
168,733,38,229,0.998,0.9987039563437926
169,729,39,232,0.997,0.9980109739368997
170,727,40,233,0.998,0.9986932599724896
171,725,41,234,0.9975,0.9984137931034484
172,724,39,237,0.997,0.9980662983425415
173,723,36,241,0.9975,0.9982249884739511
174,721,35,244,0.998,0.9986361534905224
175,720,35,245,0.998,0.9986342592592592
176,718,37,245,0.997,0.9978644382544104
177,716,38,246,0.998,0.9985567970204842
178,715,38,247,0.998,0.9985547785547786
179,715,38,247,0.998,0.9985547785547786
180,714,39,247,0.9975,0.9982726423902895
181,714,37,249,0.9975,0.9982726423902895
182,710,41,249,0.997,0.9977699530516433
183,708,41,251,0.997,0.9978813559322034
184,708,40,252,0.997,0.9978813559322034
185,706,40,254,0.998,0.9985835694050992
186,706,39,255,0.998,0.9985835694050992
187,703,41,256,0.998,0.9985775248933144
188,701,41,258,0.9975,0.9982881597717546
189,698,41,261,0.9965,0.9977077363896849
190,696,40,264,0.997,0.9980603448275863
191,693,43,264,0.9955,0.9970177970177971
192,692,43,265,0.995,0.9966522157996147
193,692,41,267,0.996,0.9973747591522159
194,691,40,269,0.9955,0.9970091654606851
195,689,36,275,0.997,0.9979438800193517
196,689,35,276,0.997,0.9979438800193517
197,688,34,278,0.997,0.9979408914728682
198,687,35,278,0.9965,0.997573993207181
199,686,35,279,0.997,0.9979348882410107
200,686,33,281,0.9975,0.9982993197278912
1,999,1,0,1.0,1.0
2,999,1,0,1.0,1.0
3,999,1,0,1.0,1.0
4,999,1,0,1.0,1.0
5,999,1,0,1.0,1.0
6,998,2,0,0.9995,0.999749498997996
7,998,2,0,0.9995,0.999749498997996
8,998,2,0,0.9995,0.999749498997996
9,998,2,0,0.9995,0.999749498997996
10,998,2,0,0.9995,0.999749498997996
11,998,2,0,0.9995,0.999749498997996
12,998,2,0,0.9995,0.999749498997996
13,998,1,1,1.0,1.0
14,998,1,1,1.0,1.0
15,998,1,1,1.0,1.0
16,998,1,1,1.0,1.0
17,998,1,1,1.0,1.0
18,998,1,1,1.0,1.0
19,998,1,1,1.0,1.0
20,998,1,1,1.0,1.0
21,998,1,1,1.0,1.0
22,998,1,1,1.0,1.0
23,998,1,1,1.0,1.0
24,998,1,1,1.0,1.0
25,998,1,1,1.0,1.0
26,998,1,1,1.0,1.0
27,998,1,1,1.0,1.0
28,998,1,1,1.0,1.0
29,998,1,1,1.0,1.0
30,998,1,1,1.0,1.0
31,998,1,1,1.0,1.0
32,998,1,1,1.0,1.0
33,997,2,1,0.9995,0.9997492477432297
34,996,3,1,0.9995,0.9997489959839357
35,995,4,1,0.999,0.9994137353433836
36,995,4,1,0.999,0.9994137353433836
37,995,4,1,0.999,0.9994137353433836
38,995,4,1,0.999,0.9994137353433836
39,994,5,1,0.999,0.9994131455399062
40,993,6,1,0.9995,0.9996643168848608
41,993,6,1,0.9995,0.9996643168848608
42,993,6,1,0.9995,0.9996643168848608
43,993,6,1,0.9995,0.9996643168848608
44,993,6,1,0.9995,0.9996643168848608
45,993,6,1,0.9995,0.9996643168848608
46,992,7,1,0.9995,0.9996639784946237
47,992,6,2,0.9995,0.9996639784946237
48,991,7,2,0.9995,0.9996636394214599
49,991,7,2,0.9995,0.9996636394214599
50,990,7,3,0.999,0.9994107744107745
51,989,8,3,0.9985,0.9991573980451636
52,989,8,3,0.9985,0.9991573980451636
53,988,9,3,0.998,0.9989035087719299
54,986,11,3,0.998,0.9989012846517918
55,985,12,3,0.997,0.9983925549915399
56,984,11,5,0.9975,0.998729674796748
57,984,11,5,0.9975,0.998729674796748
58,983,12,5,0.9975,0.9987283825025433
59,982,13,5,0.997,0.9984725050916496
60,981,14,5,0.9965,0.9982161060142711
61,980,15,5,0.9965,0.9981292517006803
62,979,16,5,0.996,0.997786857337419
63,976,19,5,0.998,0.9988046448087432
64,976,18,6,0.998,0.9988046448087432
65,975,19,6,0.9975,0.9985470085470085
66,975,18,7,0.998,0.9988888888888889
67,975,17,8,0.9985,0.9992307692307693
68,975,16,9,0.999,0.9994871794871795
69,975,15,10,0.9995,0.9997435897435898
70,975,14,11,0.9995,0.9997435897435898
71,975,14,11,0.9995,0.9997435897435898
72,974,15,11,0.9995,0.9997433264887063
73,974,15,11,0.9995,0.9997433264887063
74,974,14,12,0.9995,0.9997433264887063
75,974,13,13,0.9995,0.9997433264887063
76,974,13,13,0.9995,0.9997433264887063
77,974,13,13,0.9995,0.9997433264887063
78,974,12,14,0.9995,0.9997433264887063
79,974,12,14,0.9995,0.9997433264887063
80,973,13,14,0.9995,0.999743062692703
81,973,13,14,0.9995,0.999743062692703
82,973,12,15,0.9995,0.999743062692703
83,973,11,16,0.9995,0.999743062692703
84,973,11,16,0.9995,0.999743062692703
85,972,12,16,0.9995,0.9997427983539094
86,971,12,17,0.999,0.9994850669412977
87,971,12,17,0.999,0.9994850669412977
88,971,11,18,0.999,0.9994850669412977
89,971,11,18,0.999,0.9994850669412977
90,969,13,18,0.999,0.999484004127967
91,969,12,19,0.999,0.999484004127967
92,968,13,19,0.9985,0.9992252066115702
93,966,15,19,0.998,0.9990165631469979
94,965,14,21,0.9985,0.9992746113989637
95,964,15,21,0.9985,0.9992738589211618
96,963,15,22,0.999,0.9995327102803738
97,963,15,22,0.999,0.9995327102803738
98,961,15,24,0.9985,0.9993236212278876
99,961,12,27,0.9985,0.9993236212278876
100,960,12,28,0.9985,0.9993750000000001
101,959,13,28,0.998,0.9991136600625653
102,958,14,28,0.999,0.9995302713987474
103,958,14,28,0.999,0.9995302713987474
104,958,14,28,0.999,0.9995302713987474
105,958,13,29,0.999,0.9995302713987474
106,957,13,30,0.9995,0.9997387669801463
107,957,13,30,0.9995,0.9997387669801463
108,957,13,30,0.9995,0.9997387669801463
109,956,13,31,0.9995,0.9997384937238494
110,956,12,32,0.9995,0.9997384937238494
111,955,12,33,0.999,0.9994764397905759
112,954,12,34,0.999,0.999475890985325
113,954,11,35,0.999,0.999475890985325
114,954,10,36,0.999,0.999475890985325
115,953,11,36,0.9985,0.9992130115424974
116,951,12,37,0.9975,0.9986855941114616
117,950,12,38,0.997,0.9985263157894737
118,950,12,38,0.997,0.9985263157894737
119,947,14,39,0.996,0.9980464625131995
120,947,13,40,0.997,0.9985216473072862
121,947,12,41,0.9975,0.9987328405491024
122,947,12,41,0.9975,0.9987328405491024
123,946,13,41,0.997,0.9984672304439746
124,946,13,41,0.997,0.9984672304439746
125,946,13,41,0.997,0.9984672304439746
126,944,15,41,0.996,0.9979343220338982
127,944,14,42,0.996,0.9979343220338982
128,944,13,43,0.996,0.9979343220338982
129,943,14,43,0.9955,0.9976670201484623
130,943,14,43,0.9955,0.9976670201484623
131,942,15,43,0.9955,0.9976645435244161
132,942,14,44,0.9955,0.9976645435244161
133,942,13,45,0.996,0.9979299363057325
134,942,12,46,0.9965,0.9981953290870488
135,942,12,46,0.9965,0.9981953290870488
136,940,14,46,0.9965,0.9981914893617021
137,940,13,47,0.997,0.9984042553191489
138,940,13,47,0.997,0.9984042553191489
139,940,12,48,0.9975,0.9986702127659575
140,939,13,48,0.998,0.9989350372736954
141,939,13,48,0.998,0.9989350372736954
142,939,13,48,0.998,0.9989350372736954
143,939,13,48,0.998,0.9989350372736954
144,937,15,48,0.9975,0.9986659551760939
145,936,15,49,0.9975,0.9986645299145299
146,936,14,50,0.998,0.9989316239316239
147,936,13,51,0.998,0.9989316239316239
148,936,13,51,0.998,0.9989316239316239
149,935,12,53,0.999,0.9994652406417113
150,935,12,53,0.999,0.9994652406417113
151,934,12,54,0.9995,0.9997323340471093
152,934,11,55,0.9995,0.9997323340471093
153,934,10,56,0.9995,0.9997323340471093
154,934,9,57,0.9995,0.9997323340471093
155,934,9,57,0.9995,0.9997323340471093
156,934,9,57,0.9995,0.9997323340471093
157,933,10,57,0.999,0.9995534119328331
158,933,10,57,0.999,0.9995534119328331
159,933,10,57,0.999,0.9995534119328331
160,932,10,58,0.999,0.9995529327610871
161,932,9,59,0.999,0.9995529327610871
162,930,11,59,0.9975,0.9988888888888889
163,930,11,59,0.9975,0.9988888888888889
164,929,12,59,0.998,0.9991567994259061
165,929,12,59,0.998,0.9991567994259061
166,929,12,59,0.998,0.9991567994259061
167,929,11,60,0.998,0.9991567994259061
168,928,12,60,0.9975,0.9988864942528736
169,928,12,60,0.9975,0.9988864942528736
170,926,14,60,0.998,0.9992080633549316
171,925,14,61,0.998,0.9992072072072072
172,925,14,61,0.998,0.9992072072072072
173,925,14,61,0.998,0.9992072072072072
174,925,14,61,0.998,0.9992072072072072
175,922,17,61,0.9975,0.9987888647866956
176,922,16,62,0.9975,0.9987888647866956
177,922,16,62,0.9975,0.9987888647866956
178,921,16,63,0.9985,0.9993304379297865
179,921,16,63,0.9985,0.9993304379297865
180,921,13,66,0.9995,0.9998190372783206
181,921,12,67,0.9995,0.9998190372783206
182,921,11,68,0.9995,0.9998190372783206
183,920,11,69,0.9995,0.99981884057971
184,919,12,69,0.999,0.9995466086325715
185,919,12,69,0.999,0.9995466086325715
186,918,13,69,0.9995,0.9997276688453159
187,917,13,70,0.9995,0.9997273718647764
188,916,13,71,0.9985,0.9991812227074236
189,916,13,71,0.9985,0.9991812227074236
190,916,13,71,0.9985,0.9991812227074236
191,915,12,73,0.9985,0.9991803278688525
192,914,12,74,0.998,0.9989059080962801
193,913,13,74,0.9975,0.9986308871851041
194,913,12,75,0.998,0.9989047097480832
195,913,10,77,0.9985,0.9991785323110625
196,912,10,78,0.999,0.9994517543859649
197,912,10,78,0.999,0.9994517543859649
198,912,9,79,0.9995,0.9997258771929824
199,912,8,80,0.9995,0.9997258771929824
200,912,8,80,0.9995,0.9997258771929824
1,999,1,0,1.0,1.0
2,999,1,0,1.0,1.0
3,999,1,0,1.0,1.0
4,999,1,0,1.0,1.0
5,999,1,0,1.0,1.0
6,999,1,0,1.0,1.0
7,999,1,0,1.0,1.0
8,999,1,0,1.0,1.0
9,999,1,0,1.0,1.0
10,999,1,0,1.0,1.0
11,998,2,0,0.9995,0.999749498997996
12,997,3,0,0.999,0.9994984954864594
13,997,3,0,0.999,0.9994984954864594
14,997,3,0,0.999,0.9994984954864594
15,997,3,0,0.999,0.9994984954864594
16,997,3,0,0.999,0.9994984954864594
17,997,3,0,0.999,0.9994984954864594
18,997,3,0,0.999,0.9994984954864594
19,997,3,0,0.999,0.9994984954864594
20,997,3,0,0.999,0.9994984954864594
21,996,4,0,0.9985,0.9992469879518072
22,996,4,0,0.9985,0.9992469879518072
23,996,4,0,0.9985,0.9992469879518072
24,996,4,0,0.9985,0.9992469879518072
25,995,5,0,0.9975,0.9987437185929648
26,995,5,0,0.9975,0.9987437185929648
27,994,6,0,0.997,0.9984909456740443
28,994,5,1,0.9975,0.9987424547283702
29,993,6,1,0.998,0.998992950654582
30,993,6,1,0.998,0.998992950654582
31,993,5,2,0.9985,0.9992447129909365
32,993,5,2,0.9985,0.9992447129909365
33,993,5,2,0.9985,0.9992447129909365
34,992,5,3,0.9995,0.9997479838709677
35,992,4,4,0.9995,0.9997479838709677
36,992,4,4,0.9995,0.9997479838709677
37,992,4,4,0.9995,0.9997479838709677
38,992,4,4,0.9995,0.9997479838709677
39,992,4,4,0.9995,0.9997479838709677
40,992,4,4,0.9995,0.9997479838709677
41,992,3,5,1.0,1.0
42,992,3,5,1.0,1.0
43,992,3,5,1.0,1.0
44,992,2,6,1.0,1.0
45,992,2,6,1.0,1.0
46,992,2,6,1.0,1.0
47,992,2,6,1.0,1.0
48,992,2,6,1.0,1.0
49,992,2,6,1.0,1.0
50,992,2,6,1.0,1.0
51,992,2,6,1.0,1.0
52,991,3,6,1.0,1.0
53,991,3,6,1.0,1.0
54,991,3,6,1.0,1.0
55,991,2,7,1.0,1.0
56,991,2,7,1.0,1.0
57,991,2,7,1.0,1.0
58,991,1,8,1.0,1.0
59,991,1,8,1.0,1.0
60,991,1,8,1.0,1.0
61,991,1,8,1.0,1.0
62,991,1,8,1.0,1.0
63,991,1,8,1.0,1.0
64,991,1,8,1.0,1.0
65,991,1,8,1.0,1.0
66,991,1,8,1.0,1.0
67,991,0,9,1.0,1.0
68,991,0,9,1.0,1.0
69,991,0,9,1.0,1.0
70,991,0,9,1.0,1.0
71,991,0,9,1.0,1.0
72,991,0,9,1.0,1.0
73,991,0,9,1.0,1.0
74,991,0,9,1.0,1.0
75,991,0,9,1.0,1.0
76,991,0,9,1.0,1.0
77,991,0,9,1.0,1.0
78,991,0,9,1.0,1.0
79,991,0,9,1.0,1.0
80,991,0,9,1.0,1.0
81,991,0,9,1.0,1.0
82,991,0,9,1.0,1.0
83,991,0,9,1.0,1.0
84,991,0,9,1.0,1.0
85,991,0,9,1.0,1.0
86,991,0,9,1.0,1.0
87,991,0,9,1.0,1.0
88,991,0,9,1.0,1.0
89,991,0,9,1.0,1.0
90,991,0,9,1.0,1.0
91,991,0,9,1.0,1.0
92,991,0,9,1.0,1.0
93,991,0,9,1.0,1.0
94,991,0,9,1.0,1.0
95,991,0,9,1.0,1.0
96,991,0,9,1.0,1.0
97,991,0,9,1.0,1.0
98,991,0,9,1.0,1.0
99,991,0,9,1.0,1.0
100,991,0,9,1.0,1.0
101,991,0,9,1.0,1.0
102,991,0,9,1.0,1.0
103,991,0,9,1.0,1.0
104,991,0,9,1.0,1.0
105,991,0,9,1.0,1.0
106,991,0,9,1.0,1.0
107,991,0,9,1.0,1.0
108,991,0,9,1.0,1.0
109,991,0,9,1.0,1.0
110,991,0,9,1.0,1.0
111,991,0,9,1.0,1.0
112,991,0,9,1.0,1.0
113,991,0,9,1.0,1.0
114,991,0,9,1.0,1.0
115,991,0,9,1.0,1.0
116,991,0,9,1.0,1.0
117,991,0,9,1.0,1.0
118,991,0,9,1.0,1.0
119,991,0,9,1.0,1.0
120,991,0,9,1.0,1.0
121,991,0,9,1.0,1.0
122,991,0,9,1.0,1.0
123,991,0,9,1.0,1.0
124,991,0,9,1.0,1.0
125,991,0,9,1.0,1.0
126,991,0,9,1.0,1.0
127,991,0,9,1.0,1.0
128,991,0,9,1.0,1.0
129,991,0,9,1.0,1.0
130,991,0,9,1.0,1.0
131,991,0,9,1.0,1.0
132,991,0,9,1.0,1.0
133,991,0,9,1.0,1.0
134,991,0,9,1.0,1.0
135,991,0,9,1.0,1.0
136,991,0,9,1.0,1.0
137,991,0,9,1.0,1.0
138,991,0,9,1.0,1.0
139,991,0,9,1.0,1.0
140,991,0,9,1.0,1.0
141,991,0,9,1.0,1.0
142,991,0,9,1.0,1.0
143,991,0,9,1.0,1.0
144,991,0,9,1.0,1.0
145,991,0,9,1.0,1.0
146,991,0,9,1.0,1.0
147,991,0,9,1.0,1.0
148,991,0,9,1.0,1.0
149,991,0,9,1.0,1.0
150,991,0,9,1.0,1.0
151,991,0,9,1.0,1.0
152,991,0,9,1.0,1.0
153,991,0,9,1.0,1.0
154,991,0,9,1.0,1.0
155,991,0,9,1.0,1.0
156,991,0,9,1.0,1.0
157,991,0,9,1.0,1.0
158,991,0,9,1.0,1.0
159,991,0,9,1.0,1.0
160,991,0,9,1.0,1.0
161,991,0,9,1.0,1.0
162,991,0,9,1.0,1.0
163,991,0,9,1.0,1.0
164,991,0,9,1.0,1.0
165,991,0,9,1.0,1.0
166,991,0,9,1.0,1.0
167,991,0,9,1.0,1.0
168,991,0,9,1.0,1.0
169,991,0,9,1.0,1.0
170,991,0,9,1.0,1.0
171,991,0,9,1.0,1.0
172,991,0,9,1.0,1.0
173,991,0,9,1.0,1.0
174,991,0,9,1.0,1.0
175,991,0,9,1.0,1.0
176,991,0,9,1.0,1.0
177,991,0,9,1.0,1.0
178,991,0,9,1.0,1.0
179,991,0,9,1.0,1.0
180,991,0,9,1.0,1.0
181,991,0,9,1.0,1.0
182,991,0,9,1.0,1.0
183,991,0,9,1.0,1.0
184,991,0,9,1.0,1.0
185,991,0,9,1.0,1.0
186,991,0,9,1.0,1.0
187,991,0,9,1.0,1.0
188,991,0,9,1.0,1.0
189,991,0,9,1.0,1.0
190,991,0,9,1.0,1.0
191,991,0,9,1.0,1.0
192,991,0,9,1.0,1.0
193,991,0,9,1.0,1.0
194,991,0,9,1.0,1.0
195,991,0,9,1.0,1.0
196,991,0,9,1.0,1.0
197,991,0,9,1.0,1.0
198,991,0,9,1.0,1.0
199,991,0,9,1.0,1.0
200,991,0,9,1.0,1.0
1,999,1,0,1.0,1.0
2,998,2,0,0.999,0.999498997995992
3,996,3,1,0.9995,0.9997489959839357
4,996,3,1,0.9995,0.9997489959839357
5,996,3,1,0.9995,0.9997489959839357
6,994,5,1,0.999,0.9994969818913481
7,994,5,1,0.999,0.9994969818913481
8,993,6,1,0.999,0.999496475327291
9,993,6,1,0.999,0.999496475327291
10,992,5,3,1.0,1.0
11,992,4,4,1.0,1.0
12,992,4,4,1.0,1.0
13,992,4,4,1.0,1.0
14,992,4,4,1.0,1.0
15,992,4,4,1.0,1.0
16,992,4,4,1.0,1.0
17,992,4,4,1.0,1.0
18,992,4,4,1.0,1.0
19,992,4,4,1.0,1.0
20,992,4,4,1.0,1.0
21,992,4,4,1.0,1.0
22,992,4,4,1.0,1.0
23,992,4,4,1.0,1.0
24,992,4,4,1.0,1.0
25,992,4,4,1.0,1.0
26,992,4,4,1.0,1.0
27,992,4,4,1.0,1.0
28,992,4,4,1.0,1.0
29,992,4,4,1.0,1.0
30,992,4,4,1.0,1.0
31,992,4,4,1.0,1.0
32,992,4,4,1.0,1.0
33,992,4,4,1.0,1.0
34,992,3,5,1.0,1.0
35,992,3,5,1.0,1.0
36,992,3,5,1.0,1.0
37,992,3,5,1.0,1.0
38,992,3,5,1.0,1.0
39,992,3,5,1.0,1.0
40,992,3,5,1.0,1.0
41,992,3,5,1.0,1.0
42,992,2,6,1.0,1.0
43,992,2,6,1.0,1.0
44,992,1,7,1.0,1.0
45,992,1,7,1.0,1.0
46,992,1,7,1.0,1.0
47,992,1,7,1.0,1.0
48,992,1,7,1.0,1.0
49,992,1,7,1.0,1.0
50,991,2,7,1.0,1.0
51,991,2,7,1.0,1.0
52,991,2,7,1.0,1.0
53,991,2,7,1.0,1.0
54,991,2,7,1.0,1.0
55,991,2,7,1.0,1.0
56,991,2,7,1.0,1.0
57,991,2,7,1.0,1.0
58,991,1,8,1.0,1.0
59,991,1,8,1.0,1.0
60,991,1,8,1.0,1.0
61,991,1,8,1.0,1.0
62,991,1,8,1.0,1.0
63,991,1,8,1.0,1.0
64,991,1,8,1.0,1.0
65,991,1,8,1.0,1.0
66,991,1,8,1.0,1.0
67,991,1,8,1.0,1.0
68,991,1,8,1.0,1.0
69,991,1,8,1.0,1.0
70,991,1,8,1.0,1.0
71,991,1,8,1.0,1.0
72,991,1,8,1.0,1.0
73,991,1,8,1.0,1.0
74,991,1,8,1.0,1.0
75,991,1,8,1.0,1.0
76,991,1,8,1.0,1.0
77,991,1,8,1.0,1.0
78,991,1,8,1.0,1.0
79,991,1,8,1.0,1.0
80,991,1,8,1.0,1.0
81,991,1,8,1.0,1.0
82,991,1,8,1.0,1.0
83,991,1,8,1.0,1.0
84,991,1,8,1.0,1.0
85,991,1,8,1.0,1.0
86,991,1,8,1.0,1.0
87,991,1,8,1.0,1.0
88,991,1,8,1.0,1.0
89,991,1,8,1.0,1.0
90,991,0,9,1.0,1.0
91,991,0,9,1.0,1.0
92,991,0,9,1.0,1.0
93,991,0,9,1.0,1.0
94,991,0,9,1.0,1.0
95,991,0,9,1.0,1.0
96,991,0,9,1.0,1.0
97,991,0,9,1.0,1.0
98,991,0,9,1.0,1.0
99,991,0,9,1.0,1.0
100,991,0,9,1.0,1.0
101,991,0,9,1.0,1.0
102,991,0,9,1.0,1.0
103,991,0,9,1.0,1.0
104,991,0,9,1.0,1.0
105,991,0,9,1.0,1.0
106,991,0,9,1.0,1.0
107,991,0,9,1.0,1.0
108,991,0,9,1.0,1.0
109,991,0,9,1.0,1.0
110,991,0,9,1.0,1.0
111,991,0,9,1.0,1.0
112,991,0,9,1.0,1.0
113,991,0,9,1.0,1.0
114,991,0,9,1.0,1.0
115,991,0,9,1.0,1.0
116,991,0,9,1.0,1.0
117,991,0,9,1.0,1.0
118,991,0,9,1.0,1.0
119,991,0,9,1.0,1.0
120,991,0,9,1.0,1.0
121,991,0,9,1.0,1.0
122,991,0,9,1.0,1.0
123,991,0,9,1.0,1.0
124,991,0,9,1.0,1.0
125,991,0,9,1.0,1.0
126,991,0,9,1.0,1.0
127,991,0,9,1.0,1.0
128,991,0,9,1.0,1.0
129,991,0,9,1.0,1.0
130,991,0,9,1.0,1.0
131,991,0,9,1.0,1.0
132,991,0,9,1.0,1.0
133,991,0,9,1.0,1.0
134,991,0,9,1.0,1.0
135,991,0,9,1.0,1.0
136,991,0,9,1.0,1.0
137,991,0,9,1.0,1.0
138,991,0,9,1.0,1.0
139,991,0,9,1.0,1.0
140,991,0,9,1.0,1.0
141,991,0,9,1.0,1.0
142,991,0,9,1.0,1.0
143,991,0,9,1.0,1.0
144,991,0,9,1.0,1.0
145,991,0,9,1.0,1.0
146,991,0,9,1.0,1.0
147,991,0,9,1.0,1.0
148,991,0,9,1.0,1.0
149,991,0,9,1.0,1.0
150,991,0,9,1.0,1.0
151,991,0,9,1.0,1.0
152,991,0,9,1.0,1.0
153,991,0,9,1.0,1.0
154,991,0,9,1.0,1.0
155,991,0,9,1.0,1.0
156,991,0,9,1.0,1.0
157,991,0,9,1.0,1.0
158,991,0,9,1.0,1.0
159,991,0,9,1.0,1.0
160,991,0,9,1.0,1.0
161,991,0,9,1.0,1.0
162,991,0,9,1.0,1.0
163,991,0,9,1.0,1.0
164,991,0,9,1.0,1.0
165,991,0,9,1.0,1.0
166,991,0,9,1.0,1.0
167,991,0,9,1.0,1.0
168,991,0,9,1.0,1.0
169,991,0,9,1.0,1.0
170,991,0,9,1.0,1.0
171,991,0,9,1.0,1.0
172,991,0,9,1.0,1.0
173,991,0,9,1.0,1.0
174,991,0,9,1.0,1.0
175,991,0,9,1.0,1.0
176,991,0,9,1.0,1.0
177,991,0,9,1.0,1.0
178,991,0,9,1.0,1.0
179,991,0,9,1.0,1.0
180,991,0,9,1.0,1.0
181,991,0,9,1.0,1.0
182,991,0,9,1.0,1.0
183,991,0,9,1.0,1.0
184,991,0,9,1.0,1.0
185,991,0,9,1.0,1.0
186,991,0,9,1.0,1.0
187,991,0,9,1.0,1.0
188,991,0,9,1.0,1.0
189,991,0,9,1.0,1.0
190,991,0,9,1.0,1.0
191,991,0,9,1.0,1.0
192,991,0,9,1.0,1.0
193,991,0,9,1.0,1.0
194,991,0,9,1.0,1.0
195,991,0,9,1.0,1.0
196,991,0,9,1.0,1.0
197,991,0,9,1.0,1.0
198,991,0,9,1.0,1.0
199,991,0,9,1.0,1.0
200,991,0,9,1.0,1.0
1,999,1,0,1.0,1.0
2,999,1,0,1.0,1.0
3,999,1,0,1.0,1.0
4,999,1,0,1.0,1.0
5,998,2,0,0.9995,0.999749498997996
6,998,2,0,0.9995,0.999749498997996
7,998,2,0,0.9995,0.999749498997996
8,998,2,0,0.9995,0.999749498997996
9,998,2,0,0.9995,0.999749498997996
10,998,2,0,0.9995,0.999749498997996
11,997,2,1,0.9995,0.9997492477432297
12,997,2,1,0.9995,0.9997492477432297
13,996,3,1,0.9985,0.9992469879518072
14,996,3,1,0.9985,0.9992469879518072
15,996,3,1,0.9985,0.9992469879518072
16,996,3,1,0.9985,0.9992469879518072
17,996,3,1,0.9985,0.9992469879518072
18,996,3,1,0.9985,0.9992469879518072
19,996,3,1,0.9985,0.9992469879518072
20,996,3,1,0.9985,0.9992469879518072
21,996,2,2,0.999,0.9994979919678715
22,996,2,2,0.999,0.9994979919678715
23,996,1,3,1.0,1.0
24,996,1,3,1.0,1.0
25,996,1,3,1.0,1.0
26,996,0,4,1.0,1.0
27,996,0,4,1.0,1.0
28,996,0,4,1.0,1.0
29,996,0,4,1.0,1.0
30,996,0,4,1.0,1.0
31,996,0,4,1.0,1.0
32,996,0,4,1.0,1.0
33,996,0,4,1.0,1.0
34,996,0,4,1.0,1.0
35,996,0,4,1.0,1.0
36,996,0,4,1.0,1.0
37,996,0,4,1.0,1.0
38,996,0,4,1.0,1.0
39,996,0,4,1.0,1.0
40,996,0,4,1.0,1.0
41,996,0,4,1.0,1.0
42,996,0,4,1.0,1.0
43,996,0,4,1.0,1.0
44,996,0,4,1.0,1.0
45,996,0,4,1.0,1.0
46,996,0,4,1.0,1.0
47,996,0,4,1.0,1.0
48,996,0,4,1.0,1.0
49,996,0,4,1.0,1.0
50,996,0,4,1.0,1.0
51,996,0,4,1.0,1.0
52,996,0,4,1.0,1.0
53,996,0,4,1.0,1.0
54,996,0,4,1.0,1.0
55,996,0,4,1.0,1.0
56,996,0,4,1.0,1.0
57,996,0,4,1.0,1.0
58,996,0,4,1.0,1.0
59,996,0,4,1.0,1.0
60,996,0,4,1.0,1.0
61,996,0,4,1.0,1.0
62,996,0,4,1.0,1.0
63,996,0,4,1.0,1.0
64,996,0,4,1.0,1.0
65,996,0,4,1.0,1.0
66,996,0,4,1.0,1.0
67,996,0,4,1.0,1.0
68,996,0,4,1.0,1.0
69,996,0,4,1.0,1.0
70,996,0,4,1.0,1.0
71,996,0,4,1.0,1.0
72,996,0,4,1.0,1.0
73,996,0,4,1.0,1.0
74,996,0,4,1.0,1.0
75,996,0,4,1.0,1.0
76,996,0,4,1.0,1.0
77,996,0,4,1.0,1.0
78,996,0,4,1.0,1.0
79,996,0,4,1.0,1.0
80,996,0,4,1.0,1.0
81,996,0,4,1.0,1.0
82,996,0,4,1.0,1.0
83,996,0,4,1.0,1.0
84,996,0,4,1.0,1.0
85,996,0,4,1.0,1.0
86,996,0,4,1.0,1.0
87,996,0,4,1.0,1.0
88,996,0,4,1.0,1.0
89,996,0,4,1.0,1.0
90,996,0,4,1.0,1.0
91,996,0,4,1.0,1.0
92,996,0,4,1.0,1.0
93,996,0,4,1.0,1.0
94,996,0,4,1.0,1.0
95,996,0,4,1.0,1.0
96,996,0,4,1.0,1.0
97,996,0,4,1.0,1.0
98,996,0,4,1.0,1.0
99,996,0,4,1.0,1.0
100,996,0,4,1.0,1.0
101,996,0,4,1.0,1.0
102,996,0,4,1.0,1.0
103,996,0,4,1.0,1.0
104,996,0,4,1.0,1.0
105,996,0,4,1.0,1.0
106,996,0,4,1.0,1.0
107,996,0,4,1.0,1.0
108,996,0,4,1.0,1.0
109,996,0,4,1.0,1.0
110,996,0,4,1.0,1.0
111,996,0,4,1.0,1.0
112,996,0,4,1.0,1.0
113,996,0,4,1.0,1.0
114,996,0,4,1.0,1.0
115,996,0,4,1.0,1.0
116,996,0,4,1.0,1.0
117,996,0,4,1.0,1.0
118,996,0,4,1.0,1.0
119,996,0,4,1.0,1.0
120,996,0,4,1.0,1.0
121,996,0,4,1.0,1.0
122,996,0,4,1.0,1.0
123,996,0,4,1.0,1.0
124,996,0,4,1.0,1.0
125,996,0,4,1.0,1.0
126,996,0,4,1.0,1.0
127,996,0,4,1.0,1.0
128,996,0,4,1.0,1.0
129,996,0,4,1.0,1.0
130,996,0,4,1.0,1.0
131,996,0,4,1.0,1.0
132,996,0,4,1.0,1.0
133,996,0,4,1.0,1.0
134,996,0,4,1.0,1.0
135,996,0,4,1.0,1.0
136,996,0,4,1.0,1.0
137,996,0,4,1.0,1.0
138,996,0,4,1.0,1.0
139,996,0,4,1.0,1.0
140,996,0,4,1.0,1.0
141,996,0,4,1.0,1.0
142,996,0,4,1.0,1.0
143,996,0,4,1.0,1.0
144,996,0,4,1.0,1.0
145,996,0,4,1.0,1.0
146,996,0,4,1.0,1.0
147,996,0,4,1.0,1.0
148,996,0,4,1.0,1.0
149,996,0,4,1.0,1.0
150,996,0,4,1.0,1.0
151,996,0,4,1.0,1.0
152,996,0,4,1.0,1.0
153,996,0,4,1.0,1.0
154,996,0,4,1.0,1.0
155,996,0,4,1.0,1.0
156,996,0,4,1.0,1.0
157,996,0,4,1.0,1.0
158,996,0,4,1.0,1.0
159,996,0,4,1.0,1.0
160,996,0,4,1.0,1.0
161,996,0,4,1.0,1.0
162,996,0,4,1.0,1.0
163,996,0,4,1.0,1.0
164,996,0,4,1.0,1.0
165,996,0,4,1.0,1.0
166,996,0,4,1.0,1.0
167,996,0,4,1.0,1.0
168,996,0,4,1.0,1.0
169,996,0,4,1.0,1.0
170,996,0,4,1.0,1.0
171,996,0,4,1.0,1.0
172,996,0,4,1.0,1.0
173,996,0,4,1.0,1.0
174,996,0,4,1.0,1.0
175,996,0,4,1.0,1.0
176,996,0,4,1.0,1.0
177,996,0,4,1.0,1.0
178,996,0,4,1.0,1.0
179,996,0,4,1.0,1.0
180,996,0,4,1.0,1.0
181,996,0,4,1.0,1.0
182,996,0,4,1.0,1.0
183,996,0,4,1.0,1.0
184,996,0,4,1.0,1.0
185,996,0,4,1.0,1.0
186,996,0,4,1.0,1.0
187,996,0,4,1.0,1.0
188,996,0,4,1.0,1.0
189,996,0,4,1.0,1.0
190,996,0,4,1.0,1.0
191,996,0,4,1.0,1.0
192,996,0,4,1.0,1.0
193,996,0,4,1.0,1.0
194,996,0,4,1.0,1.0
195,996,0,4,1.0,1.0
196,996,0,4,1.0,1.0
197,996,0,4,1.0,1.0
198,996,0,4,1.0,1.0
199,996,0,4,1.0,1.0
200,996,0,4,1.0,1.0
1,998,1,1,1.0,1.0
2,998,1,1,1.0,1.0
3,998,1,1,1.0,1.0
4,998,1,1,1.0,1.0
5,998,1,1,1.0,1.0
6,998,1,1,1.0,1.0
7,998,1,1,1.0,1.0
8,998,1,1,1.0,1.0
9,997,2,1,0.9995,0.9997492477432297
10,996,3,1,0.9995,0.9997991967871486
11,996,3,1,0.9995,0.9997991967871486
12,996,3,1,0.9995,0.9997991967871486
13,996,3,1,0.9995,0.9997991967871486
14,996,3,1,0.9995,0.9997991967871486
15,996,3,1,0.9995,0.9997991967871486
16,995,4,1,0.999,0.9995979899497488
17,995,4,1,0.999,0.9995979899497488
18,995,3,2,0.999,0.9995979899497488
19,995,3,2,0.999,0.9995979899497488
20,995,3,2,0.999,0.9995979899497488
21,995,2,3,0.9995,0.9997989949748743
22,994,3,3,0.9995,0.9997987927565392
23,994,3,3,0.9995,0.9997987927565392
24,994,3,3,0.9995,0.9997987927565392
25,994,3,3,0.9995,0.9997987927565392
26,994,3,3,0.9995,0.9997987927565392
27,994,3,3,0.9995,0.9997987927565392
28,993,3,4,1.0,1.0
29,993,3,4,1.0,1.0
30,993,3,4,1.0,1.0
31,992,4,4,0.9995,0.9997479838709677
32,992,4,4,0.9995,0.9997479838709677
33,992,4,4,0.9995,0.9997479838709677
34,991,5,4,0.9995,0.9997477295660948
35,989,6,5,0.9995,0.9997977755308392
36,987,8,5,0.999,0.9995947315096252
37,987,8,5,0.999,0.9995947315096252
38,987,7,6,0.999,0.9995947315096252
39,987,7,6,0.999,0.9995947315096252
40,987,6,7,0.999,0.9995947315096252
41,987,6,7,0.999,0.9995947315096252
42,985,7,8,0.999,0.9995939086294416
43,984,8,8,0.9985,0.999339430894309
44,983,9,8,0.998,0.9990844354018311
45,983,9,8,0.998,0.9990844354018311
46,983,8,9,0.998,0.9990844354018311
47,983,8,9,0.998,0.9990844354018311
48,983,8,9,0.998,0.9990844354018311
49,983,8,9,0.998,0.9990844354018311
50,983,8,9,0.998,0.9990844354018311
51,983,8,9,0.998,0.9990844354018311
52,980,9,11,0.9975,0.9988265306122449
53,979,10,11,0.9975,0.9988253319713994
54,978,11,11,0.9975,0.9988241308793456
55,977,11,12,0.997,0.9985670419651996
56,974,13,13,0.997,0.9985626283367557
57,973,14,13,0.997,0.9985611510791367
58,971,16,13,0.997,0.9985581874356334
59,969,18,13,0.997,0.9985552115583075
60,967,20,13,0.9965,0.9982936918304033
61,965,21,14,0.9965,0.9982901554404146
62,962,24,14,0.9955,0.9977650727650728
63,957,27,16,0.994,0.996969696969697
64,956,28,16,0.9945,0.9972280334728034
65,954,28,18,0.994,0.9969601677148847
66,954,26,20,0.994,0.9969601677148847
67,950,28,22,0.9955,0.9976842105263157
68,948,29,23,0.995,0.9974156118143459
69,947,30,23,0.9955,0.997624076029567
70,945,31,24,0.9955,0.9976190476190476
71,943,33,24,0.996,0.9978791092258749
72,941,34,25,0.996,0.997874601487779
73,941,31,28,0.996,0.997874601487779
74,940,32,28,0.9955,0.9976063829787234
75,938,34,28,0.995,0.9973880597014925
76,933,37,30,0.993,0.9963022508038585
77,932,35,33,0.994,0.9968347639484978
78,930,37,33,0.994,0.9967741935483871
79,929,38,33,0.994,0.9967707212055974
80,928,38,34,0.9945,0.9970366379310345
81,926,39,35,0.994,0.9966702663786898
82,923,41,36,0.9935,0.9963885879378838
83,921,41,38,0.9925,0.9958921462178791
84,919,40,41,0.993,0.9960645629307219
85,916,42,42,0.9925,0.9958333333333333
86,914,42,44,0.993,0.9961889132020423
87,910,46,44,0.993,0.9961721611721611
88,909,47,44,0.9925,0.9958929226255959
89,905,49,46,0.9915,0.9953222836095764
90,900,51,49,0.991,0.9950185185185185
91,896,53,51,0.992,0.9952566964285714
92,895,52,53,0.992,0.9952513966480447
93,892,55,53,0.9915,0.9949551569506726
94,891,54,55,0.9915,0.9949494949494949
95,891,52,57,0.993,0.9958847736625513
96,889,52,59,0.993,0.9958755155605549
97,889,49,62,0.994,0.9964379452568428
98,886,49,65,0.9925,0.9954853273137697
99,881,53,66,0.9915,0.9946083995459705
100,880,52,68,0.992,0.9951704545454545
101,880,49,71,0.9925,0.9954545454545455
102,878,51,71,0.992,0.9950645406226273
103,877,50,73,0.9925,0.9953439756746485
104,874,50,76,0.994,0.9962814645308925
105,872,51,77,0.993,0.9956995412844036
106,870,51,79,0.9925,0.9954022988505747
107,869,50,81,0.992,0.9951093210586881
108,864,51,85,0.9915,0.9948881172839507
109,862,50,88,0.992,0.9950696055684455
110,860,46,94,0.9935,0.9960271317829457
111,859,44,97,0.9935,0.9960225067908421
112,859,43,98,0.9935,0.9960225067908421
113,857,43,100,0.993,0.9958187475690393
114,856,42,102,0.993,0.995813862928349
115,855,42,103,0.9925,0.9955165692007797
116,853,43,104,0.993,0.9957991402891756
117,853,38,109,0.9935,0.9960922235248145
118,850,41,109,0.992,0.9951568627450981
119,847,42,111,0.991,0.9944510035419126
120,845,41,114,0.9925,0.9953254437869822
121,842,44,114,0.9915,0.9946159936658748
122,838,46,116,0.9915,0.9945306284805091
123,835,46,119,0.993,0.9956087824351296
124,833,46,121,0.992,0.9948979591836735
125,831,45,124,0.991,0.9942839951865222
126,829,45,126,0.9915,0.9946722959388822
127,828,45,127,0.9915,0.9946658615136876
128,826,45,129,0.992,0.994955609362389
129,824,43,133,0.992,0.995044498381877
130,821,43,136,0.994,0.9963459196102314
131,818,45,137,0.9945,0.996638141809291
132,815,47,138,0.994,0.996319018404908
133,814,47,139,0.994,0.9963144963144963
134,813,47,140,0.995,0.9969249692496925
135,809,50,141,0.995,0.9970127729707456
136,808,47,145,0.996,0.9976278877887788
137,806,45,149,0.997,0.9981389578163772
138,802,47,151,0.9955,0.9972984206151289
139,800,47,153,0.995,0.9970833333333333
140,799,46,155,0.995,0.9970796829370047
141,797,48,155,0.995,0.9970723546633209
142,796,49,155,0.995,0.996963986599665
143,795,46,159,0.9945,0.9966457023060795
144,791,48,161,0.994,0.9964391066160978
145,789,50,161,0.993,0.9958597380650612
146,789,50,161,0.993,0.9958597380650612
147,787,50,163,0.994,0.9963362981787378
148,784,52,164,0.993,0.9956207482993198
149,784,46,170,0.994,0.9962585034013606
150,783,44,173,0.9955,0.9970838654746701
151,780,45,175,0.9955,0.9971794871794871
152,779,45,176,0.9965,0.9978177150192554
153,778,45,177,0.9965,0.9978149100257069
154,776,47,177,0.9965,0.9978092783505154
155,776,46,178,0.9965,0.9978092783505154
156,775,43,182,0.996,0.9974838709677418
157,773,43,184,0.9955,0.9971539456662354
158,769,46,185,0.996,0.9973992197659298
159,766,49,185,0.9955,0.9970626631853786
160,764,50,186,0.996,0.9974476439790575
161,764,44,192,0.9975,0.9984293193717277
162,762,45,193,0.9975,0.9984251968503937
163,759,46,195,0.9955,0.9971014492753623
164,756,46,198,0.997,0.9977513227513227
165,756,46,198,0.997,0.9977513227513227
166,754,46,200,0.997,0.9977453580901856
167,754,43,203,0.997,0.9977453580901856
168,754,38,208,0.9975,0.998076923076923
169,752,39,209,0.9975,0.9980718085106383
170,749,37,214,0.9985,0.9990654205607477
171,749,35,216,0.999,0.9993991989319092
172,749,35,216,0.999,0.9993991989319092
173,748,34,218,0.999,0.9993983957219251
174,748,33,219,0.999,0.9993983957219251
175,745,35,220,0.9985,0.9990604026845636
176,741,39,220,0.9965,0.9977058029689608
177,736,41,223,0.993,0.9953124999999999
178,735,37,228,0.996,0.9973469387755102
179,735,37,228,0.996,0.9973469387755102
180,734,37,229,0.996,0.9973433242506812
181,733,36,231,0.996,0.9973396998635743
182,731,38,231,0.9955,0.9969904240766073
183,729,36,235,0.9965,0.997668038408779
184,725,38,237,0.9965,0.9975402298850575
185,723,40,237,0.9955,0.9968418626094975
186,719,42,239,0.994,0.9959202596198423
187,715,43,242,0.995,0.9965967365967365
188,714,40,246,0.9965,0.9975723622782446
189,713,39,248,0.9965,0.9975689574567554
190,712,40,248,0.9955,0.9967462546816479
191,712,38,250,0.997,0.9979166666666667
192,712,32,256,0.998,0.9987359550561798
193,711,30,259,0.997,0.9979137365213314
194,711,30,259,0.997,0.9979137365213314
195,708,32,260,0.9965,0.9975517890772128
196,708,30,262,0.9975,0.9981167608286252
197,707,31,262,0.9965,0.9974776049033475
198,705,32,263,0.998,0.9984633569739952
199,703,33,264,0.9985,0.9989331436699858
200,702,34,264,0.998,0.9984567901234568
1,999,1,0,1.0,1.0
2,999,1,0,1.0,1.0
3,998,2,0,0.9995,0.999749498997996
4,997,3,0,0.999,0.9995486459378133
5,997,3,0,0.999,0.9995486459378133
6,997,3,0,0.999,0.9995486459378133
7,997,3,0,0.999,0.9995486459378133
8,996,4,0,0.9995,0.9997991967871486
9,996,4,0,0.9995,0.9997991967871486
10,996,4,0,0.9995,0.9997991967871486
11,995,4,1,0.9995,0.9997989949748743
12,995,3,2,1.0,1.0
13,995,3,2,1.0,1.0
14,995,3,2,1.0,1.0
15,995,3,2,1.0,1.0
16,995,3,2,1.0,1.0
17,995,3,2,1.0,1.0
18,995,3,2,1.0,1.0
19,995,3,2,1.0,1.0
20,995,3,2,1.0,1.0
21,995,3,2,1.0,1.0
22,994,3,3,1.0,1.0
23,994,3,3,1.0,1.0
24,994,3,3,1.0,1.0
25,994,3,3,1.0,1.0
26,994,3,3,1.0,1.0
27,994,3,3,1.0,1.0
28,993,4,3,0.9995,0.9997482376636455
29,993,4,3,0.9995,0.9997482376636455
30,993,4,3,0.9995,0.9997482376636455
31,992,5,3,0.9995,0.9997479838709677
32,992,5,3,0.9995,0.9997479838709677
33,992,5,3,0.9995,0.9997479838709677
34,992,5,3,0.9995,0.9997479838709677
35,992,5,3,0.9995,0.9997479838709677
36,992,5,3,0.9995,0.9997479838709677
37,992,5,3,0.9995,0.9997479838709677
38,992,5,3,0.9995,0.9997479838709677
39,992,5,3,0.9995,0.9997479838709677
40,992,5,3,0.9995,0.9997479838709677
41,992,5,3,0.9995,0.9997479838709677
42,992,4,4,0.9995,0.9997479838709677
43,992,4,4,0.9995,0.9997479838709677
44,992,4,4,0.9995,0.9997479838709677
45,992,4,4,0.9995,0.9997479838709677
46,992,4,4,0.9995,0.9997479838709677
47,992,4,4,0.9995,0.9997479838709677
48,992,4,4,0.9995,0.9997479838709677
49,992,4,4,0.9995,0.9997479838709677
50,992,4,4,0.9995,0.9997479838709677
51,992,4,4,0.9995,0.9997479838709677
52,992,2,6,1.0,1.0
53,992,0,8,1.0,1.0
54,992,0,8,1.0,1.0
55,992,0,8,1.0,1.0
56,992,0,8,1.0,1.0
57,992,0,8,1.0,1.0
58,992,0,8,1.0,1.0
59,992,0,8,1.0,1.0
60,992,0,8,1.0,1.0
61,992,0,8,1.0,1.0
62,992,0,8,1.0,1.0
63,992,0,8,1.0,1.0
64,992,0,8,1.0,1.0
65,992,0,8,1.0,1.0
66,992,0,8,1.0,1.0
67,992,0,8,1.0,1.0
68,992,0,8,1.0,1.0
69,992,0,8,1.0,1.0
70,992,0,8,1.0,1.0
71,992,0,8,1.0,1.0
72,992,0,8,1.0,1.0
73,992,0,8,1.0,1.0
74,992,0,8,1.0,1.0
75,992,0,8,1.0,1.0
76,992,0,8,1.0,1.0
77,992,0,8,1.0,1.0
78,992,0,8,1.0,1.0
79,992,0,8,1.0,1.0
80,992,0,8,1.0,1.0
81,992,0,8,1.0,1.0
82,992,0,8,1.0,1.0
83,992,0,8,1.0,1.0
84,992,0,8,1.0,1.0
85,992,0,8,1.0,1.0
86,992,0,8,1.0,1.0
87,992,0,8,1.0,1.0
88,992,0,8,1.0,1.0
89,992,0,8,1.0,1.0
90,992,0,8,1.0,1.0
91,992,0,8,1.0,1.0
92,992,0,8,1.0,1.0
93,992,0,8,1.0,1.0
94,992,0,8,1.0,1.0
95,992,0,8,1.0,1.0
96,992,0,8,1.0,1.0
97,992,0,8,1.0,1.0
98,992,0,8,1.0,1.0
99,992,0,8,1.0,1.0
100,992,0,8,1.0,1.0
101,992,0,8,1.0,1.0
102,992,0,8,1.0,1.0
103,992,0,8,1.0,1.0
104,992,0,8,1.0,1.0
105,992,0,8,1.0,1.0
106,992,0,8,1.0,1.0
107,992,0,8,1.0,1.0
108,992,0,8,1.0,1.0
109,992,0,8,1.0,1.0
110,992,0,8,1.0,1.0
111,992,0,8,1.0,1.0
112,992,0,8,1.0,1.0
113,992,0,8,1.0,1.0
114,992,0,8,1.0,1.0
115,992,0,8,1.0,1.0
116,992,0,8,1.0,1.0
117,992,0,8,1.0,1.0
118,992,0,8,1.0,1.0
119,992,0,8,1.0,1.0
120,992,0,8,1.0,1.0
121,992,0,8,1.0,1.0
122,992,0,8,1.0,1.0
123,992,0,8,1.0,1.0
124,992,0,8,1.0,1.0
125,992,0,8,1.0,1.0
126,992,0,8,1.0,1.0
127,992,0,8,1.0,1.0
128,992,0,8,1.0,1.0
129,992,0,8,1.0,1.0
130,992,0,8,1.0,1.0
131,992,0,8,1.0,1.0
132,992,0,8,1.0,1.0
133,992,0,8,1.0,1.0
134,992,0,8,1.0,1.0
135,992,0,8,1.0,1.0
136,992,0,8,1.0,1.0
137,992,0,8,1.0,1.0
138,992,0,8,1.0,1.0
139,992,0,8,1.0,1.0
140,992,0,8,1.0,1.0
141,992,0,8,1.0,1.0
142,992,0,8,1.0,1.0
143,992,0,8,1.0,1.0
144,992,0,8,1.0,1.0
145,992,0,8,1.0,1.0
146,992,0,8,1.0,1.0
147,992,0,8,1.0,1.0
148,992,0,8,1.0,1.0
149,992,0,8,1.0,1.0
150,992,0,8,1.0,1.0
151,992,0,8,1.0,1.0
152,992,0,8,1.0,1.0
153,992,0,8,1.0,1.0
154,992,0,8,1.0,1.0
155,992,0,8,1.0,1.0
156,992,0,8,1.0,1.0
157,992,0,8,1.0,1.0
158,992,0,8,1.0,1.0
159,992,0,8,1.0,1.0
160,992,0,8,1.0,1.0
161,992,0,8,1.0,1.0
162,992,0,8,1.0,1.0
163,992,0,8,1.0,1.0
164,992,0,8,1.0,1.0
165,992,0,8,1.0,1.0
166,992,0,8,1.0,1.0
167,992,0,8,1.0,1.0
168,992,0,8,1.0,1.0
169,992,0,8,1.0,1.0
170,992,0,8,1.0,1.0
171,992,0,8,1.0,1.0
172,992,0,8,1.0,1.0
173,992,0,8,1.0,1.0
174,992,0,8,1.0,1.0
175,992,0,8,1.0,1.0
176,992,0,8,1.0,1.0
177,992,0,8,1.0,1.0
178,992,0,8,1.0,1.0
179,992,0,8,1.0,1.0
180,992,0,8,1.0,1.0
181,992,0,8,1.0,1.0
182,992,0,8,1.0,1.0
183,992,0,8,1.0,1.0
184,992,0,8,1.0,1.0
185,992,0,8,1.0,1.0
186,992,0,8,1.0,1.0
187,992,0,8,1.0,1.0
188,992,0,8,1.0,1.0
189,992,0,8,1.0,1.0
190,992,0,8,1.0,1.0
191,992,0,8,1.0,1.0
192,992,0,8,1.0,1.0
193,992,0,8,1.0,1.0
194,992,0,8,1.0,1.0
195,992,0,8,1.0,1.0
196,992,0,8,1.0,1.0
197,992,0,8,1.0,1.0
198,992,0,8,1.0,1.0
199,992,0,8,1.0,1.0
200,992,0,8,1.0,1.0
1,999,1,0,1.0,1.0
2,999,1,0,1.0,1.0
3,998,1,1,1.0,1.0
4,997,2,1,0.999,0.9995486459378133
5,996,3,1,0.999,0.9995481927710843
6,995,4,1,0.9985,0.9992964824120603
7,995,4,1,0.9985,0.9992964824120603
8,995,4,1,0.9985,0.9992964824120603
9,995,4,1,0.9985,0.9992964824120603
10,995,4,1,0.9985,0.9992964824120603
11,995,4,1,0.9985,0.9992964824120603
12,995,4,1,0.9985,0.9992964824120603
13,995,4,1,0.9985,0.9992964824120603
14,995,3,2,0.999,0.9995477386934672
15,995,3,2,0.999,0.9995477386934672
16,995,3,2,0.999,0.9995477386934672
17,995,3,2,0.999,0.9995477386934672
18,995,3,2,0.999,0.9995477386934672
19,995,3,2,0.999,0.9995477386934672
20,995,3,2,0.999,0.9995477386934672
21,995,3,2,0.999,0.9995477386934672
22,995,2,3,1.0,1.0
23,994,3,3,0.9995,0.9997484909456741
24,994,3,3,0.9995,0.9997484909456741
25,994,3,3,0.9995,0.9997484909456741
26,994,3,3,0.9995,0.9997484909456741
27,994,3,3,0.9995,0.9997484909456741
28,994,3,3,0.9995,0.9997484909456741
29,994,3,3,0.9995,0.9997484909456741
30,994,3,3,0.9995,0.9997484909456741
31,994,3,3,0.9995,0.9997484909456741
32,994,3,3,0.9995,0.9997484909456741
33,994,3,3,0.9995,0.9997484909456741
34,993,4,3,0.9995,0.9997482376636455
35,993,3,4,0.9995,0.9997482376636455
36,993,3,4,0.9995,0.9997482376636455
37,992,4,4,0.9995,0.9997479838709677
38,989,6,5,0.999,0.9994944388270981
39,988,6,6,0.9995,0.999746963562753
40,988,6,6,0.9995,0.999746963562753
41,988,6,6,0.9995,0.999746963562753
42,986,8,6,1.0,1.0
43,986,8,6,1.0,1.0
44,986,7,7,1.0,1.0
45,985,7,8,0.9995,0.999746192893401
46,985,7,8,0.9995,0.999746192893401
47,985,7,8,0.9995,0.999746192893401
48,984,8,8,0.9995,0.9997459349593496
49,983,9,8,0.999,0.9994913530010173
50,983,9,8,0.999,0.9994913530010173
51,982,10,8,0.9985,0.9992362525458248
52,981,11,8,0.998,0.9989806320081549
53,981,11,8,0.998,0.9989806320081549
54,981,9,10,0.9985,0.9992354740061162
55,980,10,10,0.998,0.9989795918367347
56,979,10,11,0.9975,0.9987231869254342
57,979,10,11,0.9975,0.9987231869254342
58,978,11,11,0.997,0.9984662576687117
59,977,11,12,0.997,0.9984646878198568
60,977,9,14,0.998,0.9989764585465711
61,977,9,14,0.998,0.9989764585465711
62,976,10,14,0.998,0.9989754098360656
63,974,11,15,0.9975,0.9987166324435318
64,973,12,15,0.997,0.9984583761562179
65,972,13,15,0.9975,0.9987139917695473
66,971,13,16,0.9975,0.998712667353244
67,970,13,17,0.9975,0.9987113402061856
68,969,14,17,0.997,0.9984520123839009
69,969,13,18,0.997,0.9984520123839009
70,969,13,18,0.997,0.9984520123839009
71,969,12,19,0.9975,0.9987100103199175
72,968,13,19,0.9975,0.9987086776859504
73,968,11,21,0.998,0.9989669421487604
74,968,11,21,0.998,0.9989669421487604
75,968,10,22,0.9985,0.9992252066115702
76,966,12,22,0.998,0.9989648033126294
77,966,12,22,0.998,0.9989648033126294
78,966,12,22,0.998,0.9989648033126294
79,965,11,24,0.9995,0.9997409326424871
80,965,9,26,0.9995,0.9997409326424871
81,964,10,26,0.9995,0.9997406639004149
82,963,11,26,0.999,0.9994807892004154
83,963,10,27,0.999,0.9994807892004154
84,963,10,27,0.999,0.9994807892004154
85,963,9,28,0.9995,0.9997403946002077
86,962,10,28,0.9995,0.9997401247401247
87,962,10,28,0.9995,0.9997401247401247
88,961,11,28,0.999,0.9993929934096427
89,961,10,29,0.999,0.9993929934096427
90,961,10,29,0.999,0.9993929934096427
91,961,10,29,0.999,0.9993929934096427
92,961,10,29,0.999,0.9993929934096427
93,961,9,30,0.999,0.9993929934096427
94,961,9,30,0.999,0.9993929934096427
95,961,9,30,0.999,0.9993929934096427
96,960,10,30,0.9985,0.9991319444444444
97,960,10,30,0.9985,0.9991319444444444
98,960,10,30,0.9985,0.9991319444444444
99,960,10,30,0.9985,0.9991319444444444
100,959,11,30,0.998,0.998870351060132
101,958,11,31,0.998,0.9988691718858733
102,956,13,31,0.998,0.9989539748953975
103,956,12,32,0.998,0.9989539748953975
104,956,11,33,0.9985,0.9992154811715481
105,956,11,33,0.9985,0.9992154811715481
106,955,12,33,0.9985,0.9992146596858639
107,955,11,34,0.999,0.9994764397905759
108,952,13,35,0.9985,0.9992121848739496
109,952,12,36,0.999,0.9994747899159664
110,950,14,36,0.998,0.9989473684210526
111,949,14,37,0.998,0.9989462592202318
112,949,13,38,0.998,0.9989462592202318
113,948,14,38,0.9975,0.9986814345991561
114,945,17,38,0.997,0.9984126984126984
115,944,17,39,0.9975,0.9986758474576272
116,943,17,40,0.997,0.9984623541887593
117,942,17,41,0.9975,0.9987261146496815
118,939,18,43,0.998,0.9989882854100106
119,938,17,45,0.9985,0.9992537313432835
120,936,19,45,0.9985,0.999198717948718
121,936,19,45,0.9985,0.999198717948718
122,935,18,47,0.999,0.9994652406417113
123,934,19,47,0.9985,0.9991970021413277
124,931,21,48,0.998,0.9989258861439313
125,930,20,50,0.9975,0.9986559139784946
126,929,21,50,0.997,0.9983853606027987
127,928,21,51,0.9965,0.9981681034482758
128,926,23,51,0.995,0.997084233261339
129,925,22,53,0.9955,0.9976216216216216
130,923,22,55,0.9955,0.9976164680390032
131,922,22,56,0.9965,0.9981561822125813
132,921,21,58,0.9965,0.9982084690553746
133,920,22,58,0.996,0.9979891304347825
134,920,21,59,0.9965,0.9982608695652173
135,920,19,61,0.997,0.9984782608695653
136,918,20,62,0.996,0.9979302832244009
137,916,20,64,0.997,0.9983624454148472
138,914,19,67,0.9975,0.9986323851203501
139,914,18,68,0.9975,0.9986323851203501
140,914,17,69,0.9975,0.9986323851203501
141,914,17,69,0.9975,0.9986323851203501
142,912,19,69,0.9975,0.9986842105263157
143,911,19,70,0.997,0.9984083424807902
144,910,20,70,0.997,0.9982600732600733
145,910,20,70,0.997,0.9982600732600733
146,909,20,71,0.9965,0.997983131646498
147,909,16,75,0.997,0.9982581591492482
148,907,18,75,0.9975,0.9984380742374126
149,906,19,75,0.9975,0.9984363502575424
150,903,22,75,0.997,0.9982465854558877
151,901,23,76,0.9975,0.9986126526082131
152,901,20,79,0.998,0.9988901220865705
153,901,20,79,0.998,0.9988901220865705
154,901,18,81,0.998,0.9988901220865705
155,899,20,81,0.9975,0.9986095661846496
156,898,21,81,0.9975,0.998608017817372
157,897,22,81,0.9975,0.9986064659977704
158,896,23,81,0.997,0.9983258928571429
159,896,23,81,0.997,0.9983258928571429
160,895,22,83,0.9975,0.9986033519553073
161,894,22,84,0.9985,0.9991610738255033
162,892,21,87,0.998,0.9988789237668162
163,892,20,88,0.998,0.9988789237668162
164,891,19,90,0.9975,0.9985970819304153
165,890,19,91,0.997,0.998314606741573
166,890,19,91,0.997,0.998314606741573
167,889,20,91,0.997,0.9983127109111362
168,888,20,92,0.9965,0.9980292792792793
169,888,20,92,0.9965,0.9980292792792793
170,886,21,93,0.9965,0.9980248306997742
171,885,19,96,0.997,0.9983050847457627
172,885,18,97,0.997,0.9983050847457627
173,885,16,99,0.997,0.9983050847457627
174,885,14,101,0.997,0.9983050847457627
175,885,14,101,0.997,0.9983050847457627
176,885,14,101,0.997,0.9983050847457627
177,885,14,101,0.997,0.9983050847457627
178,885,13,102,0.997,0.9983050847457627
179,884,14,102,0.9975,0.9985859728506787
180,883,15,102,0.9975,0.9985843714609286
181,882,16,102,0.997,0.9982993197278912
182,882,15,103,0.9975,0.9985827664399093
183,882,13,105,0.9985,0.9991496598639455
184,882,12,106,0.999,0.9994331065759637
185,881,12,107,0.999,0.9994324631101021
186,881,11,108,0.999,0.9994324631101021
187,880,12,108,0.999,0.9994318181818181
188,880,12,108,0.999,0.9994318181818181
189,879,13,108,0.998,0.9988623435722411
190,879,13,108,0.998,0.9988623435722411
191,879,13,108,0.998,0.9988623435722411
192,878,14,108,0.998,0.9988610478359908
193,877,15,108,0.9975,0.9985746864310148
194,876,14,110,0.9975,0.9985730593607306
195,876,13,111,0.9975,0.9985730593607306
196,876,13,111,0.9975,0.9985730593607306
197,876,12,112,0.9975,0.9985730593607306
198,876,12,112,0.9975,0.9985730593607306
199,876,11,113,0.9975,0.9985730593607306
200,876,10,114,0.9975,0.9985730593607306
1,999,1,0,1.0,1.0
2,999,1,0,1.0,1.0
3,999,1,0,1.0,1.0
4,998,2,0,0.9995,0.999749498997996
5,998,2,0,0.9995,0.999749498997996
6,998,2,0,0.9995,0.999749498997996
7,997,3,0,0.999,0.9994984954864594
8,997,3,0,0.999,0.9994984954864594
9,996,4,0,0.999,0.9994979919678715
10,994,6,0,0.999,0.9994969818913481
11,994,5,1,0.9995,0.9997484909456741
12,994,5,1,0.9995,0.9997484909456741
13,994,5,1,0.9995,0.9997484909456741
14,994,5,1,0.9995,0.9997484909456741
15,994,5,1,0.9995,0.9997484909456741
16,994,5,1,0.9995,0.9997484909456741
17,993,6,1,0.999,0.999496475327291
18,993,6,1,0.999,0.999496475327291
19,992,7,1,0.9985,0.9992439516129032
20,991,8,1,0.998,0.9989909182643795
21,991,8,1,0.998,0.9989909182643795
22,990,9,1,0.9975,0.9987373737373737
23,989,10,1,0.997,0.9984833164812943
24,989,10,1,0.997,0.9984833164812943
25,985,14,1,0.9975,0.998730964467005
26,985,14,1,0.9975,0.998730964467005
27,984,15,1,0.9965,0.9982215447154471
28,984,13,3,0.997,0.9984756097560976
29,983,14,3,0.997,0.9984740590030519
30,983,14,3,0.997,0.9984740590030519
31,981,15,4,0.9965,0.9982161060142711
32,981,13,6,0.9975,0.9987257900101937
33,979,15,6,0.9975,0.9987231869254342
34,978,15,7,0.998,0.9989775051124744
35,976,16,8,0.998,0.9989754098360656
36,973,19,8,0.9965,0.9981157930798219
37,972,19,9,0.9965,0.9981652949245542
38,969,22,9,0.995,0.9973512211902306
39,968,22,10,0.996,0.9979511019283747
40,966,22,12,0.995,0.9974292615596964
41,965,21,14,0.9965,0.9982037996545768
42,964,21,15,0.997,0.9984094052558783
43,964,21,15,0.997,0.9984094052558783
44,961,24,15,0.9965,0.9980922650017344
45,959,26,15,0.996,0.9978275981925617
46,956,29,15,0.9955,0.9976464435146444
47,955,29,16,0.9955,0.9976439790575916
48,953,29,18,0.995,0.9973767051416579
49,949,31,20,0.995,0.9973656480505796
50,948,32,20,0.9945,0.9970112517580871
51,947,31,22,0.995,0.9972720872932066
52,947,29,24,0.995,0.9972720872932066
53,944,32,24,0.9945,0.9970515536723165
54,940,33,27,0.996,0.9978368794326241
55,939,32,29,0.997,0.9984203052893149
56,938,31,31,0.996,0.9979388770433546
57,938,30,32,0.996,0.9979388770433546
58,937,29,34,0.9965,0.998096762717894
59,936,29,35,0.9965,0.9980947293447294
60,934,31,35,0.995,0.9972876516773733
61,932,33,35,0.995,0.9972818311874107
62,929,36,35,0.9935,0.9964657337639039
63,926,39,35,0.9925,0.9959683225341972
64,926,38,36,0.993,0.9962383009359251
65,925,35,40,0.9935,0.9965045045045045
66,921,36,43,0.9935,0.9964893231994209
67,921,35,44,0.9945,0.9969779225479551
68,920,34,46,0.995,0.9972463768115942
69,919,34,47,0.9955,0.9975154153064926
70,919,33,48,0.996,0.9977874501269496
71,915,36,49,0.9955,0.997504553734062
72,911,38,51,0.9955,0.9975484815221368
73,909,40,51,0.9955,0.9975430876420975
74,908,39,53,0.9955,0.9975403817914831
75,906,41,53,0.9955,0.9975349521707138
76,905,42,53,0.995,0.997255985267035
77,901,45,54,0.9925,0.9959119496855346
78,897,46,57,0.9925,0.9959866220735787
79,894,49,57,0.9925,0.9959731543624162
80,890,51,59,0.9925,0.9959550561797754
81,888,51,61,0.993,0.9962274774774775
82,885,53,62,0.991,0.9950847457627119
83,881,52,67,0.9925,0.9959137343927355
84,877,52,71,0.9915,0.9952679589509692
85,874,53,73,0.9915,0.9951945080091532
86,872,53,75,0.9925,0.9957568807339449
87,870,53,77,0.9935,0.996264367816092
88,867,54,79,0.9935,0.9962514417531718
89,864,56,80,0.994,0.9965277777777778
90,862,57,81,0.9935,0.99622969837587
91,862,56,82,0.9935,0.99622969837587
92,860,56,84,0.994,0.9965116279069768
93,859,55,86,0.9945,0.9967986030267754
94,856,57,87,0.994,0.9964953271028038
95,854,55,91,0.9955,0.9973653395784543
96,853,53,94,0.9965,0.9979484173505275
97,850,55,95,0.9955,0.9973529411764706
98,846,58,96,0.9935,0.9961583924349882
99,845,56,99,0.994,0.9964497041420118
100,843,55,102,0.9935,0.996045867931989
101,838,59,103,0.992,0.9951869530628481
102,836,59,105,0.992,0.9951754385964913
103,835,58,107,0.992,0.9951696606786428
104,833,56,111,0.9915,0.9948579431772709
105,831,56,113,0.991,0.9945447252306459
106,828,55,117,0.993,0.9958333333333332
107,825,56,119,0.9935,0.9960606060606061
108,825,53,122,0.9945,0.9966666666666667
109,822,54,124,0.995,0.9969586374695864
110,819,54,127,0.9955,0.9973137973137972
111,817,55,128,0.9945,0.9966952264381884
112,815,56,129,0.9935,0.9960736196319018
113,812,58,130,0.9925,0.9954433497536945
114,810,57,133,0.994,0.9963580246913579
115,808,57,135,0.9935,0.996039603960396
116,806,57,137,0.993,0.9957196029776675
117,806,56,138,0.993,0.9957196029776675
118,804,57,139,0.994,0.9963308457711442
119,802,56,142,0.9935,0.996072319201995
120,798,58,144,0.9935,0.9960526315789474
121,798,57,145,0.9935,0.9960526315789474
122,795,57,148,0.9935,0.9961635220125786
123,794,56,150,0.9935,0.9961586901763225
124,793,56,151,0.994,0.996469104665826
125,793,52,155,0.9945,0.9967213114754098
126,792,47,161,0.9955,0.9973484848484848
127,790,48,162,0.9945,0.9967721518987342
128,788,47,165,0.9945,0.9967005076142131
129,787,45,168,0.9955,0.9972681067344346
130,786,44,170,0.995,0.9969465648854963
131,785,44,171,0.9955,0.9971974522292993
132,783,42,175,0.997,0.9981481481481481
133,780,44,176,0.997,0.9981410256410256
134,776,48,176,0.9965,0.9978092783505154
135,773,47,180,0.9965,0.9978007761966364
136,772,48,180,0.997,0.998121761658031
137,770,50,180,0.996,0.9975324675324676
138,769,50,181,0.996,0.997594278283485
139,767,47,186,0.997,0.9980443285528031
140,765,45,190,0.9965,0.9977124183006536
141,765,44,191,0.997,0.9980392156862745
142,765,43,192,0.9975,0.9983660130718954
143,764,41,195,0.998,0.9986910994764397
144,763,42,195,0.9975,0.9984272608125818
145,760,42,198,0.9975,0.9985526315789474
146,760,38,202,0.998,0.9988157894736842
147,756,41,203,0.997,0.9981481481481482
148,756,39,205,0.997,0.9981481481481482
149,755,39,206,0.9965,0.9978145695364239
150,753,40,207,0.9965,0.997742363877822
151,753,37,210,0.997,0.99800796812749
152,751,36,213,0.9965,0.9976697736351531
153,751,33,216,0.9965,0.9976697736351531
154,751,32,217,0.9965,0.9976697736351531
155,751,31,218,0.9965,0.9976697736351531
156,750,32,218,0.996,0.9973333333333333
157,749,32,219,0.995,0.9967289719626168
158,747,34,219,0.995,0.9967202141900936
159,746,33,221,0.9955,0.9970509383378016
160,746,33,221,0.9955,0.9970509383378016
161,745,33,222,0.996,0.9973825503355704
162,744,33,223,0.9955,0.9970430107526881
163,742,34,224,0.9965,0.9977088948787062
164,742,34,224,0.9965,0.9977088948787062
165,742,33,225,0.997,0.9980458221024258
166,741,34,225,0.997,0.9980431848852901
167,741,31,228,0.998,0.9986504723346828
168,741,30,229,0.998,0.9986504723346828
169,739,32,229,0.9985,0.9989851150202977
170,738,33,229,0.998,0.9986449864498645
171,738,32,230,0.998,0.9986449864498645
172,737,31,232,0.9975,0.998303934871099
173,735,33,232,0.9975,0.9982993197278912
174,734,33,233,0.997,0.9979564032697548
175,732,33,235,0.9965,0.9977231329690345
176,730,35,235,0.995,0.9967579908675799
177,728,35,237,0.9945,0.9963369963369962
178,726,36,238,0.994,0.9958677685950413
179,725,34,241,0.995,0.996551724137931
180,724,34,242,0.9945,0.9962016574585635
181,721,34,245,0.994,0.9958391123439667
182,719,35,246,0.9945,0.9961752433936022
183,718,34,248,0.995,0.9965181058495822
184,717,33,250,0.9955,0.9968619246861925
185,717,31,252,0.996,0.99721059972106
186,717,29,254,0.997,0.997907949790795
187,717,27,256,0.997,0.997907949790795
188,717,26,257,0.997,0.997907949790795
189,717,26,257,0.997,0.997907949790795
190,715,28,257,0.9965,0.9975524475524475
191,713,29,258,0.9965,0.9975455820476858
192,711,26,263,0.997,0.9978902953586498
193,710,26,264,0.997,0.997887323943662
194,708,26,266,0.9985,0.9989406779661016
195,705,28,267,0.998,0.9985815602836879
196,705,27,268,0.998,0.9985815602836879
197,704,26,270,0.998,0.9985795454545454
198,703,26,271,0.998,0.9984589853010906
199,702,26,272,0.9985,0.9988129154795823
200,701,26,273,0.9985,0.9989300998573466
1,999,1,0,1.0,1.0
2,999,1,0,1.0,1.0
3,999,1,0,1.0,1.0
4,999,1,0,1.0,1.0
5,999,1,0,1.0,1.0
6,999,1,0,1.0,1.0
7,999,1,0,1.0,1.0
8,999,1,0,1.0,1.0
9,999,1,0,1.0,1.0
10,999,1,0,1.0,1.0
11,998,1,1,1.0,1.0
12,998,0,2,1.0,1.0
13,998,0,2,1.0,1.0
14,998,0,2,1.0,1.0
15,998,0,2,1.0,1.0
16,998,0,2,1.0,1.0
17,998,0,2,1.0,1.0
18,998,0,2,1.0,1.0
19,998,0,2,1.0,1.0
20,998,0,2,1.0,1.0
21,998,0,2,1.0,1.0
22,998,0,2,1.0,1.0
23,998,0,2,1.0,1.0
24,998,0,2,1.0,1.0
25,998,0,2,1.0,1.0
26,998,0,2,1.0,1.0
27,998,0,2,1.0,1.0
28,998,0,2,1.0,1.0
29,998,0,2,1.0,1.0
30,998,0,2,1.0,1.0
31,998,0,2,1.0,1.0
32,998,0,2,1.0,1.0
33,998,0,2,1.0,1.0
34,998,0,2,1.0,1.0
35,998,0,2,1.0,1.0
36,998,0,2,1.0,1.0
37,998,0,2,1.0,1.0
38,998,0,2,1.0,1.0
39,998,0,2,1.0,1.0
40,998,0,2,1.0,1.0
41,998,0,2,1.0,1.0
42,998,0,2,1.0,1.0
43,998,0,2,1.0,1.0
44,998,0,2,1.0,1.0
45,998,0,2,1.0,1.0
46,998,0,2,1.0,1.0
47,998,0,2,1.0,1.0
48,998,0,2,1.0,1.0
49,998,0,2,1.0,1.0
50,998,0,2,1.0,1.0
51,998,0,2,1.0,1.0
52,998,0,2,1.0,1.0
53,998,0,2,1.0,1.0
54,998,0,2,1.0,1.0
55,998,0,2,1.0,1.0
56,998,0,2,1.0,1.0
57,998,0,2,1.0,1.0
58,998,0,2,1.0,1.0
59,998,0,2,1.0,1.0
60,998,0,2,1.0,1.0
61,998,0,2,1.0,1.0
62,998,0,2,1.0,1.0
63,998,0,2,1.0,1.0
64,998,0,2,1.0,1.0
65,998,0,2,1.0,1.0
66,998,0,2,1.0,1.0
67,998,0,2,1.0,1.0
68,998,0,2,1.0,1.0
69,998,0,2,1.0,1.0
70,998,0,2,1.0,1.0
71,998,0,2,1.0,1.0
72,998,0,2,1.0,1.0
73,998,0,2,1.0,1.0
74,998,0,2,1.0,1.0
75,998,0,2,1.0,1.0
76,998,0,2,1.0,1.0
77,998,0,2,1.0,1.0
78,998,0,2,1.0,1.0
79,998,0,2,1.0,1.0
80,998,0,2,1.0,1.0
81,998,0,2,1.0,1.0
82,998,0,2,1.0,1.0
83,998,0,2,1.0,1.0
84,998,0,2,1.0,1.0
85,998,0,2,1.0,1.0
86,998,0,2,1.0,1.0
87,998,0,2,1.0,1.0
88,998,0,2,1.0,1.0
89,998,0,2,1.0,1.0
90,998,0,2,1.0,1.0
91,998,0,2,1.0,1.0
92,998,0,2,1.0,1.0
93,998,0,2,1.0,1.0
94,998,0,2,1.0,1.0
95,998,0,2,1.0,1.0
96,998,0,2,1.0,1.0
97,998,0,2,1.0,1.0
98,998,0,2,1.0,1.0
99,998,0,2,1.0,1.0
100,998,0,2,1.0,1.0
101,998,0,2,1.0,1.0
102,998,0,2,1.0,1.0
103,998,0,2,1.0,1.0
104,998,0,2,1.0,1.0
105,998,0,2,1.0,1.0
106,998,0,2,1.0,1.0
107,998,0,2,1.0,1.0
108,998,0,2,1.0,1.0
109,998,0,2,1.0,1.0
110,998,0,2,1.0,1.0
111,998,0,2,1.0,1.0
112,998,0,2,1.0,1.0
113,998,0,2,1.0,1.0
114,998,0,2,1.0,1.0
115,998,0,2,1.0,1.0
116,998,0,2,1.0,1.0
117,998,0,2,1.0,1.0
118,998,0,2,1.0,1.0
119,998,0,2,1.0,1.0
120,998,0,2,1.0,1.0
121,998,0,2,1.0,1.0
122,998,0,2,1.0,1.0
123,998,0,2,1.0,1.0
124,998,0,2,1.0,1.0
125,998,0,2,1.0,1.0
126,998,0,2,1.0,1.0
127,998,0,2,1.0,1.0
128,998,0,2,1.0,1.0
129,998,0,2,1.0,1.0
130,998,0,2,1.0,1.0
131,998,0,2,1.0,1.0
132,998,0,2,1.0,1.0
133,998,0,2,1.0,1.0
134,998,0,2,1.0,1.0
135,998,0,2,1.0,1.0
136,998,0,2,1.0,1.0
137,998,0,2,1.0,1.0
138,998,0,2,1.0,1.0
139,998,0,2,1.0,1.0
140,998,0,2,1.0,1.0
141,998,0,2,1.0,1.0
142,998,0,2,1.0,1.0
143,998,0,2,1.0,1.0
144,998,0,2,1.0,1.0
145,998,0,2,1.0,1.0
146,998,0,2,1.0,1.0
147,998,0,2,1.0,1.0
148,998,0,2,1.0,1.0
149,998,0,2,1.0,1.0
150,998,0,2,1.0,1.0
151,998,0,2,1.0,1.0
152,998,0,2,1.0,1.0
153,998,0,2,1.0,1.0
154,998,0,2,1.0,1.0
155,998,0,2,1.0,1.0
156,998,0,2,1.0,1.0
157,998,0,2,1.0,1.0
158,998,0,2,1.0,1.0
159,998,0,2,1.0,1.0
160,998,0,2,1.0,1.0
161,998,0,2,1.0,1.0
162,998,0,2,1.0,1.0
163,998,0,2,1.0,1.0
164,998,0,2,1.0,1.0
165,998,0,2,1.0,1.0
166,998,0,2,1.0,1.0
167,998,0,2,1.0,1.0
168,998,0,2,1.0,1.0
169,998,0,2,1.0,1.0
170,998,0,2,1.0,1.0
171,998,0,2,1.0,1.0
172,998,0,2,1.0,1.0
173,998,0,2,1.0,1.0
174,998,0,2,1.0,1.0
175,998,0,2,1.0,1.0
176,998,0,2,1.0,1.0
177,998,0,2,1.0,1.0
178,998,0,2,1.0,1.0
179,998,0,2,1.0,1.0
180,998,0,2,1.0,1.0
181,998,0,2,1.0,1.0
182,998,0,2,1.0,1.0
183,998,0,2,1.0,1.0
184,998,0,2,1.0,1.0
185,998,0,2,1.0,1.0
186,998,0,2,1.0,1.0
187,998,0,2,1.0,1.0
188,998,0,2,1.0,1.0
189,998,0,2,1.0,1.0
190,998,0,2,1.0,1.0
191,998,0,2,1.0,1.0
192,998,0,2,1.0,1.0
193,998,0,2,1.0,1.0
194,998,0,2,1.0,1.0
195,998,0,2,1.0,1.0
196,998,0,2,1.0,1.0
197,998,0,2,1.0,1.0
198,998,0,2,1.0,1.0
199,998,0,2,1.0,1.0
200,998,0,2,1.0,1.0
1,998,1,1,1.0,1.0
2,998,1,1,1.0,1.0
3,998,1,1,1.0,1.0
4,997,1,2,1.0,1.0
5,997,1,2,1.0,1.0
6,997,1,2,1.0,1.0
7,997,1,2,1.0,1.0
8,997,1,2,1.0,1.0
9,997,1,2,1.0,1.0
10,997,1,2,1.0,1.0
11,997,1,2,1.0,1.0
12,997,1,2,1.0,1.0
13,997,1,2,1.0,1.0
14,997,1,2,1.0,1.0
15,997,1,2,1.0,1.0
16,997,1,2,1.0,1.0
17,997,1,2,1.0,1.0
18,997,1,2,1.0,1.0
19,997,0,3,1.0,1.0
20,997,0,3,1.0,1.0
21,997,0,3,1.0,1.0
22,997,0,3,1.0,1.0
23,997,0,3,1.0,1.0
24,997,0,3,1.0,1.0
25,997,0,3,1.0,1.0
26,997,0,3,1.0,1.0
27,997,0,3,1.0,1.0
28,997,0,3,1.0,1.0
29,997,0,3,1.0,1.0
30,997,0,3,1.0,1.0
31,997,0,3,1.0,1.0
32,997,0,3,1.0,1.0
33,997,0,3,1.0,1.0
34,997,0,3,1.0,1.0
35,997,0,3,1.0,1.0
36,997,0,3,1.0,1.0
37,997,0,3,1.0,1.0
38,997,0,3,1.0,1.0
39,997,0,3,1.0,1.0
40,997,0,3,1.0,1.0
41,997,0,3,1.0,1.0
42,997,0,3,1.0,1.0
43,997,0,3,1.0,1.0
44,997,0,3,1.0,1.0
45,997,0,3,1.0,1.0
46,997,0,3,1.0,1.0
47,997,0,3,1.0,1.0
48,997,0,3,1.0,1.0
49,997,0,3,1.0,1.0
50,997,0,3,1.0,1.0
51,997,0,3,1.0,1.0
52,997,0,3,1.0,1.0
53,997,0,3,1.0,1.0
54,997,0,3,1.0,1.0
55,997,0,3,1.0,1.0
56,997,0,3,1.0,1.0
57,997,0,3,1.0,1.0
58,997,0,3,1.0,1.0
59,997,0,3,1.0,1.0
60,997,0,3,1.0,1.0
61,997,0,3,1.0,1.0
62,997,0,3,1.0,1.0
63,997,0,3,1.0,1.0
64,997,0,3,1.0,1.0
65,997,0,3,1.0,1.0
66,997,0,3,1.0,1.0
67,997,0,3,1.0,1.0
68,997,0,3,1.0,1.0
69,997,0,3,1.0,1.0
70,997,0,3,1.0,1.0
71,997,0,3,1.0,1.0
72,997,0,3,1.0,1.0
73,997,0,3,1.0,1.0
74,997,0,3,1.0,1.0
75,997,0,3,1.0,1.0
76,997,0,3,1.0,1.0
77,997,0,3,1.0,1.0
78,997,0,3,1.0,1.0
79,997,0,3,1.0,1.0
80,997,0,3,1.0,1.0
81,997,0,3,1.0,1.0
82,997,0,3,1.0,1.0
83,997,0,3,1.0,1.0
84,997,0,3,1.0,1.0
85,997,0,3,1.0,1.0
86,997,0,3,1.0,1.0
87,997,0,3,1.0,1.0
88,997,0,3,1.0,1.0
89,997,0,3,1.0,1.0
90,997,0,3,1.0,1.0
91,997,0,3,1.0,1.0
92,997,0,3,1.0,1.0
93,997,0,3,1.0,1.0
94,997,0,3,1.0,1.0
95,997,0,3,1.0,1.0
96,997,0,3,1.0,1.0
97,997,0,3,1.0,1.0
98,997,0,3,1.0,1.0
99,997,0,3,1.0,1.0
100,997,0,3,1.0,1.0
101,997,0,3,1.0,1.0
102,997,0,3,1.0,1.0
103,997,0,3,1.0,1.0
104,997,0,3,1.0,1.0
105,997,0,3,1.0,1.0
106,997,0,3,1.0,1.0
107,997,0,3,1.0,1.0
108,997,0,3,1.0,1.0
109,997,0,3,1.0,1.0
110,997,0,3,1.0,1.0
111,997,0,3,1.0,1.0
112,997,0,3,1.0,1.0
113,997,0,3,1.0,1.0
114,997,0,3,1.0,1.0
115,997,0,3,1.0,1.0
116,997,0,3,1.0,1.0
117,997,0,3,1.0,1.0
118,997,0,3,1.0,1.0
119,997,0,3,1.0,1.0
120,997,0,3,1.0,1.0
121,997,0,3,1.0,1.0
122,997,0,3,1.0,1.0
123,997,0,3,1.0,1.0
124,997,0,3,1.0,1.0
125,997,0,3,1.0,1.0
126,997,0,3,1.0,1.0
127,997,0,3,1.0,1.0
128,997,0,3,1.0,1.0
129,997,0,3,1.0,1.0
130,997,0,3,1.0,1.0
131,997,0,3,1.0,1.0
132,997,0,3,1.0,1.0
133,997,0,3,1.0,1.0
134,997,0,3,1.0,1.0
135,997,0,3,1.0,1.0
136,997,0,3,1.0,1.0
137,997,0,3,1.0,1.0
138,997,0,3,1.0,1.0
139,997,0,3,1.0,1.0
140,997,0,3,1.0,1.0
141,997,0,3,1.0,1.0
142,997,0,3,1.0,1.0
143,997,0,3,1.0,1.0
144,997,0,3,1.0,1.0
145,997,0,3,1.0,1.0
146,997,0,3,1.0,1.0
147,997,0,3,1.0,1.0
148,997,0,3,1.0,1.0
149,997,0,3,1.0,1.0
150,997,0,3,1.0,1.0
151,997,0,3,1.0,1.0
152,997,0,3,1.0,1.0
153,997,0,3,1.0,1.0
154,997,0,3,1.0,1.0
155,997,0,3,1.0,1.0
156,997,0,3,1.0,1.0
157,997,0,3,1.0,1.0
158,997,0,3,1.0,1.0
159,997,0,3,1.0,1.0
160,997,0,3,1.0,1.0
161,997,0,3,1.0,1.0
162,997,0,3,1.0,1.0
163,997,0,3,1.0,1.0
164,997,0,3,1.0,1.0
165,997,0,3,1.0,1.0
166,997,0,3,1.0,1.0
167,997,0,3,1.0,1.0
168,997,0,3,1.0,1.0
169,997,0,3,1.0,1.0
170,997,0,3,1.0,1.0
171,997,0,3,1.0,1.0
172,997,0,3,1.0,1.0
173,997,0,3,1.0,1.0
174,997,0,3,1.0,1.0
175,997,0,3,1.0,1.0
176,997,0,3,1.0,1.0
177,997,0,3,1.0,1.0
178,997,0,3,1.0,1.0
179,997,0,3,1.0,1.0
180,997,0,3,1.0,1.0
181,997,0,3,1.0,1.0
182,997,0,3,1.0,1.0
183,997,0,3,1.0,1.0
184,997,0,3,1.0,1.0
185,997,0,3,1.0,1.0
186,997,0,3,1.0,1.0
187,997,0,3,1.0,1.0
188,997,0,3,1.0,1.0
189,997,0,3,1.0,1.0
190,997,0,3,1.0,1.0
191,997,0,3,1.0,1.0
192,997,0,3,1.0,1.0
193,997,0,3,1.0,1.0
194,997,0,3,1.0,1.0
195,997,0,3,1.0,1.0
196,997,0,3,1.0,1.0
197,997,0,3,1.0,1.0
198,997,0,3,1.0,1.0
199,997,0,3,1.0,1.0
200,997,0,3,1.0,1.0
1,999,1,0,1.0,1.0
2,999,1,0,1.0,1.0
3,999,1,0,1.0,1.0
4,999,1,0,1.0,1.0
5,999,1,0,1.0,1.0
6,999,1,0,1.0,1.0
7,999,1,0,1.0,1.0
8,999,1,0,1.0,1.0
9,999,1,0,1.0,1.0
10,998,2,0,0.9995,0.9996659986639946
11,998,2,0,0.9995,0.9996659986639946
12,998,2,0,0.9995,0.9996659986639946
13,998,2,0,0.9995,0.9996659986639946
14,997,3,0,0.9985,0.9990805750585089
15,997,3,0,0.9985,0.9990805750585089
16,997,2,1,0.9995,0.9996656636576395
17,996,3,1,0.9995,0.999665327978581
18,996,2,2,1.0,1.0
19,996,2,2,1.0,1.0
20,996,2,2,1.0,1.0
21,996,2,2,1.0,1.0
22,996,2,2,1.0,1.0
23,996,2,2,1.0,1.0
24,996,1,3,1.0,1.0
25,996,1,3,1.0,1.0
26,996,1,3,1.0,1.0
27,996,1,3,1.0,1.0
28,996,1,3,1.0,1.0
29,996,1,3,1.0,1.0
30,996,1,3,1.0,1.0
31,996,1,3,1.0,1.0
32,996,1,3,1.0,1.0
33,996,0,4,1.0,1.0
34,996,0,4,1.0,1.0
35,996,0,4,1.0,1.0
36,996,0,4,1.0,1.0
37,996,0,4,1.0,1.0
38,996,0,4,1.0,1.0
39,996,0,4,1.0,1.0
40,996,0,4,1.0,1.0
41,996,0,4,1.0,1.0
42,996,0,4,1.0,1.0
43,996,0,4,1.0,1.0
44,996,0,4,1.0,1.0
45,996,0,4,1.0,1.0
46,996,0,4,1.0,1.0
47,996,0,4,1.0,1.0
48,996,0,4,1.0,1.0
49,996,0,4,1.0,1.0
50,996,0,4,1.0,1.0
51,996,0,4,1.0,1.0
52,996,0,4,1.0,1.0
53,996,0,4,1.0,1.0
54,996,0,4,1.0,1.0
55,996,0,4,1.0,1.0
56,996,0,4,1.0,1.0
57,996,0,4,1.0,1.0
58,996,0,4,1.0,1.0
59,996,0,4,1.0,1.0
60,996,0,4,1.0,1.0
61,996,0,4,1.0,1.0
62,996,0,4,1.0,1.0
63,996,0,4,1.0,1.0
64,996,0,4,1.0,1.0
65,996,0,4,1.0,1.0
66,996,0,4,1.0,1.0
67,996,0,4,1.0,1.0
68,996,0,4,1.0,1.0
69,996,0,4,1.0,1.0
70,996,0,4,1.0,1.0
71,996,0,4,1.0,1.0
72,996,0,4,1.0,1.0
73,996,0,4,1.0,1.0
74,996,0,4,1.0,1.0
75,996,0,4,1.0,1.0
76,996,0,4,1.0,1.0
77,996,0,4,1.0,1.0
78,996,0,4,1.0,1.0
79,996,0,4,1.0,1.0
80,996,0,4,1.0,1.0
81,996,0,4,1.0,1.0
82,996,0,4,1.0,1.0
83,996,0,4,1.0,1.0
84,996,0,4,1.0,1.0
85,996,0,4,1.0,1.0
86,996,0,4,1.0,1.0
87,996,0,4,1.0,1.0
88,996,0,4,1.0,1.0
89,996,0,4,1.0,1.0
90,996,0,4,1.0,1.0
91,996,0,4,1.0,1.0
92,996,0,4,1.0,1.0
93,996,0,4,1.0,1.0
94,996,0,4,1.0,1.0
95,996,0,4,1.0,1.0
96,996,0,4,1.0,1.0
97,996,0,4,1.0,1.0
98,996,0,4,1.0,1.0
99,996,0,4,1.0,1.0
100,996,0,4,1.0,1.0
101,996,0,4,1.0,1.0
102,996,0,4,1.0,1.0
103,996,0,4,1.0,1.0
104,996,0,4,1.0,1.0
105,996,0,4,1.0,1.0
106,996,0,4,1.0,1.0
107,996,0,4,1.0,1.0
108,996,0,4,1.0,1.0
109,996,0,4,1.0,1.0
110,996,0,4,1.0,1.0
111,996,0,4,1.0,1.0
112,996,0,4,1.0,1.0
113,996,0,4,1.0,1.0
114,996,0,4,1.0,1.0
115,996,0,4,1.0,1.0
116,996,0,4,1.0,1.0
117,996,0,4,1.0,1.0
118,996,0,4,1.0,1.0
119,996,0,4,1.0,1.0
120,996,0,4,1.0,1.0
121,996,0,4,1.0,1.0
122,996,0,4,1.0,1.0
123,996,0,4,1.0,1.0
124,996,0,4,1.0,1.0
125,996,0,4,1.0,1.0
126,996,0,4,1.0,1.0
127,996,0,4,1.0,1.0
128,996,0,4,1.0,1.0
129,996,0,4,1.0,1.0
130,996,0,4,1.0,1.0
131,996,0,4,1.0,1.0
132,996,0,4,1.0,1.0
133,996,0,4,1.0,1.0
134,996,0,4,1.0,1.0
135,996,0,4,1.0,1.0
136,996,0,4,1.0,1.0
137,996,0,4,1.0,1.0
138,996,0,4,1.0,1.0
139,996,0,4,1.0,1.0
140,996,0,4,1.0,1.0
141,996,0,4,1.0,1.0
142,996,0,4,1.0,1.0
143,996,0,4,1.0,1.0
144,996,0,4,1.0,1.0
145,996,0,4,1.0,1.0
146,996,0,4,1.0,1.0
147,996,0,4,1.0,1.0
148,996,0,4,1.0,1.0
149,996,0,4,1.0,1.0
150,996,0,4,1.0,1.0
151,996,0,4,1.0,1.0
152,996,0,4,1.0,1.0
153,996,0,4,1.0,1.0
154,996,0,4,1.0,1.0
155,996,0,4,1.0,1.0
156,996,0,4,1.0,1.0
157,996,0,4,1.0,1.0
158,996,0,4,1.0,1.0
159,996,0,4,1.0,1.0
160,996,0,4,1.0,1.0
161,996,0,4,1.0,1.0
162,996,0,4,1.0,1.0
163,996,0,4,1.0,1.0
164,996,0,4,1.0,1.0
165,996,0,4,1.0,1.0
166,996,0,4,1.0,1.0
167,996,0,4,1.0,1.0
168,996,0,4,1.0,1.0
169,996,0,4,1.0,1.0
170,996,0,4,1.0,1.0
171,996,0,4,1.0,1.0
172,996,0,4,1.0,1.0
173,996,0,4,1.0,1.0
174,996,0,4,1.0,1.0
175,996,0,4,1.0,1.0
176,996,0,4,1.0,1.0
177,996,0,4,1.0,1.0
178,996,0,4,1.0,1.0
179,996,0,4,1.0,1.0
180,996,0,4,1.0,1.0
181,996,0,4,1.0,1.0
182,996,0,4,1.0,1.0
183,996,0,4,1.0,1.0
184,996,0,4,1.0,1.0
185,996,0,4,1.0,1.0
186,996,0,4,1.0,1.0
187,996,0,4,1.0,1.0
188,996,0,4,1.0,1.0
189,996,0,4,1.0,1.0
190,996,0,4,1.0,1.0
191,996,0,4,1.0,1.0
192,996,0,4,1.0,1.0
193,996,0,4,1.0,1.0
194,996,0,4,1.0,1.0
195,996,0,4,1.0,1.0
196,996,0,4,1.0,1.0
197,996,0,4,1.0,1.0
198,996,0,4,1.0,1.0
199,996,0,4,1.0,1.0
200,996,0,4,1.0,1.0
1,998,2,0,0.9995,0.999749498997996
2,998,2,0,0.9995,0.999749498997996
3,998,2,0,0.9995,0.999749498997996
4,998,2,0,0.9995,0.999749498997996
5,998,2,0,0.9995,0.999749498997996
6,997,2,1,0.9995,0.9997492477432297
7,997,2,1,0.9995,0.9997492477432297
8,997,2,1,0.9995,0.9997492477432297
9,997,2,1,0.9995,0.9997492477432297
10,997,2,1,0.9995,0.9997492477432297
11,997,2,1,0.9995,0.9997492477432297
12,997,2,1,0.9995,0.9997492477432297
13,997,2,1,0.9995,0.9997492477432297
14,996,3,1,0.9995,0.9997489959839357
15,996,3,1,0.9995,0.9997489959839357
16,996,3,1,0.9995,0.9997489959839357
17,996,3,1,0.9995,0.9997489959839357
18,996,3,1,0.9995,0.9997489959839357
19,996,3,1,0.9995,0.9997489959839357
20,996,2,2,0.9995,0.9997489959839357
21,996,2,2,0.9995,0.9997489959839357
22,996,2,2,0.9995,0.9997489959839357
23,996,2,2,0.9995,0.9997489959839357
24,996,2,2,0.9995,0.9997489959839357
25,996,2,2,0.9995,0.9997489959839357
26,996,2,2,0.9995,0.9997489959839357
27,996,2,2,0.9995,0.9997489959839357
28,996,2,2,0.9995,0.9997489959839357
29,996,2,2,0.9995,0.9997489959839357
30,996,2,2,0.9995,0.9997489959839357
31,996,2,2,0.9995,0.9997489959839357
32,996,2,2,0.9995,0.9997489959839357
33,996,2,2,0.9995,0.9997489959839357
34,996,2,2,0.9995,0.9997489959839357
35,996,2,2,0.9995,0.9997489959839357
36,996,2,2,0.9995,0.9997489959839357
37,996,2,2,0.9995,0.9997489959839357
38,996,2,2,0.9995,0.9997489959839357
39,996,2,2,0.9995,0.9997489959839357
40,996,1,3,1.0,1.0
41,996,1,3,1.0,1.0
42,996,1,3,1.0,1.0
43,996,1,3,1.0,1.0
44,996,1,3,1.0,1.0
45,996,1,3,1.0,1.0
46,996,0,4,1.0,1.0
47,996,0,4,1.0,1.0
48,996,0,4,1.0,1.0
49,996,0,4,1.0,1.0
50,996,0,4,1.0,1.0
51,996,0,4,1.0,1.0
52,996,0,4,1.0,1.0
53,996,0,4,1.0,1.0
54,996,0,4,1.0,1.0
55,996,0,4,1.0,1.0
56,996,0,4,1.0,1.0
57,996,0,4,1.0,1.0
58,996,0,4,1.0,1.0
59,996,0,4,1.0,1.0
60,996,0,4,1.0,1.0
61,996,0,4,1.0,1.0
62,996,0,4,1.0,1.0
63,996,0,4,1.0,1.0
64,996,0,4,1.0,1.0
65,996,0,4,1.0,1.0
66,996,0,4,1.0,1.0
67,996,0,4,1.0,1.0
68,996,0,4,1.0,1.0
69,996,0,4,1.0,1.0
70,996,0,4,1.0,1.0
71,996,0,4,1.0,1.0
72,996,0,4,1.0,1.0
73,996,0,4,1.0,1.0
74,996,0,4,1.0,1.0
75,996,0,4,1.0,1.0
76,996,0,4,1.0,1.0
77,996,0,4,1.0,1.0
78,996,0,4,1.0,1.0
79,996,0,4,1.0,1.0
80,996,0,4,1.0,1.0
81,996,0,4,1.0,1.0
82,996,0,4,1.0,1.0
83,996,0,4,1.0,1.0
84,996,0,4,1.0,1.0
85,996,0,4,1.0,1.0
86,996,0,4,1.0,1.0
87,996,0,4,1.0,1.0
88,996,0,4,1.0,1.0
89,996,0,4,1.0,1.0
90,996,0,4,1.0,1.0
91,996,0,4,1.0,1.0
92,996,0,4,1.0,1.0
93,996,0,4,1.0,1.0
94,996,0,4,1.0,1.0
95,996,0,4,1.0,1.0
96,996,0,4,1.0,1.0
97,996,0,4,1.0,1.0
98,996,0,4,1.0,1.0
99,996,0,4,1.0,1.0
100,996,0,4,1.0,1.0
101,996,0,4,1.0,1.0
102,996,0,4,1.0,1.0
103,996,0,4,1.0,1.0
104,996,0,4,1.0,1.0
105,996,0,4,1.0,1.0
106,996,0,4,1.0,1.0
107,996,0,4,1.0,1.0
108,996,0,4,1.0,1.0
109,996,0,4,1.0,1.0
110,996,0,4,1.0,1.0
111,996,0,4,1.0,1.0
112,996,0,4,1.0,1.0
113,996,0,4,1.0,1.0
114,996,0,4,1.0,1.0
115,996,0,4,1.0,1.0
116,996,0,4,1.0,1.0
117,996,0,4,1.0,1.0
118,996,0,4,1.0,1.0
119,996,0,4,1.0,1.0
120,996,0,4,1.0,1.0
121,996,0,4,1.0,1.0
122,996,0,4,1.0,1.0
123,996,0,4,1.0,1.0
124,996,0,4,1.0,1.0
125,996,0,4,1.0,1.0
126,996,0,4,1.0,1.0
127,996,0,4,1.0,1.0
128,996,0,4,1.0,1.0
129,996,0,4,1.0,1.0
130,996,0,4,1.0,1.0
131,996,0,4,1.0,1.0
132,996,0,4,1.0,1.0
133,996,0,4,1.0,1.0
134,996,0,4,1.0,1.0
135,996,0,4,1.0,1.0
136,996,0,4,1.0,1.0
137,996,0,4,1.0,1.0
138,996,0,4,1.0,1.0
139,996,0,4,1.0,1.0
140,996,0,4,1.0,1.0
141,996,0,4,1.0,1.0
142,996,0,4,1.0,1.0
143,996,0,4,1.0,1.0
144,996,0,4,1.0,1.0
145,996,0,4,1.0,1.0
146,996,0,4,1.0,1.0
147,996,0,4,1.0,1.0
148,996,0,4,1.0,1.0
149,996,0,4,1.0,1.0
150,996,0,4,1.0,1.0
151,996,0,4,1.0,1.0
152,996,0,4,1.0,1.0
153,996,0,4,1.0,1.0
154,996,0,4,1.0,1.0
155,996,0,4,1.0,1.0
156,996,0,4,1.0,1.0
157,996,0,4,1.0,1.0
158,996,0,4,1.0,1.0
159,996,0,4,1.0,1.0
160,996,0,4,1.0,1.0
161,996,0,4,1.0,1.0
162,996,0,4,1.0,1.0
163,996,0,4,1.0,1.0
164,996,0,4,1.0,1.0
165,996,0,4,1.0,1.0
166,996,0,4,1.0,1.0
167,996,0,4,1.0,1.0
168,996,0,4,1.0,1.0
169,996,0,4,1.0,1.0
170,996,0,4,1.0,1.0
171,996,0,4,1.0,1.0
172,996,0,4,1.0,1.0
173,996,0,4,1.0,1.0
174,996,0,4,1.0,1.0
175,996,0,4,1.0,1.0
176,996,0,4,1.0,1.0
177,996,0,4,1.0,1.0
178,996,0,4,1.0,1.0
179,996,0,4,1.0,1.0
180,996,0,4,1.0,1.0
181,996,0,4,1.0,1.0
182,996,0,4,1.0,1.0
183,996,0,4,1.0,1.0
184,996,0,4,1.0,1.0
185,996,0,4,1.0,1.0
186,996,0,4,1.0,1.0
187,996,0,4,1.0,1.0
188,996,0,4,1.0,1.0
189,996,0,4,1.0,1.0
190,996,0,4,1.0,1.0
191,996,0,4,1.0,1.0
192,996,0,4,1.0,1.0
193,996,0,4,1.0,1.0
194,996,0,4,1.0,1.0
195,996,0,4,1.0,1.0
196,996,0,4,1.0,1.0
197,996,0,4,1.0,1.0
198,996,0,4,1.0,1.0
199,996,0,4,1.0,1.0
200,996,0,4,1.0,1.0
1,999,0,1,1.0,1.0
2,999,0,1,1.0,1.0
3,999,0,1,1.0,1.0
4,999,0,1,1.0,1.0
5,999,0,1,1.0,1.0
6,999,0,1,1.0,1.0
7,999,0,1,1.0,1.0
8,999,0,1,1.0,1.0
9,999,0,1,1.0,1.0
10,999,0,1,1.0,1.0
11,999,0,1,1.0,1.0
12,999,0,1,1.0,1.0
13,999,0,1,1.0,1.0
14,999,0,1,1.0,1.0
15,999,0,1,1.0,1.0
16,999,0,1,1.0,1.0
17,999,0,1,1.0,1.0
18,999,0,1,1.0,1.0
19,999,0,1,1.0,1.0
20,999,0,1,1.0,1.0
21,999,0,1,1.0,1.0
22,999,0,1,1.0,1.0
23,999,0,1,1.0,1.0
24,999,0,1,1.0,1.0
25,999,0,1,1.0,1.0
26,999,0,1,1.0,1.0
27,999,0,1,1.0,1.0
28,999,0,1,1.0,1.0
29,999,0,1,1.0,1.0
30,999,0,1,1.0,1.0
31,999,0,1,1.0,1.0
32,999,0,1,1.0,1.0
33,999,0,1,1.0,1.0
34,999,0,1,1.0,1.0
35,999,0,1,1.0,1.0
36,999,0,1,1.0,1.0
37,999,0,1,1.0,1.0
38,999,0,1,1.0,1.0
39,999,0,1,1.0,1.0
40,999,0,1,1.0,1.0
41,999,0,1,1.0,1.0
42,999,0,1,1.0,1.0
43,999,0,1,1.0,1.0
44,999,0,1,1.0,1.0
45,999,0,1,1.0,1.0
46,999,0,1,1.0,1.0
47,999,0,1,1.0,1.0
48,999,0,1,1.0,1.0
49,999,0,1,1.0,1.0
50,999,0,1,1.0,1.0
51,999,0,1,1.0,1.0
52,999,0,1,1.0,1.0
53,999,0,1,1.0,1.0
54,999,0,1,1.0,1.0
55,999,0,1,1.0,1.0
56,999,0,1,1.0,1.0
57,999,0,1,1.0,1.0
58,999,0,1,1.0,1.0
59,999,0,1,1.0,1.0
60,999,0,1,1.0,1.0
61,999,0,1,1.0,1.0
62,999,0,1,1.0,1.0
63,999,0,1,1.0,1.0
64,999,0,1,1.0,1.0
65,999,0,1,1.0,1.0
66,999,0,1,1.0,1.0
67,999,0,1,1.0,1.0
68,999,0,1,1.0,1.0
69,999,0,1,1.0,1.0
70,999,0,1,1.0,1.0
71,999,0,1,1.0,1.0
72,999,0,1,1.0,1.0
73,999,0,1,1.0,1.0
74,999,0,1,1.0,1.0
75,999,0,1,1.0,1.0
76,999,0,1,1.0,1.0
77,999,0,1,1.0,1.0
78,999,0,1,1.0,1.0
79,999,0,1,1.0,1.0
80,999,0,1,1.0,1.0
81,999,0,1,1.0,1.0
82,999,0,1,1.0,1.0
83,999,0,1,1.0,1.0
84,999,0,1,1.0,1.0
85,999,0,1,1.0,1.0
86,999,0,1,1.0,1.0
87,999,0,1,1.0,1.0
88,999,0,1,1.0,1.0
89,999,0,1,1.0,1.0
90,999,0,1,1.0,1.0
91,999,0,1,1.0,1.0
92,999,0,1,1.0,1.0
93,999,0,1,1.0,1.0
94,999,0,1,1.0,1.0
95,999,0,1,1.0,1.0
96,999,0,1,1.0,1.0
97,999,0,1,1.0,1.0
98,999,0,1,1.0,1.0
99,999,0,1,1.0,1.0
100,999,0,1,1.0,1.0
101,999,0,1,1.0,1.0
102,999,0,1,1.0,1.0
103,999,0,1,1.0,1.0
104,999,0,1,1.0,1.0
105,999,0,1,1.0,1.0
106,999,0,1,1.0,1.0
107,999,0,1,1.0,1.0
108,999,0,1,1.0,1.0
109,999,0,1,1.0,1.0
110,999,0,1,1.0,1.0
111,999,0,1,1.0,1.0
112,999,0,1,1.0,1.0
113,999,0,1,1.0,1.0
114,999,0,1,1.0,1.0
115,999,0,1,1.0,1.0
116,999,0,1,1.0,1.0
117,999,0,1,1.0,1.0
118,999,0,1,1.0,1.0
119,999,0,1,1.0,1.0
120,999,0,1,1.0,1.0
121,999,0,1,1.0,1.0
122,999,0,1,1.0,1.0
123,999,0,1,1.0,1.0
124,999,0,1,1.0,1.0
125,999,0,1,1.0,1.0
126,999,0,1,1.0,1.0
127,999,0,1,1.0,1.0
128,999,0,1,1.0,1.0
129,999,0,1,1.0,1.0
130,999,0,1,1.0,1.0
131,999,0,1,1.0,1.0
132,999,0,1,1.0,1.0
133,999,0,1,1.0,1.0
134,999,0,1,1.0,1.0
135,999,0,1,1.0,1.0
136,999,0,1,1.0,1.0
137,999,0,1,1.0,1.0
138,999,0,1,1.0,1.0
139,999,0,1,1.0,1.0
140,999,0,1,1.0,1.0
141,999,0,1,1.0,1.0
142,999,0,1,1.0,1.0
143,999,0,1,1.0,1.0
144,999,0,1,1.0,1.0
145,999,0,1,1.0,1.0
146,999,0,1,1.0,1.0
147,999,0,1,1.0,1.0
148,999,0,1,1.0,1.0
149,999,0,1,1.0,1.0
150,999,0,1,1.0,1.0
151,999,0,1,1.0,1.0
152,999,0,1,1.0,1.0
153,999,0,1,1.0,1.0
154,999,0,1,1.0,1.0
155,999,0,1,1.0,1.0
156,999,0,1,1.0,1.0
157,999,0,1,1.0,1.0
158,999,0,1,1.0,1.0
159,999,0,1,1.0,1.0
160,999,0,1,1.0,1.0
161,999,0,1,1.0,1.0
162,999,0,1,1.0,1.0
163,999,0,1,1.0,1.0
164,999,0,1,1.0,1.0
165,999,0,1,1.0,1.0
166,999,0,1,1.0,1.0
167,999,0,1,1.0,1.0
168,999,0,1,1.0,1.0
169,999,0,1,1.0,1.0
170,999,0,1,1.0,1.0
171,999,0,1,1.0,1.0
172,999,0,1,1.0,1.0
173,999,0,1,1.0,1.0
174,999,0,1,1.0,1.0
175,999,0,1,1.0,1.0
176,999,0,1,1.0,1.0
177,999,0,1,1.0,1.0
178,999,0,1,1.0,1.0
179,999,0,1,1.0,1.0
180,999,0,1,1.0,1.0
181,999,0,1,1.0,1.0
182,999,0,1,1.0,1.0
183,999,0,1,1.0,1.0
184,999,0,1,1.0,1.0
185,999,0,1,1.0,1.0
186,999,0,1,1.0,1.0
187,999,0,1,1.0,1.0
188,999,0,1,1.0,1.0
189,999,0,1,1.0,1.0
190,999,0,1,1.0,1.0
191,999,0,1,1.0,1.0
192,999,0,1,1.0,1.0
193,999,0,1,1.0,1.0
194,999,0,1,1.0,1.0
195,999,0,1,1.0,1.0
196,999,0,1,1.0,1.0
197,999,0,1,1.0,1.0
198,999,0,1,1.0,1.0
199,999,0,1,1.0,1.0
200,999,0,1,1.0,1.0
1,999,1,0,1.0,1.0
2,999,1,0,1.0,1.0
3,999,1,0,1.0,1.0
4,999,1,0,1.0,1.0
5,999,1,0,1.0,1.0
6,999,1,0,1.0,1.0
7,999,1,0,1.0,1.0
8,999,1,0,1.0,1.0
9,999,1,0,1.0,1.0
10,999,1,0,1.0,1.0
11,998,2,0,0.999,0.999498997995992
12,997,3,0,0.9995,0.9997492477432297
13,997,3,0,0.9995,0.9997492477432297
14,997,3,0,0.9995,0.9997492477432297
15,997,3,0,0.9995,0.9997492477432297
16,997,3,0,0.9995,0.9997492477432297
17,997,3,0,0.9995,0.9997492477432297
18,997,2,1,0.9995,0.9997492477432297
19,997,2,1,0.9995,0.9997492477432297
20,997,2,1,0.9995,0.9997492477432297
21,997,2,1,0.9995,0.9997492477432297
22,997,2,1,0.9995,0.9997492477432297
23,996,3,1,0.999,0.9994979919678715
24,996,2,2,0.9995,0.9997489959839357
25,996,2,2,0.9995,0.9997489959839357
26,996,2,2,0.9995,0.9997489959839357
27,996,2,2,0.9995,0.9997489959839357
28,994,4,2,0.9995,0.9997484909456741
29,994,4,2,0.9995,0.9997484909456741
30,994,4,2,0.9995,0.9997484909456741
31,994,4,2,0.9995,0.9997484909456741
32,994,4,2,0.9995,0.9997484909456741
33,994,4,2,0.9995,0.9997484909456741
34,994,4,2,0.9995,0.9997484909456741
35,993,4,3,0.9995,0.9997482376636455
36,993,3,4,0.9995,0.9997482376636455
37,993,3,4,0.9995,0.9997482376636455
38,993,3,4,0.9995,0.9997482376636455
39,993,3,4,0.9995,0.9997482376636455
40,993,3,4,0.9995,0.9997482376636455
41,993,3,4,0.9995,0.9997482376636455
42,993,3,4,0.9995,0.9997482376636455
43,993,3,4,0.9995,0.9997482376636455
44,993,2,5,1.0,1.0
45,993,2,5,1.0,1.0
46,993,2,5,1.0,1.0
47,993,2,5,1.0,1.0
48,992,3,5,1.0,1.0
49,992,3,5,1.0,1.0
50,992,3,5,1.0,1.0
51,992,3,5,1.0,1.0
52,992,3,5,1.0,1.0
53,992,3,5,1.0,1.0
54,992,3,5,1.0,1.0
55,992,3,5,1.0,1.0
56,992,3,5,1.0,1.0
57,992,3,5,1.0,1.0
58,992,3,5,1.0,1.0
59,992,3,5,1.0,1.0
60,992,3,5,1.0,1.0
61,992,2,6,1.0,1.0
62,992,2,6,1.0,1.0
63,992,2,6,1.0,1.0
64,992,2,6,1.0,1.0
65,992,2,6,1.0,1.0
66,992,2,6,1.0,1.0
67,992,2,6,1.0,1.0
68,991,2,7,1.0,1.0
69,991,2,7,1.0,1.0
70,990,2,8,0.9995,0.9997979797979798
71,990,2,8,0.9995,0.9997979797979798
72,990,2,8,0.9995,0.9997979797979798
73,990,2,8,0.9995,0.9997979797979798
74,990,2,8,0.9995,0.9997979797979798
75,989,3,8,0.999,0.9995955510616785
76,989,3,8,0.999,0.9995955510616785
77,989,2,9,0.9995,0.9997977755308392
78,989,1,10,1.0,1.0
79,989,1,10,1.0,1.0
80,989,1,10,1.0,1.0
81,989,1,10,1.0,1.0
82,989,1,10,1.0,1.0
83,989,1,10,1.0,1.0
84,989,1,10,1.0,1.0
85,989,1,10,1.0,1.0
86,989,1,10,1.0,1.0
87,988,2,10,1.0,1.0
88,988,2,10,1.0,1.0
89,988,2,10,1.0,1.0
90,988,1,11,1.0,1.0
91,988,1,11,1.0,1.0
92,988,1,11,1.0,1.0
93,988,1,11,1.0,1.0
94,988,1,11,1.0,1.0
95,988,1,11,1.0,1.0
96,988,1,11,1.0,1.0
97,988,1,11,1.0,1.0
98,988,1,11,1.0,1.0
99,988,1,11,1.0,1.0
100,988,1,11,1.0,1.0
101,988,1,11,1.0,1.0
102,988,1,11,1.0,1.0
103,988,1,11,1.0,1.0
104,988,1,11,1.0,1.0
105,988,1,11,1.0,1.0
106,988,1,11,1.0,1.0
107,988,1,11,1.0,1.0
108,988,1,11,1.0,1.0
109,988,1,11,1.0,1.0
110,988,1,11,1.0,1.0
111,988,1,11,1.0,1.0
112,988,1,11,1.0,1.0
113,988,1,11,1.0,1.0
114,988,1,11,1.0,1.0
115,988,1,11,1.0,1.0
116,988,1,11,1.0,1.0
117,988,1,11,1.0,1.0
118,988,1,11,1.0,1.0
119,988,1,11,1.0,1.0
120,988,1,11,1.0,1.0
121,988,1,11,1.0,1.0
122,988,1,11,1.0,1.0
123,988,1,11,1.0,1.0
124,988,1,11,1.0,1.0
125,988,1,11,1.0,1.0
126,988,1,11,1.0,1.0
127,988,1,11,1.0,1.0
128,988,1,11,1.0,1.0
129,988,1,11,1.0,1.0
130,988,1,11,1.0,1.0
131,988,1,11,1.0,1.0
132,988,1,11,1.0,1.0
133,988,1,11,1.0,1.0
134,988,1,11,1.0,1.0
135,988,1,11,1.0,1.0
136,988,0,12,1.0,1.0
137,988,0,12,1.0,1.0
138,988,0,12,1.0,1.0
139,988,0,12,1.0,1.0
140,988,0,12,1.0,1.0
141,988,0,12,1.0,1.0
142,988,0,12,1.0,1.0
143,988,0,12,1.0,1.0
144,988,0,12,1.0,1.0
145,988,0,12,1.0,1.0
146,988,0,12,1.0,1.0
147,988,0,12,1.0,1.0
148,988,0,12,1.0,1.0
149,988,0,12,1.0,1.0
150,988,0,12,1.0,1.0
151,988,0,12,1.0,1.0
152,988,0,12,1.0,1.0
153,988,0,12,1.0,1.0
154,988,0,12,1.0,1.0
155,988,0,12,1.0,1.0
156,988,0,12,1.0,1.0
157,988,0,12,1.0,1.0
158,988,0,12,1.0,1.0
159,988,0,12,1.0,1.0
160,988,0,12,1.0,1.0
161,988,0,12,1.0,1.0
162,988,0,12,1.0,1.0
163,988,0,12,1.0,1.0
164,988,0,12,1.0,1.0
165,988,0,12,1.0,1.0
166,988,0,12,1.0,1.0
167,988,0,12,1.0,1.0
168,988,0,12,1.0,1.0
169,988,0,12,1.0,1.0
170,988,0,12,1.0,1.0
171,988,0,12,1.0,1.0
172,988,0,12,1.0,1.0
173,988,0,12,1.0,1.0
174,988,0,12,1.0,1.0
175,988,0,12,1.0,1.0
176,988,0,12,1.0,1.0
177,988,0,12,1.0,1.0
178,988,0,12,1.0,1.0
179,988,0,12,1.0,1.0
180,988,0,12,1.0,1.0
181,988,0,12,1.0,1.0
182,988,0,12,1.0,1.0
183,988,0,12,1.0,1.0
184,988,0,12,1.0,1.0
185,988,0,12,1.0,1.0
186,988,0,12,1.0,1.0
187,988,0,12,1.0,1.0
188,988,0,12,1.0,1.0
189,988,0,12,1.0,1.0
190,988,0,12,1.0,1.0
191,988,0,12,1.0,1.0
192,988,0,12,1.0,1.0
193,988,0,12,1.0,1.0
194,988,0,12,1.0,1.0
195,988,0,12,1.0,1.0
196,988,0,12,1.0,1.0
197,988,0,12,1.0,1.0
198,988,0,12,1.0,1.0
199,988,0,12,1.0,1.0
200,988,0,12,1.0,1.0
1,999,1,0,1.0,1.0
2,999,1,0,1.0,1.0
3,999,1,0,1.0,1.0
4,999,1,0,1.0,1.0
5,999,1,0,1.0,1.0
6,999,1,0,1.0,1.0
7,999,1,0,1.0,1.0
8,999,1,0,1.0,1.0
9,998,2,0,0.999,0.999498997995992
10,998,2,0,0.999,0.999498997995992
11,998,2,0,0.999,0.999498997995992
12,998,2,0,0.999,0.999498997995992
13,997,3,0,0.999,0.9994984954864594
14,997,3,0,0.999,0.9994984954864594
15,997,3,0,0.999,0.9994984954864594
16,996,4,0,0.9985,0.9992469879518072
17,996,4,0,0.9985,0.9992469879518072
18,996,4,0,0.9985,0.9992469879518072
19,996,4,0,0.9985,0.9992469879518072
20,996,4,0,0.9985,0.9992469879518072
21,996,4,0,0.9985,0.9992469879518072
22,996,4,0,0.9985,0.9992469879518072
23,996,3,1,0.9995,0.9997489959839357
24,996,3,1,0.9995,0.9997489959839357
25,994,4,2,0.9985,0.9992454728370221
26,994,4,2,0.9985,0.9992454728370221
27,994,4,2,0.9985,0.9992454728370221
28,994,4,2,0.9985,0.9992454728370221
29,994,4,2,0.9985,0.9992454728370221
30,994,3,3,0.999,0.9994969818913481
31,993,4,3,0.9995,0.9997482376636455
32,993,3,4,0.9995,0.9997482376636455
33,993,3,4,0.9995,0.9997482376636455
34,993,3,4,0.9995,0.9997482376636455
35,993,3,4,0.9995,0.9997482376636455
36,993,3,4,0.9995,0.9997482376636455
37,993,3,4,0.9995,0.9997482376636455
38,993,3,4,0.9995,0.9997482376636455
39,993,3,4,0.9995,0.9997482376636455
40,993,3,4,0.9995,0.9997482376636455
41,993,2,5,0.9995,0.9997482376636455
42,993,2,5,0.9995,0.9997482376636455
43,992,3,5,1.0,1.0
44,992,2,6,1.0,1.0
45,991,3,6,1.0,1.0
46,991,3,6,1.0,1.0
47,991,3,6,1.0,1.0
48,991,3,6,1.0,1.0
49,991,3,6,1.0,1.0
50,990,4,6,0.999,0.9994949494949495
51,988,6,6,0.9995,0.999746963562753
52,986,8,6,0.999,0.9994929006085193
53,983,11,6,0.9975,0.9986436080027128
54,982,12,6,0.9965,0.9981330617786829
55,981,12,7,0.9955,0.9975365273530411
56,979,14,7,0.9955,0.997531494722506
57,979,13,8,0.996,0.9977868573374191
58,979,13,8,0.996,0.9977868573374191
59,978,12,10,0.997,0.9983810497614178
60,978,12,10,0.997,0.9983810497614178
61,978,12,10,0.997,0.9983810497614178
62,977,13,10,0.997,0.9983793926987375
63,977,12,11,0.997,0.9983793926987375
64,977,11,12,0.997,0.9983793926987375
65,977,7,16,0.9985,0.9992323439099283
66,977,7,16,0.9985,0.9992323439099283
67,977,7,16,0.9985,0.9992323439099283
68,977,7,16,0.9985,0.9992323439099283
69,977,6,17,0.9985,0.9992323439099283
70,977,6,17,0.9985,0.9992323439099283
71,977,6,17,0.9985,0.9992323439099283
72,977,6,17,0.9985,0.9992323439099283
73,976,7,17,0.9985,0.9992315573770492
74,976,7,17,0.9985,0.9992315573770492
75,976,7,17,0.9985,0.9992315573770492
76,976,7,17,0.9985,0.9992315573770492
77,976,7,17,0.9985,0.9992315573770492
78,976,7,17,0.9985,0.9992315573770492
79,976,7,17,0.9985,0.9992315573770492
80,976,6,18,0.999,0.9994877049180327
81,976,6,18,0.999,0.9994877049180327
82,976,6,18,0.999,0.9994877049180327
83,976,6,18,0.999,0.9994877049180327
84,976,6,18,0.999,0.9994877049180327
85,976,5,19,0.999,0.9994877049180327
86,976,5,19,0.999,0.9994877049180327
87,976,5,19,0.999,0.9994877049180327
88,976,3,21,0.9995,0.9997438524590164
89,976,3,21,0.9995,0.9997438524590164
90,975,4,21,0.9995,0.9997435897435898
91,975,4,21,0.9995,0.9997435897435898
92,975,3,22,1.0,1.0
93,975,2,23,1.0,1.0
94,975,2,23,1.0,1.0
95,975,2,23,1.0,1.0
96,975,2,23,1.0,1.0
97,975,1,24,1.0,1.0
98,975,1,24,1.0,1.0
99,975,1,24,1.0,1.0
100,975,1,24,1.0,1.0
101,975,1,24,1.0,1.0
102,975,1,24,1.0,1.0
103,975,1,24,1.0,1.0
104,975,1,24,1.0,1.0
105,975,1,24,1.0,1.0
106,975,1,24,1.0,1.0
107,975,1,24,1.0,1.0
108,975,1,24,1.0,1.0
109,975,1,24,1.0,1.0
110,975,1,24,1.0,1.0
111,975,0,25,1.0,1.0
112,975,0,25,1.0,1.0
113,975,0,25,1.0,1.0
114,975,0,25,1.0,1.0
115,975,0,25,1.0,1.0
116,975,0,25,1.0,1.0
117,975,0,25,1.0,1.0
118,975,0,25,1.0,1.0
119,975,0,25,1.0,1.0
120,975,0,25,1.0,1.0
121,975,0,25,1.0,1.0
122,975,0,25,1.0,1.0
123,975,0,25,1.0,1.0
124,975,0,25,1.0,1.0
125,975,0,25,1.0,1.0
126,975,0,25,1.0,1.0
127,975,0,25,1.0,1.0
128,975,0,25,1.0,1.0
129,975,0,25,1.0,1.0
130,975,0,25,1.0,1.0
131,975,0,25,1.0,1.0
132,975,0,25,1.0,1.0
133,975,0,25,1.0,1.0
134,975,0,25,1.0,1.0
135,975,0,25,1.0,1.0
136,975,0,25,1.0,1.0
137,975,0,25,1.0,1.0
138,975,0,25,1.0,1.0
139,975,0,25,1.0,1.0
140,975,0,25,1.0,1.0
141,975,0,25,1.0,1.0
142,975,0,25,1.0,1.0
143,975,0,25,1.0,1.0
144,975,0,25,1.0,1.0
145,975,0,25,1.0,1.0
146,975,0,25,1.0,1.0
147,975,0,25,1.0,1.0
148,975,0,25,1.0,1.0
149,975,0,25,1.0,1.0
150,975,0,25,1.0,1.0
151,975,0,25,1.0,1.0
152,975,0,25,1.0,1.0
153,975,0,25,1.0,1.0
154,975,0,25,1.0,1.0
155,975,0,25,1.0,1.0
156,975,0,25,1.0,1.0
157,975,0,25,1.0,1.0
158,975,0,25,1.0,1.0
159,975,0,25,1.0,1.0
160,975,0,25,1.0,1.0
161,975,0,25,1.0,1.0
162,975,0,25,1.0,1.0
163,975,0,25,1.0,1.0
164,975,0,25,1.0,1.0
165,975,0,25,1.0,1.0
166,975,0,25,1.0,1.0
167,975,0,25,1.0,1.0
168,975,0,25,1.0,1.0
169,975,0,25,1.0,1.0
170,975,0,25,1.0,1.0
171,975,0,25,1.0,1.0
172,975,0,25,1.0,1.0
173,975,0,25,1.0,1.0
174,975,0,25,1.0,1.0
175,975,0,25,1.0,1.0
176,975,0,25,1.0,1.0
177,975,0,25,1.0,1.0
178,975,0,25,1.0,1.0
179,975,0,25,1.0,1.0
180,975,0,25,1.0,1.0
181,975,0,25,1.0,1.0
182,975,0,25,1.0,1.0
183,975,0,25,1.0,1.0
184,975,0,25,1.0,1.0
185,975,0,25,1.0,1.0
186,975,0,25,1.0,1.0
187,975,0,25,1.0,1.0
188,975,0,25,1.0,1.0
189,975,0,25,1.0,1.0
190,975,0,25,1.0,1.0
191,975,0,25,1.0,1.0
192,975,0,25,1.0,1.0
193,975,0,25,1.0,1.0
194,975,0,25,1.0,1.0
195,975,0,25,1.0,1.0
196,975,0,25,1.0,1.0
197,975,0,25,1.0,1.0
198,975,0,25,1.0,1.0
199,975,0,25,1.0,1.0
200,975,0,25,1.0,1.0
1,999,1,0,1.0,1.0
2,998,2,0,1.0,1.0
3,998,2,0,1.0,1.0
4,998,2,0,1.0,1.0
5,998,2,0,1.0,1.0
6,998,2,0,1.0,1.0
7,998,2,0,1.0,1.0
8,998,2,0,1.0,1.0
9,998,2,0,1.0,1.0
10,998,2,0,1.0,1.0
11,998,2,0,1.0,1.0
12,998,2,0,1.0,1.0
13,998,2,0,1.0,1.0
14,997,3,0,0.9985,0.9992477432296891
15,997,2,1,1.0,1.0
16,996,3,1,0.9995,0.9997489959839357
17,996,3,1,0.9995,0.9997489959839357
18,996,3,1,0.9995,0.9997489959839357
19,996,3,1,0.9995,0.9997489959839357
20,996,3,1,0.9995,0.9997489959839357
21,996,3,1,0.9995,0.9997489959839357
22,996,3,1,0.9995,0.9997489959839357
23,996,3,1,0.9995,0.9997489959839357
24,996,3,1,0.9995,0.9997489959839357
25,996,3,1,0.9995,0.9997489959839357
26,996,3,1,0.9995,0.9997489959839357
27,996,2,2,0.9995,0.9997489959839357
28,996,2,2,0.9995,0.9997489959839357
29,996,2,2,0.9995,0.9997489959839357
30,995,3,2,0.999,0.9994974874371859
31,995,3,2,0.999,0.9994974874371859
32,995,3,2,0.999,0.9994974874371859
33,995,3,2,0.999,0.9994974874371859
34,995,3,2,0.999,0.9994974874371859
35,995,3,2,0.999,0.9994974874371859
36,995,3,2,0.999,0.9994974874371859
37,994,4,2,0.9985,0.9992454728370221
38,994,4,2,0.9985,0.9992454728370221
39,994,4,2,0.9985,0.9992454728370221
40,992,6,2,0.9985,0.9992439516129032
41,992,6,2,0.9985,0.9992439516129032
42,992,6,2,0.9985,0.9992439516129032
43,991,7,2,0.999,0.9994954591321897
44,991,7,2,0.999,0.9994954591321897
45,991,7,2,0.999,0.9994954591321897
46,991,7,2,0.999,0.9994954591321897
47,990,8,2,0.999,0.9994949494949495
48,990,8,2,0.999,0.9994949494949495
49,990,8,2,0.999,0.9994949494949495
50,990,8,2,0.999,0.9994949494949495
51,990,8,2,0.999,0.9994949494949495
52,990,8,2,0.999,0.9994949494949495
53,990,8,2,0.999,0.9994949494949495
54,990,8,2,0.999,0.9994949494949495
55,989,9,2,0.9985,0.9992416582406471
56,989,9,2,0.9985,0.9992416582406471
57,989,9,2,0.9985,0.9992416582406471
58,989,9,2,0.9985,0.9992416582406471
59,989,8,3,0.999,0.9994944388270981
60,989,8,3,0.999,0.9994944388270981
61,989,8,3,0.999,0.9994944388270981
62,989,8,3,0.999,0.9994944388270981
63,988,9,3,0.999,0.9994939271255061
64,988,9,3,0.999,0.9994939271255061
65,988,9,3,0.999,0.9994939271255061
66,988,9,3,0.999,0.9994939271255061
67,987,10,3,0.9985,0.9992401215805471
68,986,10,4,0.998,0.9989858012170385
69,985,11,4,0.998,0.9989847715736041
70,984,12,4,0.9975,0.9986449864498644
71,982,14,4,0.9965,0.9981330617786829
72,982,12,6,0.9975,0.9986422267481331
73,981,13,6,0.9975,0.9986408426775399
74,980,14,6,0.9975,0.9986394557823128
75,979,15,6,0.9975,0.9986380660537963
76,979,15,6,0.9975,0.9986380660537963
77,978,16,6,0.9985,0.999147920927062
78,977,16,7,0.999,0.9994882292732856
79,976,17,7,0.999,0.9994877049180327
80,974,17,9,0.9995,0.9997433264887063
81,971,19,10,0.9985,0.9992276004119465
82,969,21,10,0.998,0.9989680082559339
83,968,22,10,0.9975,0.9987603305785123
84,967,23,10,0.9975,0.9987590486039296
85,965,22,13,0.997,0.9984974093264248
86,963,23,14,0.9965,0.9982866043613707
87,963,23,14,0.9965,0.9982866043613707
88,960,25,15,0.9965,0.99828125
89,958,26,16,0.996,0.9980167014613779
90,957,25,18,0.995,0.9975444096133752
91,955,26,19,0.994,0.9970157068062828
92,954,26,20,0.9935,0.9968029350104822
93,951,27,22,0.994,0.9970031545741326
94,949,28,23,0.9935,0.9967334035827188
95,948,29,23,0.993,0.9964662447257385
96,946,29,25,0.9925,0.9961945031712475
97,944,29,27,0.9925,0.9961334745762712
98,943,29,28,0.993,0.9963944856839873
99,943,26,31,0.9945,0.997136797454931
100,940,29,31,0.9925,0.9960283687943262
101,939,29,32,0.993,0.9962903798367057
102,937,29,34,0.9955,0.9977054429028815
103,936,28,36,0.995,0.9974358974358974
104,935,28,37,0.995,0.9974331550802139
105,935,27,38,0.995,0.9974331550802139
106,933,29,38,0.996,0.9979635584137192
107,933,29,38,0.996,0.9979635584137192
108,933,28,39,0.996,0.9979635584137192
109,930,30,40,0.9955,0.9976344086021505
110,929,30,41,0.996,0.9979547900968784
111,928,29,43,0.997,0.9983836206896551
112,928,26,46,0.9975,0.9986530172413793
113,928,25,47,0.9975,0.9986530172413793
114,926,25,49,0.998,0.9989200863930886
115,926,24,50,0.998,0.9989200863930886
116,925,25,50,0.998,0.9989189189189189
117,924,25,51,0.9975,0.9986471861471862
118,923,26,51,0.997,0.9983748645720477
119,922,25,53,0.997,0.9983731019522777
120,922,22,56,0.997,0.9983731019522777
121,922,22,56,0.997,0.9983731019522777
122,921,21,58,0.997,0.998371335504886
123,920,20,60,0.9975,0.998641304347826
124,919,19,62,0.998,0.998911860718172
125,918,20,62,0.998,0.9989106753812637
126,917,21,62,0.998,0.9989094874591058
127,917,19,64,0.998,0.9989094874591058
128,915,20,65,0.997,0.9983606557377049
129,913,21,66,0.9975,0.9986308871851041
130,913,21,66,0.9975,0.9986308871851041
131,911,22,67,0.9975,0.9986278814489572
132,910,19,71,0.998,0.9989010989010989
133,910,19,71,0.998,0.9989010989010989
134,909,17,74,0.9985,0.9991749174917491
135,908,17,75,0.998,0.998898678414097
136,907,16,77,0.9985,0.9991730981256891
137,906,16,78,0.9985,0.9991721854304636
138,905,17,78,0.9985,0.9991712707182321
139,903,16,81,0.9985,0.9991694352159468
140,903,16,81,0.9985,0.9991694352159468
141,903,15,82,0.9985,0.9991694352159468
142,903,13,84,0.9985,0.9991694352159468
143,902,14,84,0.9985,0.9991685144124168
144,902,14,84,0.9985,0.9991685144124168
145,902,12,86,0.9985,0.9991685144124168
146,901,13,86,0.9985,0.9991675915649278
147,901,12,87,0.9985,0.9991675915649278
148,901,12,87,0.9985,0.9991675915649278
149,900,13,87,0.9985,0.9991666666666666
150,900,13,87,0.9985,0.9991666666666666
151,899,13,88,0.999,0.9994438264738599
152,898,13,89,0.9985,0.9991648106904232
153,898,13,89,0.9985,0.9991648106904232
154,898,13,89,0.9985,0.9991648106904232
155,898,12,90,0.9995,0.9997216035634744
156,898,11,91,1.0,1.0
157,897,11,92,1.0,1.0
158,896,9,95,0.9995,0.9997209821428571
159,895,10,95,0.9985,0.9991620111731844
160,894,10,96,0.999,0.9993475018642803
161,893,11,96,0.999,0.9993467711832773
162,893,11,96,0.999,0.9993467711832773
163,892,12,96,0.9985,0.9990657698056801
164,892,12,96,0.9985,0.9990657698056801
165,892,12,96,0.9985,0.9990657698056801
166,891,13,96,0.999,0.999438832772166
167,891,13,96,0.999,0.999438832772166
168,891,12,97,0.999,0.999438832772166
169,891,12,97,0.999,0.999438832772166
170,891,12,97,0.999,0.999438832772166
171,891,10,99,0.9995,0.9997194163860831
172,889,11,100,0.999,0.9994938132733407
173,889,11,100,0.999,0.9994938132733407
174,889,11,100,0.999,0.9994938132733407
175,889,11,100,0.999,0.9994938132733407
176,888,11,101,0.999,0.9994932432432432
177,887,11,102,0.9995,0.9997745208568207
178,886,12,102,0.9995,0.9997742663656884
179,886,12,102,0.9995,0.9997742663656884
180,886,11,103,0.9995,0.9997742663656884
181,886,10,104,0.9995,0.9997742663656884
182,885,11,104,0.999,0.9995480225988701
183,885,10,105,0.999,0.9995480225988701
184,884,11,105,0.999,0.9995475113122172
185,882,12,106,1.0,1.0
186,881,13,106,0.9995,0.9997162315550511
187,881,13,106,0.9995,0.9997162315550511
188,880,14,106,0.9995,0.9997159090909091
189,880,13,107,0.9995,0.9997159090909091
190,880,13,107,0.9995,0.9997159090909091
191,880,11,109,0.9995,0.9997159090909091
192,879,12,109,0.999,0.9994311717861206
193,879,12,109,0.999,0.9994311717861206
194,879,11,110,0.999,0.9994311717861206
195,878,12,110,0.999,0.9994305239179955
196,877,12,111,0.9985,0.9991448118586089
197,876,12,112,0.998,0.9988584474885844
198,876,11,113,0.998,0.9988584474885844
199,876,11,113,0.998,0.9988584474885844
200,876,9,115,0.999,0.9994292237442922
1,999,1,0,1.0,1.0
2,999,1,0,1.0,1.0
3,999,1,0,1.0,1.0
4,999,1,0,1.0,1.0
5,999,1,0,1.0,1.0
6,999,1,0,1.0,1.0
7,998,2,0,0.9995,0.999749498997996
8,998,0,2,1.0,1.0
9,998,0,2,1.0,1.0
10,998,0,2,1.0,1.0
11,998,0,2,1.0,1.0
12,998,0,2,1.0,1.0
13,998,0,2,1.0,1.0
14,998,0,2,1.0,1.0
15,998,0,2,1.0,1.0
16,998,0,2,1.0,1.0
17,998,0,2,1.0,1.0
18,998,0,2,1.0,1.0
19,998,0,2,1.0,1.0
20,998,0,2,1.0,1.0
21,998,0,2,1.0,1.0
22,998,0,2,1.0,1.0
23,998,0,2,1.0,1.0
24,998,0,2,1.0,1.0
25,998,0,2,1.0,1.0
26,998,0,2,1.0,1.0
27,998,0,2,1.0,1.0
28,998,0,2,1.0,1.0
29,998,0,2,1.0,1.0
30,998,0,2,1.0,1.0
31,998,0,2,1.0,1.0
32,998,0,2,1.0,1.0
33,998,0,2,1.0,1.0
34,998,0,2,1.0,1.0
35,998,0,2,1.0,1.0
36,998,0,2,1.0,1.0
37,998,0,2,1.0,1.0
38,998,0,2,1.0,1.0
39,998,0,2,1.0,1.0
40,998,0,2,1.0,1.0
41,998,0,2,1.0,1.0
42,998,0,2,1.0,1.0
43,998,0,2,1.0,1.0
44,998,0,2,1.0,1.0
45,998,0,2,1.0,1.0
46,998,0,2,1.0,1.0
47,998,0,2,1.0,1.0
48,998,0,2,1.0,1.0
49,998,0,2,1.0,1.0
50,998,0,2,1.0,1.0
51,998,0,2,1.0,1.0
52,998,0,2,1.0,1.0
53,998,0,2,1.0,1.0
54,998,0,2,1.0,1.0
55,998,0,2,1.0,1.0
56,998,0,2,1.0,1.0
57,998,0,2,1.0,1.0
58,998,0,2,1.0,1.0
59,998,0,2,1.0,1.0
60,998,0,2,1.0,1.0
61,998,0,2,1.0,1.0
62,998,0,2,1.0,1.0
63,998,0,2,1.0,1.0
64,998,0,2,1.0,1.0
65,998,0,2,1.0,1.0
66,998,0,2,1.0,1.0
67,998,0,2,1.0,1.0
68,998,0,2,1.0,1.0
69,998,0,2,1.0,1.0
70,998,0,2,1.0,1.0
71,998,0,2,1.0,1.0
72,998,0,2,1.0,1.0
73,998,0,2,1.0,1.0
74,998,0,2,1.0,1.0
75,998,0,2,1.0,1.0
76,998,0,2,1.0,1.0
77,998,0,2,1.0,1.0
78,998,0,2,1.0,1.0
79,998,0,2,1.0,1.0
80,998,0,2,1.0,1.0
81,998,0,2,1.0,1.0
82,998,0,2,1.0,1.0
83,998,0,2,1.0,1.0
84,998,0,2,1.0,1.0
85,998,0,2,1.0,1.0
86,998,0,2,1.0,1.0
87,998,0,2,1.0,1.0
88,998,0,2,1.0,1.0
89,998,0,2,1.0,1.0
90,998,0,2,1.0,1.0
91,998,0,2,1.0,1.0
92,998,0,2,1.0,1.0
93,998,0,2,1.0,1.0
94,998,0,2,1.0,1.0
95,998,0,2,1.0,1.0
96,998,0,2,1.0,1.0
97,998,0,2,1.0,1.0
98,998,0,2,1.0,1.0
99,998,0,2,1.0,1.0
100,998,0,2,1.0,1.0
101,998,0,2,1.0,1.0
102,998,0,2,1.0,1.0
103,998,0,2,1.0,1.0
104,998,0,2,1.0,1.0
105,998,0,2,1.0,1.0
106,998,0,2,1.0,1.0
107,998,0,2,1.0,1.0
108,998,0,2,1.0,1.0
109,998,0,2,1.0,1.0
110,998,0,2,1.0,1.0
111,998,0,2,1.0,1.0
112,998,0,2,1.0,1.0
113,998,0,2,1.0,1.0
114,998,0,2,1.0,1.0
115,998,0,2,1.0,1.0
116,998,0,2,1.0,1.0
117,998,0,2,1.0,1.0
118,998,0,2,1.0,1.0
119,998,0,2,1.0,1.0
120,998,0,2,1.0,1.0
121,998,0,2,1.0,1.0
122,998,0,2,1.0,1.0
123,998,0,2,1.0,1.0
124,998,0,2,1.0,1.0
125,998,0,2,1.0,1.0
126,998,0,2,1.0,1.0
127,998,0,2,1.0,1.0
128,998,0,2,1.0,1.0
129,998,0,2,1.0,1.0
130,998,0,2,1.0,1.0
131,998,0,2,1.0,1.0
132,998,0,2,1.0,1.0
133,998,0,2,1.0,1.0
134,998,0,2,1.0,1.0
135,998,0,2,1.0,1.0
136,998,0,2,1.0,1.0
137,998,0,2,1.0,1.0
138,998,0,2,1.0,1.0
139,998,0,2,1.0,1.0
140,998,0,2,1.0,1.0
141,998,0,2,1.0,1.0
142,998,0,2,1.0,1.0
143,998,0,2,1.0,1.0
144,998,0,2,1.0,1.0
145,998,0,2,1.0,1.0
146,998,0,2,1.0,1.0
147,998,0,2,1.0,1.0
148,998,0,2,1.0,1.0
149,998,0,2,1.0,1.0
150,998,0,2,1.0,1.0
151,998,0,2,1.0,1.0
152,998,0,2,1.0,1.0
153,998,0,2,1.0,1.0
154,998,0,2,1.0,1.0
155,998,0,2,1.0,1.0
156,998,0,2,1.0,1.0
157,998,0,2,1.0,1.0
158,998,0,2,1.0,1.0
159,998,0,2,1.0,1.0
160,998,0,2,1.0,1.0
161,998,0,2,1.0,1.0
162,998,0,2,1.0,1.0
163,998,0,2,1.0,1.0
164,998,0,2,1.0,1.0
165,998,0,2,1.0,1.0
166,998,0,2,1.0,1.0
167,998,0,2,1.0,1.0
168,998,0,2,1.0,1.0
169,998,0,2,1.0,1.0
170,998,0,2,1.0,1.0
171,998,0,2,1.0,1.0
172,998,0,2,1.0,1.0
173,998,0,2,1.0,1.0
174,998,0,2,1.0,1.0
175,998,0,2,1.0,1.0
176,998,0,2,1.0,1.0
177,998,0,2,1.0,1.0
178,998,0,2,1.0,1.0
179,998,0,2,1.0,1.0
180,998,0,2,1.0,1.0
181,998,0,2,1.0,1.0
182,998,0,2,1.0,1.0
183,998,0,2,1.0,1.0
184,998,0,2,1.0,1.0
185,998,0,2,1.0,1.0
186,998,0,2,1.0,1.0
187,998,0,2,1.0,1.0
188,998,0,2,1.0,1.0
189,998,0,2,1.0,1.0
190,998,0,2,1.0,1.0
191,998,0,2,1.0,1.0
192,998,0,2,1.0,1.0
193,998,0,2,1.0,1.0
194,998,0,2,1.0,1.0
195,998,0,2,1.0,1.0
196,998,0,2,1.0,1.0
197,998,0,2,1.0,1.0
198,998,0,2,1.0,1.0
199,998,0,2,1.0,1.0
200,998,0,2,1.0,1.0
1,999,1,0,1.0,1.0
2,999,1,0,1.0,1.0
3,999,1,0,1.0,1.0
4,999,1,0,1.0,1.0
5,999,1,0,1.0,1.0
6,999,1,0,1.0,1.0
7,998,2,0,0.9995,0.999749498997996
8,998,1,1,1.0,1.0
9,998,1,1,1.0,1.0
10,998,1,1,1.0,1.0
11,998,1,1,1.0,1.0
12,998,1,1,1.0,1.0
13,998,1,1,1.0,1.0
14,998,1,1,1.0,1.0
15,998,0,2,1.0,1.0
16,998,0,2,1.0,1.0
17,998,0,2,1.0,1.0
18,998,0,2,1.0,1.0
19,998,0,2,1.0,1.0
20,998,0,2,1.0,1.0
21,998,0,2,1.0,1.0
22,998,0,2,1.0,1.0
23,998,0,2,1.0,1.0
24,998,0,2,1.0,1.0
25,998,0,2,1.0,1.0
26,998,0,2,1.0,1.0
27,998,0,2,1.0,1.0
28,998,0,2,1.0,1.0
29,998,0,2,1.0,1.0
30,998,0,2,1.0,1.0
31,998,0,2,1.0,1.0
32,998,0,2,1.0,1.0
33,998,0,2,1.0,1.0
34,998,0,2,1.0,1.0
35,998,0,2,1.0,1.0
36,998,0,2,1.0,1.0
37,998,0,2,1.0,1.0
38,998,0,2,1.0,1.0
39,998,0,2,1.0,1.0
40,998,0,2,1.0,1.0
41,998,0,2,1.0,1.0
42,998,0,2,1.0,1.0
43,998,0,2,1.0,1.0
44,998,0,2,1.0,1.0
45,998,0,2,1.0,1.0
46,998,0,2,1.0,1.0
47,998,0,2,1.0,1.0
48,998,0,2,1.0,1.0
49,998,0,2,1.0,1.0
50,998,0,2,1.0,1.0
51,998,0,2,1.0,1.0
52,998,0,2,1.0,1.0
53,998,0,2,1.0,1.0
54,998,0,2,1.0,1.0
55,998,0,2,1.0,1.0
56,998,0,2,1.0,1.0
57,998,0,2,1.0,1.0
58,998,0,2,1.0,1.0
59,998,0,2,1.0,1.0
60,998,0,2,1.0,1.0
61,998,0,2,1.0,1.0
62,998,0,2,1.0,1.0
63,998,0,2,1.0,1.0
64,998,0,2,1.0,1.0
65,998,0,2,1.0,1.0
66,998,0,2,1.0,1.0
67,998,0,2,1.0,1.0
68,998,0,2,1.0,1.0
69,998,0,2,1.0,1.0
70,998,0,2,1.0,1.0
71,998,0,2,1.0,1.0
72,998,0,2,1.0,1.0
73,998,0,2,1.0,1.0
74,998,0,2,1.0,1.0
75,998,0,2,1.0,1.0
76,998,0,2,1.0,1.0
77,998,0,2,1.0,1.0
78,998,0,2,1.0,1.0
79,998,0,2,1.0,1.0
80,998,0,2,1.0,1.0
81,998,0,2,1.0,1.0
82,998,0,2,1.0,1.0
83,998,0,2,1.0,1.0
84,998,0,2,1.0,1.0
85,998,0,2,1.0,1.0
86,998,0,2,1.0,1.0
87,998,0,2,1.0,1.0
88,998,0,2,1.0,1.0
89,998,0,2,1.0,1.0
90,998,0,2,1.0,1.0
91,998,0,2,1.0,1.0
92,998,0,2,1.0,1.0
93,998,0,2,1.0,1.0
94,998,0,2,1.0,1.0
95,998,0,2,1.0,1.0
96,998,0,2,1.0,1.0
97,998,0,2,1.0,1.0
98,998,0,2,1.0,1.0
99,998,0,2,1.0,1.0
100,998,0,2,1.0,1.0
101,998,0,2,1.0,1.0
102,998,0,2,1.0,1.0
103,998,0,2,1.0,1.0
104,998,0,2,1.0,1.0
105,998,0,2,1.0,1.0
106,998,0,2,1.0,1.0
107,998,0,2,1.0,1.0
108,998,0,2,1.0,1.0
109,998,0,2,1.0,1.0
110,998,0,2,1.0,1.0
111,998,0,2,1.0,1.0
112,998,0,2,1.0,1.0
113,998,0,2,1.0,1.0
114,998,0,2,1.0,1.0
115,998,0,2,1.0,1.0
116,998,0,2,1.0,1.0
117,998,0,2,1.0,1.0
118,998,0,2,1.0,1.0
119,998,0,2,1.0,1.0
120,998,0,2,1.0,1.0
121,998,0,2,1.0,1.0
122,998,0,2,1.0,1.0
123,998,0,2,1.0,1.0
124,998,0,2,1.0,1.0
125,998,0,2,1.0,1.0
126,998,0,2,1.0,1.0
127,998,0,2,1.0,1.0
128,998,0,2,1.0,1.0
129,998,0,2,1.0,1.0
130,998,0,2,1.0,1.0
131,998,0,2,1.0,1.0
132,998,0,2,1.0,1.0
133,998,0,2,1.0,1.0
134,998,0,2,1.0,1.0
135,998,0,2,1.0,1.0
136,998,0,2,1.0,1.0
137,998,0,2,1.0,1.0
138,998,0,2,1.0,1.0
139,998,0,2,1.0,1.0
140,998,0,2,1.0,1.0
141,998,0,2,1.0,1.0
142,998,0,2,1.0,1.0
143,998,0,2,1.0,1.0
144,998,0,2,1.0,1.0
145,998,0,2,1.0,1.0
146,998,0,2,1.0,1.0
147,998,0,2,1.0,1.0
148,998,0,2,1.0,1.0
149,998,0,2,1.0,1.0
150,998,0,2,1.0,1.0
151,998,0,2,1.0,1.0
152,998,0,2,1.0,1.0
153,998,0,2,1.0,1.0
154,998,0,2,1.0,1.0
155,998,0,2,1.0,1.0
156,998,0,2,1.0,1.0
157,998,0,2,1.0,1.0
158,998,0,2,1.0,1.0
159,998,0,2,1.0,1.0
160,998,0,2,1.0,1.0
161,998,0,2,1.0,1.0
162,998,0,2,1.0,1.0
163,998,0,2,1.0,1.0
164,998,0,2,1.0,1.0
165,998,0,2,1.0,1.0
166,998,0,2,1.0,1.0
167,998,0,2,1.0,1.0
168,998,0,2,1.0,1.0
169,998,0,2,1.0,1.0
170,998,0,2,1.0,1.0
171,998,0,2,1.0,1.0
172,998,0,2,1.0,1.0
173,998,0,2,1.0,1.0
174,998,0,2,1.0,1.0
175,998,0,2,1.0,1.0
176,998,0,2,1.0,1.0
177,998,0,2,1.0,1.0
178,998,0,2,1.0,1.0
179,998,0,2,1.0,1.0
180,998,0,2,1.0,1.0
181,998,0,2,1.0,1.0
182,998,0,2,1.0,1.0
183,998,0,2,1.0,1.0
184,998,0,2,1.0,1.0
185,998,0,2,1.0,1.0
186,998,0,2,1.0,1.0
187,998,0,2,1.0,1.0
188,998,0,2,1.0,1.0
189,998,0,2,1.0,1.0
190,998,0,2,1.0,1.0
191,998,0,2,1.0,1.0
192,998,0,2,1.0,1.0
193,998,0,2,1.0,1.0
194,998,0,2,1.0,1.0
195,998,0,2,1.0,1.0
196,998,0,2,1.0,1.0
197,998,0,2,1.0,1.0
198,998,0,2,1.0,1.0
199,998,0,2,1.0,1.0
200,998,0,2,1.0,1.0
1,999,1,0,1.0,1.0
2,999,1,0,1.0,1.0
3,999,1,0,1.0,1.0
4,999,1,0,1.0,1.0
5,999,1,0,1.0,1.0
6,999,1,0,1.0,1.0
7,999,1,0,1.0,1.0
8,999,1,0,1.0,1.0
9,999,1,0,1.0,1.0
10,999,1,0,1.0,1.0
11,999,1,0,1.0,1.0
12,999,1,0,1.0,1.0
13,997,3,0,0.9985,0.9992477432296891
14,997,3,0,0.9985,0.9992477432296891
15,997,3,0,0.9985,0.9992477432296891
16,997,3,0,0.9985,0.9992477432296891
17,996,4,0,0.998,0.998995983935743
18,996,4,0,0.998,0.998995983935743
19,995,5,0,0.999,0.9994974874371859
20,995,4,1,0.9995,0.999748743718593
21,995,4,1,0.9995,0.999748743718593
22,994,4,2,0.999,0.9994969818913481
23,993,5,2,0.9985,0.9992950654582075
24,993,4,3,0.999,0.9995468277945619
25,993,4,3,0.999,0.9995468277945619
26,992,4,4,0.9995,0.9997479838709677
27,992,4,4,0.9995,0.9997479838709677
28,992,4,4,0.9995,0.9997479838709677
29,992,3,5,0.9995,0.9997479838709677
30,992,3,5,0.9995,0.9997479838709677
31,992,3,5,0.9995,0.9997479838709677
32,992,3,5,0.9995,0.9997479838709677
33,992,3,5,0.9995,0.9997479838709677
34,992,3,5,0.9995,0.9997479838709677
35,992,3,5,0.9995,0.9997479838709677
36,992,3,5,0.9995,0.9997479838709677
37,992,3,5,0.9995,0.9997479838709677
38,991,4,5,0.9995,0.9997477295660948
39,991,4,5,0.9995,0.9997477295660948
40,991,4,5,0.9995,0.9997477295660948
41,991,4,5,0.9995,0.9997477295660948
42,990,5,5,1.0,1.0
43,990,5,5,1.0,1.0
44,990,5,5,1.0,1.0
45,990,5,5,1.0,1.0
46,990,5,5,1.0,1.0
47,990,5,5,1.0,1.0
48,990,4,6,1.0,1.0
49,990,4,6,1.0,1.0
50,990,4,6,1.0,1.0
51,990,3,7,1.0,1.0
52,990,2,8,1.0,1.0
53,990,2,8,1.0,1.0
54,990,1,9,1.0,1.0
55,990,1,9,1.0,1.0
56,990,1,9,1.0,1.0
57,990,1,9,1.0,1.0
58,990,1,9,1.0,1.0
59,990,1,9,1.0,1.0
60,990,1,9,1.0,1.0
61,990,1,9,1.0,1.0
62,990,1,9,1.0,1.0
63,990,1,9,1.0,1.0
64,990,1,9,1.0,1.0
65,990,1,9,1.0,1.0
66,990,1,9,1.0,1.0
67,990,1,9,1.0,1.0
68,990,1,9,1.0,1.0
69,990,1,9,1.0,1.0
70,990,1,9,1.0,1.0
71,990,1,9,1.0,1.0
72,990,1,9,1.0,1.0
73,990,1,9,1.0,1.0
74,990,1,9,1.0,1.0
75,990,1,9,1.0,1.0
76,990,1,9,1.0,1.0
77,990,1,9,1.0,1.0
78,990,1,9,1.0,1.0
79,990,1,9,1.0,1.0
80,990,1,9,1.0,1.0
81,990,1,9,1.0,1.0
82,990,1,9,1.0,1.0
83,990,1,9,1.0,1.0
84,990,1,9,1.0,1.0
85,990,1,9,1.0,1.0
86,990,1,9,1.0,1.0
87,990,1,9,1.0,1.0
88,990,1,9,1.0,1.0
89,990,1,9,1.0,1.0
90,990,1,9,1.0,1.0
91,990,1,9,1.0,1.0
92,990,1,9,1.0,1.0
93,990,1,9,1.0,1.0
94,990,1,9,1.0,1.0
95,990,1,9,1.0,1.0
96,990,1,9,1.0,1.0
97,990,1,9,1.0,1.0
98,990,1,9,1.0,1.0
99,990,1,9,1.0,1.0
100,990,1,9,1.0,1.0
101,990,1,9,1.0,1.0
102,990,1,9,1.0,1.0
103,990,1,9,1.0,1.0
104,990,1,9,1.0,1.0
105,990,1,9,1.0,1.0
106,990,1,9,1.0,1.0
107,990,1,9,1.0,1.0
108,990,1,9,1.0,1.0
109,990,1,9,1.0,1.0
110,990,1,9,1.0,1.0
111,990,1,9,1.0,1.0
112,990,1,9,1.0,1.0
113,990,1,9,1.0,1.0
114,990,1,9,1.0,1.0
115,990,1,9,1.0,1.0
116,990,1,9,1.0,1.0
117,990,1,9,1.0,1.0
118,990,1,9,1.0,1.0
119,990,1,9,1.0,1.0
120,990,1,9,1.0,1.0
121,990,1,9,1.0,1.0
122,990,1,9,1.0,1.0
123,990,1,9,1.0,1.0
124,990,1,9,1.0,1.0
125,990,1,9,1.0,1.0
126,990,1,9,1.0,1.0
127,990,1,9,1.0,1.0
128,990,1,9,1.0,1.0
129,990,1,9,1.0,1.0
130,990,1,9,1.0,1.0
131,990,1,9,1.0,1.0
132,990,1,9,1.0,1.0
133,990,1,9,1.0,1.0
134,990,1,9,1.0,1.0
135,990,1,9,1.0,1.0
136,990,1,9,1.0,1.0
137,990,1,9,1.0,1.0
138,990,1,9,1.0,1.0
139,990,1,9,1.0,1.0
140,990,1,9,1.0,1.0
141,990,1,9,1.0,1.0
142,990,1,9,1.0,1.0
143,990,1,9,1.0,1.0
144,990,1,9,1.0,1.0
145,990,1,9,1.0,1.0
146,990,1,9,1.0,1.0
147,990,1,9,1.0,1.0
148,990,1,9,1.0,1.0
149,990,1,9,1.0,1.0
150,990,1,9,1.0,1.0
151,990,1,9,1.0,1.0
152,990,1,9,1.0,1.0
153,990,1,9,1.0,1.0
154,990,1,9,1.0,1.0
155,990,1,9,1.0,1.0
156,990,1,9,1.0,1.0
157,990,1,9,1.0,1.0
158,990,1,9,1.0,1.0
159,990,1,9,1.0,1.0
160,990,1,9,1.0,1.0
161,990,1,9,1.0,1.0
162,990,1,9,1.0,1.0
163,990,1,9,1.0,1.0
164,990,1,9,1.0,1.0
165,990,1,9,1.0,1.0
166,990,1,9,1.0,1.0
167,990,1,9,1.0,1.0
168,990,1,9,1.0,1.0
169,990,1,9,1.0,1.0
170,990,1,9,1.0,1.0
171,990,1,9,1.0,1.0
172,990,1,9,1.0,1.0
173,990,1,9,1.0,1.0
174,990,1,9,1.0,1.0
175,990,1,9,1.0,1.0
176,990,1,9,1.0,1.0
177,990,1,9,1.0,1.0
178,990,1,9,1.0,1.0
179,990,1,9,1.0,1.0
180,990,1,9,1.0,1.0
181,990,1,9,1.0,1.0
182,990,1,9,1.0,1.0
183,990,1,9,1.0,1.0
184,990,1,9,1.0,1.0
185,990,1,9,1.0,1.0
186,990,1,9,1.0,1.0
187,990,1,9,1.0,1.0
188,990,1,9,1.0,1.0
189,990,1,9,1.0,1.0
190,990,1,9,1.0,1.0
191,990,1,9,1.0,1.0
192,990,1,9,1.0,1.0
193,990,1,9,1.0,1.0
194,990,1,9,1.0,1.0
195,990,1,9,1.0,1.0
196,990,1,9,1.0,1.0
197,990,1,9,1.0,1.0
198,990,1,9,1.0,1.0
199,990,1,9,1.0,1.0
200,990,0,10,1.0,1.0
1,999,1,0,1.0,1.0
2,998,2,0,0.9995,0.999749498997996
3,998,2,0,0.9995,0.999749498997996
4,996,4,0,0.9985,0.999347389558233
5,996,4,0,0.9985,0.999347389558233
6,996,4,0,0.9985,0.999347389558233
7,996,4,0,0.9985,0.999347389558233
8,995,5,0,0.998,0.9990954773869347
9,995,5,0,0.998,0.9990954773869347
10,994,6,0,0.998,0.9988430583501007
11,994,5,1,0.9985,0.9990442655935613
12,994,5,1,0.9985,0.9990442655935613
13,994,5,1,0.9985,0.9990442655935613
14,994,5,1,0.9985,0.9990442655935613
15,991,8,1,0.9975,0.9985872855701312
16,990,9,1,0.997,0.9983333333333334
17,990,8,2,0.9975,0.9985858585858586
18,990,8,2,0.9975,0.9985858585858586
19,990,8,2,0.9975,0.9985858585858586
20,990,8,2,0.9975,0.9985858585858586
21,990,7,3,0.998,0.9988383838383839
22,990,7,3,0.998,0.9988383838383839
23,988,9,3,0.999,0.9992408906882592
24,987,9,4,0.999,0.9992401215805471
25,987,9,4,0.999,0.9992401215805471
26,987,9,4,0.999,0.9992401215805471
27,987,9,4,0.999,0.9992401215805471
28,987,9,4,0.999,0.9992401215805471
29,987,9,4,0.999,0.9992401215805471
30,986,9,5,0.998,0.9987829614604462
31,985,8,7,0.9985,0.9992893401015228
32,985,8,7,0.9985,0.9992893401015228
33,983,10,7,0.999,0.9995422177009156
34,982,10,8,0.9985,0.9992871690427698
35,982,10,8,0.9985,0.9992871690427698
36,981,11,8,0.9975,0.9986918110771322
37,981,11,8,0.9975,0.9986918110771322
38,981,11,8,0.9975,0.9986918110771322
39,980,12,8,0.998,0.9989455782312926
40,979,13,8,0.998,0.9989445011916922
41,979,13,8,0.998,0.9989445011916922
42,978,14,8,0.9975,0.9986877982276755
43,978,14,8,0.9975,0.9986877982276755
44,978,12,10,0.9975,0.9986877982276755
45,978,12,10,0.9975,0.9986877982276755
46,978,12,10,0.9975,0.9986877982276755
47,977,13,10,0.997,0.9984305697714091
48,977,12,11,0.9975,0.9986864551347663
49,976,12,12,0.9975,0.9986851092896175
50,976,12,12,0.9975,0.9986851092896175
51,975,11,14,0.9985,0.9991452991452991
52,975,9,16,0.9995,0.9997435897435898
53,975,8,17,1.0,1.0
54,974,8,18,1.0,1.0
55,973,9,18,1.0,1.0
56,973,8,19,1.0,1.0
57,972,9,19,1.0,1.0
58,971,8,21,1.0,1.0
59,969,10,21,0.999,0.999484004127967
60,969,9,22,0.999,0.999484004127967
61,969,9,22,0.999,0.999484004127967
62,969,9,22,0.999,0.999484004127967
63,969,9,22,0.999,0.999484004127967
64,969,9,22,0.999,0.999484004127967
65,967,10,23,0.999,0.999482936918304
66,967,10,23,0.999,0.999482936918304
67,967,10,23,0.999,0.999482936918304
68,967,9,24,0.999,0.999482936918304
69,967,8,25,0.999,0.999482936918304
70,967,7,26,0.9995,0.999741468459152
71,967,7,26,0.9995,0.999741468459152
72,967,7,26,0.9995,0.999741468459152
73,966,8,26,0.9995,0.9997412008281573
74,966,8,26,0.9995,0.9997412008281573
75,966,8,26,0.9995,0.9997412008281573
76,966,7,27,0.9995,0.9997412008281573
77,966,7,27,0.9995,0.9997412008281573
78,966,5,29,0.9995,0.9997412008281573
79,966,5,29,0.9995,0.9997412008281573
80,966,5,29,0.9995,0.9997412008281573
81,966,5,29,0.9995,0.9997412008281573
82,965,6,29,0.999,0.9994818652849741
83,965,6,29,0.999,0.9994818652849741
84,964,6,30,0.999,0.9994813278008299
85,964,5,31,0.999,0.9994813278008299
86,964,5,31,0.999,0.9994813278008299
87,964,3,33,0.9995,0.9997406639004149
88,964,3,33,0.9995,0.9997406639004149
89,964,3,33,0.9995,0.9997406639004149
90,964,3,33,0.9995,0.9997406639004149
91,964,3,33,0.9995,0.9997406639004149
92,964,3,33,0.9995,0.9997406639004149
93,964,3,33,0.9995,0.9997406639004149
94,964,3,33,0.9995,0.9997406639004149
95,964,3,33,0.9995,0.9997406639004149
96,964,2,34,1.0,1.0
97,964,1,35,1.0,1.0
98,964,1,35,1.0,1.0
99,964,1,35,1.0,1.0
100,964,1,35,1.0,1.0
101,964,0,36,1.0,1.0
102,964,0,36,1.0,1.0
103,964,0,36,1.0,1.0
104,964,0,36,1.0,1.0
105,964,0,36,1.0,1.0
106,964,0,36,1.0,1.0
107,964,0,36,1.0,1.0
108,964,0,36,1.0,1.0
109,964,0,36,1.0,1.0
110,964,0,36,1.0,1.0
111,964,0,36,1.0,1.0
112,964,0,36,1.0,1.0
113,964,0,36,1.0,1.0
114,964,0,36,1.0,1.0
115,964,0,36,1.0,1.0
116,964,0,36,1.0,1.0
117,964,0,36,1.0,1.0
118,964,0,36,1.0,1.0
119,964,0,36,1.0,1.0
120,964,0,36,1.0,1.0
121,964,0,36,1.0,1.0
122,964,0,36,1.0,1.0
123,964,0,36,1.0,1.0
124,964,0,36,1.0,1.0
125,964,0,36,1.0,1.0
126,964,0,36,1.0,1.0
127,964,0,36,1.0,1.0
128,964,0,36,1.0,1.0
129,964,0,36,1.0,1.0
130,964,0,36,1.0,1.0
131,964,0,36,1.0,1.0
132,964,0,36,1.0,1.0
133,964,0,36,1.0,1.0
134,964,0,36,1.0,1.0
135,964,0,36,1.0,1.0
136,964,0,36,1.0,1.0
137,964,0,36,1.0,1.0
138,964,0,36,1.0,1.0
139,964,0,36,1.0,1.0
140,964,0,36,1.0,1.0
141,964,0,36,1.0,1.0
142,964,0,36,1.0,1.0
143,964,0,36,1.0,1.0
144,964,0,36,1.0,1.0
145,964,0,36,1.0,1.0
146,964,0,36,1.0,1.0
147,964,0,36,1.0,1.0
148,964,0,36,1.0,1.0
149,964,0,36,1.0,1.0
150,964,0,36,1.0,1.0
151,964,0,36,1.0,1.0
152,964,0,36,1.0,1.0
153,964,0,36,1.0,1.0
154,964,0,36,1.0,1.0
155,964,0,36,1.0,1.0
156,964,0,36,1.0,1.0
157,964,0,36,1.0,1.0
158,964,0,36,1.0,1.0
159,964,0,36,1.0,1.0
160,964,0,36,1.0,1.0
161,964,0,36,1.0,1.0
162,964,0,36,1.0,1.0
163,964,0,36,1.0,1.0
164,964,0,36,1.0,1.0
165,964,0,36,1.0,1.0
166,964,0,36,1.0,1.0
167,964,0,36,1.0,1.0
168,964,0,36,1.0,1.0
169,964,0,36,1.0,1.0
170,964,0,36,1.0,1.0
171,964,0,36,1.0,1.0
172,964,0,36,1.0,1.0
173,964,0,36,1.0,1.0
174,964,0,36,1.0,1.0
175,964,0,36,1.0,1.0
176,964,0,36,1.0,1.0
177,964,0,36,1.0,1.0
178,964,0,36,1.0,1.0
179,964,0,36,1.0,1.0
180,964,0,36,1.0,1.0
181,964,0,36,1.0,1.0
182,964,0,36,1.0,1.0
183,964,0,36,1.0,1.0
184,964,0,36,1.0,1.0
185,964,0,36,1.0,1.0
186,964,0,36,1.0,1.0
187,964,0,36,1.0,1.0
188,964,0,36,1.0,1.0
189,964,0,36,1.0,1.0
190,964,0,36,1.0,1.0
191,964,0,36,1.0,1.0
192,964,0,36,1.0,1.0
193,964,0,36,1.0,1.0
194,964,0,36,1.0,1.0
195,964,0,36,1.0,1.0
196,964,0,36,1.0,1.0
197,964,0,36,1.0,1.0
198,964,0,36,1.0,1.0
199,964,0,36,1.0,1.0
200,964,0,36,1.0,1.0
1,998,2,0,0.999,0.999498997995992
2,998,2,0,0.999,0.999498997995992
3,998,2,0,0.999,0.999498997995992
4,998,2,0,0.999,0.999498997995992
5,998,1,1,1.0,1.0
6,998,1,1,1.0,1.0
7,997,2,1,1.0,1.0
8,997,2,1,1.0,1.0
9,996,3,1,0.9995,0.9997489959839357
10,996,2,2,0.9995,0.9997489959839357
11,996,2,2,0.9995,0.9997489959839357
12,996,2,2,0.9995,0.9997489959839357
13,996,2,2,0.9995,0.9997489959839357
14,996,2,2,0.9995,0.9997489959839357
15,996,2,2,0.9995,0.9997489959839357
16,996,2,2,0.9995,0.9997489959839357
17,996,2,2,0.9995,0.9997489959839357
18,995,3,2,0.999,0.9994974874371859
19,995,3,2,0.999,0.9994974874371859
20,994,4,2,0.9985,0.9992454728370221
21,993,5,2,0.9985,0.9992447129909365
22,993,5,2,0.9985,0.9992447129909365
23,993,5,2,0.9985,0.9992447129909365
24,993,5,2,0.9985,0.9992447129909365
25,993,5,2,0.9985,0.9992447129909365
26,993,5,2,0.9985,0.9992447129909365
27,993,4,3,0.999,0.999496475327291
28,991,6,3,0.9995,0.9997477295660948
29,991,5,4,0.9995,0.9997477295660948
30,991,5,4,0.9995,0.9997477295660948
31,991,5,4,0.9995,0.9997477295660948
32,991,5,4,0.9995,0.9997477295660948
33,991,5,4,0.9995,0.9997477295660948
34,991,5,4,0.9995,0.9997477295660948
35,991,5,4,0.9995,0.9997477295660948
36,991,5,4,0.9995,0.9997477295660948
37,991,5,4,0.9995,0.9997477295660948
38,991,5,4,0.9995,0.9997477295660948
39,991,4,5,1.0,1.0
40,991,4,5,1.0,1.0
41,990,5,5,1.0,1.0
42,990,5,5,1.0,1.0
43,989,6,5,0.9995,0.999747219413549
44,989,6,5,0.9995,0.999747219413549
45,989,5,6,1.0,1.0
46,989,5,6,1.0,1.0
47,989,5,6,1.0,1.0
48,989,5,6,1.0,1.0
49,988,6,6,0.9995,0.999746963562753
50,988,6,6,0.9995,0.999746963562753
51,988,6,6,0.9995,0.999746963562753
52,988,6,6,0.9995,0.999746963562753
53,987,7,6,0.999,0.9994089834515366
54,987,7,6,0.999,0.9994089834515366
55,987,7,6,0.999,0.9994089834515366
56,987,6,7,0.9995,0.999662276258021
57,987,6,7,0.9995,0.999662276258021
58,987,6,7,0.9995,0.999662276258021
59,987,6,7,0.9995,0.999662276258021
60,987,6,7,0.9995,0.999662276258021
61,987,6,7,0.9995,0.999662276258021
62,987,5,8,0.9995,0.999662276258021
63,986,4,10,0.9995,0.9996619337390128
64,986,4,10,0.9995,0.9996619337390128
65,984,6,10,0.9995,0.9996612466124661
66,984,5,11,0.9995,0.9996612466124661
67,984,5,11,0.9995,0.9996612466124661
68,984,5,11,0.9995,0.9996612466124661
69,983,6,11,0.999,0.9993218040013563
70,982,7,11,0.9985,0.9991174473862865
71,981,7,12,0.9985,0.9990655793408086
72,980,8,12,0.998,0.9988095238095237
73,979,9,12,0.9975,0.9985529451821585
74,978,10,12,0.9965,0.9980402181322426
75,977,11,12,0.9965,0.9980382122142613
76,975,13,12,0.9965,0.9981196581196581
77,972,15,13,0.997,0.9983710562414265
78,972,15,13,0.997,0.9983710562414265
79,971,16,13,0.9975,0.9986268451767937
80,971,16,13,0.9975,0.9986268451767937
81,971,16,13,0.9975,0.9986268451767937
82,971,15,14,0.998,0.9988843117061448
83,968,18,14,0.998,0.9989669421487604
84,967,19,14,0.9975,0.9987073422957601
85,967,17,16,0.998,0.9989658738366081
86,967,17,16,0.998,0.9989658738366081
87,967,17,16,0.998,0.9989658738366081
88,967,15,18,0.9985,0.999224405377456
89,967,15,18,0.9985,0.999224405377456
90,967,15,18,0.9985,0.999224405377456
91,967,15,18,0.9985,0.999224405377456
92,967,14,19,0.9985,0.999224405377456
93,966,14,20,0.998,0.9990165631469979
94,965,13,22,0.9985,0.9992746113989637
95,964,12,24,0.9985,0.9992738589211618
96,964,12,24,0.9985,0.9992738589211618
97,964,12,24,0.9985,0.9992738589211618
98,964,12,24,0.9985,0.9992738589211618
99,963,13,24,0.9985,0.9992211838006231
100,962,14,24,0.998,0.999012474012474
101,962,13,25,0.9985,0.9992723492723492
102,962,13,25,0.9985,0.9992723492723492
103,962,13,25,0.9985,0.9992723492723492
104,962,13,25,0.9985,0.9992723492723492
105,958,16,26,0.999,0.9994780793319415
106,956,16,28,0.9985,0.9992154811715481
107,956,14,30,0.9985,0.9992154811715481
108,956,14,30,0.9985,0.9992154811715481
109,954,16,30,0.9985,0.9992138364779874
110,952,18,30,0.998,0.9989495798319328
111,951,19,30,0.9975,0.9986855941114616
112,951,19,30,0.9975,0.9986855941114616
113,951,19,30,0.9975,0.9986855941114616
114,950,20,30,0.9965,0.9981578947368421
115,949,20,31,0.9965,0.9981208289427468
116,949,20,31,0.9965,0.9981208289427468
117,949,20,31,0.9965,0.9981208289427468
118,948,19,33,0.997,0.9983825597749648
119,948,19,33,0.997,0.9983825597749648
120,948,19,33,0.997,0.9983825597749648
121,948,19,33,0.997,0.9983825597749648
122,947,20,33,0.9965,0.9981168602604717
123,945,22,33,0.997,0.9984656084656084
124,945,22,33,0.997,0.9984656084656084
125,943,24,33,0.997,0.9984623541887593
126,943,22,35,0.997,0.9984623541887593
127,943,21,36,0.997,0.9984623541887593
128,943,21,36,0.997,0.9984623541887593
129,942,20,38,0.998,0.9989915074309978
130,941,19,40,0.9975,0.9987247608926674
131,941,18,41,0.998,0.998990435706695
132,941,18,41,0.998,0.998990435706695
133,940,19,41,0.9985,0.9992553191489362
134,940,17,43,0.9985,0.9992553191489362
135,940,15,45,0.999,0.9995212765957446
136,940,14,46,0.999,0.9995212765957446
137,940,13,47,0.9995,0.9997340425531915
138,940,12,48,1.0,1.0
139,939,12,49,1.0,1.0
140,938,13,49,0.9995,0.9997334754797441
141,937,14,49,0.999,0.9995197438633938
142,937,13,50,0.999,0.9995197438633938
143,935,15,50,0.998,0.9989839572192513
144,934,16,50,0.9975,0.9987152034261242
145,933,16,51,0.997,0.9984994640943194
146,932,16,52,0.9975,0.9986587982832618
147,931,15,54,0.997,0.9983888292158969
148,931,15,54,0.997,0.9983888292158969
149,930,15,55,0.998,0.9989247311827957
150,930,15,55,0.998,0.9989247311827957
151,930,14,56,0.9985,0.9991935483870967
152,930,11,59,0.999,0.9994623655913979
153,930,11,59,0.999,0.9994623655913979
154,929,12,59,0.9985,0.9991926803013994
155,929,12,59,0.9985,0.9991926803013994
156,928,13,59,0.999,0.9994612068965517
157,928,12,60,0.999,0.9994612068965517
158,927,13,60,0.9995,0.999730312837109
159,927,12,61,0.9995,0.999730312837109
160,927,12,61,0.9995,0.999730312837109
161,927,12,61,0.9995,0.999730312837109
162,926,12,62,1.0,1.0
163,926,11,63,1.0,1.0
164,926,10,64,1.0,1.0
165,926,9,65,1.0,1.0
166,925,10,65,0.9995,0.9997297297297297
167,924,10,66,0.999,0.9994588744588745
168,923,11,66,0.999,0.9994582881906826
169,921,12,67,0.9995,0.999728555917481
170,921,11,68,1.0,1.0
171,921,9,70,1.0,1.0
172,921,9,70,1.0,1.0
173,921,9,70,1.0,1.0
174,921,9,70,1.0,1.0
175,921,9,70,1.0,1.0
176,921,9,70,1.0,1.0
177,921,8,71,1.0,1.0
178,921,8,71,1.0,1.0
179,921,8,71,1.0,1.0
180,921,8,71,1.0,1.0
181,921,7,72,1.0,1.0
182,921,6,73,1.0,1.0
183,921,5,74,1.0,1.0
184,921,5,74,1.0,1.0
185,920,6,74,1.0,1.0
186,920,5,75,1.0,1.0
187,920,4,76,1.0,1.0
188,920,4,76,1.0,1.0
189,920,4,76,1.0,1.0
190,920,4,76,1.0,1.0
191,919,5,76,0.9995,0.999727965179543
192,919,5,76,0.9995,0.999727965179543
193,918,6,76,0.9995,0.9997276688453159
194,918,5,77,0.9995,0.9997276688453159
195,918,5,77,0.9995,0.9997276688453159
196,918,5,77,0.9995,0.9997276688453159
197,918,3,79,1.0,1.0
198,918,3,79,1.0,1.0
199,918,3,79,1.0,1.0
200,918,3,79,1.0,1.0
1,999,1,0,1.0,1.0
2,999,1,0,1.0,1.0
3,998,2,0,0.9995,0.999749498997996
4,998,2,0,0.9995,0.999749498997996
5,998,2,0,0.9995,0.999749498997996
6,996,4,0,0.999,0.9994979919678715
7,996,4,0,0.999,0.9994979919678715
8,996,4,0,0.999,0.9994979919678715
9,995,3,2,0.9995,0.999748743718593
10,995,3,2,0.9995,0.999748743718593
11,995,3,2,0.9995,0.999748743718593
12,995,3,2,0.9995,0.999748743718593
13,994,4,2,0.9995,0.9996646545942321
14,993,5,2,1.0,1.0
15,993,5,2,1.0,1.0
16,992,6,2,0.9995,0.9997479838709677
17,992,6,2,0.9995,0.9997479838709677
18,992,6,2,0.9995,0.9997479838709677
19,991,6,3,0.9995,0.9997477295660948
20,990,7,3,0.999,0.9994949494949495
21,990,7,3,0.999,0.9994949494949495
22,990,7,3,0.999,0.9994949494949495
23,990,7,3,0.999,0.9994949494949495
24,990,6,4,0.999,0.9994949494949495
25,990,6,4,0.999,0.9994949494949495
26,990,6,4,0.999,0.9994949494949495
27,990,6,4,0.999,0.9994949494949495
28,990,6,4,0.999,0.9994949494949495
29,990,6,4,0.999,0.9994949494949495
30,990,5,5,0.9995,0.9997474747474747
31,990,4,6,0.9995,0.9997474747474747
32,990,4,6,0.9995,0.9997474747474747
33,989,5,6,0.999,0.9994944388270981
34,989,5,6,0.999,0.9994944388270981
35,989,4,7,0.999,0.9994944388270981
36,989,3,8,1.0,1.0
37,989,3,8,1.0,1.0
38,989,3,8,1.0,1.0
39,989,3,8,1.0,1.0
40,989,3,8,1.0,1.0
41,989,2,9,1.0,1.0
42,989,2,9,1.0,1.0
43,988,3,9,0.9995,0.999746963562753
44,988,3,9,0.9995,0.999746963562753
45,988,3,9,0.9995,0.999746963562753
46,988,3,9,0.9995,0.999746963562753
47,987,4,9,0.999,0.9994934143870314
48,986,5,9,0.999,0.9994929006085193
49,986,5,9,0.999,0.9994929006085193
50,986,5,9,0.999,0.9994929006085193
51,986,5,9,0.999,0.9994929006085193
52,986,5,9,0.999,0.9994929006085193
53,985,6,9,0.9985,0.999238578680203
54,985,6,9,0.9985,0.999238578680203
55,985,6,9,0.9985,0.999238578680203
56,985,6,9,0.9985,0.999238578680203
57,985,6,9,0.9985,0.999238578680203
58,985,6,9,0.9985,0.999238578680203
59,985,6,9,0.9985,0.999238578680203
60,985,6,9,0.9985,0.999238578680203
61,985,5,10,0.9985,0.999238578680203
62,984,6,10,0.998,0.9989837398373984
63,984,6,10,0.998,0.9989837398373984
64,984,6,10,0.998,0.9989837398373984
65,984,5,11,0.9985,0.9992378048780488
66,984,5,11,0.9985,0.9992378048780488
67,984,5,11,0.9985,0.9992378048780488
68,984,5,11,0.9985,0.9992378048780488
69,984,5,11,0.9985,0.9992378048780488
70,984,5,11,0.9985,0.9992378048780488
71,983,6,11,0.9975,0.9987283825025433
72,982,6,12,0.999,0.9994908350305499
73,982,6,12,0.999,0.9994908350305499
74,982,6,12,0.999,0.9994908350305499
75,982,6,12,0.999,0.9994908350305499
76,982,6,12,0.999,0.9994908350305499
77,982,6,12,0.999,0.9994908350305499
78,982,6,12,0.999,0.9994908350305499
79,982,6,12,0.999,0.9994908350305499
80,982,5,13,0.9995,0.9997454175152749
81,982,5,13,0.9995,0.9997454175152749
82,980,7,13,0.999,0.9994897959183674
83,980,7,13,0.999,0.9994897959183674
84,980,7,13,0.999,0.9994897959183674
85,980,6,14,0.9995,0.9997448979591836
86,980,6,14,0.9995,0.9997448979591836
87,980,6,14,0.9995,0.9997448979591836
88,980,6,14,0.9995,0.9997448979591836
89,980,6,14,0.9995,0.9997448979591836
90,980,6,14,0.9995,0.9997448979591836
91,980,6,14,0.9995,0.9997448979591836
92,979,7,14,1.0,1.0
93,979,7,14,1.0,1.0
94,979,7,14,1.0,1.0
95,979,7,14,1.0,1.0
96,979,7,14,1.0,1.0
97,979,6,15,1.0,1.0
98,979,6,15,1.0,1.0
99,979,6,15,1.0,1.0
100,979,6,15,1.0,1.0
101,979,6,15,1.0,1.0
102,979,6,15,1.0,1.0
103,979,6,15,1.0,1.0
104,979,5,16,1.0,1.0
105,979,4,17,1.0,1.0
106,979,4,17,1.0,1.0
107,979,4,17,1.0,1.0
108,979,4,17,1.0,1.0
109,979,3,18,1.0,1.0
110,979,2,19,1.0,1.0
111,979,2,19,1.0,1.0
112,979,2,19,1.0,1.0
113,979,2,19,1.0,1.0
114,979,2,19,1.0,1.0
115,979,2,19,1.0,1.0
116,979,2,19,1.0,1.0
117,979,1,20,1.0,1.0
118,979,1,20,1.0,1.0
119,979,1,20,1.0,1.0
120,979,1,20,1.0,1.0
121,979,1,20,1.0,1.0
122,979,1,20,1.0,1.0
123,979,1,20,1.0,1.0
124,979,1,20,1.0,1.0
125,979,1,20,1.0,1.0
126,979,1,20,1.0,1.0
127,979,1,20,1.0,1.0
128,979,1,20,1.0,1.0
129,979,1,20,1.0,1.0
130,979,1,20,1.0,1.0
131,979,1,20,1.0,1.0
132,979,1,20,1.0,1.0
133,979,1,20,1.0,1.0
134,979,1,20,1.0,1.0
135,979,1,20,1.0,1.0
136,979,1,20,1.0,1.0
137,979,1,20,1.0,1.0
138,979,1,20,1.0,1.0
139,979,1,20,1.0,1.0
140,979,1,20,1.0,1.0
141,979,1,20,1.0,1.0
142,979,1,20,1.0,1.0
143,979,1,20,1.0,1.0
144,979,1,20,1.0,1.0
145,979,1,20,1.0,1.0
146,979,1,20,1.0,1.0
147,979,1,20,1.0,1.0
148,979,1,20,1.0,1.0
149,979,1,20,1.0,1.0
150,979,1,20,1.0,1.0
151,979,1,20,1.0,1.0
152,979,1,20,1.0,1.0
153,979,1,20,1.0,1.0
154,979,1,20,1.0,1.0
155,979,1,20,1.0,1.0
156,979,1,20,1.0,1.0
157,979,1,20,1.0,1.0
158,979,1,20,1.0,1.0
159,979,1,20,1.0,1.0
160,979,1,20,1.0,1.0
161,979,1,20,1.0,1.0
162,979,1,20,1.0,1.0
163,979,0,21,1.0,1.0
164,979,0,21,1.0,1.0
165,979,0,21,1.0,1.0
166,979,0,21,1.0,1.0
167,979,0,21,1.0,1.0
168,979,0,21,1.0,1.0
169,979,0,21,1.0,1.0
170,979,0,21,1.0,1.0
171,979,0,21,1.0,1.0
172,979,0,21,1.0,1.0
173,979,0,21,1.0,1.0
174,979,0,21,1.0,1.0
175,979,0,21,1.0,1.0
176,979,0,21,1.0,1.0
177,979,0,21,1.0,1.0
178,979,0,21,1.0,1.0
179,979,0,21,1.0,1.0
180,979,0,21,1.0,1.0
181,979,0,21,1.0,1.0
182,979,0,21,1.0,1.0
183,979,0,21,1.0,1.0
184,979,0,21,1.0,1.0
185,979,0,21,1.0,1.0
186,979,0,21,1.0,1.0
187,979,0,21,1.0,1.0
188,979,0,21,1.0,1.0
189,979,0,21,1.0,1.0
190,979,0,21,1.0,1.0
191,979,0,21,1.0,1.0
192,979,0,21,1.0,1.0
193,979,0,21,1.0,1.0
194,979,0,21,1.0,1.0
195,979,0,21,1.0,1.0
196,979,0,21,1.0,1.0
197,979,0,21,1.0,1.0
198,979,0,21,1.0,1.0
199,979,0,21,1.0,1.0
200,979,0,21,1.0,1.0
1,999,1,0,1.0,1.0
2,999,1,0,1.0,1.0
3,999,1,0,1.0,1.0
4,998,2,0,0.999,0.999498997995992
5,998,2,0,0.999,0.999498997995992
6,998,2,0,0.999,0.999498997995992
7,998,2,0,0.999,0.999498997995992
8,997,3,0,0.999,0.9994984954864594
9,997,3,0,0.999,0.9994984954864594
10,997,3,0,0.999,0.9994984954864594
11,997,3,0,0.999,0.9994984954864594
12,997,3,0,0.999,0.9994984954864594
13,997,3,0,0.999,0.9994984954864594
14,997,3,0,0.999,0.9994984954864594
15,996,4,0,0.9995,0.9997489959839357
16,996,4,0,0.9995,0.9997489959839357
17,995,4,1,0.9995,0.999748743718593
18,995,4,1,0.9995,0.999748743718593
19,995,4,1,0.9995,0.999748743718593
20,995,4,1,0.9995,0.999748743718593
21,995,4,1,0.9995,0.999748743718593
22,995,4,1,0.9995,0.999748743718593
23,995,4,1,0.9995,0.999748743718593
24,995,4,1,0.9995,0.999748743718593
25,994,4,2,0.9995,0.9997484909456741
26,994,4,2,0.9995,0.9997484909456741
27,994,4,2,0.9995,0.9997484909456741
28,994,4,2,0.9995,0.9997484909456741
29,993,5,2,0.999,0.999496475327291
30,993,5,2,0.999,0.999496475327291
31,992,6,2,0.9985,0.9992439516129032
32,991,6,3,0.9985,0.9992431886982845
33,990,7,3,0.9975,0.9987373737373737
34,990,7,3,0.9975,0.9987373737373737
35,990,7,3,0.9975,0.9987373737373737
36,990,7,3,0.9975,0.9987373737373737
37,989,8,3,0.997,0.9985338725985844
38,988,9,3,0.9965,0.99832995951417
39,988,9,3,0.9965,0.99832995951417
40,987,10,3,0.9965,0.9983282674772037
41,987,10,3,0.9965,0.9983282674772037
42,987,10,3,0.9965,0.9983282674772037
43,987,9,4,0.9975,0.9988348530901723
44,986,10,4,0.997,0.998580121703854
45,985,10,5,0.997,0.9985279187817259
46,985,10,5,0.997,0.9985279187817259
47,985,10,5,0.997,0.9985279187817259
48,984,11,5,0.9965,0.9982723577235771
49,984,11,5,0.9965,0.9982723577235771
50,983,11,6,0.9965,0.9982706002034587
51,982,12,6,0.9965,0.9982688391038697
52,981,13,6,0.996,0.9980632008154944
53,980,13,7,0.9965,0.9983163265306123
54,979,13,8,0.997,0.9985699693564862
55,979,12,9,0.998,0.9990296220633299
56,978,13,9,0.9975,0.9987730061349693
57,976,15,9,0.997,0.9984801912568306
58,975,14,11,0.997,0.9984786324786324
59,975,14,11,0.997,0.9984786324786324
60,974,15,11,0.997,0.9984770704996577
61,974,15,11,0.997,0.9984770704996577
62,972,14,14,0.998,0.9989368998628259
63,972,13,15,0.998,0.9989368998628259
64,972,13,15,0.998,0.9989368998628259
65,972,13,15,0.998,0.9989368998628259
66,971,14,15,0.9975,0.998678338482664
67,970,15,15,0.998,0.9988831615120276
68,969,16,15,0.998,0.9988820089439285
69,967,18,15,0.998,0.9989658738366081
70,966,19,15,0.998,0.9989648033126294
71,966,18,16,0.998,0.9989648033126294
72,965,19,16,0.998,0.9989637305699481
73,965,17,18,0.9985,0.9992227979274612
74,963,15,22,0.9985,0.9992211838006231
75,962,15,23,0.998,0.998960498960499
76,962,15,23,0.998,0.998960498960499
77,962,15,23,0.998,0.998960498960499
78,961,16,23,0.998,0.9989594172736732
79,961,16,23,0.998,0.9989594172736732
80,961,16,23,0.998,0.9989594172736732
81,960,17,23,0.997,0.9984375
82,959,16,25,0.997,0.9984358706986444
83,959,15,26,0.9975,0.998696558915537
84,957,17,26,0.9965,0.9981713688610241
85,956,16,28,0.9965,0.9981694560669456
86,956,15,29,0.9975,0.9986924686192469
87,956,15,29,0.9975,0.9986924686192469
88,955,16,29,0.997,0.9984293193717277
89,952,18,30,0.9975,0.998686974789916
90,952,17,31,0.9975,0.998686974789916
91,952,17,31,0.9975,0.998686974789916
92,951,18,31,0.9975,0.9986855941114616
93,951,18,31,0.9975,0.9986855941114616
94,951,17,32,0.998,0.9989484752891693
95,949,18,33,0.9975,0.9986828240252897
96,949,17,34,0.998,0.9989462592202318
97,947,18,35,0.998,0.9989440337909187
98,945,14,41,0.9985,0.9992063492063492
99,943,16,41,0.9985,0.999204665959703
100,943,16,41,0.9985,0.999204665959703
101,942,16,42,0.9995,0.9997346072186837
102,942,16,42,0.9995,0.9997346072186837
103,941,17,42,0.999,0.9995217853347502
104,940,17,43,0.999,0.9995212765957446
105,940,17,43,0.999,0.9995212765957446
106,940,16,44,0.999,0.9995212765957446
107,940,15,45,0.999,0.9995212765957446
108,940,15,45,0.999,0.9995212765957446
109,940,14,46,0.999,0.9995212765957446
110,940,14,46,0.999,0.9995212765957446
111,940,9,51,0.9995,0.9997340425531915
112,940,9,51,0.9995,0.9997340425531915
113,940,9,51,0.9995,0.9997340425531915
114,940,8,52,0.9995,0.9997340425531915
115,940,7,53,0.9995,0.9997340425531915
116,940,7,53,0.9995,0.9997340425531915
117,940,6,54,0.9995,0.9997340425531915
118,940,6,54,0.9995,0.9997340425531915
119,940,6,54,0.9995,0.9997340425531915
120,940,6,54,0.9995,0.9997340425531915
121,940,6,54,0.9995,0.9997340425531915
122,940,6,54,0.9995,0.9997340425531915
123,940,6,54,0.9995,0.9997340425531915
124,940,6,54,0.9995,0.9997340425531915
125,940,6,54,0.9995,0.9997340425531915
126,940,6,54,0.9995,0.9997340425531915
127,940,6,54,0.9995,0.9997340425531915
128,940,6,54,0.9995,0.9997340425531915
129,940,6,54,0.9995,0.9997340425531915
130,940,6,54,0.9995,0.9997340425531915
131,940,5,55,0.9995,0.9997340425531915
132,939,6,55,1.0,1.0
133,939,6,55,1.0,1.0
134,939,6,55,1.0,1.0
135,939,6,55,1.0,1.0
136,939,5,56,1.0,1.0
137,939,5,56,1.0,1.0
138,939,5,56,1.0,1.0
139,939,5,56,1.0,1.0
140,939,5,56,1.0,1.0
141,939,5,56,1.0,1.0
142,939,4,57,1.0,1.0
143,939,3,58,1.0,1.0
144,939,3,58,1.0,1.0
145,939,3,58,1.0,1.0
146,939,3,58,1.0,1.0
147,939,3,58,1.0,1.0
148,939,1,60,1.0,1.0
149,939,1,60,1.0,1.0
150,939,1,60,1.0,1.0
151,939,1,60,1.0,1.0
152,939,1,60,1.0,1.0
153,939,1,60,1.0,1.0
154,939,1,60,1.0,1.0
155,939,1,60,1.0,1.0
156,939,1,60,1.0,1.0
157,939,1,60,1.0,1.0
158,939,1,60,1.0,1.0
159,939,1,60,1.0,1.0
160,939,1,60,1.0,1.0
161,939,1,60,1.0,1.0
162,939,0,61,1.0,1.0
163,939,0,61,1.0,1.0
164,939,0,61,1.0,1.0
165,939,0,61,1.0,1.0
166,939,0,61,1.0,1.0
167,939,0,61,1.0,1.0
168,939,0,61,1.0,1.0
169,939,0,61,1.0,1.0
170,939,0,61,1.0,1.0
171,939,0,61,1.0,1.0
172,939,0,61,1.0,1.0
173,939,0,61,1.0,1.0
174,939,0,61,1.0,1.0
175,939,0,61,1.0,1.0
176,939,0,61,1.0,1.0
177,939,0,61,1.0,1.0
178,939,0,61,1.0,1.0
179,939,0,61,1.0,1.0
180,939,0,61,1.0,1.0
181,939,0,61,1.0,1.0
182,939,0,61,1.0,1.0
183,939,0,61,1.0,1.0
184,939,0,61,1.0,1.0
185,939,0,61,1.0,1.0
186,939,0,61,1.0,1.0
187,939,0,61,1.0,1.0
188,939,0,61,1.0,1.0
189,939,0,61,1.0,1.0
190,939,0,61,1.0,1.0
191,939,0,61,1.0,1.0
192,939,0,61,1.0,1.0
193,939,0,61,1.0,1.0
194,939,0,61,1.0,1.0
195,939,0,61,1.0,1.0
196,939,0,61,1.0,1.0
197,939,0,61,1.0,1.0
198,939,0,61,1.0,1.0
199,939,0,61,1.0,1.0
200,939,0,61,1.0,1.0
1,998,2,0,0.9995,0.999749498997996
2,998,2,0,0.9995,0.999749498997996
3,998,2,0,0.9995,0.999749498997996
4,998,2,0,0.9995,0.999749498997996
5,998,2,0,0.9995,0.999749498997996
6,998,2,0,0.9995,0.999749498997996
7,998,2,0,0.9995,0.999749498997996
8,998,2,0,0.9995,0.999749498997996
9,998,2,0,0.9995,0.999749498997996
10,997,3,0,0.9995,0.9997492477432297
11,997,3,0,0.9995,0.9997492477432297
12,997,3,0,0.9995,0.9997492477432297
13,997,3,0,0.9995,0.9997492477432297
14,997,3,0,0.9995,0.9997492477432297
15,997,3,0,0.9995,0.9997492477432297
16,997,3,0,0.9995,0.9997492477432297
17,996,4,0,0.999,0.9994979919678715
18,995,5,0,0.9985,0.9992462311557789
19,993,7,0,0.999,0.9995468277945619
20,993,7,0,0.999,0.9995468277945619
21,993,6,1,0.999,0.9995468277945619
22,993,6,1,0.999,0.9995468277945619
23,993,6,1,0.999,0.9995468277945619
24,993,6,1,0.999,0.9995468277945619
25,992,7,1,0.999,0.9994959677419355
26,992,6,2,0.9995,0.9997479838709677
27,990,7,3,0.999,0.9994949494949495
28,990,7,3,0.999,0.9994949494949495
29,990,7,3,0.999,0.9994949494949495
30,990,7,3,0.999,0.9994949494949495
31,990,6,4,0.9995,0.9997474747474747
32,989,7,4,1.0,1.0
33,989,6,5,1.0,1.0
34,989,6,5,1.0,1.0
35,989,6,5,1.0,1.0
36,989,6,5,1.0,1.0
37,989,5,6,1.0,1.0
38,988,6,6,1.0,1.0
39,988,6,6,1.0,1.0
40,986,8,6,0.999,0.9995436105476673
41,986,8,6,0.999,0.9995436105476673
42,984,10,6,0.9985,0.999339430894309
43,984,10,6,0.9985,0.999339430894309
44,984,10,6,0.9985,0.999339430894309
45,983,9,8,0.9985,0.9993387589013225
46,982,9,9,0.9985,0.9993380855397149
47,982,8,10,0.9995,0.9997963340122199
48,982,8,10,0.9995,0.9997963340122199
49,981,9,10,0.9995,0.999796126401631
50,981,9,10,0.9995,0.999796126401631
51,980,10,10,0.999,0.9994557823129252
52,980,10,10,0.999,0.9994557823129252
53,979,11,10,0.9985,0.9991998638066054
54,979,11,10,0.9985,0.9991998638066054
55,979,11,10,0.9985,0.9991998638066054
56,976,14,10,0.997,0.9984289617486339
57,976,13,11,0.998,0.9989412568306011
58,976,11,13,0.9985,0.9991974043715848
59,976,10,14,0.9985,0.9991974043715848
60,976,10,14,0.9985,0.9991974043715848
61,975,11,14,0.999,0.9995384615384615
62,973,12,15,0.999,0.9995375128468653
63,973,12,15,0.999,0.9995375128468653
64,971,12,17,0.9995,0.9997425334706488
65,970,11,19,0.999,0.9994845360824742
66,969,12,19,0.999,0.999484004127967
67,968,12,20,0.9995,0.99974173553719
68,968,12,20,0.9995,0.99974173553719
69,967,13,20,0.9985,0.999224405377456
70,966,14,20,0.998,0.9990165631469979
71,964,16,20,0.9975,0.9987551867219917
72,964,14,22,0.9975,0.9987551867219917
73,964,14,22,0.9975,0.9987551867219917
74,963,13,24,0.9985,0.9992731048805815
75,963,12,25,0.9985,0.9992731048805815
76,961,14,25,0.998,0.9990634755463059
77,959,14,27,0.9985,0.9993222106360793
78,958,14,28,0.999,0.9995824634655532
79,957,14,29,0.999,0.9995820271682341
80,956,15,29,0.9995,0.9997384937238494
81,955,15,30,0.9995,0.999738219895288
82,953,17,30,0.999,0.9994753410283316
83,952,17,31,0.9995,0.9997373949579832
84,952,16,32,0.9995,0.9997373949579832
85,952,16,32,0.9995,0.9997373949579832
86,952,14,34,0.9995,0.9997373949579832
87,949,16,35,0.999,0.9994731296101159
88,949,16,35,0.999,0.9994731296101159
89,949,15,36,0.999,0.9994731296101159
90,949,15,36,0.999,0.9994731296101159
91,949,14,37,0.999,0.9994731296101159
92,949,14,37,0.999,0.9994731296101159
93,949,13,38,0.999,0.9994731296101159
94,947,14,39,0.9995,0.9997360084477297
95,947,14,39,0.9995,0.9997360084477297
96,946,15,39,0.999,0.9994714587737844
97,946,14,40,0.9995,0.9997357293868921
98,944,15,41,0.999,0.9994703389830508
99,943,15,42,0.9985,0.999204665959703
100,941,17,42,0.9985,0.9991144172865746
101,941,16,43,0.9985,0.9991144172865746
102,941,16,43,0.9985,0.9991144172865746
103,941,16,43,0.9985,0.9991144172865746
104,940,16,44,0.9985,0.999113475177305
105,939,16,45,0.9985,0.9992012779552716
106,936,19,45,0.9985,0.999198717948718
107,936,18,46,0.9985,0.999198717948718
108,934,20,46,0.998,0.9989293361884368
109,934,19,47,0.998,0.9989293361884368
110,931,21,48,0.9965,0.9981203007518797
111,929,19,52,0.9975,0.998654467168999
112,929,18,53,0.9975,0.998654467168999
113,929,18,53,0.9975,0.998654467168999
114,929,15,56,0.9975,0.998654467168999
115,929,15,56,0.9975,0.998654467168999
116,928,16,56,0.998,0.9989224137931034
117,927,17,56,0.9975,0.9986515641855448
118,925,19,56,0.9965,0.9981081081081081
119,925,18,57,0.997,0.9983783783783784
120,923,19,58,0.9975,0.9986998916576381
121,922,20,58,0.997,0.9984273318872017
122,919,20,61,0.997,0.9984221980413492
123,918,20,62,0.997,0.9984204793028322
124,916,22,62,0.9965,0.9981441048034934
125,915,22,63,0.9965,0.9981420765027322
126,914,21,65,0.9965,0.9980853391684902
127,913,21,66,0.997,0.9983570646221248
128,913,18,69,0.9975,0.9986308871851041
129,912,18,70,0.9975,0.9986293859649122
130,911,19,70,0.997,0.9983534577387486
131,910,19,71,0.997,0.9983516483516484
132,909,20,71,0.9965,0.9980748074807481
133,908,20,72,0.9965,0.9980726872246696
134,908,20,72,0.9965,0.9980726872246696
135,907,21,72,0.9965,0.9980705622932745
136,904,23,73,0.9955,0.9974188790560472
137,904,22,74,0.9955,0.9974188790560472
138,904,20,76,0.9965,0.9979719764011798
139,902,22,76,0.9965,0.998059866962306
140,902,21,77,0.997,0.9983370288248337
141,902,19,79,0.9975,0.9986141906873615
142,900,20,80,0.998,0.9989814814814815
143,900,19,81,0.9985,0.9992592592592593
144,899,20,81,0.9985,0.9992584352984798
145,898,21,81,0.9985,0.9992576095025985
146,898,20,82,0.9985,0.9992576095025985
147,898,20,82,0.9985,0.9992576095025985
148,897,21,82,0.998,0.9990338164251208
149,896,22,82,0.998,0.9990327380952381
150,896,22,82,0.998,0.9990327380952381
151,896,22,82,0.998,0.9990327380952381
152,894,24,82,0.998,0.9990305741983594
153,894,23,83,0.998,0.9990305741983594
154,894,21,85,0.998,0.9990305741983594
155,894,21,85,0.998,0.9990305741983594
156,894,19,87,0.998,0.9990305741983594
157,894,19,87,0.998,0.9990305741983594
158,894,19,87,0.998,0.9990305741983594
159,893,19,88,0.9975,0.998749533407988
160,891,20,89,0.997,0.9984661429105873
161,891,20,89,0.997,0.9984661429105873
162,888,22,90,0.996,0.9978603603603604
163,888,22,90,0.996,0.9978603603603604
164,888,21,91,0.9965,0.998141891891892
165,887,22,91,0.996,0.9978579481397971
166,886,23,91,0.9955,0.9975733634311512
167,885,24,91,0.9955,0.9975706214689266
168,881,28,91,0.9955,0.997616345062429
169,879,30,91,0.995,0.9973265073947668
170,879,30,91,0.995,0.9973265073947668
171,878,31,91,0.9945,0.9969438116932422
172,877,32,91,0.995,0.9971113645001901
173,875,34,91,0.995,0.9971619047619047
174,875,34,91,0.995,0.9971619047619047
175,873,35,92,0.994,0.9965826651393661
176,872,35,93,0.9945,0.9968654434250764
177,872,34,94,0.9945,0.9968654434250764
178,871,33,96,0.9965,0.9980099502487562
179,871,30,99,0.997,0.9982395713738997
180,869,31,100,0.997,0.9981396240889913
181,868,32,100,0.997,0.9981374807987713
182,868,31,101,0.997,0.9981374807987713
183,868,30,102,0.997,0.9981374807987713
184,867,30,103,0.997,0.9981353325643983
185,866,30,104,0.997,0.9980754426481908
186,866,27,107,0.9975,0.9984603541185528
187,866,26,108,0.9975,0.9984603541185528
188,865,27,108,0.997,0.9981695568400771
189,865,26,109,0.997,0.9981695568400771
190,864,26,110,0.998,0.9987461419753088
191,863,26,111,0.998,0.9987446890691386
192,861,27,112,0.999,0.9993224932249322
193,861,26,113,0.999,0.9993224932249322
194,861,25,114,0.999,0.9993224932249322
195,861,25,114,0.999,0.9993224932249322
196,860,22,118,0.9985,0.9991279069767441
197,859,22,119,0.998,0.9988358556461001
198,859,22,119,0.998,0.9988358556461001
199,858,23,119,0.998,0.9988344988344988
200,856,23,121,0.9985,0.9990264797507787
1,999,1,0,1.0,1.0
2,999,1,0,1.0,1.0
3,999,1,0,1.0,1.0
4,999,1,0,1.0,1.0
5,999,1,0,1.0,1.0
6,999,1,0,1.0,1.0
7,999,1,0,1.0,1.0
8,999,1,0,1.0,1.0
9,999,1,0,1.0,1.0
10,999,1,0,1.0,1.0
11,999,1,0,1.0,1.0
12,999,1,0,1.0,1.0
13,999,1,0,1.0,1.0
14,999,1,0,1.0,1.0
15,998,2,0,0.999,0.9994154976619906
16,998,2,0,0.999,0.9994154976619906
17,998,1,1,1.0,1.0
18,998,1,1,1.0,1.0
19,998,1,1,1.0,1.0
20,998,0,2,1.0,1.0
21,998,0,2,1.0,1.0
22,998,0,2,1.0,1.0
23,998,0,2,1.0,1.0
24,998,0,2,1.0,1.0
25,998,0,2,1.0,1.0
26,998,0,2,1.0,1.0
27,998,0,2,1.0,1.0
28,998,0,2,1.0,1.0
29,998,0,2,1.0,1.0
30,998,0,2,1.0,1.0
31,998,0,2,1.0,1.0
32,998,0,2,1.0,1.0
33,998,0,2,1.0,1.0
34,998,0,2,1.0,1.0
35,998,0,2,1.0,1.0
36,998,0,2,1.0,1.0
37,998,0,2,1.0,1.0
38,998,0,2,1.0,1.0
39,998,0,2,1.0,1.0
40,998,0,2,1.0,1.0
41,998,0,2,1.0,1.0
42,998,0,2,1.0,1.0
43,998,0,2,1.0,1.0
44,998,0,2,1.0,1.0
45,998,0,2,1.0,1.0
46,998,0,2,1.0,1.0
47,998,0,2,1.0,1.0
48,998,0,2,1.0,1.0
49,998,0,2,1.0,1.0
50,998,0,2,1.0,1.0
51,998,0,2,1.0,1.0
52,998,0,2,1.0,1.0
53,998,0,2,1.0,1.0
54,998,0,2,1.0,1.0
55,998,0,2,1.0,1.0
56,998,0,2,1.0,1.0
57,998,0,2,1.0,1.0
58,998,0,2,1.0,1.0
59,998,0,2,1.0,1.0
60,998,0,2,1.0,1.0
61,998,0,2,1.0,1.0
62,998,0,2,1.0,1.0
63,998,0,2,1.0,1.0
64,998,0,2,1.0,1.0
65,998,0,2,1.0,1.0
66,998,0,2,1.0,1.0
67,998,0,2,1.0,1.0
68,998,0,2,1.0,1.0
69,998,0,2,1.0,1.0
70,998,0,2,1.0,1.0
71,998,0,2,1.0,1.0
72,998,0,2,1.0,1.0
73,998,0,2,1.0,1.0
74,998,0,2,1.0,1.0
75,998,0,2,1.0,1.0
76,998,0,2,1.0,1.0
77,998,0,2,1.0,1.0
78,998,0,2,1.0,1.0
79,998,0,2,1.0,1.0
80,998,0,2,1.0,1.0
81,998,0,2,1.0,1.0
82,998,0,2,1.0,1.0
83,998,0,2,1.0,1.0
84,998,0,2,1.0,1.0
85,998,0,2,1.0,1.0
86,998,0,2,1.0,1.0
87,998,0,2,1.0,1.0
88,998,0,2,1.0,1.0
89,998,0,2,1.0,1.0
90,998,0,2,1.0,1.0
91,998,0,2,1.0,1.0
92,998,0,2,1.0,1.0
93,998,0,2,1.0,1.0
94,998,0,2,1.0,1.0
95,998,0,2,1.0,1.0
96,998,0,2,1.0,1.0
97,998,0,2,1.0,1.0
98,998,0,2,1.0,1.0
99,998,0,2,1.0,1.0
100,998,0,2,1.0,1.0
101,998,0,2,1.0,1.0
102,998,0,2,1.0,1.0
103,998,0,2,1.0,1.0
104,998,0,2,1.0,1.0
105,998,0,2,1.0,1.0
106,998,0,2,1.0,1.0
107,998,0,2,1.0,1.0
108,998,0,2,1.0,1.0
109,998,0,2,1.0,1.0
110,998,0,2,1.0,1.0
111,998,0,2,1.0,1.0
112,998,0,2,1.0,1.0
113,998,0,2,1.0,1.0
114,998,0,2,1.0,1.0
115,998,0,2,1.0,1.0
116,998,0,2,1.0,1.0
117,998,0,2,1.0,1.0
118,998,0,2,1.0,1.0
119,998,0,2,1.0,1.0
120,998,0,2,1.0,1.0
121,998,0,2,1.0,1.0
122,998,0,2,1.0,1.0
123,998,0,2,1.0,1.0
124,998,0,2,1.0,1.0
125,998,0,2,1.0,1.0
126,998,0,2,1.0,1.0
127,998,0,2,1.0,1.0
128,998,0,2,1.0,1.0
129,998,0,2,1.0,1.0
130,998,0,2,1.0,1.0
131,998,0,2,1.0,1.0
132,998,0,2,1.0,1.0
133,998,0,2,1.0,1.0
134,998,0,2,1.0,1.0
135,998,0,2,1.0,1.0
136,998,0,2,1.0,1.0
137,998,0,2,1.0,1.0
138,998,0,2,1.0,1.0
139,998,0,2,1.0,1.0
140,998,0,2,1.0,1.0
141,998,0,2,1.0,1.0
142,998,0,2,1.0,1.0
143,998,0,2,1.0,1.0
144,998,0,2,1.0,1.0
145,998,0,2,1.0,1.0
146,998,0,2,1.0,1.0
147,998,0,2,1.0,1.0
148,998,0,2,1.0,1.0
149,998,0,2,1.0,1.0
150,998,0,2,1.0,1.0
151,998,0,2,1.0,1.0
152,998,0,2,1.0,1.0
153,998,0,2,1.0,1.0
154,998,0,2,1.0,1.0
155,998,0,2,1.0,1.0
156,998,0,2,1.0,1.0
157,998,0,2,1.0,1.0
158,998,0,2,1.0,1.0
159,998,0,2,1.0,1.0
160,998,0,2,1.0,1.0
161,998,0,2,1.0,1.0
162,998,0,2,1.0,1.0
163,998,0,2,1.0,1.0
164,998,0,2,1.0,1.0
165,998,0,2,1.0,1.0
166,998,0,2,1.0,1.0
167,998,0,2,1.0,1.0
168,998,0,2,1.0,1.0
169,998,0,2,1.0,1.0
170,998,0,2,1.0,1.0
171,998,0,2,1.0,1.0
172,998,0,2,1.0,1.0
173,998,0,2,1.0,1.0
174,998,0,2,1.0,1.0
175,998,0,2,1.0,1.0
176,998,0,2,1.0,1.0
177,998,0,2,1.0,1.0
178,998,0,2,1.0,1.0
179,998,0,2,1.0,1.0
180,998,0,2,1.0,1.0
181,998,0,2,1.0,1.0
182,998,0,2,1.0,1.0
183,998,0,2,1.0,1.0
184,998,0,2,1.0,1.0
185,998,0,2,1.0,1.0
186,998,0,2,1.0,1.0
187,998,0,2,1.0,1.0
188,998,0,2,1.0,1.0
189,998,0,2,1.0,1.0
190,998,0,2,1.0,1.0
191,998,0,2,1.0,1.0
192,998,0,2,1.0,1.0
193,998,0,2,1.0,1.0
194,998,0,2,1.0,1.0
195,998,0,2,1.0,1.0
196,998,0,2,1.0,1.0
197,998,0,2,1.0,1.0
198,998,0,2,1.0,1.0
199,998,0,2,1.0,1.0
200,998,0,2,1.0,1.0
1,999,1,0,1.0,1.0
2,999,1,0,1.0,1.0
3,999,1,0,1.0,1.0
4,999,1,0,1.0,1.0
5,999,1,0,1.0,1.0
6,999,1,0,1.0,1.0
7,999,1,0,1.0,1.0
8,999,1,0,1.0,1.0
9,999,0,1,1.0,1.0
10,999,0,1,1.0,1.0
11,999,0,1,1.0,1.0
12,999,0,1,1.0,1.0
13,999,0,1,1.0,1.0
14,999,0,1,1.0,1.0
15,999,0,1,1.0,1.0
16,999,0,1,1.0,1.0
17,999,0,1,1.0,1.0
18,999,0,1,1.0,1.0
19,999,0,1,1.0,1.0
20,999,0,1,1.0,1.0
21,999,0,1,1.0,1.0
22,999,0,1,1.0,1.0
23,999,0,1,1.0,1.0
24,999,0,1,1.0,1.0
25,999,0,1,1.0,1.0
26,999,0,1,1.0,1.0
27,999,0,1,1.0,1.0
28,999,0,1,1.0,1.0
29,999,0,1,1.0,1.0
30,999,0,1,1.0,1.0
31,999,0,1,1.0,1.0
32,999,0,1,1.0,1.0
33,999,0,1,1.0,1.0
34,999,0,1,1.0,1.0
35,999,0,1,1.0,1.0
36,999,0,1,1.0,1.0
37,999,0,1,1.0,1.0
38,999,0,1,1.0,1.0
39,999,0,1,1.0,1.0
40,999,0,1,1.0,1.0
41,999,0,1,1.0,1.0
42,999,0,1,1.0,1.0
43,999,0,1,1.0,1.0
44,999,0,1,1.0,1.0
45,999,0,1,1.0,1.0
46,999,0,1,1.0,1.0
47,999,0,1,1.0,1.0
48,999,0,1,1.0,1.0
49,999,0,1,1.0,1.0
50,999,0,1,1.0,1.0
51,999,0,1,1.0,1.0
52,999,0,1,1.0,1.0
53,999,0,1,1.0,1.0
54,999,0,1,1.0,1.0
55,999,0,1,1.0,1.0
56,999,0,1,1.0,1.0
57,999,0,1,1.0,1.0
58,999,0,1,1.0,1.0
59,999,0,1,1.0,1.0
60,999,0,1,1.0,1.0
61,999,0,1,1.0,1.0
62,999,0,1,1.0,1.0
63,999,0,1,1.0,1.0
64,999,0,1,1.0,1.0
65,999,0,1,1.0,1.0
66,999,0,1,1.0,1.0
67,999,0,1,1.0,1.0
68,999,0,1,1.0,1.0
69,999,0,1,1.0,1.0
70,999,0,1,1.0,1.0
71,999,0,1,1.0,1.0
72,999,0,1,1.0,1.0
73,999,0,1,1.0,1.0
74,999,0,1,1.0,1.0
75,999,0,1,1.0,1.0
76,999,0,1,1.0,1.0
77,999,0,1,1.0,1.0
78,999,0,1,1.0,1.0
79,999,0,1,1.0,1.0
80,999,0,1,1.0,1.0
81,999,0,1,1.0,1.0
82,999,0,1,1.0,1.0
83,999,0,1,1.0,1.0
84,999,0,1,1.0,1.0
85,999,0,1,1.0,1.0
86,999,0,1,1.0,1.0
87,999,0,1,1.0,1.0
88,999,0,1,1.0,1.0
89,999,0,1,1.0,1.0
90,999,0,1,1.0,1.0
91,999,0,1,1.0,1.0
92,999,0,1,1.0,1.0
93,999,0,1,1.0,1.0
94,999,0,1,1.0,1.0
95,999,0,1,1.0,1.0
96,999,0,1,1.0,1.0
97,999,0,1,1.0,1.0
98,999,0,1,1.0,1.0
99,999,0,1,1.0,1.0
100,999,0,1,1.0,1.0
101,999,0,1,1.0,1.0
102,999,0,1,1.0,1.0
103,999,0,1,1.0,1.0
104,999,0,1,1.0,1.0
105,999,0,1,1.0,1.0
106,999,0,1,1.0,1.0
107,999,0,1,1.0,1.0
108,999,0,1,1.0,1.0
109,999,0,1,1.0,1.0
110,999,0,1,1.0,1.0
111,999,0,1,1.0,1.0
112,999,0,1,1.0,1.0
113,999,0,1,1.0,1.0
114,999,0,1,1.0,1.0
115,999,0,1,1.0,1.0
116,999,0,1,1.0,1.0
117,999,0,1,1.0,1.0
118,999,0,1,1.0,1.0
119,999,0,1,1.0,1.0
120,999,0,1,1.0,1.0
121,999,0,1,1.0,1.0
122,999,0,1,1.0,1.0
123,999,0,1,1.0,1.0
124,999,0,1,1.0,1.0
125,999,0,1,1.0,1.0
126,999,0,1,1.0,1.0
127,999,0,1,1.0,1.0
128,999,0,1,1.0,1.0
129,999,0,1,1.0,1.0
130,999,0,1,1.0,1.0
131,999,0,1,1.0,1.0
132,999,0,1,1.0,1.0
133,999,0,1,1.0,1.0
134,999,0,1,1.0,1.0
135,999,0,1,1.0,1.0
136,999,0,1,1.0,1.0
137,999,0,1,1.0,1.0
138,999,0,1,1.0,1.0
139,999,0,1,1.0,1.0
140,999,0,1,1.0,1.0
141,999,0,1,1.0,1.0
142,999,0,1,1.0,1.0
143,999,0,1,1.0,1.0
144,999,0,1,1.0,1.0
145,999,0,1,1.0,1.0
146,999,0,1,1.0,1.0
147,999,0,1,1.0,1.0
148,999,0,1,1.0,1.0
149,999,0,1,1.0,1.0
150,999,0,1,1.0,1.0
151,999,0,1,1.0,1.0
152,999,0,1,1.0,1.0
153,999,0,1,1.0,1.0
154,999,0,1,1.0,1.0
155,999,0,1,1.0,1.0
156,999,0,1,1.0,1.0
157,999,0,1,1.0,1.0
158,999,0,1,1.0,1.0
159,999,0,1,1.0,1.0
160,999,0,1,1.0,1.0
161,999,0,1,1.0,1.0
162,999,0,1,1.0,1.0
163,999,0,1,1.0,1.0
164,999,0,1,1.0,1.0
165,999,0,1,1.0,1.0
166,999,0,1,1.0,1.0
167,999,0,1,1.0,1.0
168,999,0,1,1.0,1.0
169,999,0,1,1.0,1.0
170,999,0,1,1.0,1.0
171,999,0,1,1.0,1.0
172,999,0,1,1.0,1.0
173,999,0,1,1.0,1.0
174,999,0,1,1.0,1.0
175,999,0,1,1.0,1.0
176,999,0,1,1.0,1.0
177,999,0,1,1.0,1.0
178,999,0,1,1.0,1.0
179,999,0,1,1.0,1.0
180,999,0,1,1.0,1.0
181,999,0,1,1.0,1.0
182,999,0,1,1.0,1.0
183,999,0,1,1.0,1.0
184,999,0,1,1.0,1.0
185,999,0,1,1.0,1.0
186,999,0,1,1.0,1.0
187,999,0,1,1.0,1.0
188,999,0,1,1.0,1.0
189,999,0,1,1.0,1.0
190,999,0,1,1.0,1.0
191,999,0,1,1.0,1.0
192,999,0,1,1.0,1.0
193,999,0,1,1.0,1.0
194,999,0,1,1.0,1.0
195,999,0,1,1.0,1.0
196,999,0,1,1.0,1.0
197,999,0,1,1.0,1.0
198,999,0,1,1.0,1.0
199,999,0,1,1.0,1.0
200,999,0,1,1.0,1.0
1,999,1,0,1.0,1.0
2,999,1,0,1.0,1.0
3,999,1,0,1.0,1.0
4,999,0,1,1.0,1.0
5,999,0,1,1.0,1.0
6,999,0,1,1.0,1.0
7,999,0,1,1.0,1.0
8,999,0,1,1.0,1.0
9,999,0,1,1.0,1.0
10,999,0,1,1.0,1.0
11,999,0,1,1.0,1.0
12,999,0,1,1.0,1.0
13,999,0,1,1.0,1.0
14,999,0,1,1.0,1.0
15,999,0,1,1.0,1.0
16,999,0,1,1.0,1.0
17,999,0,1,1.0,1.0
18,999,0,1,1.0,1.0
19,999,0,1,1.0,1.0
20,999,0,1,1.0,1.0
21,999,0,1,1.0,1.0
22,999,0,1,1.0,1.0
23,999,0,1,1.0,1.0
24,999,0,1,1.0,1.0
25,999,0,1,1.0,1.0
26,999,0,1,1.0,1.0
27,999,0,1,1.0,1.0
28,999,0,1,1.0,1.0
29,999,0,1,1.0,1.0
30,999,0,1,1.0,1.0
31,999,0,1,1.0,1.0
32,999,0,1,1.0,1.0
33,999,0,1,1.0,1.0
34,999,0,1,1.0,1.0
35,999,0,1,1.0,1.0
36,999,0,1,1.0,1.0
37,999,0,1,1.0,1.0
38,999,0,1,1.0,1.0
39,999,0,1,1.0,1.0
40,999,0,1,1.0,1.0
41,999,0,1,1.0,1.0
42,999,0,1,1.0,1.0
43,999,0,1,1.0,1.0
44,999,0,1,1.0,1.0
45,999,0,1,1.0,1.0
46,999,0,1,1.0,1.0
47,999,0,1,1.0,1.0
48,999,0,1,1.0,1.0
49,999,0,1,1.0,1.0
50,999,0,1,1.0,1.0
51,999,0,1,1.0,1.0
52,999,0,1,1.0,1.0
53,999,0,1,1.0,1.0
54,999,0,1,1.0,1.0
55,999,0,1,1.0,1.0
56,999,0,1,1.0,1.0
57,999,0,1,1.0,1.0
58,999,0,1,1.0,1.0
59,999,0,1,1.0,1.0
60,999,0,1,1.0,1.0
61,999,0,1,1.0,1.0
62,999,0,1,1.0,1.0
63,999,0,1,1.0,1.0
64,999,0,1,1.0,1.0
65,999,0,1,1.0,1.0
66,999,0,1,1.0,1.0
67,999,0,1,1.0,1.0
68,999,0,1,1.0,1.0
69,999,0,1,1.0,1.0
70,999,0,1,1.0,1.0
71,999,0,1,1.0,1.0
72,999,0,1,1.0,1.0
73,999,0,1,1.0,1.0
74,999,0,1,1.0,1.0
75,999,0,1,1.0,1.0
76,999,0,1,1.0,1.0
77,999,0,1,1.0,1.0
78,999,0,1,1.0,1.0
79,999,0,1,1.0,1.0
80,999,0,1,1.0,1.0
81,999,0,1,1.0,1.0
82,999,0,1,1.0,1.0
83,999,0,1,1.0,1.0
84,999,0,1,1.0,1.0
85,999,0,1,1.0,1.0
86,999,0,1,1.0,1.0
87,999,0,1,1.0,1.0
88,999,0,1,1.0,1.0
89,999,0,1,1.0,1.0
90,999,0,1,1.0,1.0
91,999,0,1,1.0,1.0
92,999,0,1,1.0,1.0
93,999,0,1,1.0,1.0
94,999,0,1,1.0,1.0
95,999,0,1,1.0,1.0
96,999,0,1,1.0,1.0
97,999,0,1,1.0,1.0
98,999,0,1,1.0,1.0
99,999,0,1,1.0,1.0
100,999,0,1,1.0,1.0
101,999,0,1,1.0,1.0
102,999,0,1,1.0,1.0
103,999,0,1,1.0,1.0
104,999,0,1,1.0,1.0
105,999,0,1,1.0,1.0
106,999,0,1,1.0,1.0
107,999,0,1,1.0,1.0
108,999,0,1,1.0,1.0
109,999,0,1,1.0,1.0
110,999,0,1,1.0,1.0
111,999,0,1,1.0,1.0
112,999,0,1,1.0,1.0
113,999,0,1,1.0,1.0
114,999,0,1,1.0,1.0
115,999,0,1,1.0,1.0
116,999,0,1,1.0,1.0
117,999,0,1,1.0,1.0
118,999,0,1,1.0,1.0
119,999,0,1,1.0,1.0
120,999,0,1,1.0,1.0
121,999,0,1,1.0,1.0
122,999,0,1,1.0,1.0
123,999,0,1,1.0,1.0
124,999,0,1,1.0,1.0
125,999,0,1,1.0,1.0
126,999,0,1,1.0,1.0
127,999,0,1,1.0,1.0
128,999,0,1,1.0,1.0
129,999,0,1,1.0,1.0
130,999,0,1,1.0,1.0
131,999,0,1,1.0,1.0
132,999,0,1,1.0,1.0
133,999,0,1,1.0,1.0
134,999,0,1,1.0,1.0
135,999,0,1,1.0,1.0
136,999,0,1,1.0,1.0
137,999,0,1,1.0,1.0
138,999,0,1,1.0,1.0
139,999,0,1,1.0,1.0
140,999,0,1,1.0,1.0
141,999,0,1,1.0,1.0
142,999,0,1,1.0,1.0
143,999,0,1,1.0,1.0
144,999,0,1,1.0,1.0
145,999,0,1,1.0,1.0
146,999,0,1,1.0,1.0
147,999,0,1,1.0,1.0
148,999,0,1,1.0,1.0
149,999,0,1,1.0,1.0
150,999,0,1,1.0,1.0
151,999,0,1,1.0,1.0
152,999,0,1,1.0,1.0
153,999,0,1,1.0,1.0
154,999,0,1,1.0,1.0
155,999,0,1,1.0,1.0
156,999,0,1,1.0,1.0
157,999,0,1,1.0,1.0
158,999,0,1,1.0,1.0
159,999,0,1,1.0,1.0
160,999,0,1,1.0,1.0
161,999,0,1,1.0,1.0
162,999,0,1,1.0,1.0
163,999,0,1,1.0,1.0
164,999,0,1,1.0,1.0
165,999,0,1,1.0,1.0
166,999,0,1,1.0,1.0
167,999,0,1,1.0,1.0
168,999,0,1,1.0,1.0
169,999,0,1,1.0,1.0
170,999,0,1,1.0,1.0
171,999,0,1,1.0,1.0
172,999,0,1,1.0,1.0
173,999,0,1,1.0,1.0
174,999,0,1,1.0,1.0
175,999,0,1,1.0,1.0
176,999,0,1,1.0,1.0
177,999,0,1,1.0,1.0
178,999,0,1,1.0,1.0
179,999,0,1,1.0,1.0
180,999,0,1,1.0,1.0
181,999,0,1,1.0,1.0
182,999,0,1,1.0,1.0
183,999,0,1,1.0,1.0
184,999,0,1,1.0,1.0
185,999,0,1,1.0,1.0
186,999,0,1,1.0,1.0
187,999,0,1,1.0,1.0
188,999,0,1,1.0,1.0
189,999,0,1,1.0,1.0
190,999,0,1,1.0,1.0
191,999,0,1,1.0,1.0
192,999,0,1,1.0,1.0
193,999,0,1,1.0,1.0
194,999,0,1,1.0,1.0
195,999,0,1,1.0,1.0
196,999,0,1,1.0,1.0
197,999,0,1,1.0,1.0
198,999,0,1,1.0,1.0
199,999,0,1,1.0,1.0
200,999,0,1,1.0,1.0
1,999,1,0,1.0,1.0
2,998,2,0,0.9995,0.999749498997996
3,997,3,0,0.999,0.9994984954864594
4,997,2,1,0.9995,0.9997492477432297
5,997,2,1,0.9995,0.9997492477432297
6,997,2,1,0.9995,0.9997492477432297
7,997,2,1,0.9995,0.9997492477432297
8,997,2,1,0.9995,0.9997492477432297
9,997,2,1,0.9995,0.9997492477432297
10,997,2,1,0.9995,0.9997492477432297
11,997,2,1,0.9995,0.9997492477432297
12,997,2,1,0.9995,0.9997492477432297
13,997,2,1,0.9995,0.9997492477432297
14,997,2,1,0.9995,0.9997492477432297
15,997,2,1,0.9995,0.9997492477432297
16,995,4,1,0.9995,0.9996649916247907
17,995,3,2,0.9995,0.9996649916247907
18,995,3,2,0.9995,0.9996649916247907
19,995,3,2,0.9995,0.9996649916247907
20,995,2,3,1.0,1.0
21,995,2,3,1.0,1.0
22,995,2,3,1.0,1.0
23,995,2,3,1.0,1.0
24,995,2,3,1.0,1.0
25,995,2,3,1.0,1.0
26,995,2,3,1.0,1.0
27,995,2,3,1.0,1.0
28,995,2,3,1.0,1.0
29,995,2,3,1.0,1.0
30,995,2,3,1.0,1.0
31,995,2,3,1.0,1.0
32,995,2,3,1.0,1.0
33,995,2,3,1.0,1.0
34,995,2,3,1.0,1.0
35,995,2,3,1.0,1.0
36,995,2,3,1.0,1.0
37,994,3,3,1.0,1.0
38,994,3,3,1.0,1.0
39,993,4,3,1.0,1.0
40,993,4,3,1.0,1.0
41,993,4,3,1.0,1.0
42,993,4,3,1.0,1.0
43,993,4,3,1.0,1.0
44,992,5,3,1.0,1.0
45,992,5,3,1.0,1.0
46,992,5,3,1.0,1.0
47,991,5,4,1.0,1.0
48,990,6,4,1.0,1.0
49,990,6,4,1.0,1.0
50,990,6,4,1.0,1.0
51,990,6,4,1.0,1.0
52,989,7,4,0.9995,0.999747219413549
53,989,6,5,0.9995,0.999747219413549
54,989,5,6,0.9995,0.999747219413549
55,987,7,6,0.9985,0.9992401215805471
56,987,7,6,0.9985,0.9992401215805471
57,987,7,6,0.9985,0.9992401215805471
58,987,7,6,0.9985,0.9992401215805471
59,987,7,6,0.9985,0.9992401215805471
60,987,7,6,0.9985,0.9992401215805471
61,987,6,7,0.999,0.9994934143870314
62,987,6,7,0.999,0.9994934143870314
63,987,5,8,0.999,0.9994934143870314
64,987,5,8,0.999,0.9994934143870314
65,987,5,8,0.999,0.9994934143870314
66,987,4,9,0.9995,0.9997467071935157
67,987,4,9,0.9995,0.9997467071935157
68,987,4,9,0.9995,0.9997467071935157
69,987,4,9,0.9995,0.9997467071935157
70,987,4,9,0.9995,0.9997467071935157
71,987,3,10,1.0,1.0
72,987,2,11,1.0,1.0
73,987,2,11,1.0,1.0
74,987,2,11,1.0,1.0
75,986,3,11,1.0,1.0
76,986,3,11,1.0,1.0
77,986,3,11,1.0,1.0
78,986,3,11,1.0,1.0
79,986,3,11,1.0,1.0
80,986,3,11,1.0,1.0
81,986,3,11,1.0,1.0
82,986,2,12,1.0,1.0
83,986,2,12,1.0,1.0
84,986,2,12,1.0,1.0
85,986,2,12,1.0,1.0
86,986,2,12,1.0,1.0
87,986,1,13,1.0,1.0
88,986,1,13,1.0,1.0
89,986,1,13,1.0,1.0
90,986,1,13,1.0,1.0
91,986,1,13,1.0,1.0
92,986,1,13,1.0,1.0
93,986,1,13,1.0,1.0
94,986,1,13,1.0,1.0
95,986,1,13,1.0,1.0
96,986,1,13,1.0,1.0
97,986,1,13,1.0,1.0
98,986,1,13,1.0,1.0
99,986,1,13,1.0,1.0
100,986,1,13,1.0,1.0
101,986,1,13,1.0,1.0
102,986,1,13,1.0,1.0
103,986,1,13,1.0,1.0
104,986,1,13,1.0,1.0
105,986,1,13,1.0,1.0
106,986,1,13,1.0,1.0
107,985,2,13,1.0,1.0
108,985,2,13,1.0,1.0
109,985,2,13,1.0,1.0
110,985,2,13,1.0,1.0
111,985,2,13,1.0,1.0
112,985,2,13,1.0,1.0
113,985,1,14,1.0,1.0
114,985,1,14,1.0,1.0
115,985,1,14,1.0,1.0
116,985,1,14,1.0,1.0
117,985,1,14,1.0,1.0
118,985,1,14,1.0,1.0
119,985,1,14,1.0,1.0
120,985,1,14,1.0,1.0
121,985,1,14,1.0,1.0
122,985,1,14,1.0,1.0
123,985,1,14,1.0,1.0
124,985,1,14,1.0,1.0
125,985,1,14,1.0,1.0
126,985,1,14,1.0,1.0
127,985,1,14,1.0,1.0
128,985,1,14,1.0,1.0
129,985,1,14,1.0,1.0
130,985,1,14,1.0,1.0
131,985,1,14,1.0,1.0
132,985,1,14,1.0,1.0
133,985,1,14,1.0,1.0
134,984,2,14,1.0,1.0
135,983,3,14,0.9995,0.9997456765005086
136,983,3,14,0.9995,0.9997456765005086
137,983,3,14,0.9995,0.9997456765005086
138,982,4,14,0.9985,0.9992362525458248
139,982,3,15,0.9995,0.9997454175152749
140,981,4,15,0.999,0.9994903160040775
141,981,4,15,0.999,0.9994903160040775
142,981,4,15,0.999,0.9994903160040775
143,981,4,15,0.999,0.9994903160040775
144,981,3,16,0.9995,0.9997451580020388
145,981,3,16,0.9995,0.9997451580020388
146,980,4,16,0.999,0.9994897959183674
147,980,4,16,0.999,0.9994897959183674
148,979,5,16,1.0,1.0
149,979,5,16,1.0,1.0
150,979,4,17,1.0,1.0
151,979,3,18,1.0,1.0
152,979,3,18,1.0,1.0
153,979,3,18,1.0,1.0
154,979,3,18,1.0,1.0
155,979,3,18,1.0,1.0
156,979,3,18,1.0,1.0
157,979,3,18,1.0,1.0
158,979,3,18,1.0,1.0
159,979,2,19,1.0,1.0
160,979,2,19,1.0,1.0
161,979,2,19,1.0,1.0
162,979,2,19,1.0,1.0
163,979,2,19,1.0,1.0
164,979,2,19,1.0,1.0
165,979,2,19,1.0,1.0
166,979,2,19,1.0,1.0
167,979,2,19,1.0,1.0
168,979,2,19,1.0,1.0
169,979,2,19,1.0,1.0
170,979,2,19,1.0,1.0
171,979,2,19,1.0,1.0
172,979,2,19,1.0,1.0
173,979,2,19,1.0,1.0
174,979,1,20,1.0,1.0
175,979,1,20,1.0,1.0
176,979,1,20,1.0,1.0
177,979,1,20,1.0,1.0
178,979,0,21,1.0,1.0
179,979,0,21,1.0,1.0
180,979,0,21,1.0,1.0
181,979,0,21,1.0,1.0
182,979,0,21,1.0,1.0
183,979,0,21,1.0,1.0
184,979,0,21,1.0,1.0
185,979,0,21,1.0,1.0
186,979,0,21,1.0,1.0
187,979,0,21,1.0,1.0
188,979,0,21,1.0,1.0
189,979,0,21,1.0,1.0
190,979,0,21,1.0,1.0
191,979,0,21,1.0,1.0
192,979,0,21,1.0,1.0
193,979,0,21,1.0,1.0
194,979,0,21,1.0,1.0
195,979,0,21,1.0,1.0
196,979,0,21,1.0,1.0
197,979,0,21,1.0,1.0
198,979,0,21,1.0,1.0
199,979,0,21,1.0,1.0
200,979,0,21,1.0,1.0
1,999,0,1,1.0,1.0
2,999,0,1,1.0,1.0
3,999,0,1,1.0,1.0
4,999,0,1,1.0,1.0
5,999,0,1,1.0,1.0
6,999,0,1,1.0,1.0
7,999,0,1,1.0,1.0
8,999,0,1,1.0,1.0
9,999,0,1,1.0,1.0
10,999,0,1,1.0,1.0
11,999,0,1,1.0,1.0
12,999,0,1,1.0,1.0
13,999,0,1,1.0,1.0
14,999,0,1,1.0,1.0
15,999,0,1,1.0,1.0
16,999,0,1,1.0,1.0
17,999,0,1,1.0,1.0
18,999,0,1,1.0,1.0
19,999,0,1,1.0,1.0
20,999,0,1,1.0,1.0
21,999,0,1,1.0,1.0
22,999,0,1,1.0,1.0
23,999,0,1,1.0,1.0
24,999,0,1,1.0,1.0
25,999,0,1,1.0,1.0
26,999,0,1,1.0,1.0
27,999,0,1,1.0,1.0
28,999,0,1,1.0,1.0
29,999,0,1,1.0,1.0
30,999,0,1,1.0,1.0
31,999,0,1,1.0,1.0
32,999,0,1,1.0,1.0
33,999,0,1,1.0,1.0
34,999,0,1,1.0,1.0
35,999,0,1,1.0,1.0
36,999,0,1,1.0,1.0
37,999,0,1,1.0,1.0
38,999,0,1,1.0,1.0
39,999,0,1,1.0,1.0
40,999,0,1,1.0,1.0
41,999,0,1,1.0,1.0
42,999,0,1,1.0,1.0
43,999,0,1,1.0,1.0
44,999,0,1,1.0,1.0
45,999,0,1,1.0,1.0
46,999,0,1,1.0,1.0
47,999,0,1,1.0,1.0
48,999,0,1,1.0,1.0
49,999,0,1,1.0,1.0
50,999,0,1,1.0,1.0
51,999,0,1,1.0,1.0
52,999,0,1,1.0,1.0
53,999,0,1,1.0,1.0
54,999,0,1,1.0,1.0
55,999,0,1,1.0,1.0
56,999,0,1,1.0,1.0
57,999,0,1,1.0,1.0
58,999,0,1,1.0,1.0
59,999,0,1,1.0,1.0
60,999,0,1,1.0,1.0
61,999,0,1,1.0,1.0
62,999,0,1,1.0,1.0
63,999,0,1,1.0,1.0
64,999,0,1,1.0,1.0
65,999,0,1,1.0,1.0
66,999,0,1,1.0,1.0
67,999,0,1,1.0,1.0
68,999,0,1,1.0,1.0
69,999,0,1,1.0,1.0
70,999,0,1,1.0,1.0
71,999,0,1,1.0,1.0
72,999,0,1,1.0,1.0
73,999,0,1,1.0,1.0
74,999,0,1,1.0,1.0
75,999,0,1,1.0,1.0
76,999,0,1,1.0,1.0
77,999,0,1,1.0,1.0
78,999,0,1,1.0,1.0
79,999,0,1,1.0,1.0
80,999,0,1,1.0,1.0
81,999,0,1,1.0,1.0
82,999,0,1,1.0,1.0
83,999,0,1,1.0,1.0
84,999,0,1,1.0,1.0
85,999,0,1,1.0,1.0
86,999,0,1,1.0,1.0
87,999,0,1,1.0,1.0
88,999,0,1,1.0,1.0
89,999,0,1,1.0,1.0
90,999,0,1,1.0,1.0
91,999,0,1,1.0,1.0
92,999,0,1,1.0,1.0
93,999,0,1,1.0,1.0
94,999,0,1,1.0,1.0
95,999,0,1,1.0,1.0
96,999,0,1,1.0,1.0
97,999,0,1,1.0,1.0
98,999,0,1,1.0,1.0
99,999,0,1,1.0,1.0
100,999,0,1,1.0,1.0
101,999,0,1,1.0,1.0
102,999,0,1,1.0,1.0
103,999,0,1,1.0,1.0
104,999,0,1,1.0,1.0
105,999,0,1,1.0,1.0
106,999,0,1,1.0,1.0
107,999,0,1,1.0,1.0
108,999,0,1,1.0,1.0
109,999,0,1,1.0,1.0
110,999,0,1,1.0,1.0
111,999,0,1,1.0,1.0
112,999,0,1,1.0,1.0
113,999,0,1,1.0,1.0
114,999,0,1,1.0,1.0
115,999,0,1,1.0,1.0
116,999,0,1,1.0,1.0
117,999,0,1,1.0,1.0
118,999,0,1,1.0,1.0
119,999,0,1,1.0,1.0
120,999,0,1,1.0,1.0
121,999,0,1,1.0,1.0
122,999,0,1,1.0,1.0
123,999,0,1,1.0,1.0
124,999,0,1,1.0,1.0
125,999,0,1,1.0,1.0
126,999,0,1,1.0,1.0
127,999,0,1,1.0,1.0
128,999,0,1,1.0,1.0
129,999,0,1,1.0,1.0
130,999,0,1,1.0,1.0
131,999,0,1,1.0,1.0
132,999,0,1,1.0,1.0
133,999,0,1,1.0,1.0
134,999,0,1,1.0,1.0
135,999,0,1,1.0,1.0
136,999,0,1,1.0,1.0
137,999,0,1,1.0,1.0
138,999,0,1,1.0,1.0
139,999,0,1,1.0,1.0
140,999,0,1,1.0,1.0
141,999,0,1,1.0,1.0
142,999,0,1,1.0,1.0
143,999,0,1,1.0,1.0
144,999,0,1,1.0,1.0
145,999,0,1,1.0,1.0
146,999,0,1,1.0,1.0
147,999,0,1,1.0,1.0
148,999,0,1,1.0,1.0
149,999,0,1,1.0,1.0
150,999,0,1,1.0,1.0
151,999,0,1,1.0,1.0
152,999,0,1,1.0,1.0
153,999,0,1,1.0,1.0
154,999,0,1,1.0,1.0
155,999,0,1,1.0,1.0
156,999,0,1,1.0,1.0
157,999,0,1,1.0,1.0
158,999,0,1,1.0,1.0
159,999,0,1,1.0,1.0
160,999,0,1,1.0,1.0
161,999,0,1,1.0,1.0
162,999,0,1,1.0,1.0
163,999,0,1,1.0,1.0
164,999,0,1,1.0,1.0
165,999,0,1,1.0,1.0
166,999,0,1,1.0,1.0
167,999,0,1,1.0,1.0
168,999,0,1,1.0,1.0
169,999,0,1,1.0,1.0
170,999,0,1,1.0,1.0
171,999,0,1,1.0,1.0
172,999,0,1,1.0,1.0
173,999,0,1,1.0,1.0
174,999,0,1,1.0,1.0
175,999,0,1,1.0,1.0
176,999,0,1,1.0,1.0
177,999,0,1,1.0,1.0
178,999,0,1,1.0,1.0
179,999,0,1,1.0,1.0
180,999,0,1,1.0,1.0
181,999,0,1,1.0,1.0
182,999,0,1,1.0,1.0
183,999,0,1,1.0,1.0
184,999,0,1,1.0,1.0
185,999,0,1,1.0,1.0
186,999,0,1,1.0,1.0
187,999,0,1,1.0,1.0
188,999,0,1,1.0,1.0
189,999,0,1,1.0,1.0
190,999,0,1,1.0,1.0
191,999,0,1,1.0,1.0
192,999,0,1,1.0,1.0
193,999,0,1,1.0,1.0
194,999,0,1,1.0,1.0
195,999,0,1,1.0,1.0
196,999,0,1,1.0,1.0
197,999,0,1,1.0,1.0
198,999,0,1,1.0,1.0
199,999,0,1,1.0,1.0
200,999,0,1,1.0,1.0
1,999,1,0,1.0,1.0
2,999,1,0,1.0,1.0
3,999,1,0,1.0,1.0
4,999,1,0,1.0,1.0
5,999,1,0,1.0,1.0
6,997,3,0,0.999,0.9994984954864594
7,997,3,0,0.999,0.9994984954864594
8,997,3,0,0.999,0.9994984954864594
9,997,3,0,0.999,0.9994984954864594
10,997,3,0,0.999,0.9994984954864594
11,997,3,0,0.999,0.9994984954864594
12,997,3,0,0.999,0.9994984954864594
13,997,3,0,0.999,0.9994984954864594
14,997,3,0,0.999,0.9994984954864594
15,996,4,0,0.9985,0.9992469879518072
16,996,4,0,0.9985,0.9992469879518072
17,996,3,1,0.999,0.9994979919678715
18,996,3,1,0.999,0.9994979919678715
19,996,3,1,0.999,0.9994979919678715
20,996,3,1,0.999,0.9994979919678715
21,996,3,1,0.999,0.9994979919678715
22,996,3,1,0.999,0.9994979919678715
23,996,3,1,0.999,0.9994979919678715
24,996,3,1,0.999,0.9994979919678715
25,996,3,1,0.999,0.9994979919678715
26,996,3,1,0.999,0.9994979919678715
27,994,5,1,0.9985,0.9992454728370221
28,993,6,1,0.998,0.998992950654582
29,991,7,2,0.998,0.9989909182643795
30,991,7,2,0.998,0.9989909182643795
31,990,8,2,0.9985,0.9992424242424243
32,990,7,3,0.9985,0.9992424242424243
33,990,7,3,0.9985,0.9992424242424243
34,990,7,3,0.9985,0.9992424242424243
35,990,7,3,0.9985,0.9992424242424243
36,990,7,3,0.9985,0.9992424242424243
37,990,7,3,0.9985,0.9992424242424243
38,988,9,3,1.0,1.0
39,988,9,3,1.0,1.0
40,988,8,4,1.0,1.0
41,988,7,5,1.0,1.0
42,988,6,6,1.0,1.0
43,988,6,6,1.0,1.0
44,988,5,7,1.0,1.0
45,987,6,7,1.0,1.0
46,987,5,8,1.0,1.0
47,986,6,8,0.9995,0.9997464503042597
48,985,7,8,0.999,0.9995769881556684
49,985,7,8,0.999,0.9995769881556684
50,985,7,8,0.999,0.9995769881556684
51,985,7,8,0.999,0.9995769881556684
52,984,8,8,0.999,0.9995765582655827
53,983,8,9,0.9995,0.9998304510003392
54,983,7,10,0.9995,0.9998304510003392
55,982,8,10,0.999,0.9994908350305499
56,982,8,10,0.999,0.9994908350305499
57,982,8,10,0.999,0.9994908350305499
58,982,8,10,0.999,0.9994908350305499
59,982,8,10,0.999,0.9994908350305499
60,982,8,10,0.999,0.9994908350305499
61,982,7,11,0.9995,0.9996605566870332
62,982,6,12,1.0,1.0
63,982,6,12,1.0,1.0
64,980,7,13,0.9985,0.9993197278911565
65,980,7,13,0.9985,0.9993197278911565
66,980,7,13,0.9985,0.9993197278911565
67,980,7,13,0.9985,0.9993197278911565
68,979,8,13,0.9985,0.9993190330268983
69,979,6,15,0.9995,0.9997446373850868
70,979,5,16,1.0,1.0
71,979,5,16,1.0,1.0
72,977,6,17,1.0,1.0
73,976,7,17,1.0,1.0
74,976,7,17,1.0,1.0
75,976,6,18,1.0,1.0
76,976,6,18,1.0,1.0
77,976,6,18,1.0,1.0
78,976,6,18,1.0,1.0
79,975,7,18,0.9995,0.9997435897435898
80,975,7,18,0.9995,0.9997435897435898
81,975,6,19,0.9995,0.9997435897435898
82,974,4,22,1.0,1.0
83,974,4,22,1.0,1.0
84,974,4,22,1.0,1.0
85,974,3,23,1.0,1.0
86,974,3,23,1.0,1.0
87,974,3,23,1.0,1.0
88,973,4,23,1.0,1.0
89,972,5,23,0.999,0.9994855967078189
90,972,5,23,0.999,0.9994855967078189
91,972,4,24,0.999,0.9994855967078189
92,971,5,24,0.999,0.9994850669412977
93,971,5,24,0.999,0.9994850669412977
94,971,5,24,0.999,0.9994850669412977
95,970,6,24,0.999,0.9994845360824742
96,970,6,24,0.999,0.9994845360824742
97,970,6,24,0.999,0.9994845360824742
98,970,6,24,0.999,0.9994845360824742
99,968,8,24,0.9985,0.9992252066115702
100,968,8,24,0.9985,0.9992252066115702
101,968,8,24,0.9985,0.9992252066115702
102,968,8,24,0.9985,0.9992252066115702
103,967,9,24,0.9975,0.9986211651154774
104,966,10,24,0.9975,0.9986197377501725
105,966,10,24,0.9975,0.9986197377501725
106,965,10,25,0.998,0.9989637305699481
107,964,9,27,0.999,0.9994813278008299
108,963,10,27,0.9985,0.9992211838006231
109,962,10,28,0.9985,0.9992203742203742
110,961,11,28,0.998,0.9990114464099895
111,959,12,29,0.9965,0.9982273201251303
112,959,12,29,0.9965,0.9982273201251303
113,959,11,30,0.997,0.9984880083420229
114,958,12,30,0.996,0.9980167014613779
115,957,12,31,0.9965,0.9982758620689656
116,957,12,31,0.9965,0.9982758620689656
117,955,14,31,0.996,0.998062827225131
118,954,15,31,0.996,0.9980607966457024
119,954,15,31,0.996,0.9980607966457024
120,953,16,31,0.9965,0.9983210912906612
121,952,17,31,0.996,0.9980567226890757
122,951,17,32,0.9955,0.9978443743427972
123,951,16,33,0.996,0.9981072555205048
124,951,15,34,0.996,0.9981072555205048
125,951,15,34,0.996,0.9981072555205048
126,951,14,35,0.996,0.9981072555205048
127,951,13,36,0.9965,0.998317560462671
128,950,14,36,0.996,0.9980526315789474
129,949,15,36,0.9965,0.9982086406743941
130,948,16,36,0.9965,0.9982067510548522
131,948,15,37,0.997,0.998470464135021
132,947,15,38,0.998,0.9990496304118268
133,947,15,38,0.998,0.9990496304118268
134,947,15,38,0.998,0.9990496304118268
135,947,14,39,0.9985,0.999260823653643
136,947,14,39,0.9985,0.999260823653643
137,946,15,39,0.998,0.9990486257928118
138,945,16,39,0.998,0.9990476190476191
139,945,16,39,0.998,0.9990476190476191
140,945,14,41,0.999,0.9995238095238095
141,944,15,41,0.9985,0.9992584745762711
142,944,15,41,0.9985,0.9992584745762711
143,944,14,42,0.9985,0.9992584745762711
144,944,14,42,0.9985,0.9992584745762711
145,944,13,43,0.999,0.9995233050847457
146,944,13,43,0.999,0.9995233050847457
147,943,14,43,0.999,0.9995227995758218
148,942,14,44,0.9985,0.9993099787685775
149,942,14,44,0.9985,0.9993099787685775
150,941,14,45,0.9985,0.9993092454835282
151,940,14,46,0.999,0.999468085106383
152,939,15,46,0.999,0.9994675186368477
153,939,15,46,0.999,0.9994675186368477
154,939,14,47,0.999,0.9994675186368477
155,938,15,47,0.999,0.9994669509594882
156,938,14,48,0.999,0.9994669509594882
157,938,13,49,0.999,0.9994669509594882
158,937,13,50,0.999,0.9994663820704376
159,937,13,50,0.999,0.9994663820704376
160,936,13,51,0.999,0.999465811965812
161,935,13,52,0.999,0.9994652406417113
162,935,13,52,0.999,0.9994652406417113
163,935,13,52,0.999,0.9994652406417113
164,935,13,52,0.999,0.9994652406417113
165,934,14,52,0.999,0.9994646680942184
166,934,13,53,0.9995,0.9997323340471093
167,934,12,54,0.9995,0.9997323340471093
168,933,12,55,0.999,0.9994640943193998
169,933,11,56,0.9995,0.9997320471596999
170,933,11,56,0.9995,0.9997320471596999
171,933,11,56,0.9995,0.9997320471596999
172,932,11,57,0.999,0.9994635193133047
173,932,11,57,0.999,0.9994635193133047
174,932,11,57,0.999,0.9994635193133047
175,932,11,57,0.999,0.9994635193133047
176,932,11,57,0.999,0.9994635193133047
177,932,10,58,0.9995,0.9997317596566524
178,932,10,58,0.9995,0.9997317596566524
179,932,9,59,0.9995,0.9997317596566524
180,932,9,59,0.9995,0.9997317596566524
181,932,9,59,0.9995,0.9997317596566524
182,930,11,59,0.999,0.9994623655913979
183,930,11,59,0.999,0.9994623655913979
184,929,12,59,0.999,0.9994617868675996
185,928,13,59,0.9985,0.9992456896551724
186,927,12,61,0.9985,0.999244875943905
187,926,12,62,0.998,0.9989200863930886
188,926,12,62,0.998,0.9989200863930886
189,926,10,64,0.9985,0.9991900647948164
190,926,9,65,0.999,0.9994600431965442
191,925,8,67,0.9995,0.9997297297297297
192,923,10,67,0.9985,0.9991874322860238
193,922,11,67,0.998,0.9989696312364424
194,921,12,67,0.9985,0.9992399565689467
195,921,10,69,0.999,0.9995114006514657
196,920,11,69,0.9985,0.9992391304347825
197,919,11,70,0.9985,0.9992383025027203
198,918,12,70,0.9985,0.9991830065359477
199,918,12,70,0.9985,0.9991830065359477
200,918,12,70,0.9985,0.9991830065359477
1,998,2,0,0.999,0.999498997995992
2,998,2,0,0.999,0.999498997995992
3,998,2,0,0.999,0.999498997995992
4,998,2,0,0.999,0.999498997995992
5,998,2,0,0.999,0.999498997995992
6,998,2,0,0.999,0.999498997995992
7,998,2,0,0.999,0.999498997995992
8,997,3,0,0.9985,0.9992477432296891
9,997,3,0,0.9985,0.9992477432296891
10,997,3,0,0.9985,0.9992477432296891
11,997,3,0,0.9985,0.9992477432296891
12,997,3,0,0.9985,0.9992477432296891
13,996,4,0,0.9985,0.99929718875502
14,996,4,0,0.9985,0.99929718875502
15,996,4,0,0.9985,0.99929718875502
16,996,4,0,0.9985,0.99929718875502
17,996,4,0,0.9985,0.99929718875502
18,994,6,0,0.9975,0.9987424547283702
19,994,5,1,0.998,0.9989939637826962
20,994,4,2,0.999,0.9994969818913481
21,994,4,2,0.999,0.9994969818913481
22,993,5,2,0.999,0.999496475327291
23,993,4,3,0.9995,0.9997482376636455
24,993,3,4,0.9995,0.9997482376636455
25,993,3,4,0.9995,0.9997482376636455
26,992,4,4,0.999,0.9994959677419355
27,992,4,4,0.999,0.9994959677419355
28,991,5,4,0.9985,0.9992431886982845
29,991,5,4,0.9985,0.9992431886982845
30,991,5,4,0.9985,0.9992431886982845
31,990,6,4,0.9995,0.9997474747474747
32,990,6,4,0.9995,0.9997474747474747
33,990,5,5,0.9995,0.9997474747474747
34,990,5,5,0.9995,0.9997474747474747
35,990,4,6,0.9995,0.9997474747474747
36,990,4,6,0.9995,0.9997474747474747
37,990,4,6,0.9995,0.9997474747474747
38,990,4,6,0.9995,0.9997474747474747
39,990,4,6,0.9995,0.9997474747474747
40,990,4,6,0.9995,0.9997474747474747
41,989,5,6,0.999,0.9994944388270981
42,988,6,6,0.9985,0.9991565452091767
43,988,5,7,0.9985,0.9991565452091767
44,987,6,7,0.998,0.998902397838568
45,987,6,7,0.998,0.998902397838568
46,987,6,7,0.998,0.998902397838568
47,987,6,7,0.998,0.998902397838568
48,986,7,7,0.997,0.9984448951994591
49,986,7,7,0.997,0.9984448951994591
50,985,8,7,0.9975,0.9987817258883248
51,985,8,7,0.9975,0.9987817258883248
52,985,8,7,0.9975,0.9987817258883248
53,985,8,7,0.9975,0.9987817258883248
54,984,9,7,0.9985,0.9992886178861788
55,984,8,8,0.9985,0.9992886178861788
56,983,9,8,0.998,0.9990844354018311
57,983,8,9,0.998,0.9990844354018311
58,983,7,10,0.999,0.9995422177009156
59,983,6,11,1.0,1.0
60,982,6,12,1.0,1.0
61,982,6,12,1.0,1.0
62,982,6,12,1.0,1.0
63,982,6,12,1.0,1.0
64,982,6,12,1.0,1.0
65,982,6,12,1.0,1.0
66,982,6,12,1.0,1.0
67,982,5,13,1.0,1.0
68,982,4,14,1.0,1.0
69,982,4,14,1.0,1.0
70,982,4,14,1.0,1.0
71,982,4,14,1.0,1.0
72,982,4,14,1.0,1.0
73,982,3,15,1.0,1.0
74,982,3,15,1.0,1.0
75,982,3,15,1.0,1.0
76,982,3,15,1.0,1.0
77,982,3,15,1.0,1.0
78,982,3,15,1.0,1.0
79,982,3,15,1.0,1.0
80,982,3,15,1.0,1.0
81,982,3,15,1.0,1.0
82,982,3,15,1.0,1.0
83,982,3,15,1.0,1.0
84,982,3,15,1.0,1.0
85,982,3,15,1.0,1.0
86,982,3,15,1.0,1.0
87,982,3,15,1.0,1.0
88,982,3,15,1.0,1.0
89,982,3,15,1.0,1.0
90,982,3,15,1.0,1.0
91,982,3,15,1.0,1.0
92,982,3,15,1.0,1.0
93,982,3,15,1.0,1.0
94,982,3,15,1.0,1.0
95,982,2,16,1.0,1.0
96,982,2,16,1.0,1.0
97,982,2,16,1.0,1.0
98,982,1,17,1.0,1.0
99,982,1,17,1.0,1.0
100,982,1,17,1.0,1.0
101,982,0,18,1.0,1.0
102,982,0,18,1.0,1.0
103,982,0,18,1.0,1.0
104,982,0,18,1.0,1.0
105,982,0,18,1.0,1.0
106,982,0,18,1.0,1.0
107,982,0,18,1.0,1.0
108,982,0,18,1.0,1.0
109,982,0,18,1.0,1.0
110,982,0,18,1.0,1.0
111,982,0,18,1.0,1.0
112,982,0,18,1.0,1.0
113,982,0,18,1.0,1.0
114,982,0,18,1.0,1.0
115,982,0,18,1.0,1.0
116,982,0,18,1.0,1.0
117,982,0,18,1.0,1.0
118,982,0,18,1.0,1.0
119,982,0,18,1.0,1.0
120,982,0,18,1.0,1.0
121,982,0,18,1.0,1.0
122,982,0,18,1.0,1.0
123,982,0,18,1.0,1.0
124,982,0,18,1.0,1.0
125,982,0,18,1.0,1.0
126,982,0,18,1.0,1.0
127,982,0,18,1.0,1.0
128,982,0,18,1.0,1.0
129,982,0,18,1.0,1.0
130,982,0,18,1.0,1.0
131,982,0,18,1.0,1.0
132,982,0,18,1.0,1.0
133,982,0,18,1.0,1.0
134,982,0,18,1.0,1.0
135,982,0,18,1.0,1.0
136,982,0,18,1.0,1.0
137,982,0,18,1.0,1.0
138,982,0,18,1.0,1.0
139,982,0,18,1.0,1.0
140,982,0,18,1.0,1.0
141,982,0,18,1.0,1.0
142,982,0,18,1.0,1.0
143,982,0,18,1.0,1.0
144,982,0,18,1.0,1.0
145,982,0,18,1.0,1.0
146,982,0,18,1.0,1.0
147,982,0,18,1.0,1.0
148,982,0,18,1.0,1.0
149,982,0,18,1.0,1.0
150,982,0,18,1.0,1.0
151,982,0,18,1.0,1.0
152,982,0,18,1.0,1.0
153,982,0,18,1.0,1.0
154,982,0,18,1.0,1.0
155,982,0,18,1.0,1.0
156,982,0,18,1.0,1.0
157,982,0,18,1.0,1.0
158,982,0,18,1.0,1.0
159,982,0,18,1.0,1.0
160,982,0,18,1.0,1.0
161,982,0,18,1.0,1.0
162,982,0,18,1.0,1.0
163,982,0,18,1.0,1.0
164,982,0,18,1.0,1.0
165,982,0,18,1.0,1.0
166,982,0,18,1.0,1.0
167,982,0,18,1.0,1.0
168,982,0,18,1.0,1.0
169,982,0,18,1.0,1.0
170,982,0,18,1.0,1.0
171,982,0,18,1.0,1.0
172,982,0,18,1.0,1.0
173,982,0,18,1.0,1.0
174,982,0,18,1.0,1.0
175,982,0,18,1.0,1.0
176,982,0,18,1.0,1.0
177,982,0,18,1.0,1.0
178,982,0,18,1.0,1.0
179,982,0,18,1.0,1.0
180,982,0,18,1.0,1.0
181,982,0,18,1.0,1.0
182,982,0,18,1.0,1.0
183,982,0,18,1.0,1.0
184,982,0,18,1.0,1.0
185,982,0,18,1.0,1.0
186,982,0,18,1.0,1.0
187,982,0,18,1.0,1.0
188,982,0,18,1.0,1.0
189,982,0,18,1.0,1.0
190,982,0,18,1.0,1.0
191,982,0,18,1.0,1.0
192,982,0,18,1.0,1.0
193,982,0,18,1.0,1.0
194,982,0,18,1.0,1.0
195,982,0,18,1.0,1.0
196,982,0,18,1.0,1.0
197,982,0,18,1.0,1.0
198,982,0,18,1.0,1.0
199,982,0,18,1.0,1.0
200,982,0,18,1.0,1.0
1,999,1,0,1.0,1.0
2,999,1,0,1.0,1.0
3,999,1,0,1.0,1.0
4,999,1,0,1.0,1.0
5,999,1,0,1.0,1.0
6,999,1,0,1.0,1.0
7,999,1,0,1.0,1.0
8,999,1,0,1.0,1.0
9,999,1,0,1.0,1.0
10,999,1,0,1.0,1.0
11,998,2,0,0.9995,0.999749498997996
12,998,1,1,1.0,1.0
13,998,1,1,1.0,1.0
14,998,1,1,1.0,1.0
15,998,1,1,1.0,1.0
16,997,2,1,0.9995,0.9997492477432297
17,997,2,1,0.9995,0.9997492477432297
18,997,2,1,0.9995,0.9997492477432297
19,997,2,1,0.9995,0.9997492477432297
20,997,2,1,0.9995,0.9997492477432297
21,997,2,1,0.9995,0.9997492477432297
22,997,2,1,0.9995,0.9997492477432297
23,997,2,1,0.9995,0.9997492477432297
24,997,2,1,0.9995,0.9997492477432297
25,997,2,1,0.9995,0.9997492477432297
26,997,2,1,0.9995,0.9997492477432297
27,997,2,1,0.9995,0.9997492477432297
28,996,3,1,0.9995,0.9997991967871486
29,996,3,1,0.9995,0.9997991967871486
30,996,3,1,0.9995,0.9997991967871486
31,996,2,2,1.0,1.0
32,996,2,2,1.0,1.0
33,996,2,2,1.0,1.0
34,996,2,2,1.0,1.0
35,996,2,2,1.0,1.0
36,996,2,2,1.0,1.0
37,995,3,2,0.9995,0.999748743718593
38,995,3,2,0.9995,0.999748743718593
39,995,3,2,0.9995,0.999748743718593
40,994,3,3,0.9995,0.9997484909456741
41,994,3,3,0.9995,0.9997484909456741
42,994,3,3,0.9995,0.9997484909456741
43,994,3,3,0.9995,0.9997484909456741
44,994,3,3,0.9995,0.9997484909456741
45,993,4,3,0.9995,0.9997482376636455
46,993,4,3,0.9995,0.9997482376636455
47,993,3,4,0.9995,0.9997482376636455
48,993,3,4,0.9995,0.9997482376636455
49,993,3,4,0.9995,0.9997482376636455
50,993,3,4,0.9995,0.9997482376636455
51,993,3,4,0.9995,0.9997482376636455
52,993,3,4,0.9995,0.9997482376636455
53,993,3,4,0.9995,0.9997482376636455
54,993,3,4,0.9995,0.9997482376636455
55,993,3,4,0.9995,0.9997482376636455
56,993,3,4,0.9995,0.9997482376636455
57,993,3,4,0.9995,0.9997482376636455
58,993,3,4,0.9995,0.9997482376636455
59,993,3,4,0.9995,0.9997482376636455
60,993,3,4,0.9995,0.9997482376636455
61,993,3,4,0.9995,0.9997482376636455
62,993,2,5,1.0,1.0
63,993,2,5,1.0,1.0
64,992,3,5,1.0,1.0
65,992,2,6,1.0,1.0
66,992,2,6,1.0,1.0
67,992,2,6,1.0,1.0
68,992,2,6,1.0,1.0
69,991,3,6,1.0,1.0
70,991,3,6,1.0,1.0
71,991,3,6,1.0,1.0
72,991,3,6,1.0,1.0
73,991,3,6,1.0,1.0
74,991,3,6,1.0,1.0
75,991,3,6,1.0,1.0
76,990,4,6,1.0,1.0
77,990,3,7,1.0,1.0
78,990,3,7,1.0,1.0
79,990,3,7,1.0,1.0
80,989,4,7,0.9995,0.9997977755308392
81,989,4,7,0.9995,0.9997977755308392
82,989,4,7,0.9995,0.9997977755308392
83,989,4,7,0.9995,0.9997977755308392
84,988,5,7,0.999,0.9995445344129554
85,988,5,7,0.999,0.9995445344129554
86,988,4,8,1.0,1.0
87,988,3,9,1.0,1.0
88,988,3,9,1.0,1.0
89,988,3,9,1.0,1.0
90,988,2,10,1.0,1.0
91,987,2,11,0.9995,0.9997973657548125
92,987,2,11,0.9995,0.9997973657548125
93,987,1,12,1.0,1.0
94,987,1,12,1.0,1.0
95,987,1,12,1.0,1.0
96,987,1,12,1.0,1.0
97,987,1,12,1.0,1.0
98,987,1,12,1.0,1.0
99,987,1,12,1.0,1.0
100,987,1,12,1.0,1.0
101,987,1,12,1.0,1.0
102,986,2,12,1.0,1.0
103,986,2,12,1.0,1.0
104,986,2,12,1.0,1.0
105,986,2,12,1.0,1.0
106,986,2,12,1.0,1.0
107,986,2,12,1.0,1.0
108,986,2,12,1.0,1.0
109,986,2,12,1.0,1.0
110,986,2,12,1.0,1.0
111,986,2,12,1.0,1.0
112,986,1,13,1.0,1.0
113,986,1,13,1.0,1.0
114,986,1,13,1.0,1.0
115,986,1,13,1.0,1.0
116,985,2,13,1.0,1.0
117,985,2,13,1.0,1.0
118,984,3,13,1.0,1.0
119,984,3,13,1.0,1.0
120,984,3,13,1.0,1.0
121,982,5,13,0.9995,0.9997454175152749
122,979,8,13,0.999,0.9994892747701737
123,979,8,13,0.999,0.9994892747701737
124,978,9,13,0.999,0.9994887525562373
125,976,10,14,0.9985,0.9992827868852459
126,976,10,14,0.9985,0.9992827868852459
127,976,9,15,0.9985,0.9992827868852459
128,975,8,17,0.999,0.9995384615384615
129,975,8,17,0.999,0.9995384615384615
130,974,9,17,0.999,0.9994866529774127
131,974,9,17,0.999,0.9994866529774127
132,974,9,17,0.999,0.9994866529774127
133,974,9,17,0.999,0.9994866529774127
134,974,9,17,0.999,0.9994866529774127
135,974,8,18,0.9995,0.9997433264887063
136,972,10,18,0.999,0.9994855967078189
137,972,10,18,0.999,0.9994855967078189
138,971,11,18,0.999,0.9994850669412977
139,970,11,19,0.9985,0.9992268041237113
140,970,10,20,0.9985,0.9992268041237113
141,969,10,21,0.999,0.999484004127967
142,969,8,23,0.9995,0.9997420020639834
143,969,7,24,0.9995,0.9997420020639834
144,969,7,24,0.9995,0.9997420020639834
145,968,8,24,0.9995,0.99974173553719
146,968,8,24,0.9995,0.99974173553719
147,968,8,24,0.9995,0.99974173553719
148,968,7,25,1.0,1.0
149,968,7,25,1.0,1.0
150,968,7,25,1.0,1.0
151,968,7,25,1.0,1.0
152,968,7,25,1.0,1.0
153,968,7,25,1.0,1.0
154,968,6,26,1.0,1.0
155,968,5,27,1.0,1.0
156,968,5,27,1.0,1.0
157,968,5,27,1.0,1.0
158,968,5,27,1.0,1.0
159,968,5,27,1.0,1.0
160,967,5,28,1.0,1.0
161,967,4,29,1.0,1.0
162,967,4,29,1.0,1.0
163,966,5,29,1.0,1.0
164,966,5,29,1.0,1.0
165,966,5,29,1.0,1.0
166,966,5,29,1.0,1.0
167,964,7,29,0.9995,0.9997406639004149
168,964,7,29,0.9995,0.9997406639004149
169,964,7,29,0.9995,0.9997406639004149
170,964,7,29,0.9995,0.9997406639004149
171,963,7,30,0.999,0.9994807892004154
172,963,5,32,1.0,1.0
173,963,5,32,1.0,1.0
174,963,5,32,1.0,1.0
175,963,4,33,1.0,1.0
176,963,4,33,1.0,1.0
177,963,4,33,1.0,1.0
178,963,4,33,1.0,1.0
179,963,4,33,1.0,1.0
180,963,4,33,1.0,1.0
181,963,4,33,1.0,1.0
182,963,4,33,1.0,1.0
183,963,3,34,1.0,1.0
184,963,3,34,1.0,1.0
185,963,3,34,1.0,1.0
186,963,3,34,1.0,1.0
187,963,3,34,1.0,1.0
188,963,3,34,1.0,1.0
189,963,3,34,1.0,1.0
190,963,3,34,1.0,1.0
191,962,3,35,1.0,1.0
192,962,3,35,1.0,1.0
193,962,3,35,1.0,1.0
194,961,4,35,1.0,1.0
195,960,5,35,0.9995,0.9996527777777777
196,959,5,36,1.0,1.0
197,958,6,36,0.9995,0.9997390396659708
198,958,5,37,0.9995,0.9997390396659708
199,958,5,37,0.9995,0.9997390396659708
200,957,6,37,0.9995,0.9997387669801463
1,998,2,0,0.9995,0.999749498997996
2,997,3,0,0.9985,0.9992477432296891
3,997,3,0,0.9985,0.9992477432296891
4,997,3,0,0.9985,0.9992477432296891
5,997,3,0,0.9985,0.9992477432296891
6,997,3,0,0.9985,0.9992477432296891
7,997,3,0,0.9985,0.9992477432296891
8,997,3,0,0.9985,0.9992477432296891
9,997,3,0,0.9985,0.9992477432296891
10,996,4,0,0.999,0.9994979919678715
11,996,4,0,0.999,0.9994979919678715
12,996,4,0,0.999,0.9994979919678715
13,996,4,0,0.999,0.9994979919678715
14,995,5,0,0.9985,0.9992462311557789
15,995,5,0,0.9985,0.9992462311557789
16,995,4,1,0.999,0.9994974874371859
17,995,4,1,0.999,0.9994974874371859
18,995,4,1,0.999,0.9994974874371859
19,995,4,1,0.999,0.9994974874371859
20,995,4,1,0.999,0.9994974874371859
21,995,4,1,0.999,0.9994974874371859
22,995,4,1,0.999,0.9994974874371859
23,995,4,1,0.999,0.9994974874371859
24,995,3,2,0.9995,0.999748743718593
25,994,3,3,1.0,1.0
26,994,3,3,1.0,1.0
27,994,3,3,1.0,1.0
28,994,3,3,1.0,1.0
29,994,3,3,1.0,1.0
30,994,3,3,1.0,1.0
31,994,3,3,1.0,1.0
32,994,3,3,1.0,1.0
33,994,3,3,1.0,1.0
34,994,3,3,1.0,1.0
35,994,3,3,1.0,1.0
36,994,3,3,1.0,1.0
37,994,3,3,1.0,1.0
38,994,3,3,1.0,1.0
39,994,3,3,1.0,1.0
40,994,3,3,1.0,1.0
41,993,4,3,1.0,1.0
42,993,4,3,1.0,1.0
43,993,4,3,1.0,1.0
44,993,4,3,1.0,1.0
45,992,5,3,0.999,0.9994959677419355
46,992,5,3,0.999,0.9994959677419355
47,992,5,3,0.999,0.9994959677419355
48,992,5,3,0.999,0.9994959677419355
49,991,6,3,0.9985,0.9992431886982845
50,990,7,3,0.998,0.999040404040404
51,990,6,4,0.998,0.999040404040404
52,990,6,4,0.998,0.999040404040404
53,990,5,5,0.998,0.999040404040404
54,990,5,5,0.998,0.999040404040404
55,990,4,6,0.9985,0.9992929292929292
56,990,4,6,0.9985,0.9992929292929292
57,990,4,6,0.9985,0.9992929292929292
58,990,4,6,0.9985,0.9992929292929292
59,990,4,6,0.9985,0.9992929292929292
60,989,5,6,0.9985,0.9992922143579372
61,989,5,6,0.9985,0.9992922143579372
62,989,5,6,0.9985,0.9992922143579372
63,989,5,6,0.9985,0.9992922143579372
64,988,6,6,0.9985,0.9992914979757085
65,988,6,6,0.9985,0.9992914979757085
66,988,6,6,0.9985,0.9992914979757085
67,988,5,7,0.9985,0.9992914979757085
68,987,6,7,0.998,0.9990881458966565
69,987,6,7,0.998,0.9990881458966565
70,987,6,7,0.998,0.9990881458966565
71,987,6,7,0.998,0.9990881458966565
72,986,7,7,0.998,0.9990872210953347
73,986,7,7,0.998,0.9990872210953347
74,985,8,7,0.997,0.9986294416243656
75,985,8,7,0.997,0.9986294416243656
76,985,8,7,0.997,0.9986294416243656
77,985,8,7,0.997,0.9986294416243656
78,984,9,7,0.997,0.9986280487804879
79,983,10,7,0.9965,0.9983723296032554
80,982,11,7,0.996,0.9981160896130347
81,982,11,7,0.996,0.9981160896130347
82,982,11,7,0.996,0.9981160896130347
83,982,11,7,0.996,0.9981160896130347
84,982,11,7,0.996,0.9981160896130347
85,981,12,7,0.996,0.9980632008154944
86,981,12,7,0.996,0.9980632008154944
87,981,12,7,0.996,0.9980632008154944
88,980,13,7,0.997,0.9985714285714286
89,980,12,8,0.9975,0.9988265306122449
90,977,15,8,0.998,0.9989764585465711
91,976,16,8,0.998,0.9989754098360656
92,976,15,9,0.9985,0.9992315573770492
93,975,15,10,0.999,0.9994871794871795
94,975,15,10,0.999,0.9994871794871795
95,975,15,10,0.999,0.9994871794871795
96,975,13,12,0.999,0.9994871794871795
97,975,13,12,0.999,0.9994871794871795
98,974,14,12,0.999,0.9994866529774127
99,972,16,12,0.9985,0.9992283950617284
100,972,16,12,0.9985,0.9992283950617284
101,970,16,14,0.9985,0.9992268041237113
102,969,14,17,0.999,0.999484004127967
103,969,13,18,0.999,0.999484004127967
104,968,13,19,0.999,0.9994834710743802
105,968,12,20,0.999,0.9994834710743802
106,966,14,20,0.999,0.9994824016563147
107,966,13,21,0.999,0.9994824016563147
108,964,15,21,0.9985,0.9992219917012448
109,964,15,21,0.9985,0.9992219917012448
110,962,17,21,0.998,0.999012474012474
111,961,17,22,0.998,0.9990114464099895
112,961,16,23,0.998,0.9990114464099895
113,959,18,23,0.9975,0.9987486965589155
114,959,18,23,0.9975,0.9987486965589155
115,958,19,23,0.997,0.9983994432846208
116,958,19,23,0.997,0.9983994432846208
117,956,21,23,0.997,0.9983960948396096
118,956,21,23,0.997,0.9983960948396096
119,955,20,25,0.9975,0.9986561954624782
120,954,19,27,0.9975,0.9986547868623341
121,952,20,28,0.9965,0.9981267507002801
122,951,21,28,0.996,0.9978618997546442
123,951,21,28,0.996,0.9978618997546442
124,949,22,29,0.9955,0.9975939585528627
125,949,22,29,0.9955,0.9975939585528627
126,948,22,30,0.996,0.9978551336146273
127,948,21,31,0.996,0.9978551336146273
128,946,23,31,0.995,0.9973220577871741
129,945,23,32,0.996,0.9978483245149912
130,944,24,32,0.9955,0.9976341807909604
131,943,24,33,0.9955,0.9977730646871685
132,940,25,35,0.9955,0.9977659574468085
133,939,26,35,0.996,0.9978345757898474
134,937,27,36,0.9955,0.9975631447883316
135,936,25,39,0.9965,0.9981837606837607
136,935,26,39,0.9965,0.9981283422459893
137,931,29,40,0.9955,0.9975832438238453
138,927,31,42,0.9955,0.9975728155339806
139,926,29,45,0.9955,0.9975701943844493
140,922,32,46,0.9965,0.9981019522776573
141,921,32,47,0.9965,0.998099891422367
142,918,34,48,0.997,0.9983660130718954
143,917,35,48,0.996,0.9978189749182116
144,917,33,50,0.996,0.9978189749182116
145,917,30,53,0.9965,0.9980916030534351
146,916,29,55,0.9965,0.9980895196506551
147,915,30,55,0.9965,0.9980874316939891
148,914,30,56,0.9965,0.9980853391684902
149,914,27,59,0.998,0.9989059080962801
150,913,27,60,0.998,0.9989047097480832
151,911,29,60,0.9965,0.99807903402854
152,910,29,61,0.9965,0.9980769230769231
153,907,30,63,0.997,0.9983461962513782
154,905,32,63,0.996,0.9977900552486187
155,903,32,65,0.9955,0.9975083056478405
156,899,36,65,0.995,0.9971264367816092
157,898,36,66,0.994,0.9964736451373422
158,896,38,66,0.9935,0.9961867559523808
159,896,37,67,0.9935,0.9961867559523808
160,895,36,69,0.993,0.9958100558659218
161,892,38,70,0.9915,0.9949551569506726
162,890,37,73,0.9915,0.9950374531835207
163,886,41,73,0.9895,0.9938487584650112
164,885,42,73,0.9905,0.9944067796610169
165,884,43,73,0.9915,0.9949660633484162
166,884,42,74,0.9915,0.9949660633484162
167,883,42,75,0.9915,0.9949603624009059
168,881,42,77,0.9925,0.9957056375331064
169,881,40,79,0.9925,0.9957056375331064
170,880,40,80,0.992,0.9954166666666667
171,879,39,82,0.993,0.9959802806219189
172,877,39,84,0.9935,0.9962561763587989
173,876,37,87,0.994,0.9965372907153729
174,875,36,89,0.994,0.9965333333333334
175,875,34,91,0.9945,0.9968190476190476
176,874,31,95,0.995,0.9971586575133485
177,874,29,97,0.995,0.9971586575133485
178,874,27,99,0.9955,0.9973874904652937
179,874,27,99,0.9955,0.9973874904652937
180,873,28,99,0.9955,0.9972317678503246
181,872,28,100,0.9965,0.997801987767584
182,872,26,102,0.9965,0.997801987767584
183,872,24,104,0.997,0.9980886850152905
184,872,24,104,0.997,0.9980886850152905
185,870,25,105,0.996,0.9975670498084291
186,869,21,110,0.9975,0.9985232067510549
187,869,21,110,0.9975,0.9985232067510549
188,868,21,111,0.998,0.9988095238095238
189,868,21,111,0.998,0.9988095238095238
190,868,21,111,0.998,0.9988095238095238
191,868,19,113,0.9985,0.9991935483870967
192,865,22,113,0.9975,0.9986127167630058
193,865,22,113,0.9975,0.9986127167630058
194,865,21,114,0.998,0.9989017341040461
195,864,22,114,0.9975,0.9985146604938272
196,862,22,116,0.9985,0.9990912606341841
197,861,20,119,0.9985,0.9990902051877661
198,861,20,119,0.9985,0.9990902051877661
199,859,20,121,0.999,0.9993791230112534
200,858,20,122,0.9995,0.9997668997668997
1,999,1,0,1.0,1.0
2,999,1,0,1.0,1.0
3,998,2,0,0.999,0.999498997995992
4,998,2,0,0.999,0.999498997995992
5,998,2,0,0.999,0.999498997995992
6,998,2,0,0.999,0.999498997995992
7,998,2,0,0.999,0.999498997995992
8,998,2,0,0.999,0.999498997995992
9,997,3,0,0.9985,0.9992477432296891
10,997,3,0,0.9985,0.9992477432296891
11,997,3,0,0.9985,0.9992477432296891
12,996,4,0,0.998,0.998995983935743
13,996,4,0,0.998,0.998995983935743
14,996,4,0,0.998,0.998995983935743
15,996,4,0,0.998,0.998995983935743
16,995,5,0,0.9975,0.9987437185929648
17,995,5,0,0.9975,0.9987437185929648
18,994,6,0,0.998,0.9989939637826962
19,994,5,1,0.998,0.9989939637826962
20,994,5,1,0.998,0.9989939637826962
21,994,5,1,0.998,0.9989939637826962
22,994,5,1,0.998,0.9989939637826962
23,994,5,1,0.998,0.9989939637826962
24,994,5,1,0.998,0.9989939637826962
25,994,4,2,0.9985,0.9992454728370221
26,994,3,3,0.999,0.9994969818913481
27,994,3,3,0.999,0.9994969818913481
28,994,3,3,0.999,0.9994969818913481
29,994,3,3,0.999,0.9994969818913481
30,994,3,3,0.999,0.9994969818913481
31,994,3,3,0.999,0.9994969818913481
32,994,3,3,0.999,0.9994969818913481
33,994,3,3,0.999,0.9994969818913481
34,993,4,3,0.9985,0.9992447129909365
35,992,5,3,0.9975,0.9987399193548387
36,991,6,3,0.9975,0.9987386478304743
37,990,7,3,0.997,0.9985353535353535
38,988,9,3,0.996,0.9980769230769231
39,988,9,3,0.996,0.9980769230769231
40,986,11,3,0.996,0.9980223123732251
41,985,12,3,0.9955,0.9977664974619289
42,984,13,3,0.9955,0.9978150406504065
43,983,14,3,0.995,0.9975584944048831
44,983,14,3,0.995,0.9975584944048831
45,983,14,3,0.995,0.9975584944048831
46,983,13,4,0.9955,0.9978128179043744
47,983,12,5,0.996,0.9980671414038658
48,982,12,6,0.9965,0.9982688391038697
49,982,12,6,0.9965,0.9982688391038697
50,982,12,6,0.9965,0.9982688391038697
51,982,12,6,0.9965,0.9982688391038697
52,981,13,6,0.9965,0.9982670744138633
53,980,14,6,0.996,0.9980102040816327
54,980,12,8,0.9975,0.9987755102040816
55,980,11,9,0.998,0.9990306122448979
56,979,10,11,0.999,0.9995403472931562
57,979,10,11,0.999,0.9995403472931562
58,976,12,12,0.999,0.9995389344262294
59,975,12,13,0.9995,0.9997435897435898
60,972,15,13,0.9985,0.9992283950617284
61,971,15,14,0.999,0.9994850669412977
62,970,16,14,0.999,0.9994845360824742
63,969,17,14,0.9985,0.9992260061919505
64,969,16,15,0.9985,0.9992260061919505
65,968,16,16,0.998,0.9988808539944904
66,966,17,17,0.9975,0.9987060041407867
67,965,18,17,0.9975,0.9987564766839377
68,965,15,20,0.9985,0.9992746113989637
69,964,16,20,0.9985,0.9992738589211618
70,964,15,21,0.9985,0.9992738589211618
71,964,14,22,0.999,0.9995331950207469
72,964,13,23,0.9995,0.999792531120332
73,962,14,24,0.999,0.9995322245322245
74,962,13,25,0.999,0.9995322245322245
75,961,13,26,0.999,0.9994797086368367
76,958,14,28,0.998,0.9989561586638831
77,955,17,28,0.998,0.9989528795811519
78,954,17,29,0.998,0.9989517819706499
79,953,18,29,0.9975,0.998688352570829
80,951,20,29,0.9985,0.999211356466877
81,949,19,32,0.9985,0.9992096944151738
82,948,19,33,0.9975,0.9986814345991561
83,947,19,34,0.997,0.9984160506863781
84,944,22,34,0.9965,0.998146186440678
85,941,25,34,0.9945,0.9970775770456961
86,941,24,35,0.9945,0.9970775770456961
87,937,27,36,0.995,0.997242974030594
88,935,28,37,0.994,0.9967023172905526
89,932,31,37,0.993,0.99620886981402
90,931,32,37,0.993,0.9962047977085572
91,929,34,37,0.9935,0.9964119124506637
92,926,37,37,0.9915,0.9953203743700504
93,925,36,39,0.9925,0.9958558558558558
94,922,36,42,0.994,0.9967462039045553
95,921,37,42,0.994,0.9967969598262757
96,921,35,44,0.994,0.9967969598262757
97,921,34,45,0.994,0.9967969598262757
98,920,32,48,0.9945,0.9970652173913043
99,919,30,51,0.9955,0.9975154153064926
100,916,29,55,0.995,0.9972707423580786
101,915,29,56,0.9945,0.9969034608378871
102,913,29,58,0.996,0.9977181453085067
103,912,29,59,0.996,0.9978070175438597
104,910,30,60,0.9955,0.9975274725274725
105,909,29,62,0.996,0.9977997799779978
106,905,32,63,0.9955,0.9975138121546961
107,904,33,63,0.9955,0.9975110619469026
108,902,32,66,0.995,0.9972283813747228
109,899,34,67,0.9945,0.9968483500185391
110,899,34,67,0.9945,0.9968483500185391
111,898,32,70,0.9955,0.9974944320712695
112,896,33,71,0.9955,0.9974888392857143
113,896,31,73,0.996,0.9977678571428571
114,894,33,73,0.9955,0.9973900074571215
115,894,33,73,0.9955,0.9973900074571215
116,893,33,74,0.9955,0.9973870847331093
117,891,31,78,0.996,0.9976618032173588
118,891,31,78,0.996,0.9976618032173588
119,890,32,78,0.9965,0.9979400749063672
120,886,34,80,0.995,0.9969902182091799
121,883,36,81,0.9945,0.996696866742167
122,879,36,85,0.9945,0.9967766401213499
123,877,37,86,0.994,0.9964842265298365
124,876,34,90,0.994,0.9964802130898021
125,874,36,90,0.9945,0.9967581998474446
126,871,37,92,0.9935,0.9961729812476081
127,868,37,95,0.9945,0.9967357910906299
128,864,41,95,0.9925,0.9954668209876544
129,861,42,97,0.9925,0.9955478126209834
130,857,43,100,0.9935,0.9961104628549202
131,856,42,102,0.994,0.9963979750778815
132,854,43,103,0.993,0.9957064793130366
133,853,44,103,0.9925,0.9954083626416568
134,853,43,104,0.993,0.9957014458772957
135,852,43,105,0.9935,0.995989827856025
136,850,43,107,0.9935,0.9960784313725489
137,849,41,110,0.9935,0.9960738123282292
138,847,40,113,0.995,0.9970484061393152
139,846,41,113,0.995,0.9970449172576832
140,843,43,114,0.993,0.9959074733096085
141,843,42,115,0.993,0.9959074733096085
142,841,41,118,0.993,0.99589774078478
143,841,40,119,0.9935,0.9961950059453032
144,839,41,120,0.993,0.9958879618593564
145,836,43,121,0.994,0.9964114832535885
146,834,44,122,0.9945,0.9967026378896883
147,833,44,123,0.995,0.996998799519808
148,832,43,125,0.995,0.9970953525641026
149,832,42,126,0.995,0.9970953525641026
150,831,40,129,0.9955,0.9973926995587646
151,831,38,131,0.996,0.9976935419173687
152,829,37,134,0.995,0.9971853638922398
153,826,39,135,0.9935,0.996267150928168
154,824,39,137,0.995,0.9971682847896441
155,823,38,139,0.995,0.9971648440664237
156,821,38,141,0.9955,0.997462444173772
157,819,36,145,0.997,0.9981684981684982
158,816,39,145,0.997,0.9981617647058824
159,813,40,147,0.997,0.9981549815498155
160,811,40,149,0.997,0.9982531853678587
161,809,39,152,0.998,0.9987639060568603
162,807,38,155,0.998,0.9987608426270136
163,805,38,157,0.998,0.9987577639751553
164,804,37,159,0.999,0.9993781094527363
165,804,37,159,0.999,0.9993781094527363
166,803,36,161,0.9995,0.9996886674968867
167,802,37,161,0.999,0.9993765586034913
168,801,35,164,0.9985,0.9989596337910944
169,800,35,165,0.9985,0.9988541666666666
170,800,33,167,0.999,0.9992708333333334
171,797,36,167,0.999,0.9993726474278545
172,796,36,168,0.9985,0.9990577889447236
173,795,36,169,0.9985,0.9990566037735849
174,794,35,171,0.9975,0.9984256926952141
175,793,34,173,0.9975,0.9984237074401009
176,791,34,175,0.9975,0.9984197218710493
177,790,32,178,0.9975,0.9984177215189873
178,789,33,178,0.9975,0.9984157160963245
179,788,34,178,0.9975,0.9984137055837563
180,786,33,181,0.998,0.9987277353689568
181,784,33,183,0.997,0.9980867346938775
182,784,32,184,0.997,0.9980867346938775
183,782,33,185,0.997,0.9980818414322251
184,782,31,187,0.9975,0.9984015345268542
185,781,30,189,0.9975,0.9983994878361075
186,779,29,192,0.997,0.9980744544287549
187,778,28,194,0.9975,0.9984575835475578
188,778,26,196,0.9975,0.9984575835475578
189,777,26,197,0.9975,0.9984555984555984
190,774,27,199,0.9975,0.9984496124031007
191,771,26,203,0.999,0.9994163424124513
192,768,27,205,0.998,0.9988281250000001
193,767,27,206,0.997,0.9982398956975228
194,765,26,209,0.9965,0.997843137254902
195,764,26,210,0.9965,0.9978403141361257
196,762,26,212,0.9955,0.9971784776902888
197,760,27,213,0.9955,0.997171052631579
198,760,27,213,0.9955,0.997171052631579
199,758,28,214,0.995,0.9968337730870712
200,755,30,215,0.995,0.9967549668874172
