day,s,i,r,edgecount,suscedgecount
1,496,4,0,0.9928181818181818,0.9964067278072419
2,490,10,0,0.98,0.9898547385398935
3,483,17,0,0.9699090909090909,0.9845205495464051
4,469,30,1,0.9458181818181818,0.9712818689115275
5,450,47,3,0.9158181818181819,0.9534289373940892
6,424,73,3,0.874,0.9258084046059737
7,390,101,9,0.8482727272727273,0.9025734593146444
8,357,128,15,0.8370909090909091,0.8857104216604337
9,302,175,23,0.8161818181818182,0.8478436153639889
10,257,212,31,0.8232727272727273,0.8278290719450148
11,200,261,39,0.8298181818181818,0.786774609363219
12,149,301,50,0.8751818181818182,0.7894362447088324
13,93,345,62,0.9199090909090909,0.7834092710766022
14,59,364,77,0.9453636363636364,0.7681792908890912
15,38,370,92,0.9575454545454546,0.7203632733651624
16,29,362,109,0.9666363636363636,0.7126572643958775
17,15,362,123,0.9896363636363636,0.8263017215342797
18,3,360,137,1.0,1.0
19,1,353,146,1.0,1.0
20,0,337,163,1.0,
21,0,319,181,1.0,
22,0,308,192,1.0,
23,0,298,202,1.0,
24,0,290,210,1.0,
25,0,280,220,1.0,
26,0,268,232,1.0,
27,0,258,242,1.0,
28,0,251,249,1.0,
29,0,238,262,1.0,
30,0,233,267,1.0,
31,0,221,279,1.0,
32,0,212,288,1.0,
33,0,204,296,1.0,
34,0,198,302,1.0,
35,0,185,315,1.0,
36,0,177,323,1.0,
37,0,170,330,1.0,
38,0,159,341,1.0,
39,0,155,345,1.0,
40,0,152,348,1.0,
41,0,150,350,1.0,
42,0,142,358,1.0,
43,0,136,364,1.0,
44,0,129,371,1.0,
45,0,125,375,1.0,
46,0,121,379,1.0,
47,0,116,384,1.0,
48,0,113,387,1.0,
49,0,111,389,1.0,
50,0,108,392,1.0,
51,0,103,397,1.0,
52,0,97,403,1.0,
53,0,91,409,1.0,
54,0,90,410,1.0,
55,0,86,414,1.0,
56,0,84,416,1.0,
57,0,84,416,1.0,
58,0,82,418,1.0,
59,0,80,420,1.0,
60,0,77,423,1.0,
61,0,75,425,1.0,
62,0,71,429,1.0,
63,0,68,432,1.0,
64,0,63,437,1.0,
65,0,60,440,1.0,
66,0,59,441,1.0,
67,0,59,441,1.0,
68,0,57,443,1.0,
69,0,54,446,1.0,
70,0,50,450,1.0,
71,0,48,452,1.0,
72,0,46,454,1.0,
73,0,45,455,1.0,
74,0,43,457,1.0,
75,0,41,459,1.0,
76,0,39,461,1.0,
77,0,35,465,1.0,
78,0,34,466,1.0,
79,0,32,468,1.0,
80,0,30,470,1.0,
81,0,30,470,1.0,
82,0,29,471,1.0,
83,0,28,472,1.0,
84,0,28,472,1.0,
85,0,26,474,1.0,
86,0,25,475,1.0,
87,0,23,477,1.0,
88,0,21,479,1.0,
89,0,20,480,1.0,
90,0,19,481,1.0,
91,0,19,481,1.0,
92,0,18,482,1.0,
93,0,18,482,1.0,
94,0,18,482,1.0,
95,0,17,483,1.0,
96,0,16,484,1.0,
97,0,16,484,1.0,
98,0,16,484,1.0,
99,0,16,484,1.0,
100,0,16,484,1.0,
101,0,15,485,1.0,
102,0,15,485,1.0,
103,0,15,485,1.0,
104,0,15,485,1.0,
105,0,15,485,1.0,
106,0,14,486,1.0,
107,0,13,487,1.0,
108,0,13,487,1.0,
109,0,11,489,1.0,
110,0,11,489,1.0,
111,0,11,489,1.0,
112,0,11,489,1.0,
113,0,11,489,1.0,
114,0,11,489,1.0,
115,0,11,489,1.0,
116,0,11,489,1.0,
117,0,11,489,1.0,
118,0,10,490,1.0,
119,0,10,490,1.0,
120,0,10,490,1.0,
121,0,10,490,1.0,
122,0,10,490,1.0,
123,0,9,491,1.0,
124,0,8,492,1.0,
125,0,8,492,1.0,
126,0,8,492,1.0,
127,0,7,493,1.0,
128,0,6,494,1.0,
129,0,6,494,1.0,
130,0,6,494,1.0,
131,0,6,494,1.0,
132,0,6,494,1.0,
133,0,6,494,1.0,
134,0,6,494,1.0,
135,0,6,494,1.0,
136,0,6,494,1.0,
137,0,6,494,1.0,
138,0,6,494,1.0,
139,0,6,494,1.0,
140,0,6,494,1.0,
141,0,6,494,1.0,
142,0,6,494,1.0,
143,0,6,494,1.0,
144,0,6,494,1.0,
145,0,5,495,1.0,
146,0,5,495,1.0,
147,0,5,495,1.0,
148,0,5,495,1.0,
149,0,5,495,1.0,
150,0,5,495,1.0,
151,0,5,495,1.0,
152,0,5,495,1.0,
153,0,4,496,1.0,
154,0,4,496,1.0,
155,0,4,496,1.0,
156,0,4,496,1.0,
157,0,4,496,1.0,
158,0,4,496,1.0,
159,0,4,496,1.0,
160,0,3,497,1.0,
161,0,2,498,1.0,
162,0,2,498,1.0,
163,0,2,498,1.0,
164,0,2,498,1.0,
165,0,2,498,1.0,
166,0,2,498,1.0,
167,0,2,498,1.0,
168,0,2,498,1.0,
169,0,2,498,1.0,
170,0,2,498,1.0,
171,0,2,498,1.0,
172,0,2,498,1.0,
173,0,2,498,1.0,
174,0,2,498,1.0,
175,0,2,498,1.0,
176,0,2,498,1.0,
177,0,1,499,1.0,
178,0,1,499,1.0,
179,0,1,499,1.0,
180,0,1,499,1.0,
181,0,1,499,1.0,
182,0,1,499,1.0,
183,0,0,500,1.0,
184,0,0,500,1.0,
185,0,0,500,1.0,
186,0,0,500,1.0,
187,0,0,500,1.0,
188,0,0,500,1.0,
189,0,0,500,1.0,
190,0,0,500,1.0,
191,0,0,500,1.0,
192,0,0,500,1.0,
193,0,0,500,1.0,
194,0,0,500,1.0,
195,0,0,500,1.0,
196,0,0,500,1.0,
197,0,0,500,1.0,
198,0,0,500,1.0,
199,0,0,500,1.0,
200,0,0,500,1.0,
1,498,2,0,0.9979090909090909,1.0
2,495,5,0,0.9903636363636363,0.9961957475955263
3,492,8,0,0.9844545454545455,0.9931784266910171
4,487,12,1,0.9772727272727273,0.9893977773282293
5,481,17,2,0.9660909090909091,0.9834306006209591
6,471,26,3,0.9482727272727273,0.9736183881156366
7,459,36,5,0.9347272727272727,0.9654612328316703
8,440,53,7,0.9257272727272727,0.9586738516107713
9,406,83,11,0.8835454545454545,0.9290414967740144
10,363,121,16,0.8482727272727273,0.8961988421211536
11,325,148,27,0.8238181818181818,0.8652552828418032
12,268,199,33,0.8003636363636364,0.8144765922356068
13,215,237,48,0.8140909090909091,0.7846571901062067
14,160,282,58,0.8577272727272728,0.7780283090328449
15,109,315,76,0.8941818181818182,0.7580793296794093
16,67,338,95,0.9334545454545454,0.7518208151541091
17,38,355,107,0.9644545454545455,0.7677791718659069
18,19,352,129,0.9830909090909091,0.7809860810245036
19,10,346,144,0.9945454545454545,0.8655820147028702
20,4,335,161,0.9984545454545455,0.9056432781755855
21,1,323,176,0.9995454545454545,0.8846427137536914
22,1,310,189,0.9994545454545455,0.8613626423391206
23,0,300,200,1.0,
24,0,285,215,1.0,
25,0,273,227,1.0,
26,0,265,235,1.0,
27,0,252,248,1.0,
28,0,242,258,1.0,
29,0,231,269,1.0,
30,0,223,277,1.0,
31,0,217,283,1.0,
32,0,209,291,1.0,
33,0,193,307,1.0,
34,0,189,311,1.0,
35,0,180,320,1.0,
36,0,172,328,1.0,
37,0,168,332,1.0,
38,0,162,338,1.0,
39,0,154,346,1.0,
40,0,150,350,1.0,
41,0,149,351,1.0,
42,0,146,354,1.0,
43,0,139,361,1.0,
44,0,134,366,1.0,
45,0,128,372,1.0,
46,0,126,374,1.0,
47,0,120,380,1.0,
48,0,111,389,1.0,
49,0,107,393,1.0,
50,0,102,398,1.0,
51,0,98,402,1.0,
52,0,94,406,1.0,
53,0,89,411,1.0,
54,0,86,414,1.0,
55,0,82,418,1.0,
56,0,80,420,1.0,
57,0,77,423,1.0,
58,0,75,425,1.0,
59,0,74,426,1.0,
60,0,70,430,1.0,
61,0,69,431,1.0,
62,0,69,431,1.0,
63,0,68,432,1.0,
64,0,64,436,1.0,
65,0,63,437,1.0,
66,0,60,440,1.0,
67,0,59,441,1.0,
68,0,58,442,1.0,
69,0,56,444,1.0,
70,0,54,446,1.0,
71,0,51,449,1.0,
72,0,50,450,1.0,
73,0,49,451,1.0,
74,0,47,453,1.0,
75,0,45,455,1.0,
76,0,45,455,1.0,
77,0,41,459,1.0,
78,0,38,462,1.0,
79,0,37,463,1.0,
80,0,36,464,1.0,
81,0,34,466,1.0,
82,0,33,467,1.0,
83,0,31,469,1.0,
84,0,30,470,1.0,
85,0,28,472,1.0,
86,0,26,474,1.0,
87,0,25,475,1.0,
88,0,25,475,1.0,
89,0,25,475,1.0,
90,0,25,475,1.0,
91,0,24,476,1.0,
92,0,24,476,1.0,
93,0,24,476,1.0,
94,0,24,476,1.0,
95,0,24,476,1.0,
96,0,23,477,1.0,
97,0,21,479,1.0,
98,0,20,480,1.0,
99,0,18,482,1.0,
100,0,18,482,1.0,
101,0,18,482,1.0,
102,0,17,483,1.0,
103,0,17,483,1.0,
104,0,15,485,1.0,
105,0,15,485,1.0,
106,0,15,485,1.0,
107,0,13,487,1.0,
108,0,12,488,1.0,
109,0,11,489,1.0,
110,0,11,489,1.0,
111,0,11,489,1.0,
112,0,11,489,1.0,
113,0,10,490,1.0,
114,0,10,490,1.0,
115,0,9,491,1.0,
116,0,9,491,1.0,
117,0,9,491,1.0,
118,0,9,491,1.0,
119,0,8,492,1.0,
120,0,8,492,1.0,
121,0,8,492,1.0,
122,0,7,493,1.0,
123,0,6,494,1.0,
124,0,6,494,1.0,
125,0,6,494,1.0,
126,0,6,494,1.0,
127,0,5,495,1.0,
128,0,5,495,1.0,
129,0,5,495,1.0,
130,0,5,495,1.0,
131,0,5,495,1.0,
132,0,5,495,1.0,
133,0,5,495,1.0,
134,0,5,495,1.0,
135,0,5,495,1.0,
136,0,5,495,1.0,
137,0,5,495,1.0,
138,0,5,495,1.0,
139,0,5,495,1.0,
140,0,5,495,1.0,
141,0,5,495,1.0,
142,0,5,495,1.0,
143,0,4,496,1.0,
144,0,4,496,1.0,
145,0,4,496,1.0,
146,0,4,496,1.0,
147,0,4,496,1.0,
148,0,4,496,1.0,
149,0,3,497,1.0,
150,0,3,497,1.0,
151,0,3,497,1.0,
152,0,3,497,1.0,
153,0,3,497,1.0,
154,0,3,497,1.0,
155,0,3,497,1.0,
156,0,3,497,1.0,
157,0,3,497,1.0,
158,0,3,497,1.0,
159,0,3,497,1.0,
160,0,3,497,1.0,
161,0,3,497,1.0,
162,0,3,497,1.0,
163,0,2,498,1.0,
164,0,2,498,1.0,
165,0,2,498,1.0,
166,0,2,498,1.0,
167,0,2,498,1.0,
168,0,2,498,1.0,
169,0,2,498,1.0,
170,0,2,498,1.0,
171,0,2,498,1.0,
172,0,2,498,1.0,
173,0,1,499,1.0,
174,0,1,499,1.0,
175,0,1,499,1.0,
176,0,1,499,1.0,
177,0,0,500,1.0,
178,0,0,500,1.0,
179,0,0,500,1.0,
180,0,0,500,1.0,
181,0,0,500,1.0,
182,0,0,500,1.0,
183,0,0,500,1.0,
184,0,0,500,1.0,
185,0,0,500,1.0,
186,0,0,500,1.0,
187,0,0,500,1.0,
188,0,0,500,1.0,
189,0,0,500,1.0,
190,0,0,500,1.0,
191,0,0,500,1.0,
192,0,0,500,1.0,
193,0,0,500,1.0,
194,0,0,500,1.0,
195,0,0,500,1.0,
196,0,0,500,1.0,
197,0,0,500,1.0,
198,0,0,500,1.0,
199,0,0,500,1.0,
200,0,0,500,1.0,
1,493,6,1,0.9908181818181818,1.0
2,486,13,1,0.9741818181818181,0.9912914303127028
3,472,24,4,0.9549090909090909,0.9806152607567205
4,450,45,5,0.9185454545454546,0.9591657550147562
5,420,75,5,0.8631818181818182,0.9229177976339205
6,390,103,7,0.816,0.8862602837981467
7,348,140,12,0.7812727272727272,0.8467466808430575
8,291,185,24,0.774,0.8092630430896313
9,229,240,31,0.7807272727272727,0.7632038062118656
10,170,293,37,0.8192727272727273,0.7360050917431068
11,101,356,43,0.9032727272727272,0.762302494762019
12,41,402,57,0.9820909090909091,0.8923205310978173
13,11,411,78,0.9981818181818182,0.9620339493254463
14,2,399,99,0.9996363636363637,0.9582381392006776
15,0,384,116,1.0,
16,0,368,132,1.0,
17,0,349,151,1.0,
18,0,335,165,1.0,
19,0,325,175,1.0,
20,0,313,187,1.0,
21,0,298,202,1.0,
22,0,280,220,1.0,
23,0,276,224,1.0,
24,0,270,230,1.0,
25,0,259,241,1.0,
26,0,248,252,1.0,
27,0,241,259,1.0,
28,0,231,269,1.0,
29,0,222,278,1.0,
30,0,213,287,1.0,
31,0,200,300,1.0,
32,0,194,306,1.0,
33,0,184,316,1.0,
34,0,179,321,1.0,
35,0,174,326,1.0,
36,0,164,336,1.0,
37,0,160,340,1.0,
38,0,154,346,1.0,
39,0,145,355,1.0,
40,0,135,365,1.0,
41,0,130,370,1.0,
42,0,125,375,1.0,
43,0,117,383,1.0,
44,0,111,389,1.0,
45,0,104,396,1.0,
46,0,99,401,1.0,
47,0,95,405,1.0,
48,0,92,408,1.0,
49,0,90,410,1.0,
50,0,84,416,1.0,
51,0,81,419,1.0,
52,0,78,422,1.0,
53,0,75,425,1.0,
54,0,71,429,1.0,
55,0,67,433,1.0,
56,0,66,434,1.0,
57,0,59,441,1.0,
58,0,58,442,1.0,
59,0,56,444,1.0,
60,0,55,445,1.0,
61,0,54,446,1.0,
62,0,52,448,1.0,
63,0,45,455,1.0,
64,0,40,460,1.0,
65,0,38,462,1.0,
66,0,36,464,1.0,
67,0,35,465,1.0,
68,0,35,465,1.0,
69,0,33,467,1.0,
70,0,33,467,1.0,
71,0,31,469,1.0,
72,0,28,472,1.0,
73,0,28,472,1.0,
74,0,27,473,1.0,
75,0,26,474,1.0,
76,0,24,476,1.0,
77,0,24,476,1.0,
78,0,22,478,1.0,
79,0,21,479,1.0,
80,0,19,481,1.0,
81,0,18,482,1.0,
82,0,15,485,1.0,
83,0,14,486,1.0,
84,0,13,487,1.0,
85,0,13,487,1.0,
86,0,13,487,1.0,
87,0,12,488,1.0,
88,0,12,488,1.0,
89,0,12,488,1.0,
90,0,12,488,1.0,
91,0,11,489,1.0,
92,0,11,489,1.0,
93,0,11,489,1.0,
94,0,11,489,1.0,
95,0,11,489,1.0,
96,0,11,489,1.0,
97,0,10,490,1.0,
98,0,10,490,1.0,
99,0,10,490,1.0,
100,0,10,490,1.0,
101,0,10,490,1.0,
102,0,10,490,1.0,
103,0,9,491,1.0,
104,0,9,491,1.0,
105,0,8,492,1.0,
106,0,8,492,1.0,
107,0,8,492,1.0,
108,0,8,492,1.0,
109,0,8,492,1.0,
110,0,8,492,1.0,
111,0,7,493,1.0,
112,0,5,495,1.0,
113,0,5,495,1.0,
114,0,4,496,1.0,
115,0,4,496,1.0,
116,0,4,496,1.0,
117,0,4,496,1.0,
118,0,4,496,1.0,
119,0,4,496,1.0,
120,0,3,497,1.0,
121,0,3,497,1.0,
122,0,3,497,1.0,
123,0,3,497,1.0,
124,0,3,497,1.0,
125,0,1,499,1.0,
126,0,1,499,1.0,
127,0,1,499,1.0,
128,0,1,499,1.0,
129,0,1,499,1.0,
130,0,1,499,1.0,
131,0,1,499,1.0,
132,0,1,499,1.0,
133,0,1,499,1.0,
134,0,1,499,1.0,
135,0,1,499,1.0,
136,0,1,499,1.0,
137,0,1,499,1.0,
138,0,1,499,1.0,
139,0,1,499,1.0,
140,0,1,499,1.0,
141,0,1,499,1.0,
142,0,1,499,1.0,
143,0,1,499,1.0,
144,0,1,499,1.0,
145,0,1,499,1.0,
146,0,1,499,1.0,
147,0,1,499,1.0,
148,0,1,499,1.0,
149,0,1,499,1.0,
150,0,1,499,1.0,
151,0,1,499,1.0,
152,0,1,499,1.0,
153,0,1,499,1.0,
154,0,1,499,1.0,
155,0,1,499,1.0,
156,0,1,499,1.0,
157,0,0,500,1.0,
158,0,0,500,1.0,
159,0,0,500,1.0,
160,0,0,500,1.0,
161,0,0,500,1.0,
162,0,0,500,1.0,
163,0,0,500,1.0,
164,0,0,500,1.0,
165,0,0,500,1.0,
166,0,0,500,1.0,
167,0,0,500,1.0,
168,0,0,500,1.0,
169,0,0,500,1.0,
170,0,0,500,1.0,
171,0,0,500,1.0,
172,0,0,500,1.0,
173,0,0,500,1.0,
174,0,0,500,1.0,
175,0,0,500,1.0,
176,0,0,500,1.0,
177,0,0,500,1.0,
178,0,0,500,1.0,
179,0,0,500,1.0,
180,0,0,500,1.0,
181,0,0,500,1.0,
182,0,0,500,1.0,
183,0,0,500,1.0,
184,0,0,500,1.0,
185,0,0,500,1.0,
186,0,0,500,1.0,
187,0,0,500,1.0,
188,0,0,500,1.0,
189,0,0,500,1.0,
190,0,0,500,1.0,
191,0,0,500,1.0,
192,0,0,500,1.0,
193,0,0,500,1.0,
194,0,0,500,1.0,
195,0,0,500,1.0,
196,0,0,500,1.0,
197,0,0,500,1.0,
198,0,0,500,1.0,
199,0,0,500,1.0,
200,0,0,500,1.0,
1,498,2,0,0.9971818181818182,1.0
2,496,4,0,0.993,0.9978841847327987
3,493,7,0,0.9866363636363636,0.9946400296732381
4,487,12,1,0.9774545454545455,0.9898535595221536
5,479,19,2,0.9653636363636363,0.9833700032660331
6,468,28,4,0.9458181818181818,0.9724499594396623
7,440,56,4,0.89,0.9387072870876972
8,408,83,9,0.8392727272727273,0.9024902927945218
9,360,123,17,0.7765454545454545,0.8456229688735982
10,306,172,22,0.7427272727272727,0.7905960766334363
11,263,205,32,0.7608181818181818,0.7733236769844797
12,191,268,41,0.8126363636363636,0.7554713016678615
13,126,321,53,0.8748181818181818,0.7518069643135216
14,77,354,69,0.9299090909090909,0.7715295168899301
15,39,372,89,0.9683636363636363,0.7954329881399477
16,13,380,107,0.993,0.8624965753082172
17,5,377,118,0.9980909090909091,0.90353496367082
18,1,359,140,0.9992727272727273,0.8193413015121461
19,1,342,157,0.999,0.7510628597194673
20,1,332,167,0.9989090909090909,0.7283033791219077
21,1,320,179,0.9989090909090909,0.7283033791219077
22,1,303,196,0.9989090909090909,0.7283033791219077
23,1,292,207,0.9989090909090909,0.7283033791219077
24,1,275,224,0.9988181818181818,0.7055438985243481
25,1,263,236,0.9988181818181818,0.7055438985243481
26,1,250,249,0.9988181818181818,0.7055438985243481
27,0,241,259,1.0,
28,0,230,270,1.0,
29,0,225,275,1.0,
30,0,210,290,1.0,
31,0,199,301,1.0,
32,0,191,309,1.0,
33,0,183,317,1.0,
34,0,175,325,1.0,
35,0,170,330,1.0,
36,0,159,341,1.0,
37,0,155,345,1.0,
38,0,147,353,1.0,
39,0,139,361,1.0,
40,0,129,371,1.0,
41,0,122,378,1.0,
42,0,117,383,1.0,
43,0,111,389,1.0,
44,0,108,392,1.0,
45,0,101,399,1.0,
46,0,95,405,1.0,
47,0,90,410,1.0,
48,0,84,416,1.0,
49,0,80,420,1.0,
50,0,75,425,1.0,
51,0,73,427,1.0,
52,0,67,433,1.0,
53,0,65,435,1.0,
54,0,61,439,1.0,
55,0,60,440,1.0,
56,0,55,445,1.0,
57,0,54,446,1.0,
58,0,54,446,1.0,
59,0,52,448,1.0,
60,0,46,454,1.0,
61,0,46,454,1.0,
62,0,43,457,1.0,
63,0,42,458,1.0,
64,0,39,461,1.0,
65,0,36,464,1.0,
66,0,36,464,1.0,
67,0,35,465,1.0,
68,0,34,466,1.0,
69,0,34,466,1.0,
70,0,34,466,1.0,
71,0,31,469,1.0,
72,0,30,470,1.0,
73,0,30,470,1.0,
74,0,29,471,1.0,
75,0,27,473,1.0,
76,0,27,473,1.0,
77,0,24,476,1.0,
78,0,23,477,1.0,
79,0,22,478,1.0,
80,0,21,479,1.0,
81,0,20,480,1.0,
82,0,20,480,1.0,
83,0,20,480,1.0,
84,0,19,481,1.0,
85,0,19,481,1.0,
86,0,18,482,1.0,
87,0,16,484,1.0,
88,0,16,484,1.0,
89,0,16,484,1.0,
90,0,15,485,1.0,
91,0,15,485,1.0,
92,0,15,485,1.0,
93,0,14,486,1.0,
94,0,12,488,1.0,
95,0,12,488,1.0,
96,0,12,488,1.0,
97,0,12,488,1.0,
98,0,12,488,1.0,
99,0,12,488,1.0,
100,0,12,488,1.0,
101,0,11,489,1.0,
102,0,11,489,1.0,
103,0,11,489,1.0,
104,0,11,489,1.0,
105,0,11,489,1.0,
106,0,10,490,1.0,
107,0,9,491,1.0,
108,0,9,491,1.0,
109,0,9,491,1.0,
110,0,9,491,1.0,
111,0,9,491,1.0,
112,0,9,491,1.0,
113,0,9,491,1.0,
114,0,6,494,1.0,
115,0,5,495,1.0,
116,0,5,495,1.0,
117,0,5,495,1.0,
118,0,5,495,1.0,
119,0,4,496,1.0,
120,0,3,497,1.0,
121,0,3,497,1.0,
122,0,2,498,1.0,
123,0,2,498,1.0,
124,0,2,498,1.0,
125,0,2,498,1.0,
126,0,2,498,1.0,
127,0,2,498,1.0,
128,0,1,499,1.0,
129,0,1,499,1.0,
130,0,1,499,1.0,
131,0,1,499,1.0,
132,0,1,499,1.0,
133,0,1,499,1.0,
134,0,1,499,1.0,
135,0,1,499,1.0,
136,0,1,499,1.0,
137,0,1,499,1.0,
138,0,1,499,1.0,
139,0,1,499,1.0,
140,0,1,499,1.0,
141,0,1,499,1.0,
142,0,0,500,1.0,
143,0,0,500,1.0,
144,0,0,500,1.0,
145,0,0,500,1.0,
146,0,0,500,1.0,
147,0,0,500,1.0,
148,0,0,500,1.0,
149,0,0,500,1.0,
150,0,0,500,1.0,
151,0,0,500,1.0,
152,0,0,500,1.0,
153,0,0,500,1.0,
154,0,0,500,1.0,
155,0,0,500,1.0,
156,0,0,500,1.0,
157,0,0,500,1.0,
158,0,0,500,1.0,
159,0,0,500,1.0,
160,0,0,500,1.0,
161,0,0,500,1.0,
162,0,0,500,1.0,
163,0,0,500,1.0,
164,0,0,500,1.0,
165,0,0,500,1.0,
166,0,0,500,1.0,
167,0,0,500,1.0,
168,0,0,500,1.0,
169,0,0,500,1.0,
170,0,0,500,1.0,
171,0,0,500,1.0,
172,0,0,500,1.0,
173,0,0,500,1.0,
174,0,0,500,1.0,
175,0,0,500,1.0,
176,0,0,500,1.0,
177,0,0,500,1.0,
178,0,0,500,1.0,
179,0,0,500,1.0,
180,0,0,500,1.0,
181,0,0,500,1.0,
182,0,0,500,1.0,
183,0,0,500,1.0,
184,0,0,500,1.0,
185,0,0,500,1.0,
186,0,0,500,1.0,
187,0,0,500,1.0,
188,0,0,500,1.0,
189,0,0,500,1.0,
190,0,0,500,1.0,
191,0,0,500,1.0,
192,0,0,500,1.0,
193,0,0,500,1.0,
194,0,0,500,1.0,
195,0,0,500,1.0,
196,0,0,500,1.0,
197,0,0,500,1.0,
198,0,0,500,1.0,
199,0,0,500,1.0,
200,0,0,500,1.0,
1,494,6,0,0.9880909090909091,1.0
2,490,9,1,0.983909090909091,0.9978117925076581
3,486,13,1,0.9776363636363636,0.9945032208207335
4,477,21,2,0.9607272727272728,0.9853351265985438
5,454,43,3,0.9142727272727272,0.9585823684181531
6,423,69,8,0.8631818181818182,0.9248099097817841
7,392,98,10,0.8057272727272727,0.8814789819032116
8,344,140,16,0.7575454545454545,0.8285656251503999
9,294,182,24,0.7464545454545455,0.7887001007160236
10,235,231,34,0.7674545454545455,0.7563714463211898
11,168,286,46,0.8189090909090909,0.7329851178774978
12,97,335,68,0.9056363636363637,0.7583036601784127
13,56,360,84,0.9549090909090909,0.8014465460941436
14,22,378,100,0.9840909090909091,0.8203966240497542
15,7,376,117,0.996,0.8595776383639521
16,2,367,131,0.9985454545454545,0.8204921158095074
17,1,354,145,0.999,0.7487057025662905
18,0,339,161,1.0,
19,0,321,179,1.0,
20,0,308,192,1.0,
21,0,295,205,1.0,
22,0,283,217,1.0,
23,0,272,228,1.0,
24,0,258,242,1.0,
25,0,247,253,1.0,
26,0,238,262,1.0,
27,0,232,268,1.0,
28,0,220,280,1.0,
29,0,212,288,1.0,
30,0,203,297,1.0,
31,0,200,300,1.0,
32,0,189,311,1.0,
33,0,179,321,1.0,
34,0,168,332,1.0,
35,0,162,338,1.0,
36,0,156,344,1.0,
37,0,151,349,1.0,
38,0,145,355,1.0,
39,0,141,359,1.0,
40,0,137,363,1.0,
41,0,133,367,1.0,
42,0,129,371,1.0,
43,0,121,379,1.0,
44,0,116,384,1.0,
45,0,110,390,1.0,
46,0,103,397,1.0,
47,0,100,400,1.0,
48,0,98,402,1.0,
49,0,95,405,1.0,
50,0,92,408,1.0,
51,0,91,409,1.0,
52,0,88,412,1.0,
53,0,83,417,1.0,
54,0,81,419,1.0,
55,0,74,426,1.0,
56,0,72,428,1.0,
57,0,69,431,1.0,
58,0,68,432,1.0,
59,0,67,433,1.0,
60,0,67,433,1.0,
61,0,65,435,1.0,
62,0,58,442,1.0,
63,0,55,445,1.0,
64,0,51,449,1.0,
65,0,48,452,1.0,
66,0,47,453,1.0,
67,0,45,455,1.0,
68,0,43,457,1.0,
69,0,40,460,1.0,
70,0,40,460,1.0,
71,0,40,460,1.0,
72,0,37,463,1.0,
73,0,35,465,1.0,
74,0,34,466,1.0,
75,0,34,466,1.0,
76,0,32,468,1.0,
77,0,30,470,1.0,
78,0,29,471,1.0,
79,0,26,474,1.0,
80,0,26,474,1.0,
81,0,25,475,1.0,
82,0,23,477,1.0,
83,0,21,479,1.0,
84,0,21,479,1.0,
85,0,18,482,1.0,
86,0,18,482,1.0,
87,0,17,483,1.0,
88,0,16,484,1.0,
89,0,16,484,1.0,
90,0,14,486,1.0,
91,0,14,486,1.0,
92,0,14,486,1.0,
93,0,14,486,1.0,
94,0,13,487,1.0,
95,0,12,488,1.0,
96,0,12,488,1.0,
97,0,11,489,1.0,
98,0,11,489,1.0,
99,0,10,490,1.0,
100,0,9,491,1.0,
101,0,9,491,1.0,
102,0,8,492,1.0,
103,0,8,492,1.0,
104,0,8,492,1.0,
105,0,7,493,1.0,
106,0,7,493,1.0,
107,0,7,493,1.0,
108,0,7,493,1.0,
109,0,7,493,1.0,
110,0,7,493,1.0,
111,0,7,493,1.0,
112,0,7,493,1.0,
113,0,7,493,1.0,
114,0,7,493,1.0,
115,0,7,493,1.0,
116,0,7,493,1.0,
117,0,7,493,1.0,
118,0,7,493,1.0,
119,0,6,494,1.0,
120,0,5,495,1.0,
121,0,5,495,1.0,
122,0,4,496,1.0,
123,0,4,496,1.0,
124,0,4,496,1.0,
125,0,4,496,1.0,
126,0,4,496,1.0,
127,0,4,496,1.0,
128,0,4,496,1.0,
129,0,4,496,1.0,
130,0,4,496,1.0,
131,0,4,496,1.0,
132,0,4,496,1.0,
133,0,4,496,1.0,
134,0,4,496,1.0,
135,0,3,497,1.0,
136,0,2,498,1.0,
137,0,2,498,1.0,
138,0,2,498,1.0,
139,0,2,498,1.0,
140,0,2,498,1.0,
141,0,2,498,1.0,
142,0,2,498,1.0,
143,0,2,498,1.0,
144,0,2,498,1.0,
145,0,2,498,1.0,
146,0,2,498,1.0,
147,0,2,498,1.0,
148,0,2,498,1.0,
149,0,2,498,1.0,
150,0,2,498,1.0,
151,0,2,498,1.0,
152,0,1,499,1.0,
153,0,1,499,1.0,
154,0,1,499,1.0,
155,0,1,499,1.0,
156,0,1,499,1.0,
157,0,1,499,1.0,
158,0,1,499,1.0,
159,0,1,499,1.0,
160,0,1,499,1.0,
161,0,1,499,1.0,
162,0,1,499,1.0,
163,0,1,499,1.0,
164,0,1,499,1.0,
165,0,1,499,1.0,
166,0,1,499,1.0,
167,0,1,499,1.0,
168,0,1,499,1.0,
169,0,1,499,1.0,
170,0,1,499,1.0,
171,0,1,499,1.0,
172,0,1,499,1.0,
173,0,1,499,1.0,
174,0,1,499,1.0,
175,0,1,499,1.0,
176,0,1,499,1.0,
177,0,1,499,1.0,
178,0,1,499,1.0,
179,0,1,499,1.0,
180,0,1,499,1.0,
181,0,1,499,1.0,
182,0,1,499,1.0,
183,0,1,499,1.0,
184,0,1,499,1.0,
185,0,1,499,1.0,
186,0,0,500,1.0,
187,0,0,500,1.0,
188,0,0,500,1.0,
189,0,0,500,1.0,
190,0,0,500,1.0,
191,0,0,500,1.0,
192,0,0,500,1.0,
193,0,0,500,1.0,
194,0,0,500,1.0,
195,0,0,500,1.0,
196,0,0,500,1.0,
197,0,0,500,1.0,
198,0,0,500,1.0,
199,0,0,500,1.0,
200,0,0,500,1.0,
1,494,5,1,0.9917272727272727,1.0
2,488,10,2,0.9800909090909091,0.9939680939601039
3,480,17,3,0.9663636363636363,0.9866312226513232
4,469,28,3,0.9475454545454546,0.9760969357442872
5,449,46,5,0.9189090909090909,0.95891815913747
6,427,66,7,0.8835454545454545,0.9357465351041658
7,391,97,12,0.86,0.914403156063203
8,351,130,19,0.8361818181818181,0.8870669609243984
9,304,170,26,0.8270909090909091,0.8612141618031064
10,257,205,38,0.8296363636363636,0.8374118707886378
11,205,248,47,0.8267272727272728,0.7913668895990705
12,152,291,57,0.849,0.753691260472475
13,97,334,69,0.8964545454545455,0.7341725023953086
14,54,357,89,0.9504545454545454,0.7725536189226341
15,20,374,106,0.9860909090909091,0.8271610646720761
16,8,375,117,0.9973636363636363,0.9189084069459882
17,1,371,128,0.9995454545454545,0.8817337564677288
18,0,357,143,1.0,
19,0,345,155,1.0,
20,0,328,172,1.0,
21,0,314,186,1.0,
22,0,305,195,1.0,
23,0,294,206,1.0,
24,0,275,225,1.0,
25,0,264,236,1.0,
26,0,257,243,1.0,
27,0,251,249,1.0,
28,0,239,261,1.0,
29,0,227,273,1.0,
30,0,212,288,1.0,
31,0,202,298,1.0,
32,0,194,306,1.0,
33,0,190,310,1.0,
34,0,181,319,1.0,
35,0,176,324,1.0,
36,0,169,331,1.0,
37,0,164,336,1.0,
38,0,162,338,1.0,
39,0,156,344,1.0,
40,0,152,348,1.0,
41,0,148,352,1.0,
42,0,145,355,1.0,
43,0,139,361,1.0,
44,0,133,367,1.0,
45,0,128,372,1.0,
46,0,123,377,1.0,
47,0,119,381,1.0,
48,0,118,382,1.0,
49,0,114,386,1.0,
50,0,107,393,1.0,
51,0,104,396,1.0,
52,0,102,398,1.0,
53,0,100,400,1.0,
54,0,97,403,1.0,
55,0,96,404,1.0,
56,0,93,407,1.0,
57,0,91,409,1.0,
58,0,85,415,1.0,
59,0,81,419,1.0,
60,0,79,421,1.0,
61,0,74,426,1.0,
62,0,69,431,1.0,
63,0,68,432,1.0,
64,0,63,437,1.0,
65,0,56,444,1.0,
66,0,56,444,1.0,
67,0,50,450,1.0,
68,0,47,453,1.0,
69,0,44,456,1.0,
70,0,42,458,1.0,
71,0,42,458,1.0,
72,0,41,459,1.0,
73,0,34,466,1.0,
74,0,34,466,1.0,
75,0,32,468,1.0,
76,0,30,470,1.0,
77,0,29,471,1.0,
78,0,29,471,1.0,
79,0,27,473,1.0,
80,0,26,474,1.0,
81,0,24,476,1.0,
82,0,24,476,1.0,
83,0,22,478,1.0,
84,0,20,480,1.0,
85,0,16,484,1.0,
86,0,16,484,1.0,
87,0,16,484,1.0,
88,0,16,484,1.0,
89,0,16,484,1.0,
90,0,16,484,1.0,
91,0,16,484,1.0,
92,0,14,486,1.0,
93,0,14,486,1.0,
94,0,14,486,1.0,
95,0,14,486,1.0,
96,0,14,486,1.0,
97,0,13,487,1.0,
98,0,13,487,1.0,
99,0,13,487,1.0,
100,0,13,487,1.0,
101,0,13,487,1.0,
102,0,13,487,1.0,
103,0,11,489,1.0,
104,0,11,489,1.0,
105,0,11,489,1.0,
106,0,11,489,1.0,
107,0,10,490,1.0,
108,0,10,490,1.0,
109,0,7,493,1.0,
110,0,7,493,1.0,
111,0,6,494,1.0,
112,0,6,494,1.0,
113,0,6,494,1.0,
114,0,6,494,1.0,
115,0,6,494,1.0,
116,0,6,494,1.0,
117,0,6,494,1.0,
118,0,6,494,1.0,
119,0,5,495,1.0,
120,0,5,495,1.0,
121,0,5,495,1.0,
122,0,4,496,1.0,
123,0,4,496,1.0,
124,0,4,496,1.0,
125,0,4,496,1.0,
126,0,4,496,1.0,
127,0,3,497,1.0,
128,0,2,498,1.0,
129,0,2,498,1.0,
130,0,2,498,1.0,
131,0,2,498,1.0,
132,0,2,498,1.0,
133,0,2,498,1.0,
134,0,2,498,1.0,
135,0,2,498,1.0,
136,0,2,498,1.0,
137,0,2,498,1.0,
138,0,1,499,1.0,
139,0,1,499,1.0,
140,0,1,499,1.0,
141,0,1,499,1.0,
142,0,1,499,1.0,
143,0,1,499,1.0,
144,0,1,499,1.0,
145,0,1,499,1.0,
146,0,1,499,1.0,
147,0,1,499,1.0,
148,0,1,499,1.0,
149,0,1,499,1.0,
150,0,1,499,1.0,
151,0,1,499,1.0,
152,0,1,499,1.0,
153,0,1,499,1.0,
154,0,1,499,1.0,
155,0,1,499,1.0,
156,0,1,499,1.0,
157,0,1,499,1.0,
158,0,1,499,1.0,
159,0,1,499,1.0,
160,0,1,499,1.0,
161,0,1,499,1.0,
162,0,1,499,1.0,
163,0,1,499,1.0,
164,0,1,499,1.0,
165,0,1,499,1.0,
166,0,1,499,1.0,
167,0,1,499,1.0,
168,0,1,499,1.0,
169,0,1,499,1.0,
170,0,1,499,1.0,
171,0,0,500,1.0,
172,0,0,500,1.0,
173,0,0,500,1.0,
174,0,0,500,1.0,
175,0,0,500,1.0,
176,0,0,500,1.0,
177,0,0,500,1.0,
178,0,0,500,1.0,
179,0,0,500,1.0,
180,0,0,500,1.0,
181,0,0,500,1.0,
182,0,0,500,1.0,
183,0,0,500,1.0,
184,0,0,500,1.0,
185,0,0,500,1.0,
186,0,0,500,1.0,
187,0,0,500,1.0,
188,0,0,500,1.0,
189,0,0,500,1.0,
190,0,0,500,1.0,
191,0,0,500,1.0,
192,0,0,500,1.0,
193,0,0,500,1.0,
194,0,0,500,1.0,
195,0,0,500,1.0,
196,0,0,500,1.0,
197,0,0,500,1.0,
198,0,0,500,1.0,
199,0,0,500,1.0,
200,0,0,500,1.0,
1,498,2,0,0.9972727272727273,0.998642815496663
2,494,6,0,0.987909090909091,0.9939133796943633
3,486,14,0,0.9747272727272728,0.9871127696321249
4,470,29,1,0.946,0.9713589258581162
5,446,49,5,0.9086363636363637,0.9488967304584504
6,417,76,7,0.8671818181818182,0.9204350377139897
7,379,113,8,0.847,0.8990475820075253
8,330,155,15,0.8415454545454546,0.8799997266079251
9,268,201,31,0.8507272727272728,0.8607013514578078
10,218,244,38,0.8376363636363636,0.8130235806348861
11,171,274,55,0.8536363636363636,0.7853563196396067
12,132,299,69,0.8725454545454545,0.7576487736216438
13,94,322,84,0.8968181818181818,0.7241534240215651
14,59,347,94,0.9457272727272727,0.7675846243309452
15,23,363,114,0.9880909090909091,0.8670264958757572
16,6,362,132,0.9971818181818182,0.8787304104164569
17,3,354,143,0.9991818181818182,0.9275132275132275
18,1,341,158,1.0,1.0
19,0,333,167,1.0,
20,0,316,184,1.0,
21,0,307,193,1.0,
22,0,297,203,1.0,
23,0,286,214,1.0,
24,0,274,226,1.0,
25,0,263,237,1.0,
26,0,255,245,1.0,
27,0,242,258,1.0,
28,0,231,269,1.0,
29,0,222,278,1.0,
30,0,210,290,1.0,
31,0,200,300,1.0,
32,0,187,313,1.0,
33,0,178,322,1.0,
34,0,172,328,1.0,
35,0,166,334,1.0,
36,0,160,340,1.0,
37,0,157,343,1.0,
38,0,149,351,1.0,
39,0,140,360,1.0,
40,0,135,365,1.0,
41,0,127,373,1.0,
42,0,123,377,1.0,
43,0,116,384,1.0,
44,0,112,388,1.0,
45,0,111,389,1.0,
46,0,107,393,1.0,
47,0,107,393,1.0,
48,0,101,399,1.0,
49,0,96,404,1.0,
50,0,91,409,1.0,
51,0,88,412,1.0,
52,0,84,416,1.0,
53,0,79,421,1.0,
54,0,76,424,1.0,
55,0,73,427,1.0,
56,0,68,432,1.0,
57,0,65,435,1.0,
58,0,62,438,1.0,
59,0,57,443,1.0,
60,0,55,445,1.0,
61,0,52,448,1.0,
62,0,50,450,1.0,
63,0,46,454,1.0,
64,0,46,454,1.0,
65,0,44,456,1.0,
66,0,40,460,1.0,
67,0,37,463,1.0,
68,0,36,464,1.0,
69,0,34,466,1.0,
70,0,33,467,1.0,
71,0,31,469,1.0,
72,0,28,472,1.0,
73,0,27,473,1.0,
74,0,27,473,1.0,
75,0,25,475,1.0,
76,0,24,476,1.0,
77,0,22,478,1.0,
78,0,22,478,1.0,
79,0,21,479,1.0,
80,0,21,479,1.0,
81,0,21,479,1.0,
82,0,21,479,1.0,
83,0,21,479,1.0,
84,0,21,479,1.0,
85,0,20,480,1.0,
86,0,20,480,1.0,
87,0,20,480,1.0,
88,0,20,480,1.0,
89,0,19,481,1.0,
90,0,19,481,1.0,
91,0,19,481,1.0,
92,0,19,481,1.0,
93,0,19,481,1.0,
94,0,18,482,1.0,
95,0,18,482,1.0,
96,0,17,483,1.0,
97,0,16,484,1.0,
98,0,15,485,1.0,
99,0,14,486,1.0,
100,0,14,486,1.0,
101,0,14,486,1.0,
102,0,14,486,1.0,
103,0,13,487,1.0,
104,0,12,488,1.0,
105,0,12,488,1.0,
106,0,9,491,1.0,
107,0,9,491,1.0,
108,0,9,491,1.0,
109,0,9,491,1.0,
110,0,9,491,1.0,
111,0,8,492,1.0,
112,0,7,493,1.0,
113,0,7,493,1.0,
114,0,7,493,1.0,
115,0,7,493,1.0,
116,0,7,493,1.0,
117,0,7,493,1.0,
118,0,6,494,1.0,
119,0,6,494,1.0,
120,0,6,494,1.0,
121,0,6,494,1.0,
122,0,5,495,1.0,
123,0,5,495,1.0,
124,0,5,495,1.0,
125,0,5,495,1.0,
126,0,4,496,1.0,
127,0,4,496,1.0,
128,0,3,497,1.0,
129,0,3,497,1.0,
130,0,2,498,1.0,
131,0,2,498,1.0,
132,0,2,498,1.0,
133,0,2,498,1.0,
134,0,1,499,1.0,
135,0,1,499,1.0,
136,0,1,499,1.0,
137,0,1,499,1.0,
138,0,1,499,1.0,
139,0,1,499,1.0,
140,0,1,499,1.0,
141,0,1,499,1.0,
142,0,1,499,1.0,
143,0,1,499,1.0,
144,0,1,499,1.0,
145,0,1,499,1.0,
146,0,1,499,1.0,
147,0,1,499,1.0,
148,0,1,499,1.0,
149,0,1,499,1.0,
150,0,1,499,1.0,
151,0,1,499,1.0,
152,0,1,499,1.0,
153,0,1,499,1.0,
154,0,1,499,1.0,
155,0,1,499,1.0,
156,0,1,499,1.0,
157,0,1,499,1.0,
158,0,0,500,1.0,
159,0,0,500,1.0,
160,0,0,500,1.0,
161,0,0,500,1.0,
162,0,0,500,1.0,
163,0,0,500,1.0,
164,0,0,500,1.0,
165,0,0,500,1.0,
166,0,0,500,1.0,
167,0,0,500,1.0,
168,0,0,500,1.0,
169,0,0,500,1.0,
170,0,0,500,1.0,
171,0,0,500,1.0,
172,0,0,500,1.0,
173,0,0,500,1.0,
174,0,0,500,1.0,
175,0,0,500,1.0,
176,0,0,500,1.0,
177,0,0,500,1.0,
178,0,0,500,1.0,
179,0,0,500,1.0,
180,0,0,500,1.0,
181,0,0,500,1.0,
182,0,0,500,1.0,
183,0,0,500,1.0,
184,0,0,500,1.0,
185,0,0,500,1.0,
186,0,0,500,1.0,
187,0,0,500,1.0,
188,0,0,500,1.0,
189,0,0,500,1.0,
190,0,0,500,1.0,
191,0,0,500,1.0,
192,0,0,500,1.0,
193,0,0,500,1.0,
194,0,0,500,1.0,
195,0,0,500,1.0,
196,0,0,500,1.0,
197,0,0,500,1.0,
198,0,0,500,1.0,
199,0,0,500,1.0,
200,0,0,500,1.0,
1,496,4,0,0.992909090909091,1.0
2,491,9,0,0.9850909090909091,0.9959814966801667
3,486,14,0,0.9751818181818181,0.9907724097711463
4,469,30,1,0.9391818181818182,0.9710063290350529
5,448,49,3,0.8997272727272727,0.9473797576105403
6,412,81,7,0.8411818181818181,0.9068279368482371
7,371,119,10,0.7894545454545454,0.8611478351160637
8,322,160,18,0.7561818181818182,0.8131502703024013
9,267,205,28,0.7594545454545455,0.7771314542381204
10,199,262,39,0.8057272727272727,0.7578208955867861
11,137,306,57,0.8664545454545455,0.7577146598779689
12,86,350,64,0.9169090909090909,0.759309598053912
13,47,373,80,0.956,0.7660011354064307
14,18,385,97,0.9862727272727273,0.8068938503141037
15,9,381,110,0.9955454545454545,0.8759581494588456
16,3,374,123,0.9986363636363637,0.885960913578588
17,1,359,140,0.9992727272727273,0.8168696694295574
18,0,349,151,1.0,
19,0,333,167,1.0,
20,0,324,176,1.0,
21,0,312,188,1.0,
22,0,302,198,1.0,
23,0,284,216,1.0,
24,0,275,225,1.0,
25,0,265,235,1.0,
26,0,250,250,1.0,
27,0,240,260,1.0,
28,0,229,271,1.0,
29,0,220,280,1.0,
30,0,208,292,1.0,
31,0,200,300,1.0,
32,0,194,306,1.0,
33,0,185,315,1.0,
34,0,175,325,1.0,
35,0,165,335,1.0,
36,0,158,342,1.0,
37,0,153,347,1.0,
38,0,149,351,1.0,
39,0,145,355,1.0,
40,0,140,360,1.0,
41,0,132,368,1.0,
42,0,129,371,1.0,
43,0,120,380,1.0,
44,0,112,388,1.0,
45,0,108,392,1.0,
46,0,104,396,1.0,
47,0,98,402,1.0,
48,0,96,404,1.0,
49,0,91,409,1.0,
50,0,86,414,1.0,
51,0,80,420,1.0,
52,0,78,422,1.0,
53,0,73,427,1.0,
54,0,70,430,1.0,
55,0,68,432,1.0,
56,0,65,435,1.0,
57,0,63,437,1.0,
58,0,62,438,1.0,
59,0,59,441,1.0,
60,0,54,446,1.0,
61,0,53,447,1.0,
62,0,48,452,1.0,
63,0,45,455,1.0,
64,0,44,456,1.0,
65,0,38,462,1.0,
66,0,36,464,1.0,
67,0,34,466,1.0,
68,0,30,470,1.0,
69,0,30,470,1.0,
70,0,29,471,1.0,
71,0,26,474,1.0,
72,0,25,475,1.0,
73,0,25,475,1.0,
74,0,25,475,1.0,
75,0,24,476,1.0,
76,0,23,477,1.0,
77,0,21,479,1.0,
78,0,21,479,1.0,
79,0,21,479,1.0,
80,0,19,481,1.0,
81,0,17,483,1.0,
82,0,16,484,1.0,
83,0,16,484,1.0,
84,0,14,486,1.0,
85,0,13,487,1.0,
86,0,13,487,1.0,
87,0,12,488,1.0,
88,0,12,488,1.0,
89,0,12,488,1.0,
90,0,12,488,1.0,
91,0,12,488,1.0,
92,0,12,488,1.0,
93,0,12,488,1.0,
94,0,12,488,1.0,
95,0,12,488,1.0,
96,0,10,490,1.0,
97,0,10,490,1.0,
98,0,10,490,1.0,
99,0,9,491,1.0,
100,0,9,491,1.0,
101,0,8,492,1.0,
102,0,8,492,1.0,
103,0,7,493,1.0,
104,0,6,494,1.0,
105,0,6,494,1.0,
106,0,6,494,1.0,
107,0,4,496,1.0,
108,0,3,497,1.0,
109,0,3,497,1.0,
110,0,2,498,1.0,
111,0,2,498,1.0,
112,0,2,498,1.0,
113,0,2,498,1.0,
114,0,2,498,1.0,
115,0,2,498,1.0,
116,0,2,498,1.0,
117,0,2,498,1.0,
118,0,2,498,1.0,
119,0,2,498,1.0,
120,0,2,498,1.0,
121,0,2,498,1.0,
122,0,1,499,1.0,
123,0,1,499,1.0,
124,0,1,499,1.0,
125,0,1,499,1.0,
126,0,1,499,1.0,
127,0,1,499,1.0,
128,0,1,499,1.0,
129,0,1,499,1.0,
130,0,1,499,1.0,
131,0,1,499,1.0,
132,0,1,499,1.0,
133,0,1,499,1.0,
134,0,1,499,1.0,
135,0,1,499,1.0,
136,0,1,499,1.0,
137,0,1,499,1.0,
138,0,1,499,1.0,
139,0,1,499,1.0,
140,0,1,499,1.0,
141,0,0,500,1.0,
142,0,0,500,1.0,
143,0,0,500,1.0,
144,0,0,500,1.0,
145,0,0,500,1.0,
146,0,0,500,1.0,
147,0,0,500,1.0,
148,0,0,500,1.0,
149,0,0,500,1.0,
150,0,0,500,1.0,
151,0,0,500,1.0,
152,0,0,500,1.0,
153,0,0,500,1.0,
154,0,0,500,1.0,
155,0,0,500,1.0,
156,0,0,500,1.0,
157,0,0,500,1.0,
158,0,0,500,1.0,
159,0,0,500,1.0,
160,0,0,500,1.0,
161,0,0,500,1.0,
162,0,0,500,1.0,
163,0,0,500,1.0,
164,0,0,500,1.0,
165,0,0,500,1.0,
166,0,0,500,1.0,
167,0,0,500,1.0,
168,0,0,500,1.0,
169,0,0,500,1.0,
170,0,0,500,1.0,
171,0,0,500,1.0,
172,0,0,500,1.0,
173,0,0,500,1.0,
174,0,0,500,1.0,
175,0,0,500,1.0,
176,0,0,500,1.0,
177,0,0,500,1.0,
178,0,0,500,1.0,
179,0,0,500,1.0,
180,0,0,500,1.0,
181,0,0,500,1.0,
182,0,0,500,1.0,
183,0,0,500,1.0,
184,0,0,500,1.0,
185,0,0,500,1.0,
186,0,0,500,1.0,
187,0,0,500,1.0,
188,0,0,500,1.0,
189,0,0,500,1.0,
190,0,0,500,1.0,
191,0,0,500,1.0,
192,0,0,500,1.0,
193,0,0,500,1.0,
194,0,0,500,1.0,
195,0,0,500,1.0,
196,0,0,500,1.0,
197,0,0,500,1.0,
198,0,0,500,1.0,
199,0,0,500,1.0,
200,0,0,500,1.0,
1,496,4,0,0.9928181818181818,1.0
2,491,9,0,0.9812727272727273,0.9940885589960343
3,484,15,1,0.971909090909091,0.989076439608728
4,472,27,1,0.9508181818181818,0.9774467690222635
5,458,40,2,0.9308181818181818,0.9655664179456567
6,430,65,5,0.8918181818181818,0.9402460912194478
7,395,97,8,0.84,0.9015974904618421
8,345,143,12,0.7917272727272727,0.8518415496292597
9,306,174,20,0.7773636363636364,0.8209267665674366
10,248,226,26,0.7735454545454545,0.7745764540199093
11,195,271,34,0.8063636363636364,0.7550162682696266
12,125,329,46,0.877,0.7568609899703659
13,57,383,60,0.9614545454545455,0.8335072938752538
14,22,394,84,0.9918181818181818,0.9096042725551091
15,4,397,99,0.9991818181818182,0.9520064785073203
16,0,380,120,1.0,
17,0,369,131,1.0,
18,0,356,144,1.0,
19,0,341,159,1.0,
20,0,327,173,1.0,
21,0,315,185,1.0,
22,0,302,198,1.0,
23,0,291,209,1.0,
24,0,281,219,1.0,
25,0,266,234,1.0,
26,0,260,240,1.0,
27,0,254,246,1.0,
28,0,246,254,1.0,
29,0,237,263,1.0,
30,0,228,272,1.0,
31,0,222,278,1.0,
32,0,211,289,1.0,
33,0,202,298,1.0,
34,0,199,301,1.0,
35,0,191,309,1.0,
36,0,183,317,1.0,
37,0,177,323,1.0,
38,0,169,331,1.0,
39,0,160,340,1.0,
40,0,155,345,1.0,
41,0,149,351,1.0,
42,0,143,357,1.0,
43,0,139,361,1.0,
44,0,137,363,1.0,
45,0,132,368,1.0,
46,0,126,374,1.0,
47,0,115,385,1.0,
48,0,110,390,1.0,
49,0,105,395,1.0,
50,0,98,402,1.0,
51,0,94,406,1.0,
52,0,89,411,1.0,
53,0,86,414,1.0,
54,0,82,418,1.0,
55,0,80,420,1.0,
56,0,79,421,1.0,
57,0,75,425,1.0,
58,0,73,427,1.0,
59,0,71,429,1.0,
60,0,67,433,1.0,
61,0,65,435,1.0,
62,0,63,437,1.0,
63,0,62,438,1.0,
64,0,59,441,1.0,
65,0,57,443,1.0,
66,0,55,445,1.0,
67,0,54,446,1.0,
68,0,51,449,1.0,
69,0,48,452,1.0,
70,0,47,453,1.0,
71,0,46,454,1.0,
72,0,46,454,1.0,
73,0,44,456,1.0,
74,0,43,457,1.0,
75,0,39,461,1.0,
76,0,38,462,1.0,
77,0,36,464,1.0,
78,0,33,467,1.0,
79,0,33,467,1.0,
80,0,32,468,1.0,
81,0,30,470,1.0,
82,0,30,470,1.0,
83,0,25,475,1.0,
84,0,24,476,1.0,
85,0,24,476,1.0,
86,0,24,476,1.0,
87,0,24,476,1.0,
88,0,23,477,1.0,
89,0,22,478,1.0,
90,0,22,478,1.0,
91,0,21,479,1.0,
92,0,19,481,1.0,
93,0,19,481,1.0,
94,0,17,483,1.0,
95,0,17,483,1.0,
96,0,17,483,1.0,
97,0,17,483,1.0,
98,0,16,484,1.0,
99,0,15,485,1.0,
100,0,15,485,1.0,
101,0,14,486,1.0,
102,0,14,486,1.0,
103,0,14,486,1.0,
104,0,14,486,1.0,
105,0,13,487,1.0,
106,0,13,487,1.0,
107,0,11,489,1.0,
108,0,10,490,1.0,
109,0,9,491,1.0,
110,0,9,491,1.0,
111,0,9,491,1.0,
112,0,9,491,1.0,
113,0,9,491,1.0,
114,0,9,491,1.0,
115,0,9,491,1.0,
116,0,9,491,1.0,
117,0,7,493,1.0,
118,0,7,493,1.0,
119,0,7,493,1.0,
120,0,7,493,1.0,
121,0,7,493,1.0,
122,0,7,493,1.0,
123,0,7,493,1.0,
124,0,7,493,1.0,
125,0,7,493,1.0,
126,0,6,494,1.0,
127,0,6,494,1.0,
128,0,6,494,1.0,
129,0,6,494,1.0,
130,0,6,494,1.0,
131,0,6,494,1.0,
132,0,6,494,1.0,
133,0,6,494,1.0,
134,0,6,494,1.0,
135,0,6,494,1.0,
136,0,5,495,1.0,
137,0,5,495,1.0,
138,0,5,495,1.0,
139,0,5,495,1.0,
140,0,5,495,1.0,
141,0,5,495,1.0,
142,0,5,495,1.0,
143,0,5,495,1.0,
144,0,4,496,1.0,
145,0,3,497,1.0,
146,0,3,497,1.0,
147,0,3,497,1.0,
148,0,3,497,1.0,
149,0,3,497,1.0,
150,0,3,497,1.0,
151,0,3,497,1.0,
152,0,3,497,1.0,
153,0,3,497,1.0,
154,0,3,497,1.0,
155,0,3,497,1.0,
156,0,3,497,1.0,
157,0,3,497,1.0,
158,0,2,498,1.0,
159,0,1,499,1.0,
160,0,1,499,1.0,
161,0,1,499,1.0,
162,0,1,499,1.0,
163,0,1,499,1.0,
164,0,1,499,1.0,
165,0,1,499,1.0,
166,0,1,499,1.0,
167,0,1,499,1.0,
168,0,1,499,1.0,
169,0,1,499,1.0,
170,0,1,499,1.0,
171,0,1,499,1.0,
172,0,1,499,1.0,
173,0,1,499,1.0,
174,0,1,499,1.0,
175,0,0,500,1.0,
176,0,0,500,1.0,
177,0,0,500,1.0,
178,0,0,500,1.0,
179,0,0,500,1.0,
180,0,0,500,1.0,
181,0,0,500,1.0,
182,0,0,500,1.0,
183,0,0,500,1.0,
184,0,0,500,1.0,
185,0,0,500,1.0,
186,0,0,500,1.0,
187,0,0,500,1.0,
188,0,0,500,1.0,
189,0,0,500,1.0,
190,0,0,500,1.0,
191,0,0,500,1.0,
192,0,0,500,1.0,
193,0,0,500,1.0,
194,0,0,500,1.0,
195,0,0,500,1.0,
196,0,0,500,1.0,
197,0,0,500,1.0,
198,0,0,500,1.0,
199,0,0,500,1.0,
200,0,0,500,1.0,
1,497,3,0,0.9949090909090909,1.0
2,493,6,1,0.9885454545454545,0.9967346486638344
3,490,9,1,0.9833636363636363,0.9940447101165186
4,481,17,2,0.9703636363636363,0.9871630060167929
5,469,28,3,0.9489090909090909,0.9753462631178677
6,448,44,8,0.9155454545454546,0.955464482368228
7,414,75,11,0.8592727272727273,0.9175481543364
8,376,108,16,0.8204545454545454,0.8829696549157329
9,339,141,20,0.7734545454545455,0.8352180061266391
10,286,188,26,0.7603636363636364,0.793037296120269
11,227,232,41,0.7842727272727272,0.7649259940600612
12,174,273,53,0.8194545454545454,0.742402032098954
13,112,322,66,0.8856363636363637,0.7468734396569682
14,66,359,75,0.9429090909090909,0.7851635911576972
15,27,382,91,0.9862727272727273,0.8743798477591641
16,4,389,107,0.9979090909090909,0.8685866796257744
17,0,372,128,1.0,
18,0,350,150,1.0,
19,0,336,164,1.0,
20,0,323,177,1.0,
21,0,314,186,1.0,
22,0,299,201,1.0,
23,0,291,209,1.0,
24,0,274,226,1.0,
25,0,266,234,1.0,
26,0,255,245,1.0,
27,0,246,254,1.0,
28,0,239,261,1.0,
29,0,232,268,1.0,
30,0,221,279,1.0,
31,0,209,291,1.0,
32,0,203,297,1.0,
33,0,196,304,1.0,
34,0,192,308,1.0,
35,0,183,317,1.0,
36,0,172,328,1.0,
37,0,161,339,1.0,
38,0,154,346,1.0,
39,0,151,349,1.0,
40,0,144,356,1.0,
41,0,141,359,1.0,
42,0,139,361,1.0,
43,0,135,365,1.0,
44,0,128,372,1.0,
45,0,122,378,1.0,
46,0,121,379,1.0,
47,0,115,385,1.0,
48,0,112,388,1.0,
49,0,109,391,1.0,
50,0,102,398,1.0,
51,0,99,401,1.0,
52,0,91,409,1.0,
53,0,89,411,1.0,
54,0,85,415,1.0,
55,0,78,422,1.0,
56,0,76,424,1.0,
57,0,73,427,1.0,
58,0,70,430,1.0,
59,0,67,433,1.0,
60,0,63,437,1.0,
61,0,60,440,1.0,
62,0,59,441,1.0,
63,0,57,443,1.0,
64,0,53,447,1.0,
65,0,51,449,1.0,
66,0,49,451,1.0,
67,0,47,453,1.0,
68,0,46,454,1.0,
69,0,44,456,1.0,
70,0,40,460,1.0,
71,0,37,463,1.0,
72,0,35,465,1.0,
73,0,33,467,1.0,
74,0,32,468,1.0,
75,0,29,471,1.0,
76,0,29,471,1.0,
77,0,29,471,1.0,
78,0,28,472,1.0,
79,0,25,475,1.0,
80,0,24,476,1.0,
81,0,24,476,1.0,
82,0,23,477,1.0,
83,0,21,479,1.0,
84,0,20,480,1.0,
85,0,20,480,1.0,
86,0,20,480,1.0,
87,0,20,480,1.0,
88,0,18,482,1.0,
89,0,17,483,1.0,
90,0,16,484,1.0,
91,0,16,484,1.0,
92,0,16,484,1.0,
93,0,15,485,1.0,
94,0,14,486,1.0,
95,0,14,486,1.0,
96,0,14,486,1.0,
97,0,13,487,1.0,
98,0,13,487,1.0,
99,0,13,487,1.0,
100,0,13,487,1.0,
101,0,13,487,1.0,
102,0,13,487,1.0,
103,0,12,488,1.0,
104,0,12,488,1.0,
105,0,12,488,1.0,
106,0,12,488,1.0,
107,0,10,490,1.0,
108,0,9,491,1.0,
109,0,6,494,1.0,
110,0,6,494,1.0,
111,0,6,494,1.0,
112,0,5,495,1.0,
113,0,5,495,1.0,
114,0,5,495,1.0,
115,0,5,495,1.0,
116,0,5,495,1.0,
117,0,5,495,1.0,
118,0,5,495,1.0,
119,0,5,495,1.0,
120,0,5,495,1.0,
121,0,5,495,1.0,
122,0,3,497,1.0,
123,0,3,497,1.0,
124,0,3,497,1.0,
125,0,3,497,1.0,
126,0,3,497,1.0,
127,0,3,497,1.0,
128,0,3,497,1.0,
129,0,3,497,1.0,
130,0,3,497,1.0,
131,0,3,497,1.0,
132,0,3,497,1.0,
133,0,3,497,1.0,
134,0,3,497,1.0,
135,0,3,497,1.0,
136,0,3,497,1.0,
137,0,3,497,1.0,
138,0,3,497,1.0,
139,0,3,497,1.0,
140,0,3,497,1.0,
141,0,3,497,1.0,
142,0,3,497,1.0,
143,0,3,497,1.0,
144,0,3,497,1.0,
145,0,3,497,1.0,
146,0,3,497,1.0,
147,0,3,497,1.0,
148,0,3,497,1.0,
149,0,3,497,1.0,
150,0,2,498,1.0,
151,0,2,498,1.0,
152,0,2,498,1.0,
153,0,2,498,1.0,
154,0,1,499,1.0,
155,0,1,499,1.0,
156,0,1,499,1.0,
157,0,1,499,1.0,
158,0,1,499,1.0,
159,0,0,500,1.0,
160,0,0,500,1.0,
161,0,0,500,1.0,
162,0,0,500,1.0,
163,0,0,500,1.0,
164,0,0,500,1.0,
165,0,0,500,1.0,
166,0,0,500,1.0,
167,0,0,500,1.0,
168,0,0,500,1.0,
169,0,0,500,1.0,
170,0,0,500,1.0,
171,0,0,500,1.0,
172,0,0,500,1.0,
173,0,0,500,1.0,
174,0,0,500,1.0,
175,0,0,500,1.0,
176,0,0,500,1.0,
177,0,0,500,1.0,
178,0,0,500,1.0,
179,0,0,500,1.0,
180,0,0,500,1.0,
181,0,0,500,1.0,
182,0,0,500,1.0,
183,0,0,500,1.0,
184,0,0,500,1.0,
185,0,0,500,1.0,
186,0,0,500,1.0,
187,0,0,500,1.0,
188,0,0,500,1.0,
189,0,0,500,1.0,
190,0,0,500,1.0,
191,0,0,500,1.0,
192,0,0,500,1.0,
193,0,0,500,1.0,
194,0,0,500,1.0,
195,0,0,500,1.0,
196,0,0,500,1.0,
197,0,0,500,1.0,
198,0,0,500,1.0,
199,0,0,500,1.0,
200,0,0,500,1.0,
1,498,2,0,0.9972727272727273,1.0
2,492,8,0,0.9842727272727273,0.9933781148468628
3,484,16,0,0.9700909090909091,0.9859443873135724
4,474,25,1,0.9570909090909091,0.978756662248215
5,460,37,3,0.9296363636363636,0.9631747767253791
6,436,59,5,0.8865454545454545,0.9363709500650981
7,402,91,7,0.8521818181818182,0.9093760510142391
8,356,130,14,0.8104545454545454,0.8677903261665596
9,310,165,25,0.7914545454545454,0.8324929559459455
10,260,206,34,0.7828181818181819,0.7917713370325999
11,214,248,38,0.798,0.7647838187986208
12,157,290,53,0.8472727272727273,0.7568729489287067
13,100,338,62,0.9106363636363637,0.7755610512347745
14,52,367,81,0.9486363636363636,0.7518972871446482
15,24,383,93,0.9814545454545455,0.8065026652884218
16,9,387,104,0.9978181818181818,0.9403681473874026
17,1,377,122,0.9999090909090909,0.9796061184532282
18,0,367,133,1.0,
19,0,347,153,1.0,
20,0,332,168,1.0,
21,0,320,180,1.0,
22,0,308,192,1.0,
23,0,299,201,1.0,
24,0,280,220,1.0,
25,0,264,236,1.0,
26,0,256,244,1.0,
27,0,249,251,1.0,
28,0,240,260,1.0,
29,0,234,266,1.0,
30,0,226,274,1.0,
31,0,216,284,1.0,
32,0,207,293,1.0,
33,0,200,300,1.0,
34,0,193,307,1.0,
35,0,184,316,1.0,
36,0,173,327,1.0,
37,0,164,336,1.0,
38,0,160,340,1.0,
39,0,155,345,1.0,
40,0,150,350,1.0,
41,0,145,355,1.0,
42,0,137,363,1.0,
43,0,127,373,1.0,
44,0,123,377,1.0,
45,0,119,381,1.0,
46,0,117,383,1.0,
47,0,108,392,1.0,
48,0,102,398,1.0,
49,0,102,398,1.0,
50,0,102,398,1.0,
51,0,95,405,1.0,
52,0,90,410,1.0,
53,0,85,415,1.0,
54,0,82,418,1.0,
55,0,79,421,1.0,
56,0,72,428,1.0,
57,0,70,430,1.0,
58,0,67,433,1.0,
59,0,64,436,1.0,
60,0,63,437,1.0,
61,0,60,440,1.0,
62,0,59,441,1.0,
63,0,56,444,1.0,
64,0,55,445,1.0,
65,0,53,447,1.0,
66,0,50,450,1.0,
67,0,49,451,1.0,
68,0,47,453,1.0,
69,0,41,459,1.0,
70,0,40,460,1.0,
71,0,37,463,1.0,
72,0,36,464,1.0,
73,0,35,465,1.0,
74,0,33,467,1.0,
75,0,32,468,1.0,
76,0,32,468,1.0,
77,0,31,469,1.0,
78,0,29,471,1.0,
79,0,28,472,1.0,
80,0,26,474,1.0,
81,0,26,474,1.0,
82,0,26,474,1.0,
83,0,26,474,1.0,
84,0,24,476,1.0,
85,0,22,478,1.0,
86,0,21,479,1.0,
87,0,19,481,1.0,
88,0,17,483,1.0,
89,0,17,483,1.0,
90,0,17,483,1.0,
91,0,15,485,1.0,
92,0,15,485,1.0,
93,0,15,485,1.0,
94,0,14,486,1.0,
95,0,11,489,1.0,
96,0,11,489,1.0,
97,0,11,489,1.0,
98,0,8,492,1.0,
99,0,8,492,1.0,
100,0,8,492,1.0,
101,0,8,492,1.0,
102,0,7,493,1.0,
103,0,7,493,1.0,
104,0,6,494,1.0,
105,0,6,494,1.0,
106,0,5,495,1.0,
107,0,4,496,1.0,
108,0,4,496,1.0,
109,0,4,496,1.0,
110,0,4,496,1.0,
111,0,4,496,1.0,
112,0,3,497,1.0,
113,0,3,497,1.0,
114,0,3,497,1.0,
115,0,3,497,1.0,
116,0,2,498,1.0,
117,0,2,498,1.0,
118,0,2,498,1.0,
119,0,2,498,1.0,
120,0,2,498,1.0,
121,0,2,498,1.0,
122,0,2,498,1.0,
123,0,2,498,1.0,
124,0,2,498,1.0,
125,0,2,498,1.0,
126,0,2,498,1.0,
127,0,2,498,1.0,
128,0,2,498,1.0,
129,0,2,498,1.0,
130,0,2,498,1.0,
131,0,1,499,1.0,
132,0,1,499,1.0,
133,0,1,499,1.0,
134,0,1,499,1.0,
135,0,1,499,1.0,
136,0,1,499,1.0,
137,0,1,499,1.0,
138,0,1,499,1.0,
139,0,1,499,1.0,
140,0,1,499,1.0,
141,0,1,499,1.0,
142,0,1,499,1.0,
143,0,1,499,1.0,
144,0,1,499,1.0,
145,0,1,499,1.0,
146,0,1,499,1.0,
147,0,1,499,1.0,
148,0,1,499,1.0,
149,0,0,500,1.0,
150,0,0,500,1.0,
151,0,0,500,1.0,
152,0,0,500,1.0,
153,0,0,500,1.0,
154,0,0,500,1.0,
155,0,0,500,1.0,
156,0,0,500,1.0,
157,0,0,500,1.0,
158,0,0,500,1.0,
159,0,0,500,1.0,
160,0,0,500,1.0,
161,0,0,500,1.0,
162,0,0,500,1.0,
163,0,0,500,1.0,
164,0,0,500,1.0,
165,0,0,500,1.0,
166,0,0,500,1.0,
167,0,0,500,1.0,
168,0,0,500,1.0,
169,0,0,500,1.0,
170,0,0,500,1.0,
171,0,0,500,1.0,
172,0,0,500,1.0,
173,0,0,500,1.0,
174,0,0,500,1.0,
175,0,0,500,1.0,
176,0,0,500,1.0,
177,0,0,500,1.0,
178,0,0,500,1.0,
179,0,0,500,1.0,
180,0,0,500,1.0,
181,0,0,500,1.0,
182,0,0,500,1.0,
183,0,0,500,1.0,
184,0,0,500,1.0,
185,0,0,500,1.0,
186,0,0,500,1.0,
187,0,0,500,1.0,
188,0,0,500,1.0,
189,0,0,500,1.0,
190,0,0,500,1.0,
191,0,0,500,1.0,
192,0,0,500,1.0,
193,0,0,500,1.0,
194,0,0,500,1.0,
195,0,0,500,1.0,
196,0,0,500,1.0,
197,0,0,500,1.0,
198,0,0,500,1.0,
199,0,0,500,1.0,
200,0,0,500,1.0,
1,497,3,0,0.9940909090909091,1.0
2,495,5,0,0.9912727272727273,0.9985618192793143
3,487,12,1,0.9774545454545455,0.9913666933810146
4,477,22,1,0.954,0.9788045377020856
5,463,32,5,0.9383636363636364,0.9696227057727046
6,441,52,7,0.8939090909090909,0.9426063252806255
7,422,70,8,0.8668181818181818,0.9237843561768944
8,388,101,11,0.8338181818181818,0.895403523525073
9,338,147,15,0.7681818181818182,0.8304279289478121
10,289,190,21,0.7623636363636364,0.7960799431781037
11,238,229,33,0.7713636363636364,0.7607457377577603
12,174,280,46,0.8103636363636364,0.7283038254883271
13,116,326,58,0.8805454545454545,0.7430616144062289
14,64,363,73,0.9513636363636364,0.809741761888672
15,25,386,89,0.9827272727272728,0.827251609182188
16,9,386,105,0.996,0.8856249048660524
17,1,382,117,0.9994545454545455,0.8596949911149736
18,0,369,131,1.0,
19,0,357,143,1.0,
20,0,339,161,1.0,
21,0,323,177,1.0,
22,0,314,186,1.0,
23,0,306,194,1.0,
24,0,299,201,1.0,
25,0,283,217,1.0,
26,0,273,227,1.0,
27,0,260,240,1.0,
28,0,248,252,1.0,
29,0,235,265,1.0,
30,0,227,273,1.0,
31,0,216,284,1.0,
32,0,208,292,1.0,
33,0,197,303,1.0,
34,0,190,310,1.0,
35,0,181,319,1.0,
36,0,174,326,1.0,
37,0,165,335,1.0,
38,0,158,342,1.0,
39,0,153,347,1.0,
40,0,148,352,1.0,
41,0,142,358,1.0,
42,0,135,365,1.0,
43,0,129,371,1.0,
44,0,121,379,1.0,
45,0,116,384,1.0,
46,0,111,389,1.0,
47,0,105,395,1.0,
48,0,96,404,1.0,
49,0,90,410,1.0,
50,0,84,416,1.0,
51,0,79,421,1.0,
52,0,76,424,1.0,
53,0,74,426,1.0,
54,0,74,426,1.0,
55,0,71,429,1.0,
56,0,68,432,1.0,
57,0,65,435,1.0,
58,0,63,437,1.0,
59,0,60,440,1.0,
60,0,57,443,1.0,
61,0,57,443,1.0,
62,0,50,450,1.0,
63,0,49,451,1.0,
64,0,47,453,1.0,
65,0,45,455,1.0,
66,0,42,458,1.0,
67,0,41,459,1.0,
68,0,37,463,1.0,
69,0,35,465,1.0,
70,0,33,467,1.0,
71,0,33,467,1.0,
72,0,30,470,1.0,
73,0,28,472,1.0,
74,0,26,474,1.0,
75,0,23,477,1.0,
76,0,22,478,1.0,
77,0,21,479,1.0,
78,0,19,481,1.0,
79,0,19,481,1.0,
80,0,18,482,1.0,
81,0,18,482,1.0,
82,0,15,485,1.0,
83,0,15,485,1.0,
84,0,14,486,1.0,
85,0,14,486,1.0,
86,0,13,487,1.0,
87,0,12,488,1.0,
88,0,12,488,1.0,
89,0,12,488,1.0,
90,0,11,489,1.0,
91,0,11,489,1.0,
92,0,11,489,1.0,
93,0,9,491,1.0,
94,0,8,492,1.0,
95,0,8,492,1.0,
96,0,7,493,1.0,
97,0,6,494,1.0,
98,0,6,494,1.0,
99,0,5,495,1.0,
100,0,5,495,1.0,
101,0,5,495,1.0,
102,0,5,495,1.0,
103,0,5,495,1.0,
104,0,5,495,1.0,
105,0,5,495,1.0,
106,0,5,495,1.0,
107,0,5,495,1.0,
108,0,5,495,1.0,
109,0,5,495,1.0,
110,0,5,495,1.0,
111,0,4,496,1.0,
112,0,4,496,1.0,
113,0,4,496,1.0,
114,0,4,496,1.0,
115,0,4,496,1.0,
116,0,3,497,1.0,
117,0,3,497,1.0,
118,0,3,497,1.0,
119,0,2,498,1.0,
120,0,2,498,1.0,
121,0,2,498,1.0,
122,0,1,499,1.0,
123,0,1,499,1.0,
124,0,1,499,1.0,
125,0,1,499,1.0,
126,0,1,499,1.0,
127,0,1,499,1.0,
128,0,1,499,1.0,
129,0,1,499,1.0,
130,0,1,499,1.0,
131,0,1,499,1.0,
132,0,1,499,1.0,
133,0,1,499,1.0,
134,0,1,499,1.0,
135,0,1,499,1.0,
136,0,0,500,1.0,
137,0,0,500,1.0,
138,0,0,500,1.0,
139,0,0,500,1.0,
140,0,0,500,1.0,
141,0,0,500,1.0,
142,0,0,500,1.0,
143,0,0,500,1.0,
144,0,0,500,1.0,
145,0,0,500,1.0,
146,0,0,500,1.0,
147,0,0,500,1.0,
148,0,0,500,1.0,
149,0,0,500,1.0,
150,0,0,500,1.0,
151,0,0,500,1.0,
152,0,0,500,1.0,
153,0,0,500,1.0,
154,0,0,500,1.0,
155,0,0,500,1.0,
156,0,0,500,1.0,
157,0,0,500,1.0,
158,0,0,500,1.0,
159,0,0,500,1.0,
160,0,0,500,1.0,
161,0,0,500,1.0,
162,0,0,500,1.0,
163,0,0,500,1.0,
164,0,0,500,1.0,
165,0,0,500,1.0,
166,0,0,500,1.0,
167,0,0,500,1.0,
168,0,0,500,1.0,
169,0,0,500,1.0,
170,0,0,500,1.0,
171,0,0,500,1.0,
172,0,0,500,1.0,
173,0,0,500,1.0,
174,0,0,500,1.0,
175,0,0,500,1.0,
176,0,0,500,1.0,
177,0,0,500,1.0,
178,0,0,500,1.0,
179,0,0,500,1.0,
180,0,0,500,1.0,
181,0,0,500,1.0,
182,0,0,500,1.0,
183,0,0,500,1.0,
184,0,0,500,1.0,
185,0,0,500,1.0,
186,0,0,500,1.0,
187,0,0,500,1.0,
188,0,0,500,1.0,
189,0,0,500,1.0,
190,0,0,500,1.0,
191,0,0,500,1.0,
192,0,0,500,1.0,
193,0,0,500,1.0,
194,0,0,500,1.0,
195,0,0,500,1.0,
196,0,0,500,1.0,
197,0,0,500,1.0,
198,0,0,500,1.0,
199,0,0,500,1.0,
200,0,0,500,1.0,
1,499,1,0,1.0,1.0
2,497,3,0,0.9945454545454545,0.9972417489411426
3,496,4,0,0.9927272727272727,0.996320768057165
4,491,9,0,0.9816363636363636,0.9906310332225526
5,483,17,0,0.9642727272727273,0.9814885285386898
6,473,26,1,0.9535454545454546,0.9753840880179933
7,460,38,2,0.9453636363636364,0.9702282875545469
8,437,56,7,0.9305454545454546,0.9602488784309797
9,413,77,10,0.9039090909090909,0.9419058924222662
10,381,105,14,0.8652727272727273,0.9114833136339623
11,348,128,24,0.8438181818181818,0.8875462272657866
12,297,166,37,0.8073636363636364,0.8373568252847351
13,244,211,45,0.798,0.7924973803573484
14,186,257,57,0.8213636363636364,0.7585635255976773
15,133,307,60,0.8603636363636363,0.7362598417003617
16,83,340,77,0.9208181818181819,0.7597143543074522
17,45,362,93,0.9604545454545454,0.7786773946265771
18,25,364,111,0.9765454545454545,0.7625881328244184
19,13,365,122,0.9883636363636363,0.7711633894560723
20,4,363,133,0.9964545454545455,0.7690354644410231
21,0,350,150,1.0,
22,0,331,169,1.0,
23,0,323,177,1.0,
24,0,313,187,1.0,
25,0,305,195,1.0,
26,0,294,206,1.0,
27,0,284,216,1.0,
28,0,273,227,1.0,
29,0,262,238,1.0,
30,0,243,257,1.0,
31,0,231,269,1.0,
32,0,225,275,1.0,
33,0,216,284,1.0,
34,0,207,293,1.0,
35,0,191,309,1.0,
36,0,185,315,1.0,
37,0,178,322,1.0,
38,0,168,332,1.0,
39,0,161,339,1.0,
40,0,153,347,1.0,
41,0,144,356,1.0,
42,0,142,358,1.0,
43,0,137,363,1.0,
44,0,133,367,1.0,
45,0,129,371,1.0,
46,0,126,374,1.0,
47,0,120,380,1.0,
48,0,114,386,1.0,
49,0,108,392,1.0,
50,0,104,396,1.0,
51,0,99,401,1.0,
52,0,96,404,1.0,
53,0,93,407,1.0,
54,0,91,409,1.0,
55,0,89,411,1.0,
56,0,87,413,1.0,
57,0,79,421,1.0,
58,0,75,425,1.0,
59,0,74,426,1.0,
60,0,73,427,1.0,
61,0,71,429,1.0,
62,0,70,430,1.0,
63,0,63,437,1.0,
64,0,61,439,1.0,
65,0,59,441,1.0,
66,0,53,447,1.0,
67,0,52,448,1.0,
68,0,46,454,1.0,
69,0,46,454,1.0,
70,0,45,455,1.0,
71,0,43,457,1.0,
72,0,42,458,1.0,
73,0,42,458,1.0,
74,0,38,462,1.0,
75,0,36,464,1.0,
76,0,34,466,1.0,
77,0,33,467,1.0,
78,0,31,469,1.0,
79,0,30,470,1.0,
80,0,28,472,1.0,
81,0,28,472,1.0,
82,0,28,472,1.0,
83,0,25,475,1.0,
84,0,25,475,1.0,
85,0,23,477,1.0,
86,0,22,478,1.0,
87,0,21,479,1.0,
88,0,18,482,1.0,
89,0,18,482,1.0,
90,0,15,485,1.0,
91,0,15,485,1.0,
92,0,15,485,1.0,
93,0,14,486,1.0,
94,0,14,486,1.0,
95,0,14,486,1.0,
96,0,14,486,1.0,
97,0,13,487,1.0,
98,0,13,487,1.0,
99,0,11,489,1.0,
100,0,11,489,1.0,
101,0,10,490,1.0,
102,0,10,490,1.0,
103,0,10,490,1.0,
104,0,10,490,1.0,
105,0,10,490,1.0,
106,0,10,490,1.0,
107,0,10,490,1.0,
108,0,10,490,1.0,
109,0,10,490,1.0,
110,0,10,490,1.0,
111,0,10,490,1.0,
112,0,10,490,1.0,
113,0,9,491,1.0,
114,0,9,491,1.0,
115,0,9,491,1.0,
116,0,9,491,1.0,
117,0,9,491,1.0,
118,0,9,491,1.0,
119,0,9,491,1.0,
120,0,9,491,1.0,
121,0,8,492,1.0,
122,0,8,492,1.0,
123,0,8,492,1.0,
124,0,7,493,1.0,
125,0,7,493,1.0,
126,0,7,493,1.0,
127,0,6,494,1.0,
128,0,6,494,1.0,
129,0,6,494,1.0,
130,0,6,494,1.0,
131,0,6,494,1.0,
132,0,6,494,1.0,
133,0,6,494,1.0,
134,0,6,494,1.0,
135,0,5,495,1.0,
136,0,5,495,1.0,
137,0,5,495,1.0,
138,0,5,495,1.0,
139,0,4,496,1.0,
140,0,4,496,1.0,
141,0,4,496,1.0,
142,0,4,496,1.0,
143,0,3,497,1.0,
144,0,3,497,1.0,
145,0,3,497,1.0,
146,0,3,497,1.0,
147,0,3,497,1.0,
148,0,2,498,1.0,
149,0,2,498,1.0,
150,0,2,498,1.0,
151,0,2,498,1.0,
152,0,2,498,1.0,
153,0,2,498,1.0,
154,0,2,498,1.0,
155,0,2,498,1.0,
156,0,2,498,1.0,
157,0,2,498,1.0,
158,0,2,498,1.0,
159,0,2,498,1.0,
160,0,2,498,1.0,
161,0,2,498,1.0,
162,0,2,498,1.0,
163,0,2,498,1.0,
164,0,2,498,1.0,
165,0,2,498,1.0,
166,0,2,498,1.0,
167,0,2,498,1.0,
168,0,2,498,1.0,
169,0,2,498,1.0,
170,0,2,498,1.0,
171,0,2,498,1.0,
172,0,2,498,1.0,
173,0,2,498,1.0,
174,0,2,498,1.0,
175,0,2,498,1.0,
176,0,2,498,1.0,
177,0,1,499,1.0,
178,0,1,499,1.0,
179,0,1,499,1.0,
180,0,1,499,1.0,
181,0,1,499,1.0,
182,0,1,499,1.0,
183,0,1,499,1.0,
184,0,1,499,1.0,
185,0,1,499,1.0,
186,0,1,499,1.0,
187,0,1,499,1.0,
188,0,1,499,1.0,
189,0,1,499,1.0,
190,0,1,499,1.0,
191,0,1,499,1.0,
192,0,1,499,1.0,
193,0,1,499,1.0,
194,0,1,499,1.0,
195,0,1,499,1.0,
196,0,1,499,1.0,
197,0,1,499,1.0,
198,0,1,499,1.0,
199,0,1,499,1.0,
200,0,1,499,1.0,
1,497,3,0,0.993909090909091,1.0
2,494,6,0,0.9883636363636363,0.9971694411420746
3,488,11,1,0.9783636363636363,0.9919562649013878
4,479,18,3,0.9724545454545455,0.9886474827015871
5,469,26,5,0.9578181818181818,0.9804695140562507
6,455,37,8,0.9378181818181818,0.9688228398396717
7,431,60,9,0.8992727272727272,0.9445594313212826
8,394,96,10,0.852,0.9090576518854243
9,346,141,13,0.8027272727272727,0.8604301535009018
10,291,194,15,0.7707272727272727,0.8058725692752171
11,227,252,21,0.7837272727272727,0.7642222159474679
12,166,295,39,0.8239090909090909,0.7368633971777228
13,110,336,54,0.885,0.7407848886931108
14,59,371,70,0.9440909090909091,0.7654046015537982
15,27,390,83,0.9778181818181818,0.7972658237462696
16,11,390,99,0.9942727272727273,0.873407063162664
17,5,378,117,0.9984545454545455,0.9262472351942787
18,2,360,138,0.9991818181818182,0.8979834657580321
19,1,344,155,0.9996363636363637,0.9139051584133164
20,1,336,163,0.9996363636363637,0.9139051584133164
21,1,323,176,0.9994545454545455,0.8693244189785205
22,0,311,189,1.0,
23,0,296,204,1.0,
24,0,282,218,1.0,
25,0,272,228,1.0,
26,0,262,238,1.0,
27,0,253,247,1.0,
28,0,240,260,1.0,
29,0,228,272,1.0,
30,0,220,280,1.0,
31,0,208,292,1.0,
32,0,202,298,1.0,
33,0,192,308,1.0,
34,0,183,317,1.0,
35,0,178,322,1.0,
36,0,170,330,1.0,
37,0,157,343,1.0,
38,0,147,353,1.0,
39,0,141,359,1.0,
40,0,132,368,1.0,
41,0,123,377,1.0,
42,0,117,383,1.0,
43,0,112,388,1.0,
44,0,108,392,1.0,
45,0,106,394,1.0,
46,0,101,399,1.0,
47,0,98,402,1.0,
48,0,95,405,1.0,
49,0,88,412,1.0,
50,0,84,416,1.0,
51,0,82,418,1.0,
52,0,78,422,1.0,
53,0,75,425,1.0,
54,0,69,431,1.0,
55,0,68,432,1.0,
56,0,66,434,1.0,
57,0,64,436,1.0,
58,0,60,440,1.0,
59,0,57,443,1.0,
60,0,53,447,1.0,
61,0,50,450,1.0,
62,0,48,452,1.0,
63,0,46,454,1.0,
64,0,45,455,1.0,
65,0,41,459,1.0,
66,0,41,459,1.0,
67,0,40,460,1.0,
68,0,37,463,1.0,
69,0,35,465,1.0,
70,0,35,465,1.0,
71,0,34,466,1.0,
72,0,33,467,1.0,
73,0,32,468,1.0,
74,0,31,469,1.0,
75,0,31,469,1.0,
76,0,29,471,1.0,
77,0,28,472,1.0,
78,0,28,472,1.0,
79,0,27,473,1.0,
80,0,26,474,1.0,
81,0,25,475,1.0,
82,0,25,475,1.0,
83,0,25,475,1.0,
84,0,23,477,1.0,
85,0,21,479,1.0,
86,0,21,479,1.0,
87,0,19,481,1.0,
88,0,18,482,1.0,
89,0,18,482,1.0,
90,0,17,483,1.0,
91,0,17,483,1.0,
92,0,16,484,1.0,
93,0,16,484,1.0,
94,0,15,485,1.0,
95,0,14,486,1.0,
96,0,14,486,1.0,
97,0,12,488,1.0,
98,0,11,489,1.0,
99,0,11,489,1.0,
100,0,11,489,1.0,
101,0,10,490,1.0,
102,0,9,491,1.0,
103,0,9,491,1.0,
104,0,9,491,1.0,
105,0,8,492,1.0,
106,0,8,492,1.0,
107,0,8,492,1.0,
108,0,8,492,1.0,
109,0,7,493,1.0,
110,0,6,494,1.0,
111,0,6,494,1.0,
112,0,6,494,1.0,
113,0,5,495,1.0,
114,0,5,495,1.0,
115,0,5,495,1.0,
116,0,5,495,1.0,
117,0,5,495,1.0,
118,0,5,495,1.0,
119,0,5,495,1.0,
120,0,5,495,1.0,
121,0,4,496,1.0,
122,0,4,496,1.0,
123,0,4,496,1.0,
124,0,4,496,1.0,
125,0,4,496,1.0,
126,0,4,496,1.0,
127,0,4,496,1.0,
128,0,4,496,1.0,
129,0,4,496,1.0,
130,0,4,496,1.0,
131,0,3,497,1.0,
132,0,3,497,1.0,
133,0,3,497,1.0,
134,0,3,497,1.0,
135,0,2,498,1.0,
136,0,2,498,1.0,
137,0,2,498,1.0,
138,0,2,498,1.0,
139,0,2,498,1.0,
140,0,2,498,1.0,
141,0,2,498,1.0,
142,0,2,498,1.0,
143,0,2,498,1.0,
144,0,2,498,1.0,
145,0,2,498,1.0,
146,0,2,498,1.0,
147,0,2,498,1.0,
148,0,2,498,1.0,
149,0,2,498,1.0,
150,0,2,498,1.0,
151,0,2,498,1.0,
152,0,2,498,1.0,
153,0,2,498,1.0,
154,0,2,498,1.0,
155,0,2,498,1.0,
156,0,2,498,1.0,
157,0,2,498,1.0,
158,0,2,498,1.0,
159,0,2,498,1.0,
160,0,2,498,1.0,
161,0,2,498,1.0,
162,0,2,498,1.0,
163,0,2,498,1.0,
164,0,2,498,1.0,
165,0,2,498,1.0,
166,0,2,498,1.0,
167,0,2,498,1.0,
168,0,1,499,1.0,
169,0,1,499,1.0,
170,0,1,499,1.0,
171,0,1,499,1.0,
172,0,1,499,1.0,
173,0,1,499,1.0,
174,0,1,499,1.0,
175,0,1,499,1.0,
176,0,1,499,1.0,
177,0,1,499,1.0,
178,0,0,500,1.0,
179,0,0,500,1.0,
180,0,0,500,1.0,
181,0,0,500,1.0,
182,0,0,500,1.0,
183,0,0,500,1.0,
184,0,0,500,1.0,
185,0,0,500,1.0,
186,0,0,500,1.0,
187,0,0,500,1.0,
188,0,0,500,1.0,
189,0,0,500,1.0,
190,0,0,500,1.0,
191,0,0,500,1.0,
192,0,0,500,1.0,
193,0,0,500,1.0,
194,0,0,500,1.0,
195,0,0,500,1.0,
196,0,0,500,1.0,
197,0,0,500,1.0,
198,0,0,500,1.0,
199,0,0,500,1.0,
200,0,0,500,1.0,
1,496,4,0,0.9926363636363637,1.0
2,490,10,0,0.9800909090909091,0.9935427730844026
3,476,22,2,0.9572727272727273,0.9812044542274645
4,463,35,2,0.9345454545454546,0.9682638886032124
5,442,54,4,0.8955454545454545,0.9443884221327582
6,409,82,9,0.852909090909091,0.9134162572328094
7,374,114,12,0.8181818181818182,0.8816048968571083
8,313,169,18,0.7936363636363636,0.8379294017982184
9,255,217,28,0.773,0.7796095788993382
10,172,282,46,0.8072727272727273,0.7214363760613882
11,102,341,57,0.9079090909090909,0.7744482645131832
12,38,394,68,0.979909090909091,0.8685052275228551
13,12,404,84,0.9968181818181818,0.9360533075033219
14,3,396,101,0.9991818181818182,0.9327324150687747
15,0,383,117,1.0,
16,0,375,125,1.0,
17,0,367,133,1.0,
18,0,356,144,1.0,
19,0,345,155,1.0,
20,0,328,172,1.0,
21,0,317,183,1.0,
22,0,304,196,1.0,
23,0,295,205,1.0,
24,0,281,219,1.0,
25,0,277,223,1.0,
26,0,269,231,1.0,
27,0,259,241,1.0,
28,0,245,255,1.0,
29,0,236,264,1.0,
30,0,219,281,1.0,
31,0,211,289,1.0,
32,0,205,295,1.0,
33,0,198,302,1.0,
34,0,191,309,1.0,
35,0,181,319,1.0,
36,0,174,326,1.0,
37,0,171,329,1.0,
38,0,164,336,1.0,
39,0,157,343,1.0,
40,0,152,348,1.0,
41,0,147,353,1.0,
42,0,142,358,1.0,
43,0,140,360,1.0,
44,0,131,369,1.0,
45,0,126,374,1.0,
46,0,121,379,1.0,
47,0,115,385,1.0,
48,0,110,390,1.0,
49,0,106,394,1.0,
50,0,102,398,1.0,
51,0,98,402,1.0,
52,0,91,409,1.0,
53,0,85,415,1.0,
54,0,84,416,1.0,
55,0,79,421,1.0,
56,0,75,425,1.0,
57,0,74,426,1.0,
58,0,71,429,1.0,
59,0,66,434,1.0,
60,0,64,436,1.0,
61,0,59,441,1.0,
62,0,56,444,1.0,
63,0,54,446,1.0,
64,0,52,448,1.0,
65,0,52,448,1.0,
66,0,51,449,1.0,
67,0,50,450,1.0,
68,0,48,452,1.0,
69,0,47,453,1.0,
70,0,46,454,1.0,
71,0,45,455,1.0,
72,0,44,456,1.0,
73,0,43,457,1.0,
74,0,41,459,1.0,
75,0,40,460,1.0,
76,0,38,462,1.0,
77,0,38,462,1.0,
78,0,36,464,1.0,
79,0,35,465,1.0,
80,0,34,466,1.0,
81,0,33,467,1.0,
82,0,29,471,1.0,
83,0,29,471,1.0,
84,0,27,473,1.0,
85,0,26,474,1.0,
86,0,23,477,1.0,
87,0,23,477,1.0,
88,0,22,478,1.0,
89,0,22,478,1.0,
90,0,19,481,1.0,
91,0,18,482,1.0,
92,0,18,482,1.0,
93,0,16,484,1.0,
94,0,15,485,1.0,
95,0,15,485,1.0,
96,0,15,485,1.0,
97,0,14,486,1.0,
98,0,14,486,1.0,
99,0,14,486,1.0,
100,0,14,486,1.0,
101,0,13,487,1.0,
102,0,13,487,1.0,
103,0,12,488,1.0,
104,0,12,488,1.0,
105,0,12,488,1.0,
106,0,11,489,1.0,
107,0,11,489,1.0,
108,0,9,491,1.0,
109,0,9,491,1.0,
110,0,9,491,1.0,
111,0,9,491,1.0,
112,0,9,491,1.0,
113,0,8,492,1.0,
114,0,8,492,1.0,
115,0,8,492,1.0,
116,0,8,492,1.0,
117,0,8,492,1.0,
118,0,8,492,1.0,
119,0,8,492,1.0,
120,0,7,493,1.0,
121,0,7,493,1.0,
122,0,7,493,1.0,
123,0,6,494,1.0,
124,0,6,494,1.0,
125,0,6,494,1.0,
126,0,6,494,1.0,
127,0,5,495,1.0,
128,0,5,495,1.0,
129,0,5,495,1.0,
130,0,5,495,1.0,
131,0,5,495,1.0,
132,0,5,495,1.0,
133,0,5,495,1.0,
134,0,5,495,1.0,
135,0,5,495,1.0,
136,0,5,495,1.0,
137,0,5,495,1.0,
138,0,5,495,1.0,
139,0,5,495,1.0,
140,0,5,495,1.0,
141,0,5,495,1.0,
142,0,5,495,1.0,
143,0,4,496,1.0,
144,0,4,496,1.0,
145,0,4,496,1.0,
146,0,4,496,1.0,
147,0,4,496,1.0,
148,0,4,496,1.0,
149,0,4,496,1.0,
150,0,4,496,1.0,
151,0,4,496,1.0,
152,0,4,496,1.0,
153,0,4,496,1.0,
154,0,3,497,1.0,
155,0,3,497,1.0,
156,0,3,497,1.0,
157,0,3,497,1.0,
158,0,3,497,1.0,
159,0,3,497,1.0,
160,0,3,497,1.0,
161,0,3,497,1.0,
162,0,3,497,1.0,
163,0,3,497,1.0,
164,0,3,497,1.0,
165,0,3,497,1.0,
166,0,3,497,1.0,
167,0,3,497,1.0,
168,0,3,497,1.0,
169,0,3,497,1.0,
170,0,3,497,1.0,
171,0,3,497,1.0,
172,0,3,497,1.0,
173,0,2,498,1.0,
174,0,2,498,1.0,
175,0,2,498,1.0,
176,0,2,498,1.0,
177,0,2,498,1.0,
178,0,2,498,1.0,
179,0,2,498,1.0,
180,0,2,498,1.0,
181,0,2,498,1.0,
182,0,2,498,1.0,
183,0,2,498,1.0,
184,0,2,498,1.0,
185,0,2,498,1.0,
186,0,2,498,1.0,
187,0,2,498,1.0,
188,0,2,498,1.0,
189,0,2,498,1.0,
190,0,2,498,1.0,
191,0,2,498,1.0,
192,0,0,500,1.0,
193,0,0,500,1.0,
194,0,0,500,1.0,
195,0,0,500,1.0,
196,0,0,500,1.0,
197,0,0,500,1.0,
198,0,0,500,1.0,
199,0,0,500,1.0,
200,0,0,500,1.0,
1,498,2,0,0.9967272727272727,1.0
2,494,5,1,0.9918181818181818,0.9974901580670326
3,491,7,2,0.9906363636363636,0.9968668690935736
4,480,17,3,0.9672727272727273,0.9846065201355677
5,468,29,3,0.9414545454545454,0.970378257008971
6,451,43,6,0.9140909090909091,0.9540009756173937
7,424,66,10,0.8703636363636363,0.9252352972167377
8,393,93,14,0.8237272727272728,0.88929532050807
9,357,125,18,0.7892727272727272,0.8536723957211623
10,309,169,22,0.7638181818181818,0.8099621619308718
11,246,220,34,0.7734545454545455,0.770558607913788
12,183,266,51,0.8096363636363636,0.7407227584837296
13,126,313,61,0.8690909090909091,0.7407580339697537
14,70,349,81,0.936,0.7706012252575881
15,29,371,100,0.9824545454545455,0.8481245519725246
16,14,364,122,0.9916363636363636,0.8518315013143312
17,9,352,139,0.992909090909091,0.8030252412307121
18,4,342,154,0.9960909090909091,0.7624488275579963
19,2,329,169,0.9978181818181818,0.7374469127639522
20,1,315,184,0.9989090909090909,0.7403502470661726
21,0,309,191,1.0,
22,0,296,204,1.0,
23,0,292,208,1.0,
24,0,282,218,1.0,
25,0,274,226,1.0,
26,0,263,237,1.0,
27,0,244,256,1.0,
28,0,232,268,1.0,
29,0,224,276,1.0,
30,0,211,289,1.0,
31,0,200,300,1.0,
32,0,195,305,1.0,
33,0,188,312,1.0,
34,0,181,319,1.0,
35,0,176,324,1.0,
36,0,169,331,1.0,
37,0,161,339,1.0,
38,0,154,346,1.0,
39,0,149,351,1.0,
40,0,143,357,1.0,
41,0,134,366,1.0,
42,0,124,376,1.0,
43,0,120,380,1.0,
44,0,117,383,1.0,
45,0,114,386,1.0,
46,0,112,388,1.0,
47,0,107,393,1.0,
48,0,104,396,1.0,
49,0,100,400,1.0,
50,0,98,402,1.0,
51,0,96,404,1.0,
52,0,90,410,1.0,
53,0,82,418,1.0,
54,0,80,420,1.0,
55,0,75,425,1.0,
56,0,74,426,1.0,
57,0,73,427,1.0,
58,0,70,430,1.0,
59,0,65,435,1.0,
60,0,62,438,1.0,
61,0,60,440,1.0,
62,0,57,443,1.0,
63,0,54,446,1.0,
64,0,53,447,1.0,
65,0,53,447,1.0,
66,0,52,448,1.0,
67,0,50,450,1.0,
68,0,48,452,1.0,
69,0,47,453,1.0,
70,0,45,455,1.0,
71,0,44,456,1.0,
72,0,40,460,1.0,
73,0,39,461,1.0,
74,0,38,462,1.0,
75,0,36,464,1.0,
76,0,36,464,1.0,
77,0,32,468,1.0,
78,0,30,470,1.0,
79,0,29,471,1.0,
80,0,29,471,1.0,
81,0,29,471,1.0,
82,0,28,472,1.0,
83,0,28,472,1.0,
84,0,26,474,1.0,
85,0,25,475,1.0,
86,0,25,475,1.0,
87,0,25,475,1.0,
88,0,25,475,1.0,
89,0,25,475,1.0,
90,0,25,475,1.0,
91,0,24,476,1.0,
92,0,24,476,1.0,
93,0,23,477,1.0,
94,0,23,477,1.0,
95,0,23,477,1.0,
96,0,22,478,1.0,
97,0,19,481,1.0,
98,0,18,482,1.0,
99,0,16,484,1.0,
100,0,15,485,1.0,
101,0,12,488,1.0,
102,0,12,488,1.0,
103,0,11,489,1.0,
104,0,10,490,1.0,
105,0,10,490,1.0,
106,0,10,490,1.0,
107,0,10,490,1.0,
108,0,6,494,1.0,
109,0,6,494,1.0,
110,0,6,494,1.0,
111,0,6,494,1.0,
112,0,6,494,1.0,
113,0,6,494,1.0,
114,0,6,494,1.0,
115,0,6,494,1.0,
116,0,6,494,1.0,
117,0,5,495,1.0,
118,0,5,495,1.0,
119,0,5,495,1.0,
120,0,5,495,1.0,
121,0,5,495,1.0,
122,0,5,495,1.0,
123,0,5,495,1.0,
124,0,5,495,1.0,
125,0,5,495,1.0,
126,0,5,495,1.0,
127,0,5,495,1.0,
128,0,5,495,1.0,
129,0,5,495,1.0,
130,0,5,495,1.0,
131,0,5,495,1.0,
132,0,5,495,1.0,
133,0,5,495,1.0,
134,0,5,495,1.0,
135,0,4,496,1.0,
136,0,4,496,1.0,
137,0,4,496,1.0,
138,0,4,496,1.0,
139,0,4,496,1.0,
140,0,4,496,1.0,
141,0,4,496,1.0,
142,0,4,496,1.0,
143,0,4,496,1.0,
144,0,4,496,1.0,
145,0,3,497,1.0,
146,0,3,497,1.0,
147,0,3,497,1.0,
148,0,3,497,1.0,
149,0,3,497,1.0,
150,0,3,497,1.0,
151,0,3,497,1.0,
152,0,3,497,1.0,
153,0,3,497,1.0,
154,0,3,497,1.0,
155,0,3,497,1.0,
156,0,2,498,1.0,
157,0,2,498,1.0,
158,0,2,498,1.0,
159,0,2,498,1.0,
160,0,2,498,1.0,
161,0,2,498,1.0,
162,0,2,498,1.0,
163,0,1,499,1.0,
164,0,1,499,1.0,
165,0,0,500,1.0,
166,0,0,500,1.0,
167,0,0,500,1.0,
168,0,0,500,1.0,
169,0,0,500,1.0,
170,0,0,500,1.0,
171,0,0,500,1.0,
172,0,0,500,1.0,
173,0,0,500,1.0,
174,0,0,500,1.0,
175,0,0,500,1.0,
176,0,0,500,1.0,
177,0,0,500,1.0,
178,0,0,500,1.0,
179,0,0,500,1.0,
180,0,0,500,1.0,
181,0,0,500,1.0,
182,0,0,500,1.0,
183,0,0,500,1.0,
184,0,0,500,1.0,
185,0,0,500,1.0,
186,0,0,500,1.0,
187,0,0,500,1.0,
188,0,0,500,1.0,
189,0,0,500,1.0,
190,0,0,500,1.0,
191,0,0,500,1.0,
192,0,0,500,1.0,
193,0,0,500,1.0,
194,0,0,500,1.0,
195,0,0,500,1.0,
196,0,0,500,1.0,
197,0,0,500,1.0,
198,0,0,500,1.0,
199,0,0,500,1.0,
200,0,0,500,1.0,
1,498,2,0,0.9981818181818182,1.0
2,492,8,0,0.9866363636363636,0.9941266288538346
3,483,17,0,0.9648181818181818,0.9826843643077012
4,472,27,1,0.9457272727272727,0.9721122011025942
5,444,52,4,0.8994545454545455,0.9441810627084358
6,414,80,6,0.8532727272727273,0.9120384930866194
7,375,112,13,0.8274545454545454,0.8854485639054338
8,339,141,20,0.8134545454545454,0.8629819809333082
9,295,174,31,0.8047272727272727,0.834873161003903
10,246,216,38,0.8059090909090909,0.8030585285448372
11,192,266,42,0.8238181818181818,0.7706283744752233
12,143,313,44,0.8528181818181818,0.7421163164736159
13,88,353,59,0.91,0.7433494794187112
14,42,383,75,0.9658181818181818,0.7967780669864156
15,13,397,90,0.9950909090909091,0.9063106580146124
16,6,388,106,0.9977272727272727,0.9046953551680752
17,2,375,123,0.9993636363636363,0.9191259086204907
18,0,365,135,1.0,
19,0,348,152,1.0,
20,0,328,172,1.0,
21,0,315,185,1.0,
22,0,311,189,1.0,
23,0,305,195,1.0,
24,0,291,209,1.0,
25,0,280,220,1.0,
26,0,262,238,1.0,
27,0,256,244,1.0,
28,0,245,255,1.0,
29,0,232,268,1.0,
30,0,221,279,1.0,
31,0,214,286,1.0,
32,0,208,292,1.0,
33,0,199,301,1.0,
34,0,191,309,1.0,
35,0,188,312,1.0,
36,0,176,324,1.0,
37,0,172,328,1.0,
38,0,164,336,1.0,
39,0,156,344,1.0,
40,0,146,354,1.0,
41,0,142,358,1.0,
42,0,135,365,1.0,
43,0,129,371,1.0,
44,0,122,378,1.0,
45,0,119,381,1.0,
46,0,117,383,1.0,
47,0,113,387,1.0,
48,0,108,392,1.0,
49,0,105,395,1.0,
50,0,104,396,1.0,
51,0,100,400,1.0,
52,0,94,406,1.0,
53,0,90,410,1.0,
54,0,85,415,1.0,
55,0,82,418,1.0,
56,0,74,426,1.0,
57,0,70,430,1.0,
58,0,70,430,1.0,
59,0,66,434,1.0,
60,0,63,437,1.0,
61,0,60,440,1.0,
62,0,58,442,1.0,
63,0,55,445,1.0,
64,0,52,448,1.0,
65,0,46,454,1.0,
66,0,46,454,1.0,
67,0,44,456,1.0,
68,0,44,456,1.0,
69,0,43,457,1.0,
70,0,41,459,1.0,
71,0,37,463,1.0,
72,0,36,464,1.0,
73,0,35,465,1.0,
74,0,32,468,1.0,
75,0,32,468,1.0,
76,0,31,469,1.0,
77,0,30,470,1.0,
78,0,27,473,1.0,
79,0,26,474,1.0,
80,0,26,474,1.0,
81,0,24,476,1.0,
82,0,21,479,1.0,
83,0,20,480,1.0,
84,0,20,480,1.0,
85,0,19,481,1.0,
86,0,19,481,1.0,
87,0,19,481,1.0,
88,0,18,482,1.0,
89,0,18,482,1.0,
90,0,16,484,1.0,
91,0,15,485,1.0,
92,0,13,487,1.0,
93,0,12,488,1.0,
94,0,11,489,1.0,
95,0,9,491,1.0,
96,0,8,492,1.0,
97,0,8,492,1.0,
98,0,7,493,1.0,
99,0,7,493,1.0,
100,0,7,493,1.0,
101,0,7,493,1.0,
102,0,5,495,1.0,
103,0,5,495,1.0,
104,0,5,495,1.0,
105,0,5,495,1.0,
106,0,5,495,1.0,
107,0,5,495,1.0,
108,0,5,495,1.0,
109,0,5,495,1.0,
110,0,5,495,1.0,
111,0,4,496,1.0,
112,0,3,497,1.0,
113,0,3,497,1.0,
114,0,3,497,1.0,
115,0,3,497,1.0,
116,0,3,497,1.0,
117,0,3,497,1.0,
118,0,3,497,1.0,
119,0,3,497,1.0,
120,0,2,498,1.0,
121,0,2,498,1.0,
122,0,2,498,1.0,
123,0,2,498,1.0,
124,0,2,498,1.0,
125,0,2,498,1.0,
126,0,2,498,1.0,
127,0,2,498,1.0,
128,0,2,498,1.0,
129,0,2,498,1.0,
130,0,2,498,1.0,
131,0,2,498,1.0,
132,0,2,498,1.0,
133,0,2,498,1.0,
134,0,2,498,1.0,
135,0,2,498,1.0,
136,0,2,498,1.0,
137,0,2,498,1.0,
138,0,2,498,1.0,
139,0,2,498,1.0,
140,0,2,498,1.0,
141,0,2,498,1.0,
142,0,2,498,1.0,
143,0,2,498,1.0,
144,0,2,498,1.0,
145,0,2,498,1.0,
146,0,2,498,1.0,
147,0,2,498,1.0,
148,0,2,498,1.0,
149,0,2,498,1.0,
150,0,2,498,1.0,
151,0,2,498,1.0,
152,0,2,498,1.0,
153,0,2,498,1.0,
154,0,2,498,1.0,
155,0,2,498,1.0,
156,0,2,498,1.0,
157,0,2,498,1.0,
158,0,2,498,1.0,
159,0,2,498,1.0,
160,0,2,498,1.0,
161,0,2,498,1.0,
162,0,2,498,1.0,
163,0,2,498,1.0,
164,0,2,498,1.0,
165,0,2,498,1.0,
166,0,2,498,1.0,
167,0,2,498,1.0,
168,0,2,498,1.0,
169,0,2,498,1.0,
170,0,2,498,1.0,
171,0,2,498,1.0,
172,0,2,498,1.0,
173,0,2,498,1.0,
174,0,2,498,1.0,
175,0,2,498,1.0,
176,0,2,498,1.0,
177,0,2,498,1.0,
178,0,2,498,1.0,
179,0,2,498,1.0,
180,0,2,498,1.0,
181,0,2,498,1.0,
182,0,2,498,1.0,
183,0,2,498,1.0,
184,0,2,498,1.0,
185,0,2,498,1.0,
186,0,2,498,1.0,
187,0,2,498,1.0,
188,0,2,498,1.0,
189,0,2,498,1.0,
190,0,2,498,1.0,
191,0,2,498,1.0,
192,0,2,498,1.0,
193,0,2,498,1.0,
194,0,2,498,1.0,
195,0,2,498,1.0,
196,0,2,498,1.0,
197,0,2,498,1.0,
198,0,2,498,1.0,
199,0,2,498,1.0,
200,0,2,498,1.0,
1,499,1,0,1.0,1.0
2,497,3,0,0.9944545454545455,0.9972256202313127
3,494,6,0,0.9895454545454545,0.9947142005438409
4,481,18,1,0.9674545454545455,0.983067131853227
5,467,31,2,0.9406363636363636,0.9681983629188053
6,449,48,3,0.9157272727272727,0.9530028462534671
7,426,68,6,0.8771818181818182,0.927845252040374
8,399,91,10,0.8389090909090909,0.8991349599641937
9,362,124,14,0.804,0.8646262822749131
10,302,176,22,0.7579090909090909,0.7998579092533267
11,248,220,32,0.7692727272727272,0.7674022409390148
12,186,269,45,0.8147272727272727,0.7510985996121876
13,120,315,65,0.8749090909090909,0.7396139141033397
14,66,347,87,0.9403636363636364,0.77352475612567
15,31,372,97,0.9797272727272728,0.8354594213596345
16,13,374,113,0.991909090909091,0.8429440686265763
17,5,369,126,0.9959090909090909,0.7917044196113964
18,3,360,137,0.9967272727272727,0.7251585623678647
19,2,346,152,0.9979090909090909,0.7357293868921776
20,1,332,167,0.9988181818181818,0.7045454545454546
21,1,323,176,0.9988181818181818,0.7045454545454546
22,1,309,190,0.9988181818181818,0.7045454545454546
23,0,295,205,1.0,
24,0,284,216,1.0,
25,0,271,229,1.0,
26,0,262,238,1.0,
27,0,249,251,1.0,
28,0,242,258,1.0,
29,0,235,265,1.0,
30,0,223,277,1.0,
31,0,218,282,1.0,
32,0,210,290,1.0,
33,0,203,297,1.0,
34,0,195,305,1.0,
35,0,185,315,1.0,
36,0,182,318,1.0,
37,0,176,324,1.0,
38,0,168,332,1.0,
39,0,160,340,1.0,
40,0,152,348,1.0,
41,0,147,353,1.0,
42,0,141,359,1.0,
43,0,132,368,1.0,
44,0,128,372,1.0,
45,0,122,378,1.0,
46,0,117,383,1.0,
47,0,113,387,1.0,
48,0,108,392,1.0,
49,0,105,395,1.0,
50,0,103,397,1.0,
51,0,97,403,1.0,
52,0,96,404,1.0,
53,0,91,409,1.0,
54,0,89,411,1.0,
55,0,85,415,1.0,
56,0,77,423,1.0,
57,0,76,424,1.0,
58,0,75,425,1.0,
59,0,71,429,1.0,
60,0,67,433,1.0,
61,0,62,438,1.0,
62,0,57,443,1.0,
63,0,56,444,1.0,
64,0,55,445,1.0,
65,0,52,448,1.0,
66,0,48,452,1.0,
67,0,48,452,1.0,
68,0,46,454,1.0,
69,0,44,456,1.0,
70,0,44,456,1.0,
71,0,41,459,1.0,
72,0,40,460,1.0,
73,0,39,461,1.0,
74,0,37,463,1.0,
75,0,34,466,1.0,
76,0,33,467,1.0,
77,0,30,470,1.0,
78,0,29,471,1.0,
79,0,27,473,1.0,
80,0,26,474,1.0,
81,0,24,476,1.0,
82,0,24,476,1.0,
83,0,24,476,1.0,
84,0,22,478,1.0,
85,0,22,478,1.0,
86,0,20,480,1.0,
87,0,18,482,1.0,
88,0,17,483,1.0,
89,0,16,484,1.0,
90,0,16,484,1.0,
91,0,16,484,1.0,
92,0,16,484,1.0,
93,0,14,486,1.0,
94,0,13,487,1.0,
95,0,13,487,1.0,
96,0,13,487,1.0,
97,0,13,487,1.0,
98,0,13,487,1.0,
99,0,13,487,1.0,
100,0,13,487,1.0,
101,0,12,488,1.0,
102,0,12,488,1.0,
103,0,12,488,1.0,
104,0,12,488,1.0,
105,0,12,488,1.0,
106,0,11,489,1.0,
107,0,11,489,1.0,
108,0,11,489,1.0,
109,0,10,490,1.0,
110,0,10,490,1.0,
111,0,10,490,1.0,
112,0,10,490,1.0,
113,0,10,490,1.0,
114,0,10,490,1.0,
115,0,9,491,1.0,
116,0,9,491,1.0,
117,0,9,491,1.0,
118,0,9,491,1.0,
119,0,9,491,1.0,
120,0,9,491,1.0,
121,0,8,492,1.0,
122,0,8,492,1.0,
123,0,8,492,1.0,
124,0,8,492,1.0,
125,0,8,492,1.0,
126,0,8,492,1.0,
127,0,8,492,1.0,
128,0,7,493,1.0,
129,0,7,493,1.0,
130,0,7,493,1.0,
131,0,7,493,1.0,
132,0,7,493,1.0,
133,0,7,493,1.0,
134,0,7,493,1.0,
135,0,7,493,1.0,
136,0,7,493,1.0,
137,0,7,493,1.0,
138,0,7,493,1.0,
139,0,7,493,1.0,
140,0,7,493,1.0,
141,0,6,494,1.0,
142,0,4,496,1.0,
143,0,4,496,1.0,
144,0,4,496,1.0,
145,0,4,496,1.0,
146,0,4,496,1.0,
147,0,4,496,1.0,
148,0,4,496,1.0,
149,0,4,496,1.0,
150,0,4,496,1.0,
151,0,4,496,1.0,
152,0,3,497,1.0,
153,0,2,498,1.0,
154,0,2,498,1.0,
155,0,2,498,1.0,
156,0,2,498,1.0,
157,0,2,498,1.0,
158,0,2,498,1.0,
159,0,2,498,1.0,
160,0,2,498,1.0,
161,0,2,498,1.0,
162,0,2,498,1.0,
163,0,2,498,1.0,
164,0,2,498,1.0,
165,0,2,498,1.0,
166,0,2,498,1.0,
167,0,2,498,1.0,
168,0,2,498,1.0,
169,0,2,498,1.0,
170,0,2,498,1.0,
171,0,2,498,1.0,
172,0,2,498,1.0,
173,0,1,499,1.0,
174,0,1,499,1.0,
175,0,1,499,1.0,
176,0,1,499,1.0,
177,0,1,499,1.0,
178,0,1,499,1.0,
179,0,1,499,1.0,
180,0,0,500,1.0,
181,0,0,500,1.0,
182,0,0,500,1.0,
183,0,0,500,1.0,
184,0,0,500,1.0,
185,0,0,500,1.0,
186,0,0,500,1.0,
187,0,0,500,1.0,
188,0,0,500,1.0,
189,0,0,500,1.0,
190,0,0,500,1.0,
191,0,0,500,1.0,
192,0,0,500,1.0,
193,0,0,500,1.0,
194,0,0,500,1.0,
195,0,0,500,1.0,
196,0,0,500,1.0,
197,0,0,500,1.0,
198,0,0,500,1.0,
199,0,0,500,1.0,
200,0,0,500,1.0,
1,497,3,0,0.9969090909090909,1.0
2,495,5,0,0.9926363636363637,0.997832520491937
3,492,8,0,0.986,0.9944592134714771
4,486,13,1,0.9748181818181818,0.98856598148505
5,477,22,1,0.9589090909090909,0.9799426461429471
6,460,39,1,0.922,0.9590820869865192
7,428,68,4,0.8607272727272727,0.9200177659469587
8,384,108,8,0.7933636363636364,0.8668460225896188
9,339,149,12,0.7562727272727273,0.8216308924030594
10,285,197,18,0.745,0.7774192375260796
11,218,254,28,0.7887272727272727,0.7584688280258902
12,139,321,40,0.8798181818181818,0.7835289593625158
13,84,361,55,0.926,0.7787797124102795
14,42,389,69,0.9659090909090909,0.7946562267497034
15,21,388,91,0.9788181818181818,0.7460925718584941
16,13,385,102,0.9878181818181818,0.7643391129139951
17,4,377,119,0.9961818181818182,0.760946592935042
18,1,370,129,0.9992727272727273,0.8107846164941456
19,1,361,138,0.9992727272727273,0.8107846164941456
20,0,354,146,1.0,
21,0,343,157,1.0,
22,0,331,169,1.0,
23,0,318,182,1.0,
24,0,309,191,1.0,
25,0,296,204,1.0,
26,0,282,218,1.0,
27,0,272,228,1.0,
28,0,262,238,1.0,
29,0,252,248,1.0,
30,0,242,258,1.0,
31,0,235,265,1.0,
32,0,227,273,1.0,
33,0,212,288,1.0,
34,0,201,299,1.0,
35,0,196,304,1.0,
36,0,190,310,1.0,
37,0,183,317,1.0,
38,0,177,323,1.0,
39,0,171,329,1.0,
40,0,169,331,1.0,
41,0,161,339,1.0,
42,0,157,343,1.0,
43,0,149,351,1.0,
44,0,145,355,1.0,
45,0,135,365,1.0,
46,0,129,371,1.0,
47,0,126,374,1.0,
48,0,119,381,1.0,
49,0,112,388,1.0,
50,0,104,396,1.0,
51,0,102,398,1.0,
52,0,98,402,1.0,
53,0,97,403,1.0,
54,0,93,407,1.0,
55,0,88,412,1.0,
56,0,86,414,1.0,
57,0,82,418,1.0,
58,0,76,424,1.0,
59,0,72,428,1.0,
60,0,69,431,1.0,
61,0,66,434,1.0,
62,0,63,437,1.0,
63,0,61,439,1.0,
64,0,57,443,1.0,
65,0,55,445,1.0,
66,0,55,445,1.0,
67,0,53,447,1.0,
68,0,49,451,1.0,
69,0,46,454,1.0,
70,0,43,457,1.0,
71,0,41,459,1.0,
72,0,40,460,1.0,
73,0,39,461,1.0,
74,0,37,463,1.0,
75,0,35,465,1.0,
76,0,33,467,1.0,
77,0,32,468,1.0,
78,0,30,470,1.0,
79,0,29,471,1.0,
80,0,27,473,1.0,
81,0,26,474,1.0,
82,0,25,475,1.0,
83,0,23,477,1.0,
84,0,22,478,1.0,
85,0,21,479,1.0,
86,0,20,480,1.0,
87,0,18,482,1.0,
88,0,17,483,1.0,
89,0,15,485,1.0,
90,0,14,486,1.0,
91,0,14,486,1.0,
92,0,14,486,1.0,
93,0,12,488,1.0,
94,0,10,490,1.0,
95,0,10,490,1.0,
96,0,8,492,1.0,
97,0,8,492,1.0,
98,0,8,492,1.0,
99,0,8,492,1.0,
100,0,8,492,1.0,
101,0,7,493,1.0,
102,0,7,493,1.0,
103,0,7,493,1.0,
104,0,7,493,1.0,
105,0,7,493,1.0,
106,0,7,493,1.0,
107,0,7,493,1.0,
108,0,7,493,1.0,
109,0,7,493,1.0,
110,0,7,493,1.0,
111,0,6,494,1.0,
112,0,6,494,1.0,
113,0,6,494,1.0,
114,0,6,494,1.0,
115,0,5,495,1.0,
116,0,5,495,1.0,
117,0,5,495,1.0,
118,0,4,496,1.0,
119,0,4,496,1.0,
120,0,3,497,1.0,
121,0,3,497,1.0,
122,0,2,498,1.0,
123,0,2,498,1.0,
124,0,1,499,1.0,
125,0,1,499,1.0,
126,0,1,499,1.0,
127,0,1,499,1.0,
128,0,1,499,1.0,
129,0,1,499,1.0,
130,0,1,499,1.0,
131,0,1,499,1.0,
132,0,1,499,1.0,
133,0,1,499,1.0,
134,0,1,499,1.0,
135,0,1,499,1.0,
136,0,1,499,1.0,
137,0,1,499,1.0,
138,0,1,499,1.0,
139,0,1,499,1.0,
140,0,1,499,1.0,
141,0,1,499,1.0,
142,0,1,499,1.0,
143,0,1,499,1.0,
144,0,1,499,1.0,
145,0,1,499,1.0,
146,0,1,499,1.0,
147,0,1,499,1.0,
148,0,0,500,1.0,
149,0,0,500,1.0,
150,0,0,500,1.0,
151,0,0,500,1.0,
152,0,0,500,1.0,
153,0,0,500,1.0,
154,0,0,500,1.0,
155,0,0,500,1.0,
156,0,0,500,1.0,
157,0,0,500,1.0,
158,0,0,500,1.0,
159,0,0,500,1.0,
160,0,0,500,1.0,
161,0,0,500,1.0,
162,0,0,500,1.0,
163,0,0,500,1.0,
164,0,0,500,1.0,
165,0,0,500,1.0,
166,0,0,500,1.0,
167,0,0,500,1.0,
168,0,0,500,1.0,
169,0,0,500,1.0,
170,0,0,500,1.0,
171,0,0,500,1.0,
172,0,0,500,1.0,
173,0,0,500,1.0,
174,0,0,500,1.0,
175,0,0,500,1.0,
176,0,0,500,1.0,
177,0,0,500,1.0,
178,0,0,500,1.0,
179,0,0,500,1.0,
180,0,0,500,1.0,
181,0,0,500,1.0,
182,0,0,500,1.0,
183,0,0,500,1.0,
184,0,0,500,1.0,
185,0,0,500,1.0,
186,0,0,500,1.0,
187,0,0,500,1.0,
188,0,0,500,1.0,
189,0,0,500,1.0,
190,0,0,500,1.0,
191,0,0,500,1.0,
192,0,0,500,1.0,
193,0,0,500,1.0,
194,0,0,500,1.0,
195,0,0,500,1.0,
196,0,0,500,1.0,
197,0,0,500,1.0,
198,0,0,500,1.0,
199,0,0,500,1.0,
200,0,0,500,1.0,
1,495,4,1,0.9933636363636363,1.0
2,493,6,1,0.9904545454545455,0.9984979346024871
3,489,10,1,0.9810909090909091,0.9936354199921613
4,486,11,3,0.9798181818181818,0.9929307951357866
5,483,12,5,0.9788181818181818,0.9923616282963682
6,472,23,5,0.9567272727272728,0.9803392451128816
7,458,34,8,0.9430909090909091,0.9722029951183556
8,439,52,9,0.9037272727272727,0.9483209673478243
9,411,77,12,0.8591818181818182,0.9173773924982503
10,364,122,14,0.7979090909090909,0.8640079602436248
11,321,161,18,0.7724545454545455,0.8253257052505344
12,263,211,26,0.7733636363636364,0.787224992006898
13,204,264,32,0.7956363636363636,0.751894195605323
14,123,332,45,0.8741818181818182,0.7465389111937365
15,65,374,61,0.9532727272727273,0.8212809612277435
16,27,396,77,0.9791818181818182,0.8075145094110893
17,8,401,91,0.9935454545454545,0.7998172182017811
18,2,392,106,0.9989090909090909,0.8669825871217616
19,1,372,127,0.9994545454545455,0.8695752383990397
20,1,361,138,0.9994545454545455,0.8695752383990397
21,0,345,155,1.0,
22,0,334,166,1.0,
23,0,323,177,1.0,
24,0,311,189,1.0,
25,0,297,203,1.0,
26,0,289,211,1.0,
27,0,277,223,1.0,
28,0,266,234,1.0,
29,0,256,244,1.0,
30,0,248,252,1.0,
31,0,240,260,1.0,
32,0,232,268,1.0,
33,0,221,279,1.0,
34,0,211,289,1.0,
35,0,205,295,1.0,
36,0,197,303,1.0,
37,0,192,308,1.0,
38,0,182,318,1.0,
39,0,175,325,1.0,
40,0,169,331,1.0,
41,0,156,344,1.0,
42,0,146,354,1.0,
43,0,142,358,1.0,
44,0,138,362,1.0,
45,0,131,369,1.0,
46,0,124,376,1.0,
47,0,118,382,1.0,
48,0,113,387,1.0,
49,0,109,391,1.0,
50,0,103,397,1.0,
51,0,99,401,1.0,
52,0,97,403,1.0,
53,0,87,413,1.0,
54,0,85,415,1.0,
55,0,83,417,1.0,
56,0,81,419,1.0,
57,0,77,423,1.0,
58,0,76,424,1.0,
59,0,74,426,1.0,
60,0,71,429,1.0,
61,0,67,433,1.0,
62,0,64,436,1.0,
63,0,62,438,1.0,
64,0,61,439,1.0,
65,0,59,441,1.0,
66,0,55,445,1.0,
67,0,53,447,1.0,
68,0,50,450,1.0,
69,0,47,453,1.0,
70,0,47,453,1.0,
71,0,46,454,1.0,
72,0,44,456,1.0,
73,0,43,457,1.0,
74,0,40,460,1.0,
75,0,38,462,1.0,
76,0,36,464,1.0,
77,0,35,465,1.0,
78,0,35,465,1.0,
79,0,34,466,1.0,
80,0,33,467,1.0,
81,0,32,468,1.0,
82,0,29,471,1.0,
83,0,26,474,1.0,
84,0,25,475,1.0,
85,0,24,476,1.0,
86,0,24,476,1.0,
87,0,24,476,1.0,
88,0,24,476,1.0,
89,0,22,478,1.0,
90,0,22,478,1.0,
91,0,20,480,1.0,
92,0,20,480,1.0,
93,0,20,480,1.0,
94,0,20,480,1.0,
95,0,18,482,1.0,
96,0,18,482,1.0,
97,0,18,482,1.0,
98,0,18,482,1.0,
99,0,18,482,1.0,
100,0,18,482,1.0,
101,0,18,482,1.0,
102,0,17,483,1.0,
103,0,17,483,1.0,
104,0,16,484,1.0,
105,0,16,484,1.0,
106,0,15,485,1.0,
107,0,13,487,1.0,
108,0,12,488,1.0,
109,0,12,488,1.0,
110,0,11,489,1.0,
111,0,11,489,1.0,
112,0,10,490,1.0,
113,0,9,491,1.0,
114,0,9,491,1.0,
115,0,8,492,1.0,
116,0,7,493,1.0,
117,0,7,493,1.0,
118,0,7,493,1.0,
119,0,7,493,1.0,
120,0,7,493,1.0,
121,0,7,493,1.0,
122,0,6,494,1.0,
123,0,6,494,1.0,
124,0,6,494,1.0,
125,0,6,494,1.0,
126,0,4,496,1.0,
127,0,4,496,1.0,
128,0,4,496,1.0,
129,0,3,497,1.0,
130,0,3,497,1.0,
131,0,3,497,1.0,
132,0,3,497,1.0,
133,0,3,497,1.0,
134,0,3,497,1.0,
135,0,3,497,1.0,
136,0,3,497,1.0,
137,0,3,497,1.0,
138,0,3,497,1.0,
139,0,3,497,1.0,
140,0,3,497,1.0,
141,0,3,497,1.0,
142,0,3,497,1.0,
143,0,3,497,1.0,
144,0,2,498,1.0,
145,0,2,498,1.0,
146,0,2,498,1.0,
147,0,2,498,1.0,
148,0,2,498,1.0,
149,0,2,498,1.0,
150,0,2,498,1.0,
151,0,2,498,1.0,
152,0,1,499,1.0,
153,0,1,499,1.0,
154,0,1,499,1.0,
155,0,1,499,1.0,
156,0,0,500,1.0,
157,0,0,500,1.0,
158,0,0,500,1.0,
159,0,0,500,1.0,
160,0,0,500,1.0,
161,0,0,500,1.0,
162,0,0,500,1.0,
163,0,0,500,1.0,
164,0,0,500,1.0,
165,0,0,500,1.0,
166,0,0,500,1.0,
167,0,0,500,1.0,
168,0,0,500,1.0,
169,0,0,500,1.0,
170,0,0,500,1.0,
171,0,0,500,1.0,
172,0,0,500,1.0,
173,0,0,500,1.0,
174,0,0,500,1.0,
175,0,0,500,1.0,
176,0,0,500,1.0,
177,0,0,500,1.0,
178,0,0,500,1.0,
179,0,0,500,1.0,
180,0,0,500,1.0,
181,0,0,500,1.0,
182,0,0,500,1.0,
183,0,0,500,1.0,
184,0,0,500,1.0,
185,0,0,500,1.0,
186,0,0,500,1.0,
187,0,0,500,1.0,
188,0,0,500,1.0,
189,0,0,500,1.0,
190,0,0,500,1.0,
191,0,0,500,1.0,
192,0,0,500,1.0,
193,0,0,500,1.0,
194,0,0,500,1.0,
195,0,0,500,1.0,
196,0,0,500,1.0,
197,0,0,500,1.0,
198,0,0,500,1.0,
199,0,0,500,1.0,
200,0,0,500,1.0,
1,495,5,0,0.9904545454545455,1.0
2,493,6,1,0.9891818181818182,0.9993411919832018
3,487,10,3,0.9828181818181818,0.9960103877060131
4,472,24,4,0.9529090909090909,0.9798230920746325
5,456,38,6,0.9230909090909091,0.9624884084165551
6,434,57,9,0.893090909090909,0.9429338490454674
7,404,84,12,0.8540909090909091,0.9140174905113763
8,367,113,20,0.8184545454545454,0.8803431247606613
9,324,149,27,0.8105454545454546,0.8578086366673338
10,279,184,37,0.806,0.8298726805804678
11,229,223,48,0.803,0.7886053443545147
12,179,261,60,0.8276363636363636,0.7621444991041086
13,131,298,71,0.859909090909091,0.7348768064188564
14,83,334,83,0.9208181818181819,0.763590578748214
15,40,357,103,0.9701818181818181,0.8171410295430165
16,20,366,114,0.9895454545454545,0.8726310879014348
17,6,372,122,0.9972727272727273,0.8884547237240744
18,0,368,132,1.0,
19,0,353,147,1.0,
20,0,335,165,1.0,
21,0,324,176,1.0,
22,0,310,190,1.0,
23,0,303,197,1.0,
24,0,291,209,1.0,
25,0,281,219,1.0,
26,0,271,229,1.0,
27,0,258,242,1.0,
28,0,244,256,1.0,
29,0,236,264,1.0,
30,0,228,272,1.0,
31,0,216,284,1.0,
32,0,209,291,1.0,
33,0,202,298,1.0,
34,0,193,307,1.0,
35,0,184,316,1.0,
36,0,178,322,1.0,
37,0,175,325,1.0,
38,0,168,332,1.0,
39,0,162,338,1.0,
40,0,157,343,1.0,
41,0,148,352,1.0,
42,0,145,355,1.0,
43,0,137,363,1.0,
44,0,131,369,1.0,
45,0,121,379,1.0,
46,0,114,386,1.0,
47,0,110,390,1.0,
48,0,107,393,1.0,
49,0,104,396,1.0,
50,0,101,399,1.0,
51,0,97,403,1.0,
52,0,96,404,1.0,
53,0,91,409,1.0,
54,0,86,414,1.0,
55,0,84,416,1.0,
56,0,76,424,1.0,
57,0,74,426,1.0,
58,0,71,429,1.0,
59,0,70,430,1.0,
60,0,66,434,1.0,
61,0,66,434,1.0,
62,0,63,437,1.0,
63,0,62,438,1.0,
64,0,59,441,1.0,
65,0,58,442,1.0,
66,0,58,442,1.0,
67,0,57,443,1.0,
68,0,54,446,1.0,
69,0,53,447,1.0,
70,0,50,450,1.0,
71,0,46,454,1.0,
72,0,45,455,1.0,
73,0,42,458,1.0,
74,0,41,459,1.0,
75,0,41,459,1.0,
76,0,36,464,1.0,
77,0,31,469,1.0,
78,0,25,475,1.0,
79,0,22,478,1.0,
80,0,22,478,1.0,
81,0,21,479,1.0,
82,0,20,480,1.0,
83,0,19,481,1.0,
84,0,19,481,1.0,
85,0,19,481,1.0,
86,0,19,481,1.0,
87,0,18,482,1.0,
88,0,17,483,1.0,
89,0,16,484,1.0,
90,0,16,484,1.0,
91,0,16,484,1.0,
92,0,15,485,1.0,
93,0,14,486,1.0,
94,0,11,489,1.0,
95,0,11,489,1.0,
96,0,10,490,1.0,
97,0,10,490,1.0,
98,0,9,491,1.0,
99,0,9,491,1.0,
100,0,9,491,1.0,
101,0,8,492,1.0,
102,0,8,492,1.0,
103,0,8,492,1.0,
104,0,8,492,1.0,
105,0,6,494,1.0,
106,0,6,494,1.0,
107,0,6,494,1.0,
108,0,5,495,1.0,
109,0,5,495,1.0,
110,0,5,495,1.0,
111,0,5,495,1.0,
112,0,4,496,1.0,
113,0,4,496,1.0,
114,0,4,496,1.0,
115,0,3,497,1.0,
116,0,3,497,1.0,
117,0,3,497,1.0,
118,0,3,497,1.0,
119,0,3,497,1.0,
120,0,3,497,1.0,
121,0,3,497,1.0,
122,0,3,497,1.0,
123,0,3,497,1.0,
124,0,3,497,1.0,
125,0,2,498,1.0,
126,0,2,498,1.0,
127,0,1,499,1.0,
128,0,1,499,1.0,
129,0,1,499,1.0,
130,0,1,499,1.0,
131,0,1,499,1.0,
132,0,1,499,1.0,
133,0,1,499,1.0,
134,0,1,499,1.0,
135,0,1,499,1.0,
136,0,1,499,1.0,
137,0,1,499,1.0,
138,0,1,499,1.0,
139,0,1,499,1.0,
140,0,1,499,1.0,
141,0,1,499,1.0,
142,0,1,499,1.0,
143,0,1,499,1.0,
144,0,1,499,1.0,
145,0,1,499,1.0,
146,0,1,499,1.0,
147,0,1,499,1.0,
148,0,1,499,1.0,
149,0,0,500,1.0,
150,0,0,500,1.0,
151,0,0,500,1.0,
152,0,0,500,1.0,
153,0,0,500,1.0,
154,0,0,500,1.0,
155,0,0,500,1.0,
156,0,0,500,1.0,
157,0,0,500,1.0,
158,0,0,500,1.0,
159,0,0,500,1.0,
160,0,0,500,1.0,
161,0,0,500,1.0,
162,0,0,500,1.0,
163,0,0,500,1.0,
164,0,0,500,1.0,
165,0,0,500,1.0,
166,0,0,500,1.0,
167,0,0,500,1.0,
168,0,0,500,1.0,
169,0,0,500,1.0,
170,0,0,500,1.0,
171,0,0,500,1.0,
172,0,0,500,1.0,
173,0,0,500,1.0,
174,0,0,500,1.0,
175,0,0,500,1.0,
176,0,0,500,1.0,
177,0,0,500,1.0,
178,0,0,500,1.0,
179,0,0,500,1.0,
180,0,0,500,1.0,
181,0,0,500,1.0,
182,0,0,500,1.0,
183,0,0,500,1.0,
184,0,0,500,1.0,
185,0,0,500,1.0,
186,0,0,500,1.0,
187,0,0,500,1.0,
188,0,0,500,1.0,
189,0,0,500,1.0,
190,0,0,500,1.0,
191,0,0,500,1.0,
192,0,0,500,1.0,
193,0,0,500,1.0,
194,0,0,500,1.0,
195,0,0,500,1.0,
196,0,0,500,1.0,
197,0,0,500,1.0,
198,0,0,500,1.0,
199,0,0,500,1.0,
200,0,0,500,1.0,
1,497,3,0,0.9942727272727273,1.0
2,494,6,0,0.9887272727272727,0.9972042487583357
3,489,11,0,0.9764545454545455,0.990840771331399
4,481,19,0,0.9612727272727273,0.982661535999497
5,468,29,3,0.9467272727272728,0.9742246065299036
6,445,52,3,0.916,0.9553520582504299
7,411,83,6,0.8776363636363637,0.9280873100176873
8,372,117,11,0.8314545454545454,0.8891636382567829
9,325,157,18,0.8146363636363636,0.8594412666086352
10,277,198,25,0.8077272727272727,0.8278695451723713
11,223,247,30,0.8128181818181818,0.7912679364753823
12,162,300,38,0.862,0.7882366870042171
13,114,332,54,0.8997272727272727,0.7819945521697772
14,74,351,75,0.9301818181818182,0.765790146036255
15,52,355,93,0.9469090909090909,0.7456767317583369
16,29,363,108,0.9685454545454546,0.727629076585066
17,13,363,124,0.9912727272727273,0.8325885319908982
18,3,353,144,0.9987272727272727,0.8900474877204081
19,1,335,164,0.9988181818181818,0.6848952328607488
20,1,316,183,0.9988181818181818,0.6848952328607488
21,1,300,199,0.9988181818181818,0.6848952328607488
22,1,291,208,0.9988181818181818,0.6848952328607488
23,1,285,214,0.9988181818181818,0.6848952328607488
24,1,272,227,0.9988181818181818,0.6848952328607488
25,0,263,237,1.0,
26,0,249,251,1.0,
27,0,241,259,1.0,
28,0,234,266,1.0,
29,0,227,273,1.0,
30,0,219,281,1.0,
31,0,213,287,1.0,
32,0,210,290,1.0,
33,0,199,301,1.0,
34,0,191,309,1.0,
35,0,183,317,1.0,
36,0,178,322,1.0,
37,0,172,328,1.0,
38,0,168,332,1.0,
39,0,158,342,1.0,
40,0,149,351,1.0,
41,0,139,361,1.0,
42,0,137,363,1.0,
43,0,133,367,1.0,
44,0,131,369,1.0,
45,0,124,376,1.0,
46,0,115,385,1.0,
47,0,113,387,1.0,
48,0,110,390,1.0,
49,0,103,397,1.0,
50,0,101,399,1.0,
51,0,96,404,1.0,
52,0,96,404,1.0,
53,0,95,405,1.0,
54,0,93,407,1.0,
55,0,90,410,1.0,
56,0,85,415,1.0,
57,0,83,417,1.0,
58,0,79,421,1.0,
59,0,76,424,1.0,
60,0,72,428,1.0,
61,0,66,434,1.0,
62,0,63,437,1.0,
63,0,62,438,1.0,
64,0,61,439,1.0,
65,0,58,442,1.0,
66,0,56,444,1.0,
67,0,55,445,1.0,
68,0,54,446,1.0,
69,0,51,449,1.0,
70,0,49,451,1.0,
71,0,48,452,1.0,
72,0,46,454,1.0,
73,0,44,456,1.0,
74,0,42,458,1.0,
75,0,41,459,1.0,
76,0,40,460,1.0,
77,0,40,460,1.0,
78,0,38,462,1.0,
79,0,36,464,1.0,
80,0,36,464,1.0,
81,0,34,466,1.0,
82,0,33,467,1.0,
83,0,32,468,1.0,
84,0,30,470,1.0,
85,0,26,474,1.0,
86,0,26,474,1.0,
87,0,24,476,1.0,
88,0,23,477,1.0,
89,0,23,477,1.0,
90,0,22,478,1.0,
91,0,22,478,1.0,
92,0,19,481,1.0,
93,0,19,481,1.0,
94,0,19,481,1.0,
95,0,18,482,1.0,
96,0,18,482,1.0,
97,0,17,483,1.0,
98,0,17,483,1.0,
99,0,17,483,1.0,
100,0,17,483,1.0,
101,0,17,483,1.0,
102,0,16,484,1.0,
103,0,15,485,1.0,
104,0,15,485,1.0,
105,0,14,486,1.0,
106,0,14,486,1.0,
107,0,14,486,1.0,
108,0,12,488,1.0,
109,0,11,489,1.0,
110,0,11,489,1.0,
111,0,11,489,1.0,
112,0,11,489,1.0,
113,0,10,490,1.0,
114,0,9,491,1.0,
115,0,9,491,1.0,
116,0,8,492,1.0,
117,0,8,492,1.0,
118,0,8,492,1.0,
119,0,5,495,1.0,
120,0,5,495,1.0,
121,0,5,495,1.0,
122,0,5,495,1.0,
123,0,5,495,1.0,
124,0,5,495,1.0,
125,0,5,495,1.0,
126,0,4,496,1.0,
127,0,4,496,1.0,
128,0,4,496,1.0,
129,0,4,496,1.0,
130,0,4,496,1.0,
131,0,3,497,1.0,
132,0,3,497,1.0,
133,0,3,497,1.0,
134,0,3,497,1.0,
135,0,3,497,1.0,
136,0,3,497,1.0,
137,0,3,497,1.0,
138,0,3,497,1.0,
139,0,2,498,1.0,
140,0,2,498,1.0,
141,0,2,498,1.0,
142,0,2,498,1.0,
143,0,2,498,1.0,
144,0,2,498,1.0,
145,0,2,498,1.0,
146,0,2,498,1.0,
147,0,2,498,1.0,
148,0,2,498,1.0,
149,0,2,498,1.0,
150,0,2,498,1.0,
151,0,2,498,1.0,
152,0,2,498,1.0,
153,0,2,498,1.0,
154,0,2,498,1.0,
155,0,2,498,1.0,
156,0,2,498,1.0,
157,0,2,498,1.0,
158,0,2,498,1.0,
159,0,2,498,1.0,
160,0,2,498,1.0,
161,0,2,498,1.0,
162,0,1,499,1.0,
163,0,1,499,1.0,
164,0,1,499,1.0,
165,0,1,499,1.0,
166,0,1,499,1.0,
167,0,1,499,1.0,
168,0,1,499,1.0,
169,0,1,499,1.0,
170,0,1,499,1.0,
171,0,1,499,1.0,
172,0,1,499,1.0,
173,0,1,499,1.0,
174,0,1,499,1.0,
175,0,1,499,1.0,
176,0,1,499,1.0,
177,0,1,499,1.0,
178,0,1,499,1.0,
179,0,1,499,1.0,
180,0,1,499,1.0,
181,0,1,499,1.0,
182,0,1,499,1.0,
183,0,1,499,1.0,
184,0,1,499,1.0,
185,0,1,499,1.0,
186,0,1,499,1.0,
187,0,1,499,1.0,
188,0,1,499,1.0,
189,0,1,499,1.0,
190,0,1,499,1.0,
191,0,1,499,1.0,
192,0,1,499,1.0,
193,0,1,499,1.0,
194,0,1,499,1.0,
195,0,1,499,1.0,
196,0,1,499,1.0,
197,0,1,499,1.0,
198,0,1,499,1.0,
199,0,1,499,1.0,
200,0,1,499,1.0,
1,495,5,0,0.9904545454545455,1.0
2,491,9,0,0.9817272727272728,0.9955145075528885
3,484,15,1,0.971909090909091,0.9902734348582306
4,476,20,4,0.9649090909090909,0.986290892083267
5,462,34,4,0.9413636363636364,0.972807032605734
6,447,49,4,0.9210909090909091,0.9603054301098884
7,418,76,6,0.8779090909090909,0.9313183826828028
8,372,121,7,0.8261818181818181,0.8873061870168807
9,333,156,11,0.8163636363636364,0.8660323116251246
10,273,211,16,0.8088181818181818,0.8282933216748917
11,216,257,27,0.835,0.8125661623046586
12,148,315,37,0.8603636363636363,0.7674125620032229
13,95,358,47,0.8991818181818182,0.7370067564924312
14,65,371,64,0.9288181818181818,0.7289140588629004
15,35,382,83,0.9700909090909091,0.7898502469645478
16,15,392,93,0.9942727272727273,0.9089200715814773
17,6,389,105,0.9982727272727273,0.9322038299923671
18,4,368,128,0.9987272727272727,0.9242258710834039
19,2,355,143,0.9992727272727273,0.9137309153351713
20,0,335,165,1.0,
21,0,318,182,1.0,
22,0,300,200,1.0,
23,0,288,212,1.0,
24,0,279,221,1.0,
25,0,269,231,1.0,
26,0,259,241,1.0,
27,0,252,248,1.0,
28,0,242,258,1.0,
29,0,235,265,1.0,
30,0,220,280,1.0,
31,0,212,288,1.0,
32,0,201,299,1.0,
33,0,190,310,1.0,
34,0,182,318,1.0,
35,0,172,328,1.0,
36,0,165,335,1.0,
37,0,162,338,1.0,
38,0,151,349,1.0,
39,0,145,355,1.0,
40,0,137,363,1.0,
41,0,129,371,1.0,
42,0,121,379,1.0,
43,0,116,384,1.0,
44,0,111,389,1.0,
45,0,103,397,1.0,
46,0,100,400,1.0,
47,0,97,403,1.0,
48,0,96,404,1.0,
49,0,94,406,1.0,
50,0,91,409,1.0,
51,0,87,413,1.0,
52,0,82,418,1.0,
53,0,79,421,1.0,
54,0,78,422,1.0,
55,0,76,424,1.0,
56,0,73,427,1.0,
57,0,68,432,1.0,
58,0,67,433,1.0,
59,0,62,438,1.0,
60,0,62,438,1.0,
61,0,59,441,1.0,
62,0,56,444,1.0,
63,0,52,448,1.0,
64,0,52,448,1.0,
65,0,48,452,1.0,
66,0,48,452,1.0,
67,0,46,454,1.0,
68,0,41,459,1.0,
69,0,40,460,1.0,
70,0,39,461,1.0,
71,0,38,462,1.0,
72,0,35,465,1.0,
73,0,33,467,1.0,
74,0,32,468,1.0,
75,0,30,470,1.0,
76,0,29,471,1.0,
77,0,28,472,1.0,
78,0,28,472,1.0,
79,0,26,474,1.0,
80,0,25,475,1.0,
81,0,23,477,1.0,
82,0,22,478,1.0,
83,0,21,479,1.0,
84,0,20,480,1.0,
85,0,19,481,1.0,
86,0,19,481,1.0,
87,0,19,481,1.0,
88,0,19,481,1.0,
89,0,19,481,1.0,
90,0,19,481,1.0,
91,0,18,482,1.0,
92,0,17,483,1.0,
93,0,16,484,1.0,
94,0,14,486,1.0,
95,0,13,487,1.0,
96,0,13,487,1.0,
97,0,12,488,1.0,
98,0,12,488,1.0,
99,0,11,489,1.0,
100,0,10,490,1.0,
101,0,10,490,1.0,
102,0,9,491,1.0,
103,0,9,491,1.0,
104,0,8,492,1.0,
105,0,8,492,1.0,
106,0,8,492,1.0,
107,0,7,493,1.0,
108,0,6,494,1.0,
109,0,5,495,1.0,
110,0,5,495,1.0,
111,0,4,496,1.0,
112,0,4,496,1.0,
113,0,4,496,1.0,
114,0,4,496,1.0,
115,0,4,496,1.0,
116,0,3,497,1.0,
117,0,3,497,1.0,
118,0,3,497,1.0,
119,0,3,497,1.0,
120,0,3,497,1.0,
121,0,3,497,1.0,
122,0,3,497,1.0,
123,0,3,497,1.0,
124,0,3,497,1.0,
125,0,3,497,1.0,
126,0,3,497,1.0,
127,0,3,497,1.0,
128,0,3,497,1.0,
129,0,3,497,1.0,
130,0,2,498,1.0,
131,0,2,498,1.0,
132,0,2,498,1.0,
133,0,2,498,1.0,
134,0,2,498,1.0,
135,0,2,498,1.0,
136,0,2,498,1.0,
137,0,2,498,1.0,
138,0,2,498,1.0,
139,0,2,498,1.0,
140,0,2,498,1.0,
141,0,2,498,1.0,
142,0,2,498,1.0,
143,0,2,498,1.0,
144,0,2,498,1.0,
145,0,2,498,1.0,
146,0,2,498,1.0,
147,0,2,498,1.0,
148,0,2,498,1.0,
149,0,2,498,1.0,
150,0,2,498,1.0,
151,0,2,498,1.0,
152,0,2,498,1.0,
153,0,1,499,1.0,
154,0,1,499,1.0,
155,0,1,499,1.0,
156,0,1,499,1.0,
157,0,1,499,1.0,
158,0,1,499,1.0,
159,0,1,499,1.0,
160,0,1,499,1.0,
161,0,1,499,1.0,
162,0,1,499,1.0,
163,0,1,499,1.0,
164,0,1,499,1.0,
165,0,1,499,1.0,
166,0,1,499,1.0,
167,0,1,499,1.0,
168,0,1,499,1.0,
169,0,1,499,1.0,
170,0,1,499,1.0,
171,0,1,499,1.0,
172,0,1,499,1.0,
173,0,1,499,1.0,
174,0,1,499,1.0,
175,0,1,499,1.0,
176,0,1,499,1.0,
177,0,1,499,1.0,
178,0,1,499,1.0,
179,0,1,499,1.0,
180,0,1,499,1.0,
181,0,1,499,1.0,
182,0,1,499,1.0,
183,0,1,499,1.0,
184,0,1,499,1.0,
185,0,1,499,1.0,
186,0,1,499,1.0,
187,0,1,499,1.0,
188,0,1,499,1.0,
189,0,1,499,1.0,
190,0,1,499,1.0,
191,0,1,499,1.0,
192,0,1,499,1.0,
193,0,1,499,1.0,
194,0,1,499,1.0,
195,0,1,499,1.0,
196,0,1,499,1.0,
197,0,1,499,1.0,
198,0,1,499,1.0,
199,0,1,499,1.0,
200,0,1,499,1.0,
1,496,4,0,0.993909090909091,1.0
2,489,10,1,0.9790909090909091,0.992369860805838
3,484,13,3,0.977909090909091,0.991658719089628
4,472,23,5,0.9553636363636364,0.9793629957594262
5,447,47,6,0.9023636363636364,0.9483617944297656
6,419,73,8,0.852909090909091,0.9150735874646458
7,374,112,14,0.8000909090909091,0.8689612040544116
8,331,149,20,0.7654545454545455,0.8249537043068333
9,277,198,25,0.7661818181818182,0.7907443195032848
10,222,242,36,0.8009090909090909,0.7769921045004045
11,163,289,48,0.8419090909090909,0.7580146939234822
12,100,340,60,0.9042727272727272,0.7599160010206354
13,54,373,73,0.9565454545454546,0.7980793428644682
14,24,387,89,0.9840909090909091,0.8337655093193667
15,6,387,107,0.9983636363636363,0.9325040240209557
16,1,374,125,0.9996363636363637,0.9075359302462385
17,0,365,135,1.0,
18,0,352,148,1.0,
19,0,343,157,1.0,
20,0,330,170,1.0,
21,0,312,188,1.0,
22,0,299,201,1.0,
23,0,285,215,1.0,
24,0,271,229,1.0,
25,0,262,238,1.0,
26,0,251,249,1.0,
27,0,245,255,1.0,
28,0,239,261,1.0,
29,0,229,271,1.0,
30,0,220,280,1.0,
31,0,212,288,1.0,
32,0,198,302,1.0,
33,0,188,312,1.0,
34,0,179,321,1.0,
35,0,170,330,1.0,
36,0,160,340,1.0,
37,0,155,345,1.0,
38,0,144,356,1.0,
39,0,140,360,1.0,
40,0,134,366,1.0,
41,0,133,367,1.0,
42,0,127,373,1.0,
43,0,124,376,1.0,
44,0,118,382,1.0,
45,0,117,383,1.0,
46,0,112,388,1.0,
47,0,109,391,1.0,
48,0,105,395,1.0,
49,0,99,401,1.0,
50,0,93,407,1.0,
51,0,88,412,1.0,
52,0,83,417,1.0,
53,0,79,421,1.0,
54,0,77,423,1.0,
55,0,72,428,1.0,
56,0,70,430,1.0,
57,0,69,431,1.0,
58,0,69,431,1.0,
59,0,67,433,1.0,
60,0,63,437,1.0,
61,0,61,439,1.0,
62,0,57,443,1.0,
63,0,57,443,1.0,
64,0,57,443,1.0,
65,0,55,445,1.0,
66,0,53,447,1.0,
67,0,51,449,1.0,
68,0,49,451,1.0,
69,0,48,452,1.0,
70,0,48,452,1.0,
71,0,46,454,1.0,
72,0,46,454,1.0,
73,0,44,456,1.0,
74,0,40,460,1.0,
75,0,37,463,1.0,
76,0,35,465,1.0,
77,0,33,467,1.0,
78,0,33,467,1.0,
79,0,31,469,1.0,
80,0,29,471,1.0,
81,0,28,472,1.0,
82,0,28,472,1.0,
83,0,28,472,1.0,
84,0,28,472,1.0,
85,0,27,473,1.0,
86,0,26,474,1.0,
87,0,25,475,1.0,
88,0,25,475,1.0,
89,0,25,475,1.0,
90,0,24,476,1.0,
91,0,24,476,1.0,
92,0,21,479,1.0,
93,0,20,480,1.0,
94,0,20,480,1.0,
95,0,20,480,1.0,
96,0,18,482,1.0,
97,0,18,482,1.0,
98,0,18,482,1.0,
99,0,16,484,1.0,
100,0,15,485,1.0,
101,0,15,485,1.0,
102,0,14,486,1.0,
103,0,14,486,1.0,
104,0,14,486,1.0,
105,0,12,488,1.0,
106,0,11,489,1.0,
107,0,11,489,1.0,
108,0,11,489,1.0,
109,0,11,489,1.0,
110,0,10,490,1.0,
111,0,10,490,1.0,
112,0,9,491,1.0,
113,0,8,492,1.0,
114,0,8,492,1.0,
115,0,8,492,1.0,
116,0,7,493,1.0,
117,0,7,493,1.0,
118,0,7,493,1.0,
119,0,7,493,1.0,
120,0,7,493,1.0,
121,0,7,493,1.0,
122,0,7,493,1.0,
123,0,7,493,1.0,
124,0,7,493,1.0,
125,0,6,494,1.0,
126,0,4,496,1.0,
127,0,4,496,1.0,
128,0,4,496,1.0,
129,0,4,496,1.0,
130,0,4,496,1.0,
131,0,4,496,1.0,
132,0,4,496,1.0,
133,0,4,496,1.0,
134,0,4,496,1.0,
135,0,4,496,1.0,
136,0,4,496,1.0,
137,0,4,496,1.0,
138,0,4,496,1.0,
139,0,4,496,1.0,
140,0,4,496,1.0,
141,0,4,496,1.0,
142,0,4,496,1.0,
143,0,4,496,1.0,
144,0,4,496,1.0,
145,0,4,496,1.0,
146,0,4,496,1.0,
147,0,3,497,1.0,
148,0,3,497,1.0,
149,0,3,497,1.0,
150,0,2,498,1.0,
151,0,2,498,1.0,
152,0,2,498,1.0,
153,0,2,498,1.0,
154,0,2,498,1.0,
155,0,2,498,1.0,
156,0,2,498,1.0,
157,0,2,498,1.0,
158,0,2,498,1.0,
159,0,2,498,1.0,
160,0,2,498,1.0,
161,0,2,498,1.0,
162,0,2,498,1.0,
163,0,2,498,1.0,
164,0,1,499,1.0,
165,0,1,499,1.0,
166,0,1,499,1.0,
167,0,1,499,1.0,
168,0,1,499,1.0,
169,0,1,499,1.0,
170,0,1,499,1.0,
171,0,1,499,1.0,
172,0,1,499,1.0,
173,0,1,499,1.0,
174,0,1,499,1.0,
175,0,1,499,1.0,
176,0,1,499,1.0,
177,0,1,499,1.0,
178,0,1,499,1.0,
179,0,1,499,1.0,
180,0,1,499,1.0,
181,0,1,499,1.0,
182,0,1,499,1.0,
183,0,1,499,1.0,
184,0,1,499,1.0,
185,0,1,499,1.0,
186,0,1,499,1.0,
187,0,1,499,1.0,
188,0,1,499,1.0,
189,0,1,499,1.0,
190,0,1,499,1.0,
191,0,1,499,1.0,
192,0,1,499,1.0,
193,0,1,499,1.0,
194,0,1,499,1.0,
195,0,1,499,1.0,
196,0,1,499,1.0,
197,0,1,499,1.0,
198,0,1,499,1.0,
199,0,1,499,1.0,
200,0,1,499,1.0,
1,499,1,0,1.0,1.0
2,496,3,1,0.997,0.998479898622199
3,484,15,1,0.9718181818181818,0.9853862662084873
4,469,27,4,0.946,0.97111035652158
5,456,38,6,0.9251818181818182,0.9588994250241887
6,430,61,9,0.8785454545454545,0.9292735334311651
7,400,85,15,0.8343636363636364,0.8962459985429959
8,358,124,18,0.775090909090909,0.8427751359793265
9,310,167,23,0.7433636363636363,0.7924630773483075
10,250,216,34,0.7433636363636363,0.7426089822340939
11,180,277,43,0.8066363636363636,0.730590824450387
12,102,349,49,0.9185454545454546,0.7983947536922118
13,41,394,65,0.9814545454545455,0.8850482062917977
14,14,403,83,0.9954545454545455,0.9160971365290302
15,2,401,97,0.9993636363636363,0.9166666666666667
16,0,385,115,1.0,
17,0,366,134,1.0,
18,0,345,155,1.0,
19,0,327,173,1.0,
20,0,311,189,1.0,
21,0,301,199,1.0,
22,0,294,206,1.0,
23,0,285,215,1.0,
24,0,264,236,1.0,
25,0,249,251,1.0,
26,0,240,260,1.0,
27,0,230,270,1.0,
28,0,221,279,1.0,
29,0,215,285,1.0,
30,0,207,293,1.0,
31,0,196,304,1.0,
32,0,188,312,1.0,
33,0,184,316,1.0,
34,0,174,326,1.0,
35,0,166,334,1.0,
36,0,160,340,1.0,
37,0,155,345,1.0,
38,0,148,352,1.0,
39,0,142,358,1.0,
40,0,132,368,1.0,
41,0,125,375,1.0,
42,0,117,383,1.0,
43,0,111,389,1.0,
44,0,105,395,1.0,
45,0,99,401,1.0,
46,0,96,404,1.0,
47,0,91,409,1.0,
48,0,85,415,1.0,
49,0,84,416,1.0,
50,0,77,423,1.0,
51,0,75,425,1.0,
52,0,73,427,1.0,
53,0,70,430,1.0,
54,0,66,434,1.0,
55,0,64,436,1.0,
56,0,61,439,1.0,
57,0,60,440,1.0,
58,0,59,441,1.0,
59,0,58,442,1.0,
60,0,53,447,1.0,
61,0,51,449,1.0,
62,0,47,453,1.0,
63,0,44,456,1.0,
64,0,43,457,1.0,
65,0,40,460,1.0,
66,0,38,462,1.0,
67,0,36,464,1.0,
68,0,34,466,1.0,
69,0,32,468,1.0,
70,0,30,470,1.0,
71,0,29,471,1.0,
72,0,27,473,1.0,
73,0,26,474,1.0,
74,0,26,474,1.0,
75,0,26,474,1.0,
76,0,24,476,1.0,
77,0,24,476,1.0,
78,0,23,477,1.0,
79,0,21,479,1.0,
80,0,19,481,1.0,
81,0,17,483,1.0,
82,0,17,483,1.0,
83,0,17,483,1.0,
84,0,16,484,1.0,
85,0,15,485,1.0,
86,0,15,485,1.0,
87,0,15,485,1.0,
88,0,14,486,1.0,
89,0,14,486,1.0,
90,0,12,488,1.0,
91,0,12,488,1.0,
92,0,12,488,1.0,
93,0,12,488,1.0,
94,0,12,488,1.0,
95,0,12,488,1.0,
96,0,12,488,1.0,
97,0,11,489,1.0,
98,0,11,489,1.0,
99,0,11,489,1.0,
100,0,10,490,1.0,
101,0,9,491,1.0,
102,0,9,491,1.0,
103,0,9,491,1.0,
104,0,9,491,1.0,
105,0,9,491,1.0,
106,0,9,491,1.0,
107,0,9,491,1.0,
108,0,8,492,1.0,
109,0,8,492,1.0,
110,0,7,493,1.0,
111,0,6,494,1.0,
112,0,6,494,1.0,
113,0,6,494,1.0,
114,0,6,494,1.0,
115,0,6,494,1.0,
116,0,6,494,1.0,
117,0,6,494,1.0,
118,0,6,494,1.0,
119,0,5,495,1.0,
120,0,5,495,1.0,
121,0,5,495,1.0,
122,0,5,495,1.0,
123,0,5,495,1.0,
124,0,5,495,1.0,
125,0,5,495,1.0,
126,0,5,495,1.0,
127,0,5,495,1.0,
128,0,5,495,1.0,
129,0,5,495,1.0,
130,0,5,495,1.0,
131,0,4,496,1.0,
132,0,4,496,1.0,
133,0,3,497,1.0,
134,0,3,497,1.0,
135,0,2,498,1.0,
136,0,2,498,1.0,
137,0,2,498,1.0,
138,0,2,498,1.0,
139,0,2,498,1.0,
140,0,2,498,1.0,
141,0,2,498,1.0,
142,0,2,498,1.0,
143,0,2,498,1.0,
144,0,2,498,1.0,
145,0,2,498,1.0,
146,0,2,498,1.0,
147,0,2,498,1.0,
148,0,2,498,1.0,
149,0,2,498,1.0,
150,0,1,499,1.0,
151,0,1,499,1.0,
152,0,1,499,1.0,
153,0,1,499,1.0,
154,0,1,499,1.0,
155,0,1,499,1.0,
156,0,1,499,1.0,
157,0,1,499,1.0,
158,0,1,499,1.0,
159,0,1,499,1.0,
160,0,1,499,1.0,
161,0,1,499,1.0,
162,0,1,499,1.0,
163,0,1,499,1.0,
164,0,1,499,1.0,
165,0,1,499,1.0,
166,0,1,499,1.0,
167,0,1,499,1.0,
168,0,1,499,1.0,
169,0,1,499,1.0,
170,0,1,499,1.0,
171,0,1,499,1.0,
172,0,1,499,1.0,
173,0,1,499,1.0,
174,0,1,499,1.0,
175,0,1,499,1.0,
176,0,1,499,1.0,
177,0,1,499,1.0,
178,0,1,499,1.0,
179,0,1,499,1.0,
180,0,1,499,1.0,
181,0,1,499,1.0,
182,0,1,499,1.0,
183,0,1,499,1.0,
184,0,1,499,1.0,
185,0,1,499,1.0,
186,0,1,499,1.0,
187,0,1,499,1.0,
188,0,1,499,1.0,
189,0,1,499,1.0,
190,0,1,499,1.0,
191,0,1,499,1.0,
192,0,1,499,1.0,
193,0,1,499,1.0,
194,0,1,499,1.0,
195,0,1,499,1.0,
196,0,1,499,1.0,
197,0,1,499,1.0,
198,0,1,499,1.0,
199,0,1,499,1.0,
200,0,1,499,1.0,
1,498,2,0,0.9977272727272727,1.0
2,493,7,0,0.9857272727272727,0.9938475438754314
3,490,8,2,0.9837272727272727,0.9927741657606717
4,474,21,5,0.9617272727272728,0.9807867209843831
5,459,36,5,0.9432727272727273,0.9700771457957621
6,441,52,7,0.9315454545454546,0.9621617968551122
7,422,68,10,0.9166363636363636,0.9515393260277298
8,387,98,15,0.8847272727272727,0.9265420932024863
9,336,143,21,0.8242727272727273,0.8702336331416934
10,297,172,31,0.8059090909090909,0.837565628009191
11,246,216,38,0.7765454545454545,0.7734357928065628
12,198,254,48,0.7964545454545454,0.7432405568689391
13,128,308,64,0.8692727272727273,0.7454335856373824
14,73,350,77,0.9393636363636364,0.7925258978631996
15,28,371,101,0.9801818181818182,0.8238542535432005
16,6,372,122,0.9988181818181818,0.9514611715120488
17,1,361,138,0.9999090909090909,0.9783994654927047
18,0,345,155,1.0,
19,0,332,168,1.0,
20,0,320,180,1.0,
21,0,297,203,1.0,
22,0,288,212,1.0,
23,0,283,217,1.0,
24,0,276,224,1.0,
25,0,268,232,1.0,
26,0,261,239,1.0,
27,0,245,255,1.0,
28,0,233,267,1.0,
29,0,222,278,1.0,
30,0,208,292,1.0,
31,0,204,296,1.0,
32,0,196,304,1.0,
33,0,192,308,1.0,
34,0,183,317,1.0,
35,0,173,327,1.0,
36,0,165,335,1.0,
37,0,158,342,1.0,
38,0,150,350,1.0,
39,0,146,354,1.0,
40,0,138,362,1.0,
41,0,129,371,1.0,
42,0,126,374,1.0,
43,0,117,383,1.0,
44,0,112,388,1.0,
45,0,108,392,1.0,
46,0,105,395,1.0,
47,0,100,400,1.0,
48,0,95,405,1.0,
49,0,85,415,1.0,
50,0,80,420,1.0,
51,0,79,421,1.0,
52,0,77,423,1.0,
53,0,72,428,1.0,
54,0,68,432,1.0,
55,0,67,433,1.0,
56,0,64,436,1.0,
57,0,61,439,1.0,
58,0,58,442,1.0,
59,0,58,442,1.0,
60,0,54,446,1.0,
61,0,52,448,1.0,
62,0,48,452,1.0,
63,0,43,457,1.0,
64,0,41,459,1.0,
65,0,40,460,1.0,
66,0,39,461,1.0,
67,0,37,463,1.0,
68,0,36,464,1.0,
69,0,32,468,1.0,
70,0,31,469,1.0,
71,0,30,470,1.0,
72,0,28,472,1.0,
73,0,28,472,1.0,
74,0,27,473,1.0,
75,0,27,473,1.0,
76,0,25,475,1.0,
77,0,25,475,1.0,
78,0,22,478,1.0,
79,0,22,478,1.0,
80,0,22,478,1.0,
81,0,20,480,1.0,
82,0,19,481,1.0,
83,0,19,481,1.0,
84,0,19,481,1.0,
85,0,19,481,1.0,
86,0,18,482,1.0,
87,0,18,482,1.0,
88,0,16,484,1.0,
89,0,13,487,1.0,
90,0,13,487,1.0,
91,0,13,487,1.0,
92,0,12,488,1.0,
93,0,11,489,1.0,
94,0,11,489,1.0,
95,0,11,489,1.0,
96,0,9,491,1.0,
97,0,9,491,1.0,
98,0,9,491,1.0,
99,0,8,492,1.0,
100,0,8,492,1.0,
101,0,8,492,1.0,
102,0,8,492,1.0,
103,0,8,492,1.0,
104,0,8,492,1.0,
105,0,8,492,1.0,
106,0,8,492,1.0,
107,0,7,493,1.0,
108,0,6,494,1.0,
109,0,6,494,1.0,
110,0,6,494,1.0,
111,0,6,494,1.0,
112,0,6,494,1.0,
113,0,5,495,1.0,
114,0,5,495,1.0,
115,0,4,496,1.0,
116,0,4,496,1.0,
117,0,4,496,1.0,
118,0,3,497,1.0,
119,0,3,497,1.0,
120,0,3,497,1.0,
121,0,3,497,1.0,
122,0,3,497,1.0,
123,0,3,497,1.0,
124,0,3,497,1.0,
125,0,3,497,1.0,
126,0,3,497,1.0,
127,0,3,497,1.0,
128,0,3,497,1.0,
129,0,3,497,1.0,
130,0,3,497,1.0,
131,0,3,497,1.0,
132,0,3,497,1.0,
133,0,3,497,1.0,
134,0,3,497,1.0,
135,0,3,497,1.0,
136,0,3,497,1.0,
137,0,3,497,1.0,
138,0,3,497,1.0,
139,0,3,497,1.0,
140,0,3,497,1.0,
141,0,3,497,1.0,
142,0,3,497,1.0,
143,0,3,497,1.0,
144,0,3,497,1.0,
145,0,2,498,1.0,
146,0,2,498,1.0,
147,0,2,498,1.0,
148,0,2,498,1.0,
149,0,1,499,1.0,
150,0,0,500,1.0,
151,0,0,500,1.0,
152,0,0,500,1.0,
153,0,0,500,1.0,
154,0,0,500,1.0,
155,0,0,500,1.0,
156,0,0,500,1.0,
157,0,0,500,1.0,
158,0,0,500,1.0,
159,0,0,500,1.0,
160,0,0,500,1.0,
161,0,0,500,1.0,
162,0,0,500,1.0,
163,0,0,500,1.0,
164,0,0,500,1.0,
165,0,0,500,1.0,
166,0,0,500,1.0,
167,0,0,500,1.0,
168,0,0,500,1.0,
169,0,0,500,1.0,
170,0,0,500,1.0,
171,0,0,500,1.0,
172,0,0,500,1.0,
173,0,0,500,1.0,
174,0,0,500,1.0,
175,0,0,500,1.0,
176,0,0,500,1.0,
177,0,0,500,1.0,
178,0,0,500,1.0,
179,0,0,500,1.0,
180,0,0,500,1.0,
181,0,0,500,1.0,
182,0,0,500,1.0,
183,0,0,500,1.0,
184,0,0,500,1.0,
185,0,0,500,1.0,
186,0,0,500,1.0,
187,0,0,500,1.0,
188,0,0,500,1.0,
189,0,0,500,1.0,
190,0,0,500,1.0,
191,0,0,500,1.0,
192,0,0,500,1.0,
193,0,0,500,1.0,
194,0,0,500,1.0,
195,0,0,500,1.0,
196,0,0,500,1.0,
197,0,0,500,1.0,
198,0,0,500,1.0,
199,0,0,500,1.0,
200,0,0,500,1.0,
1,495,5,0,0.990909090909091,1.0
2,490,10,0,0.978909090909091,0.9938123432179046
3,481,19,0,0.9663636363636363,0.9870805673326905
4,472,28,0,0.9497272727272728,0.9779732525450072
5,452,46,2,0.9200909090909091,0.9603131276145224
6,425,69,6,0.8761818181818182,0.9315012786509743
7,388,102,10,0.8319090909090909,0.8956563184527981
8,350,136,14,0.7779090909090909,0.8450733376230605
9,305,175,20,0.7542727272727273,0.8023555504316515
10,248,222,30,0.7553636363636363,0.7567525002491773
11,183,275,42,0.8058181818181818,0.7376887883362702
12,131,314,55,0.8622727272727273,0.7391936944027423
13,63,371,66,0.9572727272727273,0.8329733373658538
14,21,401,78,0.992909090909091,0.9188814716639412
15,9,393,98,0.9972727272727273,0.9280450908704553
16,2,376,122,0.9988181818181818,0.8485984954440314
17,0,359,141,1.0,
18,0,345,155,1.0,
19,0,332,168,1.0,
20,0,313,187,1.0,
21,0,301,199,1.0,
22,0,286,214,1.0,
23,0,283,217,1.0,
24,0,277,223,1.0,
25,0,270,230,1.0,
26,0,260,240,1.0,
27,0,253,247,1.0,
28,0,240,260,1.0,
29,0,226,274,1.0,
30,0,215,285,1.0,
31,0,207,293,1.0,
32,0,196,304,1.0,
33,0,186,314,1.0,
34,0,177,323,1.0,
35,0,172,328,1.0,
36,0,166,334,1.0,
37,0,160,340,1.0,
38,0,155,345,1.0,
39,0,147,353,1.0,
40,0,141,359,1.0,
41,0,136,364,1.0,
42,0,129,371,1.0,
43,0,124,376,1.0,
44,0,121,379,1.0,
45,0,117,383,1.0,
46,0,109,391,1.0,
47,0,104,396,1.0,
48,0,101,399,1.0,
49,0,92,408,1.0,
50,0,91,409,1.0,
51,0,89,411,1.0,
52,0,85,415,1.0,
53,0,82,418,1.0,
54,0,78,422,1.0,
55,0,75,425,1.0,
56,0,71,429,1.0,
57,0,67,433,1.0,
58,0,61,439,1.0,
59,0,61,439,1.0,
60,0,59,441,1.0,
61,0,56,444,1.0,
62,0,54,446,1.0,
63,0,49,451,1.0,
64,0,48,452,1.0,
65,0,47,453,1.0,
66,0,45,455,1.0,
67,0,45,455,1.0,
68,0,42,458,1.0,
69,0,40,460,1.0,
70,0,36,464,1.0,
71,0,33,467,1.0,
72,0,31,469,1.0,
73,0,30,470,1.0,
74,0,30,470,1.0,
75,0,26,474,1.0,
76,0,25,475,1.0,
77,0,24,476,1.0,
78,0,23,477,1.0,
79,0,22,478,1.0,
80,0,21,479,1.0,
81,0,20,480,1.0,
82,0,17,483,1.0,
83,0,17,483,1.0,
84,0,16,484,1.0,
85,0,16,484,1.0,
86,0,16,484,1.0,
87,0,16,484,1.0,
88,0,16,484,1.0,
89,0,16,484,1.0,
90,0,16,484,1.0,
91,0,16,484,1.0,
92,0,15,485,1.0,
93,0,15,485,1.0,
94,0,13,487,1.0,
95,0,12,488,1.0,
96,0,11,489,1.0,
97,0,10,490,1.0,
98,0,9,491,1.0,
99,0,9,491,1.0,
100,0,9,491,1.0,
101,0,8,492,1.0,
102,0,8,492,1.0,
103,0,8,492,1.0,
104,0,8,492,1.0,
105,0,8,492,1.0,
106,0,8,492,1.0,
107,0,8,492,1.0,
108,0,8,492,1.0,
109,0,7,493,1.0,
110,0,7,493,1.0,
111,0,7,493,1.0,
112,0,7,493,1.0,
113,0,6,494,1.0,
114,0,6,494,1.0,
115,0,6,494,1.0,
116,0,6,494,1.0,
117,0,6,494,1.0,
118,0,6,494,1.0,
119,0,6,494,1.0,
120,0,5,495,1.0,
121,0,4,496,1.0,
122,0,4,496,1.0,
123,0,4,496,1.0,
124,0,4,496,1.0,
125,0,4,496,1.0,
126,0,4,496,1.0,
127,0,4,496,1.0,
128,0,4,496,1.0,
129,0,3,497,1.0,
130,0,3,497,1.0,
131,0,3,497,1.0,
132,0,3,497,1.0,
133,0,3,497,1.0,
134,0,3,497,1.0,
135,0,3,497,1.0,
136,0,3,497,1.0,
137,0,3,497,1.0,
138,0,3,497,1.0,
139,0,3,497,1.0,
140,0,3,497,1.0,
141,0,3,497,1.0,
142,0,3,497,1.0,
143,0,3,497,1.0,
144,0,3,497,1.0,
145,0,3,497,1.0,
146,0,3,497,1.0,
147,0,3,497,1.0,
148,0,3,497,1.0,
149,0,3,497,1.0,
150,0,3,497,1.0,
151,0,3,497,1.0,
152,0,3,497,1.0,
153,0,3,497,1.0,
154,0,2,498,1.0,
155,0,2,498,1.0,
156,0,2,498,1.0,
157,0,2,498,1.0,
158,0,2,498,1.0,
159,0,2,498,1.0,
160,0,2,498,1.0,
161,0,2,498,1.0,
162,0,2,498,1.0,
163,0,2,498,1.0,
164,0,2,498,1.0,
165,0,2,498,1.0,
166,0,1,499,1.0,
167,0,1,499,1.0,
168,0,1,499,1.0,
169,0,1,499,1.0,
170,0,0,500,1.0,
171,0,0,500,1.0,
172,0,0,500,1.0,
173,0,0,500,1.0,
174,0,0,500,1.0,
175,0,0,500,1.0,
176,0,0,500,1.0,
177,0,0,500,1.0,
178,0,0,500,1.0,
179,0,0,500,1.0,
180,0,0,500,1.0,
181,0,0,500,1.0,
182,0,0,500,1.0,
183,0,0,500,1.0,
184,0,0,500,1.0,
185,0,0,500,1.0,
186,0,0,500,1.0,
187,0,0,500,1.0,
188,0,0,500,1.0,
189,0,0,500,1.0,
190,0,0,500,1.0,
191,0,0,500,1.0,
192,0,0,500,1.0,
193,0,0,500,1.0,
194,0,0,500,1.0,
195,0,0,500,1.0,
196,0,0,500,1.0,
197,0,0,500,1.0,
198,0,0,500,1.0,
199,0,0,500,1.0,
200,0,0,500,1.0,
1,498,2,0,0.9978181818181818,1.0
2,497,3,0,0.9951818181818182,0.998680724904189
3,494,6,0,0.9887272727272727,0.9954279681399627
4,486,14,0,0.9721818181818181,0.986857310756913
5,477,22,1,0.9611818181818181,0.9808341076016568
6,462,34,4,0.9366363636363636,0.9669006994739928
7,442,53,5,0.9022727272727272,0.9458900015321483
8,407,84,9,0.8553636363636363,0.9122671305888496
9,367,116,17,0.8115454545454546,0.8724404222767016
10,314,165,21,0.778,0.8236750058673644
11,247,224,29,0.7756363636363637,0.7729066009466793
12,186,273,41,0.8076363636363636,0.7410208799469636
13,124,321,55,0.8711818181818182,0.7390097789909956
14,67,362,71,0.949,0.8067656721371688
15,19,392,89,0.9935454545454545,0.9122301765512878
16,7,385,108,0.9968181818181818,0.8809613605963852
17,0,375,125,1.0,
18,0,360,140,1.0,
19,0,343,157,1.0,
20,0,328,172,1.0,
21,0,321,179,1.0,
22,0,309,191,1.0,
23,0,301,199,1.0,
24,0,295,205,1.0,
25,0,278,222,1.0,
26,0,269,231,1.0,
27,0,258,242,1.0,
28,0,249,251,1.0,
29,0,240,260,1.0,
30,0,227,273,1.0,
31,0,213,287,1.0,
32,0,204,296,1.0,
33,0,195,305,1.0,
34,0,189,311,1.0,
35,0,182,318,1.0,
36,0,173,327,1.0,
37,0,163,337,1.0,
38,0,155,345,1.0,
39,0,149,351,1.0,
40,0,143,357,1.0,
41,0,135,365,1.0,
42,0,131,369,1.0,
43,0,129,371,1.0,
44,0,125,375,1.0,
45,0,121,379,1.0,
46,0,117,383,1.0,
47,0,114,386,1.0,
48,0,108,392,1.0,
49,0,99,401,1.0,
50,0,94,406,1.0,
51,0,86,414,1.0,
52,0,83,417,1.0,
53,0,80,420,1.0,
54,0,74,426,1.0,
55,0,73,427,1.0,
56,0,70,430,1.0,
57,0,67,433,1.0,
58,0,64,436,1.0,
59,0,64,436,1.0,
60,0,63,437,1.0,
61,0,62,438,1.0,
62,0,60,440,1.0,
63,0,58,442,1.0,
64,0,53,447,1.0,
65,0,52,448,1.0,
66,0,52,448,1.0,
67,0,49,451,1.0,
68,0,48,452,1.0,
69,0,45,455,1.0,
70,0,44,456,1.0,
71,0,41,459,1.0,
72,0,38,462,1.0,
73,0,37,463,1.0,
74,0,37,463,1.0,
75,0,35,465,1.0,
76,0,35,465,1.0,
77,0,34,466,1.0,
78,0,32,468,1.0,
79,0,32,468,1.0,
80,0,29,471,1.0,
81,0,27,473,1.0,
82,0,26,474,1.0,
83,0,24,476,1.0,
84,0,24,476,1.0,
85,0,24,476,1.0,
86,0,22,478,1.0,
87,0,22,478,1.0,
88,0,20,480,1.0,
89,0,18,482,1.0,
90,0,16,484,1.0,
91,0,15,485,1.0,
92,0,15,485,1.0,
93,0,14,486,1.0,
94,0,12,488,1.0,
95,0,12,488,1.0,
96,0,12,488,1.0,
97,0,11,489,1.0,
98,0,10,490,1.0,
99,0,10,490,1.0,
100,0,10,490,1.0,
101,0,9,491,1.0,
102,0,9,491,1.0,
103,0,9,491,1.0,
104,0,7,493,1.0,
105,0,7,493,1.0,
106,0,7,493,1.0,
107,0,6,494,1.0,
108,0,5,495,1.0,
109,0,4,496,1.0,
110,0,4,496,1.0,
111,0,4,496,1.0,
112,0,4,496,1.0,
113,0,4,496,1.0,
114,0,3,497,1.0,
115,0,3,497,1.0,
116,0,3,497,1.0,
117,0,3,497,1.0,
118,0,3,497,1.0,
119,0,3,497,1.0,
120,0,3,497,1.0,
121,0,3,497,1.0,
122,0,3,497,1.0,
123,0,3,497,1.0,
124,0,3,497,1.0,
125,0,3,497,1.0,
126,0,3,497,1.0,
127,0,0,500,1.0,
128,0,0,500,1.0,
129,0,0,500,1.0,
130,0,0,500,1.0,
131,0,0,500,1.0,
132,0,0,500,1.0,
133,0,0,500,1.0,
134,0,0,500,1.0,
135,0,0,500,1.0,
136,0,0,500,1.0,
137,0,0,500,1.0,
138,0,0,500,1.0,
139,0,0,500,1.0,
140,0,0,500,1.0,
141,0,0,500,1.0,
142,0,0,500,1.0,
143,0,0,500,1.0,
144,0,0,500,1.0,
145,0,0,500,1.0,
146,0,0,500,1.0,
147,0,0,500,1.0,
148,0,0,500,1.0,
149,0,0,500,1.0,
150,0,0,500,1.0,
151,0,0,500,1.0,
152,0,0,500,1.0,
153,0,0,500,1.0,
154,0,0,500,1.0,
155,0,0,500,1.0,
156,0,0,500,1.0,
157,0,0,500,1.0,
158,0,0,500,1.0,
159,0,0,500,1.0,
160,0,0,500,1.0,
161,0,0,500,1.0,
162,0,0,500,1.0,
163,0,0,500,1.0,
164,0,0,500,1.0,
165,0,0,500,1.0,
166,0,0,500,1.0,
167,0,0,500,1.0,
168,0,0,500,1.0,
169,0,0,500,1.0,
170,0,0,500,1.0,
171,0,0,500,1.0,
172,0,0,500,1.0,
173,0,0,500,1.0,
174,0,0,500,1.0,
175,0,0,500,1.0,
176,0,0,500,1.0,
177,0,0,500,1.0,
178,0,0,500,1.0,
179,0,0,500,1.0,
180,0,0,500,1.0,
181,0,0,500,1.0,
182,0,0,500,1.0,
183,0,0,500,1.0,
184,0,0,500,1.0,
185,0,0,500,1.0,
186,0,0,500,1.0,
187,0,0,500,1.0,
188,0,0,500,1.0,
189,0,0,500,1.0,
190,0,0,500,1.0,
191,0,0,500,1.0,
192,0,0,500,1.0,
193,0,0,500,1.0,
194,0,0,500,1.0,
195,0,0,500,1.0,
196,0,0,500,1.0,
197,0,0,500,1.0,
198,0,0,500,1.0,
199,0,0,500,1.0,
200,0,0,500,1.0,
1,498,2,0,0.9971818181818182,1.0
2,494,6,0,0.9910909090909091,0.9969019682255706
3,486,13,1,0.9765454545454545,0.9893139247789071
4,479,19,2,0.966,0.9836238899801295
5,473,22,5,0.959,0.9797163920255534
6,459,35,6,0.9355454545454546,0.966284527450834
7,435,54,11,0.9005454545454545,0.9442588570202984
8,404,80,16,0.8620909090909091,0.9161205060422809
9,369,111,20,0.8138181818181818,0.8752959353420141
10,325,150,25,0.7634545454545455,0.8191707056913134
11,274,197,29,0.7412727272727273,0.7649580994568801
12,216,248,36,0.7728181818181818,0.7378030285825841
13,138,317,45,0.8672727272727273,0.760526804099411
14,67,368,65,0.9437272727272727,0.7911891820743464
15,25,401,74,0.990909090909091,0.9095458698397576
16,8,406,86,0.9974545454545455,0.9201923484472985
17,2,397,101,0.9993636363636363,0.9204336790553916
18,0,384,116,1.0,
19,0,370,130,1.0,
20,0,357,143,1.0,
21,0,344,156,1.0,
22,0,331,169,1.0,
23,0,316,184,1.0,
24,0,301,199,1.0,
25,0,284,216,1.0,
26,0,272,228,1.0,
27,0,256,244,1.0,
28,0,247,253,1.0,
29,0,235,265,1.0,
30,0,227,273,1.0,
31,0,221,279,1.0,
32,0,215,285,1.0,
33,0,205,295,1.0,
34,0,198,302,1.0,
35,0,188,312,1.0,
36,0,180,320,1.0,
37,0,173,327,1.0,
38,0,168,332,1.0,
39,0,163,337,1.0,
40,0,158,342,1.0,
41,0,152,348,1.0,
42,0,143,357,1.0,
43,0,136,364,1.0,
44,0,132,368,1.0,
45,0,127,373,1.0,
46,0,120,380,1.0,
47,0,115,385,1.0,
48,0,108,392,1.0,
49,0,105,395,1.0,
50,0,102,398,1.0,
51,0,97,403,1.0,
52,0,93,407,1.0,
53,0,86,414,1.0,
54,0,84,416,1.0,
55,0,79,421,1.0,
56,0,76,424,1.0,
57,0,74,426,1.0,
58,0,67,433,1.0,
59,0,62,438,1.0,
60,0,58,442,1.0,
61,0,55,445,1.0,
62,0,53,447,1.0,
63,0,51,449,1.0,
64,0,48,452,1.0,
65,0,47,453,1.0,
66,0,44,456,1.0,
67,0,43,457,1.0,
68,0,40,460,1.0,
69,0,39,461,1.0,
70,0,39,461,1.0,
71,0,37,463,1.0,
72,0,33,467,1.0,
73,0,30,470,1.0,
74,0,30,470,1.0,
75,0,26,474,1.0,
76,0,23,477,1.0,
77,0,21,479,1.0,
78,0,20,480,1.0,
79,0,18,482,1.0,
80,0,18,482,1.0,
81,0,18,482,1.0,
82,0,17,483,1.0,
83,0,17,483,1.0,
84,0,17,483,1.0,
85,0,17,483,1.0,
86,0,17,483,1.0,
87,0,17,483,1.0,
88,0,15,485,1.0,
89,0,14,486,1.0,
90,0,13,487,1.0,
91,0,11,489,1.0,
92,0,11,489,1.0,
93,0,11,489,1.0,
94,0,11,489,1.0,
95,0,11,489,1.0,
96,0,10,490,1.0,
97,0,9,491,1.0,
98,0,8,492,1.0,
99,0,8,492,1.0,
100,0,8,492,1.0,
101,0,8,492,1.0,
102,0,7,493,1.0,
103,0,7,493,1.0,
104,0,7,493,1.0,
105,0,6,494,1.0,
106,0,6,494,1.0,
107,0,5,495,1.0,
108,0,5,495,1.0,
109,0,5,495,1.0,
110,0,5,495,1.0,
111,0,5,495,1.0,
112,0,4,496,1.0,
113,0,4,496,1.0,
114,0,4,496,1.0,
115,0,4,496,1.0,
116,0,4,496,1.0,
117,0,3,497,1.0,
118,0,3,497,1.0,
119,0,3,497,1.0,
120,0,3,497,1.0,
121,0,3,497,1.0,
122,0,3,497,1.0,
123,0,3,497,1.0,
124,0,3,497,1.0,
125,0,3,497,1.0,
126,0,3,497,1.0,
127,0,3,497,1.0,
128,0,3,497,1.0,
129,0,3,497,1.0,
130,0,3,497,1.0,
131,0,3,497,1.0,
132,0,3,497,1.0,
133,0,3,497,1.0,
134,0,3,497,1.0,
135,0,2,498,1.0,
136,0,2,498,1.0,
137,0,2,498,1.0,
138,0,2,498,1.0,
139,0,2,498,1.0,
140,0,1,499,1.0,
141,0,1,499,1.0,
142,0,1,499,1.0,
143,0,1,499,1.0,
144,0,1,499,1.0,
145,0,1,499,1.0,
146,0,1,499,1.0,
147,0,1,499,1.0,
148,0,1,499,1.0,
149,0,1,499,1.0,
150,0,1,499,1.0,
151,0,1,499,1.0,
152,0,1,499,1.0,
153,0,1,499,1.0,
154,0,0,500,1.0,
155,0,0,500,1.0,
156,0,0,500,1.0,
157,0,0,500,1.0,
158,0,0,500,1.0,
159,0,0,500,1.0,
160,0,0,500,1.0,
161,0,0,500,1.0,
162,0,0,500,1.0,
163,0,0,500,1.0,
164,0,0,500,1.0,
165,0,0,500,1.0,
166,0,0,500,1.0,
167,0,0,500,1.0,
168,0,0,500,1.0,
169,0,0,500,1.0,
170,0,0,500,1.0,
171,0,0,500,1.0,
172,0,0,500,1.0,
173,0,0,500,1.0,
174,0,0,500,1.0,
175,0,0,500,1.0,
176,0,0,500,1.0,
177,0,0,500,1.0,
178,0,0,500,1.0,
179,0,0,500,1.0,
180,0,0,500,1.0,
181,0,0,500,1.0,
182,0,0,500,1.0,
183,0,0,500,1.0,
184,0,0,500,1.0,
185,0,0,500,1.0,
186,0,0,500,1.0,
187,0,0,500,1.0,
188,0,0,500,1.0,
189,0,0,500,1.0,
190,0,0,500,1.0,
191,0,0,500,1.0,
192,0,0,500,1.0,
193,0,0,500,1.0,
194,0,0,500,1.0,
195,0,0,500,1.0,
196,0,0,500,1.0,
197,0,0,500,1.0,
198,0,0,500,1.0,
199,0,0,500,1.0,
200,0,0,500,1.0,
1,493,7,0,0.9868181818181818,1.0
2,489,11,0,0.9794545454545455,0.9961837911827316
3,481,18,1,0.9635454545454546,0.9876901777353211
4,469,29,2,0.9395454545454546,0.9743467063204729
5,454,44,2,0.9144545454545454,0.9593485366622959
6,425,69,6,0.8816363636363637,0.9367192145554774
7,392,100,8,0.8494545454545455,0.9101121434310301
8,346,141,13,0.8263636363636364,0.8803872968532953
9,295,187,18,0.8143636363636364,0.8481712317865007
10,248,226,26,0.8066363636363636,0.8103477153373039
11,196,260,44,0.8260909090909091,0.7824589632935524
12,140,301,59,0.8701818181818182,0.7722069371016944
13,90,343,67,0.9077272727272727,0.748183038280193
14,50,369,81,0.9543636363636364,0.7769841538964591
15,29,370,101,0.9751818181818181,0.7914036280746743
16,14,370,116,0.991909090909091,0.8596691934327909
17,5,366,129,0.9970909090909091,0.8572240445523455
18,2,356,142,0.9981818181818182,0.7713667274166935
19,1,346,153,0.9989090909090909,0.7190706781003076
20,0,334,166,1.0,
21,0,320,180,1.0,
22,0,309,191,1.0,
23,0,299,201,1.0,
24,0,284,216,1.0,
25,0,269,231,1.0,
26,0,265,235,1.0,
27,0,253,247,1.0,
28,0,238,262,1.0,
29,0,227,273,1.0,
30,0,218,282,1.0,
31,0,206,294,1.0,
32,0,197,303,1.0,
33,0,188,312,1.0,
34,0,178,322,1.0,
35,0,168,332,1.0,
36,0,165,335,1.0,
37,0,158,342,1.0,
38,0,146,354,1.0,
39,0,139,361,1.0,
40,0,135,365,1.0,
41,0,131,369,1.0,
42,0,127,373,1.0,
43,0,122,378,1.0,
44,0,116,384,1.0,
45,0,115,385,1.0,
46,0,111,389,1.0,
47,0,105,395,1.0,
48,0,99,401,1.0,
49,0,95,405,1.0,
50,0,89,411,1.0,
51,0,84,416,1.0,
52,0,84,416,1.0,
53,0,81,419,1.0,
54,0,77,423,1.0,
55,0,75,425,1.0,
56,0,68,432,1.0,
57,0,66,434,1.0,
58,0,65,435,1.0,
59,0,62,438,1.0,
60,0,60,440,1.0,
61,0,58,442,1.0,
62,0,56,444,1.0,
63,0,54,446,1.0,
64,0,53,447,1.0,
65,0,52,448,1.0,
66,0,50,450,1.0,
67,0,47,453,1.0,
68,0,45,455,1.0,
69,0,41,459,1.0,
70,0,37,463,1.0,
71,0,36,464,1.0,
72,0,34,466,1.0,
73,0,31,469,1.0,
74,0,29,471,1.0,
75,0,28,472,1.0,
76,0,28,472,1.0,
77,0,27,473,1.0,
78,0,26,474,1.0,
79,0,25,475,1.0,
80,0,23,477,1.0,
81,0,22,478,1.0,
82,0,20,480,1.0,
83,0,20,480,1.0,
84,0,20,480,1.0,
85,0,18,482,1.0,
86,0,18,482,1.0,
87,0,18,482,1.0,
88,0,17,483,1.0,
89,0,17,483,1.0,
90,0,17,483,1.0,
91,0,16,484,1.0,
92,0,16,484,1.0,
93,0,16,484,1.0,
94,0,16,484,1.0,
95,0,16,484,1.0,
96,0,14,486,1.0,
97,0,14,486,1.0,
98,0,14,486,1.0,
99,0,13,487,1.0,
100,0,13,487,1.0,
101,0,13,487,1.0,
102,0,12,488,1.0,
103,0,12,488,1.0,
104,0,12,488,1.0,
105,0,11,489,1.0,
106,0,11,489,1.0,
107,0,10,490,1.0,
108,0,9,491,1.0,
109,0,9,491,1.0,
110,0,9,491,1.0,
111,0,8,492,1.0,
112,0,8,492,1.0,
113,0,8,492,1.0,
114,0,8,492,1.0,
115,0,8,492,1.0,
116,0,8,492,1.0,
117,0,8,492,1.0,
118,0,7,493,1.0,
119,0,7,493,1.0,
120,0,7,493,1.0,
121,0,7,493,1.0,
122,0,7,493,1.0,
123,0,7,493,1.0,
124,0,7,493,1.0,
125,0,7,493,1.0,
126,0,7,493,1.0,
127,0,7,493,1.0,
128,0,7,493,1.0,
129,0,6,494,1.0,
130,0,6,494,1.0,
131,0,6,494,1.0,
132,0,6,494,1.0,
133,0,6,494,1.0,
134,0,6,494,1.0,
135,0,6,494,1.0,
136,0,6,494,1.0,
137,0,5,495,1.0,
138,0,5,495,1.0,
139,0,5,495,1.0,
140,0,4,496,1.0,
141,0,4,496,1.0,
142,0,4,496,1.0,
143,0,4,496,1.0,
144,0,4,496,1.0,
145,0,4,496,1.0,
146,0,3,497,1.0,
147,0,3,497,1.0,
148,0,3,497,1.0,
149,0,3,497,1.0,
150,0,3,497,1.0,
151,0,3,497,1.0,
152,0,2,498,1.0,
153,0,2,498,1.0,
154,0,2,498,1.0,
155,0,2,498,1.0,
156,0,2,498,1.0,
157,0,2,498,1.0,
158,0,2,498,1.0,
159,0,2,498,1.0,
160,0,1,499,1.0,
161,0,1,499,1.0,
162,0,1,499,1.0,
163,0,1,499,1.0,
164,0,1,499,1.0,
165,0,1,499,1.0,
166,0,1,499,1.0,
167,0,1,499,1.0,
168,0,1,499,1.0,
169,0,1,499,1.0,
170,0,1,499,1.0,
171,0,1,499,1.0,
172,0,1,499,1.0,
173,0,1,499,1.0,
174,0,1,499,1.0,
175,0,1,499,1.0,
176,0,1,499,1.0,
177,0,1,499,1.0,
178,0,1,499,1.0,
179,0,1,499,1.0,
180,0,1,499,1.0,
181,0,1,499,1.0,
182,0,1,499,1.0,
183,0,1,499,1.0,
184,0,1,499,1.0,
185,0,0,500,1.0,
186,0,0,500,1.0,
187,0,0,500,1.0,
188,0,0,500,1.0,
189,0,0,500,1.0,
190,0,0,500,1.0,
191,0,0,500,1.0,
192,0,0,500,1.0,
193,0,0,500,1.0,
194,0,0,500,1.0,
195,0,0,500,1.0,
196,0,0,500,1.0,
197,0,0,500,1.0,
198,0,0,500,1.0,
199,0,0,500,1.0,
200,0,0,500,1.0,
1,497,3,0,0.9936363636363637,1.0
2,496,4,0,0.9928181818181818,0.9995739513743318
3,489,9,2,0.9833636363636363,0.9946845219822212
4,485,13,2,0.9787272727272728,0.992238095916168
5,463,32,5,0.9378181818181818,0.9695820336508162
6,439,55,6,0.8921818181818182,0.9417479622141351
7,400,87,13,0.8317272727272728,0.8980327684822997
8,357,127,16,0.7845454545454545,0.8521150057015191
9,302,174,24,0.758,0.8029113812143441
10,235,236,29,0.758090909090909,0.7456142310749374
11,150,309,41,0.852,0.7553176306788058
12,87,358,55,0.9106363636363637,0.7454053392477146
13,55,376,69,0.9484545454545454,0.7668772657048256
14,27,381,92,0.9793636363636363,0.8088098546222302
15,8,388,104,0.9968181818181818,0.90055468387939
16,2,383,115,0.9991818181818182,0.895716164414175
17,0,370,130,1.0,
18,0,357,143,1.0,
19,0,342,158,1.0,
20,0,327,173,1.0,
21,0,315,185,1.0,
22,0,302,198,1.0,
23,0,292,208,1.0,
24,0,278,222,1.0,
25,0,267,233,1.0,
26,0,260,240,1.0,
27,0,253,247,1.0,
28,0,244,256,1.0,
29,0,231,269,1.0,
30,0,224,276,1.0,
31,0,214,286,1.0,
32,0,207,293,1.0,
33,0,197,303,1.0,
34,0,187,313,1.0,
35,0,181,319,1.0,
36,0,167,333,1.0,
37,0,161,339,1.0,
38,0,153,347,1.0,
39,0,146,354,1.0,
40,0,142,358,1.0,
41,0,134,366,1.0,
42,0,128,372,1.0,
43,0,122,378,1.0,
44,0,118,382,1.0,
45,0,113,387,1.0,
46,0,107,393,1.0,
47,0,101,399,1.0,
48,0,94,406,1.0,
49,0,93,407,1.0,
50,0,91,409,1.0,
51,0,83,417,1.0,
52,0,82,418,1.0,
53,0,80,420,1.0,
54,0,80,420,1.0,
55,0,76,424,1.0,
56,0,75,425,1.0,
57,0,73,427,1.0,
58,0,69,431,1.0,
59,0,67,433,1.0,
60,0,62,438,1.0,
61,0,58,442,1.0,
62,0,55,445,1.0,
63,0,53,447,1.0,
64,0,52,448,1.0,
65,0,51,449,1.0,
66,0,47,453,1.0,
67,0,43,457,1.0,
68,0,42,458,1.0,
69,0,42,458,1.0,
70,0,41,459,1.0,
71,0,38,462,1.0,
72,0,36,464,1.0,
73,0,33,467,1.0,
74,0,32,468,1.0,
75,0,30,470,1.0,
76,0,29,471,1.0,
77,0,28,472,1.0,
78,0,27,473,1.0,
79,0,27,473,1.0,
80,0,27,473,1.0,
81,0,26,474,1.0,
82,0,26,474,1.0,
83,0,26,474,1.0,
84,0,25,475,1.0,
85,0,22,478,1.0,
86,0,22,478,1.0,
87,0,22,478,1.0,
88,0,21,479,1.0,
89,0,18,482,1.0,
90,0,15,485,1.0,
91,0,15,485,1.0,
92,0,15,485,1.0,
93,0,15,485,1.0,
94,0,15,485,1.0,
95,0,15,485,1.0,
96,0,14,486,1.0,
97,0,14,486,1.0,
98,0,14,486,1.0,
99,0,14,486,1.0,
100,0,13,487,1.0,
101,0,13,487,1.0,
102,0,13,487,1.0,
103,0,13,487,1.0,
104,0,12,488,1.0,
105,0,12,488,1.0,
106,0,12,488,1.0,
107,0,12,488,1.0,
108,0,11,489,1.0,
109,0,10,490,1.0,
110,0,9,491,1.0,
111,0,7,493,1.0,
112,0,6,494,1.0,
113,0,5,495,1.0,
114,0,5,495,1.0,
115,0,5,495,1.0,
116,0,5,495,1.0,
117,0,5,495,1.0,
118,0,5,495,1.0,
119,0,5,495,1.0,
120,0,3,497,1.0,
121,0,3,497,1.0,
122,0,3,497,1.0,
123,0,3,497,1.0,
124,0,3,497,1.0,
125,0,3,497,1.0,
126,0,2,498,1.0,
127,0,2,498,1.0,
128,0,2,498,1.0,
129,0,2,498,1.0,
130,0,2,498,1.0,
131,0,2,498,1.0,
132,0,2,498,1.0,
133,0,2,498,1.0,
134,0,2,498,1.0,
135,0,2,498,1.0,
136,0,2,498,1.0,
137,0,2,498,1.0,
138,0,2,498,1.0,
139,0,2,498,1.0,
140,0,2,498,1.0,
141,0,2,498,1.0,
142,0,2,498,1.0,
143,0,2,498,1.0,
144,0,1,499,1.0,
145,0,1,499,1.0,
146,0,1,499,1.0,
147,0,1,499,1.0,
148,0,1,499,1.0,
149,0,1,499,1.0,
150,0,1,499,1.0,
151,0,1,499,1.0,
152,0,1,499,1.0,
153,0,1,499,1.0,
154,0,1,499,1.0,
155,0,1,499,1.0,
156,0,0,500,1.0,
157,0,0,500,1.0,
158,0,0,500,1.0,
159,0,0,500,1.0,
160,0,0,500,1.0,
161,0,0,500,1.0,
162,0,0,500,1.0,
163,0,0,500,1.0,
164,0,0,500,1.0,
165,0,0,500,1.0,
166,0,0,500,1.0,
167,0,0,500,1.0,
168,0,0,500,1.0,
169,0,0,500,1.0,
170,0,0,500,1.0,
171,0,0,500,1.0,
172,0,0,500,1.0,
173,0,0,500,1.0,
174,0,0,500,1.0,
175,0,0,500,1.0,
176,0,0,500,1.0,
177,0,0,500,1.0,
178,0,0,500,1.0,
179,0,0,500,1.0,
180,0,0,500,1.0,
181,0,0,500,1.0,
182,0,0,500,1.0,
183,0,0,500,1.0,
184,0,0,500,1.0,
185,0,0,500,1.0,
186,0,0,500,1.0,
187,0,0,500,1.0,
188,0,0,500,1.0,
189,0,0,500,1.0,
190,0,0,500,1.0,
191,0,0,500,1.0,
192,0,0,500,1.0,
193,0,0,500,1.0,
194,0,0,500,1.0,
195,0,0,500,1.0,
196,0,0,500,1.0,
197,0,0,500,1.0,
198,0,0,500,1.0,
199,0,0,500,1.0,
200,0,0,500,1.0,
1,496,4,0,0.9926363636363637,1.0
2,491,9,0,0.983909090909091,0.9955261535483249
3,485,15,0,0.9688181818181818,0.9876423823808722
4,472,27,1,0.9499090909090909,0.9771624486525435
5,448,50,2,0.9070909090909091,0.9519497989677065
6,425,68,7,0.8740909090909091,0.929525006286687
7,392,95,13,0.8227272727272728,0.8904187899507874
8,351,135,14,0.7937272727272727,0.8564786653878348
9,294,184,22,0.7928181818181819,0.8265157217076824
10,242,227,31,0.7931818181818182,0.7891295411732017
11,194,268,38,0.8215454545454546,0.772320798824423
12,128,326,46,0.8722727272727273,0.7517984332490598
13,74,363,63,0.9274545454545454,0.7562358463578134
14,38,380,82,0.9697272727272728,0.8031751853088612
15,12,393,95,0.996,0.9184458980232498
16,3,387,110,0.9993636363636363,0.9494400086133409
17,0,367,133,1.0,
18,0,349,151,1.0,
19,0,336,164,1.0,
20,0,319,181,1.0,
21,0,308,192,1.0,
22,0,297,203,1.0,
23,0,285,215,1.0,
24,0,280,220,1.0,
25,0,269,231,1.0,
26,0,253,247,1.0,
27,0,242,258,1.0,
28,0,236,264,1.0,
29,0,225,275,1.0,
30,0,216,284,1.0,
31,0,208,292,1.0,
32,0,198,302,1.0,
33,0,191,309,1.0,
34,0,184,316,1.0,
35,0,174,326,1.0,
36,0,165,335,1.0,
37,0,160,340,1.0,
38,0,155,345,1.0,
39,0,147,353,1.0,
40,0,138,362,1.0,
41,0,131,369,1.0,
42,0,125,375,1.0,
43,0,116,384,1.0,
44,0,113,387,1.0,
45,0,107,393,1.0,
46,0,103,397,1.0,
47,0,97,403,1.0,
48,0,91,409,1.0,
49,0,86,414,1.0,
50,0,85,415,1.0,
51,0,81,419,1.0,
52,0,79,421,1.0,
53,0,75,425,1.0,
54,0,72,428,1.0,
55,0,70,430,1.0,
56,0,68,432,1.0,
57,0,66,434,1.0,
58,0,63,437,1.0,
59,0,57,443,1.0,
60,0,57,443,1.0,
61,0,54,446,1.0,
62,0,52,448,1.0,
63,0,48,452,1.0,
64,0,42,458,1.0,
65,0,42,458,1.0,
66,0,41,459,1.0,
67,0,40,460,1.0,
68,0,40,460,1.0,
69,0,40,460,1.0,
70,0,38,462,1.0,
71,0,38,462,1.0,
72,0,37,463,1.0,
73,0,36,464,1.0,
74,0,35,465,1.0,
75,0,35,465,1.0,
76,0,33,467,1.0,
77,0,33,467,1.0,
78,0,33,467,1.0,
79,0,32,468,1.0,
80,0,32,468,1.0,
81,0,32,468,1.0,
82,0,30,470,1.0,
83,0,30,470,1.0,
84,0,29,471,1.0,
85,0,27,473,1.0,
86,0,24,476,1.0,
87,0,22,478,1.0,
88,0,22,478,1.0,
89,0,21,479,1.0,
90,0,21,479,1.0,
91,0,21,479,1.0,
92,0,21,479,1.0,
93,0,21,479,1.0,
94,0,20,480,1.0,
95,0,19,481,1.0,
96,0,18,482,1.0,
97,0,16,484,1.0,
98,0,16,484,1.0,
99,0,16,484,1.0,
100,0,16,484,1.0,
101,0,16,484,1.0,
102,0,15,485,1.0,
103,0,14,486,1.0,
104,0,13,487,1.0,
105,0,12,488,1.0,
106,0,12,488,1.0,
107,0,10,490,1.0,
108,0,10,490,1.0,
109,0,10,490,1.0,
110,0,9,491,1.0,
111,0,9,491,1.0,
112,0,9,491,1.0,
113,0,8,492,1.0,
114,0,7,493,1.0,
115,0,7,493,1.0,
116,0,6,494,1.0,
117,0,6,494,1.0,
118,0,6,494,1.0,
119,0,6,494,1.0,
120,0,5,495,1.0,
121,0,5,495,1.0,
122,0,4,496,1.0,
123,0,4,496,1.0,
124,0,4,496,1.0,
125,0,3,497,1.0,
126,0,3,497,1.0,
127,0,3,497,1.0,
128,0,3,497,1.0,
129,0,3,497,1.0,
130,0,3,497,1.0,
131,0,2,498,1.0,
132,0,2,498,1.0,
133,0,2,498,1.0,
134,0,2,498,1.0,
135,0,2,498,1.0,
136,0,2,498,1.0,
137,0,2,498,1.0,
138,0,2,498,1.0,
139,0,2,498,1.0,
140,0,1,499,1.0,
141,0,1,499,1.0,
142,0,1,499,1.0,
143,0,1,499,1.0,
144,0,1,499,1.0,
145,0,1,499,1.0,
146,0,1,499,1.0,
147,0,1,499,1.0,
148,0,1,499,1.0,
149,0,1,499,1.0,
150,0,1,499,1.0,
151,0,1,499,1.0,
152,0,1,499,1.0,
153,0,1,499,1.0,
154,0,1,499,1.0,
155,0,1,499,1.0,
156,0,1,499,1.0,
157,0,1,499,1.0,
158,0,1,499,1.0,
159,0,1,499,1.0,
160,0,1,499,1.0,
161,0,1,499,1.0,
162,0,1,499,1.0,
163,0,1,499,1.0,
164,0,1,499,1.0,
165,0,1,499,1.0,
166,0,1,499,1.0,
167,0,1,499,1.0,
168,0,1,499,1.0,
169,0,1,499,1.0,
170,0,1,499,1.0,
171,0,1,499,1.0,
172,0,0,500,1.0,
173,0,0,500,1.0,
174,0,0,500,1.0,
175,0,0,500,1.0,
176,0,0,500,1.0,
177,0,0,500,1.0,
178,0,0,500,1.0,
179,0,0,500,1.0,
180,0,0,500,1.0,
181,0,0,500,1.0,
182,0,0,500,1.0,
183,0,0,500,1.0,
184,0,0,500,1.0,
185,0,0,500,1.0,
186,0,0,500,1.0,
187,0,0,500,1.0,
188,0,0,500,1.0,
189,0,0,500,1.0,
190,0,0,500,1.0,
191,0,0,500,1.0,
192,0,0,500,1.0,
193,0,0,500,1.0,
194,0,0,500,1.0,
195,0,0,500,1.0,
196,0,0,500,1.0,
197,0,0,500,1.0,
198,0,0,500,1.0,
199,0,0,500,1.0,
200,0,0,500,1.0,
1,497,3,0,0.9944545454545455,1.0
2,493,7,0,0.9883636363636363,0.9968867098206373
3,483,16,1,0.9689090909090909,0.9867126778614744
4,469,29,2,0.9448181818181818,0.9733598419419552
5,447,48,5,0.9036363636363637,0.9489169583579534
6,417,75,8,0.857,0.9170299397893872
7,376,112,12,0.8021818181818182,0.8712200727232382
8,340,144,16,0.7811818181818182,0.8418574354058962
9,274,202,24,0.7756363636363637,0.7980687763042021
10,211,254,35,0.8086363636363636,0.7757746819155537
11,150,308,42,0.8592727272727273,0.7667172257225019
12,87,356,57,0.9195454545454546,0.7689112351354198
13,48,376,76,0.9593636363636364,0.7880655465616917
14,20,385,95,0.9901818181818182,0.8765345944030015
15,9,376,115,0.9965454545454545,0.9048888242104505
16,2,369,129,0.9986363636363637,0.8261248641129704
17,1,356,143,0.9997272727272727,0.9359564934459086
18,1,345,154,0.9994545454545455,0.8691024581997723
19,0,338,162,1.0,
20,0,321,179,1.0,
21,0,304,196,1.0,
22,0,289,211,1.0,
23,0,275,225,1.0,
24,0,263,237,1.0,
25,0,254,246,1.0,
26,0,242,258,1.0,
27,0,234,266,1.0,
28,0,228,272,1.0,
29,0,225,275,1.0,
30,0,214,286,1.0,
31,0,208,292,1.0,
32,0,198,302,1.0,
33,0,187,313,1.0,
34,0,179,321,1.0,
35,0,170,330,1.0,
36,0,167,333,1.0,
37,0,161,339,1.0,
38,0,149,351,1.0,
39,0,142,358,1.0,
40,0,137,363,1.0,
41,0,134,366,1.0,
42,0,127,373,1.0,
43,0,118,382,1.0,
44,0,115,385,1.0,
45,0,112,388,1.0,
46,0,105,395,1.0,
47,0,103,397,1.0,
48,0,101,399,1.0,
49,0,95,405,1.0,
50,0,94,406,1.0,
51,0,90,410,1.0,
52,0,84,416,1.0,
53,0,81,419,1.0,
54,0,78,422,1.0,
55,0,72,428,1.0,
56,0,70,430,1.0,
57,0,66,434,1.0,
58,0,62,438,1.0,
59,0,58,442,1.0,
60,0,56,444,1.0,
61,0,53,447,1.0,
62,0,52,448,1.0,
63,0,51,449,1.0,
64,0,49,451,1.0,
65,0,48,452,1.0,
66,0,42,458,1.0,
67,0,42,458,1.0,
68,0,39,461,1.0,
69,0,39,461,1.0,
70,0,37,463,1.0,
71,0,35,465,1.0,
72,0,34,466,1.0,
73,0,34,466,1.0,
74,0,32,468,1.0,
75,0,30,470,1.0,
76,0,30,470,1.0,
77,0,29,471,1.0,
78,0,26,474,1.0,
79,0,26,474,1.0,
80,0,25,475,1.0,
81,0,25,475,1.0,
82,0,24,476,1.0,
83,0,24,476,1.0,
84,0,24,476,1.0,
85,0,23,477,1.0,
86,0,22,478,1.0,
87,0,21,479,1.0,
88,0,21,479,1.0,
89,0,21,479,1.0,
90,0,19,481,1.0,
91,0,19,481,1.0,
92,0,17,483,1.0,
93,0,16,484,1.0,
94,0,16,484,1.0,
95,0,15,485,1.0,
96,0,14,486,1.0,
97,0,13,487,1.0,
98,0,11,489,1.0,
99,0,11,489,1.0,
100,0,11,489,1.0,
101,0,11,489,1.0,
102,0,11,489,1.0,
103,0,9,491,1.0,
104,0,8,492,1.0,
105,0,8,492,1.0,
106,0,8,492,1.0,
107,0,8,492,1.0,
108,0,7,493,1.0,
109,0,6,494,1.0,
110,0,6,494,1.0,
111,0,6,494,1.0,
112,0,6,494,1.0,
113,0,6,494,1.0,
114,0,6,494,1.0,
115,0,6,494,1.0,
116,0,6,494,1.0,
117,0,5,495,1.0,
118,0,5,495,1.0,
119,0,5,495,1.0,
120,0,5,495,1.0,
121,0,5,495,1.0,
122,0,5,495,1.0,
123,0,5,495,1.0,
124,0,4,496,1.0,
125,0,4,496,1.0,
126,0,4,496,1.0,
127,0,4,496,1.0,
128,0,4,496,1.0,
129,0,4,496,1.0,
130,0,4,496,1.0,
131,0,2,498,1.0,
132,0,2,498,1.0,
133,0,2,498,1.0,
134,0,2,498,1.0,
135,0,2,498,1.0,
136,0,2,498,1.0,
137,0,2,498,1.0,
138,0,2,498,1.0,
139,0,2,498,1.0,
140,0,2,498,1.0,
141,0,2,498,1.0,
142,0,2,498,1.0,
143,0,2,498,1.0,
144,0,2,498,1.0,
145,0,2,498,1.0,
146,0,2,498,1.0,
147,0,2,498,1.0,
148,0,2,498,1.0,
149,0,2,498,1.0,
150,0,0,500,1.0,
151,0,0,500,1.0,
152,0,0,500,1.0,
153,0,0,500,1.0,
154,0,0,500,1.0,
155,0,0,500,1.0,
156,0,0,500,1.0,
157,0,0,500,1.0,
158,0,0,500,1.0,
159,0,0,500,1.0,
160,0,0,500,1.0,
161,0,0,500,1.0,
162,0,0,500,1.0,
163,0,0,500,1.0,
164,0,0,500,1.0,
165,0,0,500,1.0,
166,0,0,500,1.0,
167,0,0,500,1.0,
168,0,0,500,1.0,
169,0,0,500,1.0,
170,0,0,500,1.0,
171,0,0,500,1.0,
172,0,0,500,1.0,
173,0,0,500,1.0,
174,0,0,500,1.0,
175,0,0,500,1.0,
176,0,0,500,1.0,
177,0,0,500,1.0,
178,0,0,500,1.0,
179,0,0,500,1.0,
180,0,0,500,1.0,
181,0,0,500,1.0,
182,0,0,500,1.0,
183,0,0,500,1.0,
184,0,0,500,1.0,
185,0,0,500,1.0,
186,0,0,500,1.0,
187,0,0,500,1.0,
188,0,0,500,1.0,
189,0,0,500,1.0,
190,0,0,500,1.0,
191,0,0,500,1.0,
192,0,0,500,1.0,
193,0,0,500,1.0,
194,0,0,500,1.0,
195,0,0,500,1.0,
196,0,0,500,1.0,
197,0,0,500,1.0,
198,0,0,500,1.0,
199,0,0,500,1.0,
200,0,0,500,1.0,
1,496,4,0,0.9928181818181818,1.0
2,492,8,0,0.9847272727272727,0.9958299269087042
3,483,16,1,0.971,0.988501388556475
4,469,27,4,0.9530909090909091,0.9783462974670722
5,447,48,5,0.923,0.9602534257125349
6,419,70,11,0.8903636363636364,0.9379008863842699
7,384,97,19,0.8345454545454546,0.8955183123520405
8,342,135,23,0.7900909090909091,0.8498498533269563
9,294,177,29,0.7669090909090909,0.8050812111723502
10,230,227,43,0.7724545454545455,0.7548767522793011
11,176,270,54,0.8053636363636364,0.725079623408049
12,118,318,64,0.8756363636363637,0.7374826076391839
13,68,349,83,0.9399090909090909,0.7788313759108076
14,28,371,101,0.986909090909091,0.8832765259538751
15,7,378,115,0.9956363636363637,0.8401342900154842
16,2,363,135,0.9986363636363637,0.8137885556369827
17,1,346,153,0.9995454545454545,0.881264274673601
18,1,324,175,0.9993636363636363,0.8323051483028454
19,0,312,188,1.0,
20,0,306,194,1.0,
21,0,290,210,1.0,
22,0,281,219,1.0,
23,0,273,227,1.0,
24,0,258,242,1.0,
25,0,245,255,1.0,
26,0,236,264,1.0,
27,0,228,272,1.0,
28,0,219,281,1.0,
29,0,210,290,1.0,
30,0,199,301,1.0,
31,0,189,311,1.0,
32,0,184,316,1.0,
33,0,173,327,1.0,
34,0,167,333,1.0,
35,0,162,338,1.0,
36,0,156,344,1.0,
37,0,148,352,1.0,
38,0,143,357,1.0,
39,0,134,366,1.0,
40,0,132,368,1.0,
41,0,124,376,1.0,
42,0,117,383,1.0,
43,0,111,389,1.0,
44,0,111,389,1.0,
45,0,106,394,1.0,
46,0,101,399,1.0,
47,0,99,401,1.0,
48,0,95,405,1.0,
49,0,89,411,1.0,
50,0,85,415,1.0,
51,0,82,418,1.0,
52,0,81,419,1.0,
53,0,78,422,1.0,
54,0,74,426,1.0,
55,0,71,429,1.0,
56,0,68,432,1.0,
57,0,67,433,1.0,
58,0,62,438,1.0,
59,0,60,440,1.0,
60,0,57,443,1.0,
61,0,55,445,1.0,
62,0,52,448,1.0,
63,0,48,452,1.0,
64,0,47,453,1.0,
65,0,45,455,1.0,
66,0,44,456,1.0,
67,0,42,458,1.0,
68,0,41,459,1.0,
69,0,38,462,1.0,
70,0,36,464,1.0,
71,0,35,465,1.0,
72,0,32,468,1.0,
73,0,30,470,1.0,
74,0,29,471,1.0,
75,0,29,471,1.0,
76,0,29,471,1.0,
77,0,28,472,1.0,
78,0,27,473,1.0,
79,0,27,473,1.0,
80,0,26,474,1.0,
81,0,24,476,1.0,
82,0,24,476,1.0,
83,0,24,476,1.0,
84,0,24,476,1.0,
85,0,23,477,1.0,
86,0,22,478,1.0,
87,0,20,480,1.0,
88,0,20,480,1.0,
89,0,20,480,1.0,
90,0,19,481,1.0,
91,0,19,481,1.0,
92,0,18,482,1.0,
93,0,17,483,1.0,
94,0,17,483,1.0,
95,0,16,484,1.0,
96,0,14,486,1.0,
97,0,14,486,1.0,
98,0,14,486,1.0,
99,0,14,486,1.0,
100,0,14,486,1.0,
101,0,13,487,1.0,
102,0,13,487,1.0,
103,0,11,489,1.0,
104,0,11,489,1.0,
105,0,10,490,1.0,
106,0,10,490,1.0,
107,0,9,491,1.0,
108,0,9,491,1.0,
109,0,9,491,1.0,
110,0,9,491,1.0,
111,0,9,491,1.0,
112,0,9,491,1.0,
113,0,9,491,1.0,
114,0,9,491,1.0,
115,0,9,491,1.0,
116,0,9,491,1.0,
117,0,8,492,1.0,
118,0,8,492,1.0,
119,0,8,492,1.0,
120,0,8,492,1.0,
121,0,7,493,1.0,
122,0,7,493,1.0,
123,0,7,493,1.0,
124,0,7,493,1.0,
125,0,7,493,1.0,
126,0,7,493,1.0,
127,0,6,494,1.0,
128,0,6,494,1.0,
129,0,6,494,1.0,
130,0,6,494,1.0,
131,0,5,495,1.0,
132,0,5,495,1.0,
133,0,4,496,1.0,
134,0,4,496,1.0,
135,0,2,498,1.0,
136,0,2,498,1.0,
137,0,2,498,1.0,
138,0,2,498,1.0,
139,0,2,498,1.0,
140,0,2,498,1.0,
141,0,2,498,1.0,
142,0,2,498,1.0,
143,0,2,498,1.0,
144,0,2,498,1.0,
145,0,2,498,1.0,
146,0,2,498,1.0,
147,0,2,498,1.0,
148,0,2,498,1.0,
149,0,2,498,1.0,
150,0,2,498,1.0,
151,0,2,498,1.0,
152,0,2,498,1.0,
153,0,2,498,1.0,
154,0,2,498,1.0,
155,0,2,498,1.0,
156,0,1,499,1.0,
157,0,1,499,1.0,
158,0,1,499,1.0,
159,0,1,499,1.0,
160,0,1,499,1.0,
161,0,1,499,1.0,
162,0,1,499,1.0,
163,0,1,499,1.0,
164,0,1,499,1.0,
165,0,1,499,1.0,
166,0,1,499,1.0,
167,0,1,499,1.0,
168,0,0,500,1.0,
169,0,0,500,1.0,
170,0,0,500,1.0,
171,0,0,500,1.0,
172,0,0,500,1.0,
173,0,0,500,1.0,
174,0,0,500,1.0,
175,0,0,500,1.0,
176,0,0,500,1.0,
177,0,0,500,1.0,
178,0,0,500,1.0,
179,0,0,500,1.0,
180,0,0,500,1.0,
181,0,0,500,1.0,
182,0,0,500,1.0,
183,0,0,500,1.0,
184,0,0,500,1.0,
185,0,0,500,1.0,
186,0,0,500,1.0,
187,0,0,500,1.0,
188,0,0,500,1.0,
189,0,0,500,1.0,
190,0,0,500,1.0,
191,0,0,500,1.0,
192,0,0,500,1.0,
193,0,0,500,1.0,
194,0,0,500,1.0,
195,0,0,500,1.0,
196,0,0,500,1.0,
197,0,0,500,1.0,
198,0,0,500,1.0,
199,0,0,500,1.0,
200,0,0,500,1.0,
1,496,4,0,0.992909090909091,1.0
2,496,4,0,0.992909090909091,1.0
3,491,9,0,0.9817272727272728,0.9942174562146527
4,484,15,1,0.9720909090909091,0.9890727986210466
5,476,21,3,0.9665454545454546,0.9858614100450479
6,463,32,5,0.9480909090909091,0.9754134637476417
7,449,44,7,0.9293636363636364,0.9640979665071501
8,420,72,8,0.8763636363636363,0.9298227718329161
9,374,114,12,0.8114545454545454,0.8773404138401235
10,315,164,21,0.7748181818181819,0.8244333196976542
11,257,216,27,0.7651818181818182,0.7741675181719743
12,198,261,41,0.8184545454545454,0.7729410286083778
13,132,314,54,0.896,0.8046296189386594
14,80,348,72,0.9339090909090909,0.795316143963831
15,53,366,81,0.9467272727272728,0.7497319865474307
16,33,372,95,0.9672727272727273,0.7537885154692381
17,20,369,111,0.9818181818181818,0.7772359163825069
18,12,359,129,0.9898181818181818,0.7917288523922559
19,3,343,154,0.9969090909090909,0.7448380288353835
20,1,334,165,0.9990909090909091,0.7702091147128495
21,0,322,178,1.0,
22,0,317,183,1.0,
23,0,304,196,1.0,
24,0,292,208,1.0,
25,0,278,222,1.0,
26,0,267,233,1.0,
27,0,255,245,1.0,
28,0,245,255,1.0,
29,0,234,266,1.0,
30,0,227,273,1.0,
31,0,221,279,1.0,
32,0,212,288,1.0,
33,0,199,301,1.0,
34,0,191,309,1.0,
35,0,179,321,1.0,
36,0,177,323,1.0,
37,0,164,336,1.0,
38,0,159,341,1.0,
39,0,152,348,1.0,
40,0,149,351,1.0,
41,0,140,360,1.0,
42,0,135,365,1.0,
43,0,130,370,1.0,
44,0,125,375,1.0,
45,0,123,377,1.0,
46,0,116,384,1.0,
47,0,114,386,1.0,
48,0,109,391,1.0,
49,0,102,398,1.0,
50,0,100,400,1.0,
51,0,95,405,1.0,
52,0,93,407,1.0,
53,0,89,411,1.0,
54,0,83,417,1.0,
55,0,77,423,1.0,
56,0,74,426,1.0,
57,0,71,429,1.0,
58,0,68,432,1.0,
59,0,65,435,1.0,
60,0,61,439,1.0,
61,0,59,441,1.0,
62,0,59,441,1.0,
63,0,58,442,1.0,
64,0,58,442,1.0,
65,0,55,445,1.0,
66,0,55,445,1.0,
67,0,50,450,1.0,
68,0,49,451,1.0,
69,0,48,452,1.0,
70,0,45,455,1.0,
71,0,42,458,1.0,
72,0,41,459,1.0,
73,0,39,461,1.0,
74,0,38,462,1.0,
75,0,33,467,1.0,
76,0,31,469,1.0,
77,0,29,471,1.0,
78,0,28,472,1.0,
79,0,27,473,1.0,
80,0,27,473,1.0,
81,0,27,473,1.0,
82,0,26,474,1.0,
83,0,24,476,1.0,
84,0,24,476,1.0,
85,0,23,477,1.0,
86,0,23,477,1.0,
87,0,23,477,1.0,
88,0,23,477,1.0,
89,0,23,477,1.0,
90,0,22,478,1.0,
91,0,21,479,1.0,
92,0,19,481,1.0,
93,0,19,481,1.0,
94,0,18,482,1.0,
95,0,17,483,1.0,
96,0,17,483,1.0,
97,0,15,485,1.0,
98,0,15,485,1.0,
99,0,14,486,1.0,
100,0,14,486,1.0,
101,0,14,486,1.0,
102,0,11,489,1.0,
103,0,10,490,1.0,
104,0,10,490,1.0,
105,0,10,490,1.0,
106,0,10,490,1.0,
107,0,9,491,1.0,
108,0,9,491,1.0,
109,0,9,491,1.0,
110,0,8,492,1.0,
111,0,8,492,1.0,
112,0,8,492,1.0,
113,0,8,492,1.0,
114,0,8,492,1.0,
115,0,7,493,1.0,
116,0,6,494,1.0,
117,0,6,494,1.0,
118,0,6,494,1.0,
119,0,5,495,1.0,
120,0,5,495,1.0,
121,0,4,496,1.0,
122,0,4,496,1.0,
123,0,4,496,1.0,
124,0,4,496,1.0,
125,0,4,496,1.0,
126,0,4,496,1.0,
127,0,4,496,1.0,
128,0,4,496,1.0,
129,0,4,496,1.0,
130,0,4,496,1.0,
131,0,4,496,1.0,
132,0,4,496,1.0,
133,0,4,496,1.0,
134,0,4,496,1.0,
135,0,4,496,1.0,
136,0,4,496,1.0,
137,0,4,496,1.0,
138,0,3,497,1.0,
139,0,3,497,1.0,
140,0,3,497,1.0,
141,0,3,497,1.0,
142,0,3,497,1.0,
143,0,3,497,1.0,
144,0,3,497,1.0,
145,0,3,497,1.0,
146,0,3,497,1.0,
147,0,3,497,1.0,
148,0,3,497,1.0,
149,0,3,497,1.0,
150,0,3,497,1.0,
151,0,3,497,1.0,
152,0,3,497,1.0,
153,0,3,497,1.0,
154,0,3,497,1.0,
155,0,3,497,1.0,
156,0,3,497,1.0,
157,0,3,497,1.0,
158,0,3,497,1.0,
159,0,3,497,1.0,
160,0,3,497,1.0,
161,0,3,497,1.0,
162,0,3,497,1.0,
163,0,3,497,1.0,
164,0,3,497,1.0,
165,0,3,497,1.0,
166,0,3,497,1.0,
167,0,3,497,1.0,
168,0,3,497,1.0,
169,0,3,497,1.0,
170,0,3,497,1.0,
171,0,3,497,1.0,
172,0,3,497,1.0,
173,0,3,497,1.0,
174,0,3,497,1.0,
175,0,2,498,1.0,
176,0,2,498,1.0,
177,0,2,498,1.0,
178,0,2,498,1.0,
179,0,2,498,1.0,
180,0,2,498,1.0,
181,0,2,498,1.0,
182,0,2,498,1.0,
183,0,2,498,1.0,
184,0,2,498,1.0,
185,0,1,499,1.0,
186,0,1,499,1.0,
187,0,1,499,1.0,
188,0,1,499,1.0,
189,0,1,499,1.0,
190,0,1,499,1.0,
191,0,1,499,1.0,
192,0,1,499,1.0,
193,0,1,499,1.0,
194,0,1,499,1.0,
195,0,1,499,1.0,
196,0,1,499,1.0,
197,0,1,499,1.0,
198,0,1,499,1.0,
199,0,1,499,1.0,
200,0,1,499,1.0,
1,498,2,0,0.998,1.0
2,494,6,0,0.9884545454545455,0.9951150002645176
3,486,13,1,0.9742727272727273,0.9876799543246573
4,479,20,1,0.9637272727272728,0.9819351294949533
5,465,33,2,0.947,0.9724103503692426
6,445,52,3,0.9266363636363636,0.9597346386139465
7,417,79,4,0.8878181818181818,0.9337119840827556
8,359,128,13,0.8245454545454546,0.8787928999292782
9,303,174,23,0.7973636363636364,0.8338445528598483
10,252,216,32,0.8012727272727272,0.803912406872039
11,203,254,43,0.8207272727272727,0.7803505314082501
12,148,301,51,0.8644545454545455,0.771613270606518
13,108,329,63,0.9008181818181819,0.7703675122871799
14,73,352,75,0.9310909090909091,0.7641592340581504
15,49,361,90,0.9495454545454546,0.7429196056539804
16,32,366,102,0.9635454545454546,0.7159220875149075
17,25,351,124,0.972,0.7210472885550554
18,16,343,141,0.9831818181818182,0.7354018614593287
19,7,341,152,0.9946363636363637,0.8034356736180638
20,2,326,172,0.9983636363636363,0.7908489630698833
21,1,320,179,0.9992727272727273,0.8103493484606474
22,1,309,190,0.9990909090909091,0.7626817397276682
23,1,297,202,0.9990909090909091,0.7626817397276682
24,1,287,212,0.999,0.7388479353611787
25,1,270,229,0.9989090909090909,0.7150141309946889
26,1,256,243,0.9988181818181818,0.6911803266281993
27,0,241,259,1.0,
28,0,232,268,1.0,
29,0,220,280,1.0,
30,0,209,291,1.0,
31,0,202,298,1.0,
32,0,190,310,1.0,
33,0,181,319,1.0,
34,0,174,326,1.0,
35,0,168,332,1.0,
36,0,164,336,1.0,
37,0,154,346,1.0,
38,0,147,353,1.0,
39,0,142,358,1.0,
40,0,138,362,1.0,
41,0,131,369,1.0,
42,0,127,373,1.0,
43,0,121,379,1.0,
44,0,109,391,1.0,
45,0,105,395,1.0,
46,0,97,403,1.0,
47,0,94,406,1.0,
48,0,91,409,1.0,
49,0,84,416,1.0,
50,0,79,421,1.0,
51,0,77,423,1.0,
52,0,74,426,1.0,
53,0,71,429,1.0,
54,0,67,433,1.0,
55,0,65,435,1.0,
56,0,64,436,1.0,
57,0,59,441,1.0,
58,0,57,443,1.0,
59,0,56,444,1.0,
60,0,55,445,1.0,
61,0,55,445,1.0,
62,0,52,448,1.0,
63,0,51,449,1.0,
64,0,50,450,1.0,
65,0,50,450,1.0,
66,0,48,452,1.0,
67,0,47,453,1.0,
68,0,47,453,1.0,
69,0,46,454,1.0,
70,0,45,455,1.0,
71,0,42,458,1.0,
72,0,41,459,1.0,
73,0,37,463,1.0,
74,0,36,464,1.0,
75,0,32,468,1.0,
76,0,30,470,1.0,
77,0,28,472,1.0,
78,0,27,473,1.0,
79,0,27,473,1.0,
80,0,27,473,1.0,
81,0,26,474,1.0,
82,0,26,474,1.0,
83,0,22,478,1.0,
84,0,21,479,1.0,
85,0,19,481,1.0,
86,0,18,482,1.0,
87,0,17,483,1.0,
88,0,16,484,1.0,
89,0,15,485,1.0,
90,0,15,485,1.0,
91,0,14,486,1.0,
92,0,14,486,1.0,
93,0,14,486,1.0,
94,0,13,487,1.0,
95,0,13,487,1.0,
96,0,12,488,1.0,
97,0,11,489,1.0,
98,0,10,490,1.0,
99,0,10,490,1.0,
100,0,9,491,1.0,
101,0,8,492,1.0,
102,0,8,492,1.0,
103,0,8,492,1.0,
104,0,8,492,1.0,
105,0,8,492,1.0,
106,0,7,493,1.0,
107,0,7,493,1.0,
108,0,7,493,1.0,
109,0,7,493,1.0,
110,0,7,493,1.0,
111,0,7,493,1.0,
112,0,6,494,1.0,
113,0,6,494,1.0,
114,0,6,494,1.0,
115,0,6,494,1.0,
116,0,6,494,1.0,
117,0,5,495,1.0,
118,0,5,495,1.0,
119,0,5,495,1.0,
120,0,5,495,1.0,
121,0,4,496,1.0,
122,0,1,499,1.0,
123,0,1,499,1.0,
124,0,1,499,1.0,
125,0,1,499,1.0,
126,0,1,499,1.0,
127,0,1,499,1.0,
128,0,1,499,1.0,
129,0,1,499,1.0,
130,0,1,499,1.0,
131,0,1,499,1.0,
132,0,0,500,1.0,
133,0,0,500,1.0,
134,0,0,500,1.0,
135,0,0,500,1.0,
136,0,0,500,1.0,
137,0,0,500,1.0,
138,0,0,500,1.0,
139,0,0,500,1.0,
140,0,0,500,1.0,
141,0,0,500,1.0,
142,0,0,500,1.0,
143,0,0,500,1.0,
144,0,0,500,1.0,
145,0,0,500,1.0,
146,0,0,500,1.0,
147,0,0,500,1.0,
148,0,0,500,1.0,
149,0,0,500,1.0,
150,0,0,500,1.0,
151,0,0,500,1.0,
152,0,0,500,1.0,
153,0,0,500,1.0,
154,0,0,500,1.0,
155,0,0,500,1.0,
156,0,0,500,1.0,
157,0,0,500,1.0,
158,0,0,500,1.0,
159,0,0,500,1.0,
160,0,0,500,1.0,
161,0,0,500,1.0,
162,0,0,500,1.0,
163,0,0,500,1.0,
164,0,0,500,1.0,
165,0,0,500,1.0,
166,0,0,500,1.0,
167,0,0,500,1.0,
168,0,0,500,1.0,
169,0,0,500,1.0,
170,0,0,500,1.0,
171,0,0,500,1.0,
172,0,0,500,1.0,
173,0,0,500,1.0,
174,0,0,500,1.0,
175,0,0,500,1.0,
176,0,0,500,1.0,
177,0,0,500,1.0,
178,0,0,500,1.0,
179,0,0,500,1.0,
180,0,0,500,1.0,
181,0,0,500,1.0,
182,0,0,500,1.0,
183,0,0,500,1.0,
184,0,0,500,1.0,
185,0,0,500,1.0,
186,0,0,500,1.0,
187,0,0,500,1.0,
188,0,0,500,1.0,
189,0,0,500,1.0,
190,0,0,500,1.0,
191,0,0,500,1.0,
192,0,0,500,1.0,
193,0,0,500,1.0,
194,0,0,500,1.0,
195,0,0,500,1.0,
196,0,0,500,1.0,
197,0,0,500,1.0,
198,0,0,500,1.0,
199,0,0,500,1.0,
200,0,0,500,1.0,
1,497,3,0,0.9967272727272727,1.0
2,494,6,0,0.9885454545454545,0.9958490530998336
3,486,14,0,0.9716363636363636,0.9870652330869752
4,476,23,1,0.9530909090909091,0.9769900789233998
5,455,42,3,0.9147272727272727,0.954759780519178
6,416,76,8,0.8536363636363636,0.913782628993224
7,383,106,11,0.8083636363636364,0.8765578593660364
8,335,150,15,0.7623636363636364,0.8240470600715994
9,262,215,23,0.7651818181818182,0.777051406568334
10,185,278,37,0.8328181818181818,0.7743656076226086
11,109,333,58,0.9025454545454545,0.7762522424591106
12,63,368,69,0.9397272727272727,0.7607931683975188
13,31,387,82,0.9770909090909091,0.8149212970359102
14,12,389,99,0.993909090909091,0.8737290066024034
15,3,384,113,0.9982727272727273,0.8595793914442494
16,1,362,137,0.9994545454545455,0.8710052396787955
17,0,352,148,1.0,
18,0,337,163,1.0,
19,0,329,171,1.0,
20,0,317,183,1.0,
21,0,304,196,1.0,
22,0,292,208,1.0,
23,0,283,217,1.0,
24,0,276,224,1.0,
25,0,260,240,1.0,
26,0,257,243,1.0,
27,0,246,254,1.0,
28,0,233,267,1.0,
29,0,227,273,1.0,
30,0,217,283,1.0,
31,0,212,288,1.0,
32,0,206,294,1.0,
33,0,197,303,1.0,
34,0,186,314,1.0,
35,0,176,324,1.0,
36,0,171,329,1.0,
37,0,165,335,1.0,
38,0,157,343,1.0,
39,0,150,350,1.0,
40,0,147,353,1.0,
41,0,142,358,1.0,
42,0,136,364,1.0,
43,0,130,370,1.0,
44,0,125,375,1.0,
45,0,118,382,1.0,
46,0,113,387,1.0,
47,0,107,393,1.0,
48,0,105,395,1.0,
49,0,100,400,1.0,
50,0,98,402,1.0,
51,0,93,407,1.0,
52,0,89,411,1.0,
53,0,87,413,1.0,
54,0,82,418,1.0,
55,0,79,421,1.0,
56,0,73,427,1.0,
57,0,70,430,1.0,
58,0,70,430,1.0,
59,0,68,432,1.0,
60,0,67,433,1.0,
61,0,65,435,1.0,
62,0,60,440,1.0,
63,0,58,442,1.0,
64,0,56,444,1.0,
65,0,55,445,1.0,
66,0,53,447,1.0,
67,0,49,451,1.0,
68,0,47,453,1.0,
69,0,45,455,1.0,
70,0,44,456,1.0,
71,0,42,458,1.0,
72,0,42,458,1.0,
73,0,41,459,1.0,
74,0,40,460,1.0,
75,0,38,462,1.0,
76,0,35,465,1.0,
77,0,34,466,1.0,
78,0,34,466,1.0,
79,0,32,468,1.0,
80,0,30,470,1.0,
81,0,28,472,1.0,
82,0,27,473,1.0,
83,0,26,474,1.0,
84,0,26,474,1.0,
85,0,24,476,1.0,
86,0,24,476,1.0,
87,0,23,477,1.0,
88,0,22,478,1.0,
89,0,21,479,1.0,
90,0,20,480,1.0,
91,0,18,482,1.0,
92,0,18,482,1.0,
93,0,17,483,1.0,
94,0,17,483,1.0,
95,0,17,483,1.0,
96,0,17,483,1.0,
97,0,17,483,1.0,
98,0,17,483,1.0,
99,0,17,483,1.0,
100,0,17,483,1.0,
101,0,17,483,1.0,
102,0,17,483,1.0,
103,0,16,484,1.0,
104,0,16,484,1.0,
105,0,15,485,1.0,
106,0,14,486,1.0,
107,0,14,486,1.0,
108,0,14,486,1.0,
109,0,14,486,1.0,
110,0,14,486,1.0,
111,0,13,487,1.0,
112,0,11,489,1.0,
113,0,11,489,1.0,
114,0,11,489,1.0,
115,0,11,489,1.0,
116,0,11,489,1.0,
117,0,11,489,1.0,
118,0,11,489,1.0,
119,0,10,490,1.0,
120,0,10,490,1.0,
121,0,10,490,1.0,
122,0,9,491,1.0,
123,0,9,491,1.0,
124,0,9,491,1.0,
125,0,8,492,1.0,
126,0,8,492,1.0,
127,0,7,493,1.0,
128,0,7,493,1.0,
129,0,7,493,1.0,
130,0,7,493,1.0,
131,0,7,493,1.0,
132,0,7,493,1.0,
133,0,7,493,1.0,
134,0,7,493,1.0,
135,0,6,494,1.0,
136,0,6,494,1.0,
137,0,6,494,1.0,
138,0,5,495,1.0,
139,0,5,495,1.0,
140,0,5,495,1.0,
141,0,5,495,1.0,
142,0,5,495,1.0,
143,0,5,495,1.0,
144,0,4,496,1.0,
145,0,4,496,1.0,
146,0,4,496,1.0,
147,0,4,496,1.0,
148,0,4,496,1.0,
149,0,4,496,1.0,
150,0,4,496,1.0,
151,0,4,496,1.0,
152,0,4,496,1.0,
153,0,4,496,1.0,
154,0,4,496,1.0,
155,0,4,496,1.0,
156,0,4,496,1.0,
157,0,4,496,1.0,
158,0,4,496,1.0,
159,0,4,496,1.0,
160,0,4,496,1.0,
161,0,4,496,1.0,
162,0,4,496,1.0,
163,0,4,496,1.0,
164,0,2,498,1.0,
165,0,2,498,1.0,
166,0,2,498,1.0,
167,0,2,498,1.0,
168,0,2,498,1.0,
169,0,2,498,1.0,
170,0,2,498,1.0,
171,0,2,498,1.0,
172,0,2,498,1.0,
173,0,2,498,1.0,
174,0,2,498,1.0,
175,0,2,498,1.0,
176,0,2,498,1.0,
177,0,2,498,1.0,
178,0,2,498,1.0,
179,0,2,498,1.0,
180,0,2,498,1.0,
181,0,1,499,1.0,
182,0,1,499,1.0,
183,0,1,499,1.0,
184,0,1,499,1.0,
185,0,1,499,1.0,
186,0,1,499,1.0,
187,0,1,499,1.0,
188,0,1,499,1.0,
189,0,1,499,1.0,
190,0,1,499,1.0,
191,0,1,499,1.0,
192,0,1,499,1.0,
193,0,1,499,1.0,
194,0,1,499,1.0,
195,0,1,499,1.0,
196,0,1,499,1.0,
197,0,1,499,1.0,
198,0,1,499,1.0,
199,0,1,499,1.0,
200,0,1,499,1.0,
1,495,5,0,0.9913636363636363,1.0
2,492,8,0,0.985909090909091,0.9971683010337603
3,486,13,1,0.9757272727272728,0.9918166282573511
4,474,24,2,0.9541818181818181,0.9800775169525807
5,452,44,4,0.9172727272727272,0.9583640365751057
6,422,69,9,0.8732727272727273,0.9288107740013927
7,382,105,13,0.8079090909090909,0.8779112936542498
8,336,146,18,0.7706363636363637,0.832590563851606
9,281,194,25,0.7481818181818182,0.7783739169742022
10,231,237,32,0.7639090909090909,0.7466621585272201
11,166,294,40,0.8252727272727273,0.7384472472074216
12,92,357,51,0.9263636363636364,0.8028741752263157
13,33,394,73,0.9851818181818182,0.8911415706001776
14,13,398,89,0.9960909090909091,0.9282148497331109
15,3,390,107,0.9990909090909091,0.9259600972907805
16,0,381,119,1.0,
17,0,369,131,1.0,
18,0,344,156,1.0,
19,0,333,167,1.0,
20,0,317,183,1.0,
21,0,305,195,1.0,
22,0,296,204,1.0,
23,0,286,214,1.0,
24,0,274,226,1.0,
25,0,261,239,1.0,
26,0,251,249,1.0,
27,0,234,266,1.0,
28,0,227,273,1.0,
29,0,218,282,1.0,
30,0,207,293,1.0,
31,0,202,298,1.0,
32,0,193,307,1.0,
33,0,186,314,1.0,
34,0,178,322,1.0,
35,0,177,323,1.0,
36,0,173,327,1.0,
37,0,169,331,1.0,
38,0,161,339,1.0,
39,0,155,345,1.0,
40,0,151,349,1.0,
41,0,146,354,1.0,
42,0,140,360,1.0,
43,0,130,370,1.0,
44,0,121,379,1.0,
45,0,117,383,1.0,
46,0,113,387,1.0,
47,0,110,390,1.0,
48,0,105,395,1.0,
49,0,98,402,1.0,
50,0,94,406,1.0,
51,0,89,411,1.0,
52,0,87,413,1.0,
53,0,80,420,1.0,
54,0,77,423,1.0,
55,0,71,429,1.0,
56,0,68,432,1.0,
57,0,68,432,1.0,
58,0,65,435,1.0,
59,0,62,438,1.0,
60,0,60,440,1.0,
61,0,57,443,1.0,
62,0,54,446,1.0,
63,0,53,447,1.0,
64,0,50,450,1.0,
65,0,49,451,1.0,
66,0,48,452,1.0,
67,0,46,454,1.0,
68,0,45,455,1.0,
69,0,44,456,1.0,
70,0,41,459,1.0,
71,0,38,462,1.0,
72,0,38,462,1.0,
73,0,35,465,1.0,
74,0,34,466,1.0,
75,0,32,468,1.0,
76,0,31,469,1.0,
77,0,30,470,1.0,
78,0,29,471,1.0,
79,0,26,474,1.0,
80,0,24,476,1.0,
81,0,23,477,1.0,
82,0,23,477,1.0,
83,0,23,477,1.0,
84,0,21,479,1.0,
85,0,20,480,1.0,
86,0,19,481,1.0,
87,0,19,481,1.0,
88,0,19,481,1.0,
89,0,19,481,1.0,
90,0,18,482,1.0,
91,0,18,482,1.0,
92,0,18,482,1.0,
93,0,18,482,1.0,
94,0,16,484,1.0,
95,0,16,484,1.0,
96,0,14,486,1.0,
97,0,13,487,1.0,
98,0,13,487,1.0,
99,0,13,487,1.0,
100,0,12,488,1.0,
101,0,9,491,1.0,
102,0,9,491,1.0,
103,0,9,491,1.0,
104,0,9,491,1.0,
105,0,8,492,1.0,
106,0,8,492,1.0,
107,0,8,492,1.0,
108,0,7,493,1.0,
109,0,7,493,1.0,
110,0,6,494,1.0,
111,0,6,494,1.0,
112,0,5,495,1.0,
113,0,5,495,1.0,
114,0,4,496,1.0,
115,0,4,496,1.0,
116,0,3,497,1.0,
117,0,3,497,1.0,
118,0,3,497,1.0,
119,0,3,497,1.0,
120,0,3,497,1.0,
121,0,3,497,1.0,
122,0,3,497,1.0,
123,0,3,497,1.0,
124,0,3,497,1.0,
125,0,3,497,1.0,
126,0,3,497,1.0,
127,0,3,497,1.0,
128,0,3,497,1.0,
129,0,3,497,1.0,
130,0,3,497,1.0,
131,0,3,497,1.0,
132,0,3,497,1.0,
133,0,3,497,1.0,
134,0,3,497,1.0,
135,0,3,497,1.0,
136,0,3,497,1.0,
137,0,3,497,1.0,
138,0,3,497,1.0,
139,0,3,497,1.0,
140,0,3,497,1.0,
141,0,3,497,1.0,
142,0,2,498,1.0,
143,0,2,498,1.0,
144,0,2,498,1.0,
145,0,2,498,1.0,
146,0,2,498,1.0,
147,0,2,498,1.0,
148,0,2,498,1.0,
149,0,1,499,1.0,
150,0,1,499,1.0,
151,0,1,499,1.0,
152,0,1,499,1.0,
153,0,1,499,1.0,
154,0,1,499,1.0,
155,0,1,499,1.0,
156,0,1,499,1.0,
157,0,1,499,1.0,
158,0,1,499,1.0,
159,0,1,499,1.0,
160,0,1,499,1.0,
161,0,1,499,1.0,
162,0,1,499,1.0,
163,0,1,499,1.0,
164,0,1,499,1.0,
165,0,1,499,1.0,
166,0,1,499,1.0,
167,0,1,499,1.0,
168,0,0,500,1.0,
169,0,0,500,1.0,
170,0,0,500,1.0,
171,0,0,500,1.0,
172,0,0,500,1.0,
173,0,0,500,1.0,
174,0,0,500,1.0,
175,0,0,500,1.0,
176,0,0,500,1.0,
177,0,0,500,1.0,
178,0,0,500,1.0,
179,0,0,500,1.0,
180,0,0,500,1.0,
181,0,0,500,1.0,
182,0,0,500,1.0,
183,0,0,500,1.0,
184,0,0,500,1.0,
185,0,0,500,1.0,
186,0,0,500,1.0,
187,0,0,500,1.0,
188,0,0,500,1.0,
189,0,0,500,1.0,
190,0,0,500,1.0,
191,0,0,500,1.0,
192,0,0,500,1.0,
193,0,0,500,1.0,
194,0,0,500,1.0,
195,0,0,500,1.0,
196,0,0,500,1.0,
197,0,0,500,1.0,
198,0,0,500,1.0,
199,0,0,500,1.0,
200,0,0,500,1.0,
1,497,3,0,0.997,1.0
2,491,9,0,0.9858181818181818,0.9942764880131354
3,483,17,0,0.9679090909090909,0.984908842893101
4,468,32,0,0.9341818181818182,0.9662896059706675
5,446,52,2,0.8893636363636364,0.9393872936207616
6,413,79,8,0.8409090909090909,0.9048264829174552
7,378,109,13,0.7958181818181819,0.8660649430593588
8,335,150,15,0.7741818181818182,0.8324327017805575
9,283,196,21,0.7635454545454545,0.7920894280393549
10,227,244,29,0.7879090909090909,0.7672688650956294
11,164,300,36,0.8437272727272728,0.7634022311578185
12,99,352,49,0.899,0.7468360187777179
13,55,377,68,0.9566363636363636,0.8042815125923014
14,24,390,86,0.9856363636363636,0.8506979702679621
15,8,389,103,0.9957272727272727,0.86562633887002
16,1,383,116,0.9993636363636363,0.8421774854350036
17,0,375,125,1.0,
18,0,365,135,1.0,
19,0,353,147,1.0,
20,0,344,156,1.0,
21,0,333,167,1.0,
22,0,326,174,1.0,
23,0,310,190,1.0,
24,0,299,201,1.0,
25,0,290,210,1.0,
26,0,275,225,1.0,
27,0,262,238,1.0,
28,0,251,249,1.0,
29,0,238,262,1.0,
30,0,226,274,1.0,
31,0,217,283,1.0,
32,0,209,291,1.0,
33,0,197,303,1.0,
34,0,180,320,1.0,
35,0,173,327,1.0,
36,0,170,330,1.0,
37,0,163,337,1.0,
38,0,159,341,1.0,
39,0,147,353,1.0,
40,0,143,357,1.0,
41,0,139,361,1.0,
42,0,133,367,1.0,
43,0,128,372,1.0,
44,0,119,381,1.0,
45,0,113,387,1.0,
46,0,107,393,1.0,
47,0,103,397,1.0,
48,0,101,399,1.0,
49,0,99,401,1.0,
50,0,95,405,1.0,
51,0,93,407,1.0,
52,0,88,412,1.0,
53,0,83,417,1.0,
54,0,82,418,1.0,
55,0,71,429,1.0,
56,0,68,432,1.0,
57,0,66,434,1.0,
58,0,66,434,1.0,
59,0,63,437,1.0,
60,0,63,437,1.0,
61,0,62,438,1.0,
62,0,61,439,1.0,
63,0,60,440,1.0,
64,0,57,443,1.0,
65,0,54,446,1.0,
66,0,54,446,1.0,
67,0,53,447,1.0,
68,0,52,448,1.0,
69,0,51,449,1.0,
70,0,51,449,1.0,
71,0,50,450,1.0,
72,0,49,451,1.0,
73,0,46,454,1.0,
74,0,45,455,1.0,
75,0,44,456,1.0,
76,0,44,456,1.0,
77,0,42,458,1.0,
78,0,39,461,1.0,
79,0,39,461,1.0,
80,0,39,461,1.0,
81,0,37,463,1.0,
82,0,34,466,1.0,
83,0,34,466,1.0,
84,0,32,468,1.0,
85,0,32,468,1.0,
86,0,32,468,1.0,
87,0,30,470,1.0,
88,0,29,471,1.0,
89,0,29,471,1.0,
90,0,29,471,1.0,
91,0,29,471,1.0,
92,0,28,472,1.0,
93,0,27,473,1.0,
94,0,25,475,1.0,
95,0,24,476,1.0,
96,0,23,477,1.0,
97,0,20,480,1.0,
98,0,19,481,1.0,
99,0,18,482,1.0,
100,0,17,483,1.0,
101,0,16,484,1.0,
102,0,15,485,1.0,
103,0,15,485,1.0,
104,0,15,485,1.0,
105,0,15,485,1.0,
106,0,14,486,1.0,
107,0,12,488,1.0,
108,0,12,488,1.0,
109,0,11,489,1.0,
110,0,11,489,1.0,
111,0,11,489,1.0,
112,0,11,489,1.0,
113,0,10,490,1.0,
114,0,10,490,1.0,
115,0,9,491,1.0,
116,0,9,491,1.0,
117,0,9,491,1.0,
118,0,8,492,1.0,
119,0,7,493,1.0,
120,0,7,493,1.0,
121,0,7,493,1.0,
122,0,7,493,1.0,
123,0,7,493,1.0,
124,0,6,494,1.0,
125,0,6,494,1.0,
126,0,5,495,1.0,
127,0,5,495,1.0,
128,0,5,495,1.0,
129,0,5,495,1.0,
130,0,4,496,1.0,
131,0,4,496,1.0,
132,0,4,496,1.0,
133,0,4,496,1.0,
134,0,4,496,1.0,
135,0,4,496,1.0,
136,0,4,496,1.0,
137,0,4,496,1.0,
138,0,4,496,1.0,
139,0,4,496,1.0,
140,0,4,496,1.0,
141,0,4,496,1.0,
142,0,3,497,1.0,
143,0,3,497,1.0,
144,0,3,497,1.0,
145,0,3,497,1.0,
146,0,3,497,1.0,
147,0,3,497,1.0,
148,0,3,497,1.0,
149,0,3,497,1.0,
150,0,3,497,1.0,
151,0,3,497,1.0,
152,0,3,497,1.0,
153,0,3,497,1.0,
154,0,3,497,1.0,
155,0,3,497,1.0,
156,0,3,497,1.0,
157,0,3,497,1.0,
158,0,3,497,1.0,
159,0,3,497,1.0,
160,0,3,497,1.0,
161,0,3,497,1.0,
162,0,3,497,1.0,
163,0,3,497,1.0,
164,0,2,498,1.0,
165,0,2,498,1.0,
166,0,2,498,1.0,
167,0,2,498,1.0,
168,0,2,498,1.0,
169,0,2,498,1.0,
170,0,2,498,1.0,
171,0,2,498,1.0,
172,0,2,498,1.0,
173,0,2,498,1.0,
174,0,2,498,1.0,
175,0,2,498,1.0,
176,0,2,498,1.0,
177,0,2,498,1.0,
178,0,2,498,1.0,
179,0,2,498,1.0,
180,0,2,498,1.0,
181,0,2,498,1.0,
182,0,2,498,1.0,
183,0,2,498,1.0,
184,0,1,499,1.0,
185,0,1,499,1.0,
186,0,1,499,1.0,
187,0,1,499,1.0,
188,0,1,499,1.0,
189,0,1,499,1.0,
190,0,1,499,1.0,
191,0,1,499,1.0,
192,0,1,499,1.0,
193,0,1,499,1.0,
194,0,1,499,1.0,
195,0,1,499,1.0,
196,0,1,499,1.0,
197,0,1,499,1.0,
198,0,1,499,1.0,
199,0,1,499,1.0,
200,0,1,499,1.0,
1,498,2,0,0.9978181818181818,1.0
2,493,7,0,0.9868181818181818,0.9943558234568918
3,486,14,0,0.9732727272727273,0.9872509076378938
4,478,20,2,0.9641818181818181,0.9822588933687546
5,463,34,3,0.9378181818181818,0.9673756737325206
6,438,54,8,0.9037272727272727,0.9460329424853295
7,414,74,12,0.8752727272727273,0.9256831663539841
8,365,114,21,0.8421818181818181,0.8929030754829455
9,325,150,25,0.811,0.8557594339753917
10,272,193,35,0.7980909090909091,0.8159875372222505
11,216,237,47,0.8098181818181818,0.7806145746142339
12,156,286,58,0.8409090909090909,0.7460949933797715
13,108,319,73,0.8872727272727273,0.7393680379597527
14,67,339,94,0.9317272727272727,0.7451150615812889
15,36,360,104,0.9689090909090909,0.7821781547679941
16,14,369,117,0.9882727272727273,0.7882771506460768
17,5,363,132,0.9948181818181818,0.742194676731863
18,3,356,141,0.9974545454545455,0.7903703535520156
19,2,336,162,0.9979090909090909,0.7362741322990821
20,0,321,179,1.0,
21,0,311,189,1.0,
22,0,294,206,1.0,
23,0,284,216,1.0,
24,0,273,227,1.0,
25,0,257,243,1.0,
26,0,244,256,1.0,
27,0,240,260,1.0,
28,0,230,270,1.0,
29,0,222,278,1.0,
30,0,216,284,1.0,
31,0,205,295,1.0,
32,0,196,304,1.0,
33,0,188,312,1.0,
34,0,180,320,1.0,
35,0,173,327,1.0,
36,0,165,335,1.0,
37,0,156,344,1.0,
38,0,149,351,1.0,
39,0,145,355,1.0,
40,0,136,364,1.0,
41,0,134,366,1.0,
42,0,123,377,1.0,
43,0,120,380,1.0,
44,0,115,385,1.0,
45,0,105,395,1.0,
46,0,102,398,1.0,
47,0,101,399,1.0,
48,0,96,404,1.0,
49,0,93,407,1.0,
50,0,89,411,1.0,
51,0,88,412,1.0,
52,0,85,415,1.0,
53,0,81,419,1.0,
54,0,79,421,1.0,
55,0,76,424,1.0,
56,0,74,426,1.0,
57,0,73,427,1.0,
58,0,70,430,1.0,
59,0,65,435,1.0,
60,0,61,439,1.0,
61,0,58,442,1.0,
62,0,56,444,1.0,
63,0,53,447,1.0,
64,0,52,448,1.0,
65,0,50,450,1.0,
66,0,49,451,1.0,
67,0,47,453,1.0,
68,0,45,455,1.0,
69,0,45,455,1.0,
70,0,43,457,1.0,
71,0,42,458,1.0,
72,0,40,460,1.0,
73,0,39,461,1.0,
74,0,38,462,1.0,
75,0,37,463,1.0,
76,0,36,464,1.0,
77,0,35,465,1.0,
78,0,35,465,1.0,
79,0,34,466,1.0,
80,0,32,468,1.0,
81,0,31,469,1.0,
82,0,29,471,1.0,
83,0,28,472,1.0,
84,0,27,473,1.0,
85,0,27,473,1.0,
86,0,26,474,1.0,
87,0,25,475,1.0,
88,0,24,476,1.0,
89,0,23,477,1.0,
90,0,23,477,1.0,
91,0,22,478,1.0,
92,0,22,478,1.0,
93,0,22,478,1.0,
94,0,22,478,1.0,
95,0,20,480,1.0,
96,0,18,482,1.0,
97,0,18,482,1.0,
98,0,18,482,1.0,
99,0,17,483,1.0,
100,0,17,483,1.0,
101,0,17,483,1.0,
102,0,16,484,1.0,
103,0,14,486,1.0,
104,0,13,487,1.0,
105,0,13,487,1.0,
106,0,12,488,1.0,
107,0,12,488,1.0,
108,0,12,488,1.0,
109,0,11,489,1.0,
110,0,11,489,1.0,
111,0,10,490,1.0,
112,0,10,490,1.0,
113,0,10,490,1.0,
114,0,10,490,1.0,
115,0,9,491,1.0,
116,0,9,491,1.0,
117,0,9,491,1.0,
118,0,9,491,1.0,
119,0,9,491,1.0,
120,0,9,491,1.0,
121,0,8,492,1.0,
122,0,8,492,1.0,
123,0,8,492,1.0,
124,0,8,492,1.0,
125,0,7,493,1.0,
126,0,7,493,1.0,
127,0,6,494,1.0,
128,0,6,494,1.0,
129,0,6,494,1.0,
130,0,6,494,1.0,
131,0,5,495,1.0,
132,0,4,496,1.0,
133,0,4,496,1.0,
134,0,3,497,1.0,
135,0,3,497,1.0,
136,0,3,497,1.0,
137,0,3,497,1.0,
138,0,3,497,1.0,
139,0,3,497,1.0,
140,0,3,497,1.0,
141,0,3,497,1.0,
142,0,3,497,1.0,
143,0,3,497,1.0,
144,0,3,497,1.0,
145,0,3,497,1.0,
146,0,3,497,1.0,
147,0,3,497,1.0,
148,0,3,497,1.0,
149,0,3,497,1.0,
150,0,3,497,1.0,
151,0,3,497,1.0,
152,0,3,497,1.0,
153,0,2,498,1.0,
154,0,2,498,1.0,
155,0,2,498,1.0,
156,0,2,498,1.0,
157,0,2,498,1.0,
158,0,2,498,1.0,
159,0,2,498,1.0,
160,0,2,498,1.0,
161,0,2,498,1.0,
162,0,2,498,1.0,
163,0,2,498,1.0,
164,0,1,499,1.0,
165,0,1,499,1.0,
166,0,1,499,1.0,
167,0,1,499,1.0,
168,0,1,499,1.0,
169,0,1,499,1.0,
170,0,1,499,1.0,
171,0,1,499,1.0,
172,0,1,499,1.0,
173,0,1,499,1.0,
174,0,1,499,1.0,
175,0,0,500,1.0,
176,0,0,500,1.0,
177,0,0,500,1.0,
178,0,0,500,1.0,
179,0,0,500,1.0,
180,0,0,500,1.0,
181,0,0,500,1.0,
182,0,0,500,1.0,
183,0,0,500,1.0,
184,0,0,500,1.0,
185,0,0,500,1.0,
186,0,0,500,1.0,
187,0,0,500,1.0,
188,0,0,500,1.0,
189,0,0,500,1.0,
190,0,0,500,1.0,
191,0,0,500,1.0,
192,0,0,500,1.0,
193,0,0,500,1.0,
194,0,0,500,1.0,
195,0,0,500,1.0,
196,0,0,500,1.0,
197,0,0,500,1.0,
198,0,0,500,1.0,
199,0,0,500,1.0,
200,0,0,500,1.0,
1,495,5,0,0.991,1.0
2,489,11,0,0.9771818181818182,0.9928644828885609
3,483,16,1,0.9703636363636363,0.9891761289818928
4,474,23,3,0.9567272727272728,0.9816818851959406
5,459,37,4,0.9322727272727273,0.9675191940355945
6,432,60,8,0.9013636363636364,0.9471939846644393
7,400,89,11,0.8616363636363636,0.9177893718801907
8,359,125,16,0.835,0.8891698738384437
9,318,159,23,0.8224545454545454,0.8645584382669823
10,270,204,26,0.8087272727272727,0.8265950433679611
11,214,245,41,0.8220909090909091,0.7954259622896401
12,158,296,46,0.8593636363636363,0.7806205391265204
13,109,330,61,0.9022727272727272,0.7786884518223274
14,71,358,71,0.9339090909090909,0.7705600875043929
15,35,381,84,0.9706363636363636,0.7936410727060169
16,17,385,98,0.9911818181818182,0.8729478167951683
17,6,378,116,0.9970909090909091,0.8800614055248684
18,3,362,135,0.9979090909090909,0.823324719268999
19,0,352,148,1.0,
20,0,336,164,1.0,
21,0,323,177,1.0,
22,0,311,189,1.0,
23,0,305,195,1.0,
24,0,299,201,1.0,
25,0,289,211,1.0,
26,0,268,232,1.0,
27,0,259,241,1.0,
28,0,246,254,1.0,
29,0,239,261,1.0,
30,0,225,275,1.0,
31,0,219,281,1.0,
32,0,208,292,1.0,
33,0,203,297,1.0,
34,0,194,306,1.0,
35,0,187,313,1.0,
36,0,181,319,1.0,
37,0,170,330,1.0,
38,0,163,337,1.0,
39,0,158,342,1.0,
40,0,150,350,1.0,
41,0,147,353,1.0,
42,0,140,360,1.0,
43,0,135,365,1.0,
44,0,134,366,1.0,
45,0,129,371,1.0,
46,0,122,378,1.0,
47,0,112,388,1.0,
48,0,107,393,1.0,
49,0,104,396,1.0,
50,0,102,398,1.0,
51,0,97,403,1.0,
52,0,95,405,1.0,
53,0,90,410,1.0,
54,0,87,413,1.0,
55,0,83,417,1.0,
56,0,81,419,1.0,
57,0,79,421,1.0,
58,0,78,422,1.0,
59,0,76,424,1.0,
60,0,75,425,1.0,
61,0,72,428,1.0,
62,0,69,431,1.0,
63,0,64,436,1.0,
64,0,60,440,1.0,
65,0,59,441,1.0,
66,0,58,442,1.0,
67,0,58,442,1.0,
68,0,56,444,1.0,
69,0,53,447,1.0,
70,0,51,449,1.0,
71,0,49,451,1.0,
72,0,45,455,1.0,
73,0,43,457,1.0,
74,0,40,460,1.0,
75,0,40,460,1.0,
76,0,39,461,1.0,
77,0,37,463,1.0,
78,0,36,464,1.0,
79,0,31,469,1.0,
80,0,31,469,1.0,
81,0,30,470,1.0,
82,0,30,470,1.0,
83,0,29,471,1.0,
84,0,28,472,1.0,
85,0,26,474,1.0,
86,0,25,475,1.0,
87,0,25,475,1.0,
88,0,25,475,1.0,
89,0,24,476,1.0,
90,0,22,478,1.0,
91,0,22,478,1.0,
92,0,20,480,1.0,
93,0,20,480,1.0,
94,0,19,481,1.0,
95,0,18,482,1.0,
96,0,18,482,1.0,
97,0,16,484,1.0,
98,0,15,485,1.0,
99,0,14,486,1.0,
100,0,14,486,1.0,
101,0,13,487,1.0,
102,0,13,487,1.0,
103,0,13,487,1.0,
104,0,12,488,1.0,
105,0,12,488,1.0,
106,0,12,488,1.0,
107,0,12,488,1.0,
108,0,12,488,1.0,
109,0,12,488,1.0,
110,0,10,490,1.0,
111,0,9,491,1.0,
112,0,7,493,1.0,
113,0,7,493,1.0,
114,0,7,493,1.0,
115,0,6,494,1.0,
116,0,6,494,1.0,
117,0,6,494,1.0,
118,0,6,494,1.0,
119,0,6,494,1.0,
120,0,5,495,1.0,
121,0,5,495,1.0,
122,0,5,495,1.0,
123,0,5,495,1.0,
124,0,5,495,1.0,
125,0,5,495,1.0,
126,0,5,495,1.0,
127,0,4,496,1.0,
128,0,4,496,1.0,
129,0,3,497,1.0,
130,0,3,497,1.0,
131,0,3,497,1.0,
132,0,3,497,1.0,
133,0,2,498,1.0,
134,0,2,498,1.0,
135,0,2,498,1.0,
136,0,2,498,1.0,
137,0,2,498,1.0,
138,0,2,498,1.0,
139,0,2,498,1.0,
140,0,2,498,1.0,
141,0,2,498,1.0,
142,0,2,498,1.0,
143,0,2,498,1.0,
144,0,2,498,1.0,
145,0,2,498,1.0,
146,0,1,499,1.0,
147,0,1,499,1.0,
148,0,1,499,1.0,
149,0,1,499,1.0,
150,0,1,499,1.0,
151,0,1,499,1.0,
152,0,1,499,1.0,
153,0,1,499,1.0,
154,0,1,499,1.0,
155,0,1,499,1.0,
156,0,1,499,1.0,
157,0,1,499,1.0,
158,0,1,499,1.0,
159,0,1,499,1.0,
160,0,1,499,1.0,
161,0,0,500,1.0,
162,0,0,500,1.0,
163,0,0,500,1.0,
164,0,0,500,1.0,
165,0,0,500,1.0,
166,0,0,500,1.0,
167,0,0,500,1.0,
168,0,0,500,1.0,
169,0,0,500,1.0,
170,0,0,500,1.0,
171,0,0,500,1.0,
172,0,0,500,1.0,
173,0,0,500,1.0,
174,0,0,500,1.0,
175,0,0,500,1.0,
176,0,0,500,1.0,
177,0,0,500,1.0,
178,0,0,500,1.0,
179,0,0,500,1.0,
180,0,0,500,1.0,
181,0,0,500,1.0,
182,0,0,500,1.0,
183,0,0,500,1.0,
184,0,0,500,1.0,
185,0,0,500,1.0,
186,0,0,500,1.0,
187,0,0,500,1.0,
188,0,0,500,1.0,
189,0,0,500,1.0,
190,0,0,500,1.0,
191,0,0,500,1.0,
192,0,0,500,1.0,
193,0,0,500,1.0,
194,0,0,500,1.0,
195,0,0,500,1.0,
196,0,0,500,1.0,
197,0,0,500,1.0,
198,0,0,500,1.0,
199,0,0,500,1.0,
200,0,0,500,1.0,
1,496,3,1,0.993909090909091,1.0
2,493,6,1,0.989,0.9974696648563555
3,489,10,1,0.9803636363636363,0.9929907192403837
4,483,15,2,0.9721818181818181,0.9886170890265936
5,472,25,3,0.9586363636363636,0.981124904736962
6,455,40,5,0.9247272727272727,0.9617634649526169
7,423,70,7,0.8772727272727273,0.930443466063619
8,385,102,13,0.8332727272727273,0.8946408307768888
9,332,148,20,0.7906363636363636,0.8446444316694462
10,278,194,28,0.7799090909090909,0.8035198711516097
11,223,233,44,0.8010909090909091,0.7778538984652243
12,155,283,62,0.8407272727272728,0.7427461558521579
13,111,315,74,0.8916363636363637,0.754908937866573
14,62,346,92,0.9385454545454546,0.7503036278483773
15,32,356,112,0.9670909090909091,0.7382992362205344
16,13,359,128,0.9870909090909091,0.7439357222721357
17,4,353,143,0.9969090909090909,0.8052813809441663
18,3,341,156,0.9975454545454545,0.7948926894085123
19,2,330,168,0.9981818181818182,0.7697982559056202
20,1,318,181,0.9989090909090909,0.7231438161537644
21,0,301,199,1.0,
22,0,286,214,1.0,
23,0,275,225,1.0,
24,0,261,239,1.0,
25,0,257,243,1.0,
26,0,247,253,1.0,
27,0,239,261,1.0,
28,0,233,267,1.0,
29,0,224,276,1.0,
30,0,217,283,1.0,
31,0,211,289,1.0,
32,0,204,296,1.0,
33,0,190,310,1.0,
34,0,180,320,1.0,
35,0,174,326,1.0,
36,0,167,333,1.0,
37,0,164,336,1.0,
38,0,162,338,1.0,
39,0,154,346,1.0,
40,0,149,351,1.0,
41,0,144,356,1.0,
42,0,139,361,1.0,
43,0,135,365,1.0,
44,0,130,370,1.0,
45,0,124,376,1.0,
46,0,116,384,1.0,
47,0,115,385,1.0,
48,0,107,393,1.0,
49,0,101,399,1.0,
50,0,94,406,1.0,
51,0,89,411,1.0,
52,0,85,415,1.0,
53,0,82,418,1.0,
54,0,75,425,1.0,
55,0,68,432,1.0,
56,0,66,434,1.0,
57,0,63,437,1.0,
58,0,59,441,1.0,
59,0,58,442,1.0,
60,0,57,443,1.0,
61,0,56,444,1.0,
62,0,53,447,1.0,
63,0,53,447,1.0,
64,0,51,449,1.0,
65,0,50,450,1.0,
66,0,47,453,1.0,
67,0,46,454,1.0,
68,0,43,457,1.0,
69,0,41,459,1.0,
70,0,40,460,1.0,
71,0,40,460,1.0,
72,0,40,460,1.0,
73,0,40,460,1.0,
74,0,39,461,1.0,
75,0,38,462,1.0,
76,0,38,462,1.0,
77,0,37,463,1.0,
78,0,36,464,1.0,
79,0,35,465,1.0,
80,0,35,465,1.0,
81,0,34,466,1.0,
82,0,34,466,1.0,
83,0,33,467,1.0,
84,0,33,467,1.0,
85,0,32,468,1.0,
86,0,31,469,1.0,
87,0,30,470,1.0,
88,0,29,471,1.0,
89,0,29,471,1.0,
90,0,29,471,1.0,
91,0,26,474,1.0,
92,0,25,475,1.0,
93,0,24,476,1.0,
94,0,21,479,1.0,
95,0,21,479,1.0,
96,0,20,480,1.0,
97,0,18,482,1.0,
98,0,18,482,1.0,
99,0,18,482,1.0,
100,0,17,483,1.0,
101,0,17,483,1.0,
102,0,17,483,1.0,
103,0,15,485,1.0,
104,0,14,486,1.0,
105,0,14,486,1.0,
106,0,13,487,1.0,
107,0,12,488,1.0,
108,0,12,488,1.0,
109,0,9,491,1.0,
110,0,9,491,1.0,
111,0,9,491,1.0,
112,0,6,494,1.0,
113,0,6,494,1.0,
114,0,6,494,1.0,
115,0,6,494,1.0,
116,0,5,495,1.0,
117,0,5,495,1.0,
118,0,5,495,1.0,
119,0,4,496,1.0,
120,0,4,496,1.0,
121,0,2,498,1.0,
122,0,2,498,1.0,
123,0,2,498,1.0,
124,0,2,498,1.0,
125,0,2,498,1.0,
126,0,2,498,1.0,
127,0,2,498,1.0,
128,0,2,498,1.0,
129,0,2,498,1.0,
130,0,2,498,1.0,
131,0,2,498,1.0,
132,0,1,499,1.0,
133,0,1,499,1.0,
134,0,1,499,1.0,
135,0,1,499,1.0,
136,0,1,499,1.0,
137,0,1,499,1.0,
138,0,1,499,1.0,
139,0,1,499,1.0,
140,0,1,499,1.0,
141,0,1,499,1.0,
142,0,1,499,1.0,
143,0,1,499,1.0,
144,0,1,499,1.0,
145,0,1,499,1.0,
146,0,1,499,1.0,
147,0,1,499,1.0,
148,0,1,499,1.0,
149,0,1,499,1.0,
150,0,1,499,1.0,
151,0,1,499,1.0,
152,0,1,499,1.0,
153,0,1,499,1.0,
154,0,1,499,1.0,
155,0,1,499,1.0,
156,0,1,499,1.0,
157,0,1,499,1.0,
158,0,1,499,1.0,
159,0,1,499,1.0,
160,0,1,499,1.0,
161,0,1,499,1.0,
162,0,1,499,1.0,
163,0,1,499,1.0,
164,0,1,499,1.0,
165,0,1,499,1.0,
166,0,1,499,1.0,
167,0,1,499,1.0,
168,0,1,499,1.0,
169,0,1,499,1.0,
170,0,1,499,1.0,
171,0,1,499,1.0,
172,0,1,499,1.0,
173,0,1,499,1.0,
174,0,1,499,1.0,
175,0,1,499,1.0,
176,0,1,499,1.0,
177,0,1,499,1.0,
178,0,1,499,1.0,
179,0,1,499,1.0,
180,0,1,499,1.0,
181,0,1,499,1.0,
182,0,1,499,1.0,
183,0,1,499,1.0,
184,0,1,499,1.0,
185,0,1,499,1.0,
186,0,1,499,1.0,
187,0,1,499,1.0,
188,0,1,499,1.0,
189,0,1,499,1.0,
190,0,1,499,1.0,
191,0,1,499,1.0,
192,0,1,499,1.0,
193,0,1,499,1.0,
194,0,1,499,1.0,
195,0,1,499,1.0,
196,0,1,499,1.0,
197,0,1,499,1.0,
198,0,1,499,1.0,
199,0,1,499,1.0,
200,0,1,499,1.0,
1,499,1,0,1.0,1.0
2,499,1,0,1.0,1.0
3,496,3,1,0.9974545454545455,0.9987307239405767
4,492,6,2,0.9936363636363637,0.9967724045619701
5,483,13,4,0.9767272727272728,0.9879715791380971
6,475,17,8,0.9690909090909091,0.9837567799229895
7,460,31,9,0.9406363636363636,0.9678156144119221
8,437,50,13,0.9053636363636364,0.9459028920422091
9,404,79,17,0.8496363636363636,0.9069123276223996
10,361,119,20,0.7945454545454546,0.857417864626659
11,316,158,26,0.765090909090909,0.8135721659289348
12,263,205,32,0.7548181818181818,0.7660710951798061
13,200,254,46,0.7892727272727272,0.7354936386597681
14,135,308,57,0.8611818181818182,0.742538412836851
15,75,353,72,0.9342727272727273,0.7807481859501633
16,23,383,94,0.988,0.8673592149733736
17,7,379,114,0.9953636363636363,0.8323513711640244
18,2,370,128,0.999,0.8769762845849802
19,0,362,138,1.0,
20,0,352,148,1.0,
21,0,338,162,1.0,
22,0,326,174,1.0,
23,0,317,183,1.0,
24,0,303,197,1.0,
25,0,290,210,1.0,
26,0,277,223,1.0,
27,0,263,237,1.0,
28,0,247,253,1.0,
29,0,238,262,1.0,
30,0,230,270,1.0,
31,0,217,283,1.0,
32,0,204,296,1.0,
33,0,197,303,1.0,
34,0,194,306,1.0,
35,0,189,311,1.0,
36,0,179,321,1.0,
37,0,173,327,1.0,
38,0,164,336,1.0,
39,0,156,344,1.0,
40,0,148,352,1.0,
41,0,139,361,1.0,
42,0,134,366,1.0,
43,0,129,371,1.0,
44,0,127,373,1.0,
45,0,118,382,1.0,
46,0,117,383,1.0,
47,0,113,387,1.0,
48,0,107,393,1.0,
49,0,103,397,1.0,
50,0,101,399,1.0,
51,0,98,402,1.0,
52,0,96,404,1.0,
53,0,93,407,1.0,
54,0,90,410,1.0,
55,0,88,412,1.0,
56,0,83,417,1.0,
57,0,78,422,1.0,
58,0,74,426,1.0,
59,0,66,434,1.0,
60,0,65,435,1.0,
61,0,63,437,1.0,
62,0,60,440,1.0,
63,0,57,443,1.0,
64,0,52,448,1.0,
65,0,49,451,1.0,
66,0,45,455,1.0,
67,0,43,457,1.0,
68,0,41,459,1.0,
69,0,41,459,1.0,
70,0,40,460,1.0,
71,0,38,462,1.0,
72,0,37,463,1.0,
73,0,36,464,1.0,
74,0,34,466,1.0,
75,0,33,467,1.0,
76,0,30,470,1.0,
77,0,29,471,1.0,
78,0,28,472,1.0,
79,0,26,474,1.0,
80,0,24,476,1.0,
81,0,24,476,1.0,
82,0,24,476,1.0,
83,0,24,476,1.0,
84,0,23,477,1.0,
85,0,23,477,1.0,
86,0,21,479,1.0,
87,0,21,479,1.0,
88,0,20,480,1.0,
89,0,18,482,1.0,
90,0,18,482,1.0,
91,0,17,483,1.0,
92,0,17,483,1.0,
93,0,15,485,1.0,
94,0,14,486,1.0,
95,0,13,487,1.0,
96,0,12,488,1.0,
97,0,10,490,1.0,
98,0,9,491,1.0,
99,0,9,491,1.0,
100,0,8,492,1.0,
101,0,7,493,1.0,
102,0,5,495,1.0,
103,0,5,495,1.0,
104,0,5,495,1.0,
105,0,4,496,1.0,
106,0,4,496,1.0,
107,0,3,497,1.0,
108,0,3,497,1.0,
109,0,3,497,1.0,
110,0,3,497,1.0,
111,0,3,497,1.0,
112,0,3,497,1.0,
113,0,3,497,1.0,
114,0,3,497,1.0,
115,0,3,497,1.0,
116,0,3,497,1.0,
117,0,3,497,1.0,
118,0,3,497,1.0,
119,0,2,498,1.0,
120,0,2,498,1.0,
121,0,1,499,1.0,
122,0,1,499,1.0,
123,0,1,499,1.0,
124,0,1,499,1.0,
125,0,1,499,1.0,
126,0,1,499,1.0,
127,0,1,499,1.0,
128,0,1,499,1.0,
129,0,1,499,1.0,
130,0,1,499,1.0,
131,0,1,499,1.0,
132,0,1,499,1.0,
133,0,1,499,1.0,
134,0,1,499,1.0,
135,0,1,499,1.0,
136,0,1,499,1.0,
137,0,1,499,1.0,
138,0,1,499,1.0,
139,0,1,499,1.0,
140,0,1,499,1.0,
141,0,1,499,1.0,
142,0,1,499,1.0,
143,0,1,499,1.0,
144,0,1,499,1.0,
145,0,1,499,1.0,
146,0,1,499,1.0,
147,0,1,499,1.0,
148,0,1,499,1.0,
149,0,1,499,1.0,
150,0,1,499,1.0,
151,0,1,499,1.0,
152,0,1,499,1.0,
153,0,1,499,1.0,
154,0,1,499,1.0,
155,0,1,499,1.0,
156,0,1,499,1.0,
157,0,1,499,1.0,
158,0,1,499,1.0,
159,0,1,499,1.0,
160,0,1,499,1.0,
161,0,1,499,1.0,
162,0,1,499,1.0,
163,0,1,499,1.0,
164,0,1,499,1.0,
165,0,1,499,1.0,
166,0,1,499,1.0,
167,0,1,499,1.0,
168,0,1,499,1.0,
169,0,1,499,1.0,
170,0,1,499,1.0,
171,0,1,499,1.0,
172,0,1,499,1.0,
173,0,1,499,1.0,
174,0,1,499,1.0,
175,0,1,499,1.0,
176,0,1,499,1.0,
177,0,1,499,1.0,
178,0,0,500,1.0,
179,0,0,500,1.0,
180,0,0,500,1.0,
181,0,0,500,1.0,
182,0,0,500,1.0,
183,0,0,500,1.0,
184,0,0,500,1.0,
185,0,0,500,1.0,
186,0,0,500,1.0,
187,0,0,500,1.0,
188,0,0,500,1.0,
189,0,0,500,1.0,
190,0,0,500,1.0,
191,0,0,500,1.0,
192,0,0,500,1.0,
193,0,0,500,1.0,
194,0,0,500,1.0,
195,0,0,500,1.0,
196,0,0,500,1.0,
197,0,0,500,1.0,
198,0,0,500,1.0,
199,0,0,500,1.0,
200,0,0,500,1.0,
1,495,5,0,0.9928181818181818,1.0
2,490,10,0,0.9837272727272727,0.9953215062339301
3,474,25,1,0.952,0.9782708665530637
4,446,51,3,0.8922727272727272,0.943001730839077
5,410,81,9,0.8400909090909091,0.905729027442042
6,381,105,14,0.8168181818181818,0.8830169845149094
7,340,139,21,0.809,0.8624510931957244
8,298,172,30,0.8164545454545454,0.8489437588058018
9,247,218,35,0.821,0.8215760043348371
10,189,269,42,0.8580909090909091,0.8149641655295944
11,135,305,60,0.8885454545454545,0.7959579216404449
12,91,333,76,0.9143636363636364,0.7672232679967241
13,59,350,91,0.9424545454545454,0.7581294156016071
14,36,359,105,0.9638181818181818,0.7506097212816044
15,16,366,118,0.9875454545454545,0.8063837408091721
16,4,358,138,0.9970909090909091,0.8179092265028878
17,1,348,151,0.9993636363636363,0.8439780464711073
18,0,333,167,1.0,
19,0,316,184,1.0,
20,0,304,196,1.0,
21,0,290,210,1.0,
22,0,281,219,1.0,
23,0,265,235,1.0,
24,0,255,245,1.0,
25,0,245,255,1.0,
26,0,237,263,1.0,
27,0,228,272,1.0,
28,0,220,280,1.0,
29,0,215,285,1.0,
30,0,206,294,1.0,
31,0,198,302,1.0,
32,0,192,308,1.0,
33,0,186,314,1.0,
34,0,174,326,1.0,
35,0,169,331,1.0,
36,0,157,343,1.0,
37,0,149,351,1.0,
38,0,145,355,1.0,
39,0,139,361,1.0,
40,0,132,368,1.0,
41,0,126,374,1.0,
42,0,121,379,1.0,
43,0,117,383,1.0,
44,0,111,389,1.0,
45,0,103,397,1.0,
46,0,99,401,1.0,
47,0,97,403,1.0,
48,0,94,406,1.0,
49,0,91,409,1.0,
50,0,85,415,1.0,
51,0,83,417,1.0,
52,0,76,424,1.0,
53,0,76,424,1.0,
54,0,72,428,1.0,
55,0,66,434,1.0,
56,0,63,437,1.0,
57,0,62,438,1.0,
58,0,59,441,1.0,
59,0,58,442,1.0,
60,0,56,444,1.0,
61,0,52,448,1.0,
62,0,50,450,1.0,
63,0,49,451,1.0,
64,0,45,455,1.0,
65,0,42,458,1.0,
66,0,39,461,1.0,
67,0,35,465,1.0,
68,0,34,466,1.0,
69,0,31,469,1.0,
70,0,29,471,1.0,
71,0,29,471,1.0,
72,0,29,471,1.0,
73,0,26,474,1.0,
74,0,24,476,1.0,
75,0,24,476,1.0,
76,0,23,477,1.0,
77,0,23,477,1.0,
78,0,23,477,1.0,
79,0,22,478,1.0,
80,0,22,478,1.0,
81,0,21,479,1.0,
82,0,20,480,1.0,
83,0,20,480,1.0,
84,0,19,481,1.0,
85,0,19,481,1.0,
86,0,18,482,1.0,
87,0,18,482,1.0,
88,0,18,482,1.0,
89,0,18,482,1.0,
90,0,17,483,1.0,
91,0,17,483,1.0,
92,0,16,484,1.0,
93,0,14,486,1.0,
94,0,14,486,1.0,
95,0,13,487,1.0,
96,0,12,488,1.0,
97,0,12,488,1.0,
98,0,10,490,1.0,
99,0,10,490,1.0,
100,0,10,490,1.0,
101,0,9,491,1.0,
102,0,9,491,1.0,
103,0,9,491,1.0,
104,0,9,491,1.0,
105,0,9,491,1.0,
106,0,9,491,1.0,
107,0,9,491,1.0,
108,0,8,492,1.0,
109,0,7,493,1.0,
110,0,7,493,1.0,
111,0,7,493,1.0,
112,0,7,493,1.0,
113,0,7,493,1.0,
114,0,7,493,1.0,
115,0,7,493,1.0,
116,0,7,493,1.0,
117,0,7,493,1.0,
118,0,7,493,1.0,
119,0,7,493,1.0,
120,0,7,493,1.0,
121,0,7,493,1.0,
122,0,7,493,1.0,
123,0,6,494,1.0,
124,0,6,494,1.0,
125,0,6,494,1.0,
126,0,6,494,1.0,
127,0,6,494,1.0,
128,0,6,494,1.0,
129,0,6,494,1.0,
130,0,5,495,1.0,
131,0,5,495,1.0,
132,0,5,495,1.0,
133,0,5,495,1.0,
134,0,5,495,1.0,
135,0,5,495,1.0,
136,0,5,495,1.0,
137,0,5,495,1.0,
138,0,5,495,1.0,
139,0,5,495,1.0,
140,0,5,495,1.0,
141,0,5,495,1.0,
142,0,5,495,1.0,
143,0,4,496,1.0,
144,0,4,496,1.0,
145,0,4,496,1.0,
146,0,4,496,1.0,
147,0,4,496,1.0,
148,0,4,496,1.0,
149,0,4,496,1.0,
150,0,4,496,1.0,
151,0,4,496,1.0,
152,0,4,496,1.0,
153,0,3,497,1.0,
154,0,3,497,1.0,
155,0,3,497,1.0,
156,0,3,497,1.0,
157,0,3,497,1.0,
158,0,3,497,1.0,
159,0,3,497,1.0,
160,0,3,497,1.0,
161,0,3,497,1.0,
162,0,3,497,1.0,
163,0,3,497,1.0,
164,0,3,497,1.0,
165,0,3,497,1.0,
166,0,3,497,1.0,
167,0,3,497,1.0,
168,0,2,498,1.0,
169,0,2,498,1.0,
170,0,2,498,1.0,
171,0,2,498,1.0,
172,0,2,498,1.0,
173,0,2,498,1.0,
174,0,2,498,1.0,
175,0,2,498,1.0,
176,0,2,498,1.0,
177,0,2,498,1.0,
178,0,2,498,1.0,
179,0,1,499,1.0,
180,0,1,499,1.0,
181,0,1,499,1.0,
182,0,1,499,1.0,
183,0,1,499,1.0,
184,0,1,499,1.0,
185,0,1,499,1.0,
186,0,1,499,1.0,
187,0,1,499,1.0,
188,0,1,499,1.0,
189,0,1,499,1.0,
190,0,1,499,1.0,
191,0,1,499,1.0,
192,0,1,499,1.0,
193,0,1,499,1.0,
194,0,1,499,1.0,
195,0,1,499,1.0,
196,0,1,499,1.0,
197,0,1,499,1.0,
198,0,1,499,1.0,
199,0,1,499,1.0,
200,0,1,499,1.0,
1,497,3,0,0.9948181818181818,1.0
2,494,5,1,0.9910909090909091,0.9980801066368342
3,489,10,1,0.9796363636363636,0.9921433033655191
4,480,18,2,0.9689090909090909,0.9863695028963843
5,459,37,4,0.9308181818181818,0.9646482963420703
6,434,57,9,0.9089090909090909,0.9498704875226047
7,393,94,13,0.8701818181818182,0.919807602473776
8,355,128,17,0.8379090909090909,0.8883592374336031
9,316,164,20,0.8063636363636364,0.8493393314879221
10,280,191,29,0.7899090909090909,0.8150038847632185
11,241,224,35,0.7781818181818182,0.7722342643812056
12,187,269,44,0.8015454545454546,0.7371553987962548
13,123,317,60,0.8714545454545455,0.7400898714885848
14,72,356,72,0.9445454545454546,0.8079248153349265
15,27,391,82,0.9894545454545455,0.9023633069012114
16,3,395,102,0.9992727272727273,0.9404579462326955
17,0,378,122,1.0,
18,0,368,132,1.0,
19,0,355,145,1.0,
20,0,337,163,1.0,
21,0,319,181,1.0,
22,0,302,198,1.0,
23,0,292,208,1.0,
24,0,283,217,1.0,
25,0,269,231,1.0,
26,0,258,242,1.0,
27,0,250,250,1.0,
28,0,239,261,1.0,
29,0,232,268,1.0,
30,0,221,279,1.0,
31,0,208,292,1.0,
32,0,198,302,1.0,
33,0,190,310,1.0,
34,0,186,314,1.0,
35,0,183,317,1.0,
36,0,177,323,1.0,
37,0,174,326,1.0,
38,0,167,333,1.0,
39,0,160,340,1.0,
40,0,154,346,1.0,
41,0,149,351,1.0,
42,0,145,355,1.0,
43,0,136,364,1.0,
44,0,130,370,1.0,
45,0,127,373,1.0,
46,0,123,377,1.0,
47,0,115,385,1.0,
48,0,111,389,1.0,
49,0,108,392,1.0,
50,0,103,397,1.0,
51,0,98,402,1.0,
52,0,95,405,1.0,
53,0,92,408,1.0,
54,0,87,413,1.0,
55,0,82,418,1.0,
56,0,79,421,1.0,
57,0,74,426,1.0,
58,0,71,429,1.0,
59,0,68,432,1.0,
60,0,65,435,1.0,
61,0,65,435,1.0,
62,0,60,440,1.0,
63,0,57,443,1.0,
64,0,55,445,1.0,
65,0,54,446,1.0,
66,0,52,448,1.0,
67,0,47,453,1.0,
68,0,44,456,1.0,
69,0,43,457,1.0,
70,0,43,457,1.0,
71,0,41,459,1.0,
72,0,41,459,1.0,
73,0,40,460,1.0,
74,0,36,464,1.0,
75,0,34,466,1.0,
76,0,33,467,1.0,
77,0,33,467,1.0,
78,0,31,469,1.0,
79,0,30,470,1.0,
80,0,28,472,1.0,
81,0,27,473,1.0,
82,0,27,473,1.0,
83,0,25,475,1.0,
84,0,25,475,1.0,
85,0,23,477,1.0,
86,0,23,477,1.0,
87,0,23,477,1.0,
88,0,22,478,1.0,
89,0,21,479,1.0,
90,0,21,479,1.0,
91,0,21,479,1.0,
92,0,19,481,1.0,
93,0,18,482,1.0,
94,0,18,482,1.0,
95,0,18,482,1.0,
96,0,16,484,1.0,
97,0,16,484,1.0,
98,0,16,484,1.0,
99,0,16,484,1.0,
100,0,16,484,1.0,
101,0,16,484,1.0,
102,0,15,485,1.0,
103,0,15,485,1.0,
104,0,15,485,1.0,
105,0,14,486,1.0,
106,0,13,487,1.0,
107,0,12,488,1.0,
108,0,10,490,1.0,
109,0,10,490,1.0,
110,0,10,490,1.0,
111,0,10,490,1.0,
112,0,9,491,1.0,
113,0,9,491,1.0,
114,0,9,491,1.0,
115,0,9,491,1.0,
116,0,9,491,1.0,
117,0,9,491,1.0,
118,0,9,491,1.0,
119,0,8,492,1.0,
120,0,8,492,1.0,
121,0,8,492,1.0,
122,0,8,492,1.0,
123,0,6,494,1.0,
124,0,6,494,1.0,
125,0,6,494,1.0,
126,0,5,495,1.0,
127,0,5,495,1.0,
128,0,5,495,1.0,
129,0,5,495,1.0,
130,0,5,495,1.0,
131,0,5,495,1.0,
132,0,4,496,1.0,
133,0,4,496,1.0,
134,0,4,496,1.0,
135,0,4,496,1.0,
136,0,4,496,1.0,
137,0,4,496,1.0,
138,0,4,496,1.0,
139,0,4,496,1.0,
140,0,4,496,1.0,
141,0,4,496,1.0,
142,0,4,496,1.0,
143,0,4,496,1.0,
144,0,3,497,1.0,
145,0,2,498,1.0,
146,0,2,498,1.0,
147,0,1,499,1.0,
148,0,1,499,1.0,
149,0,1,499,1.0,
150,0,1,499,1.0,
151,0,1,499,1.0,
152,0,1,499,1.0,
153,0,1,499,1.0,
154,0,1,499,1.0,
155,0,1,499,1.0,
156,0,1,499,1.0,
157,0,1,499,1.0,
158,0,1,499,1.0,
159,0,1,499,1.0,
160,0,1,499,1.0,
161,0,1,499,1.0,
162,0,1,499,1.0,
163,0,1,499,1.0,
164,0,1,499,1.0,
165,0,1,499,1.0,
166,0,1,499,1.0,
167,0,1,499,1.0,
168,0,1,499,1.0,
169,0,1,499,1.0,
170,0,0,500,1.0,
171,0,0,500,1.0,
172,0,0,500,1.0,
173,0,0,500,1.0,
174,0,0,500,1.0,
175,0,0,500,1.0,
176,0,0,500,1.0,
177,0,0,500,1.0,
178,0,0,500,1.0,
179,0,0,500,1.0,
180,0,0,500,1.0,
181,0,0,500,1.0,
182,0,0,500,1.0,
183,0,0,500,1.0,
184,0,0,500,1.0,
185,0,0,500,1.0,
186,0,0,500,1.0,
187,0,0,500,1.0,
188,0,0,500,1.0,
189,0,0,500,1.0,
190,0,0,500,1.0,
191,0,0,500,1.0,
192,0,0,500,1.0,
193,0,0,500,1.0,
194,0,0,500,1.0,
195,0,0,500,1.0,
196,0,0,500,1.0,
197,0,0,500,1.0,
198,0,0,500,1.0,
199,0,0,500,1.0,
200,0,0,500,1.0,
1,497,2,1,0.9973636363636363,1.0
2,493,6,1,0.9893636363636363,0.9959065113169265
3,491,8,1,0.9840909090909091,0.9931744483049438
4,484,15,1,0.9724545454545455,0.987052505429975
5,474,25,1,0.9543636363636364,0.9771474801288501
6,458,39,3,0.9393636363636364,0.9681382792434179
7,428,65,7,0.918,0.9532599217142004
8,396,90,14,0.8783636363636363,0.9242473878253442
9,360,121,19,0.8319090909090909,0.8844363234182332
10,324,149,27,0.8091818181818182,0.8540872391955658
11,283,182,35,0.7936363636363636,0.8188921838223518
12,230,224,46,0.7957272727272727,0.778413181903081
13,164,277,59,0.8437272727272728,0.762351090378254
14,119,308,73,0.8858181818181818,0.7607612564799684
15,79,337,84,0.9252727272727272,0.763725338796244
16,39,367,94,0.9670909090909091,0.7885452589594742
17,19,371,110,0.9836363636363636,0.783088278449489
18,6,368,126,0.9953636363636363,0.7991844546208678
19,1,356,143,0.9995454545454545,0.8875426238846468
20,0,338,162,1.0,
21,0,325,175,1.0,
22,0,314,186,1.0,
23,0,304,196,1.0,
24,0,297,203,1.0,
25,0,288,212,1.0,
26,0,278,222,1.0,
27,0,260,240,1.0,
28,0,254,246,1.0,
29,0,242,258,1.0,
30,0,228,272,1.0,
31,0,222,278,1.0,
32,0,212,288,1.0,
33,0,203,297,1.0,
34,0,193,307,1.0,
35,0,181,319,1.0,
36,0,172,328,1.0,
37,0,165,335,1.0,
38,0,156,344,1.0,
39,0,150,350,1.0,
40,0,147,353,1.0,
41,0,139,361,1.0,
42,0,133,367,1.0,
43,0,127,373,1.0,
44,0,120,380,1.0,
45,0,119,381,1.0,
46,0,114,386,1.0,
47,0,110,390,1.0,
48,0,107,393,1.0,
49,0,101,399,1.0,
50,0,98,402,1.0,
51,0,97,403,1.0,
52,0,95,405,1.0,
53,0,93,407,1.0,
54,0,92,408,1.0,
55,0,89,411,1.0,
56,0,85,415,1.0,
57,0,83,417,1.0,
58,0,78,422,1.0,
59,0,75,425,1.0,
60,0,72,428,1.0,
61,0,69,431,1.0,
62,0,67,433,1.0,
63,0,66,434,1.0,
64,0,60,440,1.0,
65,0,57,443,1.0,
66,0,55,445,1.0,
67,0,53,447,1.0,
68,0,48,452,1.0,
69,0,46,454,1.0,
70,0,43,457,1.0,
71,0,42,458,1.0,
72,0,41,459,1.0,
73,0,39,461,1.0,
74,0,37,463,1.0,
75,0,35,465,1.0,
76,0,34,466,1.0,
77,0,33,467,1.0,
78,0,31,469,1.0,
79,0,30,470,1.0,
80,0,28,472,1.0,
81,0,28,472,1.0,
82,0,27,473,1.0,
83,0,27,473,1.0,
84,0,25,475,1.0,
85,0,25,475,1.0,
86,0,25,475,1.0,
87,0,21,479,1.0,
88,0,20,480,1.0,
89,0,20,480,1.0,
90,0,20,480,1.0,
91,0,20,480,1.0,
92,0,19,481,1.0,
93,0,15,485,1.0,
94,0,15,485,1.0,
95,0,15,485,1.0,
96,0,15,485,1.0,
97,0,13,487,1.0,
98,0,11,489,1.0,
99,0,11,489,1.0,
100,0,11,489,1.0,
101,0,11,489,1.0,
102,0,11,489,1.0,
103,0,11,489,1.0,
104,0,11,489,1.0,
105,0,11,489,1.0,
106,0,11,489,1.0,
107,0,10,490,1.0,
108,0,9,491,1.0,
109,0,9,491,1.0,
110,0,9,491,1.0,
111,0,9,491,1.0,
112,0,9,491,1.0,
113,0,9,491,1.0,
114,0,9,491,1.0,
115,0,9,491,1.0,
116,0,9,491,1.0,
117,0,9,491,1.0,
118,0,9,491,1.0,
119,0,8,492,1.0,
120,0,8,492,1.0,
121,0,8,492,1.0,
122,0,7,493,1.0,
123,0,7,493,1.0,
124,0,7,493,1.0,
125,0,7,493,1.0,
126,0,6,494,1.0,
127,0,6,494,1.0,
128,0,4,496,1.0,
129,0,4,496,1.0,
130,0,4,496,1.0,
131,0,4,496,1.0,
132,0,4,496,1.0,
133,0,4,496,1.0,
134,0,3,497,1.0,
135,0,3,497,1.0,
136,0,3,497,1.0,
137,0,2,498,1.0,
138,0,2,498,1.0,
139,0,2,498,1.0,
140,0,2,498,1.0,
141,0,2,498,1.0,
142,0,2,498,1.0,
143,0,2,498,1.0,
144,0,2,498,1.0,
145,0,2,498,1.0,
146,0,2,498,1.0,
147,0,2,498,1.0,
148,0,2,498,1.0,
149,0,2,498,1.0,
150,0,2,498,1.0,
151,0,2,498,1.0,
152,0,2,498,1.0,
153,0,2,498,1.0,
154,0,2,498,1.0,
155,0,2,498,1.0,
156,0,1,499,1.0,
157,0,1,499,1.0,
158,0,1,499,1.0,
159,0,1,499,1.0,
160,0,1,499,1.0,
161,0,1,499,1.0,
162,0,1,499,1.0,
163,0,1,499,1.0,
164,0,1,499,1.0,
165,0,1,499,1.0,
166,0,1,499,1.0,
167,0,1,499,1.0,
168,0,1,499,1.0,
169,0,1,499,1.0,
170,0,1,499,1.0,
171,0,1,499,1.0,
172,0,1,499,1.0,
173,0,1,499,1.0,
174,0,1,499,1.0,
175,0,1,499,1.0,
176,0,1,499,1.0,
177,0,1,499,1.0,
178,0,1,499,1.0,
179,0,1,499,1.0,
180,0,1,499,1.0,
181,0,1,499,1.0,
182,0,1,499,1.0,
183,0,1,499,1.0,
184,0,1,499,1.0,
185,0,1,499,1.0,
186,0,1,499,1.0,
187,0,1,499,1.0,
188,0,1,499,1.0,
189,0,1,499,1.0,
190,0,1,499,1.0,
191,0,1,499,1.0,
192,0,1,499,1.0,
193,0,1,499,1.0,
194,0,1,499,1.0,
195,0,1,499,1.0,
196,0,1,499,1.0,
197,0,1,499,1.0,
198,0,1,499,1.0,
199,0,1,499,1.0,
200,0,1,499,1.0,
1,495,5,0,0.9925454545454545,1.0
2,486,14,0,0.9744545454545455,0.9906377471891001
3,473,26,1,0.9471818181818182,0.9758323574062959
4,459,39,2,0.9237272727272727,0.9622272091664813
5,434,64,2,0.8750909090909091,0.9316282857303401
6,401,94,5,0.8380909090909091,0.9025523957060514
7,356,135,9,0.8107272727272727,0.8706561978758867
8,304,180,16,0.7786363636363637,0.8208599510211357
9,255,223,22,0.7844545454545454,0.7910880863648372
10,188,282,30,0.8193636363636364,0.761712160587322
11,137,317,46,0.8584545454545455,0.743300843700552
12,92,356,52,0.9041818181818182,0.7415076739322033
13,48,380,72,0.9610909090909091,0.7987801744633665
14,16,392,92,0.9956363636363637,0.9346909568789936
15,2,388,110,0.9994545454545455,0.9372573815994707
16,1,367,132,0.9996363636363637,0.9081629174256511
17,0,354,146,1.0,
18,0,342,158,1.0,
19,0,330,170,1.0,
20,0,320,180,1.0,
21,0,303,197,1.0,
22,0,289,211,1.0,
23,0,271,229,1.0,
24,0,259,241,1.0,
25,0,248,252,1.0,
26,0,240,260,1.0,
27,0,229,271,1.0,
28,0,217,283,1.0,
29,0,207,293,1.0,
30,0,200,300,1.0,
31,0,190,310,1.0,
32,0,185,315,1.0,
33,0,182,318,1.0,
34,0,170,330,1.0,
35,0,168,332,1.0,
36,0,165,335,1.0,
37,0,158,342,1.0,
38,0,154,346,1.0,
39,0,150,350,1.0,
40,0,145,355,1.0,
41,0,138,362,1.0,
42,0,131,369,1.0,
43,0,128,372,1.0,
44,0,121,379,1.0,
45,0,113,387,1.0,
46,0,107,393,1.0,
47,0,102,398,1.0,
48,0,97,403,1.0,
49,0,89,411,1.0,
50,0,84,416,1.0,
51,0,81,419,1.0,
52,0,77,423,1.0,
53,0,72,428,1.0,
54,0,70,430,1.0,
55,0,70,430,1.0,
56,0,67,433,1.0,
57,0,64,436,1.0,
58,0,61,439,1.0,
59,0,60,440,1.0,
60,0,57,443,1.0,
61,0,57,443,1.0,
62,0,57,443,1.0,
63,0,54,446,1.0,
64,0,50,450,1.0,
65,0,48,452,1.0,
66,0,48,452,1.0,
67,0,47,453,1.0,
68,0,43,457,1.0,
69,0,38,462,1.0,
70,0,37,463,1.0,
71,0,36,464,1.0,
72,0,34,466,1.0,
73,0,34,466,1.0,
74,0,32,468,1.0,
75,0,31,469,1.0,
76,0,30,470,1.0,
77,0,30,470,1.0,
78,0,27,473,1.0,
79,0,26,474,1.0,
80,0,24,476,1.0,
81,0,23,477,1.0,
82,0,23,477,1.0,
83,0,21,479,1.0,
84,0,21,479,1.0,
85,0,21,479,1.0,
86,0,21,479,1.0,
87,0,21,479,1.0,
88,0,21,479,1.0,
89,0,21,479,1.0,
90,0,19,481,1.0,
91,0,19,481,1.0,
92,0,16,484,1.0,
93,0,14,486,1.0,
94,0,14,486,1.0,
95,0,14,486,1.0,
96,0,14,486,1.0,
97,0,14,486,1.0,
98,0,13,487,1.0,
99,0,13,487,1.0,
100,0,11,489,1.0,
101,0,11,489,1.0,
102,0,10,490,1.0,
103,0,10,490,1.0,
104,0,10,490,1.0,
105,0,9,491,1.0,
106,0,9,491,1.0,
107,0,9,491,1.0,
108,0,8,492,1.0,
109,0,6,494,1.0,
110,0,6,494,1.0,
111,0,6,494,1.0,
112,0,5,495,1.0,
113,0,3,497,1.0,
114,0,3,497,1.0,
115,0,3,497,1.0,
116,0,3,497,1.0,
117,0,3,497,1.0,
118,0,3,497,1.0,
119,0,3,497,1.0,
120,0,3,497,1.0,
121,0,3,497,1.0,
122,0,3,497,1.0,
123,0,3,497,1.0,
124,0,3,497,1.0,
125,0,3,497,1.0,
126,0,3,497,1.0,
127,0,3,497,1.0,
128,0,3,497,1.0,
129,0,3,497,1.0,
130,0,3,497,1.0,
131,0,3,497,1.0,
132,0,3,497,1.0,
133,0,3,497,1.0,
134,0,3,497,1.0,
135,0,3,497,1.0,
136,0,3,497,1.0,
137,0,3,497,1.0,
138,0,3,497,1.0,
139,0,3,497,1.0,
140,0,3,497,1.0,
141,0,3,497,1.0,
142,0,3,497,1.0,
143,0,3,497,1.0,
144,0,3,497,1.0,
145,0,3,497,1.0,
146,0,3,497,1.0,
147,0,3,497,1.0,
148,0,2,498,1.0,
149,0,2,498,1.0,
150,0,2,498,1.0,
151,0,2,498,1.0,
152,0,2,498,1.0,
153,0,2,498,1.0,
154,0,2,498,1.0,
155,0,2,498,1.0,
156,0,2,498,1.0,
157,0,2,498,1.0,
158,0,1,499,1.0,
159,0,1,499,1.0,
160,0,1,499,1.0,
161,0,1,499,1.0,
162,0,1,499,1.0,
163,0,1,499,1.0,
164,0,1,499,1.0,
165,0,1,499,1.0,
166,0,1,499,1.0,
167,0,1,499,1.0,
168,0,0,500,1.0,
169,0,0,500,1.0,
170,0,0,500,1.0,
171,0,0,500,1.0,
172,0,0,500,1.0,
173,0,0,500,1.0,
174,0,0,500,1.0,
175,0,0,500,1.0,
176,0,0,500,1.0,
177,0,0,500,1.0,
178,0,0,500,1.0,
179,0,0,500,1.0,
180,0,0,500,1.0,
181,0,0,500,1.0,
182,0,0,500,1.0,
183,0,0,500,1.0,
184,0,0,500,1.0,
185,0,0,500,1.0,
186,0,0,500,1.0,
187,0,0,500,1.0,
188,0,0,500,1.0,
189,0,0,500,1.0,
190,0,0,500,1.0,
191,0,0,500,1.0,
192,0,0,500,1.0,
193,0,0,500,1.0,
194,0,0,500,1.0,
195,0,0,500,1.0,
196,0,0,500,1.0,
197,0,0,500,1.0,
198,0,0,500,1.0,
199,0,0,500,1.0,
200,0,0,500,1.0,
1,495,5,0,0.9905454545454545,1.0
2,491,9,0,0.9813636363636363,0.9952487858078329
3,483,15,2,0.9697272727272728,0.9890742273582562
4,474,24,2,0.9548181818181818,0.9808546337937741
5,453,40,7,0.9324545454545454,0.9672698966837111
6,427,61,12,0.894,0.9422831979500226
7,395,91,14,0.8463636363636363,0.9069185467654436
8,354,124,22,0.8058181818181818,0.8666411036584262
9,299,175,26,0.7747272727272727,0.8150177202064358
10,243,221,36,0.776090909090909,0.7724183456368431
11,174,278,48,0.8209090909090909,0.7448438039718184
12,120,319,61,0.87,0.7310215317293054
13,64,359,77,0.9403636363636364,0.7688726125467229
14,27,378,95,0.9817272727272728,0.8327528877290052
15,8,379,113,0.9976363636363637,0.9301025909159353
16,1,372,127,0.9995454545454545,0.8955737580483314
17,0,355,145,1.0,
18,0,339,161,1.0,
19,0,324,176,1.0,
20,0,308,192,1.0,
21,0,295,205,1.0,
22,0,281,219,1.0,
23,0,265,235,1.0,
24,0,258,242,1.0,
25,0,246,254,1.0,
26,0,241,259,1.0,
27,0,229,271,1.0,
28,0,222,278,1.0,
29,0,211,289,1.0,
30,0,204,296,1.0,
31,0,196,304,1.0,
32,0,186,314,1.0,
33,0,177,323,1.0,
34,0,167,333,1.0,
35,0,161,339,1.0,
36,0,155,345,1.0,
37,0,148,352,1.0,
38,0,144,356,1.0,
39,0,143,357,1.0,
40,0,138,362,1.0,
41,0,131,369,1.0,
42,0,126,374,1.0,
43,0,120,380,1.0,
44,0,115,385,1.0,
45,0,106,394,1.0,
46,0,104,396,1.0,
47,0,100,400,1.0,
48,0,98,402,1.0,
49,0,92,408,1.0,
50,0,91,409,1.0,
51,0,89,411,1.0,
52,0,86,414,1.0,
53,0,84,416,1.0,
54,0,82,418,1.0,
55,0,80,420,1.0,
56,0,78,422,1.0,
57,0,71,429,1.0,
58,0,68,432,1.0,
59,0,67,433,1.0,
60,0,62,438,1.0,
61,0,60,440,1.0,
62,0,59,441,1.0,
63,0,56,444,1.0,
64,0,53,447,1.0,
65,0,51,449,1.0,
66,0,47,453,1.0,
67,0,46,454,1.0,
68,0,44,456,1.0,
69,0,42,458,1.0,
70,0,42,458,1.0,
71,0,40,460,1.0,
72,0,38,462,1.0,
73,0,38,462,1.0,
74,0,38,462,1.0,
75,0,37,463,1.0,
76,0,35,465,1.0,
77,0,32,468,1.0,
78,0,31,469,1.0,
79,0,31,469,1.0,
80,0,28,472,1.0,
81,0,26,474,1.0,
82,0,24,476,1.0,
83,0,23,477,1.0,
84,0,22,478,1.0,
85,0,21,479,1.0,
86,0,20,480,1.0,
87,0,20,480,1.0,
88,0,17,483,1.0,
89,0,17,483,1.0,
90,0,17,483,1.0,
91,0,16,484,1.0,
92,0,15,485,1.0,
93,0,15,485,1.0,
94,0,13,487,1.0,
95,0,13,487,1.0,
96,0,13,487,1.0,
97,0,13,487,1.0,
98,0,13,487,1.0,
99,0,12,488,1.0,
100,0,12,488,1.0,
101,0,12,488,1.0,
102,0,11,489,1.0,
103,0,11,489,1.0,
104,0,11,489,1.0,
105,0,11,489,1.0,
106,0,11,489,1.0,
107,0,9,491,1.0,
108,0,9,491,1.0,
109,0,9,491,1.0,
110,0,8,492,1.0,
111,0,8,492,1.0,
112,0,8,492,1.0,
113,0,8,492,1.0,
114,0,8,492,1.0,
115,0,8,492,1.0,
116,0,8,492,1.0,
117,0,6,494,1.0,
118,0,6,494,1.0,
119,0,5,495,1.0,
120,0,4,496,1.0,
121,0,4,496,1.0,
122,0,4,496,1.0,
123,0,4,496,1.0,
124,0,3,497,1.0,
125,0,3,497,1.0,
126,0,3,497,1.0,
127,0,3,497,1.0,
128,0,3,497,1.0,
129,0,3,497,1.0,
130,0,3,497,1.0,
131,0,2,498,1.0,
132,0,2,498,1.0,
133,0,2,498,1.0,
134,0,2,498,1.0,
135,0,2,498,1.0,
136,0,2,498,1.0,
137,0,2,498,1.0,
138,0,2,498,1.0,
139,0,2,498,1.0,
140,0,2,498,1.0,
141,0,2,498,1.0,
142,0,2,498,1.0,
143,0,2,498,1.0,
144,0,2,498,1.0,
145,0,1,499,1.0,
146,0,1,499,1.0,
147,0,1,499,1.0,
148,0,1,499,1.0,
149,0,1,499,1.0,
150,0,1,499,1.0,
151,0,1,499,1.0,
152,0,0,500,1.0,
153,0,0,500,1.0,
154,0,0,500,1.0,
155,0,0,500,1.0,
156,0,0,500,1.0,
157,0,0,500,1.0,
158,0,0,500,1.0,
159,0,0,500,1.0,
160,0,0,500,1.0,
161,0,0,500,1.0,
162,0,0,500,1.0,
163,0,0,500,1.0,
164,0,0,500,1.0,
165,0,0,500,1.0,
166,0,0,500,1.0,
167,0,0,500,1.0,
168,0,0,500,1.0,
169,0,0,500,1.0,
170,0,0,500,1.0,
171,0,0,500,1.0,
172,0,0,500,1.0,
173,0,0,500,1.0,
174,0,0,500,1.0,
175,0,0,500,1.0,
176,0,0,500,1.0,
177,0,0,500,1.0,
178,0,0,500,1.0,
179,0,0,500,1.0,
180,0,0,500,1.0,
181,0,0,500,1.0,
182,0,0,500,1.0,
183,0,0,500,1.0,
184,0,0,500,1.0,
185,0,0,500,1.0,
186,0,0,500,1.0,
187,0,0,500,1.0,
188,0,0,500,1.0,
189,0,0,500,1.0,
190,0,0,500,1.0,
191,0,0,500,1.0,
192,0,0,500,1.0,
193,0,0,500,1.0,
194,0,0,500,1.0,
195,0,0,500,1.0,
196,0,0,500,1.0,
197,0,0,500,1.0,
198,0,0,500,1.0,
199,0,0,500,1.0,
200,0,0,500,1.0,
1,497,3,0,0.9948181818181818,1.0
2,493,7,0,0.989,0.9970188195483308
3,482,17,1,0.9648181818181818,0.9843156284324244
4,471,28,1,0.9421818181818182,0.9718820331398388
5,448,51,1,0.8953636363636364,0.9441003573390911
6,413,79,8,0.8624545454545455,0.9191621551524475
7,372,116,12,0.8196363636363636,0.8809799887083511
8,323,161,16,0.7899090909090909,0.8390867461343502
9,273,203,24,0.7917272727272727,0.810920671422854
10,206,261,33,0.8189090909090909,0.7814532596761008
11,160,291,49,0.8494545454545455,0.7656363055762936
12,112,323,65,0.8914545454545455,0.7587087109136769
13,61,358,81,0.943,0.766438546602818
14,26,372,102,0.9793636363636363,0.8005663845070556
15,11,368,121,0.9955454545454545,0.8983779990399867
16,6,353,141,0.9964545454545455,0.8499947014073094
17,4,334,162,0.9971818181818182,0.821685995867098
18,2,327,171,0.9988181818181818,0.8502898414528763
19,1,314,185,0.9992727272727273,0.8069646635357713
20,0,304,196,1.0,
21,0,290,210,1.0,
22,0,277,223,1.0,
23,0,262,238,1.0,
24,0,252,248,1.0,
25,0,240,260,1.0,
26,0,234,266,1.0,
27,0,221,279,1.0,
28,0,212,288,1.0,
29,0,203,297,1.0,
30,0,197,303,1.0,
31,0,193,307,1.0,
32,0,180,320,1.0,
33,0,170,330,1.0,
34,0,165,335,1.0,
35,0,161,339,1.0,
36,0,150,350,1.0,
37,0,140,360,1.0,
38,0,134,366,1.0,
39,0,129,371,1.0,
40,0,123,377,1.0,
41,0,117,383,1.0,
42,0,113,387,1.0,
43,0,108,392,1.0,
44,0,104,396,1.0,
45,0,101,399,1.0,
46,0,99,401,1.0,
47,0,95,405,1.0,
48,0,89,411,1.0,
49,0,85,415,1.0,
50,0,81,419,1.0,
51,0,75,425,1.0,
52,0,70,430,1.0,
53,0,69,431,1.0,
54,0,68,432,1.0,
55,0,64,436,1.0,
56,0,62,438,1.0,
57,0,60,440,1.0,
58,0,59,441,1.0,
59,0,56,444,1.0,
60,0,55,445,1.0,
61,0,51,449,1.0,
62,0,48,452,1.0,
63,0,46,454,1.0,
64,0,45,455,1.0,
65,0,45,455,1.0,
66,0,43,457,1.0,
67,0,43,457,1.0,
68,0,41,459,1.0,
69,0,40,460,1.0,
70,0,38,462,1.0,
71,0,36,464,1.0,
72,0,33,467,1.0,
73,0,32,468,1.0,
74,0,32,468,1.0,
75,0,28,472,1.0,
76,0,28,472,1.0,
77,0,28,472,1.0,
78,0,26,474,1.0,
79,0,26,474,1.0,
80,0,23,477,1.0,
81,0,22,478,1.0,
82,0,20,480,1.0,
83,0,20,480,1.0,
84,0,19,481,1.0,
85,0,17,483,1.0,
86,0,17,483,1.0,
87,0,16,484,1.0,
88,0,14,486,1.0,
89,0,13,487,1.0,
90,0,13,487,1.0,
91,0,13,487,1.0,
92,0,13,487,1.0,
93,0,13,487,1.0,
94,0,13,487,1.0,
95,0,13,487,1.0,
96,0,12,488,1.0,
97,0,12,488,1.0,
98,0,12,488,1.0,
99,0,12,488,1.0,
100,0,12,488,1.0,
101,0,12,488,1.0,
102,0,11,489,1.0,
103,0,10,490,1.0,
104,0,10,490,1.0,
105,0,10,490,1.0,
106,0,8,492,1.0,
107,0,7,493,1.0,
108,0,7,493,1.0,
109,0,6,494,1.0,
110,0,6,494,1.0,
111,0,6,494,1.0,
112,0,6,494,1.0,
113,0,6,494,1.0,
114,0,6,494,1.0,
115,0,6,494,1.0,
116,0,6,494,1.0,
117,0,6,494,1.0,
118,0,6,494,1.0,
119,0,6,494,1.0,
120,0,6,494,1.0,
121,0,5,495,1.0,
122,0,5,495,1.0,
123,0,5,495,1.0,
124,0,4,496,1.0,
125,0,4,496,1.0,
126,0,4,496,1.0,
127,0,4,496,1.0,
128,0,3,497,1.0,
129,0,3,497,1.0,
130,0,3,497,1.0,
131,0,3,497,1.0,
132,0,3,497,1.0,
133,0,3,497,1.0,
134,0,3,497,1.0,
135,0,3,497,1.0,
136,0,3,497,1.0,
137,0,3,497,1.0,
138,0,3,497,1.0,
139,0,3,497,1.0,
140,0,3,497,1.0,
141,0,3,497,1.0,
142,0,3,497,1.0,
143,0,3,497,1.0,
144,0,3,497,1.0,
145,0,3,497,1.0,
146,0,3,497,1.0,
147,0,3,497,1.0,
148,0,3,497,1.0,
149,0,3,497,1.0,
150,0,3,497,1.0,
151,0,3,497,1.0,
152,0,3,497,1.0,
153,0,3,497,1.0,
154,0,3,497,1.0,
155,0,3,497,1.0,
156,0,3,497,1.0,
157,0,3,497,1.0,
158,0,3,497,1.0,
159,0,3,497,1.0,
160,0,3,497,1.0,
161,0,2,498,1.0,
162,0,2,498,1.0,
163,0,2,498,1.0,
164,0,2,498,1.0,
165,0,2,498,1.0,
166,0,2,498,1.0,
167,0,2,498,1.0,
168,0,2,498,1.0,
169,0,2,498,1.0,
170,0,2,498,1.0,
171,0,2,498,1.0,
172,0,2,498,1.0,
173,0,2,498,1.0,
174,0,1,499,1.0,
175,0,1,499,1.0,
176,0,1,499,1.0,
177,0,1,499,1.0,
178,0,1,499,1.0,
179,0,1,499,1.0,
180,0,1,499,1.0,
181,0,1,499,1.0,
182,0,1,499,1.0,
183,0,1,499,1.0,
184,0,1,499,1.0,
185,0,1,499,1.0,
186,0,1,499,1.0,
187,0,1,499,1.0,
188,0,1,499,1.0,
189,0,1,499,1.0,
190,0,1,499,1.0,
191,0,1,499,1.0,
192,0,1,499,1.0,
193,0,1,499,1.0,
194,0,1,499,1.0,
195,0,1,499,1.0,
196,0,1,499,1.0,
197,0,1,499,1.0,
198,0,1,499,1.0,
199,0,0,500,1.0,
200,0,0,500,1.0,
1,498,2,0,0.9980909090909091,1.0
2,495,5,0,0.9910909090909091,0.9964399094111577
3,489,11,0,0.977909090909091,0.9895972169006234
4,481,18,1,0.9633636363636363,0.9818361986859842
5,471,27,2,0.9515454545454546,0.9751443847715723
6,452,44,4,0.9137272727272727,0.9530877163285836
7,419,75,6,0.8532727272727273,0.9130449799038691
8,387,102,11,0.8106363636363636,0.8783039287699094
9,347,137,16,0.7722727272727272,0.836623654692723
10,287,193,20,0.7586363636363637,0.7904747955288683
11,214,252,34,0.792,0.7574140913467009
12,149,302,49,0.8533636363636363,0.7541245928058785
13,82,354,64,0.9254545454545454,0.7730092140704492
14,34,385,81,0.9762727272727273,0.8254023019671592
15,7,396,97,0.9986363636363637,0.9516464124583732
16,2,381,117,0.9996363636363637,0.9564608141398038
17,0,376,124,1.0,
18,0,358,142,1.0,
19,0,344,156,1.0,
20,0,334,166,1.0,
21,0,323,177,1.0,
22,0,312,188,1.0,
23,0,305,195,1.0,
24,0,294,206,1.0,
25,0,281,219,1.0,
26,0,272,228,1.0,
27,0,263,237,1.0,
28,0,251,249,1.0,
29,0,238,262,1.0,
30,0,234,266,1.0,
31,0,225,275,1.0,
32,0,217,283,1.0,
33,0,206,294,1.0,
34,0,200,300,1.0,
35,0,193,307,1.0,
36,0,182,318,1.0,
37,0,174,326,1.0,
38,0,165,335,1.0,
39,0,158,342,1.0,
40,0,149,351,1.0,
41,0,141,359,1.0,
42,0,136,364,1.0,
43,0,129,371,1.0,
44,0,124,376,1.0,
45,0,116,384,1.0,
46,0,110,390,1.0,
47,0,107,393,1.0,
48,0,102,398,1.0,
49,0,100,400,1.0,
50,0,97,403,1.0,
51,0,93,407,1.0,
52,0,86,414,1.0,
53,0,83,417,1.0,
54,0,81,419,1.0,
55,0,75,425,1.0,
56,0,71,429,1.0,
57,0,68,432,1.0,
58,0,67,433,1.0,
59,0,64,436,1.0,
60,0,59,441,1.0,
61,0,56,444,1.0,
62,0,54,446,1.0,
63,0,51,449,1.0,
64,0,48,452,1.0,
65,0,44,456,1.0,
66,0,42,458,1.0,
67,0,41,459,1.0,
68,0,39,461,1.0,
69,0,36,464,1.0,
70,0,33,467,1.0,
71,0,31,469,1.0,
72,0,29,471,1.0,
73,0,28,472,1.0,
74,0,28,472,1.0,
75,0,25,475,1.0,
76,0,24,476,1.0,
77,0,24,476,1.0,
78,0,24,476,1.0,
79,0,24,476,1.0,
80,0,23,477,1.0,
81,0,22,478,1.0,
82,0,22,478,1.0,
83,0,21,479,1.0,
84,0,19,481,1.0,
85,0,17,483,1.0,
86,0,17,483,1.0,
87,0,17,483,1.0,
88,0,17,483,1.0,
89,0,16,484,1.0,
90,0,16,484,1.0,
91,0,13,487,1.0,
92,0,13,487,1.0,
93,0,13,487,1.0,
94,0,11,489,1.0,
95,0,10,490,1.0,
96,0,10,490,1.0,
97,0,10,490,1.0,
98,0,10,490,1.0,
99,0,10,490,1.0,
100,0,7,493,1.0,
101,0,7,493,1.0,
102,0,7,493,1.0,
103,0,7,493,1.0,
104,0,7,493,1.0,
105,0,7,493,1.0,
106,0,7,493,1.0,
107,0,7,493,1.0,
108,0,6,494,1.0,
109,0,6,494,1.0,
110,0,6,494,1.0,
111,0,6,494,1.0,
112,0,6,494,1.0,
113,0,6,494,1.0,
114,0,6,494,1.0,
115,0,5,495,1.0,
116,0,5,495,1.0,
117,0,5,495,1.0,
118,0,5,495,1.0,
119,0,4,496,1.0,
120,0,4,496,1.0,
121,0,4,496,1.0,
122,0,4,496,1.0,
123,0,4,496,1.0,
124,0,4,496,1.0,
125,0,4,496,1.0,
126,0,4,496,1.0,
127,0,4,496,1.0,
128,0,4,496,1.0,
129,0,4,496,1.0,
130,0,4,496,1.0,
131,0,4,496,1.0,
132,0,4,496,1.0,
133,0,4,496,1.0,
134,0,4,496,1.0,
135,0,4,496,1.0,
136,0,3,497,1.0,
137,0,3,497,1.0,
138,0,3,497,1.0,
139,0,2,498,1.0,
140,0,2,498,1.0,
141,0,2,498,1.0,
142,0,2,498,1.0,
143,0,2,498,1.0,
144,0,2,498,1.0,
145,0,2,498,1.0,
146,0,2,498,1.0,
147,0,1,499,1.0,
148,0,1,499,1.0,
149,0,1,499,1.0,
150,0,1,499,1.0,
151,0,1,499,1.0,
152,0,1,499,1.0,
153,0,1,499,1.0,
154,0,1,499,1.0,
155,0,1,499,1.0,
156,0,1,499,1.0,
157,0,1,499,1.0,
158,0,1,499,1.0,
159,0,1,499,1.0,
160,0,1,499,1.0,
161,0,1,499,1.0,
162,0,1,499,1.0,
163,0,1,499,1.0,
164,0,1,499,1.0,
165,0,1,499,1.0,
166,0,1,499,1.0,
167,0,1,499,1.0,
168,0,1,499,1.0,
169,0,1,499,1.0,
170,0,1,499,1.0,
171,0,1,499,1.0,
172,0,1,499,1.0,
173,0,1,499,1.0,
174,0,1,499,1.0,
175,0,1,499,1.0,
176,0,1,499,1.0,
177,0,1,499,1.0,
178,0,1,499,1.0,
179,0,1,499,1.0,
180,0,1,499,1.0,
181,0,1,499,1.0,
182,0,1,499,1.0,
183,0,1,499,1.0,
184,0,1,499,1.0,
185,0,1,499,1.0,
186,0,1,499,1.0,
187,0,1,499,1.0,
188,0,1,499,1.0,
189,0,1,499,1.0,
190,0,1,499,1.0,
191,0,1,499,1.0,
192,0,1,499,1.0,
193,0,1,499,1.0,
194,0,1,499,1.0,
195,0,1,499,1.0,
196,0,1,499,1.0,
197,0,1,499,1.0,
198,0,1,499,1.0,
199,0,1,499,1.0,
200,0,1,499,1.0,
