day,s,i,r,edgecount,suscedgecount
1,998,2,0,0.9987727272727273,1.0
2,997,3,0,0.9977272727272727,0.9994883777297509
3,993,7,0,0.994,0.9976054772727794
4,986,14,0,0.9865454545454545,0.9938149064363523
5,976,23,1,0.978909090909091,0.9898546271769441
6,955,42,3,0.9648181818181818,0.9822372675616158
7,917,78,5,0.9368181818181818,0.9661151092463073
8,870,121,9,0.901090909090909,0.943807688177916
9,807,177,16,0.8587272727272727,0.913115775152114
10,728,247,25,0.8096363636363636,0.8698537929357212
11,630,332,38,0.7665454545454545,0.8154363873632807
12,529,416,55,0.7639545454545454,0.7774503979557381
13,397,528,75,0.7965454545454546,0.7435272741428985
14,258,649,93,0.871,0.7480269705581213
15,124,750,126,0.949590909090909,0.7939033828812633
16,47,788,165,0.9848636363636364,0.8361167653401601
17,19,780,201,0.9958636363636364,0.8891344051541498
18,7,764,229,0.9978636363636364,0.8410352452028798
19,5,732,263,0.9979090909090909,0.7828767931860375
20,1,707,292,0.9994090909090909,0.6981019840432698
21,1,681,318,0.9994090909090909,0.6981019840432698
22,1,643,356,0.9994090909090909,0.6981019840432698
23,1,610,389,0.9994545454545455,0.7213720501780454
24,1,576,423,0.9995,0.7446421163128211
25,1,559,440,0.9995,0.7446421163128211
26,0,530,470,1.0,
27,0,499,501,1.0,
28,0,477,523,1.0,
29,0,457,543,1.0,
30,0,441,559,1.0,
31,0,424,576,1.0,
32,0,412,588,1.0,
33,0,395,605,1.0,
34,0,377,623,1.0,
35,0,362,638,1.0,
36,0,351,649,1.0,
37,0,335,665,1.0,
38,0,324,676,1.0,
39,0,313,687,1.0,
40,0,297,703,1.0,
41,0,289,711,1.0,
42,0,273,727,1.0,
43,0,263,737,1.0,
44,0,256,744,1.0,
45,0,249,751,1.0,
46,0,229,771,1.0,
47,0,218,782,1.0,
48,0,210,790,1.0,
49,0,200,800,1.0,
50,0,194,806,1.0,
51,0,187,813,1.0,
52,0,182,818,1.0,
53,0,175,825,1.0,
54,0,167,833,1.0,
55,0,163,837,1.0,
56,0,156,844,1.0,
57,0,151,849,1.0,
58,0,148,852,1.0,
59,0,143,857,1.0,
60,0,136,864,1.0,
61,0,128,872,1.0,
62,0,125,875,1.0,
63,0,117,883,1.0,
64,0,111,889,1.0,
65,0,107,893,1.0,
66,0,99,901,1.0,
67,0,93,907,1.0,
68,0,86,914,1.0,
69,0,82,918,1.0,
70,0,78,922,1.0,
71,0,78,922,1.0,
72,0,72,928,1.0,
73,0,70,930,1.0,
74,0,67,933,1.0,
75,0,65,935,1.0,
76,0,63,937,1.0,
77,0,61,939,1.0,
78,0,56,944,1.0,
79,0,53,947,1.0,
80,0,52,948,1.0,
81,0,51,949,1.0,
82,0,49,951,1.0,
83,0,49,951,1.0,
84,0,47,953,1.0,
85,0,44,956,1.0,
86,0,44,956,1.0,
87,0,43,957,1.0,
88,0,40,960,1.0,
89,0,40,960,1.0,
90,0,40,960,1.0,
91,0,37,963,1.0,
92,0,37,963,1.0,
93,0,32,968,1.0,
94,0,30,970,1.0,
95,0,30,970,1.0,
96,0,27,973,1.0,
97,0,26,974,1.0,
98,0,26,974,1.0,
99,0,25,975,1.0,
100,0,25,975,1.0,
101,0,24,976,1.0,
102,0,24,976,1.0,
103,0,23,977,1.0,
104,0,21,979,1.0,
105,0,20,980,1.0,
106,0,19,981,1.0,
107,0,18,982,1.0,
108,0,18,982,1.0,
109,0,18,982,1.0,
110,0,18,982,1.0,
111,0,18,982,1.0,
112,0,18,982,1.0,
113,0,18,982,1.0,
114,0,16,984,1.0,
115,0,15,985,1.0,
116,0,14,986,1.0,
117,0,13,987,1.0,
118,0,13,987,1.0,
119,0,11,989,1.0,
120,0,11,989,1.0,
121,0,11,989,1.0,
122,0,11,989,1.0,
123,0,9,991,1.0,
124,0,9,991,1.0,
125,0,9,991,1.0,
126,0,8,992,1.0,
127,0,7,993,1.0,
128,0,6,994,1.0,
129,0,6,994,1.0,
130,0,6,994,1.0,
131,0,6,994,1.0,
132,0,6,994,1.0,
133,0,6,994,1.0,
134,0,5,995,1.0,
135,0,5,995,1.0,
136,0,5,995,1.0,
137,0,4,996,1.0,
138,0,4,996,1.0,
139,0,4,996,1.0,
140,0,3,997,1.0,
141,0,3,997,1.0,
142,0,3,997,1.0,
143,0,3,997,1.0,
144,0,3,997,1.0,
145,0,3,997,1.0,
146,0,3,997,1.0,
147,0,3,997,1.0,
148,0,2,998,1.0,
149,0,2,998,1.0,
150,0,2,998,1.0,
151,0,2,998,1.0,
152,0,2,998,1.0,
153,0,2,998,1.0,
154,0,2,998,1.0,
155,0,2,998,1.0,
156,0,2,998,1.0,
157,0,2,998,1.0,
158,0,2,998,1.0,
159,0,2,998,1.0,
160,0,2,998,1.0,
161,0,2,998,1.0,
162,0,2,998,1.0,
163,0,2,998,1.0,
164,0,2,998,1.0,
165,0,2,998,1.0,
166,0,2,998,1.0,
167,0,2,998,1.0,
168,0,2,998,1.0,
169,0,2,998,1.0,
170,0,2,998,1.0,
171,0,1,999,1.0,
172,0,1,999,1.0,
173,0,0,1000,1.0,
174,0,0,1000,1.0,
175,0,0,1000,1.0,
176,0,0,1000,1.0,
177,0,0,1000,1.0,
178,0,0,1000,1.0,
179,0,0,1000,1.0,
180,0,0,1000,1.0,
181,0,0,1000,1.0,
182,0,0,1000,1.0,
183,0,0,1000,1.0,
184,0,0,1000,1.0,
185,0,0,1000,1.0,
186,0,0,1000,1.0,
187,0,0,1000,1.0,
188,0,0,1000,1.0,
189,0,0,1000,1.0,
190,0,0,1000,1.0,
191,0,0,1000,1.0,
192,0,0,1000,1.0,
193,0,0,1000,1.0,
194,0,0,1000,1.0,
195,0,0,1000,1.0,
196,0,0,1000,1.0,
197,0,0,1000,1.0,
198,0,0,1000,1.0,
199,0,0,1000,1.0,
200,0,0,1000,1.0,
1,998,2,0,0.999,1.0
2,993,6,1,0.9943181818181818,0.9976395366015912
3,986,13,1,0.9887727272727272,0.9948088348125742
4,974,24,2,0.9795,0.990008893004798
5,949,46,5,0.9584090909090909,0.978662516766519
6,913,80,7,0.9295909090909091,0.9620636233027656
7,873,115,12,0.9025454545454545,0.9448609056570628
8,800,179,21,0.8698636363636364,0.9192752332715828
9,726,247,27,0.8420909090909091,0.8917204130563515
10,619,345,36,0.7965909090909091,0.8358541918725918
11,511,438,51,0.7821363636363636,0.7872020360976272
12,403,522,75,0.7963181818181818,0.7470314278960625
13,288,608,104,0.8483181818181819,0.7359184493564487
14,201,673,126,0.898,0.7448540394172488
15,105,735,160,0.9557727272727272,0.7872735193119469
16,46,757,197,0.9845454545454545,0.8287561143364025
17,13,760,227,0.9960454545454546,0.8456350535298711
18,3,739,258,0.9986818181818182,0.7703232154971813
19,1,715,284,0.9994545454545455,0.7212893291991729
20,1,693,306,0.9994090909090909,0.6980219314830706
21,1,672,327,0.9994090909090909,0.6980219314830706
22,1,640,359,0.9994090909090909,0.6980219314830706
23,1,618,381,0.9994090909090909,0.6980219314830706
24,0,588,412,1.0,
25,0,568,432,1.0,
26,0,545,455,1.0,
27,0,519,481,1.0,
28,0,491,509,1.0,
29,0,465,535,1.0,
30,0,446,554,1.0,
31,0,421,579,1.0,
32,0,409,591,1.0,
33,0,391,609,1.0,
34,0,378,622,1.0,
35,0,362,638,1.0,
36,0,353,647,1.0,
37,0,342,658,1.0,
38,0,326,674,1.0,
39,0,313,687,1.0,
40,0,300,700,1.0,
41,0,289,711,1.0,
42,0,277,723,1.0,
43,0,272,728,1.0,
44,0,263,737,1.0,
45,0,253,747,1.0,
46,0,241,759,1.0,
47,0,230,770,1.0,
48,0,217,783,1.0,
49,0,202,798,1.0,
50,0,196,804,1.0,
51,0,188,812,1.0,
52,0,179,821,1.0,
53,0,173,827,1.0,
54,0,165,835,1.0,
55,0,160,840,1.0,
56,0,153,847,1.0,
57,0,144,856,1.0,
58,0,142,858,1.0,
59,0,139,861,1.0,
60,0,136,864,1.0,
61,0,135,865,1.0,
62,0,128,872,1.0,
63,0,125,875,1.0,
64,0,124,876,1.0,
65,0,118,882,1.0,
66,0,111,889,1.0,
67,0,106,894,1.0,
68,0,101,899,1.0,
69,0,98,902,1.0,
70,0,87,913,1.0,
71,0,78,922,1.0,
72,0,71,929,1.0,
73,0,66,934,1.0,
74,0,63,937,1.0,
75,0,59,941,1.0,
76,0,54,946,1.0,
77,0,51,949,1.0,
78,0,48,952,1.0,
79,0,45,955,1.0,
80,0,43,957,1.0,
81,0,43,957,1.0,
82,0,40,960,1.0,
83,0,40,960,1.0,
84,0,39,961,1.0,
85,0,39,961,1.0,
86,0,34,966,1.0,
87,0,32,968,1.0,
88,0,32,968,1.0,
89,0,32,968,1.0,
90,0,31,969,1.0,
91,0,30,970,1.0,
92,0,29,971,1.0,
93,0,28,972,1.0,
94,0,28,972,1.0,
95,0,28,972,1.0,
96,0,27,973,1.0,
97,0,26,974,1.0,
98,0,26,974,1.0,
99,0,25,975,1.0,
100,0,24,976,1.0,
101,0,21,979,1.0,
102,0,19,981,1.0,
103,0,18,982,1.0,
104,0,18,982,1.0,
105,0,18,982,1.0,
106,0,18,982,1.0,
107,0,16,984,1.0,
108,0,16,984,1.0,
109,0,15,985,1.0,
110,0,13,987,1.0,
111,0,12,988,1.0,
112,0,12,988,1.0,
113,0,12,988,1.0,
114,0,11,989,1.0,
115,0,11,989,1.0,
116,0,10,990,1.0,
117,0,10,990,1.0,
118,0,10,990,1.0,
119,0,10,990,1.0,
120,0,10,990,1.0,
121,0,10,990,1.0,
122,0,10,990,1.0,
123,0,9,991,1.0,
124,0,8,992,1.0,
125,0,7,993,1.0,
126,0,6,994,1.0,
127,0,6,994,1.0,
128,0,6,994,1.0,
129,0,6,994,1.0,
130,0,6,994,1.0,
131,0,5,995,1.0,
132,0,5,995,1.0,
133,0,5,995,1.0,
134,0,5,995,1.0,
135,0,5,995,1.0,
136,0,5,995,1.0,
137,0,5,995,1.0,
138,0,5,995,1.0,
139,0,5,995,1.0,
140,0,5,995,1.0,
141,0,5,995,1.0,
142,0,5,995,1.0,
143,0,5,995,1.0,
144,0,5,995,1.0,
145,0,5,995,1.0,
146,0,5,995,1.0,
147,0,5,995,1.0,
148,0,5,995,1.0,
149,0,5,995,1.0,
150,0,4,996,1.0,
151,0,4,996,1.0,
152,0,4,996,1.0,
153,0,4,996,1.0,
154,0,4,996,1.0,
155,0,4,996,1.0,
156,0,4,996,1.0,
157,0,3,997,1.0,
158,0,3,997,1.0,
159,0,3,997,1.0,
160,0,3,997,1.0,
161,0,3,997,1.0,
162,0,3,997,1.0,
163,0,3,997,1.0,
164,0,3,997,1.0,
165,0,3,997,1.0,
166,0,3,997,1.0,
167,0,3,997,1.0,
168,0,3,997,1.0,
169,0,2,998,1.0,
170,0,2,998,1.0,
171,0,2,998,1.0,
172,0,2,998,1.0,
173,0,2,998,1.0,
174,0,2,998,1.0,
175,0,2,998,1.0,
176,0,2,998,1.0,
177,0,2,998,1.0,
178,0,2,998,1.0,
179,0,1,999,1.0,
180,0,1,999,1.0,
181,0,1,999,1.0,
182,0,1,999,1.0,
183,0,1,999,1.0,
184,0,1,999,1.0,
185,0,1,999,1.0,
186,0,1,999,1.0,
187,0,1,999,1.0,
188,0,1,999,1.0,
189,0,1,999,1.0,
190,0,1,999,1.0,
191,0,1,999,1.0,
192,0,1,999,1.0,
193,0,1,999,1.0,
194,0,1,999,1.0,
195,0,1,999,1.0,
196,0,1,999,1.0,
197,0,1,999,1.0,
198,0,1,999,1.0,
199,0,0,1000,1.0,
200,0,0,1000,1.0,
1,995,5,0,0.9959545454545454,1.0
2,992,8,0,0.9935,0.9987460941565426
3,985,14,1,0.9890454545454546,0.9964749273199675
4,968,30,2,0.9756818181818182,0.9894891203850068
5,933,64,3,0.9443181818181818,0.9722246656206179
6,892,102,6,0.9065454545454545,0.9496672984703318
7,829,155,16,0.8667727272727273,0.9215489925074433
8,759,212,29,0.8185,0.8821117198209907
9,662,299,39,0.7719090909090909,0.8292011354098502
10,543,405,52,0.7486818181818182,0.769620835378376
11,432,494,74,0.7796818181818181,0.7455230440193465
12,309,599,92,0.8397272727272728,0.7411262908610948
13,167,707,126,0.922409090909091,0.7671903111615562
14,67,780,153,0.9806363636363636,0.8546034984965812
15,23,794,183,0.9941363636363636,0.8719627672915304
16,3,771,226,0.9993636363636363,0.8938067316270647
17,1,744,255,0.9997727272727273,0.8881575482551378
18,0,712,288,1.0,
19,0,693,307,1.0,
20,0,661,339,1.0,
21,0,630,370,1.0,
22,0,608,392,1.0,
23,0,588,412,1.0,
24,0,559,441,1.0,
25,0,539,461,1.0,
26,0,519,481,1.0,
27,0,491,509,1.0,
28,0,475,525,1.0,
29,0,458,542,1.0,
30,0,438,562,1.0,
31,0,424,576,1.0,
32,0,410,590,1.0,
33,0,401,599,1.0,
34,0,390,610,1.0,
35,0,377,623,1.0,
36,0,366,634,1.0,
37,0,349,651,1.0,
38,0,332,668,1.0,
39,0,317,683,1.0,
40,0,301,699,1.0,
41,0,290,710,1.0,
42,0,281,719,1.0,
43,0,272,728,1.0,
44,0,266,734,1.0,
45,0,251,749,1.0,
46,0,240,760,1.0,
47,0,228,772,1.0,
48,0,218,782,1.0,
49,0,207,793,1.0,
50,0,200,800,1.0,
51,0,193,807,1.0,
52,0,186,814,1.0,
53,0,180,820,1.0,
54,0,176,824,1.0,
55,0,170,830,1.0,
56,0,166,834,1.0,
57,0,159,841,1.0,
58,0,152,848,1.0,
59,0,144,856,1.0,
60,0,131,869,1.0,
61,0,126,874,1.0,
62,0,119,881,1.0,
63,0,116,884,1.0,
64,0,113,887,1.0,
65,0,107,893,1.0,
66,0,99,901,1.0,
67,0,94,906,1.0,
68,0,91,909,1.0,
69,0,87,913,1.0,
70,0,81,919,1.0,
71,0,75,925,1.0,
72,0,73,927,1.0,
73,0,69,931,1.0,
74,0,66,934,1.0,
75,0,65,935,1.0,
76,0,63,937,1.0,
77,0,61,939,1.0,
78,0,60,940,1.0,
79,0,58,942,1.0,
80,0,56,944,1.0,
81,0,54,946,1.0,
82,0,52,948,1.0,
83,0,51,949,1.0,
84,0,48,952,1.0,
85,0,46,954,1.0,
86,0,43,957,1.0,
87,0,42,958,1.0,
88,0,41,959,1.0,
89,0,38,962,1.0,
90,0,36,964,1.0,
91,0,35,965,1.0,
92,0,34,966,1.0,
93,0,32,968,1.0,
94,0,32,968,1.0,
95,0,31,969,1.0,
96,0,30,970,1.0,
97,0,28,972,1.0,
98,0,28,972,1.0,
99,0,28,972,1.0,
100,0,27,973,1.0,
101,0,27,973,1.0,
102,0,27,973,1.0,
103,0,26,974,1.0,
104,0,23,977,1.0,
105,0,21,979,1.0,
106,0,19,981,1.0,
107,0,19,981,1.0,
108,0,19,981,1.0,
109,0,19,981,1.0,
110,0,19,981,1.0,
111,0,18,982,1.0,
112,0,18,982,1.0,
113,0,18,982,1.0,
114,0,18,982,1.0,
115,0,17,983,1.0,
116,0,17,983,1.0,
117,0,16,984,1.0,
118,0,15,985,1.0,
119,0,13,987,1.0,
120,0,13,987,1.0,
121,0,12,988,1.0,
122,0,10,990,1.0,
123,0,8,992,1.0,
124,0,7,993,1.0,
125,0,6,994,1.0,
126,0,6,994,1.0,
127,0,6,994,1.0,
128,0,6,994,1.0,
129,0,6,994,1.0,
130,0,5,995,1.0,
131,0,4,996,1.0,
132,0,4,996,1.0,
133,0,4,996,1.0,
134,0,3,997,1.0,
135,0,3,997,1.0,
136,0,3,997,1.0,
137,0,3,997,1.0,
138,0,3,997,1.0,
139,0,2,998,1.0,
140,0,2,998,1.0,
141,0,2,998,1.0,
142,0,2,998,1.0,
143,0,2,998,1.0,
144,0,2,998,1.0,
145,0,2,998,1.0,
146,0,2,998,1.0,
147,0,2,998,1.0,
148,0,2,998,1.0,
149,0,2,998,1.0,
150,0,2,998,1.0,
151,0,2,998,1.0,
152,0,2,998,1.0,
153,0,2,998,1.0,
154,0,2,998,1.0,
155,0,2,998,1.0,
156,0,2,998,1.0,
157,0,2,998,1.0,
158,0,2,998,1.0,
159,0,2,998,1.0,
160,0,2,998,1.0,
161,0,2,998,1.0,
162,0,2,998,1.0,
163,0,2,998,1.0,
164,0,2,998,1.0,
165,0,2,998,1.0,
166,0,2,998,1.0,
167,0,2,998,1.0,
168,0,2,998,1.0,
169,0,2,998,1.0,
170,0,2,998,1.0,
171,0,2,998,1.0,
172,0,2,998,1.0,
173,0,2,998,1.0,
174,0,2,998,1.0,
175,0,2,998,1.0,
176,0,2,998,1.0,
177,0,2,998,1.0,
178,0,2,998,1.0,
179,0,2,998,1.0,
180,0,2,998,1.0,
181,0,2,998,1.0,
182,0,2,998,1.0,
183,0,2,998,1.0,
184,0,2,998,1.0,
185,0,2,998,1.0,
186,0,2,998,1.0,
187,0,2,998,1.0,
188,0,2,998,1.0,
189,0,2,998,1.0,
190,0,2,998,1.0,
191,0,2,998,1.0,
192,0,2,998,1.0,
193,0,1,999,1.0,
194,0,1,999,1.0,
195,0,1,999,1.0,
196,0,1,999,1.0,
197,0,1,999,1.0,
198,0,1,999,1.0,
199,0,1,999,1.0,
200,0,1,999,1.0,
1,994,6,0,0.9955909090909091,1.0
2,989,11,0,0.9915,0.9979027127140374
3,982,18,0,0.9851818181818182,0.9946400577774649
4,965,34,1,0.9681363636363637,0.9856606975243524
5,931,67,2,0.9347272727272727,0.9671221183125063
6,884,110,6,0.8915909090909091,0.9409731918737008
7,818,169,13,0.8405454545454546,0.9047704167892116
8,724,252,24,0.799,0.8634319582407068
9,613,344,43,0.7778181818181819,0.8208340799255391
10,486,450,64,0.7838636363636363,0.7792481275673028
11,362,544,94,0.8253636363636364,0.7594928826358104
12,256,621,123,0.8748181818181818,0.7550370216945401
13,152,702,146,0.9323181818181818,0.7757265665429656
14,75,737,188,0.9681818181818181,0.785836423172076
15,30,754,216,0.9904090909090909,0.8382888379917272
16,14,741,245,0.9961818181818182,0.8633130309550052
17,6,713,281,0.9981818181818182,0.8490746277721326
18,1,690,309,0.9997272727272727,0.8623855024182127
19,0,658,342,1.0,
20,0,634,366,1.0,
21,0,613,387,1.0,
22,0,595,405,1.0,
23,0,573,427,1.0,
24,0,548,452,1.0,
25,0,519,481,1.0,
26,0,505,495,1.0,
27,0,484,516,1.0,
28,0,469,531,1.0,
29,0,451,549,1.0,
30,0,432,568,1.0,
31,0,417,583,1.0,
32,0,401,599,1.0,
33,0,384,616,1.0,
34,0,371,629,1.0,
35,0,355,645,1.0,
36,0,337,663,1.0,
37,0,321,679,1.0,
38,0,310,690,1.0,
39,0,292,708,1.0,
40,0,278,722,1.0,
41,0,271,729,1.0,
42,0,262,738,1.0,
43,0,247,753,1.0,
44,0,233,767,1.0,
45,0,224,776,1.0,
46,0,213,787,1.0,
47,0,201,799,1.0,
48,0,190,810,1.0,
49,0,183,817,1.0,
50,0,176,824,1.0,
51,0,169,831,1.0,
52,0,161,839,1.0,
53,0,156,844,1.0,
54,0,153,847,1.0,
55,0,147,853,1.0,
56,0,143,857,1.0,
57,0,135,865,1.0,
58,0,132,868,1.0,
59,0,129,871,1.0,
60,0,123,877,1.0,
61,0,116,884,1.0,
62,0,108,892,1.0,
63,0,98,902,1.0,
64,0,95,905,1.0,
65,0,87,913,1.0,
66,0,84,916,1.0,
67,0,81,919,1.0,
68,0,79,921,1.0,
69,0,76,924,1.0,
70,0,71,929,1.0,
71,0,68,932,1.0,
72,0,65,935,1.0,
73,0,61,939,1.0,
74,0,59,941,1.0,
75,0,55,945,1.0,
76,0,52,948,1.0,
77,0,50,950,1.0,
78,0,48,952,1.0,
79,0,46,954,1.0,
80,0,43,957,1.0,
81,0,40,960,1.0,
82,0,40,960,1.0,
83,0,36,964,1.0,
84,0,36,964,1.0,
85,0,33,967,1.0,
86,0,33,967,1.0,
87,0,33,967,1.0,
88,0,33,967,1.0,
89,0,32,968,1.0,
90,0,30,970,1.0,
91,0,28,972,1.0,
92,0,27,973,1.0,
93,0,24,976,1.0,
94,0,23,977,1.0,
95,0,22,978,1.0,
96,0,21,979,1.0,
97,0,20,980,1.0,
98,0,19,981,1.0,
99,0,17,983,1.0,
100,0,15,985,1.0,
101,0,14,986,1.0,
102,0,13,987,1.0,
103,0,13,987,1.0,
104,0,13,987,1.0,
105,0,11,989,1.0,
106,0,10,990,1.0,
107,0,10,990,1.0,
108,0,8,992,1.0,
109,0,8,992,1.0,
110,0,8,992,1.0,
111,0,8,992,1.0,
112,0,7,993,1.0,
113,0,7,993,1.0,
114,0,7,993,1.0,
115,0,6,994,1.0,
116,0,5,995,1.0,
117,0,5,995,1.0,
118,0,5,995,1.0,
119,0,5,995,1.0,
120,0,5,995,1.0,
121,0,5,995,1.0,
122,0,5,995,1.0,
123,0,5,995,1.0,
124,0,5,995,1.0,
125,0,4,996,1.0,
126,0,4,996,1.0,
127,0,4,996,1.0,
128,0,4,996,1.0,
129,0,4,996,1.0,
130,0,4,996,1.0,
131,0,4,996,1.0,
132,0,4,996,1.0,
133,0,4,996,1.0,
134,0,3,997,1.0,
135,0,3,997,1.0,
136,0,2,998,1.0,
137,0,2,998,1.0,
138,0,2,998,1.0,
139,0,2,998,1.0,
140,0,2,998,1.0,
141,0,1,999,1.0,
142,0,1,999,1.0,
143,0,1,999,1.0,
144,0,1,999,1.0,
145,0,1,999,1.0,
146,0,0,1000,1.0,
147,0,0,1000,1.0,
148,0,0,1000,1.0,
149,0,0,1000,1.0,
150,0,0,1000,1.0,
151,0,0,1000,1.0,
152,0,0,1000,1.0,
153,0,0,1000,1.0,
154,0,0,1000,1.0,
155,0,0,1000,1.0,
156,0,0,1000,1.0,
157,0,0,1000,1.0,
158,0,0,1000,1.0,
159,0,0,1000,1.0,
160,0,0,1000,1.0,
161,0,0,1000,1.0,
162,0,0,1000,1.0,
163,0,0,1000,1.0,
164,0,0,1000,1.0,
165,0,0,1000,1.0,
166,0,0,1000,1.0,
167,0,0,1000,1.0,
168,0,0,1000,1.0,
169,0,0,1000,1.0,
170,0,0,1000,1.0,
171,0,0,1000,1.0,
172,0,0,1000,1.0,
173,0,0,1000,1.0,
174,0,0,1000,1.0,
175,0,0,1000,1.0,
176,0,0,1000,1.0,
177,0,0,1000,1.0,
178,0,0,1000,1.0,
179,0,0,1000,1.0,
180,0,0,1000,1.0,
181,0,0,1000,1.0,
182,0,0,1000,1.0,
183,0,0,1000,1.0,
184,0,0,1000,1.0,
185,0,0,1000,1.0,
186,0,0,1000,1.0,
187,0,0,1000,1.0,
188,0,0,1000,1.0,
189,0,0,1000,1.0,
190,0,0,1000,1.0,
191,0,0,1000,1.0,
192,0,0,1000,1.0,
193,0,0,1000,1.0,
194,0,0,1000,1.0,
195,0,0,1000,1.0,
196,0,0,1000,1.0,
197,0,0,1000,1.0,
198,0,0,1000,1.0,
199,0,0,1000,1.0,
200,0,0,1000,1.0,
1,997,2,1,0.9989090909090909,1.0
2,995,3,2,0.9988636363636364,0.9999786510156552
3,988,10,2,0.9924090909090909,0.9967129400229856
4,982,16,2,0.9871818181818182,0.9940509502027367
5,969,26,5,0.9778636363636364,0.9891703315795892
6,939,52,9,0.9505,0.974197963615966
7,901,83,16,0.9203636363636364,0.9563422658944419
8,829,149,22,0.8568636363636364,0.9141604598841477
9,760,216,24,0.8163636363636364,0.8795350456586788
10,652,309,39,0.7802272727272728,0.831517291671194
11,542,394,64,0.7744090909090909,0.791933177825638
12,425,488,87,0.795409090909091,0.7590004365546893
13,306,592,102,0.8445454545454546,0.7454359075707868
14,185,681,134,0.9070909090909091,0.7471365462237467
15,102,737,161,0.9600909090909091,0.8025365575484392
16,38,773,189,0.9883636363636363,0.8424188264416189
17,16,767,217,0.9955454545454545,0.8559315285494293
18,4,749,247,0.9985,0.805924728950849
19,0,722,278,1.0,
20,0,691,309,1.0,
21,0,653,347,1.0,
22,0,626,374,1.0,
23,0,598,402,1.0,
24,0,572,428,1.0,
25,0,552,448,1.0,
26,0,527,473,1.0,
27,0,509,491,1.0,
28,0,485,515,1.0,
29,0,462,538,1.0,
30,0,452,548,1.0,
31,0,434,566,1.0,
32,0,411,589,1.0,
33,0,399,601,1.0,
34,0,377,623,1.0,
35,0,363,637,1.0,
36,0,346,654,1.0,
37,0,331,669,1.0,
38,0,318,682,1.0,
39,0,302,698,1.0,
40,0,291,709,1.0,
41,0,279,721,1.0,
42,0,265,735,1.0,
43,0,257,743,1.0,
44,0,246,754,1.0,
45,0,228,772,1.0,
46,0,222,778,1.0,
47,0,210,790,1.0,
48,0,204,796,1.0,
49,0,194,806,1.0,
50,0,189,811,1.0,
51,0,185,815,1.0,
52,0,179,821,1.0,
53,0,176,824,1.0,
54,0,169,831,1.0,
55,0,160,840,1.0,
56,0,157,843,1.0,
57,0,147,853,1.0,
58,0,141,859,1.0,
59,0,138,862,1.0,
60,0,129,871,1.0,
61,0,122,878,1.0,
62,0,119,881,1.0,
63,0,114,886,1.0,
64,0,108,892,1.0,
65,0,105,895,1.0,
66,0,101,899,1.0,
67,0,95,905,1.0,
68,0,91,909,1.0,
69,0,89,911,1.0,
70,0,86,914,1.0,
71,0,82,918,1.0,
72,0,82,918,1.0,
73,0,80,920,1.0,
74,0,74,926,1.0,
75,0,73,927,1.0,
76,0,71,929,1.0,
77,0,70,930,1.0,
78,0,68,932,1.0,
79,0,65,935,1.0,
80,0,62,938,1.0,
81,0,60,940,1.0,
82,0,59,941,1.0,
83,0,57,943,1.0,
84,0,53,947,1.0,
85,0,53,947,1.0,
86,0,52,948,1.0,
87,0,52,948,1.0,
88,0,48,952,1.0,
89,0,46,954,1.0,
90,0,43,957,1.0,
91,0,42,958,1.0,
92,0,42,958,1.0,
93,0,41,959,1.0,
94,0,40,960,1.0,
95,0,39,961,1.0,
96,0,39,961,1.0,
97,0,34,966,1.0,
98,0,32,968,1.0,
99,0,31,969,1.0,
100,0,30,970,1.0,
101,0,30,970,1.0,
102,0,29,971,1.0,
103,0,29,971,1.0,
104,0,27,973,1.0,
105,0,27,973,1.0,
106,0,26,974,1.0,
107,0,26,974,1.0,
108,0,26,974,1.0,
109,0,26,974,1.0,
110,0,24,976,1.0,
111,0,22,978,1.0,
112,0,20,980,1.0,
113,0,19,981,1.0,
114,0,18,982,1.0,
115,0,18,982,1.0,
116,0,16,984,1.0,
117,0,15,985,1.0,
118,0,14,986,1.0,
119,0,14,986,1.0,
120,0,13,987,1.0,
121,0,13,987,1.0,
122,0,12,988,1.0,
123,0,10,990,1.0,
124,0,10,990,1.0,
125,0,10,990,1.0,
126,0,10,990,1.0,
127,0,10,990,1.0,
128,0,10,990,1.0,
129,0,10,990,1.0,
130,0,10,990,1.0,
131,0,10,990,1.0,
132,0,9,991,1.0,
133,0,9,991,1.0,
134,0,9,991,1.0,
135,0,8,992,1.0,
136,0,8,992,1.0,
137,0,8,992,1.0,
138,0,8,992,1.0,
139,0,8,992,1.0,
140,0,8,992,1.0,
141,0,8,992,1.0,
142,0,8,992,1.0,
143,0,8,992,1.0,
144,0,8,992,1.0,
145,0,8,992,1.0,
146,0,7,993,1.0,
147,0,7,993,1.0,
148,0,7,993,1.0,
149,0,6,994,1.0,
150,0,6,994,1.0,
151,0,6,994,1.0,
152,0,5,995,1.0,
153,0,5,995,1.0,
154,0,4,996,1.0,
155,0,4,996,1.0,
156,0,4,996,1.0,
157,0,4,996,1.0,
158,0,4,996,1.0,
159,0,3,997,1.0,
160,0,3,997,1.0,
161,0,3,997,1.0,
162,0,3,997,1.0,
163,0,3,997,1.0,
164,0,3,997,1.0,
165,0,3,997,1.0,
166,0,3,997,1.0,
167,0,3,997,1.0,
168,0,2,998,1.0,
169,0,2,998,1.0,
170,0,2,998,1.0,
171,0,2,998,1.0,
172,0,2,998,1.0,
173,0,2,998,1.0,
174,0,2,998,1.0,
175,0,2,998,1.0,
176,0,2,998,1.0,
177,0,2,998,1.0,
178,0,2,998,1.0,
179,0,2,998,1.0,
180,0,2,998,1.0,
181,0,1,999,1.0,
182,0,1,999,1.0,
183,0,1,999,1.0,
184,0,1,999,1.0,
185,0,1,999,1.0,
186,0,1,999,1.0,
187,0,1,999,1.0,
188,0,1,999,1.0,
189,0,1,999,1.0,
190,0,1,999,1.0,
191,0,1,999,1.0,
192,0,1,999,1.0,
193,0,1,999,1.0,
194,0,1,999,1.0,
195,0,1,999,1.0,
196,0,1,999,1.0,
197,0,1,999,1.0,
198,0,1,999,1.0,
199,0,1,999,1.0,
200,0,1,999,1.0,
1,996,4,0,0.9965,1.0
2,992,7,1,0.9948636363636364,0.9991699745255673
3,986,10,4,0.9928181818181818,0.9981220609903085
4,972,24,4,0.9815909090909091,0.9923057892047096
5,949,44,7,0.9612272727272727,0.9813286183095998
6,902,86,12,0.9195454545454546,0.9571277542605279
7,855,128,17,0.8778636363636364,0.9302542723558527
8,787,189,24,0.8213636363636364,0.8883016578120884
9,708,255,37,0.785,0.8495548489910053
10,605,333,62,0.7745,0.8144821713445127
11,496,422,82,0.7785454545454545,0.7771644146063533
12,365,537,98,0.8161818181818182,0.748584831624518
13,241,628,131,0.8792727272727273,0.7497286600835055
14,133,711,156,0.9393636363636364,0.77121564328933
15,51,759,190,0.9828181818181818,0.8297717841380048
16,16,763,221,0.9960909090909091,0.8752055820285062
17,7,741,252,0.9982272727272727,0.8695659719774642
18,3,713,284,0.9992727272727273,0.8865081283696287
19,0,686,314,1.0,
20,0,663,337,1.0,
21,0,630,370,1.0,
22,0,609,391,1.0,
23,0,585,415,1.0,
24,0,558,442,1.0,
25,0,533,467,1.0,
26,0,506,494,1.0,
27,0,478,522,1.0,
28,0,456,544,1.0,
29,0,443,557,1.0,
30,0,424,576,1.0,
31,0,404,596,1.0,
32,0,394,606,1.0,
33,0,382,618,1.0,
34,0,365,635,1.0,
35,0,355,645,1.0,
36,0,335,665,1.0,
37,0,320,680,1.0,
38,0,304,696,1.0,
39,0,293,707,1.0,
40,0,287,713,1.0,
41,0,276,724,1.0,
42,0,261,739,1.0,
43,0,257,743,1.0,
44,0,247,753,1.0,
45,0,235,765,1.0,
46,0,227,773,1.0,
47,0,213,787,1.0,
48,0,204,796,1.0,
49,0,190,810,1.0,
50,0,184,816,1.0,
51,0,180,820,1.0,
52,0,170,830,1.0,
53,0,164,836,1.0,
54,0,153,847,1.0,
55,0,149,851,1.0,
56,0,141,859,1.0,
57,0,131,869,1.0,
58,0,129,871,1.0,
59,0,124,876,1.0,
60,0,121,879,1.0,
61,0,119,881,1.0,
62,0,111,889,1.0,
63,0,107,893,1.0,
64,0,104,896,1.0,
65,0,103,897,1.0,
66,0,99,901,1.0,
67,0,96,904,1.0,
68,0,94,906,1.0,
69,0,90,910,1.0,
70,0,84,916,1.0,
71,0,78,922,1.0,
72,0,75,925,1.0,
73,0,73,927,1.0,
74,0,71,929,1.0,
75,0,69,931,1.0,
76,0,65,935,1.0,
77,0,64,936,1.0,
78,0,62,938,1.0,
79,0,57,943,1.0,
80,0,55,945,1.0,
81,0,54,946,1.0,
82,0,51,949,1.0,
83,0,49,951,1.0,
84,0,47,953,1.0,
85,0,44,956,1.0,
86,0,42,958,1.0,
87,0,40,960,1.0,
88,0,35,965,1.0,
89,0,35,965,1.0,
90,0,33,967,1.0,
91,0,33,967,1.0,
92,0,31,969,1.0,
93,0,31,969,1.0,
94,0,30,970,1.0,
95,0,30,970,1.0,
96,0,28,972,1.0,
97,0,28,972,1.0,
98,0,28,972,1.0,
99,0,26,974,1.0,
100,0,26,974,1.0,
101,0,24,976,1.0,
102,0,21,979,1.0,
103,0,20,980,1.0,
104,0,20,980,1.0,
105,0,18,982,1.0,
106,0,18,982,1.0,
107,0,17,983,1.0,
108,0,17,983,1.0,
109,0,15,985,1.0,
110,0,13,987,1.0,
111,0,12,988,1.0,
112,0,12,988,1.0,
113,0,12,988,1.0,
114,0,11,989,1.0,
115,0,10,990,1.0,
116,0,10,990,1.0,
117,0,9,991,1.0,
118,0,9,991,1.0,
119,0,9,991,1.0,
120,0,9,991,1.0,
121,0,8,992,1.0,
122,0,8,992,1.0,
123,0,7,993,1.0,
124,0,7,993,1.0,
125,0,7,993,1.0,
126,0,7,993,1.0,
127,0,6,994,1.0,
128,0,6,994,1.0,
129,0,5,995,1.0,
130,0,5,995,1.0,
131,0,5,995,1.0,
132,0,5,995,1.0,
133,0,5,995,1.0,
134,0,5,995,1.0,
135,0,5,995,1.0,
136,0,5,995,1.0,
137,0,5,995,1.0,
138,0,5,995,1.0,
139,0,5,995,1.0,
140,0,5,995,1.0,
141,0,4,996,1.0,
142,0,4,996,1.0,
143,0,2,998,1.0,
144,0,2,998,1.0,
145,0,1,999,1.0,
146,0,1,999,1.0,
147,0,1,999,1.0,
148,0,1,999,1.0,
149,0,1,999,1.0,
150,0,1,999,1.0,
151,0,1,999,1.0,
152,0,1,999,1.0,
153,0,1,999,1.0,
154,0,1,999,1.0,
155,0,1,999,1.0,
156,0,1,999,1.0,
157,0,1,999,1.0,
158,0,0,1000,1.0,
159,0,0,1000,1.0,
160,0,0,1000,1.0,
161,0,0,1000,1.0,
162,0,0,1000,1.0,
163,0,0,1000,1.0,
164,0,0,1000,1.0,
165,0,0,1000,1.0,
166,0,0,1000,1.0,
167,0,0,1000,1.0,
168,0,0,1000,1.0,
169,0,0,1000,1.0,
170,0,0,1000,1.0,
171,0,0,1000,1.0,
172,0,0,1000,1.0,
173,0,0,1000,1.0,
174,0,0,1000,1.0,
175,0,0,1000,1.0,
176,0,0,1000,1.0,
177,0,0,1000,1.0,
178,0,0,1000,1.0,
179,0,0,1000,1.0,
180,0,0,1000,1.0,
181,0,0,1000,1.0,
182,0,0,1000,1.0,
183,0,0,1000,1.0,
184,0,0,1000,1.0,
185,0,0,1000,1.0,
186,0,0,1000,1.0,
187,0,0,1000,1.0,
188,0,0,1000,1.0,
189,0,0,1000,1.0,
190,0,0,1000,1.0,
191,0,0,1000,1.0,
192,0,0,1000,1.0,
193,0,0,1000,1.0,
194,0,0,1000,1.0,
195,0,0,1000,1.0,
196,0,0,1000,1.0,
197,0,0,1000,1.0,
198,0,0,1000,1.0,
199,0,0,1000,1.0,
200,0,0,1000,1.0,
1,998,2,0,0.9988636363636364,1.0
2,994,6,0,0.9946363636363637,0.99787175576315
3,988,12,0,0.9895,0.9952668327487743
4,977,19,4,0.9823636363636363,0.9915506949038243
5,966,30,4,0.9705909090909091,0.9853728840455619
6,940,54,6,0.9488636363636364,0.9734356301935462
7,903,85,12,0.923,0.9579240200820506
8,847,135,18,0.8911818181818182,0.9362092938574565
9,760,215,25,0.8542272727272727,0.904669251701873
10,688,273,39,0.8298636363636364,0.87704111321155
11,576,372,52,0.7973636363636364,0.8247397963254263
12,474,444,82,0.7950909090909091,0.7847825039632912
13,374,519,107,0.8146818181818182,0.7530206344847141
14,269,593,138,0.859,0.7376375636578779
15,173,653,174,0.9145,0.7517809149230262
16,85,718,197,0.9637272727272728,0.784722936820441
17,37,739,224,0.9835,0.7735492109591194
18,17,723,260,0.9923636363636363,0.7737444580428577
19,7,696,297,0.997,0.7828727715984081
20,2,669,329,0.9990909090909091,0.7705220316262874
21,1,641,358,0.9994545454545455,0.7213397742884392
22,0,619,381,1.0,
23,0,589,411,1.0,
24,0,560,440,1.0,
25,0,540,460,1.0,
26,0,519,481,1.0,
27,0,504,496,1.0,
28,0,486,514,1.0,
29,0,470,530,1.0,
30,0,451,549,1.0,
31,0,432,568,1.0,
32,0,415,585,1.0,
33,0,394,606,1.0,
34,0,379,621,1.0,
35,0,359,641,1.0,
36,0,345,655,1.0,
37,0,332,668,1.0,
38,0,320,680,1.0,
39,0,305,695,1.0,
40,0,287,713,1.0,
41,0,274,726,1.0,
42,0,266,734,1.0,
43,0,256,744,1.0,
44,0,247,753,1.0,
45,0,238,762,1.0,
46,0,230,770,1.0,
47,0,224,776,1.0,
48,0,217,783,1.0,
49,0,207,793,1.0,
50,0,198,802,1.0,
51,0,190,810,1.0,
52,0,179,821,1.0,
53,0,170,830,1.0,
54,0,167,833,1.0,
55,0,162,838,1.0,
56,0,155,845,1.0,
57,0,147,853,1.0,
58,0,142,858,1.0,
59,0,139,861,1.0,
60,0,134,866,1.0,
61,0,131,869,1.0,
62,0,124,876,1.0,
63,0,120,880,1.0,
64,0,115,885,1.0,
65,0,113,887,1.0,
66,0,110,890,1.0,
67,0,107,893,1.0,
68,0,99,901,1.0,
69,0,94,906,1.0,
70,0,91,909,1.0,
71,0,86,914,1.0,
72,0,80,920,1.0,
73,0,79,921,1.0,
74,0,76,924,1.0,
75,0,73,927,1.0,
76,0,72,928,1.0,
77,0,71,929,1.0,
78,0,69,931,1.0,
79,0,67,933,1.0,
80,0,62,938,1.0,
81,0,62,938,1.0,
82,0,59,941,1.0,
83,0,57,943,1.0,
84,0,55,945,1.0,
85,0,53,947,1.0,
86,0,51,949,1.0,
87,0,49,951,1.0,
88,0,47,953,1.0,
89,0,45,955,1.0,
90,0,43,957,1.0,
91,0,42,958,1.0,
92,0,40,960,1.0,
93,0,37,963,1.0,
94,0,34,966,1.0,
95,0,34,966,1.0,
96,0,30,970,1.0,
97,0,30,970,1.0,
98,0,30,970,1.0,
99,0,30,970,1.0,
100,0,30,970,1.0,
101,0,29,971,1.0,
102,0,29,971,1.0,
103,0,28,972,1.0,
104,0,24,976,1.0,
105,0,24,976,1.0,
106,0,23,977,1.0,
107,0,23,977,1.0,
108,0,23,977,1.0,
109,0,23,977,1.0,
110,0,22,978,1.0,
111,0,21,979,1.0,
112,0,19,981,1.0,
113,0,18,982,1.0,
114,0,18,982,1.0,
115,0,16,984,1.0,
116,0,15,985,1.0,
117,0,15,985,1.0,
118,0,13,987,1.0,
119,0,13,987,1.0,
120,0,13,987,1.0,
121,0,13,987,1.0,
122,0,13,987,1.0,
123,0,13,987,1.0,
124,0,10,990,1.0,
125,0,10,990,1.0,
126,0,10,990,1.0,
127,0,10,990,1.0,
128,0,9,991,1.0,
129,0,9,991,1.0,
130,0,8,992,1.0,
131,0,8,992,1.0,
132,0,7,993,1.0,
133,0,7,993,1.0,
134,0,7,993,1.0,
135,0,7,993,1.0,
136,0,7,993,1.0,
137,0,7,993,1.0,
138,0,7,993,1.0,
139,0,7,993,1.0,
140,0,7,993,1.0,
141,0,7,993,1.0,
142,0,6,994,1.0,
143,0,6,994,1.0,
144,0,6,994,1.0,
145,0,6,994,1.0,
146,0,6,994,1.0,
147,0,6,994,1.0,
148,0,5,995,1.0,
149,0,5,995,1.0,
150,0,4,996,1.0,
151,0,4,996,1.0,
152,0,3,997,1.0,
153,0,3,997,1.0,
154,0,3,997,1.0,
155,0,3,997,1.0,
156,0,3,997,1.0,
157,0,3,997,1.0,
158,0,2,998,1.0,
159,0,2,998,1.0,
160,0,2,998,1.0,
161,0,2,998,1.0,
162,0,2,998,1.0,
163,0,2,998,1.0,
164,0,2,998,1.0,
165,0,2,998,1.0,
166,0,2,998,1.0,
167,0,2,998,1.0,
168,0,2,998,1.0,
169,0,2,998,1.0,
170,0,2,998,1.0,
171,0,2,998,1.0,
172,0,2,998,1.0,
173,0,2,998,1.0,
174,0,2,998,1.0,
175,0,2,998,1.0,
176,0,2,998,1.0,
177,0,2,998,1.0,
178,0,2,998,1.0,
179,0,2,998,1.0,
180,0,2,998,1.0,
181,0,2,998,1.0,
182,0,2,998,1.0,
183,0,2,998,1.0,
184,0,2,998,1.0,
185,0,2,998,1.0,
186,0,1,999,1.0,
187,0,1,999,1.0,
188,0,1,999,1.0,
189,0,1,999,1.0,
190,0,1,999,1.0,
191,0,1,999,1.0,
192,0,1,999,1.0,
193,0,1,999,1.0,
194,0,1,999,1.0,
195,0,1,999,1.0,
196,0,1,999,1.0,
197,0,1,999,1.0,
198,0,1,999,1.0,
199,0,1,999,1.0,
200,0,1,999,1.0,
1,998,2,0,0.9990454545454546,1.0
2,993,7,0,0.9959090909090909,0.9984369151171877
3,987,12,1,0.9912272727272727,0.9960534918915275
4,971,27,2,0.9771818181818182,0.9887840144931469
5,943,55,2,0.9450454545454545,0.9714000545506972
6,898,94,8,0.9025,0.9461459570704509
7,844,143,13,0.8542272727272727,0.9141061204936525
8,766,213,21,0.7993181818181818,0.8692671730182356
9,663,298,39,0.7592272727272728,0.8185417221898027
10,550,397,53,0.7510454545454546,0.7734426502841214
11,430,494,76,0.787409090909091,0.7523752172650141
12,280,623,97,0.8637727272727272,0.7559255162424184
13,144,735,121,0.9378181818181818,0.782979280523315
14,63,780,157,0.976,0.8081179532670397
15,26,781,193,0.9935,0.8713016304254423
16,5,763,232,0.9990454545454546,0.9029086298108753
17,1,740,259,0.9999545454545454,0.9777322717957637
18,0,713,287,1.0,
19,0,686,314,1.0,
20,0,659,341,1.0,
21,0,637,363,1.0,
22,0,609,391,1.0,
23,0,576,424,1.0,
24,0,545,455,1.0,
25,0,519,481,1.0,
26,0,502,498,1.0,
27,0,480,520,1.0,
28,0,456,544,1.0,
29,0,435,565,1.0,
30,0,421,579,1.0,
31,0,408,592,1.0,
32,0,392,608,1.0,
33,0,385,615,1.0,
34,0,369,631,1.0,
35,0,355,645,1.0,
36,0,343,657,1.0,
37,0,336,664,1.0,
38,0,321,679,1.0,
39,0,313,687,1.0,
40,0,303,697,1.0,
41,0,289,711,1.0,
42,0,274,726,1.0,
43,0,265,735,1.0,
44,0,256,744,1.0,
45,0,244,756,1.0,
46,0,232,768,1.0,
47,0,224,776,1.0,
48,0,216,784,1.0,
49,0,206,794,1.0,
50,0,199,801,1.0,
51,0,189,811,1.0,
52,0,187,813,1.0,
53,0,175,825,1.0,
54,0,168,832,1.0,
55,0,159,841,1.0,
56,0,156,844,1.0,
57,0,154,846,1.0,
58,0,149,851,1.0,
59,0,141,859,1.0,
60,0,135,865,1.0,
61,0,132,868,1.0,
62,0,126,874,1.0,
63,0,118,882,1.0,
64,0,110,890,1.0,
65,0,107,893,1.0,
66,0,105,895,1.0,
67,0,103,897,1.0,
68,0,100,900,1.0,
69,0,97,903,1.0,
70,0,93,907,1.0,
71,0,91,909,1.0,
72,0,86,914,1.0,
73,0,80,920,1.0,
74,0,75,925,1.0,
75,0,74,926,1.0,
76,0,69,931,1.0,
77,0,68,932,1.0,
78,0,67,933,1.0,
79,0,63,937,1.0,
80,0,62,938,1.0,
81,0,59,941,1.0,
82,0,55,945,1.0,
83,0,53,947,1.0,
84,0,51,949,1.0,
85,0,49,951,1.0,
86,0,48,952,1.0,
87,0,46,954,1.0,
88,0,44,956,1.0,
89,0,43,957,1.0,
90,0,42,958,1.0,
91,0,40,960,1.0,
92,0,39,961,1.0,
93,0,39,961,1.0,
94,0,36,964,1.0,
95,0,33,967,1.0,
96,0,31,969,1.0,
97,0,31,969,1.0,
98,0,30,970,1.0,
99,0,28,972,1.0,
100,0,28,972,1.0,
101,0,28,972,1.0,
102,0,28,972,1.0,
103,0,28,972,1.0,
104,0,28,972,1.0,
105,0,28,972,1.0,
106,0,28,972,1.0,
107,0,27,973,1.0,
108,0,27,973,1.0,
109,0,26,974,1.0,
110,0,26,974,1.0,
111,0,22,978,1.0,
112,0,20,980,1.0,
113,0,19,981,1.0,
114,0,18,982,1.0,
115,0,17,983,1.0,
116,0,16,984,1.0,
117,0,15,985,1.0,
118,0,14,986,1.0,
119,0,12,988,1.0,
120,0,12,988,1.0,
121,0,12,988,1.0,
122,0,12,988,1.0,
123,0,11,989,1.0,
124,0,10,990,1.0,
125,0,10,990,1.0,
126,0,9,991,1.0,
127,0,9,991,1.0,
128,0,9,991,1.0,
129,0,9,991,1.0,
130,0,9,991,1.0,
131,0,8,992,1.0,
132,0,8,992,1.0,
133,0,5,995,1.0,
134,0,5,995,1.0,
135,0,4,996,1.0,
136,0,4,996,1.0,
137,0,4,996,1.0,
138,0,4,996,1.0,
139,0,3,997,1.0,
140,0,2,998,1.0,
141,0,2,998,1.0,
142,0,2,998,1.0,
143,0,2,998,1.0,
144,0,2,998,1.0,
145,0,2,998,1.0,
146,0,2,998,1.0,
147,0,2,998,1.0,
148,0,2,998,1.0,
149,0,2,998,1.0,
150,0,2,998,1.0,
151,0,2,998,1.0,
152,0,2,998,1.0,
153,0,2,998,1.0,
154,0,2,998,1.0,
155,0,2,998,1.0,
156,0,2,998,1.0,
157,0,2,998,1.0,
158,0,2,998,1.0,
159,0,2,998,1.0,
160,0,2,998,1.0,
161,0,2,998,1.0,
162,0,1,999,1.0,
163,0,1,999,1.0,
164,0,1,999,1.0,
165,0,1,999,1.0,
166,0,1,999,1.0,
167,0,1,999,1.0,
168,0,1,999,1.0,
169,0,1,999,1.0,
170,0,1,999,1.0,
171,0,1,999,1.0,
172,0,1,999,1.0,
173,0,1,999,1.0,
174,0,1,999,1.0,
175,0,1,999,1.0,
176,0,1,999,1.0,
177,0,1,999,1.0,
178,0,1,999,1.0,
179,0,1,999,1.0,
180,0,1,999,1.0,
181,0,1,999,1.0,
182,0,1,999,1.0,
183,0,1,999,1.0,
184,0,1,999,1.0,
185,0,1,999,1.0,
186,0,1,999,1.0,
187,0,1,999,1.0,
188,0,1,999,1.0,
189,0,1,999,1.0,
190,0,1,999,1.0,
191,0,1,999,1.0,
192,0,1,999,1.0,
193,0,1,999,1.0,
194,0,1,999,1.0,
195,0,1,999,1.0,
196,0,1,999,1.0,
197,0,1,999,1.0,
198,0,1,999,1.0,
199,0,1,999,1.0,
200,0,1,999,1.0,
1,999,1,0,1.0,1.0
2,994,6,0,0.9966363636363637,0.9983199163916966
3,987,13,0,0.9920454545454546,0.9959800425567923
4,964,35,1,0.9689090909090909,0.983946440703022
5,935,62,3,0.9395454545454546,0.9677803588673413
6,891,99,10,0.8981363636363636,0.9429411414208091
7,813,173,14,0.8260909090909091,0.8929867788873147
8,723,245,32,0.7823636363636364,0.8492865216225042
9,596,355,49,0.7529545454545454,0.7921080864990852
10,484,447,69,0.7700454545454546,0.7619359061615664
11,366,545,89,0.8265,0.7622321475023127
12,246,645,109,0.8810454545454546,0.757265317097423
13,134,716,150,0.939,0.7711349111545768
14,64,750,186,0.9752727272727273,0.8042276797492531
15,25,758,217,0.9904090909090909,0.8052330756260371
16,9,736,255,0.997,0.8250406229135667
17,1,720,279,0.9995,0.717948717948718
18,0,692,308,1.0,
19,0,666,334,1.0,
20,0,648,352,1.0,
21,0,620,380,1.0,
22,0,601,399,1.0,
23,0,579,421,1.0,
24,0,559,441,1.0,
25,0,544,456,1.0,
26,0,524,476,1.0,
27,0,494,506,1.0,
28,0,481,519,1.0,
29,0,459,541,1.0,
30,0,437,563,1.0,
31,0,420,580,1.0,
32,0,407,593,1.0,
33,0,384,616,1.0,
34,0,360,640,1.0,
35,0,348,652,1.0,
36,0,335,665,1.0,
37,0,325,675,1.0,
38,0,313,687,1.0,
39,0,295,705,1.0,
40,0,279,721,1.0,
41,0,269,731,1.0,
42,0,262,738,1.0,
43,0,253,747,1.0,
44,0,242,758,1.0,
45,0,236,764,1.0,
46,0,226,774,1.0,
47,0,220,780,1.0,
48,0,216,784,1.0,
49,0,207,793,1.0,
50,0,198,802,1.0,
51,0,193,807,1.0,
52,0,183,817,1.0,
53,0,174,826,1.0,
54,0,169,831,1.0,
55,0,164,836,1.0,
56,0,157,843,1.0,
57,0,150,850,1.0,
58,0,144,856,1.0,
59,0,134,866,1.0,
60,0,128,872,1.0,
61,0,126,874,1.0,
62,0,121,879,1.0,
63,0,116,884,1.0,
64,0,112,888,1.0,
65,0,111,889,1.0,
66,0,105,895,1.0,
67,0,99,901,1.0,
68,0,96,904,1.0,
69,0,94,906,1.0,
70,0,92,908,1.0,
71,0,89,911,1.0,
72,0,83,917,1.0,
73,0,81,919,1.0,
74,0,77,923,1.0,
75,0,77,923,1.0,
76,0,72,928,1.0,
77,0,71,929,1.0,
78,0,67,933,1.0,
79,0,63,937,1.0,
80,0,61,939,1.0,
81,0,59,941,1.0,
82,0,57,943,1.0,
83,0,55,945,1.0,
84,0,55,945,1.0,
85,0,53,947,1.0,
86,0,51,949,1.0,
87,0,48,952,1.0,
88,0,45,955,1.0,
89,0,42,958,1.0,
90,0,41,959,1.0,
91,0,38,962,1.0,
92,0,38,962,1.0,
93,0,36,964,1.0,
94,0,33,967,1.0,
95,0,32,968,1.0,
96,0,29,971,1.0,
97,0,29,971,1.0,
98,0,27,973,1.0,
99,0,26,974,1.0,
100,0,25,975,1.0,
101,0,25,975,1.0,
102,0,25,975,1.0,
103,0,24,976,1.0,
104,0,22,978,1.0,
105,0,22,978,1.0,
106,0,21,979,1.0,
107,0,21,979,1.0,
108,0,21,979,1.0,
109,0,21,979,1.0,
110,0,21,979,1.0,
111,0,19,981,1.0,
112,0,18,982,1.0,
113,0,18,982,1.0,
114,0,17,983,1.0,
115,0,16,984,1.0,
116,0,16,984,1.0,
117,0,16,984,1.0,
118,0,16,984,1.0,
119,0,16,984,1.0,
120,0,16,984,1.0,
121,0,13,987,1.0,
122,0,12,988,1.0,
123,0,12,988,1.0,
124,0,11,989,1.0,
125,0,11,989,1.0,
126,0,10,990,1.0,
127,0,10,990,1.0,
128,0,10,990,1.0,
129,0,10,990,1.0,
130,0,9,991,1.0,
131,0,9,991,1.0,
132,0,9,991,1.0,
133,0,8,992,1.0,
134,0,7,993,1.0,
135,0,6,994,1.0,
136,0,6,994,1.0,
137,0,5,995,1.0,
138,0,5,995,1.0,
139,0,5,995,1.0,
140,0,5,995,1.0,
141,0,5,995,1.0,
142,0,5,995,1.0,
143,0,5,995,1.0,
144,0,5,995,1.0,
145,0,5,995,1.0,
146,0,5,995,1.0,
147,0,5,995,1.0,
148,0,5,995,1.0,
149,0,5,995,1.0,
150,0,4,996,1.0,
151,0,4,996,1.0,
152,0,4,996,1.0,
153,0,4,996,1.0,
154,0,4,996,1.0,
155,0,4,996,1.0,
156,0,4,996,1.0,
157,0,4,996,1.0,
158,0,4,996,1.0,
159,0,4,996,1.0,
160,0,4,996,1.0,
161,0,3,997,1.0,
162,0,3,997,1.0,
163,0,2,998,1.0,
164,0,2,998,1.0,
165,0,1,999,1.0,
166,0,0,1000,1.0,
167,0,0,1000,1.0,
168,0,0,1000,1.0,
169,0,0,1000,1.0,
170,0,0,1000,1.0,
171,0,0,1000,1.0,
172,0,0,1000,1.0,
173,0,0,1000,1.0,
174,0,0,1000,1.0,
175,0,0,1000,1.0,
176,0,0,1000,1.0,
177,0,0,1000,1.0,
178,0,0,1000,1.0,
179,0,0,1000,1.0,
180,0,0,1000,1.0,
181,0,0,1000,1.0,
182,0,0,1000,1.0,
183,0,0,1000,1.0,
184,0,0,1000,1.0,
185,0,0,1000,1.0,
186,0,0,1000,1.0,
187,0,0,1000,1.0,
188,0,0,1000,1.0,
189,0,0,1000,1.0,
190,0,0,1000,1.0,
191,0,0,1000,1.0,
192,0,0,1000,1.0,
193,0,0,1000,1.0,
194,0,0,1000,1.0,
195,0,0,1000,1.0,
196,0,0,1000,1.0,
197,0,0,1000,1.0,
198,0,0,1000,1.0,
199,0,0,1000,1.0,
200,0,0,1000,1.0,
1,998,2,0,0.9986363636363637,1.0
2,995,4,1,0.9969090909090909,0.9991211753725635
3,990,9,1,0.9918636363636364,0.9965718645753026
4,979,19,2,0.9843636363636363,0.9927118415621168
5,961,35,4,0.9741363636363637,0.9872386317378442
6,939,56,5,0.9503636363636364,0.9742668136377571
7,893,95,12,0.9079545454545455,0.9491086825218125
8,832,150,18,0.851,0.911099217057354
9,758,212,30,0.7991818181818182,0.8680930522151451
10,668,288,44,0.7581363636363636,0.8193879714779165
11,556,387,57,0.7393636363636363,0.7655206002262223
12,421,495,84,0.7723181818181818,0.7285521518690811
13,285,600,115,0.8518181818181818,0.7373323664385217
14,157,691,152,0.9312272727272727,0.7781130127383282
15,70,738,192,0.9751363636363637,0.8184042690637078
16,25,753,222,0.9916363636363636,0.8270929792044066
17,8,737,255,0.9965454545454545,0.778380199982302
18,1,718,281,0.9996818181818182,0.8484109893982027
19,0,689,311,1.0,
20,0,667,333,1.0,
21,0,647,353,1.0,
22,0,626,374,1.0,
23,0,597,403,1.0,
24,0,572,428,1.0,
25,0,543,457,1.0,
26,0,522,478,1.0,
27,0,493,507,1.0,
28,0,471,529,1.0,
29,0,449,551,1.0,
30,0,425,575,1.0,
31,0,409,591,1.0,
32,0,396,604,1.0,
33,0,375,625,1.0,
34,0,354,646,1.0,
35,0,341,659,1.0,
36,0,331,669,1.0,
37,0,316,684,1.0,
38,0,305,695,1.0,
39,0,301,699,1.0,
40,0,287,713,1.0,
41,0,276,724,1.0,
42,0,268,732,1.0,
43,0,261,739,1.0,
44,0,249,751,1.0,
45,0,240,760,1.0,
46,0,227,773,1.0,
47,0,216,784,1.0,
48,0,211,789,1.0,
49,0,200,800,1.0,
50,0,189,811,1.0,
51,0,180,820,1.0,
52,0,171,829,1.0,
53,0,164,836,1.0,
54,0,152,848,1.0,
55,0,150,850,1.0,
56,0,142,858,1.0,
57,0,128,872,1.0,
58,0,120,880,1.0,
59,0,113,887,1.0,
60,0,106,894,1.0,
61,0,103,897,1.0,
62,0,98,902,1.0,
63,0,93,907,1.0,
64,0,86,914,1.0,
65,0,83,917,1.0,
66,0,80,920,1.0,
67,0,79,921,1.0,
68,0,78,922,1.0,
69,0,75,925,1.0,
70,0,70,930,1.0,
71,0,69,931,1.0,
72,0,66,934,1.0,
73,0,65,935,1.0,
74,0,63,937,1.0,
75,0,62,938,1.0,
76,0,61,939,1.0,
77,0,60,940,1.0,
78,0,60,940,1.0,
79,0,58,942,1.0,
80,0,56,944,1.0,
81,0,54,946,1.0,
82,0,51,949,1.0,
83,0,47,953,1.0,
84,0,44,956,1.0,
85,0,42,958,1.0,
86,0,41,959,1.0,
87,0,38,962,1.0,
88,0,37,963,1.0,
89,0,34,966,1.0,
90,0,33,967,1.0,
91,0,32,968,1.0,
92,0,30,970,1.0,
93,0,30,970,1.0,
94,0,28,972,1.0,
95,0,28,972,1.0,
96,0,26,974,1.0,
97,0,25,975,1.0,
98,0,24,976,1.0,
99,0,22,978,1.0,
100,0,22,978,1.0,
101,0,22,978,1.0,
102,0,21,979,1.0,
103,0,20,980,1.0,
104,0,20,980,1.0,
105,0,20,980,1.0,
106,0,19,981,1.0,
107,0,19,981,1.0,
108,0,18,982,1.0,
109,0,17,983,1.0,
110,0,17,983,1.0,
111,0,17,983,1.0,
112,0,17,983,1.0,
113,0,17,983,1.0,
114,0,16,984,1.0,
115,0,16,984,1.0,
116,0,15,985,1.0,
117,0,14,986,1.0,
118,0,13,987,1.0,
119,0,11,989,1.0,
120,0,11,989,1.0,
121,0,11,989,1.0,
122,0,11,989,1.0,
123,0,11,989,1.0,
124,0,11,989,1.0,
125,0,11,989,1.0,
126,0,10,990,1.0,
127,0,10,990,1.0,
128,0,10,990,1.0,
129,0,10,990,1.0,
130,0,10,990,1.0,
131,0,9,991,1.0,
132,0,7,993,1.0,
133,0,7,993,1.0,
134,0,7,993,1.0,
135,0,6,994,1.0,
136,0,5,995,1.0,
137,0,5,995,1.0,
138,0,5,995,1.0,
139,0,5,995,1.0,
140,0,5,995,1.0,
141,0,5,995,1.0,
142,0,5,995,1.0,
143,0,5,995,1.0,
144,0,5,995,1.0,
145,0,5,995,1.0,
146,0,5,995,1.0,
147,0,5,995,1.0,
148,0,5,995,1.0,
149,0,4,996,1.0,
150,0,4,996,1.0,
151,0,4,996,1.0,
152,0,3,997,1.0,
153,0,3,997,1.0,
154,0,2,998,1.0,
155,0,2,998,1.0,
156,0,2,998,1.0,
157,0,2,998,1.0,
158,0,2,998,1.0,
159,0,2,998,1.0,
160,0,1,999,1.0,
161,0,1,999,1.0,
162,0,1,999,1.0,
163,0,1,999,1.0,
164,0,1,999,1.0,
165,0,1,999,1.0,
166,0,1,999,1.0,
167,0,1,999,1.0,
168,0,1,999,1.0,
169,0,1,999,1.0,
170,0,1,999,1.0,
171,0,1,999,1.0,
172,0,1,999,1.0,
173,0,1,999,1.0,
174,0,1,999,1.0,
175,0,1,999,1.0,
176,0,1,999,1.0,
177,0,1,999,1.0,
178,0,1,999,1.0,
179,0,1,999,1.0,
180,0,1,999,1.0,
181,0,1,999,1.0,
182,0,1,999,1.0,
183,0,1,999,1.0,
184,0,1,999,1.0,
185,0,1,999,1.0,
186,0,1,999,1.0,
187,0,1,999,1.0,
188,0,1,999,1.0,
189,0,1,999,1.0,
190,0,1,999,1.0,
191,0,0,1000,1.0,
192,0,0,1000,1.0,
193,0,0,1000,1.0,
194,0,0,1000,1.0,
195,0,0,1000,1.0,
196,0,0,1000,1.0,
197,0,0,1000,1.0,
198,0,0,1000,1.0,
199,0,0,1000,1.0,
200,0,0,1000,1.0,
1,994,5,1,0.9966818181818182,1.0
2,984,14,2,0.988,0.9955578286920733
3,966,31,3,0.9725909090909091,0.9874538803025001
4,938,54,8,0.9527727272727273,0.9764486617628528
5,905,81,14,0.9318636363636363,0.9639983803346032
6,868,114,18,0.8952727272727272,0.9412029819179394
7,793,185,22,0.8336818181818182,0.896543367441495
8,682,282,36,0.7673636363636364,0.8303987709922375
9,586,365,49,0.749,0.7862479981207074
10,462,472,66,0.7635454545454545,0.7438070766552595
11,328,569,103,0.8299545454545455,0.7398079723857726
12,206,665,129,0.9039090909090909,0.7652193725154889
13,111,740,149,0.9553636363636364,0.7976904045850508
14,49,768,183,0.9814090909090909,0.8090081942853713
15,18,765,217,0.9949545454545454,0.8578221694414638
16,9,749,242,0.9975454545454545,0.860495919278062
17,0,723,277,1.0,
18,0,694,306,1.0,
19,0,671,329,1.0,
20,0,636,364,1.0,
21,0,615,385,1.0,
22,0,596,404,1.0,
23,0,567,433,1.0,
24,0,548,452,1.0,
25,0,524,476,1.0,
26,0,510,490,1.0,
27,0,488,512,1.0,
28,0,474,526,1.0,
29,0,440,560,1.0,
30,0,428,572,1.0,
31,0,411,589,1.0,
32,0,392,608,1.0,
33,0,380,620,1.0,
34,0,360,640,1.0,
35,0,344,656,1.0,
36,0,334,666,1.0,
37,0,320,680,1.0,
38,0,304,696,1.0,
39,0,290,710,1.0,
40,0,272,728,1.0,
41,0,263,737,1.0,
42,0,251,749,1.0,
43,0,243,757,1.0,
44,0,237,763,1.0,
45,0,229,771,1.0,
46,0,219,781,1.0,
47,0,211,789,1.0,
48,0,207,793,1.0,
49,0,199,801,1.0,
50,0,195,805,1.0,
51,0,188,812,1.0,
52,0,182,818,1.0,
53,0,176,824,1.0,
54,0,168,832,1.0,
55,0,162,838,1.0,
56,0,158,842,1.0,
57,0,152,848,1.0,
58,0,145,855,1.0,
59,0,141,859,1.0,
60,0,135,865,1.0,
61,0,128,872,1.0,
62,0,119,881,1.0,
63,0,114,886,1.0,
64,0,107,893,1.0,
65,0,106,894,1.0,
66,0,100,900,1.0,
67,0,97,903,1.0,
68,0,92,908,1.0,
69,0,91,909,1.0,
70,0,87,913,1.0,
71,0,83,917,1.0,
72,0,83,917,1.0,
73,0,79,921,1.0,
74,0,76,924,1.0,
75,0,72,928,1.0,
76,0,69,931,1.0,
77,0,68,932,1.0,
78,0,66,934,1.0,
79,0,63,937,1.0,
80,0,60,940,1.0,
81,0,57,943,1.0,
82,0,54,946,1.0,
83,0,50,950,1.0,
84,0,48,952,1.0,
85,0,44,956,1.0,
86,0,39,961,1.0,
87,0,39,961,1.0,
88,0,39,961,1.0,
89,0,38,962,1.0,
90,0,38,962,1.0,
91,0,38,962,1.0,
92,0,38,962,1.0,
93,0,36,964,1.0,
94,0,36,964,1.0,
95,0,36,964,1.0,
96,0,34,966,1.0,
97,0,33,967,1.0,
98,0,33,967,1.0,
99,0,33,967,1.0,
100,0,33,967,1.0,
101,0,31,969,1.0,
102,0,29,971,1.0,
103,0,29,971,1.0,
104,0,28,972,1.0,
105,0,28,972,1.0,
106,0,27,973,1.0,
107,0,27,973,1.0,
108,0,24,976,1.0,
109,0,22,978,1.0,
110,0,20,980,1.0,
111,0,20,980,1.0,
112,0,20,980,1.0,
113,0,20,980,1.0,
114,0,17,983,1.0,
115,0,16,984,1.0,
116,0,15,985,1.0,
117,0,15,985,1.0,
118,0,15,985,1.0,
119,0,14,986,1.0,
120,0,14,986,1.0,
121,0,13,987,1.0,
122,0,13,987,1.0,
123,0,13,987,1.0,
124,0,13,987,1.0,
125,0,12,988,1.0,
126,0,12,988,1.0,
127,0,12,988,1.0,
128,0,12,988,1.0,
129,0,11,989,1.0,
130,0,11,989,1.0,
131,0,11,989,1.0,
132,0,11,989,1.0,
133,0,10,990,1.0,
134,0,9,991,1.0,
135,0,8,992,1.0,
136,0,8,992,1.0,
137,0,7,993,1.0,
138,0,7,993,1.0,
139,0,7,993,1.0,
140,0,7,993,1.0,
141,0,7,993,1.0,
142,0,7,993,1.0,
143,0,7,993,1.0,
144,0,7,993,1.0,
145,0,6,994,1.0,
146,0,6,994,1.0,
147,0,6,994,1.0,
148,0,6,994,1.0,
149,0,5,995,1.0,
150,0,5,995,1.0,
151,0,5,995,1.0,
152,0,5,995,1.0,
153,0,5,995,1.0,
154,0,5,995,1.0,
155,0,5,995,1.0,
156,0,5,995,1.0,
157,0,5,995,1.0,
158,0,5,995,1.0,
159,0,5,995,1.0,
160,0,5,995,1.0,
161,0,5,995,1.0,
162,0,5,995,1.0,
163,0,4,996,1.0,
164,0,4,996,1.0,
165,0,4,996,1.0,
166,0,4,996,1.0,
167,0,3,997,1.0,
168,0,3,997,1.0,
169,0,3,997,1.0,
170,0,3,997,1.0,
171,0,3,997,1.0,
172,0,3,997,1.0,
173,0,3,997,1.0,
174,0,3,997,1.0,
175,0,3,997,1.0,
176,0,3,997,1.0,
177,0,3,997,1.0,
178,0,3,997,1.0,
179,0,3,997,1.0,
180,0,3,997,1.0,
181,0,3,997,1.0,
182,0,3,997,1.0,
183,0,3,997,1.0,
184,0,3,997,1.0,
185,0,1,999,1.0,
186,0,0,1000,1.0,
187,0,0,1000,1.0,
188,0,0,1000,1.0,
189,0,0,1000,1.0,
190,0,0,1000,1.0,
191,0,0,1000,1.0,
192,0,0,1000,1.0,
193,0,0,1000,1.0,
194,0,0,1000,1.0,
195,0,0,1000,1.0,
196,0,0,1000,1.0,
197,0,0,1000,1.0,
198,0,0,1000,1.0,
199,0,0,1000,1.0,
200,0,0,1000,1.0,
1,997,3,0,0.9975,1.0
2,992,8,0,0.9925454545454545,0.997476691512624
3,985,15,0,0.9852727272727273,0.9937077561132353
4,975,25,0,0.9798181818181818,0.9908447196595334
5,958,39,3,0.9672272727272727,0.9840843200948218
6,930,64,6,0.9478181818181818,0.9731393579770526
7,895,91,14,0.9262727272727272,0.9599118847488736
8,846,137,17,0.8848181818181818,0.93309865182704
9,773,205,22,0.8320909090909091,0.8925977609602603
10,681,291,28,0.7795909090909091,0.839117958499633
11,576,385,39,0.7545,0.7874437676554554
12,456,485,59,0.7860909090909091,0.7652573991565135
13,330,585,85,0.8386363636363636,0.7546258970784474
14,203,687,110,0.9047272727272727,0.763822246852984
15,104,758,138,0.9536818181818182,0.7757531552287488
16,53,773,174,0.9814090909090909,0.8224999807800911
17,21,778,201,0.9951818181818182,0.8819844577315124
18,6,759,235,0.9992272727272727,0.935205128227061
19,1,730,269,0.9999090909090909,0.9546947791658282
20,0,694,306,1.0,
21,0,671,329,1.0,
22,0,645,355,1.0,
23,0,619,381,1.0,
24,0,589,411,1.0,
25,0,561,439,1.0,
26,0,529,471,1.0,
27,0,503,497,1.0,
28,0,487,513,1.0,
29,0,470,530,1.0,
30,0,444,556,1.0,
31,0,429,571,1.0,
32,0,414,586,1.0,
33,0,395,605,1.0,
34,0,376,624,1.0,
35,0,360,640,1.0,
36,0,340,660,1.0,
37,0,326,674,1.0,
38,0,309,691,1.0,
39,0,293,707,1.0,
40,0,283,717,1.0,
41,0,270,730,1.0,
42,0,258,742,1.0,
43,0,246,754,1.0,
44,0,233,767,1.0,
45,0,228,772,1.0,
46,0,221,779,1.0,
47,0,216,784,1.0,
48,0,208,792,1.0,
49,0,200,800,1.0,
50,0,194,806,1.0,
51,0,183,817,1.0,
52,0,175,825,1.0,
53,0,171,829,1.0,
54,0,165,835,1.0,
55,0,159,841,1.0,
56,0,151,849,1.0,
57,0,144,856,1.0,
58,0,138,862,1.0,
59,0,130,870,1.0,
60,0,123,877,1.0,
61,0,118,882,1.0,
62,0,113,887,1.0,
63,0,108,892,1.0,
64,0,106,894,1.0,
65,0,104,896,1.0,
66,0,100,900,1.0,
67,0,98,902,1.0,
68,0,93,907,1.0,
69,0,91,909,1.0,
70,0,88,912,1.0,
71,0,82,918,1.0,
72,0,82,918,1.0,
73,0,80,920,1.0,
74,0,80,920,1.0,
75,0,74,926,1.0,
76,0,72,928,1.0,
77,0,69,931,1.0,
78,0,63,937,1.0,
79,0,61,939,1.0,
80,0,57,943,1.0,
81,0,56,944,1.0,
82,0,53,947,1.0,
83,0,51,949,1.0,
84,0,51,949,1.0,
85,0,50,950,1.0,
86,0,48,952,1.0,
87,0,48,952,1.0,
88,0,46,954,1.0,
89,0,43,957,1.0,
90,0,42,958,1.0,
91,0,42,958,1.0,
92,0,38,962,1.0,
93,0,37,963,1.0,
94,0,37,963,1.0,
95,0,36,964,1.0,
96,0,35,965,1.0,
97,0,32,968,1.0,
98,0,32,968,1.0,
99,0,30,970,1.0,
100,0,30,970,1.0,
101,0,27,973,1.0,
102,0,25,975,1.0,
103,0,24,976,1.0,
104,0,24,976,1.0,
105,0,22,978,1.0,
106,0,20,980,1.0,
107,0,19,981,1.0,
108,0,19,981,1.0,
109,0,19,981,1.0,
110,0,19,981,1.0,
111,0,19,981,1.0,
112,0,19,981,1.0,
113,0,18,982,1.0,
114,0,18,982,1.0,
115,0,18,982,1.0,
116,0,17,983,1.0,
117,0,16,984,1.0,
118,0,15,985,1.0,
119,0,15,985,1.0,
120,0,13,987,1.0,
121,0,13,987,1.0,
122,0,12,988,1.0,
123,0,12,988,1.0,
124,0,12,988,1.0,
125,0,12,988,1.0,
126,0,12,988,1.0,
127,0,12,988,1.0,
128,0,10,990,1.0,
129,0,10,990,1.0,
130,0,10,990,1.0,
131,0,10,990,1.0,
132,0,9,991,1.0,
133,0,9,991,1.0,
134,0,9,991,1.0,
135,0,8,992,1.0,
136,0,8,992,1.0,
137,0,8,992,1.0,
138,0,8,992,1.0,
139,0,8,992,1.0,
140,0,8,992,1.0,
141,0,8,992,1.0,
142,0,8,992,1.0,
143,0,7,993,1.0,
144,0,6,994,1.0,
145,0,6,994,1.0,
146,0,6,994,1.0,
147,0,5,995,1.0,
148,0,5,995,1.0,
149,0,5,995,1.0,
150,0,5,995,1.0,
151,0,5,995,1.0,
152,0,5,995,1.0,
153,0,5,995,1.0,
154,0,4,996,1.0,
155,0,4,996,1.0,
156,0,3,997,1.0,
157,0,3,997,1.0,
158,0,3,997,1.0,
159,0,3,997,1.0,
160,0,3,997,1.0,
161,0,2,998,1.0,
162,0,2,998,1.0,
163,0,2,998,1.0,
164,0,2,998,1.0,
165,0,2,998,1.0,
166,0,1,999,1.0,
167,0,1,999,1.0,
168,0,1,999,1.0,
169,0,1,999,1.0,
170,0,1,999,1.0,
171,0,1,999,1.0,
172,0,1,999,1.0,
173,0,1,999,1.0,
174,0,1,999,1.0,
175,0,1,999,1.0,
176,0,1,999,1.0,
177,0,1,999,1.0,
178,0,1,999,1.0,
179,0,1,999,1.0,
180,0,1,999,1.0,
181,0,1,999,1.0,
182,0,1,999,1.0,
183,0,1,999,1.0,
184,0,1,999,1.0,
185,0,1,999,1.0,
186,0,1,999,1.0,
187,0,1,999,1.0,
188,0,1,999,1.0,
189,0,1,999,1.0,
190,0,1,999,1.0,
191,0,1,999,1.0,
192,0,1,999,1.0,
193,0,1,999,1.0,
194,0,1,999,1.0,
195,0,1,999,1.0,
196,0,1,999,1.0,
197,0,1,999,1.0,
198,0,1,999,1.0,
199,0,1,999,1.0,
200,0,1,999,1.0,
1,999,1,0,1.0,1.0
2,998,2,0,0.9986363636363637,0.9993173602539355
3,995,4,1,0.9971818181818182,0.9985841120690374
4,992,7,1,0.9939545454545454,0.9969621627741706
5,982,17,1,0.9854545454545455,0.9926151903294821
6,965,32,3,0.9718181818181818,0.9854212681225472
7,936,59,5,0.9426818181818182,0.9693678059943063
8,890,103,7,0.8954545454545455,0.9412338845254646
9,838,147,15,0.8565909090909091,0.9141381844246305
10,770,205,25,0.8103181818181818,0.8764089338612355
11,674,291,35,0.775,0.8324791948489577
12,555,399,46,0.7645454545454545,0.7870245965631606
13,444,496,60,0.7926818181818182,0.7650001786937425
14,320,601,79,0.8357272727272728,0.7409057798034331
15,208,679,113,0.8978181818181818,0.7518810393443711
16,110,743,147,0.9572727272727273,0.8038387811380369
17,45,779,176,0.9886363636363636,0.8730981810733799
18,19,770,211,0.9955909090909091,0.8828136043459909
19,6,755,239,0.9988181818181818,0.8982361610021186
20,0,735,265,1.0,
21,0,711,289,1.0,
22,0,673,327,1.0,
23,0,643,357,1.0,
24,0,621,379,1.0,
25,0,592,408,1.0,
26,0,571,429,1.0,
27,0,547,453,1.0,
28,0,528,472,1.0,
29,0,495,505,1.0,
30,0,474,526,1.0,
31,0,458,542,1.0,
32,0,439,561,1.0,
33,0,423,577,1.0,
34,0,403,597,1.0,
35,0,384,616,1.0,
36,0,368,632,1.0,
37,0,350,650,1.0,
38,0,339,661,1.0,
39,0,333,667,1.0,
40,0,318,682,1.0,
41,0,306,694,1.0,
42,0,298,702,1.0,
43,0,283,717,1.0,
44,0,276,724,1.0,
45,0,265,735,1.0,
46,0,252,748,1.0,
47,0,242,758,1.0,
48,0,225,775,1.0,
49,0,214,786,1.0,
50,0,203,797,1.0,
51,0,198,802,1.0,
52,0,192,808,1.0,
53,0,186,814,1.0,
54,0,180,820,1.0,
55,0,178,822,1.0,
56,0,170,830,1.0,
57,0,163,837,1.0,
58,0,154,846,1.0,
59,0,145,855,1.0,
60,0,140,860,1.0,
61,0,137,863,1.0,
62,0,133,867,1.0,
63,0,126,874,1.0,
64,0,122,878,1.0,
65,0,113,887,1.0,
66,0,109,891,1.0,
67,0,103,897,1.0,
68,0,101,899,1.0,
69,0,97,903,1.0,
70,0,92,908,1.0,
71,0,84,916,1.0,
72,0,81,919,1.0,
73,0,79,921,1.0,
74,0,78,922,1.0,
75,0,75,925,1.0,
76,0,69,931,1.0,
77,0,67,933,1.0,
78,0,64,936,1.0,
79,0,62,938,1.0,
80,0,59,941,1.0,
81,0,56,944,1.0,
82,0,56,944,1.0,
83,0,56,944,1.0,
84,0,54,946,1.0,
85,0,49,951,1.0,
86,0,46,954,1.0,
87,0,44,956,1.0,
88,0,43,957,1.0,
89,0,41,959,1.0,
90,0,41,959,1.0,
91,0,41,959,1.0,
92,0,39,961,1.0,
93,0,37,963,1.0,
94,0,35,965,1.0,
95,0,35,965,1.0,
96,0,35,965,1.0,
97,0,33,967,1.0,
98,0,31,969,1.0,
99,0,29,971,1.0,
100,0,29,971,1.0,
101,0,29,971,1.0,
102,0,29,971,1.0,
103,0,27,973,1.0,
104,0,26,974,1.0,
105,0,22,978,1.0,
106,0,22,978,1.0,
107,0,21,979,1.0,
108,0,21,979,1.0,
109,0,20,980,1.0,
110,0,18,982,1.0,
111,0,17,983,1.0,
112,0,17,983,1.0,
113,0,17,983,1.0,
114,0,17,983,1.0,
115,0,15,985,1.0,
116,0,15,985,1.0,
117,0,15,985,1.0,
118,0,15,985,1.0,
119,0,14,986,1.0,
120,0,11,989,1.0,
121,0,11,989,1.0,
122,0,10,990,1.0,
123,0,10,990,1.0,
124,0,9,991,1.0,
125,0,9,991,1.0,
126,0,9,991,1.0,
127,0,9,991,1.0,
128,0,8,992,1.0,
129,0,8,992,1.0,
130,0,8,992,1.0,
131,0,8,992,1.0,
132,0,8,992,1.0,
133,0,7,993,1.0,
134,0,7,993,1.0,
135,0,6,994,1.0,
136,0,6,994,1.0,
137,0,6,994,1.0,
138,0,6,994,1.0,
139,0,6,994,1.0,
140,0,5,995,1.0,
141,0,5,995,1.0,
142,0,4,996,1.0,
143,0,3,997,1.0,
144,0,3,997,1.0,
145,0,3,997,1.0,
146,0,3,997,1.0,
147,0,3,997,1.0,
148,0,3,997,1.0,
149,0,2,998,1.0,
150,0,2,998,1.0,
151,0,2,998,1.0,
152,0,2,998,1.0,
153,0,2,998,1.0,
154,0,2,998,1.0,
155,0,1,999,1.0,
156,0,1,999,1.0,
157,0,1,999,1.0,
158,0,1,999,1.0,
159,0,1,999,1.0,
160,0,1,999,1.0,
161,0,1,999,1.0,
162,0,1,999,1.0,
163,0,1,999,1.0,
164,0,1,999,1.0,
165,0,1,999,1.0,
166,0,1,999,1.0,
167,0,1,999,1.0,
168,0,0,1000,1.0,
169,0,0,1000,1.0,
170,0,0,1000,1.0,
171,0,0,1000,1.0,
172,0,0,1000,1.0,
173,0,0,1000,1.0,
174,0,0,1000,1.0,
175,0,0,1000,1.0,
176,0,0,1000,1.0,
177,0,0,1000,1.0,
178,0,0,1000,1.0,
179,0,0,1000,1.0,
180,0,0,1000,1.0,
181,0,0,1000,1.0,
182,0,0,1000,1.0,
183,0,0,1000,1.0,
184,0,0,1000,1.0,
185,0,0,1000,1.0,
186,0,0,1000,1.0,
187,0,0,1000,1.0,
188,0,0,1000,1.0,
189,0,0,1000,1.0,
190,0,0,1000,1.0,
191,0,0,1000,1.0,
192,0,0,1000,1.0,
193,0,0,1000,1.0,
194,0,0,1000,1.0,
195,0,0,1000,1.0,
196,0,0,1000,1.0,
197,0,0,1000,1.0,
198,0,0,1000,1.0,
199,0,0,1000,1.0,
200,0,0,1000,1.0,
1,997,3,0,0.9972727272727273,1.0
2,995,5,0,0.9957272727272727,0.9992135617822137
3,987,13,0,0.9890909090909091,0.9958540527198498
4,972,27,1,0.9762727272727273,0.9891945304993942
5,945,53,2,0.952590909090909,0.976272727083304
6,915,80,5,0.9257727272727273,0.9608517182255004
7,860,129,11,0.8796363636363637,0.931396215147256
8,782,196,22,0.8223181818181818,0.8876251064391524
9,685,284,31,0.7644545454545455,0.8289866208530982
10,589,363,48,0.7459090909090909,0.7850664584767
11,479,457,64,0.7595909090909091,0.7490982293256708
12,363,547,90,0.8112727272727273,0.7390967664499478
13,238,647,115,0.8833636363636364,0.7534857936667204
14,120,728,152,0.9465454545454546,0.7758889928682293
15,54,754,192,0.9818181818181818,0.831063706319425
16,18,746,236,0.9937272727272727,0.8254574930638169
17,4,734,262,0.9988636363636364,0.8577222644071117
18,1,715,284,0.9997727272727273,0.8875791705722719
19,1,683,316,0.9997272727272727,0.864820730301188
20,1,661,338,0.9996363636363637,0.8193038497590203
21,1,638,361,0.9995454545454545,0.7737869692168524
22,0,617,383,1.0,
23,0,592,408,1.0,
24,0,574,426,1.0,
25,0,552,448,1.0,
26,0,531,469,1.0,
27,0,508,492,1.0,
28,0,489,511,1.0,
29,0,469,531,1.0,
30,0,446,554,1.0,
31,0,433,567,1.0,
32,0,423,577,1.0,
33,0,404,596,1.0,
34,0,385,615,1.0,
35,0,367,633,1.0,
36,0,353,647,1.0,
37,0,337,663,1.0,
38,0,318,682,1.0,
39,0,307,693,1.0,
40,0,299,701,1.0,
41,0,283,717,1.0,
42,0,273,727,1.0,
43,0,255,745,1.0,
44,0,244,756,1.0,
45,0,234,766,1.0,
46,0,230,770,1.0,
47,0,214,786,1.0,
48,0,208,792,1.0,
49,0,204,796,1.0,
50,0,190,810,1.0,
51,0,180,820,1.0,
52,0,172,828,1.0,
53,0,168,832,1.0,
54,0,165,835,1.0,
55,0,161,839,1.0,
56,0,153,847,1.0,
57,0,144,856,1.0,
58,0,138,862,1.0,
59,0,133,867,1.0,
60,0,127,873,1.0,
61,0,121,879,1.0,
62,0,115,885,1.0,
63,0,110,890,1.0,
64,0,109,891,1.0,
65,0,105,895,1.0,
66,0,103,897,1.0,
67,0,97,903,1.0,
68,0,89,911,1.0,
69,0,85,915,1.0,
70,0,81,919,1.0,
71,0,77,923,1.0,
72,0,77,923,1.0,
73,0,76,924,1.0,
74,0,74,926,1.0,
75,0,70,930,1.0,
76,0,65,935,1.0,
77,0,63,937,1.0,
78,0,59,941,1.0,
79,0,58,942,1.0,
80,0,56,944,1.0,
81,0,53,947,1.0,
82,0,51,949,1.0,
83,0,49,951,1.0,
84,0,48,952,1.0,
85,0,46,954,1.0,
86,0,44,956,1.0,
87,0,43,957,1.0,
88,0,40,960,1.0,
89,0,38,962,1.0,
90,0,37,963,1.0,
91,0,35,965,1.0,
92,0,34,966,1.0,
93,0,34,966,1.0,
94,0,33,967,1.0,
95,0,32,968,1.0,
96,0,32,968,1.0,
97,0,32,968,1.0,
98,0,31,969,1.0,
99,0,30,970,1.0,
100,0,28,972,1.0,
101,0,27,973,1.0,
102,0,25,975,1.0,
103,0,23,977,1.0,
104,0,23,977,1.0,
105,0,23,977,1.0,
106,0,22,978,1.0,
107,0,21,979,1.0,
108,0,21,979,1.0,
109,0,20,980,1.0,
110,0,20,980,1.0,
111,0,18,982,1.0,
112,0,17,983,1.0,
113,0,17,983,1.0,
114,0,16,984,1.0,
115,0,15,985,1.0,
116,0,15,985,1.0,
117,0,15,985,1.0,
118,0,13,987,1.0,
119,0,12,988,1.0,
120,0,12,988,1.0,
121,0,11,989,1.0,
122,0,10,990,1.0,
123,0,9,991,1.0,
124,0,9,991,1.0,
125,0,9,991,1.0,
126,0,9,991,1.0,
127,0,9,991,1.0,
128,0,9,991,1.0,
129,0,6,994,1.0,
130,0,6,994,1.0,
131,0,6,994,1.0,
132,0,5,995,1.0,
133,0,5,995,1.0,
134,0,4,996,1.0,
135,0,3,997,1.0,
136,0,3,997,1.0,
137,0,3,997,1.0,
138,0,3,997,1.0,
139,0,3,997,1.0,
140,0,3,997,1.0,
141,0,3,997,1.0,
142,0,3,997,1.0,
143,0,3,997,1.0,
144,0,3,997,1.0,
145,0,3,997,1.0,
146,0,3,997,1.0,
147,0,3,997,1.0,
148,0,3,997,1.0,
149,0,3,997,1.0,
150,0,3,997,1.0,
151,0,3,997,1.0,
152,0,3,997,1.0,
153,0,3,997,1.0,
154,0,3,997,1.0,
155,0,2,998,1.0,
156,0,2,998,1.0,
157,0,2,998,1.0,
158,0,2,998,1.0,
159,0,2,998,1.0,
160,0,2,998,1.0,
161,0,2,998,1.0,
162,0,2,998,1.0,
163,0,2,998,1.0,
164,0,2,998,1.0,
165,0,1,999,1.0,
166,0,1,999,1.0,
167,0,1,999,1.0,
168,0,1,999,1.0,
169,0,1,999,1.0,
170,0,1,999,1.0,
171,0,1,999,1.0,
172,0,1,999,1.0,
173,0,1,999,1.0,
174,0,1,999,1.0,
175,0,1,999,1.0,
176,0,1,999,1.0,
177,0,1,999,1.0,
178,0,1,999,1.0,
179,0,1,999,1.0,
180,0,1,999,1.0,
181,0,1,999,1.0,
182,0,1,999,1.0,
183,0,1,999,1.0,
184,0,1,999,1.0,
185,0,1,999,1.0,
186,0,1,999,1.0,
187,0,1,999,1.0,
188,0,1,999,1.0,
189,0,1,999,1.0,
190,0,1,999,1.0,
191,0,1,999,1.0,
192,0,1,999,1.0,
193,0,1,999,1.0,
194,0,1,999,1.0,
195,0,1,999,1.0,
196,0,1,999,1.0,
197,0,1,999,1.0,
198,0,1,999,1.0,
199,0,1,999,1.0,
200,0,1,999,1.0,
1,999,0,1,1.0,1.0
2,999,0,1,1.0,1.0
3,999,0,1,1.0,1.0
4,999,0,1,1.0,1.0
5,999,0,1,1.0,1.0
6,999,0,1,1.0,1.0
7,999,0,1,1.0,1.0
8,999,0,1,1.0,1.0
9,999,0,1,1.0,1.0
10,999,0,1,1.0,1.0
11,999,0,1,1.0,1.0
12,999,0,1,1.0,1.0
13,999,0,1,1.0,1.0
14,999,0,1,1.0,1.0
15,999,0,1,1.0,1.0
16,999,0,1,1.0,1.0
17,999,0,1,1.0,1.0
18,999,0,1,1.0,1.0
19,999,0,1,1.0,1.0
20,999,0,1,1.0,1.0
21,999,0,1,1.0,1.0
22,999,0,1,1.0,1.0
23,999,0,1,1.0,1.0
24,999,0,1,1.0,1.0
25,999,0,1,1.0,1.0
26,999,0,1,1.0,1.0
27,999,0,1,1.0,1.0
28,999,0,1,1.0,1.0
29,999,0,1,1.0,1.0
30,999,0,1,1.0,1.0
31,999,0,1,1.0,1.0
32,999,0,1,1.0,1.0
33,999,0,1,1.0,1.0
34,999,0,1,1.0,1.0
35,999,0,1,1.0,1.0
36,999,0,1,1.0,1.0
37,999,0,1,1.0,1.0
38,999,0,1,1.0,1.0
39,999,0,1,1.0,1.0
40,999,0,1,1.0,1.0
41,999,0,1,1.0,1.0
42,999,0,1,1.0,1.0
43,999,0,1,1.0,1.0
44,999,0,1,1.0,1.0
45,999,0,1,1.0,1.0
46,999,0,1,1.0,1.0
47,999,0,1,1.0,1.0
48,999,0,1,1.0,1.0
49,999,0,1,1.0,1.0
50,999,0,1,1.0,1.0
51,999,0,1,1.0,1.0
52,999,0,1,1.0,1.0
53,999,0,1,1.0,1.0
54,999,0,1,1.0,1.0
55,999,0,1,1.0,1.0
56,999,0,1,1.0,1.0
57,999,0,1,1.0,1.0
58,999,0,1,1.0,1.0
59,999,0,1,1.0,1.0
60,999,0,1,1.0,1.0
61,999,0,1,1.0,1.0
62,999,0,1,1.0,1.0
63,999,0,1,1.0,1.0
64,999,0,1,1.0,1.0
65,999,0,1,1.0,1.0
66,999,0,1,1.0,1.0
67,999,0,1,1.0,1.0
68,999,0,1,1.0,1.0
69,999,0,1,1.0,1.0
70,999,0,1,1.0,1.0
71,999,0,1,1.0,1.0
72,999,0,1,1.0,1.0
73,999,0,1,1.0,1.0
74,999,0,1,1.0,1.0
75,999,0,1,1.0,1.0
76,999,0,1,1.0,1.0
77,999,0,1,1.0,1.0
78,999,0,1,1.0,1.0
79,999,0,1,1.0,1.0
80,999,0,1,1.0,1.0
81,999,0,1,1.0,1.0
82,999,0,1,1.0,1.0
83,999,0,1,1.0,1.0
84,999,0,1,1.0,1.0
85,999,0,1,1.0,1.0
86,999,0,1,1.0,1.0
87,999,0,1,1.0,1.0
88,999,0,1,1.0,1.0
89,999,0,1,1.0,1.0
90,999,0,1,1.0,1.0
91,999,0,1,1.0,1.0
92,999,0,1,1.0,1.0
93,999,0,1,1.0,1.0
94,999,0,1,1.0,1.0
95,999,0,1,1.0,1.0
96,999,0,1,1.0,1.0
97,999,0,1,1.0,1.0
98,999,0,1,1.0,1.0
99,999,0,1,1.0,1.0
100,999,0,1,1.0,1.0
101,999,0,1,1.0,1.0
102,999,0,1,1.0,1.0
103,999,0,1,1.0,1.0
104,999,0,1,1.0,1.0
105,999,0,1,1.0,1.0
106,999,0,1,1.0,1.0
107,999,0,1,1.0,1.0
108,999,0,1,1.0,1.0
109,999,0,1,1.0,1.0
110,999,0,1,1.0,1.0
111,999,0,1,1.0,1.0
112,999,0,1,1.0,1.0
113,999,0,1,1.0,1.0
114,999,0,1,1.0,1.0
115,999,0,1,1.0,1.0
116,999,0,1,1.0,1.0
117,999,0,1,1.0,1.0
118,999,0,1,1.0,1.0
119,999,0,1,1.0,1.0
120,999,0,1,1.0,1.0
121,999,0,1,1.0,1.0
122,999,0,1,1.0,1.0
123,999,0,1,1.0,1.0
124,999,0,1,1.0,1.0
125,999,0,1,1.0,1.0
126,999,0,1,1.0,1.0
127,999,0,1,1.0,1.0
128,999,0,1,1.0,1.0
129,999,0,1,1.0,1.0
130,999,0,1,1.0,1.0
131,999,0,1,1.0,1.0
132,999,0,1,1.0,1.0
133,999,0,1,1.0,1.0
134,999,0,1,1.0,1.0
135,999,0,1,1.0,1.0
136,999,0,1,1.0,1.0
137,999,0,1,1.0,1.0
138,999,0,1,1.0,1.0
139,999,0,1,1.0,1.0
140,999,0,1,1.0,1.0
141,999,0,1,1.0,1.0
142,999,0,1,1.0,1.0
143,999,0,1,1.0,1.0
144,999,0,1,1.0,1.0
145,999,0,1,1.0,1.0
146,999,0,1,1.0,1.0
147,999,0,1,1.0,1.0
148,999,0,1,1.0,1.0
149,999,0,1,1.0,1.0
150,999,0,1,1.0,1.0
151,999,0,1,1.0,1.0
152,999,0,1,1.0,1.0
153,999,0,1,1.0,1.0
154,999,0,1,1.0,1.0
155,999,0,1,1.0,1.0
156,999,0,1,1.0,1.0
157,999,0,1,1.0,1.0
158,999,0,1,1.0,1.0
159,999,0,1,1.0,1.0
160,999,0,1,1.0,1.0
161,999,0,1,1.0,1.0
162,999,0,1,1.0,1.0
163,999,0,1,1.0,1.0
164,999,0,1,1.0,1.0
165,999,0,1,1.0,1.0
166,999,0,1,1.0,1.0
167,999,0,1,1.0,1.0
168,999,0,1,1.0,1.0
169,999,0,1,1.0,1.0
170,999,0,1,1.0,1.0
171,999,0,1,1.0,1.0
172,999,0,1,1.0,1.0
173,999,0,1,1.0,1.0
174,999,0,1,1.0,1.0
175,999,0,1,1.0,1.0
176,999,0,1,1.0,1.0
177,999,0,1,1.0,1.0
178,999,0,1,1.0,1.0
179,999,0,1,1.0,1.0
180,999,0,1,1.0,1.0
181,999,0,1,1.0,1.0
182,999,0,1,1.0,1.0
183,999,0,1,1.0,1.0
184,999,0,1,1.0,1.0
185,999,0,1,1.0,1.0
186,999,0,1,1.0,1.0
187,999,0,1,1.0,1.0
188,999,0,1,1.0,1.0
189,999,0,1,1.0,1.0
190,999,0,1,1.0,1.0
191,999,0,1,1.0,1.0
192,999,0,1,1.0,1.0
193,999,0,1,1.0,1.0
194,999,0,1,1.0,1.0
195,999,0,1,1.0,1.0
196,999,0,1,1.0,1.0
197,999,0,1,1.0,1.0
198,999,0,1,1.0,1.0
199,999,0,1,1.0,1.0
200,999,0,1,1.0,1.0
1,998,2,0,0.999,1.0
2,995,5,0,0.9960454545454546,0.9985111513199095
3,980,19,1,0.9830454545454546,0.9918225752800713
4,961,36,3,0.9685,0.984059478421026
5,923,72,5,0.9363181818181818,0.9659893828282479
6,882,108,10,0.902090909090909,0.9449244273625507
7,810,169,21,0.8495454545454545,0.9075954609119858
8,744,230,26,0.8091818181818182,0.8719038456586573
9,661,302,37,0.7754090909090909,0.8301393627355227
10,553,390,57,0.759,0.7817779895100634
11,428,501,71,0.7803636363636364,0.7426138547566281
12,278,626,96,0.8602272727272727,0.7466308056840897
13,156,705,139,0.9286363636363636,0.7684321170095122
14,77,757,166,0.9698636363636364,0.7998340417697116
15,31,776,193,0.9903636363636363,0.8385875003366989
16,9,767,224,0.9989090909090909,0.9375941777157534
17,5,732,263,0.9991818181818182,0.9162355057085602
18,2,705,293,0.9995909090909091,0.8948971498565321
19,0,667,333,1.0,
20,0,636,364,1.0,
21,0,607,393,1.0,
22,0,580,420,1.0,
23,0,554,446,1.0,
24,0,537,463,1.0,
25,0,508,492,1.0,
26,0,486,514,1.0,
27,0,459,541,1.0,
28,0,442,558,1.0,
29,0,423,577,1.0,
30,0,405,595,1.0,
31,0,386,614,1.0,
32,0,372,628,1.0,
33,0,352,648,1.0,
34,0,337,663,1.0,
35,0,323,677,1.0,
36,0,308,692,1.0,
37,0,293,707,1.0,
38,0,282,718,1.0,
39,0,265,735,1.0,
40,0,258,742,1.0,
41,0,247,753,1.0,
42,0,242,758,1.0,
43,0,231,769,1.0,
44,0,219,781,1.0,
45,0,212,788,1.0,
46,0,205,795,1.0,
47,0,196,804,1.0,
48,0,187,813,1.0,
49,0,178,822,1.0,
50,0,172,828,1.0,
51,0,165,835,1.0,
52,0,160,840,1.0,
53,0,157,843,1.0,
54,0,151,849,1.0,
55,0,145,855,1.0,
56,0,139,861,1.0,
57,0,132,868,1.0,
58,0,127,873,1.0,
59,0,120,880,1.0,
60,0,115,885,1.0,
61,0,109,891,1.0,
62,0,106,894,1.0,
63,0,101,899,1.0,
64,0,96,904,1.0,
65,0,92,908,1.0,
66,0,90,910,1.0,
67,0,88,912,1.0,
68,0,81,919,1.0,
69,0,79,921,1.0,
70,0,75,925,1.0,
71,0,71,929,1.0,
72,0,68,932,1.0,
73,0,62,938,1.0,
74,0,60,940,1.0,
75,0,58,942,1.0,
76,0,56,944,1.0,
77,0,53,947,1.0,
78,0,51,949,1.0,
79,0,47,953,1.0,
80,0,46,954,1.0,
81,0,46,954,1.0,
82,0,45,955,1.0,
83,0,43,957,1.0,
84,0,41,959,1.0,
85,0,40,960,1.0,
86,0,39,961,1.0,
87,0,37,963,1.0,
88,0,37,963,1.0,
89,0,36,964,1.0,
90,0,35,965,1.0,
91,0,35,965,1.0,
92,0,33,967,1.0,
93,0,33,967,1.0,
94,0,31,969,1.0,
95,0,29,971,1.0,
96,0,26,974,1.0,
97,0,25,975,1.0,
98,0,23,977,1.0,
99,0,23,977,1.0,
100,0,21,979,1.0,
101,0,19,981,1.0,
102,0,15,985,1.0,
103,0,15,985,1.0,
104,0,13,987,1.0,
105,0,11,989,1.0,
106,0,11,989,1.0,
107,0,10,990,1.0,
108,0,10,990,1.0,
109,0,10,990,1.0,
110,0,10,990,1.0,
111,0,10,990,1.0,
112,0,10,990,1.0,
113,0,10,990,1.0,
114,0,10,990,1.0,
115,0,10,990,1.0,
116,0,10,990,1.0,
117,0,10,990,1.0,
118,0,9,991,1.0,
119,0,9,991,1.0,
120,0,9,991,1.0,
121,0,9,991,1.0,
122,0,9,991,1.0,
123,0,8,992,1.0,
124,0,8,992,1.0,
125,0,8,992,1.0,
126,0,8,992,1.0,
127,0,8,992,1.0,
128,0,8,992,1.0,
129,0,8,992,1.0,
130,0,8,992,1.0,
131,0,7,993,1.0,
132,0,7,993,1.0,
133,0,7,993,1.0,
134,0,6,994,1.0,
135,0,5,995,1.0,
136,0,5,995,1.0,
137,0,5,995,1.0,
138,0,5,995,1.0,
139,0,5,995,1.0,
140,0,5,995,1.0,
141,0,5,995,1.0,
142,0,5,995,1.0,
143,0,5,995,1.0,
144,0,4,996,1.0,
145,0,4,996,1.0,
146,0,4,996,1.0,
147,0,3,997,1.0,
148,0,3,997,1.0,
149,0,3,997,1.0,
150,0,3,997,1.0,
151,0,3,997,1.0,
152,0,3,997,1.0,
153,0,3,997,1.0,
154,0,2,998,1.0,
155,0,2,998,1.0,
156,0,1,999,1.0,
157,0,1,999,1.0,
158,0,1,999,1.0,
159,0,1,999,1.0,
160,0,1,999,1.0,
161,0,1,999,1.0,
162,0,1,999,1.0,
163,0,1,999,1.0,
164,0,1,999,1.0,
165,0,1,999,1.0,
166,0,1,999,1.0,
167,0,1,999,1.0,
168,0,1,999,1.0,
169,0,1,999,1.0,
170,0,0,1000,1.0,
171,0,0,1000,1.0,
172,0,0,1000,1.0,
173,0,0,1000,1.0,
174,0,0,1000,1.0,
175,0,0,1000,1.0,
176,0,0,1000,1.0,
177,0,0,1000,1.0,
178,0,0,1000,1.0,
179,0,0,1000,1.0,
180,0,0,1000,1.0,
181,0,0,1000,1.0,
182,0,0,1000,1.0,
183,0,0,1000,1.0,
184,0,0,1000,1.0,
185,0,0,1000,1.0,
186,0,0,1000,1.0,
187,0,0,1000,1.0,
188,0,0,1000,1.0,
189,0,0,1000,1.0,
190,0,0,1000,1.0,
191,0,0,1000,1.0,
192,0,0,1000,1.0,
193,0,0,1000,1.0,
194,0,0,1000,1.0,
195,0,0,1000,1.0,
196,0,0,1000,1.0,
197,0,0,1000,1.0,
198,0,0,1000,1.0,
199,0,0,1000,1.0,
200,0,0,1000,1.0,
1,997,3,0,0.9978636363636364,1.0
2,992,7,1,0.9939545454545454,0.9980137459607544
3,987,11,2,0.9890909090909091,0.9955222342866096
4,979,17,4,0.9847272727272727,0.9932154745739157
5,966,29,5,0.9748636363636364,0.9879805298225791
6,946,47,7,0.9598636363636364,0.9797775014856464
7,909,81,10,0.9299545454545455,0.962468924987025
8,860,122,18,0.8903181818181818,0.9372801418956571
9,783,196,21,0.8254545454545454,0.889475377703642
10,694,274,32,0.7795,0.8420983237543433
11,581,370,49,0.7540454545454546,0.7888784211280186
12,463,467,70,0.7685454545454545,0.7501724827836125
13,315,595,90,0.8475,0.7572768944509198
14,174,705,121,0.93,0.7982044312981147
15,72,772,156,0.9737727272727272,0.8190952251050154
16,29,778,193,0.9895454545454545,0.8216614716451138
17,12,762,226,0.9963636363636363,0.8482174333939165
18,4,742,254,0.9988636363636364,0.8567281404135788
19,0,719,281,1.0,
20,0,689,311,1.0,
21,0,660,340,1.0,
22,0,640,360,1.0,
23,0,616,384,1.0,
24,0,590,410,1.0,
25,0,567,433,1.0,
26,0,538,462,1.0,
27,0,516,484,1.0,
28,0,494,506,1.0,
29,0,480,520,1.0,
30,0,463,537,1.0,
31,0,447,553,1.0,
32,0,432,568,1.0,
33,0,420,580,1.0,
34,0,401,599,1.0,
35,0,391,609,1.0,
36,0,377,623,1.0,
37,0,362,638,1.0,
38,0,347,653,1.0,
39,0,338,662,1.0,
40,0,327,673,1.0,
41,0,309,691,1.0,
42,0,300,700,1.0,
43,0,288,712,1.0,
44,0,281,719,1.0,
45,0,265,735,1.0,
46,0,257,743,1.0,
47,0,246,754,1.0,
48,0,240,760,1.0,
49,0,233,767,1.0,
50,0,224,776,1.0,
51,0,214,786,1.0,
52,0,202,798,1.0,
53,0,195,805,1.0,
54,0,186,814,1.0,
55,0,181,819,1.0,
56,0,177,823,1.0,
57,0,176,824,1.0,
58,0,166,834,1.0,
59,0,161,839,1.0,
60,0,158,842,1.0,
61,0,155,845,1.0,
62,0,149,851,1.0,
63,0,140,860,1.0,
64,0,134,866,1.0,
65,0,130,870,1.0,
66,0,121,879,1.0,
67,0,115,885,1.0,
68,0,111,889,1.0,
69,0,104,896,1.0,
70,0,97,903,1.0,
71,0,88,912,1.0,
72,0,84,916,1.0,
73,0,81,919,1.0,
74,0,75,925,1.0,
75,0,70,930,1.0,
76,0,69,931,1.0,
77,0,65,935,1.0,
78,0,64,936,1.0,
79,0,60,940,1.0,
80,0,53,947,1.0,
81,0,53,947,1.0,
82,0,52,948,1.0,
83,0,51,949,1.0,
84,0,49,951,1.0,
85,0,49,951,1.0,
86,0,47,953,1.0,
87,0,45,955,1.0,
88,0,44,956,1.0,
89,0,44,956,1.0,
90,0,44,956,1.0,
91,0,42,958,1.0,
92,0,40,960,1.0,
93,0,38,962,1.0,
94,0,38,962,1.0,
95,0,35,965,1.0,
96,0,32,968,1.0,
97,0,30,970,1.0,
98,0,28,972,1.0,
99,0,27,973,1.0,
100,0,26,974,1.0,
101,0,26,974,1.0,
102,0,25,975,1.0,
103,0,24,976,1.0,
104,0,23,977,1.0,
105,0,22,978,1.0,
106,0,22,978,1.0,
107,0,22,978,1.0,
108,0,20,980,1.0,
109,0,20,980,1.0,
110,0,18,982,1.0,
111,0,17,983,1.0,
112,0,17,983,1.0,
113,0,15,985,1.0,
114,0,15,985,1.0,
115,0,15,985,1.0,
116,0,15,985,1.0,
117,0,15,985,1.0,
118,0,13,987,1.0,
119,0,13,987,1.0,
120,0,13,987,1.0,
121,0,9,991,1.0,
122,0,8,992,1.0,
123,0,7,993,1.0,
124,0,7,993,1.0,
125,0,7,993,1.0,
126,0,7,993,1.0,
127,0,7,993,1.0,
128,0,7,993,1.0,
129,0,7,993,1.0,
130,0,7,993,1.0,
131,0,7,993,1.0,
132,0,6,994,1.0,
133,0,6,994,1.0,
134,0,6,994,1.0,
135,0,5,995,1.0,
136,0,5,995,1.0,
137,0,5,995,1.0,
138,0,5,995,1.0,
139,0,4,996,1.0,
140,0,4,996,1.0,
141,0,4,996,1.0,
142,0,4,996,1.0,
143,0,4,996,1.0,
144,0,4,996,1.0,
145,0,4,996,1.0,
146,0,4,996,1.0,
147,0,3,997,1.0,
148,0,2,998,1.0,
149,0,2,998,1.0,
150,0,2,998,1.0,
151,0,2,998,1.0,
152,0,2,998,1.0,
153,0,2,998,1.0,
154,0,2,998,1.0,
155,0,2,998,1.0,
156,0,2,998,1.0,
157,0,2,998,1.0,
158,0,2,998,1.0,
159,0,2,998,1.0,
160,0,1,999,1.0,
161,0,1,999,1.0,
162,0,1,999,1.0,
163,0,1,999,1.0,
164,0,1,999,1.0,
165,0,1,999,1.0,
166,0,1,999,1.0,
167,0,1,999,1.0,
168,0,0,1000,1.0,
169,0,0,1000,1.0,
170,0,0,1000,1.0,
171,0,0,1000,1.0,
172,0,0,1000,1.0,
173,0,0,1000,1.0,
174,0,0,1000,1.0,
175,0,0,1000,1.0,
176,0,0,1000,1.0,
177,0,0,1000,1.0,
178,0,0,1000,1.0,
179,0,0,1000,1.0,
180,0,0,1000,1.0,
181,0,0,1000,1.0,
182,0,0,1000,1.0,
183,0,0,1000,1.0,
184,0,0,1000,1.0,
185,0,0,1000,1.0,
186,0,0,1000,1.0,
187,0,0,1000,1.0,
188,0,0,1000,1.0,
189,0,0,1000,1.0,
190,0,0,1000,1.0,
191,0,0,1000,1.0,
192,0,0,1000,1.0,
193,0,0,1000,1.0,
194,0,0,1000,1.0,
195,0,0,1000,1.0,
196,0,0,1000,1.0,
197,0,0,1000,1.0,
198,0,0,1000,1.0,
199,0,0,1000,1.0,
200,0,0,1000,1.0,
1,997,3,0,0.9978181818181818,1.0
2,990,10,0,0.9913181818181818,0.9967131362623205
3,980,19,1,0.9821818181818182,0.9919937270391163
4,967,31,2,0.9722272727272727,0.9867293475958474
5,940,57,3,0.9477727272727273,0.9732531746008386
6,902,93,5,0.921,0.9572056465627748
7,838,148,14,0.8855,0.9326328856056842
8,769,209,22,0.8556363636363636,0.9071072363901754
9,682,289,29,0.8154090909090909,0.8656940576179543
10,589,373,38,0.7873636363636364,0.8204983927003484
11,490,453,57,0.7832272727272728,0.7791556591858716
12,375,550,75,0.8227727272727273,0.7638486873945085
13,267,641,92,0.8723636363636363,0.760071203463775
14,166,714,120,0.9197727272727273,0.7564200335654823
15,101,749,150,0.9530909090909091,0.7640939640435614
16,41,774,185,0.9881818181818182,0.8525832976694172
17,13,759,228,0.9972727272727273,0.8920270710982962
18,4,739,257,0.9992272727272727,0.8988051076720821
19,2,710,288,0.9996818181818182,0.9169904335434769
20,0,690,310,1.0,
21,0,656,344,1.0,
22,0,636,364,1.0,
23,0,612,388,1.0,
24,0,588,412,1.0,
25,0,563,437,1.0,
26,0,540,460,1.0,
27,0,514,486,1.0,
28,0,498,502,1.0,
29,0,479,521,1.0,
30,0,462,538,1.0,
31,0,439,561,1.0,
32,0,422,578,1.0,
33,0,401,599,1.0,
34,0,386,614,1.0,
35,0,374,626,1.0,
36,0,361,639,1.0,
37,0,341,659,1.0,
38,0,329,671,1.0,
39,0,307,693,1.0,
40,0,299,701,1.0,
41,0,287,713,1.0,
42,0,272,728,1.0,
43,0,260,740,1.0,
44,0,248,752,1.0,
45,0,237,763,1.0,
46,0,227,773,1.0,
47,0,217,783,1.0,
48,0,207,793,1.0,
49,0,197,803,1.0,
50,0,191,809,1.0,
51,0,186,814,1.0,
52,0,178,822,1.0,
53,0,169,831,1.0,
54,0,167,833,1.0,
55,0,160,840,1.0,
56,0,152,848,1.0,
57,0,146,854,1.0,
58,0,139,861,1.0,
59,0,135,865,1.0,
60,0,129,871,1.0,
61,0,125,875,1.0,
62,0,121,879,1.0,
63,0,117,883,1.0,
64,0,115,885,1.0,
65,0,109,891,1.0,
66,0,104,896,1.0,
67,0,99,901,1.0,
68,0,92,908,1.0,
69,0,89,911,1.0,
70,0,88,912,1.0,
71,0,81,919,1.0,
72,0,79,921,1.0,
73,0,77,923,1.0,
74,0,74,926,1.0,
75,0,70,930,1.0,
76,0,67,933,1.0,
77,0,67,933,1.0,
78,0,67,933,1.0,
79,0,64,936,1.0,
80,0,63,937,1.0,
81,0,58,942,1.0,
82,0,54,946,1.0,
83,0,51,949,1.0,
84,0,50,950,1.0,
85,0,48,952,1.0,
86,0,46,954,1.0,
87,0,45,955,1.0,
88,0,44,956,1.0,
89,0,44,956,1.0,
90,0,44,956,1.0,
91,0,41,959,1.0,
92,0,40,960,1.0,
93,0,38,962,1.0,
94,0,37,963,1.0,
95,0,34,966,1.0,
96,0,33,967,1.0,
97,0,33,967,1.0,
98,0,31,969,1.0,
99,0,31,969,1.0,
100,0,30,970,1.0,
101,0,29,971,1.0,
102,0,28,972,1.0,
103,0,27,973,1.0,
104,0,25,975,1.0,
105,0,24,976,1.0,
106,0,22,978,1.0,
107,0,19,981,1.0,
108,0,17,983,1.0,
109,0,16,984,1.0,
110,0,16,984,1.0,
111,0,14,986,1.0,
112,0,14,986,1.0,
113,0,14,986,1.0,
114,0,14,986,1.0,
115,0,14,986,1.0,
116,0,14,986,1.0,
117,0,14,986,1.0,
118,0,12,988,1.0,
119,0,12,988,1.0,
120,0,12,988,1.0,
121,0,12,988,1.0,
122,0,12,988,1.0,
123,0,11,989,1.0,
124,0,10,990,1.0,
125,0,9,991,1.0,
126,0,9,991,1.0,
127,0,8,992,1.0,
128,0,8,992,1.0,
129,0,7,993,1.0,
130,0,7,993,1.0,
131,0,7,993,1.0,
132,0,7,993,1.0,
133,0,7,993,1.0,
134,0,7,993,1.0,
135,0,6,994,1.0,
136,0,6,994,1.0,
137,0,6,994,1.0,
138,0,6,994,1.0,
139,0,5,995,1.0,
140,0,5,995,1.0,
141,0,5,995,1.0,
142,0,3,997,1.0,
143,0,3,997,1.0,
144,0,3,997,1.0,
145,0,3,997,1.0,
146,0,3,997,1.0,
147,0,3,997,1.0,
148,0,3,997,1.0,
149,0,3,997,1.0,
150,0,3,997,1.0,
151,0,1,999,1.0,
152,0,1,999,1.0,
153,0,1,999,1.0,
154,0,1,999,1.0,
155,0,1,999,1.0,
156,0,1,999,1.0,
157,0,1,999,1.0,
158,0,1,999,1.0,
159,0,1,999,1.0,
160,0,1,999,1.0,
161,0,1,999,1.0,
162,0,1,999,1.0,
163,0,1,999,1.0,
164,0,1,999,1.0,
165,0,1,999,1.0,
166,0,1,999,1.0,
167,0,1,999,1.0,
168,0,1,999,1.0,
169,0,1,999,1.0,
170,0,1,999,1.0,
171,0,1,999,1.0,
172,0,1,999,1.0,
173,0,1,999,1.0,
174,0,1,999,1.0,
175,0,1,999,1.0,
176,0,1,999,1.0,
177,0,1,999,1.0,
178,0,1,999,1.0,
179,0,1,999,1.0,
180,0,1,999,1.0,
181,0,1,999,1.0,
182,0,1,999,1.0,
183,0,1,999,1.0,
184,0,1,999,1.0,
185,0,1,999,1.0,
186,0,1,999,1.0,
187,0,1,999,1.0,
188,0,1,999,1.0,
189,0,1,999,1.0,
190,0,1,999,1.0,
191,0,0,1000,1.0,
192,0,0,1000,1.0,
193,0,0,1000,1.0,
194,0,0,1000,1.0,
195,0,0,1000,1.0,
196,0,0,1000,1.0,
197,0,0,1000,1.0,
198,0,0,1000,1.0,
199,0,0,1000,1.0,
200,0,0,1000,1.0,
1,996,4,0,0.998,1.0
2,994,5,1,0.9979545454545454,0.9999756127993893
3,984,15,1,0.9866818181818182,0.9942237100871066
4,966,29,5,0.974909090909091,0.9880110354672158
5,937,58,5,0.9444545454545454,0.9713981017040815
6,890,102,8,0.9047727272727273,0.9474914010123627
7,811,178,11,0.8386363636363636,0.9014403976679894
8,721,255,24,0.802409090909091,0.8636175161595594
9,599,362,39,0.7828636363636363,0.8191208518321883
10,486,459,55,0.7872272727272728,0.7811177651004321
11,352,570,78,0.8380454545454545,0.7705893888196529
12,223,672,105,0.8967272727272727,0.7691763869016275
13,115,752,133,0.949,0.7780470297972211
14,53,781,166,0.9817272727272728,0.8243103137196526
15,11,788,201,0.9986818181818182,0.9389489215916278
16,0,774,226,1.0,
17,0,757,243,1.0,
18,0,734,266,1.0,
19,0,712,288,1.0,
20,0,687,313,1.0,
21,0,653,347,1.0,
22,0,625,375,1.0,
23,0,595,405,1.0,
24,0,567,433,1.0,
25,0,540,460,1.0,
26,0,525,475,1.0,
27,0,501,499,1.0,
28,0,482,518,1.0,
29,0,462,538,1.0,
30,0,443,557,1.0,
31,0,420,580,1.0,
32,0,400,600,1.0,
33,0,385,615,1.0,
34,0,369,631,1.0,
35,0,359,641,1.0,
36,0,347,653,1.0,
37,0,337,663,1.0,
38,0,324,676,1.0,
39,0,315,685,1.0,
40,0,291,709,1.0,
41,0,274,726,1.0,
42,0,267,733,1.0,
43,0,258,742,1.0,
44,0,251,749,1.0,
45,0,245,755,1.0,
46,0,233,767,1.0,
47,0,226,774,1.0,
48,0,220,780,1.0,
49,0,215,785,1.0,
50,0,210,790,1.0,
51,0,204,796,1.0,
52,0,194,806,1.0,
53,0,190,810,1.0,
54,0,181,819,1.0,
55,0,170,830,1.0,
56,0,167,833,1.0,
57,0,157,843,1.0,
58,0,154,846,1.0,
59,0,149,851,1.0,
60,0,146,854,1.0,
61,0,136,864,1.0,
62,0,131,869,1.0,
63,0,130,870,1.0,
64,0,127,873,1.0,
65,0,124,876,1.0,
66,0,117,883,1.0,
67,0,112,888,1.0,
68,0,107,893,1.0,
69,0,102,898,1.0,
70,0,99,901,1.0,
71,0,95,905,1.0,
72,0,93,907,1.0,
73,0,89,911,1.0,
74,0,88,912,1.0,
75,0,86,914,1.0,
76,0,80,920,1.0,
77,0,77,923,1.0,
78,0,70,930,1.0,
79,0,68,932,1.0,
80,0,63,937,1.0,
81,0,61,939,1.0,
82,0,60,940,1.0,
83,0,58,942,1.0,
84,0,55,945,1.0,
85,0,53,947,1.0,
86,0,51,949,1.0,
87,0,48,952,1.0,
88,0,45,955,1.0,
89,0,42,958,1.0,
90,0,42,958,1.0,
91,0,42,958,1.0,
92,0,39,961,1.0,
93,0,37,963,1.0,
94,0,35,965,1.0,
95,0,35,965,1.0,
96,0,35,965,1.0,
97,0,35,965,1.0,
98,0,35,965,1.0,
99,0,32,968,1.0,
100,0,32,968,1.0,
101,0,31,969,1.0,
102,0,29,971,1.0,
103,0,28,972,1.0,
104,0,25,975,1.0,
105,0,25,975,1.0,
106,0,23,977,1.0,
107,0,20,980,1.0,
108,0,20,980,1.0,
109,0,19,981,1.0,
110,0,19,981,1.0,
111,0,19,981,1.0,
112,0,17,983,1.0,
113,0,17,983,1.0,
114,0,17,983,1.0,
115,0,15,985,1.0,
116,0,13,987,1.0,
117,0,13,987,1.0,
118,0,12,988,1.0,
119,0,12,988,1.0,
120,0,11,989,1.0,
121,0,11,989,1.0,
122,0,10,990,1.0,
123,0,10,990,1.0,
124,0,8,992,1.0,
125,0,8,992,1.0,
126,0,7,993,1.0,
127,0,7,993,1.0,
128,0,7,993,1.0,
129,0,7,993,1.0,
130,0,7,993,1.0,
131,0,7,993,1.0,
132,0,7,993,1.0,
133,0,7,993,1.0,
134,0,7,993,1.0,
135,0,7,993,1.0,
136,0,7,993,1.0,
137,0,7,993,1.0,
138,0,7,993,1.0,
139,0,7,993,1.0,
140,0,7,993,1.0,
141,0,7,993,1.0,
142,0,7,993,1.0,
143,0,4,996,1.0,
144,0,4,996,1.0,
145,0,4,996,1.0,
146,0,4,996,1.0,
147,0,3,997,1.0,
148,0,3,997,1.0,
149,0,3,997,1.0,
150,0,3,997,1.0,
151,0,3,997,1.0,
152,0,3,997,1.0,
153,0,3,997,1.0,
154,0,3,997,1.0,
155,0,3,997,1.0,
156,0,3,997,1.0,
157,0,3,997,1.0,
158,0,3,997,1.0,
159,0,3,997,1.0,
160,0,3,997,1.0,
161,0,3,997,1.0,
162,0,3,997,1.0,
163,0,3,997,1.0,
164,0,3,997,1.0,
165,0,3,997,1.0,
166,0,3,997,1.0,
167,0,3,997,1.0,
168,0,3,997,1.0,
169,0,3,997,1.0,
170,0,3,997,1.0,
171,0,3,997,1.0,
172,0,3,997,1.0,
173,0,3,997,1.0,
174,0,3,997,1.0,
175,0,3,997,1.0,
176,0,3,997,1.0,
177,0,3,997,1.0,
178,0,3,997,1.0,
179,0,3,997,1.0,
180,0,3,997,1.0,
181,0,3,997,1.0,
182,0,3,997,1.0,
183,0,3,997,1.0,
184,0,2,998,1.0,
185,0,2,998,1.0,
186,0,2,998,1.0,
187,0,2,998,1.0,
188,0,2,998,1.0,
189,0,2,998,1.0,
190,0,2,998,1.0,
191,0,2,998,1.0,
192,0,2,998,1.0,
193,0,2,998,1.0,
194,0,2,998,1.0,
195,0,2,998,1.0,
196,0,2,998,1.0,
197,0,2,998,1.0,
198,0,2,998,1.0,
199,0,2,998,1.0,
200,0,2,998,1.0,
1,994,6,0,0.9945,1.0
2,985,14,1,0.9873636363636363,0.9963207933918936
3,967,30,3,0.9766363636363636,0.99064585480564
4,948,46,6,0.9645454545454546,0.9839938312692672
5,913,76,11,0.9415454545454546,0.9707098374734876
6,866,114,20,0.9069090909090909,0.9488269504474499
7,803,170,27,0.8490909090909091,0.9084938399006931
8,723,235,42,0.7973636363636364,0.862072141914848
9,638,312,50,0.752,0.8075799759419336
10,502,434,64,0.7494090909090909,0.751739677647623
11,377,533,90,0.8032727272727272,0.7403550142287108
12,244,642,114,0.8771363636363636,0.7484657648737938
13,123,733,144,0.9503636363636364,0.7975122677699764
14,44,779,177,0.9858181818181818,0.8366688047349946
15,13,782,205,0.9952272727272727,0.8139013166105126
16,6,765,229,0.9975,0.7880877815427486
17,1,739,260,0.9994090909090909,0.7064999249124281
18,1,711,288,0.9994090909090909,0.7064999249124281
19,0,682,318,1.0,
20,0,651,349,1.0,
21,0,630,370,1.0,
22,0,608,392,1.0,
23,0,581,419,1.0,
24,0,567,433,1.0,
25,0,539,461,1.0,
26,0,521,479,1.0,
27,0,500,500,1.0,
28,0,478,522,1.0,
29,0,462,538,1.0,
30,0,444,556,1.0,
31,0,431,569,1.0,
32,0,416,584,1.0,
33,0,396,604,1.0,
34,0,384,616,1.0,
35,0,369,631,1.0,
36,0,350,650,1.0,
37,0,337,663,1.0,
38,0,329,671,1.0,
39,0,316,684,1.0,
40,0,300,700,1.0,
41,0,287,713,1.0,
42,0,278,722,1.0,
43,0,270,730,1.0,
44,0,263,737,1.0,
45,0,253,747,1.0,
46,0,248,752,1.0,
47,0,241,759,1.0,
48,0,233,767,1.0,
49,0,233,767,1.0,
50,0,226,774,1.0,
51,0,216,784,1.0,
52,0,207,793,1.0,
53,0,202,798,1.0,
54,0,199,801,1.0,
55,0,193,807,1.0,
56,0,185,815,1.0,
57,0,175,825,1.0,
58,0,168,832,1.0,
59,0,160,840,1.0,
60,0,154,846,1.0,
61,0,150,850,1.0,
62,0,143,857,1.0,
63,0,137,863,1.0,
64,0,123,877,1.0,
65,0,119,881,1.0,
66,0,118,882,1.0,
67,0,111,889,1.0,
68,0,106,894,1.0,
69,0,101,899,1.0,
70,0,98,902,1.0,
71,0,91,909,1.0,
72,0,88,912,1.0,
73,0,85,915,1.0,
74,0,84,916,1.0,
75,0,82,918,1.0,
76,0,78,922,1.0,
77,0,76,924,1.0,
78,0,71,929,1.0,
79,0,70,930,1.0,
80,0,68,932,1.0,
81,0,66,934,1.0,
82,0,65,935,1.0,
83,0,61,939,1.0,
84,0,58,942,1.0,
85,0,57,943,1.0,
86,0,55,945,1.0,
87,0,52,948,1.0,
88,0,48,952,1.0,
89,0,46,954,1.0,
90,0,43,957,1.0,
91,0,40,960,1.0,
92,0,39,961,1.0,
93,0,38,962,1.0,
94,0,35,965,1.0,
95,0,34,966,1.0,
96,0,32,968,1.0,
97,0,32,968,1.0,
98,0,29,971,1.0,
99,0,27,973,1.0,
100,0,26,974,1.0,
101,0,26,974,1.0,
102,0,26,974,1.0,
103,0,25,975,1.0,
104,0,25,975,1.0,
105,0,23,977,1.0,
106,0,22,978,1.0,
107,0,21,979,1.0,
108,0,20,980,1.0,
109,0,17,983,1.0,
110,0,17,983,1.0,
111,0,17,983,1.0,
112,0,17,983,1.0,
113,0,15,985,1.0,
114,0,14,986,1.0,
115,0,13,987,1.0,
116,0,13,987,1.0,
117,0,13,987,1.0,
118,0,13,987,1.0,
119,0,13,987,1.0,
120,0,13,987,1.0,
121,0,13,987,1.0,
122,0,13,987,1.0,
123,0,12,988,1.0,
124,0,12,988,1.0,
125,0,12,988,1.0,
126,0,12,988,1.0,
127,0,12,988,1.0,
128,0,12,988,1.0,
129,0,11,989,1.0,
130,0,11,989,1.0,
131,0,11,989,1.0,
132,0,11,989,1.0,
133,0,11,989,1.0,
134,0,10,990,1.0,
135,0,10,990,1.0,
136,0,10,990,1.0,
137,0,10,990,1.0,
138,0,10,990,1.0,
139,0,9,991,1.0,
140,0,9,991,1.0,
141,0,9,991,1.0,
142,0,8,992,1.0,
143,0,7,993,1.0,
144,0,7,993,1.0,
145,0,7,993,1.0,
146,0,7,993,1.0,
147,0,6,994,1.0,
148,0,6,994,1.0,
149,0,5,995,1.0,
150,0,5,995,1.0,
151,0,5,995,1.0,
152,0,5,995,1.0,
153,0,5,995,1.0,
154,0,5,995,1.0,
155,0,5,995,1.0,
156,0,4,996,1.0,
157,0,4,996,1.0,
158,0,4,996,1.0,
159,0,4,996,1.0,
160,0,4,996,1.0,
161,0,3,997,1.0,
162,0,3,997,1.0,
163,0,3,997,1.0,
164,0,3,997,1.0,
165,0,3,997,1.0,
166,0,3,997,1.0,
167,0,3,997,1.0,
168,0,3,997,1.0,
169,0,3,997,1.0,
170,0,2,998,1.0,
171,0,2,998,1.0,
172,0,2,998,1.0,
173,0,2,998,1.0,
174,0,2,998,1.0,
175,0,2,998,1.0,
176,0,2,998,1.0,
177,0,2,998,1.0,
178,0,2,998,1.0,
179,0,2,998,1.0,
180,0,2,998,1.0,
181,0,2,998,1.0,
182,0,2,998,1.0,
183,0,2,998,1.0,
184,0,2,998,1.0,
185,0,2,998,1.0,
186,0,2,998,1.0,
187,0,2,998,1.0,
188,0,2,998,1.0,
189,0,2,998,1.0,
190,0,2,998,1.0,
191,0,2,998,1.0,
192,0,1,999,1.0,
193,0,1,999,1.0,
194,0,1,999,1.0,
195,0,1,999,1.0,
196,0,1,999,1.0,
197,0,1,999,1.0,
198,0,1,999,1.0,
199,0,1,999,1.0,
200,0,1,999,1.0,
1,998,2,0,0.9992272727272727,1.0
2,994,6,0,0.9957272727272727,0.9982212975484267
3,985,14,1,0.9894090909090909,0.9950251101381086
4,973,25,2,0.9790454545454546,0.9896287993903884
5,944,54,2,0.9505454545454546,0.9742324980694987
6,901,95,4,0.9081363636363636,0.9493771230903263
7,841,148,11,0.8520454545454546,0.912295055597077
8,755,223,22,0.7929545454545455,0.8629420322010425
9,654,308,38,0.7526363636363637,0.8108457592137258
10,520,428,52,0.7429545454545454,0.7525499028642274
11,396,533,71,0.793,0.7376223934264947
12,266,638,96,0.8707727272727273,0.755522222892453
13,132,734,134,0.9404090909090909,0.7721293263472164
14,54,776,170,0.9781363636363636,0.7949360087697187
15,18,785,197,0.9942272727272727,0.8366780929208427
16,5,774,221,0.9988181818181818,0.881761038044389
17,1,746,253,0.9998181818181818,0.9133939326998863
18,1,709,290,0.9996363636363637,0.8264040343475162
19,0,683,317,1.0,
20,0,660,340,1.0,
21,0,635,365,1.0,
22,0,609,391,1.0,
23,0,584,416,1.0,
24,0,558,442,1.0,
25,0,535,465,1.0,
26,0,515,485,1.0,
27,0,498,502,1.0,
28,0,485,515,1.0,
29,0,468,532,1.0,
30,0,453,547,1.0,
31,0,436,564,1.0,
32,0,414,586,1.0,
33,0,394,606,1.0,
34,0,381,619,1.0,
35,0,363,637,1.0,
36,0,338,662,1.0,
37,0,325,675,1.0,
38,0,312,688,1.0,
39,0,303,697,1.0,
40,0,291,709,1.0,
41,0,281,719,1.0,
42,0,272,728,1.0,
43,0,261,739,1.0,
44,0,252,748,1.0,
45,0,239,761,1.0,
46,0,232,768,1.0,
47,0,227,773,1.0,
48,0,215,785,1.0,
49,0,206,794,1.0,
50,0,193,807,1.0,
51,0,184,816,1.0,
52,0,171,829,1.0,
53,0,166,834,1.0,
54,0,161,839,1.0,
55,0,149,851,1.0,
56,0,146,854,1.0,
57,0,141,859,1.0,
58,0,139,861,1.0,
59,0,135,865,1.0,
60,0,128,872,1.0,
61,0,120,880,1.0,
62,0,114,886,1.0,
63,0,108,892,1.0,
64,0,100,900,1.0,
65,0,95,905,1.0,
66,0,92,908,1.0,
67,0,91,909,1.0,
68,0,89,911,1.0,
69,0,88,912,1.0,
70,0,82,918,1.0,
71,0,80,920,1.0,
72,0,74,926,1.0,
73,0,72,928,1.0,
74,0,68,932,1.0,
75,0,64,936,1.0,
76,0,60,940,1.0,
77,0,56,944,1.0,
78,0,54,946,1.0,
79,0,50,950,1.0,
80,0,48,952,1.0,
81,0,48,952,1.0,
82,0,47,953,1.0,
83,0,42,958,1.0,
84,0,42,958,1.0,
85,0,40,960,1.0,
86,0,38,962,1.0,
87,0,35,965,1.0,
88,0,31,969,1.0,
89,0,31,969,1.0,
90,0,30,970,1.0,
91,0,29,971,1.0,
92,0,27,973,1.0,
93,0,26,974,1.0,
94,0,25,975,1.0,
95,0,24,976,1.0,
96,0,24,976,1.0,
97,0,24,976,1.0,
98,0,22,978,1.0,
99,0,22,978,1.0,
100,0,22,978,1.0,
101,0,20,980,1.0,
102,0,20,980,1.0,
103,0,20,980,1.0,
104,0,19,981,1.0,
105,0,19,981,1.0,
106,0,19,981,1.0,
107,0,18,982,1.0,
108,0,17,983,1.0,
109,0,14,986,1.0,
110,0,14,986,1.0,
111,0,13,987,1.0,
112,0,13,987,1.0,
113,0,13,987,1.0,
114,0,13,987,1.0,
115,0,13,987,1.0,
116,0,13,987,1.0,
117,0,12,988,1.0,
118,0,12,988,1.0,
119,0,11,989,1.0,
120,0,10,990,1.0,
121,0,10,990,1.0,
122,0,8,992,1.0,
123,0,8,992,1.0,
124,0,8,992,1.0,
125,0,8,992,1.0,
126,0,8,992,1.0,
127,0,6,994,1.0,
128,0,5,995,1.0,
129,0,5,995,1.0,
130,0,5,995,1.0,
131,0,4,996,1.0,
132,0,4,996,1.0,
133,0,4,996,1.0,
134,0,4,996,1.0,
135,0,4,996,1.0,
136,0,3,997,1.0,
137,0,3,997,1.0,
138,0,2,998,1.0,
139,0,2,998,1.0,
140,0,2,998,1.0,
141,0,2,998,1.0,
142,0,2,998,1.0,
143,0,2,998,1.0,
144,0,2,998,1.0,
145,0,2,998,1.0,
146,0,2,998,1.0,
147,0,2,998,1.0,
148,0,2,998,1.0,
149,0,2,998,1.0,
150,0,1,999,1.0,
151,0,1,999,1.0,
152,0,1,999,1.0,
153,0,1,999,1.0,
154,0,1,999,1.0,
155,0,1,999,1.0,
156,0,1,999,1.0,
157,0,1,999,1.0,
158,0,1,999,1.0,
159,0,1,999,1.0,
160,0,1,999,1.0,
161,0,1,999,1.0,
162,0,1,999,1.0,
163,0,1,999,1.0,
164,0,1,999,1.0,
165,0,1,999,1.0,
166,0,1,999,1.0,
167,0,1,999,1.0,
168,0,1,999,1.0,
169,0,1,999,1.0,
170,0,1,999,1.0,
171,0,1,999,1.0,
172,0,0,1000,1.0,
173,0,0,1000,1.0,
174,0,0,1000,1.0,
175,0,0,1000,1.0,
176,0,0,1000,1.0,
177,0,0,1000,1.0,
178,0,0,1000,1.0,
179,0,0,1000,1.0,
180,0,0,1000,1.0,
181,0,0,1000,1.0,
182,0,0,1000,1.0,
183,0,0,1000,1.0,
184,0,0,1000,1.0,
185,0,0,1000,1.0,
186,0,0,1000,1.0,
187,0,0,1000,1.0,
188,0,0,1000,1.0,
189,0,0,1000,1.0,
190,0,0,1000,1.0,
191,0,0,1000,1.0,
192,0,0,1000,1.0,
193,0,0,1000,1.0,
194,0,0,1000,1.0,
195,0,0,1000,1.0,
196,0,0,1000,1.0,
197,0,0,1000,1.0,
198,0,0,1000,1.0,
199,0,0,1000,1.0,
200,0,0,1000,1.0,
1,997,3,0,0.9968181818181818,1.0
2,996,4,0,0.9968181818181818,0.9999984269768064
3,994,6,0,0.9945454545454545,0.9988546143425598
4,983,17,0,0.9840909090909091,0.9935438741020776
5,968,30,2,0.971,0.9866804370283964
6,947,51,2,0.954,0.9773414812000424
7,912,82,6,0.9201363636363636,0.9578849777113464
8,848,142,10,0.8641363636363636,0.9215087350509501
9,760,221,19,0.8168636363636363,0.880733237856878
10,663,306,31,0.7859545454545455,0.839732453444774
11,567,388,45,0.776,0.8029789135385634
12,441,502,57,0.7835909090909091,0.7547624834699848
13,318,603,79,0.8382272727272727,0.7452488779010185
14,187,700,113,0.9121363636363636,0.7642809947959158
15,86,766,148,0.9646818181818182,0.7934993445787808
16,37,786,177,0.9875,0.8294972375340712
17,12,772,216,0.9966818181818182,0.8557869185365506
18,4,748,248,0.9991818181818182,0.8921297559691646
19,1,718,281,0.9998181818181818,0.9038529036763331
20,0,690,310,1.0,
21,0,669,331,1.0,
22,0,640,360,1.0,
23,0,617,383,1.0,
24,0,594,406,1.0,
25,0,569,431,1.0,
26,0,546,454,1.0,
27,0,521,479,1.0,
28,0,501,499,1.0,
29,0,486,514,1.0,
30,0,473,527,1.0,
31,0,449,551,1.0,
32,0,433,567,1.0,
33,0,418,582,1.0,
34,0,402,598,1.0,
35,0,387,613,1.0,
36,0,369,631,1.0,
37,0,351,649,1.0,
38,0,326,674,1.0,
39,0,315,685,1.0,
40,0,298,702,1.0,
41,0,292,708,1.0,
42,0,278,722,1.0,
43,0,263,737,1.0,
44,0,254,746,1.0,
45,0,245,755,1.0,
46,0,235,765,1.0,
47,0,228,772,1.0,
48,0,222,778,1.0,
49,0,215,785,1.0,
50,0,214,786,1.0,
51,0,205,795,1.0,
52,0,199,801,1.0,
53,0,184,816,1.0,
54,0,181,819,1.0,
55,0,172,828,1.0,
56,0,163,837,1.0,
57,0,150,850,1.0,
58,0,142,858,1.0,
59,0,137,863,1.0,
60,0,134,866,1.0,
61,0,127,873,1.0,
62,0,121,879,1.0,
63,0,120,880,1.0,
64,0,116,884,1.0,
65,0,113,887,1.0,
66,0,107,893,1.0,
67,0,103,897,1.0,
68,0,98,902,1.0,
69,0,94,906,1.0,
70,0,92,908,1.0,
71,0,88,912,1.0,
72,0,86,914,1.0,
73,0,84,916,1.0,
74,0,78,922,1.0,
75,0,78,922,1.0,
76,0,76,924,1.0,
77,0,74,926,1.0,
78,0,71,929,1.0,
79,0,70,930,1.0,
80,0,69,931,1.0,
81,0,66,934,1.0,
82,0,65,935,1.0,
83,0,64,936,1.0,
84,0,61,939,1.0,
85,0,58,942,1.0,
86,0,53,947,1.0,
87,0,52,948,1.0,
88,0,50,950,1.0,
89,0,48,952,1.0,
90,0,48,952,1.0,
91,0,47,953,1.0,
92,0,45,955,1.0,
93,0,43,957,1.0,
94,0,42,958,1.0,
95,0,42,958,1.0,
96,0,41,959,1.0,
97,0,39,961,1.0,
98,0,38,962,1.0,
99,0,38,962,1.0,
100,0,37,963,1.0,
101,0,35,965,1.0,
102,0,35,965,1.0,
103,0,33,967,1.0,
104,0,32,968,1.0,
105,0,32,968,1.0,
106,0,27,973,1.0,
107,0,26,974,1.0,
108,0,23,977,1.0,
109,0,21,979,1.0,
110,0,21,979,1.0,
111,0,21,979,1.0,
112,0,19,981,1.0,
113,0,18,982,1.0,
114,0,18,982,1.0,
115,0,18,982,1.0,
116,0,18,982,1.0,
117,0,18,982,1.0,
118,0,18,982,1.0,
119,0,18,982,1.0,
120,0,18,982,1.0,
121,0,17,983,1.0,
122,0,17,983,1.0,
123,0,17,983,1.0,
124,0,17,983,1.0,
125,0,17,983,1.0,
126,0,16,984,1.0,
127,0,16,984,1.0,
128,0,16,984,1.0,
129,0,15,985,1.0,
130,0,14,986,1.0,
131,0,13,987,1.0,
132,0,13,987,1.0,
133,0,12,988,1.0,
134,0,11,989,1.0,
135,0,11,989,1.0,
136,0,11,989,1.0,
137,0,9,991,1.0,
138,0,8,992,1.0,
139,0,8,992,1.0,
140,0,7,993,1.0,
141,0,7,993,1.0,
142,0,7,993,1.0,
143,0,7,993,1.0,
144,0,7,993,1.0,
145,0,7,993,1.0,
146,0,7,993,1.0,
147,0,7,993,1.0,
148,0,7,993,1.0,
149,0,7,993,1.0,
150,0,6,994,1.0,
151,0,6,994,1.0,
152,0,5,995,1.0,
153,0,5,995,1.0,
154,0,4,996,1.0,
155,0,4,996,1.0,
156,0,4,996,1.0,
157,0,2,998,1.0,
158,0,2,998,1.0,
159,0,2,998,1.0,
160,0,2,998,1.0,
161,0,2,998,1.0,
162,0,2,998,1.0,
163,0,2,998,1.0,
164,0,2,998,1.0,
165,0,2,998,1.0,
166,0,2,998,1.0,
167,0,2,998,1.0,
168,0,2,998,1.0,
169,0,2,998,1.0,
170,0,2,998,1.0,
171,0,2,998,1.0,
172,0,2,998,1.0,
173,0,2,998,1.0,
174,0,2,998,1.0,
175,0,2,998,1.0,
176,0,2,998,1.0,
177,0,2,998,1.0,
178,0,2,998,1.0,
179,0,2,998,1.0,
180,0,2,998,1.0,
181,0,2,998,1.0,
182,0,2,998,1.0,
183,0,2,998,1.0,
184,0,2,998,1.0,
185,0,2,998,1.0,
186,0,2,998,1.0,
187,0,2,998,1.0,
188,0,2,998,1.0,
189,0,2,998,1.0,
190,0,2,998,1.0,
191,0,2,998,1.0,
192,0,2,998,1.0,
193,0,2,998,1.0,
194,0,2,998,1.0,
195,0,1,999,1.0,
196,0,1,999,1.0,
197,0,1,999,1.0,
198,0,1,999,1.0,
199,0,1,999,1.0,
200,0,1,999,1.0,
1,998,2,0,0.9987272727272727,1.0
2,998,2,0,0.9987272727272727,1.0
3,995,4,1,0.9978181818181818,0.9995386860431079
4,989,10,1,0.9913636363636363,0.9962544663219727
5,976,22,2,0.9805909090909091,0.990679691825522
6,964,31,5,0.9726818181818182,0.9864619958337474
7,933,62,5,0.9392272727272727,0.9680033940025432
8,891,101,8,0.9025909090909091,0.9459980334873571
9,827,158,15,0.8485909090909091,0.9091084486014768
10,751,216,33,0.7995,0.867096525465403
11,662,291,47,0.7673181818181818,0.8248643835780236
12,536,404,60,0.7511363636363636,0.7679455065874558
13,401,518,81,0.784,0.7299944162407963
14,250,648,102,0.8797272727272727,0.7579794319133759
15,121,742,137,0.9525,0.8006004016101846
16,56,780,164,0.9814090909090909,0.8312171711473899
17,12,793,195,0.9977272727272727,0.900760772161175
18,7,776,217,0.9985909090909091,0.89463627275818
19,1,750,249,0.9995454545454545,0.7732229771192342
20,0,721,279,1.0,
21,0,690,310,1.0,
22,0,660,340,1.0,
23,0,625,375,1.0,
24,0,606,394,1.0,
25,0,578,422,1.0,
26,0,556,444,1.0,
27,0,538,462,1.0,
28,0,515,485,1.0,
29,0,493,507,1.0,
30,0,469,531,1.0,
31,0,453,547,1.0,
32,0,433,567,1.0,
33,0,412,588,1.0,
34,0,391,609,1.0,
35,0,376,624,1.0,
36,0,361,639,1.0,
37,0,349,651,1.0,
38,0,334,666,1.0,
39,0,313,687,1.0,
40,0,304,696,1.0,
41,0,291,709,1.0,
42,0,281,719,1.0,
43,0,272,728,1.0,
44,0,261,739,1.0,
45,0,252,748,1.0,
46,0,246,754,1.0,
47,0,237,763,1.0,
48,0,231,769,1.0,
49,0,219,781,1.0,
50,0,205,795,1.0,
51,0,200,800,1.0,
52,0,192,808,1.0,
53,0,187,813,1.0,
54,0,177,823,1.0,
55,0,172,828,1.0,
56,0,168,832,1.0,
57,0,160,840,1.0,
58,0,151,849,1.0,
59,0,141,859,1.0,
60,0,133,867,1.0,
61,0,124,876,1.0,
62,0,119,881,1.0,
63,0,117,883,1.0,
64,0,116,884,1.0,
65,0,111,889,1.0,
66,0,102,898,1.0,
67,0,97,903,1.0,
68,0,94,906,1.0,
69,0,90,910,1.0,
70,0,85,915,1.0,
71,0,83,917,1.0,
72,0,79,921,1.0,
73,0,74,926,1.0,
74,0,70,930,1.0,
75,0,69,931,1.0,
76,0,68,932,1.0,
77,0,65,935,1.0,
78,0,63,937,1.0,
79,0,60,940,1.0,
80,0,60,940,1.0,
81,0,58,942,1.0,
82,0,55,945,1.0,
83,0,55,945,1.0,
84,0,52,948,1.0,
85,0,50,950,1.0,
86,0,49,951,1.0,
87,0,47,953,1.0,
88,0,46,954,1.0,
89,0,42,958,1.0,
90,0,41,959,1.0,
91,0,37,963,1.0,
92,0,34,966,1.0,
93,0,33,967,1.0,
94,0,31,969,1.0,
95,0,27,973,1.0,
96,0,24,976,1.0,
97,0,24,976,1.0,
98,0,22,978,1.0,
99,0,21,979,1.0,
100,0,21,979,1.0,
101,0,19,981,1.0,
102,0,19,981,1.0,
103,0,19,981,1.0,
104,0,19,981,1.0,
105,0,18,982,1.0,
106,0,18,982,1.0,
107,0,18,982,1.0,
108,0,18,982,1.0,
109,0,16,984,1.0,
110,0,15,985,1.0,
111,0,15,985,1.0,
112,0,15,985,1.0,
113,0,15,985,1.0,
114,0,14,986,1.0,
115,0,14,986,1.0,
116,0,14,986,1.0,
117,0,14,986,1.0,
118,0,12,988,1.0,
119,0,12,988,1.0,
120,0,12,988,1.0,
121,0,11,989,1.0,
122,0,10,990,1.0,
123,0,9,991,1.0,
124,0,8,992,1.0,
125,0,7,993,1.0,
126,0,7,993,1.0,
127,0,7,993,1.0,
128,0,7,993,1.0,
129,0,7,993,1.0,
130,0,7,993,1.0,
131,0,6,994,1.0,
132,0,6,994,1.0,
133,0,6,994,1.0,
134,0,5,995,1.0,
135,0,5,995,1.0,
136,0,5,995,1.0,
137,0,5,995,1.0,
138,0,5,995,1.0,
139,0,4,996,1.0,
140,0,4,996,1.0,
141,0,4,996,1.0,
142,0,4,996,1.0,
143,0,4,996,1.0,
144,0,4,996,1.0,
145,0,4,996,1.0,
146,0,4,996,1.0,
147,0,4,996,1.0,
148,0,4,996,1.0,
149,0,4,996,1.0,
150,0,4,996,1.0,
151,0,4,996,1.0,
152,0,4,996,1.0,
153,0,4,996,1.0,
154,0,4,996,1.0,
155,0,4,996,1.0,
156,0,4,996,1.0,
157,0,4,996,1.0,
158,0,4,996,1.0,
159,0,4,996,1.0,
160,0,4,996,1.0,
161,0,4,996,1.0,
162,0,4,996,1.0,
163,0,4,996,1.0,
164,0,4,996,1.0,
165,0,4,996,1.0,
166,0,4,996,1.0,
167,0,3,997,1.0,
168,0,3,997,1.0,
169,0,3,997,1.0,
170,0,3,997,1.0,
171,0,3,997,1.0,
172,0,3,997,1.0,
173,0,3,997,1.0,
174,0,3,997,1.0,
175,0,3,997,1.0,
176,0,2,998,1.0,
177,0,2,998,1.0,
178,0,2,998,1.0,
179,0,2,998,1.0,
180,0,2,998,1.0,
181,0,2,998,1.0,
182,0,2,998,1.0,
183,0,2,998,1.0,
184,0,2,998,1.0,
185,0,2,998,1.0,
186,0,2,998,1.0,
187,0,1,999,1.0,
188,0,1,999,1.0,
189,0,1,999,1.0,
190,0,1,999,1.0,
191,0,1,999,1.0,
192,0,1,999,1.0,
193,0,1,999,1.0,
194,0,1,999,1.0,
195,0,1,999,1.0,
196,0,1,999,1.0,
197,0,1,999,1.0,
198,0,1,999,1.0,
199,0,1,999,1.0,
200,0,1,999,1.0,
1,997,3,0,0.9978181818181818,1.0
2,994,6,0,0.9952727272727273,0.9987284097874382
3,985,14,1,0.9889545454545454,0.9955010889590802
4,970,29,1,0.9735,0.9874553823541572
5,943,55,2,0.9517272727272728,0.9754927166981755
6,911,85,4,0.9260909090909091,0.9604862053901532
7,874,119,7,0.9014545454545455,0.9446675923704229
8,800,186,14,0.8454545454545455,0.9043355916746985
9,704,269,27,0.7936363636363636,0.8542217766701192
10,621,337,42,0.7730454545454546,0.8177169040916564
11,505,434,61,0.7695909090909091,0.7722956865985418
12,389,530,81,0.8039090909090909,0.7476355673571727
13,260,637,103,0.8655,0.7402602518630349
14,144,723,133,0.9336818181818182,0.7685202707476005
15,80,759,161,0.9725454545454545,0.8266343453364946
16,27,780,193,0.9949090909090909,0.9027071604616077
17,4,764,232,0.9991818181818182,0.8883174600837023
18,1,737,262,0.9994545454545455,0.6930526313965727
19,1,713,286,0.9994090909090909,0.6673840154189219
20,1,683,316,0.9994090909090909,0.6673840154189219
21,1,662,337,0.9994090909090909,0.6673840154189219
22,0,642,358,1.0,
23,0,612,388,1.0,
24,0,590,410,1.0,
25,0,560,440,1.0,
26,0,536,464,1.0,
27,0,520,480,1.0,
28,0,497,503,1.0,
29,0,475,525,1.0,
30,0,460,540,1.0,
31,0,437,563,1.0,
32,0,425,575,1.0,
33,0,408,592,1.0,
34,0,394,606,1.0,
35,0,384,616,1.0,
36,0,372,628,1.0,
37,0,360,640,1.0,
38,0,345,655,1.0,
39,0,325,675,1.0,
40,0,311,689,1.0,
41,0,300,700,1.0,
42,0,288,712,1.0,
43,0,277,723,1.0,
44,0,264,736,1.0,
45,0,251,749,1.0,
46,0,237,763,1.0,
47,0,230,770,1.0,
48,0,216,784,1.0,
49,0,204,796,1.0,
50,0,197,803,1.0,
51,0,191,809,1.0,
52,0,187,813,1.0,
53,0,178,822,1.0,
54,0,172,828,1.0,
55,0,164,836,1.0,
56,0,154,846,1.0,
57,0,148,852,1.0,
58,0,141,859,1.0,
59,0,139,861,1.0,
60,0,133,867,1.0,
61,0,124,876,1.0,
62,0,121,879,1.0,
63,0,113,887,1.0,
64,0,108,892,1.0,
65,0,103,897,1.0,
66,0,94,906,1.0,
67,0,90,910,1.0,
68,0,86,914,1.0,
69,0,76,924,1.0,
70,0,72,928,1.0,
71,0,69,931,1.0,
72,0,65,935,1.0,
73,0,62,938,1.0,
74,0,59,941,1.0,
75,0,58,942,1.0,
76,0,56,944,1.0,
77,0,54,946,1.0,
78,0,52,948,1.0,
79,0,49,951,1.0,
80,0,48,952,1.0,
81,0,45,955,1.0,
82,0,43,957,1.0,
83,0,40,960,1.0,
84,0,38,962,1.0,
85,0,36,964,1.0,
86,0,32,968,1.0,
87,0,32,968,1.0,
88,0,30,970,1.0,
89,0,28,972,1.0,
90,0,27,973,1.0,
91,0,27,973,1.0,
92,0,27,973,1.0,
93,0,26,974,1.0,
94,0,24,976,1.0,
95,0,20,980,1.0,
96,0,16,984,1.0,
97,0,15,985,1.0,
98,0,14,986,1.0,
99,0,14,986,1.0,
100,0,14,986,1.0,
101,0,14,986,1.0,
102,0,14,986,1.0,
103,0,13,987,1.0,
104,0,12,988,1.0,
105,0,12,988,1.0,
106,0,11,989,1.0,
107,0,11,989,1.0,
108,0,10,990,1.0,
109,0,10,990,1.0,
110,0,9,991,1.0,
111,0,8,992,1.0,
112,0,8,992,1.0,
113,0,7,993,1.0,
114,0,5,995,1.0,
115,0,5,995,1.0,
116,0,5,995,1.0,
117,0,5,995,1.0,
118,0,5,995,1.0,
119,0,4,996,1.0,
120,0,4,996,1.0,
121,0,4,996,1.0,
122,0,3,997,1.0,
123,0,3,997,1.0,
124,0,3,997,1.0,
125,0,3,997,1.0,
126,0,3,997,1.0,
127,0,3,997,1.0,
128,0,3,997,1.0,
129,0,3,997,1.0,
130,0,3,997,1.0,
131,0,3,997,1.0,
132,0,3,997,1.0,
133,0,3,997,1.0,
134,0,3,997,1.0,
135,0,3,997,1.0,
136,0,3,997,1.0,
137,0,3,997,1.0,
138,0,2,998,1.0,
139,0,2,998,1.0,
140,0,2,998,1.0,
141,0,2,998,1.0,
142,0,2,998,1.0,
143,0,2,998,1.0,
144,0,2,998,1.0,
145,0,2,998,1.0,
146,0,2,998,1.0,
147,0,2,998,1.0,
148,0,2,998,1.0,
149,0,2,998,1.0,
150,0,2,998,1.0,
151,0,2,998,1.0,
152,0,2,998,1.0,
153,0,2,998,1.0,
154,0,2,998,1.0,
155,0,2,998,1.0,
156,0,2,998,1.0,
157,0,1,999,1.0,
158,0,1,999,1.0,
159,0,1,999,1.0,
160,0,1,999,1.0,
161,0,1,999,1.0,
162,0,1,999,1.0,
163,0,1,999,1.0,
164,0,1,999,1.0,
165,0,1,999,1.0,
166,0,1,999,1.0,
167,0,1,999,1.0,
168,0,1,999,1.0,
169,0,1,999,1.0,
170,0,1,999,1.0,
171,0,1,999,1.0,
172,0,1,999,1.0,
173,0,1,999,1.0,
174,0,1,999,1.0,
175,0,1,999,1.0,
176,0,1,999,1.0,
177,0,1,999,1.0,
178,0,1,999,1.0,
179,0,1,999,1.0,
180,0,1,999,1.0,
181,0,1,999,1.0,
182,0,1,999,1.0,
183,0,1,999,1.0,
184,0,1,999,1.0,
185,0,1,999,1.0,
186,0,1,999,1.0,
187,0,1,999,1.0,
188,0,1,999,1.0,
189,0,1,999,1.0,
190,0,1,999,1.0,
191,0,1,999,1.0,
192,0,0,1000,1.0,
193,0,0,1000,1.0,
194,0,0,1000,1.0,
195,0,0,1000,1.0,
196,0,0,1000,1.0,
197,0,0,1000,1.0,
198,0,0,1000,1.0,
199,0,0,1000,1.0,
200,0,0,1000,1.0,
1,996,4,0,0.9965,1.0
2,990,10,0,0.9926363636363637,0.9980332351214084
3,979,21,0,0.9798181818181818,0.9914521813127957
4,950,48,2,0.9519545454545455,0.9765002696419338
5,917,77,6,0.9255454545454546,0.9611732081580985
6,865,126,9,0.8835,0.9344540500427861
7,785,202,13,0.8270454545454545,0.8914993478312777
8,684,289,27,0.7916818181818182,0.8494267705314834
9,564,398,38,0.7752272727272728,0.8022627572265594
10,443,498,59,0.7987272727272727,0.7736488395204141
11,329,580,91,0.8381363636363637,0.7537432152463183
12,219,661,120,0.8914545454545455,0.7514507781905299
13,128,724,148,0.942,0.771667286891493
14,61,754,185,0.9764545454545455,0.8054297688949225
15,17,771,212,0.9966363636363637,0.8999223825528183
16,4,757,239,0.9990454545454546,0.881495303862478
17,1,727,272,0.9996818181818182,0.8423941060540003
18,0,694,306,1.0,
19,0,665,335,1.0,
20,0,640,360,1.0,
21,0,608,392,1.0,
22,0,578,422,1.0,
23,0,544,456,1.0,
24,0,523,477,1.0,
25,0,500,500,1.0,
26,0,473,527,1.0,
27,0,461,539,1.0,
28,0,441,559,1.0,
29,0,424,576,1.0,
30,0,407,593,1.0,
31,0,391,609,1.0,
32,0,377,623,1.0,
33,0,364,636,1.0,
34,0,346,654,1.0,
35,0,340,660,1.0,
36,0,327,673,1.0,
37,0,320,680,1.0,
38,0,312,688,1.0,
39,0,301,699,1.0,
40,0,298,702,1.0,
41,0,285,715,1.0,
42,0,276,724,1.0,
43,0,261,739,1.0,
44,0,251,749,1.0,
45,0,240,760,1.0,
46,0,231,769,1.0,
47,0,222,778,1.0,
48,0,215,785,1.0,
49,0,206,794,1.0,
50,0,203,797,1.0,
51,0,193,807,1.0,
52,0,185,815,1.0,
53,0,177,823,1.0,
54,0,170,830,1.0,
55,0,163,837,1.0,
56,0,155,845,1.0,
57,0,148,852,1.0,
58,0,137,863,1.0,
59,0,129,871,1.0,
60,0,122,878,1.0,
61,0,115,885,1.0,
62,0,111,889,1.0,
63,0,103,897,1.0,
64,0,97,903,1.0,
65,0,96,904,1.0,
66,0,92,908,1.0,
67,0,91,909,1.0,
68,0,86,914,1.0,
69,0,81,919,1.0,
70,0,78,922,1.0,
71,0,75,925,1.0,
72,0,71,929,1.0,
73,0,68,932,1.0,
74,0,62,938,1.0,
75,0,59,941,1.0,
76,0,57,943,1.0,
77,0,56,944,1.0,
78,0,55,945,1.0,
79,0,54,946,1.0,
80,0,52,948,1.0,
81,0,52,948,1.0,
82,0,49,951,1.0,
83,0,45,955,1.0,
84,0,41,959,1.0,
85,0,39,961,1.0,
86,0,37,963,1.0,
87,0,36,964,1.0,
88,0,35,965,1.0,
89,0,31,969,1.0,
90,0,28,972,1.0,
91,0,28,972,1.0,
92,0,27,973,1.0,
93,0,27,973,1.0,
94,0,25,975,1.0,
95,0,24,976,1.0,
96,0,22,978,1.0,
97,0,21,979,1.0,
98,0,20,980,1.0,
99,0,19,981,1.0,
100,0,19,981,1.0,
101,0,19,981,1.0,
102,0,19,981,1.0,
103,0,19,981,1.0,
104,0,19,981,1.0,
105,0,18,982,1.0,
106,0,18,982,1.0,
107,0,17,983,1.0,
108,0,15,985,1.0,
109,0,14,986,1.0,
110,0,14,986,1.0,
111,0,14,986,1.0,
112,0,13,987,1.0,
113,0,13,987,1.0,
114,0,12,988,1.0,
115,0,12,988,1.0,
116,0,12,988,1.0,
117,0,11,989,1.0,
118,0,10,990,1.0,
119,0,9,991,1.0,
120,0,9,991,1.0,
121,0,9,991,1.0,
122,0,9,991,1.0,
123,0,8,992,1.0,
124,0,8,992,1.0,
125,0,8,992,1.0,
126,0,8,992,1.0,
127,0,8,992,1.0,
128,0,8,992,1.0,
129,0,8,992,1.0,
130,0,8,992,1.0,
131,0,7,993,1.0,
132,0,7,993,1.0,
133,0,7,993,1.0,
134,0,7,993,1.0,
135,0,7,993,1.0,
136,0,7,993,1.0,
137,0,7,993,1.0,
138,0,5,995,1.0,
139,0,5,995,1.0,
140,0,5,995,1.0,
141,0,5,995,1.0,
142,0,4,996,1.0,
143,0,4,996,1.0,
144,0,4,996,1.0,
145,0,4,996,1.0,
146,0,4,996,1.0,
147,0,4,996,1.0,
148,0,4,996,1.0,
149,0,4,996,1.0,
150,0,3,997,1.0,
151,0,3,997,1.0,
152,0,3,997,1.0,
153,0,3,997,1.0,
154,0,3,997,1.0,
155,0,3,997,1.0,
156,0,2,998,1.0,
157,0,2,998,1.0,
158,0,1,999,1.0,
159,0,1,999,1.0,
160,0,1,999,1.0,
161,0,1,999,1.0,
162,0,1,999,1.0,
163,0,1,999,1.0,
164,0,1,999,1.0,
165,0,1,999,1.0,
166,0,1,999,1.0,
167,0,1,999,1.0,
168,0,1,999,1.0,
169,0,1,999,1.0,
170,0,1,999,1.0,
171,0,1,999,1.0,
172,0,1,999,1.0,
173,0,1,999,1.0,
174,0,1,999,1.0,
175,0,1,999,1.0,
176,0,1,999,1.0,
177,0,1,999,1.0,
178,0,1,999,1.0,
179,0,1,999,1.0,
180,0,0,1000,1.0,
181,0,0,1000,1.0,
182,0,0,1000,1.0,
183,0,0,1000,1.0,
184,0,0,1000,1.0,
185,0,0,1000,1.0,
186,0,0,1000,1.0,
187,0,0,1000,1.0,
188,0,0,1000,1.0,
189,0,0,1000,1.0,
190,0,0,1000,1.0,
191,0,0,1000,1.0,
192,0,0,1000,1.0,
193,0,0,1000,1.0,
194,0,0,1000,1.0,
195,0,0,1000,1.0,
196,0,0,1000,1.0,
197,0,0,1000,1.0,
198,0,0,1000,1.0,
199,0,0,1000,1.0,
200,0,0,1000,1.0,
1,997,3,0,0.9979090909090909,1.0
2,993,7,0,0.9959090909090909,0.9989775751694057
3,983,15,2,0.9886363636363636,0.9952553503828822
4,971,27,2,0.9757727272727272,0.9886022482095909
5,948,50,2,0.9515,0.9754948865423831
6,905,90,5,0.9056363636363637,0.9489511721986313
7,853,139,8,0.8532272727272727,0.9150191032334873
8,773,209,18,0.7936363636363636,0.8673274630623213
9,683,295,22,0.7515,0.8186317028019291
10,580,378,42,0.7550454545454546,0.7890474480414
11,457,478,65,0.7791818181818182,0.7581547930012644
12,321,595,84,0.8454090909090909,0.7583179859735998
13,207,685,108,0.9046363636363637,0.7675969530026842
14,114,749,137,0.952,0.7857759582662925
15,51,781,168,0.9832727272727273,0.8319382223716256
16,16,783,201,0.996,0.8709437646203043
17,2,771,227,0.9994545454545455,0.8573938886602163
18,1,745,254,0.9997272727272727,0.8613685623162569
19,0,719,281,1.0,
20,0,677,323,1.0,
21,0,644,356,1.0,
22,0,610,390,1.0,
23,0,593,407,1.0,
24,0,572,428,1.0,
25,0,546,454,1.0,
26,0,518,482,1.0,
27,0,490,510,1.0,
28,0,473,527,1.0,
29,0,454,546,1.0,
30,0,430,570,1.0,
31,0,413,587,1.0,
32,0,400,600,1.0,
33,0,387,613,1.0,
34,0,371,629,1.0,
35,0,355,645,1.0,
36,0,341,659,1.0,
37,0,333,667,1.0,
38,0,318,682,1.0,
39,0,306,694,1.0,
40,0,294,706,1.0,
41,0,284,716,1.0,
42,0,271,729,1.0,
43,0,261,739,1.0,
44,0,248,752,1.0,
45,0,235,765,1.0,
46,0,216,784,1.0,
47,0,204,796,1.0,
48,0,200,800,1.0,
49,0,196,804,1.0,
50,0,193,807,1.0,
51,0,191,809,1.0,
52,0,186,814,1.0,
53,0,177,823,1.0,
54,0,169,831,1.0,
55,0,161,839,1.0,
56,0,156,844,1.0,
57,0,149,851,1.0,
58,0,147,853,1.0,
59,0,144,856,1.0,
60,0,139,861,1.0,
61,0,133,867,1.0,
62,0,130,870,1.0,
63,0,126,874,1.0,
64,0,118,882,1.0,
65,0,114,886,1.0,
66,0,108,892,1.0,
67,0,106,894,1.0,
68,0,100,900,1.0,
69,0,95,905,1.0,
70,0,91,909,1.0,
71,0,87,913,1.0,
72,0,83,917,1.0,
73,0,78,922,1.0,
74,0,74,926,1.0,
75,0,68,932,1.0,
76,0,67,933,1.0,
77,0,64,936,1.0,
78,0,61,939,1.0,
79,0,59,941,1.0,
80,0,56,944,1.0,
81,0,54,946,1.0,
82,0,52,948,1.0,
83,0,51,949,1.0,
84,0,49,951,1.0,
85,0,48,952,1.0,
86,0,43,957,1.0,
87,0,40,960,1.0,
88,0,39,961,1.0,
89,0,39,961,1.0,
90,0,38,962,1.0,
91,0,36,964,1.0,
92,0,35,965,1.0,
93,0,32,968,1.0,
94,0,30,970,1.0,
95,0,30,970,1.0,
96,0,29,971,1.0,
97,0,27,973,1.0,
98,0,26,974,1.0,
99,0,22,978,1.0,
100,0,19,981,1.0,
101,0,19,981,1.0,
102,0,19,981,1.0,
103,0,18,982,1.0,
104,0,17,983,1.0,
105,0,15,985,1.0,
106,0,15,985,1.0,
107,0,15,985,1.0,
108,0,15,985,1.0,
109,0,14,986,1.0,
110,0,14,986,1.0,
111,0,13,987,1.0,
112,0,12,988,1.0,
113,0,11,989,1.0,
114,0,10,990,1.0,
115,0,10,990,1.0,
116,0,10,990,1.0,
117,0,9,991,1.0,
118,0,8,992,1.0,
119,0,8,992,1.0,
120,0,8,992,1.0,
121,0,7,993,1.0,
122,0,6,994,1.0,
123,0,4,996,1.0,
124,0,4,996,1.0,
125,0,4,996,1.0,
126,0,3,997,1.0,
127,0,3,997,1.0,
128,0,3,997,1.0,
129,0,3,997,1.0,
130,0,3,997,1.0,
131,0,3,997,1.0,
132,0,3,997,1.0,
133,0,3,997,1.0,
134,0,3,997,1.0,
135,0,3,997,1.0,
136,0,3,997,1.0,
137,0,3,997,1.0,
138,0,3,997,1.0,
139,0,3,997,1.0,
140,0,3,997,1.0,
141,0,3,997,1.0,
142,0,3,997,1.0,
143,0,3,997,1.0,
144,0,3,997,1.0,
145,0,2,998,1.0,
146,0,2,998,1.0,
147,0,2,998,1.0,
148,0,2,998,1.0,
149,0,2,998,1.0,
150,0,2,998,1.0,
151,0,2,998,1.0,
152,0,2,998,1.0,
153,0,2,998,1.0,
154,0,1,999,1.0,
155,0,1,999,1.0,
156,0,1,999,1.0,
157,0,1,999,1.0,
158,0,1,999,1.0,
159,0,1,999,1.0,
160,0,1,999,1.0,
161,0,1,999,1.0,
162,0,1,999,1.0,
163,0,1,999,1.0,
164,0,1,999,1.0,
165,0,1,999,1.0,
166,0,0,1000,1.0,
167,0,0,1000,1.0,
168,0,0,1000,1.0,
169,0,0,1000,1.0,
170,0,0,1000,1.0,
171,0,0,1000,1.0,
172,0,0,1000,1.0,
173,0,0,1000,1.0,
174,0,0,1000,1.0,
175,0,0,1000,1.0,
176,0,0,1000,1.0,
177,0,0,1000,1.0,
178,0,0,1000,1.0,
179,0,0,1000,1.0,
180,0,0,1000,1.0,
181,0,0,1000,1.0,
182,0,0,1000,1.0,
183,0,0,1000,1.0,
184,0,0,1000,1.0,
185,0,0,1000,1.0,
186,0,0,1000,1.0,
187,0,0,1000,1.0,
188,0,0,1000,1.0,
189,0,0,1000,1.0,
190,0,0,1000,1.0,
191,0,0,1000,1.0,
192,0,0,1000,1.0,
193,0,0,1000,1.0,
194,0,0,1000,1.0,
195,0,0,1000,1.0,
196,0,0,1000,1.0,
197,0,0,1000,1.0,
198,0,0,1000,1.0,
199,0,0,1000,1.0,
200,0,0,1000,1.0,
1,996,3,1,0.9982272727272727,1.0
2,995,4,1,0.9975,0.99963272423314
3,988,11,1,0.9906818181818182,0.9961887459450397
4,977,22,1,0.98,0.9906470919524197
5,957,40,3,0.9656818181818182,0.9829284261626522
6,932,64,4,0.9404090909090909,0.968826658451402
7,894,99,7,0.9085,0.9496125373171304
8,850,140,10,0.8737272727272727,0.9264595772496841
9,775,206,19,0.8325454545454546,0.8927034357072181
10,678,293,29,0.7873181818181818,0.8436772469752448
11,585,377,38,0.7654090909090909,0.7995453493798966
12,461,481,58,0.7799545454545455,0.7614064885957342
13,344,575,81,0.8347727272727272,0.7589847900149618
14,223,667,110,0.8935454545454545,0.7599333580979887
15,126,734,140,0.9424090909090909,0.7699513231344282
16,61,767,172,0.9733636363636363,0.7783712331882463
17,33,761,206,0.9876363636363636,0.8103377886373128
18,14,749,237,0.9973181818181818,0.9023343269040273
19,0,737,263,1.0,
20,0,712,288,1.0,
21,0,688,312,1.0,
22,0,656,344,1.0,
23,0,626,374,1.0,
24,0,605,395,1.0,
25,0,580,420,1.0,
26,0,559,441,1.0,
27,0,532,468,1.0,
28,0,515,485,1.0,
29,0,500,500,1.0,
30,0,474,526,1.0,
31,0,455,545,1.0,
32,0,441,559,1.0,
33,0,419,581,1.0,
34,0,405,595,1.0,
35,0,383,617,1.0,
36,0,371,629,1.0,
37,0,361,639,1.0,
38,0,352,648,1.0,
39,0,343,657,1.0,
40,0,324,676,1.0,
41,0,314,686,1.0,
42,0,301,699,1.0,
43,0,286,714,1.0,
44,0,272,728,1.0,
45,0,258,742,1.0,
46,0,245,755,1.0,
47,0,228,772,1.0,
48,0,220,780,1.0,
49,0,215,785,1.0,
50,0,205,795,1.0,
51,0,203,797,1.0,
52,0,190,810,1.0,
53,0,184,816,1.0,
54,0,172,828,1.0,
55,0,167,833,1.0,
56,0,161,839,1.0,
57,0,155,845,1.0,
58,0,149,851,1.0,
59,0,145,855,1.0,
60,0,141,859,1.0,
61,0,139,861,1.0,
62,0,137,863,1.0,
63,0,128,872,1.0,
64,0,124,876,1.0,
65,0,121,879,1.0,
66,0,115,885,1.0,
67,0,114,886,1.0,
68,0,109,891,1.0,
69,0,107,893,1.0,
70,0,104,896,1.0,
71,0,100,900,1.0,
72,0,97,903,1.0,
73,0,94,906,1.0,
74,0,91,909,1.0,
75,0,88,912,1.0,
76,0,85,915,1.0,
77,0,79,921,1.0,
78,0,77,923,1.0,
79,0,72,928,1.0,
80,0,69,931,1.0,
81,0,67,933,1.0,
82,0,65,935,1.0,
83,0,61,939,1.0,
84,0,60,940,1.0,
85,0,60,940,1.0,
86,0,58,942,1.0,
87,0,56,944,1.0,
88,0,54,946,1.0,
89,0,52,948,1.0,
90,0,52,948,1.0,
91,0,52,948,1.0,
92,0,50,950,1.0,
93,0,49,951,1.0,
94,0,48,952,1.0,
95,0,45,955,1.0,
96,0,45,955,1.0,
97,0,42,958,1.0,
98,0,41,959,1.0,
99,0,40,960,1.0,
100,0,39,961,1.0,
101,0,38,962,1.0,
102,0,38,962,1.0,
103,0,36,964,1.0,
104,0,35,965,1.0,
105,0,34,966,1.0,
106,0,30,970,1.0,
107,0,30,970,1.0,
108,0,29,971,1.0,
109,0,26,974,1.0,
110,0,23,977,1.0,
111,0,23,977,1.0,
112,0,21,979,1.0,
113,0,21,979,1.0,
114,0,19,981,1.0,
115,0,18,982,1.0,
116,0,18,982,1.0,
117,0,17,983,1.0,
118,0,17,983,1.0,
119,0,17,983,1.0,
120,0,16,984,1.0,
121,0,15,985,1.0,
122,0,15,985,1.0,
123,0,15,985,1.0,
124,0,14,986,1.0,
125,0,14,986,1.0,
126,0,14,986,1.0,
127,0,12,988,1.0,
128,0,12,988,1.0,
129,0,12,988,1.0,
130,0,12,988,1.0,
131,0,12,988,1.0,
132,0,11,989,1.0,
133,0,8,992,1.0,
134,0,8,992,1.0,
135,0,8,992,1.0,
136,0,7,993,1.0,
137,0,7,993,1.0,
138,0,6,994,1.0,
139,0,6,994,1.0,
140,0,6,994,1.0,
141,0,5,995,1.0,
142,0,5,995,1.0,
143,0,5,995,1.0,
144,0,5,995,1.0,
145,0,5,995,1.0,
146,0,5,995,1.0,
147,0,5,995,1.0,
148,0,5,995,1.0,
149,0,5,995,1.0,
150,0,5,995,1.0,
151,0,5,995,1.0,
152,0,5,995,1.0,
153,0,5,995,1.0,
154,0,5,995,1.0,
155,0,4,996,1.0,
156,0,4,996,1.0,
157,0,4,996,1.0,
158,0,4,996,1.0,
159,0,4,996,1.0,
160,0,4,996,1.0,
161,0,3,997,1.0,
162,0,3,997,1.0,
163,0,3,997,1.0,
164,0,3,997,1.0,
165,0,3,997,1.0,
166,0,3,997,1.0,
167,0,3,997,1.0,
168,0,3,997,1.0,
169,0,2,998,1.0,
170,0,2,998,1.0,
171,0,2,998,1.0,
172,0,2,998,1.0,
173,0,2,998,1.0,
174,0,2,998,1.0,
175,0,2,998,1.0,
176,0,2,998,1.0,
177,0,2,998,1.0,
178,0,2,998,1.0,
179,0,2,998,1.0,
180,0,2,998,1.0,
181,0,2,998,1.0,
182,0,2,998,1.0,
183,0,2,998,1.0,
184,0,2,998,1.0,
185,0,2,998,1.0,
186,0,2,998,1.0,
187,0,2,998,1.0,
188,0,2,998,1.0,
189,0,2,998,1.0,
190,0,2,998,1.0,
191,0,2,998,1.0,
192,0,2,998,1.0,
193,0,2,998,1.0,
194,0,2,998,1.0,
195,0,2,998,1.0,
196,0,2,998,1.0,
197,0,2,998,1.0,
198,0,2,998,1.0,
199,0,1,999,1.0,
200,0,1,999,1.0,
1,998,2,0,0.9991363636363636,1.0
2,996,4,0,0.9970454545454546,0.9989490442071893
3,992,8,0,0.9946363636363637,0.9977189449168474
4,986,13,1,0.9895454545454545,0.9951011867744355
5,974,22,4,0.98,0.9901018196463168
6,953,42,5,0.9611818181818181,0.980013067860686
7,911,77,12,0.9247272727272727,0.9589939547915276
8,857,125,18,0.8755909090909091,0.9278610924123947
9,785,188,27,0.8162272727272727,0.883568713149609
10,704,264,32,0.7645909090909091,0.8332090517528155
11,597,356,47,0.7366363636363636,0.7789307510251572
12,477,454,69,0.7515454545454545,0.7379979436621189
13,345,562,93,0.8126818181818182,0.7257650424680488
14,198,682,120,0.9103636363636364,0.7692490637264332
15,86,773,141,0.9714090909090909,0.8285946069601181
16,32,790,178,0.9878636363636364,0.8035992595431083
17,6,785,209,0.9987272727272727,0.8853212368533576
18,2,765,233,0.9991818181818182,0.7758175808915896
19,1,734,265,0.9995454545454545,0.7564221413692997
20,0,705,295,1.0,
21,0,671,329,1.0,
22,0,644,356,1.0,
23,0,620,380,1.0,
24,0,598,402,1.0,
25,0,579,421,1.0,
26,0,555,445,1.0,
27,0,535,465,1.0,
28,0,517,483,1.0,
29,0,494,506,1.0,
30,0,478,522,1.0,
31,0,454,546,1.0,
32,0,432,568,1.0,
33,0,411,589,1.0,
34,0,387,613,1.0,
35,0,370,630,1.0,
36,0,353,647,1.0,
37,0,337,663,1.0,
38,0,334,666,1.0,
39,0,320,680,1.0,
40,0,313,687,1.0,
41,0,298,702,1.0,
42,0,286,714,1.0,
43,0,269,731,1.0,
44,0,258,742,1.0,
45,0,251,749,1.0,
46,0,240,760,1.0,
47,0,237,763,1.0,
48,0,222,778,1.0,
49,0,210,790,1.0,
50,0,204,796,1.0,
51,0,195,805,1.0,
52,0,188,812,1.0,
53,0,182,818,1.0,
54,0,176,824,1.0,
55,0,170,830,1.0,
56,0,161,839,1.0,
57,0,151,849,1.0,
58,0,144,856,1.0,
59,0,139,861,1.0,
60,0,134,866,1.0,
61,0,130,870,1.0,
62,0,128,872,1.0,
63,0,125,875,1.0,
64,0,119,881,1.0,
65,0,116,884,1.0,
66,0,110,890,1.0,
67,0,106,894,1.0,
68,0,105,895,1.0,
69,0,99,901,1.0,
70,0,99,901,1.0,
71,0,97,903,1.0,
72,0,92,908,1.0,
73,0,88,912,1.0,
74,0,87,913,1.0,
75,0,85,915,1.0,
76,0,85,915,1.0,
77,0,83,917,1.0,
78,0,80,920,1.0,
79,0,77,923,1.0,
80,0,76,924,1.0,
81,0,75,925,1.0,
82,0,73,927,1.0,
83,0,72,928,1.0,
84,0,69,931,1.0,
85,0,66,934,1.0,
86,0,61,939,1.0,
87,0,56,944,1.0,
88,0,54,946,1.0,
89,0,53,947,1.0,
90,0,52,948,1.0,
91,0,49,951,1.0,
92,0,48,952,1.0,
93,0,48,952,1.0,
94,0,48,952,1.0,
95,0,42,958,1.0,
96,0,41,959,1.0,
97,0,41,959,1.0,
98,0,40,960,1.0,
99,0,40,960,1.0,
100,0,37,963,1.0,
101,0,37,963,1.0,
102,0,36,964,1.0,
103,0,34,966,1.0,
104,0,32,968,1.0,
105,0,29,971,1.0,
106,0,27,973,1.0,
107,0,26,974,1.0,
108,0,23,977,1.0,
109,0,22,978,1.0,
110,0,22,978,1.0,
111,0,19,981,1.0,
112,0,18,982,1.0,
113,0,17,983,1.0,
114,0,17,983,1.0,
115,0,16,984,1.0,
116,0,15,985,1.0,
117,0,15,985,1.0,
118,0,15,985,1.0,
119,0,15,985,1.0,
120,0,15,985,1.0,
121,0,15,985,1.0,
122,0,14,986,1.0,
123,0,14,986,1.0,
124,0,14,986,1.0,
125,0,14,986,1.0,
126,0,14,986,1.0,
127,0,13,987,1.0,
128,0,13,987,1.0,
129,0,13,987,1.0,
130,0,13,987,1.0,
131,0,13,987,1.0,
132,0,13,987,1.0,
133,0,13,987,1.0,
134,0,12,988,1.0,
135,0,12,988,1.0,
136,0,11,989,1.0,
137,0,11,989,1.0,
138,0,10,990,1.0,
139,0,10,990,1.0,
140,0,10,990,1.0,
141,0,10,990,1.0,
142,0,10,990,1.0,
143,0,9,991,1.0,
144,0,8,992,1.0,
145,0,8,992,1.0,
146,0,7,993,1.0,
147,0,6,994,1.0,
148,0,6,994,1.0,
149,0,5,995,1.0,
150,0,5,995,1.0,
151,0,5,995,1.0,
152,0,5,995,1.0,
153,0,5,995,1.0,
154,0,5,995,1.0,
155,0,4,996,1.0,
156,0,4,996,1.0,
157,0,4,996,1.0,
158,0,4,996,1.0,
159,0,2,998,1.0,
160,0,2,998,1.0,
161,0,2,998,1.0,
162,0,2,998,1.0,
163,0,2,998,1.0,
164,0,2,998,1.0,
165,0,2,998,1.0,
166,0,2,998,1.0,
167,0,2,998,1.0,
168,0,2,998,1.0,
169,0,2,998,1.0,
170,0,2,998,1.0,
171,0,2,998,1.0,
172,0,2,998,1.0,
173,0,2,998,1.0,
174,0,2,998,1.0,
175,0,2,998,1.0,
176,0,2,998,1.0,
177,0,2,998,1.0,
178,0,2,998,1.0,
179,0,2,998,1.0,
180,0,2,998,1.0,
181,0,2,998,1.0,
182,0,2,998,1.0,
183,0,2,998,1.0,
184,0,2,998,1.0,
185,0,2,998,1.0,
186,0,2,998,1.0,
187,0,2,998,1.0,
188,0,2,998,1.0,
189,0,2,998,1.0,
190,0,2,998,1.0,
191,0,2,998,1.0,
192,0,2,998,1.0,
193,0,2,998,1.0,
194,0,2,998,1.0,
195,0,2,998,1.0,
196,0,2,998,1.0,
197,0,2,998,1.0,
198,0,2,998,1.0,
199,0,2,998,1.0,
200,0,2,998,1.0,
1,997,3,0,0.9973181818181818,1.0
2,993,7,0,0.993909090909091,0.9982835591367303
3,983,17,0,0.9854090909090909,0.9939669945657962
4,972,26,2,0.9780454545454546,0.9901060318631706
5,945,52,3,0.9508636363636364,0.9754070902465837
6,910,81,9,0.9199090909090909,0.9574320830865626
7,836,144,20,0.8592727272727273,0.9170685350884316
8,757,216,27,0.7995909090909091,0.8687964182845506
9,665,299,36,0.7615909090909091,0.8216100814175714
10,538,419,43,0.7658636363636364,0.7829716495846886
11,402,536,62,0.8211818181818182,0.7772423589397197
12,276,640,84,0.8707272727272727,0.7646582129354227
13,172,702,126,0.9109090909090909,0.7395148766929416
14,97,750,153,0.9551363636363637,0.7667737997371925
15,51,773,176,0.9808636363636364,0.8103533320111919
16,18,774,208,0.9955,0.8732364720212166
17,8,749,243,0.9982727272727273,0.8918946574655325
18,2,723,275,0.9995909090909091,0.9011045361371132
19,0,686,314,1.0,
20,0,660,340,1.0,
21,0,634,366,1.0,
22,0,609,391,1.0,
23,0,592,408,1.0,
24,0,565,435,1.0,
25,0,537,463,1.0,
26,0,520,480,1.0,
27,0,493,507,1.0,
28,0,470,530,1.0,
29,0,458,542,1.0,
30,0,433,567,1.0,
31,0,424,576,1.0,
32,0,408,592,1.0,
33,0,391,609,1.0,
34,0,372,628,1.0,
35,0,361,639,1.0,
36,0,344,656,1.0,
37,0,331,669,1.0,
38,0,320,680,1.0,
39,0,304,696,1.0,
40,0,289,711,1.0,
41,0,278,722,1.0,
42,0,265,735,1.0,
43,0,254,746,1.0,
44,0,242,758,1.0,
45,0,225,775,1.0,
46,0,222,778,1.0,
47,0,215,785,1.0,
48,0,205,795,1.0,
49,0,196,804,1.0,
50,0,190,810,1.0,
51,0,181,819,1.0,
52,0,176,824,1.0,
53,0,167,833,1.0,
54,0,161,839,1.0,
55,0,154,846,1.0,
56,0,149,851,1.0,
57,0,146,854,1.0,
58,0,138,862,1.0,
59,0,129,871,1.0,
60,0,127,873,1.0,
61,0,123,877,1.0,
62,0,116,884,1.0,
63,0,111,889,1.0,
64,0,107,893,1.0,
65,0,102,898,1.0,
66,0,97,903,1.0,
67,0,95,905,1.0,
68,0,90,910,1.0,
69,0,87,913,1.0,
70,0,82,918,1.0,
71,0,78,922,1.0,
72,0,76,924,1.0,
73,0,74,926,1.0,
74,0,71,929,1.0,
75,0,70,930,1.0,
76,0,67,933,1.0,
77,0,64,936,1.0,
78,0,60,940,1.0,
79,0,57,943,1.0,
80,0,56,944,1.0,
81,0,55,945,1.0,
82,0,51,949,1.0,
83,0,51,949,1.0,
84,0,49,951,1.0,
85,0,47,953,1.0,
86,0,45,955,1.0,
87,0,44,956,1.0,
88,0,42,958,1.0,
89,0,42,958,1.0,
90,0,39,961,1.0,
91,0,39,961,1.0,
92,0,37,963,1.0,
93,0,37,963,1.0,
94,0,37,963,1.0,
95,0,34,966,1.0,
96,0,31,969,1.0,
97,0,31,969,1.0,
98,0,27,973,1.0,
99,0,24,976,1.0,
100,0,24,976,1.0,
101,0,24,976,1.0,
102,0,23,977,1.0,
103,0,23,977,1.0,
104,0,23,977,1.0,
105,0,22,978,1.0,
106,0,21,979,1.0,
107,0,19,981,1.0,
108,0,19,981,1.0,
109,0,17,983,1.0,
110,0,17,983,1.0,
111,0,15,985,1.0,
112,0,15,985,1.0,
113,0,15,985,1.0,
114,0,15,985,1.0,
115,0,15,985,1.0,
116,0,15,985,1.0,
117,0,15,985,1.0,
118,0,14,986,1.0,
119,0,14,986,1.0,
120,0,14,986,1.0,
121,0,14,986,1.0,
122,0,14,986,1.0,
123,0,14,986,1.0,
124,0,13,987,1.0,
125,0,12,988,1.0,
126,0,12,988,1.0,
127,0,11,989,1.0,
128,0,10,990,1.0,
129,0,8,992,1.0,
130,0,7,993,1.0,
131,0,5,995,1.0,
132,0,5,995,1.0,
133,0,5,995,1.0,
134,0,5,995,1.0,
135,0,4,996,1.0,
136,0,4,996,1.0,
137,0,4,996,1.0,
138,0,4,996,1.0,
139,0,4,996,1.0,
140,0,3,997,1.0,
141,0,3,997,1.0,
142,0,3,997,1.0,
143,0,3,997,1.0,
144,0,3,997,1.0,
145,0,3,997,1.0,
146,0,3,997,1.0,
147,0,3,997,1.0,
148,0,3,997,1.0,
149,0,3,997,1.0,
150,0,3,997,1.0,
151,0,3,997,1.0,
152,0,3,997,1.0,
153,0,3,997,1.0,
154,0,3,997,1.0,
155,0,3,997,1.0,
156,0,3,997,1.0,
157,0,3,997,1.0,
158,0,3,997,1.0,
159,0,3,997,1.0,
160,0,2,998,1.0,
161,0,2,998,1.0,
162,0,2,998,1.0,
163,0,2,998,1.0,
164,0,2,998,1.0,
165,0,2,998,1.0,
166,0,2,998,1.0,
167,0,2,998,1.0,
168,0,2,998,1.0,
169,0,2,998,1.0,
170,0,2,998,1.0,
171,0,2,998,1.0,
172,0,2,998,1.0,
173,0,2,998,1.0,
174,0,2,998,1.0,
175,0,2,998,1.0,
176,0,2,998,1.0,
177,0,2,998,1.0,
178,0,2,998,1.0,
179,0,2,998,1.0,
180,0,1,999,1.0,
181,0,1,999,1.0,
182,0,1,999,1.0,
183,0,1,999,1.0,
184,0,1,999,1.0,
185,0,1,999,1.0,
186,0,1,999,1.0,
187,0,1,999,1.0,
188,0,1,999,1.0,
189,0,1,999,1.0,
190,0,1,999,1.0,
191,0,1,999,1.0,
192,0,1,999,1.0,
193,0,1,999,1.0,
194,0,1,999,1.0,
195,0,1,999,1.0,
196,0,1,999,1.0,
197,0,1,999,1.0,
198,0,1,999,1.0,
199,0,1,999,1.0,
200,0,1,999,1.0,
1,997,3,0,0.9987727272727273,1.0
2,991,9,0,0.9928636363636364,0.9970028426320872
3,979,21,0,0.9815454545454545,0.9911397609538244
4,959,41,0,0.9599545454545455,0.9796535092071367
5,923,76,1,0.9303181818181818,0.9626926931452903
6,863,126,11,0.8868636363636364,0.9347642669267667
7,795,186,19,0.8441818181818181,0.9022802583707973
8,709,263,28,0.8011818181818182,0.8599193508041402
9,608,359,33,0.7725,0.8129456550321892
10,492,457,51,0.7735454545454545,0.7694634800577369
11,369,552,79,0.8128181818181818,0.7460480902375167
12,256,636,108,0.8675909090909091,0.7407550637503482
13,142,729,129,0.9331818181818182,0.7642908184537753
14,59,776,165,0.9814090909090909,0.8409144837292084
15,21,783,196,0.9965,0.9153894402087266
16,5,771,224,0.9990909090909091,0.9046937981854953
17,1,749,250,0.9997272727272727,0.8609931892981887
18,0,719,281,1.0,
19,0,686,314,1.0,
20,0,661,339,1.0,
21,0,638,362,1.0,
22,0,610,390,1.0,
23,0,583,417,1.0,
24,0,560,440,1.0,
25,0,535,465,1.0,
26,0,514,486,1.0,
27,0,492,508,1.0,
28,0,474,526,1.0,
29,0,453,547,1.0,
30,0,436,564,1.0,
31,0,425,575,1.0,
32,0,406,594,1.0,
33,0,390,610,1.0,
34,0,367,633,1.0,
35,0,350,650,1.0,
36,0,330,670,1.0,
37,0,309,691,1.0,
38,0,300,700,1.0,
39,0,284,716,1.0,
40,0,278,722,1.0,
41,0,270,730,1.0,
42,0,261,739,1.0,
43,0,246,754,1.0,
44,0,232,768,1.0,
45,0,223,777,1.0,
46,0,214,786,1.0,
47,0,209,791,1.0,
48,0,200,800,1.0,
49,0,194,806,1.0,
50,0,183,817,1.0,
51,0,176,824,1.0,
52,0,170,830,1.0,
53,0,162,838,1.0,
54,0,155,845,1.0,
55,0,148,852,1.0,
56,0,139,861,1.0,
57,0,135,865,1.0,
58,0,130,870,1.0,
59,0,125,875,1.0,
60,0,117,883,1.0,
61,0,114,886,1.0,
62,0,110,890,1.0,
63,0,104,896,1.0,
64,0,101,899,1.0,
65,0,95,905,1.0,
66,0,89,911,1.0,
67,0,84,916,1.0,
68,0,82,918,1.0,
69,0,79,921,1.0,
70,0,76,924,1.0,
71,0,73,927,1.0,
72,0,68,932,1.0,
73,0,65,935,1.0,
74,0,61,939,1.0,
75,0,59,941,1.0,
76,0,59,941,1.0,
77,0,57,943,1.0,
78,0,55,945,1.0,
79,0,53,947,1.0,
80,0,53,947,1.0,
81,0,52,948,1.0,
82,0,49,951,1.0,
83,0,45,955,1.0,
84,0,44,956,1.0,
85,0,44,956,1.0,
86,0,42,958,1.0,
87,0,41,959,1.0,
88,0,39,961,1.0,
89,0,39,961,1.0,
90,0,35,965,1.0,
91,0,33,967,1.0,
92,0,31,969,1.0,
93,0,31,969,1.0,
94,0,31,969,1.0,
95,0,31,969,1.0,
96,0,30,970,1.0,
97,0,29,971,1.0,
98,0,28,972,1.0,
99,0,27,973,1.0,
100,0,25,975,1.0,
101,0,24,976,1.0,
102,0,24,976,1.0,
103,0,23,977,1.0,
104,0,21,979,1.0,
105,0,21,979,1.0,
106,0,20,980,1.0,
107,0,18,982,1.0,
108,0,18,982,1.0,
109,0,17,983,1.0,
110,0,16,984,1.0,
111,0,14,986,1.0,
112,0,14,986,1.0,
113,0,13,987,1.0,
114,0,12,988,1.0,
115,0,9,991,1.0,
116,0,9,991,1.0,
117,0,9,991,1.0,
118,0,9,991,1.0,
119,0,9,991,1.0,
120,0,8,992,1.0,
121,0,8,992,1.0,
122,0,8,992,1.0,
123,0,8,992,1.0,
124,0,8,992,1.0,
125,0,8,992,1.0,
126,0,8,992,1.0,
127,0,8,992,1.0,
128,0,8,992,1.0,
129,0,8,992,1.0,
130,0,8,992,1.0,
131,0,8,992,1.0,
132,0,8,992,1.0,
133,0,7,993,1.0,
134,0,7,993,1.0,
135,0,7,993,1.0,
136,0,7,993,1.0,
137,0,7,993,1.0,
138,0,6,994,1.0,
139,0,6,994,1.0,
140,0,6,994,1.0,
141,0,6,994,1.0,
142,0,6,994,1.0,
143,0,6,994,1.0,
144,0,6,994,1.0,
145,0,6,994,1.0,
146,0,4,996,1.0,
147,0,4,996,1.0,
148,0,3,997,1.0,
149,0,3,997,1.0,
150,0,2,998,1.0,
151,0,2,998,1.0,
152,0,2,998,1.0,
153,0,2,998,1.0,
154,0,2,998,1.0,
155,0,2,998,1.0,
156,0,2,998,1.0,
157,0,2,998,1.0,
158,0,2,998,1.0,
159,0,2,998,1.0,
160,0,2,998,1.0,
161,0,2,998,1.0,
162,0,2,998,1.0,
163,0,2,998,1.0,
164,0,2,998,1.0,
165,0,2,998,1.0,
166,0,2,998,1.0,
167,0,1,999,1.0,
168,0,1,999,1.0,
169,0,1,999,1.0,
170,0,1,999,1.0,
171,0,1,999,1.0,
172,0,1,999,1.0,
173,0,1,999,1.0,
174,0,1,999,1.0,
175,0,1,999,1.0,
176,0,1,999,1.0,
177,0,1,999,1.0,
178,0,1,999,1.0,
179,0,1,999,1.0,
180,0,1,999,1.0,
181,0,1,999,1.0,
182,0,1,999,1.0,
183,0,1,999,1.0,
184,0,1,999,1.0,
185,0,1,999,1.0,
186,0,1,999,1.0,
187,0,1,999,1.0,
188,0,1,999,1.0,
189,0,1,999,1.0,
190,0,1,999,1.0,
191,0,1,999,1.0,
192,0,1,999,1.0,
193,0,1,999,1.0,
194,0,1,999,1.0,
195,0,1,999,1.0,
196,0,1,999,1.0,
197,0,1,999,1.0,
198,0,1,999,1.0,
199,0,1,999,1.0,
200,0,1,999,1.0,
1,995,4,1,0.9969090909090909,1.0
2,987,12,1,0.9883181818181819,0.9956296294371663
3,981,18,1,0.9833181818181819,0.993050038150029
4,959,38,3,0.9699090909090909,0.9859312583651897
5,937,59,4,0.9462727272727273,0.9728862778128338
6,900,89,11,0.9243636363636364,0.9595087498491324
7,826,157,17,0.8673181818181818,0.921292678672413
8,741,229,30,0.8201818181818182,0.8802356454537781
9,637,313,50,0.7751363636363636,0.8245650807470645
10,541,389,70,0.774090909090909,0.7916037706125061
11,432,478,90,0.791,0.7576109280279717
12,308,583,109,0.8361818181818181,0.7325006916861065
13,197,670,133,0.9012272727272728,0.7472188377874903
14,104,742,154,0.9588636363636364,0.7994725224622719
15,41,773,186,0.9871818181818182,0.8410671508454661
16,9,775,216,0.9981818181818182,0.8967630968559053
17,3,735,262,0.9994545454545455,0.907273315736677
18,1,714,285,0.9998636363636364,0.9316743095584458
19,0,679,321,1.0,
20,0,642,358,1.0,
21,0,616,384,1.0,
22,0,587,413,1.0,
23,0,565,435,1.0,
24,0,538,462,1.0,
25,0,521,479,1.0,
26,0,501,499,1.0,
27,0,482,518,1.0,
28,0,459,541,1.0,
29,0,439,561,1.0,
30,0,429,571,1.0,
31,0,405,595,1.0,
32,0,387,613,1.0,
33,0,367,633,1.0,
34,0,356,644,1.0,
35,0,335,665,1.0,
36,0,324,676,1.0,
37,0,311,689,1.0,
38,0,297,703,1.0,
39,0,286,714,1.0,
40,0,281,719,1.0,
41,0,275,725,1.0,
42,0,265,735,1.0,
43,0,258,742,1.0,
44,0,251,749,1.0,
45,0,239,761,1.0,
46,0,229,771,1.0,
47,0,221,779,1.0,
48,0,215,785,1.0,
49,0,209,791,1.0,
50,0,199,801,1.0,
51,0,190,810,1.0,
52,0,182,818,1.0,
53,0,172,828,1.0,
54,0,166,834,1.0,
55,0,160,840,1.0,
56,0,155,845,1.0,
57,0,148,852,1.0,
58,0,140,860,1.0,
59,0,135,865,1.0,
60,0,133,867,1.0,
61,0,128,872,1.0,
62,0,125,875,1.0,
63,0,120,880,1.0,
64,0,119,881,1.0,
65,0,113,887,1.0,
66,0,107,893,1.0,
67,0,104,896,1.0,
68,0,99,901,1.0,
69,0,96,904,1.0,
70,0,92,908,1.0,
71,0,88,912,1.0,
72,0,87,913,1.0,
73,0,85,915,1.0,
74,0,82,918,1.0,
75,0,77,923,1.0,
76,0,72,928,1.0,
77,0,72,928,1.0,
78,0,70,930,1.0,
79,0,69,931,1.0,
80,0,66,934,1.0,
81,0,63,937,1.0,
82,0,61,939,1.0,
83,0,61,939,1.0,
84,0,61,939,1.0,
85,0,61,939,1.0,
86,0,61,939,1.0,
87,0,56,944,1.0,
88,0,51,949,1.0,
89,0,49,951,1.0,
90,0,46,954,1.0,
91,0,46,954,1.0,
92,0,44,956,1.0,
93,0,42,958,1.0,
94,0,40,960,1.0,
95,0,39,961,1.0,
96,0,39,961,1.0,
97,0,38,962,1.0,
98,0,36,964,1.0,
99,0,35,965,1.0,
100,0,34,966,1.0,
101,0,32,968,1.0,
102,0,30,970,1.0,
103,0,29,971,1.0,
104,0,29,971,1.0,
105,0,29,971,1.0,
106,0,29,971,1.0,
107,0,27,973,1.0,
108,0,24,976,1.0,
109,0,24,976,1.0,
110,0,22,978,1.0,
111,0,21,979,1.0,
112,0,20,980,1.0,
113,0,20,980,1.0,
114,0,18,982,1.0,
115,0,17,983,1.0,
116,0,17,983,1.0,
117,0,17,983,1.0,
118,0,16,984,1.0,
119,0,15,985,1.0,
120,0,15,985,1.0,
121,0,13,987,1.0,
122,0,13,987,1.0,
123,0,13,987,1.0,
124,0,10,990,1.0,
125,0,9,991,1.0,
126,0,9,991,1.0,
127,0,9,991,1.0,
128,0,7,993,1.0,
129,0,6,994,1.0,
130,0,6,994,1.0,
131,0,6,994,1.0,
132,0,6,994,1.0,
133,0,6,994,1.0,
134,0,6,994,1.0,
135,0,6,994,1.0,
136,0,5,995,1.0,
137,0,4,996,1.0,
138,0,4,996,1.0,
139,0,4,996,1.0,
140,0,3,997,1.0,
141,0,3,997,1.0,
142,0,3,997,1.0,
143,0,3,997,1.0,
144,0,3,997,1.0,
145,0,3,997,1.0,
146,0,3,997,1.0,
147,0,3,997,1.0,
148,0,3,997,1.0,
149,0,3,997,1.0,
150,0,3,997,1.0,
151,0,2,998,1.0,
152,0,2,998,1.0,
153,0,2,998,1.0,
154,0,2,998,1.0,
155,0,2,998,1.0,
156,0,2,998,1.0,
157,0,2,998,1.0,
158,0,1,999,1.0,
159,0,1,999,1.0,
160,0,1,999,1.0,
161,0,1,999,1.0,
162,0,1,999,1.0,
163,0,1,999,1.0,
164,0,1,999,1.0,
165,0,1,999,1.0,
166,0,1,999,1.0,
167,0,1,999,1.0,
168,0,1,999,1.0,
169,0,1,999,1.0,
170,0,1,999,1.0,
171,0,1,999,1.0,
172,0,1,999,1.0,
173,0,1,999,1.0,
174,0,1,999,1.0,
175,0,1,999,1.0,
176,0,1,999,1.0,
177,0,1,999,1.0,
178,0,1,999,1.0,
179,0,1,999,1.0,
180,0,1,999,1.0,
181,0,1,999,1.0,
182,0,1,999,1.0,
183,0,1,999,1.0,
184,0,1,999,1.0,
185,0,0,1000,1.0,
186,0,0,1000,1.0,
187,0,0,1000,1.0,
188,0,0,1000,1.0,
189,0,0,1000,1.0,
190,0,0,1000,1.0,
191,0,0,1000,1.0,
192,0,0,1000,1.0,
193,0,0,1000,1.0,
194,0,0,1000,1.0,
195,0,0,1000,1.0,
196,0,0,1000,1.0,
197,0,0,1000,1.0,
198,0,0,1000,1.0,
199,0,0,1000,1.0,
200,0,0,1000,1.0,
1,997,3,0,0.9971818181818182,1.0
2,995,5,0,0.9965909090909091,0.9996918695230584
3,988,12,0,0.9898181818181818,0.9962423077061231
4,981,19,0,0.9825454545454545,0.9924899341537914
5,970,29,1,0.9747727272727272,0.9883583155556706
6,937,60,3,0.9440454545454545,0.971533758632349
7,897,97,6,0.9079090909090909,0.9500571933453867
8,839,149,12,0.8502272727272727,0.912086827711351
9,763,214,23,0.7975,0.8684379742295697
10,657,306,37,0.7493181818181818,0.8104721173021974
11,530,415,55,0.7430909090909091,0.7588003183669826
12,377,536,87,0.7991363636363636,0.7340578015353488
13,234,650,116,0.886090909090909,0.7564456140687947
14,105,746,149,0.9625454545454546,0.8216314320565214
15,34,784,182,0.9903636363636363,0.8576262398811697
16,8,783,209,0.9975,0.8427998268828044
17,0,769,231,1.0,
18,0,739,261,1.0,
19,0,705,295,1.0,
20,0,679,321,1.0,
21,0,640,360,1.0,
22,0,619,381,1.0,
23,0,598,402,1.0,
24,0,569,431,1.0,
25,0,542,458,1.0,
26,0,520,480,1.0,
27,0,495,505,1.0,
28,0,478,522,1.0,
29,0,460,540,1.0,
30,0,440,560,1.0,
31,0,419,581,1.0,
32,0,406,594,1.0,
33,0,384,616,1.0,
34,0,362,638,1.0,
35,0,341,659,1.0,
36,0,330,670,1.0,
37,0,322,678,1.0,
38,0,310,690,1.0,
39,0,301,699,1.0,
40,0,291,709,1.0,
41,0,283,717,1.0,
42,0,273,727,1.0,
43,0,259,741,1.0,
44,0,252,748,1.0,
45,0,234,766,1.0,
46,0,227,773,1.0,
47,0,217,783,1.0,
48,0,206,794,1.0,
49,0,201,799,1.0,
50,0,191,809,1.0,
51,0,187,813,1.0,
52,0,178,822,1.0,
53,0,168,832,1.0,
54,0,157,843,1.0,
55,0,152,848,1.0,
56,0,145,855,1.0,
57,0,134,866,1.0,
58,0,129,871,1.0,
59,0,123,877,1.0,
60,0,117,883,1.0,
61,0,113,887,1.0,
62,0,106,894,1.0,
63,0,104,896,1.0,
64,0,102,898,1.0,
65,0,99,901,1.0,
66,0,96,904,1.0,
67,0,91,909,1.0,
68,0,85,915,1.0,
69,0,85,915,1.0,
70,0,84,916,1.0,
71,0,82,918,1.0,
72,0,77,923,1.0,
73,0,73,927,1.0,
74,0,68,932,1.0,
75,0,63,937,1.0,
76,0,63,937,1.0,
77,0,59,941,1.0,
78,0,57,943,1.0,
79,0,56,944,1.0,
80,0,53,947,1.0,
81,0,51,949,1.0,
82,0,50,950,1.0,
83,0,47,953,1.0,
84,0,46,954,1.0,
85,0,46,954,1.0,
86,0,43,957,1.0,
87,0,42,958,1.0,
88,0,41,959,1.0,
89,0,38,962,1.0,
90,0,36,964,1.0,
91,0,34,966,1.0,
92,0,31,969,1.0,
93,0,26,974,1.0,
94,0,26,974,1.0,
95,0,25,975,1.0,
96,0,23,977,1.0,
97,0,21,979,1.0,
98,0,19,981,1.0,
99,0,18,982,1.0,
100,0,17,983,1.0,
101,0,16,984,1.0,
102,0,15,985,1.0,
103,0,15,985,1.0,
104,0,15,985,1.0,
105,0,15,985,1.0,
106,0,14,986,1.0,
107,0,14,986,1.0,
108,0,14,986,1.0,
109,0,13,987,1.0,
110,0,12,988,1.0,
111,0,12,988,1.0,
112,0,12,988,1.0,
113,0,11,989,1.0,
114,0,11,989,1.0,
115,0,11,989,1.0,
116,0,10,990,1.0,
117,0,9,991,1.0,
118,0,9,991,1.0,
119,0,9,991,1.0,
120,0,9,991,1.0,
121,0,7,993,1.0,
122,0,6,994,1.0,
123,0,5,995,1.0,
124,0,5,995,1.0,
125,0,5,995,1.0,
126,0,4,996,1.0,
127,0,4,996,1.0,
128,0,4,996,1.0,
129,0,3,997,1.0,
130,0,3,997,1.0,
131,0,3,997,1.0,
132,0,3,997,1.0,
133,0,3,997,1.0,
134,0,3,997,1.0,
135,0,3,997,1.0,
136,0,3,997,1.0,
137,0,3,997,1.0,
138,0,3,997,1.0,
139,0,3,997,1.0,
140,0,3,997,1.0,
141,0,3,997,1.0,
142,0,3,997,1.0,
143,0,3,997,1.0,
144,0,3,997,1.0,
145,0,3,997,1.0,
146,0,3,997,1.0,
147,0,3,997,1.0,
148,0,3,997,1.0,
149,0,3,997,1.0,
150,0,3,997,1.0,
151,0,3,997,1.0,
152,0,3,997,1.0,
153,0,3,997,1.0,
154,0,3,997,1.0,
155,0,3,997,1.0,
156,0,3,997,1.0,
157,0,2,998,1.0,
158,0,2,998,1.0,
159,0,2,998,1.0,
160,0,2,998,1.0,
161,0,2,998,1.0,
162,0,2,998,1.0,
163,0,2,998,1.0,
164,0,1,999,1.0,
165,0,1,999,1.0,
166,0,1,999,1.0,
167,0,1,999,1.0,
168,0,1,999,1.0,
169,0,1,999,1.0,
170,0,1,999,1.0,
171,0,1,999,1.0,
172,0,1,999,1.0,
173,0,1,999,1.0,
174,0,1,999,1.0,
175,0,1,999,1.0,
176,0,1,999,1.0,
177,0,1,999,1.0,
178,0,1,999,1.0,
179,0,1,999,1.0,
180,0,1,999,1.0,
181,0,1,999,1.0,
182,0,1,999,1.0,
183,0,1,999,1.0,
184,0,1,999,1.0,
185,0,1,999,1.0,
186,0,1,999,1.0,
187,0,1,999,1.0,
188,0,1,999,1.0,
189,0,1,999,1.0,
190,0,1,999,1.0,
191,0,1,999,1.0,
192,0,1,999,1.0,
193,0,1,999,1.0,
194,0,1,999,1.0,
195,0,1,999,1.0,
196,0,1,999,1.0,
197,0,1,999,1.0,
198,0,1,999,1.0,
199,0,1,999,1.0,
200,0,0,1000,1.0,
1,995,5,0,0.9966818181818182,1.0
2,992,8,0,0.9934545454545455,0.998364792233496
3,983,16,1,0.9860909090909091,0.9945804190261379
4,961,36,3,0.9677727272727272,0.9848838596109308
5,930,63,7,0.9420909090909091,0.970465164191844
6,887,101,12,0.9115909090909091,0.9517900685121996
7,826,154,20,0.8725,0.9243608268525096
8,744,230,26,0.8262272727272727,0.8845873614053433
9,649,312,39,0.7949545454545455,0.8433547270602143
10,547,399,54,0.7868181818181819,0.8062026470969438
11,436,488,76,0.7923181818181818,0.7621115198518031
12,337,568,95,0.8202727272727273,0.7327834717039368
13,229,644,127,0.8824090909090909,0.7421354534314414
14,112,733,155,0.9565,0.8049421801778138
15,43,767,190,0.9866363636363636,0.8439401860650229
16,19,764,217,0.9954090909090909,0.8771290130649954
17,4,744,252,0.9992727272727273,0.9085888935740557
18,1,718,281,0.9996363636363637,0.8108851136871448
19,0,699,301,1.0,
20,0,674,326,1.0,
21,0,646,354,1.0,
22,0,621,379,1.0,
23,0,589,411,1.0,
24,0,562,438,1.0,
25,0,542,458,1.0,
26,0,519,481,1.0,
27,0,504,496,1.0,
28,0,476,524,1.0,
29,0,462,538,1.0,
30,0,439,561,1.0,
31,0,414,586,1.0,
32,0,399,601,1.0,
33,0,383,617,1.0,
34,0,368,632,1.0,
35,0,355,645,1.0,
36,0,339,661,1.0,
37,0,329,671,1.0,
38,0,312,688,1.0,
39,0,303,697,1.0,
40,0,290,710,1.0,
41,0,282,718,1.0,
42,0,274,726,1.0,
43,0,264,736,1.0,
44,0,257,743,1.0,
45,0,250,750,1.0,
46,0,241,759,1.0,
47,0,231,769,1.0,
48,0,221,779,1.0,
49,0,212,788,1.0,
50,0,209,791,1.0,
51,0,205,795,1.0,
52,0,196,804,1.0,
53,0,193,807,1.0,
54,0,184,816,1.0,
55,0,177,823,1.0,
56,0,169,831,1.0,
57,0,161,839,1.0,
58,0,153,847,1.0,
59,0,148,852,1.0,
60,0,145,855,1.0,
61,0,140,860,1.0,
62,0,135,865,1.0,
63,0,125,875,1.0,
64,0,115,885,1.0,
65,0,111,889,1.0,
66,0,103,897,1.0,
67,0,101,899,1.0,
68,0,100,900,1.0,
69,0,94,906,1.0,
70,0,87,913,1.0,
71,0,83,917,1.0,
72,0,82,918,1.0,
73,0,78,922,1.0,
74,0,77,923,1.0,
75,0,75,925,1.0,
76,0,73,927,1.0,
77,0,70,930,1.0,
78,0,69,931,1.0,
79,0,64,936,1.0,
80,0,62,938,1.0,
81,0,59,941,1.0,
82,0,56,944,1.0,
83,0,54,946,1.0,
84,0,52,948,1.0,
85,0,50,950,1.0,
86,0,48,952,1.0,
87,0,47,953,1.0,
88,0,45,955,1.0,
89,0,44,956,1.0,
90,0,44,956,1.0,
91,0,42,958,1.0,
92,0,40,960,1.0,
93,0,40,960,1.0,
94,0,38,962,1.0,
95,0,36,964,1.0,
96,0,33,967,1.0,
97,0,30,970,1.0,
98,0,30,970,1.0,
99,0,27,973,1.0,
100,0,26,974,1.0,
101,0,25,975,1.0,
102,0,25,975,1.0,
103,0,25,975,1.0,
104,0,25,975,1.0,
105,0,25,975,1.0,
106,0,24,976,1.0,
107,0,23,977,1.0,
108,0,23,977,1.0,
109,0,21,979,1.0,
110,0,21,979,1.0,
111,0,21,979,1.0,
112,0,21,979,1.0,
113,0,21,979,1.0,
114,0,20,980,1.0,
115,0,20,980,1.0,
116,0,20,980,1.0,
117,0,20,980,1.0,
118,0,20,980,1.0,
119,0,19,981,1.0,
120,0,19,981,1.0,
121,0,18,982,1.0,
122,0,18,982,1.0,
123,0,18,982,1.0,
124,0,18,982,1.0,
125,0,18,982,1.0,
126,0,17,983,1.0,
127,0,17,983,1.0,
128,0,16,984,1.0,
129,0,16,984,1.0,
130,0,16,984,1.0,
131,0,15,985,1.0,
132,0,15,985,1.0,
133,0,15,985,1.0,
134,0,15,985,1.0,
135,0,13,987,1.0,
136,0,13,987,1.0,
137,0,12,988,1.0,
138,0,12,988,1.0,
139,0,12,988,1.0,
140,0,11,989,1.0,
141,0,11,989,1.0,
142,0,10,990,1.0,
143,0,10,990,1.0,
144,0,10,990,1.0,
145,0,10,990,1.0,
146,0,10,990,1.0,
147,0,9,991,1.0,
148,0,9,991,1.0,
149,0,9,991,1.0,
150,0,7,993,1.0,
151,0,7,993,1.0,
152,0,7,993,1.0,
153,0,7,993,1.0,
154,0,7,993,1.0,
155,0,7,993,1.0,
156,0,7,993,1.0,
157,0,7,993,1.0,
158,0,7,993,1.0,
159,0,7,993,1.0,
160,0,6,994,1.0,
161,0,6,994,1.0,
162,0,6,994,1.0,
163,0,6,994,1.0,
164,0,6,994,1.0,
165,0,3,997,1.0,
166,0,3,997,1.0,
167,0,3,997,1.0,
168,0,3,997,1.0,
169,0,3,997,1.0,
170,0,3,997,1.0,
171,0,3,997,1.0,
172,0,3,997,1.0,
173,0,3,997,1.0,
174,0,2,998,1.0,
175,0,2,998,1.0,
176,0,2,998,1.0,
177,0,1,999,1.0,
178,0,1,999,1.0,
179,0,1,999,1.0,
180,0,1,999,1.0,
181,0,1,999,1.0,
182,0,0,1000,1.0,
183,0,0,1000,1.0,
184,0,0,1000,1.0,
185,0,0,1000,1.0,
186,0,0,1000,1.0,
187,0,0,1000,1.0,
188,0,0,1000,1.0,
189,0,0,1000,1.0,
190,0,0,1000,1.0,
191,0,0,1000,1.0,
192,0,0,1000,1.0,
193,0,0,1000,1.0,
194,0,0,1000,1.0,
195,0,0,1000,1.0,
196,0,0,1000,1.0,
197,0,0,1000,1.0,
198,0,0,1000,1.0,
199,0,0,1000,1.0,
200,0,0,1000,1.0,
1,993,7,0,0.9935454545454545,1.0
2,987,13,0,0.9887727272727272,0.9975411638436936
3,980,19,1,0.9842727272727273,0.995185638408465
4,962,35,3,0.9716818181818182,0.9884692582454854
5,930,66,4,0.943,0.972541176882416
6,891,100,9,0.9070454545454546,0.9509889154794162
7,813,173,14,0.832,0.8998118404791462
8,730,243,27,0.7770454545454546,0.8500304407239884
9,627,326,47,0.7455909090909091,0.7995101620007844
10,521,411,68,0.7511818181818182,0.7632029687490713
11,374,536,90,0.8103636363636364,0.7477875105673082
12,239,642,119,0.8805454545454545,0.7506937781717145
13,132,722,146,0.9425454545454546,0.7836630565915504
14,56,761,183,0.9800909090909091,0.8229545799617887
15,18,769,213,0.9957727272727273,0.8839453841586729
16,3,742,255,0.999,0.8305178910379092
17,2,715,283,0.9990454545454546,0.7555061909529349
18,1,691,308,0.9994545454545455,0.7296460232096066
19,1,677,322,0.9994545454545455,0.7296460232096066
20,1,646,353,0.9994545454545455,0.7296460232096066
21,0,621,379,1.0,
22,0,594,406,1.0,
23,0,577,423,1.0,
24,0,557,443,1.0,
25,0,535,465,1.0,
26,0,515,485,1.0,
27,0,506,494,1.0,
28,0,489,511,1.0,
29,0,467,533,1.0,
30,0,452,548,1.0,
31,0,427,573,1.0,
32,0,413,587,1.0,
33,0,400,600,1.0,
34,0,388,612,1.0,
35,0,370,630,1.0,
36,0,354,646,1.0,
37,0,335,665,1.0,
38,0,318,682,1.0,
39,0,304,696,1.0,
40,0,295,705,1.0,
41,0,283,717,1.0,
42,0,273,727,1.0,
43,0,258,742,1.0,
44,0,247,753,1.0,
45,0,236,764,1.0,
46,0,227,773,1.0,
47,0,215,785,1.0,
48,0,206,794,1.0,
49,0,196,804,1.0,
50,0,186,814,1.0,
51,0,178,822,1.0,
52,0,171,829,1.0,
53,0,169,831,1.0,
54,0,164,836,1.0,
55,0,160,840,1.0,
56,0,155,845,1.0,
57,0,147,853,1.0,
58,0,138,862,1.0,
59,0,133,867,1.0,
60,0,128,872,1.0,
61,0,123,877,1.0,
62,0,120,880,1.0,
63,0,111,889,1.0,
64,0,104,896,1.0,
65,0,103,897,1.0,
66,0,97,903,1.0,
67,0,92,908,1.0,
68,0,90,910,1.0,
69,0,85,915,1.0,
70,0,81,919,1.0,
71,0,76,924,1.0,
72,0,73,927,1.0,
73,0,70,930,1.0,
74,0,66,934,1.0,
75,0,63,937,1.0,
76,0,61,939,1.0,
77,0,58,942,1.0,
78,0,56,944,1.0,
79,0,55,945,1.0,
80,0,52,948,1.0,
81,0,50,950,1.0,
82,0,48,952,1.0,
83,0,45,955,1.0,
84,0,44,956,1.0,
85,0,43,957,1.0,
86,0,42,958,1.0,
87,0,42,958,1.0,
88,0,42,958,1.0,
89,0,41,959,1.0,
90,0,39,961,1.0,
91,0,37,963,1.0,
92,0,35,965,1.0,
93,0,34,966,1.0,
94,0,34,966,1.0,
95,0,33,967,1.0,
96,0,32,968,1.0,
97,0,31,969,1.0,
98,0,30,970,1.0,
99,0,30,970,1.0,
100,0,30,970,1.0,
101,0,29,971,1.0,
102,0,27,973,1.0,
103,0,26,974,1.0,
104,0,26,974,1.0,
105,0,25,975,1.0,
106,0,23,977,1.0,
107,0,22,978,1.0,
108,0,22,978,1.0,
109,0,20,980,1.0,
110,0,19,981,1.0,
111,0,18,982,1.0,
112,0,18,982,1.0,
113,0,17,983,1.0,
114,0,16,984,1.0,
115,0,15,985,1.0,
116,0,15,985,1.0,
117,0,13,987,1.0,
118,0,13,987,1.0,
119,0,13,987,1.0,
120,0,13,987,1.0,
121,0,12,988,1.0,
122,0,12,988,1.0,
123,0,11,989,1.0,
124,0,11,989,1.0,
125,0,10,990,1.0,
126,0,9,991,1.0,
127,0,8,992,1.0,
128,0,8,992,1.0,
129,0,7,993,1.0,
130,0,7,993,1.0,
131,0,7,993,1.0,
132,0,7,993,1.0,
133,0,7,993,1.0,
134,0,7,993,1.0,
135,0,7,993,1.0,
136,0,7,993,1.0,
137,0,7,993,1.0,
138,0,6,994,1.0,
139,0,6,994,1.0,
140,0,6,994,1.0,
141,0,6,994,1.0,
142,0,4,996,1.0,
143,0,3,997,1.0,
144,0,3,997,1.0,
145,0,3,997,1.0,
146,0,3,997,1.0,
147,0,3,997,1.0,
148,0,2,998,1.0,
149,0,2,998,1.0,
150,0,2,998,1.0,
151,0,2,998,1.0,
152,0,2,998,1.0,
153,0,2,998,1.0,
154,0,2,998,1.0,
155,0,2,998,1.0,
156,0,2,998,1.0,
157,0,2,998,1.0,
158,0,2,998,1.0,
159,0,2,998,1.0,
160,0,2,998,1.0,
161,0,2,998,1.0,
162,0,2,998,1.0,
163,0,2,998,1.0,
164,0,2,998,1.0,
165,0,2,998,1.0,
166,0,2,998,1.0,
167,0,2,998,1.0,
168,0,2,998,1.0,
169,0,2,998,1.0,
170,0,2,998,1.0,
171,0,2,998,1.0,
172,0,2,998,1.0,
173,0,2,998,1.0,
174,0,2,998,1.0,
175,0,2,998,1.0,
176,0,2,998,1.0,
177,0,1,999,1.0,
178,0,1,999,1.0,
179,0,1,999,1.0,
180,0,1,999,1.0,
181,0,1,999,1.0,
182,0,1,999,1.0,
183,0,1,999,1.0,
184,0,1,999,1.0,
185,0,1,999,1.0,
186,0,1,999,1.0,
187,0,1,999,1.0,
188,0,1,999,1.0,
189,0,1,999,1.0,
190,0,1,999,1.0,
191,0,1,999,1.0,
192,0,1,999,1.0,
193,0,1,999,1.0,
194,0,1,999,1.0,
195,0,1,999,1.0,
196,0,1,999,1.0,
197,0,1,999,1.0,
198,0,0,1000,1.0,
199,0,0,1000,1.0,
200,0,0,1000,1.0,
1,992,7,1,0.9935909090909091,1.0
2,988,10,2,0.9914090909090909,0.9988612858907226
3,978,19,3,0.9844545454545455,0.995235214021981
4,965,31,4,0.9743636363636363,0.9899032767728916
5,941,55,4,0.9552727272727273,0.9794371595040052
6,889,101,10,0.9115454545454545,0.9534352235043081
7,837,148,15,0.8715909090909091,0.9263943617139119
8,756,219,25,0.8085909090909091,0.8764203594033869
9,655,305,40,0.7584090909090909,0.8181617181931331
10,549,399,52,0.7395,0.7649248051402493
11,421,505,74,0.7785454545454545,0.738211236493853
12,286,616,98,0.8590454545454546,0.7534691509501307
13,159,714,127,0.935,0.7947346118042994
14,62,772,166,0.9795,0.8341843885489397
15,18,783,199,0.9970909090909091,0.9183970494849912
16,3,759,238,0.9996363636363637,0.9426002171778775
17,0,741,259,1.0,
18,0,702,298,1.0,
19,0,671,329,1.0,
20,0,652,348,1.0,
21,0,624,376,1.0,
22,0,598,402,1.0,
23,0,576,424,1.0,
24,0,552,448,1.0,
25,0,532,468,1.0,
26,0,512,488,1.0,
27,0,497,503,1.0,
28,0,475,525,1.0,
29,0,453,547,1.0,
30,0,429,571,1.0,
31,0,415,585,1.0,
32,0,403,597,1.0,
33,0,385,615,1.0,
34,0,378,622,1.0,
35,0,363,637,1.0,
36,0,349,651,1.0,
37,0,339,661,1.0,
38,0,323,677,1.0,
39,0,315,685,1.0,
40,0,300,700,1.0,
41,0,287,713,1.0,
42,0,274,726,1.0,
43,0,262,738,1.0,
44,0,256,744,1.0,
45,0,237,763,1.0,
46,0,226,774,1.0,
47,0,220,780,1.0,
48,0,210,790,1.0,
49,0,207,793,1.0,
50,0,199,801,1.0,
51,0,191,809,1.0,
52,0,178,822,1.0,
53,0,171,829,1.0,
54,0,163,837,1.0,
55,0,157,843,1.0,
56,0,151,849,1.0,
57,0,149,851,1.0,
58,0,146,854,1.0,
59,0,139,861,1.0,
60,0,128,872,1.0,
61,0,126,874,1.0,
62,0,122,878,1.0,
63,0,116,884,1.0,
64,0,113,887,1.0,
65,0,108,892,1.0,
66,0,103,897,1.0,
67,0,101,899,1.0,
68,0,98,902,1.0,
69,0,96,904,1.0,
70,0,91,909,1.0,
71,0,88,912,1.0,
72,0,82,918,1.0,
73,0,80,920,1.0,
74,0,77,923,1.0,
75,0,73,927,1.0,
76,0,70,930,1.0,
77,0,68,932,1.0,
78,0,64,936,1.0,
79,0,58,942,1.0,
80,0,58,942,1.0,
81,0,54,946,1.0,
82,0,53,947,1.0,
83,0,51,949,1.0,
84,0,50,950,1.0,
85,0,48,952,1.0,
86,0,47,953,1.0,
87,0,43,957,1.0,
88,0,43,957,1.0,
89,0,40,960,1.0,
90,0,37,963,1.0,
91,0,36,964,1.0,
92,0,32,968,1.0,
93,0,31,969,1.0,
94,0,31,969,1.0,
95,0,30,970,1.0,
96,0,28,972,1.0,
97,0,28,972,1.0,
98,0,26,974,1.0,
99,0,24,976,1.0,
100,0,24,976,1.0,
101,0,23,977,1.0,
102,0,21,979,1.0,
103,0,20,980,1.0,
104,0,18,982,1.0,
105,0,17,983,1.0,
106,0,15,985,1.0,
107,0,14,986,1.0,
108,0,14,986,1.0,
109,0,14,986,1.0,
110,0,13,987,1.0,
111,0,13,987,1.0,
112,0,13,987,1.0,
113,0,13,987,1.0,
114,0,12,988,1.0,
115,0,12,988,1.0,
116,0,11,989,1.0,
117,0,10,990,1.0,
118,0,10,990,1.0,
119,0,10,990,1.0,
120,0,10,990,1.0,
121,0,8,992,1.0,
122,0,7,993,1.0,
123,0,7,993,1.0,
124,0,7,993,1.0,
125,0,7,993,1.0,
126,0,7,993,1.0,
127,0,6,994,1.0,
128,0,6,994,1.0,
129,0,6,994,1.0,
130,0,5,995,1.0,
131,0,5,995,1.0,
132,0,5,995,1.0,
133,0,4,996,1.0,
134,0,4,996,1.0,
135,0,4,996,1.0,
136,0,4,996,1.0,
137,0,4,996,1.0,
138,0,3,997,1.0,
139,0,3,997,1.0,
140,0,3,997,1.0,
141,0,2,998,1.0,
142,0,2,998,1.0,
143,0,2,998,1.0,
144,0,2,998,1.0,
145,0,2,998,1.0,
146,0,2,998,1.0,
147,0,2,998,1.0,
148,0,2,998,1.0,
149,0,1,999,1.0,
150,0,1,999,1.0,
151,0,1,999,1.0,
152,0,1,999,1.0,
153,0,1,999,1.0,
154,0,1,999,1.0,
155,0,1,999,1.0,
156,0,1,999,1.0,
157,0,1,999,1.0,
158,0,1,999,1.0,
159,0,1,999,1.0,
160,0,1,999,1.0,
161,0,1,999,1.0,
162,0,1,999,1.0,
163,0,1,999,1.0,
164,0,1,999,1.0,
165,0,1,999,1.0,
166,0,1,999,1.0,
167,0,1,999,1.0,
168,0,1,999,1.0,
169,0,1,999,1.0,
170,0,1,999,1.0,
171,0,1,999,1.0,
172,0,0,1000,1.0,
173,0,0,1000,1.0,
174,0,0,1000,1.0,
175,0,0,1000,1.0,
176,0,0,1000,1.0,
177,0,0,1000,1.0,
178,0,0,1000,1.0,
179,0,0,1000,1.0,
180,0,0,1000,1.0,
181,0,0,1000,1.0,
182,0,0,1000,1.0,
183,0,0,1000,1.0,
184,0,0,1000,1.0,
185,0,0,1000,1.0,
186,0,0,1000,1.0,
187,0,0,1000,1.0,
188,0,0,1000,1.0,
189,0,0,1000,1.0,
190,0,0,1000,1.0,
191,0,0,1000,1.0,
192,0,0,1000,1.0,
193,0,0,1000,1.0,
194,0,0,1000,1.0,
195,0,0,1000,1.0,
196,0,0,1000,1.0,
197,0,0,1000,1.0,
198,0,0,1000,1.0,
199,0,0,1000,1.0,
200,0,0,1000,1.0,
1,997,3,0,0.9974545454545455,1.0
2,995,5,0,0.9955909090909091,0.9990447679271988
3,990,10,0,0.9915454545454545,0.9969774034126874
4,983,17,0,0.9847727272727272,0.9934670644500277
5,960,38,2,0.9640909090909091,0.9825275362196494
6,927,69,4,0.9323181818181818,0.9647826177929569
7,862,128,10,0.8678636363636364,0.9246856994300834
8,789,193,18,0.8124090909090909,0.8823141754342535
9,683,290,27,0.7539090909090909,0.820738571394548
10,565,392,43,0.7455,0.7747702558225049
11,421,518,61,0.7855454545454545,0.7448828199503663
12,272,644,84,0.871,0.7626750263960533
13,147,748,105,0.9405454545454546,0.7960925769807223
14,64,800,136,0.9830454545454546,0.8649010285468021
15,14,802,184,0.9977272727272727,0.9161410407524428
16,7,770,223,0.9983636363636363,0.8764597039074
17,1,739,260,0.9995454545454545,0.7509624970066595
18,0,708,292,1.0,
19,0,683,317,1.0,
20,0,659,341,1.0,
21,0,638,362,1.0,
22,0,612,388,1.0,
23,0,583,417,1.0,
24,0,563,437,1.0,
25,0,535,465,1.0,
26,0,507,493,1.0,
27,0,484,516,1.0,
28,0,468,532,1.0,
29,0,449,551,1.0,
30,0,431,569,1.0,
31,0,409,591,1.0,
32,0,383,617,1.0,
33,0,358,642,1.0,
34,0,350,650,1.0,
35,0,338,662,1.0,
36,0,328,672,1.0,
37,0,313,687,1.0,
38,0,299,701,1.0,
39,0,288,712,1.0,
40,0,279,721,1.0,
41,0,267,733,1.0,
42,0,252,748,1.0,
43,0,242,758,1.0,
44,0,227,773,1.0,
45,0,218,782,1.0,
46,0,206,794,1.0,
47,0,202,798,1.0,
48,0,188,812,1.0,
49,0,178,822,1.0,
50,0,168,832,1.0,
51,0,156,844,1.0,
52,0,154,846,1.0,
53,0,149,851,1.0,
54,0,140,860,1.0,
55,0,138,862,1.0,
56,0,130,870,1.0,
57,0,124,876,1.0,
58,0,122,878,1.0,
59,0,121,879,1.0,
60,0,120,880,1.0,
61,0,117,883,1.0,
62,0,112,888,1.0,
63,0,107,893,1.0,
64,0,102,898,1.0,
65,0,97,903,1.0,
66,0,94,906,1.0,
67,0,90,910,1.0,
68,0,88,912,1.0,
69,0,86,914,1.0,
70,0,83,917,1.0,
71,0,80,920,1.0,
72,0,79,921,1.0,
73,0,77,923,1.0,
74,0,74,926,1.0,
75,0,72,928,1.0,
76,0,69,931,1.0,
77,0,67,933,1.0,
78,0,67,933,1.0,
79,0,66,934,1.0,
80,0,66,934,1.0,
81,0,64,936,1.0,
82,0,63,937,1.0,
83,0,60,940,1.0,
84,0,59,941,1.0,
85,0,56,944,1.0,
86,0,55,945,1.0,
87,0,52,948,1.0,
88,0,52,948,1.0,
89,0,52,948,1.0,
90,0,50,950,1.0,
91,0,48,952,1.0,
92,0,44,956,1.0,
93,0,41,959,1.0,
94,0,38,962,1.0,
95,0,36,964,1.0,
96,0,32,968,1.0,
97,0,32,968,1.0,
98,0,31,969,1.0,
99,0,30,970,1.0,
100,0,30,970,1.0,
101,0,28,972,1.0,
102,0,28,972,1.0,
103,0,28,972,1.0,
104,0,28,972,1.0,
105,0,26,974,1.0,
106,0,26,974,1.0,
107,0,24,976,1.0,
108,0,23,977,1.0,
109,0,23,977,1.0,
110,0,21,979,1.0,
111,0,20,980,1.0,
112,0,20,980,1.0,
113,0,19,981,1.0,
114,0,18,982,1.0,
115,0,17,983,1.0,
116,0,17,983,1.0,
117,0,16,984,1.0,
118,0,16,984,1.0,
119,0,16,984,1.0,
120,0,15,985,1.0,
121,0,15,985,1.0,
122,0,14,986,1.0,
123,0,14,986,1.0,
124,0,14,986,1.0,
125,0,13,987,1.0,
126,0,13,987,1.0,
127,0,11,989,1.0,
128,0,10,990,1.0,
129,0,10,990,1.0,
130,0,10,990,1.0,
131,0,9,991,1.0,
132,0,8,992,1.0,
133,0,8,992,1.0,
134,0,8,992,1.0,
135,0,8,992,1.0,
136,0,8,992,1.0,
137,0,8,992,1.0,
138,0,8,992,1.0,
139,0,7,993,1.0,
140,0,7,993,1.0,
141,0,7,993,1.0,
142,0,7,993,1.0,
143,0,6,994,1.0,
144,0,6,994,1.0,
145,0,6,994,1.0,
146,0,6,994,1.0,
147,0,6,994,1.0,
148,0,6,994,1.0,
149,0,6,994,1.0,
150,0,6,994,1.0,
151,0,6,994,1.0,
152,0,6,994,1.0,
153,0,6,994,1.0,
154,0,6,994,1.0,
155,0,6,994,1.0,
156,0,4,996,1.0,
157,0,4,996,1.0,
158,0,4,996,1.0,
159,0,4,996,1.0,
160,0,4,996,1.0,
161,0,3,997,1.0,
162,0,3,997,1.0,
163,0,3,997,1.0,
164,0,3,997,1.0,
165,0,3,997,1.0,
166,0,3,997,1.0,
167,0,3,997,1.0,
168,0,3,997,1.0,
169,0,3,997,1.0,
170,0,3,997,1.0,
171,0,3,997,1.0,
172,0,2,998,1.0,
173,0,2,998,1.0,
174,0,2,998,1.0,
175,0,2,998,1.0,
176,0,0,1000,1.0,
177,0,0,1000,1.0,
178,0,0,1000,1.0,
179,0,0,1000,1.0,
180,0,0,1000,1.0,
181,0,0,1000,1.0,
182,0,0,1000,1.0,
183,0,0,1000,1.0,
184,0,0,1000,1.0,
185,0,0,1000,1.0,
186,0,0,1000,1.0,
187,0,0,1000,1.0,
188,0,0,1000,1.0,
189,0,0,1000,1.0,
190,0,0,1000,1.0,
191,0,0,1000,1.0,
192,0,0,1000,1.0,
193,0,0,1000,1.0,
194,0,0,1000,1.0,
195,0,0,1000,1.0,
196,0,0,1000,1.0,
197,0,0,1000,1.0,
198,0,0,1000,1.0,
199,0,0,1000,1.0,
200,0,0,1000,1.0,
1,999,1,0,1.0,1.0
2,999,1,0,1.0,1.0
3,996,4,0,0.9965,0.9982577734577032
4,991,9,0,0.9928636363636364,0.996417251187541
5,979,21,0,0.9803636363636363,0.9899989915929757
6,962,38,0,0.9675454545454546,0.9831396220889959
7,935,61,4,0.9497272727272728,0.9731223103578726
8,881,111,8,0.8980454545454546,0.9421533936539953
9,824,164,12,0.8540909090909091,0.9113496772076742
10,754,227,19,0.8111818181818182,0.8745024919877173
11,676,295,29,0.7818636363636363,0.8382378824290969
12,571,385,44,0.7648181818181818,0.7935000380753491
13,443,489,68,0.7956818181818182,0.7682613565108102
14,320,579,101,0.8385454545454546,0.7461405826882123
15,203,675,122,0.8983636363636364,0.7466682646835271
16,112,741,147,0.9460909090909091,0.7568277754948506
17,50,758,192,0.9811818181818182,0.8088107102540768
18,15,760,225,0.9959090909090909,0.8596626724942453
19,3,742,255,0.9994545454545455,0.9089147286821705
20,0,715,285,1.0,
21,0,689,311,1.0,
22,0,660,340,1.0,
23,0,635,365,1.0,
24,0,607,393,1.0,
25,0,584,416,1.0,
26,0,561,439,1.0,
27,0,549,451,1.0,
28,0,528,472,1.0,
29,0,514,486,1.0,
30,0,495,505,1.0,
31,0,477,523,1.0,
32,0,453,547,1.0,
33,0,434,566,1.0,
34,0,417,583,1.0,
35,0,395,605,1.0,
36,0,376,624,1.0,
37,0,355,645,1.0,
38,0,339,661,1.0,
39,0,321,679,1.0,
40,0,307,693,1.0,
41,0,291,709,1.0,
42,0,281,719,1.0,
43,0,273,727,1.0,
44,0,265,735,1.0,
45,0,253,747,1.0,
46,0,238,762,1.0,
47,0,228,772,1.0,
48,0,221,779,1.0,
49,0,208,792,1.0,
50,0,201,799,1.0,
51,0,194,806,1.0,
52,0,184,816,1.0,
53,0,178,822,1.0,
54,0,175,825,1.0,
55,0,171,829,1.0,
56,0,162,838,1.0,
57,0,152,848,1.0,
58,0,144,856,1.0,
59,0,142,858,1.0,
60,0,134,866,1.0,
61,0,123,877,1.0,
62,0,120,880,1.0,
63,0,116,884,1.0,
64,0,112,888,1.0,
65,0,109,891,1.0,
66,0,106,894,1.0,
67,0,103,897,1.0,
68,0,100,900,1.0,
69,0,94,906,1.0,
70,0,92,908,1.0,
71,0,88,912,1.0,
72,0,84,916,1.0,
73,0,81,919,1.0,
74,0,78,922,1.0,
75,0,77,923,1.0,
76,0,74,926,1.0,
77,0,72,928,1.0,
78,0,70,930,1.0,
79,0,69,931,1.0,
80,0,67,933,1.0,
81,0,63,937,1.0,
82,0,59,941,1.0,
83,0,57,943,1.0,
84,0,55,945,1.0,
85,0,53,947,1.0,
86,0,50,950,1.0,
87,0,50,950,1.0,
88,0,48,952,1.0,
89,0,46,954,1.0,
90,0,44,956,1.0,
91,0,43,957,1.0,
92,0,42,958,1.0,
93,0,37,963,1.0,
94,0,35,965,1.0,
95,0,35,965,1.0,
96,0,33,967,1.0,
97,0,32,968,1.0,
98,0,28,972,1.0,
99,0,27,973,1.0,
100,0,26,974,1.0,
101,0,25,975,1.0,
102,0,24,976,1.0,
103,0,23,977,1.0,
104,0,23,977,1.0,
105,0,23,977,1.0,
106,0,22,978,1.0,
107,0,21,979,1.0,
108,0,18,982,1.0,
109,0,17,983,1.0,
110,0,16,984,1.0,
111,0,14,986,1.0,
112,0,13,987,1.0,
113,0,13,987,1.0,
114,0,11,989,1.0,
115,0,11,989,1.0,
116,0,11,989,1.0,
117,0,11,989,1.0,
118,0,10,990,1.0,
119,0,8,992,1.0,
120,0,8,992,1.0,
121,0,8,992,1.0,
122,0,7,993,1.0,
123,0,7,993,1.0,
124,0,7,993,1.0,
125,0,6,994,1.0,
126,0,6,994,1.0,
127,0,6,994,1.0,
128,0,6,994,1.0,
129,0,6,994,1.0,
130,0,6,994,1.0,
131,0,6,994,1.0,
132,0,6,994,1.0,
133,0,5,995,1.0,
134,0,5,995,1.0,
135,0,5,995,1.0,
136,0,5,995,1.0,
137,0,5,995,1.0,
138,0,5,995,1.0,
139,0,4,996,1.0,
140,0,4,996,1.0,
141,0,4,996,1.0,
142,0,4,996,1.0,
143,0,4,996,1.0,
144,0,4,996,1.0,
145,0,4,996,1.0,
146,0,4,996,1.0,
147,0,4,996,1.0,
148,0,4,996,1.0,
149,0,4,996,1.0,
150,0,4,996,1.0,
151,0,4,996,1.0,
152,0,4,996,1.0,
153,0,4,996,1.0,
154,0,4,996,1.0,
155,0,3,997,1.0,
156,0,3,997,1.0,
157,0,3,997,1.0,
158,0,3,997,1.0,
159,0,3,997,1.0,
160,0,3,997,1.0,
161,0,3,997,1.0,
162,0,3,997,1.0,
163,0,3,997,1.0,
164,0,3,997,1.0,
165,0,3,997,1.0,
166,0,3,997,1.0,
167,0,3,997,1.0,
168,0,3,997,1.0,
169,0,2,998,1.0,
170,0,2,998,1.0,
171,0,2,998,1.0,
172,0,2,998,1.0,
173,0,1,999,1.0,
174,0,0,1000,1.0,
175,0,0,1000,1.0,
176,0,0,1000,1.0,
177,0,0,1000,1.0,
178,0,0,1000,1.0,
179,0,0,1000,1.0,
180,0,0,1000,1.0,
181,0,0,1000,1.0,
182,0,0,1000,1.0,
183,0,0,1000,1.0,
184,0,0,1000,1.0,
185,0,0,1000,1.0,
186,0,0,1000,1.0,
187,0,0,1000,1.0,
188,0,0,1000,1.0,
189,0,0,1000,1.0,
190,0,0,1000,1.0,
191,0,0,1000,1.0,
192,0,0,1000,1.0,
193,0,0,1000,1.0,
194,0,0,1000,1.0,
195,0,0,1000,1.0,
196,0,0,1000,1.0,
197,0,0,1000,1.0,
198,0,0,1000,1.0,
199,0,0,1000,1.0,
200,0,0,1000,1.0,
1,996,4,0,0.9976818181818182,1.0
2,990,10,0,0.9917727272727273,0.9970015938211746
3,981,19,0,0.9822272727272727,0.9920865153488971
4,964,34,2,0.9696818181818182,0.9853830798276083
5,935,63,2,0.9450909090909091,0.9716936783542673
6,903,90,7,0.9236363636363636,0.9587499000592089
7,862,125,13,0.9017272727272727,0.9439631760155606
8,792,181,27,0.864,0.9150111102787477
9,711,254,35,0.8174545454545454,0.8724653072173747
10,616,334,50,0.7888636363636363,0.8294159255499485
11,513,424,63,0.7786363636363637,0.7851199699141004
12,396,525,79,0.8097727272727273,0.7601361965889437
13,277,618,105,0.8616818181818182,0.7501407595718507
14,172,703,125,0.9184545454545454,0.7614933785125347
15,85,762,153,0.9664545454545455,0.801105493977143
16,40,785,175,0.9883181818181819,0.8526943230432579
17,14,784,202,0.9964545454545455,0.870816717242573
18,4,752,244,0.9989090909090909,0.857546309517438
19,2,732,266,0.9991363636363636,0.7738533899840789
20,1,708,291,0.9996818181818182,0.8259480709946656
21,1,683,316,0.9996818181818182,0.8259480709946656
22,0,658,342,1.0,
23,0,637,363,1.0,
24,0,601,399,1.0,
25,0,578,422,1.0,
26,0,554,446,1.0,
27,0,523,477,1.0,
28,0,502,498,1.0,
29,0,485,515,1.0,
30,0,467,533,1.0,
31,0,451,549,1.0,
32,0,426,574,1.0,
33,0,416,584,1.0,
34,0,398,602,1.0,
35,0,377,623,1.0,
36,0,357,643,1.0,
37,0,345,655,1.0,
38,0,332,668,1.0,
39,0,325,675,1.0,
40,0,310,690,1.0,
41,0,294,706,1.0,
42,0,285,715,1.0,
43,0,274,726,1.0,
44,0,260,740,1.0,
45,0,250,750,1.0,
46,0,241,759,1.0,
47,0,233,767,1.0,
48,0,224,776,1.0,
49,0,216,784,1.0,
50,0,203,797,1.0,
51,0,190,810,1.0,
52,0,185,815,1.0,
53,0,178,822,1.0,
54,0,170,830,1.0,
55,0,162,838,1.0,
56,0,160,840,1.0,
57,0,155,845,1.0,
58,0,148,852,1.0,
59,0,142,858,1.0,
60,0,136,864,1.0,
61,0,130,870,1.0,
62,0,125,875,1.0,
63,0,119,881,1.0,
64,0,115,885,1.0,
65,0,114,886,1.0,
66,0,111,889,1.0,
67,0,106,894,1.0,
68,0,102,898,1.0,
69,0,100,900,1.0,
70,0,97,903,1.0,
71,0,93,907,1.0,
72,0,88,912,1.0,
73,0,83,917,1.0,
74,0,81,919,1.0,
75,0,74,926,1.0,
76,0,73,927,1.0,
77,0,70,930,1.0,
78,0,68,932,1.0,
79,0,67,933,1.0,
80,0,64,936,1.0,
81,0,63,937,1.0,
82,0,62,938,1.0,
83,0,60,940,1.0,
84,0,57,943,1.0,
85,0,57,943,1.0,
86,0,55,945,1.0,
87,0,51,949,1.0,
88,0,49,951,1.0,
89,0,47,953,1.0,
90,0,46,954,1.0,
91,0,44,956,1.0,
92,0,42,958,1.0,
93,0,41,959,1.0,
94,0,40,960,1.0,
95,0,39,961,1.0,
96,0,39,961,1.0,
97,0,38,962,1.0,
98,0,38,962,1.0,
99,0,35,965,1.0,
100,0,31,969,1.0,
101,0,30,970,1.0,
102,0,29,971,1.0,
103,0,29,971,1.0,
104,0,29,971,1.0,
105,0,29,971,1.0,
106,0,29,971,1.0,
107,0,29,971,1.0,
108,0,28,972,1.0,
109,0,26,974,1.0,
110,0,25,975,1.0,
111,0,22,978,1.0,
112,0,20,980,1.0,
113,0,19,981,1.0,
114,0,19,981,1.0,
115,0,19,981,1.0,
116,0,18,982,1.0,
117,0,16,984,1.0,
118,0,15,985,1.0,
119,0,14,986,1.0,
120,0,12,988,1.0,
121,0,11,989,1.0,
122,0,11,989,1.0,
123,0,11,989,1.0,
124,0,11,989,1.0,
125,0,11,989,1.0,
126,0,10,990,1.0,
127,0,10,990,1.0,
128,0,10,990,1.0,
129,0,9,991,1.0,
130,0,8,992,1.0,
131,0,8,992,1.0,
132,0,8,992,1.0,
133,0,8,992,1.0,
134,0,8,992,1.0,
135,0,8,992,1.0,
136,0,8,992,1.0,
137,0,8,992,1.0,
138,0,7,993,1.0,
139,0,7,993,1.0,
140,0,6,994,1.0,
141,0,6,994,1.0,
142,0,6,994,1.0,
143,0,6,994,1.0,
144,0,5,995,1.0,
145,0,4,996,1.0,
146,0,4,996,1.0,
147,0,4,996,1.0,
148,0,4,996,1.0,
149,0,4,996,1.0,
150,0,4,996,1.0,
151,0,4,996,1.0,
152,0,4,996,1.0,
153,0,4,996,1.0,
154,0,4,996,1.0,
155,0,4,996,1.0,
156,0,4,996,1.0,
157,0,4,996,1.0,
158,0,4,996,1.0,
159,0,3,997,1.0,
160,0,3,997,1.0,
161,0,3,997,1.0,
162,0,3,997,1.0,
163,0,3,997,1.0,
164,0,3,997,1.0,
165,0,3,997,1.0,
166,0,2,998,1.0,
167,0,2,998,1.0,
168,0,2,998,1.0,
169,0,2,998,1.0,
170,0,2,998,1.0,
171,0,2,998,1.0,
172,0,2,998,1.0,
173,0,2,998,1.0,
174,0,2,998,1.0,
175,0,2,998,1.0,
176,0,2,998,1.0,
177,0,1,999,1.0,
178,0,1,999,1.0,
179,0,1,999,1.0,
180,0,1,999,1.0,
181,0,1,999,1.0,
182,0,1,999,1.0,
183,0,1,999,1.0,
184,0,1,999,1.0,
185,0,1,999,1.0,
186,0,1,999,1.0,
187,0,1,999,1.0,
188,0,1,999,1.0,
189,0,1,999,1.0,
190,0,1,999,1.0,
191,0,1,999,1.0,
192,0,1,999,1.0,
193,0,1,999,1.0,
194,0,1,999,1.0,
195,0,1,999,1.0,
196,0,1,999,1.0,
197,0,0,1000,1.0,
198,0,0,1000,1.0,
199,0,0,1000,1.0,
200,0,0,1000,1.0,
1,996,4,0,0.9975,1.0
2,993,6,1,0.9952727272727273,0.9988598934327623
3,991,8,1,0.9928636363636364,0.9976340891270099
4,987,12,1,0.9907727272727272,0.9965655976111243
5,965,31,4,0.9710454545454545,0.9861885887717514
6,935,59,6,0.9417727272727273,0.9699956764727838
7,888,104,8,0.8983636363636364,0.9438269490940077
8,825,159,16,0.8516363636363636,0.9111288445361037
9,755,220,25,0.8128636363636363,0.877078001994482
10,663,301,36,0.775090909090909,0.8311926441704789
11,553,396,51,0.7633636363636364,0.7867189085843895
12,435,498,67,0.7794545454545454,0.7464317964107479
13,304,609,87,0.8363636363636363,0.730110948236602
14,185,696,119,0.9158181818181819,0.7711214429908567
15,81,777,142,0.9764090909090909,0.8521741727519976
16,29,802,169,0.9931818181818182,0.8804761315839708
17,9,783,208,0.9977727272727273,0.8745869993909315
18,2,765,233,0.9995,0.8739870156082843
19,1,731,268,0.9996363636363637,0.8149803233646732
20,1,700,299,0.9996363636363637,0.8149803233646732
21,1,678,321,0.9995,0.7451248670762727
22,0,656,344,1.0,
23,0,631,369,1.0,
24,0,616,384,1.0,
25,0,590,410,1.0,
26,0,572,428,1.0,
27,0,549,451,1.0,
28,0,530,470,1.0,
29,0,500,500,1.0,
30,0,478,522,1.0,
31,0,459,541,1.0,
32,0,434,566,1.0,
33,0,411,589,1.0,
34,0,389,611,1.0,
35,0,367,633,1.0,
36,0,354,646,1.0,
37,0,339,661,1.0,
38,0,327,673,1.0,
39,0,310,690,1.0,
40,0,299,701,1.0,
41,0,288,712,1.0,
42,0,268,732,1.0,
43,0,257,743,1.0,
44,0,239,761,1.0,
45,0,232,768,1.0,
46,0,227,773,1.0,
47,0,216,784,1.0,
48,0,209,791,1.0,
49,0,203,797,1.0,
50,0,195,805,1.0,
51,0,187,813,1.0,
52,0,178,822,1.0,
53,0,168,832,1.0,
54,0,162,838,1.0,
55,0,156,844,1.0,
56,0,149,851,1.0,
57,0,141,859,1.0,
58,0,139,861,1.0,
59,0,133,867,1.0,
60,0,127,873,1.0,
61,0,119,881,1.0,
62,0,113,887,1.0,
63,0,107,893,1.0,
64,0,105,895,1.0,
65,0,99,901,1.0,
66,0,93,907,1.0,
67,0,91,909,1.0,
68,0,86,914,1.0,
69,0,86,914,1.0,
70,0,85,915,1.0,
71,0,83,917,1.0,
72,0,80,920,1.0,
73,0,75,925,1.0,
74,0,70,930,1.0,
75,0,67,933,1.0,
76,0,65,935,1.0,
77,0,62,938,1.0,
78,0,58,942,1.0,
79,0,57,943,1.0,
80,0,56,944,1.0,
81,0,52,948,1.0,
82,0,52,948,1.0,
83,0,50,950,1.0,
84,0,49,951,1.0,
85,0,48,952,1.0,
86,0,46,954,1.0,
87,0,43,957,1.0,
88,0,42,958,1.0,
89,0,38,962,1.0,
90,0,37,963,1.0,
91,0,36,964,1.0,
92,0,36,964,1.0,
93,0,36,964,1.0,
94,0,33,967,1.0,
95,0,33,967,1.0,
96,0,33,967,1.0,
97,0,31,969,1.0,
98,0,31,969,1.0,
99,0,30,970,1.0,
100,0,29,971,1.0,
101,0,29,971,1.0,
102,0,29,971,1.0,
103,0,29,971,1.0,
104,0,26,974,1.0,
105,0,24,976,1.0,
106,0,21,979,1.0,
107,0,19,981,1.0,
108,0,19,981,1.0,
109,0,17,983,1.0,
110,0,16,984,1.0,
111,0,15,985,1.0,
112,0,15,985,1.0,
113,0,15,985,1.0,
114,0,14,986,1.0,
115,0,14,986,1.0,
116,0,14,986,1.0,
117,0,13,987,1.0,
118,0,13,987,1.0,
119,0,12,988,1.0,
120,0,12,988,1.0,
121,0,12,988,1.0,
122,0,10,990,1.0,
123,0,10,990,1.0,
124,0,10,990,1.0,
125,0,8,992,1.0,
126,0,7,993,1.0,
127,0,6,994,1.0,
128,0,5,995,1.0,
129,0,4,996,1.0,
130,0,4,996,1.0,
131,0,4,996,1.0,
132,0,4,996,1.0,
133,0,4,996,1.0,
134,0,4,996,1.0,
135,0,4,996,1.0,
136,0,4,996,1.0,
137,0,4,996,1.0,
138,0,4,996,1.0,
139,0,3,997,1.0,
140,0,3,997,1.0,
141,0,3,997,1.0,
142,0,3,997,1.0,
143,0,3,997,1.0,
144,0,3,997,1.0,
145,0,3,997,1.0,
146,0,2,998,1.0,
147,0,2,998,1.0,
148,0,2,998,1.0,
149,0,1,999,1.0,
150,0,1,999,1.0,
151,0,1,999,1.0,
152,0,1,999,1.0,
153,0,1,999,1.0,
154,0,1,999,1.0,
155,0,1,999,1.0,
156,0,1,999,1.0,
157,0,1,999,1.0,
158,0,1,999,1.0,
159,0,1,999,1.0,
160,0,1,999,1.0,
161,0,1,999,1.0,
162,0,1,999,1.0,
163,0,1,999,1.0,
164,0,1,999,1.0,
165,0,1,999,1.0,
166,0,1,999,1.0,
167,0,1,999,1.0,
168,0,1,999,1.0,
169,0,1,999,1.0,
170,0,1,999,1.0,
171,0,1,999,1.0,
172,0,1,999,1.0,
173,0,1,999,1.0,
174,0,1,999,1.0,
175,0,1,999,1.0,
176,0,1,999,1.0,
177,0,1,999,1.0,
178,0,1,999,1.0,
179,0,1,999,1.0,
180,0,1,999,1.0,
181,0,1,999,1.0,
182,0,1,999,1.0,
183,0,1,999,1.0,
184,0,1,999,1.0,
185,0,1,999,1.0,
186,0,1,999,1.0,
187,0,1,999,1.0,
188,0,1,999,1.0,
189,0,1,999,1.0,
190,0,1,999,1.0,
191,0,1,999,1.0,
192,0,1,999,1.0,
193,0,1,999,1.0,
194,0,1,999,1.0,
195,0,1,999,1.0,
196,0,1,999,1.0,
197,0,1,999,1.0,
198,0,1,999,1.0,
199,0,1,999,1.0,
200,0,1,999,1.0,
1,996,4,0,0.9965,1.0
2,993,6,1,0.9948181818181818,0.9991434438790254
3,987,12,1,0.9886363636363636,0.9959575507711305
4,979,19,2,0.984909090909091,0.9939990229562166
5,964,34,2,0.9743636363636363,0.988429874876127
6,938,56,6,0.9534545454545454,0.9768256897248528
7,887,102,11,0.9088181818181819,0.9503327107118621
8,834,149,17,0.8657272727272727,0.9211732308640366
9,756,217,27,0.8150454545454545,0.8794107883975465
10,669,292,39,0.7725,0.831451398125431
11,558,385,57,0.7545,0.7812730345985872
12,436,485,79,0.7854545454545454,0.7545493713578967
13,301,597,102,0.8508181818181818,0.7522388392431817
14,175,688,137,0.918409090909091,0.76590970726731
15,88,733,179,0.9628181818181818,0.7868289725018779
16,31,755,214,0.9912727272727273,0.8583329489208279
17,5,753,242,0.9989090909090909,0.8939493094754309
18,1,728,271,0.9998636363636364,0.9334764040002166
19,0,702,298,1.0,
20,0,671,329,1.0,
21,0,653,347,1.0,
22,0,630,370,1.0,
23,0,611,389,1.0,
24,0,589,411,1.0,
25,0,563,437,1.0,
26,0,535,465,1.0,
27,0,503,497,1.0,
28,0,487,513,1.0,
29,0,470,530,1.0,
30,0,450,550,1.0,
31,0,436,564,1.0,
32,0,422,578,1.0,
33,0,407,593,1.0,
34,0,393,607,1.0,
35,0,373,627,1.0,
36,0,352,648,1.0,
37,0,337,663,1.0,
38,0,323,677,1.0,
39,0,306,694,1.0,
40,0,295,705,1.0,
41,0,284,716,1.0,
42,0,273,727,1.0,
43,0,262,738,1.0,
44,0,255,745,1.0,
45,0,248,752,1.0,
46,0,239,761,1.0,
47,0,231,769,1.0,
48,0,224,776,1.0,
49,0,213,787,1.0,
50,0,206,794,1.0,
51,0,199,801,1.0,
52,0,193,807,1.0,
53,0,185,815,1.0,
54,0,174,826,1.0,
55,0,168,832,1.0,
56,0,164,836,1.0,
57,0,159,841,1.0,
58,0,153,847,1.0,
59,0,148,852,1.0,
60,0,146,854,1.0,
61,0,139,861,1.0,
62,0,129,871,1.0,
63,0,122,878,1.0,
64,0,114,886,1.0,
65,0,114,886,1.0,
66,0,108,892,1.0,
67,0,101,899,1.0,
68,0,99,901,1.0,
69,0,97,903,1.0,
70,0,94,906,1.0,
71,0,92,908,1.0,
72,0,85,915,1.0,
73,0,78,922,1.0,
74,0,75,925,1.0,
75,0,70,930,1.0,
76,0,68,932,1.0,
77,0,65,935,1.0,
78,0,62,938,1.0,
79,0,61,939,1.0,
80,0,61,939,1.0,
81,0,55,945,1.0,
82,0,53,947,1.0,
83,0,50,950,1.0,
84,0,47,953,1.0,
85,0,47,953,1.0,
86,0,45,955,1.0,
87,0,43,957,1.0,
88,0,43,957,1.0,
89,0,42,958,1.0,
90,0,39,961,1.0,
91,0,34,966,1.0,
92,0,34,966,1.0,
93,0,33,967,1.0,
94,0,30,970,1.0,
95,0,30,970,1.0,
96,0,29,971,1.0,
97,0,29,971,1.0,
98,0,27,973,1.0,
99,0,27,973,1.0,
100,0,27,973,1.0,
101,0,27,973,1.0,
102,0,26,974,1.0,
103,0,26,974,1.0,
104,0,26,974,1.0,
105,0,25,975,1.0,
106,0,24,976,1.0,
107,0,21,979,1.0,
108,0,20,980,1.0,
109,0,19,981,1.0,
110,0,19,981,1.0,
111,0,18,982,1.0,
112,0,18,982,1.0,
113,0,17,983,1.0,
114,0,16,984,1.0,
115,0,15,985,1.0,
116,0,12,988,1.0,
117,0,12,988,1.0,
118,0,12,988,1.0,
119,0,11,989,1.0,
120,0,10,990,1.0,
121,0,9,991,1.0,
122,0,9,991,1.0,
123,0,8,992,1.0,
124,0,8,992,1.0,
125,0,7,993,1.0,
126,0,6,994,1.0,
127,0,6,994,1.0,
128,0,6,994,1.0,
129,0,5,995,1.0,
130,0,3,997,1.0,
131,0,3,997,1.0,
132,0,3,997,1.0,
133,0,3,997,1.0,
134,0,3,997,1.0,
135,0,3,997,1.0,
136,0,2,998,1.0,
137,0,2,998,1.0,
138,0,2,998,1.0,
139,0,2,998,1.0,
140,0,2,998,1.0,
141,0,2,998,1.0,
142,0,2,998,1.0,
143,0,2,998,1.0,
144,0,2,998,1.0,
145,0,2,998,1.0,
146,0,2,998,1.0,
147,0,2,998,1.0,
148,0,2,998,1.0,
149,0,2,998,1.0,
150,0,2,998,1.0,
151,0,2,998,1.0,
152,0,1,999,1.0,
153,0,1,999,1.0,
154,0,1,999,1.0,
155,0,1,999,1.0,
156,0,1,999,1.0,
157,0,1,999,1.0,
158,0,1,999,1.0,
159,0,1,999,1.0,
160,0,1,999,1.0,
161,0,1,999,1.0,
162,0,1,999,1.0,
163,0,1,999,1.0,
164,0,1,999,1.0,
165,0,1,999,1.0,
166,0,1,999,1.0,
167,0,1,999,1.0,
168,0,1,999,1.0,
169,0,1,999,1.0,
170,0,1,999,1.0,
171,0,1,999,1.0,
172,0,1,999,1.0,
173,0,1,999,1.0,
174,0,1,999,1.0,
175,0,1,999,1.0,
176,0,1,999,1.0,
177,0,1,999,1.0,
178,0,1,999,1.0,
179,0,1,999,1.0,
180,0,1,999,1.0,
181,0,0,1000,1.0,
182,0,0,1000,1.0,
183,0,0,1000,1.0,
184,0,0,1000,1.0,
185,0,0,1000,1.0,
186,0,0,1000,1.0,
187,0,0,1000,1.0,
188,0,0,1000,1.0,
189,0,0,1000,1.0,
190,0,0,1000,1.0,
191,0,0,1000,1.0,
192,0,0,1000,1.0,
193,0,0,1000,1.0,
194,0,0,1000,1.0,
195,0,0,1000,1.0,
196,0,0,1000,1.0,
197,0,0,1000,1.0,
198,0,0,1000,1.0,
199,0,0,1000,1.0,
200,0,0,1000,1.0,
1,995,4,1,0.9967727272727273,1.0
2,992,7,1,0.9934090909090909,0.9982860601586027
3,986,12,2,0.9886818181818182,0.9958586746523825
4,980,17,3,0.9850909090909091,0.9939554391274206
5,964,31,5,0.9761363636363637,0.9891911098733878
6,930,60,10,0.9487727272727273,0.9740431129726835
7,892,96,12,0.9129090909090909,0.952733218446492
8,826,156,18,0.8663636363636363,0.9205816379681281
9,758,217,25,0.8296363636363636,0.8890295115709175
10,656,302,42,0.7904545454545454,0.8413763115520921
11,541,401,58,0.7733181818181818,0.7914780658431693
12,434,490,76,0.7963181818181818,0.7659589298758069
13,309,589,102,0.8419545454545454,0.7440113812985985
14,189,691,120,0.9125909090909091,0.7684574794401118
15,81,770,149,0.9710909090909091,0.8216800540038345
16,26,792,182,0.9922727272727273,0.8504116150069163
17,5,785,210,0.9985454545454545,0.8537545283472664
18,2,757,241,0.9993181818181818,0.8271022513445685
19,1,719,280,0.9997272727272727,0.8585386409762755
20,0,690,310,1.0,
21,0,662,338,1.0,
22,0,642,358,1.0,
23,0,614,386,1.0,
24,0,590,410,1.0,
25,0,568,432,1.0,
26,0,547,453,1.0,
27,0,526,474,1.0,
28,0,510,490,1.0,
29,0,492,508,1.0,
30,0,473,527,1.0,
31,0,458,542,1.0,
32,0,442,558,1.0,
33,0,422,578,1.0,
34,0,407,593,1.0,
35,0,398,602,1.0,
36,0,384,616,1.0,
37,0,371,629,1.0,
38,0,353,647,1.0,
39,0,343,657,1.0,
40,0,329,671,1.0,
41,0,318,682,1.0,
42,0,304,696,1.0,
43,0,294,706,1.0,
44,0,281,719,1.0,
45,0,274,726,1.0,
46,0,265,735,1.0,
47,0,256,744,1.0,
48,0,248,752,1.0,
49,0,241,759,1.0,
50,0,236,764,1.0,
51,0,228,772,1.0,
52,0,220,780,1.0,
53,0,207,793,1.0,
54,0,200,800,1.0,
55,0,191,809,1.0,
56,0,183,817,1.0,
57,0,176,824,1.0,
58,0,169,831,1.0,
59,0,160,840,1.0,
60,0,154,846,1.0,
61,0,147,853,1.0,
62,0,140,860,1.0,
63,0,136,864,1.0,
64,0,132,868,1.0,
65,0,128,872,1.0,
66,0,123,877,1.0,
67,0,118,882,1.0,
68,0,110,890,1.0,
69,0,109,891,1.0,
70,0,106,894,1.0,
71,0,100,900,1.0,
72,0,92,908,1.0,
73,0,90,910,1.0,
74,0,89,911,1.0,
75,0,87,913,1.0,
76,0,84,916,1.0,
77,0,82,918,1.0,
78,0,78,922,1.0,
79,0,74,926,1.0,
80,0,72,928,1.0,
81,0,71,929,1.0,
82,0,69,931,1.0,
83,0,68,932,1.0,
84,0,66,934,1.0,
85,0,65,935,1.0,
86,0,64,936,1.0,
87,0,61,939,1.0,
88,0,57,943,1.0,
89,0,54,946,1.0,
90,0,52,948,1.0,
91,0,51,949,1.0,
92,0,47,953,1.0,
93,0,46,954,1.0,
94,0,44,956,1.0,
95,0,41,959,1.0,
96,0,41,959,1.0,
97,0,38,962,1.0,
98,0,37,963,1.0,
99,0,35,965,1.0,
100,0,34,966,1.0,
101,0,34,966,1.0,
102,0,33,967,1.0,
103,0,31,969,1.0,
104,0,31,969,1.0,
105,0,30,970,1.0,
106,0,28,972,1.0,
107,0,27,973,1.0,
108,0,26,974,1.0,
109,0,24,976,1.0,
110,0,21,979,1.0,
111,0,21,979,1.0,
112,0,20,980,1.0,
113,0,19,981,1.0,
114,0,19,981,1.0,
115,0,18,982,1.0,
116,0,15,985,1.0,
117,0,14,986,1.0,
118,0,13,987,1.0,
119,0,12,988,1.0,
120,0,12,988,1.0,
121,0,12,988,1.0,
122,0,12,988,1.0,
123,0,12,988,1.0,
124,0,12,988,1.0,
125,0,11,989,1.0,
126,0,11,989,1.0,
127,0,10,990,1.0,
128,0,9,991,1.0,
129,0,9,991,1.0,
130,0,9,991,1.0,
131,0,9,991,1.0,
132,0,9,991,1.0,
133,0,9,991,1.0,
134,0,8,992,1.0,
135,0,8,992,1.0,
136,0,7,993,1.0,
137,0,7,993,1.0,
138,0,6,994,1.0,
139,0,5,995,1.0,
140,0,5,995,1.0,
141,0,5,995,1.0,
142,0,5,995,1.0,
143,0,5,995,1.0,
144,0,4,996,1.0,
145,0,3,997,1.0,
146,0,2,998,1.0,
147,0,2,998,1.0,
148,0,1,999,1.0,
149,0,1,999,1.0,
150,0,1,999,1.0,
151,0,1,999,1.0,
152,0,1,999,1.0,
153,0,1,999,1.0,
154,0,1,999,1.0,
155,0,1,999,1.0,
156,0,1,999,1.0,
157,0,1,999,1.0,
158,0,1,999,1.0,
159,0,1,999,1.0,
160,0,1,999,1.0,
161,0,1,999,1.0,
162,0,1,999,1.0,
163,0,1,999,1.0,
164,0,1,999,1.0,
165,0,1,999,1.0,
166,0,1,999,1.0,
167,0,1,999,1.0,
168,0,1,999,1.0,
169,0,1,999,1.0,
170,0,1,999,1.0,
171,0,1,999,1.0,
172,0,1,999,1.0,
173,0,1,999,1.0,
174,0,1,999,1.0,
175,0,1,999,1.0,
176,0,1,999,1.0,
177,0,1,999,1.0,
178,0,0,1000,1.0,
179,0,0,1000,1.0,
180,0,0,1000,1.0,
181,0,0,1000,1.0,
182,0,0,1000,1.0,
183,0,0,1000,1.0,
184,0,0,1000,1.0,
185,0,0,1000,1.0,
186,0,0,1000,1.0,
187,0,0,1000,1.0,
188,0,0,1000,1.0,
189,0,0,1000,1.0,
190,0,0,1000,1.0,
191,0,0,1000,1.0,
192,0,0,1000,1.0,
193,0,0,1000,1.0,
194,0,0,1000,1.0,
195,0,0,1000,1.0,
196,0,0,1000,1.0,
197,0,0,1000,1.0,
198,0,0,1000,1.0,
199,0,0,1000,1.0,
200,0,0,1000,1.0,
1,996,4,0,0.9967727272727273,1.0
2,991,9,0,0.9913181818181818,0.9972689517922695
3,974,26,0,0.9785,0.9906411692461474
4,952,44,4,0.9631818181818181,0.9822968964297472
5,918,74,8,0.9359090909090909,0.9666377636121462
6,872,114,14,0.8961818181818182,0.9419047047584743
7,801,181,18,0.8365,0.899319483740997
8,712,258,30,0.7949090909090909,0.8573053304773586
9,625,329,46,0.7706363636363637,0.8176452660471504
10,509,431,60,0.7646363636363637,0.7693693813228936
11,390,534,76,0.8033636363636364,0.7477486983597805
12,252,641,107,0.8685909090909091,0.7388664749828486
13,144,714,142,0.9342272727272727,0.7694594420444194
14,46,765,189,0.9848636363636364,0.8327182472507167
15,15,765,220,0.9953636363636363,0.8428640438289349
16,4,739,257,0.9986363636363637,0.8224141750710608
17,0,720,280,1.0,
18,0,694,306,1.0,
19,0,657,343,1.0,
20,0,635,365,1.0,
21,0,619,381,1.0,
22,0,591,409,1.0,
23,0,570,430,1.0,
24,0,540,460,1.0,
25,0,514,486,1.0,
26,0,499,501,1.0,
27,0,477,523,1.0,
28,0,452,548,1.0,
29,0,438,562,1.0,
30,0,419,581,1.0,
31,0,395,605,1.0,
32,0,384,616,1.0,
33,0,372,628,1.0,
34,0,353,647,1.0,
35,0,340,660,1.0,
36,0,329,671,1.0,
37,0,314,686,1.0,
38,0,309,691,1.0,
39,0,296,704,1.0,
40,0,286,714,1.0,
41,0,275,725,1.0,
42,0,265,735,1.0,
43,0,255,745,1.0,
44,0,248,752,1.0,
45,0,240,760,1.0,
46,0,231,769,1.0,
47,0,219,781,1.0,
48,0,213,787,1.0,
49,0,197,803,1.0,
50,0,188,812,1.0,
51,0,182,818,1.0,
52,0,170,830,1.0,
53,0,158,842,1.0,
54,0,152,848,1.0,
55,0,145,855,1.0,
56,0,137,863,1.0,
57,0,131,869,1.0,
58,0,127,873,1.0,
59,0,124,876,1.0,
60,0,119,881,1.0,
61,0,115,885,1.0,
62,0,106,894,1.0,
63,0,102,898,1.0,
64,0,100,900,1.0,
65,0,95,905,1.0,
66,0,90,910,1.0,
67,0,84,916,1.0,
68,0,78,922,1.0,
69,0,77,923,1.0,
70,0,72,928,1.0,
71,0,69,931,1.0,
72,0,69,931,1.0,
73,0,62,938,1.0,
74,0,60,940,1.0,
75,0,57,943,1.0,
76,0,57,943,1.0,
77,0,54,946,1.0,
78,0,52,948,1.0,
79,0,50,950,1.0,
80,0,50,950,1.0,
81,0,49,951,1.0,
82,0,49,951,1.0,
83,0,48,952,1.0,
84,0,47,953,1.0,
85,0,46,954,1.0,
86,0,41,959,1.0,
87,0,41,959,1.0,
88,0,41,959,1.0,
89,0,39,961,1.0,
90,0,39,961,1.0,
91,0,38,962,1.0,
92,0,36,964,1.0,
93,0,33,967,1.0,
94,0,33,967,1.0,
95,0,32,968,1.0,
96,0,30,970,1.0,
97,0,30,970,1.0,
98,0,28,972,1.0,
99,0,28,972,1.0,
100,0,27,973,1.0,
101,0,26,974,1.0,
102,0,25,975,1.0,
103,0,23,977,1.0,
104,0,23,977,1.0,
105,0,20,980,1.0,
106,0,20,980,1.0,
107,0,19,981,1.0,
108,0,17,983,1.0,
109,0,16,984,1.0,
110,0,13,987,1.0,
111,0,12,988,1.0,
112,0,11,989,1.0,
113,0,11,989,1.0,
114,0,11,989,1.0,
115,0,11,989,1.0,
116,0,11,989,1.0,
117,0,11,989,1.0,
118,0,11,989,1.0,
119,0,9,991,1.0,
120,0,8,992,1.0,
121,0,6,994,1.0,
122,0,4,996,1.0,
123,0,4,996,1.0,
124,0,4,996,1.0,
125,0,4,996,1.0,
126,0,4,996,1.0,
127,0,4,996,1.0,
128,0,4,996,1.0,
129,0,4,996,1.0,
130,0,4,996,1.0,
131,0,4,996,1.0,
132,0,4,996,1.0,
133,0,4,996,1.0,
134,0,4,996,1.0,
135,0,3,997,1.0,
136,0,3,997,1.0,
137,0,3,997,1.0,
138,0,3,997,1.0,
139,0,2,998,1.0,
140,0,2,998,1.0,
141,0,2,998,1.0,
142,0,2,998,1.0,
143,0,2,998,1.0,
144,0,2,998,1.0,
145,0,2,998,1.0,
146,0,2,998,1.0,
147,0,2,998,1.0,
148,0,2,998,1.0,
149,0,2,998,1.0,
150,0,1,999,1.0,
151,0,1,999,1.0,
152,0,1,999,1.0,
153,0,1,999,1.0,
154,0,1,999,1.0,
155,0,1,999,1.0,
156,0,1,999,1.0,
157,0,1,999,1.0,
158,0,1,999,1.0,
159,0,1,999,1.0,
160,0,1,999,1.0,
161,0,0,1000,1.0,
162,0,0,1000,1.0,
163,0,0,1000,1.0,
164,0,0,1000,1.0,
165,0,0,1000,1.0,
166,0,0,1000,1.0,
167,0,0,1000,1.0,
168,0,0,1000,1.0,
169,0,0,1000,1.0,
170,0,0,1000,1.0,
171,0,0,1000,1.0,
172,0,0,1000,1.0,
173,0,0,1000,1.0,
174,0,0,1000,1.0,
175,0,0,1000,1.0,
176,0,0,1000,1.0,
177,0,0,1000,1.0,
178,0,0,1000,1.0,
179,0,0,1000,1.0,
180,0,0,1000,1.0,
181,0,0,1000,1.0,
182,0,0,1000,1.0,
183,0,0,1000,1.0,
184,0,0,1000,1.0,
185,0,0,1000,1.0,
186,0,0,1000,1.0,
187,0,0,1000,1.0,
188,0,0,1000,1.0,
189,0,0,1000,1.0,
190,0,0,1000,1.0,
191,0,0,1000,1.0,
192,0,0,1000,1.0,
193,0,0,1000,1.0,
194,0,0,1000,1.0,
195,0,0,1000,1.0,
196,0,0,1000,1.0,
197,0,0,1000,1.0,
198,0,0,1000,1.0,
199,0,0,1000,1.0,
200,0,0,1000,1.0,
1,998,2,0,0.9990909090909091,1.0
2,993,7,0,0.9945909090909091,0.9977349197769848
3,987,11,2,0.9923181818181818,0.9965785064197034
4,976,22,2,0.9821363636363636,0.9913209586057953
5,957,40,3,0.965590909090909,0.982536173494396
6,924,73,3,0.9305909090909091,0.9629795891357781
7,878,113,9,0.8947272727272727,0.9404960958740634
8,810,177,13,0.8433181818181819,0.9036565978907729
9,711,267,22,0.7965909090909091,0.8571417020396755
10,614,348,38,0.7797727272727273,0.820535192119963
11,504,443,53,0.7878181818181819,0.7890118318642295
12,379,545,76,0.8251818181818181,0.7685991940581716
13,270,628,102,0.8633181818181819,0.7460910192150099
14,149,716,135,0.9319090909090909,0.7697621859230991
15,73,760,167,0.9731818181818181,0.8144424968270982
16,33,766,201,0.986,0.7838803949645105
17,15,750,235,0.9935,0.7783255659443625
18,5,729,266,0.9979090909090909,0.7875411147498836
19,2,704,294,0.9991818181818182,0.7958132415051205
20,0,684,316,1.0,
21,0,662,338,1.0,
22,0,646,354,1.0,
23,0,614,386,1.0,
24,0,587,413,1.0,
25,0,568,432,1.0,
26,0,549,451,1.0,
27,0,521,479,1.0,
28,0,498,502,1.0,
29,0,472,528,1.0,
30,0,451,549,1.0,
31,0,429,571,1.0,
32,0,410,590,1.0,
33,0,402,598,1.0,
34,0,385,615,1.0,
35,0,368,632,1.0,
36,0,356,644,1.0,
37,0,338,662,1.0,
38,0,320,680,1.0,
39,0,305,695,1.0,
40,0,294,706,1.0,
41,0,284,716,1.0,
42,0,274,726,1.0,
43,0,269,731,1.0,
44,0,256,744,1.0,
45,0,248,752,1.0,
46,0,233,767,1.0,
47,0,221,779,1.0,
48,0,214,786,1.0,
49,0,202,798,1.0,
50,0,185,815,1.0,
51,0,175,825,1.0,
52,0,173,827,1.0,
53,0,167,833,1.0,
54,0,158,842,1.0,
55,0,150,850,1.0,
56,0,145,855,1.0,
57,0,138,862,1.0,
58,0,130,870,1.0,
59,0,123,877,1.0,
60,0,117,883,1.0,
61,0,111,889,1.0,
62,0,108,892,1.0,
63,0,104,896,1.0,
64,0,98,902,1.0,
65,0,94,906,1.0,
66,0,87,913,1.0,
67,0,85,915,1.0,
68,0,82,918,1.0,
69,0,81,919,1.0,
70,0,76,924,1.0,
71,0,74,926,1.0,
72,0,70,930,1.0,
73,0,66,934,1.0,
74,0,66,934,1.0,
75,0,62,938,1.0,
76,0,60,940,1.0,
77,0,59,941,1.0,
78,0,57,943,1.0,
79,0,54,946,1.0,
80,0,51,949,1.0,
81,0,50,950,1.0,
82,0,48,952,1.0,
83,0,45,955,1.0,
84,0,44,956,1.0,
85,0,38,962,1.0,
86,0,37,963,1.0,
87,0,35,965,1.0,
88,0,34,966,1.0,
89,0,33,967,1.0,
90,0,33,967,1.0,
91,0,32,968,1.0,
92,0,32,968,1.0,
93,0,31,969,1.0,
94,0,30,970,1.0,
95,0,29,971,1.0,
96,0,27,973,1.0,
97,0,27,973,1.0,
98,0,27,973,1.0,
99,0,26,974,1.0,
100,0,25,975,1.0,
101,0,25,975,1.0,
102,0,23,977,1.0,
103,0,23,977,1.0,
104,0,19,981,1.0,
105,0,19,981,1.0,
106,0,18,982,1.0,
107,0,18,982,1.0,
108,0,18,982,1.0,
109,0,17,983,1.0,
110,0,17,983,1.0,
111,0,15,985,1.0,
112,0,14,986,1.0,
113,0,14,986,1.0,
114,0,14,986,1.0,
115,0,14,986,1.0,
116,0,14,986,1.0,
117,0,14,986,1.0,
118,0,13,987,1.0,
119,0,13,987,1.0,
120,0,11,989,1.0,
121,0,11,989,1.0,
122,0,9,991,1.0,
123,0,9,991,1.0,
124,0,9,991,1.0,
125,0,9,991,1.0,
126,0,8,992,1.0,
127,0,8,992,1.0,
128,0,8,992,1.0,
129,0,8,992,1.0,
130,0,7,993,1.0,
131,0,7,993,1.0,
132,0,6,994,1.0,
133,0,6,994,1.0,
134,0,5,995,1.0,
135,0,5,995,1.0,
136,0,4,996,1.0,
137,0,4,996,1.0,
138,0,4,996,1.0,
139,0,4,996,1.0,
140,0,4,996,1.0,
141,0,4,996,1.0,
142,0,4,996,1.0,
143,0,4,996,1.0,
144,0,4,996,1.0,
145,0,4,996,1.0,
146,0,4,996,1.0,
147,0,4,996,1.0,
148,0,4,996,1.0,
149,0,4,996,1.0,
150,0,4,996,1.0,
151,0,4,996,1.0,
152,0,4,996,1.0,
153,0,4,996,1.0,
154,0,4,996,1.0,
155,0,4,996,1.0,
156,0,4,996,1.0,
157,0,4,996,1.0,
158,0,4,996,1.0,
159,0,4,996,1.0,
160,0,4,996,1.0,
161,0,4,996,1.0,
162,0,4,996,1.0,
163,0,3,997,1.0,
164,0,3,997,1.0,
165,0,3,997,1.0,
166,0,3,997,1.0,
167,0,3,997,1.0,
168,0,2,998,1.0,
169,0,2,998,1.0,
170,0,2,998,1.0,
171,0,2,998,1.0,
172,0,2,998,1.0,
173,0,1,999,1.0,
174,0,1,999,1.0,
175,0,1,999,1.0,
176,0,1,999,1.0,
177,0,1,999,1.0,
178,0,1,999,1.0,
179,0,1,999,1.0,
180,0,1,999,1.0,
181,0,1,999,1.0,
182,0,1,999,1.0,
183,0,1,999,1.0,
184,0,1,999,1.0,
185,0,0,1000,1.0,
186,0,0,1000,1.0,
187,0,0,1000,1.0,
188,0,0,1000,1.0,
189,0,0,1000,1.0,
190,0,0,1000,1.0,
191,0,0,1000,1.0,
192,0,0,1000,1.0,
193,0,0,1000,1.0,
194,0,0,1000,1.0,
195,0,0,1000,1.0,
196,0,0,1000,1.0,
197,0,0,1000,1.0,
198,0,0,1000,1.0,
199,0,0,1000,1.0,
200,0,0,1000,1.0,
1,996,4,0,0.9966363636363637,1.0
2,989,10,1,0.9909545454545454,0.9970993372408868
3,980,19,1,0.9846818181818182,0.9938462025219071
4,963,33,4,0.9761363636363637,0.9892406939174826
5,935,57,8,0.9564545454545454,0.9783816030004678
6,894,95,11,0.9237272727272727,0.9590135005067836
7,833,150,17,0.8740454545454546,0.926016520412945
8,763,204,33,0.8315454545454546,0.8910788170386735
9,691,264,45,0.790409090909091,0.8495108372498427
10,587,352,61,0.768,0.8032558745936643
11,484,442,74,0.7869090909090909,0.7802260087068221
12,371,530,99,0.8244090909090909,0.7635436627601274
13,269,611,120,0.8662727272727273,0.7505378608368226
14,166,681,153,0.9177727272727273,0.7509517807218213
15,92,720,188,0.9578636363636364,0.7692570415657539
16,51,728,221,0.9784090909090909,0.7863658892309553
17,23,731,246,0.99,0.7782500453223584
18,8,726,266,0.997,0.8072692390075729
19,3,703,294,0.9989090909090909,0.8193798914732867
20,0,681,319,1.0,
21,0,656,344,1.0,
22,0,627,373,1.0,
23,0,603,397,1.0,
24,0,582,418,1.0,
25,0,558,442,1.0,
26,0,542,458,1.0,
27,0,526,474,1.0,
28,0,503,497,1.0,
29,0,481,519,1.0,
30,0,460,540,1.0,
31,0,442,558,1.0,
32,0,426,574,1.0,
33,0,416,584,1.0,
34,0,400,600,1.0,
35,0,386,614,1.0,
36,0,373,627,1.0,
37,0,357,643,1.0,
38,0,344,656,1.0,
39,0,328,672,1.0,
40,0,315,685,1.0,
41,0,302,698,1.0,
42,0,292,708,1.0,
43,0,282,718,1.0,
44,0,272,728,1.0,
45,0,259,741,1.0,
46,0,245,755,1.0,
47,0,227,773,1.0,
48,0,218,782,1.0,
49,0,210,790,1.0,
50,0,197,803,1.0,
51,0,189,811,1.0,
52,0,184,816,1.0,
53,0,177,823,1.0,
54,0,173,827,1.0,
55,0,171,829,1.0,
56,0,165,835,1.0,
57,0,161,839,1.0,
58,0,154,846,1.0,
59,0,146,854,1.0,
60,0,140,860,1.0,
61,0,136,864,1.0,
62,0,130,870,1.0,
63,0,122,878,1.0,
64,0,115,885,1.0,
65,0,109,891,1.0,
66,0,106,894,1.0,
67,0,103,897,1.0,
68,0,102,898,1.0,
69,0,99,901,1.0,
70,0,93,907,1.0,
71,0,91,909,1.0,
72,0,90,910,1.0,
73,0,87,913,1.0,
74,0,83,917,1.0,
75,0,80,920,1.0,
76,0,75,925,1.0,
77,0,70,930,1.0,
78,0,66,934,1.0,
79,0,64,936,1.0,
80,0,60,940,1.0,
81,0,55,945,1.0,
82,0,53,947,1.0,
83,0,48,952,1.0,
84,0,48,952,1.0,
85,0,45,955,1.0,
86,0,43,957,1.0,
87,0,43,957,1.0,
88,0,42,958,1.0,
89,0,40,960,1.0,
90,0,36,964,1.0,
91,0,35,965,1.0,
92,0,30,970,1.0,
93,0,30,970,1.0,
94,0,29,971,1.0,
95,0,28,972,1.0,
96,0,25,975,1.0,
97,0,25,975,1.0,
98,0,23,977,1.0,
99,0,22,978,1.0,
100,0,22,978,1.0,
101,0,21,979,1.0,
102,0,21,979,1.0,
103,0,21,979,1.0,
104,0,21,979,1.0,
105,0,20,980,1.0,
106,0,19,981,1.0,
107,0,17,983,1.0,
108,0,16,984,1.0,
109,0,16,984,1.0,
110,0,15,985,1.0,
111,0,15,985,1.0,
112,0,15,985,1.0,
113,0,15,985,1.0,
114,0,15,985,1.0,
115,0,15,985,1.0,
116,0,15,985,1.0,
117,0,15,985,1.0,
118,0,15,985,1.0,
119,0,13,987,1.0,
120,0,13,987,1.0,
121,0,13,987,1.0,
122,0,13,987,1.0,
123,0,12,988,1.0,
124,0,11,989,1.0,
125,0,9,991,1.0,
126,0,9,991,1.0,
127,0,9,991,1.0,
128,0,8,992,1.0,
129,0,8,992,1.0,
130,0,8,992,1.0,
131,0,8,992,1.0,
132,0,8,992,1.0,
133,0,8,992,1.0,
134,0,8,992,1.0,
135,0,8,992,1.0,
136,0,8,992,1.0,
137,0,7,993,1.0,
138,0,7,993,1.0,
139,0,6,994,1.0,
140,0,6,994,1.0,
141,0,6,994,1.0,
142,0,5,995,1.0,
143,0,3,997,1.0,
144,0,3,997,1.0,
145,0,3,997,1.0,
146,0,3,997,1.0,
147,0,3,997,1.0,
148,0,3,997,1.0,
149,0,3,997,1.0,
150,0,3,997,1.0,
151,0,3,997,1.0,
152,0,3,997,1.0,
153,0,3,997,1.0,
154,0,3,997,1.0,
155,0,3,997,1.0,
156,0,3,997,1.0,
157,0,3,997,1.0,
158,0,2,998,1.0,
159,0,2,998,1.0,
160,0,2,998,1.0,
161,0,2,998,1.0,
162,0,2,998,1.0,
163,0,2,998,1.0,
164,0,2,998,1.0,
165,0,2,998,1.0,
166,0,2,998,1.0,
167,0,2,998,1.0,
168,0,2,998,1.0,
169,0,2,998,1.0,
170,0,2,998,1.0,
171,0,2,998,1.0,
172,0,2,998,1.0,
173,0,2,998,1.0,
174,0,2,998,1.0,
175,0,2,998,1.0,
176,0,2,998,1.0,
177,0,2,998,1.0,
178,0,2,998,1.0,
179,0,2,998,1.0,
180,0,2,998,1.0,
181,0,2,998,1.0,
182,0,2,998,1.0,
183,0,2,998,1.0,
184,0,2,998,1.0,
185,0,2,998,1.0,
186,0,2,998,1.0,
187,0,2,998,1.0,
188,0,2,998,1.0,
189,0,2,998,1.0,
190,0,2,998,1.0,
191,0,2,998,1.0,
192,0,2,998,1.0,
193,0,2,998,1.0,
194,0,2,998,1.0,
195,0,2,998,1.0,
196,0,2,998,1.0,
197,0,2,998,1.0,
198,0,2,998,1.0,
199,0,2,998,1.0,
200,0,2,998,1.0,
1,999,1,0,1.0,1.0
2,994,6,0,0.9955,0.9977666722496856
3,987,12,1,0.9885454545454545,0.9942354673112532
4,979,19,2,0.9832272727272727,0.9914512072209286
5,967,30,3,0.9771363636363637,0.9881724306958138
6,947,48,5,0.9592272727272727,0.9784696284003
7,900,92,8,0.9230909090909091,0.9572811323060536
8,839,151,10,0.8713636363636363,0.923337051043107
9,763,222,15,0.8079545454545455,0.8740762913329816
10,682,295,23,0.7656363636363637,0.8279824970490804
11,577,377,46,0.7567727272727273,0.7885626751457946
12,458,479,63,0.7859090909090909,0.7650202995086086
13,325,583,92,0.8437727272727272,0.7582107337762003
14,194,689,117,0.9055909090909091,0.7549445290502402
15,102,742,156,0.9517272727272728,0.761064969622424
16,48,757,195,0.9776818181818182,0.7633753479220652
17,21,752,227,0.9910454545454546,0.7830058603158682
18,6,732,262,0.9985,0.8755766416267566
19,2,704,294,0.9995,0.8779013539651838
20,0,686,314,1.0,
21,0,658,342,1.0,
22,0,626,374,1.0,
23,0,612,388,1.0,
24,0,588,412,1.0,
25,0,572,428,1.0,
26,0,547,453,1.0,
27,0,523,477,1.0,
28,0,509,491,1.0,
29,0,485,515,1.0,
30,0,468,532,1.0,
31,0,457,543,1.0,
32,0,442,558,1.0,
33,0,426,574,1.0,
34,0,410,590,1.0,
35,0,393,607,1.0,
36,0,381,619,1.0,
37,0,372,628,1.0,
38,0,362,638,1.0,
39,0,344,656,1.0,
40,0,326,674,1.0,
41,0,306,694,1.0,
42,0,292,708,1.0,
43,0,280,720,1.0,
44,0,271,729,1.0,
45,0,263,737,1.0,
46,0,248,752,1.0,
47,0,233,767,1.0,
48,0,231,769,1.0,
49,0,225,775,1.0,
50,0,219,781,1.0,
51,0,210,790,1.0,
52,0,199,801,1.0,
53,0,194,806,1.0,
54,0,190,810,1.0,
55,0,180,820,1.0,
56,0,173,827,1.0,
57,0,167,833,1.0,
58,0,161,839,1.0,
59,0,160,840,1.0,
60,0,153,847,1.0,
61,0,149,851,1.0,
62,0,143,857,1.0,
63,0,138,862,1.0,
64,0,131,869,1.0,
65,0,128,872,1.0,
66,0,125,875,1.0,
67,0,123,877,1.0,
68,0,117,883,1.0,
69,0,112,888,1.0,
70,0,108,892,1.0,
71,0,104,896,1.0,
72,0,100,900,1.0,
73,0,94,906,1.0,
74,0,91,909,1.0,
75,0,84,916,1.0,
76,0,81,919,1.0,
77,0,77,923,1.0,
78,0,75,925,1.0,
79,0,71,929,1.0,
80,0,67,933,1.0,
81,0,66,934,1.0,
82,0,63,937,1.0,
83,0,62,938,1.0,
84,0,61,939,1.0,
85,0,59,941,1.0,
86,0,57,943,1.0,
87,0,55,945,1.0,
88,0,49,951,1.0,
89,0,43,957,1.0,
90,0,43,957,1.0,
91,0,42,958,1.0,
92,0,41,959,1.0,
93,0,41,959,1.0,
94,0,40,960,1.0,
95,0,36,964,1.0,
96,0,36,964,1.0,
97,0,36,964,1.0,
98,0,33,967,1.0,
99,0,32,968,1.0,
100,0,31,969,1.0,
101,0,30,970,1.0,
102,0,28,972,1.0,
103,0,27,973,1.0,
104,0,24,976,1.0,
105,0,23,977,1.0,
106,0,21,979,1.0,
107,0,19,981,1.0,
108,0,18,982,1.0,
109,0,16,984,1.0,
110,0,16,984,1.0,
111,0,16,984,1.0,
112,0,16,984,1.0,
113,0,16,984,1.0,
114,0,16,984,1.0,
115,0,15,985,1.0,
116,0,15,985,1.0,
117,0,14,986,1.0,
118,0,14,986,1.0,
119,0,13,987,1.0,
120,0,12,988,1.0,
121,0,12,988,1.0,
122,0,10,990,1.0,
123,0,10,990,1.0,
124,0,9,991,1.0,
125,0,9,991,1.0,
126,0,9,991,1.0,
127,0,8,992,1.0,
128,0,8,992,1.0,
129,0,8,992,1.0,
130,0,8,992,1.0,
131,0,7,993,1.0,
132,0,7,993,1.0,
133,0,7,993,1.0,
134,0,7,993,1.0,
135,0,6,994,1.0,
136,0,6,994,1.0,
137,0,6,994,1.0,
138,0,6,994,1.0,
139,0,6,994,1.0,
140,0,6,994,1.0,
141,0,6,994,1.0,
142,0,6,994,1.0,
143,0,6,994,1.0,
144,0,6,994,1.0,
145,0,5,995,1.0,
146,0,5,995,1.0,
147,0,5,995,1.0,
148,0,5,995,1.0,
149,0,5,995,1.0,
150,0,5,995,1.0,
151,0,5,995,1.0,
152,0,5,995,1.0,
153,0,5,995,1.0,
154,0,4,996,1.0,
155,0,4,996,1.0,
156,0,4,996,1.0,
157,0,3,997,1.0,
158,0,3,997,1.0,
159,0,3,997,1.0,
160,0,3,997,1.0,
161,0,3,997,1.0,
162,0,2,998,1.0,
163,0,2,998,1.0,
164,0,2,998,1.0,
165,0,2,998,1.0,
166,0,1,999,1.0,
167,0,1,999,1.0,
168,0,1,999,1.0,
169,0,1,999,1.0,
170,0,1,999,1.0,
171,0,1,999,1.0,
172,0,1,999,1.0,
173,0,1,999,1.0,
174,0,1,999,1.0,
175,0,1,999,1.0,
176,0,1,999,1.0,
177,0,1,999,1.0,
178,0,1,999,1.0,
179,0,1,999,1.0,
180,0,1,999,1.0,
181,0,1,999,1.0,
182,0,1,999,1.0,
183,0,1,999,1.0,
184,0,1,999,1.0,
185,0,1,999,1.0,
186,0,1,999,1.0,
187,0,1,999,1.0,
188,0,1,999,1.0,
189,0,1,999,1.0,
190,0,1,999,1.0,
191,0,1,999,1.0,
192,0,1,999,1.0,
193,0,1,999,1.0,
194,0,1,999,1.0,
195,0,1,999,1.0,
196,0,1,999,1.0,
197,0,1,999,1.0,
198,0,1,999,1.0,
199,0,1,999,1.0,
200,0,1,999,1.0,
1,994,6,0,0.9957272727272727,1.0
2,983,17,0,0.9855,0.9947699553045736
3,968,29,3,0.9761363636363637,0.9898391515006373
4,939,58,3,0.9472727272727273,0.974068890037479
5,898,95,7,0.9048181818181819,0.94900828272087
6,837,152,11,0.8519545454545454,0.9132981672621409
7,746,237,17,0.7924545454545454,0.8623089398609936
8,651,314,35,0.7756818181818181,0.8288165207618219
9,526,420,54,0.7860909090909091,0.7976971175582818
10,398,524,78,0.8197727272727273,0.7740224912875916
11,271,620,109,0.8661818181818182,0.7528966081450108
12,176,689,135,0.914409090909091,0.7551487372369765
13,93,740,167,0.9565454545454546,0.7637039937183907
14,33,772,195,0.9882272727272727,0.8181758369594037
15,9,758,233,0.9970909090909091,0.8277881105215233
16,3,725,272,0.9986818181818182,0.7568228052761371
17,0,703,297,1.0,
18,0,673,327,1.0,
19,0,641,359,1.0,
20,0,610,390,1.0,
21,0,587,413,1.0,
22,0,568,432,1.0,
23,0,545,455,1.0,
24,0,523,477,1.0,
25,0,501,499,1.0,
26,0,482,518,1.0,
27,0,472,528,1.0,
28,0,459,541,1.0,
29,0,451,549,1.0,
30,0,429,571,1.0,
31,0,406,594,1.0,
32,0,393,607,1.0,
33,0,380,620,1.0,
34,0,360,640,1.0,
35,0,346,654,1.0,
36,0,335,665,1.0,
37,0,321,679,1.0,
38,0,306,694,1.0,
39,0,294,706,1.0,
40,0,278,722,1.0,
41,0,266,734,1.0,
42,0,254,746,1.0,
43,0,244,756,1.0,
44,0,234,766,1.0,
45,0,222,778,1.0,
46,0,210,790,1.0,
47,0,205,795,1.0,
48,0,195,805,1.0,
49,0,185,815,1.0,
50,0,182,818,1.0,
51,0,174,826,1.0,
52,0,164,836,1.0,
53,0,157,843,1.0,
54,0,150,850,1.0,
55,0,145,855,1.0,
56,0,139,861,1.0,
57,0,135,865,1.0,
58,0,130,870,1.0,
59,0,124,876,1.0,
60,0,114,886,1.0,
61,0,108,892,1.0,
62,0,103,897,1.0,
63,0,98,902,1.0,
64,0,95,905,1.0,
65,0,90,910,1.0,
66,0,88,912,1.0,
67,0,83,917,1.0,
68,0,75,925,1.0,
69,0,74,926,1.0,
70,0,71,929,1.0,
71,0,68,932,1.0,
72,0,63,937,1.0,
73,0,58,942,1.0,
74,0,56,944,1.0,
75,0,55,945,1.0,
76,0,54,946,1.0,
77,0,52,948,1.0,
78,0,51,949,1.0,
79,0,46,954,1.0,
80,0,44,956,1.0,
81,0,42,958,1.0,
82,0,42,958,1.0,
83,0,41,959,1.0,
84,0,39,961,1.0,
85,0,39,961,1.0,
86,0,38,962,1.0,
87,0,37,963,1.0,
88,0,35,965,1.0,
89,0,33,967,1.0,
90,0,32,968,1.0,
91,0,32,968,1.0,
92,0,31,969,1.0,
93,0,30,970,1.0,
94,0,28,972,1.0,
95,0,28,972,1.0,
96,0,27,973,1.0,
97,0,26,974,1.0,
98,0,26,974,1.0,
99,0,25,975,1.0,
100,0,25,975,1.0,
101,0,23,977,1.0,
102,0,22,978,1.0,
103,0,21,979,1.0,
104,0,20,980,1.0,
105,0,20,980,1.0,
106,0,20,980,1.0,
107,0,20,980,1.0,
108,0,19,981,1.0,
109,0,19,981,1.0,
110,0,19,981,1.0,
111,0,18,982,1.0,
112,0,17,983,1.0,
113,0,16,984,1.0,
114,0,16,984,1.0,
115,0,15,985,1.0,
116,0,14,986,1.0,
117,0,14,986,1.0,
118,0,14,986,1.0,
119,0,14,986,1.0,
120,0,14,986,1.0,
121,0,14,986,1.0,
122,0,13,987,1.0,
123,0,13,987,1.0,
124,0,13,987,1.0,
125,0,13,987,1.0,
126,0,13,987,1.0,
127,0,12,988,1.0,
128,0,12,988,1.0,
129,0,12,988,1.0,
130,0,12,988,1.0,
131,0,12,988,1.0,
132,0,12,988,1.0,
133,0,12,988,1.0,
134,0,11,989,1.0,
135,0,11,989,1.0,
136,0,10,990,1.0,
137,0,9,991,1.0,
138,0,9,991,1.0,
139,0,8,992,1.0,
140,0,8,992,1.0,
141,0,8,992,1.0,
142,0,8,992,1.0,
143,0,8,992,1.0,
144,0,8,992,1.0,
145,0,8,992,1.0,
146,0,8,992,1.0,
147,0,8,992,1.0,
148,0,8,992,1.0,
149,0,8,992,1.0,
150,0,8,992,1.0,
151,0,7,993,1.0,
152,0,6,994,1.0,
153,0,6,994,1.0,
154,0,6,994,1.0,
155,0,4,996,1.0,
156,0,4,996,1.0,
157,0,4,996,1.0,
158,0,4,996,1.0,
159,0,4,996,1.0,
160,0,4,996,1.0,
161,0,4,996,1.0,
162,0,3,997,1.0,
163,0,3,997,1.0,
164,0,3,997,1.0,
165,0,3,997,1.0,
166,0,3,997,1.0,
167,0,3,997,1.0,
168,0,3,997,1.0,
169,0,3,997,1.0,
170,0,3,997,1.0,
171,0,3,997,1.0,
172,0,3,997,1.0,
173,0,2,998,1.0,
174,0,2,998,1.0,
175,0,2,998,1.0,
176,0,2,998,1.0,
177,0,2,998,1.0,
178,0,2,998,1.0,
179,0,2,998,1.0,
180,0,2,998,1.0,
181,0,2,998,1.0,
182,0,2,998,1.0,
183,0,2,998,1.0,
184,0,2,998,1.0,
185,0,2,998,1.0,
186,0,2,998,1.0,
187,0,2,998,1.0,
188,0,2,998,1.0,
189,0,2,998,1.0,
190,0,2,998,1.0,
191,0,2,998,1.0,
192,0,2,998,1.0,
193,0,2,998,1.0,
194,0,2,998,1.0,
195,0,2,998,1.0,
196,0,2,998,1.0,
197,0,2,998,1.0,
198,0,2,998,1.0,
199,0,2,998,1.0,
200,0,2,998,1.0,
1,995,5,0,0.9959090909090909,1.0
2,989,9,2,0.9925909090909091,0.9983018235141418
3,980,17,3,0.9851363636363636,0.9944437847019522
4,966,30,4,0.9755909090909091,0.9893712211770688
5,940,54,6,0.9566818181818182,0.9790010811206635
6,903,90,7,0.921,0.9582467707131886
7,849,133,18,0.8851363636363636,0.934331731466227
8,770,204,26,0.8329090909090909,0.8933446363142318
9,680,286,34,0.789,0.8465980098025756
10,572,380,48,0.7737727272727273,0.8040022761570704
11,447,480,73,0.7869545454545455,0.7630567325384647
12,306,585,109,0.840590909090909,0.7406665451870129
13,194,671,135,0.9031363636363636,0.7504896031503541
14,107,730,163,0.9524090909090909,0.7766259462469938
15,42,764,194,0.9857727272727272,0.8296890903946285
16,17,758,225,0.9935454545454545,0.8093812805892696
17,8,746,246,0.9971818181818182,0.824786937807324
18,1,725,274,0.9997272727272727,0.8554204101179818
19,0,689,311,1.0,
20,0,661,339,1.0,
21,0,631,369,1.0,
22,0,609,391,1.0,
23,0,587,413,1.0,
24,0,563,437,1.0,
25,0,541,459,1.0,
26,0,526,474,1.0,
27,0,508,492,1.0,
28,0,492,508,1.0,
29,0,466,534,1.0,
30,0,437,563,1.0,
31,0,419,581,1.0,
32,0,396,604,1.0,
33,0,379,621,1.0,
34,0,362,638,1.0,
35,0,352,648,1.0,
36,0,338,662,1.0,
37,0,327,673,1.0,
38,0,321,679,1.0,
39,0,306,694,1.0,
40,0,293,707,1.0,
41,0,284,716,1.0,
42,0,274,726,1.0,
43,0,259,741,1.0,
44,0,254,746,1.0,
45,0,243,757,1.0,
46,0,236,764,1.0,
47,0,222,778,1.0,
48,0,213,787,1.0,
49,0,202,798,1.0,
50,0,194,806,1.0,
51,0,190,810,1.0,
52,0,184,816,1.0,
53,0,177,823,1.0,
54,0,170,830,1.0,
55,0,163,837,1.0,
56,0,160,840,1.0,
57,0,152,848,1.0,
58,0,140,860,1.0,
59,0,135,865,1.0,
60,0,129,871,1.0,
61,0,121,879,1.0,
62,0,118,882,1.0,
63,0,112,888,1.0,
64,0,112,888,1.0,
65,0,107,893,1.0,
66,0,107,893,1.0,
67,0,99,901,1.0,
68,0,96,904,1.0,
69,0,87,913,1.0,
70,0,86,914,1.0,
71,0,83,917,1.0,
72,0,81,919,1.0,
73,0,79,921,1.0,
74,0,73,927,1.0,
75,0,69,931,1.0,
76,0,68,932,1.0,
77,0,66,934,1.0,
78,0,65,935,1.0,
79,0,61,939,1.0,
80,0,56,944,1.0,
81,0,54,946,1.0,
82,0,54,946,1.0,
83,0,52,948,1.0,
84,0,49,951,1.0,
85,0,47,953,1.0,
86,0,41,959,1.0,
87,0,36,964,1.0,
88,0,35,965,1.0,
89,0,34,966,1.0,
90,0,31,969,1.0,
91,0,30,970,1.0,
92,0,29,971,1.0,
93,0,29,971,1.0,
94,0,25,975,1.0,
95,0,22,978,1.0,
96,0,22,978,1.0,
97,0,20,980,1.0,
98,0,17,983,1.0,
99,0,16,984,1.0,
100,0,15,985,1.0,
101,0,14,986,1.0,
102,0,14,986,1.0,
103,0,13,987,1.0,
104,0,13,987,1.0,
105,0,11,989,1.0,
106,0,11,989,1.0,
107,0,11,989,1.0,
108,0,10,990,1.0,
109,0,10,990,1.0,
110,0,10,990,1.0,
111,0,10,990,1.0,
112,0,10,990,1.0,
113,0,10,990,1.0,
114,0,10,990,1.0,
115,0,9,991,1.0,
116,0,8,992,1.0,
117,0,8,992,1.0,
118,0,8,992,1.0,
119,0,8,992,1.0,
120,0,7,993,1.0,
121,0,7,993,1.0,
122,0,6,994,1.0,
123,0,6,994,1.0,
124,0,6,994,1.0,
125,0,6,994,1.0,
126,0,6,994,1.0,
127,0,6,994,1.0,
128,0,5,995,1.0,
129,0,5,995,1.0,
130,0,4,996,1.0,
131,0,4,996,1.0,
132,0,2,998,1.0,
133,0,2,998,1.0,
134,0,1,999,1.0,
135,0,1,999,1.0,
136,0,1,999,1.0,
137,0,1,999,1.0,
138,0,1,999,1.0,
139,0,1,999,1.0,
140,0,1,999,1.0,
141,0,1,999,1.0,
142,0,1,999,1.0,
143,0,1,999,1.0,
144,0,1,999,1.0,
145,0,1,999,1.0,
146,0,1,999,1.0,
147,0,1,999,1.0,
148,0,1,999,1.0,
149,0,1,999,1.0,
150,0,1,999,1.0,
151,0,1,999,1.0,
152,0,1,999,1.0,
153,0,1,999,1.0,
154,0,1,999,1.0,
155,0,1,999,1.0,
156,0,1,999,1.0,
157,0,1,999,1.0,
158,0,1,999,1.0,
159,0,1,999,1.0,
160,0,1,999,1.0,
161,0,1,999,1.0,
162,0,1,999,1.0,
163,0,1,999,1.0,
164,0,1,999,1.0,
165,0,1,999,1.0,
166,0,1,999,1.0,
167,0,1,999,1.0,
168,0,1,999,1.0,
169,0,1,999,1.0,
170,0,1,999,1.0,
171,0,1,999,1.0,
172,0,1,999,1.0,
173,0,1,999,1.0,
174,0,1,999,1.0,
175,0,1,999,1.0,
176,0,1,999,1.0,
177,0,1,999,1.0,
178,0,1,999,1.0,
179,0,1,999,1.0,
180,0,1,999,1.0,
181,0,0,1000,1.0,
182,0,0,1000,1.0,
183,0,0,1000,1.0,
184,0,0,1000,1.0,
185,0,0,1000,1.0,
186,0,0,1000,1.0,
187,0,0,1000,1.0,
188,0,0,1000,1.0,
189,0,0,1000,1.0,
190,0,0,1000,1.0,
191,0,0,1000,1.0,
192,0,0,1000,1.0,
193,0,0,1000,1.0,
194,0,0,1000,1.0,
195,0,0,1000,1.0,
196,0,0,1000,1.0,
197,0,0,1000,1.0,
198,0,0,1000,1.0,
199,0,0,1000,1.0,
200,0,0,1000,1.0,
1,997,3,0,0.9973181818181818,1.0
2,996,4,0,0.9965,0.9995868658259578
3,991,8,1,0.9924545454545455,0.9975301676459494
4,982,17,1,0.9855909090909091,0.9940061675358757
5,967,31,2,0.9759545454545454,0.9888865595778172
6,940,56,4,0.9519545454545455,0.9756827380842991
7,896,97,7,0.9105454545454545,0.9513073369412554
8,842,141,17,0.8632272727272727,0.9198039914218638
9,778,202,20,0.805409090909091,0.8758558319077878
10,684,292,24,0.756,0.8223721421463895
11,592,364,44,0.7498636363636364,0.7895179392337015
12,465,469,66,0.7658636363636364,0.7486528934805108
13,326,589,85,0.8250909090909091,0.731618756435998
14,197,688,115,0.9079545454545455,0.7658880795866807
15,78,780,142,0.975909090909091,0.8453813155262259
16,25,799,176,0.9937272727272727,0.8743731892944616
17,8,786,206,0.9990454545454546,0.9398767102928546
18,2,767,231,0.9998181818181818,0.9568425034814202
19,0,730,270,1.0,
20,0,701,299,1.0,
21,0,678,322,1.0,
22,0,657,343,1.0,
23,0,637,363,1.0,
24,0,609,391,1.0,
25,0,583,417,1.0,
26,0,569,431,1.0,
27,0,553,447,1.0,
28,0,523,477,1.0,
29,0,507,493,1.0,
30,0,481,519,1.0,
31,0,466,534,1.0,
32,0,447,553,1.0,
33,0,430,570,1.0,
34,0,411,589,1.0,
35,0,397,603,1.0,
36,0,382,618,1.0,
37,0,365,635,1.0,
38,0,347,653,1.0,
39,0,339,661,1.0,
40,0,323,677,1.0,
41,0,310,690,1.0,
42,0,286,714,1.0,
43,0,272,728,1.0,
44,0,266,734,1.0,
45,0,257,743,1.0,
46,0,245,755,1.0,
47,0,233,767,1.0,
48,0,227,773,1.0,
49,0,216,784,1.0,
50,0,202,798,1.0,
51,0,192,808,1.0,
52,0,187,813,1.0,
53,0,183,817,1.0,
54,0,178,822,1.0,
55,0,172,828,1.0,
56,0,164,836,1.0,
57,0,156,844,1.0,
58,0,146,854,1.0,
59,0,141,859,1.0,
60,0,138,862,1.0,
61,0,129,871,1.0,
62,0,124,876,1.0,
63,0,119,881,1.0,
64,0,111,889,1.0,
65,0,106,894,1.0,
66,0,102,898,1.0,
67,0,94,906,1.0,
68,0,87,913,1.0,
69,0,85,915,1.0,
70,0,80,920,1.0,
71,0,75,925,1.0,
72,0,75,925,1.0,
73,0,70,930,1.0,
74,0,66,934,1.0,
75,0,63,937,1.0,
76,0,60,940,1.0,
77,0,58,942,1.0,
78,0,55,945,1.0,
79,0,53,947,1.0,
80,0,51,949,1.0,
81,0,50,950,1.0,
82,0,50,950,1.0,
83,0,48,952,1.0,
84,0,48,952,1.0,
85,0,48,952,1.0,
86,0,47,953,1.0,
87,0,44,956,1.0,
88,0,40,960,1.0,
89,0,38,962,1.0,
90,0,35,965,1.0,
91,0,34,966,1.0,
92,0,34,966,1.0,
93,0,33,967,1.0,
94,0,30,970,1.0,
95,0,29,971,1.0,
96,0,29,971,1.0,
97,0,27,973,1.0,
98,0,27,973,1.0,
99,0,25,975,1.0,
100,0,24,976,1.0,
101,0,23,977,1.0,
102,0,23,977,1.0,
103,0,22,978,1.0,
104,0,22,978,1.0,
105,0,22,978,1.0,
106,0,22,978,1.0,
107,0,21,979,1.0,
108,0,20,980,1.0,
109,0,20,980,1.0,
110,0,20,980,1.0,
111,0,19,981,1.0,
112,0,18,982,1.0,
113,0,15,985,1.0,
114,0,14,986,1.0,
115,0,13,987,1.0,
116,0,13,987,1.0,
117,0,12,988,1.0,
118,0,11,989,1.0,
119,0,11,989,1.0,
120,0,10,990,1.0,
121,0,10,990,1.0,
122,0,10,990,1.0,
123,0,9,991,1.0,
124,0,9,991,1.0,
125,0,9,991,1.0,
126,0,9,991,1.0,
127,0,9,991,1.0,
128,0,9,991,1.0,
129,0,9,991,1.0,
130,0,8,992,1.0,
131,0,8,992,1.0,
132,0,8,992,1.0,
133,0,7,993,1.0,
134,0,7,993,1.0,
135,0,7,993,1.0,
136,0,7,993,1.0,
137,0,7,993,1.0,
138,0,7,993,1.0,
139,0,6,994,1.0,
140,0,6,994,1.0,
141,0,6,994,1.0,
142,0,6,994,1.0,
143,0,6,994,1.0,
144,0,6,994,1.0,
145,0,6,994,1.0,
146,0,6,994,1.0,
147,0,6,994,1.0,
148,0,6,994,1.0,
149,0,6,994,1.0,
150,0,5,995,1.0,
151,0,5,995,1.0,
152,0,5,995,1.0,
153,0,5,995,1.0,
154,0,5,995,1.0,
155,0,5,995,1.0,
156,0,5,995,1.0,
157,0,5,995,1.0,
158,0,5,995,1.0,
159,0,5,995,1.0,
160,0,5,995,1.0,
161,0,5,995,1.0,
162,0,5,995,1.0,
163,0,4,996,1.0,
164,0,4,996,1.0,
165,0,4,996,1.0,
166,0,4,996,1.0,
167,0,4,996,1.0,
168,0,4,996,1.0,
169,0,3,997,1.0,
170,0,3,997,1.0,
171,0,3,997,1.0,
172,0,3,997,1.0,
173,0,3,997,1.0,
174,0,3,997,1.0,
175,0,3,997,1.0,
176,0,3,997,1.0,
177,0,3,997,1.0,
178,0,3,997,1.0,
179,0,3,997,1.0,
180,0,3,997,1.0,
181,0,3,997,1.0,
182,0,3,997,1.0,
183,0,3,997,1.0,
184,0,3,997,1.0,
185,0,3,997,1.0,
186,0,3,997,1.0,
187,0,3,997,1.0,
188,0,3,997,1.0,
189,0,2,998,1.0,
190,0,2,998,1.0,
191,0,2,998,1.0,
192,0,2,998,1.0,
193,0,2,998,1.0,
194,0,2,998,1.0,
195,0,2,998,1.0,
196,0,2,998,1.0,
197,0,2,998,1.0,
198,0,2,998,1.0,
199,0,2,998,1.0,
200,0,2,998,1.0,
1,998,2,0,0.9984545454545455,1.0
2,998,2,0,0.9984545454545455,1.0
3,997,3,0,0.9973636363636363,0.9994519179204199
4,993,7,0,0.9933181818181818,0.9974064973553944
5,985,15,0,0.9858636363636364,0.9935956488937459
6,977,21,2,0.9811363636363636,0.9911012794269476
7,955,39,6,0.9672272727272727,0.9835914720937958
8,921,72,7,0.9328181818181818,0.9643089066282609
9,873,117,10,0.8858636363636364,0.9354162565472561
10,811,174,15,0.8332272727272727,0.8980388105035507
11,741,241,18,0.7841363636363636,0.8551702807419902
12,628,339,33,0.7475909090909091,0.800118332854298
13,501,441,58,0.7510454545454546,0.7519657690111179
14,382,543,75,0.7946818181818182,0.7304520175285396
15,254,644,102,0.8739090909090909,0.7498226278419954
16,126,735,139,0.954590909090909,0.8159024018444774
17,35,797,168,0.9919545454545454,0.8808083933711308
18,13,782,205,0.9965909090909091,0.8611541817928086
19,3,760,237,0.9986818181818182,0.7656766776737528
20,1,733,266,0.9994090909090909,0.6910152588964367
21,1,708,291,0.9994090909090909,0.6910152588964367
22,1,662,337,0.9994090909090909,0.6910152588964367
23,1,640,359,0.9994090909090909,0.6910152588964367
24,1,621,378,0.9994090909090909,0.6910152588964367
25,0,588,412,1.0,
26,0,566,434,1.0,
27,0,543,457,1.0,
28,0,519,481,1.0,
29,0,499,501,1.0,
30,0,485,515,1.0,
31,0,467,533,1.0,
32,0,450,550,1.0,
33,0,442,558,1.0,
34,0,427,573,1.0,
35,0,410,590,1.0,
36,0,389,611,1.0,
37,0,374,626,1.0,
38,0,360,640,1.0,
39,0,343,657,1.0,
40,0,328,672,1.0,
41,0,315,685,1.0,
42,0,299,701,1.0,
43,0,283,717,1.0,
44,0,271,729,1.0,
45,0,258,742,1.0,
46,0,247,753,1.0,
47,0,232,768,1.0,
48,0,222,778,1.0,
49,0,219,781,1.0,
50,0,210,790,1.0,
51,0,203,797,1.0,
52,0,197,803,1.0,
53,0,191,809,1.0,
54,0,182,818,1.0,
55,0,176,824,1.0,
56,0,168,832,1.0,
57,0,160,840,1.0,
58,0,155,845,1.0,
59,0,150,850,1.0,
60,0,147,853,1.0,
61,0,142,858,1.0,
62,0,138,862,1.0,
63,0,134,866,1.0,
64,0,127,873,1.0,
65,0,122,878,1.0,
66,0,118,882,1.0,
67,0,112,888,1.0,
68,0,107,893,1.0,
69,0,102,898,1.0,
70,0,97,903,1.0,
71,0,93,907,1.0,
72,0,90,910,1.0,
73,0,87,913,1.0,
74,0,81,919,1.0,
75,0,79,921,1.0,
76,0,71,929,1.0,
77,0,67,933,1.0,
78,0,67,933,1.0,
79,0,64,936,1.0,
80,0,61,939,1.0,
81,0,57,943,1.0,
82,0,55,945,1.0,
83,0,51,949,1.0,
84,0,49,951,1.0,
85,0,46,954,1.0,
86,0,42,958,1.0,
87,0,38,962,1.0,
88,0,35,965,1.0,
89,0,32,968,1.0,
90,0,31,969,1.0,
91,0,31,969,1.0,
92,0,30,970,1.0,
93,0,30,970,1.0,
94,0,30,970,1.0,
95,0,29,971,1.0,
96,0,27,973,1.0,
97,0,26,974,1.0,
98,0,23,977,1.0,
99,0,23,977,1.0,
100,0,23,977,1.0,
101,0,23,977,1.0,
102,0,22,978,1.0,
103,0,22,978,1.0,
104,0,22,978,1.0,
105,0,21,979,1.0,
106,0,20,980,1.0,
107,0,19,981,1.0,
108,0,19,981,1.0,
109,0,18,982,1.0,
110,0,15,985,1.0,
111,0,14,986,1.0,
112,0,14,986,1.0,
113,0,12,988,1.0,
114,0,12,988,1.0,
115,0,12,988,1.0,
116,0,11,989,1.0,
117,0,9,991,1.0,
118,0,9,991,1.0,
119,0,9,991,1.0,
120,0,9,991,1.0,
121,0,7,993,1.0,
122,0,7,993,1.0,
123,0,7,993,1.0,
124,0,7,993,1.0,
125,0,7,993,1.0,
126,0,6,994,1.0,
127,0,6,994,1.0,
128,0,6,994,1.0,
129,0,6,994,1.0,
130,0,6,994,1.0,
131,0,5,995,1.0,
132,0,5,995,1.0,
133,0,5,995,1.0,
134,0,5,995,1.0,
135,0,5,995,1.0,
136,0,5,995,1.0,
137,0,5,995,1.0,
138,0,3,997,1.0,
139,0,3,997,1.0,
140,0,3,997,1.0,
141,0,3,997,1.0,
142,0,3,997,1.0,
143,0,3,997,1.0,
144,0,3,997,1.0,
145,0,3,997,1.0,
146,0,3,997,1.0,
147,0,3,997,1.0,
148,0,2,998,1.0,
149,0,2,998,1.0,
150,0,2,998,1.0,
151,0,2,998,1.0,
152,0,2,998,1.0,
153,0,2,998,1.0,
154,0,2,998,1.0,
155,0,2,998,1.0,
156,0,2,998,1.0,
157,0,2,998,1.0,
158,0,2,998,1.0,
159,0,2,998,1.0,
160,0,2,998,1.0,
161,0,2,998,1.0,
162,0,2,998,1.0,
163,0,2,998,1.0,
164,0,2,998,1.0,
165,0,2,998,1.0,
166,0,2,998,1.0,
167,0,2,998,1.0,
168,0,2,998,1.0,
169,0,2,998,1.0,
170,0,2,998,1.0,
171,0,1,999,1.0,
172,0,1,999,1.0,
173,0,1,999,1.0,
174,0,1,999,1.0,
175,0,1,999,1.0,
176,0,1,999,1.0,
177,0,1,999,1.0,
178,0,1,999,1.0,
179,0,1,999,1.0,
180,0,1,999,1.0,
181,0,1,999,1.0,
182,0,1,999,1.0,
183,0,1,999,1.0,
184,0,1,999,1.0,
185,0,1,999,1.0,
186,0,1,999,1.0,
187,0,1,999,1.0,
188,0,1,999,1.0,
189,0,1,999,1.0,
190,0,1,999,1.0,
191,0,1,999,1.0,
192,0,1,999,1.0,
193,0,1,999,1.0,
194,0,1,999,1.0,
195,0,1,999,1.0,
196,0,1,999,1.0,
197,0,1,999,1.0,
198,0,1,999,1.0,
199,0,1,999,1.0,
200,0,1,999,1.0,
1,997,2,1,0.9986818181818182,1.0
2,993,6,1,0.9946363636363637,0.9979453360934475
3,988,10,2,0.9914090909090909,0.9963191903906333
4,979,19,2,0.983,0.9919983890630125
5,969,29,2,0.9750909090909091,0.987800121529158
6,953,44,3,0.9613636363636363,0.9803897944541404
7,927,65,8,0.9457272727272727,0.9714371139405255
8,887,98,15,0.9218636363636363,0.9566574725663424
9,815,166,19,0.8621363636363636,0.9160344687834875
10,745,223,32,0.8218636363636364,0.8808753562846022
11,648,306,46,0.7737272727272727,0.8254676864137295
12,534,399,67,0.7599545454545454,0.774804954941295
13,425,486,89,0.7825454545454545,0.7427837865548202
14,310,569,121,0.834590909090909,0.7315190526421943
15,211,645,144,0.8916818181818181,0.7405420567013529
16,101,731,168,0.9573636363636364,0.7870741912497622
17,39,763,198,0.9886363636363636,0.8538203857738975
18,16,759,225,0.9961363636363636,0.8773551373796034
19,3,738,259,0.9996363636363637,0.939617464891803
20,0,711,289,1.0,
21,0,685,315,1.0,
22,0,648,352,1.0,
23,0,622,378,1.0,
24,0,594,406,1.0,
25,0,565,435,1.0,
26,0,542,458,1.0,
27,0,523,477,1.0,
28,0,494,506,1.0,
29,0,470,530,1.0,
30,0,454,546,1.0,
31,0,432,568,1.0,
32,0,423,577,1.0,
33,0,412,588,1.0,
34,0,392,608,1.0,
35,0,376,624,1.0,
36,0,365,635,1.0,
37,0,350,650,1.0,
38,0,338,662,1.0,
39,0,329,671,1.0,
40,0,309,691,1.0,
41,0,296,704,1.0,
42,0,283,717,1.0,
43,0,274,726,1.0,
44,0,262,738,1.0,
45,0,257,743,1.0,
46,0,248,752,1.0,
47,0,240,760,1.0,
48,0,225,775,1.0,
49,0,218,782,1.0,
50,0,213,787,1.0,
51,0,209,791,1.0,
52,0,206,794,1.0,
53,0,201,799,1.0,
54,0,193,807,1.0,
55,0,181,819,1.0,
56,0,177,823,1.0,
57,0,170,830,1.0,
58,0,166,834,1.0,
59,0,161,839,1.0,
60,0,156,844,1.0,
61,0,150,850,1.0,
62,0,138,862,1.0,
63,0,130,870,1.0,
64,0,124,876,1.0,
65,0,119,881,1.0,
66,0,115,885,1.0,
67,0,114,886,1.0,
68,0,106,894,1.0,
69,0,102,898,1.0,
70,0,99,901,1.0,
71,0,98,902,1.0,
72,0,95,905,1.0,
73,0,92,908,1.0,
74,0,89,911,1.0,
75,0,86,914,1.0,
76,0,85,915,1.0,
77,0,81,919,1.0,
78,0,77,923,1.0,
79,0,70,930,1.0,
80,0,69,931,1.0,
81,0,66,934,1.0,
82,0,63,937,1.0,
83,0,60,940,1.0,
84,0,59,941,1.0,
85,0,56,944,1.0,
86,0,53,947,1.0,
87,0,50,950,1.0,
88,0,47,953,1.0,
89,0,45,955,1.0,
90,0,45,955,1.0,
91,0,44,956,1.0,
92,0,44,956,1.0,
93,0,41,959,1.0,
94,0,40,960,1.0,
95,0,39,961,1.0,
96,0,37,963,1.0,
97,0,36,964,1.0,
98,0,33,967,1.0,
99,0,33,967,1.0,
100,0,33,967,1.0,
101,0,31,969,1.0,
102,0,27,973,1.0,
103,0,25,975,1.0,
104,0,24,976,1.0,
105,0,21,979,1.0,
106,0,20,980,1.0,
107,0,19,981,1.0,
108,0,18,982,1.0,
109,0,18,982,1.0,
110,0,15,985,1.0,
111,0,14,986,1.0,
112,0,14,986,1.0,
113,0,13,987,1.0,
114,0,13,987,1.0,
115,0,12,988,1.0,
116,0,12,988,1.0,
117,0,11,989,1.0,
118,0,11,989,1.0,
119,0,11,989,1.0,
120,0,10,990,1.0,
121,0,10,990,1.0,
122,0,10,990,1.0,
123,0,9,991,1.0,
124,0,7,993,1.0,
125,0,7,993,1.0,
126,0,6,994,1.0,
127,0,6,994,1.0,
128,0,5,995,1.0,
129,0,5,995,1.0,
130,0,5,995,1.0,
131,0,5,995,1.0,
132,0,5,995,1.0,
133,0,5,995,1.0,
134,0,4,996,1.0,
135,0,4,996,1.0,
136,0,3,997,1.0,
137,0,3,997,1.0,
138,0,3,997,1.0,
139,0,3,997,1.0,
140,0,3,997,1.0,
141,0,3,997,1.0,
142,0,3,997,1.0,
143,0,3,997,1.0,
144,0,3,997,1.0,
145,0,3,997,1.0,
146,0,3,997,1.0,
147,0,3,997,1.0,
148,0,2,998,1.0,
149,0,2,998,1.0,
150,0,2,998,1.0,
151,0,2,998,1.0,
152,0,2,998,1.0,
153,0,2,998,1.0,
154,0,2,998,1.0,
155,0,2,998,1.0,
156,0,2,998,1.0,
157,0,2,998,1.0,
158,0,2,998,1.0,
159,0,1,999,1.0,
160,0,1,999,1.0,
161,0,1,999,1.0,
162,0,1,999,1.0,
163,0,1,999,1.0,
164,0,1,999,1.0,
165,0,1,999,1.0,
166,0,1,999,1.0,
167,0,1,999,1.0,
168,0,1,999,1.0,
169,0,1,999,1.0,
170,0,1,999,1.0,
171,0,1,999,1.0,
172,0,1,999,1.0,
173,0,1,999,1.0,
174,0,1,999,1.0,
175,0,1,999,1.0,
176,0,1,999,1.0,
177,0,1,999,1.0,
178,0,1,999,1.0,
179,0,1,999,1.0,
180,0,1,999,1.0,
181,0,1,999,1.0,
182,0,1,999,1.0,
183,0,1,999,1.0,
184,0,1,999,1.0,
185,0,1,999,1.0,
186,0,1,999,1.0,
187,0,1,999,1.0,
188,0,0,1000,1.0,
189,0,0,1000,1.0,
190,0,0,1000,1.0,
191,0,0,1000,1.0,
192,0,0,1000,1.0,
193,0,0,1000,1.0,
194,0,0,1000,1.0,
195,0,0,1000,1.0,
196,0,0,1000,1.0,
197,0,0,1000,1.0,
198,0,0,1000,1.0,
199,0,0,1000,1.0,
200,0,0,1000,1.0,
