day,s,i,r,edgecount,suscedgecount
1,496,4,0,0.9924545454545455,0.9961940086823888
2,491,8,1,0.9843636363636363,0.9920359477955354
3,486,12,2,0.9757272727272728,0.9875216861963045
4,480,17,3,0.9631818181818181,0.9808167106388164
5,469,27,4,0.9462727272727273,0.9713467205338342
6,457,35,8,0.9352727272727273,0.9645427000080975
7,439,50,11,0.9230909090909091,0.9561286509191876
8,419,67,14,0.9147272727272727,0.9489694503119126
9,392,88,20,0.9099090909090909,0.942372086799323
10,361,117,22,0.8942727272727272,0.9265497848795005
11,324,144,32,0.8949090909090909,0.9188035859574091
12,290,174,36,0.9027272727272727,0.9162302937598685
13,248,207,45,0.9021818181818182,0.9015999448927572
14,212,236,52,0.9128181818181819,0.8973262257345642
15,175,264,61,0.9179090909090909,0.8825544769304947
16,142,284,74,0.913,0.8468654308592878
17,103,308,89,0.9265454545454546,0.8219826113417759
18,78,323,99,0.9415454545454546,0.8128626251477615
19,46,343,111,0.9597272727272728,0.7808718365791826
20,26,345,129,0.9715454545454546,0.7262533949591583
21,15,343,142,0.987,0.7830112380971834
22,3,345,152,0.9994545454545455,0.9548748353096178
23,1,326,173,1.0,1.0
24,0,312,188,1.0,
25,0,299,201,1.0,
26,0,285,215,1.0,
27,0,275,225,1.0,
28,0,265,235,1.0,
29,0,254,246,1.0,
30,0,247,253,1.0,
31,0,240,260,1.0,
32,0,233,267,1.0,
33,0,223,277,1.0,
34,0,209,291,1.0,
35,0,202,298,1.0,
36,0,201,299,1.0,
37,0,195,305,1.0,
38,0,189,311,1.0,
39,0,180,320,1.0,
40,0,176,324,1.0,
41,0,173,327,1.0,
42,0,168,332,1.0,
43,0,161,339,1.0,
44,0,152,348,1.0,
45,0,149,351,1.0,
46,0,145,355,1.0,
47,0,141,359,1.0,
48,0,134,366,1.0,
49,0,126,374,1.0,
50,0,123,377,1.0,
51,0,116,384,1.0,
52,0,111,389,1.0,
53,0,108,392,1.0,
54,0,106,394,1.0,
55,0,102,398,1.0,
56,0,100,400,1.0,
57,0,98,402,1.0,
58,0,97,403,1.0,
59,0,92,408,1.0,
60,0,90,410,1.0,
61,0,83,417,1.0,
62,0,79,421,1.0,
63,0,77,423,1.0,
64,0,72,428,1.0,
65,0,67,433,1.0,
66,0,63,437,1.0,
67,0,62,438,1.0,
68,0,61,439,1.0,
69,0,57,443,1.0,
70,0,56,444,1.0,
71,0,54,446,1.0,
72,0,51,449,1.0,
73,0,48,452,1.0,
74,0,46,454,1.0,
75,0,46,454,1.0,
76,0,46,454,1.0,
77,0,43,457,1.0,
78,0,43,457,1.0,
79,0,43,457,1.0,
80,0,43,457,1.0,
81,0,42,458,1.0,
82,0,40,460,1.0,
83,0,40,460,1.0,
84,0,40,460,1.0,
85,0,38,462,1.0,
86,0,35,465,1.0,
87,0,33,467,1.0,
88,0,33,467,1.0,
89,0,32,468,1.0,
90,0,31,469,1.0,
91,0,27,473,1.0,
92,0,27,473,1.0,
93,0,24,476,1.0,
94,0,23,477,1.0,
95,0,22,478,1.0,
96,0,21,479,1.0,
97,0,20,480,1.0,
98,0,18,482,1.0,
99,0,17,483,1.0,
100,0,16,484,1.0,
101,0,16,484,1.0,
102,0,15,485,1.0,
103,0,14,486,1.0,
104,0,12,488,1.0,
105,0,12,488,1.0,
106,0,12,488,1.0,
107,0,12,488,1.0,
108,0,12,488,1.0,
109,0,11,489,1.0,
110,0,11,489,1.0,
111,0,11,489,1.0,
112,0,10,490,1.0,
113,0,8,492,1.0,
114,0,8,492,1.0,
115,0,7,493,1.0,
116,0,6,494,1.0,
117,0,6,494,1.0,
118,0,6,494,1.0,
119,0,4,496,1.0,
120,0,3,497,1.0,
121,0,3,497,1.0,
122,0,3,497,1.0,
123,0,3,497,1.0,
124,0,3,497,1.0,
125,0,3,497,1.0,
126,0,3,497,1.0,
127,0,3,497,1.0,
128,0,3,497,1.0,
129,0,3,497,1.0,
130,0,3,497,1.0,
131,0,3,497,1.0,
132,0,3,497,1.0,
133,0,3,497,1.0,
134,0,3,497,1.0,
135,0,2,498,1.0,
136,0,2,498,1.0,
137,0,2,498,1.0,
138,0,2,498,1.0,
139,0,2,498,1.0,
140,0,2,498,1.0,
141,0,2,498,1.0,
142,0,2,498,1.0,
143,0,2,498,1.0,
144,0,2,498,1.0,
145,0,2,498,1.0,
146,0,1,499,1.0,
147,0,1,499,1.0,
148,0,1,499,1.0,
149,0,1,499,1.0,
150,0,1,499,1.0,
151,0,1,499,1.0,
152,0,1,499,1.0,
153,0,1,499,1.0,
154,0,1,499,1.0,
155,0,1,499,1.0,
156,0,1,499,1.0,
157,0,1,499,1.0,
158,0,1,499,1.0,
159,0,1,499,1.0,
160,0,1,499,1.0,
161,0,1,499,1.0,
162,0,1,499,1.0,
163,0,1,499,1.0,
164,0,1,499,1.0,
165,0,1,499,1.0,
166,0,1,499,1.0,
167,0,1,499,1.0,
168,0,1,499,1.0,
169,0,0,500,1.0,
170,0,0,500,1.0,
171,0,0,500,1.0,
172,0,0,500,1.0,
173,0,0,500,1.0,
174,0,0,500,1.0,
175,0,0,500,1.0,
176,0,0,500,1.0,
177,0,0,500,1.0,
178,0,0,500,1.0,
179,0,0,500,1.0,
180,0,0,500,1.0,
181,0,0,500,1.0,
182,0,0,500,1.0,
183,0,0,500,1.0,
184,0,0,500,1.0,
185,0,0,500,1.0,
186,0,0,500,1.0,
187,0,0,500,1.0,
188,0,0,500,1.0,
189,0,0,500,1.0,
190,0,0,500,1.0,
191,0,0,500,1.0,
192,0,0,500,1.0,
193,0,0,500,1.0,
194,0,0,500,1.0,
195,0,0,500,1.0,
196,0,0,500,1.0,
197,0,0,500,1.0,
198,0,0,500,1.0,
199,0,0,500,1.0,
200,0,0,500,1.0,
1,497,3,0,0.9940909090909091,0.997028554852343
2,495,5,0,0.990909090909091,0.9954111324972618
3,488,11,1,0.9764545454545455,0.9879147126015441
4,474,23,3,0.9588181818181818,0.9782636655428395
5,458,37,5,0.947,0.9710327859727189
6,438,54,8,0.9307272727272727,0.9604542994811981
7,415,76,9,0.932,0.9590510383248576
8,395,91,14,0.929,0.95511720510543
9,369,116,15,0.9210909090909091,0.9466046028678071
10,332,146,22,0.8998181818181819,0.924456578650909
11,298,175,27,0.8698181818181818,0.8906295923079536
12,267,200,33,0.8391818181818181,0.8490873791711092
13,233,229,38,0.8160909090909091,0.8022627432622356
14,184,268,48,0.8176363636363636,0.751634565720764
15,131,301,68,0.8657272727272727,0.7432421246023543
16,83,335,82,0.9182727272727272,0.753130618939456
17,45,359,96,0.9649090909090909,0.8050934206040373
18,16,373,111,0.9940909090909091,0.907526573878318
19,4,368,128,1.0,1.0
20,0,359,141,1.0,
21,0,343,157,1.0,
22,0,329,171,1.0,
23,0,318,182,1.0,
24,0,306,194,1.0,
25,0,293,207,1.0,
26,0,282,218,1.0,
27,0,271,229,1.0,
28,0,264,236,1.0,
29,0,253,247,1.0,
30,0,244,256,1.0,
31,0,234,266,1.0,
32,0,227,273,1.0,
33,0,221,279,1.0,
34,0,205,295,1.0,
35,0,195,305,1.0,
36,0,188,312,1.0,
37,0,181,319,1.0,
38,0,174,326,1.0,
39,0,169,331,1.0,
40,0,162,338,1.0,
41,0,155,345,1.0,
42,0,150,350,1.0,
43,0,147,353,1.0,
44,0,136,364,1.0,
45,0,131,369,1.0,
46,0,126,374,1.0,
47,0,118,382,1.0,
48,0,109,391,1.0,
49,0,105,395,1.0,
50,0,101,399,1.0,
51,0,97,403,1.0,
52,0,95,405,1.0,
53,0,90,410,1.0,
54,0,85,415,1.0,
55,0,82,418,1.0,
56,0,79,421,1.0,
57,0,77,423,1.0,
58,0,74,426,1.0,
59,0,72,428,1.0,
60,0,70,430,1.0,
61,0,69,431,1.0,
62,0,65,435,1.0,
63,0,63,437,1.0,
64,0,60,440,1.0,
65,0,58,442,1.0,
66,0,56,444,1.0,
67,0,52,448,1.0,
68,0,52,448,1.0,
69,0,49,451,1.0,
70,0,48,452,1.0,
71,0,46,454,1.0,
72,0,42,458,1.0,
73,0,40,460,1.0,
74,0,38,462,1.0,
75,0,33,467,1.0,
76,0,32,468,1.0,
77,0,30,470,1.0,
78,0,30,470,1.0,
79,0,30,470,1.0,
80,0,28,472,1.0,
81,0,26,474,1.0,
82,0,25,475,1.0,
83,0,22,478,1.0,
84,0,22,478,1.0,
85,0,21,479,1.0,
86,0,19,481,1.0,
87,0,18,482,1.0,
88,0,18,482,1.0,
89,0,17,483,1.0,
90,0,17,483,1.0,
91,0,17,483,1.0,
92,0,17,483,1.0,
93,0,16,484,1.0,
94,0,16,484,1.0,
95,0,14,486,1.0,
96,0,14,486,1.0,
97,0,14,486,1.0,
98,0,13,487,1.0,
99,0,13,487,1.0,
100,0,12,488,1.0,
101,0,11,489,1.0,
102,0,10,490,1.0,
103,0,9,491,1.0,
104,0,9,491,1.0,
105,0,9,491,1.0,
106,0,9,491,1.0,
107,0,9,491,1.0,
108,0,9,491,1.0,
109,0,8,492,1.0,
110,0,7,493,1.0,
111,0,7,493,1.0,
112,0,6,494,1.0,
113,0,6,494,1.0,
114,0,5,495,1.0,
115,0,5,495,1.0,
116,0,4,496,1.0,
117,0,3,497,1.0,
118,0,3,497,1.0,
119,0,3,497,1.0,
120,0,2,498,1.0,
121,0,2,498,1.0,
122,0,2,498,1.0,
123,0,2,498,1.0,
124,0,2,498,1.0,
125,0,2,498,1.0,
126,0,2,498,1.0,
127,0,2,498,1.0,
128,0,2,498,1.0,
129,0,2,498,1.0,
130,0,2,498,1.0,
131,0,1,499,1.0,
132,0,1,499,1.0,
133,0,1,499,1.0,
134,0,1,499,1.0,
135,0,1,499,1.0,
136,0,1,499,1.0,
137,0,1,499,1.0,
138,0,1,499,1.0,
139,0,1,499,1.0,
140,0,1,499,1.0,
141,0,1,499,1.0,
142,0,1,499,1.0,
143,0,1,499,1.0,
144,0,1,499,1.0,
145,0,1,499,1.0,
146,0,1,499,1.0,
147,0,1,499,1.0,
148,0,1,499,1.0,
149,0,1,499,1.0,
150,0,1,499,1.0,
151,0,1,499,1.0,
152,0,1,499,1.0,
153,0,1,499,1.0,
154,0,1,499,1.0,
155,0,1,499,1.0,
156,0,1,499,1.0,
157,0,1,499,1.0,
158,0,1,499,1.0,
159,0,1,499,1.0,
160,0,1,499,1.0,
161,0,1,499,1.0,
162,0,1,499,1.0,
163,0,1,499,1.0,
164,0,1,499,1.0,
165,0,1,499,1.0,
166,0,1,499,1.0,
167,0,1,499,1.0,
168,0,1,499,1.0,
169,0,1,499,1.0,
170,0,1,499,1.0,
171,0,1,499,1.0,
172,0,1,499,1.0,
173,0,1,499,1.0,
174,0,1,499,1.0,
175,0,1,499,1.0,
176,0,1,499,1.0,
177,0,1,499,1.0,
178,0,1,499,1.0,
179,0,1,499,1.0,
180,0,1,499,1.0,
181,0,1,499,1.0,
182,0,1,499,1.0,
183,0,1,499,1.0,
184,0,1,499,1.0,
185,0,1,499,1.0,
186,0,1,499,1.0,
187,0,1,499,1.0,
188,0,1,499,1.0,
189,0,1,499,1.0,
190,0,1,499,1.0,
191,0,1,499,1.0,
192,0,1,499,1.0,
193,0,1,499,1.0,
194,0,1,499,1.0,
195,0,1,499,1.0,
196,0,1,499,1.0,
197,0,1,499,1.0,
198,0,1,499,1.0,
199,0,1,499,1.0,
200,0,1,499,1.0,
1,497,3,0,0.9945454545454545,1.0
2,495,5,0,0.9905454545454545,0.9979541982189355
3,489,11,0,0.9764545454545455,0.9906571378726693
4,485,14,1,0.9704545454545455,0.9874549085205094
5,476,22,2,0.9552727272727273,0.9792144123280557
6,469,29,2,0.9448181818181818,0.9732760624743377
7,461,32,7,0.9427272727272727,0.9716379461256007
8,450,41,9,0.9333636363636364,0.9656685362825913
9,436,54,10,0.9193636363636364,0.9564405585177729
10,415,72,13,0.9005454545454545,0.9427692239555981
11,385,99,16,0.902090909090909,0.9390725334533752
12,355,122,23,0.9106363636363637,0.9397255977808295
13,322,147,31,0.8995454545454545,0.9246650038241327
14,283,177,40,0.8799090909090909,0.8965131696929451
15,250,202,48,0.8792727272727273,0.8817295832226605
16,212,227,61,0.8785454545454545,0.8591689481877934
17,175,252,73,0.8788181818181818,0.8291405616667643
18,143,278,79,0.8959090909090909,0.820251115546122
19,100,305,95,0.917,0.7948302060797391
20,73,317,110,0.9280909090909091,0.7559017555061611
21,54,323,123,0.9419090909090909,0.7335710925945353
22,35,331,134,0.9635454545454546,0.7416449035300986
23,23,326,151,0.978909090909091,0.7723667519462111
24,7,325,168,0.9969090909090909,0.8925678054237908
25,2,318,180,0.9997272727272727,0.968319879921541
26,0,306,194,1.0,
27,0,292,208,1.0,
28,0,284,216,1.0,
29,0,275,225,1.0,
30,0,264,236,1.0,
31,0,254,246,1.0,
32,0,246,254,1.0,
33,0,234,266,1.0,
34,0,228,272,1.0,
35,0,221,279,1.0,
36,0,216,284,1.0,
37,0,207,293,1.0,
38,0,201,299,1.0,
39,0,191,309,1.0,
40,0,186,314,1.0,
41,0,178,322,1.0,
42,0,168,332,1.0,
43,0,163,337,1.0,
44,0,161,339,1.0,
45,0,155,345,1.0,
46,0,148,352,1.0,
47,0,142,358,1.0,
48,0,135,365,1.0,
49,0,133,367,1.0,
50,0,129,371,1.0,
51,0,126,374,1.0,
52,0,123,377,1.0,
53,0,117,383,1.0,
54,0,114,386,1.0,
55,0,110,390,1.0,
56,0,103,397,1.0,
57,0,99,401,1.0,
58,0,93,407,1.0,
59,0,88,412,1.0,
60,0,84,416,1.0,
61,0,82,418,1.0,
62,0,75,425,1.0,
63,0,72,428,1.0,
64,0,72,428,1.0,
65,0,70,430,1.0,
66,0,68,432,1.0,
67,0,65,435,1.0,
68,0,65,435,1.0,
69,0,62,438,1.0,
70,0,59,441,1.0,
71,0,56,444,1.0,
72,0,52,448,1.0,
73,0,50,450,1.0,
74,0,50,450,1.0,
75,0,47,453,1.0,
76,0,46,454,1.0,
77,0,45,455,1.0,
78,0,45,455,1.0,
79,0,43,457,1.0,
80,0,40,460,1.0,
81,0,39,461,1.0,
82,0,35,465,1.0,
83,0,34,466,1.0,
84,0,31,469,1.0,
85,0,31,469,1.0,
86,0,31,469,1.0,
87,0,30,470,1.0,
88,0,30,470,1.0,
89,0,30,470,1.0,
90,0,29,471,1.0,
91,0,29,471,1.0,
92,0,29,471,1.0,
93,0,27,473,1.0,
94,0,27,473,1.0,
95,0,25,475,1.0,
96,0,23,477,1.0,
97,0,23,477,1.0,
98,0,22,478,1.0,
99,0,21,479,1.0,
100,0,16,484,1.0,
101,0,15,485,1.0,
102,0,14,486,1.0,
103,0,14,486,1.0,
104,0,13,487,1.0,
105,0,13,487,1.0,
106,0,12,488,1.0,
107,0,12,488,1.0,
108,0,12,488,1.0,
109,0,12,488,1.0,
110,0,12,488,1.0,
111,0,12,488,1.0,
112,0,12,488,1.0,
113,0,10,490,1.0,
114,0,10,490,1.0,
115,0,9,491,1.0,
116,0,9,491,1.0,
117,0,9,491,1.0,
118,0,9,491,1.0,
119,0,9,491,1.0,
120,0,9,491,1.0,
121,0,7,493,1.0,
122,0,7,493,1.0,
123,0,7,493,1.0,
124,0,7,493,1.0,
125,0,7,493,1.0,
126,0,6,494,1.0,
127,0,6,494,1.0,
128,0,6,494,1.0,
129,0,6,494,1.0,
130,0,6,494,1.0,
131,0,6,494,1.0,
132,0,4,496,1.0,
133,0,4,496,1.0,
134,0,3,497,1.0,
135,0,3,497,1.0,
136,0,3,497,1.0,
137,0,3,497,1.0,
138,0,3,497,1.0,
139,0,3,497,1.0,
140,0,3,497,1.0,
141,0,3,497,1.0,
142,0,3,497,1.0,
143,0,3,497,1.0,
144,0,3,497,1.0,
145,0,3,497,1.0,
146,0,3,497,1.0,
147,0,3,497,1.0,
148,0,3,497,1.0,
149,0,3,497,1.0,
150,0,3,497,1.0,
151,0,3,497,1.0,
152,0,3,497,1.0,
153,0,3,497,1.0,
154,0,3,497,1.0,
155,0,3,497,1.0,
156,0,3,497,1.0,
157,0,3,497,1.0,
158,0,3,497,1.0,
159,0,3,497,1.0,
160,0,3,497,1.0,
161,0,3,497,1.0,
162,0,3,497,1.0,
163,0,3,497,1.0,
164,0,3,497,1.0,
165,0,3,497,1.0,
166,0,3,497,1.0,
167,0,3,497,1.0,
168,0,2,498,1.0,
169,0,2,498,1.0,
170,0,2,498,1.0,
171,0,2,498,1.0,
172,0,2,498,1.0,
173,0,2,498,1.0,
174,0,1,499,1.0,
175,0,1,499,1.0,
176,0,1,499,1.0,
177,0,1,499,1.0,
178,0,1,499,1.0,
179,0,1,499,1.0,
180,0,1,499,1.0,
181,0,1,499,1.0,
182,0,1,499,1.0,
183,0,1,499,1.0,
184,0,1,499,1.0,
185,0,1,499,1.0,
186,0,1,499,1.0,
187,0,1,499,1.0,
188,0,1,499,1.0,
189,0,1,499,1.0,
190,0,1,499,1.0,
191,0,1,499,1.0,
192,0,1,499,1.0,
193,0,1,499,1.0,
194,0,1,499,1.0,
195,0,1,499,1.0,
196,0,1,499,1.0,
197,0,1,499,1.0,
198,0,1,499,1.0,
199,0,1,499,1.0,
200,0,1,499,1.0,
1,496,4,0,0.9926363636363637,1.0
2,489,11,0,0.9770909090909091,0.9919908748584845
3,483,17,0,0.9659090909090909,0.9860716200995765
4,470,30,0,0.9446363636363636,0.9742813178674468
5,460,37,3,0.9393636363636364,0.9708027822964883
6,445,51,4,0.9404545454545454,0.9703118299763772
7,428,67,5,0.9361818181818182,0.9664248209575454
8,405,89,6,0.9366363636363636,0.9644780645535144
9,376,113,11,0.9225454545454546,0.951963923134078
10,357,129,14,0.9187272727272727,0.9464866155055135
11,333,148,19,0.9123636363636364,0.9375095164568833
12,303,168,29,0.9154545454545454,0.9335827588992398
13,263,201,36,0.9044545454545454,0.9124122789335285
14,218,236,46,0.8914545454545455,0.8786875300034384
15,174,267,59,0.8707272727272727,0.8172293911312313
16,135,294,71,0.8762727272727273,0.7738073929392056
17,99,320,81,0.9084545454545454,0.7714626139198535
18,60,344,96,0.9442727272727273,0.7705276399477087
19,36,354,110,0.9654545454545455,0.7630876024359425
20,20,355,125,0.9812727272727273,0.7682492919297923
21,10,347,143,0.9944545454545455,0.8649095263916643
22,2,344,154,0.9992727272727273,0.9114126752575404
23,1,337,162,0.9996363636363637,0.9124736911775143
24,0,322,178,1.0,
25,0,309,191,1.0,
26,0,296,204,1.0,
27,0,281,219,1.0,
28,0,273,227,1.0,
29,0,263,237,1.0,
30,0,251,249,1.0,
31,0,238,262,1.0,
32,0,229,271,1.0,
33,0,219,281,1.0,
34,0,209,291,1.0,
35,0,201,299,1.0,
36,0,188,312,1.0,
37,0,180,320,1.0,
38,0,175,325,1.0,
39,0,165,335,1.0,
40,0,159,341,1.0,
41,0,150,350,1.0,
42,0,144,356,1.0,
43,0,140,360,1.0,
44,0,133,367,1.0,
45,0,129,371,1.0,
46,0,121,379,1.0,
47,0,118,382,1.0,
48,0,112,388,1.0,
49,0,110,390,1.0,
50,0,109,391,1.0,
51,0,107,393,1.0,
52,0,107,393,1.0,
53,0,100,400,1.0,
54,0,96,404,1.0,
55,0,94,406,1.0,
56,0,88,412,1.0,
57,0,85,415,1.0,
58,0,81,419,1.0,
59,0,79,421,1.0,
60,0,78,422,1.0,
61,0,77,423,1.0,
62,0,72,428,1.0,
63,0,67,433,1.0,
64,0,65,435,1.0,
65,0,62,438,1.0,
66,0,59,441,1.0,
67,0,56,444,1.0,
68,0,55,445,1.0,
69,0,53,447,1.0,
70,0,53,447,1.0,
71,0,47,453,1.0,
72,0,45,455,1.0,
73,0,43,457,1.0,
74,0,43,457,1.0,
75,0,42,458,1.0,
76,0,42,458,1.0,
77,0,42,458,1.0,
78,0,41,459,1.0,
79,0,39,461,1.0,
80,0,37,463,1.0,
81,0,36,464,1.0,
82,0,36,464,1.0,
83,0,35,465,1.0,
84,0,32,468,1.0,
85,0,30,470,1.0,
86,0,30,470,1.0,
87,0,30,470,1.0,
88,0,27,473,1.0,
89,0,27,473,1.0,
90,0,26,474,1.0,
91,0,20,480,1.0,
92,0,20,480,1.0,
93,0,19,481,1.0,
94,0,17,483,1.0,
95,0,17,483,1.0,
96,0,17,483,1.0,
97,0,15,485,1.0,
98,0,14,486,1.0,
99,0,14,486,1.0,
100,0,14,486,1.0,
101,0,14,486,1.0,
102,0,14,486,1.0,
103,0,13,487,1.0,
104,0,12,488,1.0,
105,0,12,488,1.0,
106,0,12,488,1.0,
107,0,12,488,1.0,
108,0,11,489,1.0,
109,0,11,489,1.0,
110,0,11,489,1.0,
111,0,10,490,1.0,
112,0,10,490,1.0,
113,0,10,490,1.0,
114,0,10,490,1.0,
115,0,9,491,1.0,
116,0,8,492,1.0,
117,0,8,492,1.0,
118,0,8,492,1.0,
119,0,8,492,1.0,
120,0,8,492,1.0,
121,0,8,492,1.0,
122,0,8,492,1.0,
123,0,8,492,1.0,
124,0,8,492,1.0,
125,0,8,492,1.0,
126,0,8,492,1.0,
127,0,8,492,1.0,
128,0,8,492,1.0,
129,0,7,493,1.0,
130,0,7,493,1.0,
131,0,7,493,1.0,
132,0,5,495,1.0,
133,0,4,496,1.0,
134,0,4,496,1.0,
135,0,4,496,1.0,
136,0,4,496,1.0,
137,0,4,496,1.0,
138,0,4,496,1.0,
139,0,4,496,1.0,
140,0,4,496,1.0,
141,0,4,496,1.0,
142,0,3,497,1.0,
143,0,3,497,1.0,
144,0,3,497,1.0,
145,0,3,497,1.0,
146,0,3,497,1.0,
147,0,3,497,1.0,
148,0,3,497,1.0,
149,0,3,497,1.0,
150,0,2,498,1.0,
151,0,2,498,1.0,
152,0,2,498,1.0,
153,0,2,498,1.0,
154,0,2,498,1.0,
155,0,1,499,1.0,
156,0,1,499,1.0,
157,0,1,499,1.0,
158,0,1,499,1.0,
159,0,1,499,1.0,
160,0,1,499,1.0,
161,0,1,499,1.0,
162,0,1,499,1.0,
163,0,1,499,1.0,
164,0,1,499,1.0,
165,0,1,499,1.0,
166,0,1,499,1.0,
167,0,1,499,1.0,
168,0,1,499,1.0,
169,0,1,499,1.0,
170,0,1,499,1.0,
171,0,1,499,1.0,
172,0,1,499,1.0,
173,0,1,499,1.0,
174,0,1,499,1.0,
175,0,1,499,1.0,
176,0,1,499,1.0,
177,0,1,499,1.0,
178,0,1,499,1.0,
179,0,1,499,1.0,
180,0,1,499,1.0,
181,0,1,499,1.0,
182,0,1,499,1.0,
183,0,1,499,1.0,
184,0,1,499,1.0,
185,0,1,499,1.0,
186,0,1,499,1.0,
187,0,1,499,1.0,
188,0,1,499,1.0,
189,0,1,499,1.0,
190,0,1,499,1.0,
191,0,1,499,1.0,
192,0,1,499,1.0,
193,0,1,499,1.0,
194,0,1,499,1.0,
195,0,1,499,1.0,
196,0,1,499,1.0,
197,0,1,499,1.0,
198,0,1,499,1.0,
199,0,1,499,1.0,
200,0,1,499,1.0,
1,494,6,0,0.9873636363636363,1.0
2,489,10,1,0.9804545454545455,0.996377285145006
3,483,16,1,0.9660909090909091,0.9887501213477985
4,473,24,3,0.9531818181818181,0.9814952905336044
5,456,39,5,0.9259090909090909,0.9655266063576075
6,443,51,6,0.9158181818181819,0.9586359744412394
7,417,76,7,0.8954545454545455,0.9434439171563335
8,380,107,13,0.8630909090909091,0.9159085406422459
9,334,148,18,0.8394545454545455,0.8855652862533573
10,288,185,27,0.8343636363636364,0.8618156497211538
11,241,222,37,0.8360909090909091,0.8353966965269091
12,194,261,45,0.8506363636363636,0.8128662123236232
13,146,299,55,0.8492727272727273,0.7465141157542894
14,104,326,70,0.890090909090909,0.7400939737506029
15,65,346,89,0.9353636363636364,0.7552101196752404
16,38,359,103,0.9674545454545455,0.789524005325909
17,16,369,115,0.9898181818181818,0.8440839410440624
18,6,367,127,0.9979090909090909,0.9163315961027679
19,1,357,142,0.9995454545454545,0.8866311497543596
20,0,339,161,1.0,
21,0,325,175,1.0,
22,0,311,189,1.0,
23,0,301,199,1.0,
24,0,294,206,1.0,
25,0,283,217,1.0,
26,0,270,230,1.0,
27,0,259,241,1.0,
28,0,251,249,1.0,
29,0,241,259,1.0,
30,0,232,268,1.0,
31,0,224,276,1.0,
32,0,209,291,1.0,
33,0,201,299,1.0,
34,0,188,312,1.0,
35,0,182,318,1.0,
36,0,176,324,1.0,
37,0,171,329,1.0,
38,0,162,338,1.0,
39,0,152,348,1.0,
40,0,148,352,1.0,
41,0,143,357,1.0,
42,0,135,365,1.0,
43,0,133,367,1.0,
44,0,122,378,1.0,
45,0,117,383,1.0,
46,0,115,385,1.0,
47,0,109,391,1.0,
48,0,106,394,1.0,
49,0,99,401,1.0,
50,0,95,405,1.0,
51,0,93,407,1.0,
52,0,91,409,1.0,
53,0,87,413,1.0,
54,0,83,417,1.0,
55,0,76,424,1.0,
56,0,72,428,1.0,
57,0,68,432,1.0,
58,0,64,436,1.0,
59,0,61,439,1.0,
60,0,59,441,1.0,
61,0,56,444,1.0,
62,0,52,448,1.0,
63,0,50,450,1.0,
64,0,46,454,1.0,
65,0,44,456,1.0,
66,0,43,457,1.0,
67,0,43,457,1.0,
68,0,42,458,1.0,
69,0,40,460,1.0,
70,0,38,462,1.0,
71,0,38,462,1.0,
72,0,37,463,1.0,
73,0,36,464,1.0,
74,0,35,465,1.0,
75,0,33,467,1.0,
76,0,33,467,1.0,
77,0,33,467,1.0,
78,0,32,468,1.0,
79,0,30,470,1.0,
80,0,28,472,1.0,
81,0,28,472,1.0,
82,0,25,475,1.0,
83,0,25,475,1.0,
84,0,24,476,1.0,
85,0,24,476,1.0,
86,0,20,480,1.0,
87,0,20,480,1.0,
88,0,20,480,1.0,
89,0,19,481,1.0,
90,0,18,482,1.0,
91,0,17,483,1.0,
92,0,15,485,1.0,
93,0,15,485,1.0,
94,0,15,485,1.0,
95,0,14,486,1.0,
96,0,14,486,1.0,
97,0,14,486,1.0,
98,0,14,486,1.0,
99,0,13,487,1.0,
100,0,13,487,1.0,
101,0,12,488,1.0,
102,0,12,488,1.0,
103,0,12,488,1.0,
104,0,10,490,1.0,
105,0,10,490,1.0,
106,0,10,490,1.0,
107,0,10,490,1.0,
108,0,10,490,1.0,
109,0,9,491,1.0,
110,0,9,491,1.0,
111,0,9,491,1.0,
112,0,9,491,1.0,
113,0,9,491,1.0,
114,0,9,491,1.0,
115,0,9,491,1.0,
116,0,9,491,1.0,
117,0,8,492,1.0,
118,0,7,493,1.0,
119,0,7,493,1.0,
120,0,7,493,1.0,
121,0,6,494,1.0,
122,0,6,494,1.0,
123,0,6,494,1.0,
124,0,6,494,1.0,
125,0,5,495,1.0,
126,0,5,495,1.0,
127,0,5,495,1.0,
128,0,4,496,1.0,
129,0,4,496,1.0,
130,0,4,496,1.0,
131,0,4,496,1.0,
132,0,4,496,1.0,
133,0,4,496,1.0,
134,0,4,496,1.0,
135,0,4,496,1.0,
136,0,4,496,1.0,
137,0,4,496,1.0,
138,0,4,496,1.0,
139,0,4,496,1.0,
140,0,4,496,1.0,
141,0,4,496,1.0,
142,0,4,496,1.0,
143,0,4,496,1.0,
144,0,4,496,1.0,
145,0,4,496,1.0,
146,0,4,496,1.0,
147,0,3,497,1.0,
148,0,3,497,1.0,
149,0,3,497,1.0,
150,0,3,497,1.0,
151,0,3,497,1.0,
152,0,2,498,1.0,
153,0,2,498,1.0,
154,0,2,498,1.0,
155,0,2,498,1.0,
156,0,2,498,1.0,
157,0,2,498,1.0,
158,0,2,498,1.0,
159,0,2,498,1.0,
160,0,2,498,1.0,
161,0,2,498,1.0,
162,0,2,498,1.0,
163,0,2,498,1.0,
164,0,1,499,1.0,
165,0,1,499,1.0,
166,0,1,499,1.0,
167,0,1,499,1.0,
168,0,1,499,1.0,
169,0,1,499,1.0,
170,0,1,499,1.0,
171,0,1,499,1.0,
172,0,1,499,1.0,
173,0,1,499,1.0,
174,0,1,499,1.0,
175,0,1,499,1.0,
176,0,0,500,1.0,
177,0,0,500,1.0,
178,0,0,500,1.0,
179,0,0,500,1.0,
180,0,0,500,1.0,
181,0,0,500,1.0,
182,0,0,500,1.0,
183,0,0,500,1.0,
184,0,0,500,1.0,
185,0,0,500,1.0,
186,0,0,500,1.0,
187,0,0,500,1.0,
188,0,0,500,1.0,
189,0,0,500,1.0,
190,0,0,500,1.0,
191,0,0,500,1.0,
192,0,0,500,1.0,
193,0,0,500,1.0,
194,0,0,500,1.0,
195,0,0,500,1.0,
196,0,0,500,1.0,
197,0,0,500,1.0,
198,0,0,500,1.0,
199,0,0,500,1.0,
200,0,0,500,1.0,
1,499,1,0,1.0,1.0
2,496,4,0,0.9925454545454545,0.9962408037721363
3,496,4,0,0.9925454545454545,0.9962408037721363
4,494,6,0,0.9877272727272727,0.9937803409877808
5,489,11,0,0.9770909090909091,0.9882675212862487
6,478,18,4,0.9599090909090909,0.9790159811138485
7,469,27,4,0.9451818181818182,0.9707476963732932
8,452,38,10,0.9371818181818182,0.9652535488982085
9,439,46,15,0.9380909090909091,0.9647224477207477
10,413,69,18,0.9228181818181819,0.9532739484779962
11,387,93,20,0.9018181818181819,0.9365662746121952
12,350,121,29,0.8903636363636364,0.9217350447869432
13,323,143,34,0.8742727272727273,0.9027740714957122
14,288,171,41,0.8490909090909091,0.869008946024973
15,253,199,48,0.838,0.8399190701511682
16,208,236,56,0.842,0.8100099943394999
17,152,274,74,0.8721818181818182,0.7894020785597086
18,108,303,89,0.8978181818181818,0.7633150362099953
19,79,317,104,0.917,0.737287354166698
20,50,335,115,0.9483636363636364,0.7418288854163475
21,25,349,126,0.9811818181818182,0.8120806038136675
22,8,353,139,0.9946363636363637,0.8318490133897111
23,1,341,158,0.9990909090909091,0.7727272727272727
24,0,329,171,1.0,
25,0,324,176,1.0,
26,0,311,189,1.0,
27,0,303,197,1.0,
28,0,292,208,1.0,
29,0,283,217,1.0,
30,0,269,231,1.0,
31,0,257,243,1.0,
32,0,245,255,1.0,
33,0,237,263,1.0,
34,0,228,272,1.0,
35,0,220,280,1.0,
36,0,215,285,1.0,
37,0,208,292,1.0,
38,0,198,302,1.0,
39,0,187,313,1.0,
40,0,184,316,1.0,
41,0,177,323,1.0,
42,0,167,333,1.0,
43,0,159,341,1.0,
44,0,155,345,1.0,
45,0,148,352,1.0,
46,0,141,359,1.0,
47,0,138,362,1.0,
48,0,135,365,1.0,
49,0,131,369,1.0,
50,0,129,371,1.0,
51,0,121,379,1.0,
52,0,119,381,1.0,
53,0,113,387,1.0,
54,0,110,390,1.0,
55,0,107,393,1.0,
56,0,105,395,1.0,
57,0,96,404,1.0,
58,0,93,407,1.0,
59,0,88,412,1.0,
60,0,85,415,1.0,
61,0,81,419,1.0,
62,0,75,425,1.0,
63,0,74,426,1.0,
64,0,73,427,1.0,
65,0,72,428,1.0,
66,0,71,429,1.0,
67,0,68,432,1.0,
68,0,66,434,1.0,
69,0,64,436,1.0,
70,0,61,439,1.0,
71,0,60,440,1.0,
72,0,58,442,1.0,
73,0,57,443,1.0,
74,0,56,444,1.0,
75,0,53,447,1.0,
76,0,48,452,1.0,
77,0,44,456,1.0,
78,0,42,458,1.0,
79,0,42,458,1.0,
80,0,41,459,1.0,
81,0,37,463,1.0,
82,0,34,466,1.0,
83,0,33,467,1.0,
84,0,31,469,1.0,
85,0,28,472,1.0,
86,0,27,473,1.0,
87,0,26,474,1.0,
88,0,26,474,1.0,
89,0,24,476,1.0,
90,0,23,477,1.0,
91,0,22,478,1.0,
92,0,21,479,1.0,
93,0,20,480,1.0,
94,0,18,482,1.0,
95,0,18,482,1.0,
96,0,15,485,1.0,
97,0,15,485,1.0,
98,0,15,485,1.0,
99,0,14,486,1.0,
100,0,14,486,1.0,
101,0,13,487,1.0,
102,0,12,488,1.0,
103,0,11,489,1.0,
104,0,11,489,1.0,
105,0,10,490,1.0,
106,0,10,490,1.0,
107,0,10,490,1.0,
108,0,9,491,1.0,
109,0,9,491,1.0,
110,0,8,492,1.0,
111,0,6,494,1.0,
112,0,6,494,1.0,
113,0,6,494,1.0,
114,0,6,494,1.0,
115,0,6,494,1.0,
116,0,6,494,1.0,
117,0,5,495,1.0,
118,0,5,495,1.0,
119,0,5,495,1.0,
120,0,5,495,1.0,
121,0,4,496,1.0,
122,0,4,496,1.0,
123,0,4,496,1.0,
124,0,4,496,1.0,
125,0,4,496,1.0,
126,0,3,497,1.0,
127,0,3,497,1.0,
128,0,3,497,1.0,
129,0,3,497,1.0,
130,0,3,497,1.0,
131,0,3,497,1.0,
132,0,3,497,1.0,
133,0,3,497,1.0,
134,0,3,497,1.0,
135,0,3,497,1.0,
136,0,2,498,1.0,
137,0,2,498,1.0,
138,0,2,498,1.0,
139,0,2,498,1.0,
140,0,2,498,1.0,
141,0,2,498,1.0,
142,0,2,498,1.0,
143,0,2,498,1.0,
144,0,1,499,1.0,
145,0,1,499,1.0,
146,0,1,499,1.0,
147,0,1,499,1.0,
148,0,1,499,1.0,
149,0,0,500,1.0,
150,0,0,500,1.0,
151,0,0,500,1.0,
152,0,0,500,1.0,
153,0,0,500,1.0,
154,0,0,500,1.0,
155,0,0,500,1.0,
156,0,0,500,1.0,
157,0,0,500,1.0,
158,0,0,500,1.0,
159,0,0,500,1.0,
160,0,0,500,1.0,
161,0,0,500,1.0,
162,0,0,500,1.0,
163,0,0,500,1.0,
164,0,0,500,1.0,
165,0,0,500,1.0,
166,0,0,500,1.0,
167,0,0,500,1.0,
168,0,0,500,1.0,
169,0,0,500,1.0,
170,0,0,500,1.0,
171,0,0,500,1.0,
172,0,0,500,1.0,
173,0,0,500,1.0,
174,0,0,500,1.0,
175,0,0,500,1.0,
176,0,0,500,1.0,
177,0,0,500,1.0,
178,0,0,500,1.0,
179,0,0,500,1.0,
180,0,0,500,1.0,
181,0,0,500,1.0,
182,0,0,500,1.0,
183,0,0,500,1.0,
184,0,0,500,1.0,
185,0,0,500,1.0,
186,0,0,500,1.0,
187,0,0,500,1.0,
188,0,0,500,1.0,
189,0,0,500,1.0,
190,0,0,500,1.0,
191,0,0,500,1.0,
192,0,0,500,1.0,
193,0,0,500,1.0,
194,0,0,500,1.0,
195,0,0,500,1.0,
196,0,0,500,1.0,
197,0,0,500,1.0,
198,0,0,500,1.0,
199,0,0,500,1.0,
200,0,0,500,1.0,
1,498,2,0,0.9976363636363637,1.0
2,497,3,0,0.9940909090909091,0.9982073088894774
3,496,4,0,0.9926363636363637,0.9974702866925647
4,493,7,0,0.9878181818181818,0.9949996120612874
5,484,15,1,0.9683636363636363,0.9848154006693743
6,472,26,2,0.9479090909090909,0.9735547360771635
7,462,35,3,0.9378181818181818,0.9675122708137687
8,444,50,6,0.9301818181818182,0.9619057594083229
9,415,76,9,0.9216363636363636,0.9539351316787675
10,376,110,14,0.899,0.9339162316609395
11,346,136,18,0.8907272727272727,0.9219918173187204
12,309,165,26,0.8533636363636363,0.8823099467470528
13,264,200,36,0.8137272727272727,0.8244717542398814
14,215,238,47,0.8015454545454546,0.7700902791594594
15,163,282,55,0.8236363636363636,0.730154519514585
16,116,320,64,0.8774545454545455,0.7365142551612615
17,56,359,85,0.9580909090909091,0.8136085631824918
18,20,384,96,0.9931818181818182,0.9151980174150772
19,3,385,112,0.9994545454545455,0.9551565339391355
20,0,370,130,1.0,
21,0,357,143,1.0,
22,0,348,152,1.0,
23,0,341,159,1.0,
24,0,328,172,1.0,
25,0,313,187,1.0,
26,0,303,197,1.0,
27,0,289,211,1.0,
28,0,270,230,1.0,
29,0,257,243,1.0,
30,0,250,250,1.0,
31,0,238,262,1.0,
32,0,226,274,1.0,
33,0,217,283,1.0,
34,0,206,294,1.0,
35,0,194,306,1.0,
36,0,190,310,1.0,
37,0,186,314,1.0,
38,0,173,327,1.0,
39,0,166,334,1.0,
40,0,160,340,1.0,
41,0,156,344,1.0,
42,0,151,349,1.0,
43,0,144,356,1.0,
44,0,140,360,1.0,
45,0,135,365,1.0,
46,0,127,373,1.0,
47,0,123,377,1.0,
48,0,120,380,1.0,
49,0,117,383,1.0,
50,0,113,387,1.0,
51,0,106,394,1.0,
52,0,104,396,1.0,
53,0,100,400,1.0,
54,0,94,406,1.0,
55,0,93,407,1.0,
56,0,92,408,1.0,
57,0,85,415,1.0,
58,0,81,419,1.0,
59,0,79,421,1.0,
60,0,77,423,1.0,
61,0,71,429,1.0,
62,0,66,434,1.0,
63,0,60,440,1.0,
64,0,57,443,1.0,
65,0,54,446,1.0,
66,0,53,447,1.0,
67,0,52,448,1.0,
68,0,50,450,1.0,
69,0,50,450,1.0,
70,0,48,452,1.0,
71,0,46,454,1.0,
72,0,42,458,1.0,
73,0,39,461,1.0,
74,0,39,461,1.0,
75,0,37,463,1.0,
76,0,36,464,1.0,
77,0,34,466,1.0,
78,0,32,468,1.0,
79,0,31,469,1.0,
80,0,30,470,1.0,
81,0,29,471,1.0,
82,0,28,472,1.0,
83,0,26,474,1.0,
84,0,25,475,1.0,
85,0,22,478,1.0,
86,0,22,478,1.0,
87,0,19,481,1.0,
88,0,17,483,1.0,
89,0,16,484,1.0,
90,0,14,486,1.0,
91,0,13,487,1.0,
92,0,13,487,1.0,
93,0,12,488,1.0,
94,0,12,488,1.0,
95,0,12,488,1.0,
96,0,12,488,1.0,
97,0,11,489,1.0,
98,0,11,489,1.0,
99,0,11,489,1.0,
100,0,11,489,1.0,
101,0,11,489,1.0,
102,0,9,491,1.0,
103,0,9,491,1.0,
104,0,9,491,1.0,
105,0,9,491,1.0,
106,0,9,491,1.0,
107,0,8,492,1.0,
108,0,8,492,1.0,
109,0,6,494,1.0,
110,0,6,494,1.0,
111,0,6,494,1.0,
112,0,6,494,1.0,
113,0,5,495,1.0,
114,0,4,496,1.0,
115,0,4,496,1.0,
116,0,3,497,1.0,
117,0,3,497,1.0,
118,0,3,497,1.0,
119,0,3,497,1.0,
120,0,3,497,1.0,
121,0,3,497,1.0,
122,0,3,497,1.0,
123,0,3,497,1.0,
124,0,3,497,1.0,
125,0,3,497,1.0,
126,0,3,497,1.0,
127,0,3,497,1.0,
128,0,3,497,1.0,
129,0,3,497,1.0,
130,0,3,497,1.0,
131,0,2,498,1.0,
132,0,2,498,1.0,
133,0,1,499,1.0,
134,0,1,499,1.0,
135,0,1,499,1.0,
136,0,1,499,1.0,
137,0,1,499,1.0,
138,0,1,499,1.0,
139,0,1,499,1.0,
140,0,1,499,1.0,
141,0,1,499,1.0,
142,0,1,499,1.0,
143,0,1,499,1.0,
144,0,1,499,1.0,
145,0,1,499,1.0,
146,0,1,499,1.0,
147,0,1,499,1.0,
148,0,1,499,1.0,
149,0,1,499,1.0,
150,0,1,499,1.0,
151,0,1,499,1.0,
152,0,1,499,1.0,
153,0,0,500,1.0,
154,0,0,500,1.0,
155,0,0,500,1.0,
156,0,0,500,1.0,
157,0,0,500,1.0,
158,0,0,500,1.0,
159,0,0,500,1.0,
160,0,0,500,1.0,
161,0,0,500,1.0,
162,0,0,500,1.0,
163,0,0,500,1.0,
164,0,0,500,1.0,
165,0,0,500,1.0,
166,0,0,500,1.0,
167,0,0,500,1.0,
168,0,0,500,1.0,
169,0,0,500,1.0,
170,0,0,500,1.0,
171,0,0,500,1.0,
172,0,0,500,1.0,
173,0,0,500,1.0,
174,0,0,500,1.0,
175,0,0,500,1.0,
176,0,0,500,1.0,
177,0,0,500,1.0,
178,0,0,500,1.0,
179,0,0,500,1.0,
180,0,0,500,1.0,
181,0,0,500,1.0,
182,0,0,500,1.0,
183,0,0,500,1.0,
184,0,0,500,1.0,
185,0,0,500,1.0,
186,0,0,500,1.0,
187,0,0,500,1.0,
188,0,0,500,1.0,
189,0,0,500,1.0,
190,0,0,500,1.0,
191,0,0,500,1.0,
192,0,0,500,1.0,
193,0,0,500,1.0,
194,0,0,500,1.0,
195,0,0,500,1.0,
196,0,0,500,1.0,
197,0,0,500,1.0,
198,0,0,500,1.0,
199,0,0,500,1.0,
200,0,0,500,1.0,
1,495,5,0,0.9906363636363636,1.0
2,492,8,0,0.9834545454545455,0.9963031316108742
3,488,11,1,0.9773636363636363,0.9930928677629102
4,486,13,1,0.9736363636363636,0.991111622362499
5,479,20,1,0.96,0.9837355003638426
6,471,28,1,0.9532727272727273,0.9798353816012809
7,459,39,2,0.9522727272727273,0.9786373121999461
8,441,55,4,0.9484545454545454,0.9753783123941244
9,415,77,8,0.9325454545454546,0.9639009314437647
10,398,91,11,0.9272727272727272,0.9589133143640857
11,368,118,14,0.9238181818181819,0.9528116393471062
12,351,129,20,0.9196363636363636,0.9473718328369636
13,327,147,26,0.8951818181818182,0.9244264819356464
14,291,181,28,0.8525454545454545,0.8776410403975462
15,254,205,41,0.8371818181818181,0.843873928715678
16,207,250,43,0.8290909090909091,0.7977648401086309
17,166,278,56,0.8510909090909091,0.7798759663100615
18,119,310,71,0.8765454545454545,0.7445672393847551
19,71,342,87,0.9299090909090909,0.7570429960668471
20,34,359,107,0.9755454545454545,0.8245798809693298
21,16,359,125,0.9852727272727273,0.7739328575996414
22,6,354,140,0.9946363636363637,0.7790602411267532
23,2,341,157,0.9989090909090909,0.8692659446046122
24,0,330,170,1.0,
25,0,321,179,1.0,
26,0,314,186,1.0,
27,0,302,198,1.0,
28,0,294,206,1.0,
29,0,284,216,1.0,
30,0,273,227,1.0,
31,0,264,236,1.0,
32,0,256,244,1.0,
33,0,245,255,1.0,
34,0,238,262,1.0,
35,0,227,273,1.0,
36,0,216,284,1.0,
37,0,208,292,1.0,
38,0,201,299,1.0,
39,0,194,306,1.0,
40,0,184,316,1.0,
41,0,180,320,1.0,
42,0,175,325,1.0,
43,0,170,330,1.0,
44,0,164,336,1.0,
45,0,160,340,1.0,
46,0,149,351,1.0,
47,0,139,361,1.0,
48,0,131,369,1.0,
49,0,126,374,1.0,
50,0,122,378,1.0,
51,0,115,385,1.0,
52,0,114,386,1.0,
53,0,110,390,1.0,
54,0,108,392,1.0,
55,0,103,397,1.0,
56,0,100,400,1.0,
57,0,96,404,1.0,
58,0,94,406,1.0,
59,0,92,408,1.0,
60,0,90,410,1.0,
61,0,87,413,1.0,
62,0,84,416,1.0,
63,0,81,419,1.0,
64,0,78,422,1.0,
65,0,75,425,1.0,
66,0,72,428,1.0,
67,0,72,428,1.0,
68,0,67,433,1.0,
69,0,64,436,1.0,
70,0,59,441,1.0,
71,0,57,443,1.0,
72,0,55,445,1.0,
73,0,53,447,1.0,
74,0,52,448,1.0,
75,0,51,449,1.0,
76,0,47,453,1.0,
77,0,46,454,1.0,
78,0,44,456,1.0,
79,0,44,456,1.0,
80,0,44,456,1.0,
81,0,44,456,1.0,
82,0,42,458,1.0,
83,0,39,461,1.0,
84,0,38,462,1.0,
85,0,35,465,1.0,
86,0,35,465,1.0,
87,0,33,467,1.0,
88,0,29,471,1.0,
89,0,28,472,1.0,
90,0,28,472,1.0,
91,0,27,473,1.0,
92,0,25,475,1.0,
93,0,24,476,1.0,
94,0,24,476,1.0,
95,0,24,476,1.0,
96,0,23,477,1.0,
97,0,23,477,1.0,
98,0,23,477,1.0,
99,0,23,477,1.0,
100,0,23,477,1.0,
101,0,22,478,1.0,
102,0,22,478,1.0,
103,0,20,480,1.0,
104,0,19,481,1.0,
105,0,18,482,1.0,
106,0,18,482,1.0,
107,0,15,485,1.0,
108,0,15,485,1.0,
109,0,15,485,1.0,
110,0,15,485,1.0,
111,0,15,485,1.0,
112,0,13,487,1.0,
113,0,11,489,1.0,
114,0,11,489,1.0,
115,0,11,489,1.0,
116,0,11,489,1.0,
117,0,10,490,1.0,
118,0,10,490,1.0,
119,0,10,490,1.0,
120,0,8,492,1.0,
121,0,8,492,1.0,
122,0,8,492,1.0,
123,0,7,493,1.0,
124,0,7,493,1.0,
125,0,7,493,1.0,
126,0,7,493,1.0,
127,0,7,493,1.0,
128,0,6,494,1.0,
129,0,5,495,1.0,
130,0,5,495,1.0,
131,0,5,495,1.0,
132,0,5,495,1.0,
133,0,5,495,1.0,
134,0,4,496,1.0,
135,0,4,496,1.0,
136,0,4,496,1.0,
137,0,4,496,1.0,
138,0,4,496,1.0,
139,0,4,496,1.0,
140,0,4,496,1.0,
141,0,4,496,1.0,
142,0,4,496,1.0,
143,0,4,496,1.0,
144,0,4,496,1.0,
145,0,4,496,1.0,
146,0,4,496,1.0,
147,0,4,496,1.0,
148,0,4,496,1.0,
149,0,4,496,1.0,
150,0,4,496,1.0,
151,0,3,497,1.0,
152,0,3,497,1.0,
153,0,3,497,1.0,
154,0,3,497,1.0,
155,0,3,497,1.0,
156,0,2,498,1.0,
157,0,2,498,1.0,
158,0,1,499,1.0,
159,0,1,499,1.0,
160,0,1,499,1.0,
161,0,0,500,1.0,
162,0,0,500,1.0,
163,0,0,500,1.0,
164,0,0,500,1.0,
165,0,0,500,1.0,
166,0,0,500,1.0,
167,0,0,500,1.0,
168,0,0,500,1.0,
169,0,0,500,1.0,
170,0,0,500,1.0,
171,0,0,500,1.0,
172,0,0,500,1.0,
173,0,0,500,1.0,
174,0,0,500,1.0,
175,0,0,500,1.0,
176,0,0,500,1.0,
177,0,0,500,1.0,
178,0,0,500,1.0,
179,0,0,500,1.0,
180,0,0,500,1.0,
181,0,0,500,1.0,
182,0,0,500,1.0,
183,0,0,500,1.0,
184,0,0,500,1.0,
185,0,0,500,1.0,
186,0,0,500,1.0,
187,0,0,500,1.0,
188,0,0,500,1.0,
189,0,0,500,1.0,
190,0,0,500,1.0,
191,0,0,500,1.0,
192,0,0,500,1.0,
193,0,0,500,1.0,
194,0,0,500,1.0,
195,0,0,500,1.0,
196,0,0,500,1.0,
197,0,0,500,1.0,
198,0,0,500,1.0,
199,0,0,500,1.0,
200,0,0,500,1.0,
1,498,2,0,0.9972727272727273,1.0
2,495,5,0,0.9901818181818182,0.9964127481115339
3,492,8,0,0.981909090909091,0.9921845203624724
4,488,11,1,0.976909090909091,0.9895480078405527
5,478,21,1,0.9595454545454546,0.980224442421813
6,470,27,3,0.9489090909090909,0.9741796617695703
7,461,34,5,0.939,0.9682848283449352
8,443,49,8,0.9252727272727272,0.9591689759425246
9,418,70,12,0.908,0.9463675113775896
10,391,95,14,0.8833636363636364,0.9267556964712395
11,350,131,19,0.8608181818181818,0.9017521578281132
12,318,162,20,0.845,0.8793098449927272
13,281,192,27,0.8369090909090909,0.8558197160750712
14,238,222,40,0.8338181818181818,0.8261942399995214
15,188,261,51,0.8481818181818181,0.7984399715917414
16,142,293,65,0.8770909090909091,0.7837187707664913
17,94,328,78,0.9111818181818182,0.7639276198088009
18,60,344,96,0.9365454545454546,0.7355331662410591
19,35,349,116,0.9669090909090909,0.7639008285064371
20,16,354,130,0.9896363636363636,0.8385996101250548
21,4,350,146,0.9977272727272727,0.8588439113099959
22,2,331,167,0.9986363636363637,0.8293547701124943
23,0,317,183,1.0,
24,0,307,193,1.0,
25,0,297,203,1.0,
26,0,286,214,1.0,
27,0,278,222,1.0,
28,0,271,229,1.0,
29,0,258,242,1.0,
30,0,251,249,1.0,
31,0,242,258,1.0,
32,0,231,269,1.0,
33,0,222,278,1.0,
34,0,212,288,1.0,
35,0,204,296,1.0,
36,0,195,305,1.0,
37,0,186,314,1.0,
38,0,180,320,1.0,
39,0,172,328,1.0,
40,0,166,334,1.0,
41,0,162,338,1.0,
42,0,156,344,1.0,
43,0,150,350,1.0,
44,0,146,354,1.0,
45,0,139,361,1.0,
46,0,136,364,1.0,
47,0,132,368,1.0,
48,0,129,371,1.0,
49,0,124,376,1.0,
50,0,120,380,1.0,
51,0,117,383,1.0,
52,0,114,386,1.0,
53,0,106,394,1.0,
54,0,101,399,1.0,
55,0,100,400,1.0,
56,0,96,404,1.0,
57,0,91,409,1.0,
58,0,88,412,1.0,
59,0,82,418,1.0,
60,0,77,423,1.0,
61,0,74,426,1.0,
62,0,72,428,1.0,
63,0,69,431,1.0,
64,0,66,434,1.0,
65,0,62,438,1.0,
66,0,60,440,1.0,
67,0,60,440,1.0,
68,0,59,441,1.0,
69,0,58,442,1.0,
70,0,55,445,1.0,
71,0,53,447,1.0,
72,0,49,451,1.0,
73,0,47,453,1.0,
74,0,46,454,1.0,
75,0,46,454,1.0,
76,0,43,457,1.0,
77,0,43,457,1.0,
78,0,41,459,1.0,
79,0,40,460,1.0,
80,0,38,462,1.0,
81,0,37,463,1.0,
82,0,37,463,1.0,
83,0,36,464,1.0,
84,0,35,465,1.0,
85,0,33,467,1.0,
86,0,31,469,1.0,
87,0,30,470,1.0,
88,0,30,470,1.0,
89,0,28,472,1.0,
90,0,27,473,1.0,
91,0,25,475,1.0,
92,0,24,476,1.0,
93,0,24,476,1.0,
94,0,24,476,1.0,
95,0,23,477,1.0,
96,0,22,478,1.0,
97,0,21,479,1.0,
98,0,19,481,1.0,
99,0,19,481,1.0,
100,0,16,484,1.0,
101,0,15,485,1.0,
102,0,14,486,1.0,
103,0,14,486,1.0,
104,0,14,486,1.0,
105,0,14,486,1.0,
106,0,14,486,1.0,
107,0,13,487,1.0,
108,0,11,489,1.0,
109,0,9,491,1.0,
110,0,9,491,1.0,
111,0,9,491,1.0,
112,0,9,491,1.0,
113,0,9,491,1.0,
114,0,9,491,1.0,
115,0,9,491,1.0,
116,0,9,491,1.0,
117,0,9,491,1.0,
118,0,9,491,1.0,
119,0,9,491,1.0,
120,0,9,491,1.0,
121,0,8,492,1.0,
122,0,8,492,1.0,
123,0,8,492,1.0,
124,0,7,493,1.0,
125,0,7,493,1.0,
126,0,6,494,1.0,
127,0,6,494,1.0,
128,0,6,494,1.0,
129,0,6,494,1.0,
130,0,4,496,1.0,
131,0,4,496,1.0,
132,0,4,496,1.0,
133,0,4,496,1.0,
134,0,4,496,1.0,
135,0,4,496,1.0,
136,0,3,497,1.0,
137,0,3,497,1.0,
138,0,3,497,1.0,
139,0,3,497,1.0,
140,0,3,497,1.0,
141,0,3,497,1.0,
142,0,3,497,1.0,
143,0,3,497,1.0,
144,0,3,497,1.0,
145,0,2,498,1.0,
146,0,2,498,1.0,
147,0,1,499,1.0,
148,0,0,500,1.0,
149,0,0,500,1.0,
150,0,0,500,1.0,
151,0,0,500,1.0,
152,0,0,500,1.0,
153,0,0,500,1.0,
154,0,0,500,1.0,
155,0,0,500,1.0,
156,0,0,500,1.0,
157,0,0,500,1.0,
158,0,0,500,1.0,
159,0,0,500,1.0,
160,0,0,500,1.0,
161,0,0,500,1.0,
162,0,0,500,1.0,
163,0,0,500,1.0,
164,0,0,500,1.0,
165,0,0,500,1.0,
166,0,0,500,1.0,
167,0,0,500,1.0,
168,0,0,500,1.0,
169,0,0,500,1.0,
170,0,0,500,1.0,
171,0,0,500,1.0,
172,0,0,500,1.0,
173,0,0,500,1.0,
174,0,0,500,1.0,
175,0,0,500,1.0,
176,0,0,500,1.0,
177,0,0,500,1.0,
178,0,0,500,1.0,
179,0,0,500,1.0,
180,0,0,500,1.0,
181,0,0,500,1.0,
182,0,0,500,1.0,
183,0,0,500,1.0,
184,0,0,500,1.0,
185,0,0,500,1.0,
186,0,0,500,1.0,
187,0,0,500,1.0,
188,0,0,500,1.0,
189,0,0,500,1.0,
190,0,0,500,1.0,
191,0,0,500,1.0,
192,0,0,500,1.0,
193,0,0,500,1.0,
194,0,0,500,1.0,
195,0,0,500,1.0,
196,0,0,500,1.0,
197,0,0,500,1.0,
198,0,0,500,1.0,
199,0,0,500,1.0,
200,0,0,500,1.0,
1,497,3,0,0.9931818181818182,1.0
2,497,3,0,0.9931818181818182,1.0
3,495,5,0,0.9903636363636363,0.9985587216539518
4,488,12,0,0.9736363636363636,0.9898760358967864
5,480,19,1,0.9633636363636363,0.9842695560673456
6,470,29,1,0.945,0.9740668909717443
7,451,45,4,0.9276363636363636,0.9631700598084477
8,421,71,8,0.8988181818181818,0.9431356758180232
9,390,100,10,0.8650909090909091,0.9167115065444722
10,355,129,16,0.837,0.8882257189648568
11,314,163,23,0.8139090909090909,0.8548230351495066
12,266,208,26,0.8221818181818182,0.8354707138294488
13,209,257,34,0.8710909090909091,0.8486478491311766
14,157,294,49,0.9218181818181819,0.8781829154883074
15,115,323,62,0.9451818181818182,0.8837078175609572
16,91,333,76,0.9472727272727273,0.8582882566666165
17,73,333,94,0.9435454545454546,0.8097160624974641
18,58,331,111,0.9505454545454546,0.7900807865690948
19,42,338,120,0.9595454545454546,0.7621295315048482
20,29,333,138,0.9685454545454546,0.7319542531370373
21,21,328,151,0.9807272727272728,0.773161282752642
22,14,317,169,0.988909090909091,0.8047580741951504
23,4,314,182,0.9988181818181818,0.9289312691750434
24,1,306,193,0.9999090909090909,0.9806416880985757
25,0,297,203,1.0,
26,0,282,218,1.0,
27,0,268,232,1.0,
28,0,257,243,1.0,
29,0,251,249,1.0,
30,0,243,257,1.0,
31,0,230,270,1.0,
32,0,224,276,1.0,
33,0,215,285,1.0,
34,0,209,291,1.0,
35,0,204,296,1.0,
36,0,196,304,1.0,
37,0,189,311,1.0,
38,0,184,316,1.0,
39,0,171,329,1.0,
40,0,162,338,1.0,
41,0,158,342,1.0,
42,0,154,346,1.0,
43,0,148,352,1.0,
44,0,140,360,1.0,
45,0,133,367,1.0,
46,0,129,371,1.0,
47,0,126,374,1.0,
48,0,122,378,1.0,
49,0,114,386,1.0,
50,0,109,391,1.0,
51,0,104,396,1.0,
52,0,91,409,1.0,
53,0,85,415,1.0,
54,0,80,420,1.0,
55,0,73,427,1.0,
56,0,67,433,1.0,
57,0,65,435,1.0,
58,0,62,438,1.0,
59,0,61,439,1.0,
60,0,55,445,1.0,
61,0,51,449,1.0,
62,0,51,449,1.0,
63,0,50,450,1.0,
64,0,50,450,1.0,
65,0,49,451,1.0,
66,0,47,453,1.0,
67,0,45,455,1.0,
68,0,41,459,1.0,
69,0,41,459,1.0,
70,0,39,461,1.0,
71,0,38,462,1.0,
72,0,36,464,1.0,
73,0,33,467,1.0,
74,0,30,470,1.0,
75,0,29,471,1.0,
76,0,27,473,1.0,
77,0,25,475,1.0,
78,0,23,477,1.0,
79,0,21,479,1.0,
80,0,21,479,1.0,
81,0,20,480,1.0,
82,0,19,481,1.0,
83,0,18,482,1.0,
84,0,17,483,1.0,
85,0,15,485,1.0,
86,0,15,485,1.0,
87,0,14,486,1.0,
88,0,13,487,1.0,
89,0,13,487,1.0,
90,0,13,487,1.0,
91,0,12,488,1.0,
92,0,12,488,1.0,
93,0,11,489,1.0,
94,0,11,489,1.0,
95,0,10,490,1.0,
96,0,9,491,1.0,
97,0,9,491,1.0,
98,0,9,491,1.0,
99,0,9,491,1.0,
100,0,8,492,1.0,
101,0,8,492,1.0,
102,0,8,492,1.0,
103,0,8,492,1.0,
104,0,8,492,1.0,
105,0,7,493,1.0,
106,0,7,493,1.0,
107,0,7,493,1.0,
108,0,7,493,1.0,
109,0,7,493,1.0,
110,0,6,494,1.0,
111,0,6,494,1.0,
112,0,6,494,1.0,
113,0,6,494,1.0,
114,0,6,494,1.0,
115,0,6,494,1.0,
116,0,6,494,1.0,
117,0,5,495,1.0,
118,0,5,495,1.0,
119,0,4,496,1.0,
120,0,4,496,1.0,
121,0,4,496,1.0,
122,0,3,497,1.0,
123,0,3,497,1.0,
124,0,2,498,1.0,
125,0,2,498,1.0,
126,0,2,498,1.0,
127,0,2,498,1.0,
128,0,2,498,1.0,
129,0,2,498,1.0,
130,0,2,498,1.0,
131,0,2,498,1.0,
132,0,2,498,1.0,
133,0,2,498,1.0,
134,0,2,498,1.0,
135,0,2,498,1.0,
136,0,2,498,1.0,
137,0,2,498,1.0,
138,0,2,498,1.0,
139,0,2,498,1.0,
140,0,2,498,1.0,
141,0,2,498,1.0,
142,0,2,498,1.0,
143,0,2,498,1.0,
144,0,2,498,1.0,
145,0,2,498,1.0,
146,0,2,498,1.0,
147,0,2,498,1.0,
148,0,2,498,1.0,
149,0,2,498,1.0,
150,0,2,498,1.0,
151,0,2,498,1.0,
152,0,2,498,1.0,
153,0,2,498,1.0,
154,0,2,498,1.0,
155,0,2,498,1.0,
156,0,2,498,1.0,
157,0,2,498,1.0,
158,0,2,498,1.0,
159,0,2,498,1.0,
160,0,2,498,1.0,
161,0,2,498,1.0,
162,0,2,498,1.0,
163,0,2,498,1.0,
164,0,2,498,1.0,
165,0,2,498,1.0,
166,0,2,498,1.0,
167,0,2,498,1.0,
168,0,1,499,1.0,
169,0,1,499,1.0,
170,0,0,500,1.0,
171,0,0,500,1.0,
172,0,0,500,1.0,
173,0,0,500,1.0,
174,0,0,500,1.0,
175,0,0,500,1.0,
176,0,0,500,1.0,
177,0,0,500,1.0,
178,0,0,500,1.0,
179,0,0,500,1.0,
180,0,0,500,1.0,
181,0,0,500,1.0,
182,0,0,500,1.0,
183,0,0,500,1.0,
184,0,0,500,1.0,
185,0,0,500,1.0,
186,0,0,500,1.0,
187,0,0,500,1.0,
188,0,0,500,1.0,
189,0,0,500,1.0,
190,0,0,500,1.0,
191,0,0,500,1.0,
192,0,0,500,1.0,
193,0,0,500,1.0,
194,0,0,500,1.0,
195,0,0,500,1.0,
196,0,0,500,1.0,
197,0,0,500,1.0,
198,0,0,500,1.0,
199,0,0,500,1.0,
200,0,0,500,1.0,
1,499,1,0,1.0,1.0
2,498,2,0,0.9967272727272727,0.9983586209431958
3,498,2,0,0.9967272727272727,0.9983586209431958
4,495,5,0,0.989909090909091,0.9948948151708823
5,492,7,1,0.9845454545454545,0.9921394986862077
6,489,10,1,0.9796363636363636,0.9895817235845895
7,482,17,1,0.9650909090909091,0.9818800737325674
8,469,29,2,0.9484545454545454,0.9724891761358999
9,458,38,4,0.9376363636363636,0.9659388659031013
10,431,61,8,0.9021818181818182,0.9431869162152913
11,394,95,11,0.8642727272727273,0.9138431515400647
12,356,129,15,0.8229090909090909,0.8756180936251934
13,312,166,22,0.8133636363636364,0.8504567942636699
14,269,202,29,0.8199090909090909,0.8326342184679809
15,219,244,37,0.8283636363636364,0.8041069123674238
16,155,297,48,0.862909090909091,0.7787811419786036
17,106,333,61,0.911,0.7898491010474208
18,65,356,79,0.947,0.7958945335082848
19,40,372,88,0.9630909090909091,0.768426037786503
20,25,374,101,0.9727272727272728,0.7260466458605994
21,17,366,117,0.9812727272727273,0.7243944230264339
22,10,359,131,0.9906363636363636,0.7649565421658444
23,4,352,144,0.998,0.874039816772375
24,1,340,159,0.9994545454545455,0.8604651162790697
25,0,324,176,1.0,
26,0,309,191,1.0,
27,0,296,204,1.0,
28,0,283,217,1.0,
29,0,270,230,1.0,
30,0,260,240,1.0,
31,0,252,248,1.0,
32,0,240,260,1.0,
33,0,230,270,1.0,
34,0,225,275,1.0,
35,0,215,285,1.0,
36,0,206,294,1.0,
37,0,202,298,1.0,
38,0,198,302,1.0,
39,0,189,311,1.0,
40,0,181,319,1.0,
41,0,174,326,1.0,
42,0,167,333,1.0,
43,0,162,338,1.0,
44,0,156,344,1.0,
45,0,150,350,1.0,
46,0,143,357,1.0,
47,0,137,363,1.0,
48,0,130,370,1.0,
49,0,123,377,1.0,
50,0,122,378,1.0,
51,0,117,383,1.0,
52,0,109,391,1.0,
53,0,105,395,1.0,
54,0,102,398,1.0,
55,0,93,407,1.0,
56,0,90,410,1.0,
57,0,87,413,1.0,
58,0,83,417,1.0,
59,0,81,419,1.0,
60,0,75,425,1.0,
61,0,71,429,1.0,
62,0,66,434,1.0,
63,0,64,436,1.0,
64,0,62,438,1.0,
65,0,61,439,1.0,
66,0,61,439,1.0,
67,0,56,444,1.0,
68,0,52,448,1.0,
69,0,50,450,1.0,
70,0,45,455,1.0,
71,0,44,456,1.0,
72,0,40,460,1.0,
73,0,37,463,1.0,
74,0,35,465,1.0,
75,0,34,466,1.0,
76,0,34,466,1.0,
77,0,34,466,1.0,
78,0,32,468,1.0,
79,0,30,470,1.0,
80,0,28,472,1.0,
81,0,28,472,1.0,
82,0,25,475,1.0,
83,0,23,477,1.0,
84,0,21,479,1.0,
85,0,21,479,1.0,
86,0,20,480,1.0,
87,0,19,481,1.0,
88,0,18,482,1.0,
89,0,17,483,1.0,
90,0,17,483,1.0,
91,0,17,483,1.0,
92,0,16,484,1.0,
93,0,15,485,1.0,
94,0,13,487,1.0,
95,0,13,487,1.0,
96,0,13,487,1.0,
97,0,13,487,1.0,
98,0,13,487,1.0,
99,0,13,487,1.0,
100,0,13,487,1.0,
101,0,13,487,1.0,
102,0,12,488,1.0,
103,0,12,488,1.0,
104,0,12,488,1.0,
105,0,12,488,1.0,
106,0,12,488,1.0,
107,0,11,489,1.0,
108,0,10,490,1.0,
109,0,8,492,1.0,
110,0,8,492,1.0,
111,0,8,492,1.0,
112,0,8,492,1.0,
113,0,7,493,1.0,
114,0,7,493,1.0,
115,0,6,494,1.0,
116,0,4,496,1.0,
117,0,4,496,1.0,
118,0,4,496,1.0,
119,0,4,496,1.0,
120,0,4,496,1.0,
121,0,4,496,1.0,
122,0,4,496,1.0,
123,0,4,496,1.0,
124,0,4,496,1.0,
125,0,3,497,1.0,
126,0,2,498,1.0,
127,0,2,498,1.0,
128,0,2,498,1.0,
129,0,2,498,1.0,
130,0,2,498,1.0,
131,0,2,498,1.0,
132,0,2,498,1.0,
133,0,2,498,1.0,
134,0,2,498,1.0,
135,0,2,498,1.0,
136,0,2,498,1.0,
137,0,2,498,1.0,
138,0,2,498,1.0,
139,0,2,498,1.0,
140,0,2,498,1.0,
141,0,2,498,1.0,
142,0,2,498,1.0,
143,0,2,498,1.0,
144,0,2,498,1.0,
145,0,2,498,1.0,
146,0,1,499,1.0,
147,0,1,499,1.0,
148,0,1,499,1.0,
149,0,1,499,1.0,
150,0,1,499,1.0,
151,0,1,499,1.0,
152,0,1,499,1.0,
153,0,1,499,1.0,
154,0,1,499,1.0,
155,0,1,499,1.0,
156,0,1,499,1.0,
157,0,1,499,1.0,
158,0,1,499,1.0,
159,0,1,499,1.0,
160,0,1,499,1.0,
161,0,1,499,1.0,
162,0,1,499,1.0,
163,0,1,499,1.0,
164,0,1,499,1.0,
165,0,1,499,1.0,
166,0,1,499,1.0,
167,0,1,499,1.0,
168,0,0,500,1.0,
169,0,0,500,1.0,
170,0,0,500,1.0,
171,0,0,500,1.0,
172,0,0,500,1.0,
173,0,0,500,1.0,
174,0,0,500,1.0,
175,0,0,500,1.0,
176,0,0,500,1.0,
177,0,0,500,1.0,
178,0,0,500,1.0,
179,0,0,500,1.0,
180,0,0,500,1.0,
181,0,0,500,1.0,
182,0,0,500,1.0,
183,0,0,500,1.0,
184,0,0,500,1.0,
185,0,0,500,1.0,
186,0,0,500,1.0,
187,0,0,500,1.0,
188,0,0,500,1.0,
189,0,0,500,1.0,
190,0,0,500,1.0,
191,0,0,500,1.0,
192,0,0,500,1.0,
193,0,0,500,1.0,
194,0,0,500,1.0,
195,0,0,500,1.0,
196,0,0,500,1.0,
197,0,0,500,1.0,
198,0,0,500,1.0,
199,0,0,500,1.0,
200,0,0,500,1.0,
1,493,7,0,0.9863636363636363,0.9930786370099546
2,489,11,0,0.977,0.9882224674919781
3,482,17,1,0.9651818181818181,0.9819171502769923
4,472,26,2,0.9496363636363636,0.9733079484424791
5,464,33,3,0.9423636363636364,0.9689190178518914
6,450,47,3,0.93,0.9610715184651821
7,434,62,4,0.9302727272727273,0.9598039861461695
8,406,86,8,0.9196363636363636,0.9505667959903528
9,380,109,11,0.8998181818181819,0.934124744390044
10,341,146,13,0.8767272727272727,0.909657536669498
11,293,190,17,0.8387272727272728,0.8623737548117835
12,242,237,21,0.8246363636363636,0.8189006057331268
13,196,270,34,0.8325454545454546,0.7863314323972217
14,149,305,46,0.8566363636363636,0.7591993933663828
15,107,332,61,0.8974545454545455,0.7600040582570776
16,63,361,76,0.9382727272727273,0.7540645385967739
17,31,375,94,0.9740909090909091,0.7909701192472972
18,14,376,110,0.9943636363636363,0.8996508126184566
19,1,374,125,1.0,1.0
20,1,363,136,1.0,1.0
21,0,354,146,1.0,
22,0,344,156,1.0,
23,0,332,168,1.0,
24,0,319,181,1.0,
25,0,306,194,1.0,
26,0,298,202,1.0,
27,0,279,221,1.0,
28,0,272,228,1.0,
29,0,260,240,1.0,
30,0,250,250,1.0,
31,0,241,259,1.0,
32,0,235,265,1.0,
33,0,217,283,1.0,
34,0,206,294,1.0,
35,0,193,307,1.0,
36,0,180,320,1.0,
37,0,175,325,1.0,
38,0,168,332,1.0,
39,0,163,337,1.0,
40,0,157,343,1.0,
41,0,145,355,1.0,
42,0,141,359,1.0,
43,0,134,366,1.0,
44,0,131,369,1.0,
45,0,123,377,1.0,
46,0,118,382,1.0,
47,0,115,385,1.0,
48,0,111,389,1.0,
49,0,107,393,1.0,
50,0,103,397,1.0,
51,0,100,400,1.0,
52,0,96,404,1.0,
53,0,91,409,1.0,
54,0,90,410,1.0,
55,0,88,412,1.0,
56,0,85,415,1.0,
57,0,83,417,1.0,
58,0,81,419,1.0,
59,0,75,425,1.0,
60,0,74,426,1.0,
61,0,71,429,1.0,
62,0,68,432,1.0,
63,0,65,435,1.0,
64,0,62,438,1.0,
65,0,60,440,1.0,
66,0,59,441,1.0,
67,0,58,442,1.0,
68,0,54,446,1.0,
69,0,52,448,1.0,
70,0,50,450,1.0,
71,0,47,453,1.0,
72,0,43,457,1.0,
73,0,39,461,1.0,
74,0,38,462,1.0,
75,0,38,462,1.0,
76,0,38,462,1.0,
77,0,36,464,1.0,
78,0,35,465,1.0,
79,0,34,466,1.0,
80,0,32,468,1.0,
81,0,31,469,1.0,
82,0,29,471,1.0,
83,0,28,472,1.0,
84,0,28,472,1.0,
85,0,27,473,1.0,
86,0,25,475,1.0,
87,0,25,475,1.0,
88,0,25,475,1.0,
89,0,25,475,1.0,
90,0,25,475,1.0,
91,0,23,477,1.0,
92,0,23,477,1.0,
93,0,23,477,1.0,
94,0,18,482,1.0,
95,0,16,484,1.0,
96,0,16,484,1.0,
97,0,16,484,1.0,
98,0,15,485,1.0,
99,0,15,485,1.0,
100,0,13,487,1.0,
101,0,12,488,1.0,
102,0,11,489,1.0,
103,0,11,489,1.0,
104,0,10,490,1.0,
105,0,10,490,1.0,
106,0,9,491,1.0,
107,0,9,491,1.0,
108,0,9,491,1.0,
109,0,9,491,1.0,
110,0,9,491,1.0,
111,0,8,492,1.0,
112,0,8,492,1.0,
113,0,8,492,1.0,
114,0,8,492,1.0,
115,0,8,492,1.0,
116,0,8,492,1.0,
117,0,7,493,1.0,
118,0,7,493,1.0,
119,0,6,494,1.0,
120,0,6,494,1.0,
121,0,5,495,1.0,
122,0,5,495,1.0,
123,0,5,495,1.0,
124,0,4,496,1.0,
125,0,4,496,1.0,
126,0,4,496,1.0,
127,0,4,496,1.0,
128,0,4,496,1.0,
129,0,4,496,1.0,
130,0,4,496,1.0,
131,0,4,496,1.0,
132,0,2,498,1.0,
133,0,1,499,1.0,
134,0,1,499,1.0,
135,0,1,499,1.0,
136,0,0,500,1.0,
137,0,0,500,1.0,
138,0,0,500,1.0,
139,0,0,500,1.0,
140,0,0,500,1.0,
141,0,0,500,1.0,
142,0,0,500,1.0,
143,0,0,500,1.0,
144,0,0,500,1.0,
145,0,0,500,1.0,
146,0,0,500,1.0,
147,0,0,500,1.0,
148,0,0,500,1.0,
149,0,0,500,1.0,
150,0,0,500,1.0,
151,0,0,500,1.0,
152,0,0,500,1.0,
153,0,0,500,1.0,
154,0,0,500,1.0,
155,0,0,500,1.0,
156,0,0,500,1.0,
157,0,0,500,1.0,
158,0,0,500,1.0,
159,0,0,500,1.0,
160,0,0,500,1.0,
161,0,0,500,1.0,
162,0,0,500,1.0,
163,0,0,500,1.0,
164,0,0,500,1.0,
165,0,0,500,1.0,
166,0,0,500,1.0,
167,0,0,500,1.0,
168,0,0,500,1.0,
169,0,0,500,1.0,
170,0,0,500,1.0,
171,0,0,500,1.0,
172,0,0,500,1.0,
173,0,0,500,1.0,
174,0,0,500,1.0,
175,0,0,500,1.0,
176,0,0,500,1.0,
177,0,0,500,1.0,
178,0,0,500,1.0,
179,0,0,500,1.0,
180,0,0,500,1.0,
181,0,0,500,1.0,
182,0,0,500,1.0,
183,0,0,500,1.0,
184,0,0,500,1.0,
185,0,0,500,1.0,
186,0,0,500,1.0,
187,0,0,500,1.0,
188,0,0,500,1.0,
189,0,0,500,1.0,
190,0,0,500,1.0,
191,0,0,500,1.0,
192,0,0,500,1.0,
193,0,0,500,1.0,
194,0,0,500,1.0,
195,0,0,500,1.0,
196,0,0,500,1.0,
197,0,0,500,1.0,
198,0,0,500,1.0,
199,0,0,500,1.0,
200,0,0,500,1.0,
1,495,5,0,0.989909090909091,1.0
2,493,7,0,0.9846363636363636,0.9972820665565963
3,489,11,0,0.976909090909091,0.9932688825256444
4,482,18,0,0.967,0.9879341269629781
5,470,29,1,0.9648181818181818,0.9862919267997936
6,462,34,4,0.957,0.981707703058488
7,451,44,5,0.948,0.97610686670389
8,436,58,6,0.934,0.9670114610697322
9,420,70,10,0.9134545454545454,0.9532601461154069
10,391,92,17,0.8886363636363637,0.9334776454773174
11,353,126,21,0.8698181818181818,0.9123874677141063
12,320,153,27,0.8411818181818181,0.8803260576495401
13,274,190,36,0.8109090909090909,0.831482828465607
14,220,233,47,0.8,0.7765064845178674
15,170,266,64,0.8220909090909091,0.7417953302348105
16,113,315,72,0.8799090909090909,0.737596157932516
17,62,349,89,0.9451818181818182,0.7823165092817973
18,27,363,110,0.984,0.8552117626121861
19,4,371,125,0.9982727272727273,0.8948908433484125
20,0,364,136,1.0,
21,0,347,153,1.0,
22,0,334,166,1.0,
23,0,313,187,1.0,
24,0,299,201,1.0,
25,0,291,209,1.0,
26,0,284,216,1.0,
27,0,270,230,1.0,
28,0,259,241,1.0,
29,0,245,255,1.0,
30,0,234,266,1.0,
31,0,227,273,1.0,
32,0,216,284,1.0,
33,0,206,294,1.0,
34,0,201,299,1.0,
35,0,196,304,1.0,
36,0,193,307,1.0,
37,0,184,316,1.0,
38,0,181,319,1.0,
39,0,177,323,1.0,
40,0,169,331,1.0,
41,0,166,334,1.0,
42,0,162,338,1.0,
43,0,157,343,1.0,
44,0,153,347,1.0,
45,0,142,358,1.0,
46,0,138,362,1.0,
47,0,129,371,1.0,
48,0,123,377,1.0,
49,0,117,383,1.0,
50,0,115,385,1.0,
51,0,111,389,1.0,
52,0,104,396,1.0,
53,0,98,402,1.0,
54,0,97,403,1.0,
55,0,95,405,1.0,
56,0,92,408,1.0,
57,0,87,413,1.0,
58,0,84,416,1.0,
59,0,83,417,1.0,
60,0,78,422,1.0,
61,0,74,426,1.0,
62,0,73,427,1.0,
63,0,70,430,1.0,
64,0,67,433,1.0,
65,0,63,437,1.0,
66,0,59,441,1.0,
67,0,56,444,1.0,
68,0,54,446,1.0,
69,0,50,450,1.0,
70,0,50,450,1.0,
71,0,45,455,1.0,
72,0,45,455,1.0,
73,0,45,455,1.0,
74,0,42,458,1.0,
75,0,42,458,1.0,
76,0,42,458,1.0,
77,0,42,458,1.0,
78,0,41,459,1.0,
79,0,41,459,1.0,
80,0,39,461,1.0,
81,0,38,462,1.0,
82,0,37,463,1.0,
83,0,34,466,1.0,
84,0,31,469,1.0,
85,0,30,470,1.0,
86,0,28,472,1.0,
87,0,28,472,1.0,
88,0,28,472,1.0,
89,0,27,473,1.0,
90,0,26,474,1.0,
91,0,25,475,1.0,
92,0,24,476,1.0,
93,0,22,478,1.0,
94,0,22,478,1.0,
95,0,21,479,1.0,
96,0,20,480,1.0,
97,0,19,481,1.0,
98,0,17,483,1.0,
99,0,17,483,1.0,
100,0,17,483,1.0,
101,0,16,484,1.0,
102,0,16,484,1.0,
103,0,15,485,1.0,
104,0,14,486,1.0,
105,0,14,486,1.0,
106,0,13,487,1.0,
107,0,13,487,1.0,
108,0,12,488,1.0,
109,0,12,488,1.0,
110,0,12,488,1.0,
111,0,12,488,1.0,
112,0,12,488,1.0,
113,0,11,489,1.0,
114,0,11,489,1.0,
115,0,11,489,1.0,
116,0,11,489,1.0,
117,0,11,489,1.0,
118,0,11,489,1.0,
119,0,11,489,1.0,
120,0,11,489,1.0,
121,0,11,489,1.0,
122,0,11,489,1.0,
123,0,11,489,1.0,
124,0,11,489,1.0,
125,0,11,489,1.0,
126,0,11,489,1.0,
127,0,11,489,1.0,
128,0,11,489,1.0,
129,0,10,490,1.0,
130,0,10,490,1.0,
131,0,10,490,1.0,
132,0,10,490,1.0,
133,0,10,490,1.0,
134,0,10,490,1.0,
135,0,8,492,1.0,
136,0,6,494,1.0,
137,0,6,494,1.0,
138,0,6,494,1.0,
139,0,6,494,1.0,
140,0,6,494,1.0,
141,0,6,494,1.0,
142,0,6,494,1.0,
143,0,6,494,1.0,
144,0,6,494,1.0,
145,0,5,495,1.0,
146,0,5,495,1.0,
147,0,5,495,1.0,
148,0,5,495,1.0,
149,0,5,495,1.0,
150,0,4,496,1.0,
151,0,3,497,1.0,
152,0,3,497,1.0,
153,0,3,497,1.0,
154,0,3,497,1.0,
155,0,3,497,1.0,
156,0,2,498,1.0,
157,0,2,498,1.0,
158,0,2,498,1.0,
159,0,2,498,1.0,
160,0,2,498,1.0,
161,0,1,499,1.0,
162,0,1,499,1.0,
163,0,1,499,1.0,
164,0,1,499,1.0,
165,0,1,499,1.0,
166,0,1,499,1.0,
167,0,0,500,1.0,
168,0,0,500,1.0,
169,0,0,500,1.0,
170,0,0,500,1.0,
171,0,0,500,1.0,
172,0,0,500,1.0,
173,0,0,500,1.0,
174,0,0,500,1.0,
175,0,0,500,1.0,
176,0,0,500,1.0,
177,0,0,500,1.0,
178,0,0,500,1.0,
179,0,0,500,1.0,
180,0,0,500,1.0,
181,0,0,500,1.0,
182,0,0,500,1.0,
183,0,0,500,1.0,
184,0,0,500,1.0,
185,0,0,500,1.0,
186,0,0,500,1.0,
187,0,0,500,1.0,
188,0,0,500,1.0,
189,0,0,500,1.0,
190,0,0,500,1.0,
191,0,0,500,1.0,
192,0,0,500,1.0,
193,0,0,500,1.0,
194,0,0,500,1.0,
195,0,0,500,1.0,
196,0,0,500,1.0,
197,0,0,500,1.0,
198,0,0,500,1.0,
199,0,0,500,1.0,
200,0,0,500,1.0,
1,495,5,0,0.9900909090909091,1.0
2,493,7,0,0.9847272727272727,0.9972493206318883
3,487,13,0,0.9727272727272728,0.9909550742566872
4,477,21,2,0.9596363636363636,0.9837147033248528
5,470,28,2,0.9511818181818181,0.9788609684605643
6,460,36,4,0.9425454545454546,0.9735567497069243
7,446,49,5,0.9375454545454546,0.9696612233002879
8,425,67,8,0.9353636363636364,0.9666296561751736
9,403,87,10,0.9343636363636364,0.96400709214219
10,373,114,13,0.9272727272727272,0.9559727084941084
11,353,129,18,0.9037272727272727,0.9364217218130897
12,318,160,22,0.8691818181818182,0.9015286006486836
13,282,185,33,0.8430909090909091,0.8648413253559103
14,252,208,40,0.8356363636363636,0.8407661871714556
15,210,244,46,0.8229090909090909,0.7926869489894798
16,164,276,60,0.8505454545454545,0.7757474279006381
17,117,309,74,0.8822727272727273,0.7515412308634228
18,69,342,89,0.9321818181818182,0.7573814241097089
19,30,361,109,0.9762727272727273,0.8054176146382646
20,11,363,126,0.9964545454545455,0.9232272901590952
21,5,354,141,0.9981818181818182,0.9138412434136207
22,3,337,160,0.9992727272727273,0.9440928197896771
23,0,330,170,1.0,
24,0,318,182,1.0,
25,0,306,194,1.0,
26,0,292,208,1.0,
27,0,284,216,1.0,
28,0,276,224,1.0,
29,0,268,232,1.0,
30,0,264,236,1.0,
31,0,256,244,1.0,
32,0,248,252,1.0,
33,0,238,262,1.0,
34,0,225,275,1.0,
35,0,218,282,1.0,
36,0,211,289,1.0,
37,0,203,297,1.0,
38,0,196,304,1.0,
39,0,183,317,1.0,
40,0,174,326,1.0,
41,0,167,333,1.0,
42,0,164,336,1.0,
43,0,156,344,1.0,
44,0,151,349,1.0,
45,0,146,354,1.0,
46,0,140,360,1.0,
47,0,137,363,1.0,
48,0,133,367,1.0,
49,0,124,376,1.0,
50,0,120,380,1.0,
51,0,116,384,1.0,
52,0,113,387,1.0,
53,0,111,389,1.0,
54,0,108,392,1.0,
55,0,104,396,1.0,
56,0,100,400,1.0,
57,0,96,404,1.0,
58,0,93,407,1.0,
59,0,89,411,1.0,
60,0,85,415,1.0,
61,0,81,419,1.0,
62,0,78,422,1.0,
63,0,76,424,1.0,
64,0,72,428,1.0,
65,0,68,432,1.0,
66,0,62,438,1.0,
67,0,59,441,1.0,
68,0,55,445,1.0,
69,0,52,448,1.0,
70,0,50,450,1.0,
71,0,46,454,1.0,
72,0,44,456,1.0,
73,0,42,458,1.0,
74,0,41,459,1.0,
75,0,38,462,1.0,
76,0,36,464,1.0,
77,0,35,465,1.0,
78,0,33,467,1.0,
79,0,32,468,1.0,
80,0,32,468,1.0,
81,0,31,469,1.0,
82,0,29,471,1.0,
83,0,29,471,1.0,
84,0,28,472,1.0,
85,0,27,473,1.0,
86,0,27,473,1.0,
87,0,27,473,1.0,
88,0,27,473,1.0,
89,0,26,474,1.0,
90,0,22,478,1.0,
91,0,21,479,1.0,
92,0,20,480,1.0,
93,0,19,481,1.0,
94,0,18,482,1.0,
95,0,16,484,1.0,
96,0,15,485,1.0,
97,0,13,487,1.0,
98,0,11,489,1.0,
99,0,11,489,1.0,
100,0,10,490,1.0,
101,0,10,490,1.0,
102,0,10,490,1.0,
103,0,10,490,1.0,
104,0,9,491,1.0,
105,0,9,491,1.0,
106,0,8,492,1.0,
107,0,8,492,1.0,
108,0,8,492,1.0,
109,0,7,493,1.0,
110,0,7,493,1.0,
111,0,7,493,1.0,
112,0,7,493,1.0,
113,0,7,493,1.0,
114,0,7,493,1.0,
115,0,7,493,1.0,
116,0,7,493,1.0,
117,0,7,493,1.0,
118,0,7,493,1.0,
119,0,7,493,1.0,
120,0,7,493,1.0,
121,0,7,493,1.0,
122,0,7,493,1.0,
123,0,7,493,1.0,
124,0,7,493,1.0,
125,0,7,493,1.0,
126,0,7,493,1.0,
127,0,6,494,1.0,
128,0,6,494,1.0,
129,0,6,494,1.0,
130,0,6,494,1.0,
131,0,6,494,1.0,
132,0,6,494,1.0,
133,0,5,495,1.0,
134,0,4,496,1.0,
135,0,4,496,1.0,
136,0,4,496,1.0,
137,0,4,496,1.0,
138,0,3,497,1.0,
139,0,3,497,1.0,
140,0,2,498,1.0,
141,0,2,498,1.0,
142,0,2,498,1.0,
143,0,2,498,1.0,
144,0,2,498,1.0,
145,0,2,498,1.0,
146,0,2,498,1.0,
147,0,1,499,1.0,
148,0,1,499,1.0,
149,0,1,499,1.0,
150,0,1,499,1.0,
151,0,1,499,1.0,
152,0,1,499,1.0,
153,0,1,499,1.0,
154,0,1,499,1.0,
155,0,1,499,1.0,
156,0,1,499,1.0,
157,0,1,499,1.0,
158,0,1,499,1.0,
159,0,1,499,1.0,
160,0,1,499,1.0,
161,0,1,499,1.0,
162,0,1,499,1.0,
163,0,1,499,1.0,
164,0,1,499,1.0,
165,0,1,499,1.0,
166,0,1,499,1.0,
167,0,1,499,1.0,
168,0,1,499,1.0,
169,0,1,499,1.0,
170,0,1,499,1.0,
171,0,1,499,1.0,
172,0,1,499,1.0,
173,0,1,499,1.0,
174,0,1,499,1.0,
175,0,1,499,1.0,
176,0,1,499,1.0,
177,0,1,499,1.0,
178,0,1,499,1.0,
179,0,1,499,1.0,
180,0,1,499,1.0,
181,0,1,499,1.0,
182,0,1,499,1.0,
183,0,1,499,1.0,
184,0,1,499,1.0,
185,0,1,499,1.0,
186,0,1,499,1.0,
187,0,1,499,1.0,
188,0,1,499,1.0,
189,0,1,499,1.0,
190,0,1,499,1.0,
191,0,1,499,1.0,
192,0,1,499,1.0,
193,0,1,499,1.0,
194,0,1,499,1.0,
195,0,1,499,1.0,
196,0,1,499,1.0,
197,0,1,499,1.0,
198,0,1,499,1.0,
199,0,1,499,1.0,
200,0,1,499,1.0,
1,496,4,0,0.9927272727272727,1.0
2,492,8,0,0.9824545454545455,0.9947505931721365
3,483,17,0,0.9642727272727273,0.9851636205404325
4,473,27,0,0.9481818181818182,0.976243950871294
5,460,37,3,0.9405454545454546,0.9712493783874491
6,445,50,5,0.9313636363636364,0.9649449962445075
7,422,69,9,0.9332727272727273,0.9640181197664598
8,394,94,12,0.9130909090909091,0.9482719616403646
9,367,115,18,0.889090909090909,0.9277920461746538
10,331,144,25,0.8567272727272728,0.8950104344094604
11,289,178,33,0.8237272727272728,0.8504814434622571
12,240,220,40,0.8175454545454546,0.8125647254694724
13,192,260,48,0.8410909090909091,0.7955219667047275
14,129,316,55,0.8968181818181818,0.8026102963536544
15,73,355,72,0.9366363636363636,0.7857538171644738
16,44,369,87,0.9528181818181818,0.7348646065442773
17,28,366,106,0.9713636363636363,0.7467814400647398
18,10,372,118,0.9977272727272727,0.9464695751920716
19,3,364,133,0.9998181818181818,0.9884525808129077
20,1,346,153,0.9997272727272727,0.935228211076828
21,0,338,162,1.0,
22,0,324,176,1.0,
23,0,317,183,1.0,
24,0,303,197,1.0,
25,0,291,209,1.0,
26,0,279,221,1.0,
27,0,272,228,1.0,
28,0,259,241,1.0,
29,0,251,249,1.0,
30,0,238,262,1.0,
31,0,228,272,1.0,
32,0,218,282,1.0,
33,0,215,285,1.0,
34,0,207,293,1.0,
35,0,201,299,1.0,
36,0,193,307,1.0,
37,0,189,311,1.0,
38,0,176,324,1.0,
39,0,171,329,1.0,
40,0,166,334,1.0,
41,0,161,339,1.0,
42,0,153,347,1.0,
43,0,146,354,1.0,
44,0,139,361,1.0,
45,0,135,365,1.0,
46,0,130,370,1.0,
47,0,126,374,1.0,
48,0,123,377,1.0,
49,0,113,387,1.0,
50,0,109,391,1.0,
51,0,100,400,1.0,
52,0,93,407,1.0,
53,0,87,413,1.0,
54,0,81,419,1.0,
55,0,75,425,1.0,
56,0,74,426,1.0,
57,0,71,429,1.0,
58,0,70,430,1.0,
59,0,70,430,1.0,
60,0,69,431,1.0,
61,0,68,432,1.0,
62,0,64,436,1.0,
63,0,59,441,1.0,
64,0,56,444,1.0,
65,0,56,444,1.0,
66,0,53,447,1.0,
67,0,50,450,1.0,
68,0,47,453,1.0,
69,0,46,454,1.0,
70,0,45,455,1.0,
71,0,43,457,1.0,
72,0,43,457,1.0,
73,0,43,457,1.0,
74,0,41,459,1.0,
75,0,38,462,1.0,
76,0,37,463,1.0,
77,0,37,463,1.0,
78,0,35,465,1.0,
79,0,34,466,1.0,
80,0,31,469,1.0,
81,0,28,472,1.0,
82,0,28,472,1.0,
83,0,25,475,1.0,
84,0,24,476,1.0,
85,0,24,476,1.0,
86,0,24,476,1.0,
87,0,23,477,1.0,
88,0,21,479,1.0,
89,0,20,480,1.0,
90,0,19,481,1.0,
91,0,18,482,1.0,
92,0,16,484,1.0,
93,0,15,485,1.0,
94,0,15,485,1.0,
95,0,15,485,1.0,
96,0,15,485,1.0,
97,0,15,485,1.0,
98,0,13,487,1.0,
99,0,13,487,1.0,
100,0,13,487,1.0,
101,0,11,489,1.0,
102,0,10,490,1.0,
103,0,9,491,1.0,
104,0,9,491,1.0,
105,0,9,491,1.0,
106,0,9,491,1.0,
107,0,8,492,1.0,
108,0,8,492,1.0,
109,0,8,492,1.0,
110,0,7,493,1.0,
111,0,7,493,1.0,
112,0,7,493,1.0,
113,0,7,493,1.0,
114,0,6,494,1.0,
115,0,6,494,1.0,
116,0,5,495,1.0,
117,0,5,495,1.0,
118,0,5,495,1.0,
119,0,4,496,1.0,
120,0,4,496,1.0,
121,0,4,496,1.0,
122,0,3,497,1.0,
123,0,3,497,1.0,
124,0,3,497,1.0,
125,0,3,497,1.0,
126,0,3,497,1.0,
127,0,3,497,1.0,
128,0,3,497,1.0,
129,0,3,497,1.0,
130,0,3,497,1.0,
131,0,2,498,1.0,
132,0,2,498,1.0,
133,0,2,498,1.0,
134,0,2,498,1.0,
135,0,2,498,1.0,
136,0,2,498,1.0,
137,0,2,498,1.0,
138,0,2,498,1.0,
139,0,2,498,1.0,
140,0,2,498,1.0,
141,0,2,498,1.0,
142,0,2,498,1.0,
143,0,2,498,1.0,
144,0,2,498,1.0,
145,0,1,499,1.0,
146,0,1,499,1.0,
147,0,1,499,1.0,
148,0,1,499,1.0,
149,0,1,499,1.0,
150,0,1,499,1.0,
151,0,1,499,1.0,
152,0,1,499,1.0,
153,0,1,499,1.0,
154,0,1,499,1.0,
155,0,1,499,1.0,
156,0,1,499,1.0,
157,0,1,499,1.0,
158,0,1,499,1.0,
159,0,1,499,1.0,
160,0,1,499,1.0,
161,0,1,499,1.0,
162,0,1,499,1.0,
163,0,1,499,1.0,
164,0,1,499,1.0,
165,0,1,499,1.0,
166,0,1,499,1.0,
167,0,1,499,1.0,
168,0,1,499,1.0,
169,0,1,499,1.0,
170,0,1,499,1.0,
171,0,1,499,1.0,
172,0,1,499,1.0,
173,0,1,499,1.0,
174,0,1,499,1.0,
175,0,1,499,1.0,
176,0,1,499,1.0,
177,0,1,499,1.0,
178,0,1,499,1.0,
179,0,1,499,1.0,
180,0,1,499,1.0,
181,0,1,499,1.0,
182,0,1,499,1.0,
183,0,1,499,1.0,
184,0,0,500,1.0,
185,0,0,500,1.0,
186,0,0,500,1.0,
187,0,0,500,1.0,
188,0,0,500,1.0,
189,0,0,500,1.0,
190,0,0,500,1.0,
191,0,0,500,1.0,
192,0,0,500,1.0,
193,0,0,500,1.0,
194,0,0,500,1.0,
195,0,0,500,1.0,
196,0,0,500,1.0,
197,0,0,500,1.0,
198,0,0,500,1.0,
199,0,0,500,1.0,
200,0,0,500,1.0,
1,498,2,0,0.9982727272727273,1.0
2,494,6,0,0.9881818181818182,0.9948832388370484
3,490,10,0,0.9788181818181818,0.990062370046668
4,485,14,1,0.9698181818181818,0.9853321510324375
5,475,23,2,0.9525454545454546,0.9759209103845106
6,465,32,3,0.9360909090909091,0.9664939212185647
7,455,40,5,0.9239090909090909,0.9590722822289056
8,431,61,8,0.9069090909090909,0.9469753301548304
9,405,82,13,0.9139090909090909,0.9478322362598254
10,383,99,18,0.9076363636363637,0.9406669379534252
11,365,112,23,0.9031818181818182,0.9345839612146464
12,335,138,27,0.884090909090909,0.9144038017019162
13,300,157,43,0.8881818181818182,0.9077282087953966
14,273,179,48,0.8825454545454545,0.8933230060713171
15,241,203,56,0.893,0.8897058008710204
16,201,237,62,0.906,0.883701116377347
17,163,267,70,0.8812727272727273,0.8183763540098621
18,127,292,81,0.8815454545454545,0.7669451239854151
19,95,311,94,0.9046363636363637,0.7486726365509022
20,54,339,107,0.9472727272727273,0.7555475332326774
21,24,353,123,0.9855454545454545,0.84862393892309
22,7,355,138,0.9985454545454545,0.9482356733855536
23,2,348,150,0.9993636363636363,0.9212553693549937
24,2,339,159,0.9988181818181818,0.8530142308842535
25,0,322,178,1.0,
26,0,310,190,1.0,
27,0,299,201,1.0,
28,0,285,215,1.0,
29,0,268,232,1.0,
30,0,257,243,1.0,
31,0,248,252,1.0,
32,0,235,265,1.0,
33,0,221,279,1.0,
34,0,209,291,1.0,
35,0,203,297,1.0,
36,0,196,304,1.0,
37,0,185,315,1.0,
38,0,180,320,1.0,
39,0,173,327,1.0,
40,0,166,334,1.0,
41,0,160,340,1.0,
42,0,156,344,1.0,
43,0,146,354,1.0,
44,0,140,360,1.0,
45,0,130,370,1.0,
46,0,127,373,1.0,
47,0,124,376,1.0,
48,0,121,379,1.0,
49,0,115,385,1.0,
50,0,110,390,1.0,
51,0,107,393,1.0,
52,0,106,394,1.0,
53,0,101,399,1.0,
54,0,98,402,1.0,
55,0,92,408,1.0,
56,0,90,410,1.0,
57,0,88,412,1.0,
58,0,82,418,1.0,
59,0,76,424,1.0,
60,0,75,425,1.0,
61,0,73,427,1.0,
62,0,68,432,1.0,
63,0,65,435,1.0,
64,0,61,439,1.0,
65,0,57,443,1.0,
66,0,54,446,1.0,
67,0,51,449,1.0,
68,0,46,454,1.0,
69,0,45,455,1.0,
70,0,45,455,1.0,
71,0,44,456,1.0,
72,0,43,457,1.0,
73,0,42,458,1.0,
74,0,41,459,1.0,
75,0,40,460,1.0,
76,0,40,460,1.0,
77,0,38,462,1.0,
78,0,37,463,1.0,
79,0,34,466,1.0,
80,0,33,467,1.0,
81,0,30,470,1.0,
82,0,28,472,1.0,
83,0,27,473,1.0,
84,0,27,473,1.0,
85,0,25,475,1.0,
86,0,24,476,1.0,
87,0,22,478,1.0,
88,0,21,479,1.0,
89,0,18,482,1.0,
90,0,18,482,1.0,
91,0,16,484,1.0,
92,0,16,484,1.0,
93,0,14,486,1.0,
94,0,14,486,1.0,
95,0,14,486,1.0,
96,0,14,486,1.0,
97,0,14,486,1.0,
98,0,13,487,1.0,
99,0,11,489,1.0,
100,0,11,489,1.0,
101,0,11,489,1.0,
102,0,11,489,1.0,
103,0,10,490,1.0,
104,0,7,493,1.0,
105,0,7,493,1.0,
106,0,7,493,1.0,
107,0,7,493,1.0,
108,0,7,493,1.0,
109,0,6,494,1.0,
110,0,6,494,1.0,
111,0,6,494,1.0,
112,0,5,495,1.0,
113,0,5,495,1.0,
114,0,4,496,1.0,
115,0,4,496,1.0,
116,0,3,497,1.0,
117,0,3,497,1.0,
118,0,2,498,1.0,
119,0,2,498,1.0,
120,0,2,498,1.0,
121,0,1,499,1.0,
122,0,1,499,1.0,
123,0,1,499,1.0,
124,0,1,499,1.0,
125,0,1,499,1.0,
126,0,1,499,1.0,
127,0,1,499,1.0,
128,0,1,499,1.0,
129,0,1,499,1.0,
130,0,1,499,1.0,
131,0,1,499,1.0,
132,0,1,499,1.0,
133,0,0,500,1.0,
134,0,0,500,1.0,
135,0,0,500,1.0,
136,0,0,500,1.0,
137,0,0,500,1.0,
138,0,0,500,1.0,
139,0,0,500,1.0,
140,0,0,500,1.0,
141,0,0,500,1.0,
142,0,0,500,1.0,
143,0,0,500,1.0,
144,0,0,500,1.0,
145,0,0,500,1.0,
146,0,0,500,1.0,
147,0,0,500,1.0,
148,0,0,500,1.0,
149,0,0,500,1.0,
150,0,0,500,1.0,
151,0,0,500,1.0,
152,0,0,500,1.0,
153,0,0,500,1.0,
154,0,0,500,1.0,
155,0,0,500,1.0,
156,0,0,500,1.0,
157,0,0,500,1.0,
158,0,0,500,1.0,
159,0,0,500,1.0,
160,0,0,500,1.0,
161,0,0,500,1.0,
162,0,0,500,1.0,
163,0,0,500,1.0,
164,0,0,500,1.0,
165,0,0,500,1.0,
166,0,0,500,1.0,
167,0,0,500,1.0,
168,0,0,500,1.0,
169,0,0,500,1.0,
170,0,0,500,1.0,
171,0,0,500,1.0,
172,0,0,500,1.0,
173,0,0,500,1.0,
174,0,0,500,1.0,
175,0,0,500,1.0,
176,0,0,500,1.0,
177,0,0,500,1.0,
178,0,0,500,1.0,
179,0,0,500,1.0,
180,0,0,500,1.0,
181,0,0,500,1.0,
182,0,0,500,1.0,
183,0,0,500,1.0,
184,0,0,500,1.0,
185,0,0,500,1.0,
186,0,0,500,1.0,
187,0,0,500,1.0,
188,0,0,500,1.0,
189,0,0,500,1.0,
190,0,0,500,1.0,
191,0,0,500,1.0,
192,0,0,500,1.0,
193,0,0,500,1.0,
194,0,0,500,1.0,
195,0,0,500,1.0,
196,0,0,500,1.0,
197,0,0,500,1.0,
198,0,0,500,1.0,
199,0,0,500,1.0,
200,0,0,500,1.0,
1,496,4,0,0.9925454545454545,1.0
2,492,8,0,0.982909090909091,0.995042797867341
3,486,13,1,0.9731818181818181,0.9899071213965148
4,479,20,1,0.9600909090909091,0.9828183241293438
5,468,30,2,0.9407272727272727,0.9719178793655374
6,447,48,5,0.9142727272727272,0.9555275447636911
7,422,71,7,0.8846363636363637,0.9350734408496233
8,395,95,10,0.8824545454545455,0.9290448051611477
9,360,125,15,0.8909090909090909,0.9278281433208793
10,322,150,28,0.8862727272727273,0.9152575252718023
11,283,182,35,0.8781818181818182,0.895887754922302
12,238,217,45,0.8483636363636363,0.844166778529732
13,189,252,59,0.8475454545454545,0.8016072894108599
14,145,282,73,0.8695454545454545,0.7777014534018637
15,110,305,85,0.8951818181818182,0.7644097288136881
16,65,339,96,0.9381818181818182,0.7650368504758951
17,33,357,110,0.9698181818181818,0.774244208794162
18,17,363,120,0.9880909090909091,0.8279447479977754
19,4,362,134,0.999,0.9424323328839748
20,1,354,145,0.999,0.7584070844510092
21,1,341,158,0.9989090909090909,0.7361009937318619
22,1,330,169,0.9989090909090909,0.7361009937318619
23,0,314,186,1.0,
24,0,305,195,1.0,
25,0,292,208,1.0,
26,0,284,216,1.0,
27,0,275,225,1.0,
28,0,260,240,1.0,
29,0,246,254,1.0,
30,0,240,260,1.0,
31,0,232,268,1.0,
32,0,226,274,1.0,
33,0,218,282,1.0,
34,0,206,294,1.0,
35,0,196,304,1.0,
36,0,189,311,1.0,
37,0,184,316,1.0,
38,0,178,322,1.0,
39,0,175,325,1.0,
40,0,174,326,1.0,
41,0,166,334,1.0,
42,0,163,337,1.0,
43,0,157,343,1.0,
44,0,152,348,1.0,
45,0,146,354,1.0,
46,0,138,362,1.0,
47,0,134,366,1.0,
48,0,127,373,1.0,
49,0,119,381,1.0,
50,0,114,386,1.0,
51,0,110,390,1.0,
52,0,104,396,1.0,
53,0,98,402,1.0,
54,0,97,403,1.0,
55,0,91,409,1.0,
56,0,89,411,1.0,
57,0,84,416,1.0,
58,0,82,418,1.0,
59,0,79,421,1.0,
60,0,76,424,1.0,
61,0,73,427,1.0,
62,0,71,429,1.0,
63,0,67,433,1.0,
64,0,64,436,1.0,
65,0,61,439,1.0,
66,0,59,441,1.0,
67,0,56,444,1.0,
68,0,55,445,1.0,
69,0,53,447,1.0,
70,0,50,450,1.0,
71,0,48,452,1.0,
72,0,47,453,1.0,
73,0,42,458,1.0,
74,0,41,459,1.0,
75,0,40,460,1.0,
76,0,39,461,1.0,
77,0,37,463,1.0,
78,0,35,465,1.0,
79,0,35,465,1.0,
80,0,35,465,1.0,
81,0,32,468,1.0,
82,0,32,468,1.0,
83,0,30,470,1.0,
84,0,30,470,1.0,
85,0,30,470,1.0,
86,0,30,470,1.0,
87,0,29,471,1.0,
88,0,28,472,1.0,
89,0,27,473,1.0,
90,0,26,474,1.0,
91,0,26,474,1.0,
92,0,24,476,1.0,
93,0,24,476,1.0,
94,0,24,476,1.0,
95,0,23,477,1.0,
96,0,23,477,1.0,
97,0,21,479,1.0,
98,0,21,479,1.0,
99,0,21,479,1.0,
100,0,21,479,1.0,
101,0,21,479,1.0,
102,0,20,480,1.0,
103,0,20,480,1.0,
104,0,20,480,1.0,
105,0,19,481,1.0,
106,0,18,482,1.0,
107,0,16,484,1.0,
108,0,16,484,1.0,
109,0,14,486,1.0,
110,0,14,486,1.0,
111,0,14,486,1.0,
112,0,14,486,1.0,
113,0,14,486,1.0,
114,0,14,486,1.0,
115,0,14,486,1.0,
116,0,14,486,1.0,
117,0,13,487,1.0,
118,0,10,490,1.0,
119,0,10,490,1.0,
120,0,10,490,1.0,
121,0,10,490,1.0,
122,0,9,491,1.0,
123,0,8,492,1.0,
124,0,7,493,1.0,
125,0,6,494,1.0,
126,0,6,494,1.0,
127,0,6,494,1.0,
128,0,5,495,1.0,
129,0,5,495,1.0,
130,0,5,495,1.0,
131,0,5,495,1.0,
132,0,5,495,1.0,
133,0,5,495,1.0,
134,0,4,496,1.0,
135,0,4,496,1.0,
136,0,4,496,1.0,
137,0,4,496,1.0,
138,0,4,496,1.0,
139,0,4,496,1.0,
140,0,4,496,1.0,
141,0,4,496,1.0,
142,0,4,496,1.0,
143,0,4,496,1.0,
144,0,4,496,1.0,
145,0,4,496,1.0,
146,0,4,496,1.0,
147,0,4,496,1.0,
148,0,3,497,1.0,
149,0,3,497,1.0,
150,0,3,497,1.0,
151,0,2,498,1.0,
152,0,2,498,1.0,
153,0,2,498,1.0,
154,0,2,498,1.0,
155,0,2,498,1.0,
156,0,2,498,1.0,
157,0,2,498,1.0,
158,0,2,498,1.0,
159,0,2,498,1.0,
160,0,2,498,1.0,
161,0,2,498,1.0,
162,0,2,498,1.0,
163,0,2,498,1.0,
164,0,2,498,1.0,
165,0,2,498,1.0,
166,0,1,499,1.0,
167,0,1,499,1.0,
168,0,1,499,1.0,
169,0,1,499,1.0,
170,0,1,499,1.0,
171,0,1,499,1.0,
172,0,1,499,1.0,
173,0,1,499,1.0,
174,0,1,499,1.0,
175,0,1,499,1.0,
176,0,1,499,1.0,
177,0,1,499,1.0,
178,0,1,499,1.0,
179,0,1,499,1.0,
180,0,1,499,1.0,
181,0,1,499,1.0,
182,0,1,499,1.0,
183,0,1,499,1.0,
184,0,1,499,1.0,
185,0,1,499,1.0,
186,0,1,499,1.0,
187,0,0,500,1.0,
188,0,0,500,1.0,
189,0,0,500,1.0,
190,0,0,500,1.0,
191,0,0,500,1.0,
192,0,0,500,1.0,
193,0,0,500,1.0,
194,0,0,500,1.0,
195,0,0,500,1.0,
196,0,0,500,1.0,
197,0,0,500,1.0,
198,0,0,500,1.0,
199,0,0,500,1.0,
200,0,0,500,1.0,
1,497,3,0,0.993909090909091,1.0
2,493,6,1,0.9876363636363636,0.996792963673657
3,490,9,1,0.9836363636363636,0.9947233745149942
4,482,17,1,0.9684545454545455,0.9866830953335903
5,472,25,3,0.9557272727272728,0.9795357737415705
6,458,34,8,0.9394545454545454,0.9698983802729498
7,441,49,10,0.9192727272727272,0.9571658749715974
8,416,73,11,0.9025454545454545,0.944322036683877
9,384,101,15,0.8834545454545455,0.9269863740963367
10,344,134,22,0.8726363636363637,0.9103502597974158
11,295,178,27,0.852,0.877352787586764
12,250,210,40,0.8402727272727273,0.8428796278915197
13,204,236,60,0.8390909090909091,0.8050669899735058
14,157,270,73,0.851909090909091,0.7660830036724141
15,112,301,87,0.8861818181818182,0.7474720441699905
16,68,327,105,0.9292727272727273,0.7411182374868865
17,41,339,120,0.96,0.7567607749550014
18,20,344,136,0.9833636363636363,0.7938451138028
19,6,341,153,0.9953636363636363,0.8106462916645599
20,2,332,166,0.9985454545454545,0.8219603842677315
21,0,324,176,1.0,
22,0,319,181,1.0,
23,0,306,194,1.0,
24,0,293,207,1.0,
25,0,279,221,1.0,
26,0,258,242,1.0,
27,0,249,251,1.0,
28,0,237,263,1.0,
29,0,231,269,1.0,
30,0,218,282,1.0,
31,0,207,293,1.0,
32,0,202,298,1.0,
33,0,192,308,1.0,
34,0,189,311,1.0,
35,0,182,318,1.0,
36,0,167,333,1.0,
37,0,158,342,1.0,
38,0,151,349,1.0,
39,0,150,350,1.0,
40,0,145,355,1.0,
41,0,139,361,1.0,
42,0,134,366,1.0,
43,0,123,377,1.0,
44,0,119,381,1.0,
45,0,117,383,1.0,
46,0,114,386,1.0,
47,0,111,389,1.0,
48,0,103,397,1.0,
49,0,94,406,1.0,
50,0,91,409,1.0,
51,0,86,414,1.0,
52,0,78,422,1.0,
53,0,74,426,1.0,
54,0,73,427,1.0,
55,0,71,429,1.0,
56,0,68,432,1.0,
57,0,63,437,1.0,
58,0,61,439,1.0,
59,0,59,441,1.0,
60,0,58,442,1.0,
61,0,56,444,1.0,
62,0,56,444,1.0,
63,0,55,445,1.0,
64,0,52,448,1.0,
65,0,50,450,1.0,
66,0,48,452,1.0,
67,0,47,453,1.0,
68,0,43,457,1.0,
69,0,36,464,1.0,
70,0,34,466,1.0,
71,0,33,467,1.0,
72,0,32,468,1.0,
73,0,32,468,1.0,
74,0,30,470,1.0,
75,0,30,470,1.0,
76,0,29,471,1.0,
77,0,28,472,1.0,
78,0,25,475,1.0,
79,0,25,475,1.0,
80,0,23,477,1.0,
81,0,23,477,1.0,
82,0,23,477,1.0,
83,0,23,477,1.0,
84,0,22,478,1.0,
85,0,22,478,1.0,
86,0,22,478,1.0,
87,0,22,478,1.0,
88,0,21,479,1.0,
89,0,21,479,1.0,
90,0,21,479,1.0,
91,0,21,479,1.0,
92,0,21,479,1.0,
93,0,20,480,1.0,
94,0,19,481,1.0,
95,0,18,482,1.0,
96,0,18,482,1.0,
97,0,17,483,1.0,
98,0,17,483,1.0,
99,0,16,484,1.0,
100,0,12,488,1.0,
101,0,12,488,1.0,
102,0,12,488,1.0,
103,0,12,488,1.0,
104,0,12,488,1.0,
105,0,12,488,1.0,
106,0,11,489,1.0,
107,0,11,489,1.0,
108,0,11,489,1.0,
109,0,11,489,1.0,
110,0,10,490,1.0,
111,0,10,490,1.0,
112,0,10,490,1.0,
113,0,10,490,1.0,
114,0,10,490,1.0,
115,0,9,491,1.0,
116,0,8,492,1.0,
117,0,8,492,1.0,
118,0,7,493,1.0,
119,0,6,494,1.0,
120,0,6,494,1.0,
121,0,6,494,1.0,
122,0,6,494,1.0,
123,0,6,494,1.0,
124,0,6,494,1.0,
125,0,6,494,1.0,
126,0,5,495,1.0,
127,0,4,496,1.0,
128,0,4,496,1.0,
129,0,2,498,1.0,
130,0,2,498,1.0,
131,0,2,498,1.0,
132,0,2,498,1.0,
133,0,2,498,1.0,
134,0,2,498,1.0,
135,0,2,498,1.0,
136,0,2,498,1.0,
137,0,2,498,1.0,
138,0,2,498,1.0,
139,0,2,498,1.0,
140,0,2,498,1.0,
141,0,2,498,1.0,
142,0,2,498,1.0,
143,0,2,498,1.0,
144,0,2,498,1.0,
145,0,2,498,1.0,
146,0,2,498,1.0,
147,0,2,498,1.0,
148,0,2,498,1.0,
149,0,1,499,1.0,
150,0,1,499,1.0,
151,0,1,499,1.0,
152,0,1,499,1.0,
153,0,1,499,1.0,
154,0,1,499,1.0,
155,0,1,499,1.0,
156,0,1,499,1.0,
157,0,1,499,1.0,
158,0,1,499,1.0,
159,0,1,499,1.0,
160,0,1,499,1.0,
161,0,1,499,1.0,
162,0,1,499,1.0,
163,0,1,499,1.0,
164,0,1,499,1.0,
165,0,1,499,1.0,
166,0,1,499,1.0,
167,0,0,500,1.0,
168,0,0,500,1.0,
169,0,0,500,1.0,
170,0,0,500,1.0,
171,0,0,500,1.0,
172,0,0,500,1.0,
173,0,0,500,1.0,
174,0,0,500,1.0,
175,0,0,500,1.0,
176,0,0,500,1.0,
177,0,0,500,1.0,
178,0,0,500,1.0,
179,0,0,500,1.0,
180,0,0,500,1.0,
181,0,0,500,1.0,
182,0,0,500,1.0,
183,0,0,500,1.0,
184,0,0,500,1.0,
185,0,0,500,1.0,
186,0,0,500,1.0,
187,0,0,500,1.0,
188,0,0,500,1.0,
189,0,0,500,1.0,
190,0,0,500,1.0,
191,0,0,500,1.0,
192,0,0,500,1.0,
193,0,0,500,1.0,
194,0,0,500,1.0,
195,0,0,500,1.0,
196,0,0,500,1.0,
197,0,0,500,1.0,
198,0,0,500,1.0,
199,0,0,500,1.0,
200,0,0,500,1.0,
1,498,2,0,0.998,1.0
2,493,6,1,0.9892727272727273,0.9955570294794143
3,482,16,2,0.9698181818181818,0.9853370394030897
4,472,23,5,0.9618181818181818,0.9807729497774549
5,462,32,6,0.9445454545454546,0.97100931827693
6,449,45,6,0.9203636363636364,0.9567030292353653
7,428,64,8,0.9012727272727272,0.9434558732815915
8,399,89,12,0.8976363636363637,0.9370099840331263
9,371,114,15,0.8861818181818182,0.9244136299906686
10,328,152,20,0.8597272727272727,0.8940283093905697
11,287,187,26,0.8461818181818181,0.8666490788685444
12,242,223,35,0.8379090909090909,0.8330605226479298
13,197,259,44,0.864,0.8276988156026216
14,146,296,58,0.9037272727272727,0.8353631311067493
15,101,328,71,0.93,0.826880012181898
16,75,347,78,0.9323636363636364,0.7745449877025392
17,54,353,93,0.9415454545454546,0.7290120894443085
18,36,350,114,0.963,0.7426595565106809
19,22,348,130,0.9805454545454545,0.7789391137665109
20,8,345,147,0.9971818181818182,0.912518730095953
21,0,345,155,1.0,
22,0,331,169,1.0,
23,0,309,191,1.0,
24,0,296,204,1.0,
25,0,283,217,1.0,
26,0,271,229,1.0,
27,0,265,235,1.0,
28,0,253,247,1.0,
29,0,244,256,1.0,
30,0,236,264,1.0,
31,0,224,276,1.0,
32,0,218,282,1.0,
33,0,204,296,1.0,
34,0,194,306,1.0,
35,0,189,311,1.0,
36,0,176,324,1.0,
37,0,165,335,1.0,
38,0,160,340,1.0,
39,0,154,346,1.0,
40,0,148,352,1.0,
41,0,146,354,1.0,
42,0,140,360,1.0,
43,0,138,362,1.0,
44,0,136,364,1.0,
45,0,131,369,1.0,
46,0,124,376,1.0,
47,0,123,377,1.0,
48,0,121,379,1.0,
49,0,115,385,1.0,
50,0,110,390,1.0,
51,0,106,394,1.0,
52,0,105,395,1.0,
53,0,103,397,1.0,
54,0,100,400,1.0,
55,0,97,403,1.0,
56,0,90,410,1.0,
57,0,89,411,1.0,
58,0,84,416,1.0,
59,0,76,424,1.0,
60,0,73,427,1.0,
61,0,68,432,1.0,
62,0,64,436,1.0,
63,0,63,437,1.0,
64,0,60,440,1.0,
65,0,57,443,1.0,
66,0,55,445,1.0,
67,0,53,447,1.0,
68,0,51,449,1.0,
69,0,50,450,1.0,
70,0,49,451,1.0,
71,0,48,452,1.0,
72,0,48,452,1.0,
73,0,47,453,1.0,
74,0,44,456,1.0,
75,0,41,459,1.0,
76,0,39,461,1.0,
77,0,39,461,1.0,
78,0,36,464,1.0,
79,0,35,465,1.0,
80,0,33,467,1.0,
81,0,33,467,1.0,
82,0,32,468,1.0,
83,0,29,471,1.0,
84,0,29,471,1.0,
85,0,29,471,1.0,
86,0,27,473,1.0,
87,0,25,475,1.0,
88,0,24,476,1.0,
89,0,24,476,1.0,
90,0,22,478,1.0,
91,0,21,479,1.0,
92,0,21,479,1.0,
93,0,19,481,1.0,
94,0,18,482,1.0,
95,0,15,485,1.0,
96,0,15,485,1.0,
97,0,15,485,1.0,
98,0,14,486,1.0,
99,0,14,486,1.0,
100,0,14,486,1.0,
101,0,12,488,1.0,
102,0,11,489,1.0,
103,0,11,489,1.0,
104,0,10,490,1.0,
105,0,10,490,1.0,
106,0,10,490,1.0,
107,0,10,490,1.0,
108,0,10,490,1.0,
109,0,8,492,1.0,
110,0,8,492,1.0,
111,0,8,492,1.0,
112,0,8,492,1.0,
113,0,8,492,1.0,
114,0,8,492,1.0,
115,0,7,493,1.0,
116,0,7,493,1.0,
117,0,6,494,1.0,
118,0,6,494,1.0,
119,0,6,494,1.0,
120,0,5,495,1.0,
121,0,5,495,1.0,
122,0,5,495,1.0,
123,0,5,495,1.0,
124,0,4,496,1.0,
125,0,4,496,1.0,
126,0,3,497,1.0,
127,0,3,497,1.0,
128,0,3,497,1.0,
129,0,3,497,1.0,
130,0,3,497,1.0,
131,0,3,497,1.0,
132,0,3,497,1.0,
133,0,3,497,1.0,
134,0,2,498,1.0,
135,0,1,499,1.0,
136,0,1,499,1.0,
137,0,1,499,1.0,
138,0,1,499,1.0,
139,0,1,499,1.0,
140,0,1,499,1.0,
141,0,1,499,1.0,
142,0,1,499,1.0,
143,0,1,499,1.0,
144,0,0,500,1.0,
145,0,0,500,1.0,
146,0,0,500,1.0,
147,0,0,500,1.0,
148,0,0,500,1.0,
149,0,0,500,1.0,
150,0,0,500,1.0,
151,0,0,500,1.0,
152,0,0,500,1.0,
153,0,0,500,1.0,
154,0,0,500,1.0,
155,0,0,500,1.0,
156,0,0,500,1.0,
157,0,0,500,1.0,
158,0,0,500,1.0,
159,0,0,500,1.0,
160,0,0,500,1.0,
161,0,0,500,1.0,
162,0,0,500,1.0,
163,0,0,500,1.0,
164,0,0,500,1.0,
165,0,0,500,1.0,
166,0,0,500,1.0,
167,0,0,500,1.0,
168,0,0,500,1.0,
169,0,0,500,1.0,
170,0,0,500,1.0,
171,0,0,500,1.0,
172,0,0,500,1.0,
173,0,0,500,1.0,
174,0,0,500,1.0,
175,0,0,500,1.0,
176,0,0,500,1.0,
177,0,0,500,1.0,
178,0,0,500,1.0,
179,0,0,500,1.0,
180,0,0,500,1.0,
181,0,0,500,1.0,
182,0,0,500,1.0,
183,0,0,500,1.0,
184,0,0,500,1.0,
185,0,0,500,1.0,
186,0,0,500,1.0,
187,0,0,500,1.0,
188,0,0,500,1.0,
189,0,0,500,1.0,
190,0,0,500,1.0,
191,0,0,500,1.0,
192,0,0,500,1.0,
193,0,0,500,1.0,
194,0,0,500,1.0,
195,0,0,500,1.0,
196,0,0,500,1.0,
197,0,0,500,1.0,
198,0,0,500,1.0,
199,0,0,500,1.0,
200,0,0,500,1.0,
1,497,3,0,0.9931818181818182,1.0
2,494,6,0,0.987909090909091,0.9973114657383252
3,485,15,0,0.9693636363636363,0.9876344976860643
4,473,27,0,0.9529090909090909,0.9784993523729788
5,465,34,1,0.9483636363636364,0.9756291999399069
6,452,44,4,0.9468181818181818,0.9739910706478571
7,437,54,9,0.9444545454545454,0.9716368516756146
8,419,70,11,0.9546363636363636,0.9763129835995136
9,396,83,21,0.9416363636363636,0.9664753610405317
10,374,101,25,0.9176363636363636,0.94821018047297
11,350,119,31,0.893090909090909,0.9267630380740277
12,322,142,36,0.8759090909090909,0.9066886097461736
13,289,166,45,0.8575454545454545,0.879771007045721
14,257,185,58,0.8544545454545455,0.8613624554880188
15,210,225,65,0.8674545454545455,0.8449438541104183
16,165,257,78,0.8899090909090909,0.8358868320455658
17,128,281,91,0.9094545454545454,0.8262804938671214
18,95,307,98,0.9198181818181819,0.7916106203223147
19,71,320,109,0.9323636363636364,0.7640551144924682
20,46,335,119,0.951,0.7349793403852555
21,28,345,127,0.9723636363636363,0.7537612489251255
22,11,353,136,0.9967272727272727,0.9282649791012879
23,0,347,153,1.0,
24,0,337,163,1.0,
25,0,322,178,1.0,
26,0,310,190,1.0,
27,0,294,206,1.0,
28,0,279,221,1.0,
29,0,268,232,1.0,
30,0,258,242,1.0,
31,0,247,253,1.0,
32,0,238,262,1.0,
33,0,226,274,1.0,
34,0,213,287,1.0,
35,0,207,293,1.0,
36,0,197,303,1.0,
37,0,191,309,1.0,
38,0,183,317,1.0,
39,0,180,320,1.0,
40,0,172,328,1.0,
41,0,164,336,1.0,
42,0,156,344,1.0,
43,0,144,356,1.0,
44,0,137,363,1.0,
45,0,133,367,1.0,
46,0,130,370,1.0,
47,0,127,373,1.0,
48,0,121,379,1.0,
49,0,117,383,1.0,
50,0,116,384,1.0,
51,0,109,391,1.0,
52,0,105,395,1.0,
53,0,102,398,1.0,
54,0,100,400,1.0,
55,0,95,405,1.0,
56,0,91,409,1.0,
57,0,88,412,1.0,
58,0,88,412,1.0,
59,0,84,416,1.0,
60,0,81,419,1.0,
61,0,80,420,1.0,
62,0,77,423,1.0,
63,0,74,426,1.0,
64,0,71,429,1.0,
65,0,68,432,1.0,
66,0,65,435,1.0,
67,0,60,440,1.0,
68,0,60,440,1.0,
69,0,56,444,1.0,
70,0,52,448,1.0,
71,0,50,450,1.0,
72,0,46,454,1.0,
73,0,43,457,1.0,
74,0,39,461,1.0,
75,0,36,464,1.0,
76,0,35,465,1.0,
77,0,34,466,1.0,
78,0,34,466,1.0,
79,0,32,468,1.0,
80,0,31,469,1.0,
81,0,29,471,1.0,
82,0,29,471,1.0,
83,0,26,474,1.0,
84,0,26,474,1.0,
85,0,25,475,1.0,
86,0,24,476,1.0,
87,0,23,477,1.0,
88,0,23,477,1.0,
89,0,23,477,1.0,
90,0,23,477,1.0,
91,0,23,477,1.0,
92,0,22,478,1.0,
93,0,21,479,1.0,
94,0,20,480,1.0,
95,0,20,480,1.0,
96,0,19,481,1.0,
97,0,16,484,1.0,
98,0,16,484,1.0,
99,0,16,484,1.0,
100,0,16,484,1.0,
101,0,16,484,1.0,
102,0,14,486,1.0,
103,0,13,487,1.0,
104,0,13,487,1.0,
105,0,13,487,1.0,
106,0,13,487,1.0,
107,0,13,487,1.0,
108,0,13,487,1.0,
109,0,12,488,1.0,
110,0,12,488,1.0,
111,0,12,488,1.0,
112,0,12,488,1.0,
113,0,12,488,1.0,
114,0,11,489,1.0,
115,0,10,490,1.0,
116,0,10,490,1.0,
117,0,8,492,1.0,
118,0,8,492,1.0,
119,0,8,492,1.0,
120,0,8,492,1.0,
121,0,7,493,1.0,
122,0,7,493,1.0,
123,0,7,493,1.0,
124,0,6,494,1.0,
125,0,6,494,1.0,
126,0,3,497,1.0,
127,0,3,497,1.0,
128,0,3,497,1.0,
129,0,3,497,1.0,
130,0,3,497,1.0,
131,0,3,497,1.0,
132,0,3,497,1.0,
133,0,3,497,1.0,
134,0,3,497,1.0,
135,0,3,497,1.0,
136,0,3,497,1.0,
137,0,3,497,1.0,
138,0,3,497,1.0,
139,0,3,497,1.0,
140,0,3,497,1.0,
141,0,3,497,1.0,
142,0,3,497,1.0,
143,0,2,498,1.0,
144,0,2,498,1.0,
145,0,2,498,1.0,
146,0,2,498,1.0,
147,0,2,498,1.0,
148,0,2,498,1.0,
149,0,2,498,1.0,
150,0,1,499,1.0,
151,0,1,499,1.0,
152,0,1,499,1.0,
153,0,1,499,1.0,
154,0,1,499,1.0,
155,0,1,499,1.0,
156,0,1,499,1.0,
157,0,1,499,1.0,
158,0,1,499,1.0,
159,0,1,499,1.0,
160,0,1,499,1.0,
161,0,1,499,1.0,
162,0,1,499,1.0,
163,0,1,499,1.0,
164,0,1,499,1.0,
165,0,1,499,1.0,
166,0,0,500,1.0,
167,0,0,500,1.0,
168,0,0,500,1.0,
169,0,0,500,1.0,
170,0,0,500,1.0,
171,0,0,500,1.0,
172,0,0,500,1.0,
173,0,0,500,1.0,
174,0,0,500,1.0,
175,0,0,500,1.0,
176,0,0,500,1.0,
177,0,0,500,1.0,
178,0,0,500,1.0,
179,0,0,500,1.0,
180,0,0,500,1.0,
181,0,0,500,1.0,
182,0,0,500,1.0,
183,0,0,500,1.0,
184,0,0,500,1.0,
185,0,0,500,1.0,
186,0,0,500,1.0,
187,0,0,500,1.0,
188,0,0,500,1.0,
189,0,0,500,1.0,
190,0,0,500,1.0,
191,0,0,500,1.0,
192,0,0,500,1.0,
193,0,0,500,1.0,
194,0,0,500,1.0,
195,0,0,500,1.0,
196,0,0,500,1.0,
197,0,0,500,1.0,
198,0,0,500,1.0,
199,0,0,500,1.0,
200,0,0,500,1.0,
1,497,3,0,0.9933636363636363,0.9997822405471726
2,496,3,1,0.9938181818181818,1.0
3,495,4,1,0.9927272727272727,0.9994355151009606
4,489,10,1,0.979909090909091,0.9927844825574387
5,481,17,2,0.9634545454545455,0.9840785648852277
6,467,28,5,0.9488181818181818,0.9756653744511601
7,455,39,6,0.9374545454545454,0.968656230857925
8,438,56,6,0.9317272727272727,0.9640328580260383
9,422,71,7,0.924,0.9580357773950587
10,395,96,9,0.9153636363636364,0.9494578894227044
11,365,114,21,0.9021818181818182,0.9359570806665096
12,328,148,24,0.852,0.8900238951944682
13,284,184,32,0.8081818181818182,0.8339136311710431
14,243,214,43,0.7928181818181819,0.7894521013305152
15,184,265,51,0.8186363636363636,0.7558024559453748
16,118,312,70,0.8756363636363637,0.7386284915159801
17,70,350,80,0.9396363636363636,0.7866286820064469
18,30,378,92,0.9785454545454545,0.8240536760698668
19,10,375,115,0.9976363636363637,0.9441049084813223
20,4,368,128,0.9993636363636363,0.9639997582463423
21,1,346,153,0.9997272727272727,0.9362614916511579
22,0,328,172,1.0,
23,0,320,180,1.0,
24,0,305,195,1.0,
25,0,295,205,1.0,
26,0,288,212,1.0,
27,0,283,217,1.0,
28,0,276,224,1.0,
29,0,262,238,1.0,
30,0,260,240,1.0,
31,0,254,246,1.0,
32,0,249,251,1.0,
33,0,240,260,1.0,
34,0,231,269,1.0,
35,0,223,277,1.0,
36,0,216,284,1.0,
37,0,210,290,1.0,
38,0,205,295,1.0,
39,0,200,300,1.0,
40,0,195,305,1.0,
41,0,189,311,1.0,
42,0,185,315,1.0,
43,0,178,322,1.0,
44,0,175,325,1.0,
45,0,164,336,1.0,
46,0,154,346,1.0,
47,0,150,350,1.0,
48,0,145,355,1.0,
49,0,138,362,1.0,
50,0,132,368,1.0,
51,0,127,373,1.0,
52,0,122,378,1.0,
53,0,116,384,1.0,
54,0,108,392,1.0,
55,0,102,398,1.0,
56,0,96,404,1.0,
57,0,89,411,1.0,
58,0,86,414,1.0,
59,0,84,416,1.0,
60,0,82,418,1.0,
61,0,77,423,1.0,
62,0,71,429,1.0,
63,0,70,430,1.0,
64,0,68,432,1.0,
65,0,68,432,1.0,
66,0,65,435,1.0,
67,0,62,438,1.0,
68,0,59,441,1.0,
69,0,58,442,1.0,
70,0,57,443,1.0,
71,0,52,448,1.0,
72,0,49,451,1.0,
73,0,47,453,1.0,
74,0,45,455,1.0,
75,0,44,456,1.0,
76,0,42,458,1.0,
77,0,39,461,1.0,
78,0,37,463,1.0,
79,0,36,464,1.0,
80,0,35,465,1.0,
81,0,34,466,1.0,
82,0,33,467,1.0,
83,0,32,468,1.0,
84,0,31,469,1.0,
85,0,30,470,1.0,
86,0,30,470,1.0,
87,0,29,471,1.0,
88,0,27,473,1.0,
89,0,24,476,1.0,
90,0,24,476,1.0,
91,0,22,478,1.0,
92,0,22,478,1.0,
93,0,21,479,1.0,
94,0,20,480,1.0,
95,0,20,480,1.0,
96,0,18,482,1.0,
97,0,18,482,1.0,
98,0,17,483,1.0,
99,0,15,485,1.0,
100,0,15,485,1.0,
101,0,15,485,1.0,
102,0,15,485,1.0,
103,0,15,485,1.0,
104,0,15,485,1.0,
105,0,14,486,1.0,
106,0,14,486,1.0,
107,0,13,487,1.0,
108,0,13,487,1.0,
109,0,13,487,1.0,
110,0,13,487,1.0,
111,0,13,487,1.0,
112,0,12,488,1.0,
113,0,12,488,1.0,
114,0,12,488,1.0,
115,0,12,488,1.0,
116,0,12,488,1.0,
117,0,11,489,1.0,
118,0,11,489,1.0,
119,0,10,490,1.0,
120,0,10,490,1.0,
121,0,10,490,1.0,
122,0,9,491,1.0,
123,0,9,491,1.0,
124,0,9,491,1.0,
125,0,8,492,1.0,
126,0,8,492,1.0,
127,0,8,492,1.0,
128,0,8,492,1.0,
129,0,7,493,1.0,
130,0,7,493,1.0,
131,0,7,493,1.0,
132,0,7,493,1.0,
133,0,7,493,1.0,
134,0,7,493,1.0,
135,0,7,493,1.0,
136,0,7,493,1.0,
137,0,7,493,1.0,
138,0,7,493,1.0,
139,0,7,493,1.0,
140,0,7,493,1.0,
141,0,7,493,1.0,
142,0,7,493,1.0,
143,0,7,493,1.0,
144,0,7,493,1.0,
145,0,7,493,1.0,
146,0,7,493,1.0,
147,0,6,494,1.0,
148,0,6,494,1.0,
149,0,5,495,1.0,
150,0,4,496,1.0,
151,0,3,497,1.0,
152,0,3,497,1.0,
153,0,3,497,1.0,
154,0,3,497,1.0,
155,0,3,497,1.0,
156,0,3,497,1.0,
157,0,3,497,1.0,
158,0,2,498,1.0,
159,0,1,499,1.0,
160,0,1,499,1.0,
161,0,1,499,1.0,
162,0,0,500,1.0,
163,0,0,500,1.0,
164,0,0,500,1.0,
165,0,0,500,1.0,
166,0,0,500,1.0,
167,0,0,500,1.0,
168,0,0,500,1.0,
169,0,0,500,1.0,
170,0,0,500,1.0,
171,0,0,500,1.0,
172,0,0,500,1.0,
173,0,0,500,1.0,
174,0,0,500,1.0,
175,0,0,500,1.0,
176,0,0,500,1.0,
177,0,0,500,1.0,
178,0,0,500,1.0,
179,0,0,500,1.0,
180,0,0,500,1.0,
181,0,0,500,1.0,
182,0,0,500,1.0,
183,0,0,500,1.0,
184,0,0,500,1.0,
185,0,0,500,1.0,
186,0,0,500,1.0,
187,0,0,500,1.0,
188,0,0,500,1.0,
189,0,0,500,1.0,
190,0,0,500,1.0,
191,0,0,500,1.0,
192,0,0,500,1.0,
193,0,0,500,1.0,
194,0,0,500,1.0,
195,0,0,500,1.0,
196,0,0,500,1.0,
197,0,0,500,1.0,
198,0,0,500,1.0,
199,0,0,500,1.0,
200,0,0,500,1.0,
1,496,4,0,0.9925454545454545,1.0
2,493,7,0,0.985,0.9961297402565108
3,492,8,0,0.9825454545454545,0.9948576296458537
4,486,12,2,0.9767272727272728,0.9917443128302744
5,479,19,2,0.9635454545454546,0.9846946110066871
6,469,28,3,0.9495454545454546,0.9768078373478942
7,456,41,3,0.9359090909090909,0.9686043149397289
8,426,68,6,0.9397272727272727,0.9683561732517324
9,402,89,9,0.9500909090909091,0.9726390266026668
10,382,103,15,0.9484545454545454,0.9699215828495916
11,362,116,22,0.9432727272727273,0.9645047530951673
12,340,134,26,0.917,0.9425662748069831
13,309,157,34,0.8945454545454545,0.9181231877543461
14,267,193,40,0.8785454545454545,0.8895205587731049
15,235,217,48,0.8531818181818182,0.8467197671288733
16,196,244,60,0.8551818181818182,0.81803625978955
17,157,276,67,0.8791818181818182,0.8104110037281134
18,118,304,78,0.8995454545454545,0.7897759894506621
19,83,322,95,0.9261818181818182,0.779963364966631
20,54,334,112,0.9494545454545454,0.7688007340380482
21,46,330,124,0.9541818181818181,0.7533654510929159
22,27,339,134,0.971,0.7340484465969357
23,16,334,150,0.9845454545454545,0.761581403638059
24,7,334,159,0.997,0.8963353896452878
25,1,329,170,0.9999090909090909,0.9804413998298923
26,0,316,184,1.0,
27,0,306,194,1.0,
28,0,294,206,1.0,
29,0,285,215,1.0,
30,0,273,227,1.0,
31,0,255,245,1.0,
32,0,248,252,1.0,
33,0,238,262,1.0,
34,0,225,275,1.0,
35,0,217,283,1.0,
36,0,207,293,1.0,
37,0,200,300,1.0,
38,0,189,311,1.0,
39,0,184,316,1.0,
40,0,174,326,1.0,
41,0,166,334,1.0,
42,0,163,337,1.0,
43,0,155,345,1.0,
44,0,150,350,1.0,
45,0,145,355,1.0,
46,0,139,361,1.0,
47,0,136,364,1.0,
48,0,132,368,1.0,
49,0,124,376,1.0,
50,0,120,380,1.0,
51,0,111,389,1.0,
52,0,105,395,1.0,
53,0,98,402,1.0,
54,0,98,402,1.0,
55,0,97,403,1.0,
56,0,92,408,1.0,
57,0,84,416,1.0,
58,0,81,419,1.0,
59,0,76,424,1.0,
60,0,72,428,1.0,
61,0,68,432,1.0,
62,0,66,434,1.0,
63,0,65,435,1.0,
64,0,61,439,1.0,
65,0,59,441,1.0,
66,0,58,442,1.0,
67,0,56,444,1.0,
68,0,55,445,1.0,
69,0,52,448,1.0,
70,0,49,451,1.0,
71,0,44,456,1.0,
72,0,41,459,1.0,
73,0,40,460,1.0,
74,0,38,462,1.0,
75,0,37,463,1.0,
76,0,37,463,1.0,
77,0,35,465,1.0,
78,0,32,468,1.0,
79,0,30,470,1.0,
80,0,30,470,1.0,
81,0,29,471,1.0,
82,0,29,471,1.0,
83,0,25,475,1.0,
84,0,25,475,1.0,
85,0,24,476,1.0,
86,0,23,477,1.0,
87,0,23,477,1.0,
88,0,22,478,1.0,
89,0,21,479,1.0,
90,0,19,481,1.0,
91,0,18,482,1.0,
92,0,17,483,1.0,
93,0,17,483,1.0,
94,0,17,483,1.0,
95,0,17,483,1.0,
96,0,17,483,1.0,
97,0,17,483,1.0,
98,0,17,483,1.0,
99,0,16,484,1.0,
100,0,15,485,1.0,
101,0,15,485,1.0,
102,0,14,486,1.0,
103,0,14,486,1.0,
104,0,12,488,1.0,
105,0,12,488,1.0,
106,0,12,488,1.0,
107,0,12,488,1.0,
108,0,11,489,1.0,
109,0,10,490,1.0,
110,0,10,490,1.0,
111,0,10,490,1.0,
112,0,10,490,1.0,
113,0,10,490,1.0,
114,0,10,490,1.0,
115,0,10,490,1.0,
116,0,8,492,1.0,
117,0,8,492,1.0,
118,0,8,492,1.0,
119,0,8,492,1.0,
120,0,8,492,1.0,
121,0,7,493,1.0,
122,0,6,494,1.0,
123,0,5,495,1.0,
124,0,5,495,1.0,
125,0,5,495,1.0,
126,0,4,496,1.0,
127,0,4,496,1.0,
128,0,4,496,1.0,
129,0,4,496,1.0,
130,0,4,496,1.0,
131,0,4,496,1.0,
132,0,4,496,1.0,
133,0,4,496,1.0,
134,0,4,496,1.0,
135,0,4,496,1.0,
136,0,4,496,1.0,
137,0,4,496,1.0,
138,0,4,496,1.0,
139,0,4,496,1.0,
140,0,4,496,1.0,
141,0,4,496,1.0,
142,0,4,496,1.0,
143,0,4,496,1.0,
144,0,4,496,1.0,
145,0,4,496,1.0,
146,0,3,497,1.0,
147,0,3,497,1.0,
148,0,3,497,1.0,
149,0,3,497,1.0,
150,0,3,497,1.0,
151,0,3,497,1.0,
152,0,3,497,1.0,
153,0,3,497,1.0,
154,0,3,497,1.0,
155,0,3,497,1.0,
156,0,2,498,1.0,
157,0,2,498,1.0,
158,0,2,498,1.0,
159,0,2,498,1.0,
160,0,2,498,1.0,
161,0,2,498,1.0,
162,0,2,498,1.0,
163,0,2,498,1.0,
164,0,2,498,1.0,
165,0,2,498,1.0,
166,0,2,498,1.0,
167,0,2,498,1.0,
168,0,2,498,1.0,
169,0,2,498,1.0,
170,0,2,498,1.0,
171,0,2,498,1.0,
172,0,2,498,1.0,
173,0,2,498,1.0,
174,0,2,498,1.0,
175,0,2,498,1.0,
176,0,2,498,1.0,
177,0,2,498,1.0,
178,0,2,498,1.0,
179,0,2,498,1.0,
180,0,2,498,1.0,
181,0,2,498,1.0,
182,0,2,498,1.0,
183,0,2,498,1.0,
184,0,2,498,1.0,
185,0,2,498,1.0,
186,0,1,499,1.0,
187,0,1,499,1.0,
188,0,1,499,1.0,
189,0,1,499,1.0,
190,0,1,499,1.0,
191,0,1,499,1.0,
192,0,0,500,1.0,
193,0,0,500,1.0,
194,0,0,500,1.0,
195,0,0,500,1.0,
196,0,0,500,1.0,
197,0,0,500,1.0,
198,0,0,500,1.0,
199,0,0,500,1.0,
200,0,0,500,1.0,
1,496,4,0,0.9926363636363637,1.0
2,492,8,0,0.9827272727272728,0.9948999275785818
3,484,15,1,0.9685454545454546,0.9873909060966811
4,478,20,2,0.9605454545454546,0.982979213557397
5,470,27,3,0.9483636363636364,0.9761281046149196
6,456,38,6,0.9395454545454546,0.9704053241858177
7,434,56,10,0.9377272727272727,0.9677432462935066
8,415,71,14,0.949,0.9729456550158022
9,402,80,18,0.9423636363636364,0.9678418243293143
10,390,86,24,0.9319090909090909,0.9599758302247526
11,367,107,26,0.9144545454545454,0.9452596998847357
12,341,126,33,0.912,0.9389778149779826
13,310,148,42,0.91,0.9308803292277475
14,278,171,51,0.897,0.9107877390393272
15,249,190,61,0.8993636363636364,0.9022848772903497
16,223,201,76,0.899090909090909,0.8902039327283611
17,189,226,85,0.8943636363636364,0.8634239105038956
18,155,252,93,0.9028181818181819,0.846262354609766
19,124,270,106,0.9281818181818182,0.8582723315628492
20,104,277,119,0.9313636363636364,0.8376439997744787
21,82,288,130,0.9264545454545454,0.7780409041759122
22,67,287,146,0.9270909090909091,0.7295824079601576
23,49,296,155,0.9444545454545454,0.7178322712604442
24,36,297,167,0.9589090909090909,0.7159735622253216
25,21,306,173,0.9821818181818182,0.7898730786448008
26,4,311,185,0.9987272727272727,0.924268229264526
27,0,302,198,1.0,
28,0,292,208,1.0,
29,0,285,215,1.0,
30,0,277,223,1.0,
31,0,261,239,1.0,
32,0,251,249,1.0,
33,0,238,262,1.0,
34,0,226,274,1.0,
35,0,212,288,1.0,
36,0,205,295,1.0,
37,0,198,302,1.0,
38,0,190,310,1.0,
39,0,186,314,1.0,
40,0,179,321,1.0,
41,0,170,330,1.0,
42,0,164,336,1.0,
43,0,157,343,1.0,
44,0,147,353,1.0,
45,0,142,358,1.0,
46,0,139,361,1.0,
47,0,135,365,1.0,
48,0,128,372,1.0,
49,0,117,383,1.0,
50,0,111,389,1.0,
51,0,106,394,1.0,
52,0,99,401,1.0,
53,0,91,409,1.0,
54,0,86,414,1.0,
55,0,80,420,1.0,
56,0,74,426,1.0,
57,0,73,427,1.0,
58,0,70,430,1.0,
59,0,70,430,1.0,
60,0,70,430,1.0,
61,0,67,433,1.0,
62,0,64,436,1.0,
63,0,62,438,1.0,
64,0,60,440,1.0,
65,0,59,441,1.0,
66,0,59,441,1.0,
67,0,58,442,1.0,
68,0,56,444,1.0,
69,0,55,445,1.0,
70,0,53,447,1.0,
71,0,51,449,1.0,
72,0,49,451,1.0,
73,0,48,452,1.0,
74,0,45,455,1.0,
75,0,41,459,1.0,
76,0,38,462,1.0,
77,0,35,465,1.0,
78,0,30,470,1.0,
79,0,30,470,1.0,
80,0,29,471,1.0,
81,0,27,473,1.0,
82,0,25,475,1.0,
83,0,24,476,1.0,
84,0,24,476,1.0,
85,0,22,478,1.0,
86,0,22,478,1.0,
87,0,21,479,1.0,
88,0,20,480,1.0,
89,0,18,482,1.0,
90,0,18,482,1.0,
91,0,15,485,1.0,
92,0,15,485,1.0,
93,0,14,486,1.0,
94,0,14,486,1.0,
95,0,14,486,1.0,
96,0,14,486,1.0,
97,0,13,487,1.0,
98,0,13,487,1.0,
99,0,12,488,1.0,
100,0,12,488,1.0,
101,0,11,489,1.0,
102,0,11,489,1.0,
103,0,11,489,1.0,
104,0,11,489,1.0,
105,0,11,489,1.0,
106,0,11,489,1.0,
107,0,11,489,1.0,
108,0,9,491,1.0,
109,0,8,492,1.0,
110,0,8,492,1.0,
111,0,8,492,1.0,
112,0,8,492,1.0,
113,0,7,493,1.0,
114,0,7,493,1.0,
115,0,5,495,1.0,
116,0,5,495,1.0,
117,0,4,496,1.0,
118,0,4,496,1.0,
119,0,3,497,1.0,
120,0,2,498,1.0,
121,0,2,498,1.0,
122,0,2,498,1.0,
123,0,1,499,1.0,
124,0,1,499,1.0,
125,0,1,499,1.0,
126,0,1,499,1.0,
127,0,1,499,1.0,
128,0,1,499,1.0,
129,0,1,499,1.0,
130,0,1,499,1.0,
131,0,1,499,1.0,
132,0,1,499,1.0,
133,0,1,499,1.0,
134,0,1,499,1.0,
135,0,1,499,1.0,
136,0,1,499,1.0,
137,0,1,499,1.0,
138,0,1,499,1.0,
139,0,1,499,1.0,
140,0,1,499,1.0,
141,0,1,499,1.0,
142,0,1,499,1.0,
143,0,1,499,1.0,
144,0,0,500,1.0,
145,0,0,500,1.0,
146,0,0,500,1.0,
147,0,0,500,1.0,
148,0,0,500,1.0,
149,0,0,500,1.0,
150,0,0,500,1.0,
151,0,0,500,1.0,
152,0,0,500,1.0,
153,0,0,500,1.0,
154,0,0,500,1.0,
155,0,0,500,1.0,
156,0,0,500,1.0,
157,0,0,500,1.0,
158,0,0,500,1.0,
159,0,0,500,1.0,
160,0,0,500,1.0,
161,0,0,500,1.0,
162,0,0,500,1.0,
163,0,0,500,1.0,
164,0,0,500,1.0,
165,0,0,500,1.0,
166,0,0,500,1.0,
167,0,0,500,1.0,
168,0,0,500,1.0,
169,0,0,500,1.0,
170,0,0,500,1.0,
171,0,0,500,1.0,
172,0,0,500,1.0,
173,0,0,500,1.0,
174,0,0,500,1.0,
175,0,0,500,1.0,
176,0,0,500,1.0,
177,0,0,500,1.0,
178,0,0,500,1.0,
179,0,0,500,1.0,
180,0,0,500,1.0,
181,0,0,500,1.0,
182,0,0,500,1.0,
183,0,0,500,1.0,
184,0,0,500,1.0,
185,0,0,500,1.0,
186,0,0,500,1.0,
187,0,0,500,1.0,
188,0,0,500,1.0,
189,0,0,500,1.0,
190,0,0,500,1.0,
191,0,0,500,1.0,
192,0,0,500,1.0,
193,0,0,500,1.0,
194,0,0,500,1.0,
195,0,0,500,1.0,
196,0,0,500,1.0,
197,0,0,500,1.0,
198,0,0,500,1.0,
199,0,0,500,1.0,
200,0,0,500,1.0,
1,498,2,0,0.9966363636363637,1.0
2,497,3,0,0.9942727272727273,0.998803394640758
3,497,3,0,0.9942727272727273,0.998803394640758
4,497,3,0,0.9942727272727273,0.998803394640758
5,491,8,1,0.9837272727272727,0.9933758516792214
6,487,11,2,0.9774545454545455,0.9900748626487176
7,482,15,3,0.9724545454545455,0.9873536182145063
8,471,25,4,0.9571818181818181,0.9788545366380135
9,458,35,7,0.9472727272727273,0.9727919030509395
10,443,46,11,0.9331818181818182,0.9638178853038365
11,425,57,18,0.9178181818181819,0.9531658992744592
12,401,76,23,0.8903636363636364,0.9331795712486278
13,380,92,28,0.881,0.9232408920313628
14,351,116,33,0.8719090909090909,0.9102629597225385
15,316,149,35,0.8711818181818182,0.8995207549963057
16,268,187,45,0.8698181818181818,0.8798441650021566
17,232,211,57,0.8642727272727273,0.8548642487223984
18,194,239,67,0.8675454545454545,0.8303568170705532
19,157,263,80,0.8729090909090909,0.7986642250344181
20,117,285,98,0.890090909090909,0.7664162297949529
21,81,308,111,0.9203636363636364,0.7554168039712277
22,51,326,123,0.9521818181818181,0.7667473261398384
23,23,339,138,0.974909090909091,0.7287669062073122
24,11,336,153,0.9912727272727273,0.802649737374958
25,2,335,163,0.9991818181818182,0.900767344199426
26,1,322,177,0.9997272727272727,0.9333983431889586
27,1,306,193,0.9994545454545455,0.8651009034434252
28,0,292,208,1.0,
29,0,284,216,1.0,
30,0,276,224,1.0,
31,0,263,237,1.0,
32,0,255,245,1.0,
33,0,247,253,1.0,
34,0,232,268,1.0,
35,0,223,277,1.0,
36,0,217,283,1.0,
37,0,211,289,1.0,
38,0,207,293,1.0,
39,0,199,301,1.0,
40,0,191,309,1.0,
41,0,183,317,1.0,
42,0,178,322,1.0,
43,0,172,328,1.0,
44,0,165,335,1.0,
45,0,160,340,1.0,
46,0,155,345,1.0,
47,0,151,349,1.0,
48,0,148,352,1.0,
49,0,143,357,1.0,
50,0,138,362,1.0,
51,0,130,370,1.0,
52,0,126,374,1.0,
53,0,121,379,1.0,
54,0,115,385,1.0,
55,0,110,390,1.0,
56,0,104,396,1.0,
57,0,100,400,1.0,
58,0,96,404,1.0,
59,0,95,405,1.0,
60,0,94,406,1.0,
61,0,90,410,1.0,
62,0,86,414,1.0,
63,0,82,418,1.0,
64,0,77,423,1.0,
65,0,76,424,1.0,
66,0,74,426,1.0,
67,0,71,429,1.0,
68,0,71,429,1.0,
69,0,69,431,1.0,
70,0,69,431,1.0,
71,0,65,435,1.0,
72,0,64,436,1.0,
73,0,58,442,1.0,
74,0,52,448,1.0,
75,0,51,449,1.0,
76,0,50,450,1.0,
77,0,48,452,1.0,
78,0,44,456,1.0,
79,0,43,457,1.0,
80,0,43,457,1.0,
81,0,43,457,1.0,
82,0,40,460,1.0,
83,0,40,460,1.0,
84,0,38,462,1.0,
85,0,38,462,1.0,
86,0,38,462,1.0,
87,0,37,463,1.0,
88,0,35,465,1.0,
89,0,35,465,1.0,
90,0,34,466,1.0,
91,0,34,466,1.0,
92,0,33,467,1.0,
93,0,32,468,1.0,
94,0,30,470,1.0,
95,0,29,471,1.0,
96,0,27,473,1.0,
97,0,26,474,1.0,
98,0,26,474,1.0,
99,0,25,475,1.0,
100,0,25,475,1.0,
101,0,25,475,1.0,
102,0,24,476,1.0,
103,0,22,478,1.0,
104,0,20,480,1.0,
105,0,19,481,1.0,
106,0,19,481,1.0,
107,0,18,482,1.0,
108,0,18,482,1.0,
109,0,18,482,1.0,
110,0,17,483,1.0,
111,0,16,484,1.0,
112,0,16,484,1.0,
113,0,15,485,1.0,
114,0,15,485,1.0,
115,0,14,486,1.0,
116,0,14,486,1.0,
117,0,14,486,1.0,
118,0,12,488,1.0,
119,0,12,488,1.0,
120,0,11,489,1.0,
121,0,11,489,1.0,
122,0,10,490,1.0,
123,0,10,490,1.0,
124,0,10,490,1.0,
125,0,10,490,1.0,
126,0,9,491,1.0,
127,0,9,491,1.0,
128,0,8,492,1.0,
129,0,7,493,1.0,
130,0,7,493,1.0,
131,0,6,494,1.0,
132,0,6,494,1.0,
133,0,6,494,1.0,
134,0,6,494,1.0,
135,0,6,494,1.0,
136,0,5,495,1.0,
137,0,5,495,1.0,
138,0,5,495,1.0,
139,0,5,495,1.0,
140,0,5,495,1.0,
141,0,5,495,1.0,
142,0,5,495,1.0,
143,0,5,495,1.0,
144,0,5,495,1.0,
145,0,5,495,1.0,
146,0,5,495,1.0,
147,0,4,496,1.0,
148,0,4,496,1.0,
149,0,4,496,1.0,
150,0,4,496,1.0,
151,0,4,496,1.0,
152,0,4,496,1.0,
153,0,4,496,1.0,
154,0,4,496,1.0,
155,0,3,497,1.0,
156,0,3,497,1.0,
157,0,2,498,1.0,
158,0,2,498,1.0,
159,0,2,498,1.0,
160,0,2,498,1.0,
161,0,2,498,1.0,
162,0,2,498,1.0,
163,0,2,498,1.0,
164,0,2,498,1.0,
165,0,2,498,1.0,
166,0,2,498,1.0,
167,0,2,498,1.0,
168,0,2,498,1.0,
169,0,2,498,1.0,
170,0,2,498,1.0,
171,0,2,498,1.0,
172,0,2,498,1.0,
173,0,2,498,1.0,
174,0,2,498,1.0,
175,0,2,498,1.0,
176,0,2,498,1.0,
177,0,2,498,1.0,
178,0,2,498,1.0,
179,0,2,498,1.0,
180,0,2,498,1.0,
181,0,2,498,1.0,
182,0,1,499,1.0,
183,0,1,499,1.0,
184,0,1,499,1.0,
185,0,1,499,1.0,
186,0,1,499,1.0,
187,0,1,499,1.0,
188,0,1,499,1.0,
189,0,1,499,1.0,
190,0,1,499,1.0,
191,0,1,499,1.0,
192,0,1,499,1.0,
193,0,1,499,1.0,
194,0,1,499,1.0,
195,0,1,499,1.0,
196,0,1,499,1.0,
197,0,1,499,1.0,
198,0,1,499,1.0,
199,0,1,499,1.0,
200,0,1,499,1.0,
1,497,3,0,0.9934545454545455,1.0
2,493,7,0,0.985909090909091,0.9961394108664557
3,486,14,0,0.9698181818181818,0.9877445197693486
4,478,21,1,0.9550909090909091,0.9797636062902584
5,470,29,1,0.9406363636363636,0.9716472886270149
6,454,43,3,0.9294545454545454,0.9643802994029755
7,433,57,10,0.9269090909090909,0.9610542999203563
8,413,74,13,0.9226363636363636,0.9563986360340418
9,381,103,16,0.9089090909090909,0.9432561482241733
10,335,141,24,0.8740909090909091,0.9087052753940664
11,298,174,28,0.8418181818181818,0.8697895135046514
12,265,197,38,0.8304545454545454,0.8422902717125265
13,220,233,47,0.8199090909090909,0.7972560065739898
14,169,272,59,0.8518181818181818,0.7826705827825684
15,121,302,77,0.895090909090909,0.7857403900815897
16,90,322,88,0.9196363636363636,0.7794592969535025
17,57,339,104,0.9384545454545454,0.7326082932569988
18,40,350,110,0.958,0.7397168394442601
19,16,361,123,0.993909090909091,0.9070190243540304
20,4,358,138,0.9997272727272727,0.986071009394303
21,0,351,149,1.0,
22,0,339,161,1.0,
23,0,328,172,1.0,
24,0,316,184,1.0,
25,0,308,192,1.0,
26,0,295,205,1.0,
27,0,280,220,1.0,
28,0,272,228,1.0,
29,0,257,243,1.0,
30,0,243,257,1.0,
31,0,236,264,1.0,
32,0,233,267,1.0,
33,0,219,281,1.0,
34,0,206,294,1.0,
35,0,199,301,1.0,
36,0,192,308,1.0,
37,0,185,315,1.0,
38,0,179,321,1.0,
39,0,172,328,1.0,
40,0,167,333,1.0,
41,0,157,343,1.0,
42,0,148,352,1.0,
43,0,146,354,1.0,
44,0,137,363,1.0,
45,0,131,369,1.0,
46,0,124,376,1.0,
47,0,120,380,1.0,
48,0,114,386,1.0,
49,0,112,388,1.0,
50,0,109,391,1.0,
51,0,105,395,1.0,
52,0,102,398,1.0,
53,0,96,404,1.0,
54,0,93,407,1.0,
55,0,87,413,1.0,
56,0,83,417,1.0,
57,0,81,419,1.0,
58,0,76,424,1.0,
59,0,74,426,1.0,
60,0,67,433,1.0,
61,0,66,434,1.0,
62,0,60,440,1.0,
63,0,57,443,1.0,
64,0,54,446,1.0,
65,0,52,448,1.0,
66,0,49,451,1.0,
67,0,47,453,1.0,
68,0,46,454,1.0,
69,0,45,455,1.0,
70,0,44,456,1.0,
71,0,44,456,1.0,
72,0,43,457,1.0,
73,0,42,458,1.0,
74,0,41,459,1.0,
75,0,38,462,1.0,
76,0,37,463,1.0,
77,0,36,464,1.0,
78,0,35,465,1.0,
79,0,33,467,1.0,
80,0,31,469,1.0,
81,0,30,470,1.0,
82,0,30,470,1.0,
83,0,28,472,1.0,
84,0,27,473,1.0,
85,0,25,475,1.0,
86,0,21,479,1.0,
87,0,20,480,1.0,
88,0,20,480,1.0,
89,0,20,480,1.0,
90,0,20,480,1.0,
91,0,20,480,1.0,
92,0,20,480,1.0,
93,0,20,480,1.0,
94,0,20,480,1.0,
95,0,18,482,1.0,
96,0,17,483,1.0,
97,0,14,486,1.0,
98,0,14,486,1.0,
99,0,14,486,1.0,
100,0,13,487,1.0,
101,0,11,489,1.0,
102,0,10,490,1.0,
103,0,10,490,1.0,
104,0,10,490,1.0,
105,0,9,491,1.0,
106,0,9,491,1.0,
107,0,8,492,1.0,
108,0,8,492,1.0,
109,0,8,492,1.0,
110,0,7,493,1.0,
111,0,6,494,1.0,
112,0,6,494,1.0,
113,0,5,495,1.0,
114,0,5,495,1.0,
115,0,5,495,1.0,
116,0,5,495,1.0,
117,0,5,495,1.0,
118,0,5,495,1.0,
119,0,5,495,1.0,
120,0,4,496,1.0,
121,0,4,496,1.0,
122,0,4,496,1.0,
123,0,4,496,1.0,
124,0,4,496,1.0,
125,0,4,496,1.0,
126,0,4,496,1.0,
127,0,4,496,1.0,
128,0,4,496,1.0,
129,0,4,496,1.0,
130,0,4,496,1.0,
131,0,4,496,1.0,
132,0,4,496,1.0,
133,0,4,496,1.0,
134,0,3,497,1.0,
135,0,3,497,1.0,
136,0,3,497,1.0,
137,0,3,497,1.0,
138,0,3,497,1.0,
139,0,2,498,1.0,
140,0,2,498,1.0,
141,0,1,499,1.0,
142,0,1,499,1.0,
143,0,1,499,1.0,
144,0,1,499,1.0,
145,0,1,499,1.0,
146,0,1,499,1.0,
147,0,1,499,1.0,
148,0,1,499,1.0,
149,0,0,500,1.0,
150,0,0,500,1.0,
151,0,0,500,1.0,
152,0,0,500,1.0,
153,0,0,500,1.0,
154,0,0,500,1.0,
155,0,0,500,1.0,
156,0,0,500,1.0,
157,0,0,500,1.0,
158,0,0,500,1.0,
159,0,0,500,1.0,
160,0,0,500,1.0,
161,0,0,500,1.0,
162,0,0,500,1.0,
163,0,0,500,1.0,
164,0,0,500,1.0,
165,0,0,500,1.0,
166,0,0,500,1.0,
167,0,0,500,1.0,
168,0,0,500,1.0,
169,0,0,500,1.0,
170,0,0,500,1.0,
171,0,0,500,1.0,
172,0,0,500,1.0,
173,0,0,500,1.0,
174,0,0,500,1.0,
175,0,0,500,1.0,
176,0,0,500,1.0,
177,0,0,500,1.0,
178,0,0,500,1.0,
179,0,0,500,1.0,
180,0,0,500,1.0,
181,0,0,500,1.0,
182,0,0,500,1.0,
183,0,0,500,1.0,
184,0,0,500,1.0,
185,0,0,500,1.0,
186,0,0,500,1.0,
187,0,0,500,1.0,
188,0,0,500,1.0,
189,0,0,500,1.0,
190,0,0,500,1.0,
191,0,0,500,1.0,
192,0,0,500,1.0,
193,0,0,500,1.0,
194,0,0,500,1.0,
195,0,0,500,1.0,
196,0,0,500,1.0,
197,0,0,500,1.0,
198,0,0,500,1.0,
199,0,0,500,1.0,
200,0,0,500,1.0,
1,499,1,0,1.0,1.0
2,498,2,0,0.9977272727272727,0.9988610537994118
3,495,5,0,0.9904545454545455,0.9951752431526921
4,487,13,0,0.9732727272727273,0.9862708549507694
5,474,25,1,0.9486363636363636,0.972871868991207
6,449,47,4,0.9088181818181819,0.9491876196565527
7,416,79,5,0.8645454545454545,0.9184961001419562
8,376,112,12,0.8354545454545454,0.8904346656915391
9,337,143,20,0.8432727272727273,0.8837322359295519
10,292,182,26,0.8533636363636363,0.8743425176396767
11,253,212,35,0.8506363636363636,0.8523046220988407
12,207,250,43,0.8734545454545455,0.8468212818786521
13,168,277,55,0.8979090909090909,0.8475891646154545
14,131,309,60,0.9189090909090909,0.8448365935970205
15,103,319,78,0.9413636363636364,0.857528630831116
16,74,333,93,0.9471818181818182,0.8214215891689376
17,56,339,105,0.9497272727272728,0.7755028988483001
18,37,350,113,0.9605454545454546,0.7338017631684134
19,19,356,125,0.9850909090909091,0.8043804013204258
20,8,354,138,0.9981818181818182,0.9429748062015504
21,3,346,151,0.9995454545454545,0.9612403100775193
22,0,334,166,1.0,
23,0,325,175,1.0,
24,0,309,191,1.0,
25,0,299,201,1.0,
26,0,290,210,1.0,
27,0,277,223,1.0,
28,0,266,234,1.0,
29,0,257,243,1.0,
30,0,250,250,1.0,
31,0,239,261,1.0,
32,0,228,272,1.0,
33,0,220,280,1.0,
34,0,212,288,1.0,
35,0,206,294,1.0,
36,0,197,303,1.0,
37,0,192,308,1.0,
38,0,188,312,1.0,
39,0,180,320,1.0,
40,0,170,330,1.0,
41,0,168,332,1.0,
42,0,161,339,1.0,
43,0,154,346,1.0,
44,0,148,352,1.0,
45,0,142,358,1.0,
46,0,135,365,1.0,
47,0,127,373,1.0,
48,0,119,381,1.0,
49,0,113,387,1.0,
50,0,111,389,1.0,
51,0,104,396,1.0,
52,0,102,398,1.0,
53,0,99,401,1.0,
54,0,92,408,1.0,
55,0,88,412,1.0,
56,0,88,412,1.0,
57,0,84,416,1.0,
58,0,82,418,1.0,
59,0,79,421,1.0,
60,0,76,424,1.0,
61,0,72,428,1.0,
62,0,69,431,1.0,
63,0,66,434,1.0,
64,0,63,437,1.0,
65,0,62,438,1.0,
66,0,58,442,1.0,
67,0,56,444,1.0,
68,0,53,447,1.0,
69,0,52,448,1.0,
70,0,52,448,1.0,
71,0,50,450,1.0,
72,0,50,450,1.0,
73,0,46,454,1.0,
74,0,44,456,1.0,
75,0,43,457,1.0,
76,0,42,458,1.0,
77,0,38,462,1.0,
78,0,38,462,1.0,
79,0,38,462,1.0,
80,0,37,463,1.0,
81,0,34,466,1.0,
82,0,33,467,1.0,
83,0,33,467,1.0,
84,0,33,467,1.0,
85,0,32,468,1.0,
86,0,30,470,1.0,
87,0,26,474,1.0,
88,0,25,475,1.0,
89,0,24,476,1.0,
90,0,23,477,1.0,
91,0,23,477,1.0,
92,0,23,477,1.0,
93,0,23,477,1.0,
94,0,21,479,1.0,
95,0,20,480,1.0,
96,0,17,483,1.0,
97,0,16,484,1.0,
98,0,16,484,1.0,
99,0,15,485,1.0,
100,0,15,485,1.0,
101,0,15,485,1.0,
102,0,15,485,1.0,
103,0,15,485,1.0,
104,0,14,486,1.0,
105,0,14,486,1.0,
106,0,13,487,1.0,
107,0,13,487,1.0,
108,0,13,487,1.0,
109,0,13,487,1.0,
110,0,13,487,1.0,
111,0,12,488,1.0,
112,0,11,489,1.0,
113,0,10,490,1.0,
114,0,10,490,1.0,
115,0,7,493,1.0,
116,0,7,493,1.0,
117,0,7,493,1.0,
118,0,7,493,1.0,
119,0,7,493,1.0,
120,0,7,493,1.0,
121,0,6,494,1.0,
122,0,6,494,1.0,
123,0,6,494,1.0,
124,0,5,495,1.0,
125,0,4,496,1.0,
126,0,4,496,1.0,
127,0,2,498,1.0,
128,0,2,498,1.0,
129,0,2,498,1.0,
130,0,2,498,1.0,
131,0,2,498,1.0,
132,0,2,498,1.0,
133,0,2,498,1.0,
134,0,2,498,1.0,
135,0,2,498,1.0,
136,0,2,498,1.0,
137,0,2,498,1.0,
138,0,2,498,1.0,
139,0,2,498,1.0,
140,0,2,498,1.0,
141,0,2,498,1.0,
142,0,2,498,1.0,
143,0,2,498,1.0,
144,0,2,498,1.0,
145,0,2,498,1.0,
146,0,1,499,1.0,
147,0,1,499,1.0,
148,0,1,499,1.0,
149,0,1,499,1.0,
150,0,1,499,1.0,
151,0,1,499,1.0,
152,0,1,499,1.0,
153,0,1,499,1.0,
154,0,1,499,1.0,
155,0,1,499,1.0,
156,0,1,499,1.0,
157,0,1,499,1.0,
158,0,1,499,1.0,
159,0,1,499,1.0,
160,0,1,499,1.0,
161,0,1,499,1.0,
162,0,1,499,1.0,
163,0,1,499,1.0,
164,0,1,499,1.0,
165,0,1,499,1.0,
166,0,1,499,1.0,
167,0,1,499,1.0,
168,0,1,499,1.0,
169,0,1,499,1.0,
170,0,1,499,1.0,
171,0,1,499,1.0,
172,0,1,499,1.0,
173,0,1,499,1.0,
174,0,1,499,1.0,
175,0,1,499,1.0,
176,0,1,499,1.0,
177,0,1,499,1.0,
178,0,1,499,1.0,
179,0,1,499,1.0,
180,0,1,499,1.0,
181,0,1,499,1.0,
182,0,1,499,1.0,
183,0,1,499,1.0,
184,0,1,499,1.0,
185,0,1,499,1.0,
186,0,0,500,1.0,
187,0,0,500,1.0,
188,0,0,500,1.0,
189,0,0,500,1.0,
190,0,0,500,1.0,
191,0,0,500,1.0,
192,0,0,500,1.0,
193,0,0,500,1.0,
194,0,0,500,1.0,
195,0,0,500,1.0,
196,0,0,500,1.0,
197,0,0,500,1.0,
198,0,0,500,1.0,
199,0,0,500,1.0,
200,0,0,500,1.0,
1,496,4,0,0.9927272727272727,0.9963326735363496
2,493,7,0,0.985,0.9923953401924062
3,489,11,0,0.9775454545454545,0.9885221334441902
4,477,23,0,0.9569090909090909,0.9774242133196924
5,458,41,1,0.9353636363636364,0.9647015919259507
6,439,58,3,0.9341818181818182,0.962541660933078
7,418,78,4,0.9289090909090909,0.9574406936082738
8,398,92,10,0.9388181818181818,0.961558880116913
9,380,102,18,0.943,0.9624629568067917
10,354,124,22,0.9327272727272727,0.952417839324526
11,329,144,27,0.9251818181818182,0.9430649074529707
12,297,169,34,0.8957272727272727,0.9121378610290641
13,272,186,42,0.8641818181818182,0.875116013253798
14,233,219,48,0.8251818181818181,0.8124563016772397
15,187,261,52,0.8270909090909091,0.7686378320892738
16,144,294,62,0.858,0.7532387897666377
17,92,336,72,0.911,0.7583383400985724
18,53,362,85,0.9573636363636364,0.798663503774441
19,21,377,102,0.9857272727272727,0.8293861174909852
20,10,382,108,0.9969090909090909,0.9220809423135006
21,2,376,122,1.0,1.0
22,1,359,140,1.0,1.0
23,1,345,154,0.9999090909090909,0.9772727272727273
24,0,329,171,1.0,
25,0,317,183,1.0,
26,0,299,201,1.0,
27,0,288,212,1.0,
28,0,273,227,1.0,
29,0,260,240,1.0,
30,0,246,254,1.0,
31,0,231,269,1.0,
32,0,226,274,1.0,
33,0,220,280,1.0,
34,0,213,287,1.0,
35,0,198,302,1.0,
36,0,188,312,1.0,
37,0,176,324,1.0,
38,0,168,332,1.0,
39,0,163,337,1.0,
40,0,152,348,1.0,
41,0,150,350,1.0,
42,0,145,355,1.0,
43,0,137,363,1.0,
44,0,134,366,1.0,
45,0,128,372,1.0,
46,0,126,374,1.0,
47,0,122,378,1.0,
48,0,116,384,1.0,
49,0,108,392,1.0,
50,0,103,397,1.0,
51,0,98,402,1.0,
52,0,95,405,1.0,
53,0,91,409,1.0,
54,0,89,411,1.0,
55,0,84,416,1.0,
56,0,82,418,1.0,
57,0,81,419,1.0,
58,0,75,425,1.0,
59,0,71,429,1.0,
60,0,70,430,1.0,
61,0,68,432,1.0,
62,0,65,435,1.0,
63,0,60,440,1.0,
64,0,59,441,1.0,
65,0,57,443,1.0,
66,0,56,444,1.0,
67,0,56,444,1.0,
68,0,55,445,1.0,
69,0,53,447,1.0,
70,0,52,448,1.0,
71,0,48,452,1.0,
72,0,48,452,1.0,
73,0,46,454,1.0,
74,0,44,456,1.0,
75,0,44,456,1.0,
76,0,43,457,1.0,
77,0,42,458,1.0,
78,0,40,460,1.0,
79,0,39,461,1.0,
80,0,36,464,1.0,
81,0,36,464,1.0,
82,0,34,466,1.0,
83,0,32,468,1.0,
84,0,32,468,1.0,
85,0,32,468,1.0,
86,0,32,468,1.0,
87,0,32,468,1.0,
88,0,32,468,1.0,
89,0,32,468,1.0,
90,0,30,470,1.0,
91,0,28,472,1.0,
92,0,28,472,1.0,
93,0,27,473,1.0,
94,0,26,474,1.0,
95,0,26,474,1.0,
96,0,23,477,1.0,
97,0,23,477,1.0,
98,0,21,479,1.0,
99,0,20,480,1.0,
100,0,20,480,1.0,
101,0,19,481,1.0,
102,0,19,481,1.0,
103,0,19,481,1.0,
104,0,18,482,1.0,
105,0,18,482,1.0,
106,0,18,482,1.0,
107,0,17,483,1.0,
108,0,17,483,1.0,
109,0,17,483,1.0,
110,0,15,485,1.0,
111,0,15,485,1.0,
112,0,15,485,1.0,
113,0,15,485,1.0,
114,0,15,485,1.0,
115,0,13,487,1.0,
116,0,13,487,1.0,
117,0,13,487,1.0,
118,0,12,488,1.0,
119,0,12,488,1.0,
120,0,11,489,1.0,
121,0,11,489,1.0,
122,0,11,489,1.0,
123,0,10,490,1.0,
124,0,9,491,1.0,
125,0,9,491,1.0,
126,0,9,491,1.0,
127,0,9,491,1.0,
128,0,8,492,1.0,
129,0,6,494,1.0,
130,0,5,495,1.0,
131,0,5,495,1.0,
132,0,5,495,1.0,
133,0,5,495,1.0,
134,0,4,496,1.0,
135,0,4,496,1.0,
136,0,4,496,1.0,
137,0,4,496,1.0,
138,0,4,496,1.0,
139,0,4,496,1.0,
140,0,4,496,1.0,
141,0,4,496,1.0,
142,0,4,496,1.0,
143,0,4,496,1.0,
144,0,4,496,1.0,
145,0,4,496,1.0,
146,0,4,496,1.0,
147,0,4,496,1.0,
148,0,4,496,1.0,
149,0,3,497,1.0,
150,0,3,497,1.0,
151,0,3,497,1.0,
152,0,3,497,1.0,
153,0,3,497,1.0,
154,0,3,497,1.0,
155,0,2,498,1.0,
156,0,2,498,1.0,
157,0,2,498,1.0,
158,0,2,498,1.0,
159,0,2,498,1.0,
160,0,2,498,1.0,
161,0,2,498,1.0,
162,0,2,498,1.0,
163,0,2,498,1.0,
164,0,2,498,1.0,
165,0,2,498,1.0,
166,0,2,498,1.0,
167,0,2,498,1.0,
168,0,2,498,1.0,
169,0,2,498,1.0,
170,0,2,498,1.0,
171,0,2,498,1.0,
172,0,2,498,1.0,
173,0,2,498,1.0,
174,0,2,498,1.0,
175,0,2,498,1.0,
176,0,2,498,1.0,
177,0,1,499,1.0,
178,0,1,499,1.0,
179,0,1,499,1.0,
180,0,1,499,1.0,
181,0,1,499,1.0,
182,0,1,499,1.0,
183,0,1,499,1.0,
184,0,1,499,1.0,
185,0,1,499,1.0,
186,0,1,499,1.0,
187,0,1,499,1.0,
188,0,0,500,1.0,
189,0,0,500,1.0,
190,0,0,500,1.0,
191,0,0,500,1.0,
192,0,0,500,1.0,
193,0,0,500,1.0,
194,0,0,500,1.0,
195,0,0,500,1.0,
196,0,0,500,1.0,
197,0,0,500,1.0,
198,0,0,500,1.0,
199,0,0,500,1.0,
200,0,0,500,1.0,
1,495,5,0,0.99,1.0
2,491,9,0,0.9805454545454545,0.9951055355697324
3,485,15,0,0.9687272727272728,0.9888151202808572
4,475,25,0,0.9526363636363636,0.9799246666394021
5,460,40,0,0.9315454545454546,0.967501410541519
6,437,60,3,0.9224545454545454,0.9604361328655486
7,410,83,7,0.9053636363636364,0.9471047173562384
8,380,105,15,0.8999090909090909,0.9389733388833471
9,350,130,20,0.8892727272727273,0.9256903113765433
10,316,161,23,0.8744545454545455,0.9054756364819503
11,280,193,27,0.8837272727272727,0.9009364155776993
12,238,229,33,0.8969090909090909,0.8964630998052544
13,202,254,44,0.9084545454545454,0.8914039430670508
14,165,282,53,0.8927272727272727,0.8421318628441707
15,132,300,68,0.9023636363636364,0.8197895347196145
16,104,316,80,0.9079090909090909,0.7828674695885233
17,79,327,94,0.9221818181818182,0.7575361316819871
18,53,333,114,0.9504545454545454,0.7696356007602339
19,34,331,135,0.9653636363636363,0.7489061296775039
20,16,335,149,0.9880909090909091,0.8172110173184992
21,4,334,162,0.9990909090909091,0.9474297618937856
22,0,331,169,1.0,
23,0,317,183,1.0,
24,0,309,191,1.0,
25,0,299,201,1.0,
26,0,285,215,1.0,
27,0,276,224,1.0,
28,0,262,238,1.0,
29,0,254,246,1.0,
30,0,239,261,1.0,
31,0,234,266,1.0,
32,0,221,279,1.0,
33,0,213,287,1.0,
34,0,201,299,1.0,
35,0,195,305,1.0,
36,0,188,312,1.0,
37,0,179,321,1.0,
38,0,172,328,1.0,
39,0,164,336,1.0,
40,0,160,340,1.0,
41,0,156,344,1.0,
42,0,151,349,1.0,
43,0,145,355,1.0,
44,0,139,361,1.0,
45,0,135,365,1.0,
46,0,132,368,1.0,
47,0,129,371,1.0,
48,0,125,375,1.0,
49,0,121,379,1.0,
50,0,116,384,1.0,
51,0,113,387,1.0,
52,0,109,391,1.0,
53,0,106,394,1.0,
54,0,99,401,1.0,
55,0,94,406,1.0,
56,0,88,412,1.0,
57,0,84,416,1.0,
58,0,78,422,1.0,
59,0,75,425,1.0,
60,0,71,429,1.0,
61,0,69,431,1.0,
62,0,67,433,1.0,
63,0,64,436,1.0,
64,0,62,438,1.0,
65,0,59,441,1.0,
66,0,57,443,1.0,
67,0,52,448,1.0,
68,0,50,450,1.0,
69,0,44,456,1.0,
70,0,41,459,1.0,
71,0,39,461,1.0,
72,0,37,463,1.0,
73,0,35,465,1.0,
74,0,34,466,1.0,
75,0,33,467,1.0,
76,0,33,467,1.0,
77,0,32,468,1.0,
78,0,31,469,1.0,
79,0,30,470,1.0,
80,0,28,472,1.0,
81,0,24,476,1.0,
82,0,23,477,1.0,
83,0,22,478,1.0,
84,0,22,478,1.0,
85,0,21,479,1.0,
86,0,21,479,1.0,
87,0,20,480,1.0,
88,0,17,483,1.0,
89,0,16,484,1.0,
90,0,15,485,1.0,
91,0,15,485,1.0,
92,0,15,485,1.0,
93,0,14,486,1.0,
94,0,13,487,1.0,
95,0,12,488,1.0,
96,0,12,488,1.0,
97,0,12,488,1.0,
98,0,12,488,1.0,
99,0,12,488,1.0,
100,0,11,489,1.0,
101,0,11,489,1.0,
102,0,11,489,1.0,
103,0,11,489,1.0,
104,0,11,489,1.0,
105,0,10,490,1.0,
106,0,9,491,1.0,
107,0,9,491,1.0,
108,0,7,493,1.0,
109,0,6,494,1.0,
110,0,6,494,1.0,
111,0,5,495,1.0,
112,0,5,495,1.0,
113,0,5,495,1.0,
114,0,5,495,1.0,
115,0,5,495,1.0,
116,0,4,496,1.0,
117,0,4,496,1.0,
118,0,4,496,1.0,
119,0,4,496,1.0,
120,0,3,497,1.0,
121,0,3,497,1.0,
122,0,3,497,1.0,
123,0,3,497,1.0,
124,0,3,497,1.0,
125,0,2,498,1.0,
126,0,2,498,1.0,
127,0,2,498,1.0,
128,0,2,498,1.0,
129,0,1,499,1.0,
130,0,1,499,1.0,
131,0,1,499,1.0,
132,0,1,499,1.0,
133,0,1,499,1.0,
134,0,1,499,1.0,
135,0,1,499,1.0,
136,0,1,499,1.0,
137,0,1,499,1.0,
138,0,1,499,1.0,
139,0,1,499,1.0,
140,0,1,499,1.0,
141,0,1,499,1.0,
142,0,1,499,1.0,
143,0,1,499,1.0,
144,0,1,499,1.0,
145,0,1,499,1.0,
146,0,1,499,1.0,
147,0,1,499,1.0,
148,0,1,499,1.0,
149,0,1,499,1.0,
150,0,1,499,1.0,
151,0,1,499,1.0,
152,0,1,499,1.0,
153,0,1,499,1.0,
154,0,1,499,1.0,
155,0,1,499,1.0,
156,0,1,499,1.0,
157,0,1,499,1.0,
158,0,1,499,1.0,
159,0,1,499,1.0,
160,0,1,499,1.0,
161,0,1,499,1.0,
162,0,1,499,1.0,
163,0,1,499,1.0,
164,0,1,499,1.0,
165,0,1,499,1.0,
166,0,1,499,1.0,
167,0,1,499,1.0,
168,0,1,499,1.0,
169,0,1,499,1.0,
170,0,1,499,1.0,
171,0,1,499,1.0,
172,0,1,499,1.0,
173,0,1,499,1.0,
174,0,1,499,1.0,
175,0,1,499,1.0,
176,0,1,499,1.0,
177,0,1,499,1.0,
178,0,1,499,1.0,
179,0,1,499,1.0,
180,0,1,499,1.0,
181,0,1,499,1.0,
182,0,1,499,1.0,
183,0,1,499,1.0,
184,0,1,499,1.0,
185,0,1,499,1.0,
186,0,1,499,1.0,
187,0,1,499,1.0,
188,0,1,499,1.0,
189,0,1,499,1.0,
190,0,1,499,1.0,
191,0,1,499,1.0,
192,0,1,499,1.0,
193,0,1,499,1.0,
194,0,1,499,1.0,
195,0,1,499,1.0,
196,0,1,499,1.0,
197,0,1,499,1.0,
198,0,1,499,1.0,
199,0,1,499,1.0,
200,0,1,499,1.0,
1,496,4,0,0.9927272727272727,1.0
2,493,7,0,0.9865454545454545,0.9968159895895076
3,486,11,3,0.9767272727272728,0.9916531904925029
4,482,15,3,0.9677272727272728,0.9868450691098047
5,475,21,4,0.9586363636363636,0.9817722400264296
6,462,33,5,0.9457272727272727,0.9741709640946089
7,447,43,10,0.9390909090909091,0.9694795929614519
8,426,63,11,0.9137272727272727,0.9529051411589211
9,393,91,16,0.893090909090909,0.9355191734752589
10,352,128,20,0.8732727272727273,0.9133429554628455
11,315,157,28,0.8494545454545455,0.883666170732695
12,272,191,37,0.8271818181818181,0.8440962797262411
13,234,218,48,0.8205454545454546,0.810930471254372
14,178,263,59,0.8265454545454546,0.7586674901974992
15,130,300,70,0.8590909090909091,0.7311369913021329
16,80,334,86,0.925,0.7679956600502639
17,40,357,103,0.9676363636363636,0.800249623242579
18,13,360,127,0.9901818181818182,0.8115974509759021
19,4,355,141,0.997,0.8114803719768665
20,0,343,157,1.0,
21,0,331,169,1.0,
22,0,312,188,1.0,
23,0,305,195,1.0,
24,0,292,208,1.0,
25,0,278,222,1.0,
26,0,269,231,1.0,
27,0,260,240,1.0,
28,0,253,247,1.0,
29,0,241,259,1.0,
30,0,235,265,1.0,
31,0,226,274,1.0,
32,0,221,279,1.0,
33,0,212,288,1.0,
34,0,202,298,1.0,
35,0,197,303,1.0,
36,0,190,310,1.0,
37,0,186,314,1.0,
38,0,174,326,1.0,
39,0,168,332,1.0,
40,0,157,343,1.0,
41,0,152,348,1.0,
42,0,146,354,1.0,
43,0,139,361,1.0,
44,0,133,367,1.0,
45,0,131,369,1.0,
46,0,122,378,1.0,
47,0,115,385,1.0,
48,0,109,391,1.0,
49,0,100,400,1.0,
50,0,98,402,1.0,
51,0,92,408,1.0,
52,0,88,412,1.0,
53,0,86,414,1.0,
54,0,81,419,1.0,
55,0,76,424,1.0,
56,0,74,426,1.0,
57,0,70,430,1.0,
58,0,69,431,1.0,
59,0,63,437,1.0,
60,0,61,439,1.0,
61,0,57,443,1.0,
62,0,55,445,1.0,
63,0,50,450,1.0,
64,0,46,454,1.0,
65,0,42,458,1.0,
66,0,42,458,1.0,
67,0,41,459,1.0,
68,0,39,461,1.0,
69,0,37,463,1.0,
70,0,36,464,1.0,
71,0,35,465,1.0,
72,0,32,468,1.0,
73,0,30,470,1.0,
74,0,30,470,1.0,
75,0,30,470,1.0,
76,0,27,473,1.0,
77,0,26,474,1.0,
78,0,25,475,1.0,
79,0,25,475,1.0,
80,0,23,477,1.0,
81,0,22,478,1.0,
82,0,22,478,1.0,
83,0,20,480,1.0,
84,0,19,481,1.0,
85,0,17,483,1.0,
86,0,17,483,1.0,
87,0,17,483,1.0,
88,0,17,483,1.0,
89,0,17,483,1.0,
90,0,14,486,1.0,
91,0,13,487,1.0,
92,0,11,489,1.0,
93,0,10,490,1.0,
94,0,9,491,1.0,
95,0,9,491,1.0,
96,0,9,491,1.0,
97,0,8,492,1.0,
98,0,8,492,1.0,
99,0,7,493,1.0,
100,0,7,493,1.0,
101,0,7,493,1.0,
102,0,7,493,1.0,
103,0,6,494,1.0,
104,0,6,494,1.0,
105,0,6,494,1.0,
106,0,6,494,1.0,
107,0,5,495,1.0,
108,0,5,495,1.0,
109,0,5,495,1.0,
110,0,5,495,1.0,
111,0,5,495,1.0,
112,0,5,495,1.0,
113,0,5,495,1.0,
114,0,5,495,1.0,
115,0,4,496,1.0,
116,0,4,496,1.0,
117,0,4,496,1.0,
118,0,4,496,1.0,
119,0,4,496,1.0,
120,0,4,496,1.0,
121,0,2,498,1.0,
122,0,2,498,1.0,
123,0,2,498,1.0,
124,0,2,498,1.0,
125,0,2,498,1.0,
126,0,2,498,1.0,
127,0,2,498,1.0,
128,0,2,498,1.0,
129,0,2,498,1.0,
130,0,2,498,1.0,
131,0,2,498,1.0,
132,0,2,498,1.0,
133,0,2,498,1.0,
134,0,2,498,1.0,
135,0,2,498,1.0,
136,0,2,498,1.0,
137,0,2,498,1.0,
138,0,2,498,1.0,
139,0,2,498,1.0,
140,0,2,498,1.0,
141,0,2,498,1.0,
142,0,2,498,1.0,
143,0,2,498,1.0,
144,0,2,498,1.0,
145,0,2,498,1.0,
146,0,1,499,1.0,
147,0,1,499,1.0,
148,0,1,499,1.0,
149,0,1,499,1.0,
150,0,1,499,1.0,
151,0,1,499,1.0,
152,0,1,499,1.0,
153,0,1,499,1.0,
154,0,1,499,1.0,
155,0,1,499,1.0,
156,0,1,499,1.0,
157,0,1,499,1.0,
158,0,1,499,1.0,
159,0,1,499,1.0,
160,0,1,499,1.0,
161,0,1,499,1.0,
162,0,1,499,1.0,
163,0,1,499,1.0,
164,0,1,499,1.0,
165,0,1,499,1.0,
166,0,1,499,1.0,
167,0,1,499,1.0,
168,0,1,499,1.0,
169,0,1,499,1.0,
170,0,1,499,1.0,
171,0,1,499,1.0,
172,0,1,499,1.0,
173,0,1,499,1.0,
174,0,1,499,1.0,
175,0,1,499,1.0,
176,0,0,500,1.0,
177,0,0,500,1.0,
178,0,0,500,1.0,
179,0,0,500,1.0,
180,0,0,500,1.0,
181,0,0,500,1.0,
182,0,0,500,1.0,
183,0,0,500,1.0,
184,0,0,500,1.0,
185,0,0,500,1.0,
186,0,0,500,1.0,
187,0,0,500,1.0,
188,0,0,500,1.0,
189,0,0,500,1.0,
190,0,0,500,1.0,
191,0,0,500,1.0,
192,0,0,500,1.0,
193,0,0,500,1.0,
194,0,0,500,1.0,
195,0,0,500,1.0,
196,0,0,500,1.0,
197,0,0,500,1.0,
198,0,0,500,1.0,
199,0,0,500,1.0,
200,0,0,500,1.0,
1,498,2,0,0.9970909090909091,1.0
2,494,5,1,0.9904545454545455,0.9966157960294267
3,490,9,1,0.9815454545454545,0.9920235287966899
4,484,15,1,0.9680909090909091,0.984921974014566
5,472,27,1,0.9485454545454546,0.9741348876010015
6,453,44,3,0.9227272727272727,0.9587660518013619
7,423,71,6,0.9048181818181819,0.9451906365706934
8,396,94,10,0.889,0.931377127271956
9,346,138,16,0.8567272727272728,0.8979469850311987
10,299,178,23,0.8333636363636364,0.8621926441982295
11,264,206,30,0.8366363636363636,0.8467757752592405
12,219,240,41,0.864909090909091,0.8471087805560126
13,176,275,49,0.8917272727272727,0.8474684562358881
14,133,306,61,0.9177272727272727,0.8465964937173915
15,105,316,79,0.9416363636363636,0.8619819203601314
16,72,334,94,0.9446363636363636,0.8085458436461045
17,56,336,108,0.949,0.7731234143186912
18,32,340,128,0.9678181818181818,0.7495164904615841
19,24,330,146,0.9742727272727273,0.7330676563557464
20,13,328,159,0.9855454545454545,0.7240242934029228
21,7,328,165,0.9955454545454545,0.8426523803815628
22,2,320,178,0.9991818181818182,0.900312867394467
23,0,300,200,1.0,
24,0,289,211,1.0,
25,0,280,220,1.0,
26,0,273,227,1.0,
27,0,259,241,1.0,
28,0,251,249,1.0,
29,0,248,252,1.0,
30,0,236,264,1.0,
31,0,228,272,1.0,
32,0,215,285,1.0,
33,0,211,289,1.0,
34,0,199,301,1.0,
35,0,191,309,1.0,
36,0,182,318,1.0,
37,0,177,323,1.0,
38,0,175,325,1.0,
39,0,169,331,1.0,
40,0,161,339,1.0,
41,0,150,350,1.0,
42,0,138,362,1.0,
43,0,133,367,1.0,
44,0,128,372,1.0,
45,0,125,375,1.0,
46,0,118,382,1.0,
47,0,113,387,1.0,
48,0,110,390,1.0,
49,0,108,392,1.0,
50,0,106,394,1.0,
51,0,98,402,1.0,
52,0,95,405,1.0,
53,0,89,411,1.0,
54,0,83,417,1.0,
55,0,79,421,1.0,
56,0,78,422,1.0,
57,0,75,425,1.0,
58,0,74,426,1.0,
59,0,73,427,1.0,
60,0,72,428,1.0,
61,0,71,429,1.0,
62,0,70,430,1.0,
63,0,67,433,1.0,
64,0,63,437,1.0,
65,0,60,440,1.0,
66,0,58,442,1.0,
67,0,57,443,1.0,
68,0,53,447,1.0,
69,0,51,449,1.0,
70,0,51,449,1.0,
71,0,50,450,1.0,
72,0,48,452,1.0,
73,0,46,454,1.0,
74,0,44,456,1.0,
75,0,42,458,1.0,
76,0,40,460,1.0,
77,0,39,461,1.0,
78,0,38,462,1.0,
79,0,37,463,1.0,
80,0,37,463,1.0,
81,0,36,464,1.0,
82,0,36,464,1.0,
83,0,32,468,1.0,
84,0,31,469,1.0,
85,0,28,472,1.0,
86,0,28,472,1.0,
87,0,26,474,1.0,
88,0,26,474,1.0,
89,0,26,474,1.0,
90,0,25,475,1.0,
91,0,23,477,1.0,
92,0,22,478,1.0,
93,0,21,479,1.0,
94,0,20,480,1.0,
95,0,20,480,1.0,
96,0,20,480,1.0,
97,0,20,480,1.0,
98,0,20,480,1.0,
99,0,19,481,1.0,
100,0,18,482,1.0,
101,0,18,482,1.0,
102,0,18,482,1.0,
103,0,18,482,1.0,
104,0,17,483,1.0,
105,0,17,483,1.0,
106,0,15,485,1.0,
107,0,15,485,1.0,
108,0,14,486,1.0,
109,0,13,487,1.0,
110,0,11,489,1.0,
111,0,10,490,1.0,
112,0,10,490,1.0,
113,0,10,490,1.0,
114,0,10,490,1.0,
115,0,10,490,1.0,
116,0,9,491,1.0,
117,0,9,491,1.0,
118,0,9,491,1.0,
119,0,9,491,1.0,
120,0,8,492,1.0,
121,0,8,492,1.0,
122,0,8,492,1.0,
123,0,8,492,1.0,
124,0,7,493,1.0,
125,0,6,494,1.0,
126,0,6,494,1.0,
127,0,6,494,1.0,
128,0,5,495,1.0,
129,0,5,495,1.0,
130,0,5,495,1.0,
131,0,5,495,1.0,
132,0,4,496,1.0,
133,0,4,496,1.0,
134,0,4,496,1.0,
135,0,3,497,1.0,
136,0,3,497,1.0,
137,0,3,497,1.0,
138,0,3,497,1.0,
139,0,3,497,1.0,
140,0,2,498,1.0,
141,0,2,498,1.0,
142,0,2,498,1.0,
143,0,2,498,1.0,
144,0,2,498,1.0,
145,0,2,498,1.0,
146,0,2,498,1.0,
147,0,2,498,1.0,
148,0,2,498,1.0,
149,0,2,498,1.0,
150,0,2,498,1.0,
151,0,2,498,1.0,
152,0,2,498,1.0,
153,0,2,498,1.0,
154,0,1,499,1.0,
155,0,1,499,1.0,
156,0,1,499,1.0,
157,0,1,499,1.0,
158,0,1,499,1.0,
159,0,1,499,1.0,
160,0,1,499,1.0,
161,0,1,499,1.0,
162,0,1,499,1.0,
163,0,1,499,1.0,
164,0,1,499,1.0,
165,0,1,499,1.0,
166,0,1,499,1.0,
167,0,1,499,1.0,
168,0,1,499,1.0,
169,0,1,499,1.0,
170,0,1,499,1.0,
171,0,1,499,1.0,
172,0,0,500,1.0,
173,0,0,500,1.0,
174,0,0,500,1.0,
175,0,0,500,1.0,
176,0,0,500,1.0,
177,0,0,500,1.0,
178,0,0,500,1.0,
179,0,0,500,1.0,
180,0,0,500,1.0,
181,0,0,500,1.0,
182,0,0,500,1.0,
183,0,0,500,1.0,
184,0,0,500,1.0,
185,0,0,500,1.0,
186,0,0,500,1.0,
187,0,0,500,1.0,
188,0,0,500,1.0,
189,0,0,500,1.0,
190,0,0,500,1.0,
191,0,0,500,1.0,
192,0,0,500,1.0,
193,0,0,500,1.0,
194,0,0,500,1.0,
195,0,0,500,1.0,
196,0,0,500,1.0,
197,0,0,500,1.0,
198,0,0,500,1.0,
199,0,0,500,1.0,
200,0,0,500,1.0,
1,497,3,0,0.9938181818181818,1.0
2,491,9,0,0.9796363636363636,0.9927067669229372
3,488,12,0,0.9755454545454545,0.9905217068982602
4,478,22,0,0.9555454545454546,0.9797753400003167
5,467,32,1,0.9392727272727273,0.9704515090754676
6,444,52,4,0.9134545454545454,0.9541730179170419
7,429,62,9,0.9115454545454545,0.9514060344034375
8,398,90,12,0.890090909090909,0.9338548519079505
9,366,116,18,0.8544545454545455,0.9033641141615452
10,325,150,25,0.8253636363636364,0.8683760046154066
11,279,187,34,0.8076363636363636,0.8303522346807894
12,228,229,43,0.8100909090909091,0.794589604372534
13,179,271,50,0.8401818181818181,0.7792655713119112
14,127,308,65,0.8782727272727273,0.7628875819037663
15,78,342,80,0.9168181818181819,0.7349013874191416
16,43,363,94,0.9596363636363636,0.766636946603141
17,15,373,112,0.9890909090909091,0.8185923179819199
18,7,367,126,0.9951818181818182,0.8295836055494785
19,0,358,142,1.0,
20,0,343,157,1.0,
21,0,327,173,1.0,
22,0,316,184,1.0,
23,0,307,193,1.0,
24,0,293,207,1.0,
25,0,284,216,1.0,
26,0,273,227,1.0,
27,0,264,236,1.0,
28,0,243,257,1.0,
29,0,236,264,1.0,
30,0,228,272,1.0,
31,0,221,279,1.0,
32,0,212,288,1.0,
33,0,201,299,1.0,
34,0,189,311,1.0,
35,0,184,316,1.0,
36,0,182,318,1.0,
37,0,174,326,1.0,
38,0,167,333,1.0,
39,0,161,339,1.0,
40,0,153,347,1.0,
41,0,151,349,1.0,
42,0,141,359,1.0,
43,0,135,365,1.0,
44,0,132,368,1.0,
45,0,129,371,1.0,
46,0,124,376,1.0,
47,0,121,379,1.0,
48,0,118,382,1.0,
49,0,115,385,1.0,
50,0,111,389,1.0,
51,0,106,394,1.0,
52,0,99,401,1.0,
53,0,94,406,1.0,
54,0,88,412,1.0,
55,0,84,416,1.0,
56,0,79,421,1.0,
57,0,74,426,1.0,
58,0,72,428,1.0,
59,0,71,429,1.0,
60,0,68,432,1.0,
61,0,64,436,1.0,
62,0,61,439,1.0,
63,0,58,442,1.0,
64,0,54,446,1.0,
65,0,53,447,1.0,
66,0,51,449,1.0,
67,0,48,452,1.0,
68,0,48,452,1.0,
69,0,46,454,1.0,
70,0,44,456,1.0,
71,0,44,456,1.0,
72,0,43,457,1.0,
73,0,41,459,1.0,
74,0,39,461,1.0,
75,0,39,461,1.0,
76,0,37,463,1.0,
77,0,33,467,1.0,
78,0,31,469,1.0,
79,0,30,470,1.0,
80,0,29,471,1.0,
81,0,28,472,1.0,
82,0,27,473,1.0,
83,0,26,474,1.0,
84,0,25,475,1.0,
85,0,25,475,1.0,
86,0,24,476,1.0,
87,0,21,479,1.0,
88,0,19,481,1.0,
89,0,18,482,1.0,
90,0,17,483,1.0,
91,0,17,483,1.0,
92,0,16,484,1.0,
93,0,13,487,1.0,
94,0,12,488,1.0,
95,0,12,488,1.0,
96,0,12,488,1.0,
97,0,12,488,1.0,
98,0,12,488,1.0,
99,0,12,488,1.0,
100,0,12,488,1.0,
101,0,12,488,1.0,
102,0,11,489,1.0,
103,0,9,491,1.0,
104,0,8,492,1.0,
105,0,8,492,1.0,
106,0,6,494,1.0,
107,0,6,494,1.0,
108,0,5,495,1.0,
109,0,5,495,1.0,
110,0,5,495,1.0,
111,0,5,495,1.0,
112,0,5,495,1.0,
113,0,4,496,1.0,
114,0,4,496,1.0,
115,0,3,497,1.0,
116,0,3,497,1.0,
117,0,3,497,1.0,
118,0,3,497,1.0,
119,0,3,497,1.0,
120,0,3,497,1.0,
121,0,3,497,1.0,
122,0,3,497,1.0,
123,0,3,497,1.0,
124,0,3,497,1.0,
125,0,3,497,1.0,
126,0,3,497,1.0,
127,0,3,497,1.0,
128,0,3,497,1.0,
129,0,2,498,1.0,
130,0,2,498,1.0,
131,0,1,499,1.0,
132,0,1,499,1.0,
133,0,1,499,1.0,
134,0,1,499,1.0,
135,0,1,499,1.0,
136,0,1,499,1.0,
137,0,1,499,1.0,
138,0,0,500,1.0,
139,0,0,500,1.0,
140,0,0,500,1.0,
141,0,0,500,1.0,
142,0,0,500,1.0,
143,0,0,500,1.0,
144,0,0,500,1.0,
145,0,0,500,1.0,
146,0,0,500,1.0,
147,0,0,500,1.0,
148,0,0,500,1.0,
149,0,0,500,1.0,
150,0,0,500,1.0,
151,0,0,500,1.0,
152,0,0,500,1.0,
153,0,0,500,1.0,
154,0,0,500,1.0,
155,0,0,500,1.0,
156,0,0,500,1.0,
157,0,0,500,1.0,
158,0,0,500,1.0,
159,0,0,500,1.0,
160,0,0,500,1.0,
161,0,0,500,1.0,
162,0,0,500,1.0,
163,0,0,500,1.0,
164,0,0,500,1.0,
165,0,0,500,1.0,
166,0,0,500,1.0,
167,0,0,500,1.0,
168,0,0,500,1.0,
169,0,0,500,1.0,
170,0,0,500,1.0,
171,0,0,500,1.0,
172,0,0,500,1.0,
173,0,0,500,1.0,
174,0,0,500,1.0,
175,0,0,500,1.0,
176,0,0,500,1.0,
177,0,0,500,1.0,
178,0,0,500,1.0,
179,0,0,500,1.0,
180,0,0,500,1.0,
181,0,0,500,1.0,
182,0,0,500,1.0,
183,0,0,500,1.0,
184,0,0,500,1.0,
185,0,0,500,1.0,
186,0,0,500,1.0,
187,0,0,500,1.0,
188,0,0,500,1.0,
189,0,0,500,1.0,
190,0,0,500,1.0,
191,0,0,500,1.0,
192,0,0,500,1.0,
193,0,0,500,1.0,
194,0,0,500,1.0,
195,0,0,500,1.0,
196,0,0,500,1.0,
197,0,0,500,1.0,
198,0,0,500,1.0,
199,0,0,500,1.0,
200,0,0,500,1.0,
1,496,4,0,0.9925454545454545,1.0
2,491,8,1,0.9836363636363636,0.9954050747425499
3,486,11,3,0.9762727272727273,0.9915154608729105
4,482,14,4,0.9704545454545455,0.9883868426449355
5,474,22,4,0.9543636363636364,0.9795941468561689
6,460,36,4,0.9327272727272727,0.9670754371694026
7,436,55,9,0.9122727272727272,0.953276021337279
8,409,77,14,0.8959090909090909,0.939959748904584
9,386,96,18,0.8907272727272727,0.9328344367742919
10,353,121,26,0.893,0.9277797362241866
11,307,156,37,0.8806363636363637,0.9062273102661775
12,266,190,44,0.8819090909090909,0.8923138706761652
13,224,223,53,0.882,0.8716707408783736
14,185,256,59,0.9067272727272727,0.8772554175957948
15,150,277,73,0.9304545454545454,0.8872441239684494
16,127,285,88,0.94,0.8849557273887848
17,105,292,103,0.9424545454545454,0.8658140857298512
18,90,294,116,0.9396363636363636,0.8350880945914961
19,73,302,125,0.9316363636363636,0.7684517350171834
20,53,312,135,0.9449090909090909,0.7428038452900816
21,33,315,152,0.9688181818181818,0.7661748232105978
22,14,322,164,0.9916363636363636,0.8527525535822721
23,5,322,173,0.9990909090909091,0.9580401802372307
24,0,310,190,1.0,
25,0,296,204,1.0,
26,0,283,217,1.0,
27,0,274,226,1.0,
28,0,257,243,1.0,
29,0,247,253,1.0,
30,0,238,262,1.0,
31,0,227,273,1.0,
32,0,221,279,1.0,
33,0,214,286,1.0,
34,0,208,292,1.0,
35,0,198,302,1.0,
36,0,193,307,1.0,
37,0,186,314,1.0,
38,0,178,322,1.0,
39,0,169,331,1.0,
40,0,159,341,1.0,
41,0,155,345,1.0,
42,0,146,354,1.0,
43,0,139,361,1.0,
44,0,133,367,1.0,
45,0,128,372,1.0,
46,0,125,375,1.0,
47,0,122,378,1.0,
48,0,116,384,1.0,
49,0,110,390,1.0,
50,0,104,396,1.0,
51,0,100,400,1.0,
52,0,99,401,1.0,
53,0,95,405,1.0,
54,0,93,407,1.0,
55,0,87,413,1.0,
56,0,82,418,1.0,
57,0,77,423,1.0,
58,0,76,424,1.0,
59,0,72,428,1.0,
60,0,71,429,1.0,
61,0,71,429,1.0,
62,0,68,432,1.0,
63,0,64,436,1.0,
64,0,61,439,1.0,
65,0,59,441,1.0,
66,0,59,441,1.0,
67,0,56,444,1.0,
68,0,56,444,1.0,
69,0,56,444,1.0,
70,0,55,445,1.0,
71,0,52,448,1.0,
72,0,50,450,1.0,
73,0,49,451,1.0,
74,0,47,453,1.0,
75,0,45,455,1.0,
76,0,44,456,1.0,
77,0,43,457,1.0,
78,0,42,458,1.0,
79,0,42,458,1.0,
80,0,39,461,1.0,
81,0,37,463,1.0,
82,0,35,465,1.0,
83,0,31,469,1.0,
84,0,31,469,1.0,
85,0,31,469,1.0,
86,0,31,469,1.0,
87,0,29,471,1.0,
88,0,28,472,1.0,
89,0,27,473,1.0,
90,0,27,473,1.0,
91,0,26,474,1.0,
92,0,26,474,1.0,
93,0,25,475,1.0,
94,0,22,478,1.0,
95,0,21,479,1.0,
96,0,21,479,1.0,
97,0,21,479,1.0,
98,0,20,480,1.0,
99,0,19,481,1.0,
100,0,19,481,1.0,
101,0,17,483,1.0,
102,0,17,483,1.0,
103,0,17,483,1.0,
104,0,17,483,1.0,
105,0,16,484,1.0,
106,0,15,485,1.0,
107,0,15,485,1.0,
108,0,14,486,1.0,
109,0,13,487,1.0,
110,0,13,487,1.0,
111,0,12,488,1.0,
112,0,11,489,1.0,
113,0,9,491,1.0,
114,0,9,491,1.0,
115,0,9,491,1.0,
116,0,9,491,1.0,
117,0,9,491,1.0,
118,0,9,491,1.0,
119,0,8,492,1.0,
120,0,8,492,1.0,
121,0,8,492,1.0,
122,0,8,492,1.0,
123,0,8,492,1.0,
124,0,8,492,1.0,
125,0,8,492,1.0,
126,0,8,492,1.0,
127,0,8,492,1.0,
128,0,7,493,1.0,
129,0,7,493,1.0,
130,0,6,494,1.0,
131,0,6,494,1.0,
132,0,4,496,1.0,
133,0,4,496,1.0,
134,0,3,497,1.0,
135,0,3,497,1.0,
136,0,3,497,1.0,
137,0,3,497,1.0,
138,0,3,497,1.0,
139,0,3,497,1.0,
140,0,3,497,1.0,
141,0,3,497,1.0,
142,0,3,497,1.0,
143,0,3,497,1.0,
144,0,3,497,1.0,
145,0,2,498,1.0,
146,0,2,498,1.0,
147,0,2,498,1.0,
148,0,2,498,1.0,
149,0,2,498,1.0,
150,0,2,498,1.0,
151,0,2,498,1.0,
152,0,2,498,1.0,
153,0,1,499,1.0,
154,0,1,499,1.0,
155,0,1,499,1.0,
156,0,1,499,1.0,
157,0,1,499,1.0,
158,0,1,499,1.0,
159,0,1,499,1.0,
160,0,1,499,1.0,
161,0,1,499,1.0,
162,0,1,499,1.0,
163,0,1,499,1.0,
164,0,1,499,1.0,
165,0,1,499,1.0,
166,0,1,499,1.0,
167,0,1,499,1.0,
168,0,1,499,1.0,
169,0,1,499,1.0,
170,0,1,499,1.0,
171,0,1,499,1.0,
172,0,1,499,1.0,
173,0,1,499,1.0,
174,0,1,499,1.0,
175,0,1,499,1.0,
176,0,1,499,1.0,
177,0,1,499,1.0,
178,0,1,499,1.0,
179,0,1,499,1.0,
180,0,1,499,1.0,
181,0,1,499,1.0,
182,0,1,499,1.0,
183,0,1,499,1.0,
184,0,1,499,1.0,
185,0,1,499,1.0,
186,0,1,499,1.0,
187,0,1,499,1.0,
188,0,1,499,1.0,
189,0,1,499,1.0,
190,0,1,499,1.0,
191,0,1,499,1.0,
192,0,1,499,1.0,
193,0,1,499,1.0,
194,0,1,499,1.0,
195,0,1,499,1.0,
196,0,1,499,1.0,
197,0,1,499,1.0,
198,0,1,499,1.0,
199,0,1,499,1.0,
200,0,0,500,1.0,
1,496,4,0,0.9927272727272727,1.0
2,489,10,1,0.9794545454545455,0.9931155787334031
3,485,14,1,0.9706363636363636,0.9884557818480526
4,481,17,2,0.9649090909090909,0.9853545070109556
5,472,25,3,0.9516363636363636,0.9779612888634533
6,459,36,5,0.9465454545454546,0.9744073251357859
7,443,46,11,0.9407272727272727,0.9700448148325774
8,427,60,13,0.9430909090909091,0.9701580306281032
9,407,77,16,0.9295454545454546,0.9602412971622639
10,384,94,22,0.9076363636363637,0.9433140375252969
11,363,110,27,0.8885454545454545,0.9266766824836992
12,331,136,33,0.8722727272727273,0.9069859863916081
13,293,166,41,0.8633636363636363,0.8868848475973078
14,250,199,51,0.8565454545454545,0.8599229299494581
15,202,236,62,0.8384545454545455,0.8031493736768828
16,160,262,78,0.8402727272727273,0.7532681173088409
17,124,289,87,0.8647272727272727,0.7300056893890775
18,80,317,103,0.9159090909090909,0.7396545580771722
19,43,335,122,0.9661818181818181,0.8057080665005419
20,16,353,131,0.9945454545454545,0.9174242060062662
21,2,350,148,0.9998181818181818,0.9811189525152207
22,0,340,160,1.0,
23,0,322,178,1.0,
24,0,310,190,1.0,
25,0,291,209,1.0,
26,0,275,225,1.0,
27,0,265,235,1.0,
28,0,257,243,1.0,
29,0,245,255,1.0,
30,0,230,270,1.0,
31,0,220,280,1.0,
32,0,210,290,1.0,
33,0,207,293,1.0,
34,0,199,301,1.0,
35,0,190,310,1.0,
36,0,185,315,1.0,
37,0,182,318,1.0,
38,0,175,325,1.0,
39,0,171,329,1.0,
40,0,167,333,1.0,
41,0,166,334,1.0,
42,0,155,345,1.0,
43,0,151,349,1.0,
44,0,144,356,1.0,
45,0,141,359,1.0,
46,0,134,366,1.0,
47,0,128,372,1.0,
48,0,121,379,1.0,
49,0,118,382,1.0,
50,0,116,384,1.0,
51,0,113,387,1.0,
52,0,105,395,1.0,
53,0,102,398,1.0,
54,0,99,401,1.0,
55,0,96,404,1.0,
56,0,92,408,1.0,
57,0,87,413,1.0,
58,0,82,418,1.0,
59,0,78,422,1.0,
60,0,76,424,1.0,
61,0,74,426,1.0,
62,0,68,432,1.0,
63,0,64,436,1.0,
64,0,62,438,1.0,
65,0,57,443,1.0,
66,0,56,444,1.0,
67,0,53,447,1.0,
68,0,51,449,1.0,
69,0,47,453,1.0,
70,0,47,453,1.0,
71,0,46,454,1.0,
72,0,45,455,1.0,
73,0,45,455,1.0,
74,0,43,457,1.0,
75,0,40,460,1.0,
76,0,39,461,1.0,
77,0,38,462,1.0,
78,0,37,463,1.0,
79,0,35,465,1.0,
80,0,35,465,1.0,
81,0,35,465,1.0,
82,0,32,468,1.0,
83,0,31,469,1.0,
84,0,30,470,1.0,
85,0,28,472,1.0,
86,0,26,474,1.0,
87,0,24,476,1.0,
88,0,24,476,1.0,
89,0,24,476,1.0,
90,0,24,476,1.0,
91,0,23,477,1.0,
92,0,22,478,1.0,
93,0,22,478,1.0,
94,0,21,479,1.0,
95,0,19,481,1.0,
96,0,19,481,1.0,
97,0,19,481,1.0,
98,0,19,481,1.0,
99,0,18,482,1.0,
100,0,18,482,1.0,
101,0,16,484,1.0,
102,0,16,484,1.0,
103,0,16,484,1.0,
104,0,16,484,1.0,
105,0,15,485,1.0,
106,0,15,485,1.0,
107,0,15,485,1.0,
108,0,15,485,1.0,
109,0,15,485,1.0,
110,0,15,485,1.0,
111,0,13,487,1.0,
112,0,13,487,1.0,
113,0,12,488,1.0,
114,0,12,488,1.0,
115,0,12,488,1.0,
116,0,12,488,1.0,
117,0,12,488,1.0,
118,0,12,488,1.0,
119,0,12,488,1.0,
120,0,12,488,1.0,
121,0,12,488,1.0,
122,0,11,489,1.0,
123,0,11,489,1.0,
124,0,9,491,1.0,
125,0,9,491,1.0,
126,0,9,491,1.0,
127,0,8,492,1.0,
128,0,7,493,1.0,
129,0,7,493,1.0,
130,0,7,493,1.0,
131,0,6,494,1.0,
132,0,6,494,1.0,
133,0,6,494,1.0,
134,0,6,494,1.0,
135,0,5,495,1.0,
136,0,4,496,1.0,
137,0,4,496,1.0,
138,0,4,496,1.0,
139,0,4,496,1.0,
140,0,4,496,1.0,
141,0,4,496,1.0,
142,0,4,496,1.0,
143,0,4,496,1.0,
144,0,4,496,1.0,
145,0,4,496,1.0,
146,0,4,496,1.0,
147,0,4,496,1.0,
148,0,4,496,1.0,
149,0,4,496,1.0,
150,0,4,496,1.0,
151,0,4,496,1.0,
152,0,4,496,1.0,
153,0,4,496,1.0,
154,0,2,498,1.0,
155,0,2,498,1.0,
156,0,2,498,1.0,
157,0,2,498,1.0,
158,0,2,498,1.0,
159,0,1,499,1.0,
160,0,0,500,1.0,
161,0,0,500,1.0,
162,0,0,500,1.0,
163,0,0,500,1.0,
164,0,0,500,1.0,
165,0,0,500,1.0,
166,0,0,500,1.0,
167,0,0,500,1.0,
168,0,0,500,1.0,
169,0,0,500,1.0,
170,0,0,500,1.0,
171,0,0,500,1.0,
172,0,0,500,1.0,
173,0,0,500,1.0,
174,0,0,500,1.0,
175,0,0,500,1.0,
176,0,0,500,1.0,
177,0,0,500,1.0,
178,0,0,500,1.0,
179,0,0,500,1.0,
180,0,0,500,1.0,
181,0,0,500,1.0,
182,0,0,500,1.0,
183,0,0,500,1.0,
184,0,0,500,1.0,
185,0,0,500,1.0,
186,0,0,500,1.0,
187,0,0,500,1.0,
188,0,0,500,1.0,
189,0,0,500,1.0,
190,0,0,500,1.0,
191,0,0,500,1.0,
192,0,0,500,1.0,
193,0,0,500,1.0,
194,0,0,500,1.0,
195,0,0,500,1.0,
196,0,0,500,1.0,
197,0,0,500,1.0,
198,0,0,500,1.0,
199,0,0,500,1.0,
200,0,0,500,1.0,
1,498,2,0,0.9974545454545455,1.0
2,495,5,0,0.9914545454545455,0.9969517592714412
3,489,10,1,0.976909090909091,0.9894484729800469
4,483,15,2,0.9680909090909091,0.9847154300495571
5,470,26,4,0.9587272727272728,0.9792525080636653
6,457,37,6,0.9528181818181818,0.975395614886618
7,442,50,8,0.9439090909090909,0.969471207306401
8,415,76,9,0.9193636363636364,0.9526149909003279
9,384,98,18,0.8958181818181818,0.933336672362861
10,346,127,27,0.8867272727272727,0.9191989715854588
11,324,147,29,0.8946363636363637,0.919785169336821
12,290,174,36,0.8943636363636364,0.9099393783372859
13,259,196,45,0.897,0.9015668293865507
14,225,224,51,0.8941818181818182,0.8833276162544091
15,179,258,63,0.8852727272727273,0.8405067079956621
16,141,285,74,0.8790909090909091,0.7861720923044676
17,107,309,84,0.8926363636363637,0.7497802785157849
18,76,325,99,0.9196363636363636,0.7360073165797614
19,46,339,115,0.961,0.7885254639669428
20,16,353,131,0.9843636363636363,0.755751649104004
21,11,341,148,0.9892727272727273,0.7570953039909819
22,8,338,154,0.994,0.8140464006966891
23,1,329,170,0.9995454545454545,0.8874989490434473
24,1,319,180,0.9994545454545455,0.864742565734641
25,0,306,194,1.0,
26,0,286,214,1.0,
27,0,268,232,1.0,
28,0,261,239,1.0,
29,0,252,248,1.0,
30,0,246,254,1.0,
31,0,237,263,1.0,
32,0,225,275,1.0,
33,0,220,280,1.0,
34,0,214,286,1.0,
35,0,204,296,1.0,
36,0,195,305,1.0,
37,0,187,313,1.0,
38,0,178,322,1.0,
39,0,175,325,1.0,
40,0,170,330,1.0,
41,0,165,335,1.0,
42,0,156,344,1.0,
43,0,147,353,1.0,
44,0,144,356,1.0,
45,0,140,360,1.0,
46,0,138,362,1.0,
47,0,136,364,1.0,
48,0,131,369,1.0,
49,0,130,370,1.0,
50,0,123,377,1.0,
51,0,121,379,1.0,
52,0,117,383,1.0,
53,0,113,387,1.0,
54,0,110,390,1.0,
55,0,104,396,1.0,
56,0,100,400,1.0,
57,0,97,403,1.0,
58,0,95,405,1.0,
59,0,91,409,1.0,
60,0,88,412,1.0,
61,0,83,417,1.0,
62,0,82,418,1.0,
63,0,81,419,1.0,
64,0,79,421,1.0,
65,0,73,427,1.0,
66,0,67,433,1.0,
67,0,63,437,1.0,
68,0,63,437,1.0,
69,0,63,437,1.0,
70,0,57,443,1.0,
71,0,53,447,1.0,
72,0,50,450,1.0,
73,0,49,451,1.0,
74,0,48,452,1.0,
75,0,47,453,1.0,
76,0,46,454,1.0,
77,0,43,457,1.0,
78,0,43,457,1.0,
79,0,42,458,1.0,
80,0,38,462,1.0,
81,0,36,464,1.0,
82,0,36,464,1.0,
83,0,35,465,1.0,
84,0,34,466,1.0,
85,0,33,467,1.0,
86,0,33,467,1.0,
87,0,32,468,1.0,
88,0,31,469,1.0,
89,0,31,469,1.0,
90,0,31,469,1.0,
91,0,30,470,1.0,
92,0,30,470,1.0,
93,0,28,472,1.0,
94,0,25,475,1.0,
95,0,25,475,1.0,
96,0,25,475,1.0,
97,0,24,476,1.0,
98,0,23,477,1.0,
99,0,23,477,1.0,
100,0,23,477,1.0,
101,0,22,478,1.0,
102,0,20,480,1.0,
103,0,19,481,1.0,
104,0,17,483,1.0,
105,0,17,483,1.0,
106,0,16,484,1.0,
107,0,15,485,1.0,
108,0,14,486,1.0,
109,0,14,486,1.0,
110,0,13,487,1.0,
111,0,13,487,1.0,
112,0,13,487,1.0,
113,0,13,487,1.0,
114,0,13,487,1.0,
115,0,13,487,1.0,
116,0,11,489,1.0,
117,0,11,489,1.0,
118,0,11,489,1.0,
119,0,9,491,1.0,
120,0,8,492,1.0,
121,0,8,492,1.0,
122,0,7,493,1.0,
123,0,6,494,1.0,
124,0,5,495,1.0,
125,0,5,495,1.0,
126,0,5,495,1.0,
127,0,5,495,1.0,
128,0,5,495,1.0,
129,0,5,495,1.0,
130,0,5,495,1.0,
131,0,5,495,1.0,
132,0,5,495,1.0,
133,0,5,495,1.0,
134,0,5,495,1.0,
135,0,5,495,1.0,
136,0,4,496,1.0,
137,0,4,496,1.0,
138,0,4,496,1.0,
139,0,3,497,1.0,
140,0,3,497,1.0,
141,0,3,497,1.0,
142,0,3,497,1.0,
143,0,3,497,1.0,
144,0,3,497,1.0,
145,0,3,497,1.0,
146,0,3,497,1.0,
147,0,3,497,1.0,
148,0,3,497,1.0,
149,0,3,497,1.0,
150,0,3,497,1.0,
151,0,3,497,1.0,
152,0,3,497,1.0,
153,0,3,497,1.0,
154,0,3,497,1.0,
155,0,3,497,1.0,
156,0,3,497,1.0,
157,0,3,497,1.0,
158,0,3,497,1.0,
159,0,3,497,1.0,
160,0,3,497,1.0,
161,0,3,497,1.0,
162,0,2,498,1.0,
163,0,2,498,1.0,
164,0,2,498,1.0,
165,0,2,498,1.0,
166,0,2,498,1.0,
167,0,2,498,1.0,
168,0,2,498,1.0,
169,0,2,498,1.0,
170,0,2,498,1.0,
171,0,2,498,1.0,
172,0,2,498,1.0,
173,0,2,498,1.0,
174,0,2,498,1.0,
175,0,2,498,1.0,
176,0,2,498,1.0,
177,0,2,498,1.0,
178,0,2,498,1.0,
179,0,2,498,1.0,
180,0,2,498,1.0,
181,0,1,499,1.0,
182,0,1,499,1.0,
183,0,1,499,1.0,
184,0,1,499,1.0,
185,0,1,499,1.0,
186,0,1,499,1.0,
187,0,0,500,1.0,
188,0,0,500,1.0,
189,0,0,500,1.0,
190,0,0,500,1.0,
191,0,0,500,1.0,
192,0,0,500,1.0,
193,0,0,500,1.0,
194,0,0,500,1.0,
195,0,0,500,1.0,
196,0,0,500,1.0,
197,0,0,500,1.0,
198,0,0,500,1.0,
199,0,0,500,1.0,
200,0,0,500,1.0,
1,495,3,2,0.9947272727272727,1.0
2,491,7,2,0.985909090909091,0.9954877661858322
3,483,15,2,0.9674545454545455,0.9857949369520421
4,473,23,4,0.9539090909090909,0.9782505286326066
5,457,38,5,0.9258181818181819,0.9619909392579615
6,445,50,5,0.9066363636363637,0.9500844966907479
7,420,72,8,0.8864545454545455,0.9349123209615288
8,391,96,13,0.8879090909090909,0.9306833549360201
9,356,125,19,0.8630909090909091,0.9061742480139816
10,314,162,24,0.839,0.8739878688061806
11,275,198,27,0.8216363636363636,0.8400152165973903
12,231,233,36,0.8216363636363636,0.8090156051414013
13,180,276,44,0.8452727272727273,0.7870663329443122
14,122,318,60,0.9053636363636364,0.8078220377474337
15,81,347,72,0.9300909090909091,0.7857337082354363
16,49,366,85,0.9587272727272728,0.7909497799229811
17,29,374,97,0.9686363636363636,0.7310691872130107
18,16,370,114,0.985909090909091,0.7814042817360668
19,8,359,133,0.996,0.8768364838855626
20,4,342,154,0.998,0.8763987021552146
21,1,329,170,0.9995454545454545,0.8887199537501406
22,0,319,181,1.0,
23,0,307,193,1.0,
24,0,292,208,1.0,
25,0,277,223,1.0,
26,0,268,232,1.0,
27,0,262,238,1.0,
28,0,251,249,1.0,
29,0,241,259,1.0,
30,0,235,265,1.0,
31,0,228,272,1.0,
32,0,220,280,1.0,
33,0,209,291,1.0,
34,0,195,305,1.0,
35,0,189,311,1.0,
36,0,182,318,1.0,
37,0,176,324,1.0,
38,0,168,332,1.0,
39,0,154,346,1.0,
40,0,147,353,1.0,
41,0,141,359,1.0,
42,0,134,366,1.0,
43,0,126,374,1.0,
44,0,125,375,1.0,
45,0,122,378,1.0,
46,0,116,384,1.0,
47,0,110,390,1.0,
48,0,102,398,1.0,
49,0,97,403,1.0,
50,0,93,407,1.0,
51,0,88,412,1.0,
52,0,86,414,1.0,
53,0,80,420,1.0,
54,0,76,424,1.0,
55,0,73,427,1.0,
56,0,72,428,1.0,
57,0,69,431,1.0,
58,0,68,432,1.0,
59,0,65,435,1.0,
60,0,63,437,1.0,
61,0,63,437,1.0,
62,0,61,439,1.0,
63,0,58,442,1.0,
64,0,55,445,1.0,
65,0,54,446,1.0,
66,0,52,448,1.0,
67,0,49,451,1.0,
68,0,48,452,1.0,
69,0,45,455,1.0,
70,0,44,456,1.0,
71,0,42,458,1.0,
72,0,41,459,1.0,
73,0,38,462,1.0,
74,0,37,463,1.0,
75,0,35,465,1.0,
76,0,33,467,1.0,
77,0,33,467,1.0,
78,0,29,471,1.0,
79,0,27,473,1.0,
80,0,27,473,1.0,
81,0,26,474,1.0,
82,0,25,475,1.0,
83,0,25,475,1.0,
84,0,25,475,1.0,
85,0,23,477,1.0,
86,0,22,478,1.0,
87,0,22,478,1.0,
88,0,21,479,1.0,
89,0,20,480,1.0,
90,0,19,481,1.0,
91,0,19,481,1.0,
92,0,19,481,1.0,
93,0,19,481,1.0,
94,0,19,481,1.0,
95,0,18,482,1.0,
96,0,18,482,1.0,
97,0,17,483,1.0,
98,0,16,484,1.0,
99,0,15,485,1.0,
100,0,14,486,1.0,
101,0,13,487,1.0,
102,0,13,487,1.0,
103,0,11,489,1.0,
104,0,11,489,1.0,
105,0,10,490,1.0,
106,0,9,491,1.0,
107,0,6,494,1.0,
108,0,6,494,1.0,
109,0,6,494,1.0,
110,0,5,495,1.0,
111,0,5,495,1.0,
112,0,5,495,1.0,
113,0,4,496,1.0,
114,0,4,496,1.0,
115,0,2,498,1.0,
116,0,2,498,1.0,
117,0,2,498,1.0,
118,0,2,498,1.0,
119,0,2,498,1.0,
120,0,2,498,1.0,
121,0,2,498,1.0,
122,0,2,498,1.0,
123,0,2,498,1.0,
124,0,2,498,1.0,
125,0,2,498,1.0,
126,0,2,498,1.0,
127,0,2,498,1.0,
128,0,2,498,1.0,
129,0,2,498,1.0,
130,0,2,498,1.0,
131,0,1,499,1.0,
132,0,1,499,1.0,
133,0,1,499,1.0,
134,0,1,499,1.0,
135,0,1,499,1.0,
136,0,1,499,1.0,
137,0,1,499,1.0,
138,0,1,499,1.0,
139,0,1,499,1.0,
140,0,1,499,1.0,
141,0,0,500,1.0,
142,0,0,500,1.0,
143,0,0,500,1.0,
144,0,0,500,1.0,
145,0,0,500,1.0,
146,0,0,500,1.0,
147,0,0,500,1.0,
148,0,0,500,1.0,
149,0,0,500,1.0,
150,0,0,500,1.0,
151,0,0,500,1.0,
152,0,0,500,1.0,
153,0,0,500,1.0,
154,0,0,500,1.0,
155,0,0,500,1.0,
156,0,0,500,1.0,
157,0,0,500,1.0,
158,0,0,500,1.0,
159,0,0,500,1.0,
160,0,0,500,1.0,
161,0,0,500,1.0,
162,0,0,500,1.0,
163,0,0,500,1.0,
164,0,0,500,1.0,
165,0,0,500,1.0,
166,0,0,500,1.0,
167,0,0,500,1.0,
168,0,0,500,1.0,
169,0,0,500,1.0,
170,0,0,500,1.0,
171,0,0,500,1.0,
172,0,0,500,1.0,
173,0,0,500,1.0,
174,0,0,500,1.0,
175,0,0,500,1.0,
176,0,0,500,1.0,
177,0,0,500,1.0,
178,0,0,500,1.0,
179,0,0,500,1.0,
180,0,0,500,1.0,
181,0,0,500,1.0,
182,0,0,500,1.0,
183,0,0,500,1.0,
184,0,0,500,1.0,
185,0,0,500,1.0,
186,0,0,500,1.0,
187,0,0,500,1.0,
188,0,0,500,1.0,
189,0,0,500,1.0,
190,0,0,500,1.0,
191,0,0,500,1.0,
192,0,0,500,1.0,
193,0,0,500,1.0,
194,0,0,500,1.0,
195,0,0,500,1.0,
196,0,0,500,1.0,
197,0,0,500,1.0,
198,0,0,500,1.0,
199,0,0,500,1.0,
200,0,0,500,1.0,
1,497,3,0,0.9947272727272727,1.0
2,495,5,0,0.9916363636363636,0.9984205711522708
3,488,12,0,0.9744545454545455,0.989528660639263
4,479,19,2,0.962,0.9827465823995624
5,465,30,5,0.9424545454545454,0.9716174758262278
6,443,51,6,0.9187272727272727,0.9566388249371377
7,416,74,10,0.9132727272727272,0.9503620683128815
8,394,92,14,0.9113636363636364,0.946331537028503
9,361,119,20,0.8879090909090909,0.9249484784861681
10,329,145,26,0.868,0.9022904122088019
11,286,181,33,0.8727272727272727,0.8912826838012922
12,255,205,40,0.8915454545454545,0.8961751381843002
13,215,234,51,0.9150909090909091,0.903758255201875
14,168,267,65,0.9027272727272727,0.8577894460420947
15,134,291,75,0.9079090909090909,0.830747883598997
16,108,307,85,0.9239090909090909,0.8264614928037725
17,85,319,96,0.9390909090909091,0.8233088116011857
18,62,335,103,0.9529090909090909,0.8125284181598328
19,47,334,119,0.9580909090909091,0.7787697037289123
20,37,328,135,0.9640909090909091,0.7589411304894911
21,24,329,147,0.973,0.7200297540024329
22,13,332,155,0.9885454545454545,0.7803953020863142
23,4,332,164,0.9992727272727273,0.9566830066015038
24,0,326,174,1.0,
25,0,318,182,1.0,
26,0,304,196,1.0,
27,0,292,208,1.0,
28,0,275,225,1.0,
29,0,261,239,1.0,
30,0,252,248,1.0,
31,0,246,254,1.0,
32,0,236,264,1.0,
33,0,224,276,1.0,
34,0,217,283,1.0,
35,0,211,289,1.0,
36,0,200,300,1.0,
37,0,191,309,1.0,
38,0,182,318,1.0,
39,0,172,328,1.0,
40,0,172,328,1.0,
41,0,169,331,1.0,
42,0,163,337,1.0,
43,0,160,340,1.0,
44,0,154,346,1.0,
45,0,151,349,1.0,
46,0,145,355,1.0,
47,0,142,358,1.0,
48,0,136,364,1.0,
49,0,134,366,1.0,
50,0,126,374,1.0,
51,0,122,378,1.0,
52,0,116,384,1.0,
53,0,112,388,1.0,
54,0,109,391,1.0,
55,0,106,394,1.0,
56,0,99,401,1.0,
57,0,98,402,1.0,
58,0,93,407,1.0,
59,0,87,413,1.0,
60,0,82,418,1.0,
61,0,79,421,1.0,
62,0,78,422,1.0,
63,0,74,426,1.0,
64,0,71,429,1.0,
65,0,69,431,1.0,
66,0,69,431,1.0,
67,0,69,431,1.0,
68,0,67,433,1.0,
69,0,63,437,1.0,
70,0,62,438,1.0,
71,0,57,443,1.0,
72,0,55,445,1.0,
73,0,54,446,1.0,
74,0,54,446,1.0,
75,0,53,447,1.0,
76,0,51,449,1.0,
77,0,50,450,1.0,
78,0,47,453,1.0,
79,0,41,459,1.0,
80,0,39,461,1.0,
81,0,37,463,1.0,
82,0,36,464,1.0,
83,0,33,467,1.0,
84,0,32,468,1.0,
85,0,31,469,1.0,
86,0,30,470,1.0,
87,0,29,471,1.0,
88,0,26,474,1.0,
89,0,25,475,1.0,
90,0,24,476,1.0,
91,0,24,476,1.0,
92,0,22,478,1.0,
93,0,22,478,1.0,
94,0,20,480,1.0,
95,0,20,480,1.0,
96,0,18,482,1.0,
97,0,17,483,1.0,
98,0,17,483,1.0,
99,0,16,484,1.0,
100,0,16,484,1.0,
101,0,15,485,1.0,
102,0,14,486,1.0,
103,0,11,489,1.0,
104,0,10,490,1.0,
105,0,10,490,1.0,
106,0,10,490,1.0,
107,0,8,492,1.0,
108,0,8,492,1.0,
109,0,8,492,1.0,
110,0,8,492,1.0,
111,0,8,492,1.0,
112,0,8,492,1.0,
113,0,8,492,1.0,
114,0,8,492,1.0,
115,0,7,493,1.0,
116,0,7,493,1.0,
117,0,7,493,1.0,
118,0,7,493,1.0,
119,0,6,494,1.0,
120,0,6,494,1.0,
121,0,6,494,1.0,
122,0,6,494,1.0,
123,0,6,494,1.0,
124,0,6,494,1.0,
125,0,6,494,1.0,
126,0,6,494,1.0,
127,0,6,494,1.0,
128,0,6,494,1.0,
129,0,6,494,1.0,
130,0,5,495,1.0,
131,0,5,495,1.0,
132,0,5,495,1.0,
133,0,4,496,1.0,
134,0,4,496,1.0,
135,0,4,496,1.0,
136,0,4,496,1.0,
137,0,4,496,1.0,
138,0,4,496,1.0,
139,0,4,496,1.0,
140,0,4,496,1.0,
141,0,3,497,1.0,
142,0,3,497,1.0,
143,0,3,497,1.0,
144,0,3,497,1.0,
145,0,3,497,1.0,
146,0,3,497,1.0,
147,0,2,498,1.0,
148,0,2,498,1.0,
149,0,2,498,1.0,
150,0,2,498,1.0,
151,0,2,498,1.0,
152,0,2,498,1.0,
153,0,2,498,1.0,
154,0,2,498,1.0,
155,0,2,498,1.0,
156,0,2,498,1.0,
157,0,2,498,1.0,
158,0,1,499,1.0,
159,0,1,499,1.0,
160,0,1,499,1.0,
161,0,1,499,1.0,
162,0,1,499,1.0,
163,0,1,499,1.0,
164,0,1,499,1.0,
165,0,1,499,1.0,
166,0,1,499,1.0,
167,0,1,499,1.0,
168,0,1,499,1.0,
169,0,1,499,1.0,
170,0,1,499,1.0,
171,0,1,499,1.0,
172,0,1,499,1.0,
173,0,1,499,1.0,
174,0,1,499,1.0,
175,0,1,499,1.0,
176,0,1,499,1.0,
177,0,1,499,1.0,
178,0,1,499,1.0,
179,0,1,499,1.0,
180,0,1,499,1.0,
181,0,1,499,1.0,
182,0,1,499,1.0,
183,0,1,499,1.0,
184,0,1,499,1.0,
185,0,1,499,1.0,
186,0,1,499,1.0,
187,0,1,499,1.0,
188,0,1,499,1.0,
189,0,1,499,1.0,
190,0,1,499,1.0,
191,0,0,500,1.0,
192,0,0,500,1.0,
193,0,0,500,1.0,
194,0,0,500,1.0,
195,0,0,500,1.0,
196,0,0,500,1.0,
197,0,0,500,1.0,
198,0,0,500,1.0,
199,0,0,500,1.0,
200,0,0,500,1.0,
1,499,1,0,1.0,1.0
2,495,5,0,0.9902727272727273,0.9951012676456191
3,490,10,0,0.9774545454545455,0.9885012145706312
4,484,16,0,0.9672727272727273,0.9830964291209844
5,471,28,1,0.9431818181818182,0.9698261053139235
6,454,45,1,0.9339090909090909,0.9636218557201794
7,430,66,4,0.9071818181818182,0.9460677274171054
8,406,88,6,0.8907272727272727,0.9328020074086462
9,370,121,9,0.8726363636363637,0.9140274727918597
10,330,155,15,0.8513636363636363,0.8873369827196848
11,286,191,23,0.8317272727272728,0.8527879865496083
12,239,230,31,0.8065454545454546,0.7973513468773864
13,183,275,42,0.8183636363636364,0.7513556012250772
14,133,313,54,0.8550909090909091,0.7271456275149477
15,82,350,68,0.9307272727272727,0.788217653364143
16,35,387,78,0.9826363636363636,0.8756086650121028
17,11,399,90,0.9973636363636363,0.9400196467849743
18,2,394,104,0.9999090909090909,0.9886363636363636
19,0,379,121,1.0,
20,0,372,128,1.0,
21,0,354,146,1.0,
22,0,346,154,1.0,
23,0,337,163,1.0,
24,0,327,173,1.0,
25,0,313,187,1.0,
26,0,301,199,1.0,
27,0,289,211,1.0,
28,0,276,224,1.0,
29,0,266,234,1.0,
30,0,253,247,1.0,
31,0,242,258,1.0,
32,0,237,263,1.0,
33,0,223,277,1.0,
34,0,218,282,1.0,
35,0,206,294,1.0,
36,0,199,301,1.0,
37,0,191,309,1.0,
38,0,183,317,1.0,
39,0,180,320,1.0,
40,0,177,323,1.0,
41,0,169,331,1.0,
42,0,166,334,1.0,
43,0,161,339,1.0,
44,0,157,343,1.0,
45,0,151,349,1.0,
46,0,147,353,1.0,
47,0,145,355,1.0,
48,0,140,360,1.0,
49,0,136,364,1.0,
50,0,132,368,1.0,
51,0,126,374,1.0,
52,0,120,380,1.0,
53,0,115,385,1.0,
54,0,105,395,1.0,
55,0,102,398,1.0,
56,0,99,401,1.0,
57,0,96,404,1.0,
58,0,91,409,1.0,
59,0,87,413,1.0,
60,0,84,416,1.0,
61,0,78,422,1.0,
62,0,71,429,1.0,
63,0,68,432,1.0,
64,0,66,434,1.0,
65,0,63,437,1.0,
66,0,60,440,1.0,
67,0,56,444,1.0,
68,0,52,448,1.0,
69,0,50,450,1.0,
70,0,49,451,1.0,
71,0,48,452,1.0,
72,0,47,453,1.0,
73,0,46,454,1.0,
74,0,45,455,1.0,
75,0,42,458,1.0,
76,0,40,460,1.0,
77,0,39,461,1.0,
78,0,38,462,1.0,
79,0,37,463,1.0,
80,0,35,465,1.0,
81,0,31,469,1.0,
82,0,29,471,1.0,
83,0,28,472,1.0,
84,0,28,472,1.0,
85,0,28,472,1.0,
86,0,24,476,1.0,
87,0,23,477,1.0,
88,0,22,478,1.0,
89,0,21,479,1.0,
90,0,20,480,1.0,
91,0,20,480,1.0,
92,0,20,480,1.0,
93,0,18,482,1.0,
94,0,18,482,1.0,
95,0,18,482,1.0,
96,0,18,482,1.0,
97,0,18,482,1.0,
98,0,16,484,1.0,
99,0,14,486,1.0,
100,0,13,487,1.0,
101,0,12,488,1.0,
102,0,10,490,1.0,
103,0,10,490,1.0,
104,0,10,490,1.0,
105,0,10,490,1.0,
106,0,10,490,1.0,
107,0,10,490,1.0,
108,0,10,490,1.0,
109,0,10,490,1.0,
110,0,9,491,1.0,
111,0,9,491,1.0,
112,0,9,491,1.0,
113,0,8,492,1.0,
114,0,7,493,1.0,
115,0,7,493,1.0,
116,0,7,493,1.0,
117,0,6,494,1.0,
118,0,6,494,1.0,
119,0,6,494,1.0,
120,0,6,494,1.0,
121,0,6,494,1.0,
122,0,6,494,1.0,
123,0,5,495,1.0,
124,0,5,495,1.0,
125,0,5,495,1.0,
126,0,5,495,1.0,
127,0,4,496,1.0,
128,0,4,496,1.0,
129,0,3,497,1.0,
130,0,3,497,1.0,
131,0,3,497,1.0,
132,0,3,497,1.0,
133,0,3,497,1.0,
134,0,3,497,1.0,
135,0,3,497,1.0,
136,0,3,497,1.0,
137,0,2,498,1.0,
138,0,2,498,1.0,
139,0,2,498,1.0,
140,0,1,499,1.0,
141,0,1,499,1.0,
142,0,1,499,1.0,
143,0,1,499,1.0,
144,0,1,499,1.0,
145,0,0,500,1.0,
146,0,0,500,1.0,
147,0,0,500,1.0,
148,0,0,500,1.0,
149,0,0,500,1.0,
150,0,0,500,1.0,
151,0,0,500,1.0,
152,0,0,500,1.0,
153,0,0,500,1.0,
154,0,0,500,1.0,
155,0,0,500,1.0,
156,0,0,500,1.0,
157,0,0,500,1.0,
158,0,0,500,1.0,
159,0,0,500,1.0,
160,0,0,500,1.0,
161,0,0,500,1.0,
162,0,0,500,1.0,
163,0,0,500,1.0,
164,0,0,500,1.0,
165,0,0,500,1.0,
166,0,0,500,1.0,
167,0,0,500,1.0,
168,0,0,500,1.0,
169,0,0,500,1.0,
170,0,0,500,1.0,
171,0,0,500,1.0,
172,0,0,500,1.0,
173,0,0,500,1.0,
174,0,0,500,1.0,
175,0,0,500,1.0,
176,0,0,500,1.0,
177,0,0,500,1.0,
178,0,0,500,1.0,
179,0,0,500,1.0,
180,0,0,500,1.0,
181,0,0,500,1.0,
182,0,0,500,1.0,
183,0,0,500,1.0,
184,0,0,500,1.0,
185,0,0,500,1.0,
186,0,0,500,1.0,
187,0,0,500,1.0,
188,0,0,500,1.0,
189,0,0,500,1.0,
190,0,0,500,1.0,
191,0,0,500,1.0,
192,0,0,500,1.0,
193,0,0,500,1.0,
194,0,0,500,1.0,
195,0,0,500,1.0,
196,0,0,500,1.0,
197,0,0,500,1.0,
198,0,0,500,1.0,
199,0,0,500,1.0,
200,0,0,500,1.0,
1,497,3,0,0.9932727272727273,1.0
2,496,4,0,0.9925454545454545,0.999627376860922
3,493,7,0,0.985,0.9957724536664238
4,491,8,1,0.9838181818181818,0.9951334186859768
5,484,15,1,0.9693636363636363,0.9875294303322837
6,471,27,2,0.948,0.9757240307550329
7,455,42,3,0.9273636363636364,0.9633938232024054
8,431,66,3,0.905,0.9481271527135915
9,393,101,6,0.8813636363636363,0.9276352913671077
10,352,134,14,0.8785454545454545,0.916791936753909
11,312,168,20,0.8621818181818182,0.8925636065607011
12,272,200,28,0.8782727272727273,0.8910370674170122
13,234,224,42,0.888090909090909,0.8833177865109667
14,202,241,57,0.8943636363636364,0.8721430188084949
15,162,272,66,0.9226363636363636,0.8836676673844471
16,129,295,76,0.9314545454545454,0.8700887963883688
17,114,295,91,0.9252727272727272,0.8387680557758286
18,99,300,101,0.9224545454545454,0.8067193264843885
19,77,315,108,0.9350909090909091,0.7917285807822644
20,60,317,123,0.9406363636363636,0.7550933046352806
21,46,316,138,0.9493636363636364,0.7276734260926783
22,35,314,151,0.9592727272727273,0.711992374656735
23,25,313,162,0.9724545454545455,0.726987493541166
24,16,310,174,0.9871818181818182,0.8008328534311537
25,8,310,182,0.994,0.8147618938218449
26,3,300,197,0.9975454545454545,0.798079342625097
27,3,289,208,0.9968181818181818,0.7372515975968822
28,2,279,219,0.9978181818181818,0.7265623510054476
29,0,269,231,1.0,
30,0,257,243,1.0,
31,0,252,248,1.0,
32,0,241,259,1.0,
33,0,228,272,1.0,
34,0,217,283,1.0,
35,0,213,287,1.0,
36,0,204,296,1.0,
37,0,193,307,1.0,
38,0,184,316,1.0,
39,0,177,323,1.0,
40,0,168,332,1.0,
41,0,162,338,1.0,
42,0,157,343,1.0,
43,0,151,349,1.0,
44,0,146,354,1.0,
45,0,141,359,1.0,
46,0,133,367,1.0,
47,0,124,376,1.0,
48,0,119,381,1.0,
49,0,118,382,1.0,
50,0,115,385,1.0,
51,0,112,388,1.0,
52,0,108,392,1.0,
53,0,105,395,1.0,
54,0,102,398,1.0,
55,0,99,401,1.0,
56,0,97,403,1.0,
57,0,93,407,1.0,
58,0,86,414,1.0,
59,0,84,416,1.0,
60,0,80,420,1.0,
61,0,75,425,1.0,
62,0,70,430,1.0,
63,0,65,435,1.0,
64,0,62,438,1.0,
65,0,60,440,1.0,
66,0,59,441,1.0,
67,0,56,444,1.0,
68,0,53,447,1.0,
69,0,50,450,1.0,
70,0,50,450,1.0,
71,0,49,451,1.0,
72,0,45,455,1.0,
73,0,44,456,1.0,
74,0,43,457,1.0,
75,0,42,458,1.0,
76,0,39,461,1.0,
77,0,35,465,1.0,
78,0,33,467,1.0,
79,0,33,467,1.0,
80,0,32,468,1.0,
81,0,31,469,1.0,
82,0,31,469,1.0,
83,0,30,470,1.0,
84,0,30,470,1.0,
85,0,30,470,1.0,
86,0,28,472,1.0,
87,0,28,472,1.0,
88,0,25,475,1.0,
89,0,25,475,1.0,
90,0,23,477,1.0,
91,0,23,477,1.0,
92,0,21,479,1.0,
93,0,20,480,1.0,
94,0,20,480,1.0,
95,0,16,484,1.0,
96,0,16,484,1.0,
97,0,16,484,1.0,
98,0,14,486,1.0,
99,0,14,486,1.0,
100,0,14,486,1.0,
101,0,13,487,1.0,
102,0,13,487,1.0,
103,0,12,488,1.0,
104,0,11,489,1.0,
105,0,11,489,1.0,
106,0,11,489,1.0,
107,0,11,489,1.0,
108,0,9,491,1.0,
109,0,8,492,1.0,
110,0,7,493,1.0,
111,0,7,493,1.0,
112,0,6,494,1.0,
113,0,6,494,1.0,
114,0,6,494,1.0,
115,0,6,494,1.0,
116,0,6,494,1.0,
117,0,6,494,1.0,
118,0,5,495,1.0,
119,0,5,495,1.0,
120,0,5,495,1.0,
121,0,5,495,1.0,
122,0,4,496,1.0,
123,0,4,496,1.0,
124,0,4,496,1.0,
125,0,4,496,1.0,
126,0,3,497,1.0,
127,0,3,497,1.0,
128,0,3,497,1.0,
129,0,3,497,1.0,
130,0,3,497,1.0,
131,0,3,497,1.0,
132,0,3,497,1.0,
133,0,3,497,1.0,
134,0,3,497,1.0,
135,0,3,497,1.0,
136,0,3,497,1.0,
137,0,3,497,1.0,
138,0,3,497,1.0,
139,0,3,497,1.0,
140,0,3,497,1.0,
141,0,3,497,1.0,
142,0,3,497,1.0,
143,0,3,497,1.0,
144,0,3,497,1.0,
145,0,3,497,1.0,
146,0,3,497,1.0,
147,0,3,497,1.0,
148,0,3,497,1.0,
149,0,3,497,1.0,
150,0,3,497,1.0,
151,0,2,498,1.0,
152,0,2,498,1.0,
153,0,2,498,1.0,
154,0,2,498,1.0,
155,0,2,498,1.0,
156,0,2,498,1.0,
157,0,1,499,1.0,
158,0,1,499,1.0,
159,0,1,499,1.0,
160,0,1,499,1.0,
161,0,1,499,1.0,
162,0,1,499,1.0,
163,0,1,499,1.0,
164,0,1,499,1.0,
165,0,1,499,1.0,
166,0,1,499,1.0,
167,0,1,499,1.0,
168,0,1,499,1.0,
169,0,1,499,1.0,
170,0,1,499,1.0,
171,0,1,499,1.0,
172,0,1,499,1.0,
173,0,1,499,1.0,
174,0,1,499,1.0,
175,0,1,499,1.0,
176,0,1,499,1.0,
177,0,1,499,1.0,
178,0,1,499,1.0,
179,0,1,499,1.0,
180,0,1,499,1.0,
181,0,1,499,1.0,
182,0,1,499,1.0,
183,0,1,499,1.0,
184,0,1,499,1.0,
185,0,1,499,1.0,
186,0,1,499,1.0,
187,0,1,499,1.0,
188,0,1,499,1.0,
189,0,1,499,1.0,
190,0,1,499,1.0,
191,0,1,499,1.0,
192,0,1,499,1.0,
193,0,1,499,1.0,
194,0,1,499,1.0,
195,0,1,499,1.0,
196,0,1,499,1.0,
197,0,1,499,1.0,
198,0,1,499,1.0,
199,0,1,499,1.0,
200,0,1,499,1.0,
1,495,5,0,0.9905454545454545,1.0
2,486,13,1,0.9747272727272728,0.9917152218404324
3,479,20,1,0.958,0.9827554823856982
4,464,34,2,0.9280909090909091,0.9658434767665783
5,447,47,6,0.9127272727272727,0.9557100065617586
6,430,63,7,0.894,0.9428436037370479
7,405,84,11,0.8640909090909091,0.9204166529774891
8,369,120,11,0.8507272727272728,0.9030590944204019
9,315,165,20,0.8725454545454545,0.903166348347585
10,265,210,25,0.8904545454545455,0.9009578572596156
11,227,240,33,0.915,0.9107849720426572
12,191,267,42,0.9269090909090909,0.9086983033148079
13,162,287,51,0.9248181818181819,0.8882861912507515
14,131,308,61,0.9102727272727272,0.8327261766050713
15,104,320,76,0.9025454545454545,0.7692158756545483
16,75,334,91,0.9157272727272727,0.7219261066132271
17,50,339,111,0.9481818181818182,0.7437860427431298
18,24,351,125,0.9860909090909091,0.858029827678264
19,4,352,144,0.9993636363636363,0.9639024705823706
20,0,340,160,1.0,
21,0,328,172,1.0,
22,0,320,180,1.0,
23,0,305,195,1.0,
24,0,294,206,1.0,
25,0,280,220,1.0,
26,0,275,225,1.0,
27,0,262,238,1.0,
28,0,253,247,1.0,
29,0,244,256,1.0,
30,0,229,271,1.0,
31,0,221,279,1.0,
32,0,214,286,1.0,
33,0,206,294,1.0,
34,0,197,303,1.0,
35,0,191,309,1.0,
36,0,183,317,1.0,
37,0,177,323,1.0,
38,0,174,326,1.0,
39,0,169,331,1.0,
40,0,164,336,1.0,
41,0,154,346,1.0,
42,0,148,352,1.0,
43,0,142,358,1.0,
44,0,139,361,1.0,
45,0,136,364,1.0,
46,0,133,367,1.0,
47,0,128,372,1.0,
48,0,125,375,1.0,
49,0,119,381,1.0,
50,0,113,387,1.0,
51,0,110,390,1.0,
52,0,107,393,1.0,
53,0,101,399,1.0,
54,0,96,404,1.0,
55,0,92,408,1.0,
56,0,89,411,1.0,
57,0,86,414,1.0,
58,0,84,416,1.0,
59,0,81,419,1.0,
60,0,79,421,1.0,
61,0,77,423,1.0,
62,0,75,425,1.0,
63,0,71,429,1.0,
64,0,69,431,1.0,
65,0,67,433,1.0,
66,0,66,434,1.0,
67,0,63,437,1.0,
68,0,63,437,1.0,
69,0,62,438,1.0,
70,0,61,439,1.0,
71,0,59,441,1.0,
72,0,55,445,1.0,
73,0,53,447,1.0,
74,0,52,448,1.0,
75,0,50,450,1.0,
76,0,50,450,1.0,
77,0,49,451,1.0,
78,0,44,456,1.0,
79,0,42,458,1.0,
80,0,42,458,1.0,
81,0,40,460,1.0,
82,0,38,462,1.0,
83,0,35,465,1.0,
84,0,32,468,1.0,
85,0,30,470,1.0,
86,0,28,472,1.0,
87,0,26,474,1.0,
88,0,25,475,1.0,
89,0,25,475,1.0,
90,0,23,477,1.0,
91,0,23,477,1.0,
92,0,22,478,1.0,
93,0,22,478,1.0,
94,0,22,478,1.0,
95,0,20,480,1.0,
96,0,19,481,1.0,
97,0,18,482,1.0,
98,0,18,482,1.0,
99,0,15,485,1.0,
100,0,15,485,1.0,
101,0,15,485,1.0,
102,0,14,486,1.0,
103,0,13,487,1.0,
104,0,10,490,1.0,
105,0,10,490,1.0,
106,0,10,490,1.0,
107,0,9,491,1.0,
108,0,9,491,1.0,
109,0,9,491,1.0,
110,0,9,491,1.0,
111,0,9,491,1.0,
112,0,8,492,1.0,
113,0,8,492,1.0,
114,0,8,492,1.0,
115,0,8,492,1.0,
116,0,8,492,1.0,
117,0,8,492,1.0,
118,0,8,492,1.0,
119,0,7,493,1.0,
120,0,7,493,1.0,
121,0,7,493,1.0,
122,0,6,494,1.0,
123,0,6,494,1.0,
124,0,6,494,1.0,
125,0,6,494,1.0,
126,0,5,495,1.0,
127,0,5,495,1.0,
128,0,4,496,1.0,
129,0,4,496,1.0,
130,0,4,496,1.0,
131,0,4,496,1.0,
132,0,4,496,1.0,
133,0,4,496,1.0,
134,0,4,496,1.0,
135,0,4,496,1.0,
136,0,4,496,1.0,
137,0,4,496,1.0,
138,0,4,496,1.0,
139,0,4,496,1.0,
140,0,4,496,1.0,
141,0,3,497,1.0,
142,0,3,497,1.0,
143,0,3,497,1.0,
144,0,3,497,1.0,
145,0,3,497,1.0,
146,0,3,497,1.0,
147,0,2,498,1.0,
148,0,2,498,1.0,
149,0,2,498,1.0,
150,0,2,498,1.0,
151,0,2,498,1.0,
152,0,2,498,1.0,
153,0,2,498,1.0,
154,0,2,498,1.0,
155,0,2,498,1.0,
156,0,1,499,1.0,
157,0,1,499,1.0,
158,0,1,499,1.0,
159,0,0,500,1.0,
160,0,0,500,1.0,
161,0,0,500,1.0,
162,0,0,500,1.0,
163,0,0,500,1.0,
164,0,0,500,1.0,
165,0,0,500,1.0,
166,0,0,500,1.0,
167,0,0,500,1.0,
168,0,0,500,1.0,
169,0,0,500,1.0,
170,0,0,500,1.0,
171,0,0,500,1.0,
172,0,0,500,1.0,
173,0,0,500,1.0,
174,0,0,500,1.0,
175,0,0,500,1.0,
176,0,0,500,1.0,
177,0,0,500,1.0,
178,0,0,500,1.0,
179,0,0,500,1.0,
180,0,0,500,1.0,
181,0,0,500,1.0,
182,0,0,500,1.0,
183,0,0,500,1.0,
184,0,0,500,1.0,
185,0,0,500,1.0,
186,0,0,500,1.0,
187,0,0,500,1.0,
188,0,0,500,1.0,
189,0,0,500,1.0,
190,0,0,500,1.0,
191,0,0,500,1.0,
192,0,0,500,1.0,
193,0,0,500,1.0,
194,0,0,500,1.0,
195,0,0,500,1.0,
196,0,0,500,1.0,
197,0,0,500,1.0,
198,0,0,500,1.0,
199,0,0,500,1.0,
200,0,0,500,1.0,
1,499,1,0,1.0,1.0
2,496,4,0,0.9927272727272727,0.9963306874914192
3,494,5,1,0.99,0.9949320393535709
4,493,6,1,0.9875454545454545,0.9936728202897445
5,490,8,2,0.9833636363636363,0.9914940332406955
6,486,12,2,0.976,0.9876292277121148
7,478,18,4,0.9647272727272728,0.9815307427305137
8,472,24,4,0.9545454545454546,0.9759160120698529
9,462,32,6,0.9460909090909091,0.9707813537493135
10,448,46,6,0.9343636363636364,0.9633229527557278
11,430,60,10,0.9286363636363636,0.9584726239515327
12,405,79,16,0.9151818181818182,0.9476694339680178
13,378,100,22,0.9118181818181819,0.9416881740651004
14,348,122,30,0.890090909090909,0.9211421726115104
15,317,146,37,0.8758181818181818,0.90219486947601
16,279,180,41,0.8626363636363636,0.8768920333594907
17,246,208,46,0.8608181818181818,0.8583282851702
18,206,238,56,0.8772727272727273,0.8507505995209653
19,160,274,66,0.8877272727272727,0.8240733060964989
20,109,315,76,0.908,0.7884456298631491
21,69,341,90,0.93,0.74632407112954
22,42,353,105,0.96,0.7615452500003995
23,20,356,124,0.9893636363636363,0.867084801503406
24,8,356,136,0.9983636363636363,0.9488548273431994
25,1,354,145,1.0,1.0
26,0,347,153,1.0,
27,0,333,167,1.0,
28,0,323,177,1.0,
29,0,312,188,1.0,
30,0,300,200,1.0,
31,0,291,209,1.0,
32,0,283,217,1.0,
33,0,269,231,1.0,
34,0,258,242,1.0,
35,0,250,250,1.0,
36,0,241,259,1.0,
37,0,232,268,1.0,
38,0,228,272,1.0,
39,0,223,277,1.0,
40,0,217,283,1.0,
41,0,206,294,1.0,
42,0,196,304,1.0,
43,0,188,312,1.0,
44,0,178,322,1.0,
45,0,170,330,1.0,
46,0,165,335,1.0,
47,0,161,339,1.0,
48,0,152,348,1.0,
49,0,142,358,1.0,
50,0,136,364,1.0,
51,0,131,369,1.0,
52,0,128,372,1.0,
53,0,122,378,1.0,
54,0,115,385,1.0,
55,0,110,390,1.0,
56,0,108,392,1.0,
57,0,106,394,1.0,
58,0,99,401,1.0,
59,0,94,406,1.0,
60,0,87,413,1.0,
61,0,82,418,1.0,
62,0,78,422,1.0,
63,0,76,424,1.0,
64,0,73,427,1.0,
65,0,68,432,1.0,
66,0,66,434,1.0,
67,0,58,442,1.0,
68,0,55,445,1.0,
69,0,53,447,1.0,
70,0,51,449,1.0,
71,0,51,449,1.0,
72,0,50,450,1.0,
73,0,48,452,1.0,
74,0,45,455,1.0,
75,0,42,458,1.0,
76,0,41,459,1.0,
77,0,40,460,1.0,
78,0,38,462,1.0,
79,0,38,462,1.0,
80,0,37,463,1.0,
81,0,35,465,1.0,
82,0,33,467,1.0,
83,0,32,468,1.0,
84,0,30,470,1.0,
85,0,30,470,1.0,
86,0,30,470,1.0,
87,0,30,470,1.0,
88,0,29,471,1.0,
89,0,29,471,1.0,
90,0,27,473,1.0,
91,0,26,474,1.0,
92,0,26,474,1.0,
93,0,26,474,1.0,
94,0,25,475,1.0,
95,0,24,476,1.0,
96,0,24,476,1.0,
97,0,21,479,1.0,
98,0,19,481,1.0,
99,0,17,483,1.0,
100,0,17,483,1.0,
101,0,16,484,1.0,
102,0,16,484,1.0,
103,0,15,485,1.0,
104,0,15,485,1.0,
105,0,15,485,1.0,
106,0,13,487,1.0,
107,0,13,487,1.0,
108,0,12,488,1.0,
109,0,11,489,1.0,
110,0,11,489,1.0,
111,0,8,492,1.0,
112,0,8,492,1.0,
113,0,7,493,1.0,
114,0,7,493,1.0,
115,0,7,493,1.0,
116,0,7,493,1.0,
117,0,7,493,1.0,
118,0,7,493,1.0,
119,0,7,493,1.0,
120,0,7,493,1.0,
121,0,6,494,1.0,
122,0,6,494,1.0,
123,0,6,494,1.0,
124,0,6,494,1.0,
125,0,5,495,1.0,
126,0,5,495,1.0,
127,0,5,495,1.0,
128,0,4,496,1.0,
129,0,4,496,1.0,
130,0,4,496,1.0,
131,0,4,496,1.0,
132,0,4,496,1.0,
133,0,4,496,1.0,
134,0,4,496,1.0,
135,0,4,496,1.0,
136,0,4,496,1.0,
137,0,4,496,1.0,
138,0,3,497,1.0,
139,0,3,497,1.0,
140,0,3,497,1.0,
141,0,3,497,1.0,
142,0,3,497,1.0,
143,0,3,497,1.0,
144,0,3,497,1.0,
145,0,3,497,1.0,
146,0,3,497,1.0,
147,0,2,498,1.0,
148,0,2,498,1.0,
149,0,2,498,1.0,
150,0,2,498,1.0,
151,0,2,498,1.0,
152,0,2,498,1.0,
153,0,2,498,1.0,
154,0,2,498,1.0,
155,0,2,498,1.0,
156,0,2,498,1.0,
157,0,2,498,1.0,
158,0,2,498,1.0,
159,0,2,498,1.0,
160,0,1,499,1.0,
161,0,1,499,1.0,
162,0,1,499,1.0,
163,0,1,499,1.0,
164,0,0,500,1.0,
165,0,0,500,1.0,
166,0,0,500,1.0,
167,0,0,500,1.0,
168,0,0,500,1.0,
169,0,0,500,1.0,
170,0,0,500,1.0,
171,0,0,500,1.0,
172,0,0,500,1.0,
173,0,0,500,1.0,
174,0,0,500,1.0,
175,0,0,500,1.0,
176,0,0,500,1.0,
177,0,0,500,1.0,
178,0,0,500,1.0,
179,0,0,500,1.0,
180,0,0,500,1.0,
181,0,0,500,1.0,
182,0,0,500,1.0,
183,0,0,500,1.0,
184,0,0,500,1.0,
185,0,0,500,1.0,
186,0,0,500,1.0,
187,0,0,500,1.0,
188,0,0,500,1.0,
189,0,0,500,1.0,
190,0,0,500,1.0,
191,0,0,500,1.0,
192,0,0,500,1.0,
193,0,0,500,1.0,
194,0,0,500,1.0,
195,0,0,500,1.0,
196,0,0,500,1.0,
197,0,0,500,1.0,
198,0,0,500,1.0,
199,0,0,500,1.0,
200,0,0,500,1.0,
1,496,4,0,0.9925454545454545,1.0
2,493,6,1,0.989,0.9981842770880679
3,485,14,1,0.9722727272727273,0.9894262287365986
4,480,19,1,0.9622727272727273,0.9840307245914488
5,472,26,2,0.953,0.9787850396236913
6,460,38,2,0.9428181818181818,0.9726126376217138
7,437,60,3,0.9382727272727273,0.9684155031429572
8,417,78,5,0.9393636363636364,0.9673655594674582
9,398,95,7,0.9419090909090909,0.9671608436129197
10,376,112,12,0.9332727272727273,0.9592870707359494
11,350,135,15,0.9126363636363637,0.9411635647699914
12,320,153,27,0.8859090909090909,0.9143596316287396
13,293,174,33,0.8627272727272727,0.8862232622100497
14,247,212,41,0.8262727272727273,0.8273322986952444
15,202,250,48,0.819,0.7790083129456028
16,163,277,60,0.8439090909090909,0.7635665014325981
17,112,318,70,0.8937272727272727,0.7653451743225332
18,65,349,86,0.9461818181818182,0.7950333827567729
19,28,374,98,0.9744545454545455,0.7725328633958757
20,11,370,119,0.9923636363636363,0.8281763568504248
21,4,357,139,0.9981818181818182,0.8891475911990218
22,2,348,150,0.9991818181818182,0.8989610227056983
23,1,340,159,0.9994545454545455,0.8669134696303894
24,0,327,173,1.0,
25,0,310,190,1.0,
26,0,297,203,1.0,
27,0,284,216,1.0,
28,0,274,226,1.0,
29,0,262,238,1.0,
30,0,250,250,1.0,
31,0,241,259,1.0,
32,0,227,273,1.0,
33,0,220,280,1.0,
34,0,210,290,1.0,
35,0,200,300,1.0,
36,0,194,306,1.0,
37,0,178,322,1.0,
38,0,172,328,1.0,
39,0,160,340,1.0,
40,0,147,353,1.0,
41,0,137,363,1.0,
42,0,134,366,1.0,
43,0,127,373,1.0,
44,0,119,381,1.0,
45,0,114,386,1.0,
46,0,111,389,1.0,
47,0,107,393,1.0,
48,0,103,397,1.0,
49,0,101,399,1.0,
50,0,99,401,1.0,
51,0,96,404,1.0,
52,0,93,407,1.0,
53,0,89,411,1.0,
54,0,83,417,1.0,
55,0,79,421,1.0,
56,0,76,424,1.0,
57,0,74,426,1.0,
58,0,73,427,1.0,
59,0,69,431,1.0,
60,0,67,433,1.0,
61,0,63,437,1.0,
62,0,62,438,1.0,
63,0,59,441,1.0,
64,0,57,443,1.0,
65,0,55,445,1.0,
66,0,54,446,1.0,
67,0,50,450,1.0,
68,0,48,452,1.0,
69,0,44,456,1.0,
70,0,40,460,1.0,
71,0,38,462,1.0,
72,0,36,464,1.0,
73,0,34,466,1.0,
74,0,34,466,1.0,
75,0,34,466,1.0,
76,0,34,466,1.0,
77,0,32,468,1.0,
78,0,31,469,1.0,
79,0,29,471,1.0,
80,0,28,472,1.0,
81,0,28,472,1.0,
82,0,26,474,1.0,
83,0,24,476,1.0,
84,0,22,478,1.0,
85,0,22,478,1.0,
86,0,22,478,1.0,
87,0,21,479,1.0,
88,0,21,479,1.0,
89,0,21,479,1.0,
90,0,20,480,1.0,
91,0,18,482,1.0,
92,0,18,482,1.0,
93,0,18,482,1.0,
94,0,18,482,1.0,
95,0,17,483,1.0,
96,0,17,483,1.0,
97,0,16,484,1.0,
98,0,15,485,1.0,
99,0,15,485,1.0,
100,0,15,485,1.0,
101,0,14,486,1.0,
102,0,14,486,1.0,
103,0,14,486,1.0,
104,0,14,486,1.0,
105,0,14,486,1.0,
106,0,13,487,1.0,
107,0,13,487,1.0,
108,0,12,488,1.0,
109,0,12,488,1.0,
110,0,10,490,1.0,
111,0,10,490,1.0,
112,0,9,491,1.0,
113,0,8,492,1.0,
114,0,8,492,1.0,
115,0,7,493,1.0,
116,0,7,493,1.0,
117,0,7,493,1.0,
118,0,7,493,1.0,
119,0,7,493,1.0,
120,0,7,493,1.0,
121,0,6,494,1.0,
122,0,6,494,1.0,
123,0,5,495,1.0,
124,0,5,495,1.0,
125,0,5,495,1.0,
126,0,5,495,1.0,
127,0,5,495,1.0,
128,0,5,495,1.0,
129,0,5,495,1.0,
130,0,5,495,1.0,
131,0,5,495,1.0,
132,0,5,495,1.0,
133,0,5,495,1.0,
134,0,4,496,1.0,
135,0,4,496,1.0,
136,0,4,496,1.0,
137,0,4,496,1.0,
138,0,3,497,1.0,
139,0,3,497,1.0,
140,0,3,497,1.0,
141,0,3,497,1.0,
142,0,3,497,1.0,
143,0,3,497,1.0,
144,0,3,497,1.0,
145,0,2,498,1.0,
146,0,2,498,1.0,
147,0,2,498,1.0,
148,0,2,498,1.0,
149,0,2,498,1.0,
150,0,2,498,1.0,
151,0,2,498,1.0,
152,0,2,498,1.0,
153,0,2,498,1.0,
154,0,2,498,1.0,
155,0,2,498,1.0,
156,0,1,499,1.0,
157,0,1,499,1.0,
158,0,1,499,1.0,
159,0,1,499,1.0,
160,0,1,499,1.0,
161,0,1,499,1.0,
162,0,1,499,1.0,
163,0,1,499,1.0,
164,0,1,499,1.0,
165,0,1,499,1.0,
166,0,1,499,1.0,
167,0,1,499,1.0,
168,0,1,499,1.0,
169,0,1,499,1.0,
170,0,1,499,1.0,
171,0,1,499,1.0,
172,0,1,499,1.0,
173,0,1,499,1.0,
174,0,1,499,1.0,
175,0,1,499,1.0,
176,0,1,499,1.0,
177,0,1,499,1.0,
178,0,1,499,1.0,
179,0,1,499,1.0,
180,0,1,499,1.0,
181,0,1,499,1.0,
182,0,1,499,1.0,
183,0,1,499,1.0,
184,0,1,499,1.0,
185,0,1,499,1.0,
186,0,1,499,1.0,
187,0,1,499,1.0,
188,0,1,499,1.0,
189,0,1,499,1.0,
190,0,1,499,1.0,
191,0,1,499,1.0,
192,0,1,499,1.0,
193,0,1,499,1.0,
194,0,1,499,1.0,
195,0,1,499,1.0,
196,0,1,499,1.0,
197,0,1,499,1.0,
198,0,1,499,1.0,
199,0,1,499,1.0,
200,0,1,499,1.0,
1,497,3,0,0.9947272727272727,0.9973481177004644
2,493,7,0,0.9858181818181818,0.9928068764783786
3,491,8,1,0.9831818181818182,0.9914349899454894
4,487,12,1,0.974909090909091,0.9871266250656172
5,479,20,1,0.9561818181818181,0.9771483044899814
6,467,29,4,0.9389090909090909,0.9673019226333737
7,453,43,4,0.9208181818181819,0.9563158285444493
8,436,59,5,0.914,0.9506824128789602
9,408,83,9,0.9229090909090909,0.9527231481188241
10,375,110,15,0.9301818181818182,0.9533832926428844
11,345,137,18,0.9287272727272727,0.9482446511336933
12,309,168,23,0.9064545454545454,0.9241765415500651
13,279,188,33,0.8831818181818182,0.8951493017379816
14,256,201,43,0.8680909090909091,0.8710279805101334
15,220,229,51,0.8536363636363636,0.8335561223984882
16,188,253,59,0.8552727272727273,0.8074797446752209
17,148,276,76,0.8673636363636363,0.7760538814128299
18,110,307,83,0.8825454545454545,0.732572964819495
19,67,341,92,0.9310909090909091,0.7425060570760282
20,37,352,111,0.9724545454545455,0.8141512568206198
21,9,365,126,0.998,0.9449951551400826
22,2,356,142,1.0,1.0
23,0,351,149,1.0,
24,0,340,160,1.0,
25,0,331,169,1.0,
26,0,316,184,1.0,
27,0,310,190,1.0,
28,0,293,207,1.0,
29,0,284,216,1.0,
30,0,266,234,1.0,
31,0,256,244,1.0,
32,0,247,253,1.0,
33,0,237,263,1.0,
34,0,231,269,1.0,
35,0,222,278,1.0,
36,0,216,284,1.0,
37,0,204,296,1.0,
38,0,195,305,1.0,
39,0,188,312,1.0,
40,0,180,320,1.0,
41,0,172,328,1.0,
42,0,165,335,1.0,
43,0,161,339,1.0,
44,0,155,345,1.0,
45,0,151,349,1.0,
46,0,143,357,1.0,
47,0,139,361,1.0,
48,0,136,364,1.0,
49,0,127,373,1.0,
50,0,123,377,1.0,
51,0,117,383,1.0,
52,0,110,390,1.0,
53,0,102,398,1.0,
54,0,98,402,1.0,
55,0,98,402,1.0,
56,0,93,407,1.0,
57,0,91,409,1.0,
58,0,88,412,1.0,
59,0,84,416,1.0,
60,0,77,423,1.0,
61,0,73,427,1.0,
62,0,71,429,1.0,
63,0,70,430,1.0,
64,0,64,436,1.0,
65,0,63,437,1.0,
66,0,62,438,1.0,
67,0,61,439,1.0,
68,0,61,439,1.0,
69,0,58,442,1.0,
70,0,57,443,1.0,
71,0,57,443,1.0,
72,0,56,444,1.0,
73,0,56,444,1.0,
74,0,55,445,1.0,
75,0,54,446,1.0,
76,0,54,446,1.0,
77,0,53,447,1.0,
78,0,49,451,1.0,
79,0,46,454,1.0,
80,0,44,456,1.0,
81,0,44,456,1.0,
82,0,44,456,1.0,
83,0,42,458,1.0,
84,0,37,463,1.0,
85,0,37,463,1.0,
86,0,37,463,1.0,
87,0,35,465,1.0,
88,0,30,470,1.0,
89,0,29,471,1.0,
90,0,28,472,1.0,
91,0,28,472,1.0,
92,0,28,472,1.0,
93,0,27,473,1.0,
94,0,25,475,1.0,
95,0,24,476,1.0,
96,0,23,477,1.0,
97,0,22,478,1.0,
98,0,22,478,1.0,
99,0,21,479,1.0,
100,0,20,480,1.0,
101,0,18,482,1.0,
102,0,18,482,1.0,
103,0,18,482,1.0,
104,0,18,482,1.0,
105,0,17,483,1.0,
106,0,17,483,1.0,
107,0,17,483,1.0,
108,0,17,483,1.0,
109,0,16,484,1.0,
110,0,15,485,1.0,
111,0,15,485,1.0,
112,0,14,486,1.0,
113,0,14,486,1.0,
114,0,13,487,1.0,
115,0,12,488,1.0,
116,0,11,489,1.0,
117,0,11,489,1.0,
118,0,11,489,1.0,
119,0,11,489,1.0,
120,0,11,489,1.0,
121,0,11,489,1.0,
122,0,11,489,1.0,
123,0,11,489,1.0,
124,0,11,489,1.0,
125,0,10,490,1.0,
126,0,9,491,1.0,
127,0,9,491,1.0,
128,0,8,492,1.0,
129,0,7,493,1.0,
130,0,6,494,1.0,
131,0,6,494,1.0,
132,0,6,494,1.0,
133,0,6,494,1.0,
134,0,6,494,1.0,
135,0,5,495,1.0,
136,0,4,496,1.0,
137,0,4,496,1.0,
138,0,4,496,1.0,
139,0,4,496,1.0,
140,0,4,496,1.0,
141,0,4,496,1.0,
142,0,3,497,1.0,
143,0,3,497,1.0,
144,0,2,498,1.0,
145,0,2,498,1.0,
146,0,2,498,1.0,
147,0,2,498,1.0,
148,0,2,498,1.0,
149,0,2,498,1.0,
150,0,2,498,1.0,
151,0,2,498,1.0,
152,0,2,498,1.0,
153,0,2,498,1.0,
154,0,2,498,1.0,
155,0,2,498,1.0,
156,0,2,498,1.0,
157,0,2,498,1.0,
158,0,2,498,1.0,
159,0,2,498,1.0,
160,0,1,499,1.0,
161,0,1,499,1.0,
162,0,1,499,1.0,
163,0,1,499,1.0,
164,0,1,499,1.0,
165,0,1,499,1.0,
166,0,1,499,1.0,
167,0,1,499,1.0,
168,0,1,499,1.0,
169,0,1,499,1.0,
170,0,1,499,1.0,
171,0,1,499,1.0,
172,0,1,499,1.0,
173,0,1,499,1.0,
174,0,1,499,1.0,
175,0,1,499,1.0,
176,0,1,499,1.0,
177,0,1,499,1.0,
178,0,1,499,1.0,
179,0,1,499,1.0,
180,0,1,499,1.0,
181,0,1,499,1.0,
182,0,1,499,1.0,
183,0,0,500,1.0,
184,0,0,500,1.0,
185,0,0,500,1.0,
186,0,0,500,1.0,
187,0,0,500,1.0,
188,0,0,500,1.0,
189,0,0,500,1.0,
190,0,0,500,1.0,
191,0,0,500,1.0,
192,0,0,500,1.0,
193,0,0,500,1.0,
194,0,0,500,1.0,
195,0,0,500,1.0,
196,0,0,500,1.0,
197,0,0,500,1.0,
198,0,0,500,1.0,
199,0,0,500,1.0,
200,0,0,500,1.0,
1,498,2,0,0.9971818181818182,1.0
2,497,3,0,0.9936363636363637,0.9982072144615292
3,490,9,1,0.9811818181818182,0.9917953957072949
4,484,15,1,0.9692727272727273,0.9855161623762259
5,474,24,2,0.9544545454545454,0.9773367875406755
6,461,34,5,0.9400909090909091,0.9688548940378321
7,448,46,6,0.9332727272727273,0.9640844824972029
8,430,61,9,0.9305454545454546,0.9609900488005371
9,413,75,12,0.9364545454545454,0.9629070811168097
10,388,94,18,0.9389090909090909,0.9620012041895684
11,367,112,21,0.9262727272727272,0.951127750989356
12,345,128,27,0.9183636363636364,0.9421628396659169
13,317,152,31,0.8887272727272727,0.9135003445606892
14,280,185,35,0.8677272727272727,0.8831079625305372
15,237,222,41,0.8564545454545455,0.8497816442166316
16,198,255,47,0.8465454545454546,0.8073202142773711
17,150,297,53,0.861909090909091,0.7707521008883962
18,109,325,66,0.8887272727272727,0.7452127862664965
19,73,345,82,0.9183636363636364,0.7202158245661848
20,39,363,98,0.9639090909090909,0.7681091490374448
21,17,371,112,0.9852727272727273,0.782988213055787
22,7,365,128,0.9958181818181818,0.8508739279084201
23,2,351,147,0.9989090909090909,0.8648623467001253
24,0,336,164,1.0,
25,0,322,178,1.0,
26,0,312,188,1.0,
27,0,299,201,1.0,
28,0,288,212,1.0,
29,0,274,226,1.0,
30,0,263,237,1.0,
31,0,258,242,1.0,
32,0,244,256,1.0,
33,0,234,266,1.0,
34,0,221,279,1.0,
35,0,209,291,1.0,
36,0,197,303,1.0,
37,0,187,313,1.0,
38,0,180,320,1.0,
39,0,171,329,1.0,
40,0,165,335,1.0,
41,0,158,342,1.0,
42,0,153,347,1.0,
43,0,150,350,1.0,
44,0,146,354,1.0,
45,0,134,366,1.0,
46,0,127,373,1.0,
47,0,120,380,1.0,
48,0,118,382,1.0,
49,0,113,387,1.0,
50,0,107,393,1.0,
51,0,103,397,1.0,
52,0,97,403,1.0,
53,0,95,405,1.0,
54,0,89,411,1.0,
55,0,85,415,1.0,
56,0,84,416,1.0,
57,0,82,418,1.0,
58,0,78,422,1.0,
59,0,75,425,1.0,
60,0,72,428,1.0,
61,0,68,432,1.0,
62,0,64,436,1.0,
63,0,63,437,1.0,
64,0,62,438,1.0,
65,0,59,441,1.0,
66,0,58,442,1.0,
67,0,54,446,1.0,
68,0,52,448,1.0,
69,0,50,450,1.0,
70,0,48,452,1.0,
71,0,46,454,1.0,
72,0,45,455,1.0,
73,0,42,458,1.0,
74,0,40,460,1.0,
75,0,39,461,1.0,
76,0,37,463,1.0,
77,0,36,464,1.0,
78,0,35,465,1.0,
79,0,32,468,1.0,
80,0,30,470,1.0,
81,0,30,470,1.0,
82,0,29,471,1.0,
83,0,28,472,1.0,
84,0,26,474,1.0,
85,0,26,474,1.0,
86,0,25,475,1.0,
87,0,25,475,1.0,
88,0,24,476,1.0,
89,0,22,478,1.0,
90,0,22,478,1.0,
91,0,21,479,1.0,
92,0,20,480,1.0,
93,0,20,480,1.0,
94,0,18,482,1.0,
95,0,18,482,1.0,
96,0,18,482,1.0,
97,0,16,484,1.0,
98,0,16,484,1.0,
99,0,14,486,1.0,
100,0,14,486,1.0,
101,0,13,487,1.0,
102,0,13,487,1.0,
103,0,13,487,1.0,
104,0,11,489,1.0,
105,0,11,489,1.0,
106,0,11,489,1.0,
107,0,11,489,1.0,
108,0,11,489,1.0,
109,0,11,489,1.0,
110,0,10,490,1.0,
111,0,10,490,1.0,
112,0,10,490,1.0,
113,0,10,490,1.0,
114,0,10,490,1.0,
115,0,10,490,1.0,
116,0,10,490,1.0,
117,0,10,490,1.0,
118,0,9,491,1.0,
119,0,9,491,1.0,
120,0,9,491,1.0,
121,0,8,492,1.0,
122,0,8,492,1.0,
123,0,8,492,1.0,
124,0,8,492,1.0,
125,0,8,492,1.0,
126,0,8,492,1.0,
127,0,7,493,1.0,
128,0,7,493,1.0,
129,0,7,493,1.0,
130,0,7,493,1.0,
131,0,7,493,1.0,
132,0,7,493,1.0,
133,0,7,493,1.0,
134,0,7,493,1.0,
135,0,7,493,1.0,
136,0,7,493,1.0,
137,0,7,493,1.0,
138,0,6,494,1.0,
139,0,6,494,1.0,
140,0,6,494,1.0,
141,0,6,494,1.0,
142,0,6,494,1.0,
143,0,6,494,1.0,
144,0,6,494,1.0,
145,0,6,494,1.0,
146,0,6,494,1.0,
147,0,6,494,1.0,
148,0,5,495,1.0,
149,0,5,495,1.0,
150,0,5,495,1.0,
151,0,5,495,1.0,
152,0,4,496,1.0,
153,0,4,496,1.0,
154,0,4,496,1.0,
155,0,4,496,1.0,
156,0,4,496,1.0,
157,0,3,497,1.0,
158,0,3,497,1.0,
159,0,2,498,1.0,
160,0,2,498,1.0,
161,0,2,498,1.0,
162,0,2,498,1.0,
163,0,2,498,1.0,
164,0,2,498,1.0,
165,0,2,498,1.0,
166,0,2,498,1.0,
167,0,2,498,1.0,
168,0,2,498,1.0,
169,0,2,498,1.0,
170,0,1,499,1.0,
171,0,1,499,1.0,
172,0,1,499,1.0,
173,0,0,500,1.0,
174,0,0,500,1.0,
175,0,0,500,1.0,
176,0,0,500,1.0,
177,0,0,500,1.0,
178,0,0,500,1.0,
179,0,0,500,1.0,
180,0,0,500,1.0,
181,0,0,500,1.0,
182,0,0,500,1.0,
183,0,0,500,1.0,
184,0,0,500,1.0,
185,0,0,500,1.0,
186,0,0,500,1.0,
187,0,0,500,1.0,
188,0,0,500,1.0,
189,0,0,500,1.0,
190,0,0,500,1.0,
191,0,0,500,1.0,
192,0,0,500,1.0,
193,0,0,500,1.0,
194,0,0,500,1.0,
195,0,0,500,1.0,
196,0,0,500,1.0,
197,0,0,500,1.0,
198,0,0,500,1.0,
199,0,0,500,1.0,
200,0,0,500,1.0,
1,497,2,1,0.9977272727272727,1.0
2,494,5,1,0.9913636363636363,0.9967730234405461
3,491,8,1,0.984,0.9929934953264661
4,489,9,2,0.9820909090909091,0.9919838184307042
5,483,15,2,0.9673636363636363,0.9842457794140379
6,474,24,2,0.9488181818181818,0.97410602147009
7,458,40,2,0.928,0.9617700052541492
8,440,58,2,0.9239090909090909,0.9577987809742501
9,417,79,4,0.9323636363636364,0.9605794456827439
10,383,107,10,0.9329090909090909,0.9573717141869088
11,353,132,15,0.9301818181818182,0.9517532233910387
12,323,157,20,0.9039090909090909,0.9268083136250552
13,291,179,30,0.8691818181818182,0.8886930108029482
14,259,204,37,0.8420909090909091,0.848600991330387
15,207,243,50,0.8212727272727273,0.7848262578430943
16,140,292,68,0.8512727272727273,0.7347791451045789
17,82,328,90,0.9250909090909091,0.7715952667509489
18,41,356,103,0.9644545454545455,0.7834529909792931
19,14,368,118,0.9887272727272727,0.7997755351805819
20,5,359,136,0.9974545454545455,0.8743325344607715
21,0,347,153,1.0,
22,0,329,171,1.0,
23,0,315,185,1.0,
24,0,297,203,1.0,
25,0,286,214,1.0,
26,0,275,225,1.0,
27,0,262,238,1.0,
28,0,254,246,1.0,
29,0,239,261,1.0,
30,0,232,268,1.0,
31,0,223,277,1.0,
32,0,211,289,1.0,
33,0,204,296,1.0,
34,0,200,300,1.0,
35,0,194,306,1.0,
36,0,185,315,1.0,
37,0,175,325,1.0,
38,0,169,331,1.0,
39,0,161,339,1.0,
40,0,155,345,1.0,
41,0,144,356,1.0,
42,0,133,367,1.0,
43,0,131,369,1.0,
44,0,125,375,1.0,
45,0,117,383,1.0,
46,0,114,386,1.0,
47,0,113,387,1.0,
48,0,108,392,1.0,
49,0,101,399,1.0,
50,0,97,403,1.0,
51,0,93,407,1.0,
52,0,88,412,1.0,
53,0,83,417,1.0,
54,0,80,420,1.0,
55,0,76,424,1.0,
56,0,75,425,1.0,
57,0,72,428,1.0,
58,0,68,432,1.0,
59,0,65,435,1.0,
60,0,63,437,1.0,
61,0,60,440,1.0,
62,0,54,446,1.0,
63,0,53,447,1.0,
64,0,52,448,1.0,
65,0,50,450,1.0,
66,0,46,454,1.0,
67,0,46,454,1.0,
68,0,45,455,1.0,
69,0,42,458,1.0,
70,0,39,461,1.0,
71,0,35,465,1.0,
72,0,35,465,1.0,
73,0,31,469,1.0,
74,0,29,471,1.0,
75,0,27,473,1.0,
76,0,27,473,1.0,
77,0,27,473,1.0,
78,0,26,474,1.0,
79,0,24,476,1.0,
80,0,22,478,1.0,
81,0,22,478,1.0,
82,0,21,479,1.0,
83,0,20,480,1.0,
84,0,20,480,1.0,
85,0,19,481,1.0,
86,0,18,482,1.0,
87,0,16,484,1.0,
88,0,16,484,1.0,
89,0,14,486,1.0,
90,0,14,486,1.0,
91,0,14,486,1.0,
92,0,10,490,1.0,
93,0,10,490,1.0,
94,0,9,491,1.0,
95,0,8,492,1.0,
96,0,8,492,1.0,
97,0,8,492,1.0,
98,0,8,492,1.0,
99,0,8,492,1.0,
100,0,7,493,1.0,
101,0,7,493,1.0,
102,0,7,493,1.0,
103,0,7,493,1.0,
104,0,7,493,1.0,
105,0,7,493,1.0,
106,0,7,493,1.0,
107,0,7,493,1.0,
108,0,7,493,1.0,
109,0,5,495,1.0,
110,0,5,495,1.0,
111,0,5,495,1.0,
112,0,5,495,1.0,
113,0,4,496,1.0,
114,0,4,496,1.0,
115,0,3,497,1.0,
116,0,3,497,1.0,
117,0,3,497,1.0,
118,0,2,498,1.0,
119,0,2,498,1.0,
120,0,2,498,1.0,
121,0,2,498,1.0,
122,0,2,498,1.0,
123,0,2,498,1.0,
124,0,2,498,1.0,
125,0,2,498,1.0,
126,0,2,498,1.0,
127,0,2,498,1.0,
128,0,2,498,1.0,
129,0,2,498,1.0,
130,0,2,498,1.0,
131,0,2,498,1.0,
132,0,2,498,1.0,
133,0,2,498,1.0,
134,0,2,498,1.0,
135,0,2,498,1.0,
136,0,2,498,1.0,
137,0,2,498,1.0,
138,0,2,498,1.0,
139,0,2,498,1.0,
140,0,2,498,1.0,
141,0,2,498,1.0,
142,0,2,498,1.0,
143,0,2,498,1.0,
144,0,2,498,1.0,
145,0,2,498,1.0,
146,0,2,498,1.0,
147,0,2,498,1.0,
148,0,2,498,1.0,
149,0,2,498,1.0,
150,0,2,498,1.0,
151,0,2,498,1.0,
152,0,2,498,1.0,
153,0,2,498,1.0,
154,0,2,498,1.0,
155,0,1,499,1.0,
156,0,1,499,1.0,
157,0,1,499,1.0,
158,0,1,499,1.0,
159,0,1,499,1.0,
160,0,1,499,1.0,
161,0,1,499,1.0,
162,0,1,499,1.0,
163,0,1,499,1.0,
164,0,1,499,1.0,
165,0,1,499,1.0,
166,0,1,499,1.0,
167,0,1,499,1.0,
168,0,1,499,1.0,
169,0,1,499,1.0,
170,0,1,499,1.0,
171,0,1,499,1.0,
172,0,0,500,1.0,
173,0,0,500,1.0,
174,0,0,500,1.0,
175,0,0,500,1.0,
176,0,0,500,1.0,
177,0,0,500,1.0,
178,0,0,500,1.0,
179,0,0,500,1.0,
180,0,0,500,1.0,
181,0,0,500,1.0,
182,0,0,500,1.0,
183,0,0,500,1.0,
184,0,0,500,1.0,
185,0,0,500,1.0,
186,0,0,500,1.0,
187,0,0,500,1.0,
188,0,0,500,1.0,
189,0,0,500,1.0,
190,0,0,500,1.0,
191,0,0,500,1.0,
192,0,0,500,1.0,
193,0,0,500,1.0,
194,0,0,500,1.0,
195,0,0,500,1.0,
196,0,0,500,1.0,
197,0,0,500,1.0,
198,0,0,500,1.0,
199,0,0,500,1.0,
200,0,0,500,1.0,
1,497,3,0,0.9937272727272727,0.999914442835577
2,496,3,1,0.993909090909091,1.0
3,492,6,2,0.9873636363636363,0.9966547644797646
4,487,11,2,0.9778181818181818,0.9917005634465103
5,479,19,2,0.9637272727272728,0.9841515899478859
6,465,32,3,0.9550909090909091,0.9788616350562465
7,457,39,4,0.955,0.9783953108523769
8,440,56,4,0.956,0.9780224733636879
9,425,68,7,0.9637272727272728,0.981691721079491
10,410,78,12,0.9528181818181818,0.9742442938350679
11,387,93,20,0.9366363636363636,0.9621205484445454
12,367,108,25,0.9198181818181819,0.9482914068219686
13,340,131,29,0.8800909090909091,0.9145666819424498
14,304,160,36,0.8578181818181818,0.8856596663124238
15,259,192,49,0.8500909090909091,0.8577498264262667
16,213,227,60,0.8758181818181818,0.8568002142658872
17,169,262,69,0.8955454545454545,0.8481935007890635
18,130,289,81,0.911,0.8317412599105137
19,98,302,100,0.9407272727272727,0.8515695197612589
20,73,314,113,0.9545454545454546,0.8469327885213497
21,57,316,127,0.9637272727272728,0.8432467539162194
22,46,314,140,0.9660909090909091,0.8177969938845151
23,34,310,156,0.9643636363636363,0.7387407494312084
24,24,308,168,0.9722727272727273,0.7113624971473833
25,16,299,185,0.9813636363636363,0.7079076232696336
26,13,297,190,0.9854545454545455,0.7187892367480035
27,7,291,202,0.993,0.7471864972723415
28,4,283,213,0.996,0.7463335446498846
29,1,277,222,0.9990909090909091,0.7642455497214816
30,0,268,232,1.0,
31,0,261,239,1.0,
32,0,253,247,1.0,
33,0,237,263,1.0,
34,0,229,271,1.0,
35,0,224,276,1.0,
36,0,219,281,1.0,
37,0,207,293,1.0,
38,0,199,301,1.0,
39,0,193,307,1.0,
40,0,184,316,1.0,
41,0,178,322,1.0,
42,0,171,329,1.0,
43,0,168,332,1.0,
44,0,163,337,1.0,
45,0,154,346,1.0,
46,0,147,353,1.0,
47,0,140,360,1.0,
48,0,133,367,1.0,
49,0,124,376,1.0,
50,0,121,379,1.0,
51,0,117,383,1.0,
52,0,113,387,1.0,
53,0,112,388,1.0,
54,0,111,389,1.0,
55,0,110,390,1.0,
56,0,106,394,1.0,
57,0,103,397,1.0,
58,0,101,399,1.0,
59,0,94,406,1.0,
60,0,89,411,1.0,
61,0,87,413,1.0,
62,0,84,416,1.0,
63,0,81,419,1.0,
64,0,78,422,1.0,
65,0,76,424,1.0,
66,0,68,432,1.0,
67,0,68,432,1.0,
68,0,63,437,1.0,
69,0,60,440,1.0,
70,0,58,442,1.0,
71,0,58,442,1.0,
72,0,52,448,1.0,
73,0,48,452,1.0,
74,0,47,453,1.0,
75,0,46,454,1.0,
76,0,42,458,1.0,
77,0,40,460,1.0,
78,0,39,461,1.0,
79,0,37,463,1.0,
80,0,37,463,1.0,
81,0,36,464,1.0,
82,0,34,466,1.0,
83,0,34,466,1.0,
84,0,34,466,1.0,
85,0,34,466,1.0,
86,0,34,466,1.0,
87,0,32,468,1.0,
88,0,31,469,1.0,
89,0,30,470,1.0,
90,0,30,470,1.0,
91,0,30,470,1.0,
92,0,28,472,1.0,
93,0,27,473,1.0,
94,0,26,474,1.0,
95,0,26,474,1.0,
96,0,25,475,1.0,
97,0,25,475,1.0,
98,0,24,476,1.0,
99,0,23,477,1.0,
100,0,23,477,1.0,
101,0,23,477,1.0,
102,0,23,477,1.0,
103,0,21,479,1.0,
104,0,21,479,1.0,
105,0,21,479,1.0,
106,0,20,480,1.0,
107,0,19,481,1.0,
108,0,18,482,1.0,
109,0,18,482,1.0,
110,0,17,483,1.0,
111,0,16,484,1.0,
112,0,16,484,1.0,
113,0,15,485,1.0,
114,0,13,487,1.0,
115,0,13,487,1.0,
116,0,13,487,1.0,
117,0,13,487,1.0,
118,0,13,487,1.0,
119,0,12,488,1.0,
120,0,12,488,1.0,
121,0,11,489,1.0,
122,0,11,489,1.0,
123,0,10,490,1.0,
124,0,10,490,1.0,
125,0,9,491,1.0,
126,0,9,491,1.0,
127,0,8,492,1.0,
128,0,8,492,1.0,
129,0,8,492,1.0,
130,0,8,492,1.0,
131,0,8,492,1.0,
132,0,8,492,1.0,
133,0,8,492,1.0,
134,0,8,492,1.0,
135,0,6,494,1.0,
136,0,6,494,1.0,
137,0,6,494,1.0,
138,0,6,494,1.0,
139,0,5,495,1.0,
140,0,5,495,1.0,
141,0,5,495,1.0,
142,0,5,495,1.0,
143,0,5,495,1.0,
144,0,5,495,1.0,
145,0,4,496,1.0,
146,0,3,497,1.0,
147,0,3,497,1.0,
148,0,3,497,1.0,
149,0,3,497,1.0,
150,0,3,497,1.0,
151,0,3,497,1.0,
152,0,3,497,1.0,
153,0,3,497,1.0,
154,0,3,497,1.0,
155,0,3,497,1.0,
156,0,3,497,1.0,
157,0,3,497,1.0,
158,0,3,497,1.0,
159,0,3,497,1.0,
160,0,3,497,1.0,
161,0,3,497,1.0,
162,0,3,497,1.0,
163,0,3,497,1.0,
164,0,3,497,1.0,
165,0,3,497,1.0,
166,0,3,497,1.0,
167,0,2,498,1.0,
168,0,2,498,1.0,
169,0,2,498,1.0,
170,0,2,498,1.0,
171,0,2,498,1.0,
172,0,2,498,1.0,
173,0,2,498,1.0,
174,0,1,499,1.0,
175,0,1,499,1.0,
176,0,1,499,1.0,
177,0,1,499,1.0,
178,0,1,499,1.0,
179,0,1,499,1.0,
180,0,1,499,1.0,
181,0,0,500,1.0,
182,0,0,500,1.0,
183,0,0,500,1.0,
184,0,0,500,1.0,
185,0,0,500,1.0,
186,0,0,500,1.0,
187,0,0,500,1.0,
188,0,0,500,1.0,
189,0,0,500,1.0,
190,0,0,500,1.0,
191,0,0,500,1.0,
192,0,0,500,1.0,
193,0,0,500,1.0,
194,0,0,500,1.0,
195,0,0,500,1.0,
196,0,0,500,1.0,
197,0,0,500,1.0,
198,0,0,500,1.0,
199,0,0,500,1.0,
200,0,0,500,1.0,
1,498,2,0,0.9969090909090909,1.0
2,494,6,0,0.9871818181818182,0.9950538689146025
3,489,10,1,0.9793636363636363,0.9909788773842997
4,483,15,2,0.9735454545454545,0.9878106556403718
5,477,21,2,0.9610909090909091,0.9811012540354364
6,466,30,4,0.9455454545454546,0.972250349448992
7,452,43,5,0.9301818181818182,0.962876610342099
8,439,53,8,0.9227272727272727,0.9574832228573334
9,411,75,14,0.9119090909090909,0.9477708096175819
10,385,98,17,0.8937272727272727,0.9323846753418561
11,355,124,21,0.8788181818181818,0.9160649074913974
12,324,150,26,0.8733636363636363,0.9038608428987714
13,284,185,31,0.9003636363636364,0.914048958731488
14,234,226,40,0.9138181818181819,0.9095028305497773
15,197,254,49,0.9110909090909091,0.8885408188109732
16,168,279,53,0.8947272727272727,0.8445039446855289
17,141,290,69,0.8812727272727273,0.7906125360364791
18,100,322,78,0.897090909090909,0.7441894688793068
19,78,331,91,0.9177272727272727,0.7377488005986638
20,43,347,110,0.9599090909090909,0.7688198021714686
21,14,370,116,0.9957272727272727,0.9248522093715213
22,0,369,131,1.0,
23,0,357,143,1.0,
24,0,341,159,1.0,
25,0,324,176,1.0,
26,0,313,187,1.0,
27,0,298,202,1.0,
28,0,285,215,1.0,
29,0,270,230,1.0,
30,0,259,241,1.0,
31,0,243,257,1.0,
32,0,234,266,1.0,
33,0,228,272,1.0,
34,0,221,279,1.0,
35,0,204,296,1.0,
36,0,194,306,1.0,
37,0,185,315,1.0,
38,0,180,320,1.0,
39,0,172,328,1.0,
40,0,166,334,1.0,
41,0,159,341,1.0,
42,0,152,348,1.0,
43,0,147,353,1.0,
44,0,138,362,1.0,
45,0,132,368,1.0,
46,0,124,376,1.0,
47,0,119,381,1.0,
48,0,117,383,1.0,
49,0,112,388,1.0,
50,0,105,395,1.0,
51,0,101,399,1.0,
52,0,99,401,1.0,
53,0,97,403,1.0,
54,0,93,407,1.0,
55,0,91,409,1.0,
56,0,83,417,1.0,
57,0,78,422,1.0,
58,0,75,425,1.0,
59,0,70,430,1.0,
60,0,69,431,1.0,
61,0,67,433,1.0,
62,0,62,438,1.0,
63,0,58,442,1.0,
64,0,57,443,1.0,
65,0,54,446,1.0,
66,0,53,447,1.0,
67,0,52,448,1.0,
68,0,51,449,1.0,
69,0,48,452,1.0,
70,0,45,455,1.0,
71,0,43,457,1.0,
72,0,42,458,1.0,
73,0,41,459,1.0,
74,0,37,463,1.0,
75,0,37,463,1.0,
76,0,35,465,1.0,
77,0,33,467,1.0,
78,0,32,468,1.0,
79,0,31,469,1.0,
80,0,30,470,1.0,
81,0,30,470,1.0,
82,0,29,471,1.0,
83,0,28,472,1.0,
84,0,26,474,1.0,
85,0,24,476,1.0,
86,0,23,477,1.0,
87,0,22,478,1.0,
88,0,22,478,1.0,
89,0,21,479,1.0,
90,0,20,480,1.0,
91,0,20,480,1.0,
92,0,20,480,1.0,
93,0,19,481,1.0,
94,0,18,482,1.0,
95,0,17,483,1.0,
96,0,17,483,1.0,
97,0,17,483,1.0,
98,0,17,483,1.0,
99,0,17,483,1.0,
100,0,15,485,1.0,
101,0,15,485,1.0,
102,0,15,485,1.0,
103,0,14,486,1.0,
104,0,14,486,1.0,
105,0,12,488,1.0,
106,0,10,490,1.0,
107,0,10,490,1.0,
108,0,7,493,1.0,
109,0,4,496,1.0,
110,0,3,497,1.0,
111,0,3,497,1.0,
112,0,3,497,1.0,
113,0,2,498,1.0,
114,0,2,498,1.0,
115,0,2,498,1.0,
116,0,2,498,1.0,
117,0,1,499,1.0,
118,0,1,499,1.0,
119,0,1,499,1.0,
120,0,1,499,1.0,
121,0,1,499,1.0,
122,0,1,499,1.0,
123,0,1,499,1.0,
124,0,1,499,1.0,
125,0,1,499,1.0,
126,0,1,499,1.0,
127,0,1,499,1.0,
128,0,1,499,1.0,
129,0,1,499,1.0,
130,0,1,499,1.0,
131,0,1,499,1.0,
132,0,1,499,1.0,
133,0,1,499,1.0,
134,0,1,499,1.0,
135,0,0,500,1.0,
136,0,0,500,1.0,
137,0,0,500,1.0,
138,0,0,500,1.0,
139,0,0,500,1.0,
140,0,0,500,1.0,
141,0,0,500,1.0,
142,0,0,500,1.0,
143,0,0,500,1.0,
144,0,0,500,1.0,
145,0,0,500,1.0,
146,0,0,500,1.0,
147,0,0,500,1.0,
148,0,0,500,1.0,
149,0,0,500,1.0,
150,0,0,500,1.0,
151,0,0,500,1.0,
152,0,0,500,1.0,
153,0,0,500,1.0,
154,0,0,500,1.0,
155,0,0,500,1.0,
156,0,0,500,1.0,
157,0,0,500,1.0,
158,0,0,500,1.0,
159,0,0,500,1.0,
160,0,0,500,1.0,
161,0,0,500,1.0,
162,0,0,500,1.0,
163,0,0,500,1.0,
164,0,0,500,1.0,
165,0,0,500,1.0,
166,0,0,500,1.0,
167,0,0,500,1.0,
168,0,0,500,1.0,
169,0,0,500,1.0,
170,0,0,500,1.0,
171,0,0,500,1.0,
172,0,0,500,1.0,
173,0,0,500,1.0,
174,0,0,500,1.0,
175,0,0,500,1.0,
176,0,0,500,1.0,
177,0,0,500,1.0,
178,0,0,500,1.0,
179,0,0,500,1.0,
180,0,0,500,1.0,
181,0,0,500,1.0,
182,0,0,500,1.0,
183,0,0,500,1.0,
184,0,0,500,1.0,
185,0,0,500,1.0,
186,0,0,500,1.0,
187,0,0,500,1.0,
188,0,0,500,1.0,
189,0,0,500,1.0,
190,0,0,500,1.0,
191,0,0,500,1.0,
192,0,0,500,1.0,
193,0,0,500,1.0,
194,0,0,500,1.0,
195,0,0,500,1.0,
196,0,0,500,1.0,
197,0,0,500,1.0,
198,0,0,500,1.0,
199,0,0,500,1.0,
200,0,0,500,1.0,
1,497,3,0,0.994,1.0
2,494,6,0,0.9887272727272727,0.9973056843421364
3,485,15,0,0.966,0.9854413498827381
4,476,24,0,0.9485454545454546,0.9758907102190549
5,473,26,1,0.9480909090909091,0.9755028588869993
6,457,40,3,0.9352727272727273,0.9675409082506938
7,441,55,4,0.9294545454545454,0.9629228682580158
8,410,84,6,0.9265454545454546,0.9581651581648262
9,383,106,11,0.9065454545454545,0.9418543781513327
10,347,138,15,0.8716363636363637,0.9102893985021837
11,299,184,17,0.8410909090909091,0.8697395230524184
12,248,227,25,0.8296363636363636,0.8305117802141584
13,202,257,41,0.8359090909090909,0.799122985453237
14,165,278,57,0.8435454545454546,0.7649438168009868
15,123,308,69,0.8676363636363637,0.7332304850691704
16,87,330,83,0.9071818181818182,0.7352787149959202
17,49,353,98,0.9544545454545454,0.7692617114931604
18,18,368,114,0.9918181818181818,0.8892940536737981
19,5,365,130,0.9977272727272727,0.8892329233265617
20,0,356,144,1.0,
21,0,341,159,1.0,
22,0,331,169,1.0,
23,0,312,188,1.0,
24,0,299,201,1.0,
25,0,287,213,1.0,
26,0,275,225,1.0,
27,0,262,238,1.0,
28,0,252,248,1.0,
29,0,242,258,1.0,
30,0,233,267,1.0,
31,0,221,279,1.0,
32,0,211,289,1.0,
33,0,201,299,1.0,
34,0,193,307,1.0,
35,0,184,316,1.0,
36,0,179,321,1.0,
37,0,175,325,1.0,
38,0,169,331,1.0,
39,0,163,337,1.0,
40,0,158,342,1.0,
41,0,149,351,1.0,
42,0,144,356,1.0,
43,0,136,364,1.0,
44,0,129,371,1.0,
45,0,127,373,1.0,
46,0,123,377,1.0,
47,0,121,379,1.0,
48,0,117,383,1.0,
49,0,111,389,1.0,
50,0,106,394,1.0,
51,0,101,399,1.0,
52,0,99,401,1.0,
53,0,98,402,1.0,
54,0,96,404,1.0,
55,0,90,410,1.0,
56,0,90,410,1.0,
57,0,86,414,1.0,
58,0,81,419,1.0,
59,0,76,424,1.0,
60,0,68,432,1.0,
61,0,67,433,1.0,
62,0,65,435,1.0,
63,0,57,443,1.0,
64,0,56,444,1.0,
65,0,55,445,1.0,
66,0,55,445,1.0,
67,0,52,448,1.0,
68,0,51,449,1.0,
69,0,49,451,1.0,
70,0,48,452,1.0,
71,0,47,453,1.0,
72,0,46,454,1.0,
73,0,42,458,1.0,
74,0,41,459,1.0,
75,0,41,459,1.0,
76,0,39,461,1.0,
77,0,38,462,1.0,
78,0,37,463,1.0,
79,0,35,465,1.0,
80,0,35,465,1.0,
81,0,33,467,1.0,
82,0,30,470,1.0,
83,0,30,470,1.0,
84,0,29,471,1.0,
85,0,29,471,1.0,
86,0,27,473,1.0,
87,0,22,478,1.0,
88,0,22,478,1.0,
89,0,21,479,1.0,
90,0,20,480,1.0,
91,0,19,481,1.0,
92,0,19,481,1.0,
93,0,18,482,1.0,
94,0,17,483,1.0,
95,0,16,484,1.0,
96,0,15,485,1.0,
97,0,15,485,1.0,
98,0,14,486,1.0,
99,0,13,487,1.0,
100,0,13,487,1.0,
101,0,13,487,1.0,
102,0,13,487,1.0,
103,0,13,487,1.0,
104,0,11,489,1.0,
105,0,11,489,1.0,
106,0,10,490,1.0,
107,0,10,490,1.0,
108,0,10,490,1.0,
109,0,9,491,1.0,
110,0,9,491,1.0,
111,0,9,491,1.0,
112,0,9,491,1.0,
113,0,9,491,1.0,
114,0,9,491,1.0,
115,0,9,491,1.0,
116,0,9,491,1.0,
117,0,8,492,1.0,
118,0,8,492,1.0,
119,0,8,492,1.0,
120,0,7,493,1.0,
121,0,7,493,1.0,
122,0,6,494,1.0,
123,0,5,495,1.0,
124,0,5,495,1.0,
125,0,4,496,1.0,
126,0,4,496,1.0,
127,0,4,496,1.0,
128,0,4,496,1.0,
129,0,4,496,1.0,
130,0,4,496,1.0,
131,0,3,497,1.0,
132,0,3,497,1.0,
133,0,3,497,1.0,
134,0,3,497,1.0,
135,0,3,497,1.0,
136,0,3,497,1.0,
137,0,3,497,1.0,
138,0,3,497,1.0,
139,0,3,497,1.0,
140,0,3,497,1.0,
141,0,3,497,1.0,
142,0,2,498,1.0,
143,0,2,498,1.0,
144,0,2,498,1.0,
145,0,2,498,1.0,
146,0,2,498,1.0,
147,0,2,498,1.0,
148,0,2,498,1.0,
149,0,2,498,1.0,
150,0,2,498,1.0,
151,0,2,498,1.0,
152,0,2,498,1.0,
153,0,2,498,1.0,
154,0,2,498,1.0,
155,0,2,498,1.0,
156,0,2,498,1.0,
157,0,2,498,1.0,
158,0,2,498,1.0,
159,0,2,498,1.0,
160,0,2,498,1.0,
161,0,2,498,1.0,
162,0,2,498,1.0,
163,0,2,498,1.0,
164,0,1,499,1.0,
165,0,1,499,1.0,
166,0,1,499,1.0,
167,0,1,499,1.0,
168,0,1,499,1.0,
169,0,1,499,1.0,
170,0,1,499,1.0,
171,0,1,499,1.0,
172,0,1,499,1.0,
173,0,1,499,1.0,
174,0,1,499,1.0,
175,0,1,499,1.0,
176,0,1,499,1.0,
177,0,1,499,1.0,
178,0,0,500,1.0,
179,0,0,500,1.0,
180,0,0,500,1.0,
181,0,0,500,1.0,
182,0,0,500,1.0,
183,0,0,500,1.0,
184,0,0,500,1.0,
185,0,0,500,1.0,
186,0,0,500,1.0,
187,0,0,500,1.0,
188,0,0,500,1.0,
189,0,0,500,1.0,
190,0,0,500,1.0,
191,0,0,500,1.0,
192,0,0,500,1.0,
193,0,0,500,1.0,
194,0,0,500,1.0,
195,0,0,500,1.0,
196,0,0,500,1.0,
197,0,0,500,1.0,
198,0,0,500,1.0,
199,0,0,500,1.0,
200,0,0,500,1.0,
1,496,4,0,0.9927272727272727,1.0
2,493,7,0,0.9857272727272727,0.9964154274085518
3,489,10,1,0.9786363636363636,0.9927165630387741
4,485,14,1,0.9698181818181818,0.9880554018554348
5,476,23,1,0.9553636363636364,0.9801297707832118
6,459,39,2,0.9361818181818182,0.968761249615551
7,441,57,2,0.9277272727272727,0.9625119760230071
8,420,75,5,0.9303636363636364,0.9620288617323807
9,392,96,12,0.9164545454545454,0.9501210489258514
10,363,121,16,0.8897272727272727,0.9274371358332582
11,330,148,22,0.8527272727272728,0.8917298440731596
12,289,183,28,0.8377272727272728,0.8626948909754298
13,255,208,37,0.8435454545454546,0.8495294989568191
14,210,240,50,0.8527272727272728,0.8275319670316272
15,158,275,67,0.8854545454545455,0.8217136092109498
16,120,300,80,0.8911818181818182,0.775729293904383
17,81,327,92,0.9142727272727272,0.737474675991317
18,49,345,106,0.9504545454545454,0.7494677561602013
19,23,351,126,0.9833636363636363,0.8218677661550408
20,8,355,137,0.9973636363636363,0.9205280173566304
21,1,350,149,0.9997272727272727,0.9352490388127009
22,0,339,161,1.0,
23,0,328,172,1.0,
24,0,311,189,1.0,
25,0,300,200,1.0,
26,0,289,211,1.0,
27,0,273,227,1.0,
28,0,268,232,1.0,
29,0,260,240,1.0,
30,0,247,253,1.0,
31,0,236,264,1.0,
32,0,226,274,1.0,
33,0,220,280,1.0,
34,0,212,288,1.0,
35,0,203,297,1.0,
36,0,196,304,1.0,
37,0,182,318,1.0,
38,0,172,328,1.0,
39,0,170,330,1.0,
40,0,162,338,1.0,
41,0,153,347,1.0,
42,0,149,351,1.0,
43,0,142,358,1.0,
44,0,138,362,1.0,
45,0,134,366,1.0,
46,0,129,371,1.0,
47,0,128,372,1.0,
48,0,125,375,1.0,
49,0,120,380,1.0,
50,0,115,385,1.0,
51,0,113,387,1.0,
52,0,108,392,1.0,
53,0,105,395,1.0,
54,0,101,399,1.0,
55,0,96,404,1.0,
56,0,94,406,1.0,
57,0,87,413,1.0,
58,0,85,415,1.0,
59,0,82,418,1.0,
60,0,78,422,1.0,
61,0,76,424,1.0,
62,0,75,425,1.0,
63,0,71,429,1.0,
64,0,67,433,1.0,
65,0,65,435,1.0,
66,0,62,438,1.0,
67,0,61,439,1.0,
68,0,58,442,1.0,
69,0,54,446,1.0,
70,0,52,448,1.0,
71,0,49,451,1.0,
72,0,47,453,1.0,
73,0,44,456,1.0,
74,0,43,457,1.0,
75,0,42,458,1.0,
76,0,41,459,1.0,
77,0,39,461,1.0,
78,0,39,461,1.0,
79,0,39,461,1.0,
80,0,38,462,1.0,
81,0,37,463,1.0,
82,0,37,463,1.0,
83,0,36,464,1.0,
84,0,36,464,1.0,
85,0,32,468,1.0,
86,0,30,470,1.0,
87,0,30,470,1.0,
88,0,29,471,1.0,
89,0,28,472,1.0,
90,0,28,472,1.0,
91,0,25,475,1.0,
92,0,25,475,1.0,
93,0,22,478,1.0,
94,0,21,479,1.0,
95,0,20,480,1.0,
96,0,20,480,1.0,
97,0,18,482,1.0,
98,0,18,482,1.0,
99,0,18,482,1.0,
100,0,18,482,1.0,
101,0,16,484,1.0,
102,0,15,485,1.0,
103,0,15,485,1.0,
104,0,13,487,1.0,
105,0,13,487,1.0,
106,0,12,488,1.0,
107,0,11,489,1.0,
108,0,11,489,1.0,
109,0,10,490,1.0,
110,0,10,490,1.0,
111,0,8,492,1.0,
112,0,8,492,1.0,
113,0,8,492,1.0,
114,0,7,493,1.0,
115,0,6,494,1.0,
116,0,5,495,1.0,
117,0,5,495,1.0,
118,0,5,495,1.0,
119,0,5,495,1.0,
120,0,5,495,1.0,
121,0,5,495,1.0,
122,0,5,495,1.0,
123,0,5,495,1.0,
124,0,4,496,1.0,
125,0,4,496,1.0,
126,0,4,496,1.0,
127,0,2,498,1.0,
128,0,2,498,1.0,
129,0,2,498,1.0,
130,0,2,498,1.0,
131,0,2,498,1.0,
132,0,2,498,1.0,
133,0,2,498,1.0,
134,0,2,498,1.0,
135,0,2,498,1.0,
136,0,2,498,1.0,
137,0,2,498,1.0,
138,0,2,498,1.0,
139,0,2,498,1.0,
140,0,2,498,1.0,
141,0,2,498,1.0,
142,0,2,498,1.0,
143,0,2,498,1.0,
144,0,2,498,1.0,
145,0,2,498,1.0,
146,0,2,498,1.0,
147,0,2,498,1.0,
148,0,2,498,1.0,
149,0,2,498,1.0,
150,0,2,498,1.0,
151,0,2,498,1.0,
152,0,2,498,1.0,
153,0,2,498,1.0,
154,0,2,498,1.0,
155,0,2,498,1.0,
156,0,2,498,1.0,
157,0,2,498,1.0,
158,0,2,498,1.0,
159,0,2,498,1.0,
160,0,2,498,1.0,
161,0,2,498,1.0,
162,0,2,498,1.0,
163,0,2,498,1.0,
164,0,2,498,1.0,
165,0,2,498,1.0,
166,0,2,498,1.0,
167,0,2,498,1.0,
168,0,1,499,1.0,
169,0,1,499,1.0,
170,0,1,499,1.0,
171,0,1,499,1.0,
172,0,1,499,1.0,
173,0,1,499,1.0,
174,0,1,499,1.0,
175,0,1,499,1.0,
176,0,1,499,1.0,
177,0,1,499,1.0,
178,0,1,499,1.0,
179,0,1,499,1.0,
180,0,1,499,1.0,
181,0,1,499,1.0,
182,0,1,499,1.0,
183,0,1,499,1.0,
184,0,1,499,1.0,
185,0,1,499,1.0,
186,0,1,499,1.0,
187,0,1,499,1.0,
188,0,1,499,1.0,
189,0,0,500,1.0,
190,0,0,500,1.0,
191,0,0,500,1.0,
192,0,0,500,1.0,
193,0,0,500,1.0,
194,0,0,500,1.0,
195,0,0,500,1.0,
196,0,0,500,1.0,
197,0,0,500,1.0,
198,0,0,500,1.0,
199,0,0,500,1.0,
200,0,0,500,1.0,
1,499,1,0,1.0,1.0
2,498,2,0,0.9976363636363637,0.998813051460852
3,495,5,0,0.9908181818181818,0.9953575318268765
4,490,10,0,0.9808181818181818,0.9901942470333547
5,482,17,1,0.9657272727272728,0.9821972008899581
6,472,26,2,0.9468181818181818,0.9718093553014978
7,449,47,4,0.9054545454545454,0.9473473775559549
8,429,64,7,0.8849090909090909,0.9329070884900681
9,409,77,14,0.8727272727272727,0.9221736499907681
10,373,109,18,0.866,0.9102209389376354
11,319,153,28,0.843,0.8770532432996856
12,279,186,35,0.8449090909090909,0.8610031251251339
13,228,231,41,0.8524545454545455,0.8380030743868485
14,185,266,49,0.8687272727272727,0.822571606181313
15,137,306,57,0.9106363636363637,0.8367735680685967
16,95,331,74,0.9281818181818182,0.8102127945538583
17,65,346,89,0.9329090909090909,0.7408930798637079
18,44,353,103,0.9538181818181818,0.7348599530379037
19,21,365,114,0.9863636363636363,0.8358447630872881
20,8,362,130,0.9966363636363637,0.8938139702674587
21,1,357,142,0.9999090909090909,0.9767441860465116
22,0,344,156,1.0,
23,0,331,169,1.0,
24,0,318,182,1.0,
25,0,307,193,1.0,
26,0,290,210,1.0,
27,0,280,220,1.0,
28,0,268,232,1.0,
29,0,255,245,1.0,
30,0,246,254,1.0,
31,0,239,261,1.0,
32,0,227,273,1.0,
33,0,219,281,1.0,
34,0,209,291,1.0,
35,0,198,302,1.0,
36,0,194,306,1.0,
37,0,189,311,1.0,
38,0,185,315,1.0,
39,0,176,324,1.0,
40,0,170,330,1.0,
41,0,160,340,1.0,
42,0,155,345,1.0,
43,0,146,354,1.0,
44,0,141,359,1.0,
45,0,134,366,1.0,
46,0,131,369,1.0,
47,0,129,371,1.0,
48,0,121,379,1.0,
49,0,118,382,1.0,
50,0,109,391,1.0,
51,0,106,394,1.0,
52,0,103,397,1.0,
53,0,97,403,1.0,
54,0,95,405,1.0,
55,0,91,409,1.0,
56,0,86,414,1.0,
57,0,84,416,1.0,
58,0,82,418,1.0,
59,0,75,425,1.0,
60,0,72,428,1.0,
61,0,67,433,1.0,
62,0,62,438,1.0,
63,0,58,442,1.0,
64,0,57,443,1.0,
65,0,57,443,1.0,
66,0,55,445,1.0,
67,0,53,447,1.0,
68,0,50,450,1.0,
69,0,49,451,1.0,
70,0,49,451,1.0,
71,0,47,453,1.0,
72,0,43,457,1.0,
73,0,43,457,1.0,
74,0,43,457,1.0,
75,0,42,458,1.0,
76,0,40,460,1.0,
77,0,40,460,1.0,
78,0,39,461,1.0,
79,0,37,463,1.0,
80,0,34,466,1.0,
81,0,32,468,1.0,
82,0,30,470,1.0,
83,0,30,470,1.0,
84,0,29,471,1.0,
85,0,28,472,1.0,
86,0,27,473,1.0,
87,0,27,473,1.0,
88,0,27,473,1.0,
89,0,26,474,1.0,
90,0,26,474,1.0,
91,0,25,475,1.0,
92,0,25,475,1.0,
93,0,25,475,1.0,
94,0,24,476,1.0,
95,0,22,478,1.0,
96,0,22,478,1.0,
97,0,22,478,1.0,
98,0,19,481,1.0,
99,0,18,482,1.0,
100,0,17,483,1.0,
101,0,17,483,1.0,
102,0,17,483,1.0,
103,0,15,485,1.0,
104,0,15,485,1.0,
105,0,15,485,1.0,
106,0,15,485,1.0,
107,0,15,485,1.0,
108,0,14,486,1.0,
109,0,13,487,1.0,
110,0,13,487,1.0,
111,0,13,487,1.0,
112,0,13,487,1.0,
113,0,13,487,1.0,
114,0,11,489,1.0,
115,0,11,489,1.0,
116,0,11,489,1.0,
117,0,11,489,1.0,
118,0,11,489,1.0,
119,0,10,490,1.0,
120,0,10,490,1.0,
121,0,10,490,1.0,
122,0,10,490,1.0,
123,0,10,490,1.0,
124,0,10,490,1.0,
125,0,9,491,1.0,
126,0,9,491,1.0,
127,0,9,491,1.0,
128,0,9,491,1.0,
129,0,9,491,1.0,
130,0,9,491,1.0,
131,0,9,491,1.0,
132,0,8,492,1.0,
133,0,8,492,1.0,
134,0,8,492,1.0,
135,0,8,492,1.0,
136,0,8,492,1.0,
137,0,8,492,1.0,
138,0,8,492,1.0,
139,0,7,493,1.0,
140,0,7,493,1.0,
141,0,7,493,1.0,
142,0,7,493,1.0,
143,0,7,493,1.0,
144,0,7,493,1.0,
145,0,7,493,1.0,
146,0,7,493,1.0,
147,0,6,494,1.0,
148,0,6,494,1.0,
149,0,6,494,1.0,
150,0,6,494,1.0,
151,0,6,494,1.0,
152,0,6,494,1.0,
153,0,6,494,1.0,
154,0,6,494,1.0,
155,0,6,494,1.0,
156,0,6,494,1.0,
157,0,6,494,1.0,
158,0,6,494,1.0,
159,0,6,494,1.0,
160,0,6,494,1.0,
161,0,5,495,1.0,
162,0,5,495,1.0,
163,0,5,495,1.0,
164,0,5,495,1.0,
165,0,5,495,1.0,
166,0,5,495,1.0,
167,0,5,495,1.0,
168,0,5,495,1.0,
169,0,5,495,1.0,
170,0,5,495,1.0,
171,0,5,495,1.0,
172,0,4,496,1.0,
173,0,4,496,1.0,
174,0,4,496,1.0,
175,0,4,496,1.0,
176,0,4,496,1.0,
177,0,4,496,1.0,
178,0,3,497,1.0,
179,0,3,497,1.0,
180,0,3,497,1.0,
181,0,3,497,1.0,
182,0,3,497,1.0,
183,0,3,497,1.0,
184,0,3,497,1.0,
185,0,3,497,1.0,
186,0,3,497,1.0,
187,0,3,497,1.0,
188,0,3,497,1.0,
189,0,3,497,1.0,
190,0,3,497,1.0,
191,0,3,497,1.0,
192,0,3,497,1.0,
193,0,3,497,1.0,
194,0,3,497,1.0,
195,0,3,497,1.0,
196,0,3,497,1.0,
197,0,3,497,1.0,
198,0,3,497,1.0,
199,0,3,497,1.0,
200,0,3,497,1.0,
1,497,3,0,0.9959090909090909,1.0
2,492,8,0,0.982909090909091,0.993356918859539
3,485,15,0,0.9685454545454546,0.9858082321099679
4,471,28,1,0.9434545454545454,0.9720147416023653
5,452,47,1,0.9158181818181819,0.9554505091821759
6,427,70,3,0.9105454545454545,0.949698801679825
7,397,95,8,0.9156363636363636,0.9489241323166837
8,371,116,13,0.9221818181818182,0.9496062670885237
9,334,145,21,0.9071818181818182,0.9325694586234601
10,299,178,23,0.8732727272727273,0.895960941488663
11,269,198,33,0.8524545454545455,0.8648030298679446
12,237,220,43,0.8328181818181818,0.8252930362914884
13,194,259,47,0.8384545454545455,0.7934566600679906
14,141,302,57,0.8780909090909091,0.7855608166285358
15,91,336,73,0.9138181818181819,0.7644226402678552
16,56,359,85,0.9499090909090909,0.7772930998990201
17,30,371,99,0.9725454545454545,0.7726143980159309
18,14,375,111,0.9922727272727273,0.8635252912623684
19,3,374,123,0.9994545454545455,0.9559930146802857
20,0,365,135,1.0,
21,0,344,156,1.0,
22,0,333,167,1.0,
23,0,313,187,1.0,
24,0,305,195,1.0,
25,0,290,210,1.0,
26,0,283,217,1.0,
27,0,272,228,1.0,
28,0,266,234,1.0,
29,0,258,242,1.0,
30,0,248,252,1.0,
31,0,240,260,1.0,
32,0,235,265,1.0,
33,0,226,274,1.0,
34,0,218,282,1.0,
35,0,209,291,1.0,
36,0,196,304,1.0,
37,0,189,311,1.0,
38,0,176,324,1.0,
39,0,169,331,1.0,
40,0,164,336,1.0,
41,0,158,342,1.0,
42,0,153,347,1.0,
43,0,149,351,1.0,
44,0,142,358,1.0,
45,0,135,365,1.0,
46,0,125,375,1.0,
47,0,119,381,1.0,
48,0,115,385,1.0,
49,0,109,391,1.0,
50,0,106,394,1.0,
51,0,99,401,1.0,
52,0,96,404,1.0,
53,0,93,407,1.0,
54,0,90,410,1.0,
55,0,88,412,1.0,
56,0,83,417,1.0,
57,0,82,418,1.0,
58,0,81,419,1.0,
59,0,79,421,1.0,
60,0,74,426,1.0,
61,0,74,426,1.0,
62,0,69,431,1.0,
63,0,65,435,1.0,
64,0,64,436,1.0,
65,0,63,437,1.0,
66,0,62,438,1.0,
67,0,56,444,1.0,
68,0,56,444,1.0,
69,0,55,445,1.0,
70,0,54,446,1.0,
71,0,52,448,1.0,
72,0,49,451,1.0,
73,0,47,453,1.0,
74,0,44,456,1.0,
75,0,43,457,1.0,
76,0,43,457,1.0,
77,0,42,458,1.0,
78,0,40,460,1.0,
79,0,37,463,1.0,
80,0,36,464,1.0,
81,0,34,466,1.0,
82,0,33,467,1.0,
83,0,29,471,1.0,
84,0,28,472,1.0,
85,0,26,474,1.0,
86,0,24,476,1.0,
87,0,23,477,1.0,
88,0,23,477,1.0,
89,0,22,478,1.0,
90,0,22,478,1.0,
91,0,20,480,1.0,
92,0,19,481,1.0,
93,0,19,481,1.0,
94,0,19,481,1.0,
95,0,19,481,1.0,
96,0,16,484,1.0,
97,0,16,484,1.0,
98,0,15,485,1.0,
99,0,15,485,1.0,
100,0,15,485,1.0,
101,0,15,485,1.0,
102,0,13,487,1.0,
103,0,13,487,1.0,
104,0,13,487,1.0,
105,0,11,489,1.0,
106,0,11,489,1.0,
107,0,10,490,1.0,
108,0,10,490,1.0,
109,0,10,490,1.0,
110,0,10,490,1.0,
111,0,10,490,1.0,
112,0,10,490,1.0,
113,0,9,491,1.0,
114,0,9,491,1.0,
115,0,9,491,1.0,
116,0,9,491,1.0,
117,0,8,492,1.0,
118,0,6,494,1.0,
119,0,6,494,1.0,
120,0,6,494,1.0,
121,0,6,494,1.0,
122,0,6,494,1.0,
123,0,6,494,1.0,
124,0,6,494,1.0,
125,0,5,495,1.0,
126,0,5,495,1.0,
127,0,5,495,1.0,
128,0,5,495,1.0,
129,0,5,495,1.0,
130,0,5,495,1.0,
131,0,5,495,1.0,
132,0,5,495,1.0,
133,0,5,495,1.0,
134,0,4,496,1.0,
135,0,3,497,1.0,
136,0,2,498,1.0,
137,0,2,498,1.0,
138,0,0,500,1.0,
139,0,0,500,1.0,
140,0,0,500,1.0,
141,0,0,500,1.0,
142,0,0,500,1.0,
143,0,0,500,1.0,
144,0,0,500,1.0,
145,0,0,500,1.0,
146,0,0,500,1.0,
147,0,0,500,1.0,
148,0,0,500,1.0,
149,0,0,500,1.0,
150,0,0,500,1.0,
151,0,0,500,1.0,
152,0,0,500,1.0,
153,0,0,500,1.0,
154,0,0,500,1.0,
155,0,0,500,1.0,
156,0,0,500,1.0,
157,0,0,500,1.0,
158,0,0,500,1.0,
159,0,0,500,1.0,
160,0,0,500,1.0,
161,0,0,500,1.0,
162,0,0,500,1.0,
163,0,0,500,1.0,
164,0,0,500,1.0,
165,0,0,500,1.0,
166,0,0,500,1.0,
167,0,0,500,1.0,
168,0,0,500,1.0,
169,0,0,500,1.0,
170,0,0,500,1.0,
171,0,0,500,1.0,
172,0,0,500,1.0,
173,0,0,500,1.0,
174,0,0,500,1.0,
175,0,0,500,1.0,
176,0,0,500,1.0,
177,0,0,500,1.0,
178,0,0,500,1.0,
179,0,0,500,1.0,
180,0,0,500,1.0,
181,0,0,500,1.0,
182,0,0,500,1.0,
183,0,0,500,1.0,
184,0,0,500,1.0,
185,0,0,500,1.0,
186,0,0,500,1.0,
187,0,0,500,1.0,
188,0,0,500,1.0,
189,0,0,500,1.0,
190,0,0,500,1.0,
191,0,0,500,1.0,
192,0,0,500,1.0,
193,0,0,500,1.0,
194,0,0,500,1.0,
195,0,0,500,1.0,
196,0,0,500,1.0,
197,0,0,500,1.0,
198,0,0,500,1.0,
199,0,0,500,1.0,
200,0,0,500,1.0,
