,day,s,s,s,i,i,i,r,r,r,pi,pr
,,mean,max,min,mean,max,min,mean,max,min,,
0,1,499.0,499,499,1.0,1,1,0.0,0,0,0.0,0.04
1,2,499.0,499,499,1.0,1,1,0.0,0,0,0.0,0.04
2,3,499.0,499,499,1.0,1,1,0.0,0,0,0.0,0.04
3,4,499.0,499,499,1.0,1,1,0.0,0,0,0.0,0.04
4,5,499.0,499,499,1.0,1,1,0.0,0,0,0.0,0.04
5,6,499.0,499,499,1.0,1,1,0.0,0,0,0.0,0.04
6,7,499.0,499,499,0.8,1,0,0.2,1,0,0.0,0.04
7,8,499.0,499,499,0.8,1,0,0.2,1,0,0.0,0.04
8,9,499.0,499,499,0.8,1,0,0.2,1,0,0.0,0.04
9,10,499.0,499,499,0.8,1,0,0.2,1,0,0.0,0.04
10,11,499.0,499,499,0.8,1,0,0.2,1,0,0.0,0.04
11,12,499.0,499,499,0.7,1,0,0.3,1,0,0.0,0.04
12,13,499.0,499,499,0.7,1,0,0.3,1,0,0.0,0.04
13,14,499.0,499,499,0.7,1,0,0.3,1,0,0.0,0.04
14,15,499.0,499,499,0.7,1,0,0.3,1,0,0.0,0.04
15,16,499.0,499,499,0.7,1,0,0.3,1,0,0.0,0.04
16,17,499.0,499,499,0.7,1,0,0.3,1,0,0.0,0.04
17,18,499.0,499,499,0.7,1,0,0.3,1,0,0.0,0.04
18,19,499.0,499,499,0.6,1,0,0.4,1,0,0.0,0.04
19,20,499.0,499,499,0.6,1,0,0.4,1,0,0.0,0.04
20,21,499.0,499,499,0.6,1,0,0.4,1,0,0.0,0.04
21,22,499.0,499,499,0.5,1,0,0.5,1,0,0.0,0.04
22,23,499.0,499,499,0.5,1,0,0.5,1,0,0.0,0.04
23,24,499.0,499,499,0.5,1,0,0.5,1,0,0.0,0.04
24,25,499.0,499,499,0.5,1,0,0.5,1,0,0.0,0.04
25,26,499.0,499,499,0.4,1,0,0.6,1,0,0.0,0.04
26,27,499.0,499,499,0.4,1,0,0.6,1,0,0.0,0.04
27,28,499.0,499,499,0.4,1,0,0.6,1,0,0.0,0.04
28,29,499.0,499,499,0.4,1,0,0.6,1,0,0.0,0.04
29,30,499.0,499,499,0.4,1,0,0.6,1,0,0.0,0.04
30,31,499.0,499,499,0.4,1,0,0.6,1,0,0.0,0.04
31,32,499.0,499,499,0.4,1,0,0.6,1,0,0.0,0.04
32,33,499.0,499,499,0.4,1,0,0.6,1,0,0.0,0.04
33,34,499.0,499,499,0.4,1,0,0.6,1,0,0.0,0.04
34,35,499.0,499,499,0.4,1,0,0.6,1,0,0.0,0.04
35,36,499.0,499,499,0.4,1,0,0.6,1,0,0.0,0.04
36,37,499.0,499,499,0.4,1,0,0.6,1,0,0.0,0.04
37,38,499.0,499,499,0.4,1,0,0.6,1,0,0.0,0.04
38,39,499.0,499,499,0.3,1,0,0.7,1,0,0.0,0.04
39,40,499.0,499,499,0.3,1,0,0.7,1,0,0.0,0.04
40,41,499.0,499,499,0.3,1,0,0.7,1,0,0.0,0.04
41,42,499.0,499,499,0.3,1,0,0.7,1,0,0.0,0.04
42,43,499.0,499,499,0.3,1,0,0.7,1,0,0.0,0.04
43,44,499.0,499,499,0.3,1,0,0.7,1,0,0.0,0.04
44,45,499.0,499,499,0.3,1,0,0.7,1,0,0.0,0.04
45,46,499.0,499,499,0.3,1,0,0.7,1,0,0.0,0.04
46,47,499.0,499,499,0.3,1,0,0.7,1,0,0.0,0.04
47,48,499.0,499,499,0.3,1,0,0.7,1,0,0.0,0.04
48,49,499.0,499,499,0.3,1,0,0.7,1,0,0.0,0.04
49,50,499.0,499,499,0.3,1,0,0.7,1,0,0.0,0.04
50,51,499.0,499,499,0.3,1,0,0.7,1,0,0.0,0.04
51,52,499.0,499,499,0.3,1,0,0.7,1,0,0.0,0.04
52,53,499.0,499,499,0.3,1,0,0.7,1,0,0.0,0.04
53,54,499.0,499,499,0.3,1,0,0.7,1,0,0.0,0.04
54,55,499.0,499,499,0.3,1,0,0.7,1,0,0.0,0.04
55,56,499.0,499,499,0.3,1,0,0.7,1,0,0.0,0.04
56,57,499.0,499,499,0.3,1,0,0.7,1,0,0.0,0.04
57,58,499.0,499,499,0.3,1,0,0.7,1,0,0.0,0.04
58,59,499.0,499,499,0.3,1,0,0.7,1,0,0.0,0.04
59,60,499.0,499,499,0.3,1,0,0.7,1,0,0.0,0.04
60,61,499.0,499,499,0.3,1,0,0.7,1,0,0.0,0.04
61,62,499.0,499,499,0.3,1,0,0.7,1,0,0.0,0.04
62,63,499.0,499,499,0.3,1,0,0.7,1,0,0.0,0.04
63,64,499.0,499,499,0.3,1,0,0.7,1,0,0.0,0.04
64,65,499.0,499,499,0.3,1,0,0.7,1,0,0.0,0.04
65,66,499.0,499,499,0.3,1,0,0.7,1,0,0.0,0.04
66,67,499.0,499,499,0.3,1,0,0.7,1,0,0.0,0.04
67,68,499.0,499,499,0.3,1,0,0.7,1,0,0.0,0.04
68,69,499.0,499,499,0.3,1,0,0.7,1,0,0.0,0.04
69,70,499.0,499,499,0.3,1,0,0.7,1,0,0.0,0.04
70,71,499.0,499,499,0.3,1,0,0.7,1,0,0.0,0.04
71,72,499.0,499,499,0.3,1,0,0.7,1,0,0.0,0.04
72,73,499.0,499,499,0.3,1,0,0.7,1,0,0.0,0.04
73,74,499.0,499,499,0.3,1,0,0.7,1,0,0.0,0.04
74,75,499.0,499,499,0.3,1,0,0.7,1,0,0.0,0.04
75,76,499.0,499,499,0.3,1,0,0.7,1,0,0.0,0.04
76,77,499.0,499,499,0.3,1,0,0.7,1,0,0.0,0.04
77,78,499.0,499,499,0.3,1,0,0.7,1,0,0.0,0.04
78,79,499.0,499,499,0.3,1,0,0.7,1,0,0.0,0.04
79,80,499.0,499,499,0.3,1,0,0.7,1,0,0.0,0.04
80,81,499.0,499,499,0.3,1,0,0.7,1,0,0.0,0.04
81,82,499.0,499,499,0.2,1,0,0.8,1,0,0.0,0.04
82,83,499.0,499,499,0.2,1,0,0.8,1,0,0.0,0.04
83,84,499.0,499,499,0.2,1,0,0.8,1,0,0.0,0.04
84,85,499.0,499,499,0.2,1,0,0.8,1,0,0.0,0.04
85,86,499.0,499,499,0.2,1,0,0.8,1,0,0.0,0.04
86,87,499.0,499,499,0.2,1,0,0.8,1,0,0.0,0.04
87,88,499.0,499,499,0.2,1,0,0.8,1,0,0.0,0.04
88,89,499.0,499,499,0.2,1,0,0.8,1,0,0.0,0.04
89,90,499.0,499,499,0.2,1,0,0.8,1,0,0.0,0.04
90,91,499.0,499,499,0.2,1,0,0.8,1,0,0.0,0.04
91,92,499.0,499,499,0.2,1,0,0.8,1,0,0.0,0.04
92,93,499.0,499,499,0.2,1,0,0.8,1,0,0.0,0.04
93,94,499.0,499,499,0.2,1,0,0.8,1,0,0.0,0.04
94,95,499.0,499,499,0.2,1,0,0.8,1,0,0.0,0.04
95,96,499.0,499,499,0.2,1,0,0.8,1,0,0.0,0.04
96,97,499.0,499,499,0.2,1,0,0.8,1,0,0.0,0.04
97,98,499.0,499,499,0.2,1,0,0.8,1,0,0.0,0.04
98,99,499.0,499,499,0.2,1,0,0.8,1,0,0.0,0.04
99,100,499.0,499,499,0.2,1,0,0.8,1,0,0.0,0.04
100,101,499.0,499,499,0.2,1,0,0.8,1,0,0.0,0.04
101,102,499.0,499,499,0.2,1,0,0.8,1,0,0.0,0.04
102,103,499.0,499,499,0.2,1,0,0.8,1,0,0.0,0.04
103,104,499.0,499,499,0.2,1,0,0.8,1,0,0.0,0.04
104,105,499.0,499,499,0.2,1,0,0.8,1,0,0.0,0.04
105,106,499.0,499,499,0.2,1,0,0.8,1,0,0.0,0.04
106,107,499.0,499,499,0.2,1,0,0.8,1,0,0.0,0.04
107,108,499.0,499,499,0.2,1,0,0.8,1,0,0.0,0.04
108,109,499.0,499,499,0.1,1,0,0.9,1,0,0.0,0.04
109,110,499.0,499,499,0.1,1,0,0.9,1,0,0.0,0.04
110,111,499.0,499,499,0.1,1,0,0.9,1,0,0.0,0.04
111,112,499.0,499,499,0.1,1,0,0.9,1,0,0.0,0.04
112,113,499.0,499,499,0.1,1,0,0.9,1,0,0.0,0.04
113,114,499.0,499,499,0.1,1,0,0.9,1,0,0.0,0.04
114,115,499.0,499,499,0.1,1,0,0.9,1,0,0.0,0.04
115,116,499.0,499,499,0.1,1,0,0.9,1,0,0.0,0.04
116,117,499.0,499,499,0.1,1,0,0.9,1,0,0.0,0.04
117,118,499.0,499,499,0.1,1,0,0.9,1,0,0.0,0.04
118,119,499.0,499,499,0.1,1,0,0.9,1,0,0.0,0.04
119,120,499.0,499,499,0.1,1,0,0.9,1,0,0.0,0.04
120,121,499.0,499,499,0.1,1,0,0.9,1,0,0.0,0.04
121,122,499.0,499,499,0.1,1,0,0.9,1,0,0.0,0.04
122,123,499.0,499,499,0.1,1,0,0.9,1,0,0.0,0.04
123,124,499.0,499,499,0.1,1,0,0.9,1,0,0.0,0.04
124,125,499.0,499,499,0.1,1,0,0.9,1,0,0.0,0.04
125,126,499.0,499,499,0.1,1,0,0.9,1,0,0.0,0.04
126,127,499.0,499,499,0.1,1,0,0.9,1,0,0.0,0.04
127,128,499.0,499,499,0.1,1,0,0.9,1,0,0.0,0.04
128,129,499.0,499,499,0.1,1,0,0.9,1,0,0.0,0.04
129,130,499.0,499,499,0.1,1,0,0.9,1,0,0.0,0.04
130,131,499.0,499,499,0.1,1,0,0.9,1,0,0.0,0.04
131,132,499.0,499,499,0.1,1,0,0.9,1,0,0.0,0.04
132,133,499.0,499,499,0.1,1,0,0.9,1,0,0.0,0.04
133,134,499.0,499,499,0.1,1,0,0.9,1,0,0.0,0.04
134,135,499.0,499,499,0.1,1,0,0.9,1,0,0.0,0.04
135,136,499.0,499,499,0.1,1,0,0.9,1,0,0.0,0.04
136,137,499.0,499,499,0.1,1,0,0.9,1,0,0.0,0.04
137,138,499.0,499,499,0.1,1,0,0.9,1,0,0.0,0.04
138,139,499.0,499,499,0.1,1,0,0.9,1,0,0.0,0.04
139,140,499.0,499,499,0.1,1,0,0.9,1,0,0.0,0.04
140,141,499.0,499,499,0.1,1,0,0.9,1,0,0.0,0.04
141,142,499.0,499,499,0.1,1,0,0.9,1,0,0.0,0.04
142,143,499.0,499,499,0.1,1,0,0.9,1,0,0.0,0.04
143,144,499.0,499,499,0.1,1,0,0.9,1,0,0.0,0.04
144,145,499.0,499,499,0.1,1,0,0.9,1,0,0.0,0.04
145,146,499.0,499,499,0.1,1,0,0.9,1,0,0.0,0.04
146,147,499.0,499,499,0.1,1,0,0.9,1,0,0.0,0.04
147,148,499.0,499,499,0.1,1,0,0.9,1,0,0.0,0.04
148,149,499.0,499,499,0.1,1,0,0.9,1,0,0.0,0.04
149,150,499.0,499,499,0.1,1,0,0.9,1,0,0.0,0.04
150,151,499.0,499,499,0.1,1,0,0.9,1,0,0.0,0.04
151,152,499.0,499,499,0.1,1,0,0.9,1,0,0.0,0.04
152,153,499.0,499,499,0.1,1,0,0.9,1,0,0.0,0.04
153,154,499.0,499,499,0.1,1,0,0.9,1,0,0.0,0.04
154,155,499.0,499,499,0.1,1,0,0.9,1,0,0.0,0.04
155,156,499.0,499,499,0.1,1,0,0.9,1,0,0.0,0.04
156,157,499.0,499,499,0.1,1,0,0.9,1,0,0.0,0.04
157,158,499.0,499,499,0.1,1,0,0.9,1,0,0.0,0.04
158,159,499.0,499,499,0.1,1,0,0.9,1,0,0.0,0.04
159,160,499.0,499,499,0.1,1,0,0.9,1,0,0.0,0.04
160,161,499.0,499,499,0.1,1,0,0.9,1,0,0.0,0.04
161,162,499.0,499,499,0.1,1,0,0.9,1,0,0.0,0.04
162,163,499.0,499,499,0.1,1,0,0.9,1,0,0.0,0.04
163,164,499.0,499,499,0.1,1,0,0.9,1,0,0.0,0.04
164,165,499.0,499,499,0.1,1,0,0.9,1,0,0.0,0.04
165,166,499.0,499,499,0.1,1,0,0.9,1,0,0.0,0.04
166,167,499.0,499,499,0.1,1,0,0.9,1,0,0.0,0.04
167,168,499.0,499,499,0.1,1,0,0.9,1,0,0.0,0.04
168,169,499.0,499,499,0.1,1,0,0.9,1,0,0.0,0.04
169,170,499.0,499,499,0.1,1,0,0.9,1,0,0.0,0.04
170,171,499.0,499,499,0.1,1,0,0.9,1,0,0.0,0.04
171,172,499.0,499,499,0.1,1,0,0.9,1,0,0.0,0.04
172,173,499.0,499,499,0.1,1,0,0.9,1,0,0.0,0.04
173,174,499.0,499,499,0.1,1,0,0.9,1,0,0.0,0.04
174,175,499.0,499,499,0.1,1,0,0.9,1,0,0.0,0.04
175,176,499.0,499,499,0.1,1,0,0.9,1,0,0.0,0.04
176,177,499.0,499,499,0.1,1,0,0.9,1,0,0.0,0.04
177,178,499.0,499,499,0.1,1,0,0.9,1,0,0.0,0.04
178,179,499.0,499,499,0.1,1,0,0.9,1,0,0.0,0.04
179,180,499.0,499,499,0.1,1,0,0.9,1,0,0.0,0.04
180,181,499.0,499,499,0.1,1,0,0.9,1,0,0.0,0.04
181,182,499.0,499,499,0.1,1,0,0.9,1,0,0.0,0.04
182,183,499.0,499,499,0.1,1,0,0.9,1,0,0.0,0.04
183,184,499.0,499,499,0.1,1,0,0.9,1,0,0.0,0.04
184,185,499.0,499,499,0.1,1,0,0.9,1,0,0.0,0.04
185,186,499.0,499,499,0.1,1,0,0.9,1,0,0.0,0.04
186,187,499.0,499,499,0.1,1,0,0.9,1,0,0.0,0.04
187,188,499.0,499,499,0.1,1,0,0.9,1,0,0.0,0.04
188,189,499.0,499,499,0.1,1,0,0.9,1,0,0.0,0.04
189,190,499.0,499,499,0.1,1,0,0.9,1,0,0.0,0.04
190,191,499.0,499,499,0.1,1,0,0.9,1,0,0.0,0.04
191,192,499.0,499,499,0.1,1,0,0.9,1,0,0.0,0.04
192,193,499.0,499,499,0.1,1,0,0.9,1,0,0.0,0.04
193,194,499.0,499,499,0.1,1,0,0.9,1,0,0.0,0.04
194,195,499.0,499,499,0.1,1,0,0.9,1,0,0.0,0.04
195,196,499.0,499,499,0.1,1,0,0.9,1,0,0.0,0.04
196,197,499.0,499,499,0.1,1,0,0.9,1,0,0.0,0.04
197,198,499.0,499,499,0.1,1,0,0.9,1,0,0.0,0.04
198,199,499.0,499,499,0.1,1,0,0.9,1,0,0.0,0.04
199,200,499.0,499,499,0.1,1,0,0.9,1,0,0.0,0.04
200,1,499.0,499,499,1.0,1,1,0.0,0,0,0.0035,0.04
201,2,499.0,499,499,0.8,1,0,0.2,1,0,0.0035,0.04
202,3,499.0,499,499,0.8,1,0,0.2,1,0,0.0035,0.04
203,4,498.9,499,498,0.9,2,0,0.2,1,0,0.0035,0.04
204,5,498.9,499,498,0.9,2,0,0.2,1,0,0.0035,0.04
205,6,498.8,499,498,0.9,2,0,0.3,1,0,0.0035,0.04
206,7,498.5,499,497,1.2,3,0,0.3,1,0,0.0035,0.04
207,8,498.4,499,497,1.3,3,0,0.3,1,0,0.0035,0.04
208,9,498.3,499,496,1.4,4,0,0.3,1,0,0.0035,0.04
209,10,498.2,499,496,1.5,4,0,0.3,1,0,0.0035,0.04
210,11,498.0,499,495,1.7,5,0,0.3,1,0,0.0035,0.04
211,12,497.7,499,494,1.8,6,0,0.5,1,0,0.0035,0.04
212,13,497.1,499,491,2.4,9,0,0.5,1,0,0.0035,0.04
213,14,497.0,499,490,2.5,10,0,0.5,1,0,0.0035,0.04
214,15,496.7,499,490,2.7,9,0,0.6,1,0,0.0035,0.04
215,16,496.5,499,489,2.8,10,0,0.7,2,0,0.0035,0.04
216,17,496.2,499,489,3.1,10,0,0.7,2,0,0.0035,0.04
217,18,496.1,499,489,3.0,10,0,0.9,3,0,0.0035,0.04
218,19,496.0,499,489,3.0,10,0,1.0,3,0,0.0035,0.04
219,20,495.6,499,488,3.2,10,0,1.2,3,0,0.0035,0.04
220,21,495.3,499,486,3.2,11,0,1.5,4,0,0.0035,0.04
221,22,495.0,499,485,3.4,12,0,1.6,4,0,0.0035,0.04
222,23,494.9,499,484,3.5,13,0,1.6,4,0,0.0035,0.04
223,24,494.4,499,481,4.0,16,0,1.6,4,0,0.0035,0.04
224,25,494.0,499,480,3.9,15,0,2.1,5,0,0.0035,0.04
225,26,493.7,499,479,4.1,16,0,2.2,6,0,0.0035,0.04
226,27,493.1,499,477,4.7,18,0,2.2,6,0,0.0035,0.04
227,28,492.7,499,476,4.7,17,0,2.6,7,1,0.0035,0.04
228,29,492.1,499,472,5.2,21,0,2.7,7,1,0.0035,0.04
229,30,491.6,499,471,5.4,21,0,3.0,8,1,0.0035,0.04
230,31,491.3,499,469,5.4,21,0,3.3,10,1,0.0035,0.04
231,32,490.6,499,464,5.9,26,0,3.5,10,1,0.0035,0.04
232,33,490.2,499,462,6.1,27,0,3.7,11,1,0.0035,0.04
233,34,489.3,499,458,6.9,30,0,3.8,12,1,0.0035,0.04
234,35,488.8,499,455,7.3,32,0,3.9,13,1,0.0035,0.04
235,36,488.2,499,452,7.8,35,0,4.0,13,1,0.0035,0.04
236,37,487.5,499,451,7.9,33,0,4.6,16,1,0.0035,0.04
237,38,487.1,499,447,8.1,35,0,4.8,18,1,0.0035,0.04
238,39,486.7,499,443,8.2,37,0,5.1,20,1,0.0035,0.04
239,40,485.8,499,441,8.8,39,0,5.4,20,1,0.0035,0.04
240,41,484.9,499,436,9.2,42,0,5.9,22,1,0.0035,0.04
241,42,484.2,499,433,9.5,41,0,6.3,26,1,0.0035,0.04
242,43,483.8,499,431,9.6,42,0,6.6,27,1,0.0035,0.04
243,44,483.2,499,427,9.9,45,0,6.9,28,1,0.0035,0.04
244,45,482.4,499,422,10.1,47,0,7.5,31,1,0.0035,0.04
245,46,481.3,499,416,10.6,50,0,8.1,34,1,0.0035,0.04
246,47,481.0,499,414,10.5,50,0,8.5,36,1,0.0035,0.04
247,48,480.1,499,411,10.7,51,0,9.2,38,1,0.0035,0.04
248,49,479.0,499,406,11.8,56,0,9.2,38,1,0.0035,0.04
249,50,478.0,499,402,12.3,56,0,9.7,42,1,0.0035,0.04
250,51,477.0,499,401,13.0,55,0,10.0,44,1,0.0035,0.04
251,52,476.1,499,396,13.3,57,0,10.6,47,1,0.0035,0.04
252,53,474.9,499,389,13.8,61,0,11.3,50,1,0.0035,0.04
253,54,474.0,499,385,14.0,62,0,12.0,53,1,0.0035,0.04
254,55,473.4,499,383,14.0,59,0,12.6,58,1,0.0035,0.04
255,56,472.2,499,379,14.8,61,0,13.0,60,1,0.0035,0.04
256,57,471.2,499,377,15.3,60,0,13.5,63,1,0.0035,0.04
257,58,470.1,499,373,15.7,62,0,14.2,65,1,0.0035,0.04
258,59,469.1,499,370,16.1,63,0,14.8,67,1,0.0035,0.04
259,60,468.0,499,369,16.3,61,0,15.7,70,1,0.0035,0.04
260,61,467.2,499,366,16.3,60,0,16.5,74,1,0.0035,0.04
261,62,466.3,499,365,16.3,59,0,17.4,76,1,0.0035,0.04
262,63,464.9,499,360,16.6,60,0,18.5,80,1,0.0035,0.04
263,64,463.8,499,356,17.1,61,0,19.1,83,1,0.0035,0.04
264,65,462.7,499,354,16.8,57,0,20.5,89,1,0.0035,0.04
265,66,461.1,499,350,17.4,58,0,21.5,92,1,0.0035,0.04
266,67,460.0,499,349,17.7,58,0,22.3,93,1,0.0035,0.04
267,68,459.0,499,346,17.2,55,0,23.8,99,1,0.0035,0.04
268,69,457.4,499,343,18.0,56,0,24.6,101,1,0.0035,0.04
269,70,456.2,499,342,18.6,55,0,25.2,103,1,0.0035,0.04
270,71,454.3,499,337,19.6,57,0,26.1,106,1,0.0035,0.04
271,72,453.3,499,334,20.0,58,0,26.7,108,1,0.0035,0.04
272,73,452.2,499,331,20.4,60,0,27.4,109,1,0.0035,0.04
273,74,450.4,499,327,21.3,60,0,28.3,113,1,0.0035,0.04
274,75,449.4,499,324,21.1,60,0,29.5,116,1,0.0035,0.04
275,76,448.3,499,320,21.3,60,0,30.4,120,1,0.0035,0.04
276,77,446.7,499,315,22.2,63,0,31.1,122,1,0.0035,0.04
277,78,445.2,499,311,22.7,63,0,32.1,126,1,0.0035,0.04
278,79,443.8,499,306,23.1,64,0,33.1,130,1,0.0035,0.04
279,80,442.3,499,304,23.6,64,0,34.1,132,1,0.0035,0.04
280,81,440.7,499,301,24.0,66,0,35.3,133,1,0.0035,0.04
281,82,439.7,499,300,23.8,64,0,36.5,136,1,0.0035,0.04
282,83,437.9,499,296,24.2,64,0,37.9,140,1,0.0035,0.04
283,84,436.4,499,291,24.3,66,0,39.3,143,1,0.0035,0.04
284,85,435.1,499,286,24.4,69,0,40.5,145,1,0.0035,0.04
285,86,434.0,499,284,24.3,66,0,41.7,150,1,0.0035,0.04
286,87,432.8,499,281,24.4,64,0,42.8,155,1,0.0035,0.04
287,88,431.6,499,279,24.4,63,0,44.0,158,1,0.0035,0.04
288,89,429.9,499,278,25.2,68,0,44.9,160,1,0.0035,0.04
289,90,428.0,499,275,26.2,72,0,45.8,161,1,0.0035,0.04
290,91,426.2,499,273,26.6,72,0,47.2,166,1,0.0035,0.04
291,92,424.6,499,271,27.0,74,0,48.4,170,1,0.0035,0.04
292,93,422.9,499,270,27.5,80,0,49.6,172,1,0.0035,0.04
293,94,422.0,499,268,27.0,78,0,51.0,174,1,0.0035,0.04
294,95,420.4,499,267,27.4,75,0,52.2,175,1,0.0035,0.04
295,96,419.2,499,266,27.8,77,0,53.0,177,1,0.0035,0.04
296,97,417.1,499,264,28.3,80,0,54.6,180,1,0.0035,0.04
297,98,415.2,499,259,29.5,79,0,55.3,181,1,0.0035,0.04
298,99,413.8,499,256,29.9,79,0,56.3,181,1,0.0035,0.04
299,100,411.9,499,255,31.1,80,0,57.0,182,1,0.0035,0.04
300,101,411.1,499,255,31.3,81,0,57.6,182,1,0.0035,0.04
301,102,409.8,499,253,31.2,83,0,59.0,187,1,0.0035,0.04
302,103,408.3,499,251,31.7,84,0,60.0,188,1,0.0035,0.04
303,104,406.5,499,246,32.7,83,0,60.8,190,1,0.0035,0.04
304,105,404.5,499,244,32.6,82,0,62.9,192,1,0.0035,0.04
305,106,402.3,499,240,33.9,87,0,63.8,193,1,0.0035,0.04
306,107,400.5,499,238,33.8,85,0,65.7,198,1,0.0035,0.04
307,108,398.4,499,238,34.7,84,0,66.9,201,1,0.0035,0.04
308,109,396.8,499,237,34.7,88,0,68.5,207,1,0.0035,0.04
309,110,394.3,499,234,35.4,85,0,70.3,209,1,0.0035,0.04
310,111,393.1,499,231,35.3,84,0,71.6,212,1,0.0035,0.04
311,112,392.4,499,231,33.9,80,0,73.7,213,1,0.0035,0.04
312,113,390.2,499,230,34.0,80,0,75.8,214,1,0.0035,0.04
313,114,388.6,499,229,33.8,81,0,77.6,217,1,0.0035,0.04
314,115,387.1,499,228,33.2,78,0,79.7,219,1,0.0035,0.04
315,116,384.9,499,226,33.7,79,0,81.4,222,1,0.0035,0.04
316,117,383.4,499,225,34.0,79,0,82.6,224,1,0.0035,0.04
317,118,381.8,499,224,33.9,78,0,84.3,227,1,0.0035,0.04
318,119,380.4,499,221,32.9,76,0,86.7,229,1,0.0035,0.04
319,120,378.5,499,219,33.2,76,0,88.3,231,1,0.0035,0.04
320,121,377.2,499,217,33.2,77,0,89.6,233,1,0.0035,0.04
321,122,375.2,499,216,33.7,78,0,91.1,235,1,0.0035,0.04
322,123,373.7,499,216,33.3,79,0,93.0,236,1,0.0035,0.04
323,124,372.3,499,213,33.2,79,0,94.5,241,1,0.0035,0.04
324,125,370.7,499,213,32.8,73,0,96.5,246,1,0.0035,0.04
325,126,368.6,499,212,33.7,76,0,97.7,247,1,0.0035,0.04
326,127,366.9,499,212,34.5,77,0,98.6,248,1,0.0035,0.04
327,128,365.3,499,210,34.7,78,0,100.0,250,1,0.0035,0.04
328,129,363.1,499,207,35.4,81,0,101.5,252,1,0.0035,0.04
329,130,361.6,499,207,35.3,85,0,103.1,254,1,0.0035,0.04
330,131,359.5,499,207,36.0,89,0,104.5,256,1,0.0035,0.04
331,132,357.8,499,206,36.3,90,0,105.9,258,1,0.0035,0.04
332,133,356.4,499,205,35.7,85,0,107.9,260,1,0.0035,0.04
333,134,355.0,499,204,35.7,85,0,109.3,260,1,0.0035,0.04
334,135,353.1,499,200,36.6,82,0,110.3,261,1,0.0035,0.04
335,136,351.9,499,198,36.1,85,0,112.0,262,1,0.0035,0.04
336,137,350.0,499,197,36.7,84,0,113.3,263,1,0.0035,0.04
337,138,348.5,499,194,36.2,84,0,115.3,264,1,0.0035,0.04
338,139,347.1,499,194,35.6,87,0,117.3,264,1,0.0035,0.04
339,140,346.3,499,194,34.2,81,0,119.5,265,1,0.0035,0.04
340,141,344.4,499,194,34.1,84,0,121.5,268,1,0.0035,0.04
341,142,342.9,499,191,34.6,85,0,122.5,270,1,0.0035,0.04
342,143,341.7,499,189,34.2,86,0,124.1,273,1,0.0035,0.04
343,144,341.1,499,189,33.3,85,0,125.6,278,1,0.0035,0.04
344,145,340.3,499,189,32.5,84,0,127.2,280,1,0.0035,0.04
345,146,338.9,499,188,32.4,85,0,128.7,280,1,0.0035,0.04
346,147,337.6,499,186,32.7,89,0,129.7,280,1,0.0035,0.04
347,148,335.9,499,182,32.7,86,0,131.4,284,1,0.0035,0.04
348,149,334.7,499,181,32.7,84,0,132.6,286,1,0.0035,0.04
349,150,333.8,499,179,32.3,83,0,133.9,287,1,0.0035,0.04
350,151,332.4,499,177,32.5,81,0,135.1,287,1,0.0035,0.04
351,152,330.7,499,169,32.6,84,0,136.7,291,1,0.0035,0.04
352,153,329.9,499,168,32.2,81,0,137.9,292,1,0.0035,0.04
353,154,329.4,499,167,31.6,81,0,139.0,294,1,0.0035,0.04
354,155,328.9,499,166,30.8,79,0,140.3,295,1,0.0035,0.04
355,156,327.8,499,166,30.7,76,0,141.5,296,1,0.0035,0.04
356,157,326.5,499,165,30.0,73,0,143.5,300,1,0.0035,0.04
357,158,325.8,499,164,29.4,70,0,144.8,301,1,0.0035,0.04
358,159,323.8,499,159,30.3,71,0,145.9,301,1,0.0035,0.04
359,160,323.0,499,158,29.0,64,0,148.0,302,1,0.0035,0.04
360,161,322.3,499,157,29.0,64,0,148.7,302,1,0.0035,0.04
361,162,321.8,499,155,28.1,64,0,150.1,304,1,0.0035,0.04
362,163,321.0,499,155,27.5,60,0,151.5,304,1,0.0035,0.04
363,164,320.7,499,155,27.0,59,0,152.3,305,1,0.0035,0.04
364,165,320.2,499,153,26.9,59,0,152.9,305,1,0.0035,0.04
365,166,319.1,499,153,26.7,55,0,154.2,305,1,0.0035,0.04
366,167,318.3,499,149,26.5,57,0,155.2,306,1,0.0035,0.04
367,168,317.8,499,147,25.9,55,0,156.3,307,1,0.0035,0.04
368,169,317.2,499,146,25.3,54,0,157.5,308,1,0.0035,0.04
369,170,316.3,499,144,25.3,55,0,158.4,308,1,0.0035,0.04
370,171,315.9,499,144,24.9,54,0,159.2,309,1,0.0035,0.04
371,172,315.3,499,143,23.5,52,0,161.2,313,1,0.0035,0.04
372,173,314.0,499,139,23.9,55,0,162.1,315,1,0.0035,0.04
373,174,313.3,499,138,24.2,56,0,162.5,317,1,0.0035,0.04
374,175,312.4,499,136,24.2,55,0,163.4,320,1,0.0035,0.04
375,176,310.9,499,136,24.6,58,0,164.5,321,1,0.0035,0.04
376,177,310.3,499,136,23.6,55,0,166.1,324,1,0.0035,0.04
377,178,309.5,499,136,23.7,55,0,166.8,326,1,0.0035,0.04
378,179,308.4,499,136,24.4,60,0,167.2,328,1,0.0035,0.04
379,180,307.7,499,136,24.3,61,0,168.0,329,1,0.0035,0.04
380,181,306.8,499,134,24.3,60,0,168.9,329,1,0.0035,0.04
381,182,306.1,499,134,24.1,61,0,169.8,330,1,0.0035,0.04
382,183,305.7,499,134,23.5,63,0,170.8,331,1,0.0035,0.04
383,184,305.0,499,134,23.0,64,0,172.0,333,1,0.0035,0.04
384,185,304.4,499,134,22.4,65,0,173.2,334,1,0.0035,0.04
385,186,304.2,499,134,21.7,63,0,174.1,336,1,0.0035,0.04
386,187,304.0,499,133,20.7,63,0,175.3,337,1,0.0035,0.04
387,188,303.1,499,132,20.6,63,0,176.3,340,1,0.0035,0.04
388,189,302.1,499,132,20.9,64,0,177.0,340,1,0.0035,0.04
389,190,301.8,499,132,19.6,59,0,178.6,340,1,0.0035,0.04
390,191,301.5,499,132,19.4,57,0,179.1,340,1,0.0035,0.04
391,192,300.8,499,131,19.3,58,0,179.9,341,1,0.0035,0.04
392,193,300.2,499,129,19.2,60,0,180.6,343,1,0.0035,0.04
393,194,299.7,499,129,18.6,61,0,181.7,344,1,0.0035,0.04
394,195,299.3,499,129,18.0,58,0,182.7,345,1,0.0035,0.04
395,196,298.9,499,127,17.9,59,0,183.2,346,1,0.0035,0.04
396,197,298.7,499,127,17.2,59,0,184.1,348,1,0.0035,0.04
397,198,298.3,499,126,16.8,60,0,184.9,348,1,0.0035,0.04
398,199,298.0,499,126,16.8,59,0,185.2,348,1,0.0035,0.04
399,200,297.9,499,126,16.2,59,0,185.9,352,1,0.0035,0.04
400,1,498.4,499,498,1.5,2,1,0.1,1,0,0.0069,0.04
401,2,498.3,499,497,1.5,3,1,0.2,1,0,0.0069,0.04
402,3,498.1,499,496,1.6,4,0,0.3,1,0,0.0069,0.04
403,4,497.8,499,495,1.9,5,0,0.3,1,0,0.0069,0.04
404,5,497.6,499,495,2.1,5,0,0.3,1,0,0.0069,0.04
405,6,497.1,499,492,2.6,8,0,0.3,1,0,0.0069,0.04
406,7,496.9,499,491,2.7,8,0,0.4,1,0,0.0069,0.04
407,8,496.8,499,491,2.6,8,0,0.6,1,0,0.0069,0.04
408,9,496.4,499,490,3.0,9,0,0.6,1,0,0.0069,0.04
409,10,495.5,499,488,3.9,12,0,0.6,1,0,0.0069,0.04
410,11,494.9,499,485,4.3,14,0,0.8,2,0,0.0069,0.04
411,12,494.3,499,482,4.1,14,0,1.6,4,0,0.0069,0.04
412,13,493.9,499,481,4.1,13,0,2.0,6,0,0.0069,0.04
413,14,493.1,499,479,4.9,15,0,2.0,6,0,0.0069,0.04
414,15,492.4,499,478,4.9,16,0,2.7,7,1,0.0069,0.04
415,16,492.1,499,478,4.8,16,0,3.1,8,1,0.0069,0.04
416,17,490.9,499,474,5.7,19,0,3.4,8,1,0.0069,0.04
417,18,490.3,499,471,6.1,21,0,3.6,8,1,0.0069,0.04
418,19,489.0,499,466,7.0,25,0,4.0,11,1,0.0069,0.04
419,20,487.6,499,460,8.1,30,0,4.3,11,1,0.0069,0.04
420,21,486.8,499,457,8.6,31,0,4.6,12,1,0.0069,0.04
421,22,485.6,499,454,9.2,32,0,5.2,14,1,0.0069,0.04
422,23,484.3,499,451,10.1,35,0,5.6,14,1,0.0069,0.04
423,24,482.7,499,447,11.1,37,0,6.2,16,1,0.0069,0.04
424,25,480.6,499,436,12.8,47,0,6.6,17,1,0.0069,0.04
425,26,478.0,499,424,14.9,57,0,7.1,19,1,0.0069,0.04
426,27,475.7,499,414,16.8,66,0,7.5,20,1,0.0069,0.04
427,28,473.4,499,409,18.4,68,0,8.2,23,1,0.0069,0.04
428,29,470.2,499,405,21.3,72,0,8.5,23,1,0.0069,0.04
429,30,467.4,499,395,22.9,76,0,9.7,29,1,0.0069,0.04
430,31,463.2,499,377,25.9,89,0,10.9,34,1,0.0069,0.04
431,32,460.1,499,367,27.5,95,0,12.4,38,1,0.0069,0.04
432,33,456.7,499,359,29.5,97,0,13.8,44,1,0.0069,0.04
433,34,451.0,499,342,33.3,106,0,15.7,52,1,0.0069,0.04
434,35,446.5,499,327,35.8,116,0,17.7,57,1,0.0069,0.04
435,36,441.3,499,310,39.3,128,0,19.4,62,1,0.0069,0.04
436,37,436.8,499,301,42.0,129,0,21.2,70,1,0.0069,0.04
437,38,431.8,499,290,44.5,130,0,23.7,80,1,0.0069,0.04
438,39,426.7,499,278,47.5,136,0,25.8,86,1,0.0069,0.04
439,40,419.8,499,264,51.9,140,0,28.3,96,1,0.0069,0.04
440,41,415.3,499,258,54.6,138,0,30.1,104,1,0.0069,0.04
441,42,408.5,499,247,59.1,144,0,32.4,109,1,0.0069,0.04
442,43,400.5,499,236,64.0,152,0,35.5,112,1,0.0069,0.04
443,44,394.8,499,226,66.8,156,0,38.4,118,1,0.0069,0.04
444,45,387.7,499,215,71.2,160,0,41.1,125,1,0.0069,0.04
445,46,381.6,499,205,73.9,159,0,44.5,136,1,0.0069,0.04
446,47,376.1,499,198,76.0,158,0,47.9,144,1,0.0069,0.04
447,48,369.3,499,188,79.4,160,0,51.3,152,1,0.0069,0.04
448,49,363.5,499,182,81.4,160,0,55.1,160,1,0.0069,0.04
449,50,354.9,499,171,85.8,172,0,59.3,168,1,0.0069,0.04
450,51,348.5,499,164,88.0,176,0,63.5,177,1,0.0069,0.04
451,52,341.0,499,154,91.2,175,0,67.8,183,1,0.0069,0.04
452,53,334.7,499,149,93.5,173,0,71.8,189,1,0.0069,0.04
453,54,327.6,499,144,96.9,173,0,75.5,191,1,0.0069,0.04
454,55,321.2,499,134,98.7,173,0,80.1,201,1,0.0069,0.04
455,56,315.1,499,125,99.1,173,0,85.8,211,1,0.0069,0.04
456,57,307.5,499,121,103.3,181,0,89.2,214,1,0.0069,0.04
457,58,301.4,499,112,104.6,188,0,94.0,222,1,0.0069,0.04
458,59,293.9,499,106,108.5,192,0,97.6,227,1,0.0069,0.04
459,60,287.9,499,102,109.5,191,0,102.6,234,1,0.0069,0.04
460,61,282.8,499,98,110.9,189,0,106.3,239,1,0.0069,0.04
461,62,277.4,499,91,111.4,189,0,111.2,249,1,0.0069,0.04
462,63,271.3,499,88,112.9,186,0,115.8,261,1,0.0069,0.04
463,64,266.1,499,85,114.7,184,0,119.2,265,1,0.0069,0.04
464,65,261.7,499,81,115.2,185,0,123.1,268,1,0.0069,0.04
465,66,257.5,499,77,114.1,184,0,128.4,275,1,0.0069,0.04
466,67,252.7,499,74,114.6,182,0,132.7,279,1,0.0069,0.04
467,68,248.1,499,72,113.8,186,0,138.1,288,1,0.0069,0.04
468,69,242.2,499,70,115.2,185,0,142.6,293,1,0.0069,0.04
469,70,237.4,499,68,115.0,181,0,147.6,296,1,0.0069,0.04
470,71,233.5,499,65,113.1,179,0,153.4,302,1,0.0069,0.04
471,72,228.9,499,62,113.3,175,0,157.8,307,1,0.0069,0.04
472,73,224.8,499,61,113.0,179,0,162.2,310,1,0.0069,0.04
473,74,220.0,499,57,112.4,184,0,167.6,315,1,0.0069,0.04
474,75,216.9,499,53,111.7,182,0,171.4,319,1,0.0069,0.04
475,76,213.6,499,52,109.4,184,0,177.0,325,1,0.0069,0.04
476,77,210.2,499,50,108.1,185,0,181.7,332,1,0.0069,0.04
477,78,207.0,499,49,107.1,181,0,185.9,335,1,0.0069,0.04
478,79,204.8,499,45,104.9,179,0,190.3,338,1,0.0069,0.04
479,80,201.3,499,42,103.5,180,0,195.2,342,1,0.0069,0.04
480,81,198.5,499,39,102.3,182,0,199.2,343,1,0.0069,0.04
481,82,195.7,499,38,100.7,182,0,203.6,346,1,0.0069,0.04
482,83,193.5,499,37,97.9,178,0,208.6,350,1,0.0069,0.04
483,84,191.1,499,36,95.8,182,0,213.1,357,1,0.0069,0.04
484,85,189.0,499,35,92.9,184,0,218.1,369,1,0.0069,0.04
485,86,187.3,499,35,90.6,182,0,222.1,373,1,0.0069,0.04
486,87,186.0,499,35,87.5,175,0,226.5,377,1,0.0069,0.04
487,88,184.7,499,32,86.6,173,0,228.7,378,1,0.0069,0.04
488,89,183.3,499,30,83.9,169,0,232.8,381,1,0.0069,0.04
489,90,181.7,499,30,81.2,164,0,237.1,387,1,0.0069,0.04
490,91,180.7,499,30,78.6,157,0,240.7,389,1,0.0069,0.04
491,92,179.4,499,30,76.1,157,0,244.5,391,1,0.0069,0.04
492,93,178.2,499,30,73.7,155,0,248.1,394,1,0.0069,0.04
493,94,177.6,499,29,71.1,152,0,251.3,397,1,0.0069,0.04
494,95,176.9,499,28,68.2,147,0,254.9,399,1,0.0069,0.04
495,96,175.7,499,27,66.6,143,0,257.7,404,1,0.0069,0.04
496,97,175.0,499,26,65.5,143,0,259.5,404,1,0.0069,0.04
497,98,174.4,499,25,63.9,139,0,261.7,408,1,0.0069,0.04
498,99,173.5,499,25,61.7,132,0,264.8,412,1,0.0069,0.04
499,100,172.7,499,25,60.2,132,0,267.1,416,1,0.0069,0.04
500,101,171.7,499,23,57.7,122,0,270.6,419,1,0.0069,0.04
501,102,171.4,499,23,55.4,115,0,273.2,421,1,0.0069,0.04
502,103,171.2,499,23,53.8,111,0,275.0,422,1,0.0069,0.04
503,104,171.0,499,23,51.5,102,0,277.5,424,1,0.0069,0.04
504,105,170.6,499,22,50.0,100,0,279.4,425,1,0.0069,0.04
505,106,170.3,499,22,48.8,100,0,280.9,427,1,0.0069,0.04
506,107,170.1,499,22,46.5,96,0,283.4,429,1,0.0069,0.04
507,108,169.5,499,22,46.2,97,0,284.3,430,1,0.0069,0.04
508,109,169.4,499,22,44.3,93,0,286.3,431,1,0.0069,0.04
509,110,169.1,499,20,42.8,88,0,288.1,432,1,0.0069,0.04
510,111,169.0,499,20,41.4,84,0,289.6,433,1,0.0069,0.04
511,112,168.9,499,20,39.4,81,0,291.7,436,1,0.0069,0.04
512,113,168.8,499,20,38.2,81,0,293.0,438,1,0.0069,0.04
513,114,168.8,499,20,36.3,76,0,294.9,439,1,0.0069,0.04
514,115,168.8,499,20,34.4,72,0,296.8,440,1,0.0069,0.04
515,116,168.8,499,20,32.8,70,0,298.4,442,1,0.0069,0.04
516,117,168.5,499,20,31.6,68,0,299.9,443,1,0.0069,0.04
517,118,168.1,499,20,30.7,69,0,301.2,446,1,0.0069,0.04
518,119,168.1,499,20,29.4,66,0,302.5,446,1,0.0069,0.04
519,120,168.0,499,20,28.2,62,0,303.8,448,1,0.0069,0.04
520,121,167.9,499,20,27.7,61,0,304.4,450,1,0.0069,0.04
521,122,167.8,499,20,26.7,58,0,305.5,451,1,0.0069,0.04
522,123,167.7,499,20,25.5,58,0,306.8,451,1,0.0069,0.04
523,124,167.5,499,20,24.5,54,0,308.0,452,1,0.0069,0.04
524,125,167.2,499,20,23.8,55,0,309.0,454,1,0.0069,0.04
525,126,167.1,499,20,22.8,53,0,310.1,457,1,0.0069,0.04
526,127,167.0,499,20,21.6,51,0,311.4,460,1,0.0069,0.04
527,128,166.8,499,19,21.0,49,0,312.2,460,1,0.0069,0.04
528,129,166.6,499,19,20.1,47,0,313.3,460,1,0.0069,0.04
529,130,166.6,499,19,19.2,44,0,314.2,461,1,0.0069,0.04
530,131,166.5,499,19,18.4,42,0,315.1,461,1,0.0069,0.04
531,132,166.4,499,19,18.1,42,0,315.5,462,1,0.0069,0.04
532,133,166.2,499,19,17.7,42,0,316.1,462,1,0.0069,0.04
533,134,166.1,499,19,17.0,39,0,316.9,462,1,0.0069,0.04
534,135,165.9,499,19,16.0,38,0,318.1,462,1,0.0069,0.04
535,136,165.8,499,19,15.4,36,0,318.8,462,1,0.0069,0.04
536,137,165.5,499,19,15.3,36,0,319.2,463,1,0.0069,0.04
537,138,165.5,499,19,14.7,35,0,319.8,464,1,0.0069,0.04
538,139,165.4,499,19,14.1,35,0,320.5,464,1,0.0069,0.04
539,140,165.3,499,19,13.5,31,0,321.2,464,1,0.0069,0.04
540,141,165.2,499,18,13.0,30,0,321.8,465,1,0.0069,0.04
541,142,165.1,499,17,12.3,30,0,322.6,466,1,0.0069,0.04
542,143,165.0,499,17,11.7,31,0,323.3,466,1,0.0069,0.04
543,144,164.8,499,16,11.5,30,0,323.7,466,1,0.0069,0.04
544,145,164.8,499,16,11.0,30,0,324.2,469,1,0.0069,0.04
545,146,164.7,499,15,10.6,30,0,324.7,470,1,0.0069,0.04
546,147,164.7,499,15,10.3,29,0,325.0,470,1,0.0069,0.04
547,148,164.6,499,15,10.1,27,0,325.3,470,1,0.0069,0.04
548,149,164.6,499,15,9.4,25,0,326.0,470,1,0.0069,0.04
549,150,164.4,499,14,8.8,22,0,326.8,471,1,0.0069,0.04
550,151,164.3,499,14,8.1,21,0,327.6,472,1,0.0069,0.04
551,152,164.3,499,14,8.0,21,0,327.7,472,1,0.0069,0.04
552,153,164.3,499,14,7.5,20,0,328.2,472,1,0.0069,0.04
553,154,164.2,499,14,7.2,18,0,328.6,472,1,0.0069,0.04
554,155,164.1,499,14,6.9,17,0,329.0,473,1,0.0069,0.04
555,156,164.1,499,14,6.5,14,0,329.4,474,1,0.0069,0.04
556,157,164.1,499,14,6.0,13,0,329.9,474,1,0.0069,0.04
557,158,164.0,499,13,6.0,13,0,330.0,474,1,0.0069,0.04
558,159,164.0,499,13,5.6,13,0,330.4,475,1,0.0069,0.04
559,160,164.0,499,13,5.2,12,0,330.8,476,1,0.0069,0.04
560,161,164.0,499,13,5.1,12,0,330.9,476,1,0.0069,0.04
561,162,164.0,499,13,4.8,12,0,331.2,477,1,0.0069,0.04
562,163,164.0,499,13,4.7,12,0,331.3,477,1,0.0069,0.04
563,164,164.0,499,13,4.4,12,0,331.6,479,1,0.0069,0.04
564,165,164.0,499,13,4.3,12,0,331.7,479,1,0.0069,0.04
565,166,164.0,499,13,4.1,11,0,331.9,479,1,0.0069,0.04
566,167,164.0,499,13,3.9,10,0,332.1,479,1,0.0069,0.04
567,168,164.0,499,13,3.6,9,0,332.4,480,1,0.0069,0.04
568,169,164.0,499,13,3.4,9,0,332.6,481,1,0.0069,0.04
569,170,164.0,499,13,3.3,9,0,332.7,482,1,0.0069,0.04
570,171,164.0,499,13,3.3,9,0,332.7,482,1,0.0069,0.04
571,172,163.9,499,13,3.2,9,0,332.9,482,1,0.0069,0.04
572,173,163.9,499,13,3.2,9,0,332.9,482,1,0.0069,0.04
573,174,163.8,499,13,2.9,8,0,333.3,482,1,0.0069,0.04
574,175,163.8,499,13,2.8,8,0,333.4,482,1,0.0069,0.04
575,176,163.8,499,13,2.7,7,0,333.5,482,1,0.0069,0.04
576,177,163.8,499,13,2.7,7,0,333.5,482,1,0.0069,0.04
577,178,163.8,499,13,2.5,6,0,333.7,483,1,0.0069,0.04
578,179,163.8,499,13,2.5,6,0,333.7,483,1,0.0069,0.04
579,180,163.8,499,13,2.4,6,0,333.8,483,1,0.0069,0.04
580,181,163.8,499,13,2.0,6,0,334.2,484,1,0.0069,0.04
581,182,163.8,499,13,2.0,6,0,334.2,484,1,0.0069,0.04
582,183,163.8,499,13,1.8,5,0,334.4,485,1,0.0069,0.04
583,184,163.8,499,13,1.8,5,0,334.4,485,1,0.0069,0.04
584,185,163.8,499,13,1.7,4,0,334.5,485,1,0.0069,0.04
585,186,163.8,499,13,1.7,4,0,334.5,485,1,0.0069,0.04
586,187,163.8,499,13,1.7,4,0,334.5,485,1,0.0069,0.04
587,188,163.7,499,12,1.7,4,0,334.6,485,1,0.0069,0.04
588,189,163.7,499,12,1.6,4,0,334.7,485,1,0.0069,0.04
589,190,163.7,499,12,1.6,4,0,334.7,485,1,0.0069,0.04
590,191,163.7,499,12,1.5,4,0,334.8,485,1,0.0069,0.04
591,192,163.7,499,12,1.4,4,0,334.9,485,1,0.0069,0.04
592,193,163.7,499,12,1.4,4,0,334.9,485,1,0.0069,0.04
593,194,163.6,499,11,1.5,4,0,334.9,485,1,0.0069,0.04
594,195,163.5,499,11,1.6,4,0,334.9,485,1,0.0069,0.04
595,196,163.5,499,11,1.6,4,0,334.9,485,1,0.0069,0.04
596,197,163.5,499,11,1.6,4,0,334.9,485,1,0.0069,0.04
597,198,163.5,499,11,1.5,4,0,335.0,485,1,0.0069,0.04
598,199,163.5,499,11,1.4,4,0,335.1,486,1,0.0069,0.04
599,200,163.5,499,11,1.3,4,0,335.2,486,1,0.0069,0.04
600,1,498.6,499,497,1.4,3,1,0.0,0,0,0.0104,0.04
601,2,497.9,499,495,2.1,5,1,0.0,0,0,0.0104,0.04
602,3,497.5,499,494,2.4,6,1,0.1,1,0,0.0104,0.04
603,4,497.0,499,492,2.9,8,1,0.1,1,0,0.0104,0.04
604,5,496.5,499,491,3.4,9,1,0.1,1,0,0.0104,0.04
605,6,495.4,498,487,4.4,13,2,0.2,1,0,0.0104,0.04
606,7,494.6,498,482,5.0,18,2,0.4,2,0,0.0104,0.04
607,8,493.2,498,474,6.3,25,2,0.5,2,0,0.0104,0.04
608,9,491.7,497,470,7.5,28,3,0.8,4,0,0.0104,0.04
609,10,490.2,497,466,8.5,30,2,1.3,5,0,0.0104,0.04
610,11,488.6,497,463,9.7,32,2,1.7,6,0,0.0104,0.04
611,12,485.5,496,454,12.4,41,3,2.1,6,0,0.0104,0.04
612,13,482.8,496,442,14.4,51,3,2.8,10,0,0.0104,0.04
613,14,479.1,496,424,16.9,63,3,4.0,13,0,0.0104,0.04
614,15,474.8,496,411,20.7,74,3,4.5,15,0,0.0104,0.04
615,16,469.0,495,390,25.3,90,4,5.7,20,0,0.0104,0.04
616,17,463.6,492,373,29.9,106,6,6.5,21,0,0.0104,0.04
617,18,457.2,490,352,34.4,123,7,8.4,25,1,0.0104,0.04
618,19,450.2,488,334,39.5,135,9,10.3,31,2,0.0104,0.04
619,20,442.7,487,313,45.5,149,11,11.8,38,2,0.0104,0.04
620,21,433.3,481,295,52.0,158,15,14.7,47,3,0.0104,0.04
621,22,424.4,477,277,57.5,164,17,18.1,59,5,0.0104,0.04
622,23,415.6,474,262,63.7,172,18,20.7,66,5,0.0104,0.04
623,24,406.4,469,239,69.1,183,21,24.5,78,5,0.0104,0.04
624,25,393.2,459,217,79.2,199,26,27.6,84,7,0.0104,0.04
625,26,380.2,456,192,88.1,216,26,31.7,92,10,0.0104,0.04
626,27,365.7,447,171,98.1,229,33,36.2,100,14,0.0104,0.04
627,28,350.3,437,152,108.1,240,41,41.6,108,17,0.0104,0.04
628,29,332.4,427,133,120.9,249,50,46.7,118,20,0.0104,0.04
629,30,315.1,414,112,132.7,262,57,52.2,126,22,0.0104,0.04
630,31,299.4,404,102,141.7,260,65,58.9,138,26,0.0104,0.04
631,32,281.8,390,88,154.1,268,79,64.1,144,31,0.0104,0.04
632,33,263.1,380,79,165.5,262,85,71.4,159,35,0.0104,0.04
633,34,244.0,358,71,175.2,260,101,80.8,169,37,0.0104,0.04
634,35,227.7,346,66,183.7,255,109,88.6,179,45,0.0104,0.04
635,36,208.6,326,51,194.0,260,124,97.4,189,50,0.0104,0.04
636,37,191.4,307,45,202.9,254,138,105.7,208,55,0.0104,0.04
637,38,173.9,287,43,211.3,263,147,114.8,213,66,0.0104,0.04
638,39,157.8,265,40,216.6,263,162,125.6,222,73,0.0104,0.04
639,40,142.3,241,36,222.5,265,179,135.2,235,80,0.0104,0.04
640,41,126.9,222,34,228.4,263,192,144.7,244,86,0.0104,0.04
641,42,113.4,198,32,232.4,262,207,154.2,250,94,0.0104,0.04
642,43,102.9,183,27,233.8,260,215,163.3,258,99,0.0104,0.04
643,44,92.4,169,26,233.3,259,207,174.3,267,105,0.0104,0.04
644,45,83.5,159,25,232.6,261,201,183.9,274,112,0.0104,0.04
645,46,74.7,136,21,231.2,259,195,194.1,283,119,0.0104,0.04
646,47,66.7,118,18,229.7,257,186,203.6,296,125,0.0104,0.04
647,48,59.6,101,18,227.1,259,176,213.3,306,142,0.0104,0.04
648,49,53.5,90,17,225.1,262,171,221.4,312,148,0.0104,0.04
649,50,47.9,82,17,220.4,267,161,231.7,322,160,0.0104,0.04
650,51,41.9,67,16,217.8,272,158,240.3,326,168,0.0104,0.04
651,52,38.3,61,13,212.3,275,154,249.4,333,173,0.0104,0.04
652,53,34.7,53,13,209.4,276,150,255.9,337,179,0.0104,0.04
653,54,31.6,49,12,203.0,269,143,265.4,345,193,0.0104,0.04
654,55,28.6,45,10,198.5,264,143,272.9,347,203,0.0104,0.04
655,56,26.1,42,9,194.5,258,138,279.4,353,211,0.0104,0.04
656,57,23.5,39,8,188.8,252,131,287.7,361,221,0.0104,0.04
657,58,21.0,35,7,184.2,246,126,294.8,367,232,0.0104,0.04
658,59,19.7,34,7,177.7,238,121,302.6,372,243,0.0104,0.04
659,60,18.0,34,6,170.9,226,119,311.1,375,257,0.0104,0.04
660,61,16.9,30,6,165.4,221,112,317.7,382,264,0.0104,0.04
661,62,15.7,29,5,159.6,212,109,324.7,386,275,0.0104,0.04
662,63,14.9,28,5,154.7,205,107,330.4,388,283,0.0104,0.04
663,64,13.5,24,4,149.9,202,103,336.6,393,287,0.0104,0.04
664,65,12.5,23,4,144.0,195,103,343.5,393,294,0.0104,0.04
665,66,11.6,23,4,138.3,188,102,350.1,394,301,0.0104,0.04
666,67,11.0,23,4,134.1,187,98,354.9,398,304,0.0104,0.04
667,68,10.6,23,4,130.1,182,94,359.3,402,309,0.0104,0.04
668,69,10.2,23,4,125.1,173,89,364.7,407,319,0.0104,0.04
669,70,9.5,22,3,120.5,169,84,370.0,413,326,0.0104,0.04
670,71,9.3,22,3,116.4,165,80,374.3,417,330,0.0104,0.04
671,72,9.0,21,3,111.7,154,75,379.3,422,341,0.0104,0.04
672,73,8.2,19,3,109.1,148,75,382.7,422,347,0.0104,0.04
673,74,7.9,18,3,105.0,145,63,387.1,434,350,0.0104,0.04
674,75,7.6,16,3,101.2,140,60,391.2,437,355,0.0104,0.04
675,76,7.4,15,3,98.2,136,58,394.4,439,359,0.0104,0.04
676,77,7.2,14,3,94.8,133,54,398.0,443,362,0.0104,0.04
677,78,7.2,14,3,90.9,130,52,401.9,445,365,0.0104,0.04
678,79,6.9,14,3,86.5,121,50,406.6,447,374,0.0104,0.04
679,80,6.9,14,3,82.8,117,48,410.3,449,378,0.0104,0.04
680,81,6.9,14,3,80.0,113,47,413.1,450,382,0.0104,0.04
681,82,6.9,14,3,76.5,110,43,416.6,454,385,0.0104,0.04
682,83,6.8,14,3,74.1,107,42,419.1,455,388,0.0104,0.04
683,84,6.7,14,3,72.0,104,41,421.3,456,391,0.0104,0.04
684,85,6.5,13,3,69.0,98,38,424.5,459,397,0.0104,0.04
685,86,6.5,13,3,66.2,95,35,427.3,462,400,0.0104,0.04
686,87,6.1,10,3,64.9,91,34,429.0,463,404,0.0104,0.04
687,88,6.0,10,3,62.2,90,31,431.8,466,406,0.0104,0.04
688,89,5.7,9,3,59.9,88,30,434.4,467,408,0.0104,0.04
689,90,5.5,9,3,57.9,84,30,436.6,467,412,0.0104,0.04
690,91,5.5,9,3,56.2,79,28,438.3,469,417,0.0104,0.04
691,92,5.4,8,3,53.9,78,26,440.7,471,418,0.0104,0.04
692,93,5.2,8,3,51.9,78,25,442.9,472,418,0.0104,0.04
693,94,5.0,8,3,50.0,76,24,445.0,473,420,0.0104,0.04
694,95,5.0,8,3,47.8,73,24,447.2,473,423,0.0104,0.04
695,96,5.0,8,3,45.8,70,23,449.2,474,426,0.0104,0.04
696,97,4.9,8,3,44.2,66,22,450.9,475,430,0.0104,0.04
697,98,4.9,8,3,42.3,61,22,452.8,475,435,0.0104,0.04
698,99,4.9,8,3,41.1,60,22,454.0,475,436,0.0104,0.04
699,100,4.8,8,3,39.8,57,21,455.4,476,439,0.0104,0.04
700,101,4.6,8,3,37.5,53,21,457.9,476,444,0.0104,0.04
701,102,4.5,8,3,36.1,51,21,459.4,476,446,0.0104,0.04
702,103,4.5,8,3,34.6,50,20,460.9,477,447,0.0104,0.04
703,104,4.5,8,3,33.0,48,19,462.5,478,449,0.0104,0.04
704,105,4.5,8,3,31.9,47,18,463.6,479,450,0.0104,0.04
705,106,4.4,8,3,30.9,45,16,464.7,481,452,0.0104,0.04
706,107,4.4,8,3,29.2,40,16,466.4,481,457,0.0104,0.04
707,108,4.4,8,3,27.6,37,16,468.0,481,460,0.0104,0.04
708,109,4.4,8,3,26.7,36,16,468.9,481,461,0.0104,0.04
709,110,4.4,8,3,25.6,36,16,470.0,481,461,0.0104,0.04
710,111,4.4,8,3,24.0,36,15,471.6,482,461,0.0104,0.04
711,112,4.3,8,3,22.9,33,15,472.8,482,464,0.0104,0.04
712,113,4.3,8,3,22.3,31,15,473.4,482,466,0.0104,0.04
713,114,4.2,8,2,21.8,30,16,474.0,482,467,0.0104,0.04
714,115,4.2,8,2,21.2,28,15,474.6,483,469,0.0104,0.04
715,116,4.2,8,2,20.3,27,15,475.5,483,469,0.0104,0.04
716,117,4.1,8,2,19.4,25,15,476.5,483,472,0.0104,0.04
717,118,4.1,8,2,18.6,25,13,477.3,485,472,0.0104,0.04
718,119,4.1,8,2,18.1,24,13,477.8,485,473,0.0104,0.04
719,120,4.1,8,2,17.1,23,11,478.8,487,474,0.0104,0.04
720,121,3.9,7,2,16.8,23,11,479.3,487,474,0.0104,0.04
721,122,3.9,7,2,16.3,23,11,479.8,487,474,0.0104,0.04
722,123,3.9,7,2,15.7,22,11,480.4,487,475,0.0104,0.04
723,124,3.9,7,2,14.9,22,11,481.2,487,475,0.0104,0.04
724,125,3.9,7,2,14.2,20,10,481.9,487,477,0.0104,0.04
725,126,3.9,7,2,13.7,20,9,482.4,489,477,0.0104,0.04
726,127,3.9,7,2,13.1,19,9,483.0,489,478,0.0104,0.04
727,128,3.8,6,2,12.9,19,9,483.3,489,478,0.0104,0.04
728,129,3.8,6,2,12.5,19,9,483.7,489,478,0.0104,0.04
729,130,3.8,6,2,12.3,19,9,483.9,489,478,0.0104,0.04
730,131,3.8,6,2,11.8,18,7,484.4,491,479,0.0104,0.04
731,132,3.8,6,2,11.5,16,6,484.7,492,481,0.0104,0.04
732,133,3.8,6,2,11.0,15,4,485.2,494,482,0.0104,0.04
733,134,3.8,6,2,10.3,13,4,485.9,494,483,0.0104,0.04
734,135,3.8,6,2,9.9,13,4,486.3,494,484,0.0104,0.04
735,136,3.8,6,2,9.6,13,4,486.6,494,484,0.0104,0.04
736,137,3.8,6,2,8.9,13,1,487.3,497,484,0.0104,0.04
737,138,3.8,6,2,8.5,13,1,487.7,497,484,0.0104,0.04
738,139,3.7,6,2,8.3,12,1,488.0,497,484,0.0104,0.04
739,140,3.7,6,2,8.1,12,1,488.2,497,484,0.0104,0.04
740,141,3.7,6,2,7.8,12,1,488.5,497,484,0.0104,0.04
741,142,3.7,6,2,7.6,12,1,488.7,497,484,0.0104,0.04
742,143,3.6,6,2,7.5,12,1,488.9,497,484,0.0104,0.04
743,144,3.6,6,2,7.3,12,0,489.1,498,484,0.0104,0.04
744,145,3.6,6,2,6.8,11,0,489.6,498,486,0.0104,0.04
745,146,3.6,6,2,6.6,11,0,489.8,498,486,0.0104,0.04
746,147,3.6,6,2,6.5,11,0,489.9,498,486,0.0104,0.04
747,148,3.6,6,2,5.9,10,0,490.5,498,486,0.0104,0.04
748,149,3.6,6,2,5.2,10,0,491.2,498,487,0.0104,0.04
749,150,3.6,6,2,5.0,9,0,491.4,498,488,0.0104,0.04
750,151,3.6,6,2,4.9,9,0,491.5,498,488,0.0104,0.04
751,152,3.6,6,2,4.8,9,0,491.6,498,488,0.0104,0.04
752,153,3.6,6,2,4.6,9,0,491.8,498,488,0.0104,0.04
753,154,3.5,6,2,4.4,9,0,492.1,498,488,0.0104,0.04
754,155,3.5,6,2,4.2,8,0,492.3,498,489,0.0104,0.04
755,156,3.5,6,2,4.1,8,0,492.4,498,489,0.0104,0.04
756,157,3.5,6,2,4.1,8,0,492.4,498,489,0.0104,0.04
757,158,3.5,6,2,3.9,8,0,492.6,498,489,0.0104,0.04
758,159,3.5,6,2,3.9,8,0,492.6,498,489,0.0104,0.04
759,160,3.5,6,2,3.9,8,0,492.6,498,489,0.0104,0.04
760,161,3.5,6,2,3.7,8,0,492.8,498,489,0.0104,0.04
761,162,3.5,6,2,3.6,7,0,492.9,498,490,0.0104,0.04
762,163,3.5,6,2,3.4,7,0,493.1,498,490,0.0104,0.04
763,164,3.5,6,2,3.4,7,0,493.1,498,490,0.0104,0.04
764,165,3.5,6,2,3.3,7,0,493.2,498,490,0.0104,0.04
765,166,3.5,6,2,3.2,7,0,493.3,498,490,0.0104,0.04
766,167,3.5,6,2,3.0,7,0,493.5,498,490,0.0104,0.04
767,168,3.5,6,2,2.9,7,0,493.6,498,490,0.0104,0.04
768,169,3.5,6,2,2.8,6,0,493.7,498,491,0.0104,0.04
769,170,3.5,6,2,2.8,6,0,493.7,498,491,0.0104,0.04
770,171,3.5,6,2,2.6,6,0,493.9,498,491,0.0104,0.04
771,172,3.5,6,2,2.4,5,0,494.1,498,491,0.0104,0.04
772,173,3.5,6,2,2.3,5,0,494.2,498,491,0.0104,0.04
773,174,3.5,6,2,2.2,5,0,494.3,498,491,0.0104,0.04
774,175,3.5,6,2,2.1,5,0,494.4,498,491,0.0104,0.04
775,176,3.5,6,2,2.1,5,0,494.4,498,491,0.0104,0.04
776,177,3.5,6,2,2.1,5,0,494.4,498,491,0.0104,0.04
777,178,3.5,6,2,1.8,5,0,494.7,498,491,0.0104,0.04
778,179,3.5,6,2,1.8,5,0,494.7,498,491,0.0104,0.04
779,180,3.5,6,2,1.7,5,0,494.8,498,491,0.0104,0.04
780,181,3.5,6,2,1.4,5,0,495.1,498,492,0.0104,0.04
781,182,3.5,6,2,1.3,5,0,495.2,498,492,0.0104,0.04
782,183,3.5,6,2,1.3,5,0,495.2,498,492,0.0104,0.04
783,184,3.5,6,2,1.3,5,0,495.2,498,492,0.0104,0.04
784,185,3.5,6,2,1.3,5,0,495.2,498,492,0.0104,0.04
785,186,3.5,6,2,1.3,5,0,495.2,498,492,0.0104,0.04
786,187,3.5,6,2,1.2,4,0,495.3,498,493,0.0104,0.04
787,188,3.5,6,2,1.0,3,0,495.5,498,494,0.0104,0.04
788,189,3.5,6,2,1.0,3,0,495.5,498,494,0.0104,0.04
789,190,3.5,6,2,0.9,3,0,495.6,498,494,0.0104,0.04
790,191,3.5,6,2,0.7,2,0,495.8,498,494,0.0104,0.04
791,192,3.5,6,2,0.7,2,0,495.8,498,494,0.0104,0.04
792,193,3.5,6,2,0.5,2,0,496.0,498,494,0.0104,0.04
793,194,3.5,6,2,0.4,2,0,496.1,498,494,0.0104,0.04
794,195,3.5,6,2,0.4,2,0,496.1,498,494,0.0104,0.04
795,196,3.5,6,2,0.4,2,0,496.1,498,494,0.0104,0.04
796,197,3.5,6,2,0.4,2,0,496.1,498,494,0.0104,0.04
797,198,3.5,6,2,0.4,2,0,496.1,498,494,0.0104,0.04
798,199,3.5,6,2,0.4,2,0,496.1,498,494,0.0104,0.04
799,200,3.5,6,2,0.2,2,0,496.3,498,494,0.0104,0.04
800,1,498.7,499,498,1.3,2,1,0.0,0,0,0.0138,0.04
801,2,498.4,499,497,1.5,3,1,0.1,1,0,0.0138,0.04
802,3,498.1,499,495,1.6,4,1,0.3,1,0,0.0138,0.04
803,4,498.0,499,495,1.7,4,1,0.3,1,0,0.0138,0.04
804,5,497.6,499,495,2.1,4,1,0.3,1,0,0.0138,0.04
805,6,497.3,499,494,2.4,6,1,0.3,1,0,0.0138,0.04
806,7,496.6,499,492,3.1,8,1,0.3,1,0,0.0138,0.04
807,8,495.6,499,488,4.0,12,1,0.4,1,0,0.0138,0.04
808,9,494.0,498,484,5.5,16,1,0.5,1,0,0.0138,0.04
809,10,492.5,498,481,6.6,17,1,0.9,2,0,0.0138,0.04
810,11,491.3,498,477,7.5,20,1,1.2,3,0,0.0138,0.04
811,12,489.1,498,474,9.2,22,1,1.7,4,0,0.0138,0.04
812,13,485.9,498,466,12.0,30,1,2.1,4,1,0.0138,0.04
813,14,481.2,497,453,15.9,40,2,2.9,7,1,0.0138,0.04
814,15,475.5,496,439,21.2,52,3,3.3,9,1,0.0138,0.04
815,16,469.3,495,427,26.2,63,4,4.5,10,1,0.0138,0.04
816,17,462.9,495,412,30.6,73,4,6.5,15,1,0.0138,0.04
817,18,454.3,495,396,37.9,88,4,7.8,20,1,0.0138,0.04
818,19,444.8,494,377,45.0,102,4,10.2,26,2,0.0138,0.04
819,20,431.7,492,350,56.1,126,5,12.2,33,3,0.0138,0.04
820,21,416.8,492,327,68.1,143,5,15.1,39,3,0.0138,0.04
821,22,399.6,491,297,81.5,166,5,18.9,42,4,0.0138,0.04
822,23,380.9,491,258,95.7,195,5,23.4,50,4,0.0138,0.04
823,24,364.2,490,225,107.2,217,5,28.6,60,5,0.0138,0.04
824,25,342.7,488,194,123.0,237,6,34.3,71,6,0.0138,0.04
825,26,320.3,484,172,139.1,252,10,40.6,80,6,0.0138,0.04
826,27,296.7,479,144,157.5,273,14,45.8,89,7,0.0138,0.04
827,28,275.3,478,120,171.9,284,14,52.8,98,8,0.0138,0.04
828,29,253.5,473,98,186.9,297,19,59.6,113,8,0.0138,0.04
829,30,229.6,471,81,202.8,304,18,67.6,125,11,0.0138,0.04
830,31,206.0,465,68,217.2,302,23,76.8,130,12,0.0138,0.04
831,32,185.2,457,55,228.3,306,31,86.5,143,12,0.0138,0.04
832,33,168.9,446,49,235.0,300,38,96.1,151,16,0.0138,0.04
833,34,150.7,434,34,242.8,297,47,106.5,169,19,0.0138,0.04
834,35,134.5,419,31,249.6,297,58,115.9,184,23,0.0138,0.04
835,36,119.2,402,28,253.1,290,73,127.7,198,25,0.0138,0.04
836,37,105.9,383,22,255.3,295,85,138.8,212,32,0.0138,0.04
837,38,94.4,363,15,255.8,293,101,149.8,225,36,0.0138,0.04
838,39,83.4,335,13,255.9,291,123,160.7,237,42,0.0138,0.04
839,40,73.6,308,11,255.0,289,148,171.4,249,44,0.0138,0.04
840,41,63.9,273,10,254.2,287,182,181.9,258,45,0.0138,0.04
841,42,56.3,245,9,252.5,286,207,191.2,267,48,0.0138,0.04
842,43,47.8,208,6,249.5,284,219,202.7,275,57,0.0138,0.04
843,44,40.9,176,6,246.6,282,207,212.5,287,67,0.0138,0.04
844,45,34.4,146,6,242.7,283,201,222.9,293,80,0.0138,0.04
845,46,29.1,124,5,235.5,282,197,235.4,298,94,0.0138,0.04
846,47,25.5,109,5,230.4,286,184,244.1,311,105,0.0138,0.04
847,48,23.2,97,4,224.4,286,181,252.4,315,117,0.0138,0.04
848,49,20.5,84,2,218.5,284,177,261.0,321,132,0.0138,0.04
849,50,18.5,77,2,211.7,280,171,269.8,327,143,0.0138,0.04
850,51,16.1,63,2,205.2,281,166,278.7,330,156,0.0138,0.04
851,52,13.5,53,2,198.3,274,161,288.2,337,173,0.0138,0.04
852,53,12.2,47,1,190.9,267,154,296.9,345,186,0.0138,0.04
853,54,10.9,42,1,185.6,261,149,303.5,349,197,0.0138,0.04
854,55,9.5,36,0,180.7,254,142,309.8,352,210,0.0138,0.04
855,56,8.2,29,0,175.5,253,140,316.3,355,218,0.0138,0.04
856,57,7.6,26,0,168.8,244,136,323.6,363,230,0.0138,0.04
857,58,7.4,25,0,161.0,235,127,331.6,373,240,0.0138,0.04
858,59,6.7,23,0,155.9,230,124,337.4,376,247,0.0138,0.04
859,60,6.2,19,0,148.2,228,114,345.6,384,253,0.0138,0.04
860,61,5.4,17,0,142.7,220,110,351.9,386,263,0.0138,0.04
861,62,4.8,13,0,138.0,212,108,357.2,390,275,0.0138,0.04
862,63,4.4,12,0,133.6,203,104,362.0,396,285,0.0138,0.04
863,64,4.2,10,0,127.2,196,99,368.6,401,294,0.0138,0.04
864,65,3.9,8,0,122.7,191,96,373.4,404,301,0.0138,0.04
865,66,3.6,8,0,119.2,184,93,377.2,406,308,0.0138,0.04
866,67,3.4,7,0,113.7,174,88,382.9,411,319,0.0138,0.04
867,68,3.3,6,0,109.1,163,85,387.6,412,331,0.0138,0.04
868,69,3.1,5,0,104.9,161,79,392.0,420,334,0.0138,0.04
869,70,2.9,4,0,101.7,158,76,395.4,421,339,0.0138,0.04
870,71,2.8,4,0,96.5,152,72,400.7,427,345,0.0138,0.04
871,72,2.5,4,0,93.0,144,69,404.5,429,353,0.0138,0.04
872,73,2.4,4,0,89.6,140,67,408.0,432,357,0.0138,0.04
873,74,2.2,4,0,86.4,138,65,411.4,434,360,0.0138,0.04
874,75,2.2,4,0,82.5,133,60,415.3,438,365,0.0138,0.04
875,76,2.1,4,0,78.5,126,57,419.4,442,372,0.0138,0.04
876,77,1.9,4,0,76.1,122,55,422.0,444,377,0.0138,0.04
877,78,1.9,4,0,72.6,116,53,425.5,446,383,0.0138,0.04
878,79,1.9,4,0,70.5,113,52,427.6,447,386,0.0138,0.04
879,80,1.8,4,0,68.4,109,50,429.8,449,390,0.0138,0.04
880,81,1.8,4,0,66.1,108,48,432.1,451,391,0.0138,0.04
881,82,1.8,4,0,62.5,105,42,435.7,457,394,0.0138,0.04
882,83,1.8,4,0,59.5,100,40,438.7,459,399,0.0138,0.04
883,84,1.8,4,0,57.0,97,38,441.2,461,402,0.0138,0.04
884,85,1.6,4,0,55.3,93,36,443.1,463,406,0.0138,0.04
885,86,1.6,4,0,52.9,88,33,445.5,466,411,0.0138,0.04
886,87,1.6,4,0,51.1,85,32,447.3,467,414,0.0138,0.04
887,88,1.5,3,0,48.8,84,30,449.7,469,415,0.0138,0.04
888,89,1.4,3,0,46.4,80,28,452.2,471,419,0.0138,0.04
889,90,1.4,3,0,44.6,73,28,454.0,471,426,0.0138,0.04
890,91,1.4,3,0,42.7,69,27,455.9,472,430,0.0138,0.04
891,92,1.4,3,0,40.8,63,26,457.8,473,436,0.0138,0.04
892,93,1.3,3,0,38.7,60,25,460.0,474,439,0.0138,0.04
893,94,1.3,3,0,36.8,56,25,461.9,474,443,0.0138,0.04
894,95,1.3,3,0,35.2,54,23,463.5,475,445,0.0138,0.04
895,96,1.3,3,0,33.6,51,21,465.1,477,448,0.0138,0.04
896,97,1.3,3,0,32.4,49,21,466.3,478,450,0.0138,0.04
897,98,1.3,3,0,30.9,44,20,467.8,479,455,0.0138,0.04
898,99,1.3,3,0,29.9,43,18,468.8,480,456,0.0138,0.04
899,100,1.3,3,0,28.9,42,18,469.8,480,457,0.0138,0.04
900,101,1.3,3,0,28.0,40,18,470.7,480,459,0.0138,0.04
901,102,1.3,3,0,26.6,39,17,472.1,481,461,0.0138,0.04
902,103,1.2,3,0,25.6,38,16,473.2,482,462,0.0138,0.04
903,104,1.2,3,0,24.7,36,16,474.1,482,464,0.0138,0.04
904,105,1.1,3,0,23.9,35,16,475.0,483,465,0.0138,0.04
905,106,1.1,3,0,22.4,33,14,476.5,485,467,0.0138,0.04
906,107,1.1,3,0,21.8,31,13,477.1,486,467,0.0138,0.04
907,108,1.1,3,0,20.4,28,12,478.5,488,469,0.0138,0.04
908,109,1.1,3,0,19.5,26,11,479.4,488,471,0.0138,0.04
909,110,1.1,3,0,19.1,26,11,479.8,488,471,0.0138,0.04
910,111,1.1,3,0,18.5,25,11,480.4,488,472,0.0138,0.04
911,112,1.1,3,0,17.6,24,11,481.3,488,473,0.0138,0.04
912,113,1.0,3,0,17.2,23,11,481.8,489,475,0.0138,0.04
913,114,1.0,3,0,16.8,22,11,482.2,489,475,0.0138,0.04
914,115,1.0,3,0,16.1,22,10,482.9,490,475,0.0138,0.04
915,116,1.0,3,0,15.1,21,10,483.9,490,476,0.0138,0.04
916,117,1.0,3,0,14.7,21,10,484.3,490,476,0.0138,0.04
917,118,1.0,3,0,14.2,21,9,484.8,491,476,0.0138,0.04
918,119,1.0,3,0,13.7,20,9,485.3,491,477,0.0138,0.04
919,120,1.0,3,0,13.5,20,8,485.5,491,477,0.0138,0.04
920,121,1.0,3,0,12.5,19,7,486.5,493,478,0.0138,0.04
921,122,1.0,3,0,12.0,19,7,487.0,493,478,0.0138,0.04
922,123,1.0,3,0,11.8,18,7,487.2,493,479,0.0138,0.04
923,124,1.0,3,0,11.4,18,6,487.6,493,479,0.0138,0.04
924,125,1.0,3,0,11.0,17,5,488.0,493,480,0.0138,0.04
925,126,1.0,3,0,10.6,17,5,488.4,493,480,0.0138,0.04
926,127,1.0,3,0,10.2,16,5,488.8,495,481,0.0138,0.04
927,128,1.0,3,0,10.0,16,5,489.0,495,481,0.0138,0.04
928,129,1.0,3,0,9.3,16,5,489.7,495,481,0.0138,0.04
929,130,1.0,3,0,8.5,16,5,490.5,495,481,0.0138,0.04
930,131,1.0,3,0,8.2,14,5,490.8,495,483,0.0138,0.04
931,132,1.0,3,0,8.0,14,5,491.0,495,483,0.0138,0.04
932,133,1.0,3,0,7.9,14,5,491.1,495,483,0.0138,0.04
933,134,1.0,3,0,7.2,13,4,491.8,495,484,0.0138,0.04
934,135,1.0,3,0,6.8,13,3,492.2,496,484,0.0138,0.04
935,136,1.0,3,0,6.4,12,3,492.6,496,485,0.0138,0.04
936,137,1.0,3,0,6.3,12,3,492.7,497,485,0.0138,0.04
937,138,1.0,3,0,6.2,12,3,492.8,497,485,0.0138,0.04
938,139,1.0,3,0,5.9,12,3,493.1,497,485,0.0138,0.04
939,140,1.0,3,0,5.5,12,3,493.5,497,485,0.0138,0.04
940,141,1.0,3,0,5.4,12,3,493.6,497,485,0.0138,0.04
941,142,1.0,3,0,5.2,12,3,493.8,497,485,0.0138,0.04
942,143,1.0,3,0,4.9,11,2,494.1,497,486,0.0138,0.04
943,144,1.0,3,0,4.9,11,2,494.1,497,486,0.0138,0.04
944,145,1.0,3,0,4.9,11,2,494.1,497,486,0.0138,0.04
945,146,1.0,3,0,4.8,10,2,494.2,497,487,0.0138,0.04
946,147,1.0,3,0,4.7,10,2,494.3,498,487,0.0138,0.04
947,148,1.0,3,0,4.6,10,2,494.4,498,487,0.0138,0.04
948,149,1.0,3,0,4.4,10,2,494.6,498,487,0.0138,0.04
949,150,1.0,3,0,4.1,9,2,494.9,498,488,0.0138,0.04
950,151,1.0,3,0,4.1,9,2,494.9,498,488,0.0138,0.04
951,152,1.0,3,0,3.9,9,1,495.1,498,488,0.0138,0.04
952,153,1.0,3,0,3.9,9,1,495.1,498,488,0.0138,0.04
953,154,1.0,3,0,3.6,9,1,495.4,498,488,0.0138,0.04
954,155,1.0,3,0,3.3,9,1,495.7,498,488,0.0138,0.04
955,156,1.0,3,0,3.0,8,1,496.0,498,489,0.0138,0.04
956,157,1.0,3,0,2.8,7,1,496.2,498,490,0.0138,0.04
957,158,1.0,3,0,2.6,7,1,496.4,498,490,0.0138,0.04
958,159,1.0,3,0,2.4,7,0,496.6,499,490,0.0138,0.04
959,160,1.0,3,0,2.4,7,0,496.6,499,490,0.0138,0.04
960,161,1.0,3,0,2.2,5,0,496.8,499,492,0.0138,0.04
961,162,1.0,3,0,2.1,4,0,496.9,499,493,0.0138,0.04
962,163,1.0,3,0,2.1,4,0,496.9,499,493,0.0138,0.04
963,164,1.0,3,0,2.0,4,0,497.0,499,493,0.0138,0.04
964,165,1.0,3,0,2.0,4,0,497.0,499,493,0.0138,0.04
965,166,1.0,3,0,2.0,4,0,497.0,499,493,0.0138,0.04
966,167,1.0,3,0,1.8,4,0,497.2,499,493,0.0138,0.04
967,168,1.0,3,0,1.6,3,0,497.4,499,494,0.0138,0.04
968,169,1.0,3,0,1.5,3,0,497.5,499,494,0.0138,0.04
969,170,1.0,3,0,1.4,3,0,497.6,499,494,0.0138,0.04
970,171,1.0,3,0,1.4,3,0,497.6,499,494,0.0138,0.04
971,172,1.0,3,0,1.4,3,0,497.6,499,494,0.0138,0.04
972,173,1.0,3,0,1.4,3,0,497.6,499,494,0.0138,0.04
973,174,1.0,3,0,1.3,3,0,497.7,499,494,0.0138,0.04
974,175,1.0,3,0,1.3,3,0,497.7,499,494,0.0138,0.04
975,176,1.0,3,0,1.2,3,0,497.8,500,494,0.0138,0.04
976,177,1.0,3,0,1.2,3,0,497.8,500,494,0.0138,0.04
977,178,1.0,3,0,1.1,3,0,497.9,500,494,0.0138,0.04
978,179,1.0,3,0,1.1,3,0,497.9,500,494,0.0138,0.04
979,180,1.0,3,0,1.0,3,0,498.0,500,494,0.0138,0.04
980,181,1.0,3,0,1.0,3,0,498.0,500,494,0.0138,0.04
981,182,1.0,3,0,1.0,3,0,498.0,500,494,0.0138,0.04
982,183,1.0,3,0,0.8,2,0,498.2,500,495,0.0138,0.04
983,184,1.0,3,0,0.8,2,0,498.2,500,495,0.0138,0.04
984,185,1.0,3,0,0.8,2,0,498.2,500,495,0.0138,0.04
985,186,1.0,3,0,0.8,2,0,498.2,500,495,0.0138,0.04
986,187,1.0,3,0,0.8,2,0,498.2,500,495,0.0138,0.04
987,188,1.0,3,0,0.8,2,0,498.2,500,495,0.0138,0.04
988,189,1.0,3,0,0.7,2,0,498.3,500,495,0.0138,0.04
989,190,1.0,3,0,0.7,2,0,498.3,500,495,0.0138,0.04
990,191,1.0,3,0,0.5,2,0,498.5,500,496,0.0138,0.04
991,192,1.0,3,0,0.5,2,0,498.5,500,496,0.0138,0.04
992,193,1.0,3,0,0.5,2,0,498.5,500,496,0.0138,0.04
993,194,1.0,3,0,0.3,1,0,498.7,500,497,0.0138,0.04
994,195,1.0,3,0,0.3,1,0,498.7,500,497,0.0138,0.04
995,196,1.0,3,0,0.3,1,0,498.7,500,497,0.0138,0.04
996,197,1.0,3,0,0.3,1,0,498.7,500,497,0.0138,0.04
997,198,1.0,3,0,0.3,1,0,498.7,500,497,0.0138,0.04
998,199,1.0,3,0,0.3,1,0,498.7,500,497,0.0138,0.04
999,200,1.0,3,0,0.3,1,0,498.7,500,497,0.0138,0.04
1000,1,498.4,499,497,1.6,3,1,0.0,0,0,0.0172,0.04
1001,2,497.8,499,495,2.2,5,1,0.0,0,0,0.0172,0.04
1002,3,496.9,499,493,3.0,7,1,0.1,1,0,0.0172,0.04
1003,4,494.9,499,489,4.7,11,1,0.4,2,0,0.0172,0.04
1004,5,493.0,499,485,6.5,13,1,0.5,3,0,0.0172,0.04
1005,6,490.2,498,478,8.4,17,2,1.4,5,0,0.0172,0.04
1006,7,487.8,498,470,10.7,25,2,1.5,5,0,0.0172,0.04
1007,8,484.0,497,459,13.9,35,3,2.1,6,0,0.0172,0.04
1008,9,479.2,497,443,17.9,49,3,2.9,8,0,0.0172,0.04
1009,10,473.0,496,430,23.1,61,4,3.9,9,0,0.0172,0.04
1010,11,464.7,494,408,29.8,80,6,5.5,12,0,0.0172,0.04
1011,12,453.4,491,381,39.5,103,9,7.1,16,0,0.0172,0.04
1012,13,441.9,489,355,49.3,124,10,8.8,21,1,0.0172,0.04
1013,14,430.3,489,328,57.7,142,9,12.0,30,1,0.0172,0.04
1014,15,414.6,486,296,69.8,168,11,15.6,36,2,0.0172,0.04
1015,16,395.0,479,258,85.5,194,17,19.5,48,3,0.0172,0.04
1016,17,370.3,470,226,106.3,217,25,23.4,57,3,0.0172,0.04
1017,18,345.0,463,191,125.5,240,30,29.5,69,4,0.0172,0.04
1018,19,316.5,451,152,148.2,274,41,35.3,74,7,0.0172,0.04
1019,20,286.0,427,120,172.1,296,64,41.9,84,9,0.0172,0.04
1020,21,254.1,397,94,195.2,305,89,50.7,101,12,0.0172,0.04
1021,22,224.8,365,76,215.4,312,113,59.8,112,20,0.0172,0.04
1022,23,196.3,337,63,233.2,319,132,70.5,124,26,0.0172,0.04
1023,24,166.5,306,43,253.3,326,155,80.2,137,30,0.0172,0.04
1024,25,139.1,270,31,269.1,321,184,91.8,156,41,0.0172,0.04
1025,26,115.1,232,26,281.2,328,213,103.7,168,47,0.0172,0.04
1026,27,93.1,210,15,291.9,336,235,115.0,186,55,0.0172,0.04
1027,28,73.6,168,11,298.5,335,266,127.9,202,63,0.0172,0.04
1028,29,60.5,140,9,299.3,337,278,140.2,213,75,0.0172,0.04
1029,30,46.7,108,9,301.0,333,268,152.3,223,90,0.0172,0.04
1030,31,37.1,89,4,299.5,330,262,163.4,234,101,0.0172,0.04
1031,32,29.6,70,4,294.8,327,249,175.6,247,116,0.0172,0.04
1032,33,24.4,60,2,288.4,322,236,187.2,262,131,0.0172,0.04
1033,34,19.3,43,2,282.5,316,229,198.2,269,145,0.0172,0.04
1034,35,16.0,37,2,275.5,312,223,208.5,275,156,0.0172,0.04
1035,36,14.0,35,1,266.0,303,212,220.0,287,167,0.0172,0.04
1036,37,11.0,29,1,258.3,293,202,230.7,297,185,0.0172,0.04
1037,38,8.9,24,0,249.8,290,197,241.3,302,191,0.0172,0.04
1038,39,7.0,19,0,243.3,286,193,249.7,306,200,0.0172,0.04
1039,40,6.0,16,0,235.6,269,189,258.4,310,218,0.0172,0.04
1040,41,5.0,13,0,226.1,262,180,268.9,319,226,0.0172,0.04
1041,42,4.4,12,0,217.8,251,169,277.8,330,238,0.0172,0.04
1042,43,3.6,10,0,209.8,239,165,286.6,334,252,0.0172,0.04
1043,44,3.1,9,0,200.4,231,156,296.5,343,262,0.0172,0.04
1044,45,2.4,7,0,192.5,224,152,305.1,347,271,0.0172,0.04
1045,46,2.2,7,0,184.9,215,149,312.9,350,280,0.0172,0.04
1046,47,1.9,7,0,178.5,211,143,319.6,356,286,0.0172,0.04
1047,48,1.6,7,0,171.3,201,137,327.1,362,296,0.0172,0.04
1048,49,1.6,7,0,165.0,194,134,333.4,365,304,0.0172,0.04
1049,50,1.5,6,0,159.1,189,128,339.4,371,308,0.0172,0.04
1050,51,1.4,5,0,152.8,185,123,345.8,376,310,0.0172,0.04
1051,52,1.4,5,0,147.4,179,117,351.2,382,316,0.0172,0.04
1052,53,1.4,5,0,141.8,170,113,356.8,386,325,0.0172,0.04
1053,54,1.3,4,0,135.7,164,109,363.0,390,332,0.0172,0.04
1054,55,1.3,4,0,129.7,161,101,369.0,398,335,0.0172,0.04
1055,56,1.2,4,0,124.3,158,96,374.5,403,338,0.0172,0.04
1056,57,1.2,4,0,119.3,151,91,379.5,408,345,0.0172,0.04
1057,58,1.1,4,0,116.0,146,88,382.9,411,351,0.0172,0.04
1058,59,1.0,4,0,112.0,143,88,387.0,412,354,0.0172,0.04
1059,60,0.9,3,0,108.1,138,83,391.0,417,359,0.0172,0.04
1060,61,0.9,3,0,104.5,134,82,394.6,418,363,0.0172,0.04
1061,62,0.9,3,0,100.0,123,80,399.1,420,374,0.0172,0.04
1062,63,0.8,3,0,96.5,119,77,402.7,423,378,0.0172,0.04
1063,64,0.7,3,0,92.4,118,71,406.9,429,380,0.0172,0.04
1064,65,0.7,3,0,88.1,115,68,411.2,432,383,0.0172,0.04
1065,66,0.7,3,0,85.3,110,67,414.0,433,388,0.0172,0.04
1066,67,0.6,3,0,81.7,100,61,417.7,439,398,0.0172,0.04
1067,68,0.5,2,0,78.6,96,60,420.9,440,402,0.0172,0.04
1068,69,0.5,2,0,75.2,94,58,424.3,442,404,0.0172,0.04
1069,70,0.5,2,0,71.7,89,53,427.8,446,409,0.0172,0.04
1070,71,0.5,2,0,67.8,86,50,431.7,449,412,0.0172,0.04
1071,72,0.5,2,0,64.8,82,47,434.7,452,416,0.0172,0.04
1072,73,0.5,2,0,62.1,80,44,437.4,455,418,0.0172,0.04
1073,74,0.4,2,0,59.5,80,42,440.1,457,419,0.0172,0.04
1074,75,0.4,2,0,57.3,79,39,442.3,460,420,0.0172,0.04
1075,76,0.4,2,0,55.2,77,37,444.4,462,422,0.0172,0.04
1076,77,0.4,2,0,52.7,75,35,446.9,464,424,0.0172,0.04
1077,78,0.4,2,0,50.2,74,34,449.4,465,425,0.0172,0.04
1078,79,0.4,2,0,48.1,72,31,451.5,468,427,0.0172,0.04
1079,80,0.4,2,0,46.2,69,29,453.4,470,430,0.0172,0.04
1080,81,0.4,2,0,44.2,68,28,455.4,471,431,0.0172,0.04
1081,82,0.4,2,0,43.0,66,28,456.6,471,433,0.0172,0.04
1082,83,0.4,2,0,41.7,63,28,457.9,471,436,0.0172,0.04
1083,84,0.4,2,0,40.3,61,28,459.3,472,438,0.0172,0.04
1084,85,0.4,2,0,38.2,57,26,461.4,474,442,0.0172,0.04
1085,86,0.4,2,0,36.4,54,24,463.2,476,445,0.0172,0.04
1086,87,0.4,2,0,34.2,53,20,465.4,480,446,0.0172,0.04
1087,88,0.4,2,0,33.2,50,19,466.4,481,449,0.0172,0.04
1088,89,0.4,2,0,31.4,47,17,468.2,483,452,0.0172,0.04
1089,90,0.4,2,0,30.3,47,17,469.3,483,452,0.0172,0.04
1090,91,0.4,2,0,29.5,46,17,470.1,483,453,0.0172,0.04
1091,92,0.4,2,0,28.8,44,17,470.8,483,455,0.0172,0.04
1092,93,0.4,2,0,28.0,42,16,471.6,484,457,0.0172,0.04
1093,94,0.4,2,0,26.5,39,15,473.1,485,460,0.0172,0.04
1094,95,0.4,2,0,25.2,36,14,474.4,486,463,0.0172,0.04
1095,96,0.4,2,0,24.0,35,13,475.6,487,464,0.0172,0.04
1096,97,0.4,2,0,23.2,33,13,476.4,487,466,0.0172,0.04
1097,98,0.4,2,0,22.6,31,13,477.0,487,468,0.0172,0.04
1098,99,0.4,2,0,21.6,30,12,478.0,488,469,0.0172,0.04
1099,100,0.4,2,0,20.6,28,12,479.0,488,471,0.0172,0.04
1100,101,0.4,2,0,19.4,25,11,480.2,489,474,0.0172,0.04
1101,102,0.4,2,0,18.6,25,11,481.0,489,474,0.0172,0.04
1102,103,0.4,2,0,17.6,24,10,482.0,490,475,0.0172,0.04
1103,104,0.4,2,0,17.0,23,10,482.6,490,476,0.0172,0.04
1104,105,0.4,2,0,16.6,23,9,483.0,491,476,0.0172,0.04
1105,106,0.4,2,0,15.6,22,9,484.0,491,477,0.0172,0.04
1106,107,0.4,2,0,15.1,21,8,484.5,492,478,0.0172,0.04
1107,108,0.4,2,0,14.5,21,8,485.1,492,478,0.0172,0.04
1108,109,0.4,2,0,13.9,20,8,485.7,492,480,0.0172,0.04
1109,110,0.4,2,0,13.6,20,7,486.0,493,480,0.0172,0.04
1110,111,0.4,2,0,12.9,19,6,486.7,494,481,0.0172,0.04
1111,112,0.4,2,0,12.3,19,6,487.3,494,481,0.0172,0.04
1112,113,0.4,2,0,11.9,17,6,487.7,494,483,0.0172,0.04
1113,114,0.4,2,0,11.4,17,6,488.2,494,483,0.0172,0.04
1114,115,0.4,2,0,10.7,16,6,488.9,494,484,0.0172,0.04
1115,116,0.4,2,0,10.2,15,6,489.4,494,485,0.0172,0.04
1116,117,0.4,2,0,9.7,15,5,489.9,495,485,0.0172,0.04
1117,118,0.4,2,0,9.0,13,5,490.6,495,486,0.0172,0.04
1118,119,0.4,2,0,8.8,13,5,490.8,495,486,0.0172,0.04
1119,120,0.4,2,0,8.2,13,4,491.4,495,487,0.0172,0.04
1120,121,0.4,2,0,7.2,12,4,492.4,495,488,0.0172,0.04
1121,122,0.4,2,0,6.8,11,4,492.8,495,489,0.0172,0.04
1122,123,0.4,2,0,6.5,11,4,493.1,495,489,0.0172,0.04
1123,124,0.4,2,0,6.3,11,4,493.3,495,489,0.0172,0.04
1124,125,0.4,2,0,6.0,10,4,493.6,495,490,0.0172,0.04
1125,126,0.4,2,0,5.8,8,4,493.8,495,492,0.0172,0.04
1126,127,0.4,2,0,5.5,8,3,494.1,495,492,0.0172,0.04
1127,128,0.4,2,0,5.2,8,2,494.4,496,492,0.0172,0.04
1128,129,0.4,2,0,5.0,8,2,494.6,497,492,0.0172,0.04
1129,130,0.4,2,0,4.7,7,2,494.9,497,492,0.0172,0.04
1130,131,0.4,2,0,4.4,6,2,495.2,497,493,0.0172,0.04
1131,132,0.4,2,0,4.3,6,2,495.3,497,494,0.0172,0.04
1132,133,0.4,2,0,4.1,6,2,495.5,498,494,0.0172,0.04
1133,134,0.4,2,0,3.9,6,2,495.7,498,494,0.0172,0.04
1134,135,0.4,2,0,3.7,6,2,495.9,498,494,0.0172,0.04
1135,136,0.4,2,0,3.6,6,2,496.0,498,494,0.0172,0.04
1136,137,0.4,2,0,3.5,5,2,496.1,498,494,0.0172,0.04
1137,138,0.4,2,0,3.3,5,2,496.3,498,494,0.0172,0.04
1138,139,0.4,2,0,3.2,5,2,496.4,498,494,0.0172,0.04
1139,140,0.4,2,0,3.1,5,2,496.5,498,494,0.0172,0.04
1140,141,0.4,2,0,3.1,5,2,496.5,498,494,0.0172,0.04
1141,142,0.4,2,0,2.9,4,2,496.7,498,495,0.0172,0.04
1142,143,0.4,2,0,2.7,4,1,496.9,499,495,0.0172,0.04
1143,144,0.4,2,0,2.6,4,1,497.0,499,495,0.0172,0.04
1144,145,0.4,2,0,2.4,3,1,497.2,499,496,0.0172,0.04
1145,146,0.4,2,0,2.3,3,1,497.3,499,496,0.0172,0.04
1146,147,0.4,2,0,1.9,3,1,497.7,499,496,0.0172,0.04
1147,148,0.4,2,0,1.8,3,1,497.8,499,496,0.0172,0.04
1148,149,0.4,2,0,1.8,3,1,497.8,499,496,0.0172,0.04
1149,150,0.4,2,0,1.6,3,1,498.0,499,496,0.0172,0.04
1150,151,0.4,2,0,1.6,3,1,498.0,499,496,0.0172,0.04
1151,152,0.4,2,0,1.4,2,1,498.2,499,496,0.0172,0.04
1152,153,0.4,2,0,1.3,2,1,498.3,499,496,0.0172,0.04
1153,154,0.4,2,0,1.3,2,1,498.3,499,496,0.0172,0.04
1154,155,0.4,2,0,1.3,2,1,498.3,499,496,0.0172,0.04
1155,156,0.4,2,0,1.3,2,1,498.3,499,496,0.0172,0.04
1156,157,0.4,2,0,1.3,2,1,498.3,499,496,0.0172,0.04
1157,158,0.4,2,0,1.3,2,1,498.3,499,496,0.0172,0.04
1158,159,0.4,2,0,1.3,2,1,498.3,499,496,0.0172,0.04
1159,160,0.4,2,0,1.2,2,1,498.4,499,496,0.0172,0.04
1160,161,0.4,2,0,1.1,2,0,498.5,500,496,0.0172,0.04
1161,162,0.4,2,0,1.0,2,0,498.6,500,496,0.0172,0.04
1162,163,0.4,2,0,0.9,2,0,498.7,500,496,0.0172,0.04
1163,164,0.4,2,0,0.7,2,0,498.9,500,496,0.0172,0.04
1164,165,0.4,2,0,0.5,1,0,499.1,500,497,0.0172,0.04
1165,166,0.4,2,0,0.5,1,0,499.1,500,497,0.0172,0.04
1166,167,0.4,2,0,0.4,1,0,499.2,500,497,0.0172,0.04
1167,168,0.4,2,0,0.4,1,0,499.2,500,497,0.0172,0.04
1168,169,0.4,2,0,0.4,1,0,499.2,500,497,0.0172,0.04
1169,170,0.4,2,0,0.4,1,0,499.2,500,497,0.0172,0.04
1170,171,0.4,2,0,0.4,1,0,499.2,500,497,0.0172,0.04
1171,172,0.4,2,0,0.4,1,0,499.2,500,497,0.0172,0.04
1172,173,0.4,2,0,0.4,1,0,499.2,500,497,0.0172,0.04
1173,174,0.4,2,0,0.4,1,0,499.2,500,497,0.0172,0.04
1174,175,0.4,2,0,0.4,1,0,499.2,500,497,0.0172,0.04
1175,176,0.4,2,0,0.3,1,0,499.3,500,497,0.0172,0.04
1176,177,0.4,2,0,0.2,1,0,499.4,500,498,0.0172,0.04
1177,178,0.4,2,0,0.1,1,0,499.5,500,498,0.0172,0.04
1178,179,0.4,2,0,0.1,1,0,499.5,500,498,0.0172,0.04
1179,180,0.4,2,0,0.1,1,0,499.5,500,498,0.0172,0.04
1180,181,0.4,2,0,0.1,1,0,499.5,500,498,0.0172,0.04
1181,182,0.4,2,0,0.1,1,0,499.5,500,498,0.0172,0.04
1182,183,0.4,2,0,0.1,1,0,499.5,500,498,0.0172,0.04
1183,184,0.4,2,0,0.1,1,0,499.5,500,498,0.0172,0.04
1184,185,0.4,2,0,0.1,1,0,499.5,500,498,0.0172,0.04
1185,186,0.4,2,0,0.1,1,0,499.5,500,498,0.0172,0.04
1186,187,0.4,2,0,0.1,1,0,499.5,500,498,0.0172,0.04
1187,188,0.4,2,0,0.1,1,0,499.5,500,498,0.0172,0.04
1188,189,0.4,2,0,0.1,1,0,499.5,500,498,0.0172,0.04
1189,190,0.4,2,0,0.1,1,0,499.5,500,498,0.0172,0.04
1190,191,0.4,2,0,0.1,1,0,499.5,500,498,0.0172,0.04
1191,192,0.4,2,0,0.1,1,0,499.5,500,498,0.0172,0.04
1192,193,0.4,2,0,0.1,1,0,499.5,500,498,0.0172,0.04
1193,194,0.4,2,0,0.0,0,0,499.6,500,498,0.0172,0.04
1194,195,0.4,2,0,0.0,0,0,499.6,500,498,0.0172,0.04
1195,196,0.4,2,0,0.0,0,0,499.6,500,498,0.0172,0.04
1196,197,0.4,2,0,0.0,0,0,499.6,500,498,0.0172,0.04
1197,198,0.4,2,0,0.0,0,0,499.6,500,498,0.0172,0.04
1198,199,0.4,2,0,0.0,0,0,499.6,500,498,0.0172,0.04
1199,200,0.4,2,0,0.0,0,0,499.6,500,498,0.0172,0.04
1200,1,498.4,499,497,1.5,3,0,0.1,1,0,0.0207,0.04
1201,2,497.4,499,494,2.5,6,0,0.1,1,0,0.0207,0.04
1202,3,495.6,499,492,4.1,8,0,0.3,1,0,0.0207,0.04
1203,4,493.4,499,487,6.2,13,0,0.4,1,0,0.0207,0.04
1204,5,490.4,499,480,9.0,20,0,0.6,3,0,0.0207,0.04
1205,6,485.8,499,473,13.2,26,0,1.0,4,0,0.0207,0.04
1206,7,481.2,499,463,17.1,34,0,1.7,5,0,0.0207,0.04
1207,8,472.6,499,440,24.5,56,0,2.9,8,0,0.0207,0.04
1208,9,461.7,499,418,34.1,77,0,4.2,12,1,0.0207,0.04
1209,10,447.2,499,390,46.2,99,0,6.6,15,1,0.0207,0.04
1210,11,429.9,499,363,61.2,122,0,8.9,20,1,0.0207,0.04
1211,12,407.7,499,327,79.7,148,0,12.6,25,1,0.0207,0.04
1212,13,378.2,499,279,104.2,187,0,17.6,34,1,0.0207,0.04
1213,14,347.1,499,234,130.2,220,0,22.7,46,1,0.0207,0.04
1214,15,309.6,499,185,161.2,257,0,29.2,58,1,0.0207,0.04
1215,16,271.6,499,141,192.2,292,0,36.2,67,1,0.0207,0.04
1216,17,236.0,499,108,219.4,313,0,44.6,79,1,0.0207,0.04
1217,18,202.5,499,85,243.3,322,0,54.2,93,1,0.0207,0.04
1218,19,170.7,499,60,264.1,337,0,65.2,103,1,0.0207,0.04
1219,20,142.6,499,43,280.1,344,0,77.3,118,1,0.0207,0.04
1220,21,120.8,499,28,288.3,340,0,90.9,133,1,0.0207,0.04
1221,22,104.5,499,21,292.0,348,0,103.5,145,1,0.0207,0.04
1222,23,91.9,499,17,292.8,354,0,115.3,164,1,0.0207,0.04
1223,24,80.8,499,13,292.2,354,0,127.0,173,1,0.0207,0.04
1224,25,73.8,499,10,285.8,347,0,140.4,187,1,0.0207,0.04
1225,26,67.3,499,6,280.5,332,0,152.2,199,1,0.0207,0.04
1226,27,63.3,499,4,273.2,332,0,163.5,207,1,0.0207,0.04
1227,28,60.4,499,4,265.9,331,0,173.7,221,1,0.0207,0.04
1228,29,58.0,499,2,256.4,326,0,185.6,235,1,0.0207,0.04
1229,30,56.1,499,1,248.9,326,0,195.0,244,1,0.0207,0.04
1230,31,54.4,499,0,239.5,313,0,206.1,252,1,0.0207,0.04
1231,32,53.6,499,0,229.6,306,0,216.8,264,1,0.0207,0.04
1232,33,52.7,499,0,221.5,296,0,225.8,270,1,0.0207,0.04
1233,34,52.5,499,0,212.1,287,0,235.4,280,1,0.0207,0.04
1234,35,52.0,499,0,204.3,279,0,243.7,291,1,0.0207,0.04
1235,36,51.4,499,0,196.8,272,0,251.8,297,1,0.0207,0.04
1236,37,51.1,499,0,188.5,260,0,260.4,316,1,0.0207,0.04
1237,38,51.0,499,0,181.5,253,0,267.5,324,1,0.0207,0.04
1238,39,50.8,499,0,173.7,242,0,275.5,332,1,0.0207,0.04
1239,40,50.5,499,0,166.0,236,0,283.5,339,1,0.0207,0.04
1240,41,50.5,499,0,158.3,221,0,291.2,347,1,0.0207,0.04
1241,42,50.1,499,0,151.5,212,0,298.4,353,1,0.0207,0.04
1242,43,50.1,499,0,146.7,208,0,303.2,357,1,0.0207,0.04
1243,44,50.1,499,0,141.3,203,0,308.6,364,1,0.0207,0.04
1244,45,50.0,499,0,134.0,191,0,316.0,370,1,0.0207,0.04
1245,46,50.0,499,0,128.5,182,0,321.5,373,1,0.0207,0.04
1246,47,50.0,499,0,124.4,178,0,325.6,375,1,0.0207,0.04
1247,48,50.0,499,0,120.1,168,0,329.9,380,1,0.0207,0.04
1248,49,50.0,499,0,115.7,164,0,334.3,384,1,0.0207,0.04
1249,50,50.0,499,0,110.6,155,0,339.4,391,1,0.0207,0.04
1250,51,50.0,499,0,105.9,150,0,344.1,395,1,0.0207,0.04
1251,52,50.0,499,0,102.7,147,0,347.3,402,1,0.0207,0.04
1252,53,50.0,499,0,98.6,136,0,351.4,404,1,0.0207,0.04
1253,54,50.0,499,0,94.3,129,0,355.7,408,1,0.0207,0.04
1254,55,50.0,499,0,92.0,124,0,358.0,409,1,0.0207,0.04
1255,56,49.9,499,0,89.5,123,0,360.6,410,1,0.0207,0.04
1256,57,49.9,499,0,86.4,118,0,363.7,415,1,0.0207,0.04
1257,58,49.9,499,0,81.9,111,0,368.2,421,1,0.0207,0.04
1258,59,49.9,499,0,78.4,106,0,371.7,422,1,0.0207,0.04
1259,60,49.9,499,0,74.8,101,0,375.3,429,1,0.0207,0.04
1260,61,49.9,499,0,71.2,95,0,378.9,432,1,0.0207,0.04
1261,62,49.9,499,0,68.4,90,0,381.7,437,1,0.0207,0.04
1262,63,49.9,499,0,65.1,87,0,385.0,442,1,0.0207,0.04
1263,64,49.9,499,0,62.5,87,0,387.6,444,1,0.0207,0.04
1264,65,49.9,499,0,59.8,82,0,390.3,446,1,0.0207,0.04
1265,66,49.9,499,0,57.2,77,0,392.9,452,1,0.0207,0.04
1266,67,49.9,499,0,55.3,76,0,394.8,452,1,0.0207,0.04
1267,68,49.9,499,0,53.8,73,0,396.3,454,1,0.0207,0.04
1268,69,49.9,499,0,52.1,73,0,398.0,457,1,0.0207,0.04
1269,70,49.9,499,0,49.9,68,0,400.2,459,1,0.0207,0.04
1270,71,49.9,499,0,48.1,67,0,402.0,461,1,0.0207,0.04
1271,72,49.9,499,0,46.1,65,0,404.0,467,1,0.0207,0.04
1272,73,49.9,499,0,43.5,61,0,406.6,468,1,0.0207,0.04
1273,74,49.9,499,0,42.4,57,0,407.7,469,1,0.0207,0.04
1274,75,49.9,499,0,40.3,56,0,409.8,471,1,0.0207,0.04
1275,76,49.9,499,0,39.4,54,0,410.7,473,1,0.0207,0.04
1276,77,49.9,499,0,37.5,50,0,412.6,474,1,0.0207,0.04
1277,78,49.9,499,0,36.0,47,0,414.1,475,1,0.0207,0.04
1278,79,49.9,499,0,34.4,46,0,415.7,475,1,0.0207,0.04
1279,80,49.9,499,0,32.7,43,0,417.4,477,1,0.0207,0.04
1280,81,49.9,499,0,31.7,43,0,418.4,480,1,0.0207,0.04
1281,82,49.9,499,0,30.3,43,0,419.8,481,1,0.0207,0.04
1282,83,49.9,499,0,29.0,39,0,421.1,481,1,0.0207,0.04
1283,84,49.9,499,0,27.9,37,0,422.2,481,1,0.0207,0.04
1284,85,49.9,499,0,26.7,35,0,423.4,482,1,0.0207,0.04
1285,86,49.9,499,0,25.7,35,0,424.4,482,1,0.0207,0.04
1286,87,49.9,499,0,24.9,34,0,425.2,482,1,0.0207,0.04
1287,88,49.9,499,0,24.2,33,0,425.9,482,1,0.0207,0.04
1288,89,49.9,499,0,23.4,32,0,426.7,484,1,0.0207,0.04
1289,90,49.9,499,0,21.8,31,0,428.3,484,1,0.0207,0.04
1290,91,49.9,499,0,20.6,29,0,429.5,485,1,0.0207,0.04
1291,92,49.9,499,0,19.9,28,0,430.2,485,1,0.0207,0.04
1292,93,49.9,499,0,18.8,27,0,431.3,486,1,0.0207,0.04
1293,94,49.9,499,0,17.9,26,0,432.2,487,1,0.0207,0.04
1294,95,49.9,499,0,17.1,26,0,433.0,487,1,0.0207,0.04
1295,96,49.9,499,0,16.3,24,0,433.8,487,1,0.0207,0.04
1296,97,49.9,499,0,15.2,23,0,434.9,489,1,0.0207,0.04
1297,98,49.9,499,0,14.4,21,0,435.7,490,1,0.0207,0.04
1298,99,49.9,499,0,13.7,21,0,436.4,491,1,0.0207,0.04
1299,100,49.9,499,0,13.3,20,0,436.8,491,1,0.0207,0.04
1300,101,49.9,499,0,12.7,19,0,437.4,492,1,0.0207,0.04
1301,102,49.9,499,0,12.4,19,0,437.7,492,1,0.0207,0.04
1302,103,49.9,499,0,11.6,17,0,438.5,494,1,0.0207,0.04
1303,104,49.9,499,0,11.1,16,0,439.0,494,1,0.0207,0.04
1304,105,49.9,499,0,10.5,14,0,439.6,494,1,0.0207,0.04
1305,106,49.9,499,0,10.2,14,0,439.9,494,1,0.0207,0.04
1306,107,49.9,499,0,10.0,14,0,440.1,495,1,0.0207,0.04
1307,108,49.9,499,0,9.8,14,0,440.3,495,1,0.0207,0.04
1308,109,49.9,499,0,9.4,14,0,440.7,497,1,0.0207,0.04
1309,110,49.9,499,0,9.0,14,0,441.1,497,1,0.0207,0.04
1310,111,49.9,499,0,8.8,14,0,441.3,497,1,0.0207,0.04
1311,112,49.9,499,0,8.1,12,0,442.0,497,1,0.0207,0.04
1312,113,49.9,499,0,8.0,12,0,442.1,497,1,0.0207,0.04
1313,114,49.9,499,0,7.6,12,0,442.5,497,1,0.0207,0.04
1314,115,49.9,499,0,7.2,12,0,442.9,497,1,0.0207,0.04
1315,116,49.9,499,0,6.7,12,0,443.4,497,1,0.0207,0.04
1316,117,49.9,499,0,6.6,11,0,443.5,497,1,0.0207,0.04
1317,118,49.9,499,0,6.2,10,0,443.9,497,1,0.0207,0.04
1318,119,49.9,499,0,5.9,10,0,444.2,497,1,0.0207,0.04
1319,120,49.9,499,0,5.7,9,0,444.4,497,1,0.0207,0.04
1320,121,49.9,499,0,5.4,9,0,444.7,497,1,0.0207,0.04
1321,122,49.9,499,0,5.4,9,0,444.7,497,1,0.0207,0.04
1322,123,49.9,499,0,5.4,9,0,444.7,497,1,0.0207,0.04
1323,124,49.9,499,0,5.4,9,0,444.7,497,1,0.0207,0.04
1324,125,49.9,499,0,5.2,9,0,444.9,498,1,0.0207,0.04
1325,126,49.9,499,0,4.8,8,0,445.3,498,1,0.0207,0.04
1326,127,49.9,499,0,4.8,8,0,445.3,498,1,0.0207,0.04
1327,128,49.9,499,0,4.6,8,0,445.5,498,1,0.0207,0.04
1328,129,49.9,499,0,4.2,8,0,445.9,499,1,0.0207,0.04
1329,130,49.9,499,0,4.0,8,0,446.1,500,1,0.0207,0.04
1330,131,49.9,499,0,3.8,7,0,446.3,500,1,0.0207,0.04
1331,132,49.9,499,0,3.6,7,0,446.5,500,1,0.0207,0.04
1332,133,49.9,499,0,3.6,7,0,446.5,500,1,0.0207,0.04
1333,134,49.9,499,0,3.3,7,0,446.8,500,1,0.0207,0.04
1334,135,49.9,499,0,3.3,7,0,446.8,500,1,0.0207,0.04
1335,136,49.9,499,0,3.2,7,0,446.9,500,1,0.0207,0.04
1336,137,49.9,499,0,3.2,7,0,446.9,500,1,0.0207,0.04
1337,138,49.9,499,0,3.1,7,0,447.0,500,1,0.0207,0.04
1338,139,49.9,499,0,3.1,7,0,447.0,500,1,0.0207,0.04
1339,140,49.9,499,0,2.9,7,0,447.2,500,1,0.0207,0.04
1340,141,49.9,499,0,2.9,7,0,447.2,500,1,0.0207,0.04
1341,142,49.9,499,0,2.8,7,0,447.3,500,1,0.0207,0.04
1342,143,49.9,499,0,2.8,7,0,447.3,500,1,0.0207,0.04
1343,144,49.9,499,0,2.4,7,0,447.7,500,1,0.0207,0.04
1344,145,49.9,499,0,2.4,7,0,447.7,500,1,0.0207,0.04
1345,146,49.9,499,0,2.3,7,0,447.8,500,1,0.0207,0.04
1346,147,49.9,499,0,2.1,6,0,448.0,500,1,0.0207,0.04
1347,148,49.9,499,0,2.0,6,0,448.1,500,1,0.0207,0.04
1348,149,49.9,499,0,2.0,6,0,448.1,500,1,0.0207,0.04
1349,150,49.9,499,0,2.0,6,0,448.1,500,1,0.0207,0.04
1350,151,49.9,499,0,1.9,6,0,448.2,500,1,0.0207,0.04
1351,152,49.9,499,0,1.8,6,0,448.3,500,1,0.0207,0.04
1352,153,49.9,499,0,1.7,6,0,448.4,500,1,0.0207,0.04
1353,154,49.9,499,0,1.6,6,0,448.5,500,1,0.0207,0.04
1354,155,49.9,499,0,1.6,6,0,448.5,500,1,0.0207,0.04
1355,156,49.9,499,0,1.5,6,0,448.6,500,1,0.0207,0.04
1356,157,49.9,499,0,1.5,6,0,448.6,500,1,0.0207,0.04
1357,158,49.9,499,0,1.5,6,0,448.6,500,1,0.0207,0.04
1358,159,49.9,499,0,1.5,6,0,448.6,500,1,0.0207,0.04
1359,160,49.9,499,0,1.5,6,0,448.6,500,1,0.0207,0.04
1360,161,49.9,499,0,1.5,6,0,448.6,500,1,0.0207,0.04
1361,162,49.9,499,0,1.5,6,0,448.6,500,1,0.0207,0.04
1362,163,49.9,499,0,1.5,6,0,448.6,500,1,0.0207,0.04
1363,164,49.9,499,0,1.3,5,0,448.8,500,1,0.0207,0.04
1364,165,49.9,499,0,1.3,5,0,448.8,500,1,0.0207,0.04
1365,166,49.9,499,0,1.3,5,0,448.8,500,1,0.0207,0.04
1366,167,49.9,499,0,1.3,5,0,448.8,500,1,0.0207,0.04
1367,168,49.9,499,0,1.3,5,0,448.8,500,1,0.0207,0.04
1368,169,49.9,499,0,1.2,5,0,448.9,500,1,0.0207,0.04
1369,170,49.9,499,0,1.1,4,0,449.0,500,1,0.0207,0.04
1370,171,49.9,499,0,1.1,4,0,449.0,500,1,0.0207,0.04
1371,172,49.9,499,0,1.1,4,0,449.0,500,1,0.0207,0.04
1372,173,49.9,499,0,1.0,4,0,449.1,500,1,0.0207,0.04
1373,174,49.9,499,0,1.0,4,0,449.1,500,1,0.0207,0.04
1374,175,49.9,499,0,1.0,4,0,449.1,500,1,0.0207,0.04
1375,176,49.9,499,0,1.0,4,0,449.1,500,1,0.0207,0.04
1376,177,49.9,499,0,0.9,4,0,449.2,500,1,0.0207,0.04
1377,178,49.9,499,0,0.7,3,0,449.4,500,1,0.0207,0.04
1378,179,49.9,499,0,0.7,3,0,449.4,500,1,0.0207,0.04
1379,180,49.9,499,0,0.7,3,0,449.4,500,1,0.0207,0.04
1380,181,49.9,499,0,0.7,3,0,449.4,500,1,0.0207,0.04
1381,182,49.9,499,0,0.7,3,0,449.4,500,1,0.0207,0.04
1382,183,49.9,499,0,0.7,3,0,449.4,500,1,0.0207,0.04
1383,184,49.9,499,0,0.7,3,0,449.4,500,1,0.0207,0.04
1384,185,49.9,499,0,0.6,2,0,449.5,500,1,0.0207,0.04
1385,186,49.9,499,0,0.6,2,0,449.5,500,1,0.0207,0.04
1386,187,49.9,499,0,0.6,2,0,449.5,500,1,0.0207,0.04
1387,188,49.9,499,0,0.5,2,0,449.6,500,1,0.0207,0.04
1388,189,49.9,499,0,0.5,2,0,449.6,500,1,0.0207,0.04
1389,190,49.9,499,0,0.4,2,0,449.7,500,1,0.0207,0.04
1390,191,49.9,499,0,0.4,2,0,449.7,500,1,0.0207,0.04
1391,192,49.9,499,0,0.4,2,0,449.7,500,1,0.0207,0.04
1392,193,49.9,499,0,0.4,2,0,449.7,500,1,0.0207,0.04
1393,194,49.9,499,0,0.4,2,0,449.7,500,1,0.0207,0.04
1394,195,49.9,499,0,0.4,2,0,449.7,500,1,0.0207,0.04
1395,196,49.9,499,0,0.4,2,0,449.7,500,1,0.0207,0.04
1396,197,49.9,499,0,0.3,2,0,449.8,500,1,0.0207,0.04
1397,198,49.9,499,0,0.3,2,0,449.8,500,1,0.0207,0.04
1398,199,49.9,499,0,0.3,2,0,449.8,500,1,0.0207,0.04
1399,200,49.9,499,0,0.3,2,0,449.8,500,1,0.0207,0.04
1400,1,498.1,499,495,1.8,5,1,0.1,1,0,0.0241,0.04
1401,2,497.1,499,493,2.7,7,0,0.2,1,0,0.0241,0.04
1402,3,495.5,499,492,4.3,8,0,0.2,1,0,0.0241,0.04
1403,4,492.3,499,484,7.2,16,0,0.5,1,0,0.0241,0.04
1404,5,487.2,499,471,12.1,29,0,0.7,2,0,0.0241,0.04
1405,6,479.3,499,452,19.5,47,0,1.2,2,0,0.0241,0.04
1406,7,469.3,499,432,28.4,65,0,2.3,5,0,0.0241,0.04
1407,8,453.6,499,412,43.1,82,0,3.3,6,0,0.0241,0.04
1408,9,432.1,499,370,62.2,120,0,5.7,11,0,0.0241,0.04
1409,10,407.1,499,324,82.3,158,0,10.6,20,1,0.0241,0.04
1410,11,373.6,499,269,110.7,209,0,15.7,28,1,0.0241,0.04
1411,12,334.7,499,207,143.4,259,0,21.9,40,1,0.0241,0.04
1412,13,291.7,499,150,179.4,306,0,28.9,50,1,0.0241,0.04
1413,14,251.7,499,108,209.1,335,0,39.2,65,1,0.0241,0.04
1414,15,210.0,499,84,240.0,346,0,50.0,81,1,0.0241,0.04
1415,16,169.2,499,57,269.7,363,0,61.1,90,1,0.0241,0.04
1416,17,138.1,499,43,288.1,356,0,73.8,107,1,0.0241,0.04
1417,18,111.4,499,27,302.5,361,0,86.1,127,1,0.0241,0.04
1418,19,93.1,499,20,307.6,362,0,99.3,144,1,0.0241,0.04
1419,20,80.0,499,16,309.6,363,0,110.4,152,1,0.0241,0.04
1420,21,71.4,499,13,304.7,372,0,123.9,169,1,0.0241,0.04
1421,22,64.6,499,11,299.9,379,0,135.5,181,1,0.0241,0.04
1422,23,59.7,499,7,292.0,375,0,148.3,194,1,0.0241,0.04
1423,24,57.1,499,5,283.0,369,0,159.9,210,1,0.0241,0.04
1424,25,54.7,499,3,274.4,359,0,170.9,226,1,0.0241,0.04
1425,26,53.1,499,2,264.3,342,0,182.6,236,1,0.0241,0.04
1426,27,52.5,499,1,255.7,331,0,191.8,242,1,0.0241,0.04
1427,28,51.5,499,0,246.9,317,0,201.6,253,1,0.0241,0.04
1428,29,51.2,499,0,238.0,304,0,210.8,262,1,0.0241,0.04
1429,30,51.2,499,0,228.3,292,0,220.5,271,1,0.0241,0.04
1430,31,50.9,499,0,220.2,281,0,228.9,279,1,0.0241,0.04
1431,32,50.8,499,0,211.1,269,0,238.1,288,1,0.0241,0.04
1432,33,50.5,499,0,201.4,259,0,248.1,300,1,0.0241,0.04
1433,34,50.5,499,0,193.1,249,0,256.4,307,1,0.0241,0.04
1434,35,50.3,499,0,186.0,242,0,263.7,316,1,0.0241,0.04
1435,36,50.1,499,0,177.7,236,0,272.2,326,1,0.0241,0.04
1436,37,50.1,499,0,169.2,226,0,280.7,332,1,0.0241,0.04
1437,38,50.1,499,0,162.6,220,0,287.3,344,1,0.0241,0.04
1438,39,50.1,499,0,156.6,213,0,293.3,348,1,0.0241,0.04
1439,40,50.1,499,0,150.9,207,0,299.0,356,1,0.0241,0.04
1440,41,50.1,499,0,145.9,199,0,304.0,362,1,0.0241,0.04
1441,42,50.1,499,0,140.0,190,0,309.9,368,1,0.0241,0.04
1442,43,50.1,499,0,134.0,180,0,315.9,376,1,0.0241,0.04
1443,44,50.1,499,0,129.7,174,0,320.2,378,1,0.0241,0.04
1444,45,50.1,499,0,125.0,172,0,324.9,387,1,0.0241,0.04
1445,46,50.1,499,0,119.6,163,0,330.3,392,1,0.0241,0.04
1446,47,50.0,499,0,115.3,157,0,334.7,395,1,0.0241,0.04
1447,48,50.0,499,0,110.8,143,0,339.2,395,1,0.0241,0.04
1448,49,50.0,499,0,106.5,136,0,343.5,400,1,0.0241,0.04
1449,50,50.0,499,0,102.2,133,0,347.8,403,1,0.0241,0.04
1450,51,50.0,499,0,97.7,130,0,352.3,406,1,0.0241,0.04
1451,52,50.0,499,0,95.1,126,0,354.9,408,1,0.0241,0.04
1452,53,50.0,499,0,91.6,122,0,358.4,410,1,0.0241,0.04
1453,54,50.0,499,0,88.2,116,0,361.8,416,1,0.0241,0.04
1454,55,50.0,499,0,85.2,116,0,364.8,418,1,0.0241,0.04
1455,56,50.0,499,0,81.5,110,0,368.5,420,1,0.0241,0.04
1456,57,50.0,499,0,78.1,107,0,371.9,424,1,0.0241,0.04
1457,58,49.9,499,0,75.1,104,0,375.0,428,1,0.0241,0.04
1458,59,49.9,499,0,72.5,99,0,377.6,430,1,0.0241,0.04
1459,60,49.9,499,0,68.8,95,0,381.3,435,1,0.0241,0.04
1460,61,49.9,499,0,65.9,88,0,384.2,438,1,0.0241,0.04
1461,62,49.9,499,0,64.2,87,0,385.9,441,1,0.0241,0.04
1462,63,49.9,499,0,61.6,83,0,388.5,441,1,0.0241,0.04
1463,64,49.9,499,0,57.4,78,0,392.7,447,1,0.0241,0.04
1464,65,49.9,499,0,54.4,73,0,395.7,451,1,0.0241,0.04
1465,66,49.9,499,0,52.9,72,0,397.2,453,1,0.0241,0.04
1466,67,49.9,499,0,50.7,70,0,399.4,457,1,0.0241,0.04
1467,68,49.9,499,0,49.0,69,0,401.1,460,1,0.0241,0.04
1468,69,49.9,499,0,47.1,65,0,403.0,461,1,0.0241,0.04
1469,70,49.9,499,0,45.0,63,0,405.1,462,1,0.0241,0.04
1470,71,49.9,499,0,43.8,63,0,406.3,462,1,0.0241,0.04
1471,72,49.9,499,0,42.7,62,0,407.4,463,1,0.0241,0.04
1472,73,49.9,499,0,41.3,61,0,408.8,465,1,0.0241,0.04
1473,74,49.9,499,0,39.4,60,0,410.7,467,1,0.0241,0.04
1474,75,49.9,499,0,37.8,58,0,412.3,469,1,0.0241,0.04
1475,76,49.9,499,0,36.6,53,0,413.5,470,1,0.0241,0.04
1476,77,49.9,499,0,34.4,51,0,415.7,473,1,0.0241,0.04
1477,78,49.9,499,0,33.1,49,0,417.0,473,1,0.0241,0.04
1478,79,49.9,499,0,31.8,48,0,418.3,474,1,0.0241,0.04
1479,80,49.9,499,0,31.1,46,0,419.0,474,1,0.0241,0.04
1480,81,49.9,499,0,29.7,46,0,420.4,476,1,0.0241,0.04
1481,82,49.9,499,0,28.1,43,0,422.0,480,1,0.0241,0.04
1482,83,49.9,499,0,27.0,41,0,423.1,481,1,0.0241,0.04
1483,84,49.9,499,0,26.5,40,0,423.6,481,1,0.0241,0.04
1484,85,49.9,499,0,25.6,38,0,424.5,482,1,0.0241,0.04
1485,86,49.9,499,0,24.5,38,0,425.6,482,1,0.0241,0.04
1486,87,49.9,499,0,23.5,37,0,426.6,483,1,0.0241,0.04
1487,88,49.9,499,0,22.7,37,0,427.4,483,1,0.0241,0.04
1488,89,49.9,499,0,22.1,36,0,428.0,484,1,0.0241,0.04
1489,90,49.9,499,0,21.2,34,0,428.9,484,1,0.0241,0.04
1490,91,49.9,499,0,20.6,34,0,429.5,486,1,0.0241,0.04
1491,92,49.9,499,0,19.2,33,0,430.9,489,1,0.0241,0.04
1492,93,49.9,499,0,18.6,32,0,431.5,490,1,0.0241,0.04
1493,94,49.9,499,0,17.8,29,0,432.3,490,1,0.0241,0.04
1494,95,49.9,499,0,16.9,28,0,433.2,491,1,0.0241,0.04
1495,96,49.9,499,0,16.6,28,0,433.5,491,1,0.0241,0.04
1496,97,49.9,499,0,16.0,28,0,434.1,491,1,0.0241,0.04
1497,98,49.9,499,0,15.5,28,0,434.6,492,1,0.0241,0.04
1498,99,49.9,499,0,14.5,25,0,435.6,493,1,0.0241,0.04
1499,100,49.9,499,0,14.3,25,0,435.8,494,1,0.0241,0.04
1500,101,49.9,499,0,13.5,24,0,436.6,494,1,0.0241,0.04
1501,102,49.9,499,0,13.3,24,0,436.8,494,1,0.0241,0.04
1502,103,49.9,499,0,12.9,22,0,437.2,495,1,0.0241,0.04
1503,104,49.9,499,0,12.5,21,0,437.6,495,1,0.0241,0.04
1504,105,49.9,499,0,12.2,20,0,437.9,496,1,0.0241,0.04
1505,106,49.9,499,0,11.8,19,0,438.3,496,1,0.0241,0.04
1506,107,49.9,499,0,10.4,19,0,439.7,497,1,0.0241,0.04
1507,108,49.9,499,0,10.0,17,0,440.1,497,1,0.0241,0.04
1508,109,49.9,499,0,9.6,17,0,440.5,497,1,0.0241,0.04
1509,110,49.9,499,0,9.2,17,0,440.9,497,1,0.0241,0.04
1510,111,49.9,499,0,9.2,17,0,440.9,497,1,0.0241,0.04
1511,112,49.9,499,0,8.9,17,0,441.2,497,1,0.0241,0.04
1512,113,49.9,499,0,8.6,17,0,441.5,497,1,0.0241,0.04
1513,114,49.9,499,0,8.1,17,0,442.0,497,1,0.0241,0.04
1514,115,49.9,499,0,7.4,15,0,442.7,497,1,0.0241,0.04
1515,116,49.9,499,0,7.0,14,0,443.1,498,1,0.0241,0.04
1516,117,49.9,499,0,6.8,13,0,443.3,498,1,0.0241,0.04
1517,118,49.9,499,0,6.7,13,0,443.4,498,1,0.0241,0.04
1518,119,49.9,499,0,6.6,13,0,443.5,498,1,0.0241,0.04
1519,120,49.9,499,0,6.3,13,0,443.8,498,1,0.0241,0.04
1520,121,49.9,499,0,6.0,13,0,444.1,498,1,0.0241,0.04
1521,122,49.9,499,0,5.8,12,0,444.3,499,1,0.0241,0.04
1522,123,49.9,499,0,5.6,10,0,444.5,499,1,0.0241,0.04
1523,124,49.9,499,0,5.1,8,0,445.0,500,1,0.0241,0.04
1524,125,49.9,499,0,4.8,8,0,445.3,500,1,0.0241,0.04
1525,126,49.9,499,0,4.6,8,0,445.5,500,1,0.0241,0.04
1526,127,49.9,499,0,4.3,8,0,445.8,500,1,0.0241,0.04
1527,128,49.9,499,0,4.3,8,0,445.8,500,1,0.0241,0.04
1528,129,49.9,499,0,4.0,8,0,446.1,500,1,0.0241,0.04
1529,130,49.9,499,0,4.0,8,0,446.1,500,1,0.0241,0.04
1530,131,49.9,499,0,3.9,8,0,446.2,500,1,0.0241,0.04
1531,132,49.9,499,0,3.8,8,0,446.3,500,1,0.0241,0.04
1532,133,49.9,499,0,3.7,7,0,446.4,500,1,0.0241,0.04
1533,134,49.9,499,0,3.4,7,0,446.7,500,1,0.0241,0.04
1534,135,49.9,499,0,3.3,7,0,446.8,500,1,0.0241,0.04
1535,136,49.9,499,0,2.9,7,0,447.2,500,1,0.0241,0.04
1536,137,49.9,499,0,2.8,7,0,447.3,500,1,0.0241,0.04
1537,138,49.9,499,0,2.7,7,0,447.4,500,1,0.0241,0.04
1538,139,49.9,499,0,2.6,7,0,447.5,500,1,0.0241,0.04
1539,140,49.9,499,0,2.4,6,0,447.7,500,1,0.0241,0.04
1540,141,49.9,499,0,2.4,6,0,447.7,500,1,0.0241,0.04
1541,142,49.9,499,0,2.4,6,0,447.7,500,1,0.0241,0.04
1542,143,49.9,499,0,2.1,5,0,448.0,500,1,0.0241,0.04
1543,144,49.9,499,0,2.1,5,0,448.0,500,1,0.0241,0.04
1544,145,49.9,499,0,2.0,4,0,448.1,500,1,0.0241,0.04
1545,146,49.9,499,0,1.9,3,0,448.2,500,1,0.0241,0.04
1546,147,49.9,499,0,1.9,3,0,448.2,500,1,0.0241,0.04
1547,148,49.9,499,0,1.9,3,0,448.2,500,1,0.0241,0.04
1548,149,49.9,499,0,1.8,3,0,448.3,500,1,0.0241,0.04
1549,150,49.9,499,0,1.7,3,0,448.4,500,1,0.0241,0.04
1550,151,49.9,499,0,1.6,3,0,448.5,500,1,0.0241,0.04
1551,152,49.9,499,0,1.5,3,0,448.6,500,1,0.0241,0.04
1552,153,49.9,499,0,1.5,3,0,448.6,500,1,0.0241,0.04
1553,154,49.9,499,0,1.4,3,0,448.7,500,1,0.0241,0.04
1554,155,49.9,499,0,1.4,3,0,448.7,500,1,0.0241,0.04
1555,156,49.9,499,0,1.4,3,0,448.7,500,1,0.0241,0.04
1556,157,49.9,499,0,1.3,3,0,448.8,500,1,0.0241,0.04
1557,158,49.9,499,0,1.3,3,0,448.8,500,1,0.0241,0.04
1558,159,49.9,499,0,1.3,3,0,448.8,500,1,0.0241,0.04
1559,160,49.9,499,0,1.1,2,0,449.0,500,1,0.0241,0.04
1560,161,49.9,499,0,1.0,2,0,449.1,500,1,0.0241,0.04
1561,162,49.9,499,0,0.8,2,0,449.3,500,1,0.0241,0.04
1562,163,49.9,499,0,0.8,2,0,449.3,500,1,0.0241,0.04
1563,164,49.9,499,0,0.6,2,0,449.5,500,1,0.0241,0.04
1564,165,49.9,499,0,0.5,2,0,449.6,500,1,0.0241,0.04
1565,166,49.9,499,0,0.5,2,0,449.6,500,1,0.0241,0.04
1566,167,49.9,499,0,0.5,2,0,449.6,500,1,0.0241,0.04
1567,168,49.9,499,0,0.5,2,0,449.6,500,1,0.0241,0.04
1568,169,49.9,499,0,0.4,1,0,449.7,500,1,0.0241,0.04
1569,170,49.9,499,0,0.4,1,0,449.7,500,1,0.0241,0.04
1570,171,49.9,499,0,0.4,1,0,449.7,500,1,0.0241,0.04
1571,172,49.9,499,0,0.4,1,0,449.7,500,1,0.0241,0.04
1572,173,49.9,499,0,0.4,1,0,449.7,500,1,0.0241,0.04
1573,174,49.9,499,0,0.4,1,0,449.7,500,1,0.0241,0.04
1574,175,49.9,499,0,0.3,1,0,449.8,500,1,0.0241,0.04
1575,176,49.9,499,0,0.3,1,0,449.8,500,1,0.0241,0.04
1576,177,49.9,499,0,0.2,1,0,449.9,500,1,0.0241,0.04
1577,178,49.9,499,0,0.2,1,0,449.9,500,1,0.0241,0.04
1578,179,49.9,499,0,0.2,1,0,449.9,500,1,0.0241,0.04
1579,180,49.9,499,0,0.2,1,0,449.9,500,1,0.0241,0.04
1580,181,49.9,499,0,0.2,1,0,449.9,500,1,0.0241,0.04
1581,182,49.9,499,0,0.2,1,0,449.9,500,1,0.0241,0.04
1582,183,49.9,499,0,0.2,1,0,449.9,500,1,0.0241,0.04
1583,184,49.9,499,0,0.2,1,0,449.9,500,1,0.0241,0.04
1584,185,49.9,499,0,0.2,1,0,449.9,500,1,0.0241,0.04
1585,186,49.9,499,0,0.2,1,0,449.9,500,1,0.0241,0.04
1586,187,49.9,499,0,0.2,1,0,449.9,500,1,0.0241,0.04
1587,188,49.9,499,0,0.1,1,0,450.0,500,1,0.0241,0.04
1588,189,49.9,499,0,0.1,1,0,450.0,500,1,0.0241,0.04
1589,190,49.9,499,0,0.1,1,0,450.0,500,1,0.0241,0.04
1590,191,49.9,499,0,0.1,1,0,450.0,500,1,0.0241,0.04
1591,192,49.9,499,0,0.1,1,0,450.0,500,1,0.0241,0.04
1592,193,49.9,499,0,0.1,1,0,450.0,500,1,0.0241,0.04
1593,194,49.9,499,0,0.1,1,0,450.0,500,1,0.0241,0.04
1594,195,49.9,499,0,0.1,1,0,450.0,500,1,0.0241,0.04
1595,196,49.9,499,0,0.1,1,0,450.0,500,1,0.0241,0.04
1596,197,49.9,499,0,0.1,1,0,450.0,500,1,0.0241,0.04
1597,198,49.9,499,0,0.0,0,0,450.1,500,1,0.0241,0.04
1598,199,49.9,499,0,0.0,0,0,450.1,500,1,0.0241,0.04
1599,200,49.9,499,0,0.0,0,0,450.1,500,1,0.0241,0.04
1600,1,498.0,499,497,1.9,3,0,0.1,1,0,0.0276,0.04
1601,2,497.1,499,494,2.6,5,0,0.3,2,0,0.0276,0.04
1602,3,495.8,499,490,3.8,10,0,0.4,2,0,0.0276,0.04
1603,4,493.9,499,486,5.5,13,0,0.6,3,0,0.0276,0.04
1604,5,491.3,499,479,7.9,19,0,0.8,4,0,0.0276,0.04
1605,6,486.6,499,466,12.1,29,0,1.3,5,0,0.0276,0.04
1606,7,478.6,499,447,19.2,45,0,2.2,8,0,0.0276,0.04
1607,8,467.7,499,424,28.6,67,0,3.7,9,1,0.0276,0.04
1608,9,452.8,499,398,41.4,88,0,5.8,15,1,0.0276,0.04
1609,10,431.3,499,356,60.4,127,0,8.3,21,1,0.0276,0.04
1610,11,401.0,499,296,87.1,176,0,11.9,28,1,0.0276,0.04
1611,12,362.9,499,240,119.7,222,0,17.4,38,1,0.0276,0.04
1612,13,316.4,499,180,158.5,269,0,25.1,51,1,0.0276,0.04
1613,14,267.2,499,123,200.0,316,0,32.8,61,1,0.0276,0.04
1614,15,221.1,499,83,236.3,340,0,42.6,77,1,0.0276,0.04
1615,16,182.6,499,53,262.1,358,0,55.3,89,1,0.0276,0.04
1616,17,148.9,499,27,287.3,377,0,63.8,98,1,0.0276,0.04
1617,18,120.6,499,18,301.9,381,0,77.5,116,1,0.0276,0.04
1618,19,98.1,499,12,312.7,376,0,89.2,131,1,0.0276,0.04
1619,20,82.7,499,8,313.2,368,0,104.1,148,1,0.0276,0.04
1620,21,71.9,499,5,311.4,363,0,116.7,160,1,0.0276,0.04
1621,22,64.2,499,3,308.2,360,0,127.6,172,1,0.0276,0.04
1622,23,59.4,499,2,300.6,360,0,140.0,189,1,0.0276,0.04
1623,24,56.0,499,0,292.0,359,0,152.0,203,1,0.0276,0.04
1624,25,54.3,499,0,281.2,350,0,164.5,213,1,0.0276,0.04
1625,26,53.4,499,0,271.0,340,0,175.6,221,1,0.0276,0.04
1626,27,52.4,499,0,262.6,335,0,185.0,228,1,0.0276,0.04
1627,28,51.7,499,0,253.2,328,0,195.1,240,1,0.0276,0.04
1628,29,51.3,499,0,243.6,319,0,205.1,250,1,0.0276,0.04
1629,30,50.7,499,0,233.3,305,0,216.0,265,1,0.0276,0.04
1630,31,50.7,499,0,224.7,294,0,224.6,270,1,0.0276,0.04
1631,32,50.4,499,0,216.6,283,0,233.0,279,1,0.0276,0.04
1632,33,50.3,499,0,207.9,278,0,241.8,285,1,0.0276,0.04
1633,34,50.3,499,0,200.8,269,0,248.9,291,1,0.0276,0.04
1634,35,50.3,499,0,192.8,263,0,256.9,302,1,0.0276,0.04
1635,36,50.3,499,0,184.5,253,0,265.2,311,1,0.0276,0.04
1636,37,50.3,499,0,177.5,237,0,272.2,315,1,0.0276,0.04
1637,38,50.3,499,0,170.5,226,0,279.2,324,1,0.0276,0.04
1638,39,50.3,499,0,163.5,220,0,286.2,331,1,0.0276,0.04
1639,40,50.2,499,0,157.1,211,0,292.7,338,1,0.0276,0.04
1640,41,50.2,499,0,151.9,207,0,297.9,344,1,0.0276,0.04
1641,42,50.2,499,0,145.4,201,0,304.4,351,1,0.0276,0.04
1642,43,50.2,499,0,139.5,191,0,310.3,360,1,0.0276,0.04
1643,44,50.2,499,0,133.6,186,0,316.2,367,1,0.0276,0.04
1644,45,50.2,499,0,128.8,181,0,321.0,373,1,0.0276,0.04
1645,46,50.1,499,0,123.3,172,0,326.6,377,1,0.0276,0.04
1646,47,50.1,499,0,117.1,161,0,332.8,386,1,0.0276,0.04
1647,48,50.1,499,0,112.3,155,0,337.6,392,1,0.0276,0.04
1648,49,50.1,499,0,107.8,152,0,342.1,397,1,0.0276,0.04
1649,50,50.1,499,0,102.0,143,0,347.9,403,1,0.0276,0.04
1650,51,50.0,499,0,96.7,136,0,353.3,410,1,0.0276,0.04
1651,52,50.0,499,0,92.0,125,0,358.0,411,1,0.0276,0.04
1652,53,50.0,499,0,88.5,118,0,361.5,411,1,0.0276,0.04
1653,54,50.0,499,0,85.1,113,0,364.9,413,1,0.0276,0.04
1654,55,50.0,499,0,81.7,107,0,368.3,420,1,0.0276,0.04
1655,56,50.0,499,0,78.2,104,0,371.8,423,1,0.0276,0.04
1656,57,50.0,499,0,74.4,97,0,375.6,425,1,0.0276,0.04
1657,58,50.0,499,0,71.8,91,0,378.2,427,1,0.0276,0.04
1658,59,50.0,499,0,68.3,87,0,381.7,431,1,0.0276,0.04
1659,60,50.0,499,0,65.9,85,0,384.1,435,1,0.0276,0.04
1660,61,50.0,499,0,63.0,83,0,387.0,437,1,0.0276,0.04
1661,62,50.0,499,0,61.2,82,0,388.8,441,1,0.0276,0.04
1662,63,50.0,499,0,59.1,81,0,390.9,444,1,0.0276,0.04
1663,64,50.0,499,0,57.4,80,0,392.6,445,1,0.0276,0.04
1664,65,50.0,499,0,56.2,78,0,393.8,445,1,0.0276,0.04
1665,66,50.0,499,0,53.9,75,0,396.1,448,1,0.0276,0.04
1666,67,50.0,499,0,52.0,73,0,398.0,450,1,0.0276,0.04
1667,68,50.0,499,0,49.4,68,0,400.6,453,1,0.0276,0.04
1668,69,50.0,499,0,47.4,66,0,402.6,456,1,0.0276,0.04
1669,70,50.0,499,0,45.0,64,0,405.0,458,1,0.0276,0.04
1670,71,50.0,499,0,43.2,59,0,406.8,462,1,0.0276,0.04
1671,72,50.0,499,0,41.2,58,0,408.8,465,1,0.0276,0.04
1672,73,50.0,499,0,39.9,56,0,410.1,467,1,0.0276,0.04
1673,74,50.0,499,0,38.8,53,0,411.2,468,1,0.0276,0.04
1674,75,50.0,499,0,36.9,50,0,413.1,470,1,0.0276,0.04
1675,76,50.0,499,0,35.3,47,0,414.7,471,1,0.0276,0.04
1676,77,50.0,499,0,34.3,47,0,415.7,471,1,0.0276,0.04
1677,78,50.0,499,0,32.3,46,0,417.7,474,1,0.0276,0.04
1678,79,50.0,499,0,31.1,43,0,418.9,474,1,0.0276,0.04
1679,80,50.0,499,0,29.9,43,0,420.1,476,1,0.0276,0.04
1680,81,50.0,499,0,28.5,41,0,421.5,476,1,0.0276,0.04
1681,82,50.0,499,0,27.6,40,0,422.4,476,1,0.0276,0.04
1682,83,50.0,499,0,25.9,38,0,424.1,477,1,0.0276,0.04
1683,84,50.0,499,0,24.8,36,0,425.2,478,1,0.0276,0.04
1684,85,50.0,499,0,23.8,33,0,426.2,480,1,0.0276,0.04
1685,86,50.0,499,0,22.5,33,0,427.5,480,1,0.0276,0.04
1686,87,50.0,499,0,21.4,32,0,428.6,481,1,0.0276,0.04
1687,88,50.0,499,0,20.5,29,0,429.5,481,1,0.0276,0.04
1688,89,50.0,499,0,19.7,29,0,430.3,481,1,0.0276,0.04
1689,90,50.0,499,0,19.3,29,0,430.7,482,1,0.0276,0.04
1690,91,50.0,499,0,18.7,28,0,431.3,483,1,0.0276,0.04
1691,92,50.0,499,0,18.3,28,0,431.7,483,1,0.0276,0.04
1692,93,50.0,499,0,17.8,28,0,432.2,484,1,0.0276,0.04
1693,94,50.0,499,0,17.0,28,0,433.0,485,1,0.0276,0.04
1694,95,50.0,499,0,16.6,28,0,433.4,485,1,0.0276,0.04
1695,96,50.0,499,0,16.2,27,0,433.8,485,1,0.0276,0.04
1696,97,50.0,499,0,15.6,26,0,434.4,485,1,0.0276,0.04
1697,98,50.0,499,0,15.2,25,0,434.8,486,1,0.0276,0.04
1698,99,50.0,499,0,14.7,23,0,435.3,486,1,0.0276,0.04
1699,100,50.0,499,0,14.4,22,0,435.6,486,1,0.0276,0.04
1700,101,50.0,499,0,13.4,19,0,436.6,487,1,0.0276,0.04
1701,102,50.0,499,0,13.0,19,0,437.0,488,1,0.0276,0.04
1702,103,50.0,499,0,12.7,18,0,437.3,489,1,0.0276,0.04
1703,104,50.0,499,0,12.4,18,0,437.6,489,1,0.0276,0.04
1704,105,50.0,499,0,11.9,17,0,438.1,490,1,0.0276,0.04
1705,106,50.0,499,0,11.5,17,0,438.5,490,1,0.0276,0.04
1706,107,50.0,499,0,11.1,16,0,438.9,490,1,0.0276,0.04
1707,108,50.0,499,0,10.8,16,0,439.2,491,1,0.0276,0.04
1708,109,50.0,499,0,10.1,15,0,439.9,493,1,0.0276,0.04
1709,110,50.0,499,0,9.7,15,0,440.3,493,1,0.0276,0.04
1710,111,50.0,499,0,9.5,15,0,440.5,493,1,0.0276,0.04
1711,112,50.0,499,0,9.0,15,0,441.0,494,1,0.0276,0.04
1712,113,50.0,499,0,8.6,15,0,441.4,494,1,0.0276,0.04
1713,114,50.0,499,0,8.4,14,0,441.6,494,1,0.0276,0.04
1714,115,50.0,499,0,7.9,14,0,442.1,494,1,0.0276,0.04
1715,116,50.0,499,0,7.2,13,0,442.8,497,1,0.0276,0.04
1716,117,50.0,499,0,7.0,13,0,443.0,497,1,0.0276,0.04
1717,118,50.0,499,0,6.6,12,0,443.4,497,1,0.0276,0.04
1718,119,50.0,499,0,6.4,12,0,443.6,497,1,0.0276,0.04
1719,120,50.0,499,0,6.0,11,0,444.0,497,1,0.0276,0.04
1720,121,50.0,499,0,5.4,10,0,444.6,497,1,0.0276,0.04
1721,122,50.0,499,0,5.2,9,0,444.8,497,1,0.0276,0.04
1722,123,50.0,499,0,4.9,9,0,445.1,498,1,0.0276,0.04
1723,124,50.0,499,0,4.6,9,0,445.4,498,1,0.0276,0.04
1724,125,50.0,499,0,4.5,9,0,445.5,498,1,0.0276,0.04
1725,126,50.0,499,0,4.2,9,0,445.8,498,1,0.0276,0.04
1726,127,50.0,499,0,3.9,9,0,446.1,498,1,0.0276,0.04
1727,128,50.0,499,0,3.8,9,0,446.2,498,1,0.0276,0.04
1728,129,50.0,499,0,3.2,9,0,446.8,499,1,0.0276,0.04
1729,130,50.0,499,0,3.0,9,0,447.0,499,1,0.0276,0.04
1730,131,50.0,499,0,3.0,9,0,447.0,499,1,0.0276,0.04
1731,132,50.0,499,0,2.9,9,0,447.1,499,1,0.0276,0.04
1732,133,50.0,499,0,2.7,8,0,447.3,499,1,0.0276,0.04
1733,134,50.0,499,0,2.7,8,0,447.3,499,1,0.0276,0.04
1734,135,50.0,499,0,2.7,8,0,447.3,499,1,0.0276,0.04
1735,136,50.0,499,0,2.6,7,0,447.4,499,1,0.0276,0.04
1736,137,50.0,499,0,2.4,7,0,447.6,499,1,0.0276,0.04
1737,138,50.0,499,0,2.3,7,0,447.7,500,1,0.0276,0.04
1738,139,50.0,499,0,2.2,7,0,447.8,500,1,0.0276,0.04
1739,140,50.0,499,0,2.0,5,0,448.0,500,1,0.0276,0.04
1740,141,50.0,499,0,1.9,5,0,448.1,500,1,0.0276,0.04
1741,142,50.0,499,0,1.8,5,0,448.2,500,1,0.0276,0.04
1742,143,50.0,499,0,1.6,5,0,448.4,500,1,0.0276,0.04
1743,144,50.0,499,0,1.5,4,0,448.5,500,1,0.0276,0.04
1744,145,50.0,499,0,1.5,4,0,448.5,500,1,0.0276,0.04
1745,146,50.0,499,0,1.4,4,0,448.6,500,1,0.0276,0.04
1746,147,50.0,499,0,1.4,4,0,448.6,500,1,0.0276,0.04
1747,148,50.0,499,0,1.3,4,0,448.7,500,1,0.0276,0.04
1748,149,50.0,499,0,1.3,4,0,448.7,500,1,0.0276,0.04
1749,150,50.0,499,0,0.9,2,0,449.1,500,1,0.0276,0.04
1750,151,50.0,499,0,0.8,2,0,449.2,500,1,0.0276,0.04
1751,152,50.0,499,0,0.6,2,0,449.4,500,1,0.0276,0.04
1752,153,50.0,499,0,0.5,2,0,449.5,500,1,0.0276,0.04
1753,154,50.0,499,0,0.5,2,0,449.5,500,1,0.0276,0.04
1754,155,50.0,499,0,0.5,2,0,449.5,500,1,0.0276,0.04
1755,156,50.0,499,0,0.5,2,0,449.5,500,1,0.0276,0.04
1756,157,50.0,499,0,0.5,2,0,449.5,500,1,0.0276,0.04
1757,158,50.0,499,0,0.4,2,0,449.6,500,1,0.0276,0.04
1758,159,50.0,499,0,0.4,2,0,449.6,500,1,0.0276,0.04
1759,160,50.0,499,0,0.3,1,0,449.7,500,1,0.0276,0.04
1760,161,50.0,499,0,0.3,1,0,449.7,500,1,0.0276,0.04
1761,162,50.0,499,0,0.3,1,0,449.7,500,1,0.0276,0.04
1762,163,50.0,499,0,0.3,1,0,449.7,500,1,0.0276,0.04
1763,164,50.0,499,0,0.3,1,0,449.7,500,1,0.0276,0.04
1764,165,50.0,499,0,0.3,1,0,449.7,500,1,0.0276,0.04
1765,166,50.0,499,0,0.3,1,0,449.7,500,1,0.0276,0.04
1766,167,50.0,499,0,0.3,1,0,449.7,500,1,0.0276,0.04
1767,168,50.0,499,0,0.3,1,0,449.7,500,1,0.0276,0.04
1768,169,50.0,499,0,0.3,1,0,449.7,500,1,0.0276,0.04
1769,170,50.0,499,0,0.3,1,0,449.7,500,1,0.0276,0.04
1770,171,50.0,499,0,0.2,1,0,449.8,500,1,0.0276,0.04
1771,172,50.0,499,0,0.2,1,0,449.8,500,1,0.0276,0.04
1772,173,50.0,499,0,0.2,1,0,449.8,500,1,0.0276,0.04
1773,174,50.0,499,0,0.2,1,0,449.8,500,1,0.0276,0.04
1774,175,50.0,499,0,0.2,1,0,449.8,500,1,0.0276,0.04
1775,176,50.0,499,0,0.2,1,0,449.8,500,1,0.0276,0.04
1776,177,50.0,499,0,0.2,1,0,449.8,500,1,0.0276,0.04
1777,178,50.0,499,0,0.2,1,0,449.8,500,1,0.0276,0.04
1778,179,50.0,499,0,0.2,1,0,449.8,500,1,0.0276,0.04
1779,180,50.0,499,0,0.2,1,0,449.8,500,1,0.0276,0.04
1780,181,50.0,499,0,0.2,1,0,449.8,500,1,0.0276,0.04
1781,182,50.0,499,0,0.2,1,0,449.8,500,1,0.0276,0.04
1782,183,50.0,499,0,0.2,1,0,449.8,500,1,0.0276,0.04
1783,184,50.0,499,0,0.2,1,0,449.8,500,1,0.0276,0.04
1784,185,50.0,499,0,0.2,1,0,449.8,500,1,0.0276,0.04
1785,186,50.0,499,0,0.2,1,0,449.8,500,1,0.0276,0.04
1786,187,50.0,499,0,0.2,1,0,449.8,500,1,0.0276,0.04
1787,188,50.0,499,0,0.1,1,0,449.9,500,1,0.0276,0.04
1788,189,50.0,499,0,0.1,1,0,449.9,500,1,0.0276,0.04
1789,190,50.0,499,0,0.1,1,0,449.9,500,1,0.0276,0.04
1790,191,50.0,499,0,0.1,1,0,449.9,500,1,0.0276,0.04
1791,192,50.0,499,0,0.1,1,0,449.9,500,1,0.0276,0.04
1792,193,50.0,499,0,0.1,1,0,449.9,500,1,0.0276,0.04
1793,194,50.0,499,0,0.1,1,0,449.9,500,1,0.0276,0.04
1794,195,50.0,499,0,0.1,1,0,449.9,500,1,0.0276,0.04
1795,196,50.0,499,0,0.1,1,0,449.9,500,1,0.0276,0.04
1796,197,50.0,499,0,0.1,1,0,449.9,500,1,0.0276,0.04
1797,198,50.0,499,0,0.1,1,0,449.9,500,1,0.0276,0.04
1798,199,50.0,499,0,0.1,1,0,449.9,500,1,0.0276,0.04
1799,200,50.0,499,0,0.1,1,0,449.9,500,1,0.0276,0.04
1800,1,498.7,499,498,1.3,2,1,0.0,0,0,0.031,0.04
1801,2,497.3,499,493,2.6,7,1,0.1,1,0,0.031,0.04
1802,3,496.2,499,486,3.6,14,1,0.2,1,0,0.031,0.04
1803,4,493.4,499,475,6.3,25,1,0.3,1,0,0.031,0.04
1804,5,488.3,497,460,10.9,38,3,0.8,2,0,0.031,0.04
1805,6,481.2,497,433,17.2,61,3,1.6,6,0,0.031,0.04
1806,7,469.3,495,396,27.8,95,5,2.9,9,0,0.031,0.04
1807,8,452.3,492,339,42.7,144,8,5.0,17,0,0.031,0.04
1808,9,427.0,486,273,65.2,201,14,7.8,26,0,0.031,0.04
1809,10,394.5,476,215,93.9,249,23,11.6,36,1,0.031,0.04
1810,11,350.6,463,148,132.0,300,33,17.4,52,4,0.031,0.04
1811,12,300.6,441,100,174.9,333,53,24.5,67,6,0.031,0.04
1812,13,241.7,405,67,225.1,349,86,33.2,84,9,0.031,0.04
1813,14,179.2,355,37,275.7,361,133,45.1,102,12,0.031,0.04
1814,15,129.3,285,26,312.3,359,193,58.4,117,22,0.031,0.04
1815,16,88.6,223,14,339.0,370,250,72.4,125,27,0.031,0.04
1816,17,58.1,147,9,355.9,376,313,86.0,141,36,0.031,0.04
1817,18,38.0,95,7,360.5,381,331,101.5,161,52,0.031,0.04
1818,19,21.9,57,4,360.8,384,323,117.3,173,68,0.031,0.04
1819,20,13.1,39,2,354.3,379,305,132.6,193,83,0.031,0.04
1820,21,7.8,18,1,346.5,383,297,145.7,202,99,0.031,0.04
1821,22,5.2,11,1,335.8,375,284,159.0,215,114,0.031,0.04
1822,23,3.2,6,1,325.9,365,270,170.9,229,131,0.031,0.04
1823,24,2.3,4,0,315.6,345,263,182.1,236,152,0.031,0.04
1824,25,1.5,3,0,302.7,330,255,195.8,244,168,0.031,0.04
1825,26,1.1,3,0,291.3,321,246,207.6,253,178,0.031,0.04
1826,27,0.9,3,0,279.2,309,238,219.9,261,190,0.031,0.04
1827,28,0.7,2,0,268.9,296,228,230.4,271,204,0.031,0.04
1828,29,0.6,2,0,258.8,281,217,240.6,282,219,0.031,0.04
1829,30,0.6,2,0,249.7,273,209,249.7,290,227,0.031,0.04
1830,31,0.5,1,0,238.1,260,196,261.4,303,240,0.031,0.04
1831,32,0.5,1,0,229.4,252,188,270.1,311,248,0.031,0.04
1832,33,0.4,1,0,218.8,246,181,280.8,318,254,0.031,0.04
1833,34,0.3,1,0,209.6,231,177,290.1,322,269,0.031,0.04
1834,35,0.3,1,0,200.0,222,166,299.7,333,278,0.031,0.04
1835,36,0.3,1,0,192.0,210,157,307.7,342,290,0.031,0.04
1836,37,0.2,1,0,183.0,200,148,316.8,352,300,0.031,0.04
1837,38,0.2,1,0,176.5,190,145,323.3,355,310,0.031,0.04
1838,39,0.2,1,0,169.2,183,133,330.6,367,317,0.031,0.04
1839,40,0.2,1,0,162.1,173,127,337.7,373,326,0.031,0.04
1840,41,0.2,1,0,156.3,169,121,343.5,379,330,0.031,0.04
1841,42,0.1,1,0,150.0,165,118,349.9,382,335,0.031,0.04
1842,43,0.1,1,0,143.2,161,116,356.7,384,339,0.031,0.04
1843,44,0.1,1,0,137.3,150,112,362.6,388,350,0.031,0.04
1844,45,0.1,1,0,132.7,147,107,367.2,393,353,0.031,0.04
1845,46,0.1,1,0,127.1,141,105,372.8,395,359,0.031,0.04
1846,47,0.1,1,0,122.1,136,101,377.8,399,364,0.031,0.04
1847,48,0.1,1,0,116.5,132,94,383.4,406,368,0.031,0.04
1848,49,0.1,1,0,110.8,122,93,389.1,407,378,0.031,0.04
1849,50,0.1,1,0,106.8,117,92,393.1,408,383,0.031,0.04
1850,51,0.1,1,0,102.5,114,90,397.4,410,386,0.031,0.04
1851,52,0.1,1,0,99.2,112,86,400.7,414,388,0.031,0.04
1852,53,0.1,1,0,94.1,109,79,405.8,420,391,0.031,0.04
1853,54,0.1,1,0,91.0,105,73,408.9,426,395,0.031,0.04
1854,55,0.1,1,0,86.0,101,69,413.9,430,399,0.031,0.04
1855,56,0.1,1,0,81.6,94,67,418.3,432,406,0.031,0.04
1856,57,0.1,1,0,77.3,89,66,422.6,433,411,0.031,0.04
1857,58,0.1,1,0,73.8,82,62,426.1,437,418,0.031,0.04
1858,59,0.1,1,0,70.3,79,62,429.6,437,421,0.031,0.04
1859,60,0.1,1,0,66.7,75,58,433.2,441,425,0.031,0.04
1860,61,0.1,1,0,63.8,74,55,436.1,444,426,0.031,0.04
1861,62,0.1,1,0,61.6,73,53,438.3,446,427,0.031,0.04
1862,63,0.1,1,0,59.1,69,50,440.8,449,431,0.031,0.04
1863,64,0.1,1,0,56.7,66,48,443.2,452,434,0.031,0.04
1864,65,0.1,1,0,53.9,64,46,446.0,453,436,0.031,0.04
1865,66,0.1,1,0,52.5,64,46,447.4,453,436,0.031,0.04
1866,67,0.1,1,0,50.7,63,46,449.2,454,437,0.031,0.04
1867,68,0.1,1,0,48.4,58,42,451.5,457,442,0.031,0.04
1868,69,0.1,1,0,46.4,57,39,453.5,460,443,0.031,0.04
1869,70,0.1,1,0,45.6,54,37,454.3,462,446,0.031,0.04
1870,71,0.1,1,0,44.0,52,36,455.9,463,448,0.031,0.04
1871,72,0.1,1,0,42.7,50,36,457.2,464,450,0.031,0.04
1872,73,0.1,1,0,41.0,49,34,458.9,465,451,0.031,0.04
1873,74,0.1,1,0,38.8,46,33,461.1,466,454,0.031,0.04
1874,75,0.1,1,0,36.4,45,30,463.5,469,455,0.031,0.04
1875,76,0.1,1,0,35.0,43,30,464.9,470,457,0.031,0.04
1876,77,0.1,1,0,33.8,41,28,466.1,472,459,0.031,0.04
1877,78,0.1,1,0,31.8,39,28,468.1,472,461,0.031,0.04
1878,79,0.1,1,0,30.4,37,26,469.5,473,463,0.031,0.04
1879,80,0.1,1,0,29.0,35,24,470.9,476,465,0.031,0.04
1880,81,0.1,1,0,27.8,33,22,472.1,478,467,0.031,0.04
1881,82,0.1,1,0,26.5,33,19,473.4,481,467,0.031,0.04
1882,83,0.1,1,0,25.4,32,19,474.5,481,468,0.031,0.04
1883,84,0.1,1,0,24.2,30,19,475.7,481,470,0.031,0.04
1884,85,0.1,1,0,23.5,30,18,476.4,482,470,0.031,0.04
1885,86,0.1,1,0,22.8,29,17,477.1,483,471,0.031,0.04
1886,87,0.1,1,0,21.3,27,16,478.6,484,473,0.031,0.04
1887,88,0.1,1,0,20.4,27,16,479.5,484,473,0.031,0.04
1888,89,0.1,1,0,19.5,25,16,480.4,484,475,0.031,0.04
1889,90,0.1,1,0,18.5,23,15,481.4,485,477,0.031,0.04
1890,91,0.1,1,0,18.0,23,14,481.9,486,477,0.031,0.04
1891,92,0.1,1,0,17.1,21,12,482.8,488,479,0.031,0.04
1892,93,0.1,1,0,16.1,20,10,483.8,490,480,0.031,0.04
1893,94,0.1,1,0,15.3,20,10,484.6,490,480,0.031,0.04
1894,95,0.1,1,0,14.9,20,10,485.0,490,480,0.031,0.04
1895,96,0.1,1,0,14.5,19,10,485.4,490,481,0.031,0.04
1896,97,0.1,1,0,13.7,18,10,486.2,490,482,0.031,0.04
1897,98,0.1,1,0,13.3,17,9,486.6,490,483,0.031,0.04
1898,99,0.1,1,0,13.0,17,9,486.9,490,483,0.031,0.04
1899,100,0.1,1,0,12.5,17,9,487.4,490,483,0.031,0.04
1900,101,0.1,1,0,11.8,15,8,488.1,491,485,0.031,0.04
1901,102,0.1,1,0,11.5,14,8,488.4,491,486,0.031,0.04
1902,103,0.1,1,0,10.8,14,7,489.1,492,486,0.031,0.04
1903,104,0.1,1,0,10.6,14,7,489.3,492,486,0.031,0.04
1904,105,0.1,1,0,10.1,14,7,489.8,492,486,0.031,0.04
1905,106,0.1,1,0,9.6,13,7,490.3,492,487,0.031,0.04
1906,107,0.1,1,0,8.7,13,6,491.2,493,487,0.031,0.04
1907,108,0.1,1,0,8.6,13,6,491.3,493,487,0.031,0.04
1908,109,0.1,1,0,8.3,13,5,491.6,494,487,0.031,0.04
1909,110,0.1,1,0,7.7,13,4,492.2,495,487,0.031,0.04
1910,111,0.1,1,0,7.5,13,3,492.4,496,487,0.031,0.04
1911,112,0.1,1,0,7.4,13,3,492.5,496,487,0.031,0.04
1912,113,0.1,1,0,6.6,11,3,493.3,496,489,0.031,0.04
1913,114,0.1,1,0,6.0,10,3,493.9,496,490,0.031,0.04
1914,115,0.1,1,0,5.8,9,3,494.1,496,491,0.031,0.04
1915,116,0.1,1,0,5.7,9,2,494.2,497,491,0.031,0.04
1916,117,0.1,1,0,5.7,9,2,494.2,497,491,0.031,0.04
1917,118,0.1,1,0,5.7,9,2,494.2,497,491,0.031,0.04
1918,119,0.1,1,0,5.1,9,2,494.8,497,491,0.031,0.04
1919,120,0.1,1,0,4.9,8,1,495.0,498,492,0.031,0.04
1920,121,0.1,1,0,4.9,8,1,495.0,498,492,0.031,0.04
1921,122,0.1,1,0,4.6,8,1,495.3,498,492,0.031,0.04
1922,123,0.1,1,0,4.2,7,1,495.7,498,493,0.031,0.04
1923,124,0.1,1,0,4.1,7,1,495.8,499,493,0.031,0.04
1924,125,0.1,1,0,3.7,6,1,496.2,499,494,0.031,0.04
1925,126,0.1,1,0,3.2,6,1,496.7,499,494,0.031,0.04
1926,127,0.1,1,0,2.8,6,1,497.1,499,494,0.031,0.04
1927,128,0.1,1,0,2.8,6,1,497.1,499,494,0.031,0.04
1928,129,0.1,1,0,2.6,6,1,497.3,499,494,0.031,0.04
1929,130,0.1,1,0,2.4,5,0,497.5,500,495,0.031,0.04
1930,131,0.1,1,0,2.2,5,0,497.7,500,495,0.031,0.04
1931,132,0.1,1,0,2.2,5,0,497.7,500,495,0.031,0.04
1932,133,0.1,1,0,2.1,5,0,497.8,500,495,0.031,0.04
1933,134,0.1,1,0,1.9,4,0,498.0,500,496,0.031,0.04
1934,135,0.1,1,0,1.7,4,0,498.2,500,496,0.031,0.04
1935,136,0.1,1,0,1.6,4,0,498.3,500,496,0.031,0.04
1936,137,0.1,1,0,1.6,4,0,498.3,500,496,0.031,0.04
1937,138,0.1,1,0,1.6,4,0,498.3,500,496,0.031,0.04
1938,139,0.1,1,0,1.6,4,0,498.3,500,496,0.031,0.04
1939,140,0.1,1,0,1.4,4,0,498.5,500,496,0.031,0.04
1940,141,0.1,1,0,1.3,3,0,498.6,500,497,0.031,0.04
1941,142,0.1,1,0,1.2,3,0,498.7,500,497,0.031,0.04
1942,143,0.1,1,0,1.2,3,0,498.7,500,497,0.031,0.04
1943,144,0.1,1,0,1.2,3,0,498.7,500,497,0.031,0.04
1944,145,0.1,1,0,1.0,2,0,498.9,500,498,0.031,0.04
1945,146,0.1,1,0,1.0,2,0,498.9,500,498,0.031,0.04
1946,147,0.1,1,0,0.9,2,0,499.0,500,498,0.031,0.04
1947,148,0.1,1,0,0.9,2,0,499.0,500,498,0.031,0.04
1948,149,0.1,1,0,0.9,2,0,499.0,500,498,0.031,0.04
1949,150,0.1,1,0,0.9,2,0,499.0,500,498,0.031,0.04
1950,151,0.1,1,0,0.9,2,0,499.0,500,498,0.031,0.04
1951,152,0.1,1,0,0.9,2,0,499.0,500,498,0.031,0.04
1952,153,0.1,1,0,0.8,2,0,499.1,500,498,0.031,0.04
1953,154,0.1,1,0,0.8,2,0,499.1,500,498,0.031,0.04
1954,155,0.1,1,0,0.8,2,0,499.1,500,498,0.031,0.04
1955,156,0.1,1,0,0.6,1,0,499.3,500,499,0.031,0.04
1956,157,0.1,1,0,0.6,1,0,499.3,500,499,0.031,0.04
1957,158,0.1,1,0,0.6,1,0,499.3,500,499,0.031,0.04
1958,159,0.1,1,0,0.5,1,0,499.4,500,499,0.031,0.04
1959,160,0.1,1,0,0.5,1,0,499.4,500,499,0.031,0.04
1960,161,0.1,1,0,0.4,1,0,499.5,500,499,0.031,0.04
1961,162,0.1,1,0,0.4,1,0,499.5,500,499,0.031,0.04
1962,163,0.1,1,0,0.4,1,0,499.5,500,499,0.031,0.04
1963,164,0.1,1,0,0.4,1,0,499.5,500,499,0.031,0.04
1964,165,0.1,1,0,0.2,1,0,499.7,500,499,0.031,0.04
1965,166,0.1,1,0,0.2,1,0,499.7,500,499,0.031,0.04
1966,167,0.1,1,0,0.1,1,0,499.8,500,499,0.031,0.04
1967,168,0.1,1,0,0.1,1,0,499.8,500,499,0.031,0.04
1968,169,0.1,1,0,0.1,1,0,499.8,500,499,0.031,0.04
1969,170,0.1,1,0,0.1,1,0,499.8,500,499,0.031,0.04
1970,171,0.1,1,0,0.1,1,0,499.8,500,499,0.031,0.04
1971,172,0.1,1,0,0.1,1,0,499.8,500,499,0.031,0.04
1972,173,0.1,1,0,0.1,1,0,499.8,500,499,0.031,0.04
1973,174,0.1,1,0,0.1,1,0,499.8,500,499,0.031,0.04
1974,175,0.1,1,0,0.1,1,0,499.8,500,499,0.031,0.04
1975,176,0.1,1,0,0.1,1,0,499.8,500,499,0.031,0.04
1976,177,0.1,1,0,0.1,1,0,499.8,500,499,0.031,0.04
1977,178,0.1,1,0,0.1,1,0,499.8,500,499,0.031,0.04
1978,179,0.1,1,0,0.1,1,0,499.8,500,499,0.031,0.04
1979,180,0.1,1,0,0.1,1,0,499.8,500,499,0.031,0.04
1980,181,0.1,1,0,0.1,1,0,499.8,500,499,0.031,0.04
1981,182,0.1,1,0,0.1,1,0,499.8,500,499,0.031,0.04
1982,183,0.1,1,0,0.1,1,0,499.8,500,499,0.031,0.04
1983,184,0.1,1,0,0.1,1,0,499.8,500,499,0.031,0.04
1984,185,0.1,1,0,0.0,0,0,499.9,500,499,0.031,0.04
1985,186,0.1,1,0,0.0,0,0,499.9,500,499,0.031,0.04
1986,187,0.1,1,0,0.0,0,0,499.9,500,499,0.031,0.04
1987,188,0.1,1,0,0.0,0,0,499.9,500,499,0.031,0.04
1988,189,0.1,1,0,0.0,0,0,499.9,500,499,0.031,0.04
1989,190,0.1,1,0,0.0,0,0,499.9,500,499,0.031,0.04
1990,191,0.1,1,0,0.0,0,0,499.9,500,499,0.031,0.04
1991,192,0.1,1,0,0.0,0,0,499.9,500,499,0.031,0.04
1992,193,0.1,1,0,0.0,0,0,499.9,500,499,0.031,0.04
1993,194,0.1,1,0,0.0,0,0,499.9,500,499,0.031,0.04
1994,195,0.1,1,0,0.0,0,0,499.9,500,499,0.031,0.04
1995,196,0.1,1,0,0.0,0,0,499.9,500,499,0.031,0.04
1996,197,0.1,1,0,0.0,0,0,499.9,500,499,0.031,0.04
1997,198,0.1,1,0,0.0,0,0,499.9,500,499,0.031,0.04
1998,199,0.1,1,0,0.0,0,0,499.9,500,499,0.031,0.04
1999,200,0.1,1,0,0.0,0,0,499.9,500,499,0.031,0.04
2000,1,498.1,499,496,1.9,4,1,0.0,0,0,0.0345,0.04
2001,2,496.2,499,492,3.5,8,0,0.3,1,0,0.0345,0.04
2002,3,493.3,499,485,6.3,14,0,0.4,1,0,0.0345,0.04
2003,4,486.7,499,468,12.9,31,0,0.4,1,0,0.0345,0.04
2004,5,475.2,499,444,23.9,55,0,0.9,2,0,0.0345,0.04
2005,6,454.3,499,407,42.9,89,0,2.8,7,0,0.0345,0.04
2006,7,426.4,499,364,68.8,128,0,4.8,10,0,0.0345,0.04
2007,8,387.4,499,291,104.6,193,0,8.0,16,1,0.0345,0.04
2008,9,333.5,499,214,152.9,264,0,13.6,27,1,0.0345,0.04
2009,10,276.0,499,132,202.1,332,0,21.9,38,1,0.0345,0.04
2010,11,214.6,499,75,252.1,376,0,33.3,55,1,0.0345,0.04
2011,12,163.4,499,43,288.9,389,0,47.7,83,1,0.0345,0.04
2012,13,123.1,499,23,316.8,393,0,60.1,97,1,0.0345,0.04
2013,14,91.6,499,10,332.6,388,0,75.8,110,1,0.0345,0.04
2014,15,74.7,499,6,334.8,395,0,90.5,125,1,0.0345,0.04
2015,16,64.9,499,3,328.9,377,0,106.2,140,1,0.0345,0.04
2016,17,58.6,499,2,322.4,373,0,119.0,155,1,0.0345,0.04
2017,18,55.6,499,1,311.6,362,0,132.8,172,1,0.0345,0.04
2018,19,54.0,499,1,299.4,352,0,146.6,187,1,0.0345,0.04
2019,20,52.1,499,0,288.0,347,0,159.9,201,1,0.0345,0.04
2020,21,51.4,499,0,277.5,331,0,171.1,211,1,0.0345,0.04
2021,22,50.8,499,0,264.3,321,0,184.9,230,1,0.0345,0.04
2022,23,50.4,499,0,253.1,302,0,196.5,237,1,0.0345,0.04
2023,24,50.2,499,0,244.0,293,0,205.8,244,1,0.0345,0.04
2024,25,50.2,499,0,234.4,283,0,215.4,256,1,0.0345,0.04
2025,26,50.2,499,0,223.8,266,0,226.0,266,1,0.0345,0.04
2026,27,50.1,499,0,214.3,252,0,235.6,273,1,0.0345,0.04
2027,28,50.1,499,0,205.3,244,0,244.6,284,1,0.0345,0.04
2028,29,50.1,499,0,196.0,235,0,253.9,290,1,0.0345,0.04
2029,30,50.0,499,0,189.3,225,0,260.7,297,1,0.0345,0.04
2030,31,50.0,499,0,181.6,215,0,268.4,307,1,0.0345,0.04
2031,32,49.9,499,0,175.2,205,0,274.9,315,1,0.0345,0.04
2032,33,49.9,499,0,167.3,194,0,282.8,324,1,0.0345,0.04
2033,34,49.9,499,0,162.0,189,0,288.1,335,1,0.0345,0.04
2034,35,49.9,499,0,155.6,183,0,294.5,340,1,0.0345,0.04
2035,36,49.9,499,0,149.6,172,0,300.5,345,1,0.0345,0.04
2036,37,49.9,499,0,143.6,168,0,306.5,352,1,0.0345,0.04
2037,38,49.9,499,0,139.2,165,0,310.9,357,1,0.0345,0.04
2038,39,49.9,499,0,133.1,156,0,317.0,364,1,0.0345,0.04
2039,40,49.9,499,0,127.6,151,0,322.5,374,1,0.0345,0.04
2040,41,49.9,499,0,122.0,144,0,328.1,377,1,0.0345,0.04
2041,42,49.9,499,0,117.1,140,0,333.0,386,1,0.0345,0.04
2042,43,49.9,499,0,112.3,133,0,337.8,391,1,0.0345,0.04
2043,44,49.9,499,0,107.7,128,0,342.4,399,1,0.0345,0.04
2044,45,49.9,499,0,103.8,126,0,346.3,406,1,0.0345,0.04
2045,46,49.9,499,0,98.6,120,0,351.5,414,1,0.0345,0.04
2046,47,49.9,499,0,94.5,112,0,355.6,418,1,0.0345,0.04
2047,48,49.9,499,0,91.2,110,0,358.9,422,1,0.0345,0.04
2048,49,49.9,499,0,88.0,108,0,362.1,426,1,0.0345,0.04
2049,50,49.9,499,0,84.1,103,0,366.0,430,1,0.0345,0.04
2050,51,49.9,499,0,81.6,101,0,368.5,431,1,0.0345,0.04
2051,52,49.9,499,0,78.3,100,0,371.8,435,1,0.0345,0.04
2052,53,49.9,499,0,75.7,100,0,374.4,440,1,0.0345,0.04
2053,54,49.9,499,0,73.4,98,0,376.7,442,1,0.0345,0.04
2054,55,49.9,499,0,70.1,94,0,380.0,444,1,0.0345,0.04
2055,56,49.9,499,0,67.9,91,0,382.2,444,1,0.0345,0.04
2056,57,49.9,499,0,64.6,89,0,385.5,450,1,0.0345,0.04
2057,58,49.9,499,0,61.0,86,0,389.1,452,1,0.0345,0.04
2058,59,49.9,499,0,58.8,84,0,391.3,453,1,0.0345,0.04
2059,60,49.9,499,0,56.5,79,0,393.6,455,1,0.0345,0.04
2060,61,49.9,499,0,54.4,73,0,395.7,456,1,0.0345,0.04
2061,62,49.9,499,0,52.4,71,0,397.7,458,1,0.0345,0.04
2062,63,49.9,499,0,49.7,66,0,400.4,459,1,0.0345,0.04
2063,64,49.9,499,0,46.9,62,0,403.2,461,1,0.0345,0.04
2064,65,49.9,499,0,44.5,59,0,405.6,462,1,0.0345,0.04
2065,66,49.9,499,0,42.9,58,0,407.2,463,1,0.0345,0.04
2066,67,49.9,499,0,41.8,58,0,408.3,464,1,0.0345,0.04
2067,68,49.9,499,0,41.0,57,0,409.1,464,1,0.0345,0.04
2068,69,49.9,499,0,39.1,57,0,411.0,468,1,0.0345,0.04
2069,70,49.9,499,0,36.6,54,0,413.5,472,1,0.0345,0.04
2070,71,49.9,499,0,34.9,53,0,415.2,472,1,0.0345,0.04
2071,72,49.9,499,0,33.0,50,0,417.1,472,1,0.0345,0.04
2072,73,49.9,499,0,31.9,49,0,418.2,473,1,0.0345,0.04
2073,74,49.9,499,0,30.8,47,0,419.3,474,1,0.0345,0.04
2074,75,49.9,499,0,29.9,44,0,420.2,475,1,0.0345,0.04
2075,76,49.9,499,0,28.2,38,0,421.9,476,1,0.0345,0.04
2076,77,49.9,499,0,27.1,37,0,423.0,477,1,0.0345,0.04
2077,78,49.9,499,0,26.1,35,0,424.0,477,1,0.0345,0.04
2078,79,49.9,499,0,25.3,34,0,424.8,478,1,0.0345,0.04
2079,80,49.9,499,0,24.5,33,0,425.6,480,1,0.0345,0.04
2080,81,49.9,499,0,23.3,31,0,426.8,480,1,0.0345,0.04
2081,82,49.9,499,0,22.4,31,0,427.7,481,1,0.0345,0.04
2082,83,49.9,499,0,21.6,30,0,428.5,483,1,0.0345,0.04
2083,84,49.9,499,0,21.0,30,0,429.1,483,1,0.0345,0.04
2084,85,49.9,499,0,20.2,30,0,429.9,483,1,0.0345,0.04
2085,86,49.9,499,0,19.0,30,0,431.1,484,1,0.0345,0.04
2086,87,49.9,499,0,18.7,29,0,431.4,484,1,0.0345,0.04
2087,88,49.9,499,0,18.0,28,0,432.1,485,1,0.0345,0.04
2088,89,49.9,499,0,17.5,27,0,432.6,487,1,0.0345,0.04
2089,90,49.9,499,0,16.6,24,0,433.5,487,1,0.0345,0.04
2090,91,49.9,499,0,16.2,24,0,433.9,487,1,0.0345,0.04
2091,92,49.9,499,0,16.1,24,0,434.0,487,1,0.0345,0.04
2092,93,49.9,499,0,15.6,24,0,434.5,487,1,0.0345,0.04
2093,94,49.9,499,0,15.1,24,0,435.0,487,1,0.0345,0.04
2094,95,49.9,499,0,14.5,23,0,435.6,487,1,0.0345,0.04
2095,96,49.9,499,0,13.5,22,0,436.6,489,1,0.0345,0.04
2096,97,49.9,499,0,12.9,22,0,437.2,490,1,0.0345,0.04
2097,98,49.9,499,0,12.6,22,0,437.5,490,1,0.0345,0.04
2098,99,49.9,499,0,12.5,21,0,437.6,490,1,0.0345,0.04
2099,100,49.9,499,0,11.8,19,0,438.3,490,1,0.0345,0.04
2100,101,49.9,499,0,11.6,19,0,438.5,491,1,0.0345,0.04
2101,102,49.9,499,0,11.0,19,0,439.1,492,1,0.0345,0.04
2102,103,49.9,499,0,10.8,19,0,439.3,492,1,0.0345,0.04
2103,104,49.9,499,0,10.2,18,0,439.9,493,1,0.0345,0.04
2104,105,49.9,499,0,10.0,17,0,440.1,494,1,0.0345,0.04
2105,106,49.9,499,0,9.6,17,0,440.5,494,1,0.0345,0.04
2106,107,49.9,499,0,9.5,16,0,440.6,494,1,0.0345,0.04
2107,108,49.9,499,0,8.8,15,0,441.3,494,1,0.0345,0.04
2108,109,49.9,499,0,8.5,14,0,441.6,494,1,0.0345,0.04
2109,110,49.9,499,0,8.2,14,0,441.9,494,1,0.0345,0.04
2110,111,49.9,499,0,7.7,14,0,442.4,495,1,0.0345,0.04
2111,112,49.9,499,0,7.6,14,0,442.5,495,1,0.0345,0.04
2112,113,49.9,499,0,7.2,14,0,442.9,495,1,0.0345,0.04
2113,114,49.9,499,0,6.6,12,0,443.5,495,1,0.0345,0.04
2114,115,49.9,499,0,6.3,12,0,443.8,495,1,0.0345,0.04
2115,116,49.9,499,0,6.1,11,0,444.0,495,1,0.0345,0.04
2116,117,49.9,499,0,5.7,11,0,444.4,496,1,0.0345,0.04
2117,118,49.9,499,0,5.2,10,0,444.9,497,1,0.0345,0.04
2118,119,49.9,499,0,4.8,10,0,445.3,497,1,0.0345,0.04
2119,120,49.9,499,0,4.7,10,0,445.4,497,1,0.0345,0.04
2120,121,49.9,499,0,4.4,9,0,445.7,498,1,0.0345,0.04
2121,122,49.9,499,0,3.9,8,0,446.2,498,1,0.0345,0.04
2122,123,49.9,499,0,3.8,8,0,446.3,498,1,0.0345,0.04
2123,124,49.9,499,0,3.7,8,0,446.4,498,1,0.0345,0.04
2124,125,49.9,499,0,3.7,8,0,446.4,498,1,0.0345,0.04
2125,126,49.9,499,0,3.6,7,0,446.5,498,1,0.0345,0.04
2126,127,49.9,499,0,3.4,6,0,446.7,498,1,0.0345,0.04
2127,128,49.9,499,0,3.4,6,0,446.7,498,1,0.0345,0.04
2128,129,49.9,499,0,3.3,6,0,446.8,499,1,0.0345,0.04
2129,130,49.9,499,0,3.3,6,0,446.8,499,1,0.0345,0.04
2130,131,49.9,499,0,3.2,6,0,446.9,499,1,0.0345,0.04
2131,132,49.9,499,0,3.1,6,0,447.0,499,1,0.0345,0.04
2132,133,49.9,499,0,3.1,6,0,447.0,499,1,0.0345,0.04
2133,134,49.9,499,0,3.0,6,0,447.1,499,1,0.0345,0.04
2134,135,49.9,499,0,2.9,5,0,447.2,499,1,0.0345,0.04
2135,136,49.9,499,0,2.9,5,0,447.2,499,1,0.0345,0.04
2136,137,49.9,499,0,2.8,5,0,447.3,499,1,0.0345,0.04
2137,138,49.9,499,0,2.8,5,0,447.3,499,1,0.0345,0.04
2138,139,49.9,499,0,2.7,5,0,447.4,499,1,0.0345,0.04
2139,140,49.9,499,0,2.6,5,0,447.5,499,1,0.0345,0.04
2140,141,49.9,499,0,2.5,5,0,447.6,499,1,0.0345,0.04
2141,142,49.9,499,0,2.3,5,0,447.8,499,1,0.0345,0.04
2142,143,49.9,499,0,2.1,5,0,448.0,499,1,0.0345,0.04
2143,144,49.9,499,0,2.0,5,0,448.1,500,1,0.0345,0.04
2144,145,49.9,499,0,2.0,5,0,448.1,500,1,0.0345,0.04
2145,146,49.9,499,0,2.0,5,0,448.1,500,1,0.0345,0.04
2146,147,49.9,499,0,1.9,5,0,448.2,500,1,0.0345,0.04
2147,148,49.9,499,0,1.9,5,0,448.2,500,1,0.0345,0.04
2148,149,49.9,499,0,1.9,5,0,448.2,500,1,0.0345,0.04
2149,150,49.9,499,0,1.7,4,0,448.4,500,1,0.0345,0.04
2150,151,49.9,499,0,1.7,4,0,448.4,500,1,0.0345,0.04
2151,152,49.9,499,0,1.7,4,0,448.4,500,1,0.0345,0.04
2152,153,49.9,499,0,1.7,4,0,448.4,500,1,0.0345,0.04
2153,154,49.9,499,0,1.6,3,0,448.5,500,1,0.0345,0.04
2154,155,49.9,499,0,1.5,3,0,448.6,500,1,0.0345,0.04
2155,156,49.9,499,0,1.4,3,0,448.7,500,1,0.0345,0.04
2156,157,49.9,499,0,1.3,3,0,448.8,500,1,0.0345,0.04
2157,158,49.9,499,0,1.2,3,0,448.9,500,1,0.0345,0.04
2158,159,49.9,499,0,1.2,3,0,448.9,500,1,0.0345,0.04
2159,160,49.9,499,0,1.1,2,0,449.0,500,1,0.0345,0.04
2160,161,49.9,499,0,1.1,2,0,449.0,500,1,0.0345,0.04
2161,162,49.9,499,0,1.0,2,0,449.1,500,1,0.0345,0.04
2162,163,49.9,499,0,0.8,2,0,449.3,500,1,0.0345,0.04
2163,164,49.9,499,0,0.8,2,0,449.3,500,1,0.0345,0.04
2164,165,49.9,499,0,0.7,2,0,449.4,500,1,0.0345,0.04
2165,166,49.9,499,0,0.7,2,0,449.4,500,1,0.0345,0.04
2166,167,49.9,499,0,0.7,2,0,449.4,500,1,0.0345,0.04
2167,168,49.9,499,0,0.7,2,0,449.4,500,1,0.0345,0.04
2168,169,49.9,499,0,0.7,2,0,449.4,500,1,0.0345,0.04
2169,170,49.9,499,0,0.6,1,0,449.5,500,1,0.0345,0.04
2170,171,49.9,499,0,0.6,1,0,449.5,500,1,0.0345,0.04
2171,172,49.9,499,0,0.6,1,0,449.5,500,1,0.0345,0.04
2172,173,49.9,499,0,0.6,1,0,449.5,500,1,0.0345,0.04
2173,174,49.9,499,0,0.6,1,0,449.5,500,1,0.0345,0.04
2174,175,49.9,499,0,0.5,1,0,449.6,500,1,0.0345,0.04
2175,176,49.9,499,0,0.5,1,0,449.6,500,1,0.0345,0.04
2176,177,49.9,499,0,0.5,1,0,449.6,500,1,0.0345,0.04
2177,178,49.9,499,0,0.5,1,0,449.6,500,1,0.0345,0.04
2178,179,49.9,499,0,0.5,1,0,449.6,500,1,0.0345,0.04
2179,180,49.9,499,0,0.5,1,0,449.6,500,1,0.0345,0.04
2180,181,49.9,499,0,0.5,1,0,449.6,500,1,0.0345,0.04
2181,182,49.9,499,0,0.5,1,0,449.6,500,1,0.0345,0.04
2182,183,49.9,499,0,0.5,1,0,449.6,500,1,0.0345,0.04
2183,184,49.9,499,0,0.4,1,0,449.7,500,1,0.0345,0.04
2184,185,49.9,499,0,0.4,1,0,449.7,500,1,0.0345,0.04
2185,186,49.9,499,0,0.4,1,0,449.7,500,1,0.0345,0.04
2186,187,49.9,499,0,0.4,1,0,449.7,500,1,0.0345,0.04
2187,188,49.9,499,0,0.3,1,0,449.8,500,1,0.0345,0.04
2188,189,49.9,499,0,0.3,1,0,449.8,500,1,0.0345,0.04
2189,190,49.9,499,0,0.3,1,0,449.8,500,1,0.0345,0.04
2190,191,49.9,499,0,0.2,1,0,449.9,500,1,0.0345,0.04
2191,192,49.9,499,0,0.2,1,0,449.9,500,1,0.0345,0.04
2192,193,49.9,499,0,0.2,1,0,449.9,500,1,0.0345,0.04
2193,194,49.9,499,0,0.2,1,0,449.9,500,1,0.0345,0.04
2194,195,49.9,499,0,0.2,1,0,449.9,500,1,0.0345,0.04
2195,196,49.9,499,0,0.2,1,0,449.9,500,1,0.0345,0.04
2196,197,49.9,499,0,0.2,1,0,449.9,500,1,0.0345,0.04
2197,198,49.9,499,0,0.2,1,0,449.9,500,1,0.0345,0.04
2198,199,49.9,499,0,0.2,1,0,449.9,500,1,0.0345,0.04
2199,200,49.9,499,0,0.2,1,0,449.9,500,1,0.0345,0.04
2200,1,498.1,499,497,1.9,3,1,0.0,0,0,0.0379,0.04
2201,2,496.3,499,492,3.7,8,1,0.0,0,0,0.0379,0.04
2202,3,492.2,499,483,7.5,17,1,0.3,3,0,0.0379,0.04
2203,4,486.7,498,466,12.3,33,1,1.0,4,0,0.0379,0.04
2204,5,474.7,497,437,23.7,60,2,1.6,4,0,0.0379,0.04
2205,6,455.3,497,383,41.3,105,2,3.4,12,0,0.0379,0.04
2206,7,427.2,496,314,67.1,166,3,5.7,20,0,0.0379,0.04
2207,8,382.2,495,237,107.7,232,4,10.1,31,1,0.0379,0.04
2208,9,322.9,491,157,159.8,305,7,17.3,40,2,0.0379,0.04
2209,10,255.9,481,92,217.3,359,17,26.8,57,2,0.0379,0.04
2210,11,193.6,470,52,268.6,378,26,37.8,76,4,0.0379,0.04
2211,12,136.5,450,25,313.5,386,45,50.0,89,5,0.0379,0.04
2212,13,92.6,413,13,344.1,388,81,63.3,103,6,0.0379,0.04
2213,14,64.4,364,9,358.3,395,122,77.3,113,14,0.0379,0.04
2214,15,44.4,294,6,361.8,406,179,93.8,126,27,0.0379,0.04
2215,16,30.4,219,3,360.1,409,243,109.5,138,38,0.0379,0.04
2216,17,17.6,136,2,358.5,403,314,123.9,151,50,0.0379,0.04
2217,18,10.7,90,0,351.0,387,334,138.3,164,64,0.0379,0.04
2218,19,6.2,50,0,341.0,376,319,152.8,180,74,0.0379,0.04
2219,20,2.9,21,0,330.6,395,303,166.5,196,84,0.0379,0.04
2220,21,1.8,12,0,317.9,383,289,180.3,211,105,0.0379,0.04
2221,22,1.0,4,0,307.6,381,274,191.4,226,115,0.0379,0.04
2222,23,0.7,2,0,294.9,374,262,204.4,238,124,0.0379,0.04
2223,24,0.4,1,0,282.3,361,251,217.3,249,138,0.0379,0.04
2224,25,0.2,1,0,271.8,347,237,228.0,263,152,0.0379,0.04
2225,26,0.2,1,0,259.4,333,225,240.4,275,166,0.0379,0.04
2226,27,0.2,1,0,246.7,310,216,253.1,284,189,0.0379,0.04
2227,28,0.1,1,0,236.8,303,207,263.1,293,196,0.0379,0.04
2228,29,0.1,1,0,227.3,288,202,272.6,298,211,0.0379,0.04
2229,30,0.1,1,0,218.1,272,188,281.8,312,227,0.0379,0.04
2230,31,0.0,0,0,210.9,266,183,289.1,317,234,0.0379,0.04
2231,32,0.0,0,0,203.6,252,179,296.4,321,248,0.0379,0.04
2232,33,0.0,0,0,195.1,239,171,304.9,329,261,0.0379,0.04
2233,34,0.0,0,0,185.8,223,161,314.2,339,277,0.0379,0.04
2234,35,0.0,0,0,178.6,216,153,321.4,347,284,0.0379,0.04
2235,36,0.0,0,0,171.8,206,148,328.2,352,294,0.0379,0.04
2236,37,0.0,0,0,162.7,195,139,337.3,361,305,0.0379,0.04
2237,38,0.0,0,0,153.9,189,128,346.1,372,311,0.0379,0.04
2238,39,0.0,0,0,147.1,182,125,352.9,375,318,0.0379,0.04
2239,40,0.0,0,0,141.6,176,118,358.4,382,324,0.0379,0.04
2240,41,0.0,0,0,136.2,168,113,363.8,387,332,0.0379,0.04
2241,42,0.0,0,0,131.5,164,108,368.5,392,336,0.0379,0.04
2242,43,0.0,0,0,125.0,158,107,375.0,393,342,0.0379,0.04
2243,44,0.0,0,0,120.1,153,102,379.9,398,347,0.0379,0.04
2244,45,0.0,0,0,115.4,146,100,384.6,400,354,0.0379,0.04
2245,46,0.0,0,0,110.6,137,97,389.4,403,363,0.0379,0.04
2246,47,0.0,0,0,105.5,130,90,394.5,410,370,0.0379,0.04
2247,48,0.0,0,0,100.9,122,85,399.1,415,378,0.0379,0.04
2248,49,0.0,0,0,97.2,117,80,402.8,420,383,0.0379,0.04
2249,50,0.0,0,0,93.4,113,74,406.6,426,387,0.0379,0.04
2250,51,0.0,0,0,89.8,107,74,410.2,426,393,0.0379,0.04
2251,52,0.0,0,0,87.0,104,71,413.0,429,396,0.0379,0.04
2252,53,0.0,0,0,83.6,100,68,416.4,432,400,0.0379,0.04
2253,54,0.0,0,0,80.4,97,65,419.6,435,403,0.0379,0.04
2254,55,0.0,0,0,77.5,93,62,422.5,438,407,0.0379,0.04
2255,56,0.0,0,0,74.4,89,60,425.6,440,411,0.0379,0.04
2256,57,0.0,0,0,71.5,89,60,428.5,440,411,0.0379,0.04
2257,58,0.0,0,0,68.8,88,56,431.2,444,412,0.0379,0.04
2258,59,0.0,0,0,66.5,84,51,433.5,449,416,0.0379,0.04
2259,60,0.0,0,0,64.4,81,48,435.6,452,419,0.0379,0.04
2260,61,0.0,0,0,62.0,79,48,438.0,452,421,0.0379,0.04
2261,62,0.0,0,0,59.7,76,46,440.3,454,424,0.0379,0.04
2262,63,0.0,0,0,56.8,69,43,443.2,457,431,0.0379,0.04
2263,64,0.0,0,0,54.8,66,42,445.2,458,434,0.0379,0.04
2264,65,0.0,0,0,52.3,64,42,447.7,458,436,0.0379,0.04
2265,66,0.0,0,0,49.9,59,40,450.1,460,441,0.0379,0.04
2266,67,0.0,0,0,48.2,57,38,451.8,462,443,0.0379,0.04
2267,68,0.0,0,0,46.2,56,35,453.8,465,444,0.0379,0.04
2268,69,0.0,0,0,44.4,52,35,455.6,465,448,0.0379,0.04
2269,70,0.0,0,0,42.3,50,31,457.7,469,450,0.0379,0.04
2270,71,0.0,0,0,41.1,48,30,458.9,470,452,0.0379,0.04
2271,72,0.0,0,0,40.1,47,29,459.9,471,453,0.0379,0.04
2272,73,0.0,0,0,38.3,47,28,461.7,472,453,0.0379,0.04
2273,74,0.0,0,0,36.7,45,28,463.3,472,455,0.0379,0.04
2274,75,0.0,0,0,34.9,42,28,465.1,472,458,0.0379,0.04
2275,76,0.0,0,0,33.4,41,28,466.6,472,459,0.0379,0.04
2276,77,0.0,0,0,31.5,37,26,468.5,474,463,0.0379,0.04
2277,78,0.0,0,0,30.0,35,26,470.0,474,465,0.0379,0.04
2278,79,0.0,0,0,29.5,34,26,470.5,474,466,0.0379,0.04
2279,80,0.0,0,0,28.3,33,23,471.7,477,467,0.0379,0.04
2280,81,0.0,0,0,26.7,32,22,473.3,478,468,0.0379,0.04
2281,82,0.0,0,0,25.9,32,20,474.1,480,468,0.0379,0.04
2282,83,0.0,0,0,24.1,30,20,475.9,480,470,0.0379,0.04
2283,84,0.0,0,0,23.7,30,19,476.3,481,470,0.0379,0.04
2284,85,0.0,0,0,22.9,28,18,477.1,482,472,0.0379,0.04
2285,86,0.0,0,0,22.1,27,17,477.9,483,473,0.0379,0.04
2286,87,0.0,0,0,21.4,26,17,478.6,483,474,0.0379,0.04
2287,88,0.0,0,0,20.0,26,16,480.0,484,474,0.0379,0.04
2288,89,0.0,0,0,18.9,23,15,481.1,485,477,0.0379,0.04
2289,90,0.0,0,0,18.2,22,15,481.8,485,478,0.0379,0.04
2290,91,0.0,0,0,17.7,22,15,482.3,485,478,0.0379,0.04
2291,92,0.0,0,0,17.3,22,14,482.7,486,478,0.0379,0.04
2292,93,0.0,0,0,16.9,22,14,483.1,486,478,0.0379,0.04
2293,94,0.0,0,0,16.4,22,12,483.6,488,478,0.0379,0.04
2294,95,0.0,0,0,15.6,20,11,484.4,489,480,0.0379,0.04
2295,96,0.0,0,0,14.8,18,9,485.2,491,482,0.0379,0.04
2296,97,0.0,0,0,14.1,18,9,485.9,491,482,0.0379,0.04
2297,98,0.0,0,0,13.7,18,9,486.3,491,482,0.0379,0.04
2298,99,0.0,0,0,13.5,17,9,486.5,491,483,0.0379,0.04
2299,100,0.0,0,0,12.8,15,9,487.2,491,485,0.0379,0.04
2300,101,0.0,0,0,12.2,15,8,487.8,492,485,0.0379,0.04
2301,102,0.0,0,0,11.5,15,7,488.5,493,485,0.0379,0.04
2302,103,0.0,0,0,11.0,15,7,489.0,493,485,0.0379,0.04
2303,104,0.0,0,0,11.0,15,7,489.0,493,485,0.0379,0.04
2304,105,0.0,0,0,10.5,14,6,489.5,494,486,0.0379,0.04
2305,106,0.0,0,0,10.0,14,5,490.0,495,486,0.0379,0.04
2306,107,0.0,0,0,9.8,14,5,490.2,495,486,0.0379,0.04
2307,108,0.0,0,0,9.1,13,5,490.9,495,487,0.0379,0.04
2308,109,0.0,0,0,8.8,13,5,491.2,495,487,0.0379,0.04
2309,110,0.0,0,0,8.4,13,5,491.6,495,487,0.0379,0.04
2310,111,0.0,0,0,8.1,13,5,491.9,495,487,0.0379,0.04
2311,112,0.0,0,0,7.9,12,5,492.1,495,488,0.0379,0.04
2312,113,0.0,0,0,7.6,11,5,492.4,495,489,0.0379,0.04
2313,114,0.0,0,0,7.2,11,5,492.8,495,489,0.0379,0.04
2314,115,0.0,0,0,7.2,11,5,492.8,495,489,0.0379,0.04
2315,116,0.0,0,0,6.8,9,4,493.2,496,491,0.0379,0.04
2316,117,0.0,0,0,6.5,9,4,493.5,496,491,0.0379,0.04
2317,118,0.0,0,0,6.0,9,3,494.0,497,491,0.0379,0.04
2318,119,0.0,0,0,5.7,9,3,494.3,497,491,0.0379,0.04
2319,120,0.0,0,0,5.6,9,3,494.4,497,491,0.0379,0.04
2320,121,0.0,0,0,5.5,9,3,494.5,497,491,0.0379,0.04
2321,122,0.0,0,0,5.2,9,3,494.8,497,491,0.0379,0.04
2322,123,0.0,0,0,5.1,9,3,494.9,497,491,0.0379,0.04
2323,124,0.0,0,0,5.1,9,3,494.9,497,491,0.0379,0.04
2324,125,0.0,0,0,4.8,9,3,495.2,497,491,0.0379,0.04
2325,126,0.0,0,0,4.4,6,3,495.6,497,494,0.0379,0.04
2326,127,0.0,0,0,4.3,6,3,495.7,497,494,0.0379,0.04
2327,128,0.0,0,0,4.3,6,3,495.7,497,494,0.0379,0.04
2328,129,0.0,0,0,4.2,5,3,495.8,497,495,0.0379,0.04
2329,130,0.0,0,0,4.0,5,3,496.0,497,495,0.0379,0.04
2330,131,0.0,0,0,3.8,5,2,496.2,498,495,0.0379,0.04
2331,132,0.0,0,0,3.5,5,1,496.5,499,495,0.0379,0.04
2332,133,0.0,0,0,3.2,5,1,496.8,499,495,0.0379,0.04
2333,134,0.0,0,0,3.1,5,1,496.9,499,495,0.0379,0.04
2334,135,0.0,0,0,3.0,5,1,497.0,499,495,0.0379,0.04
2335,136,0.0,0,0,2.9,4,1,497.1,499,496,0.0379,0.04
2336,137,0.0,0,0,2.8,4,0,497.2,500,496,0.0379,0.04
2337,138,0.0,0,0,2.6,4,0,497.4,500,496,0.0379,0.04
2338,139,0.0,0,0,2.6,4,0,497.4,500,496,0.0379,0.04
2339,140,0.0,0,0,2.4,4,0,497.6,500,496,0.0379,0.04
2340,141,0.0,0,0,2.3,4,0,497.7,500,496,0.0379,0.04
2341,142,0.0,0,0,2.2,4,0,497.8,500,496,0.0379,0.04
2342,143,0.0,0,0,2.1,4,0,497.9,500,496,0.0379,0.04
2343,144,0.0,0,0,2.1,4,0,497.9,500,496,0.0379,0.04
2344,145,0.0,0,0,2.0,4,0,498.0,500,496,0.0379,0.04
2345,146,0.0,0,0,2.0,4,0,498.0,500,496,0.0379,0.04
2346,147,0.0,0,0,1.8,3,0,498.2,500,497,0.0379,0.04
2347,148,0.0,0,0,1.7,3,0,498.3,500,497,0.0379,0.04
2348,149,0.0,0,0,1.7,3,0,498.3,500,497,0.0379,0.04
2349,150,0.0,0,0,1.5,3,0,498.5,500,497,0.0379,0.04
2350,151,0.0,0,0,1.4,3,0,498.6,500,497,0.0379,0.04
2351,152,0.0,0,0,1.2,2,0,498.8,500,498,0.0379,0.04
2352,153,0.0,0,0,1.1,2,0,498.9,500,498,0.0379,0.04
2353,154,0.0,0,0,1.1,2,0,498.9,500,498,0.0379,0.04
2354,155,0.0,0,0,0.9,2,0,499.1,500,498,0.0379,0.04
2355,156,0.0,0,0,0.9,2,0,499.1,500,498,0.0379,0.04
2356,157,0.0,0,0,0.9,2,0,499.1,500,498,0.0379,0.04
2357,158,0.0,0,0,0.9,2,0,499.1,500,498,0.0379,0.04
2358,159,0.0,0,0,0.8,2,0,499.2,500,498,0.0379,0.04
2359,160,0.0,0,0,0.7,2,0,499.3,500,498,0.0379,0.04
2360,161,0.0,0,0,0.7,2,0,499.3,500,498,0.0379,0.04
2361,162,0.0,0,0,0.7,2,0,499.3,500,498,0.0379,0.04
2362,163,0.0,0,0,0.7,2,0,499.3,500,498,0.0379,0.04
2363,164,0.0,0,0,0.7,2,0,499.3,500,498,0.0379,0.04
2364,165,0.0,0,0,0.7,2,0,499.3,500,498,0.0379,0.04
2365,166,0.0,0,0,0.7,2,0,499.3,500,498,0.0379,0.04
2366,167,0.0,0,0,0.7,2,0,499.3,500,498,0.0379,0.04
2367,168,0.0,0,0,0.7,2,0,499.3,500,498,0.0379,0.04
2368,169,0.0,0,0,0.7,2,0,499.3,500,498,0.0379,0.04
2369,170,0.0,0,0,0.7,2,0,499.3,500,498,0.0379,0.04
2370,171,0.0,0,0,0.7,2,0,499.3,500,498,0.0379,0.04
2371,172,0.0,0,0,0.6,2,0,499.4,500,498,0.0379,0.04
2372,173,0.0,0,0,0.6,2,0,499.4,500,498,0.0379,0.04
2373,174,0.0,0,0,0.6,2,0,499.4,500,498,0.0379,0.04
2374,175,0.0,0,0,0.6,2,0,499.4,500,498,0.0379,0.04
2375,176,0.0,0,0,0.6,2,0,499.4,500,498,0.0379,0.04
2376,177,0.0,0,0,0.6,2,0,499.4,500,498,0.0379,0.04
2377,178,0.0,0,0,0.4,1,0,499.6,500,499,0.0379,0.04
2378,179,0.0,0,0,0.4,1,0,499.6,500,499,0.0379,0.04
2379,180,0.0,0,0,0.4,1,0,499.6,500,499,0.0379,0.04
2380,181,0.0,0,0,0.4,1,0,499.6,500,499,0.0379,0.04
2381,182,0.0,0,0,0.3,1,0,499.7,500,499,0.0379,0.04
2382,183,0.0,0,0,0.3,1,0,499.7,500,499,0.0379,0.04
2383,184,0.0,0,0,0.3,1,0,499.7,500,499,0.0379,0.04
2384,185,0.0,0,0,0.3,1,0,499.7,500,499,0.0379,0.04
2385,186,0.0,0,0,0.3,1,0,499.7,500,499,0.0379,0.04
2386,187,0.0,0,0,0.3,1,0,499.7,500,499,0.0379,0.04
2387,188,0.0,0,0,0.3,1,0,499.7,500,499,0.0379,0.04
2388,189,0.0,0,0,0.3,1,0,499.7,500,499,0.0379,0.04
2389,190,0.0,0,0,0.3,1,0,499.7,500,499,0.0379,0.04
2390,191,0.0,0,0,0.3,1,0,499.7,500,499,0.0379,0.04
2391,192,0.0,0,0,0.3,1,0,499.7,500,499,0.0379,0.04
2392,193,0.0,0,0,0.3,1,0,499.7,500,499,0.0379,0.04
2393,194,0.0,0,0,0.3,1,0,499.7,500,499,0.0379,0.04
2394,195,0.0,0,0,0.3,1,0,499.7,500,499,0.0379,0.04
2395,196,0.0,0,0,0.2,1,0,499.8,500,499,0.0379,0.04
2396,197,0.0,0,0,0.2,1,0,499.8,500,499,0.0379,0.04
2397,198,0.0,0,0,0.2,1,0,499.8,500,499,0.0379,0.04
2398,199,0.0,0,0,0.2,1,0,499.8,500,499,0.0379,0.04
2399,200,0.0,0,0,0.2,1,0,499.8,500,499,0.0379,0.04
2400,1,497.6,499,495,2.3,5,0,0.1,1,0,0.0414,0.04
2401,2,495.1,499,488,4.4,10,0,0.5,2,0,0.0414,0.04
2402,3,489.3,499,476,9.8,24,0,0.9,3,0,0.0414,0.04
2403,4,479.1,499,448,19.4,50,0,1.5,4,0,0.0414,0.04
2404,5,459.7,499,397,36.9,95,0,3.4,8,0,0.0414,0.04
2405,6,428.4,499,335,65.2,151,0,6.4,14,1,0.0414,0.04
2406,7,380.9,499,243,107.0,231,0,12.1,26,1,0.0414,0.04
2407,8,319.9,499,164,160.9,301,0,19.2,35,1,0.0414,0.04
2408,9,246.4,499,100,225.4,355,0,28.2,51,1,0.0414,0.04
2409,10,177.0,499,48,284.4,390,0,38.6,62,1,0.0414,0.04
2410,11,124.0,499,21,325.3,400,0,50.7,82,1,0.0414,0.04
2411,12,91.9,499,11,342.6,403,0,65.5,96,1,0.0414,0.04
2412,13,71.2,499,7,347.8,400,0,81.0,113,1,0.0414,0.04
2413,14,62.2,499,3,342.5,396,0,95.3,130,1,0.0414,0.04
2414,15,55.8,499,2,335.1,390,0,109.1,148,1,0.0414,0.04
2415,16,52.9,499,1,327.1,385,0,120.0,157,1,0.0414,0.04
2416,17,51.2,499,0,313.6,368,0,135.2,175,1,0.0414,0.04
2417,18,50.8,499,0,301.1,353,0,148.1,186,1,0.0414,0.04
2418,19,50.4,499,0,290.6,343,0,159.0,203,1,0.0414,0.04
2419,20,50.1,499,0,279.1,334,0,170.8,219,1,0.0414,0.04
2420,21,50.1,499,0,267.8,315,0,182.1,227,1,0.0414,0.04
2421,22,50.1,499,0,258.3,306,0,191.6,235,1,0.0414,0.04
2422,23,50.0,499,0,247.8,293,0,202.2,248,1,0.0414,0.04
2423,24,50.0,499,0,237.5,279,0,212.5,262,1,0.0414,0.04
2424,25,50.0,499,0,227.0,263,0,223.0,267,1,0.0414,0.04
2425,26,49.9,499,0,218.4,253,0,231.7,275,1,0.0414,0.04
2426,27,49.9,499,0,209.1,240,0,241.0,284,1,0.0414,0.04
2427,28,49.9,499,0,200.2,231,0,249.9,293,1,0.0414,0.04
2428,29,49.9,499,0,191.3,220,0,258.8,306,1,0.0414,0.04
2429,30,49.9,499,0,182.0,215,0,268.1,321,1,0.0414,0.04
2430,31,49.9,499,0,175.3,206,0,274.8,326,1,0.0414,0.04
2431,32,49.9,499,0,167.7,199,0,282.4,340,1,0.0414,0.04
2432,33,49.9,499,0,161.5,194,0,288.6,348,1,0.0414,0.04
2433,34,49.9,499,0,155.2,189,0,294.9,354,1,0.0414,0.04
2434,35,49.9,499,0,148.6,179,0,301.5,361,1,0.0414,0.04
2435,36,49.9,499,0,142.9,172,0,307.2,363,1,0.0414,0.04
2436,37,49.9,499,0,136.9,167,0,313.2,368,1,0.0414,0.04
2437,38,49.9,499,0,131.8,163,0,318.3,376,1,0.0414,0.04
2438,39,49.9,499,0,126.7,154,0,323.4,382,1,0.0414,0.04
2439,40,49.9,499,0,122.7,152,0,327.4,383,1,0.0414,0.04
2440,41,49.9,499,0,117.5,148,0,332.6,393,1,0.0414,0.04
2441,42,49.9,499,0,112.7,143,0,337.4,399,1,0.0414,0.04
2442,43,49.9,499,0,108.5,141,0,341.6,406,1,0.0414,0.04
2443,44,49.9,499,0,103.5,137,0,346.6,409,1,0.0414,0.04
2444,45,49.9,499,0,99.5,134,0,350.6,412,1,0.0414,0.04
2445,46,49.9,499,0,95.8,128,0,354.3,413,1,0.0414,0.04
2446,47,49.9,499,0,92.0,124,0,358.1,417,1,0.0414,0.04
2447,48,49.9,499,0,88.1,117,0,362.0,421,1,0.0414,0.04
2448,49,49.9,499,0,84.2,112,0,365.9,425,1,0.0414,0.04
2449,50,49.9,499,0,80.2,105,0,369.9,428,1,0.0414,0.04
2450,51,49.9,499,0,77.1,98,0,373.0,433,1,0.0414,0.04
2451,52,49.9,499,0,73.9,95,0,376.2,438,1,0.0414,0.04
2452,53,49.9,499,0,70.6,93,0,379.5,441,1,0.0414,0.04
2453,54,49.9,499,0,67.2,91,0,382.9,449,1,0.0414,0.04
2454,55,49.9,499,0,64.5,90,0,385.6,452,1,0.0414,0.04
2455,56,49.9,499,0,61.0,85,0,389.1,455,1,0.0414,0.04
2456,57,49.9,499,0,58.1,82,0,392.0,457,1,0.0414,0.04
2457,58,49.9,499,0,56.0,76,0,394.1,458,1,0.0414,0.04
2458,59,49.9,499,0,53.4,72,0,396.7,459,1,0.0414,0.04
2459,60,49.9,499,0,51.1,69,0,399.0,462,1,0.0414,0.04
2460,61,49.9,499,0,49.3,66,0,400.8,464,1,0.0414,0.04
2461,62,49.9,499,0,47.4,64,0,402.7,465,1,0.0414,0.04
2462,63,49.9,499,0,45.3,60,0,404.8,466,1,0.0414,0.04
2463,64,49.9,499,0,43.0,58,0,407.1,468,1,0.0414,0.04
2464,65,49.9,499,0,41.4,56,0,408.7,469,1,0.0414,0.04
2465,66,49.9,499,0,39.9,55,0,410.2,469,1,0.0414,0.04
2466,67,49.9,499,0,38.6,52,0,411.5,470,1,0.0414,0.04
2467,68,49.9,499,0,36.6,48,0,413.5,471,1,0.0414,0.04
2468,69,49.9,499,0,35.5,47,0,414.6,471,1,0.0414,0.04
2469,70,49.9,499,0,33.9,45,0,416.2,471,1,0.0414,0.04
2470,71,49.9,499,0,32.5,43,0,417.6,475,1,0.0414,0.04
2471,72,49.9,499,0,31.1,41,0,419.0,477,1,0.0414,0.04
2472,73,49.9,499,0,30.0,41,0,420.1,478,1,0.0414,0.04
2473,74,49.9,499,0,29.0,38,0,421.1,479,1,0.0414,0.04
2474,75,49.9,499,0,28.1,36,0,422.0,479,1,0.0414,0.04
2475,76,49.9,499,0,26.7,33,0,423.4,480,1,0.0414,0.04
2476,77,49.9,499,0,25.8,32,0,424.3,483,1,0.0414,0.04
2477,78,49.9,499,0,25.1,32,0,425.0,483,1,0.0414,0.04
2478,79,49.9,499,0,24.2,30,0,425.9,484,1,0.0414,0.04
2479,80,49.9,499,0,22.4,27,0,427.7,487,1,0.0414,0.04
2480,81,49.9,499,0,21.9,27,0,428.2,487,1,0.0414,0.04
2481,82,49.9,499,0,20.9,26,0,429.2,489,1,0.0414,0.04
2482,83,49.9,499,0,20.3,26,0,429.8,489,1,0.0414,0.04
2483,84,49.9,499,0,19.8,25,0,430.3,489,1,0.0414,0.04
2484,85,49.9,499,0,19.0,24,0,431.1,490,1,0.0414,0.04
2485,86,49.9,499,0,17.9,22,0,432.2,490,1,0.0414,0.04
2486,87,49.9,499,0,17.0,21,0,433.1,490,1,0.0414,0.04
2487,88,49.9,499,0,16.2,21,0,433.9,491,1,0.0414,0.04
2488,89,49.9,499,0,15.8,20,0,434.3,491,1,0.0414,0.04
2489,90,49.9,499,0,14.9,20,0,435.2,491,1,0.0414,0.04
2490,91,49.9,499,0,14.2,19,0,435.9,491,1,0.0414,0.04
2491,92,49.9,499,0,13.5,18,0,436.6,491,1,0.0414,0.04
2492,93,49.9,499,0,12.7,17,0,437.4,492,1,0.0414,0.04
2493,94,49.9,499,0,12.4,17,0,437.7,492,1,0.0414,0.04
2494,95,49.9,499,0,12.1,16,0,438.0,492,1,0.0414,0.04
2495,96,49.9,499,0,12.0,16,0,438.1,492,1,0.0414,0.04
2496,97,49.9,499,0,11.5,16,0,438.6,493,1,0.0414,0.04
2497,98,49.9,499,0,11.0,16,0,439.1,493,1,0.0414,0.04
2498,99,49.9,499,0,10.7,16,0,439.4,493,1,0.0414,0.04
2499,100,49.9,499,0,10.1,14,0,440.0,493,1,0.0414,0.04
2500,101,49.9,499,0,9.5,13,0,440.6,493,1,0.0414,0.04
2501,102,49.9,499,0,8.8,12,0,441.3,493,1,0.0414,0.04
2502,103,49.9,499,0,8.6,12,0,441.5,493,1,0.0414,0.04
2503,104,49.9,499,0,8.2,12,0,441.9,494,1,0.0414,0.04
2504,105,49.9,499,0,8.0,12,0,442.1,494,1,0.0414,0.04
2505,106,49.9,499,0,7.9,12,0,442.2,494,1,0.0414,0.04
2506,107,49.9,499,0,7.6,11,0,442.5,495,1,0.0414,0.04
2507,108,49.9,499,0,7.0,9,0,443.1,495,1,0.0414,0.04
2508,109,49.9,499,0,6.9,9,0,443.2,495,1,0.0414,0.04
2509,110,49.9,499,0,6.7,9,0,443.4,495,1,0.0414,0.04
2510,111,49.9,499,0,6.3,8,0,443.8,495,1,0.0414,0.04
2511,112,49.9,499,0,5.9,8,0,444.2,496,1,0.0414,0.04
2512,113,49.9,499,0,5.6,8,0,444.5,497,1,0.0414,0.04
2513,114,49.9,499,0,5.3,8,0,444.8,497,1,0.0414,0.04
2514,115,49.9,499,0,5.1,8,0,445.0,497,1,0.0414,0.04
2515,116,49.9,499,0,4.7,8,0,445.4,497,1,0.0414,0.04
2516,117,49.9,499,0,4.7,8,0,445.4,497,1,0.0414,0.04
2517,118,49.9,499,0,4.5,7,0,445.6,497,1,0.0414,0.04
2518,119,49.9,499,0,4.2,7,0,445.9,498,1,0.0414,0.04
2519,120,49.9,499,0,4.1,6,0,446.0,498,1,0.0414,0.04
2520,121,49.9,499,0,4.0,6,0,446.1,498,1,0.0414,0.04
2521,122,49.9,499,0,3.6,5,0,446.5,498,1,0.0414,0.04
2522,123,49.9,499,0,3.6,5,0,446.5,498,1,0.0414,0.04
2523,124,49.9,499,0,3.4,5,0,446.7,498,1,0.0414,0.04
2524,125,49.9,499,0,3.3,5,0,446.8,498,1,0.0414,0.04
2525,126,49.9,499,0,3.3,5,0,446.8,498,1,0.0414,0.04
2526,127,49.9,499,0,3.2,5,0,446.9,498,1,0.0414,0.04
2527,128,49.9,499,0,2.7,5,0,447.4,499,1,0.0414,0.04
2528,129,49.9,499,0,2.4,5,0,447.7,500,1,0.0414,0.04
2529,130,49.9,499,0,2.3,5,0,447.8,500,1,0.0414,0.04
2530,131,49.9,499,0,2.2,5,0,447.9,500,1,0.0414,0.04
2531,132,49.9,499,0,2.1,5,0,448.0,500,1,0.0414,0.04
2532,133,49.9,499,0,1.9,5,0,448.2,500,1,0.0414,0.04
2533,134,49.9,499,0,1.8,4,0,448.3,500,1,0.0414,0.04
2534,135,49.9,499,0,1.7,4,0,448.4,500,1,0.0414,0.04
2535,136,49.9,499,0,1.6,4,0,448.5,500,1,0.0414,0.04
2536,137,49.9,499,0,1.6,4,0,448.5,500,1,0.0414,0.04
2537,138,49.9,499,0,1.6,4,0,448.5,500,1,0.0414,0.04
2538,139,49.9,499,0,1.6,4,0,448.5,500,1,0.0414,0.04
2539,140,49.9,499,0,1.6,4,0,448.5,500,1,0.0414,0.04
2540,141,49.9,499,0,1.5,3,0,448.6,500,1,0.0414,0.04
2541,142,49.9,499,0,1.5,3,0,448.6,500,1,0.0414,0.04
2542,143,49.9,499,0,1.4,3,0,448.7,500,1,0.0414,0.04
2543,144,49.9,499,0,1.3,3,0,448.8,500,1,0.0414,0.04
2544,145,49.9,499,0,1.3,3,0,448.8,500,1,0.0414,0.04
2545,146,49.9,499,0,1.2,2,0,448.9,500,1,0.0414,0.04
2546,147,49.9,499,0,1.2,2,0,448.9,500,1,0.0414,0.04
2547,148,49.9,499,0,1.1,2,0,449.0,500,1,0.0414,0.04
2548,149,49.9,499,0,1.0,2,0,449.1,500,1,0.0414,0.04
2549,150,49.9,499,0,1.0,2,0,449.1,500,1,0.0414,0.04
2550,151,49.9,499,0,1.0,2,0,449.1,500,1,0.0414,0.04
2551,152,49.9,499,0,1.0,2,0,449.1,500,1,0.0414,0.04
2552,153,49.9,499,0,1.0,2,0,449.1,500,1,0.0414,0.04
2553,154,49.9,499,0,1.0,2,0,449.1,500,1,0.0414,0.04
2554,155,49.9,499,0,1.0,2,0,449.1,500,1,0.0414,0.04
2555,156,49.9,499,0,1.0,2,0,449.1,500,1,0.0414,0.04
2556,157,49.9,499,0,1.0,2,0,449.1,500,1,0.0414,0.04
2557,158,49.9,499,0,1.0,2,0,449.1,500,1,0.0414,0.04
2558,159,49.9,499,0,0.8,2,0,449.3,500,1,0.0414,0.04
2559,160,49.9,499,0,0.8,2,0,449.3,500,1,0.0414,0.04
2560,161,49.9,499,0,0.8,2,0,449.3,500,1,0.0414,0.04
2561,162,49.9,499,0,0.8,2,0,449.3,500,1,0.0414,0.04
2562,163,49.9,499,0,0.8,2,0,449.3,500,1,0.0414,0.04
2563,164,49.9,499,0,0.8,2,0,449.3,500,1,0.0414,0.04
2564,165,49.9,499,0,0.8,2,0,449.3,500,1,0.0414,0.04
2565,166,49.9,499,0,0.8,2,0,449.3,500,1,0.0414,0.04
2566,167,49.9,499,0,0.8,2,0,449.3,500,1,0.0414,0.04
2567,168,49.9,499,0,0.7,2,0,449.4,500,1,0.0414,0.04
2568,169,49.9,499,0,0.7,2,0,449.4,500,1,0.0414,0.04
2569,170,49.9,499,0,0.6,2,0,449.5,500,1,0.0414,0.04
2570,171,49.9,499,0,0.5,2,0,449.6,500,1,0.0414,0.04
2571,172,49.9,499,0,0.5,2,0,449.6,500,1,0.0414,0.04
2572,173,49.9,499,0,0.5,2,0,449.6,500,1,0.0414,0.04
2573,174,49.9,499,0,0.5,2,0,449.6,500,1,0.0414,0.04
2574,175,49.9,499,0,0.3,2,0,449.8,500,1,0.0414,0.04
2575,176,49.9,499,0,0.2,1,0,449.9,500,1,0.0414,0.04
2576,177,49.9,499,0,0.2,1,0,449.9,500,1,0.0414,0.04
2577,178,49.9,499,0,0.2,1,0,449.9,500,1,0.0414,0.04
2578,179,49.9,499,0,0.2,1,0,449.9,500,1,0.0414,0.04
2579,180,49.9,499,0,0.2,1,0,449.9,500,1,0.0414,0.04
2580,181,49.9,499,0,0.2,1,0,449.9,500,1,0.0414,0.04
2581,182,49.9,499,0,0.2,1,0,449.9,500,1,0.0414,0.04
2582,183,49.9,499,0,0.2,1,0,449.9,500,1,0.0414,0.04
2583,184,49.9,499,0,0.1,1,0,450.0,500,1,0.0414,0.04
2584,185,49.9,499,0,0.1,1,0,450.0,500,1,0.0414,0.04
2585,186,49.9,499,0,0.1,1,0,450.0,500,1,0.0414,0.04
2586,187,49.9,499,0,0.1,1,0,450.0,500,1,0.0414,0.04
2587,188,49.9,499,0,0.1,1,0,450.0,500,1,0.0414,0.04
2588,189,49.9,499,0,0.1,1,0,450.0,500,1,0.0414,0.04
2589,190,49.9,499,0,0.1,1,0,450.0,500,1,0.0414,0.04
2590,191,49.9,499,0,0.1,1,0,450.0,500,1,0.0414,0.04
2591,192,49.9,499,0,0.1,1,0,450.0,500,1,0.0414,0.04
2592,193,49.9,499,0,0.1,1,0,450.0,500,1,0.0414,0.04
2593,194,49.9,499,0,0.0,0,0,450.1,500,1,0.0414,0.04
2594,195,49.9,499,0,0.0,0,0,450.1,500,1,0.0414,0.04
2595,196,49.9,499,0,0.0,0,0,450.1,500,1,0.0414,0.04
2596,197,49.9,499,0,0.0,0,0,450.1,500,1,0.0414,0.04
2597,198,49.9,499,0,0.0,0,0,450.1,500,1,0.0414,0.04
2598,199,49.9,499,0,0.0,0,0,450.1,500,1,0.0414,0.04
2599,200,49.9,499,0,0.0,0,0,450.1,500,1,0.0414,0.04
2600,1,497.6,499,495,2.4,5,1,0.0,0,0,0.0448,0.04
2601,2,494.3,499,486,5.5,13,1,0.2,1,0,0.0448,0.04
2602,3,487.8,497,472,11.2,26,1,1.0,2,0,0.0448,0.04
2603,4,476.5,494,452,21.6,46,3,1.9,4,0,0.0448,0.04
2604,5,457.0,491,404,39.5,89,6,3.5,7,1,0.0448,0.04
2605,6,419.4,486,332,73.8,153,11,6.8,15,1,0.0448,0.04
2606,7,365.9,467,238,121.3,237,29,12.8,25,4,0.0448,0.04
2607,8,291.7,441,138,187.4,320,54,20.9,42,5,0.0448,0.04
2608,9,205.0,383,86,263.7,358,108,31.3,56,9,0.0448,0.04
2609,10,128.7,302,39,326.1,391,181,45.2,70,17,0.0448,0.04
2610,11,72.9,211,23,365.2,398,256,61.9,81,33,0.0448,0.04
2611,12,38.7,126,12,386.6,414,331,74.7,98,43,0.0448,0.04
2612,13,16.8,63,5,390.3,409,378,92.9,117,55,0.0448,0.04
2613,14,7.8,27,1,385.1,408,362,107.1,136,65,0.0448,0.04
2614,15,3.4,11,0,375.0,402,351,121.6,147,88,0.0448,0.04
2615,16,1.0,4,0,362.6,396,341,136.4,159,102,0.0448,0.04
2616,17,0.4,2,0,349.4,382,319,150.2,181,117,0.0448,0.04
2617,18,0.1,1,0,336.7,372,309,163.2,191,128,0.0448,0.04
2618,19,0.1,1,0,324.4,359,298,175.5,202,141,0.0448,0.04
2619,20,0.1,1,0,313.6,346,287,186.3,213,154,0.0448,0.04
2620,21,0.0,0,0,299.5,333,275,200.5,225,167,0.0448,0.04
2621,22,0.0,0,0,287.2,317,269,212.8,231,183,0.0448,0.04
2622,23,0.0,0,0,276.9,306,256,223.1,244,194,0.0448,0.04
2623,24,0.0,0,0,265.7,289,245,234.3,255,211,0.0448,0.04
2624,25,0.0,0,0,256.0,278,238,244.0,262,222,0.0448,0.04
2625,26,0.0,0,0,246.2,269,225,253.8,275,231,0.0448,0.04
2626,27,0.0,0,0,236.6,258,217,263.4,283,242,0.0448,0.04
2627,28,0.0,0,0,228.1,251,211,271.9,289,249,0.0448,0.04
2628,29,0.0,0,0,217.5,236,203,282.5,297,264,0.0448,0.04
2629,30,0.0,0,0,207.6,225,190,292.4,310,275,0.0448,0.04
2630,31,0.0,0,0,199.1,217,182,300.9,318,283,0.0448,0.04
2631,32,0.0,0,0,190.1,208,173,309.9,327,292,0.0448,0.04
2632,33,0.0,0,0,183.9,205,171,316.1,329,295,0.0448,0.04
2633,34,0.0,0,0,178.1,200,163,321.9,337,300,0.0448,0.04
2634,35,0.0,0,0,170.8,191,157,329.2,343,309,0.0448,0.04
2635,36,0.0,0,0,164.6,183,152,335.4,348,317,0.0448,0.04
2636,37,0.0,0,0,160.0,177,147,340.0,353,323,0.0448,0.04
2637,38,0.0,0,0,154.0,168,143,346.0,357,332,0.0448,0.04
2638,39,0.0,0,0,148.3,164,135,351.7,365,336,0.0448,0.04
2639,40,0.0,0,0,143.0,156,130,357.0,370,344,0.0448,0.04
2640,41,0.0,0,0,137.0,149,124,363.0,376,351,0.0448,0.04
2641,42,0.0,0,0,131.4,144,115,368.6,385,356,0.0448,0.04
2642,43,0.0,0,0,126.1,140,106,373.9,394,360,0.0448,0.04
2643,44,0.0,0,0,120.5,136,103,379.5,397,364,0.0448,0.04
2644,45,0.0,0,0,116.5,129,100,383.5,400,371,0.0448,0.04
2645,46,0.0,0,0,112.6,124,93,387.4,407,376,0.0448,0.04
2646,47,0.0,0,0,107.3,118,87,392.7,413,382,0.0448,0.04
2647,48,0.0,0,0,103.6,113,84,396.4,416,387,0.0448,0.04
2648,49,0.0,0,0,99.1,111,79,400.9,421,389,0.0448,0.04
2649,50,0.0,0,0,95.5,109,75,404.5,425,391,0.0448,0.04
2650,51,0.0,0,0,91.5,104,73,408.5,427,396,0.0448,0.04
2651,52,0.0,0,0,87.8,101,68,412.2,432,399,0.0448,0.04
2652,53,0.0,0,0,83.4,98,68,416.6,432,402,0.0448,0.04
2653,54,0.0,0,0,80.1,95,68,419.9,432,405,0.0448,0.04
2654,55,0.0,0,0,77.2,92,64,422.8,436,408,0.0448,0.04
2655,56,0.0,0,0,73.9,86,59,426.1,441,414,0.0448,0.04
2656,57,0.0,0,0,71.4,84,59,428.6,441,416,0.0448,0.04
2657,58,0.0,0,0,68.6,82,56,431.4,444,418,0.0448,0.04
2658,59,0.0,0,0,65.4,78,55,434.6,445,422,0.0448,0.04
2659,60,0.0,0,0,63.2,77,53,436.8,447,423,0.0448,0.04
2660,61,0.0,0,0,60.9,75,53,439.1,447,425,0.0448,0.04
2661,62,0.0,0,0,58.7,73,50,441.3,450,427,0.0448,0.04
2662,63,0.0,0,0,57.5,71,46,442.5,454,429,0.0448,0.04
2663,64,0.0,0,0,55.0,69,45,445.0,455,431,0.0448,0.04
2664,65,0.0,0,0,52.5,66,43,447.5,457,434,0.0448,0.04
2665,66,0.0,0,0,50.6,65,40,449.4,460,435,0.0448,0.04
2666,67,0.0,0,0,48.8,62,40,451.2,460,438,0.0448,0.04
2667,68,0.0,0,0,46.9,61,38,453.1,462,439,0.0448,0.04
2668,69,0.0,0,0,45.5,59,38,454.5,462,441,0.0448,0.04
2669,70,0.0,0,0,43.2,56,38,456.8,462,444,0.0448,0.04
2670,71,0.0,0,0,41.1,53,34,458.9,466,447,0.0448,0.04
2671,72,0.0,0,0,39.2,51,31,460.8,469,449,0.0448,0.04
2672,73,0.0,0,0,38.1,49,30,461.9,470,451,0.0448,0.04
2673,74,0.0,0,0,37.0,46,29,463.0,471,454,0.0448,0.04
2674,75,0.0,0,0,36.1,44,27,463.9,473,456,0.0448,0.04
2675,76,0.0,0,0,34.8,42,27,465.2,473,458,0.0448,0.04
2676,77,0.0,0,0,33.5,42,26,466.5,474,458,0.0448,0.04
2677,78,0.0,0,0,32.3,41,25,467.7,475,459,0.0448,0.04
2678,79,0.0,0,0,30.9,40,23,469.1,477,460,0.0448,0.04
2679,80,0.0,0,0,29.7,39,21,470.3,479,461,0.0448,0.04
2680,81,0.0,0,0,28.1,37,20,471.9,480,463,0.0448,0.04
2681,82,0.0,0,0,27.2,36,19,472.8,481,464,0.0448,0.04
2682,83,0.0,0,0,26.2,36,19,473.8,481,464,0.0448,0.04
2683,84,0.0,0,0,24.5,35,18,475.5,482,465,0.0448,0.04
2684,85,0.0,0,0,24.0,33,17,476.0,483,467,0.0448,0.04
2685,86,0.0,0,0,22.6,32,15,477.4,485,468,0.0448,0.04
2686,87,0.0,0,0,21.2,30,14,478.8,486,470,0.0448,0.04
2687,88,0.0,0,0,19.9,29,14,480.1,486,471,0.0448,0.04
2688,89,0.0,0,0,19.2,28,13,480.8,487,472,0.0448,0.04
2689,90,0.0,0,0,18.2,27,13,481.8,487,473,0.0448,0.04
2690,91,0.0,0,0,18.0,27,13,482.0,487,473,0.0448,0.04
2691,92,0.0,0,0,17.4,27,12,482.6,488,473,0.0448,0.04
2692,93,0.0,0,0,16.9,26,12,483.1,488,474,0.0448,0.04
2693,94,0.0,0,0,16.7,26,11,483.3,489,474,0.0448,0.04
2694,95,0.0,0,0,16.1,25,10,483.9,490,475,0.0448,0.04
2695,96,0.0,0,0,15.5,24,9,484.5,491,476,0.0448,0.04
2696,97,0.0,0,0,14.8,23,9,485.2,491,477,0.0448,0.04
2697,98,0.0,0,0,14.6,23,9,485.4,491,477,0.0448,0.04
2698,99,0.0,0,0,14.0,23,9,486.0,491,477,0.0448,0.04
2699,100,0.0,0,0,13.2,22,7,486.8,493,478,0.0448,0.04
2700,101,0.0,0,0,12.8,20,7,487.2,493,480,0.0448,0.04
2701,102,0.0,0,0,12.2,20,7,487.8,493,480,0.0448,0.04
2702,103,0.0,0,0,11.7,19,7,488.3,493,481,0.0448,0.04
2703,104,0.0,0,0,11.4,19,7,488.6,493,481,0.0448,0.04
2704,105,0.0,0,0,11.0,17,7,489.0,493,483,0.0448,0.04
2705,106,0.0,0,0,10.3,15,6,489.7,494,485,0.0448,0.04
2706,107,0.0,0,0,9.7,14,5,490.3,495,486,0.0448,0.04
2707,108,0.0,0,0,9.3,14,4,490.7,496,486,0.0448,0.04
2708,109,0.0,0,0,9.3,14,4,490.7,496,486,0.0448,0.04
2709,110,0.0,0,0,8.9,14,4,491.1,496,486,0.0448,0.04
2710,111,0.0,0,0,8.6,14,4,491.4,496,486,0.0448,0.04
2711,112,0.0,0,0,8.1,13,4,491.9,496,487,0.0448,0.04
2712,113,0.0,0,0,7.9,13,4,492.1,496,487,0.0448,0.04
2713,114,0.0,0,0,7.8,13,3,492.2,497,487,0.0448,0.04
2714,115,0.0,0,0,7.3,11,3,492.7,497,489,0.0448,0.04
2715,116,0.0,0,0,6.9,11,3,493.1,497,489,0.0448,0.04
2716,117,0.0,0,0,6.6,11,3,493.4,497,489,0.0448,0.04
2717,118,0.0,0,0,6.4,11,3,493.6,497,489,0.0448,0.04
2718,119,0.0,0,0,6.1,10,3,493.9,497,490,0.0448,0.04
2719,120,0.0,0,0,5.9,10,3,494.1,497,490,0.0448,0.04
2720,121,0.0,0,0,5.5,10,3,494.5,497,490,0.0448,0.04
2721,122,0.0,0,0,5.2,10,3,494.8,497,490,0.0448,0.04
2722,123,0.0,0,0,4.9,10,2,495.1,498,490,0.0448,0.04
2723,124,0.0,0,0,4.7,10,2,495.3,498,490,0.0448,0.04
2724,125,0.0,0,0,4.6,10,2,495.4,498,490,0.0448,0.04
2725,126,0.0,0,0,4.2,9,2,495.8,498,491,0.0448,0.04
2726,127,0.0,0,0,4.2,9,2,495.8,498,491,0.0448,0.04
2727,128,0.0,0,0,4.2,9,2,495.8,498,491,0.0448,0.04
2728,129,0.0,0,0,3.9,8,1,496.1,499,492,0.0448,0.04
2729,130,0.0,0,0,3.4,8,1,496.6,499,492,0.0448,0.04
2730,131,0.0,0,0,3.4,8,1,496.6,499,492,0.0448,0.04
2731,132,0.0,0,0,3.3,8,1,496.7,499,492,0.0448,0.04
2732,133,0.0,0,0,3.3,8,1,496.7,499,492,0.0448,0.04
2733,134,0.0,0,0,3.2,8,1,496.8,499,492,0.0448,0.04
2734,135,0.0,0,0,3.2,8,1,496.8,499,492,0.0448,0.04
2735,136,0.0,0,0,3.0,7,1,497.0,499,493,0.0448,0.04
2736,137,0.0,0,0,2.9,7,1,497.1,499,493,0.0448,0.04
2737,138,0.0,0,0,2.7,6,1,497.3,499,494,0.0448,0.04
2738,139,0.0,0,0,2.7,6,1,497.3,499,494,0.0448,0.04
2739,140,0.0,0,0,2.7,6,1,497.3,499,494,0.0448,0.04
2740,141,0.0,0,0,2.6,6,1,497.4,499,494,0.0448,0.04
2741,142,0.0,0,0,2.5,6,1,497.5,499,494,0.0448,0.04
2742,143,0.0,0,0,2.5,6,1,497.5,499,494,0.0448,0.04
2743,144,0.0,0,0,2.4,5,1,497.6,499,495,0.0448,0.04
2744,145,0.0,0,0,2.4,5,1,497.6,499,495,0.0448,0.04
2745,146,0.0,0,0,2.3,4,1,497.7,499,496,0.0448,0.04
2746,147,0.0,0,0,1.9,4,1,498.1,499,496,0.0448,0.04
2747,148,0.0,0,0,1.9,4,1,498.1,499,496,0.0448,0.04
2748,149,0.0,0,0,1.7,4,0,498.3,500,496,0.0448,0.04
2749,150,0.0,0,0,1.6,4,0,498.4,500,496,0.0448,0.04
2750,151,0.0,0,0,1.4,4,0,498.6,500,496,0.0448,0.04
2751,152,0.0,0,0,1.4,4,0,498.6,500,496,0.0448,0.04
2752,153,0.0,0,0,1.4,4,0,498.6,500,496,0.0448,0.04
2753,154,0.0,0,0,1.4,4,0,498.6,500,496,0.0448,0.04
2754,155,0.0,0,0,1.3,4,0,498.7,500,496,0.0448,0.04
2755,156,0.0,0,0,1.2,4,0,498.8,500,496,0.0448,0.04
2756,157,0.0,0,0,1.2,4,0,498.8,500,496,0.0448,0.04
2757,158,0.0,0,0,1.1,3,0,498.9,500,497,0.0448,0.04
2758,159,0.0,0,0,1.0,3,0,499.0,500,497,0.0448,0.04
2759,160,0.0,0,0,0.9,2,0,499.1,500,498,0.0448,0.04
2760,161,0.0,0,0,0.9,2,0,499.1,500,498,0.0448,0.04
2761,162,0.0,0,0,0.9,2,0,499.1,500,498,0.0448,0.04
2762,163,0.0,0,0,0.9,2,0,499.1,500,498,0.0448,0.04
2763,164,0.0,0,0,0.9,2,0,499.1,500,498,0.0448,0.04
2764,165,0.0,0,0,0.9,2,0,499.1,500,498,0.0448,0.04
2765,166,0.0,0,0,0.8,2,0,499.2,500,498,0.0448,0.04
2766,167,0.0,0,0,0.7,2,0,499.3,500,498,0.0448,0.04
2767,168,0.0,0,0,0.7,2,0,499.3,500,498,0.0448,0.04
2768,169,0.0,0,0,0.6,2,0,499.4,500,498,0.0448,0.04
2769,170,0.0,0,0,0.5,2,0,499.5,500,498,0.0448,0.04
2770,171,0.0,0,0,0.5,2,0,499.5,500,498,0.0448,0.04
2771,172,0.0,0,0,0.5,2,0,499.5,500,498,0.0448,0.04
2772,173,0.0,0,0,0.5,2,0,499.5,500,498,0.0448,0.04
2773,174,0.0,0,0,0.5,2,0,499.5,500,498,0.0448,0.04
2774,175,0.0,0,0,0.5,2,0,499.5,500,498,0.0448,0.04
2775,176,0.0,0,0,0.4,2,0,499.6,500,498,0.0448,0.04
2776,177,0.0,0,0,0.4,2,0,499.6,500,498,0.0448,0.04
2777,178,0.0,0,0,0.4,2,0,499.6,500,498,0.0448,0.04
2778,179,0.0,0,0,0.4,2,0,499.6,500,498,0.0448,0.04
2779,180,0.0,0,0,0.4,2,0,499.6,500,498,0.0448,0.04
2780,181,0.0,0,0,0.4,2,0,499.6,500,498,0.0448,0.04
2781,182,0.0,0,0,0.4,2,0,499.6,500,498,0.0448,0.04
2782,183,0.0,0,0,0.4,2,0,499.6,500,498,0.0448,0.04
2783,184,0.0,0,0,0.3,1,0,499.7,500,499,0.0448,0.04
2784,185,0.0,0,0,0.3,1,0,499.7,500,499,0.0448,0.04
2785,186,0.0,0,0,0.3,1,0,499.7,500,499,0.0448,0.04
2786,187,0.0,0,0,0.3,1,0,499.7,500,499,0.0448,0.04
2787,188,0.0,0,0,0.3,1,0,499.7,500,499,0.0448,0.04
2788,189,0.0,0,0,0.3,1,0,499.7,500,499,0.0448,0.04
2789,190,0.0,0,0,0.3,1,0,499.7,500,499,0.0448,0.04
2790,191,0.0,0,0,0.3,1,0,499.7,500,499,0.0448,0.04
2791,192,0.0,0,0,0.3,1,0,499.7,500,499,0.0448,0.04
2792,193,0.0,0,0,0.3,1,0,499.7,500,499,0.0448,0.04
2793,194,0.0,0,0,0.3,1,0,499.7,500,499,0.0448,0.04
2794,195,0.0,0,0,0.3,1,0,499.7,500,499,0.0448,0.04
2795,196,0.0,0,0,0.3,1,0,499.7,500,499,0.0448,0.04
2796,197,0.0,0,0,0.3,1,0,499.7,500,499,0.0448,0.04
2797,198,0.0,0,0,0.3,1,0,499.7,500,499,0.0448,0.04
2798,199,0.0,0,0,0.3,1,0,499.7,500,499,0.0448,0.04
2799,200,0.0,0,0,0.3,1,0,499.7,500,499,0.0448,0.04
2800,1,498.1,499,497,1.8,3,1,0.1,1,0,0.0483,0.04
2801,2,496.5,498,495,3.4,5,2,0.1,1,0,0.0483,0.04
2802,3,491.8,497,486,8.0,14,3,0.2,1,0,0.0483,0.04
2803,4,483.8,495,464,15.6,35,5,0.6,2,0,0.0483,0.04
2804,5,468.0,486,422,29.8,73,13,2.2,5,0,0.0483,0.04
2805,6,437.7,469,353,58.9,139,30,3.4,8,0,0.0483,0.04
2806,7,381.7,433,244,111.3,239,64,7.0,17,1,0.0483,0.04
2807,8,298.4,382,152,188.1,319,109,13.5,29,7,0.0483,0.04
2808,9,198.8,302,79,276.6,371,181,24.6,50,11,0.0483,0.04
2809,10,111.1,186,35,350.2,401,282,38.7,71,26,0.0483,0.04
2810,11,52.7,93,16,394.9,422,363,52.4,82,40,0.0483,0.04
2811,12,21.6,41,6,409.5,426,398,68.9,96,53,0.0483,0.04
2812,13,9.5,21,3,404.8,421,379,85.7,118,65,0.0483,0.04
2813,14,3.3,7,2,395.4,413,362,101.3,136,84,0.0483,0.04
2814,15,1.8,4,0,380.2,399,347,118.0,151,101,0.0483,0.04
2815,16,1.3,3,0,363.8,380,329,134.9,170,120,0.0483,0.04
2816,17,0.9,3,0,350.5,370,313,148.6,186,130,0.0483,0.04
2817,18,0.6,3,0,335.0,354,299,164.4,201,146,0.0483,0.04
2818,19,0.3,1,0,322.8,341,286,176.9,214,159,0.0483,0.04
2819,20,0.3,1,0,308.6,327,277,191.1,223,173,0.0483,0.04
2820,21,0.2,1,0,296.4,310,263,203.4,237,190,0.0483,0.04
2821,22,0.2,1,0,286.3,298,253,213.5,247,202,0.0483,0.04
2822,23,0.2,1,0,275.3,290,239,224.5,261,210,0.0483,0.04
2823,24,0.2,1,0,262.4,280,233,237.4,267,220,0.0483,0.04
2824,25,0.1,1,0,251.4,268,224,248.5,276,232,0.0483,0.04
2825,26,0.1,1,0,240.7,262,216,259.2,284,238,0.0483,0.04
2826,27,0.0,0,0,232.0,251,207,268.0,293,249,0.0483,0.04
2827,28,0.0,0,0,223.1,238,197,276.9,303,262,0.0483,0.04
2828,29,0.0,0,0,213.4,226,189,286.6,311,274,0.0483,0.04
2829,30,0.0,0,0,204.8,215,184,295.2,316,285,0.0483,0.04
2830,31,0.0,0,0,196.5,206,175,303.5,325,294,0.0483,0.04
2831,32,0.0,0,0,188.4,199,170,311.6,330,301,0.0483,0.04
2832,33,0.0,0,0,181.2,190,166,318.8,334,310,0.0483,0.04
2833,34,0.0,0,0,173.5,185,159,326.5,341,315,0.0483,0.04
2834,35,0.0,0,0,167.9,185,155,332.1,345,315,0.0483,0.04
2835,36,0.0,0,0,161.6,178,149,338.4,351,322,0.0483,0.04
2836,37,0.0,0,0,153.8,168,143,346.2,357,332,0.0483,0.04
2837,38,0.0,0,0,147.0,159,137,353.0,363,341,0.0483,0.04
2838,39,0.0,0,0,141.8,156,132,358.2,368,344,0.0483,0.04
2839,40,0.0,0,0,137.4,153,128,362.6,372,347,0.0483,0.04
2840,41,0.0,0,0,130.3,143,120,369.7,380,357,0.0483,0.04
2841,42,0.0,0,0,124.8,138,112,375.2,388,362,0.0483,0.04
2842,43,0.0,0,0,119.5,131,108,380.5,392,369,0.0483,0.04
2843,44,0.0,0,0,114.5,128,100,385.5,400,372,0.0483,0.04
2844,45,0.0,0,0,110.4,126,96,389.6,404,374,0.0483,0.04
2845,46,0.0,0,0,106.4,122,92,393.6,408,378,0.0483,0.04
2846,47,0.0,0,0,102.0,118,89,398.0,411,382,0.0483,0.04
2847,48,0.0,0,0,97.7,114,86,402.3,414,386,0.0483,0.04
2848,49,0.0,0,0,94.5,110,80,405.5,420,390,0.0483,0.04
2849,50,0.0,0,0,91.2,109,76,408.8,424,391,0.0483,0.04
2850,51,0.0,0,0,87.9,104,72,412.1,428,396,0.0483,0.04
2851,52,0.0,0,0,84.3,98,69,415.7,431,402,0.0483,0.04
2852,53,0.0,0,0,80.6,92,64,419.4,436,408,0.0483,0.04
2853,54,0.0,0,0,76.5,86,59,423.5,441,414,0.0483,0.04
2854,55,0.0,0,0,73.9,84,58,426.1,442,416,0.0483,0.04
2855,56,0.0,0,0,71.6,81,56,428.4,444,419,0.0483,0.04
2856,57,0.0,0,0,68.9,79,55,431.1,445,421,0.0483,0.04
2857,58,0.0,0,0,66.6,78,53,433.4,447,422,0.0483,0.04
2858,59,0.0,0,0,63.9,73,53,436.1,447,427,0.0483,0.04
2859,60,0.0,0,0,60.9,69,52,439.1,448,431,0.0483,0.04
2860,61,0.0,0,0,58.9,67,49,441.1,451,433,0.0483,0.04
2861,62,0.0,0,0,56.5,66,46,443.5,454,434,0.0483,0.04
2862,63,0.0,0,0,53.8,64,45,446.2,455,436,0.0483,0.04
2863,64,0.0,0,0,51.6,60,43,448.4,457,440,0.0483,0.04
2864,65,0.0,0,0,50.4,58,42,449.6,458,442,0.0483,0.04
2865,66,0.0,0,0,48.1,54,39,451.9,461,446,0.0483,0.04
2866,67,0.0,0,0,46.2,53,36,453.8,464,447,0.0483,0.04
2867,68,0.0,0,0,43.9,51,34,456.1,466,449,0.0483,0.04
2868,69,0.0,0,0,43.1,51,32,456.9,468,449,0.0483,0.04
2869,70,0.0,0,0,42.3,50,32,457.7,468,450,0.0483,0.04
2870,71,0.0,0,0,40.6,49,32,459.4,468,451,0.0483,0.04
2871,72,0.0,0,0,39.4,46,32,460.6,468,454,0.0483,0.04
2872,73,0.0,0,0,38.3,45,30,461.7,470,455,0.0483,0.04
2873,74,0.0,0,0,36.5,44,28,463.5,472,456,0.0483,0.04
2874,75,0.0,0,0,35.2,42,26,464.8,474,458,0.0483,0.04
2875,76,0.0,0,0,33.8,41,25,466.2,475,459,0.0483,0.04
2876,77,0.0,0,0,32.6,40,24,467.4,476,460,0.0483,0.04
2877,78,0.0,0,0,31.0,37,23,469.0,477,463,0.0483,0.04
2878,79,0.0,0,0,29.7,35,23,470.3,477,465,0.0483,0.04
2879,80,0.0,0,0,28.8,35,22,471.2,478,465,0.0483,0.04
2880,81,0.0,0,0,28.0,34,21,472.0,479,466,0.0483,0.04
2881,82,0.0,0,0,27.1,34,20,472.9,480,466,0.0483,0.04
2882,83,0.0,0,0,26.1,33,18,473.9,482,467,0.0483,0.04
2883,84,0.0,0,0,25.0,33,15,475.0,485,467,0.0483,0.04
2884,85,0.0,0,0,24.1,33,15,475.9,485,467,0.0483,0.04
2885,86,0.0,0,0,23.2,33,15,476.8,485,467,0.0483,0.04
2886,87,0.0,0,0,22.5,31,14,477.5,486,469,0.0483,0.04
2887,88,0.0,0,0,21.3,29,14,478.7,486,471,0.0483,0.04
2888,89,0.0,0,0,20.6,28,13,479.4,487,472,0.0483,0.04
2889,90,0.0,0,0,19.8,27,13,480.2,487,473,0.0483,0.04
2890,91,0.0,0,0,18.5,24,12,481.5,488,476,0.0483,0.04
2891,92,0.0,0,0,17.6,23,12,482.4,488,477,0.0483,0.04
2892,93,0.0,0,0,16.8,23,12,483.2,488,477,0.0483,0.04
2893,94,0.0,0,0,16.2,23,12,483.8,488,477,0.0483,0.04
2894,95,0.0,0,0,15.9,22,12,484.1,488,478,0.0483,0.04
2895,96,0.0,0,0,15.6,21,12,484.4,488,479,0.0483,0.04
2896,97,0.0,0,0,15.0,19,11,485.0,489,481,0.0483,0.04
2897,98,0.0,0,0,14.1,19,10,485.9,490,481,0.0483,0.04
2898,99,0.0,0,0,13.5,19,9,486.5,491,481,0.0483,0.04
2899,100,0.0,0,0,13.0,18,9,487.0,491,482,0.0483,0.04
2900,101,0.0,0,0,12.7,17,8,487.3,492,483,0.0483,0.04
2901,102,0.0,0,0,12.5,17,8,487.5,492,483,0.0483,0.04
2902,103,0.0,0,0,12.0,17,7,488.0,493,483,0.0483,0.04
2903,104,0.0,0,0,11.4,17,6,488.6,494,483,0.0483,0.04
2904,105,0.0,0,0,11.3,17,6,488.7,494,483,0.0483,0.04
2905,106,0.0,0,0,11.2,17,6,488.8,494,483,0.0483,0.04
2906,107,0.0,0,0,10.3,16,6,489.7,494,484,0.0483,0.04
2907,108,0.0,0,0,9.9,15,5,490.1,495,485,0.0483,0.04
2908,109,0.0,0,0,9.6,15,5,490.4,495,485,0.0483,0.04
2909,110,0.0,0,0,9.2,15,5,490.8,495,485,0.0483,0.04
2910,111,0.0,0,0,8.5,13,5,491.5,495,487,0.0483,0.04
2911,112,0.0,0,0,8.4,13,5,491.6,495,487,0.0483,0.04
2912,113,0.0,0,0,7.9,12,5,492.1,495,488,0.0483,0.04
2913,114,0.0,0,0,7.6,12,4,492.4,496,488,0.0483,0.04
2914,115,0.0,0,0,7.2,11,3,492.8,497,489,0.0483,0.04
2915,116,0.0,0,0,7.1,11,3,492.9,497,489,0.0483,0.04
2916,117,0.0,0,0,6.8,10,3,493.2,497,490,0.0483,0.04
2917,118,0.0,0,0,6.3,8,3,493.7,497,492,0.0483,0.04
2918,119,0.0,0,0,5.8,8,2,494.2,498,492,0.0483,0.04
2919,120,0.0,0,0,5.3,8,1,494.7,499,492,0.0483,0.04
2920,121,0.0,0,0,5.1,8,1,494.9,499,492,0.0483,0.04
2921,122,0.0,0,0,4.7,8,1,495.3,499,492,0.0483,0.04
2922,123,0.0,0,0,4.5,8,1,495.5,499,492,0.0483,0.04
2923,124,0.0,0,0,4.5,8,1,495.5,499,492,0.0483,0.04
2924,125,0.0,0,0,4.3,8,1,495.7,499,492,0.0483,0.04
2925,126,0.0,0,0,4.0,8,1,496.0,499,492,0.0483,0.04
2926,127,0.0,0,0,3.8,7,1,496.2,499,493,0.0483,0.04
2927,128,0.0,0,0,3.7,7,1,496.3,499,493,0.0483,0.04
2928,129,0.0,0,0,3.6,7,1,496.4,499,493,0.0483,0.04
2929,130,0.0,0,0,3.5,7,1,496.5,499,493,0.0483,0.04
2930,131,0.0,0,0,3.4,6,1,496.6,499,494,0.0483,0.04
2931,132,0.0,0,0,3.2,6,1,496.8,499,494,0.0483,0.04
2932,133,0.0,0,0,3.1,6,1,496.9,499,494,0.0483,0.04
2933,134,0.0,0,0,2.8,5,1,497.2,499,495,0.0483,0.04
2934,135,0.0,0,0,2.7,5,1,497.3,499,495,0.0483,0.04
2935,136,0.0,0,0,2.5,5,0,497.5,500,495,0.0483,0.04
2936,137,0.0,0,0,2.5,5,0,497.5,500,495,0.0483,0.04
2937,138,0.0,0,0,2.5,5,0,497.5,500,495,0.0483,0.04
2938,139,0.0,0,0,2.3,5,0,497.7,500,495,0.0483,0.04
2939,140,0.0,0,0,2.3,5,0,497.7,500,495,0.0483,0.04
2940,141,0.0,0,0,2.3,5,0,497.7,500,495,0.0483,0.04
2941,142,0.0,0,0,2.3,5,0,497.7,500,495,0.0483,0.04
2942,143,0.0,0,0,2.2,5,0,497.8,500,495,0.0483,0.04
2943,144,0.0,0,0,2.2,5,0,497.8,500,495,0.0483,0.04
2944,145,0.0,0,0,2.1,5,0,497.9,500,495,0.0483,0.04
2945,146,0.0,0,0,2.1,5,0,497.9,500,495,0.0483,0.04
2946,147,0.0,0,0,2.0,5,0,498.0,500,495,0.0483,0.04
2947,148,0.0,0,0,1.9,5,0,498.1,500,495,0.0483,0.04
2948,149,0.0,0,0,1.9,5,0,498.1,500,495,0.0483,0.04
2949,150,0.0,0,0,1.9,5,0,498.1,500,495,0.0483,0.04
2950,151,0.0,0,0,1.6,4,0,498.4,500,496,0.0483,0.04
2951,152,0.0,0,0,1.6,4,0,498.4,500,496,0.0483,0.04
2952,153,0.0,0,0,1.6,4,0,498.4,500,496,0.0483,0.04
2953,154,0.0,0,0,1.5,4,0,498.5,500,496,0.0483,0.04
2954,155,0.0,0,0,1.5,4,0,498.5,500,496,0.0483,0.04
2955,156,0.0,0,0,1.4,4,0,498.6,500,496,0.0483,0.04
2956,157,0.0,0,0,1.4,4,0,498.6,500,496,0.0483,0.04
2957,158,0.0,0,0,1.3,3,0,498.7,500,497,0.0483,0.04
2958,159,0.0,0,0,1.2,3,0,498.8,500,497,0.0483,0.04
2959,160,0.0,0,0,1.2,3,0,498.8,500,497,0.0483,0.04
2960,161,0.0,0,0,1.2,3,0,498.8,500,497,0.0483,0.04
2961,162,0.0,0,0,1.1,2,0,498.9,500,498,0.0483,0.04
2962,163,0.0,0,0,1.1,2,0,498.9,500,498,0.0483,0.04
2963,164,0.0,0,0,1.1,2,0,498.9,500,498,0.0483,0.04
2964,165,0.0,0,0,1.0,2,0,499.0,500,498,0.0483,0.04
2965,166,0.0,0,0,0.8,2,0,499.2,500,498,0.0483,0.04
2966,167,0.0,0,0,0.7,2,0,499.3,500,498,0.0483,0.04
2967,168,0.0,0,0,0.7,2,0,499.3,500,498,0.0483,0.04
2968,169,0.0,0,0,0.7,2,0,499.3,500,498,0.0483,0.04
2969,170,0.0,0,0,0.7,2,0,499.3,500,498,0.0483,0.04
2970,171,0.0,0,0,0.7,2,0,499.3,500,498,0.0483,0.04
2971,172,0.0,0,0,0.7,2,0,499.3,500,498,0.0483,0.04
2972,173,0.0,0,0,0.6,2,0,499.4,500,498,0.0483,0.04
2973,174,0.0,0,0,0.6,2,0,499.4,500,498,0.0483,0.04
2974,175,0.0,0,0,0.6,2,0,499.4,500,498,0.0483,0.04
2975,176,0.0,0,0,0.6,2,0,499.4,500,498,0.0483,0.04
2976,177,0.0,0,0,0.6,2,0,499.4,500,498,0.0483,0.04
2977,178,0.0,0,0,0.6,2,0,499.4,500,498,0.0483,0.04
2978,179,0.0,0,0,0.6,2,0,499.4,500,498,0.0483,0.04
2979,180,0.0,0,0,0.5,2,0,499.5,500,498,0.0483,0.04
2980,181,0.0,0,0,0.5,2,0,499.5,500,498,0.0483,0.04
2981,182,0.0,0,0,0.4,2,0,499.6,500,498,0.0483,0.04
2982,183,0.0,0,0,0.4,2,0,499.6,500,498,0.0483,0.04
2983,184,0.0,0,0,0.4,2,0,499.6,500,498,0.0483,0.04
2984,185,0.0,0,0,0.4,2,0,499.6,500,498,0.0483,0.04
2985,186,0.0,0,0,0.3,1,0,499.7,500,499,0.0483,0.04
2986,187,0.0,0,0,0.3,1,0,499.7,500,499,0.0483,0.04
2987,188,0.0,0,0,0.2,1,0,499.8,500,499,0.0483,0.04
2988,189,0.0,0,0,0.2,1,0,499.8,500,499,0.0483,0.04
2989,190,0.0,0,0,0.2,1,0,499.8,500,499,0.0483,0.04
2990,191,0.0,0,0,0.1,1,0,499.9,500,499,0.0483,0.04
2991,192,0.0,0,0,0.1,1,0,499.9,500,499,0.0483,0.04
2992,193,0.0,0,0,0.1,1,0,499.9,500,499,0.0483,0.04
2993,194,0.0,0,0,0.1,1,0,499.9,500,499,0.0483,0.04
2994,195,0.0,0,0,0.1,1,0,499.9,500,499,0.0483,0.04
2995,196,0.0,0,0,0.1,1,0,499.9,500,499,0.0483,0.04
2996,197,0.0,0,0,0.1,1,0,499.9,500,499,0.0483,0.04
2997,198,0.0,0,0,0.1,1,0,499.9,500,499,0.0483,0.04
2998,199,0.0,0,0,0.1,1,0,499.9,500,499,0.0483,0.04
2999,200,0.0,0,0,0.1,1,0,499.9,500,499,0.0483,0.04
3000,1,497.3,499,496,2.6,4,1,0.1,1,0,0.0517,0.04
3001,2,493.2,499,487,6.1,13,1,0.7,2,0,0.0517,0.04
3002,3,484.3,499,474,14.7,26,1,1.0,2,0,0.0517,0.04
3003,4,468.7,498,448,29.2,50,2,2.1,4,0,0.0517,0.04
3004,5,438.2,493,404,56.7,85,6,5.1,11,1,0.0517,0.04
3005,6,382.4,486,330,108.4,158,13,9.2,20,1,0.0517,0.04
3006,7,300.5,466,218,181.9,258,32,17.6,33,2,0.0517,0.04
3007,8,210.9,432,124,261.5,346,62,27.6,49,6,0.0517,0.04
3008,9,133.3,372,48,323.8,399,120,42.9,64,8,0.0517,0.04
3009,10,81.3,274,20,362.4,413,211,56.3,73,15,0.0517,0.04
3010,11,40.6,167,6,388.1,419,311,71.3,96,22,0.0517,0.04
3011,12,18.4,77,0,394.5,414,382,87.1,114,34,0.0517,0.04
3012,13,7.5,29,0,390.9,425,368,101.6,129,46,0.0517,0.04
3013,14,2.4,11,0,380.5,424,357,117.1,143,70,0.0517,0.04
3014,15,1.1,5,0,364.8,404,336,134.1,164,91,0.0517,0.04
3015,16,0.3,3,0,351.9,392,321,147.8,179,105,0.0517,0.04
3016,17,0.3,3,0,337.6,376,306,162.1,194,121,0.0517,0.04
3017,18,0.2,2,0,320.3,362,294,179.5,206,136,0.0517,0.04
3018,19,0.0,0,0,309.9,351,280,190.1,220,149,0.0517,0.04
3019,20,0.0,0,0,298.2,334,259,201.8,241,166,0.0517,0.04
3020,21,0.0,0,0,287.3,323,251,212.7,249,177,0.0517,0.04
3021,22,0.0,0,0,274.9,310,242,225.1,258,190,0.0517,0.04
3022,23,0.0,0,0,264.7,299,237,235.3,263,201,0.0517,0.04
3023,24,0.0,0,0,253.7,288,222,246.3,278,212,0.0517,0.04
3024,25,0.0,0,0,244.0,279,217,256.0,283,221,0.0517,0.04
3025,26,0.0,0,0,232.8,259,209,267.2,291,241,0.0517,0.04
3026,27,0.0,0,0,222.5,243,197,277.5,303,257,0.0517,0.04
3027,28,0.0,0,0,214.5,234,190,285.5,310,266,0.0517,0.04
3028,29,0.0,0,0,203.3,222,184,296.7,316,278,0.0517,0.04
3029,30,0.0,0,0,195.3,215,177,304.7,323,285,0.0517,0.04
3030,31,0.0,0,0,189.0,209,168,311.0,332,291,0.0517,0.04
3031,32,0.0,0,0,181.1,194,160,318.9,340,306,0.0517,0.04
3032,33,0.0,0,0,173.8,188,156,326.2,344,312,0.0517,0.04
3033,34,0.0,0,0,166.4,178,150,333.6,350,322,0.0517,0.04
3034,35,0.0,0,0,160.0,171,145,340.0,355,329,0.0517,0.04
3035,36,0.0,0,0,153.2,162,137,346.8,363,338,0.0517,0.04
3036,37,0.0,0,0,147.4,160,129,352.6,371,340,0.0517,0.04
3037,38,0.0,0,0,141.1,153,123,358.9,377,347,0.0517,0.04
3038,39,0.0,0,0,136.0,149,116,364.0,384,351,0.0517,0.04
3039,40,0.0,0,0,130.9,145,113,369.1,387,355,0.0517,0.04
3040,41,0.0,0,0,125.3,137,110,374.7,390,363,0.0517,0.04
3041,42,0.0,0,0,119.0,130,107,381.0,393,370,0.0517,0.04
3042,43,0.0,0,0,114.3,127,103,385.7,397,373,0.0517,0.04
3043,44,0.0,0,0,108.6,121,92,391.4,408,379,0.0517,0.04
3044,45,0.0,0,0,103.4,118,85,396.6,415,382,0.0517,0.04
3045,46,0.0,0,0,99.6,112,83,400.4,417,388,0.0517,0.04
3046,47,0.0,0,0,95.2,105,80,404.8,420,395,0.0517,0.04
3047,48,0.0,0,0,92.2,104,77,407.8,423,396,0.0517,0.04
3048,49,0.0,0,0,87.9,100,73,412.1,427,400,0.0517,0.04
3049,50,0.0,0,0,84.9,97,73,415.1,427,403,0.0517,0.04
3050,51,0.0,0,0,81.6,93,69,418.4,431,407,0.0517,0.04
3051,52,0.0,0,0,79.6,91,68,420.4,432,409,0.0517,0.04
3052,53,0.0,0,0,76.0,88,65,424.0,435,412,0.0517,0.04
3053,54,0.0,0,0,72.7,86,61,427.3,439,414,0.0517,0.04
3054,55,0.0,0,0,69.6,80,61,430.4,439,420,0.0517,0.04
3055,56,0.0,0,0,66.8,76,60,433.2,440,424,0.0517,0.04
3056,57,0.0,0,0,63.5,71,57,436.5,443,429,0.0517,0.04
3057,58,0.0,0,0,61.1,69,54,438.9,446,431,0.0517,0.04
3058,59,0.0,0,0,58.8,68,51,441.2,449,432,0.0517,0.04
3059,60,0.0,0,0,55.9,64,50,444.1,450,436,0.0517,0.04
3060,61,0.0,0,0,53.5,61,49,446.5,451,439,0.0517,0.04
3061,62,0.0,0,0,51.1,59,44,448.9,456,441,0.0517,0.04
3062,63,0.0,0,0,50.3,58,43,449.7,457,442,0.0517,0.04
3063,64,0.0,0,0,48.6,58,41,451.4,459,442,0.0517,0.04
3064,65,0.0,0,0,46.9,55,41,453.1,459,445,0.0517,0.04
3065,66,0.0,0,0,44.7,52,40,455.3,460,448,0.0517,0.04
3066,67,0.0,0,0,42.0,51,36,458.0,464,449,0.0517,0.04
3067,68,0.0,0,0,40.5,49,33,459.5,467,451,0.0517,0.04
3068,69,0.0,0,0,38.6,47,33,461.4,467,453,0.0517,0.04
3069,70,0.0,0,0,37.7,47,32,462.3,468,453,0.0517,0.04
3070,71,0.0,0,0,35.9,44,29,464.1,471,456,0.0517,0.04
3071,72,0.0,0,0,34.4,43,27,465.6,473,457,0.0517,0.04
3072,73,0.0,0,0,32.8,41,26,467.2,474,459,0.0517,0.04
3073,74,0.0,0,0,31.7,40,26,468.3,474,460,0.0517,0.04
3074,75,0.0,0,0,30.0,35,25,470.0,475,465,0.0517,0.04
3075,76,0.0,0,0,28.4,34,25,471.6,475,466,0.0517,0.04
3076,77,0.0,0,0,26.7,33,23,473.3,477,467,0.0517,0.04
3077,78,0.0,0,0,26.0,31,21,474.0,479,469,0.0517,0.04
3078,79,0.0,0,0,25.1,29,20,474.9,480,471,0.0517,0.04
3079,80,0.0,0,0,24.0,29,19,476.0,481,471,0.0517,0.04
3080,81,0.0,0,0,22.7,27,18,477.3,482,473,0.0517,0.04
3081,82,0.0,0,0,22.3,27,18,477.7,482,473,0.0517,0.04
3082,83,0.0,0,0,20.8,26,18,479.2,482,474,0.0517,0.04
3083,84,0.0,0,0,20.0,26,17,480.0,483,474,0.0517,0.04
3084,85,0.0,0,0,19.4,25,17,480.6,483,475,0.0517,0.04
3085,86,0.0,0,0,19.0,24,16,481.0,484,476,0.0517,0.04
3086,87,0.0,0,0,18.7,23,16,481.3,484,477,0.0517,0.04
3087,88,0.0,0,0,18.2,22,16,481.8,484,478,0.0517,0.04
3088,89,0.0,0,0,17.5,21,14,482.5,486,479,0.0517,0.04
3089,90,0.0,0,0,16.5,20,13,483.5,487,480,0.0517,0.04
3090,91,0.0,0,0,16.3,20,12,483.7,488,480,0.0517,0.04
3091,92,0.0,0,0,15.7,20,12,484.3,488,480,0.0517,0.04
3092,93,0.0,0,0,15.1,19,11,484.9,489,481,0.0517,0.04
3093,94,0.0,0,0,14.5,18,11,485.5,489,482,0.0517,0.04
3094,95,0.0,0,0,13.9,18,10,486.1,490,482,0.0517,0.04
3095,96,0.0,0,0,13.6,18,9,486.4,491,482,0.0517,0.04
3096,97,0.0,0,0,12.7,16,9,487.3,491,484,0.0517,0.04
3097,98,0.0,0,0,12.2,16,9,487.8,491,484,0.0517,0.04
3098,99,0.0,0,0,11.8,16,9,488.2,491,484,0.0517,0.04
3099,100,0.0,0,0,11.5,16,8,488.5,492,484,0.0517,0.04
3100,101,0.0,0,0,11.2,16,8,488.8,492,484,0.0517,0.04
3101,102,0.0,0,0,10.9,16,8,489.1,492,484,0.0517,0.04
3102,103,0.0,0,0,10.4,15,8,489.6,492,485,0.0517,0.04
3103,104,0.0,0,0,9.8,14,7,490.2,493,486,0.0517,0.04
3104,105,0.0,0,0,9.5,13,6,490.5,494,487,0.0517,0.04
3105,106,0.0,0,0,9.3,13,6,490.7,494,487,0.0517,0.04
3106,107,0.0,0,0,9.1,13,6,490.9,494,487,0.0517,0.04
3107,108,0.0,0,0,8.7,12,6,491.3,494,488,0.0517,0.04
3108,109,0.0,0,0,8.6,12,6,491.4,494,488,0.0517,0.04
3109,110,0.0,0,0,8.2,12,5,491.8,495,488,0.0517,0.04
3110,111,0.0,0,0,7.9,11,5,492.1,495,489,0.0517,0.04
3111,112,0.0,0,0,7.6,11,5,492.4,495,489,0.0517,0.04
3112,113,0.0,0,0,7.4,11,5,492.6,495,489,0.0517,0.04
3113,114,0.0,0,0,7.2,11,5,492.8,495,489,0.0517,0.04
3114,115,0.0,0,0,6.9,11,4,493.1,496,489,0.0517,0.04
3115,116,0.0,0,0,6.7,11,4,493.3,496,489,0.0517,0.04
3116,117,0.0,0,0,6.5,11,4,493.5,496,489,0.0517,0.04
3117,118,0.0,0,0,6.0,9,4,494.0,496,491,0.0517,0.04
3118,119,0.0,0,0,5.7,8,3,494.3,497,492,0.0517,0.04
3119,120,0.0,0,0,5.6,8,3,494.4,497,492,0.0517,0.04
3120,121,0.0,0,0,5.5,8,3,494.5,497,492,0.0517,0.04
3121,122,0.0,0,0,5.3,7,3,494.7,497,493,0.0517,0.04
3122,123,0.0,0,0,5.3,7,3,494.7,497,493,0.0517,0.04
3123,124,0.0,0,0,4.8,6,3,495.2,497,494,0.0517,0.04
3124,125,0.0,0,0,4.6,6,3,495.4,497,494,0.0517,0.04
3125,126,0.0,0,0,4.3,6,2,495.7,498,494,0.0517,0.04
3126,127,0.0,0,0,4.2,6,2,495.8,498,494,0.0517,0.04
3127,128,0.0,0,0,4.1,6,2,495.9,498,494,0.0517,0.04
3128,129,0.0,0,0,3.9,5,2,496.1,498,495,0.0517,0.04
3129,130,0.0,0,0,3.7,5,2,496.3,498,495,0.0517,0.04
3130,131,0.0,0,0,3.6,5,2,496.4,498,495,0.0517,0.04
3131,132,0.0,0,0,3.4,5,2,496.6,498,495,0.0517,0.04
3132,133,0.0,0,0,3.2,5,2,496.8,498,495,0.0517,0.04
3133,134,0.0,0,0,3.0,5,2,497.0,498,495,0.0517,0.04
3134,135,0.0,0,0,2.8,5,2,497.2,498,495,0.0517,0.04
3135,136,0.0,0,0,2.7,5,1,497.3,499,495,0.0517,0.04
3136,137,0.0,0,0,2.5,5,1,497.5,499,495,0.0517,0.04
3137,138,0.0,0,0,2.4,4,1,497.6,499,496,0.0517,0.04
3138,139,0.0,0,0,2.3,4,1,497.7,499,496,0.0517,0.04
3139,140,0.0,0,0,2.3,4,1,497.7,499,496,0.0517,0.04
3140,141,0.0,0,0,2.3,4,1,497.7,499,496,0.0517,0.04
3141,142,0.0,0,0,2.3,4,1,497.7,499,496,0.0517,0.04
3142,143,0.0,0,0,2.2,4,0,497.8,500,496,0.0517,0.04
3143,144,0.0,0,0,2.1,4,0,497.9,500,496,0.0517,0.04
3144,145,0.0,0,0,1.9,3,0,498.1,500,497,0.0517,0.04
3145,146,0.0,0,0,1.8,3,0,498.2,500,497,0.0517,0.04
3146,147,0.0,0,0,1.8,3,0,498.2,500,497,0.0517,0.04
3147,148,0.0,0,0,1.8,3,0,498.2,500,497,0.0517,0.04
3148,149,0.0,0,0,1.5,3,0,498.5,500,497,0.0517,0.04
3149,150,0.0,0,0,1.5,3,0,498.5,500,497,0.0517,0.04
3150,151,0.0,0,0,1.5,3,0,498.5,500,497,0.0517,0.04
3151,152,0.0,0,0,1.5,3,0,498.5,500,497,0.0517,0.04
3152,153,0.0,0,0,1.5,3,0,498.5,500,497,0.0517,0.04
3153,154,0.0,0,0,1.5,3,0,498.5,500,497,0.0517,0.04
3154,155,0.0,0,0,1.4,3,0,498.6,500,497,0.0517,0.04
3155,156,0.0,0,0,1.4,3,0,498.6,500,497,0.0517,0.04
3156,157,0.0,0,0,1.4,3,0,498.6,500,497,0.0517,0.04
3157,158,0.0,0,0,1.4,3,0,498.6,500,497,0.0517,0.04
3158,159,0.0,0,0,1.4,3,0,498.6,500,497,0.0517,0.04
3159,160,0.0,0,0,1.4,3,0,498.6,500,497,0.0517,0.04
3160,161,0.0,0,0,1.4,3,0,498.6,500,497,0.0517,0.04
3161,162,0.0,0,0,1.4,3,0,498.6,500,497,0.0517,0.04
3162,163,0.0,0,0,1.4,3,0,498.6,500,497,0.0517,0.04
3163,164,0.0,0,0,1.3,3,0,498.7,500,497,0.0517,0.04
3164,165,0.0,0,0,1.2,2,0,498.8,500,498,0.0517,0.04
3165,166,0.0,0,0,1.1,2,0,498.9,500,498,0.0517,0.04
3166,167,0.0,0,0,1.1,2,0,498.9,500,498,0.0517,0.04
3167,168,0.0,0,0,1.1,2,0,498.9,500,498,0.0517,0.04
3168,169,0.0,0,0,1.1,2,0,498.9,500,498,0.0517,0.04
3169,170,0.0,0,0,1.1,2,0,498.9,500,498,0.0517,0.04
3170,171,0.0,0,0,1.1,2,0,498.9,500,498,0.0517,0.04
3171,172,0.0,0,0,1.1,2,0,498.9,500,498,0.0517,0.04
3172,173,0.0,0,0,1.0,2,0,499.0,500,498,0.0517,0.04
3173,174,0.0,0,0,1.0,2,0,499.0,500,498,0.0517,0.04
3174,175,0.0,0,0,1.0,2,0,499.0,500,498,0.0517,0.04
3175,176,0.0,0,0,1.0,2,0,499.0,500,498,0.0517,0.04
3176,177,0.0,0,0,0.9,2,0,499.1,500,498,0.0517,0.04
3177,178,0.0,0,0,0.9,2,0,499.1,500,498,0.0517,0.04
3178,179,0.0,0,0,0.9,2,0,499.1,500,498,0.0517,0.04
3179,180,0.0,0,0,0.9,2,0,499.1,500,498,0.0517,0.04
3180,181,0.0,0,0,0.8,2,0,499.2,500,498,0.0517,0.04
3181,182,0.0,0,0,0.7,2,0,499.3,500,498,0.0517,0.04
3182,183,0.0,0,0,0.7,2,0,499.3,500,498,0.0517,0.04
3183,184,0.0,0,0,0.7,2,0,499.3,500,498,0.0517,0.04
3184,185,0.0,0,0,0.6,2,0,499.4,500,498,0.0517,0.04
3185,186,0.0,0,0,0.6,2,0,499.4,500,498,0.0517,0.04
3186,187,0.0,0,0,0.6,2,0,499.4,500,498,0.0517,0.04
3187,188,0.0,0,0,0.6,2,0,499.4,500,498,0.0517,0.04
3188,189,0.0,0,0,0.6,2,0,499.4,500,498,0.0517,0.04
3189,190,0.0,0,0,0.6,2,0,499.4,500,498,0.0517,0.04
3190,191,0.0,0,0,0.6,2,0,499.4,500,498,0.0517,0.04
3191,192,0.0,0,0,0.5,2,0,499.5,500,498,0.0517,0.04
3192,193,0.0,0,0,0.5,2,0,499.5,500,498,0.0517,0.04
3193,194,0.0,0,0,0.5,2,0,499.5,500,498,0.0517,0.04
3194,195,0.0,0,0,0.4,2,0,499.6,500,498,0.0517,0.04
3195,196,0.0,0,0,0.4,2,0,499.6,500,498,0.0517,0.04
3196,197,0.0,0,0,0.4,2,0,499.6,500,498,0.0517,0.04
3197,198,0.0,0,0,0.4,2,0,499.6,500,498,0.0517,0.04
3198,199,0.0,0,0,0.4,2,0,499.6,500,498,0.0517,0.04
3199,200,0.0,0,0,0.3,1,0,499.7,500,499,0.0517,0.04
3200,1,498.1,499,496,1.9,4,1,0.0,0,0,0.0552,0.04
3201,2,495.9,498,494,3.9,6,2,0.2,1,0,0.0552,0.04
3202,3,489.8,497,486,9.8,14,3,0.4,1,0,0.0552,0.04
3203,4,477.6,494,462,21.0,34,6,1.4,4,0,0.0552,0.04
3204,5,451.3,484,412,46.0,80,16,2.7,8,0,0.0552,0.04
3205,6,404.9,454,340,87.9,148,44,7.2,13,2,0.0552,0.04
3206,7,328.0,406,247,160.5,236,90,11.5,17,4,0.0552,0.04
3207,8,225.2,328,129,253.1,343,161,21.7,28,11,0.0552,0.04
3208,9,126.0,218,62,338.4,394,258,35.6,47,18,0.0552,0.04
3209,10,54.7,101,24,394.3,418,363,51.0,66,29,0.0552,0.04
3210,11,21.6,48,5,409.6,414,397,68.8,83,45,0.0552,0.04
3211,12,9.1,21,1,404.1,424,389,86.8,104,61,0.0552,0.04
3212,13,3.1,9,0,393.4,419,374,103.5,124,77,0.0552,0.04
3213,14,1.4,4,0,379.1,408,359,119.5,141,89,0.0552,0.04
3214,15,0.5,1,0,363.5,397,341,136.0,159,102,0.0552,0.04
3215,16,0.3,1,0,347.9,380,322,151.8,178,120,0.0552,0.04
3216,17,0.2,1,0,333.7,363,307,166.1,193,137,0.0552,0.04
3217,18,0.1,1,0,320.1,348,298,179.8,202,152,0.0552,0.04
3218,19,0.0,0,0,306.9,331,289,193.1,211,169,0.0552,0.04
3219,20,0.0,0,0,295.1,320,276,204.9,224,180,0.0552,0.04
3220,21,0.0,0,0,282.8,307,265,217.2,235,193,0.0552,0.04
3221,22,0.0,0,0,272.5,296,253,227.5,247,204,0.0552,0.04
3222,23,0.0,0,0,261.8,287,242,238.2,258,213,0.0552,0.04
3223,24,0.0,0,0,251.3,279,232,248.7,268,221,0.0552,0.04
3224,25,0.0,0,0,242.6,271,221,257.4,279,229,0.0552,0.04
3225,26,0.0,0,0,233.2,265,214,266.8,286,235,0.0552,0.04
3226,27,0.0,0,0,224.0,257,204,276.0,296,243,0.0552,0.04
3227,28,0.0,0,0,215.3,246,194,284.7,306,254,0.0552,0.04
3228,29,0.0,0,0,206.5,236,188,293.5,312,264,0.0552,0.04
3229,30,0.0,0,0,198.6,224,180,301.4,320,276,0.0552,0.04
3230,31,0.0,0,0,191.5,219,173,308.5,327,281,0.0552,0.04
3231,32,0.0,0,0,183.8,211,165,316.2,335,289,0.0552,0.04
3232,33,0.0,0,0,174.8,204,156,325.2,344,296,0.0552,0.04
3233,34,0.0,0,0,167.8,192,149,332.2,351,308,0.0552,0.04
3234,35,0.0,0,0,162.0,181,145,338.0,355,319,0.0552,0.04
3235,36,0.0,0,0,154.3,175,132,345.7,368,325,0.0552,0.04
3236,37,0.0,0,0,148.8,171,129,351.2,371,329,0.0552,0.04
3237,38,0.0,0,0,143.2,168,123,356.8,377,332,0.0552,0.04
3238,39,0.0,0,0,138.6,163,120,361.4,380,337,0.0552,0.04
3239,40,0.0,0,0,134.0,155,115,366.0,385,345,0.0552,0.04
3240,41,0.0,0,0,128.3,150,107,371.7,393,350,0.0552,0.04
3241,42,0.0,0,0,123.6,143,105,376.4,395,357,0.0552,0.04
3242,43,0.0,0,0,118.3,139,102,381.7,398,361,0.0552,0.04
3243,44,0.0,0,0,113.9,132,96,386.1,404,368,0.0552,0.04
3244,45,0.0,0,0,109.7,127,92,390.3,408,373,0.0552,0.04
3245,46,0.0,0,0,104.6,121,87,395.4,413,379,0.0552,0.04
3246,47,0.0,0,0,101.0,121,83,399.0,417,379,0.0552,0.04
3247,48,0.0,0,0,97.5,120,81,402.5,419,380,0.0552,0.04
3248,49,0.0,0,0,92.9,114,79,407.1,421,386,0.0552,0.04
3249,50,0.0,0,0,88.8,108,75,411.2,425,392,0.0552,0.04
3250,51,0.0,0,0,85.7,105,72,414.3,428,395,0.0552,0.04
3251,52,0.0,0,0,83.2,104,70,416.8,430,396,0.0552,0.04
3252,53,0.0,0,0,80.0,102,70,420.0,430,398,0.0552,0.04
3253,54,0.0,0,0,76.5,97,67,423.5,433,403,0.0552,0.04
3254,55,0.0,0,0,74.3,94,64,425.7,436,406,0.0552,0.04
3255,56,0.0,0,0,70.8,91,58,429.2,442,409,0.0552,0.04
3256,57,0.0,0,0,68.4,87,57,431.6,443,413,0.0552,0.04
3257,58,0.0,0,0,65.1,81,55,434.9,445,419,0.0552,0.04
3258,59,0.0,0,0,62.2,80,53,437.8,447,420,0.0552,0.04
3259,60,0.0,0,0,59.2,76,52,440.8,448,424,0.0552,0.04
3260,61,0.0,0,0,57.2,71,50,442.8,450,429,0.0552,0.04
3261,62,0.0,0,0,54.5,69,48,445.5,452,431,0.0552,0.04
3262,63,0.0,0,0,52.5,64,45,447.5,455,436,0.0552,0.04
3263,64,0.0,0,0,50.6,61,45,449.4,455,439,0.0552,0.04
3264,65,0.0,0,0,48.4,60,42,451.6,458,440,0.0552,0.04
3265,66,0.0,0,0,45.7,52,39,454.3,461,448,0.0552,0.04
3266,67,0.0,0,0,43.3,50,35,456.7,465,450,0.0552,0.04
3267,68,0.0,0,0,41.2,48,33,458.8,467,452,0.0552,0.04
3268,69,0.0,0,0,39.3,47,30,460.7,470,453,0.0552,0.04
3269,70,0.0,0,0,37.3,46,27,462.7,473,454,0.0552,0.04
3270,71,0.0,0,0,35.6,44,26,464.4,474,456,0.0552,0.04
3271,72,0.0,0,0,34.1,43,24,465.9,476,457,0.0552,0.04
3272,73,0.0,0,0,32.7,41,20,467.3,480,459,0.0552,0.04
3273,74,0.0,0,0,31.8,40,20,468.2,480,460,0.0552,0.04
3274,75,0.0,0,0,30.2,39,20,469.8,480,461,0.0552,0.04
3275,76,0.0,0,0,29.1,36,18,470.9,482,464,0.0552,0.04
3276,77,0.0,0,0,28.2,34,17,471.8,483,466,0.0552,0.04
3277,78,0.0,0,0,27.6,34,17,472.4,483,466,0.0552,0.04
3278,79,0.0,0,0,26.4,32,14,473.6,486,468,0.0552,0.04
3279,80,0.0,0,0,24.9,31,14,475.1,486,469,0.0552,0.04
3280,81,0.0,0,0,23.9,29,14,476.1,486,471,0.0552,0.04
3281,82,0.0,0,0,23.3,29,14,476.7,486,471,0.0552,0.04
3282,83,0.0,0,0,22.3,28,13,477.7,487,472,0.0552,0.04
3283,84,0.0,0,0,21.6,28,13,478.4,487,472,0.0552,0.04
3284,85,0.0,0,0,20.8,28,12,479.2,488,472,0.0552,0.04
3285,86,0.0,0,0,20.2,28,12,479.8,488,472,0.0552,0.04
3286,87,0.0,0,0,19.2,26,12,480.8,488,474,0.0552,0.04
3287,88,0.0,0,0,17.9,25,12,482.1,488,475,0.0552,0.04
3288,89,0.0,0,0,17.5,25,12,482.5,488,475,0.0552,0.04
3289,90,0.0,0,0,16.0,21,11,484.0,489,479,0.0552,0.04
3290,91,0.0,0,0,15.7,20,11,484.3,489,480,0.0552,0.04
3291,92,0.0,0,0,14.9,20,10,485.1,490,480,0.0552,0.04
3292,93,0.0,0,0,14.3,20,10,485.7,490,480,0.0552,0.04
3293,94,0.0,0,0,13.2,17,9,486.8,491,483,0.0552,0.04
3294,95,0.0,0,0,12.7,17,9,487.3,491,483,0.0552,0.04
3295,96,0.0,0,0,12.2,17,9,487.8,491,483,0.0552,0.04
3296,97,0.0,0,0,11.6,17,8,488.4,492,483,0.0552,0.04
3297,98,0.0,0,0,11.1,16,8,488.9,492,484,0.0552,0.04
3298,99,0.0,0,0,11.0,16,8,489.0,492,484,0.0552,0.04
3299,100,0.0,0,0,10.4,15,7,489.6,493,485,0.0552,0.04
3300,101,0.0,0,0,9.6,14,6,490.4,494,486,0.0552,0.04
3301,102,0.0,0,0,9.5,14,6,490.5,494,486,0.0552,0.04
3302,103,0.0,0,0,8.9,13,4,491.1,496,487,0.0552,0.04
3303,104,0.0,0,0,8.6,13,4,491.4,496,487,0.0552,0.04
3304,105,0.0,0,0,8.5,13,4,491.5,496,487,0.0552,0.04
3305,106,0.0,0,0,8.3,11,4,491.7,496,489,0.0552,0.04
3306,107,0.0,0,0,8.1,11,4,491.9,496,489,0.0552,0.04
3307,108,0.0,0,0,7.9,10,4,492.1,496,490,0.0552,0.04
3308,109,0.0,0,0,7.4,10,4,492.6,496,490,0.0552,0.04
3309,110,0.0,0,0,7.0,9,4,493.0,496,491,0.0552,0.04
3310,111,0.0,0,0,6.7,9,4,493.3,496,491,0.0552,0.04
3311,112,0.0,0,0,6.2,9,4,493.8,496,491,0.0552,0.04
3312,113,0.0,0,0,6.1,9,4,493.9,496,491,0.0552,0.04
3313,114,0.0,0,0,6.0,9,4,494.0,496,491,0.0552,0.04
3314,115,0.0,0,0,5.9,9,3,494.1,497,491,0.0552,0.04
3315,116,0.0,0,0,5.9,9,3,494.1,497,491,0.0552,0.04
3316,117,0.0,0,0,5.8,9,3,494.2,497,491,0.0552,0.04
3317,118,0.0,0,0,5.6,9,3,494.4,497,491,0.0552,0.04
3318,119,0.0,0,0,5.3,9,3,494.7,497,491,0.0552,0.04
3319,120,0.0,0,0,5.0,8,2,495.0,498,492,0.0552,0.04
3320,121,0.0,0,0,4.8,8,2,495.2,498,492,0.0552,0.04
3321,122,0.0,0,0,4.7,8,2,495.3,498,492,0.0552,0.04
3322,123,0.0,0,0,4.5,8,2,495.5,498,492,0.0552,0.04
3323,124,0.0,0,0,4.2,7,2,495.8,498,493,0.0552,0.04
3324,125,0.0,0,0,4.1,7,2,495.9,498,493,0.0552,0.04
3325,126,0.0,0,0,3.9,7,2,496.1,498,493,0.0552,0.04
3326,127,0.0,0,0,3.9,7,2,496.1,498,493,0.0552,0.04
3327,128,0.0,0,0,3.9,7,2,496.1,498,493,0.0552,0.04
3328,129,0.0,0,0,3.9,7,2,496.1,498,493,0.0552,0.04
3329,130,0.0,0,0,3.8,7,2,496.2,498,493,0.0552,0.04
3330,131,0.0,0,0,3.8,7,2,496.2,498,493,0.0552,0.04
3331,132,0.0,0,0,3.7,7,2,496.3,498,493,0.0552,0.04
3332,133,0.0,0,0,3.6,7,2,496.4,498,493,0.0552,0.04
3333,134,0.0,0,0,3.6,7,2,496.4,498,493,0.0552,0.04
3334,135,0.0,0,0,3.4,6,1,496.6,499,494,0.0552,0.04
3335,136,0.0,0,0,3.4,6,1,496.6,499,494,0.0552,0.04
3336,137,0.0,0,0,3.2,6,1,496.8,499,494,0.0552,0.04
3337,138,0.0,0,0,3.1,5,1,496.9,499,495,0.0552,0.04
3338,139,0.0,0,0,3.0,5,1,497.0,499,495,0.0552,0.04
3339,140,0.0,0,0,2.7,5,1,497.3,499,495,0.0552,0.04
3340,141,0.0,0,0,2.5,5,1,497.5,499,495,0.0552,0.04
3341,142,0.0,0,0,2.3,5,1,497.7,499,495,0.0552,0.04
3342,143,0.0,0,0,2.1,4,1,497.9,499,496,0.0552,0.04
3343,144,0.0,0,0,2.1,4,1,497.9,499,496,0.0552,0.04
3344,145,0.0,0,0,2.0,4,1,498.0,499,496,0.0552,0.04
3345,146,0.0,0,0,2.0,4,1,498.0,499,496,0.0552,0.04
3346,147,0.0,0,0,2.0,4,1,498.0,499,496,0.0552,0.04
3347,148,0.0,0,0,1.9,4,1,498.1,499,496,0.0552,0.04
3348,149,0.0,0,0,1.9,4,1,498.1,499,496,0.0552,0.04
3349,150,0.0,0,0,1.8,4,0,498.2,500,496,0.0552,0.04
3350,151,0.0,0,0,1.8,4,0,498.2,500,496,0.0552,0.04
3351,152,0.0,0,0,1.8,4,0,498.2,500,496,0.0552,0.04
3352,153,0.0,0,0,1.8,4,0,498.2,500,496,0.0552,0.04
3353,154,0.0,0,0,1.6,3,0,498.4,500,497,0.0552,0.04
3354,155,0.0,0,0,1.5,3,0,498.5,500,497,0.0552,0.04
3355,156,0.0,0,0,1.5,3,0,498.5,500,497,0.0552,0.04
3356,157,0.0,0,0,1.5,3,0,498.5,500,497,0.0552,0.04
3357,158,0.0,0,0,1.4,3,0,498.6,500,497,0.0552,0.04
3358,159,0.0,0,0,1.4,3,0,498.6,500,497,0.0552,0.04
3359,160,0.0,0,0,1.4,3,0,498.6,500,497,0.0552,0.04
3360,161,0.0,0,0,1.3,3,0,498.7,500,497,0.0552,0.04
3361,162,0.0,0,0,1.3,3,0,498.7,500,497,0.0552,0.04
3362,163,0.0,0,0,1.3,3,0,498.7,500,497,0.0552,0.04
3363,164,0.0,0,0,1.3,3,0,498.7,500,497,0.0552,0.04
3364,165,0.0,0,0,1.3,3,0,498.7,500,497,0.0552,0.04
3365,166,0.0,0,0,1.2,3,0,498.8,500,497,0.0552,0.04
3366,167,0.0,0,0,1.2,3,0,498.8,500,497,0.0552,0.04
3367,168,0.0,0,0,1.2,3,0,498.8,500,497,0.0552,0.04
3368,169,0.0,0,0,1.2,3,0,498.8,500,497,0.0552,0.04
3369,170,0.0,0,0,1.2,3,0,498.8,500,497,0.0552,0.04
3370,171,0.0,0,0,1.0,3,0,499.0,500,497,0.0552,0.04
3371,172,0.0,0,0,1.0,3,0,499.0,500,497,0.0552,0.04
3372,173,0.0,0,0,1.0,3,0,499.0,500,497,0.0552,0.04
3373,174,0.0,0,0,1.0,3,0,499.0,500,497,0.0552,0.04
3374,175,0.0,0,0,0.9,2,0,499.1,500,498,0.0552,0.04
3375,176,0.0,0,0,0.9,2,0,499.1,500,498,0.0552,0.04
3376,177,0.0,0,0,0.8,2,0,499.2,500,498,0.0552,0.04
3377,178,0.0,0,0,0.8,2,0,499.2,500,498,0.0552,0.04
3378,179,0.0,0,0,0.8,2,0,499.2,500,498,0.0552,0.04
3379,180,0.0,0,0,0.7,2,0,499.3,500,498,0.0552,0.04
3380,181,0.0,0,0,0.7,2,0,499.3,500,498,0.0552,0.04
3381,182,0.0,0,0,0.7,2,0,499.3,500,498,0.0552,0.04
3382,183,0.0,0,0,0.7,2,0,499.3,500,498,0.0552,0.04
3383,184,0.0,0,0,0.6,2,0,499.4,500,498,0.0552,0.04
3384,185,0.0,0,0,0.6,2,0,499.4,500,498,0.0552,0.04
3385,186,0.0,0,0,0.6,2,0,499.4,500,498,0.0552,0.04
3386,187,0.0,0,0,0.6,2,0,499.4,500,498,0.0552,0.04
3387,188,0.0,0,0,0.6,2,0,499.4,500,498,0.0552,0.04
3388,189,0.0,0,0,0.6,2,0,499.4,500,498,0.0552,0.04
3389,190,0.0,0,0,0.6,2,0,499.4,500,498,0.0552,0.04
3390,191,0.0,0,0,0.6,2,0,499.4,500,498,0.0552,0.04
3391,192,0.0,0,0,0.5,2,0,499.5,500,498,0.0552,0.04
3392,193,0.0,0,0,0.5,2,0,499.5,500,498,0.0552,0.04
3393,194,0.0,0,0,0.5,2,0,499.5,500,498,0.0552,0.04
3394,195,0.0,0,0,0.5,2,0,499.5,500,498,0.0552,0.04
3395,196,0.0,0,0,0.5,2,0,499.5,500,498,0.0552,0.04
3396,197,0.0,0,0,0.5,2,0,499.5,500,498,0.0552,0.04
3397,198,0.0,0,0,0.5,2,0,499.5,500,498,0.0552,0.04
3398,199,0.0,0,0,0.4,1,0,499.6,500,499,0.0552,0.04
3399,200,0.0,0,0,0.4,1,0,499.6,500,499,0.0552,0.04
3400,1,497.8,499,495,2.0,4,1,0.2,1,0,0.0586,0.04
3401,2,495.4,498,488,4.4,11,2,0.2,1,0,0.0586,0.04
3402,3,487.8,497,470,11.7,29,3,0.5,1,0,0.0586,0.04
3403,4,469.5,494,425,28.5,70,6,2.0,5,0,0.0586,0.04
3404,5,436.8,486,359,58.6,133,13,4.6,8,1,0.0586,0.04
3405,6,377.3,470,250,113.6,234,29,9.1,17,1,0.0586,0.04
3406,7,283.5,429,135,198.4,337,67,18.1,34,4,0.0586,0.04
3407,8,183.3,366,49,286.0,400,122,30.7,53,12,0.0586,0.04
3408,9,103.2,278,18,351.8,413,205,45.0,70,17,0.0586,0.04
3409,10,46.7,159,8,390.8,418,308,62.5,89,33,0.0586,0.04
3410,11,20.2,76,4,401.5,417,374,78.3,103,50,0.0586,0.04
3411,12,7.4,29,1,398.9,416,376,93.7,123,67,0.0586,0.04
3412,13,3.5,14,0,387.2,400,366,109.3,133,90,0.0586,0.04
3413,14,1.4,5,0,374.7,395,345,123.9,154,100,0.0586,0.04
3414,15,0.7,2,0,359.9,381,330,139.4,170,117,0.0586,0.04
3415,16,0.1,1,0,346.2,371,320,153.7,180,129,0.0586,0.04
3416,17,0.1,1,0,333.6,359,306,166.3,194,141,0.0586,0.04
3417,18,0.1,1,0,321.8,347,295,178.1,205,153,0.0586,0.04
3418,19,0.1,1,0,309.4,334,282,190.5,218,166,0.0586,0.04
3419,20,0.1,1,0,295.3,320,265,204.6,235,180,0.0586,0.04
3420,21,0.1,1,0,285.3,308,251,214.6,249,192,0.0586,0.04
3421,22,0.0,0,0,273.0,296,244,227.0,256,204,0.0586,0.04
3422,23,0.0,0,0,260.9,288,227,239.1,273,212,0.0586,0.04
3423,24,0.0,0,0,250.4,277,219,249.6,281,223,0.0586,0.04
3424,25,0.0,0,0,241.6,270,207,258.4,293,230,0.0586,0.04
3425,26,0.0,0,0,232.1,257,200,267.9,300,243,0.0586,0.04
3426,27,0.0,0,0,223.6,249,187,276.4,313,251,0.0586,0.04
3427,28,0.0,0,0,214.6,237,179,285.4,321,263,0.0586,0.04
3428,29,0.0,0,0,204.5,227,174,295.5,326,273,0.0586,0.04
3429,30,0.0,0,0,196.8,215,167,303.2,333,285,0.0586,0.04
3430,31,0.0,0,0,188.7,205,158,311.3,342,295,0.0586,0.04
3431,32,0.0,0,0,179.5,199,150,320.5,350,301,0.0586,0.04
3432,33,0.0,0,0,171.3,185,147,328.7,353,315,0.0586,0.04
3433,34,0.0,0,0,165.7,179,141,334.3,359,321,0.0586,0.04
3434,35,0.0,0,0,157.8,168,134,342.2,366,332,0.0586,0.04
3435,36,0.0,0,0,151.4,165,126,348.6,374,335,0.0586,0.04
3436,37,0.0,0,0,145.7,156,120,354.3,380,344,0.0586,0.04
3437,38,0.0,0,0,140.1,151,113,359.9,387,349,0.0586,0.04
3438,39,0.0,0,0,133.9,145,110,366.1,390,355,0.0586,0.04
3439,40,0.0,0,0,129.7,139,103,370.3,397,361,0.0586,0.04
3440,41,0.0,0,0,125.0,134,100,375.0,400,366,0.0586,0.04
3441,42,0.0,0,0,119.6,131,91,380.4,409,369,0.0586,0.04
3442,43,0.0,0,0,115.4,127,87,384.6,413,373,0.0586,0.04
3443,44,0.0,0,0,111.6,123,83,388.4,417,377,0.0586,0.04
3444,45,0.0,0,0,106.6,120,79,393.4,421,380,0.0586,0.04
3445,46,0.0,0,0,100.9,112,76,399.1,424,388,0.0586,0.04
3446,47,0.0,0,0,95.8,106,74,404.2,426,394,0.0586,0.04
3447,48,0.0,0,0,91.8,104,70,408.2,430,396,0.0586,0.04
3448,49,0.0,0,0,88.0,100,65,412.0,435,400,0.0586,0.04
3449,50,0.0,0,0,84.9,99,63,415.1,437,401,0.0586,0.04
3450,51,0.0,0,0,79.9,95,61,420.1,439,405,0.0586,0.04
3451,52,0.0,0,0,77.1,93,57,422.9,443,407,0.0586,0.04
3452,53,0.0,0,0,74.4,90,55,425.6,445,410,0.0586,0.04
3453,54,0.0,0,0,71.1,86,53,428.9,447,414,0.0586,0.04
3454,55,0.0,0,0,68.3,82,53,431.7,447,418,0.0586,0.04
3455,56,0.0,0,0,65.9,80,52,434.1,448,420,0.0586,0.04
3456,57,0.0,0,0,63.1,77,49,436.9,451,423,0.0586,0.04
3457,58,0.0,0,0,60.7,75,45,439.3,455,425,0.0586,0.04
3458,59,0.0,0,0,58.9,72,42,441.1,458,428,0.0586,0.04
3459,60,0.0,0,0,56.5,69,40,443.5,460,431,0.0586,0.04
3460,61,0.0,0,0,53.9,64,39,446.1,461,436,0.0586,0.04
3461,62,0.0,0,0,51.1,61,35,448.9,465,439,0.0586,0.04
3462,63,0.0,0,0,49.3,60,34,450.7,466,440,0.0586,0.04
3463,64,0.0,0,0,47.7,58,34,452.3,466,442,0.0586,0.04
3464,65,0.0,0,0,46.0,54,32,454.0,468,446,0.0586,0.04
3465,66,0.0,0,0,44.0,52,31,456.0,469,448,0.0586,0.04
3466,67,0.0,0,0,41.5,51,29,458.5,471,449,0.0586,0.04
3467,68,0.0,0,0,40.4,51,29,459.6,471,449,0.0586,0.04
3468,69,0.0,0,0,38.9,47,28,461.1,472,453,0.0586,0.04
3469,70,0.0,0,0,37.4,45,28,462.6,472,455,0.0586,0.04
3470,71,0.0,0,0,36.3,44,27,463.7,473,456,0.0586,0.04
3471,72,0.0,0,0,34.9,44,27,465.1,473,456,0.0586,0.04
3472,73,0.0,0,0,33.8,43,26,466.2,474,457,0.0586,0.04
3473,74,0.0,0,0,32.2,40,24,467.8,476,460,0.0586,0.04
3474,75,0.0,0,0,30.5,37,22,469.5,478,463,0.0586,0.04
3475,76,0.0,0,0,29.3,34,21,470.7,479,466,0.0586,0.04
3476,77,0.0,0,0,28.2,33,21,471.8,479,467,0.0586,0.04
3477,78,0.0,0,0,26.7,30,21,473.3,479,470,0.0586,0.04
3478,79,0.0,0,0,25.4,29,21,474.6,479,471,0.0586,0.04
3479,80,0.0,0,0,23.6,27,17,476.4,483,473,0.0586,0.04
3480,81,0.0,0,0,23.1,27,17,476.9,483,473,0.0586,0.04
3481,82,0.0,0,0,22.6,27,17,477.4,483,473,0.0586,0.04
3482,83,0.0,0,0,21.7,26,17,478.3,483,474,0.0586,0.04
3483,84,0.0,0,0,21.1,26,15,478.9,485,474,0.0586,0.04
3484,85,0.0,0,0,20.2,24,14,479.8,486,476,0.0586,0.04
3485,86,0.0,0,0,19.4,24,14,480.6,486,476,0.0586,0.04
3486,87,0.0,0,0,18.9,23,13,481.1,487,477,0.0586,0.04
3487,88,0.0,0,0,18.2,23,12,481.8,488,477,0.0586,0.04
3488,89,0.0,0,0,17.7,22,12,482.3,488,478,0.0586,0.04
3489,90,0.0,0,0,17.3,21,12,482.7,488,479,0.0586,0.04
3490,91,0.0,0,0,16.5,20,12,483.5,488,480,0.0586,0.04
3491,92,0.0,0,0,15.9,20,10,484.1,490,480,0.0586,0.04
3492,93,0.0,0,0,15.4,19,10,484.6,490,481,0.0586,0.04
3493,94,0.0,0,0,14.9,19,10,485.1,490,481,0.0586,0.04
3494,95,0.0,0,0,14.4,18,9,485.6,491,482,0.0586,0.04
3495,96,0.0,0,0,13.9,18,9,486.1,491,482,0.0586,0.04
3496,97,0.0,0,0,13.1,17,9,486.9,491,483,0.0586,0.04
3497,98,0.0,0,0,12.4,15,8,487.6,492,485,0.0586,0.04
3498,99,0.0,0,0,11.7,15,7,488.3,493,485,0.0586,0.04
3499,100,0.0,0,0,11.3,15,6,488.7,494,485,0.0586,0.04
3500,101,0.0,0,0,10.7,15,6,489.3,494,485,0.0586,0.04
3501,102,0.0,0,0,10.5,15,6,489.5,494,485,0.0586,0.04
3502,103,0.0,0,0,9.9,14,6,490.1,494,486,0.0586,0.04
3503,104,0.0,0,0,9.4,14,5,490.6,495,486,0.0586,0.04
3504,105,0.0,0,0,9.2,14,5,490.8,495,486,0.0586,0.04
3505,106,0.0,0,0,8.6,14,3,491.4,497,486,0.0586,0.04
3506,107,0.0,0,0,8.4,14,3,491.6,497,486,0.0586,0.04
3507,108,0.0,0,0,8.0,13,3,492.0,497,487,0.0586,0.04
3508,109,0.0,0,0,7.5,12,3,492.5,497,488,0.0586,0.04
3509,110,0.0,0,0,7.2,12,3,492.8,497,488,0.0586,0.04
3510,111,0.0,0,0,6.9,12,3,493.1,497,488,0.0586,0.04
3511,112,0.0,0,0,6.9,12,3,493.1,497,488,0.0586,0.04
3512,113,0.0,0,0,6.6,12,2,493.4,498,488,0.0586,0.04
3513,114,0.0,0,0,6.4,12,1,493.6,499,488,0.0586,0.04
3514,115,0.0,0,0,6.0,11,1,494.0,499,489,0.0586,0.04
3515,116,0.0,0,0,5.8,11,1,494.2,499,489,0.0586,0.04
3516,117,0.0,0,0,5.6,11,1,494.4,499,489,0.0586,0.04
3517,118,0.0,0,0,5.6,11,1,494.4,499,489,0.0586,0.04
3518,119,0.0,0,0,5.4,11,1,494.6,499,489,0.0586,0.04
3519,120,0.0,0,0,5.2,11,1,494.8,499,489,0.0586,0.04
3520,121,0.0,0,0,5.1,11,1,494.9,499,489,0.0586,0.04
3521,122,0.0,0,0,5.0,10,1,495.0,499,490,0.0586,0.04
3522,123,0.0,0,0,4.8,10,1,495.2,499,490,0.0586,0.04
3523,124,0.0,0,0,4.7,10,1,495.3,499,490,0.0586,0.04
3524,125,0.0,0,0,4.5,9,1,495.5,499,491,0.0586,0.04
3525,126,0.0,0,0,4.3,9,1,495.7,499,491,0.0586,0.04
3526,127,0.0,0,0,4.0,8,0,496.0,500,492,0.0586,0.04
3527,128,0.0,0,0,4.0,8,0,496.0,500,492,0.0586,0.04
3528,129,0.0,0,0,3.9,7,0,496.1,500,493,0.0586,0.04
3529,130,0.0,0,0,3.6,7,0,496.4,500,493,0.0586,0.04
3530,131,0.0,0,0,3.5,7,0,496.5,500,493,0.0586,0.04
3531,132,0.0,0,0,3.5,7,0,496.5,500,493,0.0586,0.04
3532,133,0.0,0,0,3.5,7,0,496.5,500,493,0.0586,0.04
3533,134,0.0,0,0,3.4,7,0,496.6,500,493,0.0586,0.04
3534,135,0.0,0,0,3.3,7,0,496.7,500,493,0.0586,0.04
3535,136,0.0,0,0,3.3,7,0,496.7,500,493,0.0586,0.04
3536,137,0.0,0,0,3.3,7,0,496.7,500,493,0.0586,0.04
3537,138,0.0,0,0,3.0,6,0,497.0,500,494,0.0586,0.04
3538,139,0.0,0,0,2.9,6,0,497.1,500,494,0.0586,0.04
3539,140,0.0,0,0,2.6,6,0,497.4,500,494,0.0586,0.04
3540,141,0.0,0,0,2.6,6,0,497.4,500,494,0.0586,0.04
3541,142,0.0,0,0,2.6,6,0,497.4,500,494,0.0586,0.04
3542,143,0.0,0,0,2.6,6,0,497.4,500,494,0.0586,0.04
3543,144,0.0,0,0,2.4,5,0,497.6,500,495,0.0586,0.04
3544,145,0.0,0,0,2.4,5,0,497.6,500,495,0.0586,0.04
3545,146,0.0,0,0,2.4,5,0,497.6,500,495,0.0586,0.04
3546,147,0.0,0,0,2.4,5,0,497.6,500,495,0.0586,0.04
3547,148,0.0,0,0,2.3,5,0,497.7,500,495,0.0586,0.04
3548,149,0.0,0,0,2.2,5,0,497.8,500,495,0.0586,0.04
3549,150,0.0,0,0,2.2,5,0,497.8,500,495,0.0586,0.04
3550,151,0.0,0,0,2.0,5,0,498.0,500,495,0.0586,0.04
3551,152,0.0,0,0,2.0,5,0,498.0,500,495,0.0586,0.04
3552,153,0.0,0,0,1.9,4,0,498.1,500,496,0.0586,0.04
3553,154,0.0,0,0,1.6,4,0,498.4,500,496,0.0586,0.04
3554,155,0.0,0,0,1.5,4,0,498.5,500,496,0.0586,0.04
3555,156,0.0,0,0,1.4,4,0,498.6,500,496,0.0586,0.04
3556,157,0.0,0,0,1.4,4,0,498.6,500,496,0.0586,0.04
3557,158,0.0,0,0,1.3,4,0,498.7,500,496,0.0586,0.04
3558,159,0.0,0,0,1.3,4,0,498.7,500,496,0.0586,0.04
3559,160,0.0,0,0,1.0,3,0,499.0,500,497,0.0586,0.04
3560,161,0.0,0,0,1.0,3,0,499.0,500,497,0.0586,0.04
3561,162,0.0,0,0,1.0,3,0,499.0,500,497,0.0586,0.04
3562,163,0.0,0,0,0.9,3,0,499.1,500,497,0.0586,0.04
3563,164,0.0,0,0,0.9,3,0,499.1,500,497,0.0586,0.04
3564,165,0.0,0,0,0.7,3,0,499.3,500,497,0.0586,0.04
3565,166,0.0,0,0,0.7,3,0,499.3,500,497,0.0586,0.04
3566,167,0.0,0,0,0.7,3,0,499.3,500,497,0.0586,0.04
3567,168,0.0,0,0,0.7,3,0,499.3,500,497,0.0586,0.04
3568,169,0.0,0,0,0.7,3,0,499.3,500,497,0.0586,0.04
3569,170,0.0,0,0,0.7,3,0,499.3,500,497,0.0586,0.04
3570,171,0.0,0,0,0.6,3,0,499.4,500,497,0.0586,0.04
3571,172,0.0,0,0,0.4,3,0,499.6,500,497,0.0586,0.04
3572,173,0.0,0,0,0.4,3,0,499.6,500,497,0.0586,0.04
3573,174,0.0,0,0,0.4,3,0,499.6,500,497,0.0586,0.04
3574,175,0.0,0,0,0.4,3,0,499.6,500,497,0.0586,0.04
3575,176,0.0,0,0,0.4,3,0,499.6,500,497,0.0586,0.04
3576,177,0.0,0,0,0.4,3,0,499.6,500,497,0.0586,0.04
3577,178,0.0,0,0,0.4,3,0,499.6,500,497,0.0586,0.04
3578,179,0.0,0,0,0.4,3,0,499.6,500,497,0.0586,0.04
3579,180,0.0,0,0,0.4,3,0,499.6,500,497,0.0586,0.04
3580,181,0.0,0,0,0.4,3,0,499.6,500,497,0.0586,0.04
3581,182,0.0,0,0,0.4,3,0,499.6,500,497,0.0586,0.04
3582,183,0.0,0,0,0.4,3,0,499.6,500,497,0.0586,0.04
3583,184,0.0,0,0,0.4,3,0,499.6,500,497,0.0586,0.04
3584,185,0.0,0,0,0.4,3,0,499.6,500,497,0.0586,0.04
3585,186,0.0,0,0,0.4,3,0,499.6,500,497,0.0586,0.04
3586,187,0.0,0,0,0.4,3,0,499.6,500,497,0.0586,0.04
3587,188,0.0,0,0,0.4,3,0,499.6,500,497,0.0586,0.04
3588,189,0.0,0,0,0.4,3,0,499.6,500,497,0.0586,0.04
3589,190,0.0,0,0,0.4,3,0,499.6,500,497,0.0586,0.04
3590,191,0.0,0,0,0.4,3,0,499.6,500,497,0.0586,0.04
3591,192,0.0,0,0,0.4,3,0,499.6,500,497,0.0586,0.04
3592,193,0.0,0,0,0.4,3,0,499.6,500,497,0.0586,0.04
3593,194,0.0,0,0,0.3,2,0,499.7,500,498,0.0586,0.04
3594,195,0.0,0,0,0.3,2,0,499.7,500,498,0.0586,0.04
3595,196,0.0,0,0,0.3,2,0,499.7,500,498,0.0586,0.04
3596,197,0.0,0,0,0.3,2,0,499.7,500,498,0.0586,0.04
3597,198,0.0,0,0,0.3,2,0,499.7,500,498,0.0586,0.04
3598,199,0.0,0,0,0.2,1,0,499.8,500,499,0.0586,0.04
3599,200,0.0,0,0,0.2,1,0,499.8,500,499,0.0586,0.04
3600,1,497.5,499,496,2.4,4,1,0.1,1,0,0.0621,0.04
3601,2,494.7,498,491,4.9,9,1,0.4,1,0,0.0621,0.04
3602,3,487.5,498,474,11.5,26,1,1.0,2,0,0.0621,0.04
3603,4,470.6,497,442,27.0,55,2,2.4,4,0,0.0621,0.04
3604,5,439.2,494,378,55.9,117,4,4.9,10,1,0.0621,0.04
3605,6,378.8,490,259,112.2,227,7,9.0,16,1,0.0621,0.04
3606,7,295.4,484,146,188.2,323,13,16.4,31,2,0.0621,0.04
3607,8,206.9,469,63,264.0,391,27,29.1,49,4,0.0621,0.04
3608,9,137.5,432,20,321.3,422,61,41.2,64,7,0.0621,0.04
3609,10,93.0,364,5,352.5,423,129,54.5,78,7,0.0621,0.04
3610,11,54.0,236,1,377.1,427,240,68.9,95,15,0.0621,0.04
3611,12,23.0,103,0,392.6,421,363,84.4,111,30,0.0621,0.04
3612,13,7.9,37,0,390.3,422,372,101.8,128,44,0.0621,0.04
3613,14,3.4,21,0,381.6,432,361,115.0,139,60,0.0621,0.04
3614,15,1.1,8,0,368.1,421,340,130.8,160,76,0.0621,0.04
3615,16,0.2,2,0,356.6,413,325,143.2,175,87,0.0621,0.04
3616,17,0.2,2,0,343.2,397,316,156.6,184,103,0.0621,0.04
3617,18,0.0,0,0,331.0,383,303,169.0,197,117,0.0621,0.04
3618,19,0.0,0,0,316.5,365,291,183.5,209,135,0.0621,0.04
3619,20,0.0,0,0,302.0,352,282,198.0,218,148,0.0621,0.04
3620,21,0.0,0,0,289.3,339,264,210.7,236,161,0.0621,0.04
3621,22,0.0,0,0,276.9,317,261,223.1,239,183,0.0621,0.04
3622,23,0.0,0,0,267.1,306,250,232.9,250,194,0.0621,0.04
3623,24,0.0,0,0,256.2,294,235,243.8,265,206,0.0621,0.04
3624,25,0.0,0,0,244.6,286,220,255.4,280,214,0.0621,0.04
3625,26,0.0,0,0,234.2,273,211,265.8,289,227,0.0621,0.04
3626,27,0.0,0,0,225.0,261,201,275.0,299,239,0.0621,0.04
3627,28,0.0,0,0,216.4,251,195,283.6,305,249,0.0621,0.04
3628,29,0.0,0,0,207.1,244,188,292.9,312,256,0.0621,0.04
3629,30,0.0,0,0,198.2,237,180,301.8,320,263,0.0621,0.04
3630,31,0.0,0,0,189.0,226,174,311.0,326,274,0.0621,0.04
3631,32,0.0,0,0,181.9,218,163,318.1,337,282,0.0621,0.04
3632,33,0.0,0,0,175.1,213,158,324.9,342,287,0.0621,0.04
3633,34,0.0,0,0,167.6,206,147,332.4,353,294,0.0621,0.04
3634,35,0.0,0,0,161.1,198,138,338.9,362,302,0.0621,0.04
3635,36,0.0,0,0,155.3,191,133,344.7,367,309,0.0621,0.04
3636,37,0.0,0,0,148.1,181,126,351.9,374,319,0.0621,0.04
3637,38,0.0,0,0,142.0,171,120,358.0,380,329,0.0621,0.04
3638,39,0.0,0,0,134.3,164,116,365.7,384,336,0.0621,0.04
3639,40,0.0,0,0,128.5,154,113,371.5,387,346,0.0621,0.04
3640,41,0.0,0,0,123.5,147,110,376.5,390,353,0.0621,0.04
3641,42,0.0,0,0,118.1,141,105,381.9,395,359,0.0621,0.04
3642,43,0.0,0,0,113.1,136,100,386.9,400,364,0.0621,0.04
3643,44,0.0,0,0,108.4,129,96,391.6,404,371,0.0621,0.04
3644,45,0.0,0,0,103.5,122,89,396.5,411,378,0.0621,0.04
3645,46,0.0,0,0,99.4,120,85,400.6,415,380,0.0621,0.04
3646,47,0.0,0,0,95.0,116,82,405.0,418,384,0.0621,0.04
3647,48,0.0,0,0,91.5,114,76,408.5,424,386,0.0621,0.04
3648,49,0.0,0,0,88.3,110,74,411.7,426,390,0.0621,0.04
3649,50,0.0,0,0,84.5,106,67,415.5,433,394,0.0621,0.04
3650,51,0.0,0,0,81.0,101,64,419.0,436,399,0.0621,0.04
3651,52,0.0,0,0,77.1,96,58,422.9,442,404,0.0621,0.04
3652,53,0.0,0,0,72.9,91,57,427.1,443,409,0.0621,0.04
3653,54,0.0,0,0,70.4,84,56,429.6,444,416,0.0621,0.04
3654,55,0.0,0,0,67.4,81,54,432.6,446,419,0.0621,0.04
3655,56,0.0,0,0,65.4,76,51,434.6,449,424,0.0621,0.04
3656,57,0.0,0,0,63.1,75,50,436.9,450,425,0.0621,0.04
3657,58,0.0,0,0,60.7,71,45,439.3,455,429,0.0621,0.04
3658,59,0.0,0,0,57.7,69,43,442.3,457,431,0.0621,0.04
3659,60,0.0,0,0,55.8,66,42,444.2,458,434,0.0621,0.04
3660,61,0.0,0,0,53.6,61,38,446.4,462,439,0.0621,0.04
3661,62,0.0,0,0,51.0,60,37,449.0,463,440,0.0621,0.04
3662,63,0.0,0,0,49.3,59,30,450.7,470,441,0.0621,0.04
3663,64,0.0,0,0,47.1,56,28,452.9,472,444,0.0621,0.04
3664,65,0.0,0,0,45.4,55,27,454.6,473,445,0.0621,0.04
3665,66,0.0,0,0,43.6,55,26,456.4,474,445,0.0621,0.04
3666,67,0.0,0,0,41.6,54,24,458.4,476,446,0.0621,0.04
3667,68,0.0,0,0,40.8,54,24,459.2,476,446,0.0621,0.04
3668,69,0.0,0,0,39.0,50,23,461.0,477,450,0.0621,0.04
3669,70,0.0,0,0,36.6,47,21,463.4,479,453,0.0621,0.04
3670,71,0.0,0,0,35.1,44,21,464.9,479,456,0.0621,0.04
3671,72,0.0,0,0,34.1,43,21,465.9,479,457,0.0621,0.04
3672,73,0.0,0,0,32.6,41,20,467.4,480,459,0.0621,0.04
3673,74,0.0,0,0,31.9,39,18,468.1,482,461,0.0621,0.04
3674,75,0.0,0,0,30.1,38,17,469.9,483,462,0.0621,0.04
3675,76,0.0,0,0,29.1,38,16,470.9,484,462,0.0621,0.04
3676,77,0.0,0,0,27.4,37,14,472.6,486,463,0.0621,0.04
3677,78,0.0,0,0,26.5,36,14,473.5,486,464,0.0621,0.04
3678,79,0.0,0,0,25.2,35,14,474.8,486,465,0.0621,0.04
3679,80,0.0,0,0,23.5,33,14,476.5,486,467,0.0621,0.04
3680,81,0.0,0,0,22.5,32,14,477.5,486,468,0.0621,0.04
3681,82,0.0,0,0,21.3,31,13,478.7,487,469,0.0621,0.04
3682,83,0.0,0,0,20.7,29,12,479.3,488,471,0.0621,0.04
3683,84,0.0,0,0,19.7,29,11,480.3,489,471,0.0621,0.04
3684,85,0.0,0,0,19.1,28,11,480.9,489,472,0.0621,0.04
3685,86,0.0,0,0,17.4,25,10,482.6,490,475,0.0621,0.04
3686,87,0.0,0,0,17.0,24,9,483.0,491,476,0.0621,0.04
3687,88,0.0,0,0,16.1,20,9,483.9,491,480,0.0621,0.04
3688,89,0.0,0,0,15.8,20,9,484.2,491,480,0.0621,0.04
3689,90,0.0,0,0,14.8,19,9,485.2,491,481,0.0621,0.04
3690,91,0.0,0,0,14.5,19,8,485.5,492,481,0.0621,0.04
3691,92,0.0,0,0,13.8,18,7,486.2,493,482,0.0621,0.04
3692,93,0.0,0,0,13.0,16,7,487.0,493,484,0.0621,0.04
3693,94,0.0,0,0,11.9,15,7,488.1,493,485,0.0621,0.04
3694,95,0.0,0,0,11.2,14,7,488.8,493,486,0.0621,0.04
3695,96,0.0,0,0,10.9,14,7,489.1,493,486,0.0621,0.04
3696,97,0.0,0,0,10.6,14,7,489.4,493,486,0.0621,0.04
3697,98,0.0,0,0,9.9,13,7,490.1,493,487,0.0621,0.04
3698,99,0.0,0,0,9.7,13,7,490.3,493,487,0.0621,0.04
3699,100,0.0,0,0,9.6,12,7,490.4,493,488,0.0621,0.04
3700,101,0.0,0,0,9.1,12,7,490.9,493,488,0.0621,0.04
3701,102,0.0,0,0,8.8,11,7,491.2,493,489,0.0621,0.04
3702,103,0.0,0,0,8.5,11,7,491.5,493,489,0.0621,0.04
3703,104,0.0,0,0,8.2,11,6,491.8,494,489,0.0621,0.04
3704,105,0.0,0,0,7.9,10,6,492.1,494,490,0.0621,0.04
3705,106,0.0,0,0,7.6,10,5,492.4,495,490,0.0621,0.04
3706,107,0.0,0,0,7.1,10,4,492.9,496,490,0.0621,0.04
3707,108,0.0,0,0,6.8,10,4,493.2,496,490,0.0621,0.04
3708,109,0.0,0,0,6.4,10,4,493.6,496,490,0.0621,0.04
3709,110,0.0,0,0,6.4,10,4,493.6,496,490,0.0621,0.04
3710,111,0.0,0,0,6.2,10,4,493.8,496,490,0.0621,0.04
3711,112,0.0,0,0,5.8,8,3,494.2,497,492,0.0621,0.04
3712,113,0.0,0,0,5.5,8,3,494.5,497,492,0.0621,0.04
3713,114,0.0,0,0,5.4,8,3,494.6,497,492,0.0621,0.04
3714,115,0.0,0,0,5.1,7,3,494.9,497,493,0.0621,0.04
3715,116,0.0,0,0,4.9,6,3,495.1,497,494,0.0621,0.04
3716,117,0.0,0,0,4.7,6,2,495.3,498,494,0.0621,0.04
3717,118,0.0,0,0,4.4,6,2,495.6,498,494,0.0621,0.04
3718,119,0.0,0,0,4.2,6,1,495.8,499,494,0.0621,0.04
3719,120,0.0,0,0,4.1,5,1,495.9,499,495,0.0621,0.04
3720,121,0.0,0,0,4.0,5,1,496.0,499,495,0.0621,0.04
3721,122,0.0,0,0,4.0,5,1,496.0,499,495,0.0621,0.04
3722,123,0.0,0,0,3.8,5,1,496.2,499,495,0.0621,0.04
3723,124,0.0,0,0,3.7,5,1,496.3,499,495,0.0621,0.04
3724,125,0.0,0,0,3.5,5,1,496.5,499,495,0.0621,0.04
3725,126,0.0,0,0,3.4,5,1,496.6,499,495,0.0621,0.04
3726,127,0.0,0,0,3.4,5,1,496.6,499,495,0.0621,0.04
3727,128,0.0,0,0,3.2,5,1,496.8,499,495,0.0621,0.04
3728,129,0.0,0,0,3.1,5,1,496.9,499,495,0.0621,0.04
3729,130,0.0,0,0,2.7,5,1,497.3,499,495,0.0621,0.04
3730,131,0.0,0,0,2.4,5,1,497.6,499,495,0.0621,0.04
3731,132,0.0,0,0,2.2,5,1,497.8,499,495,0.0621,0.04
3732,133,0.0,0,0,2.1,5,1,497.9,499,495,0.0621,0.04
3733,134,0.0,0,0,2.0,5,1,498.0,499,495,0.0621,0.04
3734,135,0.0,0,0,1.9,5,1,498.1,499,495,0.0621,0.04
3735,136,0.0,0,0,1.9,5,1,498.1,499,495,0.0621,0.04
3736,137,0.0,0,0,1.6,4,1,498.4,499,496,0.0621,0.04
3737,138,0.0,0,0,1.5,3,1,498.5,499,497,0.0621,0.04
3738,139,0.0,0,0,1.5,3,1,498.5,499,497,0.0621,0.04
3739,140,0.0,0,0,1.2,2,0,498.8,500,498,0.0621,0.04
3740,141,0.0,0,0,1.2,2,0,498.8,500,498,0.0621,0.04
3741,142,0.0,0,0,1.1,2,0,498.9,500,498,0.0621,0.04
3742,143,0.0,0,0,1.1,2,0,498.9,500,498,0.0621,0.04
3743,144,0.0,0,0,1.1,2,0,498.9,500,498,0.0621,0.04
3744,145,0.0,0,0,1.1,2,0,498.9,500,498,0.0621,0.04
3745,146,0.0,0,0,1.0,2,0,499.0,500,498,0.0621,0.04
3746,147,0.0,0,0,1.0,2,0,499.0,500,498,0.0621,0.04
3747,148,0.0,0,0,0.9,2,0,499.1,500,498,0.0621,0.04
3748,149,0.0,0,0,0.9,2,0,499.1,500,498,0.0621,0.04
3749,150,0.0,0,0,0.9,2,0,499.1,500,498,0.0621,0.04
3750,151,0.0,0,0,0.9,2,0,499.1,500,498,0.0621,0.04
3751,152,0.0,0,0,0.9,2,0,499.1,500,498,0.0621,0.04
3752,153,0.0,0,0,0.9,2,0,499.1,500,498,0.0621,0.04
3753,154,0.0,0,0,0.9,2,0,499.1,500,498,0.0621,0.04
3754,155,0.0,0,0,0.9,2,0,499.1,500,498,0.0621,0.04
3755,156,0.0,0,0,0.9,2,0,499.1,500,498,0.0621,0.04
3756,157,0.0,0,0,0.9,2,0,499.1,500,498,0.0621,0.04
3757,158,0.0,0,0,0.9,2,0,499.1,500,498,0.0621,0.04
3758,159,0.0,0,0,0.9,2,0,499.1,500,498,0.0621,0.04
3759,160,0.0,0,0,0.8,2,0,499.2,500,498,0.0621,0.04
3760,161,0.0,0,0,0.8,2,0,499.2,500,498,0.0621,0.04
3761,162,0.0,0,0,0.8,2,0,499.2,500,498,0.0621,0.04
3762,163,0.0,0,0,0.7,2,0,499.3,500,498,0.0621,0.04
3763,164,0.0,0,0,0.6,2,0,499.4,500,498,0.0621,0.04
3764,165,0.0,0,0,0.6,2,0,499.4,500,498,0.0621,0.04
3765,166,0.0,0,0,0.6,2,0,499.4,500,498,0.0621,0.04
3766,167,0.0,0,0,0.6,2,0,499.4,500,498,0.0621,0.04
3767,168,0.0,0,0,0.6,2,0,499.4,500,498,0.0621,0.04
3768,169,0.0,0,0,0.6,2,0,499.4,500,498,0.0621,0.04
3769,170,0.0,0,0,0.6,2,0,499.4,500,498,0.0621,0.04
3770,171,0.0,0,0,0.6,2,0,499.4,500,498,0.0621,0.04
3771,172,0.0,0,0,0.6,2,0,499.4,500,498,0.0621,0.04
3772,173,0.0,0,0,0.6,2,0,499.4,500,498,0.0621,0.04
3773,174,0.0,0,0,0.6,2,0,499.4,500,498,0.0621,0.04
3774,175,0.0,0,0,0.6,2,0,499.4,500,498,0.0621,0.04
3775,176,0.0,0,0,0.6,2,0,499.4,500,498,0.0621,0.04
3776,177,0.0,0,0,0.6,2,0,499.4,500,498,0.0621,0.04
3777,178,0.0,0,0,0.6,2,0,499.4,500,498,0.0621,0.04
3778,179,0.0,0,0,0.5,2,0,499.5,500,498,0.0621,0.04
3779,180,0.0,0,0,0.3,1,0,499.7,500,499,0.0621,0.04
3780,181,0.0,0,0,0.3,1,0,499.7,500,499,0.0621,0.04
3781,182,0.0,0,0,0.3,1,0,499.7,500,499,0.0621,0.04
3782,183,0.0,0,0,0.3,1,0,499.7,500,499,0.0621,0.04
3783,184,0.0,0,0,0.3,1,0,499.7,500,499,0.0621,0.04
3784,185,0.0,0,0,0.3,1,0,499.7,500,499,0.0621,0.04
3785,186,0.0,0,0,0.3,1,0,499.7,500,499,0.0621,0.04
3786,187,0.0,0,0,0.2,1,0,499.8,500,499,0.0621,0.04
3787,188,0.0,0,0,0.2,1,0,499.8,500,499,0.0621,0.04
3788,189,0.0,0,0,0.2,1,0,499.8,500,499,0.0621,0.04
3789,190,0.0,0,0,0.2,1,0,499.8,500,499,0.0621,0.04
3790,191,0.0,0,0,0.2,1,0,499.8,500,499,0.0621,0.04
3791,192,0.0,0,0,0.2,1,0,499.8,500,499,0.0621,0.04
3792,193,0.0,0,0,0.2,1,0,499.8,500,499,0.0621,0.04
3793,194,0.0,0,0,0.2,1,0,499.8,500,499,0.0621,0.04
3794,195,0.0,0,0,0.2,1,0,499.8,500,499,0.0621,0.04
3795,196,0.0,0,0,0.2,1,0,499.8,500,499,0.0621,0.04
3796,197,0.0,0,0,0.2,1,0,499.8,500,499,0.0621,0.04
3797,198,0.0,0,0,0.2,1,0,499.8,500,499,0.0621,0.04
3798,199,0.0,0,0,0.2,1,0,499.8,500,499,0.0621,0.04
3799,200,0.0,0,0,0.1,1,0,499.9,500,499,0.0621,0.04
3800,1,497.2,499,495,2.7,5,1,0.1,1,0,0.0655,0.04
3801,2,492.6,496,488,7.2,12,4,0.2,1,0,0.0655,0.04
3802,3,481.3,490,468,17.6,32,9,1.1,3,0,0.0655,0.04
3803,4,458.0,478,426,39.3,72,17,2.7,5,0,0.0655,0.04
3804,5,404.6,453,343,88.6,145,41,6.8,12,2,0.0655,0.04
3805,6,316.1,413,231,169.3,244,80,14.6,25,6,0.0655,0.04
3806,7,194.6,324,106,276.7,357,159,28.7,40,17,0.0655,0.04
3807,8,91.5,199,35,361.2,405,269,47.3,60,32,0.0655,0.04
3808,9,31.8,83,7,404.2,421,368,64.0,78,49,0.0655,0.04
3809,10,10.5,30,2,408.4,422,397,81.1,98,63,0.0655,0.04
3810,11,3.4,9,1,400.8,420,380,95.8,116,78,0.0655,0.04
3811,12,1.1,4,0,386.5,404,366,112.4,133,96,0.0655,0.04
3812,13,0.4,2,0,373.1,393,349,126.5,150,107,0.0655,0.04
3813,14,0.2,2,0,361.1,382,341,138.7,159,118,0.0655,0.04
3814,15,0.1,1,0,344.7,365,324,155.2,176,135,0.0655,0.04
3815,16,0.0,0,0,330.9,353,305,169.1,195,147,0.0655,0.04
3816,17,0.0,0,0,318.8,344,292,181.2,208,156,0.0655,0.04
3817,18,0.0,0,0,305.6,335,276,194.4,224,165,0.0655,0.04
3818,19,0.0,0,0,295.0,324,266,205.0,234,176,0.0655,0.04
3819,20,0.0,0,0,281.4,307,260,218.6,240,193,0.0655,0.04
3820,21,0.0,0,0,270.0,293,252,230.0,248,207,0.0655,0.04
3821,22,0.0,0,0,258.0,282,240,242.0,260,218,0.0655,0.04
3822,23,0.0,0,0,248.3,273,228,251.7,272,227,0.0655,0.04
3823,24,0.0,0,0,238.2,263,215,261.8,285,237,0.0655,0.04
3824,25,0.0,0,0,229.7,257,207,270.3,293,243,0.0655,0.04
3825,26,0.0,0,0,221.5,251,197,278.5,303,249,0.0655,0.04
3826,27,0.0,0,0,213.5,247,189,286.5,311,253,0.0655,0.04
3827,28,0.0,0,0,204.4,240,178,295.6,322,260,0.0655,0.04
3828,29,0.0,0,0,196.3,227,173,303.7,327,273,0.0655,0.04
3829,30,0.0,0,0,188.3,215,164,311.7,336,285,0.0655,0.04
3830,31,0.0,0,0,180.5,202,157,319.5,343,298,0.0655,0.04
3831,32,0.0,0,0,172.7,194,151,327.3,349,306,0.0655,0.04
3832,33,0.0,0,0,164.7,182,143,335.3,357,318,0.0655,0.04
3833,34,0.0,0,0,157.9,181,135,342.1,365,319,0.0655,0.04
3834,35,0.0,0,0,150.6,174,129,349.4,371,326,0.0655,0.04
3835,36,0.0,0,0,144.3,170,121,355.7,379,330,0.0655,0.04
3836,37,0.0,0,0,138.8,164,117,361.2,383,336,0.0655,0.04
3837,38,0.0,0,0,133.8,159,110,366.2,390,341,0.0655,0.04
3838,39,0.0,0,0,129.3,157,103,370.7,397,343,0.0655,0.04
3839,40,0.0,0,0,124.5,151,98,375.5,402,349,0.0655,0.04
3840,41,0.0,0,0,119.8,146,94,380.2,406,354,0.0655,0.04
3841,42,0.0,0,0,115.0,140,91,385.0,409,360,0.0655,0.04
3842,43,0.0,0,0,109.2,131,88,390.8,412,369,0.0655,0.04
3843,44,0.0,0,0,105.0,126,85,395.0,415,374,0.0655,0.04
3844,45,0.0,0,0,100.0,121,79,400.0,421,379,0.0655,0.04
3845,46,0.0,0,0,95.2,117,76,404.8,424,383,0.0655,0.04
3846,47,0.0,0,0,92.2,112,73,407.8,427,388,0.0655,0.04
3847,48,0.0,0,0,88.6,110,72,411.4,428,390,0.0655,0.04
3848,49,0.0,0,0,85.6,102,70,414.4,430,398,0.0655,0.04
3849,50,0.0,0,0,82.0,100,66,418.0,434,400,0.0655,0.04
3850,51,0.0,0,0,79.5,99,66,420.5,434,401,0.0655,0.04
3851,52,0.0,0,0,76.1,94,65,423.9,435,406,0.0655,0.04
3852,53,0.0,0,0,73.1,91,61,426.9,439,409,0.0655,0.04
3853,54,0.0,0,0,70.4,89,60,429.6,440,411,0.0655,0.04
3854,55,0.0,0,0,67.3,84,56,432.7,444,416,0.0655,0.04
3855,56,0.0,0,0,64.9,81,53,435.1,447,419,0.0655,0.04
3856,57,0.0,0,0,61.8,78,51,438.2,449,422,0.0655,0.04
3857,58,0.0,0,0,58.2,77,47,441.8,453,423,0.0655,0.04
3858,59,0.0,0,0,55.2,73,47,444.8,453,427,0.0655,0.04
3859,60,0.0,0,0,52.8,69,46,447.2,454,431,0.0655,0.04
3860,61,0.0,0,0,50.9,68,45,449.1,455,432,0.0655,0.04
3861,62,0.0,0,0,48.9,67,42,451.1,458,433,0.0655,0.04
3862,63,0.0,0,0,47.2,66,41,452.8,459,434,0.0655,0.04
3863,64,0.0,0,0,45.5,63,39,454.5,461,437,0.0655,0.04
3864,65,0.0,0,0,44.0,62,36,456.0,464,438,0.0655,0.04
3865,66,0.0,0,0,41.8,57,34,458.2,466,443,0.0655,0.04
3866,67,0.0,0,0,40.3,53,33,459.7,467,447,0.0655,0.04
3867,68,0.0,0,0,39.0,53,32,461.0,468,447,0.0655,0.04
3868,69,0.0,0,0,37.4,50,31,462.6,469,450,0.0655,0.04
3869,70,0.0,0,0,36.4,49,31,463.6,469,451,0.0655,0.04
3870,71,0.0,0,0,34.5,49,30,465.5,470,451,0.0655,0.04
3871,72,0.0,0,0,33.3,49,28,466.7,472,451,0.0655,0.04
3872,73,0.0,0,0,31.8,44,27,468.2,473,456,0.0655,0.04
3873,74,0.0,0,0,30.5,43,25,469.5,475,457,0.0655,0.04
3874,75,0.0,0,0,29.4,42,25,470.6,475,458,0.0655,0.04
3875,76,0.0,0,0,28.6,40,23,471.4,477,460,0.0655,0.04
3876,77,0.0,0,0,26.8,37,22,473.2,478,463,0.0655,0.04
3877,78,0.0,0,0,25.6,37,20,474.4,480,463,0.0655,0.04
3878,79,0.0,0,0,25.0,35,18,475.0,482,465,0.0655,0.04
3879,80,0.0,0,0,23.9,35,18,476.1,482,465,0.0655,0.04
3880,81,0.0,0,0,23.1,35,17,476.9,483,465,0.0655,0.04
3881,82,0.0,0,0,22.1,33,16,477.9,484,467,0.0655,0.04
3882,83,0.0,0,0,21.0,33,14,479.0,486,467,0.0655,0.04
3883,84,0.0,0,0,20.8,33,14,479.2,486,467,0.0655,0.04
3884,85,0.0,0,0,19.4,29,13,480.6,487,471,0.0655,0.04
3885,86,0.0,0,0,18.5,27,13,481.5,487,473,0.0655,0.04
3886,87,0.0,0,0,17.5,26,11,482.5,489,474,0.0655,0.04
3887,88,0.0,0,0,17.1,24,11,482.9,489,476,0.0655,0.04
3888,89,0.0,0,0,16.5,23,11,483.5,489,477,0.0655,0.04
3889,90,0.0,0,0,16.1,22,10,483.9,490,478,0.0655,0.04
3890,91,0.0,0,0,15.2,22,10,484.8,490,478,0.0655,0.04
3891,92,0.0,0,0,14.5,21,9,485.5,491,479,0.0655,0.04
3892,93,0.0,0,0,13.8,19,9,486.2,491,481,0.0655,0.04
3893,94,0.0,0,0,13.4,18,9,486.6,491,482,0.0655,0.04
3894,95,0.0,0,0,12.8,18,9,487.2,491,482,0.0655,0.04
3895,96,0.0,0,0,12.0,18,8,488.0,492,482,0.0655,0.04
3896,97,0.0,0,0,11.1,17,7,488.9,493,483,0.0655,0.04
3897,98,0.0,0,0,10.6,16,7,489.4,493,484,0.0655,0.04
3898,99,0.0,0,0,10.1,15,7,489.9,493,485,0.0655,0.04
3899,100,0.0,0,0,10.0,15,7,490.0,493,485,0.0655,0.04
3900,101,0.0,0,0,9.2,15,6,490.8,494,485,0.0655,0.04
3901,102,0.0,0,0,8.7,14,6,491.3,494,486,0.0655,0.04
3902,103,0.0,0,0,8.7,14,6,491.3,494,486,0.0655,0.04
3903,104,0.0,0,0,8.2,13,6,491.8,494,487,0.0655,0.04
3904,105,0.0,0,0,8.1,12,6,491.9,494,488,0.0655,0.04
3905,106,0.0,0,0,7.8,12,5,492.2,495,488,0.0655,0.04
3906,107,0.0,0,0,7.3,12,4,492.7,496,488,0.0655,0.04
3907,108,0.0,0,0,6.8,10,4,493.2,496,490,0.0655,0.04
3908,109,0.0,0,0,6.6,10,4,493.4,496,490,0.0655,0.04
3909,110,0.0,0,0,6.5,10,4,493.5,496,490,0.0655,0.04
3910,111,0.0,0,0,6.3,9,4,493.7,496,491,0.0655,0.04
3911,112,0.0,0,0,6.1,9,3,493.9,497,491,0.0655,0.04
3912,113,0.0,0,0,5.8,9,3,494.2,497,491,0.0655,0.04
3913,114,0.0,0,0,5.4,8,3,494.6,497,492,0.0655,0.04
3914,115,0.0,0,0,5.0,8,2,495.0,498,492,0.0655,0.04
3915,116,0.0,0,0,4.7,7,2,495.3,498,493,0.0655,0.04
3916,117,0.0,0,0,4.7,7,2,495.3,498,493,0.0655,0.04
3917,118,0.0,0,0,4.5,7,2,495.5,498,493,0.0655,0.04
3918,119,0.0,0,0,4.4,7,2,495.6,498,493,0.0655,0.04
3919,120,0.0,0,0,4.2,7,2,495.8,498,493,0.0655,0.04
3920,121,0.0,0,0,4.0,7,2,496.0,498,493,0.0655,0.04
3921,122,0.0,0,0,3.9,7,2,496.1,498,493,0.0655,0.04
3922,123,0.0,0,0,3.7,7,2,496.3,498,493,0.0655,0.04
3923,124,0.0,0,0,3.5,6,2,496.5,498,494,0.0655,0.04
3924,125,0.0,0,0,3.4,6,1,496.6,499,494,0.0655,0.04
3925,126,0.0,0,0,3.3,6,1,496.7,499,494,0.0655,0.04
3926,127,0.0,0,0,3.0,6,0,497.0,500,494,0.0655,0.04
3927,128,0.0,0,0,2.9,6,0,497.1,500,494,0.0655,0.04
3928,129,0.0,0,0,2.8,6,0,497.2,500,494,0.0655,0.04
3929,130,0.0,0,0,2.8,6,0,497.2,500,494,0.0655,0.04
3930,131,0.0,0,0,2.8,6,0,497.2,500,494,0.0655,0.04
3931,132,0.0,0,0,2.7,6,0,497.3,500,494,0.0655,0.04
3932,133,0.0,0,0,2.7,6,0,497.3,500,494,0.0655,0.04
3933,134,0.0,0,0,2.5,6,0,497.5,500,494,0.0655,0.04
3934,135,0.0,0,0,2.2,4,0,497.8,500,496,0.0655,0.04
3935,136,0.0,0,0,2.0,4,0,498.0,500,496,0.0655,0.04
3936,137,0.0,0,0,2.0,4,0,498.0,500,496,0.0655,0.04
3937,138,0.0,0,0,1.9,3,0,498.1,500,497,0.0655,0.04
3938,139,0.0,0,0,1.9,3,0,498.1,500,497,0.0655,0.04
3939,140,0.0,0,0,1.5,3,0,498.5,500,497,0.0655,0.04
3940,141,0.0,0,0,1.5,3,0,498.5,500,497,0.0655,0.04
3941,142,0.0,0,0,1.4,3,0,498.6,500,497,0.0655,0.04
3942,143,0.0,0,0,1.3,3,0,498.7,500,497,0.0655,0.04
3943,144,0.0,0,0,1.3,3,0,498.7,500,497,0.0655,0.04
3944,145,0.0,0,0,1.3,3,0,498.7,500,497,0.0655,0.04
3945,146,0.0,0,0,1.0,3,0,499.0,500,497,0.0655,0.04
3946,147,0.0,0,0,0.9,2,0,499.1,500,498,0.0655,0.04
3947,148,0.0,0,0,0.9,2,0,499.1,500,498,0.0655,0.04
3948,149,0.0,0,0,0.8,2,0,499.2,500,498,0.0655,0.04
3949,150,0.0,0,0,0.8,2,0,499.2,500,498,0.0655,0.04
3950,151,0.0,0,0,0.8,2,0,499.2,500,498,0.0655,0.04
3951,152,0.0,0,0,0.8,2,0,499.2,500,498,0.0655,0.04
3952,153,0.0,0,0,0.8,2,0,499.2,500,498,0.0655,0.04
3953,154,0.0,0,0,0.8,2,0,499.2,500,498,0.0655,0.04
3954,155,0.0,0,0,0.8,2,0,499.2,500,498,0.0655,0.04
3955,156,0.0,0,0,0.8,2,0,499.2,500,498,0.0655,0.04
3956,157,0.0,0,0,0.7,2,0,499.3,500,498,0.0655,0.04
3957,158,0.0,0,0,0.7,2,0,499.3,500,498,0.0655,0.04
3958,159,0.0,0,0,0.7,2,0,499.3,500,498,0.0655,0.04
3959,160,0.0,0,0,0.7,2,0,499.3,500,498,0.0655,0.04
3960,161,0.0,0,0,0.7,2,0,499.3,500,498,0.0655,0.04
3961,162,0.0,0,0,0.6,2,0,499.4,500,498,0.0655,0.04
3962,163,0.0,0,0,0.6,2,0,499.4,500,498,0.0655,0.04
3963,164,0.0,0,0,0.5,1,0,499.5,500,499,0.0655,0.04
3964,165,0.0,0,0,0.5,1,0,499.5,500,499,0.0655,0.04
3965,166,0.0,0,0,0.4,1,0,499.6,500,499,0.0655,0.04
3966,167,0.0,0,0,0.4,1,0,499.6,500,499,0.0655,0.04
3967,168,0.0,0,0,0.4,1,0,499.6,500,499,0.0655,0.04
3968,169,0.0,0,0,0.3,1,0,499.7,500,499,0.0655,0.04
3969,170,0.0,0,0,0.2,1,0,499.8,500,499,0.0655,0.04
3970,171,0.0,0,0,0.1,1,0,499.9,500,499,0.0655,0.04
3971,172,0.0,0,0,0.1,1,0,499.9,500,499,0.0655,0.04
3972,173,0.0,0,0,0.1,1,0,499.9,500,499,0.0655,0.04
3973,174,0.0,0,0,0.1,1,0,499.9,500,499,0.0655,0.04
3974,175,0.0,0,0,0.1,1,0,499.9,500,499,0.0655,0.04
3975,176,0.0,0,0,0.1,1,0,499.9,500,499,0.0655,0.04
3976,177,0.0,0,0,0.1,1,0,499.9,500,499,0.0655,0.04
3977,178,0.0,0,0,0.1,1,0,499.9,500,499,0.0655,0.04
3978,179,0.0,0,0,0.1,1,0,499.9,500,499,0.0655,0.04
3979,180,0.0,0,0,0.1,1,0,499.9,500,499,0.0655,0.04
3980,181,0.0,0,0,0.1,1,0,499.9,500,499,0.0655,0.04
3981,182,0.0,0,0,0.1,1,0,499.9,500,499,0.0655,0.04
3982,183,0.0,0,0,0.1,1,0,499.9,500,499,0.0655,0.04
3983,184,0.0,0,0,0.1,1,0,499.9,500,499,0.0655,0.04
3984,185,0.0,0,0,0.1,1,0,499.9,500,499,0.0655,0.04
3985,186,0.0,0,0,0.1,1,0,499.9,500,499,0.0655,0.04
3986,187,0.0,0,0,0.1,1,0,499.9,500,499,0.0655,0.04
3987,188,0.0,0,0,0.1,1,0,499.9,500,499,0.0655,0.04
3988,189,0.0,0,0,0.1,1,0,499.9,500,499,0.0655,0.04
3989,190,0.0,0,0,0.1,1,0,499.9,500,499,0.0655,0.04
3990,191,0.0,0,0,0.1,1,0,499.9,500,499,0.0655,0.04
3991,192,0.0,0,0,0.1,1,0,499.9,500,499,0.0655,0.04
3992,193,0.0,0,0,0.1,1,0,499.9,500,499,0.0655,0.04
3993,194,0.0,0,0,0.1,1,0,499.9,500,499,0.0655,0.04
3994,195,0.0,0,0,0.1,1,0,499.9,500,499,0.0655,0.04
3995,196,0.0,0,0,0.1,1,0,499.9,500,499,0.0655,0.04
3996,197,0.0,0,0,0.1,1,0,499.9,500,499,0.0655,0.04
3997,198,0.0,0,0,0.1,1,0,499.9,500,499,0.0655,0.04
3998,199,0.0,0,0,0.1,1,0,499.9,500,499,0.0655,0.04
3999,200,0.0,0,0,0.1,1,0,499.9,500,499,0.0655,0.04
4000,1,497.4,499,495,2.3,4,0,0.3,1,0,0.069,0.04
4001,2,493.6,499,489,6.1,11,0,0.3,1,0,0.069,0.04
4002,3,483.4,499,469,15.7,30,0,0.9,3,0,0.069,0.04
4003,4,456.6,499,415,40.6,80,0,2.8,8,1,0.069,0.04
4004,5,405.1,499,309,88.5,177,0,6.4,14,1,0.069,0.04
4005,6,313.8,499,184,171.3,290,0,14.9,26,1,0.069,0.04
4006,7,210.8,499,78,263.6,378,0,25.6,48,1,0.069,0.04
4007,8,134.2,499,22,328.1,415,0,37.7,66,1,0.069,0.04
4008,9,94.5,499,5,351.6,429,0,53.9,89,1,0.069,0.04
4009,10,70.2,499,0,359.7,423,0,70.1,107,1,0.069,0.04
4010,11,57.8,499,0,357.5,418,0,84.7,124,1,0.069,0.04
4011,12,52.6,499,0,349.3,422,0,98.1,139,1,0.069,0.04
4012,13,50.7,499,0,336.1,415,0,113.2,150,1,0.069,0.04
4013,14,49.9,499,0,323.3,408,0,126.8,167,1,0.069,0.04
4014,15,49.9,499,0,308.5,391,0,141.6,182,1,0.069,0.04
4015,16,49.9,499,0,296.7,375,0,153.4,194,1,0.069,0.04
4016,17,49.9,499,0,285.2,354,0,164.9,213,1,0.069,0.04
4017,18,49.9,499,0,272.8,343,0,177.3,229,1,0.069,0.04
4018,19,49.9,499,0,260.1,326,0,190.0,245,1,0.069,0.04
4019,20,49.9,499,0,249.3,316,0,200.8,254,1,0.069,0.04
4020,21,49.9,499,0,240.9,305,0,209.2,261,1,0.069,0.04
4021,22,49.9,499,0,232.4,292,0,217.7,270,1,0.069,0.04
4022,23,49.9,499,0,224.1,283,0,226.0,283,1,0.069,0.04
4023,24,49.9,499,0,214.7,275,0,235.4,295,1,0.069,0.04
4024,25,49.9,499,0,205.7,260,0,244.4,298,1,0.069,0.04
4025,26,49.9,499,0,198.2,236,0,251.9,306,1,0.069,0.04
4026,27,49.9,499,0,191.3,229,0,258.8,307,1,0.069,0.04
4027,28,49.9,499,0,183.3,220,0,266.8,316,1,0.069,0.04
4028,29,49.9,499,0,175.5,211,0,274.6,324,1,0.069,0.04
4029,30,49.9,499,0,167.5,204,0,282.6,335,1,0.069,0.04
4030,31,49.9,499,0,159.9,197,0,290.2,342,1,0.069,0.04
4031,32,49.9,499,0,155.0,191,0,295.1,346,1,0.069,0.04
4032,33,49.9,499,0,148.5,184,0,301.6,353,1,0.069,0.04
4033,34,49.9,499,0,140.7,174,0,309.4,364,1,0.069,0.04
4034,35,49.9,499,0,134.6,169,0,315.5,368,1,0.069,0.04
4035,36,49.9,499,0,129.6,162,0,320.5,373,1,0.069,0.04
4036,37,49.9,499,0,125.2,154,0,324.9,376,1,0.069,0.04
4037,38,49.9,499,0,119.9,150,0,330.2,382,1,0.069,0.04
4038,39,49.9,499,0,115.9,146,0,334.2,385,1,0.069,0.04
4039,40,49.9,499,0,111.1,140,0,339.0,391,1,0.069,0.04
4040,41,49.9,499,0,106.9,132,0,343.2,396,1,0.069,0.04
4041,42,49.9,499,0,103.3,129,0,346.8,400,1,0.069,0.04
4042,43,49.9,499,0,99.2,124,0,350.9,406,1,0.069,0.04
4043,44,49.9,499,0,95.3,120,0,354.8,409,1,0.069,0.04
4044,45,49.9,499,0,91.4,115,0,358.7,412,1,0.069,0.04
4045,46,49.9,499,0,87.9,113,0,362.2,414,1,0.069,0.04
4046,47,49.9,499,0,84.2,107,0,365.9,419,1,0.069,0.04
4047,48,49.9,499,0,80.9,101,0,369.2,421,1,0.069,0.04
4048,49,49.9,499,0,77.7,95,0,372.4,424,1,0.069,0.04
4049,50,49.9,499,0,73.9,91,0,376.2,431,1,0.069,0.04
4050,51,49.9,499,0,70.5,88,0,379.6,435,1,0.069,0.04
4051,52,49.9,499,0,67.9,85,0,382.2,436,1,0.069,0.04
4052,53,49.9,499,0,65.2,82,0,384.9,438,1,0.069,0.04
4053,54,49.9,499,0,62.5,79,0,387.6,438,1,0.069,0.04
4054,55,49.9,499,0,59.5,78,0,390.6,441,1,0.069,0.04
4055,56,49.9,499,0,56.7,77,0,393.4,446,1,0.069,0.04
4056,57,49.9,499,0,55.3,76,0,394.8,447,1,0.069,0.04
4057,58,49.9,499,0,52.9,71,0,397.2,449,1,0.069,0.04
4058,59,49.9,499,0,50.8,70,0,399.3,450,1,0.069,0.04
4059,60,49.9,499,0,48.7,69,0,401.4,451,1,0.069,0.04
4060,61,49.9,499,0,47.0,66,0,403.1,454,1,0.069,0.04
4061,62,49.9,499,0,45.1,62,0,405.0,456,1,0.069,0.04
4062,63,49.9,499,0,43.5,60,0,406.6,457,1,0.069,0.04
4063,64,49.9,499,0,41.4,56,0,408.7,459,1,0.069,0.04
4064,65,49.9,499,0,39.4,54,0,410.7,462,1,0.069,0.04
4065,66,49.9,499,0,38.0,53,0,412.1,464,1,0.069,0.04
4066,67,49.9,499,0,36.0,47,0,414.1,466,1,0.069,0.04
4067,68,49.9,499,0,35.0,46,0,415.1,466,1,0.069,0.04
4068,69,49.9,499,0,33.8,46,0,416.3,469,1,0.069,0.04
4069,70,49.9,499,0,32.7,45,0,417.4,469,1,0.069,0.04
4070,71,49.9,499,0,31.5,44,0,418.6,471,1,0.069,0.04
4071,72,49.9,499,0,30.2,42,0,419.9,472,1,0.069,0.04
4072,73,49.9,499,0,28.8,41,0,421.3,474,1,0.069,0.04
4073,74,49.9,499,0,27.5,40,0,422.6,477,1,0.069,0.04
4074,75,49.9,499,0,26.7,39,0,423.4,477,1,0.069,0.04
4075,76,49.9,499,0,26.1,38,0,424.0,477,1,0.069,0.04
4076,77,49.9,499,0,24.8,36,0,425.3,479,1,0.069,0.04
4077,78,49.9,499,0,23.3,34,0,426.8,480,1,0.069,0.04
4078,79,49.9,499,0,22.4,33,0,427.7,480,1,0.069,0.04
4079,80,49.9,499,0,21.7,33,0,428.4,482,1,0.069,0.04
4080,81,49.9,499,0,21.1,33,0,429.0,483,1,0.069,0.04
4081,82,49.9,499,0,20.1,30,0,430.0,483,1,0.069,0.04
4082,83,49.9,499,0,19.0,28,0,431.1,484,1,0.069,0.04
4083,84,49.9,499,0,18.3,25,0,431.8,484,1,0.069,0.04
4084,85,49.9,499,0,18.1,25,0,432.0,484,1,0.069,0.04
4085,86,49.9,499,0,17.5,25,0,432.6,485,1,0.069,0.04
4086,87,49.9,499,0,16.8,25,0,433.3,485,1,0.069,0.04
4087,88,49.9,499,0,16.5,25,0,433.6,486,1,0.069,0.04
4088,89,49.9,499,0,16.1,24,0,434.0,486,1,0.069,0.04
4089,90,49.9,499,0,15.2,24,0,434.9,487,1,0.069,0.04
4090,91,49.9,499,0,15.1,24,0,435.0,487,1,0.069,0.04
4091,92,49.9,499,0,14.6,23,0,435.5,487,1,0.069,0.04
4092,93,49.9,499,0,14.0,21,0,436.1,488,1,0.069,0.04
4093,94,49.9,499,0,13.7,21,0,436.4,489,1,0.069,0.04
4094,95,49.9,499,0,13.4,20,0,436.7,489,1,0.069,0.04
4095,96,49.9,499,0,12.7,19,0,437.4,490,1,0.069,0.04
4096,97,49.9,499,0,12.1,17,0,438.0,491,1,0.069,0.04
4097,98,49.9,499,0,11.4,16,0,438.7,491,1,0.069,0.04
4098,99,49.9,499,0,10.8,16,0,439.3,493,1,0.069,0.04
4099,100,49.9,499,0,10.3,15,0,439.8,493,1,0.069,0.04
4100,101,49.9,499,0,10.0,15,0,440.1,493,1,0.069,0.04
4101,102,49.9,499,0,9.6,14,0,440.5,493,1,0.069,0.04
4102,103,49.9,499,0,9.3,14,0,440.8,494,1,0.069,0.04
4103,104,49.9,499,0,9.0,14,0,441.1,495,1,0.069,0.04
4104,105,49.9,499,0,8.6,13,0,441.5,496,1,0.069,0.04
4105,106,49.9,499,0,8.2,13,0,441.9,496,1,0.069,0.04
4106,107,49.9,499,0,7.9,12,0,442.2,496,1,0.069,0.04
4107,108,49.9,499,0,7.8,12,0,442.3,496,1,0.069,0.04
4108,109,49.9,499,0,7.5,11,0,442.6,496,1,0.069,0.04
4109,110,49.9,499,0,7.2,11,0,442.9,496,1,0.069,0.04
4110,111,49.9,499,0,7.0,11,0,443.1,496,1,0.069,0.04
4111,112,49.9,499,0,6.6,11,0,443.5,496,1,0.069,0.04
4112,113,49.9,499,0,6.4,10,0,443.7,496,1,0.069,0.04
4113,114,49.9,499,0,6.4,10,0,443.7,496,1,0.069,0.04
4114,115,49.9,499,0,5.6,10,0,444.5,498,1,0.069,0.04
4115,116,49.9,499,0,5.5,10,0,444.6,498,1,0.069,0.04
4116,117,49.9,499,0,5.3,9,0,444.8,498,1,0.069,0.04
4117,118,49.9,499,0,5.1,9,0,445.0,498,1,0.069,0.04
4118,119,49.9,499,0,5.0,9,0,445.1,498,1,0.069,0.04
4119,120,49.9,499,0,4.8,9,0,445.3,498,1,0.069,0.04
4120,121,49.9,499,0,4.5,9,0,445.6,498,1,0.069,0.04
4121,122,49.9,499,0,4.5,9,0,445.6,498,1,0.069,0.04
4122,123,49.9,499,0,4.5,9,0,445.6,498,1,0.069,0.04
4123,124,49.9,499,0,4.5,9,0,445.6,498,1,0.069,0.04
4124,125,49.9,499,0,4.5,9,0,445.6,498,1,0.069,0.04
4125,126,49.9,499,0,4.1,7,0,446.0,498,1,0.069,0.04
4126,127,49.9,499,0,3.8,6,0,446.3,498,1,0.069,0.04
4127,128,49.9,499,0,3.4,6,0,446.7,498,1,0.069,0.04
4128,129,49.9,499,0,3.2,5,0,446.9,499,1,0.069,0.04
4129,130,49.9,499,0,3.2,5,0,446.9,499,1,0.069,0.04
4130,131,49.9,499,0,3.1,5,0,447.0,499,1,0.069,0.04
4131,132,49.9,499,0,3.1,5,0,447.0,499,1,0.069,0.04
4132,133,49.9,499,0,2.9,5,0,447.2,499,1,0.069,0.04
4133,134,49.9,499,0,2.8,5,0,447.3,499,1,0.069,0.04
4134,135,49.9,499,0,2.8,5,0,447.3,499,1,0.069,0.04
4135,136,49.9,499,0,2.8,5,0,447.3,499,1,0.069,0.04
4136,137,49.9,499,0,2.7,5,0,447.4,500,1,0.069,0.04
4137,138,49.9,499,0,2.6,5,0,447.5,500,1,0.069,0.04
4138,139,49.9,499,0,2.5,4,0,447.6,500,1,0.069,0.04
4139,140,49.9,499,0,2.5,4,0,447.6,500,1,0.069,0.04
4140,141,49.9,499,0,2.4,4,0,447.7,500,1,0.069,0.04
4141,142,49.9,499,0,2.4,4,0,447.7,500,1,0.069,0.04
4142,143,49.9,499,0,2.4,4,0,447.7,500,1,0.069,0.04
4143,144,49.9,499,0,2.3,4,0,447.8,500,1,0.069,0.04
4144,145,49.9,499,0,2.1,4,0,448.0,500,1,0.069,0.04
4145,146,49.9,499,0,1.9,4,0,448.2,500,1,0.069,0.04
4146,147,49.9,499,0,1.8,4,0,448.3,500,1,0.069,0.04
4147,148,49.9,499,0,1.8,4,0,448.3,500,1,0.069,0.04
4148,149,49.9,499,0,1.8,4,0,448.3,500,1,0.069,0.04
4149,150,49.9,499,0,1.8,4,0,448.3,500,1,0.069,0.04
4150,151,49.9,499,0,1.8,4,0,448.3,500,1,0.069,0.04
4151,152,49.9,499,0,1.6,4,0,448.5,500,1,0.069,0.04
4152,153,49.9,499,0,1.6,4,0,448.5,500,1,0.069,0.04
4153,154,49.9,499,0,1.3,4,0,448.8,500,1,0.069,0.04
4154,155,49.9,499,0,1.3,4,0,448.8,500,1,0.069,0.04
4155,156,49.9,499,0,1.2,4,0,448.9,500,1,0.069,0.04
4156,157,49.9,499,0,1.2,4,0,448.9,500,1,0.069,0.04
4157,158,49.9,499,0,1.2,4,0,448.9,500,1,0.069,0.04
4158,159,49.9,499,0,1.2,4,0,448.9,500,1,0.069,0.04
4159,160,49.9,499,0,1.2,4,0,448.9,500,1,0.069,0.04
4160,161,49.9,499,0,1.1,3,0,449.0,500,1,0.069,0.04
4161,162,49.9,499,0,0.8,2,0,449.3,500,1,0.069,0.04
4162,163,49.9,499,0,0.8,2,0,449.3,500,1,0.069,0.04
4163,164,49.9,499,0,0.8,2,0,449.3,500,1,0.069,0.04
4164,165,49.9,499,0,0.8,2,0,449.3,500,1,0.069,0.04
4165,166,49.9,499,0,0.8,2,0,449.3,500,1,0.069,0.04
4166,167,49.9,499,0,0.8,2,0,449.3,500,1,0.069,0.04
4167,168,49.9,499,0,0.8,2,0,449.3,500,1,0.069,0.04
4168,169,49.9,499,0,0.7,2,0,449.4,500,1,0.069,0.04
4169,170,49.9,499,0,0.7,2,0,449.4,500,1,0.069,0.04
4170,171,49.9,499,0,0.6,2,0,449.5,500,1,0.069,0.04
4171,172,49.9,499,0,0.6,2,0,449.5,500,1,0.069,0.04
4172,173,49.9,499,0,0.6,2,0,449.5,500,1,0.069,0.04
4173,174,49.9,499,0,0.6,2,0,449.5,500,1,0.069,0.04
4174,175,49.9,499,0,0.6,2,0,449.5,500,1,0.069,0.04
4175,176,49.9,499,0,0.6,2,0,449.5,500,1,0.069,0.04
4176,177,49.9,499,0,0.6,2,0,449.5,500,1,0.069,0.04
4177,178,49.9,499,0,0.6,2,0,449.5,500,1,0.069,0.04
4178,179,49.9,499,0,0.6,2,0,449.5,500,1,0.069,0.04
4179,180,49.9,499,0,0.6,2,0,449.5,500,1,0.069,0.04
4180,181,49.9,499,0,0.6,2,0,449.5,500,1,0.069,0.04
4181,182,49.9,499,0,0.6,2,0,449.5,500,1,0.069,0.04
4182,183,49.9,499,0,0.6,2,0,449.5,500,1,0.069,0.04
4183,184,49.9,499,0,0.6,2,0,449.5,500,1,0.069,0.04
4184,185,49.9,499,0,0.6,2,0,449.5,500,1,0.069,0.04
4185,186,49.9,499,0,0.6,2,0,449.5,500,1,0.069,0.04
4186,187,49.9,499,0,0.5,1,0,449.6,500,1,0.069,0.04
4187,188,49.9,499,0,0.5,1,0,449.6,500,1,0.069,0.04
4188,189,49.9,499,0,0.5,1,0,449.6,500,1,0.069,0.04
4189,190,49.9,499,0,0.4,1,0,449.7,500,1,0.069,0.04
4190,191,49.9,499,0,0.4,1,0,449.7,500,1,0.069,0.04
4191,192,49.9,499,0,0.4,1,0,449.7,500,1,0.069,0.04
4192,193,49.9,499,0,0.4,1,0,449.7,500,1,0.069,0.04
4193,194,49.9,499,0,0.4,1,0,449.7,500,1,0.069,0.04
4194,195,49.9,499,0,0.4,1,0,449.7,500,1,0.069,0.04
4195,196,49.9,499,0,0.4,1,0,449.7,500,1,0.069,0.04
4196,197,49.9,499,0,0.4,1,0,449.7,500,1,0.069,0.04
4197,198,49.9,499,0,0.4,1,0,449.7,500,1,0.069,0.04
4198,199,49.9,499,0,0.4,1,0,449.7,500,1,0.069,0.04
4199,200,49.9,499,0,0.4,1,0,449.7,500,1,0.069,0.04
4200,1,497.4,499,495,2.6,5,1,0.0,0,0,0.0724,0.04
4201,2,492.6,498,481,7.2,17,2,0.2,2,0,0.0724,0.04
4202,3,480.4,498,456,18.7,39,2,0.9,5,0,0.0724,0.04
4203,4,450.3,492,405,46.8,87,8,2.9,8,0,0.0724,0.04
4204,5,383.7,476,306,109.3,183,23,7.0,11,1,0.0724,0.04
4205,6,274.6,448,158,209.8,318,49,15.6,31,3,0.0724,0.04
4206,7,155.2,376,59,316.0,409,116,28.8,48,8,0.0724,0.04
4207,8,67.6,268,17,387.9,437,218,44.5,65,14,0.0724,0.04
4208,9,23.6,122,3,413.5,435,353,62.9,83,25,0.0724,0.04
4209,10,6.5,35,0,412.5,423,395,81.0,102,47,0.0724,0.04
4210,11,1.4,6,0,401.2,430,375,97.4,124,64,0.0724,0.04
4211,12,0.5,2,0,387.5,419,361,112.0,139,79,0.0724,0.04
4212,13,0.0,0,0,373.5,401,346,126.5,154,99,0.0724,0.04
4213,14,0.0,0,0,358.3,388,333,141.7,167,112,0.0724,0.04
4214,15,0.0,0,0,344.0,375,318,156.0,182,125,0.0724,0.04
4215,16,0.0,0,0,330.0,355,309,170.0,191,145,0.0724,0.04
4216,17,0.0,0,0,316.0,340,297,184.0,203,160,0.0724,0.04
4217,18,0.0,0,0,304.4,326,289,195.6,211,174,0.0724,0.04
4218,19,0.0,0,0,294.8,321,274,205.2,226,179,0.0724,0.04
4219,20,0.0,0,0,281.6,305,265,218.4,235,195,0.0724,0.04
4220,21,0.0,0,0,269.8,293,252,230.2,248,207,0.0724,0.04
4221,22,0.0,0,0,259.7,283,242,240.3,258,217,0.0724,0.04
4222,23,0.0,0,0,248.7,265,230,251.3,270,235,0.0724,0.04
4223,24,0.0,0,0,238.9,254,221,261.1,279,246,0.0724,0.04
4224,25,0.0,0,0,229.3,245,212,270.7,288,255,0.0724,0.04
4225,26,0.0,0,0,219.8,238,203,280.2,297,262,0.0724,0.04
4226,27,0.0,0,0,211.2,232,193,288.8,307,268,0.0724,0.04
4227,28,0.0,0,0,203.4,224,182,296.6,318,276,0.0724,0.04
4228,29,0.0,0,0,196.4,217,169,303.6,331,283,0.0724,0.04
4229,30,0.0,0,0,190.0,212,160,310.0,340,288,0.0724,0.04
4230,31,0.0,0,0,183.3,207,152,316.7,348,293,0.0724,0.04
4231,32,0.0,0,0,176.3,195,144,323.7,356,305,0.0724,0.04
4232,33,0.0,0,0,167.8,185,137,332.2,363,315,0.0724,0.04
4233,34,0.0,0,0,161.4,176,130,338.6,370,324,0.0724,0.04
4234,35,0.0,0,0,155.7,169,126,344.3,374,331,0.0724,0.04
4235,36,0.0,0,0,150.5,161,122,349.5,378,339,0.0724,0.04
4236,37,0.0,0,0,144.7,155,119,355.3,381,345,0.0724,0.04
4237,38,0.0,0,0,139.4,150,114,360.6,386,350,0.0724,0.04
4238,39,0.0,0,0,133.7,147,107,366.3,393,353,0.0724,0.04
4239,40,0.0,0,0,128.5,141,101,371.5,399,359,0.0724,0.04
4240,41,0.0,0,0,123.7,138,95,376.3,405,362,0.0724,0.04
4241,42,0.0,0,0,118.7,131,91,381.3,409,369,0.0724,0.04
4242,43,0.0,0,0,114.1,126,88,385.9,412,374,0.0724,0.04
4243,44,0.0,0,0,110.1,121,84,389.9,416,379,0.0724,0.04
4244,45,0.0,0,0,105.7,116,79,394.3,421,384,0.0724,0.04
4245,46,0.0,0,0,101.4,112,77,398.6,423,388,0.0724,0.04
4246,47,0.0,0,0,97.2,111,76,402.8,424,389,0.0724,0.04
4247,48,0.0,0,0,91.6,106,71,408.4,429,394,0.0724,0.04
4248,49,0.0,0,0,86.8,103,67,413.2,433,397,0.0724,0.04
4249,50,0.0,0,0,82.9,102,65,417.1,435,398,0.0724,0.04
4250,51,0.0,0,0,79.5,94,63,420.5,437,406,0.0724,0.04
4251,52,0.0,0,0,76.9,92,58,423.1,442,408,0.0724,0.04
4252,53,0.0,0,0,73.5,89,56,426.5,444,411,0.0724,0.04
4253,54,0.0,0,0,71.3,87,55,428.7,445,413,0.0724,0.04
4254,55,0.0,0,0,68.3,80,54,431.7,446,420,0.0724,0.04
4255,56,0.0,0,0,65.6,79,53,434.4,447,421,0.0724,0.04
4256,57,0.0,0,0,62.9,75,52,437.1,448,425,0.0724,0.04
4257,58,0.0,0,0,61.5,74,50,438.5,450,426,0.0724,0.04
4258,59,0.0,0,0,58.7,73,47,441.3,453,427,0.0724,0.04
4259,60,0.0,0,0,56.7,70,44,443.3,456,430,0.0724,0.04
4260,61,0.0,0,0,53.8,68,41,446.2,459,432,0.0724,0.04
4261,62,0.0,0,0,52.0,68,40,448.0,460,432,0.0724,0.04
4262,63,0.0,0,0,49.4,67,36,450.6,464,433,0.0724,0.04
4263,64,0.0,0,0,46.9,62,32,453.1,468,438,0.0724,0.04
4264,65,0.0,0,0,45.5,60,31,454.5,469,440,0.0724,0.04
4265,66,0.0,0,0,43.8,58,29,456.2,471,442,0.0724,0.04
4266,67,0.0,0,0,42.7,55,29,457.3,471,445,0.0724,0.04
4267,68,0.0,0,0,40.7,53,28,459.3,472,447,0.0724,0.04
4268,69,0.0,0,0,38.9,50,28,461.1,472,450,0.0724,0.04
4269,70,0.0,0,0,36.9,50,26,463.1,474,450,0.0724,0.04
4270,71,0.0,0,0,36.1,48,26,463.9,474,452,0.0724,0.04
4271,72,0.0,0,0,34.8,46,24,465.2,476,454,0.0724,0.04
4272,73,0.0,0,0,33.7,45,23,466.3,477,455,0.0724,0.04
4273,74,0.0,0,0,32.2,45,21,467.8,479,455,0.0724,0.04
4274,75,0.0,0,0,31.0,44,20,469.0,480,456,0.0724,0.04
4275,76,0.0,0,0,30.0,44,18,470.0,482,456,0.0724,0.04
4276,77,0.0,0,0,29.1,43,18,470.9,482,457,0.0724,0.04
4277,78,0.0,0,0,28.1,41,17,471.9,483,459,0.0724,0.04
4278,79,0.0,0,0,27.3,39,17,472.7,483,461,0.0724,0.04
4279,80,0.0,0,0,26.3,39,17,473.7,483,461,0.0724,0.04
4280,81,0.0,0,0,25.1,37,16,474.9,484,463,0.0724,0.04
4281,82,0.0,0,0,24.0,36,14,476.0,486,464,0.0724,0.04
4282,83,0.0,0,0,23.3,33,14,476.7,486,467,0.0724,0.04
4283,84,0.0,0,0,22.5,32,13,477.5,487,468,0.0724,0.04
4284,85,0.0,0,0,20.9,28,13,479.1,487,472,0.0724,0.04
4285,86,0.0,0,0,19.9,28,13,480.1,487,472,0.0724,0.04
4286,87,0.0,0,0,19.3,28,13,480.7,487,472,0.0724,0.04
4287,88,0.0,0,0,19.1,28,13,480.9,487,472,0.0724,0.04
4288,89,0.0,0,0,18.0,27,13,482.0,487,473,0.0724,0.04
4289,90,0.0,0,0,16.8,26,10,483.2,490,474,0.0724,0.04
4290,91,0.0,0,0,16.5,26,10,483.5,490,474,0.0724,0.04
4291,92,0.0,0,0,16.1,25,10,483.9,490,475,0.0724,0.04
4292,93,0.0,0,0,15.8,25,9,484.2,491,475,0.0724,0.04
4293,94,0.0,0,0,15.2,25,8,484.8,492,475,0.0724,0.04
4294,95,0.0,0,0,14.4,24,8,485.6,492,476,0.0724,0.04
4295,96,0.0,0,0,14.1,24,8,485.9,492,476,0.0724,0.04
4296,97,0.0,0,0,13.7,24,7,486.3,493,476,0.0724,0.04
4297,98,0.0,0,0,13.2,23,7,486.8,493,477,0.0724,0.04
4298,99,0.0,0,0,12.7,22,6,487.3,494,478,0.0724,0.04
4299,100,0.0,0,0,12.2,22,6,487.8,494,478,0.0724,0.04
4300,101,0.0,0,0,11.6,20,6,488.4,494,480,0.0724,0.04
4301,102,0.0,0,0,11.4,20,6,488.6,494,480,0.0724,0.04
4302,103,0.0,0,0,11.1,20,5,488.9,495,480,0.0724,0.04
4303,104,0.0,0,0,10.6,18,5,489.4,495,482,0.0724,0.04
4304,105,0.0,0,0,10.3,17,4,489.7,496,483,0.0724,0.04
4305,106,0.0,0,0,9.9,17,4,490.1,496,483,0.0724,0.04
4306,107,0.0,0,0,9.8,17,4,490.2,496,483,0.0724,0.04
4307,108,0.0,0,0,9.6,17,4,490.4,496,483,0.0724,0.04
4308,109,0.0,0,0,9.3,17,4,490.7,496,483,0.0724,0.04
4309,110,0.0,0,0,8.8,16,4,491.2,496,484,0.0724,0.04
4310,111,0.0,0,0,8.4,15,4,491.6,496,485,0.0724,0.04
4311,112,0.0,0,0,7.8,14,3,492.2,497,486,0.0724,0.04
4312,113,0.0,0,0,7.6,13,3,492.4,497,487,0.0724,0.04
4313,114,0.0,0,0,7.5,13,3,492.5,497,487,0.0724,0.04
4314,115,0.0,0,0,6.9,11,2,493.1,498,489,0.0724,0.04
4315,116,0.0,0,0,6.7,11,2,493.3,498,489,0.0724,0.04
4316,117,0.0,0,0,6.5,11,2,493.5,498,489,0.0724,0.04
4317,118,0.0,0,0,6.0,10,2,494.0,498,490,0.0724,0.04
4318,119,0.0,0,0,5.9,10,2,494.1,498,490,0.0724,0.04
4319,120,0.0,0,0,5.6,10,2,494.4,498,490,0.0724,0.04
4320,121,0.0,0,0,5.4,10,2,494.6,498,490,0.0724,0.04
4321,122,0.0,0,0,5.2,9,2,494.8,498,491,0.0724,0.04
4322,123,0.0,0,0,5.0,9,1,495.0,499,491,0.0724,0.04
4323,124,0.0,0,0,4.6,8,1,495.4,499,492,0.0724,0.04
4324,125,0.0,0,0,4.4,8,1,495.6,499,492,0.0724,0.04
4325,126,0.0,0,0,4.4,8,1,495.6,499,492,0.0724,0.04
4326,127,0.0,0,0,4.3,8,1,495.7,499,492,0.0724,0.04
4327,128,0.0,0,0,3.9,8,0,496.1,500,492,0.0724,0.04
4328,129,0.0,0,0,3.8,8,0,496.2,500,492,0.0724,0.04
4329,130,0.0,0,0,3.7,8,0,496.3,500,492,0.0724,0.04
4330,131,0.0,0,0,3.6,8,0,496.4,500,492,0.0724,0.04
4331,132,0.0,0,0,3.3,7,0,496.7,500,493,0.0724,0.04
4332,133,0.0,0,0,3.1,7,0,496.9,500,493,0.0724,0.04
4333,134,0.0,0,0,3.0,7,0,497.0,500,493,0.0724,0.04
4334,135,0.0,0,0,2.9,7,0,497.1,500,493,0.0724,0.04
4335,136,0.0,0,0,2.7,7,0,497.3,500,493,0.0724,0.04
4336,137,0.0,0,0,2.6,6,0,497.4,500,494,0.0724,0.04
4337,138,0.0,0,0,2.3,6,0,497.7,500,494,0.0724,0.04
4338,139,0.0,0,0,2.3,6,0,497.7,500,494,0.0724,0.04
4339,140,0.0,0,0,2.1,6,0,497.9,500,494,0.0724,0.04
4340,141,0.0,0,0,2.0,6,0,498.0,500,494,0.0724,0.04
4341,142,0.0,0,0,1.7,6,0,498.3,500,494,0.0724,0.04
4342,143,0.0,0,0,1.7,6,0,498.3,500,494,0.0724,0.04
4343,144,0.0,0,0,1.6,5,0,498.4,500,495,0.0724,0.04
4344,145,0.0,0,0,1.5,5,0,498.5,500,495,0.0724,0.04
4345,146,0.0,0,0,1.4,5,0,498.6,500,495,0.0724,0.04
4346,147,0.0,0,0,1.4,5,0,498.6,500,495,0.0724,0.04
4347,148,0.0,0,0,1.3,4,0,498.7,500,496,0.0724,0.04
4348,149,0.0,0,0,1.3,4,0,498.7,500,496,0.0724,0.04
4349,150,0.0,0,0,1.2,4,0,498.8,500,496,0.0724,0.04
4350,151,0.0,0,0,1.2,4,0,498.8,500,496,0.0724,0.04
4351,152,0.0,0,0,1.2,4,0,498.8,500,496,0.0724,0.04
4352,153,0.0,0,0,1.2,4,0,498.8,500,496,0.0724,0.04
4353,154,0.0,0,0,1.2,4,0,498.8,500,496,0.0724,0.04
4354,155,0.0,0,0,1.2,4,0,498.8,500,496,0.0724,0.04
4355,156,0.0,0,0,1.1,4,0,498.9,500,496,0.0724,0.04
4356,157,0.0,0,0,1.0,4,0,499.0,500,496,0.0724,0.04
4357,158,0.0,0,0,1.0,4,0,499.0,500,496,0.0724,0.04
4358,159,0.0,0,0,0.9,4,0,499.1,500,496,0.0724,0.04
4359,160,0.0,0,0,0.8,3,0,499.2,500,497,0.0724,0.04
4360,161,0.0,0,0,0.6,3,0,499.4,500,497,0.0724,0.04
4361,162,0.0,0,0,0.5,3,0,499.5,500,497,0.0724,0.04
4362,163,0.0,0,0,0.5,3,0,499.5,500,497,0.0724,0.04
4363,164,0.0,0,0,0.5,3,0,499.5,500,497,0.0724,0.04
4364,165,0.0,0,0,0.5,3,0,499.5,500,497,0.0724,0.04
4365,166,0.0,0,0,0.5,3,0,499.5,500,497,0.0724,0.04
4366,167,0.0,0,0,0.5,3,0,499.5,500,497,0.0724,0.04
4367,168,0.0,0,0,0.5,3,0,499.5,500,497,0.0724,0.04
4368,169,0.0,0,0,0.5,3,0,499.5,500,497,0.0724,0.04
4369,170,0.0,0,0,0.4,3,0,499.6,500,497,0.0724,0.04
4370,171,0.0,0,0,0.4,3,0,499.6,500,497,0.0724,0.04
4371,172,0.0,0,0,0.4,3,0,499.6,500,497,0.0724,0.04
4372,173,0.0,0,0,0.4,3,0,499.6,500,497,0.0724,0.04
4373,174,0.0,0,0,0.4,3,0,499.6,500,497,0.0724,0.04
4374,175,0.0,0,0,0.4,3,0,499.6,500,497,0.0724,0.04
4375,176,0.0,0,0,0.4,3,0,499.6,500,497,0.0724,0.04
4376,177,0.0,0,0,0.4,3,0,499.6,500,497,0.0724,0.04
4377,178,0.0,0,0,0.4,3,0,499.6,500,497,0.0724,0.04
4378,179,0.0,0,0,0.4,3,0,499.6,500,497,0.0724,0.04
4379,180,0.0,0,0,0.4,3,0,499.6,500,497,0.0724,0.04
4380,181,0.0,0,0,0.4,3,0,499.6,500,497,0.0724,0.04
4381,182,0.0,0,0,0.4,3,0,499.6,500,497,0.0724,0.04
4382,183,0.0,0,0,0.4,3,0,499.6,500,497,0.0724,0.04
4383,184,0.0,0,0,0.4,3,0,499.6,500,497,0.0724,0.04
4384,185,0.0,0,0,0.4,3,0,499.6,500,497,0.0724,0.04
4385,186,0.0,0,0,0.4,3,0,499.6,500,497,0.0724,0.04
4386,187,0.0,0,0,0.4,3,0,499.6,500,497,0.0724,0.04
4387,188,0.0,0,0,0.4,3,0,499.6,500,497,0.0724,0.04
4388,189,0.0,0,0,0.4,3,0,499.6,500,497,0.0724,0.04
4389,190,0.0,0,0,0.4,3,0,499.6,500,497,0.0724,0.04
4390,191,0.0,0,0,0.3,2,0,499.7,500,498,0.0724,0.04
4391,192,0.0,0,0,0.3,2,0,499.7,500,498,0.0724,0.04
4392,193,0.0,0,0,0.3,2,0,499.7,500,498,0.0724,0.04
4393,194,0.0,0,0,0.3,2,0,499.7,500,498,0.0724,0.04
4394,195,0.0,0,0,0.3,2,0,499.7,500,498,0.0724,0.04
4395,196,0.0,0,0,0.3,2,0,499.7,500,498,0.0724,0.04
4396,197,0.0,0,0,0.3,2,0,499.7,500,498,0.0724,0.04
4397,198,0.0,0,0,0.3,2,0,499.7,500,498,0.0724,0.04
4398,199,0.0,0,0,0.3,2,0,499.7,500,498,0.0724,0.04
4399,200,0.0,0,0,0.3,2,0,499.7,500,498,0.0724,0.04
4400,1,496.6,498,495,3.2,5,1,0.2,1,0,0.0759,0.04
4401,2,491.2,495,485,8.0,14,4,0.8,2,0,0.0759,0.04
4402,3,477.3,490,459,21.1,39,8,1.6,5,0,0.0759,0.04
4403,4,439.9,477,392,55.8,102,21,4.3,8,2,0.0759,0.04
4404,5,367.0,456,267,123.7,225,41,9.3,15,3,0.0759,0.04
4405,6,245.1,393,117,235.7,361,103,19.2,25,4,0.0759,0.04
4406,7,124.0,289,32,341.9,428,197,34.1,43,14,0.0759,0.04
4407,8,43.2,135,10,404.4,433,332,52.4,65,33,0.0759,0.04
4408,9,11.4,39,3,417.6,431,403,71.0,88,45,0.0759,0.04
4409,10,2.8,12,0,411.5,431,394,85.7,103,57,0.0759,0.04
4410,11,0.7,3,0,397.8,428,383,101.5,117,69,0.0759,0.04
4411,12,0.5,2,0,380.8,414,365,118.7,135,84,0.0759,0.04
4412,13,0.3,2,0,365.5,397,351,134.2,149,101,0.0759,0.04
4413,14,0.2,1,0,352.6,387,337,147.2,163,112,0.0759,0.04
4414,15,0.1,1,0,337.5,366,321,162.4,179,134,0.0759,0.04
4415,16,0.1,1,0,326.0,356,307,173.9,193,144,0.0759,0.04
4416,17,0.1,1,0,311.8,336,293,188.1,207,164,0.0759,0.04
4417,18,0.1,1,0,299.9,328,280,200.0,220,172,0.0759,0.04
4418,19,0.1,1,0,288.3,318,267,211.6,233,182,0.0759,0.04
4419,20,0.0,0,0,277.6,309,258,222.4,242,191,0.0759,0.04
4420,21,0.0,0,0,265.0,294,244,235.0,256,206,0.0759,0.04
4421,22,0.0,0,0,255.6,289,236,244.4,264,211,0.0759,0.04
4422,23,0.0,0,0,245.7,280,224,254.3,276,220,0.0759,0.04
4423,24,0.0,0,0,235.3,270,217,264.7,283,230,0.0759,0.04
4424,25,0.0,0,0,225.6,262,206,274.4,294,238,0.0759,0.04
4425,26,0.0,0,0,216.0,254,197,284.0,303,246,0.0759,0.04
4426,27,0.0,0,0,207.3,243,189,292.7,311,257,0.0759,0.04
4427,28,0.0,0,0,198.4,233,178,301.6,322,267,0.0759,0.04
4428,29,0.0,0,0,189.3,224,170,310.7,330,276,0.0759,0.04
4429,30,0.0,0,0,182.6,214,164,317.4,336,286,0.0759,0.04
4430,31,0.0,0,0,174.7,200,155,325.3,345,300,0.0759,0.04
4431,32,0.0,0,0,168.1,195,149,331.9,351,305,0.0759,0.04
4432,33,0.0,0,0,161.7,190,149,338.3,351,310,0.0759,0.04
4433,34,0.0,0,0,155.0,186,143,345.0,357,314,0.0759,0.04
4434,35,0.0,0,0,147.9,182,133,352.1,367,318,0.0759,0.04
4435,36,0.0,0,0,142.8,179,131,357.2,369,321,0.0759,0.04
4436,37,0.0,0,0,137.6,168,123,362.4,377,332,0.0759,0.04
4437,38,0.0,0,0,132.3,164,119,367.7,381,336,0.0759,0.04
4438,39,0.0,0,0,126.6,156,114,373.4,386,344,0.0759,0.04
4439,40,0.0,0,0,121.3,152,105,378.7,395,348,0.0759,0.04
4440,41,0.0,0,0,117.1,147,98,382.9,402,353,0.0759,0.04
4441,42,0.0,0,0,111.6,143,93,388.4,407,357,0.0759,0.04
4442,43,0.0,0,0,108.0,139,92,392.0,408,361,0.0759,0.04
4443,44,0.0,0,0,103.9,134,90,396.1,410,366,0.0759,0.04
4444,45,0.0,0,0,100.0,131,86,400.0,414,369,0.0759,0.04
4445,46,0.0,0,0,96.2,128,79,403.8,421,372,0.0759,0.04
4446,47,0.0,0,0,91.5,119,76,408.5,424,381,0.0759,0.04
4447,48,0.0,0,0,87.1,116,74,412.9,426,384,0.0759,0.04
4448,49,0.0,0,0,83.6,112,73,416.4,427,388,0.0759,0.04
4449,50,0.0,0,0,80.5,108,70,419.5,430,392,0.0759,0.04
4450,51,0.0,0,0,76.7,103,64,423.3,436,397,0.0759,0.04
4451,52,0.0,0,0,73.8,98,60,426.2,440,402,0.0759,0.04
4452,53,0.0,0,0,70.5,92,56,429.5,444,408,0.0759,0.04
4453,54,0.0,0,0,67.6,90,55,432.4,445,410,0.0759,0.04
4454,55,0.0,0,0,64.5,85,51,435.5,449,415,0.0759,0.04
4455,56,0.0,0,0,61.7,81,49,438.3,451,419,0.0759,0.04
4456,57,0.0,0,0,58.9,77,47,441.1,453,423,0.0759,0.04
4457,58,0.0,0,0,56.8,68,47,443.2,453,432,0.0759,0.04
4458,59,0.0,0,0,53.8,64,44,446.2,456,436,0.0759,0.04
4459,60,0.0,0,0,52.5,63,41,447.5,459,437,0.0759,0.04
4460,61,0.0,0,0,50.4,59,41,449.6,459,441,0.0759,0.04
4461,62,0.0,0,0,47.9,58,40,452.1,460,442,0.0759,0.04
4462,63,0.0,0,0,45.9,54,37,454.1,463,446,0.0759,0.04
4463,64,0.0,0,0,44.0,52,34,456.0,466,448,0.0759,0.04
4464,65,0.0,0,0,41.7,52,33,458.3,467,448,0.0759,0.04
4465,66,0.0,0,0,39.7,48,31,460.3,469,452,0.0759,0.04
4466,67,0.0,0,0,38.2,45,31,461.8,469,455,0.0759,0.04
4467,68,0.0,0,0,37.0,44,30,463.0,470,456,0.0759,0.04
4468,69,0.0,0,0,35.4,41,27,464.6,473,459,0.0759,0.04
4469,70,0.0,0,0,34.1,41,27,465.9,473,459,0.0759,0.04
4470,71,0.0,0,0,32.6,40,26,467.4,474,460,0.0759,0.04
4471,72,0.0,0,0,31.5,39,24,468.5,476,461,0.0759,0.04
4472,73,0.0,0,0,30.1,38,24,469.9,476,462,0.0759,0.04
4473,74,0.0,0,0,29.5,38,24,470.5,476,462,0.0759,0.04
4474,75,0.0,0,0,28.5,37,21,471.5,479,463,0.0759,0.04
4475,76,0.0,0,0,27.3,36,20,472.7,480,464,0.0759,0.04
4476,77,0.0,0,0,26.4,35,20,473.6,480,465,0.0759,0.04
4477,78,0.0,0,0,25.5,34,20,474.5,480,466,0.0759,0.04
4478,79,0.0,0,0,24.6,33,19,475.4,481,467,0.0759,0.04
4479,80,0.0,0,0,23.0,32,18,477.0,482,468,0.0759,0.04
4480,81,0.0,0,0,22.2,31,15,477.8,485,469,0.0759,0.04
4481,82,0.0,0,0,20.8,30,13,479.2,487,470,0.0759,0.04
4482,83,0.0,0,0,20.2,28,13,479.8,487,472,0.0759,0.04
4483,84,0.0,0,0,19.0,25,13,481.0,487,475,0.0759,0.04
4484,85,0.0,0,0,18.3,24,12,481.7,488,476,0.0759,0.04
4485,86,0.0,0,0,17.5,24,12,482.5,488,476,0.0759,0.04
4486,87,0.0,0,0,17.1,24,11,482.9,489,476,0.0759,0.04
4487,88,0.0,0,0,16.7,22,11,483.3,489,478,0.0759,0.04
4488,89,0.0,0,0,15.9,21,11,484.1,489,479,0.0759,0.04
4489,90,0.0,0,0,15.4,21,11,484.6,489,479,0.0759,0.04
4490,91,0.0,0,0,15.1,21,11,484.9,489,479,0.0759,0.04
4491,92,0.0,0,0,14.6,20,11,485.4,489,480,0.0759,0.04
4492,93,0.0,0,0,14.5,20,10,485.5,490,480,0.0759,0.04
4493,94,0.0,0,0,14.0,20,10,486.0,490,480,0.0759,0.04
4494,95,0.0,0,0,13.3,20,8,486.7,492,480,0.0759,0.04
4495,96,0.0,0,0,12.9,20,7,487.1,493,480,0.0759,0.04
4496,97,0.0,0,0,12.4,20,7,487.6,493,480,0.0759,0.04
4497,98,0.0,0,0,12.1,19,7,487.9,493,481,0.0759,0.04
4498,99,0.0,0,0,11.7,19,6,488.3,494,481,0.0759,0.04
4499,100,0.0,0,0,11.2,18,6,488.8,494,482,0.0759,0.04
4500,101,0.0,0,0,10.6,18,5,489.4,495,482,0.0759,0.04
4501,102,0.0,0,0,10.1,18,5,489.9,495,482,0.0759,0.04
4502,103,0.0,0,0,9.6,18,5,490.4,495,482,0.0759,0.04
4503,104,0.0,0,0,9.4,18,5,490.6,495,482,0.0759,0.04
4504,105,0.0,0,0,9.2,18,5,490.8,495,482,0.0759,0.04
4505,106,0.0,0,0,9.0,17,5,491.0,495,483,0.0759,0.04
4506,107,0.0,0,0,8.8,17,5,491.2,495,483,0.0759,0.04
4507,108,0.0,0,0,8.3,17,5,491.7,495,483,0.0759,0.04
4508,109,0.0,0,0,7.9,15,4,492.1,496,485,0.0759,0.04
4509,110,0.0,0,0,7.7,14,4,492.3,496,486,0.0759,0.04
4510,111,0.0,0,0,7.5,13,4,492.5,496,487,0.0759,0.04
4511,112,0.0,0,0,7.3,13,4,492.7,496,487,0.0759,0.04
4512,113,0.0,0,0,7.0,13,3,493.0,497,487,0.0759,0.04
4513,114,0.0,0,0,6.9,13,3,493.1,497,487,0.0759,0.04
4514,115,0.0,0,0,6.7,13,3,493.3,497,487,0.0759,0.04
4515,116,0.0,0,0,6.3,13,3,493.7,497,487,0.0759,0.04
4516,117,0.0,0,0,5.9,11,3,494.1,497,489,0.0759,0.04
4517,118,0.0,0,0,5.7,10,3,494.3,497,490,0.0759,0.04
4518,119,0.0,0,0,5.7,10,3,494.3,497,490,0.0759,0.04
4519,120,0.0,0,0,5.4,9,2,494.6,498,491,0.0759,0.04
4520,121,0.0,0,0,5.3,9,2,494.7,498,491,0.0759,0.04
4521,122,0.0,0,0,5.1,9,2,494.9,498,491,0.0759,0.04
4522,123,0.0,0,0,4.7,9,2,495.3,498,491,0.0759,0.04
4523,124,0.0,0,0,4.7,9,2,495.3,498,491,0.0759,0.04
4524,125,0.0,0,0,4.3,8,2,495.7,498,492,0.0759,0.04
4525,126,0.0,0,0,4.1,8,2,495.9,498,492,0.0759,0.04
4526,127,0.0,0,0,3.9,8,1,496.1,499,492,0.0759,0.04
4527,128,0.0,0,0,3.8,8,1,496.2,499,492,0.0759,0.04
4528,129,0.0,0,0,3.7,7,1,496.3,499,493,0.0759,0.04
4529,130,0.0,0,0,3.7,7,1,496.3,499,493,0.0759,0.04
4530,131,0.0,0,0,3.5,7,1,496.5,499,493,0.0759,0.04
4531,132,0.0,0,0,3.3,7,1,496.7,499,493,0.0759,0.04
4532,133,0.0,0,0,2.9,7,1,497.1,499,493,0.0759,0.04
4533,134,0.0,0,0,2.8,7,1,497.2,499,493,0.0759,0.04
4534,135,0.0,0,0,2.5,6,1,497.5,499,494,0.0759,0.04
4535,136,0.0,0,0,2.5,6,1,497.5,499,494,0.0759,0.04
4536,137,0.0,0,0,2.3,6,0,497.7,500,494,0.0759,0.04
4537,138,0.0,0,0,2.2,5,0,497.8,500,495,0.0759,0.04
4538,139,0.0,0,0,2.2,5,0,497.8,500,495,0.0759,0.04
4539,140,0.0,0,0,2.2,5,0,497.8,500,495,0.0759,0.04
4540,141,0.0,0,0,2.2,5,0,497.8,500,495,0.0759,0.04
4541,142,0.0,0,0,2.2,5,0,497.8,500,495,0.0759,0.04
4542,143,0.0,0,0,2.1,5,0,497.9,500,495,0.0759,0.04
4543,144,0.0,0,0,2.0,5,0,498.0,500,495,0.0759,0.04
4544,145,0.0,0,0,1.7,4,0,498.3,500,496,0.0759,0.04
4545,146,0.0,0,0,1.7,4,0,498.3,500,496,0.0759,0.04
4546,147,0.0,0,0,1.7,4,0,498.3,500,496,0.0759,0.04
4547,148,0.0,0,0,1.7,4,0,498.3,500,496,0.0759,0.04
4548,149,0.0,0,0,1.6,4,0,498.4,500,496,0.0759,0.04
4549,150,0.0,0,0,1.4,3,0,498.6,500,497,0.0759,0.04
4550,151,0.0,0,0,1.4,3,0,498.6,500,497,0.0759,0.04
4551,152,0.0,0,0,1.3,3,0,498.7,500,497,0.0759,0.04
4552,153,0.0,0,0,1.2,3,0,498.8,500,497,0.0759,0.04
4553,154,0.0,0,0,1.2,3,0,498.8,500,497,0.0759,0.04
4554,155,0.0,0,0,1.2,3,0,498.8,500,497,0.0759,0.04
4555,156,0.0,0,0,1.2,3,0,498.8,500,497,0.0759,0.04
4556,157,0.0,0,0,1.0,3,0,499.0,500,497,0.0759,0.04
4557,158,0.0,0,0,1.0,3,0,499.0,500,497,0.0759,0.04
4558,159,0.0,0,0,1.0,3,0,499.0,500,497,0.0759,0.04
4559,160,0.0,0,0,1.0,3,0,499.0,500,497,0.0759,0.04
4560,161,0.0,0,0,0.9,3,0,499.1,500,497,0.0759,0.04
4561,162,0.0,0,0,0.8,3,0,499.2,500,497,0.0759,0.04
4562,163,0.0,0,0,0.8,3,0,499.2,500,497,0.0759,0.04
4563,164,0.0,0,0,0.8,3,0,499.2,500,497,0.0759,0.04
4564,165,0.0,0,0,0.8,3,0,499.2,500,497,0.0759,0.04
4565,166,0.0,0,0,0.7,3,0,499.3,500,497,0.0759,0.04
4566,167,0.0,0,0,0.7,3,0,499.3,500,497,0.0759,0.04
4567,168,0.0,0,0,0.7,3,0,499.3,500,497,0.0759,0.04
4568,169,0.0,0,0,0.7,3,0,499.3,500,497,0.0759,0.04
4569,170,0.0,0,0,0.6,3,0,499.4,500,497,0.0759,0.04
4570,171,0.0,0,0,0.5,3,0,499.5,500,497,0.0759,0.04
4571,172,0.0,0,0,0.4,3,0,499.6,500,497,0.0759,0.04
4572,173,0.0,0,0,0.3,2,0,499.7,500,498,0.0759,0.04
4573,174,0.0,0,0,0.3,2,0,499.7,500,498,0.0759,0.04
4574,175,0.0,0,0,0.3,2,0,499.7,500,498,0.0759,0.04
4575,176,0.0,0,0,0.3,2,0,499.7,500,498,0.0759,0.04
4576,177,0.0,0,0,0.3,2,0,499.7,500,498,0.0759,0.04
4577,178,0.0,0,0,0.3,2,0,499.7,500,498,0.0759,0.04
4578,179,0.0,0,0,0.3,2,0,499.7,500,498,0.0759,0.04
4579,180,0.0,0,0,0.3,2,0,499.7,500,498,0.0759,0.04
4580,181,0.0,0,0,0.3,2,0,499.7,500,498,0.0759,0.04
4581,182,0.0,0,0,0.3,2,0,499.7,500,498,0.0759,0.04
4582,183,0.0,0,0,0.3,2,0,499.7,500,498,0.0759,0.04
4583,184,0.0,0,0,0.3,2,0,499.7,500,498,0.0759,0.04
4584,185,0.0,0,0,0.3,2,0,499.7,500,498,0.0759,0.04
4585,186,0.0,0,0,0.3,2,0,499.7,500,498,0.0759,0.04
4586,187,0.0,0,0,0.2,1,0,499.8,500,499,0.0759,0.04
4587,188,0.0,0,0,0.2,1,0,499.8,500,499,0.0759,0.04
4588,189,0.0,0,0,0.2,1,0,499.8,500,499,0.0759,0.04
4589,190,0.0,0,0,0.2,1,0,499.8,500,499,0.0759,0.04
4590,191,0.0,0,0,0.2,1,0,499.8,500,499,0.0759,0.04
4591,192,0.0,0,0,0.2,1,0,499.8,500,499,0.0759,0.04
4592,193,0.0,0,0,0.1,1,0,499.9,500,499,0.0759,0.04
4593,194,0.0,0,0,0.1,1,0,499.9,500,499,0.0759,0.04
4594,195,0.0,0,0,0.1,1,0,499.9,500,499,0.0759,0.04
4595,196,0.0,0,0,0.1,1,0,499.9,500,499,0.0759,0.04
4596,197,0.0,0,0,0.1,1,0,499.9,500,499,0.0759,0.04
4597,198,0.0,0,0,0.1,1,0,499.9,500,499,0.0759,0.04
4598,199,0.0,0,0,0.1,1,0,499.9,500,499,0.0759,0.04
4599,200,0.0,0,0,0.1,1,0,499.9,500,499,0.0759,0.04
4600,1,497.1,499,494,2.7,6,1,0.2,1,0,0.0793,0.04
4601,2,490.8,499,480,9.0,20,1,0.2,1,0,0.0793,0.04
4602,3,475.0,498,451,23.8,48,1,1.2,3,0,0.0793,0.04
4603,4,434.1,497,372,61.9,124,2,4.0,7,1,0.0793,0.04
4604,5,350.6,494,242,140.0,244,5,9.4,18,1,0.0793,0.04
4605,6,226.0,486,90,253.9,382,11,20.1,36,3,0.0793,0.04
4606,7,121.1,455,21,345.2,437,40,33.7,53,5,0.0793,0.04
4607,8,63.2,404,3,387.9,442,86,48.9,67,10,0.0793,0.04
4608,9,34.9,297,0,399.3,437,189,65.8,89,14,0.0793,0.04
4609,10,17.0,163,0,399.1,428,314,83.9,111,23,0.0793,0.04
4610,11,5.0,49,0,395.2,413,380,99.8,120,51,0.0793,0.04
4611,12,0.6,5,0,383.7,428,366,115.7,134,67,0.0793,0.04
4612,13,0.2,1,0,370.0,418,353,129.8,147,81,0.0793,0.04
4613,14,0.2,1,0,356.5,403,342,143.3,158,96,0.0793,0.04
4614,15,0.2,1,0,340.6,392,322,159.2,178,107,0.0793,0.04
4615,16,0.0,0,0,326.0,375,308,174.0,192,125,0.0793,0.04
4616,17,0.0,0,0,313.1,356,290,186.9,210,144,0.0793,0.04
4617,18,0.0,0,0,302.2,341,283,197.8,217,159,0.0793,0.04
4618,19,0.0,0,0,290.5,324,267,209.5,233,176,0.0793,0.04
4619,20,0.0,0,0,278.9,308,252,221.1,248,192,0.0793,0.04
4620,21,0.0,0,0,269.0,299,245,231.0,255,201,0.0793,0.04
4621,22,0.0,0,0,257.5,290,232,242.5,268,210,0.0793,0.04
4622,23,0.0,0,0,249.0,279,224,251.0,276,221,0.0793,0.04
4623,24,0.0,0,0,237.8,266,216,262.2,284,234,0.0793,0.04
4624,25,0.0,0,0,228.7,255,205,271.3,295,245,0.0793,0.04
4625,26,0.0,0,0,218.2,240,192,281.8,308,260,0.0793,0.04
4626,27,0.0,0,0,209.6,231,187,290.4,313,269,0.0793,0.04
4627,28,0.0,0,0,201.6,224,179,298.4,321,276,0.0793,0.04
4628,29,0.0,0,0,194.0,216,173,306.0,327,284,0.0793,0.04
4629,30,0.0,0,0,186.4,207,166,313.6,334,293,0.0793,0.04
4630,31,0.0,0,0,181.7,204,164,318.3,336,296,0.0793,0.04
4631,32,0.0,0,0,175.0,198,152,325.0,348,302,0.0793,0.04
4632,33,0.0,0,0,167.8,188,147,332.2,353,312,0.0793,0.04
4633,34,0.0,0,0,161.0,181,142,339.0,358,319,0.0793,0.04
4634,35,0.0,0,0,154.9,176,134,345.1,366,324,0.0793,0.04
4635,36,0.0,0,0,149.6,171,133,350.4,367,329,0.0793,0.04
4636,37,0.0,0,0,143.8,168,127,356.2,373,332,0.0793,0.04
4637,38,0.0,0,0,137.7,165,121,362.3,379,335,0.0793,0.04
4638,39,0.0,0,0,131.5,162,115,368.5,385,338,0.0793,0.04
4639,40,0.0,0,0,125.7,158,110,374.3,390,342,0.0793,0.04
4640,41,0.0,0,0,120.3,150,105,379.7,395,350,0.0793,0.04
4641,42,0.0,0,0,114.1,143,101,385.9,399,357,0.0793,0.04
4642,43,0.0,0,0,109.9,138,95,390.1,405,362,0.0793,0.04
4643,44,0.0,0,0,104.9,130,90,395.1,410,370,0.0793,0.04
4644,45,0.0,0,0,100.3,126,85,399.7,415,374,0.0793,0.04
4645,46,0.0,0,0,96.6,119,82,403.4,418,381,0.0793,0.04
4646,47,0.0,0,0,92.6,113,79,407.4,421,387,0.0793,0.04
4647,48,0.0,0,0,88.7,112,76,411.3,424,388,0.0793,0.04
4648,49,0.0,0,0,85.6,108,73,414.4,427,392,0.0793,0.04
4649,50,0.0,0,0,81.4,104,69,418.6,431,396,0.0793,0.04
4650,51,0.0,0,0,77.1,99,65,422.9,435,401,0.0793,0.04
4651,52,0.0,0,0,72.8,95,61,427.2,439,405,0.0793,0.04
4652,53,0.0,0,0,68.8,88,60,431.2,440,412,0.0793,0.04
4653,54,0.0,0,0,66.1,87,56,433.9,444,413,0.0793,0.04
4654,55,0.0,0,0,63.4,84,51,436.6,449,416,0.0793,0.04
4655,56,0.0,0,0,61.1,81,51,438.9,449,419,0.0793,0.04
4656,57,0.0,0,0,58.8,78,50,441.2,450,422,0.0793,0.04
4657,58,0.0,0,0,56.7,73,47,443.3,453,427,0.0793,0.04
4658,59,0.0,0,0,55.2,71,44,444.8,456,429,0.0793,0.04
4659,60,0.0,0,0,53.4,70,43,446.6,457,430,0.0793,0.04
4660,61,0.0,0,0,51.7,69,42,448.3,458,431,0.0793,0.04
4661,62,0.0,0,0,49.2,66,39,450.8,461,434,0.0793,0.04
4662,63,0.0,0,0,47.1,62,36,452.9,464,438,0.0793,0.04
4663,64,0.0,0,0,45.4,59,35,454.6,465,441,0.0793,0.04
4664,65,0.0,0,0,43.7,56,35,456.3,465,444,0.0793,0.04
4665,66,0.0,0,0,42.1,53,34,457.9,466,447,0.0793,0.04
4666,67,0.0,0,0,41.0,50,33,459.0,467,450,0.0793,0.04
4667,68,0.0,0,0,39.5,49,31,460.5,469,451,0.0793,0.04
4668,69,0.0,0,0,37.5,48,28,462.5,472,452,0.0793,0.04
4669,70,0.0,0,0,36.5,48,28,463.5,472,452,0.0793,0.04
4670,71,0.0,0,0,35.8,48,28,464.2,472,452,0.0793,0.04
4671,72,0.0,0,0,33.3,45,27,466.7,473,455,0.0793,0.04
4672,73,0.0,0,0,32.3,44,26,467.7,474,456,0.0793,0.04
4673,74,0.0,0,0,31.2,44,24,468.8,476,456,0.0793,0.04
4674,75,0.0,0,0,30.3,41,24,469.7,476,459,0.0793,0.04
4675,76,0.0,0,0,28.8,40,23,471.2,477,460,0.0793,0.04
4676,77,0.0,0,0,28.1,38,23,471.9,477,462,0.0793,0.04
4677,78,0.0,0,0,27.0,36,21,473.0,479,464,0.0793,0.04
4678,79,0.0,0,0,25.5,34,18,474.5,482,466,0.0793,0.04
4679,80,0.0,0,0,24.8,32,17,475.2,483,468,0.0793,0.04
4680,81,0.0,0,0,23.4,32,16,476.6,484,468,0.0793,0.04
4681,82,0.0,0,0,22.9,31,16,477.1,484,469,0.0793,0.04
4682,83,0.0,0,0,22.1,29,16,477.9,484,471,0.0793,0.04
4683,84,0.0,0,0,21.1,28,15,478.9,485,472,0.0793,0.04
4684,85,0.0,0,0,20.4,28,13,479.6,487,472,0.0793,0.04
4685,86,0.0,0,0,19.5,27,13,480.5,487,473,0.0793,0.04
4686,87,0.0,0,0,18.8,26,12,481.2,488,474,0.0793,0.04
4687,88,0.0,0,0,18.2,25,12,481.8,488,475,0.0793,0.04
4688,89,0.0,0,0,17.3,24,11,482.7,489,476,0.0793,0.04
4689,90,0.0,0,0,16.6,23,11,483.4,489,477,0.0793,0.04
4690,91,0.0,0,0,15.5,20,11,484.5,489,480,0.0793,0.04
4691,92,0.0,0,0,15.0,20,10,485.0,490,480,0.0793,0.04
4692,93,0.0,0,0,14.5,20,10,485.5,490,480,0.0793,0.04
4693,94,0.0,0,0,14.1,20,10,485.9,490,480,0.0793,0.04
4694,95,0.0,0,0,13.5,20,8,486.5,492,480,0.0793,0.04
4695,96,0.0,0,0,13.0,19,7,487.0,493,481,0.0793,0.04
4696,97,0.0,0,0,12.5,19,7,487.5,493,481,0.0793,0.04
4697,98,0.0,0,0,12.2,19,6,487.8,494,481,0.0793,0.04
4698,99,0.0,0,0,11.8,19,6,488.2,494,481,0.0793,0.04
4699,100,0.0,0,0,11.5,19,5,488.5,495,481,0.0793,0.04
4700,101,0.0,0,0,10.7,17,5,489.3,495,483,0.0793,0.04
4701,102,0.0,0,0,10.1,17,4,489.9,496,483,0.0793,0.04
4702,103,0.0,0,0,9.7,16,4,490.3,496,484,0.0793,0.04
4703,104,0.0,0,0,9.2,14,3,490.8,497,486,0.0793,0.04
4704,105,0.0,0,0,8.6,13,2,491.4,498,487,0.0793,0.04
4705,106,0.0,0,0,8.4,13,2,491.6,498,487,0.0793,0.04
4706,107,0.0,0,0,8.1,12,2,491.9,498,488,0.0793,0.04
4707,108,0.0,0,0,8.0,12,2,492.0,498,488,0.0793,0.04
4708,109,0.0,0,0,7.9,12,2,492.1,498,488,0.0793,0.04
4709,110,0.0,0,0,7.7,12,2,492.3,498,488,0.0793,0.04
4710,111,0.0,0,0,7.5,12,2,492.5,498,488,0.0793,0.04
4711,112,0.0,0,0,7.1,12,2,492.9,498,488,0.0793,0.04
4712,113,0.0,0,0,6.9,12,2,493.1,498,488,0.0793,0.04
4713,114,0.0,0,0,6.7,12,2,493.3,498,488,0.0793,0.04
4714,115,0.0,0,0,6.3,10,2,493.7,498,490,0.0793,0.04
4715,116,0.0,0,0,5.9,10,0,494.1,500,490,0.0793,0.04
4716,117,0.0,0,0,5.4,9,0,494.6,500,491,0.0793,0.04
4717,118,0.0,0,0,5.0,8,0,495.0,500,492,0.0793,0.04
4718,119,0.0,0,0,4.6,8,0,495.4,500,492,0.0793,0.04
4719,120,0.0,0,0,4.5,8,0,495.5,500,492,0.0793,0.04
4720,121,0.0,0,0,4.5,8,0,495.5,500,492,0.0793,0.04
4721,122,0.0,0,0,4.2,7,0,495.8,500,493,0.0793,0.04
4722,123,0.0,0,0,4.1,7,0,495.9,500,493,0.0793,0.04
4723,124,0.0,0,0,3.9,7,0,496.1,500,493,0.0793,0.04
4724,125,0.0,0,0,3.8,7,0,496.2,500,493,0.0793,0.04
4725,126,0.0,0,0,3.5,7,0,496.5,500,493,0.0793,0.04
4726,127,0.0,0,0,3.5,7,0,496.5,500,493,0.0793,0.04
4727,128,0.0,0,0,3.1,6,0,496.9,500,494,0.0793,0.04
4728,129,0.0,0,0,3.0,6,0,497.0,500,494,0.0793,0.04
4729,130,0.0,0,0,2.9,6,0,497.1,500,494,0.0793,0.04
4730,131,0.0,0,0,2.8,6,0,497.2,500,494,0.0793,0.04
4731,132,0.0,0,0,2.8,6,0,497.2,500,494,0.0793,0.04
4732,133,0.0,0,0,2.5,6,0,497.5,500,494,0.0793,0.04
4733,134,0.0,0,0,2.4,6,0,497.6,500,494,0.0793,0.04
4734,135,0.0,0,0,2.3,6,0,497.7,500,494,0.0793,0.04
4735,136,0.0,0,0,2.2,5,0,497.8,500,495,0.0793,0.04
4736,137,0.0,0,0,2.1,5,0,497.9,500,495,0.0793,0.04
4737,138,0.0,0,0,2.1,5,0,497.9,500,495,0.0793,0.04
4738,139,0.0,0,0,2.1,5,0,497.9,500,495,0.0793,0.04
4739,140,0.0,0,0,2.0,5,0,498.0,500,495,0.0793,0.04
4740,141,0.0,0,0,1.9,5,0,498.1,500,495,0.0793,0.04
4741,142,0.0,0,0,1.8,5,0,498.2,500,495,0.0793,0.04
4742,143,0.0,0,0,1.8,5,0,498.2,500,495,0.0793,0.04
4743,144,0.0,0,0,1.8,5,0,498.2,500,495,0.0793,0.04
4744,145,0.0,0,0,1.8,5,0,498.2,500,495,0.0793,0.04
4745,146,0.0,0,0,1.7,4,0,498.3,500,496,0.0793,0.04
4746,147,0.0,0,0,1.6,4,0,498.4,500,496,0.0793,0.04
4747,148,0.0,0,0,1.4,4,0,498.6,500,496,0.0793,0.04
4748,149,0.0,0,0,1.4,4,0,498.6,500,496,0.0793,0.04
4749,150,0.0,0,0,1.4,4,0,498.6,500,496,0.0793,0.04
4750,151,0.0,0,0,1.4,4,0,498.6,500,496,0.0793,0.04
4751,152,0.0,0,0,1.2,4,0,498.8,500,496,0.0793,0.04
4752,153,0.0,0,0,1.1,3,0,498.9,500,497,0.0793,0.04
4753,154,0.0,0,0,1.1,3,0,498.9,500,497,0.0793,0.04
4754,155,0.0,0,0,1.1,3,0,498.9,500,497,0.0793,0.04
4755,156,0.0,0,0,1.1,3,0,498.9,500,497,0.0793,0.04
4756,157,0.0,0,0,1.0,3,0,499.0,500,497,0.0793,0.04
4757,158,0.0,0,0,0.9,3,0,499.1,500,497,0.0793,0.04
4758,159,0.0,0,0,0.9,3,0,499.1,500,497,0.0793,0.04
4759,160,0.0,0,0,0.9,3,0,499.1,500,497,0.0793,0.04
4760,161,0.0,0,0,0.9,3,0,499.1,500,497,0.0793,0.04
4761,162,0.0,0,0,0.9,3,0,499.1,500,497,0.0793,0.04
4762,163,0.0,0,0,0.9,3,0,499.1,500,497,0.0793,0.04
4763,164,0.0,0,0,0.9,3,0,499.1,500,497,0.0793,0.04
4764,165,0.0,0,0,0.9,3,0,499.1,500,497,0.0793,0.04
4765,166,0.0,0,0,0.9,3,0,499.1,500,497,0.0793,0.04
4766,167,0.0,0,0,0.9,3,0,499.1,500,497,0.0793,0.04
4767,168,0.0,0,0,0.9,3,0,499.1,500,497,0.0793,0.04
4768,169,0.0,0,0,0.8,2,0,499.2,500,498,0.0793,0.04
4769,170,0.0,0,0,0.7,2,0,499.3,500,498,0.0793,0.04
4770,171,0.0,0,0,0.7,2,0,499.3,500,498,0.0793,0.04
4771,172,0.0,0,0,0.7,2,0,499.3,500,498,0.0793,0.04
4772,173,0.0,0,0,0.6,2,0,499.4,500,498,0.0793,0.04
4773,174,0.0,0,0,0.6,2,0,499.4,500,498,0.0793,0.04
4774,175,0.0,0,0,0.6,2,0,499.4,500,498,0.0793,0.04
4775,176,0.0,0,0,0.5,2,0,499.5,500,498,0.0793,0.04
4776,177,0.0,0,0,0.4,1,0,499.6,500,499,0.0793,0.04
4777,178,0.0,0,0,0.3,1,0,499.7,500,499,0.0793,0.04
4778,179,0.0,0,0,0.3,1,0,499.7,500,499,0.0793,0.04
4779,180,0.0,0,0,0.3,1,0,499.7,500,499,0.0793,0.04
4780,181,0.0,0,0,0.3,1,0,499.7,500,499,0.0793,0.04
4781,182,0.0,0,0,0.3,1,0,499.7,500,499,0.0793,0.04
4782,183,0.0,0,0,0.3,1,0,499.7,500,499,0.0793,0.04
4783,184,0.0,0,0,0.3,1,0,499.7,500,499,0.0793,0.04
4784,185,0.0,0,0,0.3,1,0,499.7,500,499,0.0793,0.04
4785,186,0.0,0,0,0.3,1,0,499.7,500,499,0.0793,0.04
4786,187,0.0,0,0,0.3,1,0,499.7,500,499,0.0793,0.04
4787,188,0.0,0,0,0.2,1,0,499.8,500,499,0.0793,0.04
4788,189,0.0,0,0,0.2,1,0,499.8,500,499,0.0793,0.04
4789,190,0.0,0,0,0.2,1,0,499.8,500,499,0.0793,0.04
4790,191,0.0,0,0,0.2,1,0,499.8,500,499,0.0793,0.04
4791,192,0.0,0,0,0.1,1,0,499.9,500,499,0.0793,0.04
4792,193,0.0,0,0,0.1,1,0,499.9,500,499,0.0793,0.04
4793,194,0.0,0,0,0.1,1,0,499.9,500,499,0.0793,0.04
4794,195,0.0,0,0,0.1,1,0,499.9,500,499,0.0793,0.04
4795,196,0.0,0,0,0.1,1,0,499.9,500,499,0.0793,0.04
4796,197,0.0,0,0,0.1,1,0,499.9,500,499,0.0793,0.04
4797,198,0.0,0,0,0.1,1,0,499.9,500,499,0.0793,0.04
4798,199,0.0,0,0,0.1,1,0,499.9,500,499,0.0793,0.04
4799,200,0.0,0,0,0.1,1,0,499.9,500,499,0.0793,0.04
4800,1,496.6,498,495,3.4,5,2,0.0,0,0,0.0828,0.04
4801,2,487.0,495,476,12.0,23,3,1.0,3,0,0.0828,0.04
4802,3,463.8,488,437,34.3,61,10,1.9,5,0,0.0828,0.04
4803,4,405.5,468,337,89.0,156,28,5.5,10,3,0.0828,0.04
4804,5,287.4,416,184,199.0,302,77,13.6,19,7,0.0828,0.04
4805,6,137.9,282,53,335.7,420,200,26.4,36,17,0.0828,0.04
4806,7,40.5,111,11,414.3,437,354,45.2,53,32,0.0828,0.04
4807,8,8.6,29,2,427.9,449,418,63.5,76,42,0.0828,0.04
4808,9,2.4,8,0,418.0,435,409,79.6,91,61,0.0828,0.04
4809,10,0.4,2,0,403.5,421,392,96.1,108,79,0.0828,0.04
4810,11,0.1,1,0,390.3,412,379,109.6,121,88,0.0828,0.04
4811,12,0.1,1,0,375.1,398,364,124.8,136,102,0.0828,0.04
4812,13,0.0,0,0,360.9,375,345,139.1,155,125,0.0828,0.04
4813,14,0.0,0,0,346.8,359,330,153.2,170,141,0.0828,0.04
4814,15,0.0,0,0,334.5,351,316,165.5,184,149,0.0828,0.04
4815,16,0.0,0,0,322.4,340,307,177.6,193,160,0.0828,0.04
4816,17,0.0,0,0,308.9,329,295,191.1,205,171,0.0828,0.04
4817,18,0.0,0,0,297.5,322,281,202.5,219,178,0.0828,0.04
4818,19,0.0,0,0,284.9,307,264,215.1,236,193,0.0828,0.04
4819,20,0.0,0,0,272.7,293,250,227.3,250,207,0.0828,0.04
4820,21,0.0,0,0,261.9,280,240,238.1,260,220,0.0828,0.04
4821,22,0.0,0,0,253.0,270,231,247.0,269,230,0.0828,0.04
4822,23,0.0,0,0,242.7,263,216,257.3,284,237,0.0828,0.04
4823,24,0.0,0,0,232.6,253,207,267.4,293,247,0.0828,0.04
4824,25,0.0,0,0,223.7,247,198,276.3,302,253,0.0828,0.04
4825,26,0.0,0,0,215.0,233,188,285.0,312,267,0.0828,0.04
4826,27,0.0,0,0,206.8,227,181,293.2,319,273,0.0828,0.04
4827,28,0.0,0,0,198.4,219,168,301.6,332,281,0.0828,0.04
4828,29,0.0,0,0,190.1,210,158,309.9,342,290,0.0828,0.04
4829,30,0.0,0,0,182.4,198,149,317.6,351,302,0.0828,0.04
4830,31,0.0,0,0,176.0,192,144,324.0,356,308,0.0828,0.04
4831,32,0.0,0,0,169.7,187,134,330.3,366,313,0.0828,0.04
4832,33,0.0,0,0,164.2,183,130,335.8,370,317,0.0828,0.04
4833,34,0.0,0,0,157.8,178,124,342.2,376,322,0.0828,0.04
4834,35,0.0,0,0,151.6,171,121,348.4,379,329,0.0828,0.04
4835,36,0.0,0,0,146.3,161,118,353.7,382,339,0.0828,0.04
4836,37,0.0,0,0,140.6,154,113,359.4,387,346,0.0828,0.04
4837,38,0.0,0,0,135.8,148,110,364.2,390,352,0.0828,0.04
4838,39,0.0,0,0,131.3,142,105,368.7,395,358,0.0828,0.04
4839,40,0.0,0,0,125.5,137,99,374.5,401,363,0.0828,0.04
4840,41,0.0,0,0,119.6,130,95,380.4,405,370,0.0828,0.04
4841,42,0.0,0,0,115.1,125,89,384.9,411,375,0.0828,0.04
4842,43,0.0,0,0,110.8,122,86,389.2,414,378,0.0828,0.04
4843,44,0.0,0,0,105.8,115,84,394.2,416,385,0.0828,0.04
4844,45,0.0,0,0,102.4,113,80,397.6,420,387,0.0828,0.04
4845,46,0.0,0,0,99.1,106,78,400.9,422,394,0.0828,0.04
4846,47,0.0,0,0,94.4,101,72,405.6,428,399,0.0828,0.04
4847,48,0.0,0,0,91.1,97,69,408.9,431,403,0.0828,0.04
4848,49,0.0,0,0,87.3,96,64,412.7,436,404,0.0828,0.04
4849,50,0.0,0,0,84.7,94,63,415.3,437,406,0.0828,0.04
4850,51,0.0,0,0,82.0,90,60,418.0,440,410,0.0828,0.04
4851,52,0.0,0,0,79.6,88,59,420.4,441,412,0.0828,0.04
4852,53,0.0,0,0,76.0,87,52,424.0,448,413,0.0828,0.04
4853,54,0.0,0,0,73.4,85,51,426.6,449,415,0.0828,0.04
4854,55,0.0,0,0,70.4,80,49,429.6,451,420,0.0828,0.04
4855,56,0.0,0,0,67.6,77,47,432.4,453,423,0.0828,0.04
4856,57,0.0,0,0,64.1,73,46,435.9,454,427,0.0828,0.04
4857,58,0.0,0,0,61.3,69,45,438.7,455,431,0.0828,0.04
4858,59,0.0,0,0,58.8,66,44,441.2,456,434,0.0828,0.04
4859,60,0.0,0,0,56.1,63,41,443.9,459,437,0.0828,0.04
4860,61,0.0,0,0,53.3,59,39,446.7,461,441,0.0828,0.04
4861,62,0.0,0,0,51.1,57,38,448.9,462,443,0.0828,0.04
4862,63,0.0,0,0,50.0,56,37,450.0,463,444,0.0828,0.04
4863,64,0.0,0,0,48.3,54,37,451.7,463,446,0.0828,0.04
4864,65,0.0,0,0,45.5,51,35,454.5,465,449,0.0828,0.04
4865,66,0.0,0,0,43.3,49,32,456.7,468,451,0.0828,0.04
4866,67,0.0,0,0,40.5,47,32,459.5,468,453,0.0828,0.04
4867,68,0.0,0,0,39.0,47,30,461.0,470,453,0.0828,0.04
4868,69,0.0,0,0,37.6,45,29,462.4,471,455,0.0828,0.04
4869,70,0.0,0,0,35.9,41,27,464.1,473,459,0.0828,0.04
4870,71,0.0,0,0,34.7,39,26,465.3,474,461,0.0828,0.04
4871,72,0.0,0,0,33.5,39,26,466.5,474,461,0.0828,0.04
4872,73,0.0,0,0,32.0,39,25,468.0,475,461,0.0828,0.04
4873,74,0.0,0,0,30.7,39,23,469.3,477,461,0.0828,0.04
4874,75,0.0,0,0,28.9,36,22,471.1,478,464,0.0828,0.04
4875,76,0.0,0,0,27.4,34,22,472.6,478,466,0.0828,0.04
4876,77,0.0,0,0,26.0,34,19,474.0,481,466,0.0828,0.04
4877,78,0.0,0,0,25.0,33,19,475.0,481,467,0.0828,0.04
4878,79,0.0,0,0,23.5,29,19,476.5,481,471,0.0828,0.04
4879,80,0.0,0,0,22.8,28,19,477.2,481,472,0.0828,0.04
4880,81,0.0,0,0,21.6,25,17,478.4,483,475,0.0828,0.04
4881,82,0.0,0,0,20.5,24,16,479.5,484,476,0.0828,0.04
4882,83,0.0,0,0,19.6,23,16,480.4,484,477,0.0828,0.04
4883,84,0.0,0,0,18.7,22,14,481.3,486,478,0.0828,0.04
4884,85,0.0,0,0,17.9,22,12,482.1,488,478,0.0828,0.04
4885,86,0.0,0,0,17.1,22,11,482.9,489,478,0.0828,0.04
4886,87,0.0,0,0,16.5,21,9,483.5,491,479,0.0828,0.04
4887,88,0.0,0,0,15.6,19,9,484.4,491,481,0.0828,0.04
4888,89,0.0,0,0,15.1,19,7,484.9,493,481,0.0828,0.04
4889,90,0.0,0,0,14.7,19,6,485.3,494,481,0.0828,0.04
4890,91,0.0,0,0,13.9,18,5,486.1,495,482,0.0828,0.04
4891,92,0.0,0,0,13.6,18,5,486.4,495,482,0.0828,0.04
4892,93,0.0,0,0,12.5,17,5,487.5,495,483,0.0828,0.04
4893,94,0.0,0,0,12.0,16,5,488.0,495,484,0.0828,0.04
4894,95,0.0,0,0,11.5,16,5,488.5,495,484,0.0828,0.04
4895,96,0.0,0,0,11.0,15,5,489.0,495,485,0.0828,0.04
4896,97,0.0,0,0,10.7,15,5,489.3,495,485,0.0828,0.04
4897,98,0.0,0,0,10.1,14,4,489.9,496,486,0.0828,0.04
4898,99,0.0,0,0,9.7,14,4,490.3,496,486,0.0828,0.04
4899,100,0.0,0,0,9.6,14,4,490.4,496,486,0.0828,0.04
4900,101,0.0,0,0,8.9,12,4,491.1,496,488,0.0828,0.04
4901,102,0.0,0,0,8.6,12,4,491.4,496,488,0.0828,0.04
4902,103,0.0,0,0,8.5,12,4,491.5,496,488,0.0828,0.04
4903,104,0.0,0,0,8.0,11,4,492.0,496,489,0.0828,0.04
4904,105,0.0,0,0,7.6,11,3,492.4,497,489,0.0828,0.04
4905,106,0.0,0,0,7.1,11,3,492.9,497,489,0.0828,0.04
4906,107,0.0,0,0,6.9,10,3,493.1,497,490,0.0828,0.04
4907,108,0.0,0,0,6.6,10,2,493.4,498,490,0.0828,0.04
4908,109,0.0,0,0,6.3,10,2,493.7,498,490,0.0828,0.04
4909,110,0.0,0,0,6.0,10,2,494.0,498,490,0.0828,0.04
4910,111,0.0,0,0,5.8,10,1,494.2,499,490,0.0828,0.04
4911,112,0.0,0,0,5.5,8,1,494.5,499,492,0.0828,0.04
4912,113,0.0,0,0,5.4,8,1,494.6,499,492,0.0828,0.04
4913,114,0.0,0,0,5.2,8,1,494.8,499,492,0.0828,0.04
4914,115,0.0,0,0,4.9,7,1,495.1,499,493,0.0828,0.04
4915,116,0.0,0,0,4.6,7,0,495.4,500,493,0.0828,0.04
4916,117,0.0,0,0,4.6,7,0,495.4,500,493,0.0828,0.04
4917,118,0.0,0,0,4.5,7,0,495.5,500,493,0.0828,0.04
4918,119,0.0,0,0,4.3,7,0,495.7,500,493,0.0828,0.04
4919,120,0.0,0,0,4.3,7,0,495.7,500,493,0.0828,0.04
4920,121,0.0,0,0,4.2,7,0,495.8,500,493,0.0828,0.04
4921,122,0.0,0,0,3.7,5,0,496.3,500,495,0.0828,0.04
4922,123,0.0,0,0,3.7,5,0,496.3,500,495,0.0828,0.04
4923,124,0.0,0,0,3.3,5,0,496.7,500,495,0.0828,0.04
4924,125,0.0,0,0,3.2,4,0,496.8,500,496,0.0828,0.04
4925,126,0.0,0,0,3.1,4,0,496.9,500,496,0.0828,0.04
4926,127,0.0,0,0,3.1,4,0,496.9,500,496,0.0828,0.04
4927,128,0.0,0,0,2.9,4,0,497.1,500,496,0.0828,0.04
4928,129,0.0,0,0,2.8,4,0,497.2,500,496,0.0828,0.04
4929,130,0.0,0,0,2.7,4,0,497.3,500,496,0.0828,0.04
4930,131,0.0,0,0,2.6,4,0,497.4,500,496,0.0828,0.04
4931,132,0.0,0,0,2.6,4,0,497.4,500,496,0.0828,0.04
4932,133,0.0,0,0,2.5,4,0,497.5,500,496,0.0828,0.04
4933,134,0.0,0,0,2.3,4,0,497.7,500,496,0.0828,0.04
4934,135,0.0,0,0,2.1,4,0,497.9,500,496,0.0828,0.04
4935,136,0.0,0,0,2.1,4,0,497.9,500,496,0.0828,0.04
4936,137,0.0,0,0,1.9,4,0,498.1,500,496,0.0828,0.04
4937,138,0.0,0,0,1.8,4,0,498.2,500,496,0.0828,0.04
4938,139,0.0,0,0,1.6,4,0,498.4,500,496,0.0828,0.04
4939,140,0.0,0,0,1.6,4,0,498.4,500,496,0.0828,0.04
4940,141,0.0,0,0,1.4,3,0,498.6,500,497,0.0828,0.04
4941,142,0.0,0,0,1.4,3,0,498.6,500,497,0.0828,0.04
4942,143,0.0,0,0,1.3,3,0,498.7,500,497,0.0828,0.04
4943,144,0.0,0,0,1.2,3,0,498.8,500,497,0.0828,0.04
4944,145,0.0,0,0,1.1,3,0,498.9,500,497,0.0828,0.04
4945,146,0.0,0,0,1.0,3,0,499.0,500,497,0.0828,0.04
4946,147,0.0,0,0,0.9,2,0,499.1,500,498,0.0828,0.04
4947,148,0.0,0,0,0.9,2,0,499.1,500,498,0.0828,0.04
4948,149,0.0,0,0,0.9,2,0,499.1,500,498,0.0828,0.04
4949,150,0.0,0,0,0.9,2,0,499.1,500,498,0.0828,0.04
4950,151,0.0,0,0,0.8,2,0,499.2,500,498,0.0828,0.04
4951,152,0.0,0,0,0.8,2,0,499.2,500,498,0.0828,0.04
4952,153,0.0,0,0,0.7,2,0,499.3,500,498,0.0828,0.04
4953,154,0.0,0,0,0.6,2,0,499.4,500,498,0.0828,0.04
4954,155,0.0,0,0,0.5,2,0,499.5,500,498,0.0828,0.04
4955,156,0.0,0,0,0.5,2,0,499.5,500,498,0.0828,0.04
4956,157,0.0,0,0,0.4,1,0,499.6,500,499,0.0828,0.04
4957,158,0.0,0,0,0.4,1,0,499.6,500,499,0.0828,0.04
4958,159,0.0,0,0,0.4,1,0,499.6,500,499,0.0828,0.04
4959,160,0.0,0,0,0.4,1,0,499.6,500,499,0.0828,0.04
4960,161,0.0,0,0,0.4,1,0,499.6,500,499,0.0828,0.04
4961,162,0.0,0,0,0.4,1,0,499.6,500,499,0.0828,0.04
4962,163,0.0,0,0,0.4,1,0,499.6,500,499,0.0828,0.04
4963,164,0.0,0,0,0.4,1,0,499.6,500,499,0.0828,0.04
4964,165,0.0,0,0,0.4,1,0,499.6,500,499,0.0828,0.04
4965,166,0.0,0,0,0.3,1,0,499.7,500,499,0.0828,0.04
4966,167,0.0,0,0,0.3,1,0,499.7,500,499,0.0828,0.04
4967,168,0.0,0,0,0.3,1,0,499.7,500,499,0.0828,0.04
4968,169,0.0,0,0,0.3,1,0,499.7,500,499,0.0828,0.04
4969,170,0.0,0,0,0.3,1,0,499.7,500,499,0.0828,0.04
4970,171,0.0,0,0,0.3,1,0,499.7,500,499,0.0828,0.04
4971,172,0.0,0,0,0.3,1,0,499.7,500,499,0.0828,0.04
4972,173,0.0,0,0,0.2,1,0,499.8,500,499,0.0828,0.04
4973,174,0.0,0,0,0.2,1,0,499.8,500,499,0.0828,0.04
4974,175,0.0,0,0,0.2,1,0,499.8,500,499,0.0828,0.04
4975,176,0.0,0,0,0.1,1,0,499.9,500,499,0.0828,0.04
4976,177,0.0,0,0,0.1,1,0,499.9,500,499,0.0828,0.04
4977,178,0.0,0,0,0.1,1,0,499.9,500,499,0.0828,0.04
4978,179,0.0,0,0,0.1,1,0,499.9,500,499,0.0828,0.04
4979,180,0.0,0,0,0.1,1,0,499.9,500,499,0.0828,0.04
4980,181,0.0,0,0,0.1,1,0,499.9,500,499,0.0828,0.04
4981,182,0.0,0,0,0.1,1,0,499.9,500,499,0.0828,0.04
4982,183,0.0,0,0,0.1,1,0,499.9,500,499,0.0828,0.04
4983,184,0.0,0,0,0.1,1,0,499.9,500,499,0.0828,0.04
4984,185,0.0,0,0,0.1,1,0,499.9,500,499,0.0828,0.04
4985,186,0.0,0,0,0.1,1,0,499.9,500,499,0.0828,0.04
4986,187,0.0,0,0,0.1,1,0,499.9,500,499,0.0828,0.04
4987,188,0.0,0,0,0.1,1,0,499.9,500,499,0.0828,0.04
4988,189,0.0,0,0,0.1,1,0,499.9,500,499,0.0828,0.04
4989,190,0.0,0,0,0.1,1,0,499.9,500,499,0.0828,0.04
4990,191,0.0,0,0,0.1,1,0,499.9,500,499,0.0828,0.04
4991,192,0.0,0,0,0.1,1,0,499.9,500,499,0.0828,0.04
4992,193,0.0,0,0,0.1,1,0,499.9,500,499,0.0828,0.04
4993,194,0.0,0,0,0.1,1,0,499.9,500,499,0.0828,0.04
4994,195,0.0,0,0,0.1,1,0,499.9,500,499,0.0828,0.04
4995,196,0.0,0,0,0.1,1,0,499.9,500,499,0.0828,0.04
4996,197,0.0,0,0,0.0,0,0,500.0,500,500,0.0828,0.04
4997,198,0.0,0,0,0.0,0,0,500.0,500,500,0.0828,0.04
4998,199,0.0,0,0,0.0,0,0,500.0,500,500,0.0828,0.04
4999,200,0.0,0,0,0.0,0,0,500.0,500,500,0.0828,0.04
5000,1,496.8,499,494,3.2,6,1,0.0,0,0,0.0862,0.04
5001,2,490.2,495,483,9.5,17,5,0.3,2,0,0.0862,0.04
5002,3,471.6,482,437,26.8,61,16,1.6,3,0,0.0862,0.04
5003,4,425.2,455,335,69.4,157,43,5.4,10,2,0.0862,0.04
5004,5,324.1,378,157,163.2,321,117,12.7,22,5,0.0862,0.04
5005,6,175.5,227,30,301.1,430,254,23.4,40,15,0.0862,0.04
5006,7,56.3,86,6,401.0,438,380,42.7,56,30,0.0862,0.04
5007,8,12.1,22,2,428.5,441,417,59.4,72,46,0.0862,0.04
5008,9,2.7,4,0,421.7,432,410,75.6,90,64,0.0862,0.04
5009,10,1.0,3,0,406.8,422,396,92.2,104,77,0.0862,0.04
5010,11,0.3,1,0,390.9,406,382,108.8,117,94,0.0862,0.04
5011,12,0.1,1,0,376.5,392,366,123.4,134,108,0.0862,0.04
5012,13,0.0,0,0,361.3,378,352,138.7,148,122,0.0862,0.04
5013,14,0.0,0,0,346.3,364,335,153.7,165,136,0.0862,0.04
5014,15,0.0,0,0,333.6,355,318,166.4,182,145,0.0862,0.04
5015,16,0.0,0,0,320.4,345,297,179.6,203,155,0.0862,0.04
5016,17,0.0,0,0,307.8,333,285,192.2,215,167,0.0862,0.04
5017,18,0.0,0,0,295.4,324,273,204.6,227,176,0.0862,0.04
5018,19,0.0,0,0,281.7,304,259,218.3,241,196,0.0862,0.04
5019,20,0.0,0,0,272.0,296,253,228.0,247,204,0.0862,0.04
5020,21,0.0,0,0,260.7,280,242,239.3,258,220,0.0862,0.04
5021,22,0.0,0,0,252.2,270,238,247.8,262,230,0.0862,0.04
5022,23,0.0,0,0,242.2,256,228,257.8,272,244,0.0862,0.04
5023,24,0.0,0,0,231.8,246,219,268.2,281,254,0.0862,0.04
5024,25,0.0,0,0,221.2,234,209,278.8,291,266,0.0862,0.04
5025,26,0.0,0,0,212.1,227,200,287.9,300,273,0.0862,0.04
5026,27,0.0,0,0,202.7,219,188,297.3,312,281,0.0862,0.04
5027,28,0.0,0,0,192.4,205,180,307.6,320,295,0.0862,0.04
5028,29,0.0,0,0,183.4,199,172,316.6,328,301,0.0862,0.04
5029,30,0.0,0,0,175.3,194,162,324.7,338,306,0.0862,0.04
5030,31,0.0,0,0,169.0,189,155,331.0,345,311,0.0862,0.04
5031,32,0.0,0,0,161.1,181,149,338.9,351,319,0.0862,0.04
5032,33,0.0,0,0,155.1,176,141,344.9,359,324,0.0862,0.04
5033,34,0.0,0,0,148.5,168,136,351.5,364,332,0.0862,0.04
5034,35,0.0,0,0,142.7,160,133,357.3,367,340,0.0862,0.04
5035,36,0.0,0,0,137.1,153,126,362.9,374,347,0.0862,0.04
5036,37,0.0,0,0,132.5,147,122,367.5,378,353,0.0862,0.04
5037,38,0.0,0,0,126.7,140,117,373.3,383,360,0.0862,0.04
5038,39,0.0,0,0,121.1,135,112,378.9,388,365,0.0862,0.04
5039,40,0.0,0,0,114.9,130,103,385.1,397,370,0.0862,0.04
5040,41,0.0,0,0,109.4,126,95,390.6,405,374,0.0862,0.04
5041,42,0.0,0,0,106.6,122,93,393.4,407,378,0.0862,0.04
5042,43,0.0,0,0,101.3,112,88,398.7,412,388,0.0862,0.04
5043,44,0.0,0,0,97.3,108,86,402.7,414,392,0.0862,0.04
5044,45,0.0,0,0,94.6,106,85,405.4,415,394,0.0862,0.04
5045,46,0.0,0,0,91.1,101,82,408.9,418,399,0.0862,0.04
5046,47,0.0,0,0,86.4,96,78,413.6,422,404,0.0862,0.04
5047,48,0.0,0,0,83.3,91,73,416.7,427,409,0.0862,0.04
5048,49,0.0,0,0,80.6,90,71,419.4,429,410,0.0862,0.04
5049,50,0.0,0,0,77.6,87,68,422.4,432,413,0.0862,0.04
5050,51,0.0,0,0,73.9,83,63,426.1,437,417,0.0862,0.04
5051,52,0.0,0,0,71.6,81,63,428.4,437,419,0.0862,0.04
5052,53,0.0,0,0,69.0,79,58,431.0,442,421,0.0862,0.04
5053,54,0.0,0,0,65.9,78,53,434.1,447,422,0.0862,0.04
5054,55,0.0,0,0,64.0,77,52,436.0,448,423,0.0862,0.04
5055,56,0.0,0,0,61.0,76,51,439.0,449,424,0.0862,0.04
5056,57,0.0,0,0,58.7,72,48,441.3,452,428,0.0862,0.04
5057,58,0.0,0,0,56.2,71,46,443.8,454,429,0.0862,0.04
5058,59,0.0,0,0,53.2,67,43,446.8,457,433,0.0862,0.04
5059,60,0.0,0,0,50.9,63,41,449.1,459,437,0.0862,0.04
5060,61,0.0,0,0,48.2,60,40,451.8,460,440,0.0862,0.04
5061,62,0.0,0,0,46.4,59,37,453.6,463,441,0.0862,0.04
5062,63,0.0,0,0,44.3,59,37,455.7,463,441,0.0862,0.04
5063,64,0.0,0,0,42.7,56,35,457.3,465,444,0.0862,0.04
5064,65,0.0,0,0,40.9,54,35,459.1,465,446,0.0862,0.04
5065,66,0.0,0,0,40.0,53,32,460.0,468,447,0.0862,0.04
5066,67,0.0,0,0,38.4,53,30,461.6,470,447,0.0862,0.04
5067,68,0.0,0,0,37.4,53,30,462.6,470,447,0.0862,0.04
5068,69,0.0,0,0,35.9,49,29,464.1,471,451,0.0862,0.04
5069,70,0.0,0,0,34.4,46,29,465.6,471,454,0.0862,0.04
5070,71,0.0,0,0,33.2,44,28,466.8,472,456,0.0862,0.04
5071,72,0.0,0,0,31.5,43,27,468.5,473,457,0.0862,0.04
5072,73,0.0,0,0,30.2,42,25,469.8,475,458,0.0862,0.04
5073,74,0.0,0,0,29.4,41,24,470.6,476,459,0.0862,0.04
5074,75,0.0,0,0,28.2,40,23,471.8,477,460,0.0862,0.04
5075,76,0.0,0,0,27.6,40,21,472.4,479,460,0.0862,0.04
5076,77,0.0,0,0,25.9,37,19,474.1,481,463,0.0862,0.04
5077,78,0.0,0,0,24.7,37,16,475.3,484,463,0.0862,0.04
5078,79,0.0,0,0,23.4,35,15,476.6,485,465,0.0862,0.04
5079,80,0.0,0,0,22.2,34,15,477.8,485,466,0.0862,0.04
5080,81,0.0,0,0,21.6,33,15,478.4,485,467,0.0862,0.04
5081,82,0.0,0,0,20.4,32,15,479.6,485,468,0.0862,0.04
5082,83,0.0,0,0,19.8,30,15,480.2,485,470,0.0862,0.04
5083,84,0.0,0,0,19.0,30,14,481.0,486,470,0.0862,0.04
5084,85,0.0,0,0,18.1,28,12,481.9,488,472,0.0862,0.04
5085,86,0.0,0,0,17.3,26,12,482.7,488,474,0.0862,0.04
5086,87,0.0,0,0,16.7,25,12,483.3,488,475,0.0862,0.04
5087,88,0.0,0,0,15.8,23,11,484.2,489,477,0.0862,0.04
5088,89,0.0,0,0,15.4,23,10,484.6,490,477,0.0862,0.04
5089,90,0.0,0,0,14.9,23,10,485.1,490,477,0.0862,0.04
5090,91,0.0,0,0,14.3,23,10,485.7,490,477,0.0862,0.04
5091,92,0.0,0,0,13.6,22,9,486.4,491,478,0.0862,0.04
5092,93,0.0,0,0,13.4,21,8,486.6,492,479,0.0862,0.04
5093,94,0.0,0,0,12.9,20,8,487.1,492,480,0.0862,0.04
5094,95,0.0,0,0,12.6,19,8,487.4,492,481,0.0862,0.04
5095,96,0.0,0,0,12.0,18,8,488.0,492,482,0.0862,0.04
5096,97,0.0,0,0,11.6,17,8,488.4,492,483,0.0862,0.04
5097,98,0.0,0,0,10.8,15,7,489.2,493,485,0.0862,0.04
5098,99,0.0,0,0,10.6,15,7,489.4,493,485,0.0862,0.04
5099,100,0.0,0,0,10.3,15,7,489.7,493,485,0.0862,0.04
5100,101,0.0,0,0,9.7,15,6,490.3,494,485,0.0862,0.04
5101,102,0.0,0,0,9.6,15,6,490.4,494,485,0.0862,0.04
5102,103,0.0,0,0,9.3,15,5,490.7,495,485,0.0862,0.04
5103,104,0.0,0,0,8.7,13,5,491.3,495,487,0.0862,0.04
5104,105,0.0,0,0,8.3,13,5,491.7,495,487,0.0862,0.04
5105,106,0.0,0,0,8.2,13,5,491.8,495,487,0.0862,0.04
5106,107,0.0,0,0,7.8,13,5,492.2,495,487,0.0862,0.04
5107,108,0.0,0,0,7.4,13,4,492.6,496,487,0.0862,0.04
5108,109,0.0,0,0,6.8,11,4,493.2,496,489,0.0862,0.04
5109,110,0.0,0,0,6.6,10,4,493.4,496,490,0.0862,0.04
5110,111,0.0,0,0,6.3,9,4,493.7,496,491,0.0862,0.04
5111,112,0.0,0,0,6.1,8,4,493.9,496,492,0.0862,0.04
5112,113,0.0,0,0,5.9,8,3,494.1,497,492,0.0862,0.04
5113,114,0.0,0,0,5.7,8,3,494.3,497,492,0.0862,0.04
5114,115,0.0,0,0,5.4,8,2,494.6,498,492,0.0862,0.04
5115,116,0.0,0,0,5.4,8,2,494.6,498,492,0.0862,0.04
5116,117,0.0,0,0,5.0,8,2,495.0,498,492,0.0862,0.04
5117,118,0.0,0,0,4.9,8,2,495.1,498,492,0.0862,0.04
5118,119,0.0,0,0,4.5,7,2,495.5,498,493,0.0862,0.04
5119,120,0.0,0,0,4.3,7,2,495.7,498,493,0.0862,0.04
5120,121,0.0,0,0,4.2,6,2,495.8,498,494,0.0862,0.04
5121,122,0.0,0,0,3.9,6,2,496.1,498,494,0.0862,0.04
5122,123,0.0,0,0,3.7,6,2,496.3,498,494,0.0862,0.04
5123,124,0.0,0,0,3.5,6,2,496.5,498,494,0.0862,0.04
5124,125,0.0,0,0,3.5,6,2,496.5,498,494,0.0862,0.04
5125,126,0.0,0,0,3.3,6,1,496.7,499,494,0.0862,0.04
5126,127,0.0,0,0,3.3,6,1,496.7,499,494,0.0862,0.04
5127,128,0.0,0,0,3.3,6,1,496.7,499,494,0.0862,0.04
5128,129,0.0,0,0,3.3,6,1,496.7,499,494,0.0862,0.04
5129,130,0.0,0,0,3.1,6,0,496.9,500,494,0.0862,0.04
5130,131,0.0,0,0,2.9,5,0,497.1,500,495,0.0862,0.04
5131,132,0.0,0,0,2.6,5,0,497.4,500,495,0.0862,0.04
5132,133,0.0,0,0,2.5,5,0,497.5,500,495,0.0862,0.04
5133,134,0.0,0,0,2.3,5,0,497.7,500,495,0.0862,0.04
5134,135,0.0,0,0,2.3,5,0,497.7,500,495,0.0862,0.04
5135,136,0.0,0,0,2.1,5,0,497.9,500,495,0.0862,0.04
5136,137,0.0,0,0,2.0,5,0,498.0,500,495,0.0862,0.04
5137,138,0.0,0,0,2.0,5,0,498.0,500,495,0.0862,0.04
5138,139,0.0,0,0,2.0,5,0,498.0,500,495,0.0862,0.04
5139,140,0.0,0,0,2.0,5,0,498.0,500,495,0.0862,0.04
5140,141,0.0,0,0,2.0,5,0,498.0,500,495,0.0862,0.04
5141,142,0.0,0,0,1.9,5,0,498.1,500,495,0.0862,0.04
5142,143,0.0,0,0,1.9,5,0,498.1,500,495,0.0862,0.04
5143,144,0.0,0,0,1.9,5,0,498.1,500,495,0.0862,0.04
5144,145,0.0,0,0,1.8,5,0,498.2,500,495,0.0862,0.04
5145,146,0.0,0,0,1.7,5,0,498.3,500,495,0.0862,0.04
5146,147,0.0,0,0,1.6,5,0,498.4,500,495,0.0862,0.04
5147,148,0.0,0,0,1.4,4,0,498.6,500,496,0.0862,0.04
5148,149,0.0,0,0,1.3,4,0,498.7,500,496,0.0862,0.04
5149,150,0.0,0,0,1.3,4,0,498.7,500,496,0.0862,0.04
5150,151,0.0,0,0,1.2,4,0,498.8,500,496,0.0862,0.04
5151,152,0.0,0,0,1.2,4,0,498.8,500,496,0.0862,0.04
5152,153,0.0,0,0,1.1,4,0,498.9,500,496,0.0862,0.04
5153,154,0.0,0,0,0.8,4,0,499.2,500,496,0.0862,0.04
5154,155,0.0,0,0,0.8,4,0,499.2,500,496,0.0862,0.04
5155,156,0.0,0,0,0.8,4,0,499.2,500,496,0.0862,0.04
5156,157,0.0,0,0,0.8,4,0,499.2,500,496,0.0862,0.04
5157,158,0.0,0,0,0.8,4,0,499.2,500,496,0.0862,0.04
5158,159,0.0,0,0,0.7,3,0,499.3,500,497,0.0862,0.04
5159,160,0.0,0,0,0.7,3,0,499.3,500,497,0.0862,0.04
5160,161,0.0,0,0,0.7,3,0,499.3,500,497,0.0862,0.04
5161,162,0.0,0,0,0.7,3,0,499.3,500,497,0.0862,0.04
5162,163,0.0,0,0,0.7,3,0,499.3,500,497,0.0862,0.04
5163,164,0.0,0,0,0.6,2,0,499.4,500,498,0.0862,0.04
5164,165,0.0,0,0,0.6,2,0,499.4,500,498,0.0862,0.04
5165,166,0.0,0,0,0.6,2,0,499.4,500,498,0.0862,0.04
5166,167,0.0,0,0,0.5,2,0,499.5,500,498,0.0862,0.04
5167,168,0.0,0,0,0.4,2,0,499.6,500,498,0.0862,0.04
5168,169,0.0,0,0,0.3,1,0,499.7,500,499,0.0862,0.04
5169,170,0.0,0,0,0.3,1,0,499.7,500,499,0.0862,0.04
5170,171,0.0,0,0,0.3,1,0,499.7,500,499,0.0862,0.04
5171,172,0.0,0,0,0.3,1,0,499.7,500,499,0.0862,0.04
5172,173,0.0,0,0,0.3,1,0,499.7,500,499,0.0862,0.04
5173,174,0.0,0,0,0.3,1,0,499.7,500,499,0.0862,0.04
5174,175,0.0,0,0,0.3,1,0,499.7,500,499,0.0862,0.04
5175,176,0.0,0,0,0.3,1,0,499.7,500,499,0.0862,0.04
5176,177,0.0,0,0,0.3,1,0,499.7,500,499,0.0862,0.04
5177,178,0.0,0,0,0.3,1,0,499.7,500,499,0.0862,0.04
5178,179,0.0,0,0,0.3,1,0,499.7,500,499,0.0862,0.04
5179,180,0.0,0,0,0.3,1,0,499.7,500,499,0.0862,0.04
5180,181,0.0,0,0,0.3,1,0,499.7,500,499,0.0862,0.04
5181,182,0.0,0,0,0.3,1,0,499.7,500,499,0.0862,0.04
5182,183,0.0,0,0,0.3,1,0,499.7,500,499,0.0862,0.04
5183,184,0.0,0,0,0.3,1,0,499.7,500,499,0.0862,0.04
5184,185,0.0,0,0,0.3,1,0,499.7,500,499,0.0862,0.04
5185,186,0.0,0,0,0.3,1,0,499.7,500,499,0.0862,0.04
5186,187,0.0,0,0,0.3,1,0,499.7,500,499,0.0862,0.04
5187,188,0.0,0,0,0.2,1,0,499.8,500,499,0.0862,0.04
5188,189,0.0,0,0,0.2,1,0,499.8,500,499,0.0862,0.04
5189,190,0.0,0,0,0.1,1,0,499.9,500,499,0.0862,0.04
5190,191,0.0,0,0,0.1,1,0,499.9,500,499,0.0862,0.04
5191,192,0.0,0,0,0.1,1,0,499.9,500,499,0.0862,0.04
5192,193,0.0,0,0,0.1,1,0,499.9,500,499,0.0862,0.04
5193,194,0.0,0,0,0.1,1,0,499.9,500,499,0.0862,0.04
5194,195,0.0,0,0,0.1,1,0,499.9,500,499,0.0862,0.04
5195,196,0.0,0,0,0.1,1,0,499.9,500,499,0.0862,0.04
5196,197,0.0,0,0,0.1,1,0,499.9,500,499,0.0862,0.04
5197,198,0.0,0,0,0.1,1,0,499.9,500,499,0.0862,0.04
5198,199,0.0,0,0,0.1,1,0,499.9,500,499,0.0862,0.04
5199,200,0.0,0,0,0.1,1,0,499.9,500,499,0.0862,0.04
5200,1,496.7,499,494,3.0,5,1,0.3,1,0,0.0897,0.04
5201,2,489.7,498,482,9.7,17,1,0.6,2,0,0.0897,0.04
5202,3,468.9,497,445,28.9,52,1,2.2,5,0,0.0897,0.04
5203,4,416.3,495,352,78.8,139,3,4.9,9,0,0.0897,0.04
5204,5,310.0,488,186,176.8,291,10,13.2,23,0,0.0897,0.04
5205,6,185.0,470,48,289.4,417,27,25.6,47,3,0.0897,0.04
5206,7,99.7,423,10,358.1,436,69,42.2,69,8,0.0897,0.04
5207,8,51.6,302,2,390.0,437,180,58.4,90,18,0.0897,0.04
5208,9,19.1,145,0,408.0,431,321,72.9,107,34,0.0897,0.04
5209,10,4.8,35,0,407.6,430,375,87.6,125,42,0.0897,0.04
5210,11,1.0,7,0,394.6,428,362,104.4,138,65,0.0897,0.04
5211,12,0.2,2,0,379.7,411,351,120.1,149,87,0.0897,0.04
5212,13,0.2,2,0,364.1,400,341,135.7,159,100,0.0897,0.04
5213,14,0.1,1,0,350.2,384,329,149.7,171,116,0.0897,0.04
5214,15,0.1,1,0,335.6,367,313,164.3,187,133,0.0897,0.04
5215,16,0.0,0,0,323.3,356,303,176.7,197,144,0.0897,0.04
5216,17,0.0,0,0,311.4,346,290,188.6,210,154,0.0897,0.04
5217,18,0.0,0,0,298.5,336,276,201.5,224,164,0.0897,0.04
5218,19,0.0,0,0,287.7,329,270,212.3,230,171,0.0897,0.04
5219,20,0.0,0,0,275.6,311,261,224.4,239,189,0.0897,0.04
5220,21,0.0,0,0,265.1,295,251,234.9,249,205,0.0897,0.04
5221,22,0.0,0,0,253.6,287,240,246.4,260,213,0.0897,0.04
5222,23,0.0,0,0,241.6,269,224,258.4,276,231,0.0897,0.04
5223,24,0.0,0,0,232.1,260,212,267.9,288,240,0.0897,0.04
5224,25,0.0,0,0,224.3,249,209,275.7,291,251,0.0897,0.04
5225,26,0.0,0,0,214.3,241,200,285.7,300,259,0.0897,0.04
5226,27,0.0,0,0,206.5,236,195,293.5,305,264,0.0897,0.04
5227,28,0.0,0,0,197.5,223,184,302.5,316,277,0.0897,0.04
5228,29,0.0,0,0,187.1,214,170,312.9,330,286,0.0897,0.04
5229,30,0.0,0,0,179.8,205,159,320.2,341,295,0.0897,0.04
5230,31,0.0,0,0,173.0,196,153,327.0,347,304,0.0897,0.04
5231,32,0.0,0,0,165.6,187,149,334.4,351,313,0.0897,0.04
5232,33,0.0,0,0,159.8,180,146,340.2,354,320,0.0897,0.04
5233,34,0.0,0,0,154.0,172,138,346.0,362,328,0.0897,0.04
5234,35,0.0,0,0,147.6,163,133,352.4,367,337,0.0897,0.04
5235,36,0.0,0,0,140.2,156,128,359.8,372,344,0.0897,0.04
5236,37,0.0,0,0,133.5,148,120,366.5,380,352,0.0897,0.04
5237,38,0.0,0,0,128.4,144,115,371.6,385,356,0.0897,0.04
5238,39,0.0,0,0,123.0,141,106,377.0,394,359,0.0897,0.04
5239,40,0.0,0,0,117.8,133,102,382.2,398,367,0.0897,0.04
5240,41,0.0,0,0,113.4,130,99,386.6,401,370,0.0897,0.04
5241,42,0.0,0,0,108.1,124,97,391.9,403,376,0.0897,0.04
5242,43,0.0,0,0,102.9,113,90,397.1,410,387,0.0897,0.04
5243,44,0.0,0,0,99.1,111,86,400.9,414,389,0.0897,0.04
5244,45,0.0,0,0,93.9,105,82,406.1,418,395,0.0897,0.04
5245,46,0.0,0,0,90.7,102,78,409.3,422,398,0.0897,0.04
5246,47,0.0,0,0,87.0,95,76,413.0,424,405,0.0897,0.04
5247,48,0.0,0,0,83.2,93,69,416.8,431,407,0.0897,0.04
5248,49,0.0,0,0,80.3,89,67,419.7,433,411,0.0897,0.04
5249,50,0.0,0,0,77.4,87,66,422.6,434,413,0.0897,0.04
5250,51,0.0,0,0,73.9,82,63,426.1,437,418,0.0897,0.04
5251,52,0.0,0,0,71.0,79,60,429.0,440,421,0.0897,0.04
5252,53,0.0,0,0,68.1,77,58,431.9,442,423,0.0897,0.04
5253,54,0.0,0,0,65.3,71,57,434.7,443,429,0.0897,0.04
5254,55,0.0,0,0,62.5,68,55,437.5,445,432,0.0897,0.04
5255,56,0.0,0,0,60.1,66,52,439.9,448,434,0.0897,0.04
5256,57,0.0,0,0,58.1,64,51,441.9,449,436,0.0897,0.04
5257,58,0.0,0,0,54.4,61,44,445.6,456,439,0.0897,0.04
5258,59,0.0,0,0,52.1,60,43,447.9,457,440,0.0897,0.04
5259,60,0.0,0,0,49.6,58,42,450.4,458,442,0.0897,0.04
5260,61,0.0,0,0,47.7,56,42,452.3,458,444,0.0897,0.04
5261,62,0.0,0,0,45.8,54,38,454.2,462,446,0.0897,0.04
5262,63,0.0,0,0,44.3,54,34,455.7,466,446,0.0897,0.04
5263,64,0.0,0,0,42.4,53,32,457.6,468,447,0.0897,0.04
5264,65,0.0,0,0,40.6,48,31,459.4,469,452,0.0897,0.04
5265,66,0.0,0,0,38.2,46,28,461.8,472,454,0.0897,0.04
5266,67,0.0,0,0,37.2,46,28,462.8,472,454,0.0897,0.04
5267,68,0.0,0,0,35.6,43,27,464.4,473,457,0.0897,0.04
5268,69,0.0,0,0,34.1,43,25,465.9,475,457,0.0897,0.04
5269,70,0.0,0,0,31.9,39,25,468.1,475,461,0.0897,0.04
5270,71,0.0,0,0,30.8,38,23,469.2,477,462,0.0897,0.04
5271,72,0.0,0,0,29.5,36,23,470.5,477,464,0.0897,0.04
5272,73,0.0,0,0,28.6,35,22,471.4,478,465,0.0897,0.04
5273,74,0.0,0,0,27.5,35,22,472.5,478,465,0.0897,0.04
5274,75,0.0,0,0,25.9,35,19,474.1,481,465,0.0897,0.04
5275,76,0.0,0,0,24.7,34,17,475.3,483,466,0.0897,0.04
5276,77,0.0,0,0,23.9,34,17,476.1,483,466,0.0897,0.04
5277,78,0.0,0,0,23.1,31,17,476.9,483,469,0.0897,0.04
5278,79,0.0,0,0,21.8,28,17,478.2,483,472,0.0897,0.04
5279,80,0.0,0,0,20.6,27,16,479.4,484,473,0.0897,0.04
5280,81,0.0,0,0,19.6,26,14,480.4,486,474,0.0897,0.04
5281,82,0.0,0,0,18.6,25,14,481.4,486,475,0.0897,0.04
5282,83,0.0,0,0,17.4,23,12,482.6,488,477,0.0897,0.04
5283,84,0.0,0,0,16.6,22,11,483.4,489,478,0.0897,0.04
5284,85,0.0,0,0,16.0,22,11,484.0,489,478,0.0897,0.04
5285,86,0.0,0,0,15.6,21,11,484.4,489,479,0.0897,0.04
5286,87,0.0,0,0,14.8,20,10,485.2,490,480,0.0897,0.04
5287,88,0.0,0,0,14.3,20,9,485.7,491,480,0.0897,0.04
5288,89,0.0,0,0,13.8,20,8,486.2,492,480,0.0897,0.04
5289,90,0.0,0,0,13.4,20,7,486.6,493,480,0.0897,0.04
5290,91,0.0,0,0,12.6,19,7,487.4,493,481,0.0897,0.04
5291,92,0.0,0,0,11.9,18,5,488.1,495,482,0.0897,0.04
5292,93,0.0,0,0,11.3,17,5,488.7,495,483,0.0897,0.04
5293,94,0.0,0,0,11.0,17,5,489.0,495,483,0.0897,0.04
5294,95,0.0,0,0,10.7,16,5,489.3,495,484,0.0897,0.04
5295,96,0.0,0,0,10.1,15,5,489.9,495,485,0.0897,0.04
5296,97,0.0,0,0,9.7,13,5,490.3,495,487,0.0897,0.04
5297,98,0.0,0,0,9.1,13,4,490.9,496,487,0.0897,0.04
5298,99,0.0,0,0,8.4,13,3,491.6,497,487,0.0897,0.04
5299,100,0.0,0,0,7.7,12,2,492.3,498,488,0.0897,0.04
5300,101,0.0,0,0,7.6,11,2,492.4,498,489,0.0897,0.04
5301,102,0.0,0,0,7.1,11,2,492.9,498,489,0.0897,0.04
5302,103,0.0,0,0,6.9,9,2,493.1,498,491,0.0897,0.04
5303,104,0.0,0,0,6.5,9,2,493.5,498,491,0.0897,0.04
5304,105,0.0,0,0,6.3,8,2,493.7,498,492,0.0897,0.04
5305,106,0.0,0,0,6.0,8,2,494.0,498,492,0.0897,0.04
5306,107,0.0,0,0,5.7,8,2,494.3,498,492,0.0897,0.04
5307,108,0.0,0,0,5.5,8,2,494.5,498,492,0.0897,0.04
5308,109,0.0,0,0,5.5,8,2,494.5,498,492,0.0897,0.04
5309,110,0.0,0,0,5.3,8,2,494.7,498,492,0.0897,0.04
5310,111,0.0,0,0,4.9,8,2,495.1,498,492,0.0897,0.04
5311,112,0.0,0,0,4.7,8,2,495.3,498,492,0.0897,0.04
5312,113,0.0,0,0,4.5,8,1,495.5,499,492,0.0897,0.04
5313,114,0.0,0,0,4.2,7,0,495.8,500,493,0.0897,0.04
5314,115,0.0,0,0,4.1,7,0,495.9,500,493,0.0897,0.04
5315,116,0.0,0,0,4.1,7,0,495.9,500,493,0.0897,0.04
5316,117,0.0,0,0,4.1,7,0,495.9,500,493,0.0897,0.04
5317,118,0.0,0,0,3.9,7,0,496.1,500,493,0.0897,0.04
5318,119,0.0,0,0,3.7,7,0,496.3,500,493,0.0897,0.04
5319,120,0.0,0,0,3.2,6,0,496.8,500,494,0.0897,0.04
5320,121,0.0,0,0,3.2,6,0,496.8,500,494,0.0897,0.04
5321,122,0.0,0,0,3.0,6,0,497.0,500,494,0.0897,0.04
5322,123,0.0,0,0,2.9,6,0,497.1,500,494,0.0897,0.04
5323,124,0.0,0,0,2.5,5,0,497.5,500,495,0.0897,0.04
5324,125,0.0,0,0,2.4,5,0,497.6,500,495,0.0897,0.04
5325,126,0.0,0,0,2.4,5,0,497.6,500,495,0.0897,0.04
5326,127,0.0,0,0,2.4,5,0,497.6,500,495,0.0897,0.04
5327,128,0.0,0,0,2.2,5,0,497.8,500,495,0.0897,0.04
5328,129,0.0,0,0,2.2,5,0,497.8,500,495,0.0897,0.04
5329,130,0.0,0,0,2.1,5,0,497.9,500,495,0.0897,0.04
5330,131,0.0,0,0,2.1,5,0,497.9,500,495,0.0897,0.04
5331,132,0.0,0,0,2.1,5,0,497.9,500,495,0.0897,0.04
5332,133,0.0,0,0,2.0,5,0,498.0,500,495,0.0897,0.04
5333,134,0.0,0,0,1.8,5,0,498.2,500,495,0.0897,0.04
5334,135,0.0,0,0,1.8,5,0,498.2,500,495,0.0897,0.04
5335,136,0.0,0,0,1.7,4,0,498.3,500,496,0.0897,0.04
5336,137,0.0,0,0,1.7,4,0,498.3,500,496,0.0897,0.04
5337,138,0.0,0,0,1.7,4,0,498.3,500,496,0.0897,0.04
5338,139,0.0,0,0,1.6,4,0,498.4,500,496,0.0897,0.04
5339,140,0.0,0,0,1.5,3,0,498.5,500,497,0.0897,0.04
5340,141,0.0,0,0,1.5,3,0,498.5,500,497,0.0897,0.04
5341,142,0.0,0,0,1.5,3,0,498.5,500,497,0.0897,0.04
5342,143,0.0,0,0,1.3,3,0,498.7,500,497,0.0897,0.04
5343,144,0.0,0,0,1.2,3,0,498.8,500,497,0.0897,0.04
5344,145,0.0,0,0,1.1,3,0,498.9,500,497,0.0897,0.04
5345,146,0.0,0,0,1.1,3,0,498.9,500,497,0.0897,0.04
5346,147,0.0,0,0,1.1,3,0,498.9,500,497,0.0897,0.04
5347,148,0.0,0,0,0.9,2,0,499.1,500,498,0.0897,0.04
5348,149,0.0,0,0,0.9,2,0,499.1,500,498,0.0897,0.04
5349,150,0.0,0,0,0.9,2,0,499.1,500,498,0.0897,0.04
5350,151,0.0,0,0,0.9,2,0,499.1,500,498,0.0897,0.04
5351,152,0.0,0,0,0.9,2,0,499.1,500,498,0.0897,0.04
5352,153,0.0,0,0,0.9,2,0,499.1,500,498,0.0897,0.04
5353,154,0.0,0,0,0.9,2,0,499.1,500,498,0.0897,0.04
5354,155,0.0,0,0,0.9,2,0,499.1,500,498,0.0897,0.04
5355,156,0.0,0,0,0.8,2,0,499.2,500,498,0.0897,0.04
5356,157,0.0,0,0,0.8,2,0,499.2,500,498,0.0897,0.04
5357,158,0.0,0,0,0.8,2,0,499.2,500,498,0.0897,0.04
5358,159,0.0,0,0,0.8,2,0,499.2,500,498,0.0897,0.04
5359,160,0.0,0,0,0.8,2,0,499.2,500,498,0.0897,0.04
5360,161,0.0,0,0,0.8,2,0,499.2,500,498,0.0897,0.04
5361,162,0.0,0,0,0.8,2,0,499.2,500,498,0.0897,0.04
5362,163,0.0,0,0,0.8,2,0,499.2,500,498,0.0897,0.04
5363,164,0.0,0,0,0.8,2,0,499.2,500,498,0.0897,0.04
5364,165,0.0,0,0,0.8,2,0,499.2,500,498,0.0897,0.04
5365,166,0.0,0,0,0.7,2,0,499.3,500,498,0.0897,0.04
5366,167,0.0,0,0,0.7,2,0,499.3,500,498,0.0897,0.04
5367,168,0.0,0,0,0.7,2,0,499.3,500,498,0.0897,0.04
5368,169,0.0,0,0,0.6,2,0,499.4,500,498,0.0897,0.04
5369,170,0.0,0,0,0.6,2,0,499.4,500,498,0.0897,0.04
5370,171,0.0,0,0,0.5,2,0,499.5,500,498,0.0897,0.04
5371,172,0.0,0,0,0.5,2,0,499.5,500,498,0.0897,0.04
5372,173,0.0,0,0,0.5,2,0,499.5,500,498,0.0897,0.04
5373,174,0.0,0,0,0.5,2,0,499.5,500,498,0.0897,0.04
5374,175,0.0,0,0,0.5,2,0,499.5,500,498,0.0897,0.04
5375,176,0.0,0,0,0.5,2,0,499.5,500,498,0.0897,0.04
5376,177,0.0,0,0,0.5,2,0,499.5,500,498,0.0897,0.04
5377,178,0.0,0,0,0.4,2,0,499.6,500,498,0.0897,0.04
5378,179,0.0,0,0,0.4,2,0,499.6,500,498,0.0897,0.04
5379,180,0.0,0,0,0.4,2,0,499.6,500,498,0.0897,0.04
5380,181,0.0,0,0,0.4,2,0,499.6,500,498,0.0897,0.04
5381,182,0.0,0,0,0.4,2,0,499.6,500,498,0.0897,0.04
5382,183,0.0,0,0,0.4,2,0,499.6,500,498,0.0897,0.04
5383,184,0.0,0,0,0.4,2,0,499.6,500,498,0.0897,0.04
5384,185,0.0,0,0,0.3,2,0,499.7,500,498,0.0897,0.04
5385,186,0.0,0,0,0.3,2,0,499.7,500,498,0.0897,0.04
5386,187,0.0,0,0,0.2,1,0,499.8,500,499,0.0897,0.04
5387,188,0.0,0,0,0.2,1,0,499.8,500,499,0.0897,0.04
5388,189,0.0,0,0,0.2,1,0,499.8,500,499,0.0897,0.04
5389,190,0.0,0,0,0.2,1,0,499.8,500,499,0.0897,0.04
5390,191,0.0,0,0,0.1,1,0,499.9,500,499,0.0897,0.04
5391,192,0.0,0,0,0.1,1,0,499.9,500,499,0.0897,0.04
5392,193,0.0,0,0,0.1,1,0,499.9,500,499,0.0897,0.04
5393,194,0.0,0,0,0.1,1,0,499.9,500,499,0.0897,0.04
5394,195,0.0,0,0,0.1,1,0,499.9,500,499,0.0897,0.04
5395,196,0.0,0,0,0.1,1,0,499.9,500,499,0.0897,0.04
5396,197,0.0,0,0,0.1,1,0,499.9,500,499,0.0897,0.04
5397,198,0.0,0,0,0.0,0,0,500.0,500,500,0.0897,0.04
5398,199,0.0,0,0,0.0,0,0,500.0,500,500,0.0897,0.04
5399,200,0.0,0,0,0.0,0,0,500.0,500,500,0.0897,0.04
5400,1,496.3,498,493,3.6,6,2,0.1,1,0,0.0931,0.04
5401,2,487.0,494,476,12.4,22,6,0.6,2,0,0.0931,0.04
5402,3,457.6,481,428,39.6,67,19,2.8,7,0,0.0931,0.04
5403,4,384.0,442,318,108.0,169,53,8.0,15,2,0.0931,0.04
5404,5,243.9,351,154,235.9,323,134,20.2,31,10,0.0931,0.04
5405,6,93.5,183,40,370.3,416,292,36.2,46,22,0.0931,0.04
5406,7,22.1,59,8,426.4,434,401,51.5,66,34,0.0931,0.04
5407,8,3.9,14,0,427.3,442,421,68.8,78,52,0.0931,0.04
5408,9,0.9,3,0,413.2,433,403,85.9,97,67,0.0931,0.04
5409,10,0.1,1,0,397.9,420,387,102.0,113,80,0.0931,0.04
5410,11,0.0,0,0,381.9,401,370,118.1,130,99,0.0931,0.04
5411,12,0.0,0,0,366.7,388,353,133.3,147,112,0.0931,0.04
5412,13,0.0,0,0,350.2,367,338,149.8,162,133,0.0931,0.04
5413,14,0.0,0,0,336.1,350,324,163.9,176,150,0.0931,0.04
5414,15,0.0,0,0,322.1,335,309,177.9,191,165,0.0931,0.04
5415,16,0.0,0,0,308.6,322,291,191.4,209,178,0.0931,0.04
5416,17,0.0,0,0,295.4,310,277,204.6,223,190,0.0931,0.04
5417,18,0.0,0,0,283.4,300,261,216.6,239,200,0.0931,0.04
5418,19,0.0,0,0,271.2,290,252,228.8,248,210,0.0931,0.04
5419,20,0.0,0,0,259.5,276,242,240.5,258,224,0.0931,0.04
5420,21,0.0,0,0,248.9,263,227,251.1,273,237,0.0931,0.04
5421,22,0.0,0,0,238.8,254,216,261.2,284,246,0.0931,0.04
5422,23,0.0,0,0,228.2,244,205,271.8,295,256,0.0931,0.04
5423,24,0.0,0,0,218.5,236,196,281.5,304,264,0.0931,0.04
5424,25,0.0,0,0,209.6,232,190,290.4,310,268,0.0931,0.04
5425,26,0.0,0,0,202.2,226,183,297.8,317,274,0.0931,0.04
5426,27,0.0,0,0,193.6,215,178,306.4,322,285,0.0931,0.04
5427,28,0.0,0,0,186.4,207,173,313.6,327,293,0.0931,0.04
5428,29,0.0,0,0,179.1,198,168,320.9,332,302,0.0931,0.04
5429,30,0.0,0,0,170.5,188,162,329.5,338,312,0.0931,0.04
5430,31,0.0,0,0,164.1,180,156,335.9,344,320,0.0931,0.04
5431,32,0.0,0,0,157.5,172,145,342.5,355,328,0.0931,0.04
5432,33,0.0,0,0,151.0,165,138,349.0,362,335,0.0931,0.04
5433,34,0.0,0,0,144.7,160,130,355.3,370,340,0.0931,0.04
5434,35,0.0,0,0,137.4,152,126,362.6,374,348,0.0931,0.04
5435,36,0.0,0,0,131.9,148,118,368.1,382,352,0.0931,0.04
5436,37,0.0,0,0,126.7,143,114,373.3,386,357,0.0931,0.04
5437,38,0.0,0,0,121.4,140,110,378.6,390,360,0.0931,0.04
5438,39,0.0,0,0,116.5,137,105,383.5,395,363,0.0931,0.04
5439,40,0.0,0,0,111.3,133,97,388.7,403,367,0.0931,0.04
5440,41,0.0,0,0,106.8,129,91,393.2,409,371,0.0931,0.04
5441,42,0.0,0,0,103.2,124,85,396.8,415,376,0.0931,0.04
5442,43,0.0,0,0,97.8,118,78,402.2,422,382,0.0931,0.04
5443,44,0.0,0,0,95.0,115,76,405.0,424,385,0.0931,0.04
5444,45,0.0,0,0,91.2,110,72,408.8,428,390,0.0931,0.04
5445,46,0.0,0,0,87.6,105,70,412.4,430,395,0.0931,0.04
5446,47,0.0,0,0,83.3,102,68,416.7,432,398,0.0931,0.04
5447,48,0.0,0,0,79.9,96,67,420.1,433,404,0.0931,0.04
5448,49,0.0,0,0,76.2,92,61,423.8,439,408,0.0931,0.04
5449,50,0.0,0,0,72.6,88,57,427.4,443,412,0.0931,0.04
5450,51,0.0,0,0,69.2,86,54,430.8,446,414,0.0931,0.04
5451,52,0.0,0,0,66.4,83,53,433.6,447,417,0.0931,0.04
5452,53,0.0,0,0,63.8,79,52,436.2,448,421,0.0931,0.04
5453,54,0.0,0,0,61.7,77,50,438.3,450,423,0.0931,0.04
5454,55,0.0,0,0,59.1,71,49,440.9,451,429,0.0931,0.04
5455,56,0.0,0,0,56.8,68,47,443.2,453,432,0.0931,0.04
5456,57,0.0,0,0,53.9,61,46,446.1,454,439,0.0931,0.04
5457,58,0.0,0,0,51.7,59,46,448.3,454,441,0.0931,0.04
5458,59,0.0,0,0,49.0,56,42,451.0,458,444,0.0931,0.04
5459,60,0.0,0,0,46.9,55,38,453.1,462,445,0.0931,0.04
5460,61,0.0,0,0,45.3,53,35,454.7,465,447,0.0931,0.04
5461,62,0.0,0,0,43.5,52,32,456.5,468,448,0.0931,0.04
5462,63,0.0,0,0,42.0,51,31,458.0,469,449,0.0931,0.04
5463,64,0.0,0,0,39.9,51,31,460.1,469,449,0.0931,0.04
5464,65,0.0,0,0,38.4,49,31,461.6,469,451,0.0931,0.04
5465,66,0.0,0,0,37.1,48,31,462.9,469,452,0.0931,0.04
5466,67,0.0,0,0,35.4,46,29,464.6,471,454,0.0931,0.04
5467,68,0.0,0,0,33.5,44,26,466.5,474,456,0.0931,0.04
5468,69,0.0,0,0,32.3,44,24,467.7,476,456,0.0931,0.04
5469,70,0.0,0,0,30.4,39,21,469.6,479,461,0.0931,0.04
5470,71,0.0,0,0,29.2,38,21,470.8,479,462,0.0931,0.04
5471,72,0.0,0,0,27.6,34,21,472.4,479,466,0.0931,0.04
5472,73,0.0,0,0,26.8,34,21,473.2,479,466,0.0931,0.04
5473,74,0.0,0,0,25.8,32,21,474.2,479,468,0.0931,0.04
5474,75,0.0,0,0,24.9,30,21,475.1,479,470,0.0931,0.04
5475,76,0.0,0,0,23.7,29,18,476.3,482,471,0.0931,0.04
5476,77,0.0,0,0,22.7,28,17,477.3,483,472,0.0931,0.04
5477,78,0.0,0,0,21.9,28,17,478.1,483,472,0.0931,0.04
5478,79,0.0,0,0,20.4,25,16,479.6,484,475,0.0931,0.04
5479,80,0.0,0,0,19.7,24,14,480.3,486,476,0.0931,0.04
5480,81,0.0,0,0,19.3,24,13,480.7,487,476,0.0931,0.04
5481,82,0.0,0,0,18.6,24,13,481.4,487,476,0.0931,0.04
5482,83,0.0,0,0,17.9,24,13,482.1,487,476,0.0931,0.04
5483,84,0.0,0,0,17.3,24,13,482.7,487,476,0.0931,0.04
5484,85,0.0,0,0,16.5,22,11,483.5,489,478,0.0931,0.04
5485,86,0.0,0,0,15.6,22,9,484.4,491,478,0.0931,0.04
5486,87,0.0,0,0,15.1,22,8,484.9,492,478,0.0931,0.04
5487,88,0.0,0,0,14.7,22,8,485.3,492,478,0.0931,0.04
5488,89,0.0,0,0,14.2,21,8,485.8,492,479,0.0931,0.04
5489,90,0.0,0,0,13.5,20,6,486.5,494,480,0.0931,0.04
5490,91,0.0,0,0,13.3,20,5,486.7,495,480,0.0931,0.04
5491,92,0.0,0,0,12.6,19,5,487.4,495,481,0.0931,0.04
5492,93,0.0,0,0,11.7,18,4,488.3,496,482,0.0931,0.04
5493,94,0.0,0,0,11.0,18,4,489.0,496,482,0.0931,0.04
5494,95,0.0,0,0,10.4,16,4,489.6,496,484,0.0931,0.04
5495,96,0.0,0,0,10.2,15,4,489.8,496,485,0.0931,0.04
5496,97,0.0,0,0,10.1,14,4,489.9,496,486,0.0931,0.04
5497,98,0.0,0,0,9.7,14,4,490.3,496,486,0.0931,0.04
5498,99,0.0,0,0,9.5,14,4,490.5,496,486,0.0931,0.04
5499,100,0.0,0,0,9.1,14,3,490.9,497,486,0.0931,0.04
5500,101,0.0,0,0,8.9,14,3,491.1,497,486,0.0931,0.04
5501,102,0.0,0,0,8.5,13,3,491.5,497,487,0.0931,0.04
5502,103,0.0,0,0,8.0,13,3,492.0,497,487,0.0931,0.04
5503,104,0.0,0,0,7.8,13,2,492.2,498,487,0.0931,0.04
5504,105,0.0,0,0,7.5,13,2,492.5,498,487,0.0931,0.04
5505,106,0.0,0,0,7.3,13,2,492.7,498,487,0.0931,0.04
5506,107,0.0,0,0,7.1,13,2,492.9,498,487,0.0931,0.04
5507,108,0.0,0,0,6.8,13,2,493.2,498,487,0.0931,0.04
5508,109,0.0,0,0,6.5,13,2,493.5,498,487,0.0931,0.04
5509,110,0.0,0,0,6.3,13,2,493.7,498,487,0.0931,0.04
5510,111,0.0,0,0,5.9,12,2,494.1,498,488,0.0931,0.04
5511,112,0.0,0,0,5.6,11,2,494.4,498,489,0.0931,0.04
5512,113,0.0,0,0,5.0,10,2,495.0,498,490,0.0931,0.04
5513,114,0.0,0,0,5.0,10,2,495.0,498,490,0.0931,0.04
5514,115,0.0,0,0,4.9,10,2,495.1,498,490,0.0931,0.04
5515,116,0.0,0,0,4.9,10,2,495.1,498,490,0.0931,0.04
5516,117,0.0,0,0,4.4,9,1,495.6,499,491,0.0931,0.04
5517,118,0.0,0,0,4.1,9,1,495.9,499,491,0.0931,0.04
5518,119,0.0,0,0,3.8,8,1,496.2,499,492,0.0931,0.04
5519,120,0.0,0,0,3.7,8,1,496.3,499,492,0.0931,0.04
5520,121,0.0,0,0,3.7,8,1,496.3,499,492,0.0931,0.04
5521,122,0.0,0,0,3.5,7,1,496.5,499,493,0.0931,0.04
5522,123,0.0,0,0,3.4,7,1,496.6,499,493,0.0931,0.04
5523,124,0.0,0,0,3.3,7,1,496.7,499,493,0.0931,0.04
5524,125,0.0,0,0,2.8,7,1,497.2,499,493,0.0931,0.04
5525,126,0.0,0,0,2.8,7,1,497.2,499,493,0.0931,0.04
5526,127,0.0,0,0,2.8,7,1,497.2,499,493,0.0931,0.04
5527,128,0.0,0,0,2.7,7,0,497.3,500,493,0.0931,0.04
5528,129,0.0,0,0,2.5,7,0,497.5,500,493,0.0931,0.04
5529,130,0.0,0,0,2.3,5,0,497.7,500,495,0.0931,0.04
5530,131,0.0,0,0,2.3,5,0,497.7,500,495,0.0931,0.04
5531,132,0.0,0,0,2.1,5,0,497.9,500,495,0.0931,0.04
5532,133,0.0,0,0,1.9,5,0,498.1,500,495,0.0931,0.04
5533,134,0.0,0,0,1.7,5,0,498.3,500,495,0.0931,0.04
5534,135,0.0,0,0,1.7,5,0,498.3,500,495,0.0931,0.04
5535,136,0.0,0,0,1.6,5,0,498.4,500,495,0.0931,0.04
5536,137,0.0,0,0,1.5,5,0,498.5,500,495,0.0931,0.04
5537,138,0.0,0,0,1.5,5,0,498.5,500,495,0.0931,0.04
5538,139,0.0,0,0,1.5,5,0,498.5,500,495,0.0931,0.04
5539,140,0.0,0,0,1.4,4,0,498.6,500,496,0.0931,0.04
5540,141,0.0,0,0,1.4,4,0,498.6,500,496,0.0931,0.04
5541,142,0.0,0,0,1.4,4,0,498.6,500,496,0.0931,0.04
5542,143,0.0,0,0,1.3,3,0,498.7,500,497,0.0931,0.04
5543,144,0.0,0,0,1.3,3,0,498.7,500,497,0.0931,0.04
5544,145,0.0,0,0,1.1,2,0,498.9,500,498,0.0931,0.04
5545,146,0.0,0,0,1.1,2,0,498.9,500,498,0.0931,0.04
5546,147,0.0,0,0,1.1,2,0,498.9,500,498,0.0931,0.04
5547,148,0.0,0,0,0.9,2,0,499.1,500,498,0.0931,0.04
5548,149,0.0,0,0,0.7,1,0,499.3,500,499,0.0931,0.04
5549,150,0.0,0,0,0.3,1,0,499.7,500,499,0.0931,0.04
5550,151,0.0,0,0,0.3,1,0,499.7,500,499,0.0931,0.04
5551,152,0.0,0,0,0.3,1,0,499.7,500,499,0.0931,0.04
5552,153,0.0,0,0,0.3,1,0,499.7,500,499,0.0931,0.04
5553,154,0.0,0,0,0.3,1,0,499.7,500,499,0.0931,0.04
5554,155,0.0,0,0,0.2,1,0,499.8,500,499,0.0931,0.04
5555,156,0.0,0,0,0.2,1,0,499.8,500,499,0.0931,0.04
5556,157,0.0,0,0,0.2,1,0,499.8,500,499,0.0931,0.04
5557,158,0.0,0,0,0.2,1,0,499.8,500,499,0.0931,0.04
5558,159,0.0,0,0,0.2,1,0,499.8,500,499,0.0931,0.04
5559,160,0.0,0,0,0.2,1,0,499.8,500,499,0.0931,0.04
5560,161,0.0,0,0,0.2,1,0,499.8,500,499,0.0931,0.04
5561,162,0.0,0,0,0.2,1,0,499.8,500,499,0.0931,0.04
5562,163,0.0,0,0,0.2,1,0,499.8,500,499,0.0931,0.04
5563,164,0.0,0,0,0.2,1,0,499.8,500,499,0.0931,0.04
5564,165,0.0,0,0,0.2,1,0,499.8,500,499,0.0931,0.04
5565,166,0.0,0,0,0.2,1,0,499.8,500,499,0.0931,0.04
5566,167,0.0,0,0,0.2,1,0,499.8,500,499,0.0931,0.04
5567,168,0.0,0,0,0.2,1,0,499.8,500,499,0.0931,0.04
5568,169,0.0,0,0,0.2,1,0,499.8,500,499,0.0931,0.04
5569,170,0.0,0,0,0.2,1,0,499.8,500,499,0.0931,0.04
5570,171,0.0,0,0,0.2,1,0,499.8,500,499,0.0931,0.04
5571,172,0.0,0,0,0.1,1,0,499.9,500,499,0.0931,0.04
5572,173,0.0,0,0,0.1,1,0,499.9,500,499,0.0931,0.04
5573,174,0.0,0,0,0.1,1,0,499.9,500,499,0.0931,0.04
5574,175,0.0,0,0,0.1,1,0,499.9,500,499,0.0931,0.04
5575,176,0.0,0,0,0.1,1,0,499.9,500,499,0.0931,0.04
5576,177,0.0,0,0,0.1,1,0,499.9,500,499,0.0931,0.04
5577,178,0.0,0,0,0.1,1,0,499.9,500,499,0.0931,0.04
5578,179,0.0,0,0,0.1,1,0,499.9,500,499,0.0931,0.04
5579,180,0.0,0,0,0.1,1,0,499.9,500,499,0.0931,0.04
5580,181,0.0,0,0,0.1,1,0,499.9,500,499,0.0931,0.04
5581,182,0.0,0,0,0.1,1,0,499.9,500,499,0.0931,0.04
5582,183,0.0,0,0,0.1,1,0,499.9,500,499,0.0931,0.04
5583,184,0.0,0,0,0.1,1,0,499.9,500,499,0.0931,0.04
5584,185,0.0,0,0,0.1,1,0,499.9,500,499,0.0931,0.04
5585,186,0.0,0,0,0.1,1,0,499.9,500,499,0.0931,0.04
5586,187,0.0,0,0,0.1,1,0,499.9,500,499,0.0931,0.04
5587,188,0.0,0,0,0.0,0,0,500.0,500,500,0.0931,0.04
5588,189,0.0,0,0,0.0,0,0,500.0,500,500,0.0931,0.04
5589,190,0.0,0,0,0.0,0,0,500.0,500,500,0.0931,0.04
5590,191,0.0,0,0,0.0,0,0,500.0,500,500,0.0931,0.04
5591,192,0.0,0,0,0.0,0,0,500.0,500,500,0.0931,0.04
5592,193,0.0,0,0,0.0,0,0,500.0,500,500,0.0931,0.04
5593,194,0.0,0,0,0.0,0,0,500.0,500,500,0.0931,0.04
5594,195,0.0,0,0,0.0,0,0,500.0,500,500,0.0931,0.04
5595,196,0.0,0,0,0.0,0,0,500.0,500,500,0.0931,0.04
5596,197,0.0,0,0,0.0,0,0,500.0,500,500,0.0931,0.04
5597,198,0.0,0,0,0.0,0,0,500.0,500,500,0.0931,0.04
5598,199,0.0,0,0,0.0,0,0,500.0,500,500,0.0931,0.04
5599,200,0.0,0,0,0.0,0,0,500.0,500,500,0.0931,0.04
5600,1,495.0,498,493,5.0,7,2,0.0,0,0,0.0966,0.04
5601,2,484.6,493,475,14.9,24,7,0.5,1,0,0.0966,0.04
5602,3,452.1,479,413,45.7,85,21,2.2,6,0,0.0966,0.04
5603,4,372.1,434,293,121.9,200,64,6.0,11,2,0.0966,0.04
5604,5,227.7,337,120,254.6,352,153,17.7,28,9,0.0966,0.04
5605,6,84.3,186,29,381.3,428,296,34.4,50,18,0.0966,0.04
5606,7,19.5,57,3,426.4,446,400,54.1,74,42,0.0966,0.04
5607,8,2.9,11,0,426.1,441,413,71.0,86,58,0.0966,0.04
5608,9,0.3,2,0,412.9,428,397,86.8,103,72,0.0966,0.04
5609,10,0.0,0,0,398.2,409,385,101.8,115,91,0.0966,0.04
5610,11,0.0,0,0,381.2,395,365,118.8,135,105,0.0966,0.04
5611,12,0.0,0,0,364.1,374,353,135.9,147,126,0.0966,0.04
5612,13,0.0,0,0,349.6,360,338,150.4,162,140,0.0966,0.04
5613,14,0.0,0,0,336.4,350,325,163.6,175,150,0.0966,0.04
5614,15,0.0,0,0,324.3,338,315,175.7,185,162,0.0966,0.04
5615,16,0.0,0,0,311.4,326,303,188.6,197,174,0.0966,0.04
5616,17,0.0,0,0,300.8,312,289,199.2,211,188,0.0966,0.04
5617,18,0.0,0,0,286.8,301,274,213.2,226,199,0.0966,0.04
5618,19,0.0,0,0,277.1,293,264,222.9,236,207,0.0966,0.04
5619,20,0.0,0,0,264.1,280,250,235.9,250,220,0.0966,0.04
5620,21,0.0,0,0,253.8,266,241,246.2,259,234,0.0966,0.04
5621,22,0.0,0,0,243.1,260,226,256.9,274,240,0.0966,0.04
5622,23,0.0,0,0,233.8,250,214,266.2,286,250,0.0966,0.04
5623,24,0.0,0,0,222.6,236,202,277.4,298,264,0.0966,0.04
5624,25,0.0,0,0,214.0,223,198,286.0,302,277,0.0966,0.04
5625,26,0.0,0,0,204.8,220,192,295.2,308,280,0.0966,0.04
5626,27,0.0,0,0,196.7,206,185,303.3,315,294,0.0966,0.04
5627,28,0.0,0,0,189.1,198,177,310.9,323,302,0.0966,0.04
5628,29,0.0,0,0,180.1,192,169,319.9,331,308,0.0966,0.04
5629,30,0.0,0,0,172.2,186,164,327.8,336,314,0.0966,0.04
5630,31,0.0,0,0,165.3,177,156,334.7,344,323,0.0966,0.04
5631,32,0.0,0,0,157.3,167,148,342.7,352,333,0.0966,0.04
5632,33,0.0,0,0,151.0,159,144,349.0,356,341,0.0966,0.04
5633,34,0.0,0,0,145.3,154,137,354.7,363,346,0.0966,0.04
5634,35,0.0,0,0,140.8,148,133,359.2,367,352,0.0966,0.04
5635,36,0.0,0,0,134.9,141,129,365.1,371,359,0.0966,0.04
5636,37,0.0,0,0,128.7,136,123,371.3,377,364,0.0966,0.04
5637,38,0.0,0,0,123.4,130,118,376.6,382,370,0.0966,0.04
5638,39,0.0,0,0,118.7,125,113,381.3,387,375,0.0966,0.04
5639,40,0.0,0,0,114.2,121,106,385.8,394,379,0.0966,0.04
5640,41,0.0,0,0,110.2,117,99,389.8,401,383,0.0966,0.04
5641,42,0.0,0,0,107.2,115,96,392.8,404,385,0.0966,0.04
5642,43,0.0,0,0,102.8,112,94,397.2,406,388,0.0966,0.04
5643,44,0.0,0,0,99.2,107,93,400.8,407,393,0.0966,0.04
5644,45,0.0,0,0,94.7,104,88,405.3,412,396,0.0966,0.04
5645,46,0.0,0,0,91.7,100,84,408.3,416,400,0.0966,0.04
5646,47,0.0,0,0,87.2,93,79,412.8,421,407,0.0966,0.04
5647,48,0.0,0,0,83.5,92,74,416.5,426,408,0.0966,0.04
5648,49,0.0,0,0,80.3,91,73,419.7,427,409,0.0966,0.04
5649,50,0.0,0,0,76.3,86,70,423.7,430,414,0.0966,0.04
5650,51,0.0,0,0,73.9,84,66,426.1,434,416,0.0966,0.04
5651,52,0.0,0,0,70.7,79,62,429.3,438,421,0.0966,0.04
5652,53,0.0,0,0,68.5,77,58,431.5,442,423,0.0966,0.04
5653,54,0.0,0,0,64.9,72,54,435.1,446,428,0.0966,0.04
5654,55,0.0,0,0,62.8,71,52,437.2,448,429,0.0966,0.04
5655,56,0.0,0,0,60.0,66,49,440.0,451,434,0.0966,0.04
5656,57,0.0,0,0,57.5,64,47,442.5,453,436,0.0966,0.04
5657,58,0.0,0,0,55.2,60,46,444.8,454,440,0.0966,0.04
5658,59,0.0,0,0,53.6,59,46,446.4,454,441,0.0966,0.04
5659,60,0.0,0,0,51.9,57,44,448.1,456,443,0.0966,0.04
5660,61,0.0,0,0,50.3,55,43,449.7,457,445,0.0966,0.04
5661,62,0.0,0,0,48.9,54,40,451.1,460,446,0.0966,0.04
5662,63,0.0,0,0,46.6,52,38,453.4,462,448,0.0966,0.04
5663,64,0.0,0,0,44.6,49,37,455.4,463,451,0.0966,0.04
5664,65,0.0,0,0,42.8,49,34,457.2,466,451,0.0966,0.04
5665,66,0.0,0,0,41.0,48,34,459.0,466,452,0.0966,0.04
5666,67,0.0,0,0,39.8,45,31,460.2,469,455,0.0966,0.04
5667,68,0.0,0,0,38.8,44,30,461.2,470,456,0.0966,0.04
5668,69,0.0,0,0,37.1,44,29,462.9,471,456,0.0966,0.04
5669,70,0.0,0,0,36.2,44,28,463.8,472,456,0.0966,0.04
5670,71,0.0,0,0,34.7,44,27,465.3,473,456,0.0966,0.04
5671,72,0.0,0,0,33.0,43,25,467.0,475,457,0.0966,0.04
5672,73,0.0,0,0,31.5,41,23,468.5,477,459,0.0966,0.04
5673,74,0.0,0,0,30.3,37,22,469.7,478,463,0.0966,0.04
5674,75,0.0,0,0,29.0,34,20,471.0,480,466,0.0966,0.04
5675,76,0.0,0,0,28.4,34,19,471.6,481,466,0.0966,0.04
5676,77,0.0,0,0,27.0,32,19,473.0,481,468,0.0966,0.04
5677,78,0.0,0,0,26.2,31,19,473.8,481,469,0.0966,0.04
5678,79,0.0,0,0,25.0,30,18,475.0,482,470,0.0966,0.04
5679,80,0.0,0,0,24.0,30,17,476.0,483,470,0.0966,0.04
5680,81,0.0,0,0,23.1,29,16,476.9,484,471,0.0966,0.04
5681,82,0.0,0,0,22.4,29,15,477.6,485,471,0.0966,0.04
5682,83,0.0,0,0,21.2,28,14,478.8,486,472,0.0966,0.04
5683,84,0.0,0,0,20.3,28,14,479.7,486,472,0.0966,0.04
5684,85,0.0,0,0,19.8,27,14,480.2,486,473,0.0966,0.04
5685,86,0.0,0,0,18.7,24,13,481.3,487,476,0.0966,0.04
5686,87,0.0,0,0,17.5,23,12,482.5,488,477,0.0966,0.04
5687,88,0.0,0,0,16.7,22,11,483.3,489,478,0.0966,0.04
5688,89,0.0,0,0,16.4,21,11,483.6,489,479,0.0966,0.04
5689,90,0.0,0,0,15.8,20,11,484.2,489,480,0.0966,0.04
5690,91,0.0,0,0,15.5,20,10,484.5,490,480,0.0966,0.04
5691,92,0.0,0,0,15.0,20,10,485.0,490,480,0.0966,0.04
5692,93,0.0,0,0,14.3,20,9,485.7,491,480,0.0966,0.04
5693,94,0.0,0,0,14.1,20,8,485.9,492,480,0.0966,0.04
5694,95,0.0,0,0,13.5,19,8,486.5,492,481,0.0966,0.04
5695,96,0.0,0,0,13.0,18,8,487.0,492,482,0.0966,0.04
5696,97,0.0,0,0,12.7,17,8,487.3,492,483,0.0966,0.04
5697,98,0.0,0,0,12.0,16,7,488.0,493,484,0.0966,0.04
5698,99,0.0,0,0,10.7,16,6,489.3,494,484,0.0966,0.04
5699,100,0.0,0,0,10.0,14,6,490.0,494,486,0.0966,0.04
5700,101,0.0,0,0,9.7,14,5,490.3,495,486,0.0966,0.04
5701,102,0.0,0,0,9.1,14,5,490.9,495,486,0.0966,0.04
5702,103,0.0,0,0,8.7,14,3,491.3,497,486,0.0966,0.04
5703,104,0.0,0,0,8.6,13,3,491.4,497,487,0.0966,0.04
5704,105,0.0,0,0,8.6,13,3,491.4,497,487,0.0966,0.04
5705,106,0.0,0,0,8.0,13,3,492.0,497,487,0.0966,0.04
5706,107,0.0,0,0,7.9,13,3,492.1,497,487,0.0966,0.04
5707,108,0.0,0,0,7.7,12,3,492.3,497,488,0.0966,0.04
5708,109,0.0,0,0,7.5,11,3,492.5,497,489,0.0966,0.04
5709,110,0.0,0,0,7.2,10,3,492.8,497,490,0.0966,0.04
5710,111,0.0,0,0,7.0,10,3,493.0,497,490,0.0966,0.04
5711,112,0.0,0,0,6.7,10,3,493.3,497,490,0.0966,0.04
5712,113,0.0,0,0,6.4,10,3,493.6,497,490,0.0966,0.04
5713,114,0.0,0,0,6.3,10,3,493.7,497,490,0.0966,0.04
5714,115,0.0,0,0,6.3,10,3,493.7,497,490,0.0966,0.04
5715,116,0.0,0,0,6.2,9,3,493.8,497,491,0.0966,0.04
5716,117,0.0,0,0,5.8,8,3,494.2,497,492,0.0966,0.04
5717,118,0.0,0,0,5.6,8,3,494.4,497,492,0.0966,0.04
5718,119,0.0,0,0,5.4,8,3,494.6,497,492,0.0966,0.04
5719,120,0.0,0,0,5.1,7,2,494.9,498,493,0.0966,0.04
5720,121,0.0,0,0,5.0,7,2,495.0,498,493,0.0966,0.04
5721,122,0.0,0,0,4.8,7,2,495.2,498,493,0.0966,0.04
5722,123,0.0,0,0,4.8,7,2,495.2,498,493,0.0966,0.04
5723,124,0.0,0,0,4.6,7,2,495.4,498,493,0.0966,0.04
5724,125,0.0,0,0,4.3,7,1,495.7,499,493,0.0966,0.04
5725,126,0.0,0,0,3.9,7,1,496.1,499,493,0.0966,0.04
5726,127,0.0,0,0,3.7,6,1,496.3,499,494,0.0966,0.04
5727,128,0.0,0,0,3.5,6,1,496.5,499,494,0.0966,0.04
5728,129,0.0,0,0,3.5,6,1,496.5,499,494,0.0966,0.04
5729,130,0.0,0,0,3.4,6,1,496.6,499,494,0.0966,0.04
5730,131,0.0,0,0,3.4,6,1,496.6,499,494,0.0966,0.04
5731,132,0.0,0,0,3.3,6,1,496.7,499,494,0.0966,0.04
5732,133,0.0,0,0,3.1,6,1,496.9,499,494,0.0966,0.04
5733,134,0.0,0,0,2.9,6,1,497.1,499,494,0.0966,0.04
5734,135,0.0,0,0,2.9,6,1,497.1,499,494,0.0966,0.04
5735,136,0.0,0,0,2.6,6,1,497.4,499,494,0.0966,0.04
5736,137,0.0,0,0,2.5,6,1,497.5,499,494,0.0966,0.04
5737,138,0.0,0,0,2.4,6,0,497.6,500,494,0.0966,0.04
5738,139,0.0,0,0,2.3,5,0,497.7,500,495,0.0966,0.04
5739,140,0.0,0,0,2.2,4,0,497.8,500,496,0.0966,0.04
5740,141,0.0,0,0,2.1,4,0,497.9,500,496,0.0966,0.04
5741,142,0.0,0,0,2.1,4,0,497.9,500,496,0.0966,0.04
5742,143,0.0,0,0,2.1,4,0,497.9,500,496,0.0966,0.04
5743,144,0.0,0,0,2.1,4,0,497.9,500,496,0.0966,0.04
5744,145,0.0,0,0,2.1,4,0,497.9,500,496,0.0966,0.04
5745,146,0.0,0,0,2.1,4,0,497.9,500,496,0.0966,0.04
5746,147,0.0,0,0,1.9,3,0,498.1,500,497,0.0966,0.04
5747,148,0.0,0,0,1.5,3,0,498.5,500,497,0.0966,0.04
5748,149,0.0,0,0,1.5,3,0,498.5,500,497,0.0966,0.04
5749,150,0.0,0,0,1.5,3,0,498.5,500,497,0.0966,0.04
5750,151,0.0,0,0,1.5,3,0,498.5,500,497,0.0966,0.04
5751,152,0.0,0,0,1.5,3,0,498.5,500,497,0.0966,0.04
5752,153,0.0,0,0,1.4,3,0,498.6,500,497,0.0966,0.04
5753,154,0.0,0,0,1.3,3,0,498.7,500,497,0.0966,0.04
5754,155,0.0,0,0,1.3,3,0,498.7,500,497,0.0966,0.04
5755,156,0.0,0,0,1.2,3,0,498.8,500,497,0.0966,0.04
5756,157,0.0,0,0,1.1,3,0,498.9,500,497,0.0966,0.04
5757,158,0.0,0,0,1.1,3,0,498.9,500,497,0.0966,0.04
5758,159,0.0,0,0,1.1,3,0,498.9,500,497,0.0966,0.04
5759,160,0.0,0,0,1.1,3,0,498.9,500,497,0.0966,0.04
5760,161,0.0,0,0,1.1,3,0,498.9,500,497,0.0966,0.04
5761,162,0.0,0,0,1.0,3,0,499.0,500,497,0.0966,0.04
5762,163,0.0,0,0,0.8,3,0,499.2,500,497,0.0966,0.04
5763,164,0.0,0,0,0.7,3,0,499.3,500,497,0.0966,0.04
5764,165,0.0,0,0,0.7,3,0,499.3,500,497,0.0966,0.04
5765,166,0.0,0,0,0.7,3,0,499.3,500,497,0.0966,0.04
5766,167,0.0,0,0,0.7,3,0,499.3,500,497,0.0966,0.04
5767,168,0.0,0,0,0.7,3,0,499.3,500,497,0.0966,0.04
5768,169,0.0,0,0,0.6,3,0,499.4,500,497,0.0966,0.04
5769,170,0.0,0,0,0.6,3,0,499.4,500,497,0.0966,0.04
5770,171,0.0,0,0,0.6,3,0,499.4,500,497,0.0966,0.04
5771,172,0.0,0,0,0.6,3,0,499.4,500,497,0.0966,0.04
5772,173,0.0,0,0,0.6,3,0,499.4,500,497,0.0966,0.04
5773,174,0.0,0,0,0.6,3,0,499.4,500,497,0.0966,0.04
5774,175,0.0,0,0,0.6,3,0,499.4,500,497,0.0966,0.04
5775,176,0.0,0,0,0.6,3,0,499.4,500,497,0.0966,0.04
5776,177,0.0,0,0,0.6,3,0,499.4,500,497,0.0966,0.04
5777,178,0.0,0,0,0.6,3,0,499.4,500,497,0.0966,0.04
5778,179,0.0,0,0,0.6,3,0,499.4,500,497,0.0966,0.04
5779,180,0.0,0,0,0.6,3,0,499.4,500,497,0.0966,0.04
5780,181,0.0,0,0,0.6,3,0,499.4,500,497,0.0966,0.04
5781,182,0.0,0,0,0.6,3,0,499.4,500,497,0.0966,0.04
5782,183,0.0,0,0,0.6,3,0,499.4,500,497,0.0966,0.04
5783,184,0.0,0,0,0.6,3,0,499.4,500,497,0.0966,0.04
5784,185,0.0,0,0,0.5,3,0,499.5,500,497,0.0966,0.04
5785,186,0.0,0,0,0.4,3,0,499.6,500,497,0.0966,0.04
5786,187,0.0,0,0,0.4,3,0,499.6,500,497,0.0966,0.04
5787,188,0.0,0,0,0.3,3,0,499.7,500,497,0.0966,0.04
5788,189,0.0,0,0,0.3,3,0,499.7,500,497,0.0966,0.04
5789,190,0.0,0,0,0.3,3,0,499.7,500,497,0.0966,0.04
5790,191,0.0,0,0,0.2,2,0,499.8,500,498,0.0966,0.04
5791,192,0.0,0,0,0.2,2,0,499.8,500,498,0.0966,0.04
5792,193,0.0,0,0,0.2,2,0,499.8,500,498,0.0966,0.04
5793,194,0.0,0,0,0.2,2,0,499.8,500,498,0.0966,0.04
5794,195,0.0,0,0,0.2,2,0,499.8,500,498,0.0966,0.04
5795,196,0.0,0,0,0.2,2,0,499.8,500,498,0.0966,0.04
5796,197,0.0,0,0,0.2,2,0,499.8,500,498,0.0966,0.04
5797,198,0.0,0,0,0.2,2,0,499.8,500,498,0.0966,0.04
5798,199,0.0,0,0,0.2,2,0,499.8,500,498,0.0966,0.04
5799,200,0.0,0,0,0.2,2,0,499.8,500,498,0.0966,0.04
5800,1,496.3,499,493,3.6,6,1,0.1,1,0,0.1,0.04
5801,2,487.2,497,473,12.0,23,3,0.8,4,0,0.1,0.04
5802,3,458.3,486,430,39.2,61,14,2.5,9,0,0.1,0.04
5803,4,384.3,468,315,109.5,176,31,6.2,18,1,0.1,0.04
5804,5,237.0,405,138,245.6,332,90,17.4,35,5,0.1,0.04
5805,6,90.8,277,25,374.7,427,207,34.5,48,16,0.1,0.04
5806,7,22.3,97,4,425.1,447,367,52.6,69,36,0.1,0.04
5807,8,3.8,11,0,424.4,435,415,71.8,85,60,0.1,0.04
5808,9,0.8,3,0,411.4,426,393,87.8,107,73,0.1,0.04
5809,10,0.1,1,0,395.2,409,379,104.7,121,91,0.1,0.04
5810,11,0.1,1,0,382.5,399,360,117.4,140,101,0.1,0.04
5811,12,0.0,0,0,369.8,390,344,130.2,156,110,0.1,0.04
5812,13,0.0,0,0,352.1,375,331,147.9,169,125,0.1,0.04
5813,14,0.0,0,0,338.7,362,321,161.3,179,138,0.1,0.04
5814,15,0.0,0,0,324.1,350,304,175.9,196,150,0.1,0.04
5815,16,0.0,0,0,312.1,332,292,187.9,208,168,0.1,0.04
5816,17,0.0,0,0,299.4,318,281,200.6,219,182,0.1,0.04
5817,18,0.0,0,0,284.6,305,266,215.4,234,195,0.1,0.04
5818,19,0.0,0,0,272.5,291,254,227.5,246,209,0.1,0.04
5819,20,0.0,0,0,262.4,281,242,237.6,258,219,0.1,0.04
5820,21,0.0,0,0,252.6,273,232,247.4,268,227,0.1,0.04
5821,22,0.0,0,0,241.1,261,222,258.9,278,239,0.1,0.04
5822,23,0.0,0,0,234.7,252,218,265.3,282,248,0.1,0.04
5823,24,0.0,0,0,225.4,241,207,274.6,293,259,0.1,0.04
5824,25,0.0,0,0,215.8,233,197,284.2,303,267,0.1,0.04
5825,26,0.0,0,0,207.2,220,190,292.8,310,280,0.1,0.04
5826,27,0.0,0,0,198.1,214,181,301.9,319,286,0.1,0.04
5827,28,0.0,0,0,190.4,202,167,309.6,333,298,0.1,0.04
5828,29,0.0,0,0,184.0,194,164,316.0,336,306,0.1,0.04
5829,30,0.0,0,0,177.3,187,160,322.7,340,313,0.1,0.04
5830,31,0.0,0,0,170.7,182,155,329.3,345,318,0.1,0.04
5831,32,0.0,0,0,162.4,174,147,337.6,353,326,0.1,0.04
5832,33,0.0,0,0,157.3,169,143,342.7,357,331,0.1,0.04
5833,34,0.0,0,0,152.2,164,138,347.8,362,336,0.1,0.04
5834,35,0.0,0,0,146.1,161,132,353.9,368,339,0.1,0.04
5835,36,0.0,0,0,140.5,155,128,359.5,372,345,0.1,0.04
5836,37,0.0,0,0,133.2,151,122,366.8,378,349,0.1,0.04
5837,38,0.0,0,0,126.7,143,115,373.3,385,357,0.1,0.04
5838,39,0.0,0,0,120.4,133,104,379.6,396,367,0.1,0.04
5839,40,0.0,0,0,115.3,127,103,384.7,397,373,0.1,0.04
5840,41,0.0,0,0,111.6,123,100,388.4,400,377,0.1,0.04
5841,42,0.0,0,0,108.3,121,95,391.7,405,379,0.1,0.04
5842,43,0.0,0,0,104.0,117,92,396.0,408,383,0.1,0.04
5843,44,0.0,0,0,100.0,110,86,400.0,414,390,0.1,0.04
5844,45,0.0,0,0,95.6,106,81,404.4,419,394,0.1,0.04
5845,46,0.0,0,0,91.6,101,78,408.4,422,399,0.1,0.04
5846,47,0.0,0,0,87.9,98,74,412.1,426,402,0.1,0.04
5847,48,0.0,0,0,84.9,95,70,415.1,430,405,0.1,0.04
5848,49,0.0,0,0,81.4,93,66,418.6,434,407,0.1,0.04
5849,50,0.0,0,0,77.9,90,62,422.1,438,410,0.1,0.04
5850,51,0.0,0,0,75.4,86,58,424.6,442,414,0.1,0.04
5851,52,0.0,0,0,72.0,81,57,428.0,443,419,0.1,0.04
5852,53,0.0,0,0,69.0,79,53,431.0,447,421,0.1,0.04
5853,54,0.0,0,0,67.0,77,52,433.0,448,423,0.1,0.04
5854,55,0.0,0,0,64.4,72,50,435.6,450,428,0.1,0.04
5855,56,0.0,0,0,62.6,70,49,437.4,451,430,0.1,0.04
5856,57,0.0,0,0,60.7,68,48,439.3,452,432,0.1,0.04
5857,58,0.0,0,0,58.0,65,48,442.0,452,435,0.1,0.04
5858,59,0.0,0,0,55.4,62,46,444.6,454,438,0.1,0.04
5859,60,0.0,0,0,53.2,61,45,446.8,455,439,0.1,0.04
5860,61,0.0,0,0,50.9,58,42,449.1,458,442,0.1,0.04
5861,62,0.0,0,0,48.9,57,41,451.1,459,443,0.1,0.04
5862,63,0.0,0,0,46.8,55,39,453.2,461,445,0.1,0.04
5863,64,0.0,0,0,44.8,52,38,455.2,462,448,0.1,0.04
5864,65,0.0,0,0,43.1,51,35,456.9,465,449,0.1,0.04
5865,66,0.0,0,0,41.5,50,32,458.5,468,450,0.1,0.04
5866,67,0.0,0,0,40.0,49,30,460.0,470,451,0.1,0.04
5867,68,0.0,0,0,38.0,46,28,462.0,472,454,0.1,0.04
5868,69,0.0,0,0,36.0,46,26,464.0,474,454,0.1,0.04
5869,70,0.0,0,0,34.5,45,25,465.5,475,455,0.1,0.04
5870,71,0.0,0,0,32.9,42,22,467.1,478,458,0.1,0.04
5871,72,0.0,0,0,31.6,40,22,468.4,478,460,0.1,0.04
5872,73,0.0,0,0,30.6,39,21,469.4,479,461,0.1,0.04
5873,74,0.0,0,0,29.6,38,21,470.4,479,462,0.1,0.04
5874,75,0.0,0,0,28.5,36,20,471.5,480,464,0.1,0.04
5875,76,0.0,0,0,27.3,36,18,472.7,482,464,0.1,0.04
5876,77,0.0,0,0,26.3,35,17,473.7,483,465,0.1,0.04
5877,78,0.0,0,0,26.0,35,17,474.0,483,465,0.1,0.04
5878,79,0.0,0,0,25.2,33,17,474.8,483,467,0.1,0.04
5879,80,0.0,0,0,23.7,29,17,476.3,483,471,0.1,0.04
5880,81,0.0,0,0,22.7,27,14,477.3,486,473,0.1,0.04
5881,82,0.0,0,0,21.9,26,13,478.1,487,474,0.1,0.04
5882,83,0.0,0,0,21.0,25,12,479.0,488,475,0.1,0.04
5883,84,0.0,0,0,19.6,24,11,480.4,489,476,0.1,0.04
5884,85,0.0,0,0,17.9,22,9,482.1,491,478,0.1,0.04
5885,86,0.0,0,0,17.1,21,9,482.9,491,479,0.1,0.04
5886,87,0.0,0,0,16.2,20,9,483.8,491,480,0.1,0.04
5887,88,0.0,0,0,15.5,19,9,484.5,491,481,0.1,0.04
5888,89,0.0,0,0,14.6,18,8,485.4,492,482,0.1,0.04
5889,90,0.0,0,0,14.0,17,8,486.0,492,483,0.1,0.04
5890,91,0.0,0,0,13.6,17,8,486.4,492,483,0.1,0.04
5891,92,0.0,0,0,12.8,16,8,487.2,492,484,0.1,0.04
5892,93,0.0,0,0,12.3,16,8,487.7,492,484,0.1,0.04
5893,94,0.0,0,0,11.8,16,8,488.2,492,484,0.1,0.04
5894,95,0.0,0,0,11.2,14,7,488.8,493,486,0.1,0.04
5895,96,0.0,0,0,11.1,14,7,488.9,493,486,0.1,0.04
5896,97,0.0,0,0,10.7,14,7,489.3,493,486,0.1,0.04
5897,98,0.0,0,0,10.4,13,7,489.6,493,487,0.1,0.04
5898,99,0.0,0,0,9.8,13,7,490.2,493,487,0.1,0.04
5899,100,0.0,0,0,9.5,13,6,490.5,494,487,0.1,0.04
5900,101,0.0,0,0,8.7,13,6,491.3,494,487,0.1,0.04
5901,102,0.0,0,0,8.4,13,6,491.6,494,487,0.1,0.04
5902,103,0.0,0,0,8.1,13,6,491.9,494,487,0.1,0.04
5903,104,0.0,0,0,7.8,13,6,492.2,494,487,0.1,0.04
5904,105,0.0,0,0,7.4,13,5,492.6,495,487,0.1,0.04
5905,106,0.0,0,0,7.0,13,5,493.0,495,487,0.1,0.04
5906,107,0.0,0,0,6.8,12,5,493.2,495,488,0.1,0.04
5907,108,0.0,0,0,6.5,12,4,493.5,496,488,0.1,0.04
5908,109,0.0,0,0,6.1,11,4,493.9,496,489,0.1,0.04
5909,110,0.0,0,0,6.0,11,4,494.0,496,489,0.1,0.04
5910,111,0.0,0,0,5.8,10,4,494.2,496,490,0.1,0.04
5911,112,0.0,0,0,5.5,9,4,494.5,496,491,0.1,0.04
5912,113,0.0,0,0,5.3,9,3,494.7,497,491,0.1,0.04
5913,114,0.0,0,0,4.9,9,2,495.1,498,491,0.1,0.04
5914,115,0.0,0,0,4.9,9,2,495.1,498,491,0.1,0.04
5915,116,0.0,0,0,4.9,9,2,495.1,498,491,0.1,0.04
5916,117,0.0,0,0,4.8,8,2,495.2,498,492,0.1,0.04
5917,118,0.0,0,0,4.6,8,2,495.4,498,492,0.1,0.04
5918,119,0.0,0,0,4.5,7,2,495.5,498,493,0.1,0.04
5919,120,0.0,0,0,4.3,7,2,495.7,498,493,0.1,0.04
5920,121,0.0,0,0,4.3,7,2,495.7,498,493,0.1,0.04
5921,122,0.0,0,0,4.2,7,2,495.8,498,493,0.1,0.04
5922,123,0.0,0,0,4.0,7,2,496.0,498,493,0.1,0.04
5923,124,0.0,0,0,4.0,7,2,496.0,498,493,0.1,0.04
5924,125,0.0,0,0,3.7,6,1,496.3,499,494,0.1,0.04
5925,126,0.0,0,0,3.3,6,1,496.7,499,494,0.1,0.04
5926,127,0.0,0,0,2.9,5,1,497.1,499,495,0.1,0.04
5927,128,0.0,0,0,2.7,5,0,497.3,500,495,0.1,0.04
5928,129,0.0,0,0,2.5,5,0,497.5,500,495,0.1,0.04
5929,130,0.0,0,0,2.5,5,0,497.5,500,495,0.1,0.04
5930,131,0.0,0,0,2.5,5,0,497.5,500,495,0.1,0.04
5931,132,0.0,0,0,2.5,5,0,497.5,500,495,0.1,0.04
5932,133,0.0,0,0,2.5,5,0,497.5,500,495,0.1,0.04
5933,134,0.0,0,0,2.4,4,0,497.6,500,496,0.1,0.04
5934,135,0.0,0,0,2.3,4,0,497.7,500,496,0.1,0.04
5935,136,0.0,0,0,2.2,4,0,497.8,500,496,0.1,0.04
5936,137,0.0,0,0,2.1,4,0,497.9,500,496,0.1,0.04
5937,138,0.0,0,0,2.1,4,0,497.9,500,496,0.1,0.04
5938,139,0.0,0,0,2.0,4,0,498.0,500,496,0.1,0.04
5939,140,0.0,0,0,2.0,4,0,498.0,500,496,0.1,0.04
5940,141,0.0,0,0,2.0,4,0,498.0,500,496,0.1,0.04
5941,142,0.0,0,0,1.9,3,0,498.1,500,497,0.1,0.04
5942,143,0.0,0,0,1.6,3,0,498.4,500,497,0.1,0.04
5943,144,0.0,0,0,1.5,3,0,498.5,500,497,0.1,0.04
5944,145,0.0,0,0,1.5,3,0,498.5,500,497,0.1,0.04
5945,146,0.0,0,0,1.4,3,0,498.6,500,497,0.1,0.04
5946,147,0.0,0,0,1.4,3,0,498.6,500,497,0.1,0.04
5947,148,0.0,0,0,1.4,3,0,498.6,500,497,0.1,0.04
5948,149,0.0,0,0,1.4,3,0,498.6,500,497,0.1,0.04
5949,150,0.0,0,0,1.4,3,0,498.6,500,497,0.1,0.04
5950,151,0.0,0,0,1.2,3,0,498.8,500,497,0.1,0.04
5951,152,0.0,0,0,1.1,3,0,498.9,500,497,0.1,0.04
5952,153,0.0,0,0,1.1,3,0,498.9,500,497,0.1,0.04
5953,154,0.0,0,0,1.1,3,0,498.9,500,497,0.1,0.04
5954,155,0.0,0,0,1.1,3,0,498.9,500,497,0.1,0.04
5955,156,0.0,0,0,1.0,2,0,499.0,500,498,0.1,0.04
5956,157,0.0,0,0,1.0,2,0,499.0,500,498,0.1,0.04
5957,158,0.0,0,0,1.0,2,0,499.0,500,498,0.1,0.04
5958,159,0.0,0,0,1.0,2,0,499.0,500,498,0.1,0.04
5959,160,0.0,0,0,0.9,2,0,499.1,500,498,0.1,0.04
5960,161,0.0,0,0,0.9,2,0,499.1,500,498,0.1,0.04
5961,162,0.0,0,0,0.9,2,0,499.1,500,498,0.1,0.04
5962,163,0.0,0,0,0.8,2,0,499.2,500,498,0.1,0.04
5963,164,0.0,0,0,0.8,2,0,499.2,500,498,0.1,0.04
5964,165,0.0,0,0,0.8,2,0,499.2,500,498,0.1,0.04
5965,166,0.0,0,0,0.8,2,0,499.2,500,498,0.1,0.04
5966,167,0.0,0,0,0.8,2,0,499.2,500,498,0.1,0.04
5967,168,0.0,0,0,0.8,2,0,499.2,500,498,0.1,0.04
5968,169,0.0,0,0,0.8,2,0,499.2,500,498,0.1,0.04
5969,170,0.0,0,0,0.8,2,0,499.2,500,498,0.1,0.04
5970,171,0.0,0,0,0.7,2,0,499.3,500,498,0.1,0.04
5971,172,0.0,0,0,0.7,2,0,499.3,500,498,0.1,0.04
5972,173,0.0,0,0,0.7,2,0,499.3,500,498,0.1,0.04
5973,174,0.0,0,0,0.7,2,0,499.3,500,498,0.1,0.04
5974,175,0.0,0,0,0.7,2,0,499.3,500,498,0.1,0.04
5975,176,0.0,0,0,0.6,2,0,499.4,500,498,0.1,0.04
5976,177,0.0,0,0,0.6,2,0,499.4,500,498,0.1,0.04
5977,178,0.0,0,0,0.5,1,0,499.5,500,499,0.1,0.04
5978,179,0.0,0,0,0.5,1,0,499.5,500,499,0.1,0.04
5979,180,0.0,0,0,0.5,1,0,499.5,500,499,0.1,0.04
5980,181,0.0,0,0,0.5,1,0,499.5,500,499,0.1,0.04
5981,182,0.0,0,0,0.4,1,0,499.6,500,499,0.1,0.04
5982,183,0.0,0,0,0.4,1,0,499.6,500,499,0.1,0.04
5983,184,0.0,0,0,0.4,1,0,499.6,500,499,0.1,0.04
5984,185,0.0,0,0,0.4,1,0,499.6,500,499,0.1,0.04
5985,186,0.0,0,0,0.4,1,0,499.6,500,499,0.1,0.04
5986,187,0.0,0,0,0.4,1,0,499.6,500,499,0.1,0.04
5987,188,0.0,0,0,0.4,1,0,499.6,500,499,0.1,0.04
5988,189,0.0,0,0,0.4,1,0,499.6,500,499,0.1,0.04
5989,190,0.0,0,0,0.4,1,0,499.6,500,499,0.1,0.04
5990,191,0.0,0,0,0.4,1,0,499.6,500,499,0.1,0.04
5991,192,0.0,0,0,0.4,1,0,499.6,500,499,0.1,0.04
5992,193,0.0,0,0,0.4,1,0,499.6,500,499,0.1,0.04
5993,194,0.0,0,0,0.4,1,0,499.6,500,499,0.1,0.04
5994,195,0.0,0,0,0.3,1,0,499.7,500,499,0.1,0.04
5995,196,0.0,0,0,0.3,1,0,499.7,500,499,0.1,0.04
5996,197,0.0,0,0,0.3,1,0,499.7,500,499,0.1,0.04
5997,198,0.0,0,0,0.2,1,0,499.8,500,499,0.1,0.04
5998,199,0.0,0,0,0.2,1,0,499.8,500,499,0.1,0.04
5999,200,0.0,0,0,0.2,1,0,499.8,500,499,0.1,0.04
